REF;LINK;IMG;STATUS;PÁG;PORTUGUÊS;INGLES;ESPANHOL;COM;LAR;ALT;VOL;EAN;CATEGORIA;DESCRIÇÃO;Principais diferenciais;Usabilidade;Título SEO;Meta descrição;URL amigável;Palavra-chave principal;Palavras-chave secundárias
002.036.002;https://produto.nitron.com.br/Baixa/002_012_002-01.jpg;;Destaque;80;Tábua Popular - Branca (018/B);Popular Board - White;Tablero Popular - Blanco;32;20;0.4;-;7896779601813;Cozinha;;;;;;;;
003.006.002;https://produto.nitron.com.br/Baixa/003_006_002-01.jpg;;;14;Gaveteiro com 3 Gavetas - Branca (004/3B);Drawer with 3 Drawers - White;Cajón con 3 Cajones - Blanco;21;18;17.3;-;7896779610433;Organização;Organizar o seu espaço nunca foi tão fácil! Este gaveteiro é ideal para manter objetos pequenos em perfeita ordem, graças às suas três gavetas espaçosas. Fabricado em plástico polipropileno, combina durabilidade com leveza. Além disso, suas gavetas translúcidas permitem visualizar facilmente o conteúdo interno, economizando tempo na procura. Para garantir segurança, cada gaveta possui um sistema de stop trava, que evita que sejam retiradas completamente, ideal para quem busca praticidade e segurança em mesas de escritório ou estudo.;;;;;;;
003.006.003;https://produto.nitron.com.br/Baixa/003_006_003-01.jpg;;;14;Gaveteiro com 3 Gavetas - Preta (004/3P);Drawer with 3 Drawers - Black;Cajón con 3 Cajones - Negro;21;18;17.3;-;7896779620432;Organização;Organizar o seu espaço nunca foi tão fácil! Este gaveteiro é ideal para manter objetos pequenos em perfeita ordem, graças às suas três gavetas espaçosas. Fabricado em plástico polipropileno, combina durabilidade com leveza. Além disso, suas gavetas translúcidas permitem visualizar facilmente o conteúdo interno, economizando tempo na procura. Para garantir segurança, cada gaveta possui um sistema de stop trava, que evita que sejam retiradas completamente, ideal para quem busca praticidade e segurança em mesas de escritório ou estudo.;;;;;;;
003.006.012;https://produto.nitron.com.br/Baixa/003_006_012-01.jpg;;;14;Gaveteiro com 3 Gavetas - Rosa;Drawer with 3 Drawers - Pink;Cajón con 3 Cajones - Rosa;21;18;17.3;-;7896779604371;Organização;Organizar o seu espaço nunca foi tão fácil! Este gaveteiro é ideal para manter objetos pequenos em perfeita ordem, graças às suas três gavetas espaçosas. Fabricado em plástico polipropileno, combina durabilidade com leveza. Além disso, suas gavetas translúcidas permitem visualizar facilmente o conteúdo interno, economizando tempo na procura. Para garantir segurança, cada gaveta possui um sistema de stop trava, que evita que sejam retiradas completamente, ideal para quem busca praticidade e segurança em mesas de escritório ou estudo.;;;;;;;
004.006.002;https://produto.nitron.com.br/Baixa/004_006_002-01.jpg;;Destaque;14;Gaveteiro com 4 Gavetas - Branca (004/4B);Drawer with 4 Drawers - White;Cajón con 4 Cajones - Blanco;21;18;22.5;-;7896779620449;Organização;Precisa de uma solução prática e elegante para organizar pequenos objetos? O Gaveteiro com 4 Gavetas na cor branca é a escolha ideal. Além disso, seu material em plástico polipropileno garante durabilidade e facilidade de manutenção. Suas gavetas são translúcidas, o que por sua vez facilita a visualização dos itens armazenados. Outro diferencial é o sistema de segurança stop trava, que evita que as gavetas se desloquem completamente, agregando segurança ao seu uso diário. Uma combinação perfeita de funcionalidade e design!;;;;;;;
004.006.003;https://produto.nitron.com.br/Baixa/004_006_003-01.jpg;;Destaque;14;Gaveteiro com 4 Gavetas - Preta (004/4P);Drawer with 4 Drawers - Black;Cajón con 4 cajones - Negro;21;18;22.5;-;7896779620456;Organização;Precisa de uma solução prática e elegante para organizar pequenos objetos? O Gaveteiro com 4 Gavetas na cor preta é a escolha ideal. Além disso, seu material em plástico polipropileno garante durabilidade e facilidade de manutenção. Suas gavetas são translúcidas, o que por sua vez facilita a visualização dos itens armazenados. Outro diferencial é o sistema de segurança stop trava, que evita que as gavetas se desloquem completamente, agregando segurança ao seu uso diário. Uma combinação perfeita de funcionalidade e design!;;;;;;;
004.006.012;https://produto.nitron.com.br/Baixa/004_006_012-01.jpg;;;14;Gaveteiro com 4 Gavetas - Rosa;Drawer with 4 Drawers - Pink;Cajón con 4 Cajones - Rosa;21;18;22.5;-;7896779604418;Organização;Precisa de uma solução prática e elegante para organizar pequenos objetos? O Gaveteiro com 4 Gavetas na cor rosa é a escolha ideal. Além disso, seu material em plástico polipropileno garante durabilidade e facilidade de manutenção. Suas gavetas são translúcidas, o que por sua vez facilita a visualização dos itens armazenados. Outro diferencial é o sistema de segurança stop trava, que evita que as gavetas se desloquem completamente, agregando segurança ao seu uso diário. Uma combinação perfeita de funcionalidade e design!;;;;;;;
006.030.998;https://produto.nitron.com.br/Baixa/006_030_998-01.jpg;;;67;Copo Baby com Tampa - Cachorro/Panda 250 ml;;;Ø9;Ø9;10.8;250 ml;7896779606207;Infantil;;;;;;;;
006.030.999;https://produto.nitron.com.br/Baixa/006_030_999-01.jpg;;;67;Copo Baby com Tampa - Sortido 250 ml (006);Baby Cup with Lid - Assorted 250 ml;Vaso Bebé con Tapa - Surtido 250 ml;Ø9;Ø9;10.8;250 ml;7896779600069;Infantil;O Copo Baby com Tampa - Sortido 250 ml é a escolha ideal para garantir praticidade e segurança no dia a dia das crianças. Fabricado com polipropileno, um material plástico resistente e seguro, este copo é perfeito para bebidas frias ou quentes. Sua tampa com sistema de rosca evita vazamentos, proporcionando maior conforto e funcionalidade, seja em casa ou enquanto você estiver em movimento. Além disso, sua capacidade de 250 ml é ideal para o consumo de líquidos, ajudando a manter a hidratação da criança de forma prática e eficaz.;;;;;;;
008.012.002;https://produto.nitron.com.br/Baixa/008_012_002-01.jpg;;Destaque;103;Porta Sabão em Pó com Dosador - Branco 2 Kg;Washing Powder Holder with Measuring - White 2 Kg;Jabonera en Polvo con Dosificador - Blanco 2 Kg;20.7;10.5;25;2 KG;7896779600823;Limpeza;Mantenha sua lavanderia mais organizada e livre de sujeira com o Porta Sabão em Pó com Dosador. Com capacidade para 2 kg, ele é ideal para armazenar e dosar a quantidade exata de sabão em cada lavagem, evitando desperdícios e promovendo economia. Além disso, seu material resistente garante durabilidade e evita o inconveniente de embalagens de papelão que rasgam ou se desmancham quando molhadas. Tenha mais praticidade, higiene e organização no seu dia a dia!;;;;;;;
008.012.003;https://produto.nitron.com.br/Baixa/008_012_003-01.jpg;;Destaque;103;Porta Sabão em Pó com Dosador - Preto 2 Kg;Washing Powder Holder with Measuring - Black 2 Kg;Jabonera en Polvo con Dosificador - Negro 2 Kg;20.7;10.5;25;2 KG;7896779600854;Limpeza;Mantenha sua lavanderia mais organizada e livre de sujeira com o Porta Sabão em Pó com Dosador. Com capacidade para 2 kg, ele é ideal para armazenar e dosar a quantidade exata de sabão em cada lavagem, evitando desperdícios e promovendo economia. Além disso, seu material resistente garante durabilidade e evita o inconveniente de embalagens de papelão que rasgam ou se desmancham quando molhadas. Tenha mais praticidade, higiene e organização no seu dia a dia!;;;;;;;
010.001.003;https://produto.nitron.com.br/Baixa/010_001_003-01.jpg;;Destaque;12;Caixa Expositora com 40 kits de 10 Cabides;Display Box with 40 Sets of 10 Hangers;Caja Expositora con 40 Juegos de 10 Perchas;50;50;72.5;;7896779600021;Organização;;;;;;;;
010.010.003;https://produto.nitron.com.br/Baixa/010_010_003-01.jpg;;Destaque;12;Cabide com 10 Peças - Preto;Hanger with 10 Pieces - Black;Percha con 10 Piezas - Negro;39.5;7;20;;7896779600038;Organização;;;;;;;;
010.012.001;https://produto.nitron.com.br/Baixa/010_012_001-01.jpg;;;12;Cabide com 3 Peças - Transparente;Hanger with 3 Pieces - Transparent;Percha con 3 Piezas - Transparente;39.5;2.1;20;;7896779611058;Organização;O Cabide com 3 Peças - Transparente é a solução ideal para quem busca praticidade e organização no armário. Fabricado em plástico transparente de alta resistência, este kit oferece três cabides leves, compactos e extremamente duráveis. Com um design fino e elegante, ele economiza espaço, tornando seu guarda-roupa mais organizado e funcional. As cavas laterais são perfeitas para evitar que suas roupas escorreguem, garantindo que peças delicadas como vestidos e blusas com alças fiquem no lugar. Além disso, sua transparência confere um toque sofisticado ao visual do seu armário, mantendo suas roupas à vista e facilitando o acesso.;;;;;;;
011.036.001;https://produto.nitron.com.br/Baixa/011_036_001-01.jpg;;Destaque;15;Organiza Tudo com 7 Divisórias (011);Organizes Everything with 7 Compartments;Organiza todo con 7 divisores;13.5;9.5;3.2;;7896779600113;Organização;Ideal para armazenar itens de costura, pesca, parafusos, remédios, joias e muitos outros, este utensílio proporciona uma solução inteligente para manter seus objetos sempre à mão e bem organizados. Fabricada com plástico termoplástico de alta qualidade, a caixa é resistente e durável, garantindo uma excelente proteção aos seus itens. Sua transparência facilita a visualização do conteúdo, permitindo que você encontre o que precisa rapidamente, sem necessidade de abrir. Além disso, a tampa com travas assegura que seus objetos fiquem bem guardados, sem risco de desorganização. Com 7 divisórias ajustáveis, você pode separar diferentes tipos de objetos e manter tudo no lugar com facilidade.;;;;;;;
012.012.016;https://produto.nitron.com.br/Baixa/012_012_016-01.jpg;;;103;Porta Sabão em Pó 600 g;Washing Powder Holder 600g;Jabonera en Polvo 600g;12.9;7.9;15.5;600g;7896779612222;Limpeza;Porta Sabão em Pó com Dosador - Capacidade de 600g Este porta sabão em pó é a solução ideal para armazenar e organizar seu sabão em pó com praticidade. Com capacidade para 600g, ele possui um dosador integrado que facilita o uso, permitindo que você sempre utilize a quantidade certa de produto. Além disso, este produto é BPA Free, garantindo segurança para sua saúde. A tampa azul acrescenta um toque de cor ao design, tornando-o não apenas funcional, mas também esteticamente agradável.;;;;;;;
013.050.003;https://produto.nitron.com.br/Baixa/013_050_003-01.jpg;;Destaque;19;Suporte para Botijão - Preto;Gas Cylinder Holder - Black;Soporte de cilindro - Negro;Ø29;Ø29;6;;7896779601387;Organização;Este suporte versátil foi projetado com diversas funcionalidades em mente, tornando-se uma solução prática para o dia a dia. Equipado para suportar botijão de gás, galão de água e até mesmo vasos de plantas, ele oferece uma mobilidade inigualável graças às suas rodinhas, que facilitam o transporte onde quer que você precise. Além disso, sua resistência notável assegura durabilidade, suportando até 30 kg sem esforço. De maneira que é BPA Free, o suporte também traz segurança ao evitar substâncias químicas prejudiciais, ideal para uso em ambientes domésticos.;;;;;;;
013.050.004;https://produto.nitron.com.br/Baixa/013_050_004-01.jpg;;Destaque;19;Suporte para Botijão - Areia (013);Gas Cylinder Holder - Sand;Soporte de cilindro - Arena;Ø29;Ø29;6;;7896779600137;Organização;Este suporte versátil foi projetado com diversas funcionalidades em mente, tornando-se uma solução prática para o dia a dia. Equipado para suportar botijão de gás, galão de água e até mesmo vasos de plantas, ele oferece uma mobilidade inigualável graças às suas rodinhas, que facilitam o transporte onde quer que você precise. Além disso, sua resistência notável assegura durabilidade, suportando até 30 kg sem esforço. De maneira que é BPA Free, o suporte também traz segurança ao evitar substâncias químicas prejudiciais, ideal para uso em ambientes domésticos.;;;;;;;
015.012.002;https://produto.nitron.com.br/Baixa/015_012_002-01.jpg;;;78;Ralador Pratic com Pote - Branco 420ml;Practical Grater with container - White 420ml;Rallador Pratic con Olla - Blanco 420ml;21;11;5.4;420 ml;7896779601547;Cozinha;O Ralador Pratic com Pote - Branco 420ml é a solução perfeita para quem busca praticidade e eficiência na cozinha. Com um design inovador, este ralador inclui um reservatório que facilita o uso diário ao recolher os alimentos ralados, garantindo uma cozinha sempre limpa. Além disso, a alça de apoio proporciona segurança extra e conforto, minimizando os riscos de acidentes. Seja para ralar cebolas, queijos ou beterrabas, a versatilidade deste produto é inigualável. E ainda mais, sua multifuncionalidade permite ralar e servir os alimentos diretamente do reservatório, além de armazenar sobras de maneira prática graças à tampa especial. Portanto, transforme sua experiência culinária com este utensílio que une praticidade e eficiência em cada detalhe!;;;;;;;
015.012.003;https://produto.nitron.com.br/Baixa/015_012_003-01.jpg;;;78;Ralador Pratic com Pote - Preto 420ml;Practical Grater with container - Black 420ml;Rallador Pratic con Olla - Negro 420ml;21;11;5.4;420 ml;7896779601554;Cozinha;"O Ralador com Pote Pratic da Nitron é a escolha perfeita para quem busca praticidade, higiene e organização na cozinha. Com um design funcional e compacto, ele acompanha um reservatório integrado com tampa, ideal para coletar, servir e armazenar os alimentos ralados sem bagunça.

Além disso, a alça lateral proporciona firmeza e segurança no uso, evitando acidentes e facilitando o preparo de saladas, queijos, legumes e muito mais. Feito em plástico resistente e durável, é um item indispensável para o dia a dia corrido de quem valoriza funcionalidade.";;;;;;;
016.012.002;https://produto.nitron.com.br/Baixa/016_012_002-01.jpg;;;75;Escorredor de Talheres Max - Branco (016/B);Max Cutlery Drainer - White;Escurridor de cubiertos Max - Blanco;24;11.5;13.5;;7896779601677;Cozinha;"Organize sua cozinha com praticidade e estilo usando o Max Seca Talher da Nitron. Com um design funcional, compacto e moderno, esse organizador é ideal para otimizar o espaço da pia ou bancada, mantendo os talheres sempre organizados, limpos e prontos para uso.

Produzido em plástico de alta qualidade e livre de BPA, o produto é seguro para o contato com alimentos e utensílios, além de oferecer alta durabilidade e resistência no uso diário.

Seu sistema de escoamento com aberturas estratégicas evita o acúmulo de água, odores e manchas, acelerando o processo de secagem e garantindo mais higiene na sua rotina.";;;;;;;
016.012.003;https://produto.nitron.com.br/Baixa/016_012_003-01.jpg;;;75;Escorredor de Talheres Max - Preto;Max Cutlery Drainer - Black;Escurridor de cubiertos Max - Negro;24;11.5;13.5;;7896779601684;Cozinha;"Mantenha sua cozinha sempre organizada e higiênica com o Max Seca Talher da Nitron – na cor Preto. Seu design compacto e moderno é perfeito para cozinhas pequenas ou bancadas com pouco espaço, oferecendo uma solução eficiente para a secagem e organização de talheres.

Fabricado em plástico de alta qualidade e livre de BPA, o produto é seguro para o uso com utensílios domésticos e profissionais. As aberturas na estrutura facilitam o escoamento da água, evitando acúmulo de resíduos, odores e manchas, e acelerando o processo de secagem.

Com espaço dedicado para colheres, garfos, facas e outros utensílios menores, o Max Seca Talher une funcionalidade, resistência e estética moderna em um único produto.";;;;;;;
016.012.086;https://produto.nitron.com.br/Baixa/016_012_086-01.jpg;;;75;Escorredor de Talheres Max - Chumbo (016/B);Max Cutlery Drainer - Lead;Escurridor de cubiertos Max - Plomo;24;11.5;13.5;;7896779668656;Cozinha;O Escorredor de Talheres Max - Chumbo é a solução ideal para manter sua cozinha organizada e otimizada. Com design moderno e funcional, ele facilita o processo de secagem dos seus talheres após a lavagem. Fabricado em plástico de alta qualidade, é resistente e seguro, sendo completamente livre de BPA (BPA Free), o que garante tranquilidade ao entrar em contato com alimentos e utensílios. Além disso, o Escorredor de Talheres Max é durável e não perde sua funcionalidade, mesmo com o uso diário. Ele é projetado para acomodar diversos tipos de talheres, como colheres, garfos, facas e utensílios menores. Para maior praticidade, o produto também é fácil de limpar, tornando o processo de cuidados diários mais rápido e eficiente. Portanto, se você busca um produto funcional e de alta qualidade, o Escorredor de Talheres Max é a escolha certa para sua cozinha!;;;;;;;
017.024.999;https://produto.nitron.com.br/Baixa/017_024_999-01.jpg;;;105;Pá de Lixo Inova (017);Inova Dustpan;Recogedor Inova;32.2;22.2;10.2;;7896779600175;Limpeza;"A Pá de Lixo Inova Nitron foi desenvolvida para quem busca praticidade e agilidade nas tarefas do dia a dia. Com design compacto, peso leve (apenas 80g) e cabo curto que facilita o manuseio, ela é perfeita para a coleta rápida de resíduos pequenos em ambientes domésticos ou comerciais.

Seu formato eficiente permite o uso em diversos tipos de superfícies — do chão à bancada —, ajudando a economizar tempo e esforço em limpezas pontuais. E para garantir mais durabilidade, basta seguir os cuidados básicos de higienização com sabão neutro e água morna.";;;;;;;
018.012.002;https://produto.nitron.com.br/Baixa/018_012_002-01.jpg;;;80;Tábua Multiuso - Branca;Multipurpose Board - White;Tablero multiusos - Blanco;20.5;35.6;0.4;;7896779600182;Cozinha;"A Tábua Multiúso Nitron é a escolha ideal para quem busca eficiência, segurança e praticidade no preparo diário de alimentos. Produzida em plástico resistente e livre de BPA, ela é segura para o contato com alimentos e ideal para cortar legumes, frutas, carnes e muito mais.

Com seu design transparente, alegre e moderno, combina com qualquer estilo de cozinha e proporciona uma experiência visual mais clara e segura durante o uso — você enxerga o alimento com precisão, evitando acidentes.

Além disso, seu tamanho (35,4 cm x 20,4 cm) é perfeito para preparar porções generosas, sem ocupar muito espaço na bancada. A tábua é durável, leve e fácil de manusear, tornando-se indispensável para o dia a dia.";;;;;;;
019.024.001;https://produto.nitron.com.br/Baixa/019_024_001-01.jpg;;Destaque;15;Organiza Tudo com 10 Divisórias (019);Organizes Everything with 10 Compartments;Organiza todo con 10 divisores;20.5;11.8;4.1;;7896779600199;Organização;"O Estojo Organizador Nitronplast é a solução perfeita para quem busca praticidade, organização e visual limpo no dia a dia. Com 10 compartimentos internos, ele permite uma disposição ordenada e rápida visualização de materiais, ideal para consultórios, clínicas, escritórios e home offices.

Fabricado em plástico resistente e livre de BPA, o estojo é seguro para armazenar pequenos objetos com total tranquilidade. Seu design compacto (20,5 cm x 11,8 cm x 4 cm) o torna ideal para espaços reduzidos, sem perder a eficiência. Além disso, é leve e fácil de transportar.

Com o Estojo Nitronplast, organizar materiais de escritório, insumos de saúde ou miudezas em geral se torna muito mais simples, mantendo tudo acessível e protegido.";;;;;;;
020.024.001;https://produto.nitron.com.br/Baixa/020_024_001-01.jpg;;;86;Forma de Pudim para Micro-ondas 1,9L (020);Microwave Pudding Pan 1.9L;Molde Para Pudin Microondas 1.9L;26;23.5;7;1,9L;7896779620005;Micro-ondas;Quer um pudim perfeito em poucos minutos? Com a Forma de Pudim Para Microondas, você prepara sobremesas deliciosas de forma prática e sem complicação! Com capacidade de 1,9 litros, esse utensílio resistente e seguro para micro-ondas foi desenvolvido para quem busca rapidez na cozinha, sem abrir mão da qualidade. Feita em polipropileno durável, a forma não deforma com o calor e garante um cozimento uniforme e eficiente. Sua cor transparente permite acompanhar todo o processo, evitando que a receita passe do ponto. Menos tempo na cozinha, mais sabor para sua vida!;;;;;;;
023.030.002;https://produto.nitron.com.br/Baixa/023_030_002-01.jpg;;Destaque;78;Ralador com 4 Faces (023);Grater with 4 Sides;Rallador de 4 lados;10.4;12.5;19.2;;7896779600236;Cozinha;"""Resumo em Tópicos das Principais Características do Produto:

Design e Estrutura:
Ralador multifaces com design moderno e alegre.
Fabricado em plástico polipropileno (PP), material resistente, leve e durável.
Funcionalidade:
Possui 4 faces para diferentes tipos de ralação (ex.: fina, grossa, em lascas ou raspada).
Ideal para ralar alimentos como queijos, legumes, frutas e outros ingredientes.
Conforto e Segurança:
Alça ergonômica para facilitar o manuseio e evitar acidentes durante o uso.
Fácil Limpeza e Manutenção:
Não absorve cheiros, cores ou odores, garantindo higiene prolongada.
Fácil de limpar após o uso.
Qualidade e Saúde:
Livre de BPA (Bisfenol A), substância prejudicial à saúde.
Material de alta qualidade que oferece durabilidade e segurança no preparo de alimentos.
Dimensões e Peso:
Peso: 90 g.
Largura: 9,4 cm.
Comprimento: 11,8 cm.
Altura: 19 cm.
Versatilidade:
Adequado para uso diário, proporcionando praticidade e eficiência na cozinha.
Atributos Pertinentes ao Produto:

Material Ecológico: O uso de polipropileno livre de BPA torna o produto uma opção mais segura tanto para o consumidor quanto para o meio ambiente.
Compacto e Prático: As dimensões reduzidas permitem armazenamento fácil em espaços pequenos.
Multifuncionalidade: Adequado para diversas tarefas culinárias, desde receitas simples até pratos sofisticados.
Estética Agradável: O design colorido e moderno se encaixa bem em qualquer decoração de cozinha.
Custo-Benefício Elevado: Durabilidade, facilidade de uso e limpeza fazem deste produto uma excelente escolha para quem busca eficiência na cozinha.""";;;;;;;
024.012.002;https://produto.nitron.com.br/Baixa/024_012_002-01.jpg;;;104;Cestinho para Prendedor Floral - Branco;Floral Clothespin Basket - White;Cesta Para Prendedor Floral Pequeño;26.8;14.4;13.5;;7896779624102;Limpeza;"O Cestinho para Prendedor Floral - Branco, da Nitron, é a solução ideal para organizar seus prendedores de forma prática, funcional e com muito estilo. Com capacidade de 1,7 litros e design floral moderno, ele se destaca tanto pela utilidade quanto pela estética.

A alça plástica permite pendurar o cestinho diretamente no varal, garantindo acesso rápido e facilitando o momento de estender roupas. Compacto, leve e resistente, é perfeito para quem valoriza organização sem abrir mão da beleza nos detalhes do dia a dia.";;;;;;;
024.012.003;https://produto.nitron.com.br/Baixa/024_012_003-01.jpg;;;104;Cestinho para Prendedor Floral - Preto;Floral Clothespin Basket - Black;Cesta Para Prendedor Floral Pequeño;26.8;14.4;13.5;;7896779624119;Limpeza;"O Cestinho para Prendedor Floral - Preto, da Nitron, é a solução ideal para organizar seus prendedores de forma prática, funcional e com muito estilo. Com capacidade de 1,7 litros e design floral moderno, ele se destaca tanto pela utilidade quanto pela estética.

A alça plástica em Nitronplast permite pendurar o cestinho diretamente no varal, garantindo acesso rápido e facilitando o momento de estender roupas. Compacto, leve e resistente, é perfeito para quem valoriza organização sem abrir mão da beleza nos detalhes do dia a dia.";;;;;;;
027.012.001;https://produto.nitron.com.br/Baixa/027_012_001-01.jpg;;Destaque;54;Porta Pão Armazena e Conserva - 2,7L (027);Bread Storage e Preserving Holder - 2.7L;Porta para pan para almacenamiento y conservación - 2,7 L;34.5;14;13.5;2,7L;7896779602711;Potes;"Pote Conservador de Pães Nitron – Mais frescor, mais praticidade para o seu dia a dia

Mantenha seus pães sempre fresquinhos e protegidos com o Pote Conservador de Pães Nitron. Fabricado com plástico resistente, atóxico e livre de BPA, ele é a solução ideal para quem busca segurança alimentar, praticidade e organização na cozinha.

Com 35 cm de largura e capacidade generosa, o pote é perfeito para armazenar diferentes tipos de pães, evitando o contato com poeira, umidade ou outros agentes externos que comprometem a conservação.

Seu design alegre e transparente permite visualizar o conteúdo com facilidade, sem precisar abrir o recipiente. Além disso, é leve, fácil de limpar e extremamente durável, o que o torna ideal tanto para o uso doméstico quanto para padarias, lanchonetes ou cafeterias.

Antes do primeiro uso, recomenda-se lavar com água e sabão neutro para garantir ainda mais higiene. Um item indispensável para quem valoriza alimentos bem conservados e uma cozinha sempre organizada.";;;;;;;
028.012.002;https://produto.nitron.com.br/Baixa/028_012_002-01.jpg;;;83;Escorredor de Arroz Tradicional - Branco;Traditional Rice Strainer - White;Colador de Arroz Tradicional - Blanco;28;22;16;;7896779602841;Cozinha;"Escorredor de Arroz Tradicional Nitron – Praticidade e higiene no preparo diário

Torne a rotina na cozinha muito mais prática com o Escorredor de Arroz Tradicional Nitron. Fabricado em polipropileno (PP) resistente e livre de substâncias tóxicas, esse utensílio é ideal para quem valoriza agilidade, segurança e funcionalidade no preparo de alimentos.

Com design inteligente e formato anatômico, ele permite lavar e escorrer o arroz com facilidade, sem desperdício e com total controle no manuseio. Suas dimensões compactas (22 x 16 x 28 cm) o tornam fácil de armazenar e ideal para qualquer cozinha — do uso doméstico ao profissional.

Multifuncional, o escorredor também pode ser usado para massas, legumes e frutas, tornando-se um aliado versátil no dia a dia.

Com acabamento em cor branca, se adapta a qualquer estilo de cozinha, unindo simplicidade e eficiência em um único produto. Higiene, leveza e durabilidade garantidas com a qualidade Nitron.";;;;;;;
028.012.003;https://produto.nitron.com.br/Baixa/028_012_003-01.jpg;;;83;Escorredor de Arroz Tradicional - Preto;Traditional Rice Strainer - Black;Colador de Arroz Tradicional - Negro;28;22;16;;7896779602827;Cozinha;"Escorredor de Arroz Tradicional Nitron – Praticidade e higiene no preparo diário

Torne a rotina na cozinha muito mais prática com o Escorredor de Arroz Tradicional Nitron. Fabricado em polipropileno (PP) resistente e livre de substâncias tóxicas, esse utensílio é ideal para quem valoriza agilidade, segurança e funcionalidade no preparo de alimentos.

Com design inteligente e formato anatômico, ele permite lavar e escorrer o arroz com facilidade, sem desperdício e com total controle no manuseio. Suas dimensões compactas (22 x 16 x 28 cm) o tornam fácil de armazenar e ideal para qualquer cozinha — do uso doméstico ao profissional.

Multifuncional, o escorredor também pode ser usado para massas, legumes e frutas, tornando-se um aliado versátil no dia a dia.

Com acabamento em cor branca, se adapta a qualquer estilo de cozinha, unindo simplicidade e eficiência em um único produto. Higiene, leveza e durabilidade garantidas com a qualidade Nitron.";;;;;;;
030.012.001;https://produto.nitron.com.br/Baixa/030_012_001-01.jpg;;;59;Pote Monterey com 3 Divisórias - Transparente 1,1L (0307.012.001);Monterey container with 3 Compartments - Transparent 1.1L;Recipientes Monterey con 3 Divisores - Transparente 1.1L;21.2;21.2;5.5;1,1L;7896779607143;Potes;"Se você busca praticidade e organização no seu dia a dia, o pote com 3 divisórias Monterey é a escolha certa. Com capacidade de 1,1L e design transparente, ele permite visualizar o conteúdo com facilidade, além de manter os alimentos bem separados graças às suas divisórias internas.
Além disso, seu formato compacto e leve facilita o transporte em mochilas, bolsas térmicas ou lancheiras, tornando-o ideal para refeições fora de casa. O material resistente oferece excelente durabilidade e, por ser reutilizável, contribui com um consumo mais sustentável.
E como é livre de BPA, você garante a segurança alimentar da sua família em cada refeição.";;;;;;;
030.012.003;https://produto.nitron.com.br/Baixa/030_012_003-01.jpg;;;59;Pote Monterey com 3 Divisórias - Preto 1,1L;Monterey container with 3 Compartments - Pink 1.1L;Recipientes Monterey con 3 Divisores - Rosa 1.1L;21.2;21.2;5.5;1,1L;7896779603046;Potes;;;;;;;;
032.012.002;https://produto.nitron.com.br/Baixa/032_012_002-01.jpg;;Destaque;90;Jarra com Tampa - Branco 2L;Jug with Lid - White 2L;Tarro con Tapa - Blanco 2L;20.8;14.5;19.9;2L;7896779621248;Jarras;"Ideal para quem busca praticidade com um toque de elegância, a jarra branca com tampa de 2 litros se destaca pelo design clean e funcional. Seu corpo transparente facilita a visualização do conteúdo, enquanto a tampa protege a bebida de impurezas e evita respingos durante o transporte.
Além disso, sua estrutura em plástico resistente garante durabilidade e segurança no uso diário. Por ser leve, é fácil de manusear e perfeita para diversas ocasiões — de um jantar simples à mesa posta do final de semana.
Outro ponto positivo é sua facilidade de limpeza, já que seu acabamento liso evita o acúmulo de resíduos e facilita a higienização com esponja macia.";;;;;;;
032.012.547;https://produto.nitron.com.br/Baixa/032_012_547-01.jpg;;Destaque;90;Jarra com Tampa - Vermelho 2L;Jug with Lid - Red 2L;Tarro con Tapa - Rojo 2L;20.8;14.5;19.9;2L;7896779603244;Jarras;"Combinando praticidade e estilo, a jarra com tampa vermelha de 2 litros é ideal para servir bebidas em casa ou em eventos com mais pessoas. Seu corpo transparente com acabamento liso permite visualizar o conteúdo facilmente, enquanto o toque vibrante da tampa vermelha adiciona cor e personalidade à mesa.
Graças ao material plástico resistente, é uma opção leve, durável e fácil de transportar. Além disso, sua tampa ajuda a conservar melhor os líquidos e evita derramamentos durante o uso ou transporte.
Fácil de limpar, essa jarra é perfeita para o uso diário, reunindo estética e funcionalidade em um só item.";;;;;;;
033.012.002;https://produto.nitron.com.br/Baixa/033_012_002-01.jpg;;;90;Jarra com Espremedor - Branco 2L;Jug with Squeezer - White 2L;Jarra con Exprimidor - Blanco 2L;20.8;14.5;21.8;2L;7896779603329;Jarras;"Perfeita para o preparo de sucos naturais e bebidas cítricas, a jarra com espremedor branco de 2 litros une funcionalidade, resistência e um visual clean que combina com qualquer ambiente.
Seu design moderno facilita o uso no dia a dia e garante praticidade ao servir, enquanto o espremedor acoplado permite preparar limonadas e sucos diretamente na jarra, otimizando tempo e reduzindo o uso de utensílios extras.
Além disso, o material em plástico de alta qualidade é livre de BPA, oferecendo mais segurança no contato com alimentos. Com dimensões compactas, é fácil de guardar e ideal para uso doméstico, festas e até pequenos negócios.";;;;;;;
033.012.547;https://produto.nitron.com.br/Baixa/033_012_547-01.jpg;;;90;Jarra com Espremedor - Vermelho 2L;Jug with Squeezer - Red 2L;Jarra con Exprimidor - Rojo 2L;20.8;14.5;21.8;2L;7896779603336;Jarras;"Ideal para quem deseja mais praticidade e cor no preparo de sucos naturais, a jarra com espremedor vermelha de 2 litros se destaca pela funcionalidade e estilo. Com espremedor integrado, ela permite preparar limonadas e coquetéis cítricos diretamente na jarra, poupando tempo e utensílios.
Além disso, seu material resistente e livre de BPA garante segurança e durabilidade, mesmo com uso frequente. Outro diferencial é seu design vibrante, que adiciona charme à cozinha, à mesa posta ou até mesmo ao ambiente de pequenos comércios.
Graças às suas dimensões bem planejadas, é fácil de guardar e simples de limpar, tornando-se um item indispensável para o dia a dia.";;;;;;;
034.012.001;https://produto.nitron.com.br/Baixa/034_012_001-01.jpg;;;59;Pote Monaco com 3 Divisórias - Transparente 1L;Monaco container with 3 Compartments - Transparent 1L;Recipientes Monaco con 3 Divisores - Transparente 1L;24.5;19;5;1L;7896779634149;Potes;0;;;;;;;
034.012.003;https://produto.nitron.com.br/Baixa/034_012_003-01.jpg;;;59;Pote Monaco com 3 Divisórias - Preto 1L;Monaco container with 3 Compartments - Pink 1L;Maceta Monaco con 3 Divisores - Rosa 1L;24.5;19;5;1L;7896779603442;Potes;;;;;;;;
039.012.002;https://produto.nitron.com.br/Baixa/039_012_002-01.jpg;;;82;Escorredor Básico com Cabo - Branco;Basic Pasta Strainer with Handle - White;Escurridor de Pasta Básico con asa - Blanco;38.5;23;9;;7896779603947;Cozinha;"O Escorredor de Alimentos Lava Tudo com Cabo – Branco foi desenvolvido para quem busca praticidade, higiene e eficiência na cozinha. Fabricado em polipropileno resistente, ele garante longa durabilidade mesmo com o uso frequente.

Com um cabo ergonômico, oferece conforto e segurança no manuseio, facilitando o escorrimento de alimentos com mais firmeza. Seu formato amplo e leve permite escorrer grandes quantidades de alimentos de uma só vez, sendo ideal para massas, legumes, folhas e frutas.

Além disso, o acabamento liso torna a limpeza muito mais fácil e evita o acúmulo de resíduos. Seu design moderno na cor branca harmoniza com diferentes estilos de cozinha, trazendo sofisticação e funcionalidade ao ambiente.";;;;;;;
039.012.003;https://produto.nitron.com.br/Baixa/039_012_003-01.jpg;;;82;Escorredor Básico com Cabo - Preto;Basic Pasta Strainer with Handle - Black;Escurridor de pasta básico con asa - Negro;38.5;23;9;;7896779603916;Cozinha;"O Escorredor de Alimentos Lava Tudo com Cabo – Preto foi desenvolvido para quem busca praticidade, higiene e eficiência na cozinha. Fabricado em polipropileno resistente, ele garante longa durabilidade mesmo com o uso frequente.

Com um cabo ergonômico, oferece conforto e segurança no manuseio, facilitando o escorrimento de alimentos com mais firmeza. Seu formato amplo e leve permite escorrer grandes quantidades de alimentos de uma só vez, sendo ideal para massas, legumes, folhas e frutas.

Além disso, o acabamento liso torna a limpeza muito mais fácil e evita o acúmulo de resíduos. Seu design moderno na cor branca harmoniza com diferentes estilos de cozinha, trazendo sofisticação e funcionalidade ao ambiente.";;;;;;;
041.012.002;https://produto.nitron.com.br/Baixa/041_012_002-01.jpg;;Destaque;7;Organizador Multiuso Rattan com 3 Divisórias - Branco (041/B);Multipurpose Rattan Organizer with 3 Compartments - White;Organizador multiusos de ratán con 3 divisores - Blanco;16;11;17.8;;7896779604142;Organização;Conheça o Organizador Multiuso Rattan com 3 Divisórias - Branco, um produto que une estilo e funcionalidade em um só lugar. Com seu design em rattan, ele não apenas adiciona beleza e elegância ao seu ambiente, mas também oferece praticidade incomparável. Graças às suas três divisórias, este organizador é perfeito para manter diferentes tipos de itens organizados. Além disso, sua versatilidade permite que você o utilize em diversos ambientes da casa, promovendo uma organização prática e eficiente. Seja na sala, no escritório ou no quarto, este organizador se encaixará perfeitamente às suas necessidades de decoração e funcionalidade.;;;;;;;
041.012.003;https://produto.nitron.com.br/Baixa/041_012_003-01.jpg;;Destaque;7;Organizador Multiuso Rattan com 3 Divisórias - Preto (041/P);Multipurpose Rattan Organizer with 3 Compartments - Black;Organizador multiusos de ratán con 3 divisores - Negro;16;11;17.8;;7896779604111;Organização;Conheça o Organizador Multiuso Rattan com 3 Divisórias - Preto, um produto que une estilo e funcionalidade em um só lugar. Com seu design em rattan, ele não apenas adiciona beleza e elegância ao seu ambiente, mas também oferece praticidade incomparável. Graças às suas três divisórias, este organizador é perfeito para manter diferentes tipos de itens organizados. Além disso, sua versatilidade permite que você o utilize em diversos ambientes da casa, promovendo uma organização prática e eficiente. Seja na sala, no escritório ou no quarto, este organizador se encaixará perfeitamente às suas necessidades de decoração e funcionalidade.;;;;;;;
041.012.086;https://produto.nitron.com.br/Baixa/041_012_086-01.jpg;;;7;Organizador Multiuso Rattan com 3 Divisórias - Chumbo;Multipurpose Rattan Organizer with 3 Compartments - Lead;Organizador multiusos de ratán con 3 divisores - Plomo;16;11;17.8;;7896779641208;Organização;Conheça o Organizador Multiuso Rattan com 3 Divisórias - Chumbo, um produto que une estilo e funcionalidade em um só lugar. Com seu design em rattan, ele não apenas adiciona beleza e elegância ao seu ambiente, mas também oferece praticidade incomparável. Graças às suas três divisórias, este organizador é perfeito para manter diferentes tipos de itens organizados. Além disso, sua versatilidade permite que você o utilize em diversos ambientes da casa, promovendo uma organização prática e eficiente. Seja na sala, no escritório ou no quarto, este organizador se encaixará perfeitamente às suas necessidades de decoração e funcionalidade.;;;;;;;
043.012.002;https://produto.nitron.com.br/Baixa/043_012_002-01.jpg;;Destaque;29;Frasqueira Medicamentos - Branca 1,4L (043/M);Medic Case - White 1.4L;Estuche Médico - Blanco 1.4L;19.1;15.7;10;1,4L;7896779604333;Frasqueiras;"A Maleta de Primeiros Socorros com Tampa Transparente – Branco 1,4L é a escolha ideal para quem busca organização eficiente e portabilidade. Fabricada em polipropileno resistente, oferece leveza e durabilidade mesmo em ambientes mais exigentes, como trilhas, viagens e acampamentos.

Com design funcional, combina corpo branco, fecho e alça vermelhos – o que facilita a rápida identificação visual. A tampa transparente permite ver o conteúdo interno com facilidade, fator essencial em situações de emergência.

Seu tamanho compacto torna o transporte muito mais prático, e a estrutura resistente à água e de fácil limpeza garante segurança e higiene no uso diário.";;;;;;;
043.012.009;https://produto.nitron.com.br/Baixa/043_012_009-01.jpg;;;29;Frasqueira Medicamentos - Vermelha 1,4L;Medic Case - Red 1.4L;Estuche Médico - Rojo 1.4L;19.1;15.7;10;1,4L;7896779604388;Frasqueiras;"A Maleta de Primeiros Socorros com Tampa Transparente – Vermelha 1,4L é a escolha ideal para quem busca organização eficiente e portabilidade. Fabricada em polipropileno resistente, oferece leveza e durabilidade mesmo em ambientes mais exigentes, como trilhas, viagens e acampamentos.

Com design funcional, combina corpo branco, fecho e alça vermelhos – o que facilita a rápida identificação visual. A tampa transparente permite ver o conteúdo interno com facilidade, fator essencial em situações de emergência.

Seu tamanho compacto torna o transporte muito mais prático, e a estrutura resistente à água e de fácil limpeza garante segurança e higiene no uso diário.";;;;;;;
044.012.005;https://produto.nitron.com.br/Baixa/044_012_005-01.jpg;;Destaque;79;Porta Filtro para Café;Coffee Filter Holder;Portafiltros de café;16;12;15;;7896779600441;Cozinha;"Torne seu momento do café ainda mais prático com o Suporte para Filtro de Café – Marrom. Com design funcional e visual clássico, ele foi pensado para encaixar perfeitamente em bules e garrafas térmicas, proporcionando uma experiência de preparo mais rápida e segura.

Produzido em polipropileno resistente, o suporte oferece alta durabilidade e suporta bem o contato com líquidos quentes, além de ser livre de BPA, garantindo segurança alimentar. Seu formato compacto (15x12x16cm) permite fácil armazenamento e transporte, ideal para quem valoriza organização na cozinha.

Além disso, a cor marrom oferece um toque sofisticado que combina com qualquer ambiente. Uma escolha inteligente para quem busca praticidade sem abrir mão da estética.";;;;;;;
045.012.001;https://produto.nitron.com.br/Baixa/045_012_001-01.jpg;;;86;Forma de Pudim para Micro-ondas com Tampa 1,9L (045);Microwave Pudding Mold with Lid 1.9L;Molde para Pudin con Tapa para Microondas 1,9 L;26.2;23.7;10;1,9L;7896779604517;Micro-ondas;"Se você procura agilidade e praticidade na hora de preparar sobremesas, a forma de pudim para micro-ondas com capacidade de 1,9L é perfeita para sua cozinha. Fabricada em polipropileno (PP) transparente, ela permite acompanhar o cozimento do pudim com facilidade, evitando surpresas e garantindo um resultado uniforme.
Além disso, seu material é resistente ao calor, seguro para alimentos e muito fácil de limpar após o uso. Com dimensões ideais para receitas maiores, é excelente para quem gosta de reunir a família ou preparar porções extras.
Outro diferencial está na versatilidade: apesar de ser pensada para pudins, também pode ser utilizada no preparo de outras sobremesas ou receitas rápidas no micro-ondas.";;;;;;;
046.012.002;https://produto.nitron.com.br/Baixa/046_012_002-01.jpg;;Destaque;78;Porta Óleo Itália - Branco;Italy Oil Holder - White;Porta aceite Italia - Blanco;12;8.8;16.2;;7896779660100;Cozinha;"O Porta Óleo Itália com Alça – Nitron foi desenvolvido para trazer mais organização, praticidade e segurança à sua cozinha. Ideal para armazenar garrafas de óleo, vinagre ou temperos líquidos, seu design é inspirado na elegância italiana, combinando funcionalidade com estilo.

Fabricado em plástico resistente, possui alças ergonômicas que facilitam o transporte com firmeza e conforto. A superfície lisa torna a limpeza rápida e eficiente, e seu formato compacto acomoda diversos modelos de garrafas, mantendo tudo mais estável e evitando vazamentos.

Com acabamento clean e cor branca, o Porta Óleo Itália é perfeito para complementar a bancada, a mesa ou a despensa com charme e praticidade. Um aliado indispensável para quem valoriza ordem e eficiência na hora de cozinhar!";;;;;;;
046.012.003;https://produto.nitron.com.br/Baixa/046_012_003-01.jpg;;Destaque;78;Porta Óleo Itália - Preto;Italy Oil Holder - Black;Porta aceite Italia - Negro;12;8.8;16.2;;7896779646012;Cozinha;"O Porta Óleo Itália com Alça – Nitron na cor preta é a escolha perfeita para quem busca sofisticação, praticidade e organização na cozinha. Com design funcional inspirado no charme da culinária italiana, ele acomoda garrafas de óleo, vinagre ou temperos líquidos com segurança e estilo.

Seu material resistente garante durabilidade no uso diário, enquanto a superfície lisa facilita a limpeza. As alças ergonômicas oferecem mais conforto ao transportar o item, seja para a bancada, armário ou até mesmo à mesa.

Além de elegante, o porta óleo proporciona estabilidade para as garrafas, evitando tombamentos e possíveis derramamentos. Com dimensões compactas, se encaixa perfeitamente em qualquer espaço, otimizando sua rotina na cozinha com muito mais eficiência e charme.";;;;;;;
047.012.002;https://produto.nitron.com.br/Baixa/047_012_002-01.jpg;;;18;Cesto Organizador Vime - Branco 7L (047/B);Wicker Organizer Basket - White 7L;Cesta Organizadora de Mimbre - Blanco 7L;29.4;21;17;7L;7896779630479;Organização;O Cesto Organizador Vime - Branco 7L é a junção perfeita de segurança, estilo e durabilidade. Primeiro, este produto é totalmente livre de BPA, garantindo que você possa usá-lo com tranquilidade em ambientes domésticos e profissionais. Seu design versátil e alegre permite que ele se integre de maneira harmoniosa a qualquer espaço, seja para armazenamento ou decoração. Além disso, o material resistente assegura uma longa vida útil, oferecendo um excelente custo-benefício a cada uso.;;;;;;;
047.012.003;https://produto.nitron.com.br/Baixa/047_012_003-01.jpg;;;18;Cesto Organizador Vime - Preto 7L (047/P);Wicker Organizer Basket - Black 7L;Cesta Organizadora de Mimbre - Negro 7L;29.4;21;17;7L;7896779640478;Organização;O Cesto Organizador Vime - Preto 7L é a junção perfeita de segurança, estilo e durabilidade. Primeiro, este produto é totalmente livre de BPA, garantindo que você possa usá-lo com tranquilidade em ambientes domésticos e profissionais. Seu design versátil e alegre permite que ele se integre de maneira harmoniosa a qualquer espaço, seja para armazenamento ou decoração. Além disso, o material resistente assegura uma longa vida útil, oferecendo um excelente custo-benefício a cada uso.;;;;;;;
050.012.001;https://produto.nitron.com.br/Baixa/050_012_001-01.jpg;;Destaque;59;Pote Premier com 4 Divisórias - Transparente 1,1L;Premier container with 4 Compartments - Transparent 1.1L;Recipientes Premier con 4 Divisores - Transparente 1.1L;Ø22,5;Ø22,5;5;1,1L;7896779605019;Potes;"Para quem busca praticidade e organização na cozinha, o Porta Óleo Itália é a solução ideal. Com design compacto, funcional e acabamento liso, ele oferece um suporte estável para armazenar garrafas de óleo, vinagre ou outros líquidos usados no preparo de alimentos.
Além disso, seu formato com alça ergonômica permite transportar facilmente de um ponto a outro, otimizando o espaço na bancada e evitando derramamentos. Feito em plástico resistente e de fácil limpeza, é um item que combina funcionalidade e estética clean, ideal para cozinhas modernas.
Seja em casa ou em pequenos comércios, esse acessório une durabilidade, economia de espaço e excelente custo-benefício.";;;;;;;
050.012.003;https://produto.nitron.com.br/Baixa/050_012_003-01.jpg;;;59;Pote Premier com 4 Divisórias - Preto 1,1L;Premier container with 4 Compartments - Pink 1.1L;Recipientes Premier con 4 Divisores - Rosa 1.1L;Ø22,5;Ø22,5;5;1,1L;7896779605095;Potes;;;;;;;;
051.012.002;https://produto.nitron.com.br/Baixa/051_012_002-01.jpg;;;75;Porta Detergente 3 em 1 - Branco (051/B);3 in 1 Detergent Holder - White;Porta Detergente 3 en 1 - Blanco;28;10.2;6.5;;7896779605149;Cozinha;"Transforme sua rotina com o Organizador de Detergente, Esponja e Sabão da Nitron. Com design moderno e delicado, ele reúne praticidade, estilo e organização em um único produto. Ideal para quem busca manter a pia da cozinha ou área de serviço sempre em ordem, sem abrir mão da estética.

Fabricado em polipropileno resistente e livre de BPA, o organizador oferece segurança e durabilidade no uso diário. Seu formato compacto é perfeito para espaços reduzidos, e seu peso leve facilita o transporte e a limpeza. As divisórias internas acomodam detergente, esponja e sabão com eficiência, evitando bagunça e acúmulo de água.

Além da cozinha, pode ser utilizado em banheiros, lavanderias ou escritórios, tornando-se um aliado versátil na organização de pequenos itens. Um toque funcional que valoriza qualquer ambiente com charme e praticidade.";;;;;;;
051.012.003;https://produto.nitron.com.br/Baixa/051_012_003-01.jpg;;Destaque;75;Porta Detergente 3 em 1 - Preto;3 in 1 Detergent Holder - Black;Porta Detergente 3 en 1 - Negro;28;10.2;6.5;;7896779605118;Cozinha;"Mais praticidade e estilo para a sua pia!
O Porta Detergente 3 em 1 da Nitron é a solução ideal para organizar detergente, esponja e sabão em um único produto. Compacto, resistente e elegante, ele se adapta facilmente a diferentes ambientes, como cozinhas, banheiros e lavanderias.

Fabricado em polipropileno durável e livre de BPA, é seguro para toda a família e resiste ao uso diário sem perder sua funcionalidade. Seu design moderno na cor preta traz um toque de sofisticação e combina com qualquer decoração, seja minimalista, clássica ou contemporânea.

Com peso leve e dimensões compactas, ocupa pouco espaço e ajuda a manter o ambiente limpo, organizado e agradável. Fácil de limpar, é ideal para quem busca praticidade sem abrir mão da estética.";;;;;;;
051.012.086;https://produto.nitron.com.br/Baixa/051_012_086-01.jpg;;;75;Porta Detergente 3 em 1 - Chumbo (051/B);3 in 1 Detergent Holder - Lead;Porta Detergente 3 en 1 - Plomo;28;10.2;6.5;;7896779618668;Cozinha;"Organização inteligente com um toque de estilo!
O Porta Detergente 3 em 1 da Nitron é a escolha ideal para quem deseja manter a cozinha (ou qualquer outro ambiente) organizada e sofisticada. Ele acomoda detergente, sabão e esponja em um só lugar, otimizando o espaço e facilitando a rotina.

Fabricado em polipropileno resistente e livre de BPA, oferece segurança no uso e longa durabilidade. Com design moderno e acabamento na cor chumbo, ele se integra perfeitamente a ambientes com diferentes estilos – do minimalista ao contemporâneo.

Com apenas 70g de peso e medidas compactas (28 x 10,2 x 6,5 cm), é leve, prático e fácil de higienizar. Uma solução versátil que também pode ser utilizada em banheiros, lavanderias ou onde você precisar de praticidade.";;;;;;;
052.006.002;https://produto.nitron.com.br/Baixa/052_006_002-01.jpg;;Destaque;97;Lixeira Rattan com Pedal - Branca 6L (052/B);Rattan Bin with Pedal - White 6L;Papelera de Ratán con Pedal - Blanco 6L;24.2;24.2;26;6L;7896779605248;Lixeiras;"A Lixeira Rattan 6L da Nitron é a escolha ideal para quem busca praticidade sem abrir mão do estilo. Com um design inspirado no clássico estilo rattan, ela oferece um visual elegante que se adapta perfeitamente a banheiros, cozinhas, escritórios e muito mais. Além disso, sua cor branca neutra combina facilmente com diferentes estilos de decoração.

Graças ao seu sistema de abertura com pedal, o uso torna-se mais higiênico e funcional, evitando o contato direto com as mãos. A tampa inclusa garante um controle eficaz de odores, mantendo o ambiente sempre agradável e organizado.

Fabricada em polipropileno (PP) de alta resistência, essa lixeira é leve, durável e fácil de limpar. Por ser feita de plástico atóxico, é segura para qualquer ambiente da casa ou escritório. Com capacidade de 6 litros e dimensões compactas, é perfeita para espaços menores, oferecendo eficiência sem ocupar muito espaço.

Em resumo, a Lixeira Rattan 6L une design, funcionalidade e resistência em um só produto, sendo uma excelente escolha para o dia a dia.";;;;;;;
052.006.003;https://produto.nitron.com.br/Baixa/052_006_003-01.jpg;;Destaque;97;Lixeira Rattan com Pedal - Preta 6L (052/B);Rattan Bin with Pedal - Black 6L;Papelera de Ratán con Pedal - Negro 6L;24.2;24.2;26;6L;7896779650521;Lixeiras;"Se você busca praticidade, durabilidade e um toque de sofisticação para o seu ambiente, a Lixeira com Pedal Rattan da Nitron é a escolha perfeita. Seu design moderno, aliado à textura elegante da linha Rattan, combina funcionalidade com estilo, tornando-a ideal para diferentes espaços, como banheiros, cozinhas, escritórios ou até mesmo áreas comerciais.

A cor preta traz versatilidade e sobriedade ao ambiente, encaixando-se perfeitamente em decorações contemporâneas. Além disso, o pedal proporciona uma abertura higiênica e prática, sem a necessidade de tocar na tampa com as mãos — uma solução eficiente para o dia a dia.

Fabricada em polipropileno, a lixeira é resistente, fácil de limpar e extremamente durável. Suas dimensões compactas facilitam o uso em espaços reduzidos, mantendo o ambiente sempre limpo e organizado. Com capacidade para 6 litros, é perfeita para o descarte de resíduos leves e uso contínuo em áreas estratégicas.

Com a Lixeira Rattan Preta da Nitron, você garante praticidade, higiene e um visual sofisticado em um único produto.";;;;;;;
052.006.086;https://produto.nitron.com.br/Baixa/052_006_086-01.jpg;;Destaque;97;Lixeira Rattan com Pedal - Chumbo 6L (052/B);Rattan Bin with Pedal - Lead 6L;Papelera de Ratán con Pedal - Plomo 6L;24.2;24.2;26;6L;7896779605231;Lixeiras;"Se você busca praticidade, durabilidade e um toque de sofisticação para o seu ambiente, a Lixeira com Pedal Rattan da Nitron é a escolha perfeita. Seu design moderno, aliado à textura elegante da linha Rattan, combina funcionalidade com estilo, tornando-a ideal para diferentes espaços, como banheiros, cozinhas, escritórios ou até mesmo áreas comerciais.

A cor chumbo traz versatilidade e sobriedade ao ambiente, encaixando-se perfeitamente em decorações contemporâneas. Além disso, o pedal proporciona uma abertura higiênica e prática, sem a necessidade de tocar na tampa com as mãos — uma solução eficiente para o dia a dia.

Fabricada em polipropileno, a lixeira é resistente, fácil de limpar e extremamente durável. Suas dimensões compactas facilitam o uso em espaços reduzidos, mantendo o ambiente sempre limpo e organizado. Com capacidade para 6 litros, é perfeita para o descarte de resíduos leves e uso contínuo em áreas estratégicas.

Com a Lixeira Rattan Chumbo da Nitron, você garante praticidade, higiene e um visual sofisticado em um único produto.";;;;;;;
053.004.002;https://produto.nitron.com.br/Baixa/053_004_002-01.jpg;;;13;Prateleira Multi uso com 4 Andares - Branca (053/B);Multipurpose Shelf with 4 Tiers - White;Estantería Multiusos con 4 Pisos - Blanco;39.5;30;70.5;;7896779605347;Organização;Concebida para transformar qualquer ambiente em um espaço organizado e funcional, a Prateleira Multiuso de 4 Andares proporciona versatilidade e praticidade incomparáveis. Ideal para a cozinha, pode ser utilizada como fruteira ou despensa, enquanto na lavanderia, assume o papel de organizador de produtos de limpeza. No entanto, sua utilidade não para por aí: na garagem, armazena ferramentas e outros acessórios do cotidiano. Graças à sua modularidade, totalmente desmontável e com a possibilidade de adicionar mais prateleiras ao combinar diferentes unidades, este produto é sinônimo de adaptabilidade. Além disso, sua estrutura é prática de montar e desmontar, e o material em polipropileno (PP) garante durabilidade e resistência. Leve e de fácil transporte, é a escolha perfeita para mudanças frequentes de ambiente.;;;;;;;
053.004.003;https://produto.nitron.com.br/Baixa/053_004_003-01.jpg;;Destaque;13;Prateleira Multi uso com 4 Andares - Preta (053/P);Multipurpose Shelf with 4 Tiers - Black;Estante multiusos con 4 pisos - Negro;39.5;30;70.5;;7896779650538;Organização;Concebida para transformar qualquer ambiente em um espaço organizado e funcional, a Prateleira Multiuso de 4 Andares proporciona versatilidade e praticidade incomparáveis. Ideal para a cozinha, pode ser utilizada como fruteira ou despensa, enquanto na lavanderia, assume o papel de organizador de produtos de limpeza. No entanto, sua utilidade não para por aí: na garagem, armazena ferramentas e outros acessórios do cotidiano. Graças à sua modularidade, totalmente desmontável e com a possibilidade de adicionar mais prateleiras ao combinar diferentes unidades, este produto é sinônimo de adaptabilidade. Além disso, sua estrutura é prática de montar e desmontar, e o material em polipropileno (PP) garante durabilidade e resistência. Leve e de fácil transporte, é a escolha perfeita para mudanças frequentes de ambiente.;;;;;;;
054.004.001;https://produto.nitron.com.br/Baixa/054_004_001-01.jpg;;;103;Cesto de Roupas 47L (054);47L Laundry Basket;Cesto para la ropa 47L;47.5;34;50;47L;7896779600540;Limpeza;"O Cesto de Roupas 47L da Nitron é a escolha ideal para quem busca funcionalidade, resistência e estilo na organização da casa. Com capacidade de 47 litros, ele oferece amplo espaço para armazenar roupas sujas ou limpas, sendo útil em diversos ambientes como lavanderias, quartos, banheiros ou até mesmo escritórios.

Fabricado em polipropileno (PP), material plástico resistente, leve e livre de BPA, o cesto garante segurança no contato com roupas e objetos pessoais. Seu design moderno e prático facilita a integração com outros itens da linha de organização da Nitron, proporcionando mais harmonia e eficiência no ambiente.

Com alças laterais e estrutura robusta, é fácil de manusear e transportar, mesmo quando cheio. Uma solução versátil e durável para manter sua casa sempre em ordem.";;;;;;;
054.004.003;https://produto.nitron.com.br/Baixa/054_004_003-01.jpg;;;103;Cesto de Roupas 47L (054);;;47.5;34;50;47L;7896779605422;Limpeza;;;;;;;;
055.012.002;https://produto.nitron.com.br/Baixa/055_012_002-01.jpg;;;83;Escorredor Multiúso - Branco;Multipurpose Strainer - White;Escurridor Multiusos - Blanco;26;21.5;19;;7896779655106;Cozinha;"Organize e otimize sua rotina na cozinha com o Escorredor de Alimento Multiuso Plástico - Branco da Nitron. Fabricado em polipropileno de alta qualidade, esse escorredor é resistente, durável e livre de BPA, garantindo mais segurança na manipulação de alimentos.

Seu design prático e funcional facilita o preparo de legumes, frutas, massas e outros ingredientes com muito mais agilidade. Versátil, pode ser utilizado para escorrer, armazenar, levar ao micro-ondas ou ao freezer — perfeito para quem busca eficiência e praticidade em todas as etapas do preparo.

Com dimensões ideais para o uso diário (26 x 22 x 19 cm), se adapta facilmente aos diferentes espaços da cozinha, ocupando pouco espaço. Além disso, sua cor branca neutra combina com qualquer decoração, mantendo o ambiente limpo e harmonioso.

Escolha Nitron: mais organização, mais praticidade, mais cuidado com você.";;;;;;;
055.012.003;https://produto.nitron.com.br/Baixa/055_012_003-01.jpg;;;83;Escorredor Multiúso - Preto;Multipurpose Strainer - Black;Escurridor multiusos - Negro;26;21.5;19;;7896779605514;Cozinha;"Com o Escorredor Multiuso Preto da Nitron, sua rotina na cozinha fica mais prática, organizada e segura. Fabricado em polipropileno de alta qualidade e livre de BPA, é ideal para escorrer, preparar e armazenar alimentos com eficiência.

Seu design funcional e moderno permite o uso em diversas tarefas do dia a dia: use no preparo de legumes, massas e frutas, ou até mesmo no freezer e micro-ondas, aproveitando toda a versatilidade do produto. Compacto e leve, encaixa perfeitamente em qualquer espaço da cozinha, mantendo tudo no lugar com estilo e praticidade.

A cor preta adiciona um toque de sofisticação ao ambiente, combinando com qualquer estilo de decoração. Fácil de lavar e com alta durabilidade, é o aliado ideal para quem busca funcionalidade sem abrir mão da estética.

Escolha Nitron e transforme pequenas tarefas em grandes facilidades.";;;;;;;
056.012.002;https://produto.nitron.com.br/Baixa/056_012_002-01.jpg;;;82;Escorredor Luxo com Cabo - Branco;Luxury Pasta Strainer with Handle - White;Escurridor de pasta de lujo con asa - Blanco;38.5;25;11.5;;7896779605644;Cozinha;"om o Escorredor Luxo com Cabo, suas tarefas na cozinha ganham mais praticidade e segurança. Fabricado em plástico durável e com acabamento liso, ele é ideal para escorrer alimentos variados — desde massas até legumes e frutas — mantendo o sabor e a integridade dos ingredientes.
Além disso, o cabo ergonômico oferece conforto ao manusear, mesmo com alimentos mais pesados. Seu design branco e compacto permite fácil armazenamento, combinando com qualquer estilo de cozinha.
E como é fácil de limpar, você economiza tempo no pós-preparo, tornando sua rotina ainda mais eficiente.";;;;;;;
056.012.003;https://produto.nitron.com.br/Baixa/056_012_003-01.jpg;;;82;Escorredor Luxo com Cabo - Preto;Luxury Pasta Strainer with Handle - Black;Escurridor de pasta de lujo con asa - Negro;38.5;25;11.5;;7896779605613;Cozinha;"O Escorredor Luxo com Cabo Preto é a combinação perfeita entre funcionalidade e estilo para sua cozinha. Seu design ergonômico com cabo garante segurança e conforto no manuseio, enquanto o plástico resistente oferece durabilidade para o uso diário.
Além disso, a cor preta moderna traz um toque sofisticado ao ambiente, combinando com diferentes estilos de decoração.
Por ser compacto, é fácil de armazenar e transportar. E como possui estrutura segura e material liso, evita contaminações e facilita a limpeza. Seja para massas, legumes ou frutas, ele ajuda a preservar o sabor dos alimentos com praticidade e higiene.";;;;;;;
059.012.002;https://produto.nitron.com.br/Baixa/059_012_002-01.jpg;;;74;Escorredor de Pratos - Branco (059/B);Dish Drainer - White;Escurreplatos - Blanco;42.2;30.5;9.5;;7896779605941;Cozinha;"O Escorredor de Pratos Branco da Nitron combina design moderno e funcionalidade inteligente para transformar sua rotina na cozinha. Com compartimentos específicos para pratos, talheres e utensílios, ele facilita a organização e a secagem da louça, mantendo a bancada limpa e prática.

Fabricado em polipropileno de alta resistência, é leve, durável e livre de BPA, garantindo segurança para você e sua família. Sua cor branca clean se adapta facilmente a diferentes estilos de cozinha, do minimalista ao clássico, oferecendo um toque de sofisticação ao ambiente.

Ideal para espaços compactos, ele mede 42,5 cm de comprimento, 30,5 cm de largura e 9,5 cm de altura, otimizando o uso da pia sem ocupar muito espaço. Fácil de limpar e armazenar, é o item indispensável para quem busca praticidade sem abrir mão do estilo.";;;;;;;
059.012.003;https://produto.nitron.com.br/Baixa/059_012_003-01.jpg;;Destaque;74;Escorredor de Pratos - Preto (059/B);Dish Drainer - Black;Escurridor de platos - Negro;42.2;30.5;9.5;;7896779605910;Cozinha;"Transforme sua cozinha com o Escorredor de Pratos Preto da Nitron, uma solução funcional e sofisticada para o dia a dia. Com design moderno e compartimentos inteligentes, ele permite organizar pratos, talheres e utensílios de forma prática, mantendo sua bancada limpa e elegante.

Feito de polipropileno resistente e livre de BPA, garante segurança à saúde e durabilidade no uso diário. Seu formato compacto (42,5 cm de comprimento, 30,5 cm de largura e 9,5 cm de altura) é ideal para cozinhas com pouco espaço, sem abrir mão da organização.

A cor preta, neutra e elegante, combina com diferentes estilos de decoração, trazendo um toque contemporâneo para o ambiente. Fácil de limpar e resistente à umidade, é perfeito para quem busca um produto confiável, durável e bonito.";;;;;;;
059.012.086;https://produto.nitron.com.br/Baixa/059_012_086-01.jpg;;;74;Escorredor de Pratos - Chumbo (059/B);Dish Drainer - Lead;Escurreplatos - Plomo;42.2;30.5;9.5;;7896779659180;Cozinha;"Organização e estilo andam juntos com o Escorredor de Pratos Chumbo da Nitron. Com design moderno e acabamento sofisticado, ele transforma qualquer cozinha em um espaço mais prático e elegante. Ideal para secar pratos, talheres e utensílios, possui divisórias inteligentes que otimizam o espaço e mantêm tudo no lugar.

Produzido em polipropileno resistente e livre de BPA, é leve, durável e seguro para o uso diário. Com apenas 260 g, pode ser facilmente movido ou reposicionado conforme a necessidade. Suas dimensões (42,5 cm de comprimento, 30,5 cm de largura e 9,5 cm de altura) tornam o produto ideal para cozinhas pequenas e médias.

A cor chumbo oferece um visual neutro e sofisticado, que combina com todos os estilos – do minimalista ao vibrante. É fácil de limpar e versátil o suficiente para servir também como organizador de bancada ou suporte para outros itens leves.";;;;;;;
060.012.002;https://produto.nitron.com.br/Baixa/060_012_002-01.jpg;;Destaque;76;Porta Talheres Paris com 4 Divisórias e Tampa - Branco;Paris Cutlery Holder with 4 Compartments and Lid - White;Portacubiertos Paris con 4 divisores y tapa - Blanco;32.5;21;5;;7896779660216;Cozinha;"Com o Porta Talheres Paris com Tampa, manter sua cozinha organizada fica muito mais fácil. Equipado com 4 divisórias e uma tampa transparente, ele é ideal para armazenar e proteger talheres tanto na gaveta quanto no transporte para eventos, piqueniques ou viagens.
Além disso, sua base branca e o acabamento clean combinam com qualquer estilo de decoração, trazendo um toque de leveza e praticidade ao ambiente.
Feito em plástico resistente e livre de BPA, o produto oferece segurança para o uso diário e uma longa vida útil. E como seu material é liso, a limpeza é simples, tornando sua rotina ainda mais prática.";;;;;;;
060.012.003;https://produto.nitron.com.br/Baixa/060_012_003-01.jpg;;Destaque;76;Porta Talheres Paris com 4 Divisórias e Tampa - Preto;Paris Cutlery Holder with 4 Compartments and Lid - Black;Portacubiertos Paris con 4 divisores y tapa - Negro;32.5;21;5;;7896779660919;Cozinha;"Com o Porta Talheres Preto com Tampa, sua cozinha fica mais organizada e elegante ao mesmo tempo. Com 4 divisórias internas e tampa transparente removível, ele garante proteção e praticidade tanto no uso diário quanto no transporte de talheres para eventos, viagens ou piqueniques.
Além disso, seu design moderno com base preta combina facilmente com ambientes variados, oferecendo um visual discreto e sofisticado.
Fabricado em plástico polipropileno, é durável, resistente e livre de BPA — ou seja, totalmente seguro para contato com utensílios que estarão em contato com alimentos. E por ser compacto, se encaixa com facilidade em gavetas ou armários, otimizando o espaço da cozinha.";;;;;;;
062.012.002;https://produto.nitron.com.br/Baixa/062_012_002-01.jpg;;Destaque;5;Caixa Organizadora Rattan com Tampa - Branca 4L;Rattan Organizer Box with Lid - White 4L;Caja Organizadora de Ratán con Tapa - Blanco 4L;25.5;20;10.7;4L;7896779606245;Organização;A Caixa Organizadora Rattan com Tampa - Branca 4L é a solução ideal para quem busca organização e estilo em um único produto. Com um design moderno e discreto, esta caixa combina a elegância do estilo Rattan com praticidade, graças à sua tampa com encaixe perfeito e largo, que evita deslizamentos indesejados. Além disso, suas alças laterais tornam o transporte e manuseio mais fáceis. Importante ressaltar que, sendo BPA FREE, ela é segura para o armazenamento de diferentes itens, enquanto seu design permite um empilhamento estável e seguro. Por isso, organize seus espaços e ganhe em praticidade e visual atraente com essa incrível caixa organizadora.;;;;;;;
062.012.003;https://produto.nitron.com.br/Baixa/062_012_003-01.jpg;;Destaque;5;Caixa Organizadora Rattan com Tampa - Preta 4L;Rattan Organizer Box with Lid - Black 4L;Caja Organizadora de Ratán con Tapa - Negro 4L;25.5;20;10.7;4L;7896779650620;Organização;A Caixa Organizadora Rattan com Tampa - Preta 4L é a solução ideal para quem busca organização e estilo em um único produto. Com um design moderno e discreto, esta caixa combina a elegância do estilo Rattan com praticidade, graças à sua tampa com encaixe perfeito e largo, que evita deslizamentos indesejados. Além disso, suas alças laterais tornam o transporte e manuseio mais fáceis. Importante ressaltar que, sendo BPA FREE, ela é segura para o armazenamento de diferentes itens, enquanto seu design permite um empilhamento estável e seguro. Por isso, organize seus espaços e ganhe em praticidade e visual atraente com essa incrível caixa organizadora.;;;;;;;
062.012.086;https://produto.nitron.com.br/Baixa/062_012_086-01.jpg;;;5;Caixa Organizadora Rattan com Tampa - Chumbo 4L;Rattan Organizer Box with Lid - Lead 4L;Caja Organizadora de Ratán con Tapa - Plomo 4L;25.5;20;10.7;4L;7896779628636;Organização;A Caixa Organizadora Rattan com Tampa - Chumbo 4L é a solução ideal para quem busca organização e estilo em um único produto. Com um design moderno e discreto, esta caixa combina a elegância do estilo Rattan com praticidade, graças à sua tampa com encaixe perfeito e largo, que evita deslizamentos indesejados. Além disso, suas alças laterais tornam o transporte e manuseio mais fáceis. Importante ressaltar que, sendo BPA FREE, ela é segura para o armazenamento de diferentes itens, enquanto seu design permite um empilhamento estável e seguro. Por isso, organize seus espaços e ganhe em praticidade e visual atraente com essa incrível caixa organizadora.;;;;;;;
064.012.002;https://produto.nitron.com.br/Baixa/064_012_002-01.jpg;;;91;Jarra com Tubo para Gelo - Branco 2L;Jug with Ice Tube - White 2L;Jarra con tubo para hielo - Blanco 2L;20.8;14.5;19.9;2L;7896779606429;Jarras;"Ideal para quem busca manter suas bebidas geladas por mais tempo, a Jarra com Tubo de Gelo é prática, elegante e funcional. Com capacidade de 2 litros, ela conta com um tubo interno removível que armazena gelo sem entrar em contato direto com o líquido, evitando diluição e preservando o sabor.
Além disso, seu design moderno com corpo transparente e tampa branca valoriza qualquer ambiente, desde o dia a dia até eventos especiais.
Fabricada em plástico resistente e livre de BPA, oferece segurança alimentar, durabilidade e facilidade na limpeza. Pode ser levada ao freezer e também à lava-louças, o que facilita ainda mais sua rotina.";;;;;;;
064.012.547;https://produto.nitron.com.br/Baixa/064_012_547-01.jpg;;;91;Jarra com Tubo para Gelo - Vermelho 2L;Jug with Ice Tube - Red 2L;Jarra con tubo para hielo - Roja 2L;20.8;14.5;19.9;2L;7896779664122;Jarras;"Com a Jarra com Tubo de Gelo Vermelha, você mantém suas bebidas geladas por mais tempo sem abrir mão do sabor. Seu tubo interno exclusivo armazena o gelo de forma separada, evitando que a água derretida entre em contato com o líquido, o que garante uma experiência mais refrescante e saborosa.
Além disso, o corpo transparente com tampa e tubo vermelhos proporciona um visual moderno que combina com qualquer ocasião — desde almoços em família até piqueniques ao ar livre.
Fabricada em plástico livre de BPA, essa jarra oferece segurança alimentar, praticidade no uso e facilidade na limpeza, já que pode ser lavada em lava-louças e usada no freezer com tranquilidade.


Capacidade : 2 litros.
Design Inovador : Possui um tubo interno para armazenamento de gelo, mantendo as bebidas geladas sem diluí-las com água derretida.
Materiais : Feita de plástico livre de BPA (Bisfenol-A), garantindo maior segurança à saúde.
Dimensões :
Comprimento: 20,8 cm
Largura: 14,5 cm
Altura: 20 cm
Cores :
Tubo e tampa: Vermelho
Corpo: Transparente
Funcionalidades :
Mantém as bebidas geladas por mais tempo.
Prática para uso em encontros familiares ou sociais.
Ideal para momentos especiais ou ocasiões informais.
Modo de Uso :
Deve ser lavada antes do primeiro uso.
Resistente ao congelamento (pode ser usado no freezer).
Lavável na máquina de lavar louça.
Atributos Adicionais :
Resistência : Indicação para evitar quedas, sugerindo que o material pode ser resistente, mas não indestrutível.
Sustentabilidade : Embora não mencionado explicitamente, o fato de ser livre de BPA pode indicar preocupação ambiental e com a saúde do usuário.
Atributos Pertinentes ao Produto:

Portabilidade : O design compacto e prático permite transporte fácil para picnics, churrascos ou outras atividades ao ar livre.
Segurança Alimentar : A ausência de BPA torna o produto seguro para contato direto com alimentos e bebidas, inclusive para crianças.
Facilidade de Limpeza : Compatibilidade com lava-louças facilita a higienização, proporcionando praticidade no dia a dia.
Versatilidade : Adequada para diversas bebidas, como água, sucos, chá gelado, entre outros, sendo uma ótima opção tanto para uso doméstico quanto em eventos.
Estilo Visual : O contraste das cores (corpo transparente e detalhes em vermelho) adiciona um toque moderno e atraente ao design, combinando bem com diferentes ambientes.""";;;;;;;
065.012.002;https://produto.nitron.com.br/Baixa/065_012_002-01.jpg;;;5;Caixa Organizadora Rattan com Tampa - Branca 2L (065/B);Rattan Organizer Box with Lid - White 2L;Caja Organizadora de Ratán con Tapa - Blanco 2L;20.5;15.4;9;2L;7896779660650;Organização;A Caixa Organizadora Rattan com Tampa - Branca 2L é uma solução moderna e discreta para todas as suas necessidades de organização. Primeiro, seu estilo elegante de Rattan confere um design diferenciado que se integra facilmente em diversos ambientes, desde salas de estar até escritórios. Além disso, o design exclusivo permite o empilhamento seguro das caixas, evitando que entortem ou deslizem durante o uso. Com alças laterais práticas, o transporte e manuseio nunca foram tão fáceis. Finalmente, graças ao seu tamanho compacto, ela otimiza espaço, cabendo em praticamente qualquer ambiente. Construída com material resistente, esta caixa é durável e não se deforma facilmente ao longo do tempo.;;;;;;;
065.012.003;https://produto.nitron.com.br/Baixa/065_012_003-01.jpg;;;5;Caixa Organizadora Rattan com Tampa - Preta 2L (065/P);Rattan Organizer Box with Lid - Black 2L;Caja Organizadora de Ratán con Tapa - Negro 2L;20.5;15.4;9;2L;7896779670659;Organização;A Caixa Organizadora Rattan com Tampa - Preta 2L é uma solução moderna e discreta para todas as suas necessidades de organização. Primeiro, seu estilo elegante de Rattan confere um design diferenciado que se integra facilmente em diversos ambientes, desde salas de estar até escritórios. Além disso, o design exclusivo permite o empilhamento seguro das caixas, evitando que entortem ou deslizem durante o uso. Com alças laterais práticas, o transporte e manuseio nunca foram tão fáceis. Finalmente, graças ao seu tamanho compacto, ela otimiza espaço, cabendo em praticamente qualquer ambiente. Construída com material resistente, esta caixa é durável e não se deforma facilmente ao longo do tempo.;;;;;;;
065.012.086;https://produto.nitron.com.br/Baixa/065_012_086-01.jpg;;;5;Caixa Organizadora Rattan com Tampa - Chumbo 2L;Rattan Organizer Box with Lid - Lead 2L;Caja Organizadora de Ratán con Tapa - Plomo 2L;20.5;15.4;9;2L;7896779665204;Organização;A Caixa Organizadora Rattan com Tampa - Chumbo 2L é uma solução moderna e discreta para todas as suas necessidades de organização. Primeiro, seu estilo elegante de Rattan confere um design diferenciado que se integra facilmente em diversos ambientes, desde salas de estar até escritórios. Além disso, o design exclusivo permite o empilhamento seguro das caixas, evitando que entortem ou deslizem durante o uso. Com alças laterais práticas, o transporte e manuseio nunca foram tão fáceis. Finalmente, graças ao seu tamanho compacto, ela otimiza espaço, cabendo em praticamente qualquer ambiente. Construída com material resistente, esta caixa é durável e não se deforma facilmente ao longo do tempo.;;;;;;;
067.012.002;https://produto.nitron.com.br/Baixa/067_012_002-01.jpg;;;81;Saleiro - Transparente e Branco;Salt Shaker - Transparent and White;Salero - Transparente y Blanco;16;11;12;1KG;7896779606764;Cozinha;"O Saleiro Transparente Branco da Nitron é a combinação perfeita de design funcional, durabilidade e elegância. Ideal para cozinhas modernas ou clássicas, ele oferece uma solução prática para armazenar sal de maneira higiênica e organizada, sem ocupar espaço na bancada.

Seu design ergonômico e compacto (11cm x 16cm x 12cm) permite fixação direta na parede, otimizando o uso do espaço e deixando o sal sempre ao alcance das mãos. Fabricado em polipropileno resistente e livre de BPA, o saleiro é leve, fácil de limpar e seguro para uso diário.

A tampa basculante garante proteção contra umidade e sujeira, mantendo o sal sempre seco e pronto para uso. Com visual clean e acabamento branco sofisticado, o produto se adapta a qualquer estilo de decoração e contribui para uma cozinha mais organizada e estilosa.";;;;;;;
067.012.003;https://produto.nitron.com.br/Baixa/067_012_003-01.jpg;;;81;Saleiro - Transparente e Preto;Salt Shaker - Transparent and Black;Salero - Transparente y Negro;16;11;12;1KG;7896779606726;Cozinha;"O Saleiro Transparente Preto da Nitron é a combinação perfeita de design funcional, durabilidade e elegância. Ideal para cozinhas modernas ou clássicas, ele oferece uma solução prática para armazenar sal de maneira higiênica e organizada, sem ocupar espaço na bancada.

Seu design ergonômico e compacto (11cm x 16cm x 12cm) permite fixação direta na parede, otimizando o uso do espaço e deixando o sal sempre ao alcance das mãos. Fabricado em polipropileno resistente e livre de BPA, o saleiro é leve, fácil de limpar e seguro para uso diário.

A tampa basculante garante proteção contra umidade e sujeira, mantendo o sal sempre seco e pronto para uso. Com visual clean e acabamento preto sofisticado, o produto se adapta a qualquer estilo de decoração e contribui para uma cozinha mais organizada e estilosa.";;;;;;;
068.012.002;https://produto.nitron.com.br/Baixa/068_012_002-01.jpg;;Destaque;5;Caixa Organizadora Rattan com Tampa - Branca 8L (068/B);Rattan Organizer Box with Lid - White 8L;Caja organizadora de ratán con tapa - Blanco 8L;32.3;22.5;14.8;8L;7896779606849;Organização;A Caixa Organizadora Rattan com Tampa - Branca 8L é ideal para quem busca organização e estilo em seus ambientes. Com um estilo rattan elegante, esta caixa traz um toque sofisticado e moderno para qualquer espaço. Além disso, acompanha uma tampa com encaixe perfeito e largo, garantindo que sua tampa não escorregue nem saia facilmente. De forma adicional, seu design inteligente permite que você empilhe as caixas sem risco de entortar ou deslizar. Para facilitar ainda mais, possuí alças laterais, tornando o transporte e o manuseio extremamente práticos. Assim sendo, este produto é a solução ideal para manter seus pertences organizados com fácil acesso e máximo estilo.;;;;;;;
068.012.003;https://produto.nitron.com.br/Baixa/068_012_003-01.jpg;;Destaque;5;Caixa Organizadora Rattan com Tampa - Preta 8L (068/P);Rattan Organizer Box with Lid - Black 8L;Caja organizadora de ratán con tapa - Negro 8L;32.3;22.5;14.8;8L;7896779650682;Organização;A Caixa Organizadora Rattan com Tampa - Preta 8L é ideal para quem busca organização e estilo em seus ambientes. Com um estilo rattan elegante, esta caixa traz um toque sofisticado e moderno para qualquer espaço. Além disso, acompanha uma tampa com encaixe perfeito e largo, garantindo que sua tampa não escorregue nem saia facilmente. De forma adicional, seu design inteligente permite que você empilhe as caixas sem risco de entortar ou deslizar. Para facilitar ainda mais, possuí alças laterais, tornando o transporte e o manuseio extremamente práticos. Assim sendo, este produto é a solução ideal para manter seus pertences organizados com fácil acesso e máximo estilo.;;;;;;;
068.012.086;https://produto.nitron.com.br/Baixa/068_012_086-01.jpg;;;5;Caixa Organizadora Rattan com Tampa - Chumbo 8L;Rattan Organizer Box with Lid - Lead 8L;Caja Organizadora de Ratán con Tapa - Plomo 8L;32.3;22.5;14.8;8L;7896779668212;Organização;A Caixa Organizadora Rattan com Tampa - Chumbo 8L é ideal para quem busca organização e estilo em seus ambientes. Com um estilo rattan elegante, esta caixa traz um toque sofisticado e moderno para qualquer espaço. Além disso, acompanha uma tampa com encaixe perfeito e largo, garantindo que sua tampa não escorregue nem saia facilmente. De forma adicional, seu design inteligente permite que você empilhe as caixas sem risco de entortar ou deslizar. Para facilitar ainda mais, possuí alças laterais, tornando o transporte e o manuseio extremamente práticos. Assim sendo, este produto é a solução ideal para manter seus pertences organizados com fácil acesso e máximo estilo.;;;;;;;
069.006.002;https://produto.nitron.com.br/Baixa/069_006_002-01.jpg;;Destaque;5;Caixa Organizadora Rattan com Tampa - Branca 16L (069/B);Rattan Organizer Box with Lid - White 16L;Caja Organizadora de Ratán con Tapa - Blanco 16L;38.5;28;19;16L;7896779603695;Organização;"Organize com estilo e praticidade com a Caixa Organizadora 16L Rattan Branco da Nitron. Com um design rústico-chique que valoriza qualquer ambiente, ela é perfeita para quem busca funcionalidade e estética no dia a dia.

Fabricada em polipropileno resistente e livre de BPA, a caixa é segura para armazenar desde documentos e acessórios pessoais até itens de cozinha, brinquedos ou roupas de cama. Sua tampa com encaixe firme protege os objetos da poeira, enquanto a alça prática facilita o transporte entre cômodos.

Com capacidade de 16 litros, é ideal para otimizar o espaço com organização, mantendo tudo em ordem sem comprometer a decoração. A textura em estilo rattan branco proporciona um toque leve, sofisticado e versátil – combinando com ambientes minimalistas, industriais ou clássicos.";;;;;;;
069.006.003;https://produto.nitron.com.br/Baixa/069_006_003-01.jpg;;Destaque;5;Caixa Organizadora Rattan com Tampa - Preta 16L (069/P);Rattan Organizer Box with Lid - Black 16L;Caja Organizadora de Ratán con Tapa - Negro 16L;38.5;28;19;16L;7896779607693;Organização;A Caixa Organizadora Rattan com Tampa - Preta 16L é a escolha ideal para quem busca organização combinada com estilo. Aliando a estética rattan a uma cor preta sofisticada, esta caixa se integra de forma discreta em qualquer ambiente. Além disso, sua praticidade é inigualável, uma vez que acomoda uma diversidade de itens, de papéis e produtos de higiene a alimentos, brinquedos, roupas e maquiagem. Com alças laterais que facilitam o transporte e um design feito para empilhamento seguro, você poderá otimizar espaços sem abrir mão da segurança e da integridade dos seus pertences. Ademais, graças ao seu material resistente, a durabilidade é garantida, evitando deformações e garantindo que suas caixas continuarão organizadas e elegantes por muito tempo.;;;;;;;
069.006.086;https://produto.nitron.com.br/Baixa/069_006_086-01.jpg;;;5;Caixa Organizadora Rattan com Tampa - Chumbo 16L;Rattan Organizer Box with Lid - Lead 16L;Caja Organizadora de Ratán con Tapa - Plomo 16L;38.5;28;19;16L;7896779606948;Organização;O Conj. Porta Detergente Flat com 2 Peças - Chumbo 500ml é a escolha ideal para quem busca praticidade e organização no dia a dia. Função prática : Organiza a pia da cozinha de forma eficiente, mantendo detergente e esponja sempre à mão. Design moderno e elegante : A cor chumbo adiciona um toque sofisticado ao ambiente. Capacidade : Compartimento para detergente com capacidade de 500ml. Espaço para esponja : Inclui área específica para armazenar a esponja de limpeza. Dimensões compactas : Medidas de 20cm (altura) x 17cm (largura) x 9cm (profundidade). Marca : Nitron. Cor : Chumbo. Perfeito para conservar alimentos com estilo e segurança, ele combina design funcional com a resistência dos produtos Nitron.;;;;;;;
070.006.002;https://produto.nitron.com.br/Baixa/070_006_002-01.jpg;;;82;Escorredor Luxo - Branco;Luxury Pasta Strainer - White;Escurridor de pasta de lujo - Blanco;34.8;27.8;14.5;;7896779607044;Cozinha;"O Escorredor com Alças Branco é o aliado perfeito para quem busca praticidade e segurança no preparo dos alimentos. Com alças ergonômicas, ele garante firmeza e conforto durante o uso, seja para escorrer massas, lavar legumes ou enxaguar frutas.
Além disso, seu design clean e moderno combina com qualquer ambiente de cozinha, e seu material de alta qualidade é livre de BPA, oferecendo mais segurança para o uso alimentar no dia a dia.
Por ser leve e compacto, é fácil de transportar, usar e guardar. E como seu plástico é resistente e de fácil limpeza, ele se torna um item funcional e durável para todas as rotinas culinárias.";;;;;;;
070.006.003;https://produto.nitron.com.br/Baixa/070_006_003-01.jpg;;Destaque;82;Escorredor Luxo - Preto;Luxury Pasta Strainer - Black;Escurridor de pasta de lujo - Negro;34.8;27.8;14.5;;7896779607013;Cozinha;"O Escorredor com Alças Preto é a combinação ideal entre praticidade, segurança e estilo para sua cozinha. Com alças ergonômicas que garantem conforto no manuseio, ele é perfeito para escorrer massas, lavar vegetais, legumes ou frutas de forma rápida e eficiente.
Além disso, seu acabamento preto confere um visual moderno e sofisticado, que se adapta facilmente a diferentes estilos de cozinha.
Fabricado em plástico de alta qualidade e livre de BPA, o produto oferece segurança alimentar, resistência e durabilidade. Compacto e fácil de guardar, é um item funcional que torna o preparo das refeições muito mais prático.";;;;;;;
075.024.001;https://produto.nitron.com.br/Baixa/075_024_001-01.jpg;;;54;Sanduicheira Pratic - 600ml (075);Pratc Sandwich Maker - 600ml;Sandwichera Pratic - 600ml;13.9;12.5;7;600ml;7896779600755;Potes;0;;;;;;;
076.024.001;https://produto.nitron.com.br/Baixa/076_024_001-01.jpg;;;108;Saboneteira com Tampa - Transparente;Soap Dish with Lid - Transparent;Jabonera con Tapa - Transparente;10.8;7.8;4.2;;7896779607617;Banheiro;0;;;;;;;
076.024.066;https://produto.nitron.com.br/Baixa/076_024_066-01.jpg;;;108;Saboneteira com Tampa - Fumê;Soap Dish with Lid - Smoked;Jabonera con Tapa - Humo;10.8;7.8;4.2;;7896779607631;Banheiro;0;;;;;;;
077.012.002;https://produto.nitron.com.br/Baixa/077_012_002-01.jpg;;;82;Escorredor Ideal - Branco;Ideal Pasta Strainer - White;Escurridor de pasta Ideal - Blanco;26.7;24;10;;7896779607747;Cozinha;0;;;;;;;
077.012.003;https://produto.nitron.com.br/Baixa/077_012_003-01.jpg;;;82;Escorredor Ideal - Preto;Ideal Pasta Strainer - Black;Escurridor de pasta Ideal - Negro;26.7;24;10;;7896779607723;Cozinha;0;;;;;;;
078.036.001;https://produto.nitron.com.br/Baixa/078_036_001-01.jpg;;Destaque;91;Forma de Gelo Firenze (078);Firenze Ice Tray;Forma de hielo de Florencia;28.3;10.7;3.8;;7896779600786;Cozinha;0;;;;;;;
079.012.002;https://produto.nitron.com.br/Baixa/079_012_002-01.jpg;;Destaque;109;Porta Shampoo e Prateleira Madri - Branco (079/B);Madrid Shampoo Holder and Shelf - White;Porta Champú y Estante Madrid - Blanco;17;9.2;39.6;;7896779607976;Banheiro;"O Porta Shampoo e Prateleira Madri é a solução ideal para quem busca organização e praticidade no banheiro. Com design moderno e discreto, ele acomoda itens como shampoo, condicionador, sabonete, escova de dentes e esponjas em uma única peça, facilitando o acesso durante o banho.
Além disso, seu material em plástico polipropileno é resistente à umidade, durável e fácil de limpar. Por ser compacto e leve, adapta-se perfeitamente a espaços reduzidos, como boxes pequenos.
Outro ponto importante é a segurança: o produto é livre de BPA, garantindo proteção à saúde no uso diário. Com instalação simples na parede, otimiza o espaço e mantém tudo no lugar com estilo.";;;;;;;
079.012.003;https://produto.nitron.com.br/Baixa/079_012_003-01.jpg;;Destaque;109;Porta Shampoo e Prateleira Madri - Preto (079/P);Madrid Shampoo Holder and Shelf - Black;Porta Champú y Estante Madrid - Negro;17;9.2;39.6;;7896779607983;Banheiro;"O Porta Shampoo e Prateleira Madri Preto é a escolha perfeita para quem deseja manter o box organizado com estilo e funcionalidade. Com capacidade para acomodar shampoo, condicionador, sabonete, escova de dentes e outros itens de higiene, ele centraliza tudo em uma única peça, facilitando o uso no dia a dia.
Além disso, seu design moderno em preto fosco combina com diferentes estilos de decoração, trazendo elegância ao ambiente. Fabricado em plástico polipropileno livre de BPA, é resistente à umidade e seguro para uso diário.
Leve, compacto e fácil de instalar, é ideal para otimizar espaço em banheiros pequenos ou médios, mantendo tudo ao alcance das mãos com segurança e praticidade.";;;;;;;
081.012.002;https://produto.nitron.com.br/Baixa/081_012_002-01.jpg;;;78;Porta Papel Toalha - Branco;Paper Towel Holder - White;Soporte para toallas de papel - Blanco;19.5;14.8;26.3;;7896779608164;Cozinha;0;;;;;;;
081.012.003;https://produto.nitron.com.br/Baixa/081_012_003-01.jpg;;;78;Porta Papel Toalha - Preto;Paper Towel Holder - Black;Soporte para toallas de papel - Negro;19.5;14.8;26.3;;7896779681105;Cozinha;0;;;;;;;
088.012.002;https://produto.nitron.com.br/Baixa/088_012_002-01.jpg;;;90;Jarra Estrela com Tampa - Branco 1,6L;Star Jug with Lid - White 1.6L;Tarro Estrella con Tapa - Blanco 1.6L;18;13;17.4;1,6L;7896779608843;Jarras;0;;;;;;;
088.012.547;https://produto.nitron.com.br/Baixa/088_012_547-01.jpg;;;90;Jarra Estrela com Tampa - Vermelho 1,6L;Star Jug with Lid - Red 1.6L;Tarro Estrella con Tapa - Rojo 1.6L;18;13;17.4;1,6L;7896779688159;Jarras;0;;;;;;;
090.012.002;https://produto.nitron.com.br/Baixa/090_012_002-01.jpg;;;81;Saleiro Rubi - Transparente e Branco 1 Kg;Rubi Salt Shaker - Transparent and White 1 Kg;Salero Ruby - Transparente y Blanco 1 Kg;17.5;11;12;1Kg;7896779609031;Cozinha;"Prático e elegante, o Saleiro Rubi de 1 kg é a escolha certa para quem busca organização e funcionalidade na cozinha. Com design moderno nas cores branca e transparente, ele se integra perfeitamente a diferentes estilos de ambiente, oferecendo um visual limpo e sofisticado.
Além disso, sua capacidade de 1 kg é ideal tanto para uso doméstico quanto profissional, como em restaurantes ou buffets.
Fabricado em polipropileno resistente e livre de BPA, o produto é seguro para contato com alimentos e fácil de limpar. Compacto e ergonômico, facilita o manuseio e o armazenamento no dia a dia.";;;;;;;
090.012.003;https://produto.nitron.com.br/Baixa/090_012_003-01.jpg;;;81;Saleiro Rubi - Transparente e Preto 1 Kg;Rubi Salt Shaker - Transparent and Black 1 Kg;Salero Ruby - Transparente y Negro 1 Kg;17.5;11;12;1Kg;7896779609055;Cozinha;"O Saleiro Rubi de 1 kg, na versão transparente com tampa preta, é a combinação perfeita entre funcionalidade, resistência e estilo. Seu design moderno se adapta facilmente a diferentes decorações de cozinha, proporcionando um visual elegante e discreto.
Além disso, sua capacidade generosa permite o armazenamento prolongado de sal, ideal tanto para o uso doméstico quanto comercial.
Fabricado em polipropileno durável e seguro para alimentos, o saleiro evita a absorção de umidade, mantendo o sal seco por mais tempo. Sua superfície lisa facilita a limpeza e o manuseio é confortável graças ao formato ergonômico.";;;;;;;
091.012.002;https://produto.nitron.com.br/Baixa/091_012_002-01.jpg;;;101;Lixeira Verona - Branca 4L (091/B);Verona Bin - White 4L;Basusero Verona - Blanco 4L;28;23.5;20.7;4L;7896779609147;Lixeiras;"A lixeira com tampa Verona branca 4L é a escolha ideal para quem busca funcionalidade, elegância e praticidade em um só produto. Com design moderno e discreto, ela se adapta perfeitamente a diferentes estilos de decoração, tornando-se um item versátil para ambientes compactos como banheiros, cozinhas pequenas e escritórios.

Fabricada em plástico resistente de alta qualidade, sua estrutura robusta garante durabilidade mesmo com o uso diário. A tampa articulada ajuda a manter o ambiente higiênico, controlando odores e facilitando o descarte dos resíduos de maneira prática e sem contato direto.

Seu formato compacto com capacidade de 4 litros torna o modelo ideal para quem deseja manter a organização com estilo em espaços reduzidos.";;;;;;;
091.012.003;https://produto.nitron.com.br/Baixa/091_012_003-01.jpg;;;101;Lixeira Verona - Preta 4L;Verona Bin - Black 4L;Bote de Basura Verona - Negro 4L;28;23.5;20.7;4L;7896779609178;Lixeiras;"A lixeira com tampa Verona preto 4L é a escolha ideal para quem busca funcionalidade, elegância e praticidade em um só produto. Com design moderno e discreto, ela se adapta perfeitamente a diferentes estilos de decoração, tornando-se um item versátil para ambientes compactos como banheiros, cozinhas pequenas e escritórios.

Fabricada em plástico resistente de alta qualidade, sua estrutura robusta garante durabilidade mesmo com o uso diário. A tampa articulada ajuda a manter o ambiente higiênico, controlando odores e facilitando o descarte dos resíduos de maneira prática e sem contato direto.

Seu formato compacto com capacidade de 4 litros torna o modelo ideal para quem deseja manter a organização com estilo em espaços reduzidos.";;;;;;;
092.012.002;https://produto.nitron.com.br/Baixa/092_012_002-01.jpg;;Destaque;108;Saboneteira de Parede com Ventosa - Branco;Wall-Mounted Soap Dish with Suction Cup - White;Jabonera de pared con ventosa - Blanco;13.6;9.5;7.5;;7896779609215;Banheiro;0;;;;;;;
092.012.003;https://produto.nitron.com.br/Baixa/092_012_003-01.jpg;;;108;Saboneteira de Parede com Ventosa - Preto;Wall-Mounted Soap Dish with Suction Cup - Black;Jabonera de pared con ventosa - Negro;13.6;9.5;7.5;;7896779609222;Banheiro;0;;;;;;;
093.012.002;https://produto.nitron.com.br/Baixa/093_012_002-01.jpg;;;18;Cestinho Versátil - Branco 4,2L (093/B);Versatile Basket - White 4.2L;Cesta Versátil - Blanco 4.2L;28.5;20;10.5;4,2L;7896779609345;Organização;O Cestinho Versátil - Branco 4,2L é a solução ideal para quem busca praticidade e organização no dia a dia. Com uma capacidade generosa de 4,2 litros, ele se adapta a diversas necessidades, seja para armazenar brinquedos, materiais escolares, produtos de limpeza ou itens de higiene. Além disso, seu design compacto permite que ele seja utilizado na cozinha para guardar alimentos ou até mesmo no home office para organizar documentos e acessórios. Com um acabamento sofisticado na cor preta, o Cestinho Versátil une funcionalidade e estilo, tornando qualquer ambiente mais organizado e elegante.;;;;;;;
093.012.003;https://produto.nitron.com.br/Baixa/093_012_003-01.jpg;;;18;Cestinho Versátil - Preto 4,2L (093/P);Versatile Basket - Black 4.2L;Cesta Versátil - Negro 4.2L;28.5;20;10.5;4,2L;7896779609314;Organização;O Cestinho Versátil - Preto 4,2L é a solução ideal para quem busca praticidade e organização no dia a dia. Com uma capacidade generosa de 4,2 litros, ele se adapta a diversas necessidades, seja para armazenar brinquedos, materiais escolares, produtos de limpeza ou itens de higiene. Além disso, seu design compacto permite que ele seja utilizado na cozinha para guardar alimentos ou até mesmo no home office para organizar documentos e acessórios. Com um acabamento sofisticado na cor preta, o Cestinho Versátil une funcionalidade e estilo, tornando qualquer ambiente mais organizado e elegante.;;;;;;;
094.012.002;https://produto.nitron.com.br/Baixa/094_012_002-01.jpg;;;81;Açucareiro Doçura - Branco;Sweetner Sugar Bowl - White;Azucarero Dulzura - Blanco;12.5;9;9.4;350ML;7896779609420;Cozinha;0;;;;;;;
094.012.003;https://produto.nitron.com.br/Baixa/094_012_003-01.jpg;;;81;Açucareiro Doçura - Preto;Sweetner Sugar Bowl - Black;Azucarero Dulzura - Negro;12.5;9;9.4;350ML;7896779609444;Cozinha;0;;;;;;;
095.012.002;https://produto.nitron.com.br/Baixa/095_012_002-01.jpg;;Destaque;109;Cantoneira para Banheiro Premium - Branco (095/B);Premium bathroom Corner - White;Cantoneira de baño Premium - Blanco;21.5;14.3;38.6;;7896779609574;Banheiro;A Cantoneira para Banheiro Premium - Branco da Nitron é ideal para otimizar espaço e manter seus produtos de higiene organizados. Produzida em polipropileno (PP) resistente e atóxico, é leve, durável e própria para ambientes úmidos. Seu design moderno e minimalista, na cor branca, combina facilmente com qualquer estilo de banheiro. Com formato compacto e prático, aproveita os cantos do ambiente sem ocupar espaço extra. Conta com dois furos de fixação para instalação simples em azulejos ou alvenaria. Dimensões: 38,6 cm de altura, 21,5 cm de largura e 14,3 cm de profundidade.;;;;;;;
095.012.003;https://produto.nitron.com.br/Baixa/095_012_003-01.jpg;;Destaque;109;Cantoneira para Banheiro Premium- Preto (095/P);Premium bathroom Corner- Black;Esquina del baño - Negro;21.5;14.3;38.6;;7896779609512;Banheiro;0;;;;;;;
096.012.002;https://produto.nitron.com.br/Baixa/096_012_002-01.jpg;;;71;Escorredor de Pratos Rattan - Branco (096/B);Rattan Dish Drainer - White;Escurridor de platos de ratán - Blanco;33.7;22.2;9.8;;7896779609642;Cozinha;"O Escorredor de Pratos Rattan Branco é ideal para quem busca aliar organização, elegância e praticidade na cozinha. Com capacidade para até 10 pratos, ele é perfeito para famílias pequenas ou para quem vive em espaços compactos.
Além disso, seu design clean em branco combina com qualquer decoração, trazendo leveza ao ambiente. Produzido em aço e plástico de alta qualidade, o escorredor é leve, resistente e fácil de limpar — e o melhor: o aço é tratado para resistir à ferrugem, garantindo mais durabilidade.
Graças ao formato de um andar, a secagem é rápida e eficiente, sem comprometer espaço na bancada. Versátil, ele também pode ser usado para copos, talheres e pequenos utensílios.";;;;;;;
096.012.003;https://produto.nitron.com.br/Baixa/096_012_003-01.jpg;;Destaque;71;Escorredor de Pratos Rattan - Preto (096/P);Rattan Dish Drainer - Black;Escurridor de platos de ratán - Negro;33.7;22;9.8;;7896779610969;Cozinha;"O Escorredor de Pratos Rattan Preto é a escolha ideal para quem busca funcionalidade com um toque de sofisticação. Com capacidade para até 10 pratos, ele é perfeito para cozinhas compactas e lares que prezam pela organização sem abrir mão do design.
Além disso, sua estrutura em aço e plástico de alta qualidade garante resistência à ferrugem e fácil limpeza. O visual moderno na cor preta harmoniza com diversos estilos de decoração, do clássico ao industrial.
Com apenas um andar, otimiza o espaço na bancada e garante uma secagem rápida e eficiente da louça. Leve, durável e versátil, também pode ser usado para escorrer copos, talheres e pequenos utensílios.";;;;;;;
096.012.086;https://produto.nitron.com.br/Baixa/096_012_086-01.jpg;;;71;Escorredor de Pratos Rattan - Chumbo (096/B);Rattan Dish Drainer - Lead;Escurridor de platos de ratán - Plomo;33.7;22.2;9.8;;7896779696208;Cozinha;"O Escorredor de Pratos Rattan Chumbo é a união perfeita entre praticidade e elegância. Com capacidade para até 10 pratos, ele é ideal para cozinhas pequenas ou para quem busca otimizar o espaço da bancada com estilo.
Seu design de um andar permite a secagem rápida dos utensílios, enquanto a estrutura em aço e plástico de alta qualidade garante resistência, durabilidade e proteção contra odores.
Além disso, o acabamento na cor chumbo oferece um toque moderno e neutro, que combina com diferentes estilos de decoração. Leve e fácil de transportar, ele também é simples de limpar, tornando o dia a dia muito mais funcional.";;;;;;;
097.012.001;https://produto.nitron.com.br/Baixa/097_012_001-01.jpg;;Destaque;17;Caixa Organizadora Nitronbox - Transparente 10L;Nitronbox Storage Box – Transparent 10 L;Caja Organizadora Nitronbox – Transparente 10L;41;29.3;13.6;10L;7896779600977;Organização;0;;;;;;;
098.012.999;https://produto.nitron.com.br/Baixa/098_012_999-01.jpg;;;105;Balde Limpex - Sortido 8L;;;31.2;28.3;24.3;8L;7896779609840;Limpeza;;;;;;;;
100.006.002;https://produto.nitron.com.br/Baixa/100_006_002-01.jpg;;;100;Lixeira com Pedal - Branca 7L (100/B);Pedal Bin - White 7L;Papelera con Pedal - Blanco 7L;28;23;27.2;7L;7896779610075;Lixeiras;"A lixeira branca com pedal 7L é uma solução prática, moderna e higiênica para o descarte de resíduos sólidos em ambientes internos. Fabricada em polipropileno virgem (PP), conta com pigmento preto incorporado à estrutura, o que confere resistência, durabilidade e um visual discreto e sofisticado.

Seu sistema de abertura por pedal permite o uso sem contato com as mãos, promovendo maior higiene, especialmente em áreas como cozinhas, banheiros e escritórios. Além disso, seu design compacto e superfície lisa facilitam a limpeza e manutenção diária.

Com capacidade de 7 litros, é perfeita para espaços menores, garantindo praticidade sem comprometer o estilo. Por ser 100% reciclável, o produto também se destaca como uma alternativa sustentável.";;;;;;;
100.006.003;https://produto.nitron.com.br/Baixa/100_006_003-01.jpg;;Destaque;100;Lixeira com Pedal - Preta 7L;Pedal Bin - Black 7L;Papelera con Pedal - Negro 7L;28;28;27.2;7L;7896779600328;Lixeiras;"A lixeira preta com pedal 7L é uma solução prática, moderna e higiênica para o descarte de resíduos sólidos em ambientes internos. Fabricada em polipropileno virgem (PP), conta com pigmento preto incorporado à estrutura, o que confere resistência, durabilidade e um visual discreto e sofisticado.

Seu sistema de abertura por pedal permite o uso sem contato com as mãos, promovendo maior higiene, especialmente em áreas como cozinhas, banheiros e escritórios. Além disso, seu design compacto e superfície lisa facilitam a limpeza e manutenção diária.

Com capacidade de 7 litros, é perfeita para espaços menores, garantindo praticidade sem comprometer o estilo. Por ser 100% reciclável, o produto também se destaca como uma alternativa sustentável.";;;;;;;
103.024.003;https://produto.nitron.com.br/Baixa/103_024_003-01.jpg;;Destaque;57;Marmibox com Divisória para Talheres - Preto 780ml;Marmibox with Cutlery Divider - Black 780ml;Marmibox con divisor para cubiertos - Negro 780ml;20.5;12.5;6;780ml;7896779610310;Potes;"A Marmibox com Divisória para Talheres – 780ml da Nitron é perfeita para quem busca praticidade, segurança e estilo na hora de levar suas refeições. Com design moderno na cor preta, ela se destaca não só pela estética, mas também pela funcionalidade inteligente.

Feita em polipropileno resistente, é compatível com micro-ondas e freezer, ideal para o seu dia a dia no trabalho, faculdade ou em passeios. A tampa intermediária permite separar os alimentos dos talheres, mantendo tudo organizado. Já a tampa com travas herméticas evita vazamentos e garante maior segurança durante o transporte.";;;;;;;
105.024.003;https://produto.nitron.com.br/Baixa/105_024_003-01.jpg;;Destaque;58;Marmita Bom Apetite com Bandeija e Válvula - Preto 800ml;Bom Apetite Lunch Box with tray and Valve - Black 800ml;Fiambrera Bom Appetite con Bande yja Válvula - Negro 800ml;17;12.7;7;800ml;7896779610518;Potes;0;;;;;;;
106.012.001;https://produto.nitron.com.br/Baixa/106_012_001-01.jpg;;Destaque;15;Organiza Tudo com 16 Divisórias (106);Organize Everything with 16 Dividers;Organiza todo con 16 divisores;30;19.5;4.8;;7896779601066;Organização;"A Caixa Organizadora com 16 Divisórias é a escolha ideal para quem busca organização inteligente, praticidade e visualização fácil dos itens armazenados. Seu design transparente permite ver rapidamente o conteúdo interno, economizando tempo no dia a dia.

Com divisórias ajustáveis, ela se adapta às suas necessidades: seja para guardar bijuterias, ferramentas, cosméticos, itens de papelaria, artesanato ou miudezas em geral. Fabricada em plástico resistente, oferece durabilidade e segurança, com fechamento firme por meio de travas e dobradiças bem-acabadas.";;;;;;;
109.012.001;https://produto.nitron.com.br/Baixa/109_012_001-01.jpg;;;17;Caixa Organizadora Nitronbox - Transparente 6L;Nitronbox Storage Box – Transparent 6 L;Caja Organizadora Nitronbox – Transparente 6L;37;22.8;13;6L;7896779601097;Organização;0;;;;;;;
110.006.001;https://produto.nitron.com.br/Baixa/110_006_001-01.jpg;;;17;Caixa Organizadora Nitronbox - Transparente 20L;Nitronbox Storage Box – Transparent 20 L;Caja Organizadora Nitronbox – Transparente 20L;41;29.3;25.6;20L;7896779601103;Organização;0;;;;;;;
111.012.002;https://produto.nitron.com.br/Baixa/111_012_002-01.jpg;;;90;Espremedor Portátil Fit - Branco 510ml;Portable Fit Juicer - White 510ml;Exprimidor portátil Fit - Blanco 510ml;10.3;9.5;16.7;510ml;7896779611270;Jarras;0;;;;;;;
111.012.549;https://produto.nitron.com.br/Baixa/111_012_549-01.jpg;;Destaque;90;Espremedor Portátil Fit - Vermelho 510ml;Portable Fit Juicer - Red 510ml;Exprimidor portátil Fit - Rojo 510ml;10.3;9.5;16.7;510ml;7896779611133;Jarras;0;;;;;;;
112.012.002;https://produto.nitron.com.br/Baixa/112_012_002-01.jpg;;;91;Copo Medidor com Tampa - Branco 500ml;Measuring Cup with Lid - White 500ml;Vaso Medidor con Tapa - Blanco 500ml;9.3;8.5;16;500ml;7896779612208;Jarras;0;;;;;;;
112.012.547;https://produto.nitron.com.br/Baixa/112_012_547-01.jpg;;;91;Copo Medidor com Tampa - Vermelho 500ml;Measuring Cup with Lid - Red 500ml;Vaso Medidor con Tapa - Rojo 500ml;9.3;8.5;16;500ml;7896779612147;Jarras;0;;;;;;;
113.012.002;https://produto.nitron.com.br/Baixa/113_012_002-01.jpg;;;104;Tanquinho Porta Sabão em Barra - Branco;Small Soap Bar Holder - White;Jabonera Tanquinho en Barra - Blanco;13.2;12.9;12.2;;7896779611362;Limpeza;"O Mini Tanquinho Porta Sabão Nitron é a solução prática e charmosa para manter sua lavanderia ou área de serviço organizada e funcional. Com design exclusivo que remete a um tanquinho real, ele combina estilo, praticidade e durabilidade em um só item.

Produzido em polipropileno resistente e com diferentes opções de cores, o porta sabão é ideal para armazenar sabão em pó ou outros produtos de limpeza de forma higiênica e segura. Além disso, é BPA Free, o que significa mais tranquilidade para sua saúde e bem-estar.";;;;;;;
113.012.003;https://produto.nitron.com.br/Baixa/113_012_003-01.jpg;;;104;Tanquinho Porta Sabão em Barra - Preto;Small Soap Bar Holder - Black;Jabonera Tanquinho en Barra - Negro;13.2;12.9;12.2;;7896779613106;Limpeza;"O Mini Tanquinho Porta Sabão – Nitron é a solução prática e charmosa para manter sua lavanderia mais organizada. Com design moderno e formato divertido que remete a um tanquinho, ele combina estilo e funcionalidade no dia a dia da limpeza.

Fabricado em polipropileno resistente e livre de BPA, é seguro para armazenar sabão em pó ou líquido, cápsulas, pregadores ou outros acessórios. Compacto e durável, é ideal para espaços pequenos, trazendo um toque criativo e funcional à sua lavanderia.

✅ Destaques do Produto
Capacidade ideal para armazenar sabão e itens de lavanderia

Dimensões: 12,9 cm (C) x 13,2 cm (L) x 12,2 cm (A)

Material: Polipropileno de alta resistência

Cor: Preto elegante

BPA Free: Livre de substâncias tóxicas

Design exclusivo: Em formato de tanquinho, moderno e divertido

Versátil: Pode ser usado também para guardar cápsulas, esponjas ou pequenos utensílios";;;;;;;
114.012.002;https://produto.nitron.com.br/Baixa/114_012_002-01.jpg;;;90;Jarrinha com Espremedor - Branco 500ml;Small Jug with Squeezer - White 500ml;Jarra con Exprimidor - Blanco 500ml;16;13.2;11;500ml;7896779611447;Jarras;0;;;;;;;
114.012.547;https://produto.nitron.com.br/Baixa/114_012_547-01.jpg;;;90;Jarrinha com Espremedor - Vermelho 500ml;Small Jug with Squeezer - Red 500ml;Jarra con Exprimidor - Rojo 500ml;16;13.2;11;500ml;7896779611416;Jarras;0;;;;;;;
116.012.002;https://produto.nitron.com.br/Baixa/116_012_002-01.jpg;;;75;Porta Detergente com Telinha - Branco (116/B);Detergent Holder with Mesh - White;Porta Detergente con Rejilla - Blanco;23;10.5;6.5;;7896779611645;Cozinha;"O Porta Detergente Branco com Telinha é a solução perfeita para manter sua pia organizada, higiênica e com um toque discreto de estilo. Com um compartimento específico para detergente e outro para a bucha, ele mantém tudo no lugar certo, facilitando a rotina de limpeza da cozinha.
Além disso, sua telinha inferior permite o escoamento da água, evitando acúmulo de umidade e prevenindo o aparecimento de mofo.
Fabricado em plástico polipropileno resistente e livre de BPA, oferece segurança, durabilidade e facilidade de limpeza. Compacto e funcional, ele se adapta perfeitamente a diferentes tipos de detergente e se encaixa bem em pias de todos os tamanhos.";;;;;;;
116.012.003;https://produto.nitron.com.br/Baixa/116_012_003-01.jpg;;Destaque;75;Porta Detergente com Telinha - Preto;Detergent Holder with Mesh - Black;Porta Detergente con Rejilla - Negro;23;10.5;6.5;;7896779611676;Cozinha;"O Porta Detergente com Telinha Preto é a escolha ideal para quem busca organização e praticidade na hora de lavar a louça. Com compartimentos específicos para detergente e bucha, ele mantém os itens essenciais sempre ao alcance, otimizando o espaço na pia.
Além disso, o detalhe da telinha inferior permite que a água escorra com facilidade, evitando o acúmulo de umidade e o surgimento de mofo ou bactérias.
Produzido em polipropileno resistente e livre de BPA, o produto é seguro para uso diário, fácil de limpar e extremamente durável. Seu design moderno na cor preta se adapta perfeitamente a cozinhas contemporâneas, adicionando um toque de sofisticação ao ambiente.";;;;;;;
116.012.086;https://produto.nitron.com.br/Baixa/116_012_086-01.jpg;;;75;Porta Detergente com Telinha - Chumbo (116/B);Detergent Holder with Mesh - Lead;Porta Detergente con Rejilla - Plomo;23;10.5;6.5;;7896779668663;Cozinha;"O Porta Detergente com Telinha Chumbo é uma solução funcional e discreta para manter sua pia sempre organizada e higiênica. Com compartimentos específicos para detergente e bucha, ele facilita o acesso aos itens de limpeza durante o uso, otimizando tempo e espaço.
Além disso, o detalhe da telinha permite o escoamento da água, evitando o acúmulo de umidade que pode causar mofo e bactérias. Fabricado em plástico polipropileno resistente e livre de BPA, o produto garante segurança alimentar e durabilidade mesmo com uso frequente.
Seu acabamento na cor chumbo traz um toque contemporâneo, adaptando-se facilmente a cozinhas modernas, seja em ambientes residenciais ou comerciais.";;;;;;;
117.012.002;https://produto.nitron.com.br/Baixa/117_006_002-01.jpg;;Destaque;80;Tábua Extra Grande - Branca (117);Extra Large Board - White;Tablero Extra Grande - Blanco;39;24.5;0.5;;7896779601172;Cozinha;;;;;;;;
120.006.001;https://produto.nitron.com.br/Baixa/120_006_001-01.jpg;;;31;Frasqueira com Bandeja - Rosa 2,8L;Case with Tray - Marsala 2.8L;Estuche con Bandeja - Marsala 2.8L;24.2;16.3;12.8;2,8L;7896779612086;Frasqueiras;;;;;;;;
120.006.012;https://produto.nitron.com.br/Baixa/120_006_012-01.jpg;;Destaque;31;Frasqueira com Bandeja - Rosa 2,8L;Case with Tray - Green 2.8L;Estuche con Bandeja - Verde 2.8L;24.2;16.3;12.8;2,8L;7896779612024;Frasqueiras;"Com design compacto e funcional, a frasqueira com bandeja rosa 2,8L é a escolha perfeita para quem busca praticidade, organização e estilo no dia a dia. Ideal para armazenar e transportar produtos de beleza, ela é fabricada em plástico resistente, oferecendo durabilidade e segurança para seus itens.

Seu interior conta com uma bandeja interna removível, que otimiza o espaço e permite organizar maquiagens, pincéis e acessórios com mais eficiência. Além disso, o fechamento seguro protege os cosméticos contra impactos e vazamentos.

Perfeita tanto para profissionais da beleza quanto para amantes de maquiagem, essa frasqueira alia leveza, estilo e funcionalidade em um único produto. Leve para onde quiser com facilidade e garanta tudo sempre à mão!";;;;;;;
121.012.002;https://produto.nitron.com.br/Baixa/121_012_002-01.jpg;;;83;Escorredor de Arroz Caribe - Branco;Caribbean Rice Strainer - White;Colador de Arroz Caribe - Blanco;25.4;16.5;14.7;;7896779621057;Cozinha;"O Escorredor de Arroz Caribe Branco é o item essencial para quem busca praticidade no preparo das refeições. Com furos estrategicamente posicionados, ele garante uma lavagem eficiente do arroz, evitando desperdícios e otimizando o uso da água.
Além disso, seu design tradicional também é ideal para lavar legumes, frutas e verduras com agilidade e higiene.
Fabricado em polipropileno resistente, o escorredor suporta o uso diário na cozinha e oferece fácil limpeza graças à superfície lisa que não retém resíduos. Leve e ergonômico, é perfeito para quem deseja eficiência e funcionalidade com um visual neutro e discreto.";;;;;;;
121.012.003;https://produto.nitron.com.br/Baixa/121_012_003-01.jpg;;;83;Escorredor de Arroz Caribe - Preto;Caribbean Rice Strainer - Black;Colador de Arroz Caribe - Negro;25.4;16.5;14.7;;7896779610068;Cozinha;"O Escorredor de Arroz Caribe Preto é um item essencial para quem valoriza agilidade, higiene e eficiência na cozinha. Com furos bem posicionados, ele facilita a lavagem do arroz e de outros alimentos como frutas, legumes e verduras, evitando desperdícios e otimizando o uso da água.
Além disso, seu design clássico na cor preta traz um toque moderno ao ambiente, combinando com cozinhas contemporâneas.
Fabricado em polipropileno resistente e seguro para alimentos, o produto é leve, fácil de manusear e simples de limpar. Suas dimensões práticas permitem o uso diário sem ocupar muito espaço, oferecendo versatilidade para diversas receitas.";;;;;;;
122.012.002;https://produto.nitron.com.br/Baixa/122_012_002-01.jpg;;Destaque;108;Porta Escovas com Tampa - Branco;Brush Holder with Lid - White;Portaescobillas con Tapa - Blanco;11.5;8.9;20.2;;7896779626618;Banheiro;0;;;;;;;
122.012.003;https://produto.nitron.com.br/Baixa/122_012_003-01.jpg;;Destaque;108;Porta Escovas com Tampa - Preto;Brush Holder with Lid - Black;Portaescobillas con tapa - Negro;11.5;8.9;20.2;;7896779622726;Banheiro;O Porta Escovas com Tampa – Preto da Nitron é a solução ideal para manter sua pia do banheiro limpa, organizada e mais higiênica. Com design compacto e funcional, possui tampa removível que protege escovas e creme dental contra poeira, respingos e umidade, evitando a proliferação de bactérias. Seus compartimentos internos permitem separar os itens de forma prática, ideal para uso individual ou familiar. Produzido em plástico transparente de alta resistência e livre de BPA, é seguro para o uso diário e combina com diversos estilos de banheiro. Um item durável, leve e com excelente custo-benefício para quem valoriza bem-estar e organização.;;;;;;;
122.012.066;https://produto.nitron.com.br/Baixa/122_012_066-01.jpg;;Destaque;108;Porta Escovas com Tampa - Fumê;Brush Holder with Lid - Smoked;Portaescobillas con tapa - Ahumado;11.5;8.9;20.2;;7896779626625;Banheiro;0;;;;;;;
123.012.027;https://produto.nitron.com.br/Baixa/123_012_027-01.jpg;;;19;Caixa de Ferramentas Nitronfort - Amarela 2,2L;Nitronfort Tool Box - Yellow 2.2L;Caja de herramientas Nitronfort - Amarillo 2,2 L;29;14;9.8;2,2L;7896779612338;Organização;A Caixa de Ferramentas Nitronfort - Amarela 2,2L é a escolha ideal para quem busca organização, segurança e praticidade no dia a dia. Com um design compacto e funcional, ela oferece portabilidade máxima, facilitando o transporte das suas ferramentas onde quer que vá. Seu material reforçado garante durabilidade e resistência, protegendo contra impactos acidentais. Além disso, conta com uma trava segura para manter seus itens bem armazenados e uma alça ergonômica que torna o manuseio mais confortável.;;;;;;;
123.012.028;https://produto.nitron.com.br/Baixa/123_012_028-01.jpg;;;19;Caixa de Ferramentas Nitronfort - Laranja 2,2L;Nitronfort Tool Box - Orange 2.2L;Caja de herramientas Nitronfort - Naranja 2,2 L;29;14;9.8;2,2L;7896779612345;Organização;A Caixa de Ferramentas Nitronfort - Laranja 2,2L é a escolha ideal para quem busca organização, segurança e praticidade no dia a dia. Com um design compacto e funcional, ela oferece portabilidade máxima, facilitando o transporte das suas ferramentas onde quer que vá. Seu material reforçado garante durabilidade e resistência, protegendo contra impactos acidentais. Além disso, conta com uma trava segura para manter seus itens bem armazenados e uma alça ergonômica que torna o manuseio mais confortável.;;;;;;;
123.012.045;https://produto.nitron.com.br/Baixa/123_012_045-01.jpg;;;19;Caixa de Ferramentas Nitronfort - Azul 2,2L;Nitronfort Tool Box - Blue 2.2L;Caja de herramientas Nitronfort - Azul 2,2 L;29;14;9.8;2,2L;7896779612314;Organização;A Caixa de Ferramentas Nitronfort - Azul 2,2L é a escolha ideal para quem busca organização, segurança e praticidade no dia a dia. Com um design compacto e funcional, ela oferece portabilidade máxima, facilitando o transporte das suas ferramentas onde quer que vá. Seu material reforçado garante durabilidade e resistência, protegendo contra impactos acidentais. Além disso, conta com uma trava segura para manter seus itens bem armazenados e uma alça ergonômica que torna o manuseio mais confortável.;;;;;;;
124.012.003;https://produto.nitron.com.br/Baixa/124_012_003-01.jpg;;;57;Kit Marmita com Talheres - Preto 780ml;Lunch Box Kit with Cutlery - Black 780ml;Kit Fiambrera con Cubiertos - Negro 780ml;20.5;12.5;6;780ml;7896779612451;Potes;0;;;;;;;
125.012.001;https://produto.nitron.com.br/Baixa/125_012_001-01.jpg;;;17;Caixa Organizadora Nitronbox - Transparente 4,3L;Nitronbox Storage Box – Transparent 4.3 L;Caja Organizadora Nitronbox – Transparente 4.3L;29;17.8;14.5;4,3L;7896779601257;Organização;0;;;;;;;
126.006.001;https://produto.nitron.com.br/Baixa/126_006_001-01.jpg;;;31;Frasqueira com Bandeja - Rosa 6,2L;Case with Tray - Orange 6.2L;Estuche con Bandeja - Naranja 6.2L;28;19.8;18.8;6,2L;7896779612697;Frasqueiras;;;;;;;;
126.006.619;https://produto.nitron.com.br/Baixa/126_006_619-01.jpg;;Destaque;31;Frasqueira com Bandeja - Rosa 6,2L;Case with Tray - Turquoise 6.2L;Estuche con Bandeja - Turquesa 6.2L;28;19.8;18.8;6,2L;7896779612635;Frasqueiras;"A frasqueira grande com bandeja 6,2L é a escolha ideal para quem precisa de espaço, organização e praticidade em um só produto. Com um design alegre e moderno, ela oferece amplo espaço interno para acomodar desde cosméticos até materiais de uso profissional, como semi joias ou itens de clínica.

Seu interior conta com uma bandeja removível, que facilita a organização e proporciona acesso rápido aos itens. Além disso, sua estrutura reforçada garante segurança no transporte, mesmo com maior volume.

Leve (apenas 400g) e feita com plástico de alta qualidade, ela alia durabilidade, funcionalidade e um visual atrativo — perfeita para uso pessoal ou profissional. Um item indispensável para quem valoriza praticidade com estilo!";;;;;;;
128.012.002;https://produto.nitron.com.br/Baixa/128_012_002-01.jpg;;;104;Cestinho para Prendedor - Branco;Clothespin Basket - White;Cesta para ropa - Blanco;24;18.8;11;;7896779612826;Limpeza;"O Cestinho para Prendedor Floral Branco é a união perfeita entre organização e charme. Com design estampado e acabamento contemporâneo, ele é ideal para armazenar prendedores de roupa, mas também pode ser utilizado para guardar pequenos objetos como bijuterias, itens de costura ou materiais escolares.
Além disso, sua alça resistente permite que o cesto seja pendurado no varal, otimizando espaço e facilitando o manuseio durante o uso.
Fabricado em material durável e leve, o cestinho suporta o uso frequente, mesmo em ambientes úmidos como lavanderias. Com capacidade de 1,7 litros e dimensões compactas, é uma solução prática, portátil e estilosa para o dia a dia.";;;;;;;
128.012.003;https://produto.nitron.com.br/Baixa/128_012_003-01.jpg;;;104;Cestinho para Prendedor - Preto;Clothespin Basket - Black;Cesta para ropa - Negro;24;18.8;11;;7896779612833;Limpeza;"O Cestinho para Prendedor Floral Preto é a escolha ideal para quem busca organização com estilo. Com design moderno e estampa floral, ele vai além da funcionalidade básica, servindo como um item decorativo que combina perfeitamente com diferentes ambientes.
Sua alça branca, feita em plástico resistente, permite pendurar o cesto em varais ou ganchos, otimizando espaço e facilitando o uso no dia a dia.
Além disso, o corpo em plástico nitron oferece alta durabilidade, mesmo em ambientes úmidos como lavanderias. Compacto e versátil, com capacidade de 1,7 litros, o cestinho também pode ser utilizado para armazenar acessórios, pequenos objetos ou materiais de uso pessoal.";;;;;;;
129.012.002;https://produto.nitron.com.br/Baixa/129_012_002-01.jpg;;;76;Porta Talheres Stillo com 4 Divisórias - Branco;Stillo Cutlery Holder with 4 Compartments - White;Stillo Porta Cubiertos con 4 Divisores - Blanco;30;21.5;4.2;;7896779612949;Cozinha;0;;;;;;;
129.012.003;https://produto.nitron.com.br/Baixa/129_012_003-01.jpg;;;76;Porta Talheres Stillo com 4 Divisórias - Preto;Stillo Cutlery Holder with 4 Compartments - Black;Stillo Porta Cubiertos con 4 Divisores - Negro;30;21.5;4.2;;7896779612918;Cozinha;0;;;;;;;
130.012.002;https://produto.nitron.com.br/Baixa/130_012_002-01.jpg;;;101;Lixeira Retrátil - Branca 4L (130/B);Retractable Bin - White 4L;Basusero Retráctil - Blanco 4L;18.9;15.9;27.5;4L;7896779613045;Lixeiras;"Com design moderno e funcional, a lixeira com tampa retrátil de 4 litros é a solução prática e higiênica para ambientes compactos. Ideal para cozinhas, banheiros ou áreas de serviço, ela combina versatilidade e estética em um produto leve, resistente e fácil de usar.

Seu sistema de tampa retrátil facilita o descarte de resíduos, enquanto evita a dispersão de odores. Produzida em plástico virgem de alta qualidade, oferece durabilidade e é livre de BPA, o que a torna segura para o uso em ambientes domésticos.

Compacta e portátil, é perfeita para quem busca organização eficiente sem abrir mão do estilo. Seu visual discreto e contemporâneo se adapta facilmente a diferentes tipos de decoração.";;;;;;;
130.012.003;https://produto.nitron.com.br/Baixa/130_012_003-01.jpg;;;101;Lixeira Retrátil - Preta 4L;Retractable Bin - Black 4L;Basusero retráctil - Negro 4L;18.9;15.9;27.5;4L;7896779613083;Lixeiras;"Com design moderno e funcional, a lixeira com tampa retrátil de 4 litros é a solução prática e higiênica para ambientes compactos. Ideal para cozinhas, banheiros ou áreas de serviço, ela combina versatilidade e estética em um produto leve, resistente e fácil de usar.

Seu sistema de tampa retrátil facilita o descarte de resíduos, enquanto evita a dispersão de odores. Produzida em plástico virgem de alta qualidade, oferece durabilidade e é livre de BPA, o que a torna segura para o uso em ambientes domésticos.

Compacta e portátil, é perfeita para quem busca organização eficiente sem abrir mão do estilo. Seu visual discreto e contemporâneo se adapta facilmente a diferentes tipos de decoração.";;;;;;;
131.012.002;https://produto.nitron.com.br/Baixa/131_012_002-01.jpg;;;29;Frasqueira Medicamento - Branca 2,2L;;;29;14;9.8;;7896779631018;Frasqueiras;;;;;;;;
131.012.009;https://produto.nitron.com.br/Baixa/131_012_009-01.jpg;;;29;Frasqueira Medicamento - Vermelha 2,2L;;;29;14;9.8;;7896779631025;Frasqueiras;;;;;;;;
132.036.683;https://produto.nitron.com.br/Baixa/132_012_683-01.jpg;;;67;Prato Unitário (132);Single Plate;Plato Unitario;21.7;21.7;2.8;;7896779601325;Cozinha;;;;;;;;
133.012.002;https://produto.nitron.com.br/Baixa/133_012_002-01.jpg;;Destaque;71;Porta Detergente Rattan com Base - Branco (133/B);Rattan Detergent Holder with Base - White;Porta Detergente de Ratán con Base - Blanco;19.7;10.5;7;;7896779613342;Cozinha;"O Porta Detergente Rattan Branco é a solução ideal para quem deseja organizar a pia da cozinha com estilo e praticidade. Seu design com textura rattan confere um toque moderno e delicado, enquanto a cor branca traz leveza e versatilidade ao ambiente.
Fabricado em polipropileno resistente, ele acomoda detergente, esponja e sabão de maneira funcional, sem ocupar muito espaço. Com medidas compactas de 19,5 x 10,5 x 7 cm, adapta-se facilmente a diferentes bancadas e pode até ser utilizado em outros ambientes, como lavanderias ou banheiros.
Além disso, sua limpeza é simples e rápida, tornando-o um item durável e prático para o uso diário.";;;;;;;
133.012.003;https://produto.nitron.com.br/Baixa/133_012_003-01.jpg;;Destaque;71;Porta Detergente Rattan com Base - Preto (133/B);Rattan Detergent Holder with Base - Black;Porta Detergente de Ratán con Base - Negro;19.7;10.5;7;;7896779641338;Cozinha;"Com o Porta Detergente Rattan Preto, sua pia ganha organização e estilo em um só produto. Compacto e funcional, ele acomoda detergente, esponja e sabão com praticidade, mantendo tudo no lugar certo. Seu design em textura rattan proporciona um visual rústico-moderno, que se adapta perfeitamente a diferentes estilos de decoração.
Além disso, o acabamento preto adiciona um toque sofisticado e discreto ao ambiente.
Feito de polipropileno resistente e fácil de limpar, ele pode ser utilizado não apenas na cozinha, mas também em lavanderias e banheiros. Com dimensões reduzidas, é ideal para espaços compactos, oferecendo funcionalidade sem comprometer o visual do ambiente.";;;;;;;
133.012.086;https://produto.nitron.com.br/Baixa/133_012_086-01.jpg;;;71;Porta Detergente Rattan com Base - Chumbo (133/B);Rattan Detergent Holder with Base - Lead;Porta Detergente de Ratán con Base - Plomo;19.7;10.5;7;;7896779633203;Cozinha;"O Porta Detergente Rattan Chumbo é a escolha perfeita para quem deseja manter a cozinha ou lavanderia organizada com um toque de sofisticação. Seu design com textura rattan transmite modernidade e delicadeza, enquanto o tom chumbo neutro combina com diversos estilos de decoração.
Além disso, suas dimensões compactas (19,5 x 10,5 x 7 cm) otimizam o espaço da pia, acomodando com facilidade detergente, esponja e sabão. Fabricado em polipropileno resistente, é leve, durável e fácil de limpar.
Embora não possua furos de drenagem ou superfície antiderrapante, sua estrutura é estável e prática para o uso diário em diferentes ambientes.";;;;;;;
134.012.002;https://produto.nitron.com.br/Baixa/134_012_002-01.jpg;;Destaque;97;Lixeira Basculante Rattan - Branca 4,5L (134/B);Rattan Tipping Bin - White 4.5L;Papelera basculante de ratán - Blanco 4,5 L;19;16;30;4,5L;7896779613441;Lixeiras;"A Lixeira de Pia Rattan Basculante 4,5L da Nitron é a solução prática e discreta que sua cozinha ou banheiro precisa. Com design moderno, acabamento que remete à textura rattan e formato compacto, ela combina funcionalidade com estilo para manter seus ambientes sempre organizados e higiênicos.

Feita em polipropileno de alta resistência e livre de BPA, é segura para o uso doméstico e ideal para quem busca praticidade no dia a dia. Sua tampa basculante permite o descarte de resíduos sem contato direto com a tampa, facilitando a rotina e contribuindo para um ambiente mais limpo. ✅ Destaques do Produto
Capacidade: 4,5 litros, perfeita para uso sobre pias, bancadas ou em pequenos espaços

Design: Textura rattan, branco neutro e moderno, que combina com qualquer decoração

Tampa basculante removível: Praticidade no uso e facilidade na limpeza

Material resistente: Fabricada em polipropileno durável, leve e seguro

Dimensões: 30 cm (A) x 19 cm (C) x 16 cm (L) | Peso: 240g";;;;;;;
134.012.003;https://produto.nitron.com.br/Baixa/134_012_003-01.jpg;;Destaque;97;Lixeira Basculante Rattan - Preta 4,5L (134/B);Rattan Tipping Bin - Black 4.5L;Papelera basculante de ratán - Negro 4,5 L;19;16;30;4,5L;7896779651344;Lixeiras;"A Lixeira Basculante Rattan 4,5L da Nitron é a escolha ideal para manter a organização e a higiene em ambientes como cozinhas e banheiros. Com design compacto, formato quadrado e acabamento em textura rattan, ela alia funcionalidade e estilo em um único produto.

Com capacidade de 4,5 litros, é perfeita para espaços menores, como bancadas, sob pias ou lavanderias. Seu sistema basculante com tampa removível facilita o descarte e a limpeza, e o material em polipropileno resistente e livre de BPA garante durabilidade e segurança para o uso doméstico.

Disponível na cor preta, adapta-se facilmente a diferentes estilos de decoração com um toque discreto e moderno.";;;;;;;
134.012.086;https://produto.nitron.com.br/Baixa/134_012_086-01.jpg;;;97;Lixeira Basculante Rattan - Chumbo 4,5L (134/B);Rattan Tipping Bin - Lead 4.5L;Papelera basculante de ratán - Plomo 4,5 L;19;16;30;4,5L;7896779634194;Lixeiras;"A Lixeira Basculante Rattan 4,5 Litros é a escolha perfeita para quem busca organização, praticidade e estilo em ambientes como cozinha, banheiro ou lavanderia. Com design quadrado e textura rattan, ela traz um toque de sofisticação, enquanto ocupa pouco espaço e se adapta com facilidade a diferentes decorações.

Fabricada em polipropileno de alta resistência, é um produto livre de BPA, garantindo mais segurança para toda a família. A tampa basculante e removível facilita o descarte diário e é compatível com sacos coletores, tornando a limpeza mais prática.";;;;;;;
135.024.001;https://produto.nitron.com.br/Baixa/135_024_001-01.jpg;;Destaque;86;Tampa para Micro-ondas - Transparente (135);Microwave Lid - Clear;Tapa para Microondas - Transparente;25.5;25.5;6.8;;7896779601356;Micro-ondas;"Evite sujeira e ganhe praticidade com a Tampa Protetora para Micro-ondas Transparente. Com tamanho padrão (25,5 cm de diâmetro e 7 cm de altura), ela foi desenvolvida para cobrir pratos de mesa, protegendo o interior do micro-ondas contra respingos e facilitando a limpeza diária.

Além disso, seus furinhos superiores permitem a liberação do vapor durante o aquecimento, evitando o acúmulo de calor e possíveis queimaduras. Essa funcionalidade contribui para um aquecimento mais uniforme e seguro dos alimentos.

O design conta com texturas que tornam o manuseio simples e confortável. Por ser feita de plástico transparente, é fácil visualizar o alimento durante o uso. E mais: pode ser lavada na lava-louças, otimizando ainda mais a rotina na cozinha.

Compacta, prática e altamente funcional, essa tampa protetora é um item essencial para quem busca praticidade e higiene no preparo de refeições no dia a dia.";;;;;;;
136.024.001;https://produto.nitron.com.br/Baixa/136_024_001-01.jpg;;;86;Travessa Micro-ondas com Tampa - Transparente 1,5L (136);Microwave Dish with Lid - Clear 1.5L;Fuente para Microondas con Tapa - Transparente 1.5L;31;20.8;9.2;1,5L;7896779601363;Micro-ondas;0;;;;;;;
137.012.002;https://produto.nitron.com.br/Baixa/137_012_002-01.jpg;;Destaque;29;Frasqueira Medicamentos - Branca 2,8L (137);Medic Case - White 2.8L;Estuche Médico - Blanco 2.8L;24.2;16.3;12.8;2,8L;7896779601370;Frasqueiras;0;;;;;;;
137.012.009;https://produto.nitron.com.br/Baixa/137_012_009-01.jpg;;;29;Frasqueira Medicamentos - Vermelha 2,8L;Medic Case - Red 2.8L;Estuche Médico - Rojo 2.8L;24.2;16.3;12.8;2,8L;7896779613717;Frasqueiras;0;;;;;;;
138.012.001;https://produto.nitron.com.br/Baixa/138_012_001-01.jpg;;Destaque;15;Organiza Tudo com 11 Divisórias (138);Organize Everything with 11 Dividers;Organiza todo con 11 divisores;26.2;17.5;4.3;;7896779613809;Organização;"Se você busca praticidade e eficiência na organização de pequenos itens, a Caixa Organizadora com 11 Divisórias Transparente é a solução ideal. Fabricada em plástico resistente e livre de BPA, ela une segurança à durabilidade.
Além disso, seu design funcional e transparente facilita a visualização rápida do conteúdo, otimizando o tempo no dia a dia.
Com 11 compartimentos internos, ela acomoda desde bijuterias e maquiagens até ferramentas, linhas, agulhas ou materiais de escritório. Leve, portátil e versátil, é perfeita para diversos ambientes — seja em casa, no trabalho ou em atividades criativas.";;;;;;;
139.012.001;https://produto.nitron.com.br/Baixa/139_012_001-01.jpg;;Destaque;59;Pote com 3 Divisórias - Transparente 1,1L;3-Compartment container - Transparent 1.1L;Recipientes con 3 Divisores - Transparente 1.1L;24;14;6.5;1,1L;7896779639144;Potes;0;;;;;;;
139.012.003;https://produto.nitron.com.br/Baixa/139_012_003-01.jpg;;;59;Pote com 3 Divisórias - Preto 1,1L;3-Compartment container - Pink 1.1L;Recipientes con 3 Divisores - Rosa 1.1L;24;24;6.5;1,1L;7896779613977;Potes;;;;;;;;
140.012.001;https://produto.nitron.com.br/Baixa/140_012_001-01.jpg;;;13;Estojo Multi uso - Transparente;Multipurpose Case - Transparent;Estuche Multiuso - Transparente;21;6.8;3.5;;7896779614042;Organização;O Estojo Multiuso Transparente da Nitron é a escolha perfeita para quem busca praticidade e segurança no dia a dia. Com apenas 70g, ele é extremamente leve e fácil de transportar, ideal para viagens ou uso cotidiano. Fabricado em plástico resistente e livre de BPA, garante durabilidade e proteção para seus itens pessoais. Sua versatilidade permite armazenar desde escovas de dentes e talheres até pincéis de maquiagem, tornando-o um acessório essencial para qualquer ocasião. Além disso, seu design elegante e fumê adiciona um toque de estilo e modernidade à sua rotina.;;;;;;;
140.012.066;https://produto.nitron.com.br/Baixa/140_012_066-01.jpg;;;13;Estojo Multi uso - Fumê;Multipurpose Case - Smoked;Estuche Multiuso - Humo;21;6.8;3.5;;7896779666140;Organização;O Estojo Multiuso Fumê da Nitron é a escolha perfeita para quem busca praticidade e segurança no dia a dia. Com apenas 70g, ele é extremamente leve e fácil de transportar, ideal para viagens ou uso cotidiano. Fabricado em plástico resistente e livre de BPA, garante durabilidade e proteção para seus itens pessoais. Sua versatilidade permite armazenar desde escovas de dentes e talheres até pincéis de maquiagem, tornando-o um acessório essencial para qualquer ocasião. Além disso, seu design elegante e fumê adiciona um toque de estilo e modernidade à sua rotina.;;;;;;;
142.006.002;https://produto.nitron.com.br/Baixa/142_006_002-01.jpg;;Destaque;30;Frasqueira Medicamentos - Branca 6,2L (142);Medic Case - White 6.2L;Estuche Médico - Blanco 6.2L;28;19.8;18.8;6,2L;7896779601424;Frasqueiras;Maleta para Medicamentos 6,2L com Bandeja e Alça Vermelha – Organização e Segurança;;;;;;;
142.006.009;https://produto.nitron.com.br/Baixa/142_006_009-01.jpg;;;30;Frasqueira Medicamentos - Vermelha 6,2L;Medic Case - Red 6.2L;Estuche Médico - Rojo 6.2L;28;19.8;18.8;6,2L;7896779614226;Frasqueiras;"Organize seus medicamentos com segurança, praticidade e estilo com a Maleta para Medicamentos Nitron 6,2L. Desenvolvida para armazenar remédios e itens de primeiros socorros, ela é ideal para residências, consultórios, escolas ou viagens.

Seu design funcional inclui bandeja interna removível, alça reforçada, fecho seguro e adesivo identificador “Medicamentos”, facilitando o acesso rápido e a categorização dos itens.

Fabricada em polipropileno virgem branco, material atóxico, reciclável e resistente, a maleta garante proteção e durabilidade para seu conteúdo. Compacta, mas espaçosa, acomoda com eficiência comprimidos, frascos, pomadas e acessórios essenciais.

✅ Destaques do Produto
Organização inteligente: Bandeja interna que facilita a separação dos itens

Identificação rápida: Acompanha adesivo ""Medicamentos""

Segurança no transporte: Alça firme e fecho resistente

Material seguro e durável: Polipropileno virgem, atóxico e reciclável

Capacidade ideal: 6,2L – comporta diversos tipos de remédios";;;;;;;
144.006.002;https://produto.nitron.com.br/Baixa/144_006_002-01.jpg;;Destaque;60;Porta Talheres com 6 Divisórias e Tampa - Branco;Cutlery Holder with 4 Compartments and Lid - White;Portacubiertos con 4 divisores y tapa - Blanco;34;29;5;;7896779614462;Cozinha;"O Organizador de Talheres com Tampa – Nitron é a escolha ideal para manter a gaveta da sua cozinha sempre limpa, organizada e funcional. Com 6 divisórias internas, permite separar garfos, facas, colheres e utensílios diversos com praticidade.

A tampa protetora evita o acúmulo de poeira e sujeira, garantindo mais higiene no dia a dia. Feito de polipropileno resistente e livre de BPA, oferece segurança para toda a família e durabilidade para o uso contínuo.

Compacto e eficiente, é perfeito para cozinhas com grande rotatividade, trazendo mais agilidade na rotina e organização no espaço.";;;;;;;
144.006.003;https://produto.nitron.com.br/Baixa/144_006_003-01.jpg;;Destaque;60;Porta Talheres com 6 Divisórias e Tampa - Preto;Door Cutlery with 4 Compartments and Lid - Black;Portacubiertos con 4 divisores y tapa - Negro;34;29;5;;7896779614455;Cozinha;"Mantenha seus talheres sempre organizados e protegidos com o Organizador de Talheres com Tampa Nitron. Com 6 divisórias internas, ele é ideal para separar colheres, facas, garfos e utensílios de forma prática, garantindo agilidade no dia a dia.

Sua tampa funcional protege contra poeira, gordura e sujeiras, mantendo os itens sempre limpos e prontos para uso. Fabricado em polipropileno resistente e livre de BPA, o organizador oferece segurança alimentar e excelente durabilidade.

Com dimensões que se adaptam facilmente a gavetas ou bancadas, ele é perfeito para cozinhas que valorizam a organização e a praticidade.

✅ Destaques do Produto
6 divisões funcionais para separar diferentes tipos de talheres

Tampa protetora que evita acúmulo de poeira

Material seguro: livre de BPA, resistente e atóxico

Design versátil: ideal para gavetas, armários ou bancadas

Alta durabilidade com acabamento reforçado da marca Nitron";;;;;;;
146.024.001;https://produto.nitron.com.br/Baixa/146_024_001-01.jpg;;Destaque;86;Forma de Ovos e Omeleteira Micro-ondas (146);Microwave Egg and Omelette Pan;Molde para huevos y tortilla para microondas;18;15;6;;7896779601462;Micro-ondas;0;;;;;;;
147.012.604;https://produto.nitron.com.br/Baixa/147_012_604-01.jpg;;;30;Frasqueira Mini - Natural 1L;Mini Case - Green 1L;Estuche Mini - Verde 1L;15;12.5;9.5;1L;7896779614721;Frasqueiras;"Compacta, resistente e extremamente versátil, a Frasqueira Transparente com Alça de 1 Litro é ideal para quem busca praticidade no dia a dia.
Seja para organizar itens de higiene pessoal, cosméticos, medicamentos ou pequenos acessórios, ela se adapta perfeitamente a diversas rotinas.
Além disso, seu design transparente facilita a visualização do conteúdo, enquanto a alça proporciona facilidade no transporte.
Por isso, é uma excelente companheira para viagens, academia, escritório ou uso doméstico. Minimalista e funcional, otimiza o espaço com estilo.";;;;;;;
147.012.607;https://produto.nitron.com.br/Baixa/147_012_607-01.jpg;;;30;Frasqueira Mini - Rosa 1L;Mini Case - Lilac 1L;Estuche Mini - Lila 1L;15;12.5;9.5;1L;7896779614738;Frasqueiras;"Compacta, charmosa e extremamente prática, a Mini Frasqueira Maleta Rosa Translúcido é a escolha ideal para quem busca organização com estilo.
Graças ao seu design funcional e à alça de transporte, ela é perfeita tanto para o dia a dia quanto para viagens rápidas.
Além disso, seu corpo translúcido permite visualizar rapidamente os itens armazenados, facilitando a rotina.
Com capacidade de 1 litro, acomoda cosméticos, medicamentos ou acessórios com eficiência, sem ocupar muito espaço.
Portanto, é a solução versátil para quem preza por praticidade e elegância.";;;;;;;
148.004.002;https://produto.nitron.com.br/Baixa/148_004_002-01.jpg;;;101;Lixeira Basculante - Branca 14L;Tipping Bin - White 14L;Papelera con volquete - Blanco 14L;29;24;43;14L;7896779648153;Lixeiras;"A Lixeira Basculante 14 Litros da Nitron foi pensada para unir praticidade, resistência e estilo em um só produto. Feita em polipropileno virgem, é durável, leve e 100% reciclável após o uso, contribuindo para uma rotina mais funcional e consciente.

Seu design moderno e discreto em cor branca se adapta facilmente a cozinhas, banheiros, escritórios e ambientes compactos. A tampa basculante com sistema de inclinação facilita o descarte sem a necessidade de abrir manualmente, promovendo mais higiene e comodidade.

Ideal para quem busca um produto confiável, com fácil manutenção, que alinha organização ao cuidado com o ambiente.

✅ Destaques do Produto
Capacidade de 14L: perfeita para uso doméstico ou corporativo

Abertura basculante: prática, higiênica e eficiente

Material reciclável: polipropileno virgem, durável e atóxico

Fácil de limpar: superfície lisa e tampa removível

Versátil: ideal para escritórios, cozinhas, banheiros e outros espaços";;;;;;;
148.004.003;https://produto.nitron.com.br/Baixa/148_004_003-01.jpg;;;101;Lixeira Basculante - Preta 14L;Tipping Bin - Black 14L;Papelera basculante - Negro 14L;29;24;43;14L;7896779614868;Lixeiras;"A Lixeira Basculante 14L da Nitron oferece capacidade, praticidade e design moderno para o descarte diário de resíduos em ambientes internos. Produzida em polipropileno virgem com pigmentação preta, é resistente, durável e apresenta um visual elegante que se adapta a diversos espaços como cozinhas, banheiros, escritórios e lavanderias.

Com sistema basculante de abertura por inclinação e tampa inclusa, o produto garante higiene, praticidade no uso e fechamento eficiente. Sua base larga proporciona mais estabilidade, enquanto a superfície lisa facilita a limpeza no dia a dia.

Além disso, por ser reciclável ao final da vida útil, a lixeira contribui para uma rotina mais sustentável e consciente.";;;;;;;
149.024.001;https://produto.nitron.com.br/Baixa/149_024_001-01.jpg;;Destaque;85;Caçarola Legumix Micro-ondas - Transparente 2,6L (149);Microwave Legumix Casserole - Clear 2.6L;Cazuela para Microondas Legumix - Transparente 2,6L;26.5;22;15.2;2,6L;7896779601493;Micro-ondas;0;;;;;;;
150.004.002;https://produto.nitron.com.br/Baixa/150_004_002-01.jpg;;;100;Lixeira com Pedal - Branca 16L (150/B);Pedal Bin - White 16L;Papelera con Pedal - Blanco 16L;29.7;29.7;36.3;16L;7896779615070;Lixeiras;"A Lixeira com Pedal 16L da Nitron é a escolha ideal para quem busca higiene, praticidade e um design moderno para o dia a dia. Fabricada em plástico super resistente, ela oferece durabilidade e funcionalidade tanto para ambientes residenciais quanto comerciais.

Com pedal de acionamento prático, você descarta os resíduos sem precisar usar as mãos — uma solução mais segura e higiênica, especialmente em cozinhas e banheiros. O sistema de tampa com encaixe firme evita a saída de odores, mantendo o ambiente sempre limpo e agradável.

Seu formato compacto com 30 cm de largura e altura de 26,5 cm facilita o posicionamento em espaços reduzidos, sem abrir mão da capacidade de 16 litros.";;;;;;;
150.004.003;https://produto.nitron.com.br/Baixa/150_004_003-01.jpg;;;100;Lixeira com Pedal - Preta 16L (150/B);Pedal Bin - Black 16L;Papelera con Pedal - Negro 16L;29.7;29.7;36.3;16L;7896779650101;Lixeiras;"A Lixeira com Pedal 16L Preta da Nitron é a combinação ideal entre higiene, praticidade e design moderno. Com capacidade para 16 litros, é perfeita para uso em ambientes domésticos e comerciais, como cozinhas, banheiros, escritórios ou áreas de serviço.

Fabricada em plástico super resistente, essa lixeira garante durabilidade no uso diário e é equipada com pedal de acionamento suave, que permite a abertura da tampa sem contato com as mãos — ideal para manter a limpeza e evitar contaminações.

O sistema de encaixe da tampa evita a liberação de odores desagradáveis, contribuindo para um ambiente mais higiênico e confortável. Seu design compacto e acabamento na cor preta fazem dela uma peça versátil e fácil de integrar em diferentes tipos de decoração.";;;;;;;
151.012.001;https://produto.nitron.com.br/Baixa/151_012_001-01.jpg;;Destaque;43;Pote Alto com Travas - Transparente 4,3L;Tall container with Locks - Transparent 4.3L;Recipientes Alta con Cerraduras - Transparente 4.3L;26;18;14;4,3L;7896779651153;Potes;"Armazene com praticidade e visual limpo com o Pote Retangular 4,3L da Nitron. Projetado para facilitar o dia a dia, ele é ideal para quem busca organização inteligente e visualização rápida dos alimentos.

Com formato retangular, corpo transparente e tampa com travas, o pote facilita a identificação do conteúdo sem precisar abrir. Seu design compacto e eficiente permite melhor aproveitamento do espaço em armários, geladeiras ou despensas.

Feito em polipropileno resistente, é livre de BPA e fácil de limpar, sendo ideal para armazenar grãos, massas, snacks e diversos outros alimentos secos.";;;;;;;
151.012.003;https://produto.nitron.com.br/Baixa/151_012_003-01.jpg;;;43;Pote Alto com Travas - Preto 4,3L;Tall container with Locks - Pink 4.3L;Recipientes Alta con Cerraduras - Rosa 4.3L;26;18;14;4,3L;7896779651092;Potes;;;;;;;;
152.006.002;https://produto.nitron.com.br/Baixa/152_006_002-01.jpg;;;53;Kit Mantimentos com 5 Peças - Branco;5-Piece Grocery Kit - White;Kit de Comestibles con 5 Piezas - Blanco;23;23;22.5;;7896779615230;Potes;0;;;;;;;
152.006.003;https://produto.nitron.com.br/Baixa/152_006_003-01.jpg;;Destaque;53;Kit Mantimentos com 5 Peças - Preto (152);5-Piece Grocery Kit - Black;Kit de Comestibles con 5 Piezas - Negro;23;23;22.5;;7896779601523;Potes;0;;;;;;;
153.012.002;https://produto.nitron.com.br/Baixa/153_012_002-01.jpg;;;89;Jarra com Tampa Flip Top - Branco 2L;Jug with Flip Top Lid - White 2L;Tarro con tapa abatible - Blanco 2L;18.4;10;21.5;2L;7896779615377;Jarras;0;;;;;;;
153.012.546;https://produto.nitron.com.br/Baixa/153_012_546-01.jpg;;Destaque;89;Jarra com Tampa Flip Top - Vermelho 2L;Jug with Flip Top Lid - Red 2L;Tarro con tapa abatible - Rojo 2L;18.4;10;21.5;2L;7896779653157;Jarras;0;;;;;;;
154.006.861;https://produto.nitron.com.br/Baixa/154_006_861-01.jpg;;;63;Kit Pote Alto Coloratto com 2 Peças - 460ml (286/K);Coloratto Tall container Kit with 2 Pieces - 460ml;Coloratto Kit de Recipiente Alta con 2 Piezas - 460ml;14;10;14;460ml;7896779686100;Coloratto;"Praticidade na medida certa para o seu dia a dia!
O Kit com 2 Potes 460ml da Nitron é ideal para armazenar lanches, molhos, sobremesas ou pequenas porções de alimentos de forma segura e organizada. Seu design compacto e transparente permite empilhar e visualizar facilmente o conteúdo.

Com travas laterais firmes, você garante que seus alimentos estejam sempre protegidos contra vazamentos. Fabricado em plástico resistente e livre de BPA, é seguro para uso alimentar, fácil de limpar e pode ser utilizado tanto em casa quanto no trabalho, escola ou viagens.";;;;;;;
154.012.001;https://produto.nitron.com.br/Baixa/154_012_001-01.jpg;;;43;Pote Alto com Travas - Transparente 460ml;Tall container with Locks - Transparent 460ml;Recipientes Alta con Cerraduras - Transparente 460ml;14;10;7;460ml;7896779615414;Potes;O Pote Alto com Travas - Transparente 460ml é a escolha ideal para quem busca praticidade e organização no dia a dia. Formato : Retangular. Capacidade : 460ml Cor da tampa : Transparente. Material : Plástico polipropileno. Transparência : Sim, o pote é transparente para facilitar a visualização do conteúdo. Travas : Possui travas para maior vedação. Função principal : Armazenar e organizar alimentos. Eficiência : Projetado para armazenamento eficiente. Praticidade : Fácil de usar no dia a dia. Identificação rápida : A transparência permite identificar o conteúdo sem abrir o pote. Vedação : As travas garantem um bom selamento, ajudando a preservar os alimentos. Versatilidade : Adequado para diferentes tipos de alimentos, graças à sua capacidade e design. Perfeito para conservar alimentos com estilo e segurança, ele combina design funcional com a resistência dos produtos Nitron.;;;;;;;
154.012.003;https://produto.nitron.com.br/Baixa/154_012_003-01.jpg;;;43;Pote Alto com Travas - Preto 460ml;Tall container with Locks - Pink 460ml;Recipientes Alta con Cerraduras - Rosa 460ml;14;10;7;460ml;7896779615490;Potes;;;;;;;;
155.006.861;https://produto.nitron.com.br/Baixa/155_006_861-01.jpg;;;63;Kit Pote Alto Coloratto com 2 Peças - 850 ml;Coloratto Tall container Kit with 2 Pieces - 850 ml;Coloratto Kit de Recipiente Alta con 2 Piezas - 850 ml;17;11;18;850ml;7896779686131;Coloratto;O Kit Pote Alto Coloratto com 2 Peças - 850 ml é a escolha ideal para quem busca praticidade e organização no dia a dia. Praticidade e Segurança : Solução prática para armazenar alimentos em porções médias, ideal para lanches, molhos, sobremesas ou pequenas refeições. Fechamento Seguro : Travas laterais que garantem um fechamento firme, evitando vazamentos e mantendo os alimentos protegidos. Material Resistente : Fabricado em plástico resistente e livre de BPA, seguro para uso alimentar. Facilidade de Limpeza : Pode ser lavado à mão ou em lava-louças. Design Funcional : Design compacto e transparente, facilitando o armazenamento e a visualização rápida do conteúdo. Versatilidade : Adequado tanto para uso doméstico quanto para transportar alimentos em viagens ou no trabalho. Especificações Técnicas : Peso: 60 g Largura: 11 cm Comprimento: 17 cm Altura: 9 cm Capacidade: 850 ml Perfeito para conservar alimentos com estilo e segurança, ele combina design funcional com a resistência dos produtos Nitron.;;;;;;;
155.012.001;https://produto.nitron.com.br/Baixa/155_012_001-01.jpg;;Destaque;43;Pote Alto com Travas - Transparente 850ml;Tall container with Locks - Transparent 850ml;Recipientes Alta con Cerraduras - Transparente 850ml;17;11;9;850ml;7896779655144;Potes;O Pote Alto com Travas - Transparente 850ml é a escolha ideal para quem busca praticidade e organização no dia a dia. Capacidade: 850 ml. Cor: Transparente Material: Plástico de alta qualidade. Design: Compacto e funcional. Fechamento: Com travas para maior segurança. Transparência: Permite fácil visualização do conteúdo armazenado. Durabilidade: Resistente, adequado para uso diário. Versatilidade de uso: Pode ser utilizado na geladeira, despensa ou freezer. Facilidade de limpeza: Material plástico fácil de limpar. Praticidade: Fácil de manusear e transportar. Empilhável: Design compacto que facilita o empilhamento. Evita vazamentos: Travas garantem fechamento seguro. Preservação do conteúdo: Mantém a frescura e qualidade dos alimentos por mais tempo. Tamanho ideal: Projetado para pequenas porções ou condimentos. Organização eficiente: Facilita a organização da cozinha. Uso prático: Adequado para qualquer espaço, seja em casa ou em movimento. Finalidade: Ideal para armazenamento de alimentos e conservação de pequenas quantidades. Perfeito para conservar alimentos com estilo e segurança, ele combina design funcional com a resistência dos produtos Nitron.;;;;;;;
155.012.003;https://produto.nitron.com.br/Baixa/155_012_003-01.jpg;;;43;Pote Alto com Travas - Preto 850ml;Tall container with Locks - Pink 850ml;Recipientes Alta con Cerraduras - Rosa 850ml;17;11;9;850ml;7896779615544;Potes;;;;;;;;
156.012.001;https://produto.nitron.com.br/Baixa/156_012_001-01.jpg;;Destaque;43;Pote Alto com Travas - Transparente 2,2L;Tall container with Locks - Clear 2.2L;Recipientes Alta con Cerraduras - Transparente 2.2L;22;14;12;2,2L;7896779656127;Potes;O Pote Alto com Travas - Transparente 2,2L é a escolha ideal para quem busca praticidade e organização no dia a dia. Capacidade: 2,2L Cor: Transparente Material: Plástico de alta qualidade. Design: Compacto e funcional. Fechamento: Com travas para maior segurança. Transparência: Permite fácil visualização do conteúdo armazenado. Durabilidade: Resistente, adequado para uso diário. Versatilidade de uso: Pode ser utilizado na geladeira, despensa ou freezer. Facilidade de limpeza: Material plástico fácil de limpar. Praticidade: Fácil de manusear e transportar. Empilhável: Design compacto que facilita o empilhamento. Evita vazamentos: Travas garantem fechamento seguro. Preservação do conteúdo: Mantém a frescura e qualidade dos alimentos por mais tempo. Tamanho ideal: Projetado para pequenas porções ou condimentos. Organização eficiente: Facilita a organização da cozinha. Uso prático: Adequado para qualquer espaço, seja em casa ou em movimento. Finalidade: Ideal para armazenamento de alimentos e conservação de pequenas quantidades. Perfeito para conservar alimentos com estilo e segurança, ele combina design funcional com a resistência dos produtos Nitron.;;;;;;;
156.012.003;https://produto.nitron.com.br/Baixa/156_012_003-01.jpg;;;43;Pote Alto com Travas - Preto 2,2L;Tall container with Locks - Pink 2.2L;Recipientes Alta con Cerraduras - Rosa 2.2L;22;14;12;2,2L;7896779615643;Potes;;;;;;;;
157.024.009;https://produto.nitron.com.br/Baixa/157_024_009-01.jpg;;;43;Pote Tomatinho com Travas - 850ml (157);Tomato container with Locks - 850ml;Recipientes Tomate Con Cerraduras - 850ml;17;11;8.5;850ml;7896779615735;Potes;0;;;;;;;
158.024.029;https://produto.nitron.com.br/Baixa/158_024_029-01.jpg;;;43;Pote Feijão com Travas - 850ml (158);Bean container with Locks - 850ml;Frijol con cerradura - 850ml;17;11;8.5;850ml;7896779601585;Potes;0;;;;;;;
161.012.002;https://produto.nitron.com.br/Baixa/161_012_002-01.jpg;;;18;Porta Tudo - Branco 1L (161/B);All-in-One Storage - White 1L;Portatodo - Blanco 1L;23;13;9.8;1L;7896779616145;Organização;O Porta Tudo - Branco 1L é a solução perfeita para quem busca organização e praticidade no dia a dia. Fabricado com materiais de alta qualidade, ele oferece durabilidade e resistência, garantindo o máximo de funcionalidade. Com sua característica inodora, o Porta Tudo não libera cheiros indesejados, tornando-o ainda mais agradável para o uso diário. Além disso, é totalmente não tóxico, o que o torna seguro para qualquer ambiente, inclusive para residências com crianças. Sua cor preta é uma escolha estratégica, pois é versátil e combina perfeitamente com diferentes estilos e decorações. Ideal para organizar seus objetos de forma eficiente e prática, o Porta Tudo - Preto 1L é o acessório que vai facilitar o seu cotidiano.;;;;;;;
161.012.003;https://produto.nitron.com.br/Baixa/161_012_003-01.jpg;;;18;Porta Tudo - Preto 1L (161/P);All-in-One Storage - Black 1L;Portatodo - Negro 1L;23;13;9.8;1L;7896779616114;Organização;O Porta Tudo - Preto 1L é a solução perfeita para quem busca organização e praticidade no dia a dia. Fabricado com materiais de alta qualidade, ele oferece durabilidade e resistência, garantindo o máximo de funcionalidade. Com sua característica inodora, o Porta Tudo não libera cheiros indesejados, tornando-o ainda mais agradável para o uso diário. Além disso, é totalmente não tóxico, o que o torna seguro para qualquer ambiente, inclusive para residências com crianças. Sua cor preta é uma escolha estratégica, pois é versátil e combina perfeitamente com diferentes estilos e decorações. Ideal para organizar seus objetos de forma eficiente e prática, o Porta Tudo - Preto 1L é o acessório que vai facilitar o seu cotidiano.;;;;;;;
162.012.002;https://produto.nitron.com.br/Baixa/162_012_002-01.jpg;;;18;Cesto com Alça - Branco 8,5L (162/P);Basket with Handle - White 8.5L;Cesta con Asa - Blanco 8.5L;36.8;24.4;14.8;8,5L;7896779616244;Organização;"O Cesto com Alça Branco 8,5L é a solução perfeita para quem busca praticidade e organização no dia a dia. Com um design moderno e compacto, ele facilita o transporte de objetos de maneira eficiente. Seu formato versátil permite o uso em diversos ambientes, como cozinha, banheiro, escritório e lavanderia.
Além disso, esse cesto multiuso é ideal para armazenar brinquedos, materiais escolares, produtos de limpeza, alimentos, itens de higiene, remédios e muito mais. Graças à sua alça resistente, o manuseio se torna ainda mais fácil, garantindo mobilidade e conveniência para qualquer necessidade. Seja para manter a casa organizada ou otimizar espaços no trabalho, o Cesto com Alça Preto 8,5L é um item indispensável!";;;;;;;
162.012.003;https://produto.nitron.com.br/Baixa/162_012_003-01.jpg;;;18;Cesto com Alça - Preto 8,5L (162/B);Basket with Handle - Black 8.5L;Cesta con Asa - Negro 8.5L;36.8;24.4;14.8;8,5L;7896779616213;Organização;"O Cesto com Alça Preto 8,5L é a solução perfeita para quem busca praticidade e organização no dia a dia. Com um design moderno e compacto, ele facilita o transporte de objetos de maneira eficiente. Seu formato versátil permite o uso em diversos ambientes, como cozinha, banheiro, escritório e lavanderia.
Além disso, esse cesto multiuso é ideal para armazenar brinquedos, materiais escolares, produtos de limpeza, alimentos, itens de higiene, remédios e muito mais. Graças à sua alça resistente, o manuseio se torna ainda mais fácil, garantindo mobilidade e conveniência para qualquer necessidade. Seja para manter a casa organizada ou otimizar espaços no trabalho, o Cesto com Alça Preto 8,5L é um item indispensável!";;;;;;;
163.004.002;https://produto.nitron.com.br/Baixa/163_004_002-01.jpg;;Destaque;100;Lixeira Vime - Branca 12L (163/B);Wicker Trash Can - White 12L;Papelera de Mimbre - Blanco 12L;27;23.2;32;12L;7896779641635;Lixeiras;"Se você procura praticidade sem abrir mão da estética, essa lixeira com pedal de 12 litros é a escolha certa.
Com exterior em estilo vime, ela une o rústico ao moderno, se adaptando facilmente a diferentes ambientes da casa.
Além disso, seu pedal facilita o uso sem contato manual, promovendo mais higiene no dia a dia.
Internamente, conta com acabamento em plástico liso, o que torna a limpeza rápida e eficiente.
Por fim, sua estrutura leve e resistente garante durabilidade, enquanto o visual clean na cor branca completa o charme da peça.";;;;;;;
163.004.003;https://produto.nitron.com.br/Baixa/163_004_003-01.jpg;;Destaque;100;Lixeira Vime - Preta 12L (163/B);Wicker Trash Can - Black 12L;Papelera de Mimbre - Negro 12L;27;23.2;32;12L;7896779651634;Lixeiras;"A Lixeira Vime com Pedal 12L da Nitron é perfeita para quem busca praticidade, higiene e estilo no dia a dia.
Com sistema de abertura por pedal, ela permite o descarte sem o uso das mãos, ideal para ambientes que exigem mais cuidado com a limpeza.

Seu design vime moderno e sofisticado, aliado à cor preta neutra, combina com qualquer decoração — seja em cozinhas, banheiros, escritórios ou áreas de serviço.
Fabricada em polipropileno resistente, garante durabilidade, fácil manutenção e controle de odores com sua tampa fechada.

Com 12 litros de capacidade, ela é compacta o suficiente para ambientes pequenos, mas espaçosa o bastante para armazenar resíduos do dia a dia com eficiência.";;;;;;;
163.004.086;https://produto.nitron.com.br/Baixa/163_004_086-01.jpg;;;100;Lixeira Vime - Chumbo 12L;Wicker Trash Can - Lead 12L;Papelera de Mimbre - Plumo 12L;27;23.2;32;12L;7896779663200;Lixeiras;Com design elegante e toque natural, a Lixeira com Pedal 12L Vime Chumbo da Nitron une praticidade e estilo na medida certa. Seu sistema de abertura por pedal garante higiene e facilidade no dia a dia, evitando o contato direto com as mãos. O acabamento externo em textura de vime confere um visual sofisticado e versátil, perfeito para cozinhas, banheiros, escritórios ou lavanderias. Produzida em polipropileno resistente e livre de BPA, ela oferece segurança, durabilidade e facilidade de limpeza. Com capacidade de 12 litros e dimensões compactas, é ideal para quem busca organização com estilo em qualquer ambiente.;;;;;;;
164.006.001;https://produto.nitron.com.br/Baixa/164_006_001-01.jpg;;;15;Maleta Organiza Tudo com Divisórias Móveis (164);Case Organize Everything with Mobile Dividers;El maletín Organice todo con divisores móviles;38.7;29.6;5;;7896779616404;Organização;0;;;;;;;
165.006.002;https://produto.nitron.com.br/Baixa/165_006_002-01.jpg;;;74;Escorredor de Pratos - Branco (165/B);Dish Drainer - White;Escurreplatos - Blanco;49;35.5;11.1;;7896779616541;Cozinha;"Se você busca praticidade no dia a dia e uma cozinha sempre organizada, este escorredor de louças é a solução ideal.
Com espaço inteligente para pratos, copos e talheres — já com divisórias — ele facilita a rotina de lavagem, mesmo em cozinhas compactas.
Além disso, seu design na cor branca proporciona um visual clean que se adapta a qualquer decoração.
Fabricado em polipropileno resistente, oferece durabilidade, leveza e fácil manutenção.
Graças às abas laterais, é simples de transportar e armazenar, tornando seu uso ainda mais funcional.";;;;;;;
165.006.003;https://produto.nitron.com.br/Baixa/165_006_003-01.jpg;;;74;Escorredor de Pratos - Preto;Dish Drainer - Black;Escurridor de platos - Negro;49;35.5;11.1;;7896779616510;Cozinha;"Com design moderno e acabamento sofisticado, o escorredor de louça preto é perfeito para quem valoriza organização e estilo na cozinha.
Ele acomoda pratos, copos e talheres com eficiência, contando ainda com um porta-talheres com divisória para facilitar a separação dos utensílios.
Fabricado em polipropileno resistente, é fácil de limpar e possui abas laterais que tornam o transporte mais prático.
Ideal para cozinhas compactas, oferece uma solução funcional sem abrir mão da estética.";;;;;;;
165.006.086;https://produto.nitron.com.br/Baixa/165_006_086-01.jpg;;;74;Escorredor de Pratos - Chumbo (165/B);Dish Drainer - Lead;Escurreplatos - Plomo;49;35.5;11.1;;7896779665198;Cozinha;"Se você busca praticidade com elegância, este escorredor de louça chumbo é a escolha certa.
Com divisórias para talheres e espaço para pratos e copos, ele organiza sua pia de forma funcional.
Além disso, as abas laterais facilitam o manuseio, enquanto o plástico polipropileno garante durabilidade.
Seu design moderno na cor chumbo se adapta facilmente a diferentes estilos de cozinha.";;;;;;;
166.024.001;https://produto.nitron.com.br/Baixa/166_024_001-01.jpg;;Destaque;54;Porta Biscoitos e Terradas - 650ml (166);Cookie Holder - 650ml;Porta galletas - 650ml;23.1;9.1;8.9;650ml;7896779616602;Potes;0;;;;;;;
167.010.003;https://produto.nitron.com.br/Baixa/167_010_003-01.jpg;;Destaque;12;Cabide Still com 10 Peças - Preto;Still Hanger with 10 Pieces - Black;Percha Still con 10 Piezas - Negro;39;7;19.5;;7896779616756;Organização;;;;;;;;
167.012.001;https://produto.nitron.com.br/Baixa/167_012_001-01.jpg;;;12;Cabide Still com 3 Peças - Transparente;Still Hanger with 3 Pieces - Transparent;Percha Still con 3 Piezas - Transparente;39;2.1;19.5;;7896779616749;Organização;0;;;;;;;
169.012.002;https://produto.nitron.com.br/Baixa/169_012_002-01.jpg;;;79;Boleira Barcelona com Alça - Branca;Barcelona Cake Stand with Handle - White;Boleira Barcelona con Correa - Blanco;Ø30,5;Ø30,5;13.2;;7896779616923;Cozinha;0;;;;;;;
169.012.003;https://produto.nitron.com.br/Baixa/169_012_003-01.jpg;;Destaque;79;Boleira Barcelona com Alça - Preto;Barcelona Cake Stand with Handle - Black;Globo Barcelona con Correa - Negro;Ø30,5;Ø30,5;13.2;;7896779616954;Cozinha;0;;;;;;;
170.006.027;https://produto.nitron.com.br/Baixa/170_006_027-01.jpg;;;19;Caixa de Ferramentas Nitronfort - Amarela 16L;Nitronfort Tool Box - Yellow 16L;Caja de herramientas Nitronfort - Amarillo 16L;40.3;22.3;18.3;16L;7896779617043;Organização;A Caixa de Ferramentas Nitronfort - Amarela 16L é a escolha ideal para quem busca organização, segurança e praticidade no dia a dia. Com um design compacto e funcional, ela oferece portabilidade máxima, facilitando o transporte das suas ferramentas onde quer que vá. Seu material reforçado garante durabilidade e resistência, protegendo contra impactos acidentais. Além disso, conta com uma trava segura para manter seus itens bem armazenados e uma alça ergonômica que torna o manuseio mais confortável.;;;;;;;
170.006.028;https://produto.nitron.com.br/Baixa/170_006_028-01.jpg;;Destaque;19;Caixa de Ferramentas Nitronfort - Laranja 16L (170);Nitronfort Tool Box - Orange 16L;Caja de herramientas Nitronfort - Naranja 16L;40.3;22.3;18.3;16L;7896779601707;Organização;A Caixa de Ferramentas Nitronfort - Laranja 16L é a escolha ideal para quem busca organização, segurança e praticidade no dia a dia. Com um design compacto e funcional, ela oferece portabilidade máxima, facilitando o transporte das suas ferramentas onde quer que vá. Seu material reforçado garante durabilidade e resistência, protegendo contra impactos acidentais. Além disso, conta com uma trava segura para manter seus itens bem armazenados e uma alça ergonômica que torna o manuseio mais confortável.;;;;;;;
170.006.045;https://produto.nitron.com.br/Baixa/170_006_045-01.jpg;;;19;Caixa de Ferramentas Nitronfort - Azul 16L;Nitronfort Tool Box - Blue 16L;Caja de herramientas Nitronfort - Azul 16L;40.3;22.3;18.3;16L;7896779670109;Organização;A Caixa de Ferramentas Nitronfort - Azul 16L é a escolha ideal para quem busca organização, segurança e praticidade no dia a dia. Com um design compacto e funcional, ela oferece portabilidade máxima, facilitando o transporte das suas ferramentas onde quer que vá. Seu material reforçado garante durabilidade e resistência, protegendo contra impactos acidentais. Além disso, conta com uma trava segura para manter seus itens bem armazenados e uma alça ergonômica que torna o manuseio mais confortável.;;;;;;;
172.012.998;https://produto.nitron.com.br/Baixa/172_012_998-01.jpg;;;105;Pá de Lixo com Cabo;;;24.6;18;66.6;;7896779617241;Limpeza;;;;;;;;
172.012.999;https://produto.nitron.com.br/Baixa/172_012_999-01.jpg;;Destaque;105;Pá de Lixo com Cabo (172);Dustpan with Handle;Recogedor con mango;24.6;18;66.6;;7896779617203;Limpeza;"A Pá Coletora com Cabo – Nitron é uma solução prática e resistente para facilitar a limpeza do dia a dia. Fabricada em polipropileno de alta qualidade, garante leveza no manuseio e durabilidade no uso contínuo.

Seu design ergonômico com cabo alongado oferece maior conforto na coleta de resíduos, evitando esforço desnecessário e promovendo uma postura mais adequada durante o uso. Ideal para ambientes domésticos, comerciais ou profissionais.";;;;;;;
173.012.002;https://produto.nitron.com.br/Baixa/173_012_002-01.jpg;;;101;Lixeira Fenix - Branca 4,2L (173/B);Fenix ​​Bin - White 4.2L;Papelera Fenix ​​​​Blanco 4,2 L;Ø20;Ø20;29.2;4,2L;7896779617340;Lixeiras;O Lixeira Fenix - Branca 4,2L (173/B) é a escolha ideal para quem busca praticidade e organização no dia a dia. Características do Produto: Lixeira Fênix Para Cozinha, Banheiro ou Quarto 4,2 Litros 1. Dimensões Peso: 220 g Largura: 39 cm Comprimento: 46 cm Altura: 22 cm 2. Capacidade Capacidade total: 4,2 litros 3. Material Fabricada em polipropileno , um material resistente e durável. 4. Design e Funcionalidades Possui tampa basculante , que facilita o descarte de resíduos sem a necessidade de contato manual com o lixo. Design compacto e prático, ideal para diversos ambientes. 5. Utilização Ideal para uso em: Cozinha : Facilita o descarte de resíduos durante o preparo de alimentos, mantendo o ambiente limpo e organizado. Banheiro : Perfeita para pequenos resíduos, como papéis ou outros materiais. Quarto : Ótima para manter o espaço organizado e funcional. 6. Benefícios Higiene: A tampa basculante impede o contato direto com o lixo, proporcionando maior higiene. Versatilidade: Pode ser utilizada em diferentes cômodos da casa. Praticidade: Seu tamanho compacto e capacidade adequada tornam-na uma solução prática para o dia a dia. Estética: Cor brancaelegante, combinando facilmente com qualquer decoração. 7. Cuidados e Manutenção Limpeza fácil devido ao material liso e resistente. Recomenda-se lavar com água e sabão neutro para manter a durabilidade. Perfeito para conservar alimentos com estilo e segurança, ele combina design funcional com a resistência dos produtos Nitron.;;;;;;;
173.012.003;https://produto.nitron.com.br/Baixa/173_012_003-01.jpg;;;101;Lixeira Fenix - Preta 4,2L;Fenix ​​Bin - Black 4.2L;Cubo de basura Fenix ​​​​- Negro 4,2 L;Ø20;Ø20;29.2;4,2L;7896779617357;Lixeiras;A Lixeira Fênix 4,2L da nitron é a solução prática e higiênica para manter seus ambientes organizados. Compacta e versátil, pode ser usada em cozinhas, banheiros ou quartos. Com tampa basculante que facilita o descarte sem contato direto com o lixo, ela combina funcionalidade e design moderno. Fabricada em polipropileno resistente, é leve, durável e fácil de limpar. Ideal para quem busca praticidade, estilo e higiene no dia a dia.;;;;;;;
176.024.001;https://produto.nitron.com.br/Baixa/176_024_001-01.jpg;;;56;Pote com Válvula e Travas - 600ml (176);Pot with Valve and Locks - 600ml;Recipientes con Válvula y Cerraduras - 600ml;14.8;11.9;5.7;600ml;7896779617609;Potes;0;;;;;;;
177.012.002;https://produto.nitron.com.br/Baixa/177_012_002-01.jpg;;;18;Cesto com Alça - Branco 5L (177/B);Basket with Handle - White 5L;Cesta con Asa - Blanco 5L;28;19.3;13.5;5L;7896779617746;Organização;O Cestinho Médio Alto com Alça - Branco 5L é a solução perfeita para quem busca organização com praticidade. Seu design versátil e alegre se adapta a diversos ambientes, como cozinhas, escritórios, banheiros e até mesmo áreas externas. Além disso, o material resistente garante durabilidade, tornando-o ideal para o dia a dia. O formato vazado facilita a visualização do conteúdo, permitindo que você encontre rapidamente o que precisa. Outro diferencial são suas duas alças recolhíveis, que oferecem mais comodidade no transporte e armazenamento. Seja para organizar objetos, armazenar pequenos itens ou facilitar a rotina, este cesto é indispensável!;;;;;;;
177.012.003;https://produto.nitron.com.br/Baixa/177_012_003-01.jpg;;;18;Cesto com Alça - Preto 5L (177/P);Basket with Handle - Black 5L;Cesta con Asa - Negro 5L;28;19.3;13.5;5L;7896779617715;Organização;O Cestinho Médio Alto com Alça - Preto 5L é a solução perfeita para quem busca organização com praticidade. Seu design versátil e alegre se adapta a diversos ambientes, como cozinhas, escritórios, banheiros e até mesmo áreas externas. Além disso, o material resistente garante durabilidade, tornando-o ideal para o dia a dia. O formato vazado facilita a visualização do conteúdo, permitindo que você encontre rapidamente o que precisa. Outro diferencial são suas duas alças recolhíveis, que oferecem mais comodidade no transporte e armazenamento. Seja para organizar objetos, armazenar pequenos itens ou facilitar a rotina, este cesto é indispensável!;;;;;;;
178.024.001;https://produto.nitron.com.br/Baixa/178_024_001-01.jpg;;Destaque;85;Caçarola Micro-ondas - Transparente 1,5L (178);Microwave Casserole - Clear 1.5L;Cacerola para Microondas - Transparente 1,5L;20.5;17.5;10;1,5L;7896779617807;Micro-ondas;0;;;;;;;
179.024.001;https://produto.nitron.com.br/Baixa/179_024_001-01.jpg;;Destaque;77;Porta Frios com Pinça - 1,1L (179);Cold Cuts Holder with Tongs - 1.1L;Soporte para almacenamiento en frío con pinzas - 1,1 L;26.2;17.5;5.3;1,1L;7896779617906;Cozinha;O Porta Frios com Pinça da Nitron é ideal para conservar alimentos como queijos, presuntos, salames e outras delícias de maneira prática e higiênica. Com capacidade de 1,1 litros, é compacto, leve e fácil de transportar — perfeito para uso na geladeira, no dia a dia ou em ocasiões especiais. Produzido em polipropileno (PP) livre de BPA, oferece segurança total no contato com os alimentos. Seu design transparente permite visualizar o conteúdo facilmente e a tampa com pinça integrada facilita o manuseio, evitando contato direto. Um item funcional, moderno e resistente para quem valoriza organização e bem-estar.;;;;;;;
182.012.002;https://produto.nitron.com.br/Baixa/182_012_002-01.jpg;;;89;Jarra com Tampa Flip Top - Branco 4L;Jug with Flip Top Lid - White 4L;Tarro con tapa abatible - Blanco 4L;23;12.4;26.7;4L;7896779618231;Jarras;"A Jarra Plástica Multiuso com Tampa Flip Top – Branca 4L é perfeita para quem busca praticidade e eficiência ao servir bebidas em qualquer ocasião. Com capacidade generosa de 4 litros, ela é ideal para reuniões, festas, churrascos ou o uso diário na cozinha.

Seu design ergonômico facilita o manuseio, enquanto a tampa flip top garante um despejo preciso, sem respingos. O visual moderno e funcional se adapta a diferentes estilos de ambiente, unindo beleza e praticidade.

Produzida em plástico resistente e durável, a jarra pode ser utilizada para sucos, água aromatizada, chás gelados e outras bebidas. Além disso, pode ser armazenada na geladeira com total segurança, mantendo os líquidos frescos por mais tempo.

A limpeza também é simples, permitindo que você aproveite o melhor da funcionalidade no dia a dia.";;;;;;;
182.012.546;https://produto.nitron.com.br/Baixa/182_012_546-01.jpg;;Destaque;89;Jarra com Tampa Flip Top - Vermelho 4L;Jug with Flip Top Lid - Red 4L;Tarro con tapa abatible - Rojo 4L;23;12.4;26.7;4L;7896779682157;Jarras;O Jarra com Tampa Flip Top - Vermelho 4L é a escolha ideal para quem busca praticidade e organização no dia a dia. Principais Características da Jarra de Plástico Master 4 Litros Flip Top Multiuso vermelha Capacidade e Utilização Capacidade: 4 litros. Ideal para servir bebidas refrescantes em festas, churrascos, reuniões ou uso diário. Design e Funcionalidade Design ergonômico: Facilita o manuseio. Tampa flip top: Garante despejo preciso e sem respingos. Estilo moderno e funcional. Dimensões Altura: 27,5 cm. Largura: 13,5 cm. Comprimento: 24 cm. Versatilidade Perfeita para sucos, água aromatizada e outras bebidas. Pode ser usada para armazenar e refrigerar líquidos. Material e Durabilidade Feita de plástico resistente e de alta qualidade. Longa vida útil. Facilidade de Limpeza Prática e rápida para limpar. Características Adicionais Produto multiuso, adequado para eventos e uso cotidiano. Combina praticidade e estilo para a cozinha. Proposta de Valor Eleva a praticidade e o estilo na cozinha. Ótima opção para adquirir versatilidade no preparo e armazenamento de bebidas. Perfeito para conservar alimentos com estilo e segurança, ele combina design funcional com a resistência dos produtos Nitron.;;;;;;;
184.010.003;https://produto.nitron.com.br/Baixa/184_010_003-01.jpg;;Destaque;12;Cabide com 10 Peças - Preto;Hanger with 10 Pieces - Black;Percha con 10 Piezas - Negro;28.1;7;15.2;;7896779618453;Organização;;;;;;;;
184.016.001;https://produto.nitron.com.br/Baixa/184_016_001-01.jpg;;;12;Cabide com 3 Peças - Transparente;Hanger with 3 Pieces - Transparent;Percha con 3 Piezas - Transparente;28.1;2.1;15.2;;7896779618446;Organização;0;;;;;;;
185.012.002;https://produto.nitron.com.br/Baixa/185_012_002-01.jpg;;Destaque;105;Porta Vassouras com 9 Posições - Branco (185/B);Broom Holder with 4 Slots - White;Portaescobas con 4 Ranuras - Blanco;34;5;5;;7896779618545;Limpeza;O Porta-Vassouras com 9 Encaixes da Nitron é a solução ideal para manter sua lavanderia, despensa, área de serviço ou garagem organizada. Com 04 organizadores e 04 ganchos adicionais, ele comporta vassouras, mops, ferramentas e até objetos esportivos como raquetes, varas de pesca e tacos. Seu design compacto, leve e versátil facilita a instalação e otimiza o espaço, eliminando a bagunça. Fabricado em plástico resistente e livre de BPA, acompanha buchas e parafusos para fixação em paredes. Um produto funcional, durável e essencial para quem valoriza ordem e praticidade no dia a dia.;;;;;;;
185.012.003;https://produto.nitron.com.br/Baixa/185_012_003-01.jpg;;Destaque;105;Porta Vassouras com 9 Posições - Preto (185/P);Broom Holder with 4 Slots - Black;Portaescobas con 4 Ranuras - Negro;34;5;5;;7896779618514;Limpeza;0;;;;;;;
186.006.002;https://produto.nitron.com.br/Baixa/186_006_002-01.jpg;;Destaque;30;Frasqueira Medicamentos Mega Luxo - Branca 12L (186);Medic Mega Luxury Case - White 12L;Estuche Médico Mega Lujo - Blanco 12L;37;25;22;12L;7896779618606;Frasqueiras;"Organização, segurança e praticidade para cuidar da saúde em qualquer ambiente. A Frasqueira Medicamentos Mega Luxo – 12 Litros da Nitron é ideal para armazenar remédios, itens de primeiros socorros e materiais médicos de forma protegida e acessível.

Com bandeja interna, alça e fecho na cor vermelha, além de adesivo identificador “Medicamentos”, oferece uma solução clara e funcional para uso residencial, profissional ou em viagens. Seu design moderno e alegre combina com diferentes ambientes, enquanto o material de alta resistência garante longa durabilidade.";;;;;;;
186.006.009;https://produto.nitron.com.br/Baixa/186_006_009-01.jpg;;;30;Frasqueira Medicamentos Mega Luxo - Vermelha 12L;Medic Mega Luxury Case - Red 12L;Estuche Médico Mega Lujo - Rojo 12L;37;25;22;12L;7896779686940;Frasqueiras;"Se você busca segurança, organização e praticidade para armazenar seus medicamentos, a Frasqueira Mega Luxo Vermelha 12L é a solução ideal.
Além de ser fabricada com material extremamente resistente, ela possui tampa vibrante na cor vermelha, facilitando a identificação rápida em situações de emergência.
Com capacidade de 12 litros, comporta desde itens básicos até kits completos de primeiros socorros.
Adicionalmente, seu design moderno combina com diversos ambientes, como residências, clínicas e empresas.
E, para sua tranquilidade, é livre de BPA, oferecendo mais segurança à sua família.";;;;;;;
187.006.001;https://produto.nitron.com.br/Baixa/187_006_001-01.jpg;;Destaque;15;Organiza Tudo com Divisórias Móveis (187);Organize Everything with Mobile Dividers;Organiza todo con divisores móviles;36;27;6;;7896779618705;Organização;0;;;;;;;
188.012.002;https://produto.nitron.com.br/Baixa/188_012_002-01.jpg;;;74;Escorredor de Pratos Super Prático - Branco (188/B);Super Practical Dish Drainer - White;Escurridor de platos súper práctico - Blanco;36;26.5;10.5;;7896779618842;Cozinha;"Para quem valoriza organização e praticidade na cozinha, o Escorredor de Pratos Branco Compacto é a escolha perfeita.
Fabricado em polipropileno resistente, ele é ideal para o uso diário, mesmo em ambientes úmidos.
Além disso, seu tamanho compacto (36 x 26,5 x 10,5 cm) se adapta facilmente a diferentes tipos de pia, otimizando o espaço disponível.
Sua estrutura leve facilita o transporte, enquanto o design discreto na cor branca harmoniza com qualquer estilo de decoração.
Com esse escorredor, você promove uma secagem eficiente dos utensílios e mantém sua cozinha sempre limpa e funcional.";;;;;;;
188.012.003;https://produto.nitron.com.br/Baixa/188_012_003-01.jpg;;;74;Escorredor de Pratos Super Prático - Preto (188/B);Super Practical Dish Drainer - Black;Escurridor de platos súper práctico - Negro;36;26.5;10.5;;7896779618811;Cozinha;"Se a sua cozinha precisa de organização e eficiência, o Escorredor de Pratos Preto Compacto da Nitron é a solução ideal.
Fabricado em polipropileno resistente, ele garante durabilidade mesmo com o uso diário.
Seu design compacto (36 x 26,5 x 10,5 cm) adapta-se perfeitamente a qualquer tipo de pia, sem ocupar espaço excessivo.
A cor preta confere um visual moderno, elegante e discreto.
Além disso, o peso leve (519g) facilita o transporte e armazenamento, tornando seu uso ainda mais prático.
É uma excelente escolha para cozinhas residenciais e comerciais pequenas que valorizam funcionalidade e estilo.";;;;;;;
188.012.086;https://produto.nitron.com.br/Baixa/188_012_086-01.jpg;;;74;Escorredor de Pratos Super Prático - Chumbo (188/B);Super Practical Dish Drainer - Lead;Escurridor de platos súper práctico - Plomo;36;26.5;10.5;;7896779688203;Cozinha;"Quando o espaço é limitado, mas a praticidade é essencial, o Escorredor de Pratos Chumbo Compacto 36cm se torna o aliado perfeito para sua cozinha.
Produzido em polipropileno resistente, ele é leve, durável e suporta tranquilamente pratos, copos e talheres.
Seu design funcional e compacto se adapta a qualquer tipo de pia, otimizando o espaço e facilitando a secagem da louça.
Além disso, a cor chumbo oferece um toque moderno que combina com diferentes estilos de decoração.
Ideal para quem busca eficiência sem abrir mão da estética.";;;;;;;
190.012.001;https://produto.nitron.com.br/Baixa/190_012_001-01.jpg;;;43;Kit Potes Altos com Travas e 3 Peças - Transparente (190);Kit of Tall containers with Locks and 3 Pieces - Clear;Kit Recipientes Altas con Cerraduras y 3 Piezas - Transparente;20.8;14.5;21.8;;7896779619009;Potes;0;;;;;;;
190.012.003;https://produto.nitron.com.br/Baixa/190_012_003-01.jpg;;;43;Kit Potes Altos com Travas e 3 Peças - Preto;Kit of Tall containers with Locks and 3 Pieces - Pink;Kit de Recipientes Altas con Cerraduras y 3 Piezas - Rosa;20.8;14.5;21.8;;7896779619092;Potes;;;;;;;;
191.012.001;https://produto.nitron.com.br/Baixa/191_012_001-01.jpg;;;59;Pote com 2 Divisórias - Transparente 720ml;2-Compartment container - Transparent 720ml;Recipientes con 2 Divisores - Transparente 720ml;Ø17;Ø17;6.7;720ml;7896779691142;Potes;0;;;;;;;
191.012.003;https://produto.nitron.com.br/Baixa/191_012_003-01.jpg;;;59;Pote com 2 Divisórias - Preto 720ml;2-Compartment container - Pink 720ml;Recipientes con 2 Divisores - Rosa 720ml;Ø17;Ø17;6.7;720ml;7896779691166;Potes;;;;;;;;
193.024.001;https://produto.nitron.com.br/Baixa/193_024_001-01.jpg;;Destaque;108;Saboneteira com Telinha - Transparente;Soap Dish with Mesh - Transparent;Jabonera con Pantalla - Transparente;10.8;7.8;4.2;;7896779693153;Banheiro;"Mais higiene, praticidade e estilo para o seu banheiro. A Saboneteira com Telinha Drenante da Nitron combina um design sofisticado com uma solução funcional para manter seu sabonete sempre seco e conservado.

Com telinha exclusiva, que evita o acúmulo de água, e estrutura removível que facilita a limpeza, é a escolha ideal para quem busca praticidade sem abrir mão do bom gosto. Produzida em polipropileno resistente, garante durabilidade e leveza no uso diário.";;;;;;;
193.024.066;https://produto.nitron.com.br/Baixa/193_024_066-01.jpg;;;108;Saboneteira com Telinha - Fumê;Soap Dish with Mesh - Smoked;Jabonera con Pantalla - Humo;10.8;7.8;4.2;;7896779619320;Banheiro;"Mais higiene, praticidade e estilo para o seu banheiro. A Saboneteira com Telinha Drenante da Nitron combina um design sofisticado com uma solução funcional para manter seu sabonete sempre seco e conservado.

Com telinha exclusiva, que evita o acúmulo de água, e estrutura removível que facilita a limpeza, é a escolha ideal para quem busca praticidade sem abrir mão do bom gosto. Produzida em polipropileno resistente, garante durabilidade e leveza no uso diário.";;;;;;;
194.012.009;https://produto.nitron.com.br/Baixa/194_012_009-01.jpg;;Destaque;85;Caçarola Legumix Micro-ondas com Cesto - Transparente 2,6L (194);Microwave Legumix Casserole with Basket - Clear 2.6L;Cazuela Legumix para Microondas con Cesta - Transparente 2,6L;26.5;22;15.2;2,6L;7896779619405;Micro-ondas;"Torne o preparo das suas refeições muito mais prático com a Panela Legumix da Nitron. Ideal para quem busca agilidade na cozinha, ela permite o cozimento a vapor e o preparo de arroz diretamente no micro-ondas, com segurança e sem sujeira.

Com capacidade de 2,6 litros, é perfeita para refeições individuais ou pequenas porções. Produzida em polipropileno atóxico, livre de BPA, garante mais saúde e tranquilidade no uso diário. Seu design alegre e funcional se adapta facilmente a diferentes ocasiões, desde o dia a dia até marmitas práticas para o trabalho.";;;;;;;
195.006.012;https://produto.nitron.com.br/Baixa/195_006_012-01.jpg;;Destaque;30;Frasqueira Cristal com Divisórias - Rosa 1,5L;Crystal Case with Dividers - Pink 1.5L;Estuche Cristal con Divisiones - Rosa 1.5L;20.2;11.5;11;1,5L;7896779619535;Frasqueiras;"A Frasqueira Cristal com Divisórias 1,5L da Nitron é ideal para quem busca organização, praticidade e estilo ao guardar bijuterias, maquiagens, jóias e itens de higiene pessoal, tanto em viagens quanto no dia a dia.

Com design moderno e acabamento de alta qualidade, conta com corpo e tampa transparentes, permitindo fácil visualização do conteúdo, e detalhes em rosa delicado, como alça, bandeja e divisórias. Sua capacidade de 1,5 litros é complementada por até 7 compartimentos ajustáveis, graças às divisórias móveis, oferecendo flexibilidade para acomodar diferentes itens com segurança.

Fabricada em polipropileno (PP) resistente e seguro, a frasqueira é leve (200g), fácil de limpar e ideal para transportar em malas ou bolsas. Um produto versátil, que une funcionalidade e estética, para te acompanhar em viagens ou para organizar acessórios em casa e no trabalho.";;;;;;;
195.006.609;https://produto.nitron.com.br/Baixa/195_006_609-01.jpg;;;30;Frasqueira Cristal com Divisórias - Preto 1,5L;Crystal Case with Dividers - Black 1.5L;Estuche Cristal con Divisiones - Negro 1.5L;20.2;11.5;11;1,5L;7896779619511;Frasqueiras;"A Frasqueira Cristal com Divisórias 1,5L da Nitron é ideal para quem busca organização, praticidade e estilo ao guardar bijuterias, maquiagens, jóias e itens de higiene pessoal, tanto em viagens quanto no dia a dia.

Com design moderno e acabamento de alta qualidade, conta com corpo e tampa transparentes, permitindo fácil visualização do conteúdo, e detalhes em rosa delicado, como alça, bandeja e divisórias. Sua capacidade de 1,5 litros é complementada por até 7 compartimentos ajustáveis, graças às divisórias móveis, oferecendo flexibilidade para acomodar diferentes itens com segurança.

Fabricada em polipropileno (PP) resistente e seguro, a frasqueira é leve (200g), fácil de limpar e ideal para transportar em malas ou bolsas. Um produto versátil, que une funcionalidade e estética, para te acompanhar em viagens ou para organizar acessórios em casa e no trabalho.";;;;;;;
196.006.001;https://produto.nitron.com.br/Baixa/196_006_001-01.jpg;;Destaque;54;Pote Premium - Transparente 7,9L;Premium container - Transparent 7.9L;Recipientes Premium - Transparente 7.9L;39;26;12;7,9L;7896779696116;Potes;0;;;;;;;
197.024.010;https://produto.nitron.com.br/Baixa/197_012_010-01.jpg;;;56;Marmita Due com Divisória Móvel - 600ml (197);Long Term Lunch Box with Movable Divider - 600ml;Fiambrera Due con Divisor Móvil - 600ml;14.8;11.9;5.7;600ml;7896779619702;Potes;;;;;;;;
198.012.001;https://produto.nitron.com.br/Baixa/198_012_001-01.jpg;;;13;Estojo Super Prático - Transparente;Super Practical Case - Transparent;Estuche Súper Práctico - Transparente;20;6.4;4;;7896779619849;Organização;O Estojo Super Prático - Fumê é a solução perfeita para quem busca organização e praticidade no dia a dia. Com um design compacto e peso leve de apenas 40 g, ele é ideal para transportar escovas de dentes, talheres, pincéis de maquiagem e outros itens essenciais. Além disso, é livre de BPA, garantindo mais segurança para sua saúde. Seja para viagens ou para o uso diário, este estojo versátil mantém seus acessórios protegidos e sempre à mão.;;;;;;;
198.012.066;https://produto.nitron.com.br/Baixa/198_012_066-01.jpg;;;13;Estojo Super Prático - Fumê;Super Practical Case - Smoked;Estuche Súper Práctico - Humo;20;6.4;4;;7896779619856;Organização;O Estojo Super Prático - Transparente é a solução perfeita para quem busca organização e praticidade no dia a dia. Com um design compacto e peso leve de apenas 40 g, ele é ideal para transportar escovas de dentes, talheres, pincéis de maquiagem e outros itens essenciais. Além disso, é livre de BPA, garantindo mais segurança para sua saúde. Seja para viagens ou para o uso diário, este estojo versátil mantém seus acessórios protegidos e sempre à mão.;;;;;;;
199.006.001;https://produto.nitron.com.br/Baixa/199_006_001-01.jpg;;;16;Caixa Organizadora Nitronbox - Transparente 27L;Nitronbox Storage Box – Transparent 27 L;Caja Organizadora Nitronbox – Transparente 27L;57.5;39.5;17;27L;7896779619900;Organização;0;;;;;;;
200.004.001;https://produto.nitron.com.br/Baixa/200_004_001-01.jpg;;;16;Caixa Organizadora Nitronbox - Transparente 50L;Nitronbox Storage Box – Transparent 50 L;Caja Organizadora Nitronbox – Transparente 50L;57.5;39.5;31.5;50L;7896779692002;Organização;0;;;;;;;
202.006.001;https://produto.nitron.com.br/Baixa/202_006_001-01.jpg;;;31;Frasqueira Oval com Bandeja - Rosa;Oval Case with Tray - Aqua;Estuche Médico Ovalado con Bandeja - Aqua 4.4L;27;17.7;18;4,4L;7896779620296;Frasqueiras;;;;;;;;
202.006.002;https://produto.nitron.com.br/Baixa/202_006_002-01.jpg;;;29;Frasqueira Medicamentos Oval com Bandeja - Branca 4,4L;Medic Oval Case with Tray - White 4.4L;Estuche Médico Ovalado con Bandeja - Blanco 4.4L;27;17.7;18;4,4L;7896779620234;Frasqueiras;0;;;;;;;
202.006.009;https://produto.nitron.com.br/Baixa/202_006_009-01.jpg;;;29;Frasqueira Medicamentos Oval com Bandeja - Vermelha 4,4L;Medic Oval Case with Tray - Red 4.4L;Estuche Médico Ovalado con Bandeja - Rojo 4.4L;27;17.7;18;4,4L;7896779620241;Frasqueiras;"Organize seus medicamentos com mais praticidade e segurança com a Frasqueira Maleta Oval da Nitron. Com design compacto e elegante, ela é perfeita para manter remédios e itens de primeiros socorros sempre acessíveis e bem armazenados.

Possui capacidade de 4,4 litros e uma bandeja interna removível, facilitando a separação por tipo, uso ou frequência. Ideal para uso doméstico, consultórios, viagens e locais que exigem organização eficiente de itens de saúde.";;;;;;;
202.006.012;https://produto.nitron.com.br/Baixa/202_006_012-01.jpg;;;31;Frasqueira Oval com Bandeja - Rosa;Oval Case with Tray - Pink;Estuche Médico Ovalado con Bandeja - Rosa 4.4L;27;17.7;18;4,4L;7896779620227;Frasqueiras;"Se você busca uma solução prática e elegante para organizar pequenos objetos, a frasqueira oval plástica é a escolha ideal. Com seu design moderno e atrativo, combina o charme do rosa com a sofisticação da tampa incolor e detalhes em branco. Além disso, seu formato oval garante um visual diferenciado, perfeito para quem valoriza beleza e funcionalidade no dia a dia.

Produzida em plástico resistente, essa frasqueira é leve, compacta e muito fácil de transportar. Outro diferencial é a bandeja interna removível com 4 divisórias, que facilita a separação de itens como maquiagens, bijuterias, acessórios de cabelo, esmaltes e até materiais de costura.

Com dimensões otimizadas (27 cm de comprimento, 17 cm de largura e 18 cm de altura), oferece espaço interno versátil para diversas necessidades. Sua alça ergonômica proporciona praticidade no transporte, enquanto o fecho em branco completa o acabamento com um toque clean.

Portanto, se você procura uma frasqueira bonita, funcional e versátil, esta é a opção certa para manter seus itens organizados e sempre à mão.";;;;;;;
203.006.003;https://produto.nitron.com.br/Baixa/203_006_003-01.jpg;;;52;Pote Ultraforte com Tela e Travas - Preto 4L;Ultrastrong container with Screen and Locks - Black 4L;Recipientes Ultrafuerte con Pantalla y Seguros - Negra 4L;30;20;10.5;4L;7896779620326;Potes;0;;;;;;;
205.006.861;https://produto.nitron.com.br/Baixa/205_006_861-01.jpg;;;63;Kit Pote Fit Coloratto com 2 Peças - 450ml (285/K);Coloratto Fit container Kit with 2 Pieces - 450ml;Kit de Recipientes Coloratto Fit con 2 piezas - 450ml;11.8;9.5;11.4;450ML;7896779685127;Coloratto;0;;;;;;;
205.006.862;https://produto.nitron.com.br/Baixa/205_006_862-01.jpg;;;62;Kit Pote Fit Coloratto com 3 Peças - 450ml (290/K);Coloratto Fit container Kit with 3 Pieces - 450ml;Kit de Recipientes Coloratto Fit con 3 piezas - 450ml;11.8;9.5;17.1;450ML;7896779629039;Coloratto;"O Kit com 3 Potes Plásticos Coloridos de 450ml é a solução ideal para quem busca organização, praticidade e um toque de cor na rotina. Com design alegre e tampas transparentes, esses potes se adaptam perfeitamente a diferentes ambientes e ocasiões.

Cada pote possui capacidade de 450ml, totalizando 1,35L no kit, e apresenta um formato compacto que facilita o armazenamento em armários, geladeiras ou bolsas térmicas.

Produzidos em material resistente, esses potes garantem uma longa vida útil e são perfeitos tanto para armazenar alimentos quanto para organizar pequenos objetos. A transparência das tampas facilita a visualização do conteúdo, otimizando a rotina na cozinha ou em qualquer ambiente da casa.

Além disso, seu visual colorido adiciona charme e personalidade à organização.";;;;;;;
205.006.P01;https://produto.nitron.com.br/Baixa/205_006_P01-01.jpg;;Destaque;65;Kit POP com 6 Potes Fits - Transparente 450ml;POP Kit with 6 Fits Containers – Transparent 450ml;Kit POP con 6 Recipientes Fits – Transparente 450ml;23.6;9.5;16.8;450ml;7896779650057;POP;;;;;;;;
205.012.001;https://produto.nitron.com.br/Baixa/205_012_001-01.jpg;;;53;Pote Retangular Fit - Transparente 450ml;Fit Rectangular container - Transparent 450ml;Maceta Fit Rectangular - Transparente 450ml;11.9;9.5;5.6;450ml;7896779620517;Potes;0;;;;;;;
205.012.003;https://produto.nitron.com.br/Baixa/205_012_003-01.jpg;;;53;Pote Retangular Fit - Preto 450ml;Fit Rectangular container - Pink 450ml;Maceta Fit Rectangular - Rosa 450ml;11.9;9.5;5.6;450ml;7896779620593;Potes;;;;;;;;
207.012.002;https://produto.nitron.com.br/Baixa/207_012_002-01.jpg;;;91;Jarra Medidora Top Mix - Branco 850ml;Top Mix Measuring Jug - White 850ml;Tarro medidor Top Mix - Blanco 850ml;14.2;9.9;17.7;850ml;7896779620746;Jarras;0;;;;;;;
207.012.547;https://produto.nitron.com.br/Baixa/207_012_547-01.jpg;;;91;Jarra Medidora Top Mix - Vermelho 850ml;Top Mix Measuring Jug - Red 850ml;Tarro medidor Top Mix - Rojo 850ml;14.2;9.9;17.7;850ml;7896779620715;Jarras;0;;;;;;;
207.024.001;https://produto.nitron.com.br/Baixa/207_012_001-01.jpg;;;91;Jarra Medidora Top Mix - Transparente 850ml;Top Mix Measuring Jug - Transparent 850ml;Tarro Medidor Top Mix - Transparente 850ml;14.2;9.9;17.7;850ml;7896779602070;Jarras;;;;;;;;
209.012.003;https://produto.nitron.com.br/Baixa/209_012_003-01.jpg;;;58;Marmita com Porta Talheres - Preto 715ml;Lunch Box with Cutlery Holder - Black 715ml;Fiambrera con portacubiertos - Negro 715ml;21.3;11;6.4;715ml;7896779620913;Potes;"A Marmita com Porta Talheres – Preto 715ml é a escolha perfeita para quem busca praticidade e organização na hora de se alimentar fora de casa. Com design moderno e funcional, ela facilita o transporte de refeições no trabalho, faculdade ou dia a dia corrido.

Sua divisória interna separa alimentos dos talheres (não inclusos), mantendo tudo organizado e higiênico. Além disso, a tampa com travas laterais oferece maior segurança no fechamento, evitando vazamentos de molhos ou líquidos durante o transporte.

Compatível com micro-ondas, banho-maria, freezer e lava-louças, a marmita é versátil e durável, ideal para quem preza por uma rotina prática e eficiente. O acabamento na cor preta traz elegância, combinando com qualquer estilo.";;;;;;;
211.012.002;https://produto.nitron.com.br/Baixa/211_012_002-01.jpg;;Destaque;109;Cantoneira para banheiro Smart - Brancp (211/B);Smart bathroom corner - White;Cantoneira de baño Smart - Blanco;26.7;17;30;;7896779621170;Banheiro;0;;;;;;;
211.012.003;https://produto.nitron.com.br/Baixa/211_012_003-01.jpg;;;109;Cantoneira para banheiro Smart - Preto (211/B);Smart bathroom corner- Black;Cantoneira de baño Smart - Negro;26.7;17;30;;7896779621163;Banheiro;0;;;;;;;
212.012.003;https://produto.nitron.com.br/Baixa/212_012_003-01.jpg;;;56;Pote com Travas e 2 Divisórias - Preto 600ml;Pot with Locks and 2 Dividers - Black 600ml;Recipientes con Cerraduras y 2 Divisores - Negro 600ml;17.4;13;6;600ml;7896779621217;Potes;"O Pote Retangular com 2 Divisórias e Travas Laterais – Transparente 600ml é a solução ideal para quem busca organização prática e segura no dia a dia. Com formato compacto e divisórias internas, permite armazenar diferentes tipos de alimentos ou objetos de forma separada e eficiente.

As travas laterais garantem uma vedação firme, bloqueando completamente a entrada de ar ou umidade, o que prolonga a conservação dos alimentos e evita vazamentos. Além disso, o pote é resistente ao uso em freezer, micro-ondas e lava-louças, sendo ideal para uma rotina versátil.

A transparência do material facilita a identificação do conteúdo, contribuindo para uma organização mais prática, seja na geladeira, despensa ou armário. Seu design funcional se adapta bem a qualquer ambiente da casa, trazendo praticidade e otimização de espaço.";;;;;;;
214.006.002;https://produto.nitron.com.br/Baixa/214_006_002-01.jpg;;Destaque;7;Organizador Multiuso Rattan com 6 Divisórias - Branco (214/B);Multipurpose Rattan Organizer with 6 Compartments - White;Organizador multiusos de ratán con 6 divisores - Blanco;19.3;16;17.8;;7896779621446;Organização;Experimente a praticidade e a elegância com o Organizador Multiuso Rattan com 6 Divisórias - Branco. Se você busca ordenar seu espaço de forma eficaz, este organizador é a solução perfeita. Com suas seis divisórias, ele permite que você arrume diferentes tipos de objetos, tornando seu ambiente mais organizado e funcional. Além disso, o estilo Rattan garante uma estética sofisticada e acolhedora, que se integra perfeitamente a qualquer decoração. Quer você precise organizar seu escritório, cozinha ou área de lazer, este organizador oferece versatilidade e requinte em uma só peça.;;;;;;;
214.006.003;https://produto.nitron.com.br/Baixa/214_006_003-01.jpg;;Destaque;7;Organizador Multiuso Rattan com 6 Divisórias - Preto (214/B);Multipurpose Rattan Organizer with 6 Compartments - Black;Organizador multiusos de ratán con 6 divisores - Negro;19.3;16;17.8;;7896779621415;Organização;Experimente a praticidade e a elegância com o Organizador Multiuso Rattan com 6 Divisórias - Preto. Se você busca ordenar seu espaço de forma eficaz, este organizador é a solução perfeita. Com suas seis divisórias, ele permite que você arrume diferentes tipos de objetos, tornando seu ambiente mais organizado e funcional. Além disso, o estilo Rattan garante uma estética sofisticada e acolhedora, que se integra perfeitamente a qualquer decoração. Quer você precise organizar seu escritório, cozinha ou área de lazer, este organizador oferece versatilidade e requinte em uma só peça.;;;;;;;
214.006.086;https://produto.nitron.com.br/Baixa/214_006_086-01.jpg;;;7;Organizador Multiuso Rattan com 6 Divisórias - Chumbo;Multipurpose Rattan Organizer with 6 Compartments - Lead;Organizador multiusos de ratán con 6 divisores - Plumo;19.3;16;17.8;;7896779614202;Organização;Experimente a praticidade e a elegância com o Organizador Multiuso Rattan com 6 Divisórias - Chumbo. Se você busca ordenar seu espaço de forma eficaz, este organizador é a solução perfeita. Com suas seis divisórias, ele permite que você arrume diferentes tipos de objetos, tornando seu ambiente mais organizado e funcional. Além disso, o estilo Rattan garante uma estética sofisticada e acolhedora, que se integra perfeitamente a qualquer decoração. Quer você precise organizar seu escritório, cozinha ou área de lazer, este organizador oferece versatilidade e requinte em uma só peça.;;;;;;;
215.012.003;https://produto.nitron.com.br/Baixa/215_012_003-01.jpg;;Destaque;52;Pote Ultraforte com Travas - Preto 2,1L;Ultrastrong Pot with Locks - Black 2.1L;Recipientes Ultrafuerte con Cerraduras - Negra 2.1L;25;16.5;8.7;2,1L;7896779621514;Potes;"O Pote de Armazenamento Nitron 2,1L é a solução perfeita para manter seu espaço organizado e prático. Com design funcional e eficiente, é ideal para guardar diversos tipos de itens, desde alimentos até materiais de escritório ou utensílios domésticos. Feito de polipropileno resistente, o pote oferece durabilidade e leveza, sendo a escolha ideal para quem busca qualidade e eficiência no armazenamento.

Com capacidade de 2,1 litros e dimensões de 16,5 x 25 x 8,7 cm, o pote se adapta facilmente a diferentes necessidades de organização, sendo perfeito para a cozinha, escritório ou até mesmo para organizar pequenos objetos em casa.";;;;;;;
216.012.003;https://produto.nitron.com.br/Baixa/216_012_003-01.jpg;;Destaque;52;Pote Ultraforte com Travas - Preto 4L;Ultrastrong Pot with Locks - Black 4L;Recipientes Ultrafuerte con Cerraduras - Negra 4L;30;20;10.5;4L;7896779616039;Potes;"O Pote Ultra Forte com Travas Laterais da Nitron é a solução perfeita para quem busca praticidade e segurança no armazenamento de alimentos. Com capacidade de 4 litros, esse pote retangular é ideal para cozinhas e escritórios, oferecendo uma vedação eficiente que preserva a frescura dos alimentos por mais tempo.

Feito de plástico resistente e livre de BPA, o pote garante qualidade e durabilidade. As travas laterais oferecem um fechamento seguro, enquanto a resistência ao calor do micro-ondas e a possibilidade de uso na lava-louças tornam este pote extremamente prático para o dia a dia.";;;;;;;
217.012.003;https://produto.nitron.com.br/Baixa/217_012_003-01.jpg;;Destaque;52;Pote Ultraforte com Travas - Preto 6,9L;Ultrastrong Pot with Locks - Black 6.9L;Recipientes Ultrafuerte con Cerraduras - Negra 6.9L;35;24;12.8;6,9L;7896779621729;Potes;"O Pote Ultra Forte com Travas Laterais Nitron oferece uma solução eficiente e prática para o armazenamento seguro de alimentos. Com capacidade de 6,9 litros, é ideal para quem busca organização e preservação de frescor, seja na cozinha ou escritório.

Feito de plástico resistente e livre de BPA, este pote garante durabilidade e segurança. As travas laterais proporcionam uma vedação eficaz, mantendo seus alimentos frescos por mais tempo. Além disso, o pote é resistente ao calor do micro-ondas e seguro para lava-louças, tornando o uso e a manutenção ainda mais simples e práticos.";;;;;;;
219.006.563;https://produto.nitron.com.br/Baixa/219_006_563-01.jpg;;;31;Frasqueira Rattan - Rosa 9,4L;Rattan Case - Rosé 9.4L;Estuche de Ratán - Rosado 9.4L;32.7;23;21;9,4L;7896779621941;Frasqueiras;A Frasqueira Rattan - Rosa 9,4L é a escolha perfeita para quem busca praticidade e elegância nas viagens. Compacta e acessível, ela garante a organização pessoal de itens essenciais, como maquiagem, higiene e outros objetos indispensáveis. Seu design sofisticado, aliado à cor rosa delicada, transforma o armazenamento em um momento de estilo. Além disso, conta com uma alça confortável para transporte e uma trava de segurança que mantém seus pertences protegidos durante o trajeto. Ideal para quem precisa de uma solução eficiente e charmosa para viagens e no dia a dia.;;;;;;;
221.012.002;https://produto.nitron.com.br/Baixa/221_012_002-01.jpg;;;81;Saleiro Premier com Alça - Transparente e Branco 1 Kg;Premier Salt Shaker with Handle - Transparent and Black 1 Kg;Salero Premier con Mango - Transparente y Blanco 1 Kg;15.5;11;13.2;1 KG;7896779621071;Cozinha;0;;;;;;;
221.012.003;https://produto.nitron.com.br/Baixa/221_012_003-01.jpg;;;81;Saleiro Premier com Alça - Transparente e Preto 1 Kg;Premier Salt Shaker with Handle - Transparent and Black 1 Kg;Salero Premier con Mango - Transparente y Negro 1 Kg;15.5;11;13.2;1 KG;7896779610082;Cozinha;0;;;;;;;
222.012.002;https://produto.nitron.com.br/Baixa/222_012_002-01.jpg;;;89;Jarra com Tampa Flip Top - Branco 1,4L;Jug with Flip Top Lid - White 1.4L;Jarra con tapa abatible - Blanca 1,4 L;18.5;10;15.5;1,4L;7896779627219;Jarras;0;;;;;;;
222.012.546;https://produto.nitron.com.br/Baixa/222_012_546-01.jpg;;;89;Jarra com Tampa Flip Top - Vermelho 1,4L;Jug with Flip Top Lid - Red 1.4L;Jarra con tapa abatible - Roja 1,4 L;18.5;10;15.5;1,4L;7896779622269;Jarras;0;;;;;;;
2231.024.009;https://produto.nitron.com.br/Baixa/2231_024_009-01.jpg;;Destaque;77;Porta Frios com Tela;Cold Cuts Holder with Screen;Soporte para almacenamiento en frío con pantalla;24.5;18;5;1,4L;7896779622313;Cozinha;0;;;;;;;
2232.012.009;https://produto.nitron.com.br/Baixa/2232_012_009-01.jpg;;;77;Porta Frios Duplo com Tela;Double Cold Cuts Holder with Screen;Frigorífico Doble Frío con Mampara;24.5;18;9;2,8L;7896779622320;Cozinha;0;;;;;;;
224.012.002;https://produto.nitron.com.br/Baixa/224_012_002-01.jpg;;;74;Porta Talher Escorre e Guarda - Branco;Cutlery Holder Drains and Stores - White;Soporte para detergente para drenaje y retención - Blanco;18.5;9.5;24;;7896779622474;Cozinha;"Se você busca praticidade e organização para sua cozinha, o Secador e Organizador de Talheres com Tampa Transparente é a solução ideal. Com função 2 em 1, ele combina secagem eficiente com armazenamento seguro, otimizando espaço e mantendo seus talheres sempre limpos e protegidos.

Graças à sua tampa transparente, você evita o acúmulo de poeira e garante mais higiene no dia a dia. Além disso, seu design compacto e moderno se adapta facilmente a qualquer estilo de cozinha, tornando-o uma escolha inteligente para ambientes pequenos.

Fabricado com material resistente e de alta durabilidade, o organizador é fácil de limpar e perfeito para uso contínuo. Suas cores neutras — base branca e tampa translúcida — oferecem um visual elegante e discreto, combinando funcionalidade e estética de forma equilibrada.

Com dimensões pensadas para economizar espaço (18,5 cm de comprimento, 9,5 cm de largura e 24 cm de altura com tampa), ele acomoda com eficiência talheres de mesa e até pequenos utensílios como colheres de sopa ou espetos.";;;;;;;
224.012.003;https://produto.nitron.com.br/Baixa/224_012_003-01.jpg;;Destaque;74;Porta Talher Escorre e Guarda - Preto;Cutlery Holder Drains and Stores - Black;Portacubiertos para drenaje y retención - Negro;18.5;9.5;24;;7896779624126;Cozinha;"Para quem valoriza organização e praticidade, o Secador e Organizador de Talheres com Tampa Transparente é a escolha ideal. Com funcionalidade 2 em 1, ele permite secar e armazenar talheres de forma eficiente, otimizando espaço e mantendo sua cozinha sempre em ordem.

O design compacto e moderno, aliado à base preta e à tampa translúcida, garante uma estética sofisticada que se adapta facilmente a diferentes estilos de decoração. Além disso, a tampa protege os talheres contra poeira e sujeira, promovendo mais higiene e segurança alimentar no dia a dia.

Fabricado com material resistente, o produto é fácil de limpar e perfeito para uso contínuo. Suas dimensões compactas (18,5 cm de comprimento, 9,5 cm de largura e 24 cm de altura com tampa) tornam-no uma solução prática para cozinhas de todos os tamanhos, sem comprometer a capacidade de organização.

Seja para talheres de mesa ou utensílios pequenos, este organizador vertical combina funcionalidade, estilo e eficiência, facilitando as tarefas cotidianas com um toque de modernidade.";;;;;;;
224.012.086;https://produto.nitron.com.br/Baixa/224_012_086-01.jpg;;;74;Porta Talher Escorre e Guarda - Chumbo;Detergent Holder Drains and Stores - Lead;Portacubiertos para drenaje y retención - Plomo;18.5;9.5;24;;7896779624201;Cozinha;"Organização e praticidade em um só produto! O Secador e Guardador de Talheres com Tampa Transparente - Cor Chumbo é a solução perfeita para quem busca otimizar o espaço da cozinha sem abrir mão da higiene e da estética.

Com função 2 em 1, ele permite secar e armazenar talheres de forma eficiente, mantendo-os protegidos contra poeira e sujeira. Seu design compacto e moderno combina linhas elegantes com cores neutras, adaptando-se a diversos estilos de decoração.

A base na cor chumbo oferece estabilidade e um toque sofisticado, enquanto a tampa translúcida facilita a visualização dos utensílios. Ideal para talheres de mesa, o organizador também pode ser usado para acomodar pequenos utensílios, como colheres de sopa ou espetos.

Além de versátil, o produto é fabricado com materiais resistentes, fáceis de limpar e pensados para o uso diário. Suas dimensões práticas (18,5 cm de comprimento, 9,5 cm de largura e 24 cm de altura com tampa) garantem economia de espaço, sendo perfeito para cozinhas de todos os tamanhos.

Seja para organizar, secar ou simplesmente manter a cozinha em ordem, este secador e guardador é um item indispensável para uma rotina mais ágil e higiênica.";;;;;;;
227.036.998;https://produto.nitron.com.br/Baixa/227_036_998-01.jpg;;;67;Copo Infantil com Alça - Sortido 320ml;;;11;8;12.2;;7896779622795;Infantil;;;;;;;;
227.036.999;https://produto.nitron.com.br/Baixa/227_036_999-01.jpg;;Destaque;67;Copo Infantil com Alça - Sortido 320ml (227);Children's Cup with Handle - Assorted 320ml;Vaso Infantil con Asa - Surtido 320ml;11;8;12.2;320ml;7896779602278;Infantil;O Copo Infantil com Alça – 320ml da Nitron é perfeito para auxiliar a criança no processo de transição da mamadeira para o copo de forma segura e divertida. Com alça ergonômica e bico funcional, ele promove autonomia, facilita a pega e reduz riscos de engasgos e sujeiras. Fabricado em polipropileno (PP) resistente, leve e livre de BPA, é seguro para o uso infantil a partir dos 6 meses. Pode ser levado ao micro-ondas, freezer e lava-louças, garantindo praticidade para os pais. Seu design com cores vibrantes e tema de bichinhos estimula o interesse dos pequenos, tornando o momento da bebida mais lúdico e encantador.;;;;;;;
2270.012.001;https://produto.nitron.com.br/Baixa/2270_012_001-01.jpg;;;45;Pote Redondo com Travas - Transparente 2,3L (022/7);Round Storage Container with Locks - Transparent 2.3L;Recipiente Redondo con Cerraduras - Transparente 2.3L;22.5;20.5;10;2,3L;7896779627127;Potes;A Caixa Organizadora Rattan com Tampa - Chumbo 16L é a escolha ideal para quem busca organização combinada com estilo. Aliando a estética rattan a uma cor preta sofisticada, esta caixa se integra de forma discreta em qualquer ambiente. Além disso, sua praticidade é inigualável, uma vez que acomoda uma diversidade de itens, de papéis e produtos de higiene a alimentos, brinquedos, roupas e maquiagem. Com alças laterais que facilitam o transporte e um design feito para empilhamento seguro, você poderá otimizar espaços sem abrir mão da segurança e da integridade dos seus pertences. Ademais, graças ao seu material resistente, a durabilidade é garantida, evitando deformações e garantindo que suas caixas continuarão organizadas e elegantes por muito tempo.;;;;;;;
2270.012.003;https://produto.nitron.com.br/Baixa/2270_012_003-01.jpg;;;45;Pote Redondo com Travas - Preto 2,3L;Round Storage Container with Locks - Pink 2.3L;Recipiente Redondo con Cerraduras - Rosa 2.3L;22.5;20.5;10;2,3L;7896779627165;Potes;;;;;;;;
228.012.003;https://produto.nitron.com.br/Baixa/228_012_003-01.jpg;;;58;Pote com Travas Laterais - Preto 1,1L;Pot with Lateral Locks - Black 1L;Pote con Trabas Laterales - Negro 1L;17.4;13;9.1;1,1L;7896779622832;Potes;0;;;;;;;
2280.012.001;https://produto.nitron.com.br/Baixa/2280_012_001-01.jpg;;;45;Pote Redondo com Travas - Transparente 1,1L (022/8);Round Storage Container with Locks - Clear 1.1L;Recipiente Redondo con Cerraduras - Transparente 1.1L;17.5;16;8;1,1L;7896779622818;Potes;"Quando praticidade e charme se encontram, o resultado é o Pote Redondo com Tampa com Travas Rosa 1,1L.
Feito em polipropileno resistente e livre de BPA, ele é ideal para armazenar desde lanches até porções maiores de alimentos.
Seu formato redondo com diâmetro de 16,5 cm e tampa com travas oferece vedação eficiente, protegendo o conteúdo e mantendo a frescura por mais tempo.
Além disso, o corpo e tampa transparentes permitem visualizar facilmente o que está dentro, enquanto o toque rosa adiciona leveza e alegria à sua rotina.";;;;;;;
2280.012.003;https://produto.nitron.com.br/Baixa/2280_012_003-01.jpg;;;45;Pote Redondo com Travas - Preto 1,1L;Round Storage Container with Locks - Pink 1.1L;Recipiente Redondo con Cerraduras - Rosa 1.1L;17.5;16;8;1,1L;7896779622870;Potes;;;;;;;;
229.012.001;https://produto.nitron.com.br/Baixa/229_012_001-01.jpg;;;86;Cook Freezer Micro-ondas com Cesto - Transparente 3L (229);Microwave Freezer Cooker with Basket - Clear 3L;Congelador Cocción Microondas con Cesta - Transparente 3L;23.7;23.7;10.2;3L;7896779602292;Micro-ondas;"O Cook Freezer com Cesto Removível é a solução prática e versátil que faltava na sua cozinha. Ideal para quem busca funcionalidade no dia a dia, ele permite cozinhar legumes no vapor de forma rápida, armazenar alimentos no freezer ou geladeira e, ainda, aquecê-los diretamente no micro-ondas.

Com capacidade de 3 litros, é perfeito para porções do cotidiano, otimizando tempo e espaço. Seu cesto removível facilita o manuseio durante o cozimento, além de tornar a limpeza muito mais prática.

O design compacto (11 x 24 x 24 cm) foi pensado para ocupar o mínimo de espaço nos armários e refrigeradores, sem abrir mão da eficiência. Produzido em material resistente, é seguro para uso em diferentes temperaturas, oferecendo durabilidade e comodidade em todas as etapas do preparo.

Seja para preparar, armazenar ou aquecer, o Cook Freezer com Cesto é um item essencial para tornar sua rotina mais leve e organizada.";;;;;;;
2290.006.862;https://produto.nitron.com.br/Baixa/2290_006_862-01.jpg;;;62;Kit Pote Redondo Coloratto com 3 Peças - 450ml (304/K);Coloratto Round container Kit with 3 Pieces - 450ml;Kit de Recipientes Redondas Coloratto con 3 Piezas - 450ml;13.5;12.5;18.;450ML;7896779630417;Coloratto;"Se você procura um pote prático, seguro e resistente para o seu dia a dia, o Pote Retangular 450ml BPA Free é a escolha certa.
Fabricado em polipropileno atóxico e livre de BPA, ele garante o armazenamento ideal de alimentos tanto no freezer quanto no micro-ondas.
Com design compacto e alegre, ele é perfeito para levar refeições, guardar sobras ou congelar porções individuais.
Além disso, sua estrutura suporta até -18°C por 24h e pode ser aquecida no micro-ondas com segurança — desde que respeitadas as orientações de uso.";;;;;;;
2290.012.001;https://produto.nitron.com.br/Baixa/2290_012_001-01.jpg;;;45;Pote Redondo com Travas - Transparente 450ml (022/9);Round Storage Container with Locks - Transparent 450ml;Recipiente Redondo con Cerraduras - Transparente 450ml;13.5;12.5;6;450ml;7896779629145;Potes;0;;;;;;;
2290.012.003;https://produto.nitron.com.br/Baixa/2290_012_003-01.jpg;;;45;Pote Redondo com Travas - Preto 450ml;Round Storage Container with Locks - Pink 450ml;Recipiente Redondo con Cerraduras - Rosa 450ml;13.5;12.5;6;450ml;7896779622931;Potes;;;;;;;;
231.006.861;https://produto.nitron.com.br/Baixa/231_006_861-01.jpg;;;63;Kit Pote Raso Coloratto com 2 Peças - 270ml (289/K);Coloratto Shallow Pot Kit with 2 Pieces - 270ml;Kit de Recipientes poco profundas Coloratto con 2 piezas - 270 ml;14;9.6;8;270ML;7896779689125;Coloratto;0;;;;;;;
231.006.862;https://produto.nitron.com.br/Baixa/231_006_862-01.jpg;;;62;Kit Pote Raso Coloratto com 3 Peças - 270ml (291/K);Coloratto Shallow Pot Kit with 3 Pieces - 270ml;Kit de Recipientes poco profundas Coloratto con 3 piezas - 270 ml;14;9.5;12;270ML;7896779691111;Coloratto;0;;;;;;;
231.006.P01;https://produto.nitron.com.br/Baixa/231_006_P01-01.jpg;;Destaque;64;Kit POP com 6 Potes Retangular - Transparente 270ml;POP Kit with 6 Rectangular Containers – Transparent 270ml;Kit POP con 6 Recipientes Rectangulares – Transparente 270ml;14;10;24;270ml;7896779631032;POP;;;;;;;;
231.012.001;https://produto.nitron.com.br/Baixa/231_012_001-01.jpg;;;42;Pote Raso com Travas - Transparente 270ml;Shallow container with Locks - Transparent 270ml;Recipientes Baja con Cerraduras - Transparente 270ml;14;10;4;270ml;7896779631148;Potes;0;;;;;;;
231.012.003;https://produto.nitron.com.br/Baixa/231_012_003-01.jpg;;;42;Pote Raso com Travas - Preto 270ml;Shallow container with Locks - Pink 270ml;Recipientes Baja con Cerraduras - Rosa 270ml;14;10;4;270ml;7896779623181;Potes;;;;;;;;
232.006.861;https://produto.nitron.com.br/Baixa/232_006_861-01.jpg;;;63;Kit Pote Raso Coloratto com 2 Peças - 500ml;Coloratto Shallow container Kit with 2 Pieces - 500ml;Kit de Recipientes poco profundas Coloratto con 2 piezas - 500 ml;17;11;10;500ml;7896779632824;Coloratto;0;;;;;;;
232.006.862;https://produto.nitron.com.br/Baixa/232_006_862-01.jpg;;;62;Kit Pote Raso Coloratto com 3 Peças - 500ml;Coloratto Shallow container Kit with 3 Pieces - 500ml;Kit de Recipientes poco profundas Coloratto con 3 piezas - 500 ml;17;11;15;500ml;7896779632855;Coloratto;0;;;;;;;
232.012.001;https://produto.nitron.com.br/Baixa/232_012_001-01.jpg;;Destaque;42;Pote Raso com Travas - Transparente 500ml;Shallow container with Locks - Transparent 500ml;Recipientes Baja con Cerraduras - Transparente 500ml;17;11;5;500ml;7896779632145;Potes;"O Pote Raso com Travas 500ml Transparente da Nitron é ideal para quem busca organização, praticidade e segurança na conservação de alimentos. Com design moderno e estrutura compacta, é perfeito para armazenar porções menores sem ocupar muito espaço.

Sua tampa com trava oferece vedação eficiente, evitando vazamentos e facilitando o transporte. Fabricado em plástico resistente e livre de BPA, é totalmente seguro para uso alimentar, proporcionando mais tranquilidade no dia a dia.

Além disso, o material transparente permite visualizar facilmente o conteúdo, otimizando o tempo na cozinha e tornando o armazenamento mais funcional.";;;;;;;
232.012.003;https://produto.nitron.com.br/Baixa/232_012_003-01.jpg;;;42;Pote Raso com Travas - Preto 500ml;Shallow container with Locks - Pink 500ml;Recipientes Baja con Cerraduras - Rosa 500ml;17;11;5;500ml;7896779623297;Potes;;;;;;;;
233.012.001;https://produto.nitron.com.br/Baixa/233_012_001-01.jpg;;Destaque;42;Pote Raso com Travas - Transparente 1,1L;Shallow container with Locks - Transparent 1.1L;Recipientes Baja con Cerraduras - Transparente 1.1L;22;14;7;1,1L;7896779633111;Potes;"O Pote Raso com Travas 1,1L Transparente da Nitron é a escolha ideal para quem busca organização e eficiência no armazenamento de alimentos. Com capacidade para 1.100ml, é perfeito tanto para pequenas porções quanto para refeições completas, adaptando-se à rotina da casa, do trabalho ou das viagens.

Seu material resistente e durável garante uma longa vida útil, enquanto o design transparente permite fácil visualização do conteúdo, facilitando o dia a dia. As travas laterais proporcionam vedação segura, evitando vazamentos e protegendo os alimentos com praticidade.

Com formato quadrado, o pote também otimiza o espaço em armários, geladeiras ou bolsas térmicas, unindo funcionalidade e um visual moderno.";;;;;;;
233.012.003;https://produto.nitron.com.br/Baixa/233_012_003-01.jpg;;;42;Pote Raso com Travas - Preto 1,1L;Shallow container with Locks - Pink 1.1L;Recipientes Baja con Cerraduras - Rosa 1.1L;22;14;7;1,1L;7896779623396;Potes;;;;;;;;
234.012.001;https://produto.nitron.com.br/Baixa/234_012_001-01.jpg;;Destaque;42;Pote Raso com Travas - Transparente 2,3L;Shallow container with Locks - Transparent 2.3L;Recipientes Baja con Cerraduras - Transparente 2.3L;26;18;8;2,3L;7896779623419;Potes;O Pote Raso com Travas - Transparente 2,3L é a escolha ideal para quem busca praticidade e organização no dia a dia. Principais Características do Pote Para Alimentos Raso Grande Travas Transparente 1,100ml (Nitron): Capacidade e Versatilidade : Capacidade de 2,300ml, ideal para armazenar pequenas porções ou refeições completas. Mantém a frescura e o sabor dos alimentos por mais tempo. Material de Alta Qualidade : Resistente e durável, garantindo longa vida útil. Transparência que facilita a visualização do conteúdo, auxiliando na organização. Fechamento Hermético : Travas laterais que proporcionam vedação eficiente. Evita vazamentos e protege os alimentos contra agentes externos. Design Moderno e Funcional : Formato quadrado que otimiza o espaço. Estilo elegante que se adapta a qualquer ambiente. Praticidade no Uso Diário : Ideal para uso em casa, trabalho ou viagens. Combina praticidade, eficiência e qualidade no armazenamento de alimentos. Perfeito para conservar alimentos com estilo e segurança, ele combina design funcional com a resistência dos produtos Nitron.;;;;;;;
234.012.003;https://produto.nitron.com.br/Baixa/234_012_003-01.jpg;;;42;Pote Raso com Travas - Preto 2,3L;Shallow container with Locks - Pink 2.3L;Recipientes Baja con Cerraduras - Rosa 2.3L;26;18;8;2,3L;7896779623495;Potes;;;;;;;;
235.012.001;https://produto.nitron.com.br/Baixa/235_012_001-01.jpg;;;46;Pote Acoplado com Rosca - Transparente 500ml;Coupled Jar with Screw - Transparent 500ml;Recipientes Atornillable - Transparente 500ml;Ø11,8;Ø11,8;8.2;500ml;7896779635207;Potes;O Pote Acoplado com Rosca - Transparente 500ml é a escolha ideal para quem busca praticidade e organização no dia a dia. Descrição do Produto : Pote acoplado redondo com rosca, feito de polipropileno, na cor transparente e com capacidade de 500 ml. Dimensões : 11,8 x 11,8 x 8,2 cm. Material : Desenvolvido em polipropileno, material resistente e durável. Funcionalidade : Proporciona praticidade e organização no cotidiano. Recomendações de Uso : Evitar exposição ao sol ou locais úmidos. Manter o produto em ambiente limpo, seco e arejado. Manipular com cuidado para evitar danos causados por impactos. Perfeito para conservar alimentos com estilo e segurança, ele combina design funcional com a resistência dos produtos Nitron.;;;;;;;
235.012.002;https://produto.nitron.com.br/Baixa/235_012_002-01.jpg;;;46;Pote Acoplado com Rosca - Branco 500ml;Coupled Jar with Screw - Transparent 500ml;Recipientes Atornillable - Transparente 500ml;Ø11,8;Ø11,8;8.2;500ml;7896779623518;Potes;"O Pote Acoplado Redondo com Rosca de 500ml oferece uma solução prática e eficiente para o armazenamento e organização de pequenos itens no dia a dia. Com um design redondo e tampa de rosca, ele garante vedação segura e fácil acesso ao conteúdo armazenado.

Fabricado em polipropileno de alta qualidade, é resistente e durável, ideal para armazenar alimentos, produtos de higiene, cosméticos e outros itens. Sua cor branca combina facilmente com qualquer ambiente, proporcionando organização sem comprometer a estética.";;;;;;;
235.012.003;https://produto.nitron.com.br/Baixa/235_012_003-01.jpg;;;46;Pote Acoplado com Rosca - Preto 500ml;Coupled Jar with Screw - Pink 500ml;Recipientes Atornillable - Rosa 500ml;Ø11,8;Ø11,8;8.2;500ml;7896779623532;Potes;;;;;;;;
235.012.671;https://produto.nitron.com.br/Baixa/235_012_671-01.jpg;;;46;Pote Acoplado com Rosca - Sal 500ml;;;Ø11,8;Ø11,8;8.2;500ml;7896779623563;Potes;;;;;;;;
236.012.001;https://produto.nitron.com.br/Baixa/236_012_001-01.jpg;;;47;Pote Acoplado com Rosca - Transparente 1L;Coupled Jar with Screw - Transparent 1L;Recipientes Atornillable - Transparente 1L;Ø11,8;Ø11,8;15;1L;7896779636211;Potes;"O Pote Redondo de 1 Litro é a solução perfeita para quem busca praticidade e organização em diversos ambientes. Seu design transparente facilita a visualização do conteúdo, enquanto a tampa hermética oferece vedação segura, garantindo a preservação de alimentos e outros itens por mais tempo.

Ideal para armários, despensa e geladeira, esse pote pode ser usado para alimentos ou objetos diversos, mantendo tudo organizado e acessível. Além disso, a versatilidade do produto o torna apto para ser utilizado no freezer, micro-ondas e lava-louças, tornando-o uma opção funcional para diversos tipos de armazenamento.";;;;;;;
236.012.002;https://produto.nitron.com.br/Baixa/236_012_002-01.jpg;;;47;Pote Acoplado com Rosca - Branco 1L;Coupled Jar with Screw - Transparent 1L;Recipientes Atornillable - Transparente 1L;Ø11,8;Ø11,8;15;1L;7896779623648;Potes;"Organização inteligente com leveza, higiene e praticidade.

O Pote Redondo 1L com Tampa Branca – Nitron é a solução ideal para armazenar alimentos e organizar diferentes ambientes com eficiência. Produzido em material transparente, ele permite rápida visualização do conteúdo, enquanto sua tampa hermética branca assegura proteção contra umidade e odores, conservando alimentos por mais tempo.

Com diâmetro de 15,5 cm e altura de 21,7 cm, este pote é versátil e compacto, ideal para uso em armários, despensas, geladeiras ou até mesmo para armazenar objetos. Leve e resistente, ele é livre de BPA (BPA Free), garantindo mais segurança e saúde no contato com alimentos.

Seu design funcional é perfeito para a rotina agitada, permitindo empilhamento e fácil manuseio. Ideal para quem deseja manter a cozinha organizada, otimizar espaço e conservar melhor os ingredientes do dia a dia.";;;;;;;
236.012.003;https://produto.nitron.com.br/Baixa/236_012_003-01.jpg;;;47;Pote Acoplado com Rosca - Preto 1L;Coupled Jar with Screw - Pink 1L;Recipientes Atornillada - Rosa 1L;Ø11,8;Ø11,8;15;1L;7896779623655;Potes;;;;;;;;
236.012.667;https://produto.nitron.com.br/Baixa/236_012_667-01.jpg;;;47;Pote Sal Grosso Acoplado com Rosca - 1L (236/SG);Coupled Salt Jar with Screw - 1L;Recipientes para sal gruesa acoplada con tornillo - 1L;Ø11,8;Ø11,8;15;1L;7896779636129;Potes;0;;;;;;;
236.012.668;https://produto.nitron.com.br/Baixa/236_012_668-01.jpg;;;47;Pote Sal Grosso Acoplado com Rosca - 1L Café;;;Ø11,8;Ø11,8;15;1L;7896779623679;Potes;;;;;;;;
236.012.669;https://produto.nitron.com.br/Baixa/236_012_669-01.jpg;;;47;Pote Sal Grosso Acoplado com Rosca - 1L Arroz;;;Ø11,8;Ø11,8;15;1L;7896779623686;Potes;;;;;;;;
236.012.670;https://produto.nitron.com.br/Baixa/236_012_670-01.jpg;;;47;Pote Sal Grosso Acoplado com Rosca - 1L Farinha;;;Ø11,8;Ø11,8;15;1L;7896779636105;Potes;;;;;;;;
236.012.671;https://produto.nitron.com.br/Baixa/236_012_671-01.jpg;;;47;Pote Sal Grosso Acoplado com Rosca - 1L Feijão;;;Ø11,8;Ø11,8;15;1L;7896779636150;Potes;;;;;;;;
236.012.672;https://produto.nitron.com.br/Baixa/236_012_672-01.jpg;;;47;Pote Sal Grosso Acoplado com Rosca - 1L Açucar;;;Ø11,8;Ø11,8;15;1L;7896779636167;Potes;;;;;;;;
237.006.002;https://produto.nitron.com.br/Baixa/237_006_002-01.jpg;;Destaque;49;Pote Acoplado com Copo Medidor - Branco 5,8L;Jar with Measuring Cup - White 5.8L;Recipientes acoplada con vaso medidor - Blanco 5,8 L;Ø20,5;Ø20,5;25.5;5,8L;7896779623754;Potes;0;;;;;;;
237.006.003;https://produto.nitron.com.br/Baixa/237_006_003-01.jpg;;Destaque;49;Pote Acoplado com Copo Medidor - Preto 5,8L;Jair with Measuring Cup - Black 5.8L;Recipientes acoplada con vaso medidor - Negro 5,8 L;Ø20,5;Ø20,5;25.5;5,8L;7896779623778;Potes;0;;;;;;;
238.012.001;https://produto.nitron.com.br/Baixa/238_012_001-01.jpg;;;48;Pote Acoplado com Rosca - Transparente 2L;Coupled Jar with Screw - Transparent 2L;Recipientes Atornillable - Transparente 2L;Ø14;Ø14;17.9;2L;7896779638192;Potes;O Pote Acoplado com Rosca 2L Transparente é a solução ideal para manter sua cozinha organizada e seus alimentos sempre frescos. Com um design empilhável, ele otimiza o espaço no armário, permitindo um armazenamento prático e eficiente. Sua tampa rosqueável garante vedação segura, protegendo contra umidade e insetos. Além disso, o material transparente facilita a visualização do conteúdo, evitando desperdícios. Feito de plástico resistente, atóxico e livre de BPA, é perfeito para armazenar alimentos secos como arroz, feijão, açúcar, farinha e macarrão.;;;;;;;
238.012.002;https://produto.nitron.com.br/Baixa/238_012_002-01.jpg;;;48;Pote Acoplado com Rosca - Branco 2L;Coupled Jar with Screw - Transparent 2L;Recipientes Atornillable - Transparente 2L;Ø14;Ø14;17.9;2L;7896779628339;Potes;"Organização, praticidade e visual limpo para sua cozinha.

O Pote Acoplado com Rosca Nitron – 2 Litros é a escolha perfeita para quem busca armazenar alimentos de forma prática, segura e estilosa. Com corpo transparente, você enxerga o conteúdo com facilidade, otimizando sua rotina na cozinha. A tampa rosqueável acoplada evita perdas e oferece vedação eficiente, mantendo os alimentos protegidos contra umidade e contaminações externas.

Seu formato cilíndrico permite empilhamento seguro, otimizando espaço em armários e prateleiras. Ideal para armazenar itens como arroz, açúcar, macarrão, feijão, farinha e muito mais.

Fabricado em plástico resistente, atóxico e livre de BPA, o pote alia segurança alimentar à durabilidade. O design moderno e o acabamento funcional fazem dele uma excelente opção tanto para uso doméstico quanto para quem deseja manter uma despensa mais organizada e bonita.";;;;;;;
238.012.003;https://produto.nitron.com.br/Baixa/238_012_003-01.jpg;;;48;Pote Acoplado com Rosca - Preto 2L;Coupled Jar with Screw - Pink 2L;Recipientes Atornillada - Rosa 2L;Ø14;Ø14;17.9;2L;7896779623860;Potes;;;;;;;;
239.012.001;https://produto.nitron.com.br/Baixa/239_012_001-01.jpg;;;48;Pote Acoplado com Rosca - Transparente 3L;Coupled jar with Screw - Transparent 3L;Recipientes Atornillable - Transparente 3L;Ø15,5;Ø15,5;21.7;3L;7896779639205;Potes;0;;;;;;;
239.012.002;https://produto.nitron.com.br/Baixa/239_012_002-01.jpg;;;48;Pote Acoplado com Rosca - Branco 3L;Coupled jar with Screw - Transparent 3L;Recipientes Atornillable - Transparente 3L;Ø15,5;Ø15,5;21.7;3L;7896779623945;Potes;0;;;;;;;
239.012.003;https://produto.nitron.com.br/Baixa/239_012_003-01.jpg;;;48;Pote Acoplado com Rosca - Preto 3L;Coupled jar with Screw - Pink 3L;Recipientes Atornillada - Rosa 3L;Ø15,5;Ø15,5;21.7;3L;7896779623952;Potes;;;;;;;;
240.024.001;https://produto.nitron.com.br/Baixa/240_024_001-01.jpg;;;86;Cook Freezer Micro-ondas - Transparente 3L;Square Pot with Valve - 3L;Recipientes Cuadrada con Válvula - 3L;23.7;23.7;10.2;3L;7896779602407;Microondas;0;;;;;;;
241.006.P01;https://produto.nitron.com.br/Baixa/241_006_P01-01.jpg;;Destaque;65;Kit POP com 6 Potes com Valvula - Transparente 460ml;POP Kit with 6 Containers with Valve – Transparent 460ml;Kit POP con 6 Recipientes con Válvula – Transparente 460ml;19.8;11.7;24;460ml;7896779624164;POP;;;;;;;;
241.024.001;https://produto.nitron.com.br/Baixa/241_024_001-01.jpg;;;55;Pote Raso com Válvula - 460ml (241);Shallow Pot with Valve - 460ml;Recipientes Poco Profunda con Válvula - 460ml;19.8;11.7;4;460ml;7896779602414;Potes;0;;;;;;;
242.024.001;https://produto.nitron.com.br/Baixa/242_024_001-01.jpg;;Destaque;55;Pote Raso com Válvula - 950ml (242);Shallow Pot with Valve - 950ml;Recipientes Poco Profunda con Válvula - 950ml;25;15;5;950ml;7896779602421;Potes;O Pote Raso com Válvula - 950ml (242) é a escolha ideal para quem busca praticidade e organização no dia a dia. Principais Características do Produto Conservação Prática e Higiênica : O pote é projetado para conservar alimentos de forma prática e higiênica, garantindo que os itens armazenados mantenham suas propriedades. Preservação do Sabor : A embalagem foi desenvolvida para manter o sabor original dos alimentos durante o armazenamento. Versatilidade de Uso : Resistente ao congelamento, permitindo ser levado ao freezer. Seguro para uso no lava-louças, facilitando a limpeza. Adequado para aquecimento no micro-ondas (com a válvula aberta). Material Resistente e Atóxico : Fabricado em polipropileno (PP), um plástico resistente, durável e livre de BPA, garantindo segurança para o usuário. Validade Indeterminada : O produto não possui prazo de validade, sendo ideal para uso prolongado. Atributos Pertinentes ao Produto Composição : Polipropileno (PP), material conhecido por sua resistência e segurança alimentar. Capacidade : 950 ml, suficiente para armazenar refeições ou sobras de tamanho médio. Peso : 100 g, leve e fácil de transportar. Dimensões : Largura: 15 cm Comprimento: 25 cm Altura: 5 cm Design com Válvula : Facilita a vedação e liberação de ar, melhorando a conservação e permitindo o uso seguro no micro-ondas. Praticidade : Ideal para quem busca praticidade no dia a dia, seja para armazenamento no freezer, transporte ou aquecimento rápido. Segurança : Livre de BPA, atóxico e seguro para contato direto com alimentos. Perfeito para conservar alimentos com estilo e segurança, ele combina design funcional com a resistência dos produtos Nitron.;;;;;;;
243.024.001;https://produto.nitron.com.br/Baixa/243_024_001-01.jpg;;Destaque;55;Pote Raso com Válvula - 1,9L (243);Shallow Pot with Valve - 1.9L;Recipientes poco profunda con válvula - 1,9 L;30.5;18.5;5.9;1,9L;7896779602438;Potes;"Se você busca praticidade e conservação eficiente, o Pote Raso com Válvula 1,9L é a escolha ideal.
Fabricado em polipropileno livre de BPA, ele garante segurança e durabilidade no uso diário.
Seu design raso facilita o armazenamento em geladeiras e freezers, além de permitir aquecimento no micro-ondas com a válvula aberta, sem comprometer o sabor dos alimentos.
Compatível com lava-louças, é perfeito para quem valoriza agilidade na rotina e saúde na cozinha.";;;;;;;
244.012.001;https://produto.nitron.com.br/Baixa/244_012_001-01.jpg;;Destaque;55;Pote Raso com Válvula - 3,2L (244);Shallow Pot with Valve - 3.2L;Recipientes poco profunda con válvula - 3,2 L;36;21;7.2;3,2L;7896779602445;Potes;"Para quem busca versatilidade, durabilidade e segurança na cozinha, o Pote Raso com Válvula 3,2L é o aliado perfeito.
Seu design raso e moderno facilita o armazenamento de alimentos, mantendo o sabor original por mais tempo.
Produzido em polipropileno livre de BPA, é resistente ao freezer, compatível com lava-louças e pode ser levado ao micro-ondas com a válvula aberta.
Ideal para o dia a dia, proporciona praticidade na conservação e transporte dos alimentos, otimizando o espaço na geladeira e no armário.";;;;;;;
245.012.029;https://produto.nitron.com.br/Baixa/245_012_029-01.jpg;;;46;Pote Feijão Acoplado com Rosca - 500ml (245);Bean Jar with Screw - 500ml;Frijol Roscado - 500ml;Ø11,8;Ø11,8;8.2;500ml;7896779602452;Potes;"O Pote Acoplado de 500ml é a solução ideal para organizar e preservar alimentos na sua cozinha. Com seu design compacto e funcional, este pote é perfeito para armazenar grãos como feijão, arroz, lentilha e grão-de-bico, além de ser versátil para farinhas, massas, biscoitos e doces. Sua tampa rosqueável garante uma vedação perfeita, mantendo seus alimentos frescos e saborosos por mais tempo.

Fabricado em plástico atóxico, livre de BPA, e resistente a quedas, o pote é fácil de limpar e pode ser utilizado na geladeira (sem a tampa). Sua transparência facilita a visualização do conteúdo, ajudando a manter sua cozinha organizada e prática.

Além disso, este pote promove a sustentabilidade, pois ao ser reutilizável, reduz a necessidade de embalagens descartáveis, contribuindo para práticas ecológicas no dia a dia.";;;;;;;
246.024.001;https://produto.nitron.com.br/Baixa/246_024_001-01.jpg;;;55;Pote Alto com Válvula - 868ml (246);Tall Pot with Valve - 868ml;Recipientes Alta con Válvula - 868ml;20;12;7;868ml;7896779602469;Potes;"O Pote Alto com Válvula – 868ml é a escolha certa para quem busca organização e praticidade na cozinha. Com formato retangular, ele é ideal para otimizar espaços na geladeira, armários ou despensas, mantendo tudo mais funcional e bonito.

Produzido em plástico transparente de alta qualidade, permite a visualização rápida do conteúdo, facilitando o dia a dia. Sua válvula de vedação oferece um fechamento eficiente, ideal para conservar porções menores de alimentos, secos ou líquidos.

Com 868ml de capacidade, é perfeito para armazenar grãos, snacks, molhos, sobras de refeição ou porções individuais. Compacto e fácil de manusear, combina perfeitamente com rotinas que exigem praticidade e organização inteligente.";;;;;;;
248.012.009;https://produto.nitron.com.br/Baixa/248_012_009-01.jpg;;;46;Pote Tomatinho Acoplado com Rosca - 500ml (248);Tomato Jar with Screw - 500ml;Recipientes para tomate acoplada con tornillo - 500ml;Ø11,8;Ø11,8;8.2;500ml;7896779602483;Potes;"O Pote Acoplado para Tomate com Tampa Rosca de Plástico 500ml é a solução ideal para armazenar seus alimentos de forma prática e eficiente. Com um design inteligente e compacto, o pote é projetado para ser empilhado, otimizando o espaço nos armários e proporcionando uma organização perfeita. Sua capacidade de 500ml é ideal para armazenar quantidades médias de tomates, mas também pode ser usado para alho, cebola, batata, limão, laranja e até temperos secos.

A tampa rosca com vedação perfeita garante a preservação do frescor e da umidade dos alimentos, mantendo-os frescos por mais tempo. Fabricado em plástico atóxico e livre de BPA, o pote é resistente a quedas e impactos, garantindo longa durabilidade. A transparência do pote facilita a visualização do conteúdo sem a necessidade de abrir, oferecendo praticidade e eficiência no seu dia a dia.

Com sua superfície lisa, o pote é fácil de limpar, além de ser seguro para uso na geladeira (sem a tampa). Seu design moderno se adapta a qualquer estilo de cozinha, do mais tradicional ao mais contemporâneo.";;;;;;;
249.012.020;https://produto.nitron.com.br/Baixa/249_012_020-01.jpg;;;46;Pote Temperos Acoplado com Rosca - 500ml (249);Seasoning Jar with Screw - 500ml;Recipientes para condimentos acoplado con tornillo - 500 ml;Ø11,8;Ø11,8;8.2;500ml;7896779602490;Potes;0;;;;;;;
250.024.009;https://produto.nitron.com.br/Baixa/250_024_009-01.jpg;;;85;Caçarola Micro-ondas com Cesto - Transparente 1,5L (250);Microwave Casserole with Basket - Clear 1.5L;Cacerola para Microondas con cesta- Transparente 1,5L;20.5;17.5;10;1,5L;7896779612505;Micro-ondas;"A Caçarola Micro-ondas com Cesto – 1,5L da Nitron é a escolha ideal para quem busca mais praticidade e saúde na cozinha. Com ela, você prepara refeições completas de forma rápida, eficiente e sem perder os nutrientes dos alimentos.

Projetada para cozinhar a vapor no micro-ondas, é perfeita para legumes, arroz, peixes e muito mais. Com capacidade de 1,5L e design funcional, o conjunto inclui corpo, cesto e tampa – facilitando o preparo e o manuseio.

Fabricada em polipropileno (PP) resistente, essa caçarola garante cozimento uniforme e seguro, otimizando o tempo sem comprometer o sabor ou a textura dos alimentos.

Além de compacta, é leve e fácil de guardar, sendo uma excelente aliada para quem deseja agilidade no dia a dia sem abrir mão de uma alimentação mais equilibrada.";;;;;;;
2500.012.001;https://produto.nitron.com.br/Baixa/2500_012_001-01.jpg;;;61;Pote Raso Retangular - Transparente 868ml (250);Rectangular Shallow container - Transparent 868ml;Maceta rectangular poco profunda - Transparente 868ml;20;12;6.5;868ml;7896779650156;Potes;0;;;;;;;
2500.012.003;https://produto.nitron.com.br/Baixa/2500_012_003-01.jpg;;;61;Pote Raso Retangular - Preto 868ml;Rectangular Shallow container - Pink 868ml;Maceta rectangular poco profunda - Rosa 868ml;20;12;6.5;868ml;7896779625093;Potes;;;;;;;;
251.012.001;https://produto.nitron.com.br/Baixa/251_012_001-01.jpg;;;85;Caçarola Mini Micro-ondas - Transparente 850ml;Mini Microwave Casserole - Clear 850ml;Mini Cazuela Para Microondas - Transparente 850ml;17;14;9;850ml;7896779625178;Micro-ondas;0;;;;;;;
254.006.001;https://produto.nitron.com.br/Baixa/254_006_001-01.jpg;;Destaque;7;Gaveteiro Modular Rattan - Transparente 8,2L (254/NT);Modular Rattan Drawer - Transparent 8.2L;Cajón Modular de Ratán - Transparente 8.2L;32.8;26.5;14.5;8,2L;7896779654109;Organização;Descubra a elegância e praticidade do Gaveteiro Modular Rattan - Transparente 8,2L, que torna a organização do seu espaço uma tarefa simples e estilosa. Além disso, sua modularidade permite combinar e ajustar as gavetas conforme sua necessidade, proporcionando um ajuste perfeito para qualquer ambiente. Portanto, seja no escritório, quarto ou sala, a versatilidade deste gaveteiro garante que ele se adapta a qualquer estilo de decoração. Com efeito, a funcionalidade é elevada a um novo patamar, oferecendo não apenas um design moderno, mas também uma capacidade de 8,2 litros, ideal para manter seus itens organizados.;;;;;;;
254.006.002;https://produto.nitron.com.br/Baixa/254_006_002-01.jpg;;Destaque;7;Gaveteiro Modular Rattan - Branco 8,2L (254/B);Modular Rattan Drawer - White 8.2L;Cajón Modular de Ratán - Blanco 8.2L;32.8;26.5;14.5;8,2L;7896779654123;Organização;Descubra a elegância e praticidade do Gaveteiro Modular Rattan - Branco 8,2L, que torna a organização do seu espaço uma tarefa simples e estilosa. Além disso, sua modularidade permite combinar e ajustar as gavetas conforme sua necessidade, proporcionando um ajuste perfeito para qualquer ambiente. Portanto, seja no escritório, quarto ou sala, a versatilidade deste gaveteiro garante que ele se adapta a qualquer estilo de decoração. Com efeito, a funcionalidade é elevada a um novo patamar, oferecendo não apenas um design moderno, mas também uma capacidade de 8,2 litros, ideal para manter seus itens organizados.;;;;;;;
254.006.003;https://produto.nitron.com.br/Baixa/254_006_003-01.jpg;;Destaque;7;Gaveteiro Modular Rattan - Preto 8,2L (254/P);Modular Rattan Drawer - Black 8.2L;Cajón modular de ratán - Negro 8,2 L;32.8;26.,5;14.5;8,2L;7896779625413;Organização;Descubra a elegância e praticidade do Gaveteiro Modular Rattan - Preto 8,2L, que torna a organização do seu espaço uma tarefa simples e estilosa. Além disso, sua modularidade permite combinar e ajustar as gavetas conforme sua necessidade, proporcionando um ajuste perfeito para qualquer ambiente. Portanto, seja no escritório, quarto ou sala, a versatilidade deste gaveteiro garante que ele se adapta a qualquer estilo de decoração. Com efeito, a funcionalidade é elevada a um novo patamar, oferecendo não apenas um design moderno, mas também uma capacidade de 8,2 litros, ideal para manter seus itens organizados.;;;;;;;
2540.012.001;https://produto.nitron.com.br/Baixa/2540_012_001-01.jpg;;Destaque;61;Kit Potes Rasos Retang. com 3 Peças - Transparente (025/4);3-Piece Rectangular Shallow container Kit - Transparent;Kit de Recipientes rectangulares poco profundas. con 3 Piezas - Transparente;36;21;10.1;"1,5L
2,9L / 4,6L";7896779602544;Potes;0;;;;;;;
2540.012.003;https://produto.nitron.com.br/Baixa/2540_012_003-01.jpg;;;61;Kit Potes Rasos Retang. com 3 Peças - Preto;3-Piece Rectangular Shallow container Kit - Pink;Kit de Recipientes rectangulares poco profundas. con 3 Piezas - Rosa;36;21;10.1;"1,5L
2,9L / 4,6L";7896779625499;Potes;;;;;;;;
255.036.016;https://produto.nitron.com.br/Baixa/255_036_016-01.jpg;;Destaque;91;Forma de Gelo Firenze com Tampa (255);Firenze Ice Tray with Lid;Molde para hielo Firenze con tapa;30.5;11.9;3.9;;7896779602551;Cozinha;A Forma de Gelo com Tampa da Nitron é a escolha ideal para quem valoriza praticidade, organização e higiene no congelamento de líquidos. Com capacidade para 14 cubos, ela possui tampa vedada que protege contra odores e contaminações, garantindo gelo puro e sem gosto. Seu formato compacto e empilhável aproveita melhor o espaço no freezer, sendo ideal para famílias e pequenos espaços. Produzida em material resistente e livre de BPA, não trinca com o congelamento e permite desenformar os cubos com facilidade. Versátil, também pode ser usada para congelar sucos, molhos e temperos.;;;;;;;
256.006.M02;https://produto.nitron.com.br/Baixa/256_006_M02-01.jpg;;;38;Caixa Juta Alongada com Tampa Teca - Branca 1,5L;Elongated Jute Box with Teak Lid - White 1.5L;Caja de Yute Alargada con Tapa de Teca - Blanco 1,5L;21;10.2;9.4;1,5L;7896779656042;Teca;"A Caixa Organizadora de Juta com Tampa de Madeira Teca (1,5L) é a solução perfeita para quem busca organização e estilo. Fabricada com materiais de alta qualidade, como a juta e a tampa de madeira Teca, esta caixa combina resistência e elegância para manter seus objetos organizados e protegidos. O design simples e sofisticado se adapta a diversos estilos de decoração, tornando-a ideal para qualquer ambiente da casa, seja no banheiro, cozinha, sala ou até no escritório.

Com 1,5L de capacidade, essa caixa é perfeita para armazenar pequenos objetos e otimizar o uso de espaços em locais estreitos ou nichos de armários. Seu formato alongado facilita o aproveitamento de espaços, garantindo uma organização eficiente. A tampa de madeira Teca protege o conteúdo contra poeira e agentes externos, além de ser resistente a fungos e insetos, o que aumenta a vida útil do produto.

Com um design funcional, essa caixa proporciona uma solução prática e sofisticada para quem busca qualidade e estilo na organização do lar.";;;;;;;
256.006.M03;https://produto.nitron.com.br/Baixa/256_006_M03-01.jpg;;Destaque;38;Caixa Juta Alongada com Tampa Teca - Preta 1,5L;Elongated Jute Box with Teak Lid - Black 1.5L;Caja de Yute Alargada con Tapa de Teca - Negro 1,5L;21;10.2;9.4;1,5L;7896779656035;Teca;"A Caixa Organizadora de Juta com Tampa de Madeira Teca (1,5L) é a solução perfeita para quem busca uma organização elegante e eficiente. Fabricada com materiais de alta qualidade, como juta e tampa de madeira Teca, ela oferece resistência, durabilidade e proteção contra fungos e insetos, garantindo a preservação dos itens armazenados.

Com um design alongado, é ideal para locais estreitos ou nichos, otimizando espaços pequenos e facilitando a organização. A tampa de madeira Teca protege seus objetos contra poeira e outros agentes externos, garantindo que seus itens permaneçam sempre organizados e seguros.

Seu estilo simples e sofisticado se adapta a qualquer ambiente, seja no banheiro, cozinha, sala ou outros cômodos. Com 1,5L de capacidade, ela é perfeita para armazenar pequenos objetos de forma prática e charmosa. A versatilidade do produto permite que ele se encaixe perfeitamente em diferentes espaços, mantendo sua casa organizada e elegante.";;;;;;;
256.024.002;https://produto.nitron.com.br/Baixa/256_024_002-01.jpg;;;8;Cesto Alongado Juta - Branco1,5L (256/B);Elongated Jute Basket - White 1,5L;Cesta de Yute Alargada - Blanco 3.2L;20.6;9.9;8.7;1,5L;7896779625642;Organização;"Se você procura uma forma prática e estilosa de manter seus espaços organizados, o Cesto Alongado Juta Branco é a escolha ideal. Com design que remete à textura natural da juta, ele traz um charme rústico que combina perfeitamente com diferentes tipos de decoração.

Fabricado em polipropileno resistente, é leve e durável, suportando o uso diário em diversos ambientes. Além disso, seu formato alongado e sem tampa facilita o acesso rápido aos itens armazenados, enquanto sua cor branca neutra garante versatilidade em qualquer composição visual.

Com capacidade de 1,5 litros e dimensões compactas (20,8 x 9,9 x 8,7 cm), ele é perfeito para organizar alimentos na geladeira, produtos de higiene no banheiro, materiais de escritório ou até mesmo utensílios no armário de cozinha.

Versátil, decorativo e funcional — o cesto ideal para quem quer unir beleza à organização no dia a dia";;;;;;;
256.024.003;https://produto.nitron.com.br/Baixa/256_024_003-01.jpg;;;8;Cesto Alongado Juta - Preto1,5L (256/B);Elongated Jute Basket - Black 1,5L;Cesta de Yute Alargada - Negro 3.2L;20.6;9.9;8.7;1,5L;7896779625611;Organização;Descubra a elegância natural do Cesto Alongado Juta - Preto 1,5L. Com textura exclusiva de juta, este cesto transforma qualquer ambiente, conferindo um visual rústico e sofisticado. Seja na cozinha, geladeira, armário, banheiro ou lavanderia, organiza seus itens de forma prática e estilosa. Além disso, seu design funcional com alças proporciona facilidade no manuseio, enquanto a certificação BPA Free assegura total segurança para o usuário.;;;;;;;
256.024.086;https://produto.nitron.com.br/Baixa/256_024_086-01.jpg;;;8;Cesto Alongado Juta - Chumbo1,5L (256/B);Elongated Jute Basket - Lead 1,5L;Cesta de Yute Alargada - Plomo 3,2L;20.6;9.9;8.7;1,5L;7896779656202;Organização;"O Cesto Decorativo Estilo Juta 1,5 Litro é a escolha perfeita para quem deseja aliar organização, praticidade e sofisticação em um só item. Com um visual moderno e acabamento que remete à juta, esse cesto traz um toque natural e elegante para qualquer ambiente.

Suas dimensões compactas (20,8 x 9,9 x 8,7 cm) o tornam ideal para pequenos espaços, enquanto as alças laterais facilitam o transporte e o reposicionamento sempre que necessário. O design inclui aberturas de ventilação, que evitam o acúmulo de odores — perfeito para uso em banheiros, closets e lavanderias.";;;;;;;
257.006.M02;https://produto.nitron.com.br/Baixa/257_006_M02-01.jpg;;;38;Caixa Juta Alongada com Tampa Teca - Branca 3,7L;Elongated Jute Box with Teak Lid - White 3.7L;Caja de Yute Alargada con Tapa de Teca - Blanco 3,7L;28.4;13.3;12.5;3,7L;7896779657049;Teca;"O Cesto de Juta Alongado Pequeno com Tampa de Madeira Teca (3,7L) é a solução ideal para quem busca organização e elegância em casa. Feito com juta de alta qualidade e tampa de madeira Teca, este cesto oferece resistência e durabilidade, além de ser resistente a fungos e insetos, garantindo a proteção dos objetos armazenados.

Com um formato alongado, é perfeito para locais estreitos ou nichos, otimizando o uso do espaço em banheiros, cozinhas ou salas. A tampa de madeira Teca protege seus objetos da poeira e outros agentes externos, garantindo que tudo se mantenha em perfeito estado.

Seu design simples e sofisticado se adapta facilmente a diferentes estilos de decoração, proporcionando um toque de charme e praticidade ao ambiente. Com 3,7L de capacidade, é ideal para organizar pequenos objetos de forma eficiente e organizada.";;;;;;;
257.006.M03;https://produto.nitron.com.br/Baixa/257_006_M03-01.jpg;;Destaque;38;Caixa Juta Alongada com Tampa Teca - Preta 3,7L;Elongated Jute Box with Teak Lid - Black 3.7L;Caja de Yute Alargada con Tapa de Teca - Negro 3,7L;28.4;13.3;12.5;3,7L;7896779657032;Teca;"O Cesto de Juta Alongado Pequeno com Tampa de Madeira Teca (3,7L) é a opção ideal para quem busca organização sem abrir mão do estilo. Feito com juta de alta qualidade e tampa de madeira Teca, este cesto é resistente, durável e oferece proteção contra fungos e insetos, garantindo a segurança dos itens armazenados.

Com um design alongado, ele é perfeito para locais estreitos ou nichos de armários, otimizando o espaço em ambientes como banheiros, cozinhas ou salas. Sua tampa de madeira proporciona proteção contra poeira e outros agentes externos, mantendo os itens organizados e protegidos.

O design simples e sofisticado do cesto é versátil, combinando com qualquer estilo de decoração e proporcionando um toque de charme e organização ao seu ambiente. Com 3,7L de capacidade, ele é perfeito para armazenar pequenos objetos de forma eficiente, mantendo sua casa organizada com elegância.";;;;;;;
257.012.002;https://produto.nitron.com.br/Baixa/257_012_002-01.jpg;;Destaque;8;Cesto Alongado Juta - Branco3,7L (257/B);Elongated Jute Basket - White 3,7L;Cesta de Yute Alargada - Blanco 4,5L;27.5;13.2;11.6;3,7L;7896779625741;Organização;"O Cesto Retangular Juta Alongado Médio 3,7L– Branco da Nitron é a solução ideal para quem busca organização prática com estilo. Seu formato retangular foi pensado para se encaixar com facilidade em prateleiras, armários ou estantes, otimizando o uso dos espaços da sua casa ou escritório.

Fabricado em plástico resistente, ele oferece durabilidade e leveza ao mesmo tempo. A cor branca neutra, combinada ao design que imita a trama de juta, traz um toque decorativo que se adapta perfeitamente a diferentes estilos de ambiente, do moderno ao rústico.

Com 27,7 cm de profundidade, este modelo médio oferece espaço suficiente para armazenar e organizar objetos variados, desde itens de escritório até utensílios domésticos e acessórios pessoais. Além disso, por não possuir tampa, o acesso aos itens é ainda mais prático e ágil.";;;;;;;
257.012.003;https://produto.nitron.com.br/Baixa/257_012_003-01.jpg;;;8;Cesto Alongado Juta - Preto3,7L (257/B);Elongated Jute Basket - Black 3,7L;Cesta de Yute Alargada - Negro 4.5L;27.5;13.2;11.6;3,7L;7896779625710;Organização;Cesto Alongado Juta - Preto 3,7L Com uma textura juta, este cesto proporciona um visual natural, ideal para qualquer ambiente. Com uma capacidade média de 3,7 litros, ele oferece um design alongado e versátil que se adapta a inúmeras finalidades. Além de organizar espaços como cozinha, geladeira, armário, banheiro e lavanderia, seu uso decorativo permite que ele seja deixado à mostra. Este cesto é extremamente funcional e conta com alças que facilitam o manuseio. Ademais, sendo BPA Free, garante segurança ao ser utilizado com alimentos ou itens pessoais.;;;;;;;
257.012.086;https://produto.nitron.com.br/Baixa/257_012_086-01.jpg;;;8;Cesto Alongado Juta - Chumbo3,7L (257/B);Elongated Jute Basket - Lead 3,7L;Cesta Yute Alargada - Plomo 4,5L;27.5;13.2;11.6;3,7L;7896779657209;Organização;"O Cesto Decorativo Estilo Juta 3,7 Litro é a escolha perfeita para quem deseja aliar organização, praticidade e sofisticação em um só item. Com um visual moderno e acabamento que remete à juta, esse cesto traz um toque natural e elegante para qualquer ambiente.

Suas dimensões compactas (13,2 x 27,7 x 11,5 cm) o tornam ideal, enquanto as alças laterais facilitam o transporte e o reposicionamento sempre que necessário. O design inclui aberturas de ventilação, que evitam o acúmulo de odores — perfeito para uso em banheiros, closets e lavanderias.";;;;;;;
2570.012.001;https://produto.nitron.com.br/Baixa/2570_012_001-01.jpg;;;61;Pote Raso Retangular - Transparente 4,6L (025/7);Rectangular Shallow container - Clear 4.6L;Maceta rectangular poco profunda - Transparente 4,6L;36;21;10;4,6L;7896779602575;Potes;"Se você procura uma solução prática e bonita para armazenar alimentos no dia a dia, o Pote Retangular 4,6L da Nitronplast é uma excelente escolha.
Fabricado em polipropileno atóxico e resistente, é ideal para guardar grãos, massas, lanches e sobras de refeições.
Com formato retangular, ele se encaixa facilmente em prateleiras e geladeiras, ajudando na organização da cozinha.
A tampa transparente permite visualizar o conteúdo sem precisar abrir, trazendo ainda mais praticidade.
Além disso, seu design moderno com toque de cor valoriza qualquer ambiente doméstico.";;;;;;;
2570.012.003;https://produto.nitron.com.br/Baixa/2570_012_003-01.jpg;;;61;Pote Raso Retangular - Preto 4,6L;Rectangular Shallow container - Pink 4.6L;Maceta rectangular poco profunda - Rosa 4,6 L;36;21;10;4,6L;7896779657162;Potes;;;;;;;;
258.004.M02;https://produto.nitron.com.br/Baixa/258_004_M02-01.jpg;;Destaque;38;Caixa Juta Alongada com Tampa Teca - Branca 7,4L;Elongated Jute Box with Teak Lid - White 7.4L;Caja de Yute Alargada con Tapa de Teca - Blanco 7,4L;34.5;16.5;15;7,4L;7896779658046;teca;"A Frasqueira Oval com Tampa de Madeira Teca - 7,4L é a combinação ideal entre funcionalidade, elegância e sustentabilidade. Seu corpo em juta branca com trama visível traz um toque natural e sofisticado, enquanto a tampa em madeira de teca garante resistência, durabilidade e charme ao ambiente.

Com formato alongado e dimensões otimizadas (34 cm de profundidade, 24 cm de largura e 18,7 cm de altura), adapta-se perfeitamente a espaços estreitos, oferecendo organização sem comprometer a estética. Sua capacidade de 7,4 litros é ideal para armazenar pequenos objetos, mantendo-os protegidos contra poeira e agentes externos.

Além da função organizadora, a frasqueira se destaca como peça decorativa, agregando valor visual em diversos ambientes, como salas, quartos, cozinhas e até escritórios. Feita com materiais de alta qualidade, é resistente e fácil de limpar, garantindo praticidade no dia a dia.

Por ser confeccionada em juta, um material natural e biodegradável, é também uma escolha consciente para quem valoriza produtos eco-friendly.";;;;;;;
258.004.M03;https://produto.nitron.com.br/Baixa/258_004_M03-01.jpg;;Destaque;38;Caixa Juta Alongada com Tampa Teca - Preta 7,4L;Elongated Jute Box with Teak Lid - Black 7.4L;Caja de Yute Alargada con Tapa de Teca - Negro 7,4L;34.5;16.5;15;7,4L;7896779658039;teca;"Combinando funcionalidade e estética, este organizador com corpo em juta preta e tampa em madeira teca é ideal para quem busca estilo e praticidade em um só produto.
Seu formato alongado se adapta perfeitamente a espaços estreitos, enquanto o design elegante com materiais nobres valoriza qualquer ambiente.
A tampa de madeira encaixa perfeitamente, protegendo os objetos contra poeira e mantendo a organização.
Além disso, a capacidade de 7,4 litros torna este organizador versátil para diferentes usos — do quarto à cozinha, da sala ao escritório.
Durável e fácil de limpar, ele alia sofisticação e utilidade para a rotina do lar moderno.";;;;;;;
258.006.002;https://produto.nitron.com.br/Baixa/258_006_002-01.jpg;;Destaque;8;Cesto Alongado Juta - Branco 7,4L (258/B);Elongated Jute Basket - White 7,4L;Cesta de Yute Alargada - Blanco 7,4L;34.5;16.5;14.5;7,4L;7896779625840;Organização;"O Cesto Organizador Alongado Juta – Branco 7,4L é a união perfeita entre funcionalidade e estilo. Seu formato alongado otimiza o uso de espaços, enquanto o acabamento que imita a trama de juta proporciona um toque rústico e elegante para qualquer ambiente.

Com capacidade de 7,4 litros, ele é ideal para organizar roupas, brinquedos, livros e objetos diversos, mantendo sua casa sempre arrumada com charme. Seu design branco e minimalista combina facilmente com diferentes estilos de decoração.

Produzido em material resistente e durável, o cesto é leve, prático e fácil de transportar. Além disso, é versátil e pode ser usado em vários ambientes, como quartos, salas, banheiros, escritórios ou lavanderias.";;;;;;;
258.006.003;https://produto.nitron.com.br/Baixa/258_006_003-01.jpg;;;8;Cesto Alongado Juta - Preto 7,4L (258/B);Elongated Jute Basket - White 7,4L;Cesta de Yute Alargada - Blanco 7,4L;34.5;16.5;14.5;7,4L;7896779625819;Organização;Cesto Alongado Juta - Preto 7,4L é a solução ideal para quem procura organizar e decorar ao mesmo tempo. Com uma capacidade de 7,4 litros, este cesto de tamanho grande é perfeito para armazenar itens em diversos espaços da casa, como cozinha, geladeira, armário, banheiro e lavanderia. Além disso, sua versatilidade permite que seja usado como um item decorativo que complementa o ambiente. As alças embutidas facilitam o manuseio, e seu design refinado combina praticidade com estilo atraente. Importante, é um produto BPA Free, assegurando a segurança necessária para o uso doméstico diário. Portanto, desfrute de um cesto que traz funcionalidade e estética para o seu lar.;;;;;;;
258.006.086;https://produto.nitron.com.br/Baixa/258_006_086-01.jpg;;;8;Cesto Alongado Juta - Chumbo 7,4L (258/B);Elongated Jute Basket - White 7,4L;Cesta de Yute Alargada - Blanco 7,4L;34.5;16.5;14.5;7,4L;7896779688623;Organização;"O Cesto Decorativo Estilo Juta 7,4 Litro é a escolha perfeita para quem deseja aliar organização, praticidade e sofisticação em um só item. Com um visual moderno e acabamento que remete à juta, esse cesto traz um toque natural e elegante para qualquer ambiente.

Suas dimensões (34,5cm x 16,5cm x 14,5cm) o tornam ideal, enquanto as alças laterais facilitam o transporte e o reposicionamento sempre que necessário. O design inclui aberturas de ventilação, que evitam o acúmulo de odores — perfeito para uso em banheiros, closets e lavanderias.";;;;;;;
2580.012.001;https://produto.nitron.com.br/Baixa/2580_012_001-01.jpg;;;61;Pote Raso Retangular - Transparente 2,9L (258/B);Rectangular Shallow container - Clear 2.9L;Maceta rectangular poco profunda - Transparente 2,9 L;31;19;8.5;2,9L;7896779658152;Potes;0;;;;;;;
2580.012.003;https://produto.nitron.com.br/Baixa/2580_012_003-01.jpg;;;61;Pote Raso Retangular - Preto 2,9L;Rectangular Shallow container - Pink 2.9L;Maceta rectangular poco profunda - Rosa 2,9 L;31;19;8.5;2,9L;7896779625895;Potes;;;;;;;;
259.012.002;https://produto.nitron.com.br/Baixa/259_012_002-01.jpg;;;6;Caixa Organizadora Baixa Rattan com Tampa - Branca 3,2L (259/B);Low Rattan Organizer Box with Lid - White 3.2L;Caja Organizadora Baja de Ratán con Tapa - Blanco 3.2L;25.5;20;8.3;3,2L;7896779625949;Organização;"Se você precisa organizar espaços pequenos com eficiência, a caixa organizadora baixa com tampa e design rattan é a escolha ideal.
Graças ao seu formato compacto e altura reduzida, ela se encaixa perfeitamente em prateleiras, armários ou gavetas rasas.
Além disso, a tampa com encaixe firme evita quedas ou deslizamentos, tornando o uso ainda mais seguro e prático.
Com alças laterais ergonômicas, transportar ou reposicionar a caixa é simples, mesmo em locais apertados.
E como se não bastasse, seu visual moderno com textura rattan agrega estilo à organização, seja em casa ou no escritório.";;;;;;;
259.012.003;https://produto.nitron.com.br/Baixa/259_012_003-01.jpg;;;6;Caixa Organizadora Baixa Rattan com Tampa - Preta 3,2L (259/P);Low Rattan Organizer Box with Lid - Black 3.2L;Caja Organizadora Baja de Ratán con Tapa - Negro 3.2L;25.5;20;8.3;3,2L;7896779625918;Organização;Caixa Organizadora Baixa Rattan com Tampa - Preta 3,2L é a solução perfeita para quem precisa de um armazenamento eficiente sem abrir mão do estilo. Com um design compacto e altura reduzida, esta caixa é ideal para áreas limitadas onde caixas altas não se encaixariam adequadamente. Feita de material plástico resistente, ela garante alta durabilidade, mesmo com uso intenso. A tampa, com seu encaixe preciso, proporciona segurança extra ao impedir que a caixa escorregue ou caia. Além de maximizar o uso de espaços pequenos em prateleiras, gavetas e armários, seu formato permite empilhamento estável. As alças laterais ergonômicas tornam o transporte fácil e prático, mantendo a eficiência do design compacto. Com um moderno estilo Rattan, esta caixa oferece não apenas funcionalidade, mas também um toque decorativo.;;;;;;;
259.012.086;https://produto.nitron.com.br/Baixa/259_012_086-01.jpg;;;6;Caixa Organizadora Baixa Rattan com Tampa - Chumbo 3,2L;Low Rattan Organizer Box with Lid - Lead 3.2L;Caja Organizadora Baja de Ratán con Tapa - Plomo 3.2L;25.5;20;8.3;3,2L;7896779659197;Organização;"A Caixa Organizadora Rattan 3,2L – Chumbo é a solução ideal para quem busca organização, estilo e praticidade no dia a dia. Com design compacto, textura elegante tipo rattan e tampa com encaixe perfeito, ela se adapta a diversos ambientes — do escritório à cozinha.

Feita em polipropileno virgem livre de BPA, é segura, resistente e empilhável, permitindo armazenar documentos, roupas, brinquedos, produtos de limpeza e muito mais. As alças laterais facilitam o transporte, enquanto a trama ventilada evita o acúmulo de mofo ou odores.";;;;;;;
2590.012.001;https://produto.nitron.com.br/Baixa/2590_012_001-01.jpg;;;61;Pote Raso Retangular - Transparente 1,5L (259/B);Rectangular Shallow container - Clear 1.5L;Maceta rectangular poco profunda - Transparente 1,5 L;25;15;7;1,5L;7896779659142;Potes;0;;;;;;;
2590.012.003;https://produto.nitron.com.br/Baixa/2590_012_003-01.jpg;;;61;Pote Raso Retangular - Preto 1,5L;Rectangular Shallow container - Pink 1.5L;Maceta rectangular poco profunda - Rosa 1,5 L;25;15;7;1,5L;7896779625994;Potes;;;;;;;;
260.012.002;https://produto.nitron.com.br/Baixa/260_012_002-01.jpg;;;6;Caixa Organizadora Baixa Rattan com Tampa - Branca 4,5L (260/B);Low Rattan Organizer Box with Lid - White 4.5L;Caja organizadora baja de ratán con tapa - Blanco 4,5 L;32.4;22.5;8.3;4,5L;7896779626045;Organização;"Quando o espaço é limitado, mas a necessidade de organização é grande, a caixa organizadora rattan de altura baixa e tamanho médio se torna a escolha ideal.
Mesmo com sua altura reduzida, ela oferece excelente capacidade interna, adaptando-se facilmente a prateleiras intermediárias, closets ou sob móveis.
Além disso, sua tampa firme e encaixe seguro impedem deslizamentos, permitindo empilhamento estável e transporte com tranquilidade.
Com alças laterais ergonômicas, o manuseio é prático, mesmo em ambientes mais apertados.
Por fim, o design rattan moderno e discreto agrega sofisticação à organização, seja em casa ou no ambiente de trabalho.";;;;;;;
260.012.003;https://produto.nitron.com.br/Baixa/260_012_003-01.jpg;;;6;Caixa Organizadora Baixa Rattan com Tampa - Preta 4,5L;Low Rattan Organizer Box with Lid - Black 4.5L;Caja organizadora baja de ratán con tapa - Negro 4,5 L;32.4;22.5;8.3;4,5L;7896779660155;Organização;Mantenha seus espaços organizados com a Caixa Organizadora Baixa Rattan com Tampa - Preta 4,5L. Com um design compacto e altura reduzida, essa caixa oferece o equilíbrio perfeito entre praticidade e capacidade de armazenamento. Fabricada em plástico resistente, proporciona durabilidade e segurança para o dia a dia. A tampa com encaixe perfeito evita deslizamentos, permitindo um empilhamento estável e seguro. Além disso, suas alças laterais ergonômicas facilitam o transporte, tornando-a uma solução versátil para diversos ambientes, como closets, armários, prateleiras, escritórios e até mesmo banheiros. Seu design rattan sofisticado combina funcionalidade com um toque decorativo, deixando qualquer espaço mais elegante. Use para armazenar papéis, roupas dobradas, brinquedos, acessórios e muito mai;;;;;;;
260.012.086;https://produto.nitron.com.br/Baixa/260_012_086-01.jpg;;;6;Caixa Organizadora Baixa Rattan com Tampa - Chumbo 4,5L;Low Organizer Box Rattan with Lid - Lead 4.5L;Caja Organizadora Baja de Ratán con Tapa - Plomo 4,5L;32.4;22.5;8.3;4,5L;7896779660209;Organização;"O Cesto Rattan Baixo com Tampa Médio (4,5 Litros) da Nitron é a escolha perfeita para quem busca organização e praticidade sem abrir mão do estilo. Feito de PP virgem, um material livre de BPA, não tóxico e sem odor, esse cesto é resistente, durável e ideal para diversas necessidades de armazenamento.

Com uma capacidade de 4,5 litros, ele é perfeito para guardar documentos, roupas, produtos de limpeza, higiene pessoal, brinquedos e muito mais. O design baixo e composto por trama oferece circulação de ar, evitando o acúmulo de umidade e prevenindo o surgimento de bolor e mofo em ambientes úmidos.

As alças laterais facilitam o transporte, enquanto o formato empilhável proporciona uso eficiente de espaço. A cor chumbo e o design sofisticado do cesto combinam com qualquer tipo de decoração, agregando funcionalidade e elegância aos seus ambientes.";;;;;;;
261.006.002;https://produto.nitron.com.br/Baixa/261_006_002-01.jpg;;;6;Caixa Organizadora Baixa Rattan com Tampa - Branca 7L (261/B);Low Rattan Organizer Box with Lid - White 7L;Caja Organizadora Baja de Ratán con Tapa - Blanco 7L;38.5;28;8.3;7L;7896779626144;Organização;"Quando o espaço vertical é um desafio, mas a demanda por armazenamento é alta, a caixa organizadora rattan baixa e grande surge como a solução ideal.
Seu design com base larga e altura reduzida permite o uso eficiente em prateleiras rasas, gavetas amplas ou sob móveis.
Mesmo com perfil baixo, o espaço interno é generoso, ideal para guardar desde roupas dobradas até itens volumosos.
Com tampa de encaixe seguro e alças laterais ergonômicas, é fácil de empilhar, transportar e manter tudo no lugar com elegância.
Além disso, o acabamento rattan moderno harmoniza com diversos ambientes, unindo funcionalidade e estilo em um único produto";;;;;;;
261.006.003;https://produto.nitron.com.br/Baixa/261_006_003-01.jpg;;;6;Caixa Organizadora Baixa Rattan com Tampa - Preta 7L;Low Rattan Organizer Box with Lid - Black 7L;Caja Organizadora Baja de Ratán con Tapa - Negro 7L;38.5;28;8.3;7L;7896779626113;Organização;A Caixa Organizadora Baixa Rattan com Tampa - Preta 7L é a solução perfeita para quem busca praticidade e elegância na organização de ambientes. Com um design baixo e amplo, ela aproveita ao máximo espaços rasos, como prateleiras baixas, gavetas largas e armários rasos. Sua tampa com encaixe perfeito garante um ajuste seguro, evitando escorregamentos e mantendo seus itens protegidos. Com 7L de capacidade interna, é ideal para armazenar desde roupas dobradas e brinquedos grandes até produtos de higiene e alimentos em embalagens maiores. Além disso, seu empilhamento estável e seguro oferece praticidade, permitindo uma organização eficiente sem comprometer a estabilidade. As alças laterais ergonômicas tornam o transporte ainda mais fácil, enquanto o design moderno e decorativo em Rattan traz um toque de sofisticação ao seu ambiente.;;;;;;;
261.006.086;https://produto.nitron.com.br/Baixa/261_006_086-01.jpg;;;6;Caixa Organizadora Baixa Rattan com Tampa - Chumbo 7L;Low Rattan Organizer Box with Lid - Lead 7L;Caja Organizadora Baja de Ratán con Tapa - Plomo 7L;38.5;28;8.3;7L;7896779618644;Organização;"A Caixa Organizadora Multifuncional Rattan da Nitron é a solução ideal para quem busca praticidade, estilo e organização em diversos ambientes. Com capacidade de 7 litros, é perfeita para armazenar documentos, roupas, produtos de limpeza, itens de higiene, brinquedos e muito mais.

Feita de polipropileno (PP) virgem, um material livre de BPA, não tóxico e sem odor, esta caixa oferece durabilidade e segurança. Seu design moderno, com tampa e alças laterais, proporciona versatilidade e facilita o transporte.

A trama Rattan não só confere um toque sofisticado, como também favorece a circulação de ar, prevenindo o surgimento de mofo e bolor em locais úmidos. O projeto empilhável permite otimizar o espaço sem danificar as caixas, tornando-a uma opção ideal para ambientes como casa, escritório ou lojas.";;;;;;;
268.006.M02;https://produto.nitron.com.br/Baixa/268_006_M02-01.jpg;;;39;Caixa Juta Europa com Tampa Teca - Branca 5,3L;Europa Jute Box with Teak Lid - White 5.3L;Caja Europea de Yute con Tapa de Teca - Blanco 5,3L;27;20.4;15.5;5,3L;7896779668830;Teca;"A Caixa Organizadora com Tampa de Madeira Teca – Tamanho P é a união perfeita entre estilo, praticidade e resistência. Ideal para quem busca organização funcional sem abrir mão da estética, ela combina polipropileno de alta qualidade com madeira Teca, criando um visual moderno que se adapta a diversos ambientes — do banheiro ao escritório.

Com estrutura vazada, permite a circulação de ar, prevenindo odores e umidade. A tampa de madeira protege os objetos armazenados e ainda possibilita o empilhamento seguro, otimizando o espaço. Já as alças laterais garantem facilidade no transporte e manuseio, mesmo em ambientes mais compactos.

Compacta por fora, eficiente por dentro: com 5,3 litros de capacidade, é ideal para guardar itens de higiene, cosméticos, acessórios, controles remotos e outros objetos do dia a dia. Tudo isso com a qualidade e durabilidade dos materiais que evitam a proliferação de bactérias e tornam a limpeza simples e rápida.";;;;;;;
268.006.M03;https://produto.nitron.com.br/Baixa/268_006_M03-01.jpg;;Destaque;39;Caixa Juta Europa com Tampa Teca - Preta 5,3L;Europa Jute Box with Teak Lid - Black 5.3L;Caja Europea de Yute con Tapa de Teca - Negro 5,3L;27;20.4;15.5;5,3L;7896779668847;Teca;"A Caixa Organizadora com Tampa de Madeira Teca – Tamanho P é a união perfeita entre estilo, praticidade e resistência. Ideal para quem busca organização funcional sem abrir mão da estética, ela combina polipropileno de alta qualidade com madeira Teca, criando um visual moderno que se adapta a diversos ambientes — do banheiro ao escritório.

Com estrutura vazada, permite a circulação de ar, prevenindo odores e umidade. A tampa de madeira protege os objetos armazenados e ainda possibilita o empilhamento seguro, otimizando o espaço. Já as alças laterais garantem facilidade no transporte e manuseio, mesmo em ambientes mais compactos.

Compacta por fora, eficiente por dentro: com 5,3 litros de capacidade, é ideal para guardar itens de higiene, cosméticos, acessórios, controles remotos e outros objetos do dia a dia. Tudo isso com a qualidade e durabilidade dos materiais que evitam a proliferação de bactérias e tornam a limpeza simples e rápida.";;;;;;;
268.012.002;https://produto.nitron.com.br/Baixa/268_012_002-01.jpg;;;9;Cesto Europa Juta - Branco 5,3L (268/B);Europa Jute Basket - White 5.3L;Cesta de Yute Europa - Blanco 5.3L;27;20.2;15;5,3L;7896779626847;Organização;"Se você busca praticidade e estilo na hora de organizar, o cesto organizador com tampa e alça é a escolha certa.
Além de manter os objetos no lugar certo, ele protege contra poeira com sua tampa prática e ainda facilita o transporte graças à alça funcional.
Por ser livre de BPA e fabricado com material resistente, garante durabilidade e segurança no uso diário.
Seu design alegre e versátil combina com diversos ambientes, desde quartos até banheiros ou escritórios.
Ideal para espaços compactos, este cesto une funcionalidade, estética e facilidade de uso em um só produto.";;;;;;;
268.012.003;https://produto.nitron.com.br/Baixa/268_012_003-01.jpg;;;9;Cesto Europa Juta - Preto 5,3L (268/B);Europa Jute Basket - Black 5.3L;Cesta de Yute Europa - Negro 5.3L;27;20.2;15;5,3L;7896779626816;Organização;Cesto Europa Juta - Preto 5,3L Se você está em busca de uma maneira eficiente de organizar seus ambientes enquanto adiciona um toque de estilo, o Cesto Europa Juta - Preto 5,3L é a solução ideal. Com uma tampa protetora prática, ele impede o acúmulo de poeira, preservando o conteúdo por mais tempo. Além disso, conta com uma alça prática para facilitar o transporte e movimentação entre os espaços. A segurança é uma prioridade, e por isso, este cesto é totalmente BPA Free, garantindo que não há riscos adicionais à sua saúde. Finalmente, sua capacidade de 5,3L torna o processo de organização fácil e eficaz, mantendo tudo em seu devido lugar.;;;;;;;
269.004.M02;https://produto.nitron.com.br/Baixa/269_004_M02-01.jpg;;Destaque;39;Caixa Juta Europa com Tampa Teca - Branca 10,8L;Europe Jute Box with Teak Lid - White 10.8L;Caja Europea de Yute con Tapa de Teca - Blanco 10,8L;34;24;19.2;10,8L;7896779669936;Teca;"A Caixa Organizadora com Tampa de Madeira Teca – Tamanho M é a união perfeita entre estilo, praticidade e resistência. Ideal para quem busca organização funcional sem abrir mão da estética, ela combina polipropileno de alta qualidade com madeira Teca, criando um visual moderno que se adapta a diversos ambientes — do banheiro ao escritório.

Com estrutura vazada, permite a circulação de ar, prevenindo odores e umidade. A tampa de madeira protege os objetos armazenados e ainda possibilita o empilhamento seguro, otimizando o espaço. Já as alças laterais garantem facilidade no transporte e manuseio, mesmo em ambientes mais compactos.

Compacta por fora, eficiente por dentro: com 10,8L litros de capacidade, é ideal para guardar itens de higiene, cosméticos, acessórios, controles remotos e outros objetos do dia a dia. Tudo isso com a qualidade e durabilidade dos materiais que evitam a proliferação de bactérias e tornam a limpeza simples e rápida.";;;;;;;
269.004.M03;https://produto.nitron.com.br/Baixa/269_004_M03-01.jpg;;;39;Caixa Juta Europa com Tampa Teca - Preta 10,8L;Europe Jute Box with Teak Lid - Black 10.8L;Caja Europea de Yute con Tapa de Teca - Negro 10,8L;34;24;19.2;10,8L;7896779669943;Teca;"A Caixa Organizadora Nitron com Tampa de Madeira Teca – Tamanho M é a escolha ideal para quem busca unir organização e sofisticação em casa ou no escritório. Com um design moderno e versátil, combina polipropileno de alta qualidade com a elegância da madeira Teca, proporcionando um toque natural que valoriza a decoração de diversos ambientes.

A estrutura vazada permite a circulação de ar, prevenindo odores e mofo, enquanto a tampa de madeira protege os objetos contra poeira e possibilita o empilhamento seguro, otimizando o uso do espaço. Suas alças laterais oferecem mais praticidade para transportar e manusear a caixa no dia a dia.

Com 10,8 litros de capacidade, é perfeita para organizar produtos de higiene, roupas, acessórios, brinquedos e materiais de escritório, mantendo tudo em ordem de forma prática e charmosa.";;;;;;;
269.012.002;https://produto.nitron.com.br/Baixa/269_012_002-01.jpg;;Destaque;9;Cesto Europa Juta - Branco 10,8L (269/B);Europa Jute Basket - White 10.8L;Cesta de Yute Europa - Blanco 10.8L;34;24;18.7;10,8L;7896779626946;Organização;O Cesto Europa Juta - Branco 10,8L (269/B) é a escolha ideal para quem busca praticidade e organização no dia a dia. Facilidade de Organização: Ajuda a manter tudo em seu devido lugar. Decorativo: Além de organizar, também decora o ambiente. Funcionalidade: Permite determinar o local específico para cada objeto. Tampa Protetora: Protege os objetos da poeira acumulada no cotidiano. Alça Prática: Possui alça para facilitar o transporte ou movimentação. BPA Free: Livre de Bisfenol-A (BPA), uma substância química nociva à saúde. Design Alegre e Versátil: Apresenta um design que se adapta a diferentes ambientes e ocasiões. Material Resistente: Feito com material durável e de alta qualidade. Tamanho Médio: Ideal para espaços variados, nem muito grande nem muito pequeno. Cor branco Perfeito para conservar alimentos com estilo e segurança, ele combina design funcional com a resistência dos produtos Nitron.;;;;;;;
269.012.003;https://produto.nitron.com.br/Baixa/269_012_003-01.jpg;;;9;Cesto Europa Juta - Preto 10,8L;Europa Jute Basket - Black 10.8L;Cesta de Yute Europa - Negro 10.8L;34;24;18.7;10,8L;7896779626915;Organização;Adicione um toque de elegancia à sua organização com o Cesto Europa Juta - Preto 10,8L. Feito com um design sofisticado e materiais resistentes, ele combina a textura natural da juta com um acabamento moderno em preto, tornando-se ideal para diversos ambientes. Além disso, seu tamanho compacto oferece praticidade sem ocupar muito espaço. Seja para armazenar objetos pequenos, organizar acessórios ou dar um charme extra à decoração, este cesto é a escolha perfeita.;;;;;;;
270.002.M02;https://produto.nitron.com.br/Baixa/270_002_M02-01.jpg;;Destaque;39;Caixa Juta Europa com Tampa Teca - BRANCA 18,7L;Europe Jute Box with Teak Lid - Black 18.7L;Caja Europea de Yute con Tapa de Teca - Negra 18,7L;41;28;22.7;18,7L;7896779670086;Teca;"A Caixa Organizadora Nitron com Tampa de Madeira Teca – Tamanho G foi desenvolvida para quem busca organização prática sem abrir mão do design elegante. Ideal para banheiro, quarto, sala, escritório ou qualquer ambiente que precise de um toque de charme e funcionalidade.

Sua estrutura combina polipropileno resistente com a nobreza da madeira Teca, criando uma peça moderna, durável e que harmoniza com diversos estilos de decoração. A ventilação garantida pela estrutura vazada evita o acúmulo de umidade e mofo, enquanto a tampa de madeira protege os itens armazenados e permite o empilhamento seguro, otimizando espaços.

Com 18,7 litros de capacidade, esta caixa é perfeita para organizar roupas, acessórios, documentos, brinquedos e muito mais, mantendo tudo no lugar de forma prática e sofisticada.";;;;;;;
270.002.M03;https://produto.nitron.com.br/Baixa/270_002_M03-01.jpg;;Destaque;39;Caixa Juta Europa com Tampa Teca - PRETA18,7L;Europe Jute Box with Teak Lid - White 18.7L;Caja Europea de Yute con Tapa de Teca - Blanco 18,7L;41;28;22.7;18,7L;7896779627059;Teca;"A Caixa Organizadora Nitron com Tampa de Madeira Teca – Tamanho G (18,7L) é a solução ideal para quem deseja organização com estilo e praticidade. Com design moderno, combina a robustez do polipropileno com o toque elegante e natural da madeira Teca, integrando-se perfeitamente a diversos ambientes como banheiros, quartos, salas, escritórios e mais.

Sua estrutura vazada permite uma excelente ventilação, evitando acúmulo de mofo ou maus odores. A tampa de madeira, além de proteger contra poeira, possibilita o empilhamento seguro, otimizando o espaço vertical. As alças laterais oferecem praticidade para transporte e manuseio, mesmo quando a caixa está cheia.

Com uma generosa capacidade de 18,7 litros, é perfeita para armazenar desde roupas e brinquedos até documentos, itens de higiene ou produtos de limpeza.";;;;;;;
270.006.002;https://produto.nitron.com.br/Baixa/270_006_002-01.jpg;;Destaque;9;Cesto Europa Juta - Branco 18,7L (270/B);Europa Jute Basket - White 18.7L;Cesta de Yute Europa - Blanco 18,7L;41;28;22.2;18,7L;7896779627042;Organização;"Organizar com praticidade e estilo é possível com este cesto organizador branco com tampa e alça.
Além de manter cada item em seu devido lugar, sua tampa protetora evita o acúmulo de poeira, enquanto a alça facilita o transporte para qualquer ambiente da casa.
Por ser livre de BPA, oferece mais segurança no uso diário, e seu material resistente garante durabilidade por muito mais tempo.
Com design alegre e versátil, ele se adapta facilmente a diferentes cômodos, seja para uso decorativo ou funcional.
Ideal para quem precisa de soluções eficientes em espaços compactos.";;;;;;;
270.006.003;https://produto.nitron.com.br/Baixa/270_006_003-01.jpg;;;9;Cesto Europa Juta - Preto 18,7L;Europa Jute Basket - Black 18.7L;Cesta de Yute Europa - Negro 18,7L;41;28;22.2;18,7L;7896779627011;Organização;O Cesto Europa Juta - Preto 18,7L combina sofisticação e funcionalidade para manter seus ambientes organizados com estilo. Produzido com um acabamento que remete à juta, ele traz um toque rústico e elegante à decoração. Além disso, sua capacidade de 18,7 litros é ideal para armazenar roupas, brinquedos, utensílios domésticos e muito mais. Com um design moderno na cor preta, ele se adapta perfeitamente a diversos espaços, seja no quarto, banheiro, lavanderia ou escritório. Durável, versátil e fácil de transportar, esse cesto é a solução ideal para quem busca praticidade sem abrir mão da estética.;;;;;;;
277.012.002;https://produto.nitron.com.br/Baixa/277_012_002-01.jpg;;;9;Cesto Juta com Alça - Branco 5,6L (277/B);Jute Basket with Handle - White 5.6L;Cesta de Yute con Asa - Blanco 5,6L;28.2;18.4;17.5;5,6L;7896779627745;Organização;"Unindo resistência e estilo, o cesto organizador em plástico e juta é a escolha ideal para quem deseja manter a casa organizada com charme.
Com alças práticas, ele é fácil de transportar e pode ser utilizado em diversos ambientes, desde quartos até áreas de serviço.
Suas pequenas aberturas no corpo tornam o visual mais leve e elegante, enquanto o toque natural da juta agrega um estilo acolhedor.
Além disso, a cor branca contribui para uma decoração clean e harmoniosa, promovendo a sensação de bem-estar e leveza nos espaços.
Este organizador é perfeito para otimizar ambientes e manter tudo em ordem no seu dia a dia.";;;;;;;
277.012.003;https://produto.nitron.com.br/Baixa/277_012_003-01.jpg;;;9;Cesto Juta com Alça - Preto 5,6L;Jute Basket with Handle - Black 5.6L;Cesta de Yute con Asa - Negro 5.6L;28.2;18.4;17.5;5,6L;7896779677146;Organização;Elegante, resistente e versátil, o Cesto de Juta com Alça – Preto 5,6L é a solução ideal para quem busca organização sem abrir mão do estilo. Feito de juta natural, ele combina durabilidade e sofisticação, sendo perfeito para armazenar pequenos objetos, roupas, acessórios ou até itens decorativos. Além disso, sua alça facilita o transporte, tornando o dia a dia mais prático. Seja para organizar o banheiro, o quarto ou a sala, este cesto adiciona um toque rústico e moderno à decoração.;;;;;;;
279.012.024;https://produto.nitron.com.br/Baixa/279_012_024-01.jpg;;;46;Pote Alho Acoplado com Rosca - 500ml (279);Garlic Jar with Screw - 500ml;Recipientes para ajos acoplada con tornillo - 500ml;Ø11,8;Ø11,8;8.2;500ml;7896779679126;Potes;"O Pote Nitron 500ml com Tampa Rosca (modelo Alho) é a solução prática e segura para armazenar alimentos no dia a dia. Fabricado em polipropileno livre de BPA, oferece mais segurança para o uso em contato com alimentos, além de ser uma opção durável e resistente.

Com dimensões compactas de 11 x 11 x 8 cm e capacidade de 500 ml, é ideal para guardar pequenas porções, temperos, condimentos ou sobras de alimentos. Seu design com tampa acoplada por rosca garante vedação eficiente, evitando vazamentos e preservando a qualidade dos alimentos armazenados.

Versátil, o pote é adequado para uso no micro-ondas e freezer, proporcionando praticidade tanto no preparo quanto no armazenamento de alimentos. Além disso, seu formato funcional facilita o empilhamento, otimizando o espaço na geladeira ou despensa.

A Nitron mantém o compromisso com a qualidade, investindo continuamente em modernização para atender às necessidades dos consumidores que buscam organização e praticidade no dia a dia.";;;;;;;
281.036.999;https://produto.nitron.com.br/Baixa/281_036_999-01.jpg;;;49;Concha para Cereais - Sortido - 150ml (281);Cereal Ladle - Assorted - 150ml;Cucharón para cereales - Surtido - 150ml;9.3;6;9.7;150ml;7896779681129;Potes;"A Concha Dosadora 150ml BPA Free é perfeita para quem busca praticidade e segurança no dia a dia. Com capacidade ideal para cereais, castanhas, doces e outros alimentos, é amplamente utilizada em casas de produtos naturais, mercados e também em cozinhas residenciais.

Produzida com material resistente e livre de BPA, essa concha garante mais segurança alimentar, evitando a contaminação por substâncias tóxicas. Seu design alegre e funcional combina com diferentes estilos de ambiente, oferecendo uma experiência de uso agradável e eficiente.

Leve e ergonômica, proporciona um manuseio confortável, sendo ideal para servir ou dosar ingredientes secos de forma prática.";;;;;;;
283.004.002;https://produto.nitron.com.br/Baixa/283_004_002-01.jpg;;Destaque;98;Lixeira Juta com Pedal - Branca 12L;Jute Bin with Pedal - White 12L;Papelera de Yute con Pedal - Blanco 12L;34.5;17.5;32.5;12L;7896779628339;Lixeiras;"A Lixeira com Pedal Juta – Branca 12L é a escolha ideal para quem deseja unir praticidade, estética e funcionalidade no dia a dia. Com um design moderno, inspirado na trama de juta, ela confere um toque sofisticado e versátil ao ambiente, harmonizando com diferentes estilos de decoração.

Graças à sua estrutura compacta, adapta-se com facilidade a espaços reduzidos como banheiros, quartos, salas e escritórios, sem comprometer sua capacidade de 12 litros. A abertura com acionamento por pedal garante um manuseio higiênico e prático, evitando o contato direto com os resíduos.

Produzida em polipropileno de alta resistência, essa lixeira também se destaca pela facilidade de limpeza e pela durabilidade no uso diário. Seja para uso doméstico ou corporativo, ela entrega eficiência e elegância em uma só peça.";;;;;;;
283.004.003;https://produto.nitron.com.br/Baixa/283_004_003-01.jpg;;Destaque;98;Lixeira Juta com Pedal - Preta 12L;Jute Bin with Pedal - White 12L;Papelera de Yute con Pedal - Negro 12L;34.5;17.5;32.5;12L;7896779683116;Lixeiras;"A Lixeira com Pedal Juta – Preta 12L combina estilo, resistência e praticidade para o dia a dia. Seu design arrojado, com acabamento que remete à textura de juta, adapta-se perfeitamente a diversos ambientes — desde cozinhas modernas até áreas externas mais rústicas.

Fabricada em polipropileno de alta qualidade, oferece durabilidade e resistência mesmo em locais de uso intenso. Além disso, o sistema de abertura por pedal permite o descarte de resíduos de maneira higiênica e prática, sem a necessidade de contato manual, reduzindo riscos de contaminação.

Sua tampa articulada com vedação eficiente impede a propagação de odores e a entrada de insetos, garantindo mais conforto e limpeza para o ambiente. Compacta nas medidas, mas com capacidade de 12 litros, é ideal tanto para áreas internas como externas.

Seja em banheiros, escritórios ou varandas gourmet, essa lixeira oferece a solução perfeita para manter a organização com estilo.";;;;;;;
283.004.086;https://produto.nitron.com.br/Baixa/283_004_086-01.jpg;;;98;Lixeira Juta com Pedal - Chumbo 12L;Jute Pedal Trash Can - Lead 12L;Papelera Yute con Pedal - Plomo 12L;34.5;17.5;32.5;12L;7896779683215;Lixeiras;"A Lixeira com Pedal Juta – Chumbo 12L combina estilo, resistência e praticidade para o dia a dia. Seu design arrojado, com acabamento que remete à textura de juta, adapta-se perfeitamente a diversos ambientes — desde cozinhas modernas até áreas externas mais rústicas.

Fabricada em polipropileno de alta qualidade, oferece durabilidade e resistência mesmo em locais de uso intenso. Além disso, o sistema de abertura por pedal permite o descarte de resíduos de maneira higiênica e prática, sem a necessidade de contato manual, reduzindo riscos de contaminação.

Sua tampa articulada com vedação eficiente impede a propagação de odores e a entrada de insetos, garantindo mais conforto e limpeza para o ambiente. Compacta nas medidas, mas com capacidade de 12 litros, é ideal tanto para áreas internas como externas.

Seja em banheiros, escritórios ou varandas gourmet, essa lixeira oferece a solução perfeita para manter a organização com estilo.";;;;;;;
284.012.002;https://produto.nitron.com.br/Baixa/284_012_002-01.jpg;;;104;Cesto Transporta Tudo - Branco (284/B);All-In-One Basket - White;Cesta para todo - Blanco;31.3;26.3;18.2;;7896779628445;Limpeza;0;;;;;;;
284.012.003;https://produto.nitron.com.br/Baixa/284_012_003-01.jpg;;Destaque;104;Cesto Transporta Tudo - Preto (284/P);All-In-One Basket - Black;Cesta para todo - Negro;31.3;26.3;18.2;;7896779628414;Limpeza;0;;;;;;;
293.006.002;https://produto.nitron.com.br/Baixa/293_006_002-01.jpg;;Destaque;49;Kit Potes Acoplados com 5 Peças - Branco;Coupled Jar Kit with 5 Pieces - White;Kit Recipientes Acopladas con 5 Piezas - Blanco;Ø20,5;Ø20,5;25.5;;7896779693122;Potes;"Organize sua cozinha com mais praticidade e eficiência usando o Conjunto de Potes para Mantimentos 5 Peças da Nitron. Com design moderno e funcional, este kit é perfeito para armazenar arroz, feijão, açúcar, café e outros mantimentos, mantendo os alimentos sempre frescos.

O conjunto conta com 4 potes transparentes, que facilitam a visualização do conteúdo, além de tampas com rosca branca, que garantem uma vedação segura e preservam a qualidade dos alimentos por mais tempo. Acompanha ainda um medidor plástico prático, ideal para facilitar o preparo de receitas no dia a dia.

Produzidos em polipropileno resistente (PP), os potes são duráveis, fáceis de limpar e não contaminam os alimentos.";;;;;;;
293.006.003;https://produto.nitron.com.br/Baixa/293_006_003-01.jpg;;Destaque;49;Kit Potes Acoplados com 5 Peças - Preto;Coupled Jar Kit with 5 Pieces - Black;Kit de Recipientes Acopladas de 5 Piezas - Negro;Ø20,5;Ø20,5;25.5;;7896779629329;Potes;"O Conjunto de Potes para Mantimentos Nitron, composto por 5 peças (4 potes e 1 medidor plástico), é a solução ideal para organização e conservação de alimentos na sua cozinha. Com capacidades variadas (de 1,6L a 5,8L), esses potes são perfeitos para armazenar arroz, feijão, açúcar, café e outros mantimentos, mantendo-os sempre frescos e protegidos.

Cada pote conta com uma tampa com rosca branca, proporcionando uma vedação eficiente que preserva os alimentos por mais tempo. Feitos em plástico resistente (PP), são fáceis de limpar e duráveis, oferecendo um excelente custo-benefício para o seu dia a dia. O medidor plástico incluso facilita ainda mais o preparo das suas receitas, tornando a cozinha mais prática e funcional.

Com um design transparente, você pode visualizar facilmente o conteúdo de cada pote, e a tampa branca confere um toque de elegância e simplicidade ao conjunto, adaptando-se bem a diferentes estilos de decoração.";;;;;;;
300.012.001;https://produto.nitron.com.br/Baixa/300_012_001-01.jpg;;;60;Pote Raso Retangular - Transparente 460ml;Shallow Rectangular container - Clear 460ml;Maceta rectangular poco profunda - Transparente 460ml;20;12;4;460ml;7896779630011;Potes;0;;;;;;;
300.012.003;https://produto.nitron.com.br/Baixa/300_012_003-01.jpg;;;60;Pote Raso Retangular - Preto 460ml;Shallow Rectangular container - Black 460ml;Maceta rectangular poco profunda - Negro 460ml;20;12;4;460ml;7896779630097;Potes;;;;;;;;
301.012.001;https://produto.nitron.com.br/Baixa/301_012_001-01.jpg;;;60;Pote Raso Retangular - Transparente 950ml;Shallow Rectangular container - Clear 950ml;Maceta rectangular poco profunda - Transparente 950ml;25;15;5;950ml;7896779601158;Potes;0;;;;;;;
301.012.003;https://produto.nitron.com.br/Baixa/301_012_003-01.jpg;;;60;Pote Raso Retangular - Preto 950ml;Shallow Rectangular container - Pink 950ml;Maceta rectangular poco profunda - Rosa 950ml;25;15;5;950ml;7896779630196;Potes;;;;;;;;
302.012.001;https://produto.nitron.com.br/Baixa/302_012_001-01.jpg;;;60;Pote Raso Retangular - Transparente 1,9L;Shallow Rectangular container - Clear 1.9L;Maceta rectangular poco profunda - Transparente 1,9 L;31;19;6;1,9L;7896779630219;Potes;0;;;;;;;
302.012.003;https://produto.nitron.com.br/Baixa/302_012_003-01.jpg;;;60;Pote Raso Retangular - Preto 1,9L;Shallow Rectangular container - Pink 1.9L;Maceta rectangular poco profunda - Rosa 1,9 L;31;19;6;1,9L;7896779630295;Potes;;;;;;;;
303.012.001;https://produto.nitron.com.br/Baixa/303_012_001-01.jpg;;;60;Pote Raso Retangular - Transparente 3,2L;Shallow Rectangular container - Clear 3.2L;Maceta rectangular poco profunda - Transparente 3,2 L;36;21;7;3,2L;7896779603152;Potes;0;;;;;;;
303.012.003;https://produto.nitron.com.br/Baixa/303_012_003-01.jpg;;;60;Pote Raso Retangular - Preto 3,2L;Rectangular Shallow container - Pink 3.2L;Maceta rectangular poco profunda - Rosa 3,2 L;36;21;7;3,2L;7896779630370;Potes;;;;;;;;
305.006.520;https://produto.nitron.com.br/Baixa/305_006_520-01.jpg;;;79;Travessa Oval Canelada com Tampa - Branca 650ml;Oval Fluted Tray with Lid - White 650ml;Fuente Ovalada Estriada con Tapa - Blanco 650ml;22;11;6;650ML;7896779605156;Cozinha;0;;;;;;;
306.006.520;https://produto.nitron.com.br/Baixa/306_006_520-01.jpg;;;79;Travessa Oval Canelada com Tampa - Branca 1,2L;Oval Fluted Tray with Lid - White 1.2L;Fuente Ovalada Acanalada con Tapa - Blanco 1,2 L;28;14.5;7.3;1,2L;7896779630615;Cozinha;0;;;;;;;
307.006.520;https://produto.nitron.com.br/Baixa/307_006_520-01.jpg;;;79;Travessa Oval Canelada com Tampa - Branca 2,5L;Oval Fluted Tray with Lid - White 2.5L;Fuente Ovalada Acanalada con Tapa - Blanco 2.5L;34.8;18.5;8.9;2,5L;7896779630714;Cozinha;0;;;;;;;
308.006.520;https://produto.nitron.com.br/Baixa/308_006_520-01.jpg;;;13;Organiza e Guarda com 3 Divisórias;Organizes and Stores with 3 Compartments;Organice y almacene con 3 divisores;24.7;20.5;5.9;;7896779630813;Organização;0;;;;;;;
311.012.001;https://produto.nitron.com.br/Baixa/311_012_001-01.jpg;;;57;Mamita e Pote 2 em 1 - Transparente 780ml;;;20.5;12.5;6;780ML;7896779600090;Potes;;;;;;;;
311.012.002;https://produto.nitron.com.br/Baixa/311_012_002-01.jpg;;;57;Mamita e Pote 2 em 1 - Branco 780ml;Mamita e Pote 2 in 1 - White 780ml;Mamita e Recipientes 2 en 1 - Blanca 780ml;20.5;12.5;6;780ML;7896779618194;Potes;0;;;;;;;
311.012.515;https://produto.nitron.com.br/Baixa/311_012_515-01.jpg;;;57;Mamita & Pote 2 em 1 - Rosa 780ml;Mamita & Pote 2 in 1 - Pink 780ml;Mamita & Recipientes 2 en 1 - Rosa 780ml;20.5;12.5;6;780ML;7896779611157;Potes;0;;;;;;;
311.012.517;https://produto.nitron.com.br/Baixa/311_012_517-01.jpg;;;57;Mamita & Pote 2 em 1 - Verde 780ml;Mamita & Pote 2 in 1 - Green 780ml;Mamita & Recipiente 2 en 1 - Verde 780ml;20.5;12.5;6;780ML;7896779631131;Potes;0;;;;;;;
313.006.560;https://produto.nitron.com.br/Baixa/313_006_560-01.jpg;;;14;Organizador de Cosméticos com 2 Gavetas - Preta;Drawer Organizer Cosmetics with 2 Drawers - Black;Organizador de cosméticos con 2 cajones - Negro;20.3;18.5;21;;7896779613038;Organização;Organizador de Cosméticos com 2 Gavetas - Preta O Organizador de Cosméticos com 2 Gavetas é uma solução perfeita para quem busca praticidade e organização no dia a dia. Em primeiro lugar, suas gavetas espaçosas oferecem amplo espaço de armazenamento para itens variados. Além disso, as divisórias internas otimizam o espaço, permitindo que você separe maquiagens, artigos de papelaria e outros objetos pequenos com facilidade. Feito em plástico resistente, este organizador garante durabilidade e elegância. Por sua vez, sua cor preta adiciona um toque moderno e sofisticado ao ambiente. Portanto, é ideal para ser utilizado em áreas de trabalho, mantendo tudo em ordem e de fácil acesso. Sem dúvida, uma escolha versátil para quem valoriza uma estética minimalista e funcional.;;;;;;;
313.006.561;https://produto.nitron.com.br/Baixa/313_006_561-01.jpg;;;14;Organizador de Cosméticos com 2 Gavetas - Branca;Cosmetics Organizer with 2 Drawers - White;Organizador de cosméticos con 2 cajones - Blanco;20.3;18.5;21;;7896779613076;Organização;"Se você precisa organizar sua área de trabalho de maneira inteligente, o gaveteiro de mesa modular Nitronplast é a solução ideal.
Com duas gavetas espaçosas e divisórias internas, ele oferece praticidade para armazenar itens de papelaria, maquiagem, acessórios e muito mais.
Além disso, seu design modular permite expandir conforme sua necessidade: basta encaixar novas gavetas.
Como se não bastasse, ele também é desmontável, facilitando o transporte e a reorganização do espaço sempre que desejar.
Graças à sua cor branca neutra, ele combina com diversos estilos de decoração, trazendo elegância e funcionalidade ao ambiente.";;;;;;;
313.006.562;https://produto.nitron.com.br/Baixa/313_006_562-01.jpg;;;14;Organizador de Cosméticos com 2 Gavetas - Rosa;Cosmetics Organizer with 2 Drawers - Pink;Organizador de cosméticos con 2 cajones - Rosa;20.3;18.5;21;;7896779613052;Organização;"Para quem busca organização com um toque de charme, o gaveteiro modular de mesa Nitronplast rosa é a escolha ideal.
Com duas gavetas espaçosas, divisórias internas e estrutura em plástico resistente, ele é perfeito para armazenar maquiagens, materiais de papelaria e objetos do dia a dia.
Seu design modular permite adicionar mais gavetas conforme a necessidade, tornando-o ainda mais funcional.
Além disso, é desmontável, o que facilita tanto o transporte quanto o armazenamento.
O acabamento na cor rosa traz leveza e personalidade ao ambiente, sendo ideal para escritórios, penteadeiras ou mesas de estudo.";;;;;;;
314.006.560;https://produto.nitron.com.br/Baixa/314_006_560-01.jpg;;;14;Organizador de Cosméticos com 1 Gaveta - Preta;Cosmetics Organizer with 1 Drawer - Black;Organizador de Cosméticos con 1 Cajón - Negro;20.3;18.5;15.5;;7896779614011;Organização;Organizador de Cosméticos com 1 Gaveta - Preta Com excepcional versatilidade, este organizador é sua solução ideal para organizar uma variedade de itens. Seja para guardar maquiagens, itens de papelaria ou outros objetos pequenos, ele se adapta perfeitamente a diferentes necessidades. Além disso, sua utilização é especialmente adequada para áreas de trabalho, mantendo o ambiente sempre organizado e arrumado. O design prático e funcional, juntamente com a cor neutra preta, permite que o organizador se integre harmoniosamente em qualquer espaço. Projetado para uso em mesas, ele não só oferece portabilidade, mas também modularidade, permitindo adicionar mais gavetas conforme necessário e personalizar seu espaço de forma contínua.;;;;;;;
314.006.561;https://produto.nitron.com.br/Baixa/314_006_561-01.jpg;;;14;Organizador de Cosméticos com 1 Gaveta - Branca;Cosmetics Organizer with 1 Drawer - White;Organizador de Cosméticos con 1 Cajón - Blanco;20.3;18.5;15.5;;7896779614066;Organização;O Gaveteiro Plástico de Mesa com 1 Gaveta da Nitron é a solução prática e funcional para manter sua área de trabalho sempre organizada. Fabricado em plástico resistente, ele conta com divisórias internas que facilitam a organização de pequenos itens como papéis, maquiagens, acessórios e materiais de escritório. Sua estrutura é modular e desmontável, permitindo expandir a capacidade conforme a necessidade, com adição de mais gavetas. Com design moderno, cor branca e encaixe perfeito para mesas, esse gaveteiro oferece versatilidade, portabilidade e estilo para qualquer ambiente profissional ou doméstico.;;;;;;;
314.006.562;https://produto.nitron.com.br/Baixa/314_006_562-01.jpg;;;14;Organizador de Cosméticos com 1 Gaveta - Rosa;Cosmetics Organizer with 1 Drawer - Pink;Organizador de Cosméticos con 1 Cajón - Rosa;20.3;18.5;15.5;;7896779614028;Organização;Organize seu espaço com praticidade e estilo usando o Gaveteiro de Mesa Rosa da Nitron. Com uma gaveta espaçosa e divisórias internas, ele é perfeito para armazenar itens de papelaria, maquiagens e pequenos objetos. Fabricado em plástico resistente, possui estrutura desmontável e modular, permitindo adicionar novas gavetas conforme sua necessidade. Compacto e funcional, é ideal para manter sua área de trabalho ou estudo sempre organizada, com um toque de cor e personalidade.;;;;;;;
317.006.P01;https://produto.nitron.com.br/Baixa/317_006_P01-01.jpg;;Destaque;64;Kit POP com 5 Marmitas Fits - Transparente 500ml;POP Kit with 5 Fits Lunch Boxes – Transparent 500ml;Kit POP con 5 Loncheras Fits – Transparente 500ml;18.4;10;31;500ml;7896779631742;POP;;;;;;;;
317.012.001;https://produto.nitron.com.br/Baixa/317_012_001-01.jpg;;;56;Marmita Fit - Transparente 500ml;Fit Lunch Box - Transparent 500ml;Fiambrera Fit - Transparente 500ml;18.4;10;6.2;500ML;7896779617029;Potes;0;;;;;;;
317.012.003;https://produto.nitron.com.br/Baixa/317_012_002-01.jpg;;;56;Marmita Fit - Branco 500ml (317.012.001);Fit Lunch Box - White 500ml;Fiambrera Fit - Blanco 500ml;18.4;10;6.2;500ML;7896779631711;Potes;;;;;;;;
319.006.P01;https://produto.nitron.com.br/Baixa/319_006_P01-01.jpg;;Destaque;65;Kit POP com 6 Potes Quadrados - Transparente 250ml;POP Kit with 6 Square Containers – Transparent 250ml;Kit POP con 6 Recipientes Cuadrados – Transparente 250ml;15.6;7.8;20.7;250ml;7896779631964;POP;;;;;;;;
319.012.001;https://produto.nitron.com.br/Baixa/319_012_001-01.jpg;;;51;Pote Modular - Transparente 250ml;Modular Container - Transparent 250ml;Recipientes Modular - Transparente 250ml;7.8;7.8;6.9;250ML;7896779619047;Potes;O Pote Quadrado Modular 250ml com Tampa Branca da Nitron é a escolha perfeita para quem busca praticidade e organização na cozinha. Com formato quadrado e design modular, ele permite empilhamento eficiente, otimizando o espaço em armários, geladeiras e despensas. Fabricado em plástico atóxico e resistente, é ideal para armazenar pequenas porções de alimentos com segurança e conservação prolongada. Seu visual clean e funcional facilita o uso diário e contribui para uma organização inteligente e visualmente agradável.;;;;;;;
319.012.003;https://produto.nitron.com.br/Baixa/319_012_003-01.jpg;;;51;Pote Modular - Preto 250ml;;;7.8;7.8;6.9;250ML;7896779631926;Potes;;;;;;;;
320.012.001;https://produto.nitron.com.br/Baixa/320_012_001-01.jpg;;;51;Pote Modular - Transparente 450ml;Modular Container - Transparent 450ml;Recipientes Modular - Transparente 450ml;9.3;9.3;8.2;450ML;7896779620029;Potes;O Pote Quadrado Modular 450ml com Tampa da Nitron combina praticidade e eficiência para o seu dia a dia. Com design modular, ele permite o empilhamento inteligente, otimizando espaços em armários e geladeiras. Fabricado em plástico atóxico e resistente, é ideal para conservar alimentos frescos por mais tempo. A tampa branca transparente facilita a visualização do conteúdo interno, tornando a rotina mais funcional e organizada.;;;;;;;
320.012.003;https://produto.nitron.com.br/Baixa/320_012_003-01.jpg;;;51;Pote Modular - Preto 450ml;;;9.3;9.3;8.2;450ML;7896779632022;Potes;;;;;;;;
321.012.001;https://produto.nitron.com.br/Baixa/321_012_001-01.jpg;;;51;Pote Modular - Transparente 800ml;Modular Container - Transparent 800ml;Recipientes Modular - Transparente 800ml;11;11;10;800ML;7896779621040;Potes;O Pote Quadrado Modular 800ml com Tampa Transparente da Nitron é uma solução prática e funcional para armazenar alimentos com segurança e estilo. Seu formato quadrado facilita o empilhamento, otimizando o uso de espaço em armários, geladeiras ou despensas. Fabricado em plástico atóxico de alta qualidade, é ideal para manter alimentos frescos por mais tempo. A tampa transparente permite fácil visualização do conteúdo, contribuindo para uma organização eficiente no dia a dia.;;;;;;;
321.012.003;https://produto.nitron.com.br/Baixa/321_012_003-01.jpg;;;51;Pote Modular - Preto 800ml;;;11;11;10;800ML;7896779632176;Potes;;;;;;;;
322.006.001;https://produto.nitron.com.br/Baixa/322_006_001-01.jpg;;;51;Pote Modular - Transparente 1,2L;Modular Container - Transparent 1.2L;Recipientes Modular - Transparente 1.2L;11;11;14.6;1,2L;7896779622054;Potes;O Pote Quadrado Modular 1,2L com Tampa Transparente da Nitron é ideal para quem busca praticidade, organização e conservação eficiente dos alimentos. Seu formato quadrado otimiza o espaço de armários, geladeiras ou freezers. Com design empilhável, tampa transparente e corpo feito em plástico atóxico de alta qualidade, ele garante frescor prolongado, durabilidade e versatilidade para o dia a dia. Perfeito para cozinhas compactas ou para quem valoriza organização inteligente.;;;;;;;
322.006.003;https://produto.nitron.com.br/Baixa/322_006_003-01.jpg;;;51;Pote Modular - Preto 1,2L;Modular Container - Pink 1.2L;Recipientes Modular - Rosa 1.2L;11;11;14.6;1,2L;7896779632268;Potes;;;;;;;;
323.006.001;https://produto.nitron.com.br/Baixa/323_006_001-01.jpg;;;51;Pote Modular - Transparente 2,4L;Modular Container - Transparent 2.4L;Recipientes Modular - Transparente 2.4L;11;11;28.5;2,4L;7896779623044;Potes;O Pote Quadrado Modular 2,4L com Tampa Transparente da Nitron foi desenvolvido para quem busca organização prática e inteligente. Com design modular e formato quadrado, permite empilhamento eficiente, otimizando o espaço em geladeiras e despensas. Fabricado em plástico atóxico de alta qualidade, é seguro para alimentos e ideal para armazenar porções maiores com frescor e praticidade. A tampa transparente oferece visualização rápida do conteúdo, facilitando o dia a dia na cozinha.;;;;;;;
323.006.003;https://produto.nitron.com.br/Baixa/323_006_003-01.jpg;;;51;Pote Modular - Preto 2,4L;Modular Container - Pink 2.4L;Recipientes Modular - Rosa 2.4L;11;11;28.5;2,4L;7896779632329;Potes;;;;;;;;
348.012.576;https://produto.nitron.com.br/Baixa/348_012_576-01.jpg;;;77;Porta Presunto com Tela;Ham Holder with Screen;Jamonero con Pantalla;20.5;12;4;460ML;7896779634811;Cozinha;0;;;;;;;
349.012.575;https://produto.nitron.com.br/Baixa/349_012_575-01.jpg;;;77;Porta Queijo com Tela;Cheese Holder with Screen;Quesero con Pantalla;20.5;12;4;460ML;7896779634910;Cozinha;0;;;;;;;
350.012.577;https://produto.nitron.com.br/Baixa/350_012_577-01.jpg;;;77;Porta Frios com Tela;Cold Cuts Holder with Screen;Soporte para almacenamiento en frío con pantalla;20.5;12;4;460ML;7896779635016;Cozinha;0;;;;;;;
351.012.001;https://produto.nitron.com.br/Baixa/351_012_001-01.jpg;;;50;Kit Potes Modulares com 3 Peças - Transparente 250ml;3-Piece Modular Container Kit - Transparent 250ml;Kit Recipientes Modulares de 3 Piezas - Transparente 250ml;7.8;7.8;19.5;250ML;7896779635115;Potes;O Kit com 3 Potes Quadrados Modulares 250ml da Nitron é perfeito para quem busca organização, praticidade e charme na cozinha. Cada pote possui capacidade de 250ml, ideal para armazenar pequenas porções, temperos ou snacks. Fabricados em plástico atóxico e livre de BPA, são empilháveis e resistentes, otimizando o espaço na despensa ou geladeira. As tampas transparentes permitem visualizar facilmente o conteúdo, e o design moderno se adapta a diversos estilos de uso e ambientes.;;;;;;;
351.012.003;https://produto.nitron.com.br/Baixa/351_012_003-01.jpg;;;50;Kit Potes Modulares com 3 Peças - Preto 250ml;3-Piece Modular Container Kit - Pink 250ml;Kit de Recipientes Modulares de 3 Piezas - Rosa 250ml;7.8;7.8;19.5;250ML;7896779635177;Potes;;;;;;;;
352.012.001;https://produto.nitron.com.br/Baixa/352_012_001-01.jpg;;;50;Kit Potes Modulares com 3 Peças - Transparente 450ml;3-Piece Modular Container Kit - Transparent 450ml;Kit Recipientes Modulares de 3 Piezas - Transparente 450ml;9.3;9.3;23.1;450ML;7896779635214;Potes;O Pote Quadrado Modular 450ml com Tampa Branca – Nitron é a solução prática para quem busca versatilidade e organização no dia a dia. Ideal para armazenar alimentos, pequenos objetos ou itens de escritório, possui design moderno e compacto com tampa branca que harmoniza com qualquer ambiente. Fabricado em material livre de BPA, garante segurança e saúde. Com capacidade de 450ml, seu formato modular permite empilhamento inteligente, otimizando o espaço em armários, geladeiras ou gavetas.;;;;;;;
352.012.003;https://produto.nitron.com.br/Baixa/352_012_003-01.jpg;;;50;Kit Potes Modulares com 3 Peças - Preto 450ml;3-Piece Modular Container Kit - Pink 450ml;Kit de Recipientes Modulares de 3 Piezas - Rosa 450ml;9.3;9.3;23.1;450ML;7896779635252;Potes;;;;;;;;
353.006.001;https://produto.nitron.com.br/Baixa/353_006_001-01.jpg;;Destaque;50;Kit Potes Modulares com 6 Peças - Transparente;6-Piece Modular container Kit - Transparent;Kit de Recipientes Modulares de 6 Piezas - Transparente;21.7;11;28.5;"800ml
1,2L / 2,4L";7896779635313;Potes;O Kit com 6 Potes Modulares Herméticos da Nitron é a escolha ideal para quem busca organização inteligente e visualmente harmoniosa na cozinha ou despensa. Com fechamento hermético na tampa (sem anel de borracha), eles ajudam a conservar alimentos secos por mais tempo, mantendo a crocância e protegendo contra umidade. O conjunto inclui 3 potes médios de 800ml, 2 grandes de 1,2L e 1 extra grande de 2,4L — todos com a mesma base de 11 cm, o que permite empilhamento estável e melhor aproveitamento do espaço. Produzidos em polipropileno resistente e livre de BPA, são transparentes, práticos e perfeitos para armazenar grãos, cereais, farinhas, bolachas, sementes e muito mais. Mais ordem, mais praticidade e mais estilo no seu dia a dia.;;;;;;;
353.006.003;https://produto.nitron.com.br/Baixa/353_006_003-01.jpg;;;50;Kit Potes Modulares com 6 Peças - Preto;;;21.7;11;28.5;"800ml
1,2L / 2,4L";7896779635344;Potes;;;;;;;;
359.012.003;https://produto.nitron.com.br/Baixa/359_012_003-01.jpg;;;48;Pote Arroz Acoplado com Rosca - 2L;Rice jar with Screw - 2L;Recipientes Arrocera Acoplada con Tornillo - 2L;Ø14;Ø14;17.9;2L;7896779623815;Potes;"O Pote Arroz Acoplado com Rosca - 2 Litros da Nitron é ideal para armazenar alimentos secos com segurança e praticidade. Fabricado em plástico BPA Free, é resistente, durável e seguro para o uso diário da sua família.

Seu design moderno, combinado com a tampa rosqueável que garante vedação eficiente, torna o pote perfeito para armazenar arroz ou outros alimentos. Compatível com micro-ondas, freezer e lava-louças (retirar a tampa antes do uso), é a escolha certa para quem busca funcionalidade e estética na organização da cozinha.";;;;;;;
360.012.003;https://produto.nitron.com.br/Baixa/360_012_003-01.jpg;;;48;Pote Feijão Acoplado com Rosca - 2L;Bean jar with Screw - 2L;Recipientes para frijoles roscada - 2L;Ø14;Ø14;17.9;2L;7896779623822;Potes;"O Pote Feijão Acoplado com Rosca - 2 Litros da Nitron é perfeito para conservar alimentos secos, como feijão, com praticidade e segurança. Fabricado em plástico BPA Free, oferece resistência, durabilidade e não transmite toxinas, sendo ideal para uso diário.

Sua tampa rosqueável garante vedação eficiente, ajudando a manter os grãos frescos por mais tempo. Compatível com micro-ondas, freezer e lava-louças (retire a tampa antes do uso), é uma solução moderna e versátil para organização da cozinha com muito mais higiene.";;;;;;;
361.012.003;https://produto.nitron.com.br/Baixa/361_012_003-01.jpg;;;48;Pote Farinha Acoplado com Rosca - 2L;Flour jar with Screw - 2L;Recipientes de harina acoplada con tornillo - 2L;Ø14;Ø14;17.9;2L;7896779638123;Potes;"O Pote Farinha Acoplado com Rosca - 2 Litros da Nitron é a escolha ideal para armazenar farinha e outros ingredientes secos com praticidade e higiene. Produzido em plástico resistente e livre de BPA, oferece segurança para toda a família.

Seu design moderno com tampa rosqueável garante vedação eficiente, preservando a qualidade do conteúdo por mais tempo. Pode ser usado no micro-ondas, freezer e lava-louças (retire a tampa antes do uso), tornando o dia a dia mais prático e organizado.";;;;;;;
362.012.003;https://produto.nitron.com.br/Baixa/362_012_003-01.jpg;;Destaque;48;Pote Açúcar Acoplado com Rosca - 2L;Sugar jar with Screw - 2L;Azucarero acoplado con tornillo - 2L;Ø14;Ø14;17.9;2L;7896779622382;Potes;"O Pote Açúcar Acoplado com Rosca - 2 Litros da Nitron é ideal para conservar e armazenar açúcar com segurança e praticidade. Produzido em plástico resistente, livre de BPA e com tampa rosqueável que garante vedação eficaz, o pote protege contra umidade e contaminações.

Seu design alegre e funcional permite o uso em qualquer ambiente da casa, e sua estrutura é compatível com micro-ondas (sem tampa), freezer e lava-louças. Uma solução moderna para manter a despensa organizada com estilo.";;;;;;;
363.012.003;https://produto.nitron.com.br/Baixa/363_012_003-01.jpg;;Destaque;48;Pote Café Acoplado com Rosca - 2L;Coffee jar with Screw - 2L;Cafetera acoplada con tornillo - 2L;Ø14;Ø14;17.9;2L;7896779632381;Potes;"O Pote Café Acoplado com Tampa - 2 Litros da Nitron foi desenvolvido para armazenar seu café de forma segura, prática e higiênica. Com capacidade de 2 litros, ele acompanha tampa com encaixe seguro que preserva o aroma e a qualidade do conteúdo por mais tempo.

Seu design alegre e versátil se adapta bem a diferentes estilos de cozinha. Compatível com lava-louças, o pote é feito em plástico resistente, livre de BPA e de fácil higienização. Ideal para quem preza por organização e praticidade no dia a dia.";;;;;;;
369.006.001;https://produto.nitron.com.br/Baixa/369_006_001-01.jpg;;;77;Kit Porta Frios com 3 Peças;Cold Cuts Holder Kit with 3 Pieces;Kit de conservación en frío con 3 piezas;20.5;12;12;460ML;7896779636945;Cozinha;0;;;;;;;
3760.012.001;https://produto.nitron.com.br/Baixa/3760_012_001-01.jpg;;Destaque;44;Pote Quadrado com Travas - Transparente 3,7L (037/6);Square container with Locks - Transparent 3.7L;Recipiente Cuadrado con Cerraduras - Transparente 3.7L;25;24;11;3,7L;7896779603763;Potes;0;;;;;;;
3760.012.003;https://produto.nitron.com.br/Baixa/3760_012_003-01.jpg;;;44;Pote Quadrado com Travas - Preto 3,7L;Square container with Locks - Pink 3.7L;Recipiente Cuadrado con Cerraduras - Rosa 3.7L;25;24;11;3,7L;7896779637645;Potes;;;;;;;;
3770.012.001;https://produto.nitron.com.br/Baixa/3770_012_001-01.jpg;;Destaque;44;Pote Quadrado com Travas - Transparente 1,8L (037/7);Square container with Locks - Transparent 1.8L;Recipiente Cuadrado con Cerraduras - Transparente 1.8L;20;19;9;1,8L;7896779677153;Potes;0;;;;;;;
3770.012.003;https://produto.nitron.com.br/Baixa/3770_012_003-01.jpg;;;44;Pote Quadrado com Travas - Preto 1,8L;Square container with Locks - Pink 1.8L;Recipiente Cuadrado con Cerraduras - Rosa 1.8L;20;19;9;1,8L;7896779637744;Potes;;;;;;;;
3780.012.001;https://produto.nitron.com.br/Baixa/3780_012_001-01.jpg;;;44;Pote Quadrado com Travas - Transparente 860ml (037/8);Square container with Locks - Transparent 860ml;Recipiente Cuadrado con Cerraduras - Transparente 860ml;16;14;7;860ml;7896779678143;Potes;0;;;;;;;
3780.012.003;https://produto.nitron.com.br/Baixa/3780_012_003-01.jpg;;;44;Pote Quadrado com Travas - Preto 860 ml;Square container with Locks - Pink 860ml;Recipiente Cuadrado con Cerraduras - Rosa 860ml;16;14;7;860ml;7896779678167;Potes;;;;;;;;
3790.006.862;https://produto.nitron.com.br/Baixa/3790_006_862-01.jpg;;;62;Kit Pote Quadrado Coloratto com 3 Peças - 360ml;Coloratto Square Pot Kit with 3 Pieces - 360ml;Kit de Recipientes Cuadradas Coloratto con 3 Piezas - 360ml;12;11;11.6;360ml;7896779679027;Coloratto;0;;;;;;;
3790.006.P01;https://produto.nitron.com.br/Baixa/3790_006_P01-01.jpg;;Destaque;65;Kit POP 6 Potes Quadrados - Transparente 360ml;POP Kit with 6 Square Containers – Transparent 360ml;Kit POP con 6 Recipientes Cuadrados – Transparente 360ml;24;11;17.4;360ml;7896779679041;POP;;;;;;;;
3790.012.001;https://produto.nitron.com.br/Baixa/3790_012_001-01.jpg;;;44;Pote Quadrado com Travas - Transparente 360ml (037/9);Square container with Locks - Transparent 360ml;Recipiente Cuadrado con Cerraduras - Transparente 360ml;12;11;5.8;360ml;7896779679140;Potes;0;;;;;;;
3790.012.003;https://produto.nitron.com.br/Baixa/3790_012_003-01.jpg;;;44;Pote Quadrado com Travas - Preto 360ml;Square container with Locks - Pink 360ml;Recipiente Cuadrado con Cerraduras - Rosa 360ml;12;11;5.8;360ml;7896779637973;Potes;;;;;;;;
380.024.001;https://produto.nitron.com.br/Baixa/380_024_001-01.jpg;;;11;Organizador Mini Modular - Transparente 150ml;Mini Modular Organizer – Transparent 150 ml;Organizador Mini Modular – Transparente 150 ml;7.3;7;4.1;150ml;7896779680191;Organização;;;;;;;;
380.024.002;https://produto.nitron.com.br/Baixa/380_024_002-01.jpg;;;11;Organizador Mini Modular - Branco 150ml;Mini Modular Organizer – White 150 ml;Organizador Mini Modular – Blanco 150 ml;7.3;7;4.1;150ml;7896779638062;Organização;;;;;;;;
380.024.003;https://produto.nitron.com.br/Baixa/380_024_003-01.jpg;;;11;Organizador Mini Modular - Preto 150ml;Mini Modular Organizer – Black 150 ml;Organizador Mini Modular – Negro 150 ml;7.3;7;4.1;150ml;7896779638055;Organização;;;;;;;;
381.012.001;https://produto.nitron.com.br/Baixa/381_012_001-01.jpg;;;11;Organizador Longo Modular - Transparente 850ml;Long Modular Organizer - Transparent 850ml;Organizador Largo Modular - Transparente 850ml;30;7.2;5.3;850ML;7896779681181;Organização;O Organizador Longo Modular - Transparente 850ml é a solução perfeita para quem busca flexibilidade e praticidade na organização. Seu design permite ajustá-lo conforme suas necessidades e o espaço disponível, garantindo um ambiente mais organizado e funcional. Apresenta uma cor que combina com diferentes estilos de decoração, garantindo harmonia e sofisticação ao ambiente. Além disso, é BPA FREE, proporcionando maior segurança e qualidade, sem a presença de substâncias prejudiciais.;;;;;;;
381.012.002;https://produto.nitron.com.br/Baixa/381_012_002-01.jpg;;;11;Organizador Longo Modular - Branco 850ml;Long Modular Organizer - White 850ml;Organizador Largo Modular - Blanco 850ml;30;7.2;5.3;850ML;7896779638130;Organização;O Organizador Longo Modular - Branco 850ml é a solução perfeita para quem busca flexibilidade e praticidade na organização. Seu design permite ajustá-lo conforme suas necessidades e o espaço disponível, garantindo um ambiente mais organizado e funcional. Apresenta uma cor que combina com diferentes estilos de decoração, garantindo harmonia e sofisticação ao ambiente. Além disso, é BPA FREE, proporcionando maior segurança e qualidade, sem a presença de substâncias prejudiciais.;;;;;;;
381.012.003;https://produto.nitron.com.br/Baixa/381_012_003-01.jpg;;;11;Organizador Longo Modular - Preto 850ml;Long Modular Organizer - Black 850ml;Organizador Largo Modular - Negro 850ml;30;7.2;5.3;850ML;7896779638161;Organização;O Organizador Longo Modular - Preto 850ml é a solução perfeita para quem busca flexibilidade e praticidade na organização. Seu design permite ajustá-lo conforme suas necessidades e o espaço disponível, garantindo um ambiente mais organizado e funcional. Apresenta uma cor que combina com diferentes estilos de decoração, garantindo harmonia e sofisticação ao ambiente. Além disso, é BPA FREE, proporcionando maior segurança e qualidade, sem a presença de substâncias prejudiciais.;;;;;;;
382.012.001;https://produto.nitron.com.br/Baixa/382_012_001-01.jpg;;;11;Organizador Quadrado Modular - Transparente 900ml;Square Modular Organizer - Transparent 900ml;Organizador Cuadrado Modular - Transparente 900ml;14.7;14.7;5.3;900ML;7896779682218;Organização;Mantenha sua casa organizada com o Organizador Quadrado Modular Transparente 900ml. Seu design modular permite empilhamento eficiente, otimizando espaços em armários, gavetas e prateleiras. Além disso, é BPA Free, ou seja, livre de substâncias tóxicas, tornando-o seguro para armazenar alimentos e proteger sua saúde. Com ele, você transforma qualquer ambiente, deixando tudo mais organizado, prático e acessível!;;;;;;;
382.012.002;https://produto.nitron.com.br/Baixa/382_012_002-01.jpg;;;11;Organizador Quadrado Modular - Branco 900ml;Modular Square Organizer - White 900ml;Organizador Cuadrado Modular - Blanco 900ml;14.7;14.7;5.3;900ML;7896779638222;Organização;Mantenha sua casa organizada com o Organizador Quadrado Modular Branco 900ml. Seu design modular permite empilhamento eficiente, otimizando espaços em armários, gavetas e prateleiras. Além disso, é BPA Free, ou seja, livre de substâncias tóxicas, tornando-o seguro para armazenar alimentos e proteger sua saúde. Com ele, você transforma qualquer ambiente, deixando tudo mais organizado, prático e acessível!;;;;;;;
382.012.003;https://produto.nitron.com.br/Baixa/382_012_003-01.jpg;;;11;Organizador Quadrado Modular - Preto 900ml;Modular Square Organizer - Black 900ml;Organizador Cuadrado Modular - Negro 900ml;14.7;14.7;5.3;900ML;7896779638239;Organização;Mantenha sua casa organizada com o Organizador Quadrado Modular Preto 900ml. Seu design modular permite empilhamento eficiente, otimizando espaços em armários, gavetas e prateleiras. Além disso, é BPA Free, ou seja, livre de substâncias tóxicas, tornando-o seguro para armazenar alimentos e proteger sua saúde. Com ele, você transforma qualquer ambiente, deixando tudo mais organizado, prático e acessível!;;;;;;;
3820.016.644;https://produto.nitron.com.br/Baixa/3820_016_644-01.jpg;;Destaque;53;Kit Pote Café e Açúcar (038/2);Coffee and Sugar Jar Kit;Kit Cafetera y Azucarera;Ø15,6;Ø15,6;12.7;1,6L;7896779603824;Potes;"O Pote de Plástico Nitron - 1,6L, ideal para café e açúcar, é a solução perfeita para quem busca praticidade e organização no dia a dia. Fabricado em polipropileno, material resistente e durável, oferece segurança e conveniência na armazenagem de seus alimentos. Livre de BPA, garante a proteção de sua saúde e a qualidade dos seus produtos.

Com um design alegre e versátil, o pote se adapta facilmente a diferentes estilos de decoração e se torna indispensável na sua rotina. Com capacidade de 1,6L e dimensões compactas, é ideal para armazenar café e açúcar, mantendo-os frescos por mais tempo.";;;;;;;
383.012.001;https://produto.nitron.com.br/Baixa/383_012_001-01.jpg;;;11;Organizador Retangular Modular - Transparente 1,450L;Modular Rectangular Organizer - Transparent 1.450L;Organizador Modular Modular - Transparente 1.450L;22.5;15;5.3;1,450ML;7896779683321;Organização;O Organizador Retangular Modular - Transparente 1,450L é a solução ideal para quem busca eficiência e elegância ao organizar seus espaços. Em primeiro lugar, seu material BPA Free garante segurança e saúde, tornando-o adequado para todas as finalidades. Além disso, a cor preta adiciona um toque de sofisticação ao ambiente, combinando perfeitamente com diferentes estilos de decoração. Igualmente importante, seu formato retangular aproveita o espaço ao máximo, sendo ideal para colocação em gavetas, prateleiras e áreas alongadas. Por fim, seu tamanho único é projetado para atender várias necessidades, oferecendo praticidade e uma organização impecável em qualquer espaço.;;;;;;;
383.012.002;https://produto.nitron.com.br/Baixa/383_012_002-01.jpg;;;11;Organizador Retangular Modular - Branco 1,450L;Modular Rectangular Organizer - White 1.450L;Organizador Modular Modular - Blanco 1.450L;22.5;15;5.3;1,450ML;7896779638314;Organização;O Organizador Retangular Modular - Branco 1,450L é a solução ideal para quem busca eficiência e elegância ao organizar seus espaços. Em primeiro lugar, seu material BPA Free garante segurança e saúde, tornando-o adequado para todas as finalidades. Além disso, a cor preta adiciona um toque de sofisticação ao ambiente, combinando perfeitamente com diferentes estilos de decoração. Igualmente importante, seu formato retangular aproveita o espaço ao máximo, sendo ideal para colocação em gavetas, prateleiras e áreas alongadas. Por fim, seu tamanho único é projetado para atender várias necessidades, oferecendo praticidade e uma organização impecável em qualquer espaço.;;;;;;;
383.012.003;https://produto.nitron.com.br/Baixa/383_012_003-01.jpg;;;11;Organizador Retangular Modular - Preto 1,450L;Modular Rectangular Organizer - Black 1.450L;Organizador Modular Modular - Negro 1.450L;22.5;15;5.3;1,450ML;7896779638321;Organização;O Organizador Retangular Modular - Preto 1,450L é a solução ideal para quem busca eficiência e elegância ao organizar seus espaços. Em primeiro lugar, seu material BPA Free garante segurança e saúde, tornando-o adequado para todas as finalidades. Além disso, a cor preta adiciona um toque de sofisticação ao ambiente, combinando perfeitamente com diferentes estilos de decoração. Igualmente importante, seu formato retangular aproveita o espaço ao máximo, sendo ideal para colocação em gavetas, prateleiras e áreas alongadas. Por fim, seu tamanho único é projetado para atender várias necessidades, oferecendo praticidade e uma organização impecável em qualquer espaço.;;;;;;;
384.012.001;https://produto.nitron.com.br/Baixa/384_012_001-01.jpg;;;11;Organizador Pequeno Modular - Transparente 400ml;Small Modular Organizer - Transparent 400ml;Organizador Modular Pequeño - Transparente 400ml;15;6.8;5.3;400ML;7896779684427;Organização;O Organizador Pequeno Modular - Transparente 400ml é a escolha ideal para quem busca flexibilidade e versatilidade na organização diária. Antes de mais nada, seu design modular permite que você o ajuste facilmente conforme o espaço disponível, atendendo às suas necessidades específicas. Além disso, sua versatilidade de uso faz dele a solução perfeita para diversos ambientes, desde o escritório até a cozinha. Graças à sua capacidade de 400ml, você pode acomodar diferentes tipos de objetos sem esforço, tornando-o ideal para várias situações e finalidades. Portanto, aproveite a praticidade e a eficiência que este organizador único oferece à sua rotina.;;;;;;;
384.012.002;https://produto.nitron.com.br/Baixa/384_012_002-01.jpg;;;11;Organizador Pequeno Modular - Branco 400ml;Small Modular Organizer - White 400ml;Organizador Modular Pequeño - Blanco 400ml;15;6.8;5.3;400ML;7896779638420;Organização;O Organizador Pequeno Modular - Branco 400ml é a escolha ideal para quem busca flexibilidade e versatilidade na organização diária. Antes de mais nada, seu design modular permite que você o ajuste facilmente conforme o espaço disponível, atendendo às suas necessidades específicas. Além disso, sua versatilidade de uso faz dele a solução perfeita para diversos ambientes, desde o escritório até a cozinha. Graças à sua capacidade de 400ml, você pode acomodar diferentes tipos de objetos sem esforço, tornando-o ideal para várias situações e finalidades. Portanto, aproveite a praticidade e a eficiência que este organizador único oferece à sua rotina.;;;;;;;
384.012.003;https://produto.nitron.com.br/Baixa/384_012_003-01.jpg;;;11;Organizador Pequeno Modular - Preto 400ml;Small Modular Organizer - Black 400ml;Organizador Modular Pequeño - Negro 400ml;15;6.8;5.3;400ML;7896779638437;Organização;O Organizador Pequeno Modular - Preto 400ml é a escolha ideal para quem busca flexibilidade e versatilidade na organização diária. Antes de mais nada, seu design modular permite que você o ajuste facilmente conforme o espaço disponível, atendendo às suas necessidades específicas. Além disso, sua versatilidade de uso faz dele a solução perfeita para diversos ambientes, desde o escritório até a cozinha. Graças à sua capacidade de 400ml, você pode acomodar diferentes tipos de objetos sem esforço, tornando-o ideal para várias situações e finalidades. Portanto, aproveite a praticidade e a eficiência que este organizador único oferece à sua rotina.;;;;;;;
3840.016.002;https://produto.nitron.com.br/Baixa/3840_016_002-01.jpg;;;53;Kit Mantimentos com 3 Peças - Branco;3-Piece Grocery Kit - White;Kit de Comestibles con 3 Piezas - Blanco;Ø18,3;Ø18,3;15.5;785ML/1,6L/2,9L;7896779684212;Potes;0;;;;;;;
3840.016.003;https://produto.nitron.com.br/Baixa/3840_016_003-01.jpg;;;53;Kit Mantimentos com 3 Peças - Preto (038/4);3-Piece Grocery Kit - Black;Kit de Comestibles con 3 Piezas - Negro;Ø18,3;Ø18,3;15.5;785ML/1,6L/2,9L;7896779603848;Potes;0;;;;;;;
385.006.M00;https://produto.nitron.com.br/Baixa/385_006_M00-01.jpg;;;33;Tábua de Corte Teca - M;Teak Cutting Board - M;Tabla de cortar de teca - M;33;23;1.8;;7896779638512;Teca;"A Tábua de Madeira Teca Nitron é a escolha perfeita para quem valoriza qualidade, design sofisticado e sustentabilidade. Com 23x33cm de dimensões, ela se adapta facilmente à sua cozinha, oferecendo elegância e resistência para diversos usos.

Feita com madeira de reflorestamento, esta tábua combina funcionalidade e respeito ao meio ambiente. Cada peça é única, evidenciando o design exclusivo da Nitron. A madeira Teca, conhecida por sua durabilidade e resistência, garante que sua tábua tenha uma longa vida útil e se mantenha elegante por muito tempo.

Ideal para preparar, servir ou decorar, a Tábua de Madeira Teca Nitron é mais do que uma peça de cozinha — é um item de estilo que agrega valor ao seu espaço.";;;;;;;
387.006.M00;https://produto.nitron.com.br/Baixa/387_006_M00-01.jpg;;Destaque;33;Tábua de Corte Teca - G;Teak Cutting Board - G;Tabla de cortar de teca - G;40;26.5;1.8;;7896779638710;Teca;0;;;;;;;
390.012.M00;https://produto.nitron.com.br/Baixa/390_012_M00-01.jpg;;Lançamento;34;Tábua com Cabo Teca - P;Teak Board with Handle - P;Tablero con Mango de Teca - P;25;15;1.2;;7896779639021;Teca;0;;;;;;;
391.006.M00;https://produto.nitron.com.br/Baixa/391_006_M00-01.jpg;;Lançamento;34;Tábua com Cabo Teca - M;Teak Board with Handle - M;Tablero con Mango de Teca - M;31;18;1.2;;7896779639137;Teca;0;;;;;;;
392.006.M00;https://produto.nitron.com.br/Baixa/392_006_M00-01.jpg;;Lançamento;34;Tábua com Cabo Teca - G;Teak Board with Handle - G;Tablero con Mango de Teca - G;39.5;21;1.2;;7896779639212;Teca;0;;;;;;;
396.006.002;https://produto.nitron.com.br/Baixa/396_006_002-01.jpg;;;99;Lixeira Flat com Pedal - Branca 7L;Flat Pedal Trash Can - White 7L;Papelera Plana con Pedal - Blanco 7L;25.6;17.2;26.8;7L;7896779639618;Lixeiras;"O Lixeiro Pedal de Plástico 7 Litros é a escolha ideal para quem busca praticidade, higiene e um design moderno para sua cozinha ou escritório. Com 7 litros de capacidade, ele oferece espaço suficiente para o descarte diário de resíduos, sem ocupar muito espaço. Seu acionamento por pedal permite que você descarte os resíduos sem o toque das mãos, garantindo mais praticidade e higiene no seu dia a dia.

Fabricado em plástico de alta qualidade, este lixeiro é leve, resistente e projetado para uso frequente, oferecendo uma vida útil prolongada. O design moderno e versátil, com acabamento liso e formato retangular, permite que ele se integre harmoniosamente a diferentes estilos de decoração, desde os ambientes mais modernos até os mais minimalistas.

Além disso, a tampa do lixeiro impede a dispersão de cheiros desagradáveis, mantendo sua casa ou escritório sempre com um ambiente mais agradável. A proteção contra insetos e acidentes relacionados ao manuseio de resíduos faz deste lixeiro uma escolha prática e segura para o seu cotidiano.";;;;;;;
396.006.003;https://produto.nitron.com.br/Baixa/396_006_003-01.jpg;;Destaque;99;Lixeira Flat com Pedal - Preta 7L;Flat Pedal Trash Can - Black 7L;Papelera Plana con Pedal - Negro 7L;25.6;17.2;26.8;7L;7896779639625;Lixeiras;"A Lixeira Essencial Slim 6L da Nitron é a solução perfeita para quem busca higiene, praticidade e design discreto em cozinhas, escritórios ou pequenos espaços. Com capacidade de 6 litros, seu acionamento por pedal permite o descarte dos resíduos sem contato manual, evitando a proliferação de germes e mantendo a limpeza no dia a dia.

Fabricada em plástico de alta qualidade, combina leveza e resistência, ideal para ambientes com fluxo constante de resíduos. Seu formato retangular e acabamento liso harmonizam com decorações modernas e minimalistas, integrando-se com discrição ao ambiente.

A tampa eficiente evita a disseminação de odores desagradáveis e protege contra insetos e acidentes com resíduos orgânicos. Além disso, o produto conta com garantia de 3 meses contra defeitos de fábrica, assegurando qualidade e confiança na compra.";;;;;;;
396.006.086;https://produto.nitron.com.br/Baixa/396_006_086-01.jpg;;;99;Lixeira Flat com Pedal - Chumbo 7L;Flat Pedal Trash Can - Lead 7L;Papelera Plana con Pedal - Plomo 7L;25.6;17.2;26.8;7L;7896779696215;Lixeiras;"A Lixeira Nitron Fecha Fácil 7L com Pedal é a escolha ideal para quem busca praticidade, higiene e um visual moderno no ambiente. Com capacidade de 7 litros, é perfeita para cozinhas, escritórios, banheiros ou áreas de serviço, oferecendo funcionalidade e discrição no dia a dia.

Seu sistema de acionamento por pedal permite o descarte dos resíduos sem contato manual, promovendo mais higiene e segurança durante o uso. A tampa bem vedada ajuda a controlar odores e impede o acesso de insetos, mantendo o ambiente mais limpo e agradável.

Fabricada em plástico resistente e de alta qualidade, essa lixeira suporta o uso constante sem comprometer sua durabilidade. Seu design retangular e acabamento liso facilita a limpeza e combina facilmente com ambientes de estilo moderno ou minimalista.

Com a Nitron, você garante mais praticidade, durabilidade e estética na organização do seu espaço.";;;;;;;
397.004.002;https://produto.nitron.com.br/Baixa/397_004_002-01.jpg;;;99;Lixeira Flat com Pedal - Branca 14L;Flat Pedal Trash Can - White 14L;Papelera Plana con Pedal - Blanco 14L;26;25.6;32;14L;7896779639755;Lixeiras;"A Lixeira Nitron Fecha Fácil 14L com Pedal é a combinação perfeita de praticidade, higiene e design inteligente para o seu ambiente. Com capacidade de 14 litros, ela é ideal para cozinhas, escritórios, áreas de serviço e banheiros maiores, oferecendo funcionalidade sem abrir mão da estética.

Seu sistema de abertura por pedal proporciona um descarte de resíduos mais higiênico, sem necessidade de contato direto com a tampa. Isso evita a contaminação cruzada e contribui para um ambiente mais limpo e seguro.

Fabricada em plástico de alta qualidade, a lixeira é resistente ao uso diário, além de ser leve, facilitando o transporte e o reposicionamento conforme a necessidade. Seu formato retangular e acabamento liso harmonizam com decorações modernas ou minimalistas, enquanto a tampa bem vedada controla odores e impede a entrada de insetos.

Ideal para quem valoriza soluções funcionais, duráveis e discretas para o dia a dia.";;;;;;;
397.004.003;https://produto.nitron.com.br/Baixa/397_004_003-01.jpg;;;99;Lixeira Flat com Pedal - Preta 14L;Flat Pedal Trash Can - Black 14L;Papelera Plana con Pedal - Negro 14L;26;25.6;32;14L;7896779639724;Lixeiras;"A Lixeira com Pedal 14 Litros Preta da Nitron é a solução perfeita para quem busca funcionalidade, higiene e design sofisticado em um único produto. Seu formato quadrado e acabamento preto trazem um visual moderno, ideal para ambientes que valorizam o estilo e a organização.

Com capacidade de 14L, ela se encaixa perfeitamente em cozinhas, banheiros, escritórios ou áreas de serviço. O mecanismo de pedal permite a abertura sem uso das mãos, promovendo mais praticidade e higiene durante o descarte de resíduos. Além disso, sua estrutura é robusta e durável, pensada para o uso diário com conforto e segurança.";;;;;;;
397.004.086;https://produto.nitron.com.br/Baixa/397_004_086-01.jpg;;;99;Lixeira Flat com Pedal - Chumbo 14L;Flat Pedal Trash Can - Lead 14L;Papelera Plana con Pedal - Plomo 14L;26;25.6;32;14L;7896779697212;Lixeiras;"A Lixeira Retangular com Pedal 14 Litros da Nitron é a escolha ideal para quem busca praticidade, higiene e design moderno. Com acionamento por pedal, permite o descarte de resíduos sem contato com a tampa, promovendo mais higiene no dia a dia.

Com capacidade de 14 litros, é leve, resistente e fácil de transportar. Seu formato retangular otimiza espaços e o acabamento discreto se adapta a cozinhas, banheiros e escritórios. A tampa ajuda a conter odores e manter o ambiente protegido contra insetos.";;;;;;;
398.004.002;https://produto.nitron.com.br/Baixa/398_004_002-01.jpg;;;99;Lixeira Flat com Clique - Branca 12L;Flat Click Trash Can - White 12L;Papelera Plana con Click - Blanco 12L;30.4;18.5;31.5;12L;7896779639816;Lixeiras;"A Lixeira Retangular 12 Litros com Tampa de Clique da Nitron foi desenvolvida para oferecer praticidade, higiene e eficiência no descarte de resíduos. Com sistema de abertura por clique, facilita o uso diário, especialmente em cozinhas e escritórios com maior fluxo de lixo.

Seu design retangular e acabamento liso se encaixam facilmente em ambientes modernos e minimalistas. Fabricada em plástico de alta qualidade, é leve, resistente e fácil de transportar. A tampa evita a dispersão de odores e contribui para manter o ambiente limpo e protegido.";;;;;;;
398.004.003;https://produto.nitron.com.br/Baixa/398_004_003-01.jpg;;;99;Lixeira Flat com Clique - Preta 12L;Flat Click Trash Can - Black 12L;Papelera Plana con Click - Negro 12L;30.4;18.5;31.5;12L;7896779639823;Lixeiras;"A Lixeira com Clique Alongada de 12 Litros – Preta, da Nitron, une praticidade, higiene e estilo em um só produto. Seu design quadrado e sofisticado se adapta facilmente a diferentes ambientes, como banheiros, cozinhas, escritórios e espaços corporativos.

Com mecanismo de pedal resistente, permite a abertura sem o uso das mãos, promovendo mais higiene e facilitando o descarte diário de resíduos. A estrutura robusta e o acabamento elegante garantem durabilidade, enquanto a variedade de cores permite combinar perfeitamente com a decoração do ambiente.";;;;;;;
398.004.086;https://produto.nitron.com.br/Baixa/398_004_086-01.jpg;;;99;Lixeira Flat com Clique - Chumbo 12L;Flat Click Trash Can - Lead 12L;Papelera Plana con Click - Plomo 12L;30.4;18.5;31.5;12L;7896779698219;Lixeiras;"A Lixeira 12 Litros com Tampa de Clique da Nitron combina design moderno com funcionalidade para o dia a dia. Seu formato retangular e acionamento por clique proporcionam praticidade no descarte de resíduos, ideal para ambientes como cozinhas e escritórios com alto fluxo.

Fabricada em plástico de alta qualidade, é leve, durável e fácil de transportar. A tampa com fechamento hermético evita odores desagradáveis, mantendo o ambiente sempre limpo e livre de insetos. Seu acabamento liso e discreto combina perfeitamente com decorações minimalistas ou modernas.";;;;;;;
399.012.007;https://produto.nitron.com.br/Baixa/399_012_007-01.jpg;;;67;Porta Leite em Pó - Rosa 280ML;Milk Powder Holder - Pink 280ML;Porta Leche en Polvo - Rosa 280ML;Ø9;Ø9;8.2;280ML;7896779639922;Infantil;0;;;;;;;
399.012.008;https://produto.nitron.com.br/Baixa/399_012_008-01.jpg;;;67;Porta Leite em Pó - Azul 280ML;Milk Powder Holder - Blue 280ML;Porta Leche en Polvo - Azul 280ML;Ø9;Ø9;8.2;280ML;7896779639939;Infantil;0;;;;;;;
400.024.002;https://produto.nitron.com.br/Baixa/400_024_002-01.jpg;;;93;Abridor de Tampas Apertadas - Branco;Tight Lid Opener - White;Abridor de tapa ajustado - Blanco;14;5;3;;7896779640010;Decor-Chef;"O Abridor de Potes a Vácuo da Nitron foi desenvolvido para trazer praticidade e eliminar o esforço ao abrir potes de conserva, palmito, azeitonas e similares. Seu sistema remove o vácuo da tampa sem danificá-la, permitindo que ela seja desrosqueada com facilidade e segurança. Ideal para uso doméstico, é um item indispensável na cozinha para quem busca praticidade e autonomia.

Com design ergonômico e compacto, o abridor está disponível nas cores branco e rosa, combinando com diferentes estilos de cozinha. Fabricado em plástico resistente, é leve e fácil de manusear.";;;;;;;
4010.012.003;https://produto.nitron.com.br/Baixa/4010_012_003-01.jpg;;;81;Açucareiro com Tampa - Preto 836 ml (0401.012.003);Sugar Bowl with Lid - Black 836 ml;Azucarero con Tapa - Negro 836 ml;12.9;7.9;15.7;836 ML;7896779640102;Cozinha;"O Açucareiro com Tampa Dosadora da Nitron é o item ideal para quem busca praticidade, organização e um toque moderno na cozinha. Com design arrojado e corpo transparente, ele permite visualizar facilmente o conteúdo, enquanto a tampa dosadora facilita o uso controlado do açúcar sem desperdícios.

Seu material em polipropileno resistente garante durabilidade e leveza, além de uma superfície lisa que facilita a limpeza. Com capacidade de 836 ml, é perfeito para armazenar açúcar e outros ingredientes secos como adoçante, temperos ou cereais.";;;;;;;
403.024.002;https://produto.nitron.com.br/Baixa/403_024_002-01.jpg;;;95;Kit Biscoito Facil - Branco;Easy Cookie Kit - White;Kit de galletas fácil - Blanco;Ø6;Ø6;16.5;240 ML;7896779640324;Decor-Confeitaria;"Transforme sua cozinha em uma confeitaria criativa com o Kit Biscoito Fácil - Branco da Nitron! Compacto e prático, ele acompanha 9 rodinhas moldadoras para biscoitos em diversos formatos, ideal para criar delícias com estilo e sem complicação.

Fabricado com plásticos seguros para alimentos (PSAI e PP), o kit inclui sugestões de receitas, instruções de uso e vídeo tutorial exclusivo com o passo a passo completo — da massa à decoração. Perfeito para quem ama cozinhar ou quer começar com o pé direito na confeitaria caseira.";;;;;;;
4030.012.003;https://produto.nitron.com.br/Baixa/4030_012_003-01.jpg;;Destaque;81;Porta Farofa com Tampa - Preto 836 ml (0403.012.003);Farofa Holder with Lid - Black 836 ml;Soporte para Farofa con Tapa - Negro 836 ml;12.9;7.9;15.7;836 ML;7896779640119;Cozinha;"O Pote Farofa com Dosador 836ml da Nitron é a escolha ideal para quem busca praticidade, organização e elegância na cozinha. Com design arrojado e tampa com dosador integrado, ele oferece uma experiência de uso controlada, higiênica e prática.

Seu corpo transparente permite visualizar facilmente o conteúdo, enquanto a tampa preta dá um toque sofisticado à estética da cozinha. Com tamanho compacto e capacidade de 836ml, é perfeito para armazenar farofas, temperos ou outros alimentos secos no dia a dia.";;;;;;;
4040.012.003;https://produto.nitron.com.br/Baixa/4040_012_003-01.jpg;;;81;Saleiro com Tampa - Preto 836 ml (0404.012.003);Salt Shaker with Lid - Black 836 ml;Salero con Tapa - Negro 836 ml;12.9;7.9;15.7;836 ML;7896779640140;Cozinha;"O Saleiro 836ml da Nitron une design moderno, funcionalidade e praticidade para facilitar o dia a dia na cozinha. Sua tampa com dosador integrado permite controlar a saída do sal ou de temperos secos com mais precisão, evitando desperdícios.

Fabricado em plástico polipropileno resistente e livre de BPA, possui corpo transparente que permite visualizar o conteúdo e tampa preta que garante um toque sofisticado à peça. É ideal para quem busca um produto compacto, higiênico e versátil.";;;;;;;
408.012.002;https://produto.nitron.com.br/Baixa/408_012_002-01.jpg;;Destaque;94;Kit Churros Fácil - Branco;Easy Churros Kit - White;Kit Churros Fáciles - Blanco;Ø16,5;Ø16,5;23.5;;7896779640836;Decor-Confeitaria;"O Kit Churros Fácil Branco da Nitron é a solução prática para quem deseja preparar churros caseiros com rapidez e resultado profissional.
Com design funcional e dimensões compactas (18 cm x 5 cm), o produto acompanha bicos para moldar, rechear e polvilhar, facilitando cada etapa do preparo.
Ideal para uso doméstico ou pequenos negócios, o kit proporciona uniformidade na massa, versatilidade no recheio e é simples de limpar e armazenar, tornando-se o aliado perfeito para quem ama churros.";;;;;;;
419.024.002;https://produto.nitron.com.br/Baixa/419_024_002-01.jpg;;;93;Cortador de Batatas - Branco;Potato Cutter - White;Cortador de patatas - Blanco;17.6;11;3.5;;7896779641918;Decor-Chef;"O Cortador de Batatas Nitron – Branco foi desenvolvido para oferecer praticidade e agilidade no preparo de receitas. Com estrutura em plástico resistente e lâminas de aço inoxidável, ele garante cortes rápidos, precisos e uniformes, sem esforço.
Ideal para batatas em formato de palito, também pode ser utilizado com outros legumes, tornando o dia a dia na cozinha mais funcional. Seu design leve e compacto facilita o armazenamento e o transporte, enquanto o uso de inox evita oxidação e garante fácil limpeza.
Excelente opção tanto para uso doméstico quanto profissional.";;;;;;;
421.024.002;https://produto.nitron.com.br/Baixa/421_024_002-01.jpg;;;93;Cortador e Ralador de Legumes - Branco;Vegetable Cutter and Grater - White;Cortador y Rallador de Verduras - Blanco;22;8;2.3;;7896779642120;Decor-Chef;"O Cortador de Legumes Dupla Face Nitron – Branco é a solução prática e segura para quem busca agilidade no preparo de refeições. Com design moderno e material resistente livre de BPA, ele oferece duas opções de corte: ideal para fatias finas, legumes ralados ou fatiados.
Compacto, elegante e funcional, é perfeito tanto para o uso doméstico quanto profissional. Fácil de manusear e limpar, ele se adapta à rotina da sua cozinha com eficiência e estilo.";;;;;;;
422.024.002;https://produto.nitron.com.br/Baixa/422_024_002-01.jpg;;;95;Kit Decorador de Bolo com 7 Peças - Branco;Cake Decorating Kit with 7 Pieces - White;Kit de decoración de pasteles con 7 piezas - Blanco;Ø5;Ø5;20;;7896779642229;Decor-Confeitaria;"O Kit Bisnaga Decoradora Nitron é ideal para quem busca praticidade e criatividade na cozinha. Com 7 bicos decoradores e uma bisnaga com êmbolo tipo seringa, ele permite decorar bolos, sobremesas, sanduíches e até canapés com precisão e agilidade.
Fabricado em polipropileno (PP), é resistente, seguro para uso alimentar e fácil de limpar. Seu design ergonômico garante conforto durante o uso e a variedade de bicos abre um leque de possibilidades para quem ama confeitar ou surpreender nas receitas do dia a dia.";;;;;;;
423.024.002;https://produto.nitron.com.br/Baixa/423_024_002-01.jpg;;;95;Conjunto Bico Russo Confeiteiro com 5 Peças - Branco;Set Russian Piping Nozzle with 5 Pieces - White;Cj. Boquilla Pastelera Rusa con 5 Piezas - Blanco;Ø3,2;Ø3,2;3;;7896779642311;Decor-Confeitaria;"""Descrição Geral
Nome do produto: Bico Russo para Confeitar (Branco Nitron)
Conteúdo: Kit com 5 bicos decorativos, 1 saco reutilizável (manga de PVC) e 1 anel de encaixe.
Funcionalidade
Desenvolvido para facilitar a decoração de bolos, cupcakes, doces e outros.
Permite moldar flores inteiras de uma só vez, diferentemente dos bicos tradicionais que exigem moldagem pétala por pétala.
Modelos de Bicos
Bico 1 : Tulipa
Bico 2 : Botão de Rosa
Bico 3 : Rosa Aberta
Bico 4 : Roseta
Bico 5 : Campestre
Identificação dos Bicos
Cada bico possui numeração interna correspondente à embalagem, facilitando o reconhecimento do modelo.
Acessórios Inclusos
Saco Reutilizável (Manga) :
Material: PVC
Tamanho: 35 cm x 22 cm
Anel de Encaixe :
Material: Plástico
Dimensões dos Bicos
Diâmetro aproximado: 2,5 cm
Altura aproximada: 3 cm
Materiais Utilizados
Bicos e Anel de Encaixe: Plástico
Saco Confeiteiro: PVC
Recursos Adicionais
Embalagem contém sugestão de receita de glacê e instruções de uso.
Ideal para quem busca acabamento profissional em suas criações.
Atributos Pertinentes ao Produto
Praticidade : Facilita a decoração com flores inteiras sem necessidade de montagem peça por peça.
Durabilidade : O saco é reutilizável, proporcionando economia e sustentabilidade.
Versatilidade : Adequado para diferentes tipos de confeitaria, desde iniciantes até profissionais.
Qualidade : Produzido com materiais resistentes e design específico para acabamento impecável.
Estética : Permite criar flores realistas e sofisticadas, adicionando valor visual às produções.
Esse conjunto de características torna o Bico Russo para Confeitar um produto indispensável para quem deseja elevar o nível de suas criações culinárias com praticidade e criatividade.""";;;;;;;
427.024.002;https://produto.nitron.com.br/Baixa/427_024_002-01.jpg;;;83;Escorredor quadrado - Branco;Square Strainer - White;Escurridor cuadrado- Blanco;25.5;24.2;11;;7896779642731;Cozinha;0;;;;;;;
427.024.003;https://produto.nitron.com.br/Baixa/427_024_003-01.jpg;;;83;Escorredor quadrado - Preto;Square Strainer - Black;Escurridor cuadrado- Negro;25.5;24.2;11;;7896779642762;Cozinha;0;;;;;;;
429.024.002;https://produto.nitron.com.br/Baixa/429_024_002-01.jpg;;;83;Escorredor Meia Lua - Branco;Half Moon Drainer - White;Escurridor Media Luna - Blanco;33.6;12;1.1;;7896779642915;Cozinha;0;;;;;;;
429.024.003;https://produto.nitron.com.br/Baixa/429_024_003-01.jpg;;;83;Escorredor Meia Lua - Preto;Half Moon Colander - Black;Escurridor Media Luna - Negro;33.6;12;1.1;;7896779642922;Cozinha;0;;;;;;;
434.024.002;https://produto.nitron.com.br/Baixa/434_024_002-01.jpg;;;94;kit Donuts - Branco;Donut Maker - White;Hace Donuts - Blanco;Ø8;Ø8;6;;7896779643424;Decor-Confeitaria;O Kit Modelador de Donuts da Nitron é a solução perfeita para quem busca donuts padronizados, bonitos e com acabamento profissional. O cortador garante o formato ideal com furo central, enquanto a pinça facilita a imersão na cobertura com mais higiene e precisão. Prático, leve e fácil de limpar, o kit é ideal tanto para uso doméstico quanto para confeitarias e pequenos negócios.;;;;;;;
435.012.002;https://produto.nitron.com.br/Baixa/435_012_002-01.jpg;;Destaque;93;Hamburgueira - Branca;Hamburger Maker - White;Hamburguesa - Blanca;Ø10;Ø10;11;;7896779643523;Decor-Chef;A Hamburgueira Nitron é o utensílio perfeito para quem busca modelar hambúrgueres com rapidez, precisão e padronização. Com capacidade ideal para porções de 170g, ela proporciona formato uniforme e acabamento profissional, seja para carnes bovinas, frango, porco ou hambúrgueres vegetais. Produzida em polipropileno resistente (PP) com componentes em aço zincado, é leve, durável e fácil de limpar — ideal para uso doméstico ou em pequenas produções artesanais.;;;;;;;
438.006.M00;https://produto.nitron.com.br/Baixa/438_006_M00-01.jpg;;Lançamento;33;Tábua de Corte Teca Extra G;Extra Large Teak Cutting Board;Tabla de Cortar de Teca Extra Grande;47;30;1.8;;7896779643813;Teca;;;;;;;;
443.006.M00;https://produto.nitron.com.br/Baixa/443_006_M00-01.jpg;;Lançamento;33;Tábua de Corte Teca G com Alça de Metal;Large Teak Cutting Board with Metal Handle;Tabla de Cortar de Teca Grande con Asa de Metal;40;26.5;1.8;;7896779644315;Teca;;;;;;;;
444.012.001;https://produto.nitron.com.br/Baixa/444_012_001-01.jpg;;;14;Organizador para Gavetas;Drawer Organizer;Organizador de cajones;27;17.5;3;;7896779644438;Organização;0;;;;;;;
445.012.001;https://produto.nitron.com.br/Baixa/445_012_001-01.jpg;;Destaque;14;Organizador de Cosméticos e Bijouterias;Cosmetics and Jewelry Organizer;Organizador de cosméticos y joyas.;21;13;8;;7896779644520;Organização;Transforme sua rotina de beleza com o Organizador de Cosméticos e Bijuterias Nitron. Com design elegante, compacto e totalmente transparente, ele facilita a visualização e o acesso aos seus itens preferidos. Perfeito para batons, pincéis, paletas, brincos e colares, esse organizador mantém tudo em ordem, protegido e ao alcance das mãos. Ideal para penteadeiras, banheiros ou guarda-roupas, é a solução prática e charmosa que faltava no seu dia a dia.;;;;;;;
446.012.001;https://produto.nitron.com.br/Baixa/446_012_001-01.jpg;;;14;Organizador de Pincéis e Acessórios;Brush and Accessories Organizer;Organizador de pinceles y accesorios;13;9.5;10.5;;7896779644629;Organização;Organize com elegância e praticidade! O Organizador PS Cristal Nitron é perfeito para guardar cosméticos, bijuterias e acessórios em um único lugar, com total visibilidade dos itens. Seu design compacto, moderno e multifuncional se adapta a penteadeiras, bancadas e gavetas – ideal para quem valoriza organização, estética e funcionalidade.;;;;;;;
449.006.002;https://produto.nitron.com.br/Baixa/449_006_002-01.jpg;;;98;Lixeira Juta com Pedal - Branca 6L;Jute Bin with Pedal - White 6L;Papelera de Yute con Pedal - Blanco 6L;26.5;16.3;26;6L;7896779644919;Lixeiras;O Lixeira Juta com Pedal - Branca 6L é a escolha ideal para quem busca praticidade e organização no dia a dia. Resumo em Tópicos das Principais Características do Produto: Nome do Produto: Lixeira Juta com Pedal - Branca 6L Marca: NItron Cor: Branco Capacidade: 6 Litros Material: Polipropileno de alta resistência Resistente a impactos e condições adversas. Adequado para uso tanto em áreas internas quanto externas. Design: Moderno e arrojado, proporcionando estilo ao ambiente. Funcionalidade: Sistema de abertura e fechamento por pedal. Promove vedação eficiente, evitando odores e entrada de insetos. Reduz riscos de contaminação ao minimizar contato manual. Dimensões Aproximadas: 25 cm (largura) x 25 cm (profundidade) x 16,5 cm (altura) Validade: Indeterminada (indicativo de durabilidade e qualidade do material). Atributos Pertinentes ao Produto: Praticidade: O pedal facilita o uso, dispensando o manuseio direto da tampa. Higiene: Ideal para ambientes que exigem limpeza constante, como cozinhas, banheiros e escritórios. Versatilidade: Pode ser utilizada em diferentes ambientes, desde residências até estabelecimentos comerciais. Sustentabilidade Potencial: Produzida em polipropileno, um material reciclável, contribui para práticas mais sustentáveis no descarte. Compacta: As dimensões reduzidas permitem sua instalação em espaços pequenos sem comprometer a funcionalidade. Perfeito para conservar alimentos com estilo e segurança, ele combina design funcional com a resistência dos produtos Nitron.;;;;;;;
449.006.003;https://produto.nitron.com.br/Baixa/449_006_003-01.jpg;;;98;Lixeira Juta com Pedal - Preta 6L;Jute Bin with Pedal - Black 6L;Papelera de Yute con Pedal - Negro 6L;26.5;16.3;26;6L;7896779644926;Lixeiras;"O Lixeira Juta com Pedal - Preta 6L é a escolha ideal para quem busca praticidade e organização no dia a dia. Características da Lixeira Juta Retangular Com Pedal 6 Litros Preta 1. Design e Estilo Modelo: Retangular. Acabamento em trama de juta, que confere um visual moderno e elegante. Ideal para harmonizar com diferentes ambientes, como banheiro, sala, escritório ou quartos. 2. Capacidade Volume: 6 litros. Tamanho ideal para espaços compactos ou ""apertados"", sem comprometer a funcionalidade. 3. Material Fabricada em polipropileno , material resistente e durável. Leve, o que facilita o manuseio e transporte. 4. Cor Cor: Preto . Versátil e fácil de combinar com qualquer decoração. 5. Dimensões Medidas (C x A x L): 26,5 x 26 x 16,3 cm . Compacta, mas com espaço suficiente para atender às necessidades diárias. 6. Peso Peso do produto: 380g . Leveza que facilita a movimentação e limpeza. 7. Funcionalidades Pedal : Possui acionamento por pedal, proporcionando praticidade e higiene no uso. Tampa com abertura suave e eficiente, evitando contato direto com as mãos. 8. Marca Fabricante: Nitronplast . Reconhecida por produtos de qualidade e design inovador. 9. Aplicação e Usabilidade Adequada para uso em diversos ambientes: Banheiros. Salas. Escritórios. Quartos. Prática para descarte de pequenos resíduos, como papéis, embalagens ou lixo orgânico leve. 10. Vantagens Compacta : Ideal para espaços reduzidos. Moderna : Design em trama de juta agrega sofisticação ao ambiente. Higiênica : O sistema de pedal evita contato manual com a tampa. Durável : Material resistente garante longevidade ao produto. Versátil : Combina facilmente com diferentes estilos de decoração. Perfeito para conservar alimentos com estilo e segurança, ele combina design funcional com a resistência dos produtos Nitron.";;;;;;;
449.006.086;https://produto.nitron.com.br/Baixa/449_006_086-01.jpg;;;98;Lixeira Juta com Pedal - Chumbo 6L;Jute Bin with Pedal - Lead 6L;Papelera Yute con Pedal - Plomo 6L;26.5;16.3;26;6L;7896779649204;Lixeiras;O Lixeira Juta com Pedal - Chumbo 6L é a escolha ideal para quem busca praticidade e organização no dia a dia. Resumo em Tópicos das Principais Características do Produto: Nome do Produto: Lixeira Juta com Pedal - Chumbo 6L Marca: NItron Cor: Chumbo Capacidade: 6 Litros Material: Polipropileno de alta resistência Resistente a impactos e condições adversas. Adequado para uso tanto em áreas internas quanto externas. Design: Moderno e arrojado, proporcionando estilo ao ambiente. Funcionalidade: Sistema de abertura e fechamento por pedal. Promove vedação eficiente, evitando odores e entrada de insetos. Reduz riscos de contaminação ao minimizar contato manual. Dimensões Aproximadas: 25 cm (largura) x 25 cm (profundidade) x 16,5 cm (altura) Validade: Indeterminada (indicativo de durabilidade e qualidade do material). Atributos Pertinentes ao Produto: Praticidade: O pedal facilita o uso, dispensando o manuseio direto da tampa. Higiene: Ideal para ambientes que exigem limpeza constante, como cozinhas, banheiros e escritórios. Versatilidade: Pode ser utilizada em diferentes ambientes, desde residências até estabelecimentos comerciais. Sustentabilidade Potencial: Produzida em polipropileno, um material reciclável, contribui para práticas mais sustentáveis no descarte. Compacta: As dimensões reduzidas permitem sua instalação em espaços pequenos sem comprometer a funcionalidade. Perfeito para conservar alimentos com estilo e segurança, ele combina design funcional com a resistência dos produtos Nitron.;;;;;;;
450.012.002;https://produto.nitron.com.br/Baixa/450_012_002-01.jpg;;;98;Lixeira Juta com Clique - Branca 4,5L;Jute Bin with Click - White 4.5L;Papelera Yute con Clic - Blanco 4,5L;19.8;16;22.5;4,5L;7896779645015;Lixeiras;A Lixeira Juta com Clique 4,5L da Nitron é perfeita para quem busca praticidade e estilo em espaços pequenos. Com design clean e sofisticado, possui tampa com sistema “click” fácil de abrir e fechar. Compacta, elegante e funcional, é ideal para uso em cozinhas, escritórios e ambientes comerciais.;;;;;;;
450.012.003;https://produto.nitron.com.br/Baixa/450_012_003-01.jpg;;;98;Lixeira Juta com Clique - Preta 4,5L;Jute Bin with Click - Black 4.5L;Papelera Yute con Clic - Negro 4,5L;19.8;16;22.5;4,5L;7896779645022;Lixeiras;"""Características da Lixeira de Pia Juta com Tampa 4,5 Litros Preto Nitron
1. Informações Gerais
Nome do Produto : Lixeira de Pia Juta com Tampa 4,5 Litros Preto Nitron
Linha : Moderna Juta para Limpeza do Ambiente
Propósito : Prática e funcional para o dia a dia, ideal para ambientes como escritórios, cozinhas, lojas e comércios em geral.
2. Design e Estilo
Estilo : Moderno, clean e sofisticado.
Cor : Preto Nitron.
Diferencial Visual : Deixa o ambiente lindo e elegante, combinando com diferentes decorações.
3. Funcionalidades
Tampa : Sistema """"click"""", prático e eficiente.
Uso : Versátil, adequada para diversos ambientes (escritórios, cozinhas, lojas, etc.).
Facilidade : Fácil de usar e manter no dia a dia.
4. Características Técnicas
Capacidade : 4,5 litros.
Material Externo : Plástico resistente.
Conteúdo da Embalagem : 1 lixeira.
5. Dimensões Aproximadas
Altura : 22 cm.
Largura : 14 cm.
Profundidade : 18,5 cm.
6. Benefícios
Praticidade : Fácil de limpar e manusear.
Versatilidade : Adequada para diferentes tipos de ambientes.
Design Moderno : Combina funcionalidade com estética, valorizando o espaço onde está instalada.""";;;;;;;
450.012.086;https://produto.nitron.com.br/Baixa/450_012_086-01.jpg;;;98;Lixeira Juta com Clique - Chumbo 4,5L;Jute Bin with Click - Lead 4.5L;Papelera Yute con Clic - Plomo 4,5L;19.8;16;22.5;4,5L;7896779608645;Lixeiras;"O Lixeira Juta com Clique - Chumbo 4,5L é a escolha ideal para quem busca praticidade e organização no dia a dia. Resumo em Tópicos das Principais Características do Produto: Nome do Produto : Lixeira Juta com Clique - 4,5L Modelo com tampa ""Click"", prática e funcional. Design e Estilo : Design moderno e clean. Material externo de plástico na cor chumbo, proporcionando um visual sofisticado. Funcionalidade : Fácil de usar no dia a dia. Ideal para ambientes como escritórios, cozinhas, lojas e comércios em geral. Capacidade e Dimensões : Capacidade: 4,5 litros. Medidas aproximadas: Altura: 22 cm Largura: 14 cm Profundidade: 18,5 cm Conteúdo da Embalagem : 1 unidade de lixeira. Atributos Pertinentes ao Produto (Adicionais): Sustentabilidade Potencial : O nome ""Juta"" pode sugerir uma inspiração em materiais naturais ou texturas rústicas, mesmo que o material seja plástico. Isso pode atrair consumidores que valorizam designs eco-friendly ou minimalistas. Facilidade de Limpeza : A tampa ""Click"" facilita o descarte sem sujeira, tornando o produto higiênico e prático. Versatilidade de Uso : Adequada tanto para residências quanto para ambientes comerciais, combinando praticidade com estilo. Espaço Econômico : As dimensões compactas (22x14x18,5 cm) a tornam ideal para espaços pequenos, sem comprometer a estética. Aparência Sofisticada : A cor chumbo e o design clean dão um toque moderno ao ambiente, agregando valor visual. Custo-Benefício : Sua simplicidade e funcionalidade podem ser apreciadas por consumidores que buscam produtos acessíveis e eficientes. Copy Ask Explain Perfeito para conservar alimentos com estilo e segurança, ele combina design funcional com a resistência dos produtos Nitron.";;;;;;;
453.012.002;https://produto.nitron.com.br/Baixa/453_012_002-01.jpg;;;97;Lixeira Rattan com Clique - Branca 4,5L;Rattan Bin with Click - White 4.5L;Papelera de ratán con clic - Blanco 4,5 L;19;16;22.5;4,5L;7896779645336;Lixeiras;"O Lixeira Rattan com Clique - Branca 4,5L é a escolha ideal para quem busca praticidade e organização no dia a dia. Resumo em Tópicos das Principais Características: Design e Estética : Possui design moderno, clean e sofisticado. Faz parte da linha Rattan, que combina praticidade com estilo. Funcionalidade : Prática para uso diário, com tampa ""Click"" que facilita a limpeza. Ideal para ambientes como escritórios, cozinhas, lojas e comércios em geral. Dimensões e Capacidade : Capacidade de 4,5 litros. Altura: 22 cm. Largura: 14 cm. Profundidade: 18,5 cm. Material e Durabilidade : Fabricada em plástico resistente (material externo). Aparência : Cor branca, proporcionando um visual neutro e elegante que se adapta a diversos tipos de decoração. Atributos Pertinentes ao Produto: Portabilidade : Devido às suas dimensões compactas e leveza, é fácil de transportar e posicionar em diferentes locais. Higiene : A tampa ""Click"" ajuda a manter o ambiente mais limpo e livre de odores indesejados. Versatilidade : Adequada para diversos ambientes, combinando funcionalidade com estética moderna. Sustentabilidade Potencial : Embora não mencionado no texto, lixeiras pequenas como essa podem incentivar a separação de resíduos recicláveis em áreas específicas. Custo-Benefício : Seu tamanho e design tornam-na uma opção acessível e prática para ambientes que exigem organização e beleza. Perfeito para conservar alimentos com estilo e segurança, ele combina design funcional com a resistência dos produtos Nitron.";;;;;;;
453.012.003;https://produto.nitron.com.br/Baixa/453_012_003-01.jpg;;;97;Lixeira Rattan com Clique - Preta 4,5L;Rattan Click Bin - Black 4.5L;Papelera de ratán con clic - Negro 4,5 L;19;16;22.5;4,5L;7896779645343;Lixeiras;"O Lixeira Rattan com Clique - Branca 4,5L é a escolha ideal para quem busca praticidade e organização no dia a dia. Resumo em Tópicos das Principais Características: Design e Estética : Possui design moderno, clean e sofisticado. Faz parte da linha Rattan, que combina praticidade com estilo. Funcionalidade : Prática para uso diário, com tampa ""Click"" que facilita a limpeza. Ideal para ambientes como escritórios, cozinhas, lojas e comércios em geral. Dimensões e Capacidade : Capacidade de 4,5 litros. Altura: 22 cm. Largura: 14 cm. Profundidade: 18,5 cm. Material e Durabilidade : Fabricada em plástico resistente (material externo). Aparência : Cor branca, proporcionando um visual neutro e elegante que se adapta a diversos tipos de decoração. Atributos Pertinentes ao Produto: Portabilidade : Devido às suas dimensões compactas e leveza, é fácil de transportar e posicionar em diferentes locais. Higiene : A tampa ""Click"" ajuda a manter o ambiente mais limpo e livre de odores indesejados. Versatilidade : Adequada para diversos ambientes, combinando funcionalidade com estética moderna. Sustentabilidade Potencial : Embora não mencionado no texto, lixeiras pequenas como essa podem incentivar a separação de resíduos recicláveis em áreas específicas. Custo-Benefício : Seu tamanho e design tornam-na uma opção acessível e prática para ambientes que exigem organização e beleza. Perfeito para conservar alimentos com estilo e segurança, ele combina design funcional com a resistência dos produtos Nitron.";;;;;;;
453.012.086;https://produto.nitron.com.br/Baixa/453_012_086-01.jpg;;;97;Lixeira Rattan com Clique - Chumbo 4,5L;Rattan Click Bin - Lead 4.5L;Papelera Rattan con Clic - Plomo 4,5L;19;16;22.5;4,5L;7896779653201;Lixeiras;"O Lixeira Rattan com Clique - Chumbo 4,5L é a escolha ideal para quem busca praticidade e organização no dia a dia. Resumo em Tópicos das Principais Características: Design Moderno e Sofisticado Linha Rattan, com estilo clean e contemporâneo. Adequada para ambientes que buscam um toque estético moderno. Praticidade no Uso Tampa com sistema ""Click"", facilitando o descarte de resíduos. Fácil manuseio no dia a dia. Versatilidade Ideal para escritórios, cozinhas, lojas e comércios em geral. Combina com diversos tipos de ambiente, proporcionando funcionalidade e beleza. Especificações Técnicas Cor: Chumbo (tom neutro e sofisticado). Material Externo: Plástico resistente. Capacidade: 4,5 litros (tamanho compacto, ideal para espaços pequenos ou médios). Medidas Aproximadas: Altura: 22 cm Largura: 14 cm Profundidade: 18,5 cm Atributos Pertinentes ao Produto: Sustentabilidade Potencial : Embora não mencionado diretamente, o material plástico pode ser reciclável, tornando o produto uma escolha mais sustentável se descartado corretamente. Higiene Melhorada : O mecanismo de tampa ""Click"" reduz o contato direto com os resíduos, promovendo maior higiene no ambiente. Portabilidade : Devido às suas dimensões compactas, é fácil de transportar e armazenar quando necessário. Estética Neutra : A cor chumbo permite que a lixeira se integre harmoniosamente a diferentes decorações, sem chamar muita atenção. Custo-Benefício : Combinando design moderno, praticidade e tamanho adequado, oferece uma solução acessível para necessidades diárias de organização e limpeza. Perfeito para conservar alimentos com estilo e segurança, ele combina design funcional com a resistência dos produtos Nitron.";;;;;;;
458.024.002;https://produto.nitron.com.br/Baixa/458_024_002-01.jpg;;;79;Porta Leite de Saquinho - Branco;Sachet Milk Holder - White;Soporte para bolsitas de leche - Blanco;17.5;6.5;16.1;;7896779645831;Cozinha;0;;;;;;;
458.024.003;https://produto.nitron.com.br/Baixa/458_024_003-01.jpg;;;79;Porta Leite de Saquinho - Preto;Sachet Milk Holder - Black;Soporte para bolsitas de leche - Negro;17.5;6.5;16.1;;7896779645824;Cozinha;O Lixeira Rattan com Tampa - Chumbo 4,5L é a escolha ideal para quem busca praticidade e organização no dia a dia. Resumo em Tópicos das Principais Características do Produto: Design e Estética Design retangular com bordas arredondadas. Cor chumbo, proporcionando um toque alegre e moderno ao ambiente. Material e Resistência Fabricada em plástico polipropileno resistente. Leve, pesando apenas 240 g. Livre de BPA, garantindo segurança para a saúde. Dimensões e Capacidade Dimensões: 16,1 cm (largura) x 19,5 cm (comprimento) x 23 cm (altura). Capacidade de 4,5 litros, ideal para uso diário na cozinha. Funcionalidade Sistema de abertura com tampa anatômica, facilitando o descarte de lixo. Tampa que impede a dispersão de odores, mantendo o ambiente mais limpo e fresco. Colocação e Uso Modelo novo, não embutido, ideal para colocação no piso. Adequada para ambientes pequenos ou com espaço limitado. Atributos Pertinentes ao Produto: Portabilidade : Sua leveza (240 g) permite fácil transporte ou reposicionamento no ambiente. Sustentabilidade : O material livre de BPA contribui para a redução de impactos ambientais relacionados a produtos químicos nocivos. Praticidade no Descarte : A tampa anatômica oferece conforto e higiene durante o uso. Versatilidade : Apesar de ser ideal para cozinhas, pode ser usada em outros ambientes pequenos, como banheiros ou lavanderias. Custo-Benefício : Combina funcionalidade, durabilidade e estética em um único produto, tornando-se uma escolha prática e acessível para organizar espaços domésticos. Perfeito para conservar alimentos com estilo e segurança, ele combina design funcional com a resistência dos produtos Nitron.;;;;;;;
501.012.001;https://produto.nitron.com.br/Baixa/501_012_001-01.jpg;;;10;Caixa Organizadora Flat com Tampa - Transparente 2,35L;Flat Organizer Box with Lid - Transparent 2.35L;Caja Organizadora Plana con Tapa - Transparente 2.35L;25;11.5;10.8;2,3L;7896779650170;Organização;Se você busca organização aliada a um design sofisticado, a Caixa Organizadora Flat com Tampa - Branca 2,35L é a escolha perfeita! Seu tamanho compacto permite encaixe fácil em prateleiras, gavetas e armários, otimizando espaços pequenos. A tampa anatômica e as alças ergonômicas laterais tornam o manuseio ainda mais prático. Com um design minimalista, ela harmoniza com qualquer ambiente, agregando funcionalidade e estilo. Além disso, é BPA Free, garantindo maior segurança para o armazenamento de seus itens.;;;;;;;
501.012.002;https://produto.nitron.com.br/Baixa/501_012_002-01.jpg;;;10;Caixa Organizadora Flat com Tampa - Branca 2,35L;Flat Organizer Box with Lid - White 2.35L;Caja Organizadora Plana con Tapa - Blanco 2.35L;25;11.5;10.8;2,3L;7896779650132;Organização;Se você busca organização aliada a um design sofisticado, a Caixa Organizadora Flat com Tampa - Preta 2,35L é a escolha perfeita! Seu tamanho compacto permite encaixe fácil em prateleiras, gavetas e armários, otimizando espaços pequenos. A tampa anatômica e as alças ergonômicas laterais tornam o manuseio ainda mais prático. Com um design minimalista, ela harmoniza com qualquer ambiente, agregando funcionalidade e estilo. Além disso, é BPA Free, garantindo maior segurança para o armazenamento de seus itens.;;;;;;;
501.012.003;https://produto.nitron.com.br/Baixa/501_012_003-01.jpg;;;10;Caixa Organizadora Flat com Tampa - Preta 2,35L;Flat Organizer Box with Lid - Black 2.35L;Caja Organizadora Plana con Tapa - Negra 2.35L;25;11.5;10.8;2,3L;7896779650163;Organização;O Caixa Flat com Tampa Teca - Preta 2,35L é a escolha ideal para quem busca praticidade e organização no dia a dia. Resumo das Principais Características e Atributos do Produto: Nome do Produto : Caixa Flat com Tampa Teca - Preta 2,35L Marca : Nitron Capacidade : 2,35 litros Dimensões (C x L x A) : Comprimento: 25,0 cm Largura: 11,6 cm Altura: 11,2 cm Material da Tampa : Tecido simulando textura de teca de madeira (design sofisticado) Cor : Preta Funcionalidade : Ideal para organizar roupas, acessórios, documentos e outros itens pequenos Proporciona praticidade no armazenamento Design : Estilo moderno e elegante, com acabamento em tampa de aparência de teca Adequada para diversos ambientes, como quartos, escritórios ou espaços de organização Vantagens : Combina estética e funcionalidade Contribui para manter ambientes organizados e esteticamente agradáveis Atributos Adicionais Pertinentes ao Produto : Resistente e durável Fácil de limpar Peso leve, facilitando o manuseio Design modular que permite empilhamento (se aplicável) Perfeita para quem busca soluções práticas de armazenamento sem comprometer o design do ambiente Essa caixa é uma ótima opção para quem deseja combinar beleza e organização em um único produto! Perfeito para conservar alimentos com estilo e segurança, ele combina design funcional com a resistência dos produtos Nitron.;;;;;;;
501.012.086;https://produto.nitron.com.br/Baixa/501_012_086-01.jpg;;;10;Caixa Organizadora Flat com Tampa - Chumbo 2,35L;Flat Organizer Box with Lid - Lead 2.35L;Caja Organizadora Plana con Tapa - Plomo 2,35L;25;11.5;10.8;2,3L;7896779686216;Organização;O Caixa Organizadora Flat com Tampa - Chumbo 2,35L é a escolha ideal para quem busca praticidade e organização no dia a dia. Linha Flat com superfice lisa Tampa com abertura anatomica Litragem 2,3 litros Empilhável Perfeito para conservar alimentos com estilo e segurança, ele combina design funcional com a resistência dos produtos Nitron.;;;;;;;
502.012.001;https://produto.nitron.com.br/Baixa/502_012_001-01.jpg;;;10;Caixa Organizadora Flat com Tampa - Transparente 3,75L;Flat Organizer Box with Lid - Transparent 3.75L;Caja Organizadora Plana con Tapa - Transparente 3.75L;25.5;17.5;10.7;3,7L;7896779650231;Organização;A Caixa Organizadora Flat com Tampa - Branca 3,75L é projetada para aqueles que buscam durabilidade e praticidade em um só produto. Feita de polipropileno, um material notoriamente resistente a impactos e ao calor, garante que seus pertences estejam sempre sob proteção. Além disso, sua versatilidade permite utilizações diversas, desde a organização em casa até o uso em ambientes profissionais. Com uma superfície lisa, a limpeza é simplificada, garantindo que a caixa mantenha uma aparência impecável e coesa com a decoração do seu ambiente. O transporte é facilitado por espaços laterais ergonomicamente projetados, permitindo que você movimente a caixa com facilidade mesmo quando cheia. Por fim, sua tampa com abertura anatômica proporciona uma experiência de uso mais intuitiva, facilitando o acesso ao conteúdo.;;;;;;;
502.012.002;https://produto.nitron.com.br/Baixa/502_012_002-01.jpg;;;10;Caixa Organizadora Flat com Tampa - Branca 3,75L;Flat Organizer Box with Lid - White 3.75L;Caja Organizadora Plana con Tapa - Blanco 3.75L;25.5;17.5;10.7;3,7L;7896779650224;Organização;A Caixa Organizadora Flat com Tampa - Preta 3,75L é projetada para aqueles que buscam durabilidade e praticidade em um só produto. Feita de polipropileno, um material notoriamente resistente a impactos e ao calor, garante que seus pertences estejam sempre sob proteção. Além disso, sua versatilidade permite utilizações diversas, desde a organização em casa até o uso em ambientes profissionais. Com uma superfície lisa, a limpeza é simplificada, garantindo que a caixa mantenha uma aparência impecável e coesa com a decoração do seu ambiente. O transporte é facilitado por espaços laterais ergonomicamente projetados, permitindo que você movimente a caixa com facilidade mesmo quando cheia. Por fim, sua tampa com abertura anatômica proporciona uma experiência de uso mais intuitiva, facilitando o acesso ao conteúdo.;;;;;;;
502.012.003;https://produto.nitron.com.br/Baixa/502_012_003-01.jpg;;;10;Caixa Organizadora Flat com Tampa - Preta 3,75L;Flat Organizer Box with Lid - Black 3.75L;Caja Organizadora Plana con Tapa - Negra 3.75L;25.5;17.5;10.7;3,7L;7896779650217;Organização;"A Caixa Organizadora de Polipropileno é a escolha perfeita para quem busca praticidade, durabilidade e funcionalidade. Com capacidade de 3,75 litros, ela é ideal para organizar diversos itens, tanto em ambientes domésticos quanto profissionais.

Feita em polipropileno de alta resistência, a caixa é resistente a impactos e ao calor, garantindo longa durabilidade. Seu design ergonômico inclui espaços laterais, facilitando o transporte mesmo quando cheia. A tampa anatômica oferece um acesso fácil e intuitivo, tornando o uso diário ainda mais prático.

Com uma superfície lisa, a limpeza é rápida e fácil, ajudando a manter sua aparência impecável. A cor chumbo e o design funcional se adaptam a diversos estilos de ambiente, tornando-a versátil tanto para a casa quanto para o escritório.";;;;;;;
502.012.086;https://produto.nitron.com.br/Baixa/502_012_086-01.jpg;;;10;Caixa Organizadora Flat com Tampa - Chumbo 3,75L;Flat Organizer Box with Lid - Lead 3.75L;Caja Organizadora Plana con Tapa - Plomo 3.75L;25.5;17.5;10.7;3,7L;7896779628629;Organização;"O Caixa Flat com Tampa Teca - Preta 3,75L é a escolha ideal para quem busca praticidade e organização no dia a dia. Resumo das principais características do produto: Nome do Produto: Caixa Flat com Tampa Teca - Preta 3,75L Capacidade e Dimensões: Capacidade: 3,75 litros Medidas: Comprimento 25,5 cm × Largura 17,5 cm × Altura 11,2 cm Material e Design: Feita com acabamento em teca de madeira, proporcionando um design sofisticado e elegante. Cor preta na parte externa da caixa, combinada com a tampa em estilo ""teca"". Funcionalidade: Ideal para organizar roupas, acessórios, documentos e outros itens pequenos ou médios. Adequada para uso no guarda-roupa, cômodas, escritórios ou ambientes domésticos. Marca: Nitron (uma marca conhecida por produtos de organização de qualidade). Benefícios Adicionais: Fácil de transportar e empilhar, graças ao formato prático e tamanho compacto. Combina bem com diferentes estilos de decoração, adicionando um toque moderno e refinado ao ambiente. Atributos pertinentes ao produto: Material Resistente: A estrutura é durável e resistente, garantindo longevidade ao produto. Versatilidade: Pode ser utilizada tanto em ambientes residenciais quanto comerciais, como lojas ou escritórios. Estilo Elegante: O design em teca traz uma aparência premium, tornando-a adequada para quem valoriza design e praticidade. Praticidade na Organização: Sua capacidade e tamanho otimizam o espaço de armazenamento sem comprometer a estética. Fácil Limpeza: O material facilita a limpeza, permitindo que a caixa seja mantida sempre impecável. Perfeito para conservar alimentos com estilo e segurança, ele combina design funcional com a resistência dos produtos Nitron.";;;;;;;
503.006.001;https://produto.nitron.com.br/Baixa/503_006_001-01.jpg;;;10;Caixa Organizadora Flat com Tampa - Transparente 10,35L;Flat Organizer Box with Lid - Transparent 10.35L;Caja Organizadora Plana con Tapa - Transparente 10.35L;35.3;26.1;13.9;10,3L;7896779650330;Organização;O Caixa Organizadora Flat com Tampa - Transparente 10,35L é a escolha ideal para quem busca praticidade e organização no dia a dia. Material e Segurança : Fabricado pela Nitron, é livre de BPA, garantindo a segurança dos itens armazenados. Dimensões e Capacidade : Mede 35x26x14 cm (comprimento x largura x altura) e possui capacidade de 10,35 litros, sendo ideal para armazenamento compacto. Design : Apresenta um design moderno e transparente, permitindo visualização do conteúdo e adaptabilidade a diferentes ambientes. Funcionalidade : Inclui alças laterais e tampa, facilitando o transporte e acesso aos itens guardados. Versatilidade : Adequado para uso em casa, escritório ou áreas de lazer, otimizando espaços com sua estrutura empilhável. Propósito : Solução prática para manter ambientes organizados e livres de bagunça, acomodando diversos tipos de objetos. Perfeito para conservar alimentos com estilo e segurança, ele combina design funcional com a resistência dos produtos Nitron.;;;;;;;
503.006.002;https://produto.nitron.com.br/Baixa/503_006_002-01.jpg;;;10;Caixa Organizadora Flat com Tampa - Branca 10,35L;Flat Organizer Box with Lid - White 10.35L;Caja Organizadora Plana con Tapa - Blanco 10.35L;35.3;26.1;13.9;10,3L;7896779650316;Organização;A Caixa Organizadora Flat com Tampa - Preta 10,35L é a solução perfeita para todas as suas necessidades de organização. Seu design inteligente, apesar de espaçoso, permite fácil encaixe em qualquer ambiente. Fabricada em Polipropileno, esta caixa se destaca por ser um material extremamente durável, resistente a impactos e ao calor, assegurando que aguente itens pesados sem perder sua forma ou qualidade. A caixa é incrivelmente versátil, podendo ser utilizada para diversas finalidades. Além disso, sua superfície lisa facilita a limpeza, permitindo que a caixa mantenha a aparência impecável mesmo após um uso prolongado. Para completar, possui espaços laterais projetados ergonomicamente para facilitar o transporte, tornando o manuseio simples e seguro. E, com uma tampa que dispõe de abertura anatômica, a operação de abrir e fechar é realizada com segurança e sem comprometer a estética ou a proteção dos itens.;;;;;;;
503.006.003;https://produto.nitron.com.br/Baixa/503_006_003-01.jpg;;;10;Caixa Organizadora Flat com Tampa - Preta 10,35L;Flat Organizer Box with Lid - Black 10.35L;Caja Organizadora Plana con Tapa - Negra 10.35L;35.3;26.1;13.9;10,3L;7896779650323;Organização;O Caixa Organizadora Flat com Tampa - Transparente 10,35L é a escolha ideal para quem busca praticidade e organização no dia a dia. Material e Segurança : Fabricado pela Nitron, é livre de BPA, garantindo a segurança dos itens armazenados. Dimensões e Capacidade : Mede 35x26x14 cm (comprimento x largura x altura) e possui capacidade de 10,35 litros, sendo ideal para armazenamento compacto. Design : Apresenta um design moderno e transparente, permitindo visualização do conteúdo e adaptabilidade a diferentes ambientes. Funcionalidade : Inclui alças laterais e tampa, facilitando o transporte e acesso aos itens guardados. Versatilidade : Adequado para uso em casa, escritório ou áreas de lazer, otimizando espaços com sua estrutura empilhável. Propósito : Solução prática para manter ambientes organizados e livres de bagunça, acomodando diversos tipos de objetos. Perfeito para conservar alimentos com estilo e segurança, ele combina design funcional com a resistência dos produtos Nitron.;;;;;;;
503.006.086;https://produto.nitron.com.br/Baixa/503_006_086-01.jpg;;;10;Caixa Organizadora Flat com Tampa - Chumbo 10,35L;Flat Organizer Box with Lid - Lead 10.35L;Caja Organizadora Plana con Tapa - Plomo 10,35L;35.3;26.1;13.9;10,3L;7896779686193;Organização;O Caixa Organizadora Flat com Tampa - Chumbo 10,35L é a escolha ideal para quem busca praticidade e organização no dia a dia. Principais Características da Caixa Organizadora Flat com Tampa - 10,35L 1. Design e Funcionalidade Tampa Transparente : Facilita a visualização do conteúdo sem precisar abrir. Capacidade de 10,35 litros : Adequada para itens pequenos e médios. Compacta e Moderna : Fácil encaixe em prateleiras, armários e outros espaços limitados. 2. Versatilidade Multiúso : Ideal para armazenar roupas, brinquedos, documentos, ferramentas, itens de escritório e muito mais. Empilhável : Otimiza o espaço ao permitir empilhamento seguro. Uso Versátil : Adequada para ambientes domésticos, comerciais ou corporativos. 3. Material e Qualidade Plástico de Alta Qualidade : Durável, resistente e livre de BPA. Longa Vida Útil : Produto leve, mas robusto, garantindo durabilidade. Proteção Eficiente : Tampa com encaixe firme que protege contra poeira, umidade e sujeira. 4. Dimensões e Cor Comprimento : 38,0 cm Largura : 28,0 cm Altura : 13,0 cm Cor : Chumbo (discreta e elegante). 5. Cuidados e Manutenção Lavar com esponja macia e sabão neutro. Evitar produtos abrasivos, micro-ondas ou forno. Atributos Pertinentes ao Produto: Eco-friendly : Material livre de BPA contribui para a segurança e saúde dos usuários. Estética Minimalista : Cor chumbo proporciona um design clean e moderno, combinando com diversos estilos de decoração. Praticidade no Transporte : Peso leve facilita o manuseio e movimentação. Otimização de Espaço : Design compacto e empilhável torna o produto ideal para áreas com espaço reduzido. Segurança do Conteúdo : Proteção eficaz contra agentes externos como poeira e umidade, preservando os itens guardados. Conclusão: A Caixa Organizadora Flat com Tampa é uma solução prática, versátil e durável para quem busca organizar ambientes de forma eficiente e estilosa. Seu design moderno e funcionalidade a tornam indispensável tanto para uso pessoal quanto profissional. Perfeito para conservar alimentos com estilo e segurança, ele combina design funcional com a resistência dos produtos Nitron.;;;;;;;
507.004.M03;https://produto.nitron.com.br/Baixa/507_004_M03-01.jpg;;;34;Tabua de Corte Teca com Gaveta de servir - Preta 2L;Teak Wood Cutting Board with Drawer - Black 2L;Tabla de cortar de madera de teca con cajón - Negro 2L;35;25.7;5.8;2L;7896779650729;Teca;O Tabua de Corte Teca com Gaveta de servir - Preta 2L é a escolha ideal para quem busca praticidade e organização no dia a dia. Resumo das Principais Características da Tábua de Corte Teca com Gaveta de Servir - Preta 2L Material e Qualidade Fabricada em madeira teca, conhecida por sua alta qualidade, resistência e durabilidade. Propriedades naturais antibacterianas que garantem maior higiene durante a preparação dos alimentos. Design Funcional Tamanho ideal (35 cm x 25 cm x 6 cm) para manusear diversos tipos de ingredientes com praticidade. Inclui um suporte com gavetas para armazenamento e servimento, proporcionando organização e praticidade na cozinha. Higiene e Manutenção Sistema de drenagem que direciona líquidos para as gavetas, mantendo a superfície seca e o ambiente limpo. Fácil de limpar e requer cuidados mínimos de manutenção. Estética e Sofisticação Design elegante que combina funcionalidade com estilo, agregando um toque sofisticado à decoração da cozinha. Praticidade Ideal para quem busca uma solução completa para corte, armazenamento e servimento de alimentos. Adequada tanto para uso doméstico quanto profissional. Atributos Pertinentes ao Produto Capacidade da Gaveta : 2 litros, suficiente para armazenar resíduos ou líquidos resultantes do processo de corte. Cor : Preto, conferindo um aspecto moderno e sofisticado. Medidas : Altura: 6 cm Largura: 25 cm Comprimento: 35 cm Propósito Múltiplo : Pode ser utilizada não apenas como tábua de corte, mas também como suporte de servir, graças às gavetas que facilitam o transporte e apresentação de alimentos. Sustentabilidade : A madeira teca é conhecida por ser um material sustentável quando proveniente de fontes responsáveis, o que pode ser um diferencial para consumidores conscientes. Segurança Alimentar : As propriedades antibacterianas naturais da teca contribuem para a segurança alimentar, reduzindo o risco de contaminação cruzada. Este produto é recomendado para cozinheiros que valorizam qualidade, higiene, design e funcionalidade em seus utensílios de cozinha. Perfeito para conservar alimentos com estilo e segurança, ele combina design funcional com a resistência dos produtos Nitron.;;;;;;;
545.012.002;https://produto.nitron.com.br/Baixa/545_012_002-01.jpg;;;73;Porta Detergente e Esponja Flat - Branco;Detergent Holder and Flat Sponge - White;Soporte plano para detergente y esponja - Blanco;20.5;8.7;6;;7896779654512;Cozinha;O Porta Detergente e Esponja Flat - Branco é a escolha ideal para quem busca praticidade e organização no dia a dia. Principais Características do Produto - Porta Detergente e Esponja Flat - Branco Dimensões e Peso Largura: 8,9 cm Comprimento: 20,3 cm Altura: 6 cm Peso: 60 g (leve e fácil de reposicionar) Design Compacto e Elegante Cor branca discreta que harmoniza com qualquer estilo de decoração. Estética minimalista, combinando facilmente com eletrodomésticos e utensílios de cozinha. Compartimentos Otimizados Espaço específico para detergente e esponja. Promove organização e mantém a área da pia limpa e funcional. Qualidade e Durabilidade Fabricado com materiais resistentes à humidade, adequados ao ambiente da cozinha. Estrutura leve com acabamento liso, facilitando a limpeza e evitando o acúmulo de resíduos. Utilidade e Praticidade Mantém o detergente e a esponja sempre organizados e ao alcance. Ideal para cozinhas de todos os tamanhos, especialmente as pequenas, por seu design compacto. Vantagens Organização : Reduz a desordem ao redor da pia. Estética : Design versátil e estético, adaptável a diferentes estilos de cozinha. Resistência : Material durável e resistente à água, suportando o uso diário. Facilidade de Limpeza : Superfície lisa que impede o acúmulo de resíduos. Detalhes Adicionais Ambiente Húmido : Desenvolvido para ser utilizado próximo à pia, suportando exposição à umidade. Fácil Armazenamento : Compacto e prático, otimizando espaço em cozinhas pequenas. Minimalismo : Traz simplicidade e elegância ao ambiente. Atributos Pertinentes ao Produto Material Resistente à Água : Ideal para ambientes húmidos como a cozinha. Fácil Manutenção : Requer pouca atenção para limpeza e conservação. Versatilidade : Adequado para diversos tipos de cozinhas, independentemente do tamanho ou estilo. Sustentabilidade Implícita : Ao promover organização, reduz desperdício de produtos de limpeza e otimiza o espaço. Aparência Moderna : Combina funcionalidade com um toque estético, contribuindo para uma cozinha mais agradável visualmente. Este organizador é uma solução prática e eficiente para quem busca manter a cozinha organizada, limpa e funcional, sem comprometer a estética do ambiente. Perfeito para conservar alimentos com estilo e segurança, ele combina design funcional com a resistência dos produtos Nitron.;;;;;;;
545.012.003;https://produto.nitron.com.br/Baixa/545_012_003-01.jpg;;Destaque;73;Porta Detergente e Esponja Flat - Preto;Flat Detergent and Sponge Holder - Black;Soporte plano para detergente y esponja - Negro;20.5;8.7;6;;7896779654529;Cozinha;O Porta Detergente e Esponja Flat - Preto é a escolha ideal para quem busca praticidade e organização no dia a dia. Resumo em Tópicos das Principais Características: Design Compacto e Funcional Dimensões: 8,9 cm (largura) x 20,3 cm (comprimento) x 6 cm (altura). Peso leve (60 g), facilitando o reposicionamento conforme necessário. Adaptável a diferentes estilos de decoração. Compartimentos Otimizados Espaço dedicado para detergente e esponja. Mantém itens organizados e ao alcance durante o uso. Qualidade e Durabilidade Fabricado com materiais resistentes à humidade, adequado para áreas úmidas da cozinha. Estrutura leve e acabamento liso para facilitar a limpeza. Projeto durável que suporta o uso diário sem desgaste aparente. Utilidade Prática Proporciona organização eficiente, evitando dispersão de itens na pia. Ideal para cozinhas pequenas ou grandes, otimizando espaço disponível. Fácil acesso aos produtos necessários para limpeza. Vantagens Estéticas e Funcionais Design versátil e estético, com cor preta discreta que combina com qualquer estilo de cozinha. Estética minimalista que complementa bem a decoração moderna. Fácil Manutenção Superfície lisa que impede acúmulo de resíduos e facilita a higienização. Resistência à água prolonga a vida útil do produto. Atributos Pertinentes ao Produto: Cor : Preto (oferece um visual sofisticado e discreto). Material : Resistente à humidade, ideal para ambientes próximos à pia. Capacidade : Compartimentos específicos para detergente líquido/sólido e esponjas padrão. Compatibilidade : Adequado para cozinhas de todos os tamanhos e estilos. Cuidados Especiais : Limpar regularmente para evitar manchas ou resíduos persistentes. Garantia Implícita : Construção robusta sugere confiabilidade no longo prazo. Ecoeficiência : Facilita a organização, reduzindo desperdício de espaço e promovendo melhor aproveitamento da área de trabalho. Este porta-detergente e esponja é uma solução prática, funcional e esteticamente agradável para quem deseja manter a cozinha organizada e livre de bagunça. Perfeito para conservar alimentos com estilo e segurança, ele combina design funcional com a resistência dos produtos Nitron.;;;;;;;
545.012.086;https://produto.nitron.com.br/Baixa/545_012_086-01.jpg;;;73;Porta Detergente e Esponja Flat - Chumbo;Flat Detergent and Sponge Holder - Lead;Soporte plano para detergente y esponja - Plomo;20.5;8.7;6;;7896779654543;Cozinha;O Porta Detergente e Esponja Flat - Chumbo é a escolha ideal para quem busca praticidade e organização no dia a dia. Principais Características do Produto: Design Compacto e Versátil Dimensões: 8,9 cm (largura) x 20,3 cm (comprimento) x 6 cm (altura). Peso: 60 g, leve e fácil de reposicionar. Adaptável a diferentes estilos de decoração. Compartimentos Otimizados Espaço específico para detergente e esponja. Facilita a organização e manutenção da área da pia limpa. Qualidade e Durabilidade Fabricado com materiais resistentes à humidade. Estrutura leve e acabamento liso para facilitar a higienização. Projeto robusto para suportar o uso diário sem perder aparência. Utilidade Prática Ideal para cozinhas pequenas ou grandes. Mantém os itens essenciais sempre ao alcance. Evita dispersão de produtos na superfície da pia. Vantagens do Produto Organização e Praticidade : Fácil acesso aos itens de limpeza. Estética Minimalista : Cor branca neutra que combina com qualquer decoração. Leveza e Resistência : Fácil de transportar e resistente à água. Fácil Limpeza : Superfície lisa que impede acúmulo de resíduos. Atributos Pertinentes ao Produto: Material Resistente à Humidade Desenvolvido especificamente para ambientes úmidos, como áreas próximas à pia. Facilidade de Armazenamento Design compacto que otimiza espaço em cozinhas pequenas. Estética Neutra Cor branca que harmoniza com diversos estilos de cozinha. Funcionalidade Combina organização e praticidade, melhorando a experiência diária de limpeza. Sustentabilidade Implícita Material durável reduz a necessidade de substituição frequente, contribuindo para menor desperdício. Higiene Melhorada Superfície lisa evita acumulo de germes e sujeira, mantendo o produto sempre limpo. Portabilidade Leveza permite reposicionamento conforme necessário, sem esforço. Este organizador é uma solução prática, esteticamente agradável e funcional para quem busca manter sua cozinha organizada e eficiente no dia a dia. Perfeito para conservar alimentos com estilo e segurança, ele combina design funcional com a resistência dos produtos Nitron.;;;;;;;
546.012.002;https://produto.nitron.com.br/Baixa/546_012_002-01.jpg;;;107;Porta Escovas Flat - Branco;Flat Brush Holder - White;Portaescobillas Plano - Blanco;8;8;20.8;;7896779654611;Banheiro;"O Porta Escovas Flat - Preto da Nitron é a escolha ideal para quem busca organização, durabilidade e estilo no ambiente de higiene pessoal. Seu design moderno e versátil se adapta facilmente a diversos espaços e estilos de decoração, proporcionando funcionalidade com um toque de sofisticação.

Fabricado com material resistente e livre de BPA, o produto garante mais segurança e uma vida útil prolongada. Leve e compacto, é perfeito para manter escovas e itens de higiene organizados de forma prática e higiênica.";;;;;;;
546.012.003;https://produto.nitron.com.br/Baixa/546_012_003-01.jpg;;;107;Porta Escovas Flat - Preto;Flat Brush Holder - Black;Portaescobillas Plano - Negro;8;8;20.8;;7896779654628;Banheiro;O Porta Detergente e Esponja Flat - Chumbo é a escolha ideal para quem busca praticidade e organização no dia a dia. Principais Características do Produto: Design Compacto e Versátil Dimensões: 8,9 cm (largura) x 20,3 cm (comprimento) x 6 cm (altura). Peso: 60 g, leve e fácil de reposicionar. Adaptável a diferentes estilos de decoração. Compartimentos Otimizados Espaço específico para detergente e esponja. Facilita a organização e manutenção da área da pia limpa. Qualidade e Durabilidade Fabricado com materiais resistentes à humidade. Estrutura leve e acabamento liso para facilitar a higienização. Projeto robusto para suportar o uso diário sem perder aparência. Utilidade Prática Ideal para cozinhas pequenas ou grandes. Mantém os itens essenciais sempre ao alcance. Evita dispersão de produtos na superfície da pia. Vantagens do Produto Organização e Praticidade : Fácil acesso aos itens de limpeza. Estética Minimalista : Cor branca neutra que combina com qualquer decoração. Leveza e Resistência : Fácil de transportar e resistente à água. Fácil Limpeza : Superfície lisa que impede acúmulo de resíduos. Atributos Pertinentes ao Produto: Material Resistente à Humidade Desenvolvido especificamente para ambientes úmidos, como áreas próximas à pia. Facilidade de Armazenamento Design compacto que otimiza espaço em cozinhas pequenas. Estética Neutra Cor branca que harmoniza com diversos estilos de cozinha. Funcionalidade Combina organização e praticidade, melhorando a experiência diária de limpeza. Sustentabilidade Implícita Material durável reduz a necessidade de substituição frequente, contribuindo para menor desperdício. Higiene Melhorada Superfície lisa evita acumulo de germes e sujeira, mantendo o produto sempre limpo. Portabilidade Leveza permite reposicionamento conforme necessário, sem esforço. Este organizador é uma solução prática, esteticamente agradável e funcional para quem busca manter sua cozinha organizada e eficiente no dia a dia. Perfeito para conservar alimentos com estilo e segurança, ele combina design funcional com a resistência dos produtos Nitron.;;;;;;;
546.012.086;https://produto.nitron.com.br/Baixa/546_012_086-01.jpg;;;107;Porta Escova Flat - Chumbo;Flat Brush Holder - Lead;Portaescobillas Plano - Plomo;8;8;20.8;;7896779646166;Banheiro;O Porta Escova Flat - Chumbo é a escolha ideal para quem busca praticidade e organização no dia a dia. Resumo das principais características do Porta Escova Flat - Chumbo: Design moderno: Acabamento brilhante na cor chumbo, uma tonalidade neutra e contemporânea. Adequado para se integrar a diferentes estilos de decoração. Organização eficiente: Divisória interna para separação de escovas de dentes e creme dental. Tampa que oferece proteção contra poeira e umidade, mantendo os itens higiênicos. Material seguro: Fabricado em polipropileno (PP), um material resistente e durável. Livre de bisfenol-A (BPA Free), garantindo segurança para o uso diário. Dimensões compactas: Medidas: 8cm x 8cm x 13,5cm, ideal para economizar espaço no banheiro. Atributos adicionais pertinentes ao produto: Fácil limpeza: O material em polipropileno facilita a limpeza, permitindo que o porta-escova seja lavado com água e sabão ou até mesmo colocado na lava-louças (dependendo da orientação do fabricante). Versatilidade de uso: Além de organizar escovas de dentes e cremes dentais, pode ser utilizado para outros pequenos objetos de higiene pessoal, como pentes ou aparelhos de barbear. Durabilidade: O polipropileno é conhecido por sua resistência à quebra e deformação, proporcionando longevidade ao produto. Sustentabilidade: Como não contém BPA, o material é mais amigável ao meio ambiente e seguro para reutilização, desde que adequadamente descartado ou reciclado após o fim de sua vida útil. Presente prático: Um ótimo item para presentear, especialmente em kits de organização para banheiros ou como lembrancinhas em eventos relacionados à saúde e bem-estar. Perfeito para conservar alimentos com estilo e segurança, ele combina design funcional com a resistência dos produtos Nitron.;;;;;;;
547.012.002;https://produto.nitron.com.br/Baixa/547_012_002-01.jpg;;;107;Porta Algodão e Cotonete Flat - Branco;Flat Cotton and Swab Holder - White;Porta hisopos y algodón plano - Blanco;8;8;13.5;;7896779654710;Banheiro;"O Porta Algodão e Cotonete Flat - Preto, da Nitron, combina funcionalidade, estilo e resistência em um único item. Ideal para manter algodão e cotonetes organizados, ele oferece praticidade no dia a dia e contribui com a estética do ambiente.

Seu design minimalista e moderno na cor preta garante fácil combinação com diversos estilos de decoração, enquanto o material livre de BPA assegura um uso mais seguro. Com dimensões compactas, é perfeito para banheiros, lavabos, penteadeiras ou qualquer espaço que precisa de um toque extra de organização.";;;;;;;
547.012.003;https://produto.nitron.com.br/Baixa/547_012_003-01.jpg;;;107;Porta Algodão e Cotonete Flat - Preto;Flat Cotton and Swab Holder - Black;Porta hisopos y algodón plano - Negro;8;8;13.5;;7896779654727;Banheiro;O Porta Escova Flat - Chumbo é a escolha ideal para quem busca praticidade e organização no dia a dia. Resumo das principais características do Porta Escova Flat - Chumbo: Design moderno: Acabamento brilhante na cor chumbo, uma tonalidade neutra e contemporânea. Adequado para se integrar a diferentes estilos de decoração. Organização eficiente: Divisória interna para separação de escovas de dentes e creme dental. Tampa que oferece proteção contra poeira e umidade, mantendo os itens higiênicos. Material seguro: Fabricado em polipropileno (PP), um material resistente e durável. Livre de bisfenol-A (BPA Free), garantindo segurança para o uso diário. Dimensões compactas: Medidas: 8cm x 8cm x 13,5cm, ideal para economizar espaço no banheiro. Atributos adicionais pertinentes ao produto: Fácil limpeza: O material em polipropileno facilita a limpeza, permitindo que o porta-escova seja lavado com água e sabão ou até mesmo colocado na lava-louças (dependendo da orientação do fabricante). Versatilidade de uso: Além de organizar escovas de dentes e cremes dentais, pode ser utilizado para outros pequenos objetos de higiene pessoal, como pentes ou aparelhos de barbear. Durabilidade: O polipropileno é conhecido por sua resistência à quebra e deformação, proporcionando longevidade ao produto. Sustentabilidade: Como não contém BPA, o material é mais amigável ao meio ambiente e seguro para reutilização, desde que adequadamente descartado ou reciclado após o fim de sua vida útil. Presente prático: Um ótimo item para presentear, especialmente em kits de organização para banheiros ou como lembrancinhas em eventos relacionados à saúde e bem-estar. Perfeito para conservar alimentos com estilo e segurança, ele combina design funcional com a resistência dos produtos Nitron.;;;;;;;
547.012.086;https://produto.nitron.com.br/Baixa/547_012_086-01.jpg;;;107;Porta Algodão e Cotonete Flat - Chumbo;Flat Cotton and Swab Holder - Lead;Porta bastoncillos y algodón plano - Plomo;8;8;13.5;;7896779647194;Banheiro;O Porta Algodão e Cotonete Flat - Chumbo é a escolha ideal para quem busca praticidade e organização no dia a dia. 1. Dimensões e Peso Peso: 230 g Largura: 7,9 cm Comprimento: 7,9 cm Altura: 13,3 cm 2. Diferenciais BPA Free : Livre de Bisfenol A (BPA), substância química prejudicial à saúde. Design Versátil : Design alegre e adaptável para diferentes ambientes e ocasiões. Material Resistente : Fabricado com material durável, garantindo maior vida útil. 3. Utilidade Ideal para armazenar algodão e cotonetes de forma organizada e prática. 4. Estética Cor: chumbo Design moderno e minimalista que combina com qualquer decoração. Perfeito para conservar alimentos com estilo e segurança, ele combina design funcional com a resistência dos produtos Nitron.;;;;;;;
548.024.002;https://produto.nitron.com.br/Baixa/548_024_002-01.jpg;;;107;Saboneteira com Tela Flat - Branco;Soap Dish with Flat Screen - White;Jabonera con Pantalla Plana - Blanco;10.6;7.6;2.3;;7896779654819;Banheiro;"O Porta Sabonete com Tela Removível Preto foi desenvolvido para unir design moderno, praticidade e funcionalidade no seu dia a dia. Com um estilo clean e minimalista, ele se adapta facilmente a banheiros residenciais ou comerciais, mesmo em espaços pequenos.

Sua principal vantagem é a tela interna removível, que permite o escoamento da água, mantendo o sabonete seco e aumentando sua durabilidade. Além disso, evita o acúmulo de resíduos e facilita a limpeza, tornando a manutenção simples e eficiente.

Fabricado em material resistente, o produto garante longa vida útil mesmo com uso contínuo. Suas dimensões compactas (7,7 cm x 10,7 cm x 2,2 cm) o tornam perfeito para lavatórios, banheiros ou ambientes com pouco espaço disponível.

Seja em casa ou no comércio, esse porta sabonete proporciona organização, higiene e um toque moderno ao ambiente.";;;;;;;
548.024.003;https://produto.nitron.com.br/Baixa/548_024_003-01.jpg;;;107;Saboneteira com Tela Flat - Preto;Soap Dish with Flat Screen - Black;Jabonera con Pantalla Plana - Negro;10.6;7.6;2.3;;7896779654826;Banheiro;O Porta Algodão e Cotonete Flat - Chumbo é a escolha ideal para quem busca praticidade e organização no dia a dia. 1. Dimensões e Peso Peso: 230 g Largura: 7,9 cm Comprimento: 7,9 cm Altura: 13,3 cm 2. Diferenciais BPA Free : Livre de Bisfenol A (BPA), substância química prejudicial à saúde. Design Versátil : Design alegre e adaptável para diferentes ambientes e ocasiões. Material Resistente : Fabricado com material durável, garantindo maior vida útil. 3. Utilidade Ideal para armazenar algodão e cotonetes de forma organizada e prática. 4. Estética Cor: chumbo Design moderno e minimalista que combina com qualquer decoração. Perfeito para conservar alimentos com estilo e segurança, ele combina design funcional com a resistência dos produtos Nitron.;;;;;;;
548.024.086;https://produto.nitron.com.br/Baixa/548_024_086-01.jpg;;;107;Saboneteira com Tela Flat - Chumbo;Soap Dish with Flat Screen - Lead;Jabonera con Pantalla Plana - Plomo;10.6;7.6;2.3;;7896779648160;Banheiro;O Saboneteira com Tela Flat - Chumbo é a escolha ideal para quem busca praticidade e organização no dia a dia. Resumo em Tópicos das Principais Características do Produto: Design: Clean e elegante, com linhas modernas. Possui uma tela com abertura que impede o acúmulo de água, facilitando a secagem da escova. Funcionalidade: Conta com um reservatório para água, otimizando a limpeza e organização. Material: Feito em polipropileno, um material conhecido por sua resistência e leveza. Livre de BPA (Bisfenol A), garantindo maior segurança à saúde. Dimensões e Peso: Peso: 230 g. Largura: 7,9 cm. Comprimento: 7,9 cm. Altura: 20,7 cm. Cor: Disponível na cor Chumbo, proporcionando um visual sofisticado e versátil. Diferenciais do Produto: Design versátil que se adapta a diferentes estilos e momentos. Material extremamente resistente, garantindo durabilidade. Seguro para uso diário, pois é livre de substâncias prejudiciais como o BPA. Atributos Pertinentes ao Produto: Sustentabilidade: O uso de materiais livres de BPA pode indicar preocupação ambiental e com a saúde do consumidor. Fácil Limpeza: A estrutura com tela e reservatório contribui para uma manutenção simples e higiênica. Compacto: As dimensões reduzidas tornam o produto ideal para ambientes pequenos ou com espaço limitado. Versatilidade Estética: A cor neutra (Chumbo) permite que o produto combine facilmente com diversos estilos de decoração. Perfeito para conservar alimentos com estilo e segurança, ele combina design funcional com a resistência dos produtos Nitron.;;;;;;;
549.024.998;https://produto.nitron.com.br/Baixa/549_024_998-01.jpg;;;69;Copo Sem Tampa Sortido 600ml;;;Ø8,6;Ø8,6;15.2;;7896779654994;Realce;;;;;;;;
549.024.999;https://produto.nitron.com.br/Baixa/549_024_999-01.jpg;;;69;Copo Com Tampa Sortido 600ml;;;Ø8,7;Ø8,7;16.9;;7896779649167;Realce;;;;;;;;
550.036.998;https://produto.nitron.com.br/Baixa/550_036_998-01.jpg;;;69;Caneca Sem Tampa Sortido 350ml;;;10.9;8.5;10;;7896779650040;Realce;;;;;;;;
550.036.999;https://produto.nitron.com.br/Baixa/550_036_999-01.jpg;;;69;Caneca Com Tampa Sortido 350ml;;;10.9;8.5;10;;7896779655090;Realce;;;;;;;;
552.002.M02;https://produto.nitron.com.br/Baixa/552_002_M02-01.jpg;;;39;Cesto de Roupas Empilhável com Tampa Teca - Branco 43,8L;;;35;34.5;49.5;43,8L;7896779652228;Teca;"O Cesto de Roupas Empilhável com Tampa Teca - Branco 43,8L é a escolha ideal para quem busca praticidade e organização no dia a dia. Resumo em Tópicos das Características do Produto: Capacidade e Dimensões Capacidade: 43,8L Dimensões: 35x49x35cm Design e Cor Design moderno e funcional Cor: Branco Funcionalidades Empilhável, otimizando espaço Abertura frontal para maior praticidade (não é necessário abrir a tampa) Alças laterais para facilitar o transporte Ventilação Furos na frente e nas laterais para arejar as roupas Previne o mofo e mantém as roupas frescas Materiais e Acabamento Feito com material resistente (embora não especificado no texto, geralmente este tipo de produto utiliza plástico durável) Tampa com acabamento que imita madeira ""Teca"", conferindo um toque estético sofisticado Propósito Ideal para organizar e transportar roupas sujas Mantém a lavanderia organizada e prática Atributos Pertinentes ao Produto: Material Resistente : Embora não mencionado explicitamente, é provável que o cesto seja feito de plástico reciclável ou outro material leve e durável, adequado para uso frequente. Fácil Limpeza : Provavelmente pode ser limpo facilmente com água e sabão, sem danificar o acabamento. Versatilidade : Além da lavanderia, pode ser usado em outros ambientes domésticos para armazenamento de itens leves. Eco-friendly : Se fabricado com materiais reciclados ou recicláveis, pode ser uma opção sustentável para o consumidor consciente. Estilo Moderno : O design clean e a tampa com acabamento ""Teca"" tornam o produto atrativo visualmente, combinando com diversos tipos de decoração. Perfeito para conservar alimentos com estilo e segurança, ele combina design funcional com a resistência dos produtos Nitron.";;;;;;;
552.002.M03;https://produto.nitron.com.br/Baixa/552_002_M03-01.jpg;;;39;Cesto de Roupas Empilhável com Tampa Teca - Preto 43,8L;;;35;34.5;49.5;43,8L;7896779652242;Teca;O Cesto de Roupas Empilhável com Tampa Teca - Preto 43,8L é a escolha ideal para quem busca praticidade e organização no dia a dia. Resumo em Tópicos das Principais Características do Produto: Nome do Produto: Cesto de Roupas Empilhável com Tampa Teca - Preto 43,8L Capacidade e Dimensões: Capacidade: 43,8 litros Dimensões: 35x49x35 cm Design: Design moderno e funcional Cor: Preto Material: Simula madeira teca na tampa Funcionalidades: Abertura frontal para facilitar o uso (não é necessário abrir a tampa) Alças laterais para transporte fácil Furos na frente e nas laterais para ventilação adequada, evitando mofo Benefícios: Mantém a lavanderia organizada Otimiza espaço com design empilhável Prático para o dia a dia Atributos Pertinentes ao Produto: Material Resistente: Ideal para uso diário, suportando peso razoável de roupas sem comprometer a estrutura. Fácil Limpeza: Superfície lisa que permite limpeza rápida e eficiente. Versatilidade: Além da lavanderia, pode ser usado em quartos ou áreas de serviço para armazenamento de outros itens. Sustentabilidade Potencial: Verificar se o material utilizado no produto é reciclável ou proveniente de fontes sustentáveis. Compatibilidade com Outros Produtos: Pode ser combinado com outros cestos empilháveis para criar um sistema de organização mais completo. Estética Versátil: Combina facilmente com diferentes estilos de decoração devido à cor neutra e ao design sofisticado. Perfeito para conservar alimentos com estilo e segurança, ele combina design funcional com a resistência dos produtos Nitron.;;;;;;;
552.004.002;https://produto.nitron.com.br/Baixa/552_004_002-01.jpg;;;103;Cesto de Roupas Empilhável - Branco 43,8L;Stackable Laundry Basket - White 43.8L;Cesto para la ropa sucia apilable - Blanco 43,8 L;35;34.5;49.5;43,8L;7896779655236;Limpeza;O Cesto de Roupas Empilhável - Branco 43,8L é a escolha ideal para quem busca praticidade e organização no dia a dia. Resumo em Tópicos das Características do Produto: Capacidade e Dimensões Capacidade: 43,8L Dimensões: 35x49x35cm Design e Cor Design moderno e funcional Cor: Branco Funcionalidades Empilhável, otimizando espaço Abertura frontal para maior praticidade (não é necessário abrir uma tampa) Alças laterais para facilitar o transporte Ventilação adequada com furos na frente e nas laterais, prevenindo mofo e mantendo as roupas frescas Propósito Ideal para organizar e transportar roupas sujas Mantém a lavanderia organizada e prática Atributos Pertinentes ao Produto: Fácil Limpeza Fabricado em PP (polipropileno), um material resistente que pode ser limpo facilmente com água e sabão sem danificar o acabamento. Versatilidade Além de ser usado na lavanderia, pode ser adaptado para outros ambientes domésticos como quarto, sala ou cozinha, servindo para armazenar itens leves como brinquedos, roupas de cama ou acessórios. Eco-friendly O polipropileno é um material reciclável, tornando este produto uma opção sustentável para consumidores conscientes sobre o impacto ambiental. Estilo Moderno O design clean e minimalista combina com diversos tipos de decoração, oferecendo um toque sofisticado à sua casa. Durabilidade O material PP (polipropileno) é conhecido por sua resistência à abrasão, impacto e deformação, garantindo longa vida útil ao produto. Praticidade no Transporte As alças laterais permitem que o cesto seja carregado com facilidade, mesmo quando cheio, proporcionando conforto durante o uso. Higiene e Saúde A ventilação adequada evita o acúmulo de umidade, reduzindo significativamente o risco de mofo e bactérias, o que contribui para a saúde e bem-estar do usuário. Compatibilidade com Espaços Pequenos Devido ao seu design empilhável, o cesto é ideal para residências compactas ou áreas com pouco espaço disponível, maximizando a organização sem comprometer a estética. Este resumo destaca não apenas as características técnicas do produto, mas também seus benefícios práticos e atributos adicionais que podem atrair diferentes tipos de consumidores. Perfeito para conservar alimentos com estilo e segurança, ele combina design funcional com a resistência dos produtos Nitron.;;;;;;;
552.004.003;https://produto.nitron.com.br/Baixa/552_004_003-01.jpg;;;103;Cesto de Roupas Empilhável - Preto 43,8L;Stackable Laundry Basket - Black 43.8L;Cesto para la ropa sucia apilable - Negro 43,8 L;35;34.5;49.5;43,8L;7896779655243;Limpeza;O Cesto de Roupas Empilhável - Preto 43,8L é a escolha ideal para quem busca praticidade e organização no dia a dia. Resumo em Tópicos das Características do Produto: 1. Capacidade e Dimensões Capacidade: 43,8L Dimensões: 35x49x35cm 2. Design e Cor Design: Moderno e funcional Cor: Preto 3. Funcionalidades Empilhável : Otimiza espaço, permitindo o armazenamento de vários cestos verticalmente. Abertura frontal : Facilita o acesso às roupas sem necessidade de abrir uma tampa. Alças laterais : Proporcionam maior praticidade no transporte. Ventilação : Furos na frente e nas laterais permitem aeração adequada, evitando mofo e mantendo as roupas frescas. 4. Propósito Ideal para organizar e transportar roupas sujas . Mantém a lavanderia organizada e prática , reduzindo a bagunça. Atributos Pertinentes ao Produto: Fácil Limpeza Fabricado em PP (polipropileno), um material resistente e fácil de limpar com água e sabão. Resistente a manchas e desgaste diário. Versatilidade Além de ser usado na lavanderia, pode ser adaptado para outros ambientes domésticos, como guarda-roupas, cozinhas ou salas, para armazenamento de itens leves (ex.: brinquedos, cobertores, acessórios). Eco-friendly Se fabricado com materiais reciclados ou recicláveis, oferece uma opção sustentável para consumidores conscientes. Contribui para a diminuição do impacto ambiental ao incentivar práticas responsáveis. Estilo Moderno O design clean e minimalista combina facilmente com diversos estilos de decoração. A cor preta adiciona sofisticação e elegância ao ambiente. Resistência e Durabilidade O polipropileno (PP) é conhecido por sua alta resistência à quebra e deformação, garantindo durabilidade prolongada mesmo com uso frequente. Praticidade no Transporte As alças laterais proporcionam conforto e segurança ao carregar o cesto, mesmo quando está cheio. Ideal para Pequenos Espaços Sua capacidade de empilhamento permite economizar espaço em áreas pequenas, tornando-o perfeito para apartamentos ou residências compactas. Higiene Melhorada A ventilação eficiente impede o acúmulo de umidade e mofo, promovendo um ambiente mais saudável para as roupas antes da lavagem. Com essas características e atributos, o Cesto de Roupas Empilhável - Preto 43,8L se destaca como uma solução prática, moderna e versátil para organizar e melhorar a rotina doméstica. Perfeito para conservar alimentos com estilo e segurança, ele combina design funcional com a resistência dos produtos Nitron.;;;;;;;
553.012.002;https://produto.nitron.com.br/Baixa/553_012_002-01.jpg;;;73;Porta Sabão Líquido Flat - Branco 500ml;Flat Liquid Soap Holder - White 500ml;Jabonera Líquida Plana - Blanco 500ml;7.9;7.9;16;500ML;7896779655311;Cozinha;"O Dosador de Sabonete Líquido 500ml é a escolha ideal para quem busca aliar praticidade, higiene e estilo em um único item. Com um design moderno e minimalista, ele se adapta com facilidade a banheiros, lavabos ou cozinhas, elevando a estética do ambiente.

Sua bomba dosadora eficiente libera a quantidade certa de sabonete a cada pressão, promovendo economia no uso diário. Além disso, seu formato compacto (7,9 x 7,9 x 16 cm) permite fácil posicionamento mesmo em bancadas menores.

Fabricado em plástico resistente e durável, o dosador garante longa vida útil e facilidade na limpeza. Disponível em diversas cores e acabamentos (consulte disponibilidade), ele se destaca como uma solução versátil para manter o espaço organizado com bom gosto.

Seja para renovar a decoração ou tornar sua rotina de higiene mais prática, este dosador oferece o equilíbrio perfeito entre forma e função.";;;;;;;
553.012.003;https://produto.nitron.com.br/Baixa/553_012_003-01.jpg;;;73;Porta Sabão Líquido Flat - Preto 500ml;Flat Liquid Soap Holder - Black 500ml;Jabonera Líquida Plana - Negro 500ml;7.9;7.9;16;500ML;7896779655328;Cozinha;O Cesto de Roupas Empilhável - Preto 43,8L é a escolha ideal para quem busca praticidade e organização no dia a dia. Resumo em Tópicos das Características do Produto: 1. Capacidade e Dimensões Capacidade: 43,8L Dimensões: 35x49x35cm 2. Design e Cor Design: Moderno e funcional Cor: Preto 3. Funcionalidades Empilhável : Otimiza espaço, permitindo o armazenamento de vários cestos verticalmente. Abertura frontal : Facilita o acesso às roupas sem necessidade de abrir uma tampa. Alças laterais : Proporcionam maior praticidade no transporte. Ventilação : Furos na frente e nas laterais permitem aeração adequada, evitando mofo e mantendo as roupas frescas. 4. Propósito Ideal para organizar e transportar roupas sujas . Mantém a lavanderia organizada e prática , reduzindo a bagunça. Atributos Pertinentes ao Produto: Fácil Limpeza Fabricado em PP (polipropileno), um material resistente e fácil de limpar com água e sabão. Resistente a manchas e desgaste diário. Versatilidade Além de ser usado na lavanderia, pode ser adaptado para outros ambientes domésticos, como guarda-roupas, cozinhas ou salas, para armazenamento de itens leves (ex.: brinquedos, cobertores, acessórios). Eco-friendly Se fabricado com materiais reciclados ou recicláveis, oferece uma opção sustentável para consumidores conscientes. Contribui para a diminuição do impacto ambiental ao incentivar práticas responsáveis. Estilo Moderno O design clean e minimalista combina facilmente com diversos estilos de decoração. A cor preta adiciona sofisticação e elegância ao ambiente. Resistência e Durabilidade O polipropileno (PP) é conhecido por sua alta resistência à quebra e deformação, garantindo durabilidade prolongada mesmo com uso frequente. Praticidade no Transporte As alças laterais proporcionam conforto e segurança ao carregar o cesto, mesmo quando está cheio. Ideal para Pequenos Espaços Sua capacidade de empilhamento permite economizar espaço em áreas pequenas, tornando-o perfeito para apartamentos ou residências compactas. Higiene Melhorada A ventilação eficiente impede o acúmulo de umidade e mofo, promovendo um ambiente mais saudável para as roupas antes da lavagem. Com essas características e atributos, o Cesto de Roupas Empilhável - Preto 43,8L se destaca como uma solução prática, moderna e versátil para organizar e melhorar a rotina doméstica. Perfeito para conservar alimentos com estilo e segurança, ele combina design funcional com a resistência dos produtos Nitron.;;;;;;;
553.012.086;https://produto.nitron.com.br/Baixa/553_012_086-01.jpg;;;73;Porta Sabão Líquido Flat - Chumbo 500ml;Flat Liquid Soap Holder - Lead 500ml;Jabonera Líquida Plana - Plomo 500ml;7.9;7.9;16;500ML;7896779655342;Cozinha;O Porta Sabão Líquido Flat - Chumbo 500ml é a escolha ideal para quem busca praticidade e organização no dia a dia. Resumo em Tópicos das Características do Produto: Capacidade : 500ml, ideal para armazenar sabão líquido. Funcionalidade : Pump prático e funcional para dispensagem fácil do produto. Tampa de fácil remoção, facilitando a reposição do sabão. Design : Clean e moderno, com acabamento na cor chumbo. Design flat (achatado), proporcionando um visual minimalista e elegante. Dimensões : Largura: 7,9 cm Comprimento: 7,9 cm Altura: 16 cm Diferenciais : BPA Free : Não contém bisfenol A, garantindo maior segurança à saúde. Versatilidade : Design alegre que se adapta a diferentes ambientes e momentos. Material Resistente : Fabricado com material de alta qualidade, durável e seguro para uso diário. Atributos Pertinentes ao Produto: Sustentabilidade : O material resistente e livre de BPA contribui para uma menor necessidade de substituição do produto, promovendo economia e reduzindo resíduos. Higiene : O pump facilita a higienização das mãos ou superfícies sem desperdício de produto. Estética : Adequado para cozinhas, banheiros e lavabos, combinando com diversos estilos de decoração. Conforto no Uso : Sua ergonomia permite um manuseio confortável, mesmo com mãos molhadas. Praticidade na Reposição : A tampa removível simplifica o processo de reabastecimento, evitando desperdícios ou sujeira. Perfeito para conservar alimentos com estilo e segurança, ele combina design funcional com a resistência dos produtos Nitron.;;;;;;;
554.006.P01;https://produto.nitron.com.br/Baixa/554_006_P01-01.jpg;;Destaque;65;Kit POP com 6 Potes - Transparente 330ml;POP Kit with 6 Containers – Transparent 330ml;Kit POP con 6 Recipientes – Transparente 330ml;24.6;8;18;330ml;7896779655472;POP;;;;;;;;
554.012.001;https://produto.nitron.com.br/Baixa/554_012_001-01.jpg;;;41;Pote com Tampa Fixa - Transparente 330ml;container with Fixed Lid - Transparent 330ml;Recipiente con Tapa Fija - Transparente 330ml;12.3;8;6;330 ml;7896779655410;Potes;O Pote com Tampa Fixa - Transparente 330ml é a escolha ideal para quem busca praticidade e organização no dia a dia. Capacidade e Material : Capacidade de 330ml. Fabricado com material de alta qualidade, resistente e durável. Tampa Fixa e Travas : Possui tampa fixa com travas laterais que garantem fechamento hermético. As travas evitam vazamentos e mantêm os alimentos protegidos de agentes externos. Transparência : Design transparente permite visualizar facilmente o conteúdo, facilitando a organização na cozinha. Design Moderno e Funcional : Adaptável a qualquer estilo de cozinha. Prático e elegante, ideal para uso diário em casa, no trabalho ou durante viagens. Dimensões : Medidas: Comprimento 12,3cm, Largura 8,0cm, Altura 6,0cm. Propósito : Adequado para armazenamento eficiente e seguro de alimentos. Perfeito para conservar alimentos com estilo e segurança, ele combina design funcional com a resistência dos produtos Nitron.;;;;;;;
554.012.003;https://produto.nitron.com.br/Baixa/554_012_003-01.jpg;;;41;Pote com Tampa Fixa - Preto 330ml;;;12.3;8;6;330 ml;7896779655441;Potes;;;;;;;;
555.006.P01;https://produto.nitron.com.br/Baixa/555_006_P01-01.jpg;;Destaque;65;Kit POP com 6 Potes - Transparente 600ml;POP Kit with 6 Containers – Transparent 600ml;Kit POP con 6 Recipientes – Transparente 600ml;30;13;23.1;600ml;7896779655540;POP;;;;;;;;
555.012.001;https://produto.nitron.com.br/Baixa/555_012_001-01.jpg;;;41;Pote com Tampa Fixa - Transparente 600ml;container with Fixed Lid - Transparent 600ml;Recipiente con Tapa Fija - Transparente 600ml;15;10.5;6.5;600 ml;7896779655519;Potes;O Pote com Tampa Fixa - Transparente 600ml é a escolha ideal para quem busca praticidade e organização no dia a dia. Capacidade e Material : Pote com capacidade de 600ml, fabricado em material de alta qualidade, resistente e durável. Transparência : Design transparente que facilita a visualização do conteúdo, melhorando a organização na cozinha. Tampa Fixa com Travas : Sistema de travas laterais que proporciona um fechamento hermético, evitando vazamentos e protegendo os alimentos de agentes externos. Design Moderno e Funcional : Adaptável a qualquer estilo de cozinha, combinando praticidade e elegância. Versatilidade : Ideal para uso diário, seja em casa, no trabalho ou durante viagens. Dimensões : Medidas do pote: Comprimento 15,0cm, Largura 10,5cm e Altura 6,5cm. Perfeito para conservar alimentos com estilo e segurança, ele combina design funcional com a resistência dos produtos Nitron.;;;;;;;
555.012.003;https://produto.nitron.com.br/Baixa/555_012_003-01.jpg;;;41;Pote com Tampa Fixa - Preto 600ml;;;15;10.5;6.5;600 ml;7896779655595;Potes;;;;;;;;
556.012.001;https://produto.nitron.com.br/Baixa/556_012_001-01.jpg;;;41;Pote com Tampa Fixa - Transparente 1L;container with Fixed Lid - Transparent 1L;Recipiente con Tapa Fija - Transparente 1L;17.5;13;7.7;1 L;7896779655618;Potes;O Pote com Tampa Fixa - Transparente 1L é a escolha ideal para quem busca praticidade e organização no dia a dia. Tampa Fixa e Travas : Pote possui tampa fixa com travas laterais que evitam vazamentos. Material Resistente : Fabricado com material de alta qualidade, oferecendo durabilidade e longa vida útil. Transparência : Design transparente permite visualização fácil do conteúdo, facilitando a organização. Fechamento Herético : As travas garantem um fechamento seguro, protegendo os alimentos de agentes externos. Design Moderno : Estilo funcional e elegante, adaptável a qualquer decoração de cozinha. Versatilidade : Ideal para uso diário, tanto em casa quanto no trabalho ou viagens. Capacidade e Medidas : Capacidade de 1 litro, com dimensões de C 17,5cm x L 13,0cm x A 7,7cm. Perfeito para conservar alimentos com estilo e segurança, ele combina design funcional com a resistência dos produtos Nitron.;;;;;;;
556.012.003;https://produto.nitron.com.br/Baixa/556_012_003-01.jpg;;;41;Pote com Tampa Fixa - Preto 1L;;;17.5;13;7.7;1 L;7896779655694;Potes;;;;;;;;
562.004.M00;https://produto.nitron.com.br/Baixa/562_004_M00-01.jpg;;;35;Tábua de Pizza com Cabo Teca;Teak Pizza Board with Handle;Tabla para Pizza con Mango de Teca;48.7;38;1.5;;7896779656226;Teca;0;;;;;;;
563.004.M00;https://produto.nitron.com.br/Baixa/563_004_M00-01.jpg;;;35;Tábua de Pizza Brotinho com Cabo Teca;Teak Small Board with Handle;Tabla Brotinho con Mango de Teca;44.3;34.3;1.5;;7896779656318;Teca;0;;;;;;;
6120.006.P01;https://produto.nitron.com.br/Baixa/6120_006_P01-01.jpg;;Destaque;64;Kit POP com 6 Potes - Transparente 500ml;POP Kit with 6 Containers – Transparent 500ml;Kit POP con 6 Recipientes – Transparente 500ml;16.6;11.2;23.4;500ml;7896779620098;POP;;;;;;;;
6120.050.001;https://produto.nitron.com.br/Baixa/6120_050_001-01.jpg;;;54;Pote Raso Retangular com 2 Peças - 500ml (061/2);2-Piece Rectangular Shallow container - 500ml;Maceta rectangular poco profunda con 2 piezas - 500 ml;16.6;11.2;7.8;500 ml;7896779606122;Potes;"O Porta Guardanapo Teca é a escolha ideal para quem busca praticidade e organização no dia a dia. Principais Características do Produto em Tópicos: Material Nobre : Produzido 100% em madeira de teca, conhecida por sua resistência natural à umidade e durabilidade. A teca oferece uma tonalidade única que adiciona sofisticação ao produto. Design Sofisticado : Design contemporâneo com toque rústico, adaptável a ambientes clássicos ou modernos. Acabamento artesanal que realça os veios e texturas naturais da madeira, tornando cada peça única. Dimensões Práticas : Medidas ideais (14,7cm x 17cm x 1,5cm) para segurar firmemente guardanapos de papel de diversos tamanhos. Combina funcionalidade com estilo. Sustentabilidade : A madeira é proveniente de fontes responsáveis, tornando o produto uma escolha ecológica e consciente para consumidores preocupados com o meio ambiente. Conforto e Estabilidade : Base robusta e estável para evitar tombamentos durante o uso. Alça anatômica que facilita o manuseio no dia a dia. Versatilidade de Uso : Ideal para jantares refinados, cafés da manhã especiais ou como peça decorativa na cozinha ou área gourmet. Vai além de ser apenas um acessório funcional; expressa bom gosto e elegância. Atributos Pertinentes ao Produto: Resistente à Umidade : Adequado para ambientes que podem ter variações climáticas ou contato ocasional com água. Durabilidade Garantida : A madeira de teca é altamente durável, proporcionando longevidade ao produto. Fácil Limpeza : Devido às propriedades naturais da teca, o suporte pode ser limpo sem danificar o material. Estilo Versátil : Combina com diferentes estilos de decoração, desde minimalistas até mais tradicionais. Presente Ideal : Pode ser utilizado como um presente especial para quem valoriza design, qualidade e sustentabilidade. Produção Artisanal : Cada peça é cuidadosamente fabricada, garantindo exclusividade e atenção aos detalhes. Ecoconsciente : Reflete compromisso com práticas ambientais responsáveis, atrativo para consumidores conscientes. Este resumo destaca tanto as características técnicas quanto os benefícios emocionais associados ao uso do porta-guardanapo de teca. Perfeito para conservar alimentos com estilo e segurança, ele combina design funcional com a resistência dos produtos Nitron.";;;;;;;
6130.030.001;https://produto.nitron.com.br/Baixa/6130_030_001-01.jpg;;;54;Pote Raso Retangular com 3 Peças - 500ml (061/3);3-Piece Rectangular Shallow container - 500ml;Maceta rectangular poco profunda con 3 piezas - 500 ml;16.6;11.2;11.7;500 ml;7896779606139;Potes;O Pote Raso Retangular com 3 Peças - 500ml (061/3) é a escolha ideal para quem busca praticidade e organização no dia a dia. Principais Características do Produto Design Alegre e Versátil : Adequado para todos os momentos, proporcionando um toque especial na organização da geladeira. Material Resistente e Durável : Fabricado em polipropileno, garantindo qualidade e longevidade. Alças Laterais : Facilitam o manuseio e transporte do pote. Capacidade de 500ml : Ideal para armazenamento de alimentos ou bebidas. Dimensões Específicas : Peso: 70 g Largura: 11,2 cm Comprimento: 16,6 cm Altura: 3,9 cm Segurança no Uso : Livre de BPA (Bisfenol A), substância química nociva à saúde. Organização Prática : Ajuda a manter a geladeira mais organizada, proporcionando mais tempo livre para lazer. Atributos Pertinentes ao Produto Eco-friendly : O uso de material BPA Free contribui para a segurança alimentar e saúde dos usuários. Fácil Limpeza : O material de polipropileno geralmente facilita a limpeza, sendo resistente a resíduos grudentos. Multipropósito : Pode ser utilizado tanto para alimentos sólidos quanto líquidos, ampliando suas funções na cozinha. Estética Moderna : O design alegre e funcional torna o produto uma peça decorativa mesmo enquanto é prático. Compacto e Prático : As dimensões permitem que o pote seja facilmente acomodado em espaços pequenos dentro da geladeira. Ideal para Presentes : Por sua beleza e utilidade, pode ser considerado como presente para quem busca organização e estilo. Perfeito para conservar alimentos com estilo e segurança, ele combina design funcional com a resistência dos produtos Nitron.;;;;;;;
625.002.M00;https://produto.nitron.com.br/Baixa/625_002_M00-01.jpg;;;35;Tabua Multiuso Madeira Teca Grande Gourmet;Tabla Multiuso Gourmet de Madera de Teca Grande;Large Gourmet Multi-Purpose Teak Wood Board;42;29.5;3;;7896779662517;Teca;O Tabua Multiuso Madeira Teca Grande Gourmet é a escolha ideal para quem busca praticidade e organização no dia a dia. Resumo em Tópicos das Principais Características do Produto: Material e Durabilidade Feita de madeira nobre de teca, conhecida por sua durabilidade e resistência. Adequada para uso intensivo, especialmente em preparações de churrasco. Dimensões e Design Medidas: Comprimento 42,0 cm, Largura 29,5 cm, Altura (Espessura) 3,0 cm. Espessura de 3 cm proporciona estabilidade durante o uso. Cor marrom liso, com um design simples e elegante que combina bem com qualquer ambiente gourmet. Funcionalidade Grande espaço de trabalho, ideal para cortar diversos tipos de carne e alimentos. Inclui uma base e uma canaleta para coletar sucos ou líquidos, facilitando a limpeza e evitando desperdícios. Manutenção Fácil de limpar, sendo adequada para lava-louças. Requer cuidados básicos típicos de produtos de madeira para prolongar sua vida útil. Limitações Não possui acabamento antiderrapante na base. Não vem com alça para transporte. Atributos Pertinentes ao Produto: Segmento : Utensílio de cozinha premium, voltado para amantes de culinária gourmet e churrasco. Característica Ecológica : A madeira de teca é sustentável quando proveniente de fontes certificadas, podendo ser destacada como um diferencial ambiental. Versatilidade : Além de ser usada como tábua de corte, pode servir como prato de apresentação de frios, queijos e carnes. Cuidados Especiais : Recomenda-se hidratar periodicamente com óleo mineral para manter a integridade da madeira. Apelo Estético : O tom marrom liso da teca confere um ar sofisticado, tornando-a uma peça decorativa funcional. Durabilidade Adicional : A resistência natural da teca a agentes externos (como umidade e calor) faz desta tábua uma escolha prática para ambientes externos, como churrasqueiras. Este produto combina beleza, utilidade e qualidade, sendo uma excelente opção para quem busca elevar suas experiências gastronômicas. Perfeito para conservar alimentos com estilo e segurança, ele combina design funcional com a resistência dos produtos Nitron.;;;;;;;
680.004.M00;https://produto.nitron.com.br/Baixa/680_004_M00-01.jpg;;;36;Boleira Teca Com Acrílico;Teak Cake Stand with Acrylic;Base para Tortas de Teca con Acrílico;Ø25;Ø25;11.5;;7896779668038;Teca;O Boleira Teca Com Acrílico é a escolha ideal para quem busca praticidade e organização no dia a dia. Resumo em Tópicos das Principais Características do Produto: Design Elegante e Moderno Combinação de design clássico com acabamento sofisticado, ideal para uso diário ou eventos especiais. Tampa Acrílica Transparente Facilita a visualização do conteúdo sem necessidade de abertura. Protege os alimentos contra sujeira e agentes externos. Material Resistente e Durável Base feita de madeira Teca, conhecida por sua resistência e durabilidade. Fácil de limpar e manter, garantindo longa vida útil. Versatilidade Adequada para armazenar bolos, doces, sobremesas e até como centro de mesa decorativo. Tamanho Compacto e Funcional Dimensões que se adaptam facilmente a qualquer ambiente, sem ocupar muito espaço. Cuidados Especiais Não utilizar produtos abrasivos ou esponjas agressivas na limpeza da cúpula acrílica. Atributos Pertinentes ao Produto: Composição: Base: Madeira Teca (resistente e natural). Tampa: Acrílico transparente (modernidade e proteção). Dimensões: Embalagem: 252mm x 252mm x 120mm. Base de Teca: 250mm x 250mm x 18mm. Cúpula de Acrílico: 230mm x 230mm x 100mm. Funcionalidades Adicionais: Conservação eficiente dos alimentos, mantendo-os frescos por mais tempo. Uso tanto funcional quanto decorativo, agregando valor estético à cozinha ou sala de jantar. Manutenção: Limpeza simples e prática, desde que evitem-se produtos químicos fortes ou utensílios abrasivos. Apelo Visual: Perfeita para quem busca um equilíbrio entre tradição e modernidade, combinando materiais naturais e tecnológicos. Este produto é uma excelente escolha para quem deseja unir estilo, praticidade e qualidade em um acessório essencial para a cozinha ou recepções. Perfeito para conservar alimentos com estilo e segurança, ele combina design funcional com a resistência dos produtos Nitron.;;;;;;;
681.004.M00;https://produto.nitron.com.br/Baixa/681_004_M00-01.jpg;;Destaque;36;Queijeira Teca Com Acrílico;Teak Cheese Board with Acrylic;Quesera de Teca con Acrílico;Ø16,5;Ø16,5;9.5;;7896779668137;Teca;O Queijeira Teca Com Acrílico é a escolha ideal para quem busca praticidade e organização no dia a dia. Resumo em Tópicos das Principais Características da Queijeira Teca com Acrílico Design Elegante e Moderno Base em madeira de teca, proporcionando um visual rústico e sofisticado. Tampa de acrílico transparente, que adiciona modernidade e permite visibilidade dos alimentos. Tampa de Acrílico Funcional Protege os queijos e mantém sua frescura por mais tempo. Fácil de remover para acesso rápido aos alimentos. Material Resistente Feita com madeira de teca de alta qualidade, conhecida por sua durabilidade e resistência à umidade. Adequada para armazenar e servir queijos e outros alimentos delicados. Versatilidade Ideal para servir diversos tipos de queijos. Pode ser usada para outros itens como frutas, petiscos ou até mesmo como peça decorativa. Fácil de Limpar Simples manutenção e higienização, garantindo praticidade no uso diário. Dimensões e Conteúdo Contém: 1 cúpula em acrílico e 1 base de madeira teca. Embalagem: 168mm x 167mm x 97mm. Base de madeira teca: 165mm x 165mm x 18mm. Cúpula em acrílico: 150mm x 150mm x 80mm. Aviso Importante Não utilizar produtos ou esponjas abrasivas na peça de acrílico para evitar danos. Atributos Pertinentes ao Produto Material: Combinação de madeira de teca (durável e resistente) e acrílico (transparente e leve). Funcionalidade: Preserva a frescura dos alimentos e facilita o acesso. Estética: Design sofisticado que combina rusticidade com modernidade, adequado para ambientes requintados. Praticidade: Fácil de limpar e versátil no uso, podendo ir além do serviço de queijos. Sustentabilidade: Madeira de teca é uma escolha sustentável e duradoura, contribuindo para menor impacto ambiental. Segurança: Indicação clara sobre cuidados específicos para prolongar a vida útil do produto, especialmente da cúpula de acrílico. Este produto é ideal para quem busca estilo, funcionalidade e durabilidade em um acessório de cozinha ou mesa posta. Perfeito para conservar alimentos com estilo e segurança, ele combina design funcional com a resistência dos produtos Nitron.;;;;;;;
682.004.M00;https://produto.nitron.com.br/Baixa/682_004_M00-01.jpg;;;37;Petisqueira Teca com 3 Molheiras;Teak Appetizer Board with 3 Sauce Bowls;Bandeja de Aperitivos de Teca con 3 Recipientes para Salsas;24.5;8.8;1.8;;7896779668229;Teca;O Petisqueira Teca com 3 Molheiras é a escolha ideal para quem busca praticidade e organização no dia a dia. Resumo em Tópicos das Principais Características do Produto: Material: Molheiras feitas em acrílico (resistente e fácil de limpar). Base confeccionada em madeira Teca (material durável e resistente, conferindo elegância ao produto). Design: Design elegante e moderno, com acabamento impecável. Estrutura funcional que combina estilo e praticidade. Tamanho: Dimensões compactas: 24,5 cm (comprimento) x 8,8 cm (largura) x 1,8 cm (altura). Ideal para ambientes pequenos ou eventos onde o espaço é limitado. Funcionalidade: Composta por 3 molheiras, perfeita para servir aperitivos, snacks ou condimentos. Fácil de usar e armazenar devido ao seu tamanho reduzido. Versatilidade: Adequada para uso tanto em casa quanto em eventos formais ou informais. Aumenta a sofisticação da decoração de qualquer mesa. Atributos Pertinentes ao Produto: Durabilidade: Combinação de materiais resistentes (acrílico e teca) garante longevidade ao produto. Sustentabilidade: A madeira Teca é um material natural e, quando proveniente de fontes responsáveis, pode ser considerada uma opção mais sustentável. Fácil Limpeza: O acrílico facilita a limpeza das molheiras, enquanto a base em madeira requer cuidados específicos para manter sua aparência original. Capacidade: As 3 molheiras oferecem versatilidade na organização e apresentação de alimentos ou bebidas. Estética: O design clean e moderno permite que a petisqueira se integre harmoniosamente a diferentes estilos de decoração. Perfeito para conservar alimentos com estilo e segurança, ele combina design funcional com a resistência dos produtos Nitron.;;;;;;;
683.004.M00;https://produto.nitron.com.br/Baixa/683_004_M00-01.jpg;;;37;Petisqueira Teca com 2 Molheiras;Teak Appetizer Board with 2 Sauce Bowls;Bandeja de Aperitivos de Teca con 2 Recipientes para Salsas;16.5;8.8;1.8;;7896779668311;Teca;O Petisqueira Teca com 2 Molheiras é a escolha ideal para quem busca praticidade e organização no dia a dia. Principais Características da Petisqueira Teca com 2 Molheiras: Material: Base em madeira Teca (resistente e de alta qualidade). Molheiras feitas em acrílico (leves e fáceis de limpar). Design: Elegante e moderno, com acabamento impecável. Estrutura durável que proporciona um toque de classe ao ambiente. Tamanho: Compacto e funcional: C 16,5cm x L 8,8cm x A 1,8cm. Ideal para ambientes pequenos ou eventos onde o espaço é limitado. Funcionalidade: Duas molheiras práticas para acomodar petiscos ou condimentos. Fácil de usar e transportar entre cômodos ou durante eventos. Estilo: Adiciona sofisticação e praticidade à decoração da cozinha ou mesa posta. Atributos Pertinentes ao Produto: Resistência à umidade (devido à natureza da madeira Teca tratada). Fácil manutenção e limpeza (especialmente das molheiras de acrílico). Versatilidade para uso em diversas ocasiões (churrascos, happy hours, jantares formais, etc.). Produto ecológico, já que utiliza madeira Teca, uma matéria-prima sustentável quando bem gerida. Peso leve, facilitando o transporte e manuseio. Excelente custo-benefício por combinar design, durabilidade e funcionalidade. Perfeito para conservar alimentos com estilo e segurança, ele combina design funcional com a resistência dos produtos Nitron.;;;;;;;
684.004.M00;https://produto.nitron.com.br/Baixa/684_004_M00-01.jpg;;;36;Tábua de Servir Teca Com Cabo e 2 Molheiras;Teak Serving Board with Handle and 2 Sauce Bowls;Tabla de Servir de Teca con Mango y 2 Recipientes;40;17.5;1.8;;7896779668410;Teca;O Tábua de Servir Teca Com Cabo e 2 Molheiras é a escolha ideal para quem busca praticidade e organização no dia a dia. Resumo em Tópicos - Principais Características do Produto: Material da Tábua: Feita em madeira de Teca, conhecida por sua durabilidade e resistência. Molheiras Inclusas: Duas molheiras feitas em acrílico, práticas e resistentes. Design Ergonômico: Possui cabo que facilita o transporte e manuseio, tornando-a prática para servir petiscos ou aperitivos. Capacidade de Uso: Espaço suficiente para uma boa porção de alimentos, ideal para servir snacks, entradas ou sobremesas. Estilo e Design: Linhas modernas e elegantes, com acabamento impecável que traz um toque sofisticado para qualquer ambiente. Dimensões Compactas: Medidas (C x L x A): 40,0 cm x 17,5 cm x 1,8 cm, permitindo fácil armazenamento e adaptação a diferentes espaços. Versatilidade: Adequada tanto para uso doméstico quanto para eventos especiais, combinando estilo e funcionalidade. Atributos Pertinentes ao Produto: Sustentabilidade: A madeira de Teca pode ser proveniente de florestas plantadas, sendo uma escolha mais sustentável quando comparada a outros materiais. Fácil Limpeza: A superfície lisa e o material resistente facilitam a limpeza, garantindo durabilidade e higiene. Resistência à Umidade: A madeira de Teca é naturalmente resistente à umidade, o que a torna adequada para ambientes como cozinhas ou áreas externas. Multiplicidade de Usos: Além de servir petiscos, pode ser utilizada para apresentar sobremesas, queijos, frios ou até mesmo como base decorativa. Valor Estético: O tom dourado característico da Teca adiciona um ar rústico e sofisticado, valorizando a decoração da mesa. Praticidade no Armazenamento: Devido às suas dimensões compactas, pode ser guardada facilmente em gavetas ou prateleiras sem ocupar muito espaço. Perfeito para conservar alimentos com estilo e segurança, ele combina design funcional com a resistência dos produtos Nitron.;;;;;;;
685.004.M00;https://produto.nitron.com.br/Baixa/685_004_M00-01.jpg;;;37;Tábua de Servir Teca Com 1 Molheira;Teak Serving Board with 1 Sauce Bowl;Tabla de Servir de Teca con 1 Recipiente;23;23;1.8;;7896779668519;Teca;O Tábua de Servir Teca Com 1 Molheira é a escolha ideal para quem busca praticidade e organização no dia a dia. Resumo em Tópicos das Principais Características do Produto: Material e Composição Tábua feita em madeira de teca, conhecida por sua durabilidade e resistência. Molheira confeccionada em acrílico, material leve e transparente. Design e Estética Design moderno e elegante, com acabamento impecável. Estrutura que combina funcionalidade com estilo, adicionando um toque de classe a qualquer ambiente. Funcionalidade Espaço suficiente para servir petiscos ou hambúrgueres, atendendo bem a pequenas reuniões ou eventos casuais. Dimensões Medidas compactas: 23 cm (comprimento) x 23 cm (largura) x 1,8 cm (altura). Ideal para ambientes onde espaço é limitado, sem comprometer a praticidade. Versatilidade Adequada para uso tanto em casa quanto em eventos informais, trazendo estilo e conveniência à cozinha ou mesa. Atributos Pertinentes ao Produto: Sustentabilidade: A madeira de teca pode ser uma escolha sustentável, desde que proveniente de fontes certificadas. Isso pode ser um diferencial importante para consumidores conscientes. Fácil Limpeza: O acrílico da molheira e a madeira tratada da tábua tornam o produto fácil de limpar e manter higiênico. Resistência à Umidade: A teca é naturalmente resistente à umidade, o que aumenta a vida útil da tábua, mesmo em ambientes como cozinhas. Presente Ideal: Devido ao seu design sofisticado e utilidade prática, pode ser uma ótima opção de presente para quem gosta de cozinhar ou receber amigos em casa. Multipropósito: Além de servir alimentos, pode ser utilizada como peça decorativa na cozinha ou sala de jantar, enriquecendo o visual do ambiente. Este resumo destaca não apenas as características principais do produto, mas também seus benefícios e atrativos adicionais que podem influenciar a decisão de compra. Perfeito para conservar alimentos com estilo e segurança, ele combina design funcional com a resistência dos produtos Nitron.;;;;;;;
686.004.M00;https://produto.nitron.com.br/Baixa/686_004_M00-01.jpg;;;37;Tábua de Servir Teca com 3 Molheiras;Teak Serving Board with 3 Sauce Bowls;Tabla de Servir de Teca con 3 Recipientes;29;21;1.8;;7896779668687;Teca;O Tábua de Servir Teca com 3 Molheiras é a escolha ideal para quem busca praticidade e organização no dia a dia. Principais características do produto em tópicos: Material: Tábua feita em madeira de Teca, conhecida por sua durabilidade e resistência. Molheiras fabricadas em acrílico, material leve e transparente. Design: Linhas elegantes e modernas, com acabamento impecável. Estilo que combina classe e funcionalidade, adequado para diversas ocasiões. Funcionalidade: Espaço suficiente para servir petiscos, hambúrgueres, batatas fritas ou outras iguarias. Dimensões: Comprimento: 29,0 cm Largura: 21,0 cm Altura: 1,8 cm Design compacto, ideal para ambientes pequenos ou onde espaço é limitado. Versatilidade: Adequada tanto para uso doméstico quanto em eventos especiais. Adiciona estilo e praticidade à decoração da cozinha ou mesa de jantar. Atributos pertinentes ao produto: Sustentabilidade: A madeira de Teca pode ser proveniente de fontes renováveis, tornando o produto uma escolha mais sustentável (dependendo da origem). Fácil Limpeza: O acrílico das molheiras e a superfície lisa da tábua facilitam a limpeza após o uso. Resistência à Umidade: A madeira de Teca possui óleos naturais que a tornam resistente à umidade, aumentando sua durabilidade. Multipropósito: Além de servir alimentos, pode ser usada como peça decorativa em cozinhas ou buffets. Capacidade: Ideal para pequenas a médias porções, sendo prática para refeições informais ou apetitivos. Perfeito para conservar alimentos com estilo e segurança, ele combina design funcional com a resistência dos produtos Nitron.;;;;;;;
689.004.M00;https://produto.nitron.com.br/Baixa/689_004_M00-01.jpg;;;36;Tábua Servir Teca Com Cabo e 1 Molheira;Teak Serving Board with Handle and 1 Sauce Bowl;Tabla de Servir de Teca con Mango y 1 Recipiente;40;13.3;1.8;;7896779668915;Teca;O Tábua Servir Teca Com Cabo e 1 Molheira é a escolha ideal para quem busca praticidade e organização no dia a dia. Resumo em Tópicos das Principais Características do Produto: Material da Tábua: Feita em madeira de Teca, material resistente e durável. Possui acabamento impecável que confere elegância ao produto. Acessório Incluso: Molheira e pote feitos em acrílico, ideais para acompanhar molhos ou temperos. Funcionalidade: Design pensado para servir petiscos, fritas ou outras pequenas porções de comida. Espaço suficiente para uma boa porção, mas mantém o tamanho compacto. Design: Estilo moderno e elegante, com um toque de classe que se adapta a qualquer ambiente. Cabo integrado à tábua para maior praticidade no manuseio. Dimensões: Medidas: 40,0 cm (comprimento) x 13,3 cm (largura) x 1,8 cm (altura). Tamanho funcional que não ocupa muito espaço na mesa ou cozinha. Versatilidade: Adequada para uso tanto em casa quanto em eventos, proporcionando estilo e praticidade. Atributos Pertinentes ao Produto: Sustentabilidade: A madeira de Teca é conhecida por sua durabilidade e resistência natural, além de ser um material renovável quando proveniente de florestas bem gerenciadas. Fácil Limpeza: O acrílico da molheira e a superfície lisa da tábua facilitam a limpeza após o uso. Resistência à Umidade: A madeira tratada pode suportar exposição moderada à umidade, tornando-a adequada para ambientes como cozinhas e áreas de refeição. Multipropósito: Além de servir petiscos, pode ser utilizada para apresentar frutas, queijos ou entradas em ocasiões especiais. Presente Ideal: Seu design sofisticado e funcionalidade a tornam uma ótima opção de presente para quem aprecia utensílios de qualidade para a cozinha. Perfeito para conservar alimentos com estilo e segurança, ele combina design funcional com a resistência dos produtos Nitron.;;;;;;;
695.002.M00;https://produto.nitron.com.br/Baixa/695_002_M00-01.jpg;;Lançamento;35;Tabua Multiuso Madeira Teca Quadrada Gourmet;Gourmet Square Multi-Purpose Teak Wood Board;Tabla Multiuso Gourmet Cuadrada de Madera de Teca;29.5;29.5;3;;7896779669516;Teca;;;;;;;;
700.006.001;https://produto.nitron.com.br/Baixa/700_006_001-01.jpg;;Destaque;27;Organizador de Geladeira Rattan - 7L;Rattan Refrigerator Organizer - 7L;Organizador de nevera de ratán - 7L;38.2;27.5;8.2;7L;7896779670017;Geladeira;"O Organizador de Geladeira Rattan - 7L é a escolha ideal para quem busca praticidade e organização no dia a dia. Principais Características do Produto Nome do Produto : Organizador de Geladeira Rattan - 7L Material : Fabricado em polipropileno, um material resistente e durável. Capacidade : 7 litros de capacidade, ideal para organizar itens na geladeira. Design : Design alegre e versátil, adequado para diferentes estilos de decoração. Alças Laterais : Possui alças nas laterais que facilitam o transporte e reposicionamento dentro da geladeira. Dimensões : Peso: 135 g Largura: 20 cm Comprimento: 25,5 cm Altura: 8,3 cm Segurança : Livre de BPA (Bisfenol A), uma substância química potencialmente prejudicial à saúde. Propósito : Ajuda na organização da geladeira, proporcionando mais espaço e praticidade no dia a dia. Benefícios Adicionais : Proporciona mais tempo livre para lazer com família e amigos ao otimizar o espaço da geladeira. Atributos Pertinentes ao Produto Eco-Friendly : O uso de materiais livres de BPA contribui para a segurança alimentar e reduz riscos à saúde. Praticidade : As alças laterais tornam o manuseio mais fácil, permitindo que o usuário movimente o organizador sem esforço. Versatilidade : Além de organizar a geladeira, pode ser utilizado em outros ambientes domésticos, como armários ou dispensas. Durabilidade : O polipropileno garante resistência contra impactos e desgaste, aumentando a vida útil do produto. Estilo Moderno : O design ""Rattan"" confere um toque sofisticado e contemporâneo, combinando com diversas decorações. Otimização de Espaço : Com sua estrutura compacta e bem dimensionada, permite aproveitar melhor o espaço interno da geladeira. Portabilidade : Devido às suas dimensões e leveza, é fácil de transportar entre diferentes áreas da casa ou até mesmo entre residências. Perfeito para conservar alimentos com estilo e segurança, ele combina design funcional com a resistência dos produtos Nitron.";;;;;;;
701.006.001;https://produto.nitron.com.br/Baixa/701_006_001-01.jpg;;Destaque;27;Organizador de Geladeira Rattan - 4,5L;Rattan Refrigerator Organizer - 4.5L;Organizador de nevera de ratán - 4,5 L;31.9;22;8.2;4,5L;7896779670116;Geladeira;O Organizador de Geladeira Rattan - 4,5L é a escolha ideal para quem busca praticidade e organização no dia a dia. Principais Características do Produto: Organizador de Geladeira Rattan - 4,5L 1. Design e Estética Design alegre e versátil, adequado para diferentes estilos e momentos. Proporciona um toque especial à geladeira, deixando-a mais organizada e visualmente agradável. 2. Material e Qualidade Fabricado em polipropileno , um material conhecido por sua resistência e durabilidade. Livre de BPA (bisfenol A) , garantindo segurança para saúde e alimentos armazenados. 3. Funcionalidade Capacidade de 4,5 litros , ideal para organizar itens pequenos e médios na geladeira. Contém alças nas laterais , facilitando o transporte e reposicionamento dentro da geladeira. 4. Dimensões e Peso Peso: 286 g . Largura: 22,5 cm . Comprimento: 32,3 cm . Altura: 8,3 cm . Tamanho compacto que se adapta facilmente ao espaço interno da geladeira. 5. Benefícios Ajuda a otimizar o espaço na geladeira, proporcionando mais organização. Oferece mais tempo livre para atividades de lazer, reduzindo o tempo gasto procurando itens na geladeira. Faz parte da nova linha de produtos Nitron , focada em soluções práticas e modernas para organização doméstica. Atributos Pertinentes ao Produto: Segurança : Material BPA Free, garantindo que não haja contaminação química nos alimentos. Praticidade : Alças laterais facilitam o manuseio e movimentação. Sustentabilidade : O uso de materiais resistentes e duráveis contribui para a longevidade do produto, reduzindo descartes frequentes. Versatilidade : Além de organizar, traz um design que harmoniza com diferentes ambientes e estilos de vida. Capacidade Adequada : O tamanho de 4,5 litros é funcional para armazenar uma variedade de itens sem ocupar muito espaço na geladeira. Perfeito para conservar alimentos com estilo e segurança, ele combina design funcional com a resistência dos produtos Nitron.;;;;;;;
702.006.001;https://produto.nitron.com.br/Baixa/702_006_001-01.jpg;;;27;Organizador de Geladeira Rattan - 3,2L;Rattan Refrigerator Organizer - 3.2L;Organizador de nevera de ratán - 3,2 L;25;19.5;8.2;3,2L;7896779670215;Geladeira;O Organizador de Geladeira Rattan - 3,2L é a escolha ideal para quem busca praticidade e organização no dia a dia. Resumo em Tópicos das Principais Características do Produto: Design e Estética Design alegre e versátil, adequado para qualquer ocasião. Adiciona um toque especial à organização da geladeira. Funcionalidade Ideal para organizar itens na geladeira, proporcionando mais praticidade. Ajuda a ganhar tempo para atividades de lazer com familiares e amigos. Material e Qualidade Fabricado em polipropileno, um material resistente e durável. Livre de BPA (substância química nociva à saúde). Conforto e Usabilidade Contém alças nas laterais, facilitando o transporte e reposicionamento. Dimensões e Peso (Tamanho M) Peso: 340 g Largura: 28 cm Comprimento: 38,5 cm Altura: 8,3 cm Capacidade: 3,2L Benefícios Adicionais Promove uma geladeira mais organizada e funcional. Contribui para ambientes mais esteticamente agradáveis dentro de casa. Atributos Pertinentes ao Produto: Eco-friendly : O uso de materiais livres de BPA torna o produto mais seguro e sustentável. Multiuso : Além de organizar a geladeira, pode ser utilizado em outros espaços da casa para armazenar pequenos itens. Fácil Limpeza : Provavelmente compatível com limpeza simples (informação implícita pela natureza do material). Durabilidade Garantida : O polipropileno é conhecido por sua resistência ao impacto e longevidade. Portabilidade : As alças laterais permitem que o organizador seja facilmente movido ou ajustado conforme necessário. Copy Ask Explain Perfeito para conservar alimentos com estilo e segurança, ele combina design funcional com a resistência dos produtos Nitron.;;;;;;;
703.006.001;https://produto.nitron.com.br/Baixa/703_006_001-01.jpg;;;27;Organizador de Geladeira Rattan - 4L;Rattan Refrigerator Organizer - 4L;Organizador de nevera de ratán - 4L;25;19.5;10.4;4L;7896779670314;Geladeira;O Organizador de Geladeira Rattan - 4L é a escolha ideal para quem busca praticidade e organização no dia a dia. Principais Características do Produto (Organizador de Geladeira Rattan - 4L): Capacidade e Tamanho : Capacidade: 4 litros. Dimensões (Tamanho M): Peso: 230 g Largura: 20 cm Comprimento: 25,5 cm Altura: 10,8 cm Material : Fabricado em polipropileno, um material resistente e durável. Livre de BPA (Bisfenol A), garantindo segurança para a saúde. Design : Design alegre e versátil, adequado para diversos estilos e momentos. Proporciona um toque especial à organização da geladeira. Funcionalidade : Ideal para organizar itens na geladeira, otimizando o espaço. Alças laterais facilitam o transporte e manuseio do organizador. Benefícios : Ajuda a manter a geladeira organizada, proporcionando mais tempo para atividades de lazer. Adequado para uso diário, combinando funcionalidade com estilo. Durabilidade : Material de alta qualidade, garantindo longevidade do produto. Atributos Pertinentes ao Produto: Segurança : O fato de ser livre de BPA é um diferencial importante, especialmente para produtos que entram em contato direto com alimentos ou bebidas. Conforto no Uso : As alças laterais tornam o produto mais prático e fácil de transportar dentro da geladeira. Estética : O design alegre e moderno pode atrair consumidores que buscam não apenas funcionalidade, mas também um toque decorativo em seus eletrodomésticos. Sustentabilidade : Embora não mencionado diretamente, o uso de materiais resistentes e duráveis pode indicar uma preocupação com a vida útil do produto, reduzindo desperdícios. Versatilidade : Além de organizar a geladeira, pode ser utilizado em outros ambientes domésticos para armazenamento de pequenos itens. Perfeito para conservar alimentos com estilo e segurança, ele combina design funcional com a resistência dos produtos Nitron.;;;;;;;
704.006.001;https://produto.nitron.com.br/Baixa/704_006_001-01.jpg;;;27;Organizador de Geladeira Rattan - 2L;Rattan Refrigerator Organizer - 2L;Organizador de nevera de ratán - 2L;20.3;15.4;9.2;2L;7896779670420;Geladeira;O Organizador de Geladeira Rattan - 2L é a escolha ideal para quem busca praticidade e organização no dia a dia. Resumo das Principais Características e Atributos do Produto: Design e Estética Design alegre, versátil e moderno que se adapta a diferentes estilos de decoração e momentos. Adequado para organização prática e visualmente agradável na geladeira. Material de Alta Qualidade Fabricado em polipropileno, um material conhecido por sua resistência e durabilidade. Livre de BPA (Bisfenol A), garantindo segurança e saúde ao usuário. Dimensões e Capacidade Capacidade: 2 litros. Medidas: Largura (15,4 cm) × Comprimento (20,5 cm) × Altura (9,5 cm). Peso leve: apenas 148 gramas, facilitando o manuseio. Funcionalidades Alças laterais que proporcionam praticidade na locomoção dentro ou fora da geladeira. Ideal para organizar itens como bebidas, snacks, sobremesas ou outros alimentos no refrigerador. Segurança e Saúde Certificação BPA Free, eliminando riscos à saúde associados à exposição a substâncias químicas nocivas. Durabilidade e Resistência Material incrivelmente resistente, projetado para suportar o uso diário sem comprometer a integridade estrutural. Praticidade e Versatilidade Perfeito para otimizar espaço na geladeira e manter os itens organizados de forma eficiente. Adequado tanto para uso doméstico quanto em ambientes comerciais, como bares ou restaurantes. Atributos Adicionais Pertinentes ao Produto: Fácil limpeza com água e sabão, mantendo higiene e prolongando a vida útil do produto. Resistente a impactos e riscos leves, ideal para armazenamento seguro de objetos frágeis ou líquidos. Cor e textura inspiradas no estilo rústico-chique (Rattan), conferindo um toque sofisticado à organização. Perfeito para conservar alimentos com estilo e segurança, ele combina design funcional com a resistência dos produtos Nitron.;;;;;;;
705.006.001;https://produto.nitron.com.br/Baixa/705_006_001-01.jpg;;;27;Organizador de Geladeira Juta - 3,7L;Jute Refrigerator Organizer - 3.7L;Organizador de nevera de yute - 3,7 L;27.7;13.2;11.8;3,7L;7896779670512;Geladeira;O Organizador de Geladeira Juta - 3,7L é a escolha ideal para quem busca praticidade e organização no dia a dia. Resumo das Principais Características: Design : Alegre e versátil, adequado para diversos momentos. Funcionalidade : Perfeito para organizar a geladeira com praticidade. Material : Fabricado em polipropileno de alta qualidade, resistente e durável. Segurança : Livre de BPA (Bisfenol A), garantindo segurança à saúde. Portabilidade : Contém alças laterais que facilitam o transporte. Dimensões : Peso: 179 g Largura: 13,2 cm Comprimento: 27,5 cm Altura: 11,6 cm Capacidade : 3,7 litros, ideal para armazenar pequenos itens na geladeira. Atributos Pertinentes ao Produto: Ecológico : Feito de material reciclável (polipropileno). Higiene : Fácil de limpar e manter higiênico, adequado para uso alimentar. Praticidade : Adequado para organizar alimentos, bebidas ou temperos na geladeira. Estilo : Design moderno e colorido que combina com qualquer cozinha. Eficiência Espacial : Otimiza o espaço interno da geladeira sem ocupar muito lugar. Perfeito para conservar alimentos com estilo e segurança, ele combina design funcional com a resistência dos produtos Nitron.;;;;;;;
706.006.001;https://produto.nitron.com.br/Baixa/706_006_001-01.jpg;;;27;Organizador de Geladeira Juta - 1,5L;Jute Refrigerator Organizer - 1.5L;Organizador de nevera de yute - 1,5 L;20.8;10;8.7;1,5L;7896779670611;Geladeira;O Organizador de Geladeira Juta - 1,5L é a escolha ideal para quem busca praticidade e organização no dia a dia. Resumo em Tópicos das Principais Características do Produto: Nome do Produto e Marca Nome: Organizador de Geladeira Juta em Plástico Transparente Modelo: 20,8x8,7x9,9cm Marca: Nitron Propósito do Produto Organizar os itens dentro da geladeira de forma prática e eficiente. Contribuir para um ambiente mais organizado, proporcionando mais tempo livre para lazer e convívio social. Características Físicas Material: Plástico transparente (facilita a visualização dos itens armazenados). Dimensões: 20,8 cm x 8,7 cm x 9,9 cm (compacto e adequado para espaços reduzidos). Diferenciais do Produto Livre de BPA : Não contém Bisfenol A, uma substância química prejudicial à saúde. Design Versátil : Com aparência alegre e moderna, adequada para diferentes estilos de decoração. Material Resistente : Fabricado com plástico de alta qualidade, garantindo durabilidade e segurança no uso. Benefícios ao Consumidor Melhora a organização interna da geladeira. Proporciona praticidade no dia a dia. Oferece um toque especial de estilo e funcionalidade ao ambiente doméstico. Atributos Pertinentes ao Produto Sustentabilidade : Embora não mencionado explicitamente, o uso de materiais livres de BPA contribui para um produto mais seguro e amigo do meio ambiente. Fácil Limpeza : Devido ao material plástico transparente, o organizador pode ser limpo rapidamente com água e sabão. Compatibilidade Universal : Adequado para qualquer tipo de geladeira, independentemente do modelo ou tamanho. Esse resumo destaca as principais características e benefícios do organizador de geladeira, além de incluir atributos adicionais que podem ser relevantes para o consumidor na hora da compra. Perfeito para conservar alimentos com estilo e segurança, ele combina design funcional com a resistência dos produtos Nitron.;;;;;;;
712.012.001;https://produto.nitron.com.br/Baixa/712_012_001-01.jpg;;;27;Organizador de Geladeira Flat - 2,35L;Flat Refrigerator Organizer - 2.35L;Organizador plano de nevera - 2,35 L;25;11.5;10.8;2,35L;7896779628643;Geladeira;O Organizador de Geladeira Flat - 2,35L é a escolha ideal para quem busca praticidade e organização no dia a dia. Principais Características do Produto: Material Resistente : Feita de polipropileno, conhecido por sua resistência a impactos e ao calor. Versatilidade : Pode ser utilizada tanto na geladeira quanto em outros ambientes da casa. Superfície Lisa : Facilita a limpeza e mantém uma aparência impecável. Design Ergonômico : Possui espaços laterais ergonomicamente projetados para facilitar o transporte, mesmo quando cheia. Acesso Intuitivo : Proporciona uma experiência de uso mais prática e fácil acesso ao conteúdo. Atributos Pertinentes ao Produto: Durabilidade : O material utilizado (polipropileno) garante que o produto tenha uma vida útil longa. Capacidade : Com 2,35 litros, é ideal para organizar itens pequenos e médios. Compatibilidade com Espaços Pequenos : As dimensões compactas (11,6 cm x 25 cm x 10,8 cm) permitem que se encaixe facilmente em espaços reduzidos. Estética Neutra : Sua superfície lisa e design clean fazem com que combine bem com qualquer decoração. Multiuso : Além de organizar alimentos na geladeira, pode ser usada para armazenar objetos diversos em cômodos como cozinha, banheiro ou até mesmo escritório. Este organizador é uma ótima opção para quem busca funcionalidade, praticidade e organização no dia a dia! Perfeito para conservar alimentos com estilo e segurança, ele combina design funcional com a resistência dos produtos Nitron.;;;;;;;
713.012.001;https://produto.nitron.com.br/Baixa/713_012_001-01.jpg;;;27;Organizador de Geladeira Flat - 3,75L;Flat Refrigerator Organizer - 3.75L;Organizador plano para frigorífico - 3,75 L;25.2;17.5;10.8;3,75L;7896779671311;Geladeira;O Organizador de Geladeira Flat - 3,75L é a escolha ideal para quem busca praticidade e organização no dia a dia. Resumo das principais características do Organizador de Geladeira Flat - 3,75L: Material Resistente Feita de polipropileno, que é resistente a impactos e ao calor. Proporciona durabilidade e segurança para os itens armazenados. Versatilidade Pode ser utilizada tanto na geladeira quanto em outros ambientes da casa. Ideal para organizar alimentos, bebidas ou pequenos objetos. Superfície Lisa e Fácil Limpeza Design com superfície lisa que facilita a limpeza. Mantém uma aparência impecável e se adapta à decoração do ambiente. Design Ergonômico Espaços laterais ergonomicamente projetados para facilitar o transporte. Permite movimentação fácil, mesmo estando cheia. Acesso Intuitivo Facilita o acesso aos itens armazenados dentro da caixa. Melhora a experiência de uso diário. Dimensões e Capacidade Capacidade : 3,75 litros. Medidas : Largura: 17,5 cm Comprimento: 25,2 cm Altura: 10,7 cm Atributos Pertinentes ao Produto: Ecológico : O polipropileno é um material reciclável, contribuindo para a sustentabilidade. Higiênico : Sua superfície lisa impede a acumulação de resíduos, garantindo maior higiene. Compacto : As dimensões permitem um bom aproveitamento de espaço, sem ocupar muito lugar. Multiuso : Além da organização na geladeira, pode ser usada em armários, gavetas ou até como recipiente para armazenamento de materiais escolares, utensílios domésticos ou brinquedos. Estilo Moderno : Seu design clean combina facilmente com diferentes estilos de decoração. Perfeito para conservar alimentos com estilo e segurança, ele combina design funcional com a resistência dos produtos Nitron.;;;;;;;
817.012.001;https://produto.nitron.com.br/Baixa/817_012_001-01.jpg;;;55;Pote Alto com Válvula - Transparente 1,5L;Tall Pot with Valve - 1,5L;Recipientes Alta con Válvula - 1,5L;25;15;7;1,5L;7896779681785;Potes;O Pote Alto com Válvula - Transparente 1,5L é a escolha ideal para quem busca praticidade e organização no dia a dia. Capacidade e Dimensões Capacidade: 1,5 litros. Medidas: Comprimento (C) 36,0 cm, Largura (L) 21,0 cm, Altura (A) 7,0 cm. Funcionalidades Gerais Ideal para armazenar e organizar alimentos ou objetos. Preserva as características dos alimentos, mantendo-os frescos por mais tempo. Vedação Hermética Tampa com vedação hermética que bloqueia totalmente o conteúdo. Protege e conserva os alimentos, prolongando sua validade. Transparência e Identificação Material transparente facilita a visualização do conteúdo. Prático para identificar rapidamente o que está armazenado. Versatilidade de Uso Pode ser utilizado em diferentes ambientes: armários, despensa e geladeira. Adequado para uso em freezer, micro-ondas e lava-louça (verificar especificações do fabricante). Segurança e Higiene Livre de BPA (BPA Free), garantindo segurança para a saúde da família. Material higiênico, seguro e fácil de limpar. Benefícios na Organização Ajuda a otimizar espaços nos armários e geladeira. Contribui para preservar a qualidade dos alimentos, tanto dentro quanto fora da geladeira. Design e Estilo Design prático e funcional, com foco na organização eficiente. Combina praticidade e estética para facilitar o dia a dia. Perfeito para conservar alimentos com estilo e segurança, ele combina design funcional com a resistência dos produtos Nitron.;;;;;;;
818.012.001;https://produto.nitron.com.br/Baixa/818_012_001-01.jpg;;;55;Pote Alto com Válvula - Transparente 2,9L;Tall Pot with Valve - 2,9L;Recipientes Alta con Válvula - 2,9L;31;19;9;2,9L;7896779689194;Potes;O Pote Alto com Válvula - Transparente 2,9L é a escolha ideal para quem busca praticidade e organização no dia a dia. Capacidade e Dimensões Capacidade: 2,9 litros. Medidas: Comprimento (C) 36,0 cm, Largura (L) 21,0 cm, Altura (A) 7,0 cm. Design e Funcionalidade Pote alto e transparente, facilitando a visualização do conteúdo. Possui válvula, que pode auxiliar na vedação e conservação dos alimentos. Vedação Hermética Tampa com vedação hermética, garantindo proteção total ao conteúdo. Conserva os alimentos por mais tempo, bloqueando ar e umidade. Versatilidade de Uso Ideal para armazenar alimentos ou objetos. Pode ser utilizado em diferentes ambientes: armários, despensa, geladeira, freezer, micro-ondas e lava-louça. Praticidade e Segurança Higiênico, seguro e prático para uso diário. Livre de BPA (BPA Free), não oferece riscos à saúde. Organização e Otimização Facilita a organização de espaços, preservando a qualidade dos alimentos. Transparência ajuda na rápida identificação do conteúdo. Benefícios Adicionais Contribui para a preservação das características dos alimentos. Versátil para diferentes necessidades de armazenamento. Perfeito para conservar alimentos com estilo e segurança, ele combina design funcional com a resistência dos produtos Nitron.;;;;;;;
819.012.001;https://produto.nitron.com.br/Baixa/819_012_001-01.jpg;;;55;Pote Alto com Válvula - Transparente 4,6L;Tall Pot with Valve - 4,6L;Recipientes Alta con Válvula - 4,6L;36;21;9.2;4,6L;7896779681983;Potes;O Pote Alto com Válvula - Transparente 4,6L é a escolha ideal para quem busca praticidade e organização no dia a dia. Capacidade e Dimensões : Capacidade: 4,6 litros. Medidas: Comprimento (C) 36,0 cm, Largura (L) 21,0 cm, Altura (A) 7,0 cm. Funcionalidade e Versatilidade : Ideal para armazenar e organizar alimentos ou objetos. Preserva as características dos alimentos, mantendo-os frescos por mais tempo. Vedação Hermética : Tampa com vedação hermética que bloqueia totalmente o alimento no interior. Protege e conserva o conteúdo por mais tempo. Transparência e Identificação : Material transparente permite visualizar facilmente o conteúdo sem abrir o pote. Segurança e Higiene : Livre de BPA (BPA Free), garantindo segurança à saúde da família. Higiênico, seguro e prático para uso em diversas situações. Compatibilidade com Eletrodomésticos : Alguns modelos podem ser utilizados em freezer, micro-ondas e lava-louça (verificar especificações do produto). Organização e Otimização de Espaço : Auxilia na organização de armários, despensa e geladeira. Ajuda a preservar a qualidade dos alimentos dentro ou fora da geladeira. Praticidade no Uso Diário : Facilita o armazenamento e identificação de alimentos ou objetos. Versátil para diferentes tipos de uso, como conservação de alimentos secos, líquidos ou outros itens. Perfeito para conservar alimentos com estilo e segurança, ele combina design funcional com a resistência dos produtos Nitron.;;;;;;;
820.006.002;https://produto.nitron.com.br/Baixa/820_006_002-01.jpg;;;72;Escorredor de Pratos Flat - Branco;Flat Dish Rack - White;Escurridor de Platos Flat - Blanco;41.5;26.8;12;;7896779682010;Cozinha;O Escorredor de Pratos Flat - Branco é a escolha ideal para quem busca praticidade e organização no dia a dia. Marca e Material : Fabricado pela marca renomada Nitron . Feito de plástico de alta qualidade , garantindo durabilidade e resistência . Design e Funcionalidade : Design modular , permitindo montagem personalizada para otimizar o espaço da bancada. Compacto, com dimensões de C 41,5cm x L 26,8cm x A 12cm , adaptando-se a diferentes ambientes. Capacidade e Organização : Suporte para até 6 pratos , ideal para uso diário. Inclui escorredor para copos e porta talheres , promovendo organização prática na cozinha. Estilo e Cor : Cor branco elegante , combinando funcionalidade e estilo moderno. Praticidade e Versatilidade : Produto versátil que facilita o dia a dia na cozinha. Ideal para quem busca organização eficiente em um espaço reduzido. Proposta de Valor : Combina inovação , funcionalidade e design moderno para transformar a rotina na cozinha. Perfeito para conservar alimentos com estilo e segurança, ele combina design funcional com a resistência dos produtos Nitron.;;;;;;;
820.006.003;https://produto.nitron.com.br/Baixa/820_006_003-01.jpg;;;72;Escorredor de Pratos Flat - Preto;Flat Dish Rack - Black;Escurridor de Platos Flat - Negro;41.5;26.8;12;;7896779682027;Cozinha;O Escorredor de Pratos Flat - Preto é a escolha ideal para quem busca praticidade e organização no dia a dia. Marca e Material : Fabricado pela marca renomada Nitron . Produzido em plástico de alta qualidade , garantindo durabilidade e resistência . Design e Estilo : Design modular , permitindo montagem personalizada para otimização de espaço. Cor preto elegante , combinando funcionalidade e estilo. Capacidade e Funcionalidades : Capacidade para 6 pratos . Inclui escorredor para copos e porta talheres , proporcionando praticidade e organização. Dimensões Compactas : Medidas: C 41,5cm x L 26,8cm x A 12cm . Ideal para diferentes tamanhos de bancada, adaptando-se facilmente ao ambiente. Praticidade e Versatilidade : Produto inovador que transforma a rotina na cozinha. Combinação perfeita de funcionalidade, organização e design moderno . Perfeito para conservar alimentos com estilo e segurança, ele combina design funcional com a resistência dos produtos Nitron.;;;;;;;
820.006.086;https://produto.nitron.com.br/Baixa/820_006_086-01.jpg;;;72;Escorredor de Pratos Flat - Chumbo;Flat Dish Rack - Graphite;Escurridor de Platos Flat - Grafito;41.5;26.8;12;;7896779682034;Cozinha;O Escorredor de Pratos Flat - Chumbo é a escolha ideal para quem busca praticidade e organização no dia a dia. Marca e Material : Fabricado pela marca renomada Nitron . Feito em plástico de alta qualidade , garantindo durabilidade e resistência . Design e Estilo : Cor: Chumbo (elegante e moderna). Design modular , permitindo personalização e montagem conforme a necessidade. Funcionalidade : Capacidade para 6 pratos . Acompanha escorredor para copos e porta talheres , promovendo organização. Dimensões e Espaço : Medidas compactas: C 41,5cm x L 26,8cm x A 12cm . Ideal para otimizar o espaço na bancada da cozinha. Versatilidade : Adapta-se a diferentes ambientes e tamanhos de cozinhas. Combina funcionalidade e estilo , sendo prático e visualmente atrativo. Proposta de Valor : Produto inovador que transforma a rotina na cozinha, tornando-a mais prática e organizada. Perfeito para conservar alimentos com estilo e segurança, ele combina design funcional com a resistência dos produtos Nitron.;;;;;;;
821.004.001;https://produto.nitron.com.br/Baixa/821_004_001-01.jpg;;;41;Kit Pote Tampa Fixa com 3 Peças - Transparente;Kit of Fixed Lid containers with 3 Pieces - Transparent;Kit de Recipientes con Tapa Fija, 3 Piezas - Transparente;17.5;13;7.7;"330ml
600ml / 1L";7896779682119;Potes;O Kit Pote Tampa Fixa com 3 Peças - Transparente é a escolha ideal para quem busca praticidade e organização no dia a dia. Principais Características do Produto Material Seguro e Atóxico Fabricado com material livre de BPA (Bisfenol A). Garante a segurança e o bem-estar, sendo atóxico e inofensivo à saúde. Versatilidade de Uso Resistente ao calor: seguro para uso no micro-ondas. Adequado para armazenamento no freezer. Lavável na lava-louças, facilitando a limpeza. Tampa Fixa e Prática Design inovador com tampa fixa, eliminando a preocupação de perder ou misturar tampas. Facilita o armazenamento e recuperação de alimentos. Transparência do Material Permite visualização clara do conteúdo sem necessidade de abrir o pote. Melhora a organização e reduz o desperdício de alimentos. Design Compacto e Eficiente Otimiza o espaço de armazenamento em prateleiras, armários ou gavetas. Ideal para cozinhas pequenas ou com pouco espaço disponível. Durabilidade e Longevidade Fabricado com materiais resistentes de alta qualidade. Combina praticidade com longa vida útil. Kit Completo com 3 Tamanhos Disponível em três capacidades diferentes: 330ml, 600ml e 1L. Atende a diversas necessidades de armazenamento. Medidas do Kit Dimensões do conjunto: C 17,5cm x L 13,0cm x A 7,7cm. Atributos Pertinentes ao Produto Conveniência no Dia a Dia Ideal para refeições pré-preparadas, sobras e organização de alimentos. Sustentabilidade Reduz o uso de embalagens descartáveis ao oferecer uma solução reutilizável. Estética Moderna Design transparente e elegante que combina com qualquer ambiente de cozinha. Fácil Manipulação Tampa fixa garante vedação eficiente, evitando vazamentos e mantendo os alimentos frescos por mais tempo. Multipropósito Pode ser usado tanto para alimentos sólidos quanto líquidos, ampliando suas funções. Resistência a Variações de Temperatura Suporta temperaturas extremas, desde o congelamento até o aquecimento no micro-ondas. Este produto é uma excelente opção para quem busca utensílios de cozinha funcionais, seguros e duráveis, proporcionando praticidade e economia de espaço. Perfeito para conservar alimentos com estilo e segurança, ele combina design funcional com a resistência dos produtos Nitron.;;;;;;;
821.004.003;https://produto.nitron.com.br/Baixa/821_004_003-01.jpg;;;41;Kit Pote Tampa Fixa com 3 Peças - Preto;;;17.5;13;7.7;"330ml
600ml / 1L";7896779682195;Potes;;;;;;;;
822.006.002;https://produto.nitron.com.br/Baixa/822_006_002-01.jpg;;;72;Escorredor de Talheres Flat - Branco;Flat Cutlery Rack - White;Escurridor de Cubiertos Flat - Blanco;15.3;10;10;;IAGO;Cozinha;O Escorredor de Talheres Flat - Branco é a escolha ideal para quem busca praticidade e organização no dia a dia. Função principal : Organiza talheres de forma prática e eficiente. Design moderno e elegante : Cor branco que agrega sofisticação ao ambiente. Divisórias funcionais : Possui duas divisórias para separar os talheres, mantendo-os sempre à mão. Base com sistema de drenagem : Inclui base para recolher e escoar a água acumulada, garantindo praticidade e higiene. Dimensões compactas : Medidas de 15,3cm (comprimento) x 10cm (largura) x 10cm (altura), ideal para otimizar espaço na pia. Versatilidade : Item indispensável para organizar a cozinha de forma funcional e estilosa. Este escorredor combina praticidade, design e eficiência, sendo uma solução moderna para o dia a dia na cozinha. Perfeito para conservar alimentos com estilo e segurança, ele combina design funcional com a resistência dos produtos Nitron.;;;;;;;
822.006.003;https://produto.nitron.com.br/Baixa/822_006_003-01.jpg;;;72;Escorredor de Talheres Flat - Preto;Flat Cutlery Rack - Black;Escurridor de Cubiertos Flat - Negro;15.3;10;10;;7896779682232;Cozinha;O Escorredor de Talheres Flat - Branco é a escolha ideal para quem busca praticidade e organização no dia a dia. Função principal : Organiza talheres de forma prática e eficiente. Design moderno e elegante : Cor branco que agrega sofisticação ao ambiente. Divisórias funcionais : Possui duas divisórias para separar os talheres, mantendo-os sempre à mão. Base com sistema de drenagem : Inclui base para recolher e escoar a água acumulada, garantindo praticidade e higiene. Dimensões compactas : Medidas de 15,3cm (comprimento) x 10cm (largura) x 10cm (altura), ideal para otimizar espaço na pia. Versatilidade : Item indispensável para organizar a cozinha de forma funcional e estilosa. Este escorredor combina praticidade, design e eficiência, sendo uma solução moderna para o dia a dia na cozinha. Perfeito para conservar alimentos com estilo e segurança, ele combina design funcional com a resistência dos produtos Nitron.;;;;;;;
822.006.086;https://produto.nitron.com.br/Baixa/822_006_086-01.jpg;;;72;Escorredor de Talheres Flat - Chumbo;Flat Cutlery Rack - Graphite;Escurridor de Cubiertos Flat - Grafito;15.3;10;10;;7896779682249;Cozinha;O Escorredor de Talheres Flat - Chumbo é a escolha ideal para quem busca praticidade e organização no dia a dia. Função principal : Organiza talheres de forma prática e eficiente. Design moderno e elegante : Cor chumbo que agrega sofisticação ao ambiente. Divisórias funcionais : Possui duas divisórias para separar os talheres, mantendo-os sempre à mão. Base com sistema de drenagem : Inclui base para recolher e escoar a água acumulada, garantindo praticidade e higiene. Dimensões compactas : Medidas de 15,3cm (comprimento) x 10cm (largura) x 10cm (altura), ideal para otimizar espaço na pia. Versatilidade : Item indispensável para organizar a cozinha de forma funcional e estilosa. Este escorredor combina praticidade, design e eficiência, sendo uma solução moderna para o dia a dia na cozinha. Perfeito para conservar alimentos com estilo e segurança, ele combina design funcional com a resistência dos produtos Nitron.;;;;;;;
850.004.N03;https://produto.nitron.com.br/Baixa/850_004_N03-01.jpg;;Lançamento;21;Arara de Roupas Nitron-Mob;Garment Rack;Perchero de Ropa;76;48;165;;7896779685028;Nitron-Mob;"A Arara de Roupas Nitron-Mob é uma solução prática e versátil para deixar roupas, calçados e acessórios sempre organizados e ao alcance das mãos.

Produzida em madeira pinus, apresenta um visual natural que combina facilmente com quartos, closets, áreas de serviço, lojas, provadores e outros ambientes. Seu formato vertical ajuda a aproveitar melhor o espaço, oferecendo uma área para pendurar roupas e uma prateleira inferior para apoiar caixas, bolsas, calçados, roupas dobradas e objetos de uso diário.

O cabideiro suporta até 3 kg, sendo indicado para camisas, blusas, vestidos, casacos leves e outras peças. A prateleira inferior suporta até 10 kg, ampliando as possibilidades de organização do ambiente.

Com medidas de 76 cm de largura, 48 cm de profundidade e 165 cm de altura, a Arara Nitron-Mob oferece uma estrutura funcional sem ocupar espaço excessivo.";"Estrutura produzida em madeira pinus.
Visual natural e fácil de combinar com diferentes ambientes.
Cabideiro para roupas com capacidade de até 3 kg.
Prateleira inferior com capacidade de até 10 kg.
Aproveitamento vertical do espaço.
Ideal para organizar roupas, calçados, bolsas e acessórios.
Pode ser utilizada em quartos, closets, lavanderias, lojas e provadores.";"A arara pode ser utilizada para:

Organizar roupas de uso frequente.
Separar combinações de roupas para o dia seguinte.
Pendurar camisas, blusas, vestidos e casacos leves.
Apoiar calçados, caixas organizadoras e bolsas na prateleira.
Complementar a organização de quartos e closets.
Expor peças de roupas em lojas, showrooms e provadores.";Arara de Roupas em Madeira Pinus Nitron-Mob 165 cm;Organize roupas e calçados com a Arara Nitron-Mob em madeira pinus. Possui cabideiro para até 3 kg e prateleira que suporta até 10 kg.;arara-de-roupas-madeira-pinus-nitron-mob;arara de roupas em madeira pinus;"arara de roupas
arara de madeira
arara de roupas de pinus
arara Nitron-Mob
cabideiro de madeira
arara para quarto
arara para closet
organizador de roupas
arara com prateleira
arara para roupas e calçados
móvel organizador de madeira
arara de chão para roupas"
851.004.N03;https://produto.nitron.com.br/Baixa/851_004_N03-01.jpg;;Lançamento;24;Organizador Multiuso P;Small Shoe Rack;Zapatero Pequeño;48;25;38;;7896779685110;Nitron-Mob;"O Organizador Multiuso P Nitron-Mob é uma solução compacta, funcional e versátil para manter diferentes ambientes da casa mais organizados.

Produzido em madeira pinus, apresenta um visual natural que combina facilmente com quartos, banheiros, closets, halls de entrada, lavanderias e outros espaços. Seu tamanho compacto facilita o posicionamento em áreas menores, ajudando a aproveitar melhor o ambiente sem comprometer a circulação.

Com capacidade para suportar até 3 kg, pode ser utilizado para organizar calçados, toalhas, produtos de higiene, caixas, brinquedos, livros, objetos decorativos e outros itens leves de uso diário.

Seu principal diferencial é a versatilidade de uso. O Organizador Multiuso P pode assumir diferentes funções de acordo com a necessidade do ambiente, funcionando como pequena sapateira, apoio lateral, prateleira baixa ou suporte organizador.

Com medidas de 48 cm de largura, 25 cm de profundidade e 38 cm de altura, oferece praticidade para a rotina e contribui para uma organização mais leve e funcional.";"Produzido em madeira pinus.
Design compacto e funcional.
Visual natural e fácil de combinar.
Versatilidade para diferentes ambientes.
Suporta até 3 kg.
Ajuda a aproveitar espaços menores.
Pode ser utilizado para organizar diferentes tipos de objetos.
Ideal para quartos, banheiros, closets, halls de entrada e lavanderias.";"O Organizador Multiuso P pode ser utilizado para:

Organizar calçados e chinelos.
Apoiar toalhas e produtos de higiene.
Acomodar caixas e pequenos cestos organizadores.
Organizar brinquedos e objetos infantis leves.
Expor livros, plantas e objetos decorativos.
Complementar a organização de quartos e closets.
Servir como apoio em banheiros e lavanderias.
Organizar itens próximos à entrada da casa.";Organizador Multiuso P em Madeira Pinus Nitron-Mob;Organize diferentes ambientes com o Organizador Multiuso P Nitron-Mob em madeira pinus. Compacto, versátil e com capacidade para até 3 kg.;organizador-multiuso-p-madeira-pinus-nitron-mob;organizador multiuso de madeira pinus;"Palavras-chave secundárias

organizador multiuso
organizador de madeira
organizador em madeira pinus
organizador Nitron-Mob
organizador pequeno
organizador compacto
prateleira organizadora de madeira
organizador para quarto
organizador para banheiro
organizador para closet
organizador para calçados
sapateira pequena de madeira
móvel organizador compacto
suporte organizador de madeira"
852.004.N03;https://produto.nitron.com.br/Baixa/852_004_N03-01.jpg;;Lançamento;24;Organizador Multiuso G;Large Shoe Rack;Zapatero Grande;48;25;66;;7896779685226;Nitron-Mob;"O Organizador Multiuso G Nitron-Mob oferece praticidade e versatilidade para deixar diferentes ambientes da casa mais organizados e funcionais.

Produzido em madeira pinus, possui visual natural e estrutura vertical compacta, que permite aproveitar melhor os espaços disponíveis. Suas quatro prateleiras oferecem áreas separadas para acomodar diferentes tipos de objetos, facilitando a organização e o acesso aos itens no dia a dia.

Cada prateleira suporta até 3 kg, proporcionando uma capacidade total de até 12 kg, desde que o peso seja distribuído entre as quatro prateleiras.

O Organizador Multiuso G pode ser utilizado para acomodar calçados, toalhas, produtos de higiene, caixas organizadoras, brinquedos, livros, plantas, objetos decorativos e outros itens leves.

Seu principal diferencial é a versatilidade de uso, pois pode assumir diferentes funções de acordo com o ambiente. É uma excelente opção para quartos, closets, banheiros, lavanderias, halls de entrada, escritórios e outros espaços internos.

Com medidas de 48 cm de largura, 25 cm de profundidade e 66 cm de altura, oferece boa capacidade de organização sem ocupar uma área excessiva do ambiente.";"Produzido em madeira pinus.
Possui quatro prateleiras.
Suporta até 3 kg por prateleira.
Capacidade total distribuída de até 12 kg.
Estrutura vertical que otimiza o espaço.
Design compacto, natural e funcional.
Permite separar diferentes tipos de objetos.
Versatilidade para diversos ambientes.
Fácil de combinar com diferentes estilos de decoração.";"O Organizador Multiuso G pode ser utilizado para:

Organizar calçados e chinelos.
Acomodar toalhas e produtos de higiene.
Organizar caixas, cestos e pequenos acessórios.
Guardar brinquedos e objetos infantis leves.
Apoiar livros, plantas e itens decorativos.
Complementar a organização de quartos e closets.
Organizar produtos em banheiros e lavanderias.
Acomodar objetos próximos à entrada da casa.
Organizar materiais leves em escritórios e áreas de estudo.";Organizador Multiuso G com 4 Prateleiras Nitron-Mob;Organize diferentes ambientes com o Organizador Multiuso G Nitron-Mob em madeira pinus. Possui 4 prateleiras que suportam até 3 kg cada.;organizador-multiuso-g-4-prateleiras-madeira-pinus-nitron-mob;organizador multiuso com 4 prateleiras;"organizador multiuso
organizador de madeira
organizador em madeira pinus
organizador Nitron-Mob
organizador com quatro prateleiras
estante organizadora de madeira
prateleira multiuso
organizador vertical
organizador para quarto
organizador para banheiro
organizador para closet
organizador para lavanderia
organizador para calçados
sapateira de madeira
móvel organizador compacto
estante pequena de madeira"
853.004.N03;https://produto.nitron.com.br/Baixa/853_004_N03-01.jpg;;Lançamento;21;Kit Suporte Decorativo (M);Decorative Support Kit;Kit de Soporte Decorativo;25;25;58;;7896779685325;Nitron-Mob;"O Kit Suporte Decorativo Nitron-Mob combina organização, funcionalidade e um visual natural para complementar diferentes ambientes da casa.

Produzido em madeira pinus, o kit é composto por dois suportes decorativos de alturas diferentes, permitindo criar composições com plantas, vasos, livros, luminárias, objetos decorativos e outros itens leves.

O suporte tamanho M mede 25 cm de largura, 25 cm de profundidade e 58 cm de altura. Já o suporte tamanho G possui 25 cm de largura, 25 cm de profundidade e 76 cm de altura.

Cada suporte possui duas prateleiras, uma superior e outra inferior. Cada prateleira suporta até 3 kg, desde que o peso esteja distribuído de maneira uniforme.

As alturas diferentes criam movimento e equilíbrio na decoração, permitindo que os suportes sejam usados juntos ou separadamente. O kit pode ser utilizado em salas, quartos, halls de entrada, escritórios, varandas cobertas e outros ambientes internos.";"Kit composto por dois suportes decorativos.
Tamanhos M e G com alturas diferentes.
Produzido em madeira pinus.
Duas prateleiras em cada suporte.
Cada prateleira suporta até 3 kg.
Pode ser utilizado com plantas e objetos decorativos.
Permite diferentes composições no ambiente.
Uso conjunto ou separado.
Design vertical que ocupa pouco espaço.
Visual natural e fácil de combinar.";"O Kit Suporte Decorativo pode ser utilizado para:

Apoiar vasos e plantas decorativas.
Expor livros, porta-retratos e objetos decorativos.
Organizar pequenos itens de uso diário.
Criar composições com diferentes alturas.
Decorar salas, quartos e halls de entrada.
Complementar escritórios e espaços de leitura.
Servir como apoio lateral para objetos leves.
Decorar varandas e áreas cobertas.";Kit Suporte Decorativo M e G em Madeira Pinus Nitron-Mob;Decore e organize seus ambientes com o Kit Suporte Decorativo Nitron-Mob em madeira pinus. São 2 tamanhos, M e G, com capacidade de 3 kg por prateleira.;kit-suporte-decorativo-madeira-pinus-m-g-nitron-mob;kit suporte decorativo de madeira;"kit suporte decorativo
suporte decorativo de madeira
suporte para plantas
suporte para vasos
kit suporte para plantas
suporte em madeira pinus
suporte decorativo Nitron-Mob
pedestal decorativo de madeira
suporte alto para plantas
suporte de chão para vasos
móvel decorativo de madeira
suporte para objetos decorativos
kit com dois suportes
suporte para sala
suporte para hall de entrada"
855.004.N03;https://produto.nitron.com.br/Baixa/855_004_N03-01.jpg;;Lançamento;24;Prateleira Multiuso G 2P;Multi-Purpose Shelf G 2P;Estantería Multiuso G 2P;66;33;53;;7896779685523;Nitron-Mob;"A Prateleira Multiuso G 2P Nitron-Mob é uma solução funcional e versátil para quem busca mais organização sem abrir mão de um visual leve e natural.

Produzida em madeira pinus, ela combina facilmente com diversos estilos de ambiente, trazendo praticidade para quartos, closets, lavanderias, halls de entrada, escritórios e outros espaços internos.

Sua estrutura conta com duas prateleiras, permitindo acomodar diferentes tipos de objetos de forma organizada e acessível. Cada prateleira suporta até 10 kg, oferecendo ótima capacidade para organizar calçados, caixas, cestos, toalhas, livros, plantas e objetos decorativos.

Com medidas de 66 cm de largura, 33 cm de profundidade e 53 cm de altura, a Prateleira Multiuso G 2P oferece bom espaço de apoio e ajuda a aproveitar melhor o ambiente, sem ocupar uma área excessiva.

Seu principal diferencial está na versatilidade de uso, já que pode ser utilizada em diferentes cômodos e para diversas finalidades no dia a dia.";"Produzida em madeira pinus.
Possui 2 prateleiras.
Suporta até 10 kg por prateleira.
Capacidade total distribuída de até 20 kg.
Estrutura funcional e versátil.
Visual natural e fácil de combinar.
Ideal para diferentes ambientes.
Ótima para organizar e decorar ao mesmo tempo.
Aproveita melhor o espaço com praticidade.";"A Prateleira Multiuso G 2P pode ser utilizada para:

Organizar calçados e chinelos.
Apoiar caixas e cestos organizadores.
Acomodar toalhas e itens de lavanderia.
Expor livros, plantas e objetos decorativos.
Organizar produtos em closets e quartos.
Servir como apoio em halls de entrada.
Auxiliar na organização de escritórios e áreas de estudo.
Complementar a organização de diferentes ambientes internos.";Prateleira Multiuso G 2P em Madeira Pinus Nitron-Mob;Organize seus ambientes com a Prateleira Multiuso G 2P Nitron-Mob em madeira pinus. Possui 2 prateleiras e suporta até 10 kg por prateleira.;prateleira-multiuso-g-2p-madeira-pinus-nitron-mob;prateleira multiuso de madeira pinus;"prateleira multiuso
prateleira de madeira
prateleira em madeira pinus
prateleira Nitron-Mob
prateleira com 2 prateleiras
estante multiuso
organizador de madeira
prateleira para quarto
prateleira para closet
prateleira para lavanderia
prateleira decorativa
prateleira para plantas
sapateira de madeira
móvel organizador de madeira
prateleira para organização"
856.004.N03;https://produto.nitron.com.br/Baixa/856_004_N03-01.jpg;;Lançamento;25;Prateleira Multiuso G 3P;Multi-Purpose Shelf G 3P;Estantería Multiuso G 3P;66;33;80;;7896779685622;Nitron-Mob;"A Prateleira Multiuso G 3P Nitron-Mob é uma solução funcional e versátil para quem busca mais organização no dia a dia com um visual leve, natural e fácil de combinar com diferentes ambientes.

Produzida em madeira pinus, ela oferece praticidade para quartos, closets, lavanderias, halls de entrada, escritórios e outros espaços internos. Sua estrutura vertical ajuda a aproveitar melhor o ambiente, disponibilizando mais espaço para acomodar objetos de forma organizada e acessível.

O modelo conta com três prateleiras, permitindo separar melhor os itens e manter o espaço mais funcional. Cada prateleira suporta até 10 kg, oferecendo excelente capacidade para organizar calçados, caixas, cestos, toalhas, livros, plantas e objetos decorativos.

Com medidas de 66 cm de largura, 33 cm de profundidade e 80 cm de altura, a Prateleira Multiuso G 3P é ideal para quem precisa de maior capacidade de organização sem abrir mão de um móvel compacto e versátil.

Seu principal diferencial está na versatilidade de uso, já que pode ser utilizada em diferentes ambientes e para diversas finalidades.";"Produzida em madeira pinus.
Possui 3 prateleiras.
Suporta até 10 kg por prateleira.
Capacidade total distribuída de até 30 kg.
Estrutura vertical que otimiza o espaço.
Design funcional, compacto e versátil.
Visual natural e fácil de combinar.
Ideal para organizar e decorar ao mesmo tempo.
Indicada para diferentes ambientes da casa.";"A Prateleira Multiuso G 3P pode ser utilizada para:

Organizar calçados e chinelos.
Apoiar caixas e cestos organizadores.
Acomodar toalhas e itens de lavanderia.
Expor livros, plantas e objetos decorativos.
Organizar produtos em closets e quartos.
Servir como apoio em halls de entrada.
Auxiliar na organização de escritórios e áreas de estudo.
Complementar a organização de diferentes ambientes internos.";Prateleira Multiuso G 3P em Madeira Pinus Nitron-Mob;Organize seus ambientes com a Prateleira Multiuso G 3P Nitron-Mob em madeira pinus. Possui 3 prateleiras e suporta até 10 kg por prateleira.;prateleira-multiuso-g-3p-madeira-pinus-nitron-mob;prateleira multiuso de madeira pinus;"prateleira multiuso
prateleira de madeira
prateleira em madeira pinus
prateleira Nitron-Mob
prateleira com 3 prateleiras
estante multiuso
organizador de madeira
prateleira para quarto
prateleira para closet
prateleira para lavanderia
prateleira decorativa
prateleira para plantas
sapateira de madeira
móvel organizador de madeira
prateleira para organização"
857.004.N03;https://produto.nitron.com.br/Baixa/857_004_N03-01.jpg;;Lançamento;25;Prateleira Multiuso G 4P;Multi-Purpose Shelf G 4P;Estantería Multiuso G 4P;66;33;92;;7896779685721;Nitron-Mob;"A Prateleira Multiuso G 4P Nitron-Mob é uma solução funcional e versátil para quem busca mais organização no dia a dia com um visual leve, natural e fácil de combinar com diferentes ambientes.

Produzida em madeira pinus, ela oferece praticidade para quartos, closets, lavanderias, halls de entrada, escritórios e outros espaços internos. Sua estrutura vertical ajuda a aproveitar melhor o ambiente, disponibilizando mais níveis de apoio para acomodar objetos de forma organizada e acessível.

O modelo conta com quatro prateleiras, permitindo separar melhor os itens e tornar a rotina mais prática. Cada prateleira suporta até 10 kg, oferecendo excelente capacidade para organizar calçados, caixas, cestos, toalhas, livros, plantas e objetos decorativos.

Com medidas de 66 cm de largura, 33 cm de profundidade e 92 cm de altura, a Prateleira Multiuso G 4P é ideal para quem precisa de maior capacidade de organização sem abrir mão de um móvel compacto e versátil.

Seu principal diferencial está na versatilidade de uso, já que pode ser utilizada em diferentes ambientes e para diversas finalidades.";"Produzida em madeira pinus.
Possui 4 prateleiras.
Suporta até 10 kg por prateleira.
Capacidade total distribuída de até 40 kg.
Estrutura vertical que otimiza o espaço.
Design funcional, compacto e versátil.
Visual natural e fácil de combinar.
Ideal para organizar e decorar ao mesmo tempo.
Indicada para diferentes ambientes da casa. ";"A Prateleira Multiuso G 4P pode ser utilizada para:

Organizar calçados e chinelos.
Apoiar caixas e cestos organizadores.
Acomodar toalhas e itens de lavanderia.
Expor livros, plantas e objetos decorativos.
Organizar produtos em closets e quartos.
Servir como apoio em halls de entrada.
Auxiliar na organização de escritórios e áreas de estudo.
Complementar a organização de diferentes ambientes internos.";Prateleira Multiuso G 4P em Madeira Pinus Nitron-Mob;Organize seus ambientes com a Prateleira Multiuso G 4P Nitron-Mob em madeira pinus. Possui 4 prateleiras e suporta até 10 kg por prateleira.;prateleira-multiuso-g-4p-madeira-pinus-nitron-mob;prateleira multiuso de madeira pinus;"prateleira multiuso
prateleira de madeira
prateleira em madeira pinus
prateleira Nitron-Mob
prateleira com 4 prateleiras
estante multiuso
organizador de madeira
prateleira para quarto
prateleira para closet
prateleira para lavanderia
prateleira decorativa
prateleira para plantas
sapateira de madeira
móvel organizador de madeira
prateleira para organização"
858.004.N03;https://produto.nitron.com.br/Baixa/858_004_N03-01.jpg;;Lançamento;23;Prateleira Multiuso M 2P;Multi-Purpose Shelf M 2P;Estantería Multiuso M 2P;48;33;53;;7896779685820;Nitron-Mob;"A Prateleira Multiuso M 2P Nitron-Mob é uma solução compacta e versátil para deixar a casa mais organizada sem ocupar muito espaço.

Produzida em madeira pinus, apresenta um visual natural que combina facilmente com quartos, closets, lavanderias, halls de entrada, escritórios e outros ambientes internos.

O modelo possui duas prateleiras, oferecendo espaços separados para organizar e manter os objetos sempre acessíveis. Cada prateleira suporta até 10 kg, permitindo acomodar calçados, caixas organizadoras, cestos, toalhas, livros, plantas e objetos decorativos.

Com medidas de 48 cm de largura, 33 cm de profundidade e 53 cm de altura, a Prateleira Multiuso M 2P é uma excelente opção para ambientes menores ou para complementar a organização de diferentes espaços da casa.

Seu principal diferencial é a versatilidade de uso, pois pode funcionar como sapateira, estante baixa, apoio decorativo ou móvel organizador.";"Produzida em madeira pinus.
Possui duas prateleiras.
Suporta até 10 kg por prateleira.
Capacidade total distribuída de até 20 kg.
Tamanho compacto e funcional.
Ajuda a aproveitar melhor espaços menores.
Visual natural e fácil de combinar.
Pode ser utilizada para organizar e decorar.
Indicada para diferentes ambientes internos.";"A Prateleira Multiuso M 2P pode ser utilizada para:

Organizar calçados e chinelos.
Apoiar caixas e cestos organizadores.
Acomodar toalhas e itens de lavanderia.
Expor plantas, livros e objetos decorativos.
Complementar a organização de quartos e closets.
Organizar objetos próximos à entrada da casa.
Servir como estante baixa ou apoio decorativo.
Auxiliar na organização de escritórios e áreas de estudo.";Prateleira Multiuso M 2P em Madeira Pinus Nitron-Mob;Organize seus ambientes com a Prateleira Multiuso M 2P Nitron-Mob em madeira pinus. Possui 2 prateleiras e suporta até 10 kg por prateleira.;prateleira-multiuso-m-2p-madeira-pinus-nitron-mob;prateleira multiuso pequena de madeira pinus;"prateleira multiuso
prateleira de madeira
prateleira em madeira pinus
prateleira Nitron-Mob
prateleira com 2 níveis
estante multiuso pequena
organizador de madeira
prateleira para quarto
prateleira para closet
prateleira para lavanderia
prateleira decorativa
prateleira para plantas
sapateira pequena de madeira
móvel organizador compacto
estante baixa de madeira"
859.004.N03;https://produto.nitron.com.br/Baixa/859_004_N03-01.jpg;;Lançamento;23;Prateleira Multiuso M 3P;Multi-Purpose Shelf M 3P;Estantería Multiuso M 3P;48;33;80;;7896779685929;Nitron-Mob;"A Prateleira Multiuso M 3P Nitron-Mob é uma solução compacta, funcional e versátil para deixar a casa mais organizada no dia a dia.

Produzida em madeira pinus, ela apresenta um visual natural que combina facilmente com quartos, closets, lavanderias, halls de entrada, escritórios e outros ambientes internos.

Sua estrutura conta com três prateleiras, permitindo organizar e separar melhor diferentes itens, mantendo tudo mais acessível e visualmente organizado. Cada prateleira suporta até 10 kg, oferecendo ótima capacidade para acomodar calçados, caixas organizadoras, cestos, toalhas, livros, plantas e objetos decorativos.

Com medidas de 48 cm de largura, 33 cm de profundidade e 80 cm de altura, a Prateleira Multiuso M 3P é ideal para quem busca um móvel compacto, mas com boa capacidade de organização.

Seu principal diferencial está na versatilidade de uso, já que pode ser utilizada como sapateira, estante baixa, apoio decorativo ou organizador para diferentes cômodos da casa.";"Produzida em madeira pinus.
Possui 3 prateleiras.
Suporta até 10 kg por prateleira.
Capacidade total distribuída de até 30 kg.
Estrutura compacta e funcional.
Ajuda a aproveitar melhor espaços menores.
Visual natural e fácil de combinar.
Pode ser utilizada para organizar e decorar.
Indicada para diferentes ambientes internos.";"A Prateleira Multiuso M 3P pode ser utilizada para:

Organizar calçados e chinelos.
Apoiar caixas e cestos organizadores.
Acomodar toalhas e itens de lavanderia.
Expor plantas, livros e objetos decorativos.
Complementar a organização de quartos e closets.
Organizar objetos próximos à entrada da casa.
Servir como estante baixa ou apoio decorativo.
Auxiliar na organização de escritórios e áreas de estudo.";Prateleira Multiuso M 3P em Madeira Pinus Nitron-Mob;Organize seus ambientes com a Prateleira Multiuso M 3P Nitron-Mob em madeira pinus. Possui 3 prateleiras e suporta até 10 kg por prateleira.;prateleira-multiuso-m-3p-madeira-pinus-nitron-mob;prateleira multiuso pequena de madeira pinus;"prateleira multiuso
prateleira de madeira
prateleira em madeira pinus
prateleira Nitron-Mob
prateleira com 3 níveis
estante multiuso pequena
organizador de madeira
prateleira para quarto
prateleira para closet
prateleira para lavanderia
prateleira decorativa
prateleira para plantas
sapateira pequena de madeira
móvel organizador compacto
estante baixa de madeira"
860.004.N03;https://produto.nitron.com.br/Baixa/860_004_N03-01.jpg;;Lançamento;23;Prateleira Multiuso M 4P;Multi-Purpose Shelf M 4P;Estantería Multiuso M 4P;48;33;92;;7896779686025;Nitron-Mob;"A Prateleira Multiuso M 4P Nitron-Mob é uma solução compacta, funcional e versátil para quem busca mais organização no dia a dia sem abrir mão de um visual leve e natural.

Produzida em madeira pinus, ela combina facilmente com quartos, closets, lavanderias, halls de entrada, escritórios e outros ambientes internos. Sua estrutura vertical ajuda a otimizar o espaço, oferecendo mais níveis de apoio para manter os objetos sempre organizados e acessíveis.

O modelo conta com quatro prateleiras, permitindo separar melhor os itens e tornar a rotina mais prática. Cada prateleira suporta até 10 kg, oferecendo excelente capacidade para acomodar calçados, caixas organizadoras, cestos, toalhas, livros, plantas e objetos decorativos.

Com medidas de 48 cm de largura, 33 cm de profundidade e 92 cm de altura, a Prateleira Multiuso M 4P é ideal para ambientes compactos ou para complementar a organização de diferentes espaços da casa.

Seu principal diferencial está na versatilidade de uso, já que pode funcionar como sapateira, estante compacta, apoio decorativo ou móvel organizador.";"Produzida em madeira pinus.
Possui 4 prateleiras.
Suporta até 10 kg por prateleira.
Capacidade total distribuída de até 40 kg.
Estrutura vertical que otimiza o espaço.
Tamanho compacto e funcional.
Visual natural e fácil de combinar.
Pode ser utilizada para organizar e decorar.
Indicada para diferentes ambientes internos.";"A Prateleira Multiuso M 4P pode ser utilizada para:

Organizar calçados e chinelos.
Apoiar caixas e cestos organizadores.
Acomodar toalhas e itens de lavanderia.
Expor plantas, livros e objetos decorativos.
Complementar a organização de quartos e closets.
Organizar objetos próximos à entrada da casa.
Servir como estante compacta ou apoio decorativo.
Auxiliar na organização de escritórios e áreas de estudo.";Prateleira Multiuso M 4P em Madeira Pinus Nitron-Mob;Organize seus ambientes com a Prateleira Multiuso M 4P Nitron-Mob em madeira pinus. Possui 4 prateleiras e suporta até 10 kg por prateleira.;prateleira-multiuso-m-4p-madeira-pinus-nitron-mob;prateleira multiuso pequena de madeira pinus;"prateleira multiuso
prateleira de madeira
prateleira em madeira pinus
prateleira Nitron-Mob
prateleira com 4 níveis
estante multiuso pequena
organizador de madeira
prateleira para quarto
prateleira para closet
prateleira para lavanderia
prateleira decorativa
prateleira para plantas
sapateira pequena de madeira
móvel organizador compacto
estante baixa de madeira"
861.004.N03;https://produto.nitron.com.br/Baixa/861_004_N03-01.jpg;;Lançamento;22;Prateleira Multiuso P 2P;Multi-Purpose Shelf P 2P;Estantería Multiuso P 2P;38;33;53;;7896779686162;Nitron-Mob;"A Prateleira Multiuso P 2P Nitron-Mob é uma solução compacta, funcional e versátil para quem busca mais organização no dia a dia sem ocupar muito espaço.

Produzida em madeira pinus, apresenta um visual natural e leve, que combina facilmente com quartos, closets, lavanderias, halls de entrada, escritórios e outros ambientes internos.

Sua estrutura conta com duas prateleiras, permitindo organizar diferentes itens de forma prática e acessível. Cada prateleira suporta até 10 kg, oferecendo ótima capacidade para acomodar calçados, caixas organizadoras, cestos, toalhas, livros, plantas e objetos decorativos.

Com medidas de 38 cm de largura, 33 cm de profundidade e 53 cm de altura, a Prateleira Multiuso P 2P é ideal para ambientes compactos ou para complementar a organização de diferentes espaços da casa.

Seu principal diferencial está na versatilidade de uso, já que pode ser utilizada como sapateira compacta, apoio decorativo, estante baixa ou móvel organizador.";"Produzida em madeira pinus.
Possui 2 prateleiras.
Suporta até 10 kg por prateleira.
Capacidade total distribuída de até 20 kg.
Estrutura compacta e funcional.
Ideal para espaços menores.
Visual natural e fácil de combinar.
Pode ser utilizada para organizar e decorar.
Indicada para diferentes ambientes internos.";"A Prateleira Multiuso P 2P pode ser utilizada para:

Organizar calçados e chinelos.
Apoiar caixas e cestos organizadores.
Acomodar toalhas e itens de lavanderia.
Expor plantas, livros e objetos decorativos.
Complementar a organização de quartos e closets.
Organizar objetos próximos à entrada da casa.
Servir como estante baixa ou apoio decorativo.
Auxiliar na organização de pequenos ambientes.";Prateleira Multiuso P 2P em Madeira Pinus Nitron-Mob;Organize pequenos ambientes com a Prateleira Multiuso P 2P Nitron-Mob em madeira pinus. Possui 2 prateleiras e suporta até 10 kg por prateleira.;prateleira-multiuso-p-2p-madeira-pinus-nitron-mob;prateleira multiuso pequena de madeira pinus;"prateleira multiuso
prateleira de madeira
prateleira em madeira pinus
prateleira Nitron-Mob
prateleira com 2 níveis
estante multiuso pequena
organizador de madeira
prateleira para quarto
prateleira para closet
prateleira para lavanderia
prateleira decorativa
prateleira para plantas
sapateira pequena de madeira
móvel organizador compacto
estante baixa de madeira"
862.004.N03;https://produto.nitron.com.br/Baixa/862_004_N03-01.jpg;;Lançamento;22;Prateleira Multiuso P 3P;Multi-Purpose Shelf P 3P;Estantería Multiuso P 3P;38;33;80;;7896779686278;Nitron-Mob;"A Prateleira Multiuso P 3P Nitron-Mob é uma solução compacta, funcional e versátil para quem busca mais organização no dia a dia sem ocupar muito espaço.

Produzida em madeira pinus, apresenta um visual natural e leve, que combina facilmente com quartos, closets, lavanderias, halls de entrada, escritórios e outros ambientes internos.

Sua estrutura conta com três prateleiras, permitindo organizar diferentes itens de forma prática, acessível e visualmente harmoniosa. Cada prateleira suporta até 10 kg, oferecendo ótima capacidade para acomodar calçados, caixas organizadoras, cestos, toalhas, livros, plantas e objetos decorativos.

Com medidas de 38 cm de largura, 33 cm de profundidade e 80 cm de altura, a Prateleira Multiuso P 3P é ideal para ambientes compactos ou para complementar a organização de diferentes espaços da casa.

Seu principal diferencial está na versatilidade de uso, já que pode ser utilizada como sapateira compacta, apoio decorativo, estante vertical ou móvel organizador.";"Produzida em madeira pinus.
Possui 3 prateleiras.
Suporta até 10 kg por prateleira.
Capacidade total distribuída de até 30 kg.
Estrutura compacta e funcional.
Ideal para espaços menores.
Visual natural e fácil de combinar.
Pode ser utilizada para organizar e decorar.
Indicada para diferentes ambientes internos.";"A Prateleira Multiuso P 3P pode ser utilizada para:

Organizar calçados e chinelos.
Apoiar caixas e cestos organizadores.
Acomodar toalhas e itens de lavanderia.
Expor plantas, livros e objetos decorativos.
Complementar a organização de quartos e closets.
Organizar objetos próximos à entrada da casa.
Servir como estante vertical compacta ou apoio decorativo.
Auxiliar na organização de pequenos ambientes.";Prateleira Multiuso P 3P em Madeira Pinus Nitron-Mob;Organize pequenos ambientes com a Prateleira Multiuso P 3P Nitron-Mob em madeira pinus. Possui 3 prateleiras e suporta até 10 kg por prateleira.;prateleira-multiuso-p-3p-madeira-pinus-nitron-mob;prateleira multiuso pequena de madeira pinus;"prateleira multiuso
prateleira de madeira
prateleira em madeira pinus
prateleira Nitron-Mob
prateleira com 3 níveis
estante multiuso pequena
organizador de madeira
prateleira para quarto
prateleira para closet
prateleira para lavanderia
prateleira decorativa
prateleira para plantas
sapateira pequena de madeira
móvel organizador compacto
estante vertical de madeira"
863.004.N03;https://produto.nitron.com.br/Baixa/863_004_N03-01.jpg;;Lançamento;22;Prateleira Multiuso P 4P;Multi-Purpose Shelf P 4P;Estantería Multiuso P 4P;38;33;92;;7896779686322;Nitron-Mob;"A Prateleira Multiuso P 4P Nitron-Mob é uma solução compacta, funcional e versátil para quem precisa de maior capacidade de organização sem ocupar muito espaço no ambiente.

Produzida em madeira pinus, apresenta um visual natural e leve, que combina facilmente com quartos, closets, lavanderias, halls de entrada, escritórios e outros ambientes internos.

Sua estrutura vertical possui quatro prateleiras, permitindo separar e organizar diferentes itens de forma prática e acessível. Cada prateleira suporta até 10 kg, oferecendo excelente capacidade para acomodar calçados, caixas organizadoras, cestos, toalhas, livros, plantas e objetos decorativos.

Com medidas de 38 cm de largura, 33 cm de profundidade e 92 cm de altura, a Prateleira Multiuso P 4P aproveita melhor o espaço vertical, sendo especialmente indicada para ambientes compactos.

Seu principal diferencial está na versatilidade de uso, pois pode funcionar como sapateira, estante organizadora, apoio decorativo ou móvel auxiliar em diferentes cômodos da casa.";"Produzida em madeira pinus.
Possui 4 prateleiras.
Suporta até 10 kg por prateleira.
Capacidade total distribuída de até 40 kg.
Estrutura vertical que otimiza o espaço.
Tamanho compacto e funcional.
Visual natural e fácil de combinar.
Permite organizar e decorar ao mesmo tempo.
Indicada para diferentes ambientes internos.";"A Prateleira Multiuso P 4P pode ser utilizada para:

Organizar calçados e chinelos.
Apoiar caixas e cestos organizadores.
Acomodar toalhas e itens de lavanderia.
Expor livros, plantas e objetos decorativos.
Complementar a organização de quartos e closets.
Organizar objetos próximos à entrada da casa.
Servir como estante vertical compacta.
Auxiliar na organização de escritórios e áreas de estudo.";Prateleira Multiuso P 4P em Madeira Pinus Nitron-Mob;Organize pequenos ambientes com a Prateleira Multiuso P 4P Nitron-Mob em madeira pinus. Possui 4 prateleiras e suporta até 10 kg por prateleira.;prateleira-multiuso-p-4p-madeira-pinus-nitron-mob;prateleira multiuso compacta com 4 prateleiras;"prateleira multiuso
prateleira de madeira
prateleira em madeira pinus
prateleira Nitron-Mob
prateleira com 4 níveis
estante multiuso pequena
organizador vertical de madeira
prateleira para quarto
prateleira para closet
prateleira para lavanderia
prateleira decorativa
prateleira para plantas
sapateira compacta de madeira
móvel organizador compacto
estante vertical de madeira"
920.004.002;https://produto.nitron.com.br/Baixa/920_004_002-01.jpg;;;73;Kit Detergente Flat com 2 Peças - Branco 500ml;Flat deterget kit with 2 pieces - White 500ml;Conjunto detergente plano con 2 piezas - Blanco 500 ml;20.4;8.6;16.3;500ml;7896779692071;Cozinha;"O Conj. Porta Detergente Flat com 2 Peças - Branco 500ml é a escolha ideal para quem busca praticidade e organização no dia a dia. Função e Utilidade : Organiza a pia de forma prática e moderna. Ideal para manter detergente e esponja sempre à mão. Capacidade : Reservatório com capacidade de 500ml para detergente. Design e Estilo : Design moderno e elegante. Cor branca (embora mencione ""preto"" no texto, o produto é especificado como branco). Dimensões: 20cm x 17cm x 9cm. Marca : Fabricado pela marca Nitron. Espaço para Esponja : Possui compartimento específico para acomodar a esponja de limpeza. Quantidade : Vendido individualmente (1 unidade). Diferencial : Combina praticidade, organização e estilo para a cozinha. Recomendação : Indispensável para quem busca praticidade e um toque de elegância na organização da pia. Perfeito para conservar alimentos com estilo e segurança, ele combina design funcional com a resistência dos produtos Nitron.";;;;;;;
920.004.003;https://produto.nitron.com.br/Baixa/920_004_003-01.jpg;;;73;Kit Detergente Flat com 2 Peças - Preto 500ml;Flat deterget kit with 2 pieces - Black 500ml;Conjunto detergente plano con 2 piezas - Negro 500 ml;20.4;8.6;16.3;500ml;7896779608652;Cozinha;O Conj. Porta Detergente Flat com 2 Peças - Preto 500ml é a escolha ideal para quem busca praticidade e organização no dia a dia. Função prática e organização : Mantém detergente e esponja organizados e sempre à mão na pia da cozinha. Design moderno e elegante : Cor preta que adiciona um toque de sofisticação ao ambiente. Capacidade : Reservatório com capacidade de 500ml para detergente. Espaço multifuncional : Possui compartimento separado para acomodar a esponja de limpeza. Dimensões compactas : Medidas: 20cm (altura) x 17cm (largura) x 9cm (profundidade) . Marca : Fabricado pela Nitron , garantindo qualidade e durabilidade. Quantidade : Embalagem contém 1 unidade . Versatilidade : Ideal para uso em cozinhas residenciais ou outros ambientes que necessitem de organização prática. Facilidade de uso : Prático para o dia a dia, contribuindo para maior funcionalidade na rotina de limpeza. Perfeito para conservar alimentos com estilo e segurança, ele combina design funcional com a resistência dos produtos Nitron.;;;;;;;
920.004.086;https://produto.nitron.com.br/Baixa/920_004_086-01.jpg;;;73;Kit Detergente Flat com 2 Peças - Chumbo 500ml;Flat deterget kit with 2 pieces - Lead 500ml;Conjunto detergente plano con 2 piezas - Plomo 500 ml;20.4;8.6;16.3;500ml;7896779608669;Cozinha;O Conj. Porta Detergente Flat com 2 Peças - Chumbo 500ml é a escolha ideal para quem busca praticidade e organização no dia a dia. Função prática : Organiza a pia da cozinha de forma eficiente, mantendo detergente e esponja sempre à mão. Design moderno e elegante : A cor chumbo adiciona um toque sofisticado ao ambiente. Capacidade : Compartimento para detergente com capacidade de 500ml. Espaço para esponja : Inclui área específica para armazenar a esponja de limpeza. Dimensões compactas : Medidas de 20cm (altura) x 17cm (largura) x 9cm (profundidade). Marca : Nitron. Cor : Chumbo. Perfeito para conservar alimentos com estilo e segurança, ele combina design funcional com a resistência dos produtos Nitron.;;;;;;;
