CODPROD;REFERENCIA;DESCRICAO SANKHYA;LAYOUT;NOME PT;NOME EN;NOME ES;CAP VALOR;CAP UNID;QTD PECAS;LARG CM;ALT CM;PROF CM;SELOS;APLICACOES;URL QR
;002.036.002;Tábua Popular - Branca (018/B);1;Tábua Popular;Popular Board;Tablero Popular;;;1;32.0;0.4;20.0;BPA,ATX,BRA;COZI;nitron.com.br/p/002.036.002
;003.006.002;Gaveteiro com 3 Gavetas - Branca (004/3B);4;Gaveteiro com 3 Gavetas;Drawer with 3 Drawers;Cajón con 3 Cajones;;;1;21.0;17.3;18.0;BRA,EMP,FCL,RCL;PECA,FERR,ESCR,BRIN,DOCU,ROUP;nitron.com.br/p/003.006.002
;003.006.003;Gaveteiro com 3 Gavetas - Preta (004/3P);4;Gaveteiro com 3 Gavetas;Drawer with 3 Drawers;Cajón con 3 Cajones;;;1;21.0;17.3;18.0;BRA,EMP,FCL,RCL;PECA,FERR,ESCR,BRIN,DOCU,ROUP;nitron.com.br/p/003.006.003
;003.006.012;Gaveteiro com 3 Gavetas - Rosa;4;Gaveteiro com 3 Gavetas;Drawer with 3 Drawers;Cajón con 3 Cajones;;;1;21.0;17.3;18.0;BRA,EMP,FCL,RCL;PECA,FERR,ESCR,BRIN,DOCU,ROUP;nitron.com.br/p/003.006.012
;004.006.002;Gaveteiro com 4 Gavetas - Branca (004/4B);4;Gaveteiro com 4 Gavetas;Drawer with 4 Drawers;Cajón con 4 Cajones;;;1;21.0;22.5;18.0;BRA,EMP,FCL,RCL;PECA,FERR,ESCR,BRIN,DOCU,ROUP;nitron.com.br/p/004.006.002
;004.006.003;Gaveteiro com 4 Gavetas - Preta (004/4P);4;Gaveteiro com 4 Gavetas;Drawer with 4 Drawers;Cajón con 4 cajones;;;1;21.0;22.5;18.0;BRA,EMP,FCL,RCL;PECA,FERR,ESCR,BRIN,DOCU,ROUP;nitron.com.br/p/004.006.003
;004.006.012;Gaveteiro com 4 Gavetas - Rosa;4;Gaveteiro com 4 Gavetas;Drawer with 4 Drawers;Cajón con 4 Cajones;;;1;21.0;22.5;18.0;BRA,EMP,FCL,RCL;PECA,FERR,ESCR,BRIN,DOCU,ROUP;nitron.com.br/p/004.006.012
;006.030.998;Copo Baby com Tampa - Cachorro/Panda 250 ml;1;Copo Baby c/ Tampa - Cachorro/Panda;;;250.0;ML;1;9.0;10.8;9.0;BPA,ATX,BRA;BEBI,BRIN;nitron.com.br/p/006.030.998
;006.030.999;Copo Baby com Tampa - Sortido 250 ml (006);1;Copo Baby com Tampa;Baby Cup with Lid;Vaso Bebé con Tapa;250.0;ML;1;9.0;10.8;9.0;BPA,ATX,BRA;BEBI,BRIN;nitron.com.br/p/006.030.999
;008.012.002;Porta Sabão em Pó com Dosador - Branco 2 Kg;3;Porta Sabão em Pó com Dosador;Washing Powder Holder with Measuring;Jabonera en Polvo con Dosificador;2.0;KG;1;20.7;25.0;10.5;ATX,BRA,HIG,FCL,RCL;LIMP,ROUP,BANH;nitron.com.br/p/008.012.002
;008.012.003;Porta Sabão em Pó com Dosador - Preto 2 Kg;3;Porta Sabão em Pó com Dosador;Washing Powder Holder with Measuring;Jabonera en Polvo con Dosificador;2.0;KG;1;20.7;25.0;10.5;ATX,BRA,HIG,FCL,RCL;LIMP,ROUP,BANH;nitron.com.br/p/008.012.003
;010.001.003;Caixa Expositora com 40 kits de 10 Cabides;4;Caixa Expositora com 40 kits de 10 Cabides;Display Box with 40 Sets of 10 Hangers;Caja Expositora con 40 Juegos de 10 Perchas;;;40;50.0;72.5;50.0;BRA,EMP,FCL,RCL;ROUP,PECA,FERR,ESCR,BRIN,DOCU;nitron.com.br/p/010.001.003
;010.010.003;Cabide com 10 Peças - Preto;4;Cabide com 10 Peças;Hanger with 10 Pieces;Percha con 10 Piezas;;;10;39.5;20.0;7.0;BRA,EMP,FCL,RCL;ROUP;nitron.com.br/p/010.010.003
;010.012.001;Cabide com 3 Peças - Transparente;4;Cabide com 3 Peças;Hanger with 3 Pieces;Percha con 3 Piezas;;;3;39.5;20.0;2.1;BRA,EMP,FCL,TRP,RCL;ROUP;nitron.com.br/p/010.012.001
;011.036.001;Organiza Tudo com 7 Divisórias (011);4;Organiza Tudo com 7 Divisórias;Organizes Everything with 7 Compartments;Organiza todo con 7 divisores;;;1;13.5;3.2;9.5;BRA,HER,EMP,FCL,RCL;PREG,COST,PECA,FERR,ESCR,BRIN,DOCU,ROUP;nitron.com.br/p/011.036.001
;012.012.016;Porta Sabão em Pó 600 g;2;Porta Sabão em Pó;Washing Powder Holder;Jabonera en Polvo;600.0;G;1;12.9;15.5;7.9;ATX,BRA,FCL,RCL;LIMP,ROUP,BANH;nitron.com.br/p/012.012.016
;013.050.003;Suporte para Botijão - Preto;4;Suporte para Botijão;Gas Cylinder Holder;Soporte de cilindro;;;1;29.0;6.0;29.0;BRA,EMP,FCL,RCL;COZI;nitron.com.br/p/013.050.003
;013.050.004;Suporte para Botijão - Areia (013);4;Suporte para Botijão;Gas Cylinder Holder;Soporte de cilindro;;;1;29.0;6.0;29.0;BRA,EMP,FCL,RCL;COZI;nitron.com.br/p/013.050.004
;015.012.002;Ralador Pratic com Pote - Branco 420ml;2;Ralador Pratic com Pote;Practical Grater with container;Rallador Pratic con Olla;420.0;ML;1;21.0;5.4;11.0;BPA,ATX,BRA,LAV;COZI;nitron.com.br/p/015.012.002
;015.012.003;Ralador Pratic com Pote - Preto 420ml;2;Ralador Pratic com Pote;Practical Grater with container;Rallador Pratic con Olla;420.0;ML;1;21.0;5.4;11.0;BPA,ATX,BRA,LAV;COZI;nitron.com.br/p/015.012.003
;016.012.002;Escorredor de Talheres Max - Branco (016/B);3;Escorredor de Talheres Max;Max Cutlery Drainer;Escurridor de cubiertos Max;;;1;24.0;13.5;11.5;BPA,ATX,BRA,LAV,HIG;COZI;nitron.com.br/p/016.012.002
;016.012.003;Escorredor de Talheres Max - Preto;3;Escorredor de Talheres Max;Max Cutlery Drainer;Escurridor de cubiertos Max;;;1;24.0;13.5;11.5;BPA,ATX,BRA,LAV,HIG;COZI;nitron.com.br/p/016.012.003
;016.012.086;Escorredor de Talheres Max - Chumbo (016/B);3;Escorredor de Talheres Max;Max Cutlery Drainer;Escurridor de cubiertos Max;;;1;24.0;13.5;11.5;BPA,ATX,BRA,LAV,FCL;COZI;nitron.com.br/p/016.012.086
;017.024.999;Pá de Lixo Inova (017);3;Pá de Lixo Inova;Inova Dustpan;Recogedor Inova;;;1;32.2;10.2;22.2;ATX,BRA,HIG,FCL,RCL;LIMP;nitron.com.br/p/017.024.999
;018.012.002;Tábua Multiuso - Branca;1;Tábua Multiuso;Multipurpose Board;Tablero multiusos;;;1;20.5;0.4;35.6;BPA,ATX,BRA;COZI;nitron.com.br/p/018.012.002
;019.024.001;Organiza Tudo com 10 Divisórias (019);4;Organiza Tudo com 10 Divisórias;Organizes Everything with 10 Compartments;Organiza todo con 10 divisores;;;1;20.5;4.1;11.8;BPA,BRA,EMP,FCL,RCL;PECA,FERR,ESCR,BRIN,DOCU,ROUP;nitron.com.br/p/019.024.001
;020.024.001;Forma de Pudim para Micro-ondas 1,9L (020);3;Forma de Pudim para Micro-ondas;Microwave Pudding Pan;Molde Para Pudin Microondas;1.9;L;1;26.0;7.0;23.5;BPA,ATX,BRA,MIC,LAV;COZI;nitron.com.br/p/020.024.001
;023.030.002;Ralador com 4 Faces (023);2;Ralador com 4 Faces;Grater with 4 Sides;Rallador de 4 lados;;;1;10.4;19.2;12.5;BPA,ATX,BRA,LAV;COZI;nitron.com.br/p/023.030.002
;024.012.002;Cestinho para Prendedor Floral - Branco;3;Cestinho para Prendedor Floral;Floral Clothespin Basket;Cesta Para Prendedor Floral Pequeño;;;1;26.8;13.5;14.4;ATX,BRA,FCL,RCL;ROUP,LIMP,BANH;nitron.com.br/p/024.012.002
;024.012.003;Cestinho para Prendedor Floral - Preto;3;Cestinho para Prendedor Floral;Floral Clothespin Basket;Cesta Para Prendedor Floral Pequeño;;;1;26.8;13.5;14.4;ATX,BRA,FCL,RCL;ROUP,LIMP,BANH;nitron.com.br/p/024.012.003
;027.012.001;Porta Pão Armazena e Conserva - 2,7L (027);3;Porta Pão Armazena e Conserva;Bread Storage e Preserving Holder;Porta para pan para almacenamiento y conservación;2.7;L;1;34.5;13.5;14.0;BPA,ATX,BRA,LAV,EMP,HIG;LIMP,MANT,GRAO,CAFE,ACUC,FARI;nitron.com.br/p/027.012.001
;028.012.002;Escorredor de Arroz Tradicional - Branco;3;Escorredor de Arroz Tradicional;Traditional Rice Strainer;Colador de Arroz Tradicional;;;1;28.0;16.0;22.0;BPA,ATX,BRA,LAV,HIG;COZI;nitron.com.br/p/028.012.002
;028.012.003;Escorredor de Arroz Tradicional - Preto;3;Escorredor de Arroz Tradicional;Traditional Rice Strainer;Colador de Arroz Tradicional;;;1;28.0;16.0;22.0;BPA,ATX,BRA,LAV,HIG;COZI;nitron.com.br/p/028.012.003
;030.012.001;Pote Monterey com 3 Divisórias - Transparente 1,1L (0307.012.001);3;Pote Monterey com 3 Divisórias;Monterey container with 3 Compartments;Recipientes Monterey con 3 Divisores;1.1;L;1;21.2;5.5;21.2;BPA,ATX,BRA,LAV,EMP,TRP;MANT,GRAO,CAFE,ACUC,FARI,MASS;nitron.com.br/p/030.012.001
;030.012.003;Pote Monterey com 3 Divisórias - Preto 1,1L;3;Pote Monterey com 3 Divisórias;Monterey container with 3 Compartments;Recipientes Monterey con 3 Divisores;1.1;L;1;21.2;5.5;21.2;BPA,ATX,BRA,LAV,EMP;MANT,GRAO,CAFE,ACUC,FARI,MASS;nitron.com.br/p/030.012.003
;032.012.002;Jarra com Tampa - Branco 2L;3;Jarra com Tampa;Jug with Lid;Tarro con Tapa;2.0;L;1;20.8;19.9;14.5;BPA,ATX,BRA,LAV,HIG;BEBI,COZI;nitron.com.br/p/032.012.002
;032.012.547;Jarra com Tampa - Vermelho 2L;3;Jarra com Tampa;Jug with Lid;Tarro con Tapa;2.0;L;1;20.8;19.9;14.5;BPA,ATX,BRA,LAV,FCL;BEBI,COZI;nitron.com.br/p/032.012.547
;033.012.002;Jarra com Espremedor - Branco 2L;3;Jarra com Espremedor;Jug with Squeezer;Jarra con Exprimidor;2.0;L;1;20.8;21.8;14.5;BPA,ATX,BRA,LAV;BEBI,COZI;nitron.com.br/p/033.012.002
;033.012.547;Jarra com Espremedor - Vermelho 2L;3;Jarra com Espremedor;Jug with Squeezer;Jarra con Exprimidor;2.0;L;1;20.8;21.8;14.5;BPA,ATX,BRA,LAV;BEBI,COZI;nitron.com.br/p/033.012.547
;034.012.001;Pote Monaco com 3 Divisórias - Transparente 1L;2;Pote Monaco com 3 Divisórias;Monaco container with 3 Comp.;Recipientes Monaco con 3 Divisores;1.0;L;1;24.5;5.0;19.0;BPA,ATX,BRA,LAV;MANT,GRAO,CAFE,ACUC;nitron.com.br/p/034.012.001
;034.012.003;Pote Monaco com 3 Divisórias - Preto 1L;2;Pote Monaco com 3 Divisórias;Monaco container with 3 Comp.;Maceta Monaco con 3 Divisores;1.0;L;1;24.5;5.0;19.0;BPA,ATX,BRA,LAV;MANT,GRAO,CAFE,ACUC;nitron.com.br/p/034.012.003
;039.012.002;Escorredor Básico com Cabo - Branco;3;Escorredor Básico com Cabo;Basic Pasta Strainer with Handle;Escurridor de Pasta Básico con asa;;;1;38.5;9.0;23.0;BPA,ATX,BRA,LAV,HIG;COZI;nitron.com.br/p/039.012.002
;039.012.003;Escorredor Básico com Cabo - Preto;3;Escorredor Básico com Cabo;Basic Pasta Strainer with Handle;Escurridor de pasta básico con asa;;;1;38.5;9.0;23.0;BPA,ATX,BRA,LAV,HIG;COZI;nitron.com.br/p/039.012.003
;041.012.002;Organizador Multiuso Rattan com 3 Divisórias - Branco (041/B);4;Organizador Multiuso Rattan com 3 Divisórias;Multipurpose Rattan Organizer with 3 Comp.;Organizador multiusos de ratán con 3 Div.;;;1;16.0;17.8;11.0;BRA,EMP,FCL,RCL;PET,PECA,FERR,ESCR,BRIN,DOCU,ROUP;nitron.com.br/p/041.012.002
;041.012.003;Organizador Multiuso Rattan com 3 Divisórias - Preto (041/P);4;Organizador Multiuso Rattan com 3 Divisórias;Multipurpose Rattan Organizer with 3 Comp.;Organizador multiusos de ratán con 3 Div.;;;1;16.0;17.8;11.0;BRA,EMP,FCL,RCL;PET,PECA,FERR,ESCR,BRIN,DOCU,ROUP;nitron.com.br/p/041.012.003
;041.012.086;Organizador Multiuso Rattan com 3 Divisórias - Chumbo;4;Organizador Multiuso Rattan com 3 Divisórias;Multipurpose Rattan Organizer with 3 Comp.;Organizador multiusos de ratán con 3 Div.;;;1;16.0;17.8;11.0;BRA,EMP,FCL,RCL;PET,PECA,FERR,ESCR,BRIN,DOCU,ROUP;nitron.com.br/p/041.012.086
;043.012.002;Frasqueira Medicamentos - Branca 1,4L (043/M);4;Frasqueira Medicamentos;Medic Case;Estuche Médico;1.4;L;1;19.1;10.0;15.7;BRA,EMP,HIG,FCL;MEDI,COSM,MAQU,HIGI;nitron.com.br/p/043.012.002
;043.012.009;Frasqueira Medicamentos - Vermelha 1,4L;4;Frasqueira Medicamentos;Medic Case;Estuche Médico;1.4;L;1;19.1;10.0;15.7;BRA,EMP,HIG,FCL;MEDI,COSM,MAQU,HIGI;nitron.com.br/p/043.012.009
;044.012.005;Porta Filtro para Café;2;Porta Filtro para Café;Coffee Filter Holder;Portafiltros de café;;;1;16.0;15.0;12.0;BPA,ATX,BRA,LAV;CAFE,COZI,MANT,TEMP;nitron.com.br/p/044.012.005
;045.012.001;Forma de Pudim para Micro-ondas com Tampa 1,9L (045);3;Forma de Pudim para Microondas com Tampa;Microwave Pudding Mold with Lid;Molde para Pudin con Tapa para Microond.;1.9;L;1;26.2;10.0;23.7;BPA,ATX,BRA,MIC,LAV,FCL;COZI;nitron.com.br/p/045.012.001
;046.012.002;Porta Óleo Itália - Branco;2;Porta Óleo Itália;Italy Oil Holder;Porta aceite Italia;;;1;12.0;16.2;8.8;BPA,ATX,BRA,LAV;TEMP,COZI,MANT;nitron.com.br/p/046.012.002
;046.012.003;Porta Óleo Itália - Preto;2;Porta Óleo Itália;Italy Oil Holder;Porta aceite Italia;;;1;12.0;16.2;8.8;BPA,ATX,BRA,LAV;TEMP,COZI,MANT;nitron.com.br/p/046.012.003
;047.012.002;Cesto Organizador Vime - Branco 7L (047/B);4;Cesto Organizador Vime;Wicker Organizer Basket;Cesta Organizadora de Mimbre;7.0;L;1;29.4;17.0;21.0;BPA,BRA,EMP,FCL,RCL;PET,PECA,FERR,ESCR,BRIN,DOCU,ROUP;nitron.com.br/p/047.012.002
;047.012.003;Cesto Organizador Vime - Preto 7L (047/P);4;Cesto Organizador Vime;Wicker Organizer Basket;Cesta Organizadora de Mimbre;7.0;L;1;29.4;17.0;21.0;BPA,BRA,EMP,FCL,RCL;PET,PECA,FERR,ESCR,BRIN,DOCU,ROUP;nitron.com.br/p/047.012.003
;050.012.001;Pote Premier com 4 Divisórias - Transparente 1,1L;3;Pote Premier com 4 Divisórias;Premier container with 4 Compartments;Recipientes Premier con 4 Divisores;1.1;L;1;22.5;5.0;22.5;BPA,ATX,BRA,LAV,EMP,TRP;MANT,GRAO,CAFE,ACUC,FARI,MASS;nitron.com.br/p/050.012.001
;050.012.003;Pote Premier com 4 Divisórias - Preto 1,1L;3;Pote Premier com 4 Divisórias;Premier container with 4 Compartments;Recipientes Premier con 4 Divisores;1.1;L;1;22.5;5.0;22.5;BPA,ATX,BRA,LAV,EMP;MANT,GRAO,CAFE,ACUC,FARI,MASS;nitron.com.br/p/050.012.003
;051.012.002;Porta Detergente 3 em 1 - Branco (051/B);2;Porta Detergente 3 em 1;3 in 1 Detergent Holder;Porta Detergente 3 en 1;;;1;28.0;6.5;10.2;BPA,ATX,BRA,LAV;LIMP,COZI,MANT,TEMP;nitron.com.br/p/051.012.002
;051.012.003;Porta Detergente 3 em 1 - Preto;2;Porta Detergente 3 em 1;3 in 1 Detergent Holder;Porta Detergente 3 en 1;;;1;28.0;6.5;10.2;BPA,ATX,BRA,LAV;PET,LIMP,COZI,MANT;nitron.com.br/p/051.012.003
;051.012.086;Porta Detergente 3 em 1 - Chumbo (051/B);2;Porta Detergente 3 em 1;3 in 1 Detergent Holder;Porta Detergente 3 en 1;;;1;28.0;6.5;10.2;BPA,ATX,BRA,LAV;LIMP,COZI,MANT,TEMP;nitron.com.br/p/051.012.086
;052.006.002;Lixeira Rattan com Pedal - Branca 6L (052/B);3;Lixeira Rattan com Pedal;Rattan Bin with Pedal;Papelera de Ratán con Pedal;6.0;L;1;24.2;26.0;24.2;ATX,BRA,PED,HIG,FCL,RCL;PET,LIXO,COZI,BANH;nitron.com.br/p/052.006.002
;052.006.003;Lixeira Rattan com Pedal - Preta 6L (052/B);3;Lixeira Rattan com Pedal;Rattan Bin with Pedal;Papelera de Ratán con Pedal;6.0;L;1;24.2;26.0;24.2;BRA,PED,HIG,FCL,RCL;LIXO,COZI,BANH;nitron.com.br/p/052.006.003
;052.006.086;Lixeira Rattan com Pedal - Chumbo 6L (052/B);3;Lixeira Rattan com Pedal;Rattan Bin with Pedal;Papelera de Ratán con Pedal;6.0;L;1;24.2;26.0;24.2;BRA,PED,HIG,FCL,RCL;LIXO,COZI,BANH;nitron.com.br/p/052.006.086
;053.004.002;Prateleira Multi uso com 4 Andares - Branca (053/B);4;Prateleira Multi uso com 4 Andares;Multipurpose Shelf with 4 Tiers;Estantería Multiusos con 4 Pisos;;;1;39.5;70.5;30.0;BRA,EMP,FCL,RCL;DECO;nitron.com.br/p/053.004.002
;053.004.003;Prateleira Multi uso com 4 Andares - Preta (053/P);4;Prateleira Multi uso com 4 Andares;Multipurpose Shelf with 4 Tiers;Estante multiusos con 4 pisos;;;1;39.5;70.5;30.0;BRA,EMP,FCL,RCL;DECO;nitron.com.br/p/053.004.003
;054.004.001;Cesto de Roupas 47L (054);3;Cesto de Roupas;47L Laundry Basket;Cesto para la ropa;47.0;L;1;47.5;50.0;34.0;BPA,ATX,BRA,FCL,RCL;ROUP;nitron.com.br/p/054.004.001
;054.004.003;Cesto de Roupas 47L (054);3;Cesto de Roupas;;;47.0;L;1;47.5;50.0;34.0;ATX,BRA,FCL,RCL;ROUP;nitron.com.br/p/054.004.003
;055.012.002;Escorredor Multiúso - Branco;3;Escorredor Multiúso;Multipurpose Strainer;Escurridor Multiusos;;;1;26.0;19.0;21.5;BPA,ATX,BRA,MIC,FRZ,LAV;COZI;nitron.com.br/p/055.012.002
;055.012.003;Escorredor Multiúso - Preto;3;Escorredor Multiúso;Multipurpose Strainer;Escurridor multiusos;;;1;26.0;19.0;21.5;BPA,ATX,BRA,MIC,FRZ,LAV;COZI;nitron.com.br/p/055.012.003
;056.012.002;Escorredor Luxo com Cabo - Branco;3;Escorredor Luxo com Cabo;Luxury Pasta Strainer with Handle;Escurridor de pasta de lujo con asa;;;1;38.5;11.5;25.0;BPA,ATX,BRA,LAV,FCL;COZI;nitron.com.br/p/056.012.002
;056.012.003;Escorredor Luxo com Cabo - Preto;3;Escorredor Luxo com Cabo;Luxury Pasta Strainer with Handle;Escurridor de pasta de lujo con asa;;;1;38.5;11.5;25.0;BPA,ATX,BRA,LAV,HIG;COZI;nitron.com.br/p/056.012.003
;059.012.002;Escorredor de Pratos - Branco (059/B);3;Escorredor de Pratos;Dish Drainer;Escurreplatos;;;1;42.2;9.5;30.5;BPA,ATX,BRA,LAV,FCL;COZI;nitron.com.br/p/059.012.002
;059.012.003;Escorredor de Pratos - Preto (059/B);3;Escorredor de Pratos;Dish Drainer;Escurridor de platos;;;1;42.2;9.5;30.5;BPA,ATX,BRA,LAV,FCL;COZI;nitron.com.br/p/059.012.003
;059.012.086;Escorredor de Pratos - Chumbo (059/B);3;Escorredor de Pratos;Dish Drainer;Escurreplatos;;;1;42.2;9.5;30.5;BPA,ATX,BRA,LAV,FCL;COZI;nitron.com.br/p/059.012.086
;060.012.002;Porta Talheres Paris com 4 Divisórias e Tampa - Branco;2;Porta Talher. Paris c/ 4 Div. e Tampa;Paris Cutlery Holder w/ 4 Comp. and Lid;Portacubiertos Paris c/ 4 Div. y tapa;;;1;32.5;5.0;21.0;BPA,ATX,BRA,LAV;COZI;nitron.com.br/p/060.012.002
;060.012.003;Porta Talheres Paris com 4 Divisórias e Tampa - Preto;2;Porta Talher. Paris c/ 4 Div. e Tampa;Paris Cutlery Holder w/ 4 Comp. and Lid;Portacubiertos Paris c/ 4 Div. y tapa;;;1;32.5;5.0;21.0;BPA,ATX,BRA,LAV;COZI;nitron.com.br/p/060.012.003
;062.012.002;Caixa Organizadora Rattan com Tampa - Branca 4L;4;Caixa Organizadora Rattan com Tampa;Rattan Organizer Box with Lid;Caja Organizadora de Ratán con Tapa;4.0;L;1;25.5;10.7;20.0;BRA,EMP,FCL,RCL;PECA,FERR,ESCR,BRIN,DOCU,ROUP;nitron.com.br/p/062.012.002
;062.012.003;Caixa Organizadora Rattan com Tampa - Preta 4L;4;Caixa Organizadora Rattan com Tampa;Rattan Organizer Box with Lid;Caja Organizadora de Ratán con Tapa;4.0;L;1;25.5;10.7;20.0;BRA,EMP,FCL,RCL;PECA,FERR,ESCR,BRIN,DOCU,ROUP;nitron.com.br/p/062.012.003
;062.012.086;Caixa Organizadora Rattan com Tampa - Chumbo 4L;4;Caixa Organizadora Rattan com Tampa;Rattan Organizer Box with Lid;Caja Organizadora de Ratán con Tapa;4.0;L;1;25.5;10.7;20.0;BRA,EMP,FCL,RCL;PECA,FERR,ESCR,BRIN,DOCU,ROUP;nitron.com.br/p/062.012.086
;064.012.002;Jarra com Tubo para Gelo - Branco 2L;3;Jarra com Tubo para Gelo;Jug with Ice Tube;Jarra con tubo para hielo;2.0;L;1;20.8;19.9;14.5;BPA,ATX,BRA,FRZ,LAV;BEBI,COZI;nitron.com.br/p/064.012.002
;064.012.547;Jarra com Tubo para Gelo - Vermelho 2L;3;Jarra com Tubo para Gelo;Jug with Ice Tube;Jarra con tubo para hielo;2.0;L;1;20.8;19.9;14.5;BPA,ATX,BRA,FRZ,LAV,HIG;BEBI,COZI;nitron.com.br/p/064.012.547
;065.012.002;Caixa Organizadora Rattan com Tampa - Branca 2L (065/B);4;Caixa Organizadora Rattan com Tampa;Rattan Organizer Box with Lid;Caja Organizadora de Ratán con Tapa;2.0;L;1;20.5;9.0;15.4;BRA,EMP,FCL,RCL;PECA,FERR,ESCR,BRIN,DOCU,ROUP;nitron.com.br/p/065.012.002
;065.012.003;Caixa Organizadora Rattan com Tampa - Preta 2L (065/P);4;Caixa Organizadora Rattan com Tampa;Rattan Organizer Box with Lid;Caja Organizadora de Ratán con Tapa;2.0;L;1;20.5;9.0;15.4;BRA,EMP,FCL,RCL;PECA,FERR,ESCR,BRIN,DOCU,ROUP;nitron.com.br/p/065.012.003
;065.012.086;Caixa Organizadora Rattan com Tampa - Chumbo 2L;4;Caixa Organizadora Rattan com Tampa;Rattan Organizer Box with Lid;Caja Organizadora de Ratán con Tapa;2.0;L;1;20.5;9.0;15.4;BRA,EMP,FCL,RCL;PECA,FERR,ESCR,BRIN,DOCU,ROUP;nitron.com.br/p/065.012.086
;067.012.002;Saleiro - Transparente e Branco;2;Saleiro;Salt Shaker;Salero;1.0;KG;1;16.0;12.0;11.0;BPA,ATX,BRA,LAV;PET,COZI,MANT,TEMP;nitron.com.br/p/067.012.002
;067.012.003;Saleiro - Transparente e Preto;2;Saleiro;Salt Shaker;Salero;1.0;KG;1;16.0;12.0;11.0;BPA,ATX,BRA,LAV;PET,COZI,MANT,TEMP;nitron.com.br/p/067.012.003
;068.012.002;Caixa Organizadora Rattan com Tampa - Branca 8L (068/B);4;Caixa Organizadora Rattan com Tampa;Rattan Organizer Box with Lid;Caja organizadora de ratán con tapa;8.0;L;1;32.3;14.8;22.5;BRA,EMP,FCL,RCL;PECA,FERR,ESCR,BRIN,DOCU,ROUP;nitron.com.br/p/068.012.002
;068.012.003;Caixa Organizadora Rattan com Tampa - Preta 8L (068/P);4;Caixa Organizadora Rattan com Tampa;Rattan Organizer Box with Lid;Caja organizadora de ratán con tapa;8.0;L;1;32.3;14.8;22.5;BRA,EMP,FCL,RCL;PECA,FERR,ESCR,BRIN,DOCU,ROUP;nitron.com.br/p/068.012.003
;068.012.086;Caixa Organizadora Rattan com Tampa - Chumbo 8L;4;Caixa Organizadora Rattan com Tampa;Rattan Organizer Box with Lid;Caja Organizadora de Ratán con Tapa;8.0;L;1;32.3;14.8;22.5;BRA,EMP,FCL,RCL;PECA,FERR,ESCR,BRIN,DOCU,ROUP;nitron.com.br/p/068.012.086
;069.006.002;Caixa Organizadora Rattan com Tampa - Branca 16L (069/B);4;Caixa Organizadora Rattan com Tampa;Rattan Organizer Box with Lid;Caja Organizadora de Ratán con Tapa;16.0;L;1;38.5;19.0;28.0;BPA,BRA,EMP,FCL,RCL;BRIN,PET,ROUP,PECA,FERR,ESCR,DOCU;nitron.com.br/p/069.006.002
;069.006.003;Caixa Organizadora Rattan com Tampa - Preta 16L (069/P);4;Caixa Organizadora Rattan com Tampa;Rattan Organizer Box with Lid;Caja Organizadora de Ratán con Tapa;16.0;L;1;38.5;19.0;28.0;BRA,EMP,HIG,FCL,RCL;BRIN,ROUP,MAQU,PECA,FERR,ESCR,DOCU;nitron.com.br/p/069.006.003
;069.006.086;Caixa Organizadora Rattan com Tampa - Chumbo 16L;4;Caixa Organizadora Rattan com Tampa;Rattan Organizer Box with Lid;Caja Organizadora de Ratán con Tapa;16.0;L;1;38.5;19.0;28.0;BRA,EMP,FCL,RCL;LIMP,PECA,FERR,ESCR,BRIN,DOCU,ROUP;nitron.com.br/p/069.006.086
;070.006.002;Escorredor Luxo - Branco;3;Escorredor Luxo;Luxury Pasta Strainer;Escurridor de pasta de lujo;;;1;34.8;14.5;27.8;BPA,ATX,BRA,LAV;COZI;nitron.com.br/p/070.006.002
;070.006.003;Escorredor Luxo - Preto;3;Escorredor Luxo;Luxury Pasta Strainer;Escurridor de pasta de lujo;;;1;34.8;14.5;27.8;BPA,ATX,BRA,LAV;COZI;nitron.com.br/p/070.006.003
;075.024.001;Sanduicheira Pratic - 600ml (075);2;Sanduicheira Pratic;Pratc Sandwich Maker;Sandwichera Pratic;600.0;ML;1;13.9;7.0;12.5;BPA,ATX,BRA,LAV;MANT,GRAO,CAFE,ACUC;nitron.com.br/p/075.024.001
;076.024.001;Saboneteira com Tampa - Transparente;1;Saboneteira com Tampa;Soap Dish with Lid;Jabonera con Tapa;;;1;10.8;4.2;7.8;BRA,HIG,FCL;BANH,HIGI;nitron.com.br/p/076.024.001
;076.024.066;Saboneteira com Tampa - Fumê;1;Saboneteira com Tampa;Soap Dish with Lid;Jabonera con Tapa;;;1;10.8;4.2;7.8;BRA,HIG,FCL;BANH,HIGI;nitron.com.br/p/076.024.066
;077.012.002;Escorredor Ideal - Branco;3;Escorredor Ideal;Ideal Pasta Strainer;Escurridor de pasta Ideal;;;1;26.7;10.0;24.0;BPA,ATX,BRA,LAV;COZI;nitron.com.br/p/077.012.002
;077.012.003;Escorredor Ideal - Preto;3;Escorredor Ideal;Ideal Pasta Strainer;Escurridor de pasta Ideal;;;1;26.7;10.0;24.0;BPA,ATX,BRA,LAV;COZI;nitron.com.br/p/077.012.003
;078.036.001;Forma de Gelo Firenze (078);2;Forma de Gelo Firenze;Firenze Ice Tray;Forma de hielo de Florencia;;;1;28.3;3.8;10.7;BPA,ATX,BRA,LAV;COZI;nitron.com.br/p/078.036.001
;079.012.002;Porta Shampoo e Prateleira Madri - Branco (079/B);3;Porta Shampoo e Prateleira Madri;Madrid Shampoo Holder and Shelf;Porta Champú y Estante Madrid;;;1;17.0;39.6;9.2;BPA,BRA,HIG,FCL,RCL;BANH,HIGI;nitron.com.br/p/079.012.002
;079.012.003;Porta Shampoo e Prateleira Madri - Preto (079/P);3;Porta Shampoo e Prateleira Madri;Madrid Shampoo Holder and Shelf;Porta Champú y Estante Madrid;;;1;17.0;39.6;9.2;BPA,BRA,HIG,FCL,RCL;BANH,HIGI;nitron.com.br/p/079.012.003
;081.012.002;Porta Papel Toalha - Branco;3;Porta Papel Toalha;Paper Towel Holder;Soporte para toallas de papel;;;1;19.5;26.3;14.8;BPA,ATX,BRA,LAV;COZI,MANT,TEMP;nitron.com.br/p/081.012.002
;081.012.003;Porta Papel Toalha - Preto;3;Porta Papel Toalha;Paper Towel Holder;Soporte para toallas de papel;;;1;19.5;26.3;14.8;BPA,ATX,BRA,LAV;COZI,MANT,TEMP;nitron.com.br/p/081.012.003
;088.012.002;Jarra Estrela com Tampa - Branco 1,6L;3;Jarra Estrela com Tampa;Star Jug with Lid;Tarro Estrella con Tapa;1.6;L;1;18.0;17.4;13.0;BPA,ATX,BRA,LAV;BEBI,COZI;nitron.com.br/p/088.012.002
;088.012.547;Jarra Estrela com Tampa - Vermelho 1,6L;3;Jarra Estrela com Tampa;Star Jug with Lid;Tarro Estrella con Tapa;1.6;L;1;18.0;17.4;13.0;BPA,ATX,BRA,LAV;BEBI,COZI;nitron.com.br/p/088.012.547
;090.012.002;Saleiro Rubi - Transparente e Branco 1 Kg;2;Saleiro Rubi;Rubi Salt Shaker;Salero Ruby;1.0;KG;1;17.5;12.0;11.0;BPA,ATX,BRA,LAV;COZI,MANT,TEMP;nitron.com.br/p/090.012.002
;090.012.003;Saleiro Rubi - Transparente e Preto 1 Kg;2;Saleiro Rubi;Rubi Salt Shaker;Salero Ruby;1.0;KG;1;17.5;12.0;11.0;BPA,ATX,BRA,LAV;COZI,MANT,TEMP;nitron.com.br/p/090.012.003
;091.012.002;Lixeira Verona - Branca 4L (091/B);3;Lixeira Verona;Verona Bin;Basusero Verona;4.0;L;1;28.0;20.7;23.5;BRA,HIG,FCL,RCL;PET,LIXO,COZI,BANH;nitron.com.br/p/091.012.002
;091.012.003;Lixeira Verona - Preta 4L;3;Lixeira Verona;Verona Bin;Bote de Basura Verona;4.0;L;1;28.0;20.7;23.5;BRA,HIG,FCL,RCL;PET,LIXO,COZI,BANH;nitron.com.br/p/091.012.003
;092.012.002;Saboneteira de Parede com Ventosa - Branco;2;Saboneteira de Parede com Ventosa;Wall-Mounted Soap Dish w/ Suction Cup;Jabonera de pared con ventosa;;;1;13.6;7.5;9.5;BRA,HIG,FCL,RCL;BANH,HIGI;nitron.com.br/p/092.012.002
;092.012.003;Saboneteira de Parede com Ventosa - Preto;2;Saboneteira de Parede com Ventosa;Wall-Mounted Soap Dish w/ Suction Cup;Jabonera de pared con ventosa;;;1;13.6;7.5;9.5;BRA,HIG,FCL,RCL;BANH,HIGI;nitron.com.br/p/092.012.003
;093.012.002;Cestinho Versátil - Branco 4,2L (093/B);4;Cestinho Versátil;Versatile Basket;Cesta Versátil;4.2;L;1;28.5;10.5;20.0;BRA,EMP,HIG,FCL,RCL;BRIN,PECA,FERR,ESCR,DOCU,ROUP;nitron.com.br/p/093.012.002
;093.012.003;Cestinho Versátil - Preto 4,2L (093/P);4;Cestinho Versátil;Versatile Basket;Cesta Versátil;4.2;L;1;28.5;10.5;20.0;BRA,EMP,HIG,FCL,RCL;BRIN,PECA,FERR,ESCR,DOCU,ROUP;nitron.com.br/p/093.012.003
;094.012.002;Açucareiro Doçura - Branco;1;Açucareiro Doçura;Sweetner Sugar Bowl;Azucarero Dulzura;350.0;ML;1;12.5;9.4;9.0;BPA,ATX,BRA;ACUC,COZI,MANT;nitron.com.br/p/094.012.002
;094.012.003;Açucareiro Doçura - Preto;1;Açucareiro Doçura;Sweetner Sugar Bowl;Azucarero Dulzura;350.0;ML;1;12.5;9.4;9.0;BPA,ATX,BRA;ACUC,COZI,MANT;nitron.com.br/p/094.012.003
;095.012.002;Cantoneira para Banheiro Premium - Branco (095/B);3;Cantoneira para Banheiro Premium;Premium bathroom Corner;Cantoneira de baño Premium;;;1;21.5;38.6;14.3;ATX,BRA,HIG,FCL,RCL;DECO;nitron.com.br/p/095.012.002
;095.012.003;Cantoneira para Banheiro Premium- Preto (095/P);3;Cantoneira para Banheiro Premium;Premium bathroom Corner;Esquina del baño;;;1;21.5;38.6;14.3;BRA,HIG,FCL,RCL;DECO;nitron.com.br/p/095.012.003
;096.012.002;Escorredor de Pratos Rattan - Branco (096/B);3;Escorredor de Pratos Rattan;Rattan Dish Drainer;Escurridor de platos de ratán;;;1;33.7;9.8;22.2;BPA,ATX,BRA,LAV,FCL;COZI;nitron.com.br/p/096.012.002
;096.012.003;Escorredor de Pratos Rattan - Preto (096/P);3;Escorredor de Pratos Rattan;Rattan Dish Drainer;Escurridor de platos de ratán;;;1;33.7;9.8;22.0;BPA,ATX,BRA,LAV;COZI;nitron.com.br/p/096.012.003
;096.012.086;Escorredor de Pratos Rattan - Chumbo (096/B);3;Escorredor de Pratos Rattan;Rattan Dish Drainer;Escurridor de platos de ratán;;;1;33.7;9.8;22.2;BPA,ATX,BRA,LAV;COZI;nitron.com.br/p/096.012.086
;097.012.001;Caixa Organizadora Nitronbox - Transparente 10L;4;Caixa Organizadora Nitronbox;Nitronbox Storage Box –;Caja Organizadora Nitronbox –;10.0;L;1;41.0;13.6;29.3;BRA,EMP,FCL,TRP,RCL;PECA,FERR,ESCR,BRIN,DOCU,ROUP;nitron.com.br/p/097.012.001
;098.012.999;Balde Limpex - Sortido 8L;3;Balde Limpex;;;8.0;L;1;31.2;24.3;28.3;ATX,BRA,FCL,RCL;LIMP;nitron.com.br/p/098.012.999
;100.006.002;Lixeira com Pedal - Branca 7L (100/B);3;Lixeira com Pedal;Pedal Bin;Papelera con Pedal;7.0;L;1;28.0;27.2;23.0;BRA,PED,HIG,FCL,RCL;LIXO,COZI,BANH;nitron.com.br/p/100.006.002
;100.006.003;Lixeira com Pedal - Preta 7L;3;Lixeira com Pedal;Pedal Bin;Papelera con Pedal;7.0;L;1;28.0;27.2;28.0;BRA,PED,HIG,FCL,RCL;LIXO,COZI,BANH;nitron.com.br/p/100.006.003
;103.024.003;Marmibox com Divisória para Talheres - Preto 780ml;2;Marmibox com Div. para Talheres;Marmibox with Cutlery Divider;Marmibox con Div. para cubiertos;780.0;ML;1;20.5;6.0;12.5;BPA,ATX,BRA,MIC;MANT,GRAO,CAFE,ACUC;nitron.com.br/p/103.024.003
;105.024.003;Marmita Bom Apetite com Bandeija e Válvula - Preto 800ml;2;Marmita Bom Apetite c/ Bandeija e Válvula;Bom Apetite Lunch Box w/ tray and Valve;Fiambrera Bom Appetite c/ Bande yja Válvula;800.0;ML;1;17.0;7.0;12.7;BPA,ATX,BRA,VLV;SOBR,PET,MANT,GRAO;nitron.com.br/p/105.024.003
;106.012.001;Organiza Tudo com 16 Divisórias (106);4;Organiza Tudo com 16 Divisórias;Organize Everything with 16 Dividers;Organiza todo con 16 divisores;;;1;30.0;4.8;19.5;BRA,EMP,FCL,RCL;FERR,ARTE,PECA,ESCR,BRIN,DOCU,ROUP;nitron.com.br/p/106.012.001
;109.012.001;Caixa Organizadora Nitronbox - Transparente 6L;4;Caixa Organizadora Nitronbox;Nitronbox Storage Box –;Caja Organizadora Nitronbox –;6.0;L;1;37.0;13.0;22.8;BRA,EMP,FCL,TRP,RCL;PECA,FERR,ESCR,BRIN,DOCU,ROUP;nitron.com.br/p/109.012.001
;110.006.001;Caixa Organizadora Nitronbox - Transparente 20L;4;Caixa Organizadora Nitronbox;Nitronbox Storage Box –;Caja Organizadora Nitronbox –;20.0;L;1;41.0;25.6;29.3;BRA,EMP,FCL,TRP,RCL;PECA,FERR,ESCR,BRIN,DOCU,ROUP;nitron.com.br/p/110.006.001
;111.012.002;Espremedor Portátil Fit - Branco 510ml;2;Espremedor Portátil Fit;Portable Fit Juicer;Exprimidor portátil Fit;510.0;ML;1;10.3;16.7;9.5;BPA,ATX,BRA,LAV;BEBI,COZI;nitron.com.br/p/111.012.002
;111.012.549;Espremedor Portátil Fit - Vermelho 510ml;2;Espremedor Portátil Fit;Portable Fit Juicer;Exprimidor portátil Fit;510.0;ML;1;10.3;16.7;9.5;BPA,ATX,BRA,LAV;BEBI,COZI;nitron.com.br/p/111.012.549
;112.012.002;Copo Medidor com Tampa - Branco 500ml;2;Copo Medidor com Tampa;Measuring Cup with Lid;Vaso Medidor con Tapa;500.0;ML;1;9.3;16.0;8.5;BPA,ATX,BRA,LAV;BEBI,COZI;nitron.com.br/p/112.012.002
;112.012.547;Copo Medidor com Tampa - Vermelho 500ml;2;Copo Medidor com Tampa;Measuring Cup with Lid;Vaso Medidor con Tapa;500.0;ML;1;9.3;16.0;8.5;BPA,ATX,BRA,LAV;BEBI,COZI;nitron.com.br/p/112.012.547
;113.012.002;Tanquinho Porta Sabão em Barra - Branco;2;Tanquinho Porta Sabão em Barra;Small Soap Bar Holder;Jabonera Tanquinho en Barra;;;1;13.2;12.2;12.9;ATX,BRA,HIG,FCL;LIMP;nitron.com.br/p/113.012.002
;113.012.003;Tanquinho Porta Sabão em Barra - Preto;2;Tanquinho Porta Sabão em Barra;Small Soap Bar Holder;Jabonera Tanquinho en Barra;;;1;13.2;12.2;12.9;BPA,ATX,BRA,FCL;LIMP;nitron.com.br/p/113.012.003
;114.012.002;Jarrinha com Espremedor - Branco 500ml;2;Jarrinha com Espremedor;Small Jug with Squeezer;Jarra con Exprimidor;500.0;ML;1;16.0;11.0;13.2;BPA,ATX,BRA,LAV;BEBI,COZI;nitron.com.br/p/114.012.002
;114.012.547;Jarrinha com Espremedor - Vermelho 500ml;2;Jarrinha com Espremedor;Small Jug with Squeezer;Jarra con Exprimidor;500.0;ML;1;16.0;11.0;13.2;BPA,ATX,BRA,LAV;BEBI,COZI;nitron.com.br/p/114.012.547
;116.012.002;Porta Detergente com Telinha - Branco (116/B);2;Porta Detergente com Telinha;Detergent Holder with Mesh;Porta Detergente con Rejilla;;;1;23.0;6.5;10.5;BPA,ATX,BRA,LAV;LIMP,COZI,MANT,TEMP;nitron.com.br/p/116.012.002
;116.012.003;Porta Detergente com Telinha - Preto;2;Porta Detergente com Telinha;Detergent Holder with Mesh;Porta Detergente con Rejilla;;;1;23.0;6.5;10.5;BPA,ATX,BRA,LAV;LIMP,COZI,MANT,TEMP;nitron.com.br/p/116.012.003
;116.012.086;Porta Detergente com Telinha - Chumbo (116/B);2;Porta Detergente com Telinha;Detergent Holder with Mesh;Porta Detergente con Rejilla;;;1;23.0;6.5;10.5;BPA,ATX,BRA,LAV;LIMP,COZI,MANT,TEMP;nitron.com.br/p/116.012.086
;117.012.002;Tábua Extra Grande - Branca (117);1;Tábua Extra Grande;Extra Large Board;Tablero Extra Grande;;;1;39.0;0.5;24.5;BPA,ATX,BRA;COZI;nitron.com.br/p/117.012.002
;120.006.001;Frasqueira com Bandeja - Rosa 2,8L;4;Frasqueira com Bandeja;Case with Tray - Marsala;Estuche con Bandeja - Marsala;2.8;L;1;24.2;12.8;16.3;BRA,EMP,FCL;MEDI,COSM,MAQU,HIGI;nitron.com.br/p/120.006.001
;120.006.012;Frasqueira com Bandeja - Rosa 2,8L;4;Frasqueira com Bandeja;Case with Tray;Estuche con Bandeja;2.8;L;1;24.2;12.8;16.3;BRA,EMP,FCL;MAQU,MEDI,COSM,HIGI;nitron.com.br/p/120.006.012
;121.012.002;Escorredor de Arroz Caribe - Branco;3;Escorredor de Arroz Caribe;Caribbean Rice Strainer;Colador de Arroz Caribe;;;1;25.4;14.7;16.5;BPA,ATX,BRA,LAV,HIG;COZI;nitron.com.br/p/121.012.002
;121.012.003;Escorredor de Arroz Caribe - Preto;3;Escorredor de Arroz Caribe;Caribbean Rice Strainer;Colador de Arroz Caribe;;;1;25.4;14.7;16.5;BPA,ATX,BRA,LAV,HIG;COZI;nitron.com.br/p/121.012.003
;122.012.002;Porta Escovas com Tampa - Branco;2;Porta Escovas com Tampa;Brush Holder with Lid;Portaescobillas con Tapa;;;1;11.5;20.2;8.9;BRA,HIG,FCL,RCL;BANH,HIGI;nitron.com.br/p/122.012.002
;122.012.003;Porta Escovas com Tampa - Preto;2;Porta Escovas com Tampa;Brush Holder with Lid;Portaescobillas con tapa;;;1;11.5;20.2;8.9;BPA,BRA,HIG,FCL;BANH,HIGI;nitron.com.br/p/122.012.003
;122.012.066;Porta Escovas com Tampa - Fumê;2;Porta Escovas com Tampa;Brush Holder with Lid;Portaescobillas con tapa - Ahumado;;;1;11.5;20.2;8.9;BRA,HIG,FCL,RCL;BANH,HIGI;nitron.com.br/p/122.012.066
;123.012.027;Caixa de Ferramentas Nitronfort - Amarela 2,2L;4;Caixa de Ferramentas Nitronfort;Nitronfort Tool Box;Caja de herramientas Nitronfort;2.2;L;1;29.0;9.8;14.0;BRA,EMP,FCL,RCL;FERR,PECA,ESCR,BRIN,DOCU,ROUP;nitron.com.br/p/123.012.027
;123.012.028;Caixa de Ferramentas Nitronfort - Laranja 2,2L;4;Caixa de Ferramentas Nitronfort;Nitronfort Tool Box;Caja de herramientas Nitronfort;2.2;L;1;29.0;9.8;14.0;BRA,EMP,FCL,RCL;FERR,PECA,ESCR,BRIN,DOCU,ROUP;nitron.com.br/p/123.012.028
;123.012.045;Caixa de Ferramentas Nitronfort - Azul 2,2L;4;Caixa de Ferramentas Nitronfort;Nitronfort Tool Box;Caja de herramientas Nitronfort;2.2;L;1;29.0;9.8;14.0;BRA,EMP,FCL,RCL;FERR,PECA,ESCR,BRIN,DOCU,ROUP;nitron.com.br/p/123.012.045
;124.012.003;Kit Marmita com Talheres - Preto 780ml;2;Kit Marmita com Talheres;Lunch Box Kit with Cutlery;Kit Fiambrera con Cubiertos;780.0;ML;1;20.5;6.0;12.5;BPA,ATX,BRA,LAV;SOBR,MANT,GRAO,CAFE;nitron.com.br/p/124.012.003
;125.012.001;Caixa Organizadora Nitronbox - Transparente 4,3L;4;Caixa Organizadora Nitronbox;Nitronbox Storage Box –;Caja Organizadora Nitronbox –;4.3;L;1;29.0;14.5;17.8;BRA,EMP,FCL,TRP,RCL;PECA,FERR,ESCR,BRIN,DOCU,ROUP;nitron.com.br/p/125.012.001
;126.006.001;Frasqueira com Bandeja - Rosa 6,2L;4;Frasqueira com Bandeja;Case with Tray;Estuche con Bandeja;6.2;L;1;28.0;18.8;19.8;BRA,EMP,FCL;MEDI,COSM,MAQU,HIGI;nitron.com.br/p/126.006.001
;126.006.619;Frasqueira com Bandeja - Rosa 6,2L;4;Frasqueira com Bandeja;Case with Tray - Turquoise;Estuche con Bandeja - Turquesa;6.2;L;1;28.0;18.8;19.8;BRA,EMP,FCL;MEDI,COSM,MAQU,HIGI;nitron.com.br/p/126.006.619
;128.012.002;Cestinho para Prendedor - Branco;3;Cestinho para Prendedor;Clothespin Basket;Cesta para ropa;;;1;24.0;11.0;18.8;ATX,BRA,FCL,RCL;COST,ROUP,LIMP,BANH;nitron.com.br/p/128.012.002
;128.012.003;Cestinho para Prendedor - Preto;3;Cestinho para Prendedor;Clothespin Basket;Cesta para ropa;;;1;24.0;11.0;18.8;ATX,BRA,FCL,RCL;LIMP,ROUP,BANH;nitron.com.br/p/128.012.003
;129.012.002;Porta Talheres Stillo com 4 Divisórias - Branco;2;Porta Talheres Stillo com 4 Div.;Stillo Cutlery Holder with 4 Comp.;Stillo Porta Cubiertos con 4 Div.;;;1;30.0;4.2;21.5;BPA,ATX,BRA,LAV;COZI;nitron.com.br/p/129.012.002
;129.012.003;Porta Talheres Stillo com 4 Divisórias - Preto;2;Porta Talheres Stillo com 4 Div.;Stillo Cutlery Holder with 4 Comp.;Stillo Porta Cubiertos con 4 Div.;;;1;30.0;4.2;21.5;BPA,ATX,BRA,LAV;COZI;nitron.com.br/p/129.012.003
;130.012.002;Lixeira Retrátil - Branca 4L (130/B);3;Lixeira Retrátil;Retractable Bin;Basusero Retráctil;4.0;L;1;18.9;27.5;15.9;BPA,BRA,HIG,FCL,RCL;PET,LIXO,COZI,BANH;nitron.com.br/p/130.012.002
;130.012.003;Lixeira Retrátil - Preta 4L;3;Lixeira Retrátil;Retractable Bin;Basusero retráctil;4.0;L;1;18.9;27.5;15.9;BPA,BRA,HIG,FCL,RCL;PET,LIXO,COZI,BANH;nitron.com.br/p/130.012.003
;131.012.002;Frasqueira Medicamento - Branca 2,2L;4;Frasqueira Medicamento;;;;;1;29.0;9.8;14.0;BRA,EMP,FCL;MEDI,COSM,MAQU,HIGI;nitron.com.br/p/131.012.002
;131.012.009;Frasqueira Medicamento - Vermelha 2,2L;4;Frasqueira Medicamento;;;;;1;29.0;9.8;14.0;BRA,EMP,FCL;MEDI,COSM,MAQU,HIGI;nitron.com.br/p/131.012.009
;132.036.683;Prato Unitário (132);1;Prato Unitário;Single Plate;Plato Unitario;;;1;21.7;2.8;21.7;BPA,ATX,BRA;COZI,MANT,TEMP;nitron.com.br/p/132.036.683
;133.012.002;Porta Detergente Rattan com Base - Branco (133/B);2;Porta Detergente Rattan com Base;Rattan Detergent Holder with Base;Porta Detergente de Ratán con Base;;;1;19.7;7.0;10.5;BPA,ATX,BRA,LAV;LIMP,COZI,MANT,TEMP;nitron.com.br/p/133.012.002
;133.012.003;Porta Detergente Rattan com Base - Preto (133/B);2;Porta Detergente Rattan com Base;Rattan Detergent Holder with Base;Porta Detergente de Ratán con Base;;;1;19.7;7.0;10.5;BPA,ATX,BRA,LAV;PET,LIMP,COZI,MANT;nitron.com.br/p/133.012.003
;133.012.086;Porta Detergente Rattan com Base - Chumbo (133/B);2;Porta Detergente Rattan com Base;Rattan Detergent Holder with Base;Porta Detergente de Ratán con Base;;;1;19.7;7.0;10.5;BPA,ATX,BRA,LAV;PET,LIMP,COZI,MANT;nitron.com.br/p/133.012.086
;134.012.002;Lixeira Basculante Rattan - Branca 4,5L (134/B);3;Lixeira Basculante Rattan;Rattan Tipping Bin;Papelera basculante de ratán;4.5;L;1;19.0;30.0;16.0;BPA,BRA,TBA,HIG,FCL,RCL;PET,LIXO,COZI,BANH;nitron.com.br/p/134.012.002
;134.012.003;Lixeira Basculante Rattan - Preta 4,5L (134/B);3;Lixeira Basculante Rattan;Rattan Tipping Bin;Papelera basculante de ratán;4.5;L;1;19.0;30.0;16.0;BPA,BRA,TBA,HIG,FCL,RCL;PET,LIXO,COZI,BANH;nitron.com.br/p/134.012.003
;134.012.086;Lixeira Basculante Rattan - Chumbo 4,5L (134/B);3;Lixeira Basculante Rattan;Rattan Tipping Bin;Papelera basculante de ratán;4.5;L;1;19.0;30.0;16.0;BPA,BRA,TBA,HIG,FCL,RCL;LIXO,COZI,BANH;nitron.com.br/p/134.012.086
;135.024.001;Tampa para Micro-ondas - Transparente (135);2;Tampa para Micro-ondas;Microwave Lid;Tapa para Microondas;;;1;25.5;6.8;25.5;BPA,ATX,BRA,MIC;COZI;nitron.com.br/p/135.024.001
;136.024.001;Travessa Micro-ondas com Tampa - Transparente 1,5L (136);3;Travessa Micro-ondas com Tampa;Microwave Dish with Lid;Fuente para Microondas con Tapa;1.5;L;1;31.0;9.2;20.8;BPA,ATX,BRA,MIC,LAV,TRP;SOBR,FRIO,COZI;nitron.com.br/p/136.024.001
;137.012.002;Frasqueira Medicamentos - Branca 2,8L (137);4;Frasqueira Medicamentos;Medic Case;Estuche Médico;2.8;L;1;24.2;12.8;16.3;BRA,EMP,FCL;MEDI,COSM,MAQU,HIGI;nitron.com.br/p/137.012.002
;137.012.009;Frasqueira Medicamentos - Vermelha 2,8L;4;Frasqueira Medicamentos;Medic Case;Estuche Médico;2.8;L;1;24.2;12.8;16.3;BRA,EMP,FCL;MEDI,COSM,MAQU,HIGI;nitron.com.br/p/137.012.009
;138.012.001;Organiza Tudo com 11 Divisórias (138);4;Organiza Tudo com 11 Divisórias;Organize Everything with 11 Dividers;Organiza todo con 11 divisores;;;1;26.2;4.3;17.5;BPA,BRA,EMP,FCL,RCL;FERR,PECA,ESCR,BRIN,DOCU,ROUP;nitron.com.br/p/138.012.001
;139.012.001;Pote com 3 Divisórias - Transparente 1,1L;3;Pote com 3 Divisórias;3-Compartment container;Recipientes con 3 Divisores;1.1;L;1;24.0;6.5;14.0;BPA,ATX,BRA,LAV,EMP,TRP;MANT,GRAO,CAFE,ACUC,FARI,MASS;nitron.com.br/p/139.012.001
;139.012.003;Pote com 3 Divisórias - Preto 1,1L;3;Pote com 3 Divisórias;3-Compartment container;Recipientes con 3 Divisores;1.1;L;1;24.0;6.5;24.0;BPA,ATX,BRA,LAV,EMP;MANT,GRAO,CAFE,ACUC,FARI,MASS;nitron.com.br/p/139.012.003
;140.012.001;Estojo Multi uso - Transparente;4;Estojo Multi uso;Multipurpose Case;Estuche Multiuso;;;1;21.0;3.5;6.8;BPA,BRA,EMP,FCL,TRP,RCL;HIGI,MAQU,PECA,FERR,ESCR,BRIN,DOCU,ROUP;nitron.com.br/p/140.012.001
;140.012.066;Estojo Multi uso - Fumê;4;Estojo Multi uso;Multipurpose Case;Estuche Multiuso;;;1;21.0;3.5;6.8;BPA,BRA,EMP,FCL,RCL;HIGI,MAQU,PECA,FERR,ESCR,BRIN,DOCU,ROUP;nitron.com.br/p/140.012.066
;142.006.002;Frasqueira Medicamentos - Branca 6,2L (142);4;Frasqueira Medicamentos;Medic Case;Estuche Médico;6.2;L;1;28.0;18.8;19.8;BRA,EMP,FCL;MEDI,COSM,MAQU,HIGI;nitron.com.br/p/142.006.002
;142.006.009;Frasqueira Medicamentos - Vermelha 6,2L;4;Frasqueira Medicamentos;Medic Case;Estuche Médico;6.2;L;1;28.0;18.8;19.8;ATX,BRA,EMP,FCL,RCL;MEDI,PET,COSM,MAQU,HIGI;nitron.com.br/p/142.006.009
;144.006.002;Porta Talheres com 6 Divisórias e Tampa - Branco;2;Porta Talheres com 6 Div. e Tampa;Cutlery Holder w/ 4 Comp. and Lid;Portacubiertos con 4 Div. y tapa;;;1;34.0;5.0;29.0;BPA,ATX,BRA,LAV;COZI;nitron.com.br/p/144.006.002
;144.006.003;Porta Talheres com 6 Divisórias e Tampa - Preto;2;Porta Talheres com 6 Div. e Tampa;Door Cutlery with 4 Comp. and Lid;Portacubiertos con 4 Div. y tapa;;;1;34.0;5.0;29.0;BPA,ATX,BRA,LAV;COZI;nitron.com.br/p/144.006.003
;146.024.001;Forma de Ovos e Omeleteira Micro-ondas (146);2;Forma de Ovos e Omelet. Microondas;Microwave Egg and Omelette Pan;Molde para huevos y tortilla para Microond.;;;1;18.0;6.0;15.0;BPA,ATX,BRA,MIC;COZI;nitron.com.br/p/146.024.001
;147.012.604;Frasqueira Mini - Natural 1L;4;Frasqueira Mini;Mini Case;Estuche Mini;1.0;L;1;15.0;9.5;12.5;BRA,EMP,HIG,FCL;MEDI,COSM,MAQU,HIGI;nitron.com.br/p/147.012.604
;147.012.607;Frasqueira Mini - Rosa 1L;4;Frasqueira Mini;Mini Case - Lilac;Estuche Mini - Lila;1.0;L;1;15.0;9.5;12.5;BRA,EMP,FCL;MEDI,COSM,MAQU,HIGI;nitron.com.br/p/147.012.607
;148.004.002;Lixeira Basculante - Branca 14L;3;Lixeira Basculante;Tipping Bin;Papelera con volquete;14.0;L;1;29.0;43.0;24.0;ATX,BRA,TBA,HIG,FCL,RCL;LIXO,COZI,BANH;nitron.com.br/p/148.004.002
;148.004.003;Lixeira Basculante - Preta 14L;3;Lixeira Basculante;Tipping Bin;Papelera basculante;14.0;L;1;29.0;43.0;24.0;BRA,TBA,HIG,FCL,RCL;LIXO,COZI,BANH;nitron.com.br/p/148.004.003
;149.024.001;Caçarola Legumix Micro-ondas - Transparente 2,6L (149);3;Caçarola Legumix Micro-ondas;Microwave Legumix Casserole;Cazuela para Microondas Legumix;2.6;L;1;26.5;15.2;22.0;BPA,ATX,BRA,MIC,LAV,TRP;SOBR,FRIO,COZI;nitron.com.br/p/149.024.001
;150.004.002;Lixeira com Pedal - Branca 16L (150/B);3;Lixeira com Pedal;Pedal Bin;Papelera con Pedal;16.0;L;1;29.7;36.3;29.7;BRA,PED,HIG,FCL,RCL;LIXO,COZI,BANH;nitron.com.br/p/150.004.002
;150.004.003;Lixeira com Pedal - Preta 16L (150/B);3;Lixeira com Pedal;Pedal Bin;Papelera con Pedal;16.0;L;1;29.7;36.3;29.7;BRA,PED,HIG,FCL,RCL;PET,LIXO,COZI,BANH;nitron.com.br/p/150.004.003
;151.012.001;Pote Alto com Travas - Transparente 4,3L;3;Pote Alto com Travas;Tall container with Locks;Recipientes Alta con Cerraduras;4.3;L;1;26.0;14.0;18.0;BPA,ATX,BRA,HER,LAV,EMP;GRAO,MASS,MANT,CAFE,ACUC,FARI;nitron.com.br/p/151.012.001
;151.012.003;Pote Alto com Travas - Preto 4,3L;3;Pote Alto com Travas;Tall container with Locks;Recipientes Alta con Cerraduras;4.3;L;1;26.0;14.0;18.0;BPA,ATX,BRA,HER,LAV,EMP;MANT,GRAO,CAFE,ACUC,FARI,MASS;nitron.com.br/p/151.012.003
;152.006.002;Kit Mantimentos com 5 Peças - Branco;3;Kit Mantimentos com 5 Peças;5-Piece Grocery Kit;Kit de Comestibles con 5 Piezas;;;5;23.0;22.5;23.0;BPA,ATX,BRA,LAV,EMP;MANT,GRAO,CAFE,ACUC,FARI,MASS;nitron.com.br/p/152.006.002
;152.006.003;Kit Mantimentos com 5 Peças - Preto (152);3;Kit Mantimentos com 5 Peças;5-Piece Grocery Kit;Kit de Comestibles con 5 Piezas;;;5;23.0;22.5;23.0;BPA,ATX,BRA,LAV,EMP;MANT,GRAO,CAFE,ACUC,FARI,MASS;nitron.com.br/p/152.006.003
;153.012.002;Jarra com Tampa Flip Top - Branco 2L;3;Jarra com Tampa Flip Top;Jug with Flip Top Lid;Tarro con tapa abatible;2.0;L;1;18.4;21.5;10.0;BPA,ATX,BRA,LAV;BEBI,COZI;nitron.com.br/p/153.012.002
;153.012.546;Jarra com Tampa Flip Top - Vermelho 2L;3;Jarra com Tampa Flip Top;Jug with Flip Top Lid;Tarro con tapa abatible;2.0;L;1;18.4;21.5;10.0;BPA,ATX,BRA,LAV;BEBI,COZI;nitron.com.br/p/153.012.546
;154.006.861;Kit Pote Alto Coloratto com 2 Peças - 460ml (286/K);2;Kit Pote Alto Coloratto com 2 Pçs;Coloratto Tall container Kit w/ 2 pcs;Coloratto Kit de Recipiente Alta c/ 2 pzs;460.0;ML;2;14.0;14.0;10.0;BPA,ATX,BRA,HER;SOBR,MANT,FRIO,MASS;nitron.com.br/p/154.006.861
;154.012.001;Pote Alto com Travas - Transparente 460ml;2;Pote Alto com Travas;Tall container with Locks;Recipientes Alta con Cerraduras;460.0;ML;1;14.0;7.0;10.0;BPA,ATX,BRA,HER;MANT,GRAO,CAFE,ACUC;nitron.com.br/p/154.012.001
;154.012.003;Pote Alto com Travas - Preto 460ml;2;Pote Alto com Travas;Tall container with Locks;Recipientes Alta con Cerraduras;460.0;ML;1;14.0;7.0;10.0;BPA,ATX,BRA,HER;MANT,GRAO,CAFE,ACUC;nitron.com.br/p/154.012.003
;155.006.861;Kit Pote Alto Coloratto com 2 Peças - 850 ml;2;Kit Pote Alto Coloratto com 2 Pçs;Coloratto Tall container Kit w/ 2 pcs;Coloratto Kit de Recipiente Alta c/ 2 pzs;850.0;ML;2;17.0;18.0;11.0;BPA,ATX,BRA,LAV;SOBR,MANT,FRIO,MASS;nitron.com.br/p/155.006.861
;155.012.001;Pote Alto com Travas - Transparente 850ml;2;Pote Alto com Travas;Tall container with Locks;Recipientes Alta con Cerraduras;850.0;ML;1;17.0;9.0;11.0;BPA,ATX,BRA,FRZ;TEMP,MANT,GRAO,CAFE;nitron.com.br/p/155.012.001
;155.012.003;Pote Alto com Travas - Preto 850ml;2;Pote Alto com Travas;Tall container with Locks;Recipientes Alta con Cerraduras;850.0;ML;1;17.0;9.0;11.0;BPA,ATX,BRA,HER;MANT,GRAO,CAFE,ACUC;nitron.com.br/p/155.012.003
;156.012.001;Pote Alto com Travas - Transparente 2,2L;3;Pote Alto com Travas;Tall container with Locks;Recipientes Alta con Cerraduras;2.2;L;1;22.0;12.0;14.0;BPA,ATX,BRA,FRZ,HER,LAV;TEMP,MANT,GRAO,CAFE,ACUC,FARI;nitron.com.br/p/156.012.001
;156.012.003;Pote Alto com Travas - Preto 2,2L;3;Pote Alto com Travas;Tall container with Locks;Recipientes Alta con Cerraduras;2.2;L;1;22.0;12.0;14.0;BPA,ATX,BRA,HER,LAV,EMP;MANT,GRAO,CAFE,ACUC,FARI,MASS;nitron.com.br/p/156.012.003
;157.024.009;Pote Tomatinho com Travas - 850ml (157);2;Pote Tomatinho com Travas;Tomato container with Locks;Recipientes Tomate Con Cerraduras;850.0;ML;1;17.0;8.5;11.0;BPA,ATX,BRA,HER;MANT,GRAO,CAFE,ACUC;nitron.com.br/p/157.024.009
;158.024.029;Pote Feijão com Travas - 850ml (158);2;Pote Feijão com Travas;Bean container with Locks;Frijol con cerradura;850.0;ML;1;17.0;8.5;11.0;BPA,ATX,BRA,HER;GRAO,MANT,CAFE,ACUC;nitron.com.br/p/158.024.029
;161.012.002;Porta Tudo - Branco 1L (161/B);4;Porta Tudo;All-in-One Storage;Portatodo;1.0;L;1;23.0;9.8;13.0;BRA,EMP,FCL,RCL;PECA,FERR,ESCR,BRIN,DOCU,ROUP;nitron.com.br/p/161.012.002
;161.012.003;Porta Tudo - Preto 1L (161/P);4;Porta Tudo;All-in-One Storage;Portatodo;1.0;L;1;23.0;9.8;13.0;BRA,EMP,FCL,RCL;PECA,FERR,ESCR,BRIN,DOCU,ROUP;nitron.com.br/p/161.012.003
;162.012.002;Cesto com Alça - Branco 8,5L (162/P);4;Cesto com Alça;Basket with Handle;Cesta con Asa;8.5;L;1;36.8;14.8;24.4;BRA,EMP,HIG,FCL,RCL;BRIN,PECA,FERR,ESCR,DOCU,ROUP;nitron.com.br/p/162.012.002
;162.012.003;Cesto com Alça - Preto 8,5L (162/B);4;Cesto com Alça;Basket with Handle;Cesta con Asa;8.5;L;1;36.8;14.8;24.4;BRA,EMP,HIG,FCL,RCL;BRIN,PECA,FERR,ESCR,DOCU,ROUP;nitron.com.br/p/162.012.003
;163.004.002;Lixeira Vime - Branca 12L (163/B);3;Lixeira Vime;Wicker Trash Can;Papelera de Mimbre;12.0;L;1;27.0;32.0;23.2;BRA,PED,HIG,FCL,RCL;LIXO,COZI,BANH;nitron.com.br/p/163.004.002
;163.004.003;Lixeira Vime - Preta 12L (163/B);3;Lixeira Vime;Wicker Trash Can;Papelera de Mimbre;12.0;L;1;27.0;32.0;23.2;BRA,PED,HIG,FCL,RCL;PET,LIXO,COZI,BANH;nitron.com.br/p/163.004.003
;163.004.086;Lixeira Vime - Chumbo 12L;3;Lixeira Vime;Wicker Trash Can;Papelera de Mimbre - Plumo;12.0;L;1;27.0;32.0;23.2;BPA,BRA,PED,HIG,FCL,RCL;LIXO,COZI,BANH;nitron.com.br/p/163.004.086
;164.006.001;Maleta Organiza Tudo com Divisórias Móveis (164);4;Maleta Organiza Tudo com Divisórias Móveis;Case Organize Everything w/ Mobile Dividers;El maletín Organice todo con Div. móviles;;;1;38.7;5.0;29.6;BRA,EMP,FCL,RCL;PECA,FERR,ESCR,BRIN,DOCU,ROUP;nitron.com.br/p/164.006.001
;165.006.002;Escorredor de Pratos - Branco (165/B);3;Escorredor de Pratos;Dish Drainer;Escurreplatos;;;1;49.0;11.1;35.5;BPA,ATX,BRA,LAV;COZI;nitron.com.br/p/165.006.002
;165.006.003;Escorredor de Pratos - Preto;3;Escorredor de Pratos;Dish Drainer;Escurridor de platos;;;1;49.0;11.1;35.5;BPA,ATX,BRA,LAV,FCL;COZI;nitron.com.br/p/165.006.003
;165.006.086;Escorredor de Pratos - Chumbo (165/B);3;Escorredor de Pratos;Dish Drainer;Escurreplatos;;;1;49.0;11.1;35.5;BPA,ATX,BRA,LAV;COZI;nitron.com.br/p/165.006.086
;166.024.001;Porta Biscoitos e Terradas - 650ml (166);2;Porta Biscoitos e Terradas;Cookie Holder;Porta galletas;650.0;ML;1;23.1;8.9;9.1;BPA,ATX,BRA,LAV;BISC,MANT,GRAO,CAFE;nitron.com.br/p/166.024.001
;167.010.003;Cabide Still com 10 Peças - Preto;4;Cabide Still com 10 Peças;Still Hanger with 10 Pieces;Percha Still con 10 Piezas;;;10;39.0;19.5;7.0;BRA,EMP,FCL,RCL;ROUP;nitron.com.br/p/167.010.003
;167.012.001;Cabide Still com 3 Peças - Transparente;4;Cabide Still com 3 Peças;Still Hanger with 3 Pieces;Percha Still con 3 Piezas;;;3;39.0;19.5;2.1;BRA,EMP,FCL,TRP,RCL;ROUP;nitron.com.br/p/167.012.001
;169.012.002;Boleira Barcelona com Alça - Branca;3;Boleira Barcelona com Alça;Barcelona Cake Stand with Handle;Boleira Barcelona con Correa;;;1;30.5;13.2;30.5;BPA,ATX,BRA,LAV;COZI,MANT,TEMP;nitron.com.br/p/169.012.002
;169.012.003;Boleira Barcelona com Alça - Preto;3;Boleira Barcelona com Alça;Barcelona Cake Stand with Handle;Globo Barcelona con Correa;;;1;30.5;13.2;30.5;BPA,ATX,BRA,LAV;COZI,MANT,TEMP;nitron.com.br/p/169.012.003
;170.006.027;Caixa de Ferramentas Nitronfort - Amarela 16L;4;Caixa de Ferramentas Nitronfort;Nitronfort Tool Box;Caja de herramientas Nitronfort;16.0;L;1;40.3;18.3;22.3;BRA,EMP,FCL,RCL;FERR,PECA,ESCR,BRIN,DOCU,ROUP;nitron.com.br/p/170.006.027
;170.006.028;Caixa de Ferramentas Nitronfort - Laranja 16L (170);4;Caixa de Ferramentas Nitronfort;Nitronfort Tool Box;Caja de herramientas Nitronfort;16.0;L;1;40.3;18.3;22.3;BRA,EMP,FCL,RCL;FERR,PECA,ESCR,BRIN,DOCU,ROUP;nitron.com.br/p/170.006.028
;170.006.045;Caixa de Ferramentas Nitronfort - Azul 16L;4;Caixa de Ferramentas Nitronfort;Nitronfort Tool Box;Caja de herramientas Nitronfort;16.0;L;1;40.3;18.3;22.3;BRA,EMP,FCL,RCL;FERR,PECA,ESCR,BRIN,DOCU,ROUP;nitron.com.br/p/170.006.045
;172.012.998;Pá de Lixo com Cabo;3;Pá de Lixo com Cabo;;;;;1;24.6;66.6;18.0;ATX,BRA,FCL,RCL;LIMP;nitron.com.br/p/172.012.998
;172.012.999;Pá de Lixo com Cabo (172);3;Pá de Lixo com Cabo;Dustpan with Handle;Recogedor con mango;;;1;24.6;66.6;18.0;ATX,BRA,FCL,RCL;LIMP;nitron.com.br/p/172.012.999
;173.012.002;Lixeira Fenix - Branca 4,2L (173/B);3;Lixeira Fenix;Fenix ​​Bin;Papelera Fenix ​​​​Blanco;4.2;L;1;20.0;29.2;20.0;BRA,TBA,HIG,FCL,RCL;PET,LIMP,LIXO,COZI,BANH;nitron.com.br/p/173.012.002
;173.012.003;Lixeira Fenix - Preta 4,2L;3;Lixeira Fenix;Fenix ​​Bin;Cubo de basura Fenix ​​​​;4.2;L;1;20.0;29.2;20.0;BRA,TBA,HIG,FCL,RCL;LIXO,COZI,BANH;nitron.com.br/p/173.012.003
;176.024.001;Pote com Válvula e Travas - 600ml (176);2;Pote com Válvula e Travas;Pot with Valve and Locks;Recipientes c/ Válvula y Cerraduras;600.0;ML;1;14.8;5.7;11.9;BPA,ATX,BRA,VLV;MANT,GRAO,CAFE,ACUC;nitron.com.br/p/176.024.001
;177.012.002;Cesto com Alça - Branco 5L (177/B);4;Cesto com Alça;Basket with Handle;Cesta con Asa;5.0;L;1;28.0;13.5;19.3;BRA,EMP,FCL,RCL;PECA,FERR,ESCR,BRIN,DOCU,ROUP;nitron.com.br/p/177.012.002
;177.012.003;Cesto com Alça - Preto 5L (177/P);4;Cesto com Alça;Basket with Handle;Cesta con Asa;5.0;L;1;28.0;13.5;19.3;BRA,EMP,FCL,RCL;PECA,FERR,ESCR,BRIN,DOCU,ROUP;nitron.com.br/p/177.012.003
;178.024.001;Caçarola Micro-ondas - Transparente 1,5L (178);3;Caçarola Micro-ondas;Microwave Casserole;Cacerola para Microondas;1.5;L;1;20.5;10.0;17.5;BPA,ATX,BRA,MIC,LAV,TRP;SOBR,FRIO,COZI;nitron.com.br/p/178.024.001
;179.024.001;Porta Frios com Pinça - 1,1L (179);3;Porta Frios com Pinça;Cold Cuts Holder with Tongs;Soporte para almacenamiento en frío c/ pinzas;1.1;L;1;26.2;5.3;17.5;BPA,ATX,BRA,LAV,HIG;COZI,MANT,TEMP;nitron.com.br/p/179.024.001
;182.012.002;Jarra com Tampa Flip Top - Branco 4L;3;Jarra com Tampa Flip Top;Jug with Flip Top Lid;Tarro con tapa abatible;4.0;L;1;23.0;26.7;12.4;BPA,ATX,BRA,LAV;BEBI,COZI;nitron.com.br/p/182.012.002
;182.012.546;Jarra com Tampa Flip Top - Vermelho 4L;3;Jarra com Tampa Flip Top;Jug with Flip Top Lid;Tarro con tapa abatible;4.0;L;1;23.0;26.7;12.4;BPA,ATX,BRA,LAV;BEBI,COZI;nitron.com.br/p/182.012.546
;184.010.003;Cabide com 10 Peças - Preto;4;Cabide com 10 Peças;Hanger with 10 Pieces;Percha con 10 Piezas;;;10;28.1;15.2;7.0;BRA,EMP,FCL,RCL;ROUP;nitron.com.br/p/184.010.003
;184.016.001;Cabide com 3 Peças - Transparente;4;Cabide com 3 Peças;Hanger with 3 Pieces;Percha con 3 Piezas;;;3;28.1;15.2;2.1;BRA,EMP,FCL,TRP,RCL;ROUP;nitron.com.br/p/184.016.001
;185.012.002;Porta Vassouras com 9 Posições - Branco (185/B);2;Porta Vassouras com 9 Posições;Broom Holder with 4 Slots;Portaescobas con 4 Ranuras;;;1;34.0;5.0;5.0;BPA,ATX,BRA,FCL;FERR,PREG,LIMP,ROUP;nitron.com.br/p/185.012.002
;185.012.003;Porta Vassouras com 9 Posições - Preto (185/P);2;Porta Vassouras com 9 Posições;Broom Holder with 4 Slots;Portaescobas con 4 Ranuras;;;1;34.0;5.0;5.0;ATX,BRA,FCL,RCL;LIMP,ROUP,BANH;nitron.com.br/p/185.012.003
;186.006.002;Frasqueira Medicamentos Mega Luxo - Branca 12L (186);4;Frasqueira Medicamentos Mega Luxo;Medic Mega Luxury Case;Estuche Médico Mega Lujo;12.0;L;1;37.0;22.0;25.0;BRA,EMP,FCL;MEDI,COSM,MAQU,HIGI;nitron.com.br/p/186.006.002
;186.006.009;Frasqueira Medicamentos Mega Luxo - Vermelha 12L;4;Frasqueira Medicamentos Mega Luxo;Medic Mega Luxury Case;Estuche Médico Mega Lujo;12.0;L;1;37.0;22.0;25.0;BPA,BRA,EMP,FCL;MEDI,COSM,MAQU,HIGI;nitron.com.br/p/186.006.009
;187.006.001;Organiza Tudo com Divisórias Móveis (187);4;Organiza Tudo com Divisórias Móveis;Organize Everything with Mobile Dividers;Organiza todo con divisores móviles;;;1;36.0;6.0;27.0;BRA,EMP,FCL,RCL;PECA,FERR,ESCR,BRIN,DOCU,ROUP;nitron.com.br/p/187.006.001
;188.012.002;Escorredor de Pratos Super Prático - Branco (188/B);3;Escorredor de Pratos Super Prático;Super Practical Dish Drainer;Escurridor de platos súper práctico;;;1;36.0;10.5;26.5;BPA,ATX,BRA,LAV;COZI;nitron.com.br/p/188.012.002
;188.012.003;Escorredor de Pratos Super Prático - Preto (188/B);3;Escorredor de Pratos Super Prático;Super Practical Dish Drainer;Escurridor de platos súper práctico;;;1;36.0;10.5;26.5;BPA,ATX,BRA,LAV;COZI;nitron.com.br/p/188.012.003
;188.012.086;Escorredor de Pratos Super Prático - Chumbo (188/B);3;Escorredor de Pratos Super Prático;Super Practical Dish Drainer;Escurridor de platos súper práctico;;;1;36.0;10.5;26.5;BPA,ATX,BRA,LAV;COZI;nitron.com.br/p/188.012.086
;190.012.001;Kit Potes Altos com Travas e 3 Peças - Transparente (190);3;Kit Potes Altos com Travas e 3 Peças;Kit of Tall containers w/ Locks and 3 pcs;Kit Recipientes Altas c/ Cerraduras y 3 pzs;;;3;20.8;21.8;14.5;BPA,ATX,BRA,HER,LAV,EMP;MANT,GRAO,CAFE,ACUC,FARI,MASS;nitron.com.br/p/190.012.001
;190.012.003;Kit Potes Altos com Travas e 3 Peças - Preto;3;Kit Potes Altos com Travas e 3 Peças;Kit of Tall containers w/ Locks and 3 pcs;Kit de Recipientes Altas c/ Cerraduras y 3 pzs;;;3;20.8;21.8;14.5;BPA,ATX,BRA,HER,LAV,EMP;MANT,GRAO,CAFE,ACUC,FARI,MASS;nitron.com.br/p/190.012.003
;191.012.001;Pote com 2 Divisórias - Transparente 720ml;2;Pote com 2 Divisórias;2-Compartment container;Recipientes con 2 Divisores;720.0;ML;1;17.0;6.7;17.0;BPA,ATX,BRA,LAV;MANT,GRAO,CAFE,ACUC;nitron.com.br/p/191.012.001
;191.012.003;Pote com 2 Divisórias - Preto 720ml;2;Pote com 2 Divisórias;2-Compartment container;Recipientes con 2 Divisores;720.0;ML;1;17.0;6.7;17.0;BPA,ATX,BRA,LAV;MANT,GRAO,CAFE,ACUC;nitron.com.br/p/191.012.003
;193.024.001;Saboneteira com Telinha - Transparente;1;Saboneteira com Telinha;Soap Dish with Mesh;Jabonera con Pantalla;;;1;10.8;4.2;7.8;BRA,HIG,FCL;BANH,HIGI;nitron.com.br/p/193.024.001
;193.024.066;Saboneteira com Telinha - Fumê;1;Saboneteira com Telinha;Soap Dish with Mesh;Jabonera con Pantalla;;;1;10.8;4.2;7.8;BRA,HIG,FCL;BANH,HIGI;nitron.com.br/p/193.024.066
;194.012.009;Caçarola Legumix Micro-ondas com Cesto - Transparente 2,6L (194);3;Caçarola Legumix Micro-ondas com Cesto;Microwave Legumix Casserole with Basket;Cazuela Legumix para Microond. con Cesta;2.6;L;1;26.5;15.2;22.0;BPA,ATX,BRA,MIC,LAV,TRP;GRAO,SOBR,FRIO,COZI;nitron.com.br/p/194.012.009
;195.006.012;Frasqueira Cristal com Divisórias - Rosa 1,5L;4;Frasqueira Cristal com Divisórias;Crystal Case with Dividers;Estuche Cristal con Divisiones;1.5;L;1;20.2;11.0;11.5;BRA,EMP,HIG,FCL,TRP;MEDI,COSM,MAQU,HIGI;nitron.com.br/p/195.006.012
;195.006.609;Frasqueira Cristal com Divisórias - Preto 1,5L;4;Frasqueira Cristal com Divisórias;Crystal Case with Dividers;Estuche Cristal con Divisiones;1.5;L;1;20.2;11.0;11.5;BRA,EMP,HIG,FCL,TRP;MEDI,COSM,MAQU,HIGI;nitron.com.br/p/195.006.609
;196.006.001;Pote Premium - Transparente 7,9L;3;Pote Premium;Premium container;Recipientes Premium;7.9;L;1;39.0;12.0;26.0;BPA,ATX,BRA,LAV,EMP,TRP;MANT,GRAO,CAFE,ACUC,FARI,MASS;nitron.com.br/p/196.006.001
;197.024.010;Marmita Due com Divisória Móvel - 600ml (197);2;Marmita Due com Divisória Móvel;Long Term Lunch Box w/ Movable Divider;Fiambrera Due con Divisor Móvil;600.0;ML;1;14.8;5.7;11.9;BPA,ATX,BRA,LAV;SOBR,MANT,GRAO,CAFE;nitron.com.br/p/197.024.010
;198.012.001;Estojo Super Prático - Transparente;4;Estojo Super Prático;Super Practical Case;Estuche Súper Práctico;;;1;20.0;4.0;6.4;BPA,BRA,EMP,FCL,TRP,RCL;HIGI,MAQU,PECA,FERR,ESCR,BRIN,DOCU,ROUP;nitron.com.br/p/198.012.001
;198.012.066;Estojo Super Prático - Fumê;4;Estojo Super Prático;Super Practical Case;Estuche Súper Práctico;;;1;20.0;4.0;6.4;BPA,BRA,EMP,FCL,RCL;HIGI,MAQU,PECA,FERR,ESCR,BRIN,DOCU,ROUP;nitron.com.br/p/198.012.066
;199.006.001;Caixa Organizadora Nitronbox - Transparente 27L;4;Caixa Organizadora Nitronbox;Nitronbox Storage Box –;Caja Organizadora Nitronbox –;27.0;L;1;57.5;17.0;39.5;BRA,EMP,FCL,TRP,RCL;PECA,FERR,ESCR,BRIN,DOCU,ROUP;nitron.com.br/p/199.006.001
;200.004.001;Caixa Organizadora Nitronbox - Transparente 50L;4;Caixa Organizadora Nitronbox;Nitronbox Storage Box –;Caja Organizadora Nitronbox –;50.0;L;1;57.5;31.5;39.5;BRA,EMP,FCL,TRP,RCL;PECA,FERR,ESCR,BRIN,DOCU,ROUP;nitron.com.br/p/200.004.001
;202.006.001;Frasqueira Oval com Bandeja - Rosa;4;Frasqueira Oval com Bandeja;Oval Case with Tray - Aqua;Estuche Médico Ovalado con Bandeja - Aqua;4.4;L;1;27.0;18.0;17.7;BRA,EMP,FCL;MEDI,COSM,MAQU,HIGI;nitron.com.br/p/202.006.001
;202.006.002;Frasqueira Medicamentos Oval com Bandeja - Branca 4,4L;4;Frasqueira Medicamentos Oval com Bandeja;Medic Oval Case with Tray;Estuche Médico Ovalado con Bandeja;4.4;L;1;27.0;18.0;17.7;BRA,EMP,FCL;MEDI,COSM,MAQU,HIGI;nitron.com.br/p/202.006.002
;202.006.009;Frasqueira Medicamentos Oval com Bandeja - Vermelha 4,4L;4;Frasqueira Medicamentos Oval com Bandeja;Medic Oval Case with Tray;Estuche Médico Ovalado con Bandeja;4.4;L;1;27.0;18.0;17.7;BRA,EMP,FCL;MEDI,PET,COSM,MAQU,HIGI;nitron.com.br/p/202.006.009
;202.006.012;Frasqueira Oval com Bandeja - Rosa;4;Frasqueira Oval com Bandeja;Oval Case with Tray;Estuche Médico Ovalado con Bandeja;4.4;L;1;27.0;18.0;17.7;BRA,EMP,FCL;COST,PET,MEDI,COSM,MAQU,HIGI;nitron.com.br/p/202.006.012
;203.006.003;Pote Ultraforte com Tela e Travas - Preto 4L;3;Pote Ultraforte com Tela e Travas;Ultrastrong container w/ Screen and Locks;Recipientes Ultrafuerte c/ Pantalla y Seguros;4.0;L;1;30.0;10.5;20.0;BPA,ATX,BRA,LAV,EMP;MANT,GRAO,CAFE,ACUC,FARI,MASS;nitron.com.br/p/203.006.003
;205.006.861;Kit Pote Fit Coloratto com 2 Peças - 450ml (285/K);2;Kit Pote Fit Coloratto com 2 Peças;Coloratto Fit container Kit w/ 2 pcs;Kit de Recipientes Coloratto Fit c/ 2 pzs;450.0;ML;2;11.8;11.4;9.5;BPA,ATX,BRA,LAV;SOBR,MANT,FRIO,MASS;nitron.com.br/p/205.006.861
;205.006.862;Kit Pote Fit Coloratto com 3 Peças - 450ml (290/K);2;Kit Pote Fit Coloratto com 3 Peças;Coloratto Fit container Kit w/ 3 pcs;Kit de Recipientes Coloratto Fit c/ 3 pzs;450.0;ML;3;11.8;17.1;9.5;BPA,ATX,BRA,LAV;SOBR,MANT,FRIO,MASS;nitron.com.br/p/205.006.862
;205.006.P01;Kit POP com 6 Potes Fits - Transparente 450ml;2;Kit POP com 6 Potes Fits;POP Kit with 6 Fits Containers –;Kit POP con 6 Recipientes Fits –;450.0;ML;6;23.6;16.8;9.5;BPA,ATX,BRA,LAV;MANT,GRAO,CAFE,ACUC;nitron.com.br/p/205.006.P01
;205.012.001;Pote Retangular Fit - Transparente 450ml;2;Pote Retangular Fit;Fit Rectangular container;Maceta Fit Rectangular;450.0;ML;1;11.9;5.6;9.5;BPA,ATX,BRA,LAV;MANT,GRAO,CAFE,ACUC;nitron.com.br/p/205.012.001
;205.012.003;Pote Retangular Fit - Preto 450ml;2;Pote Retangular Fit;Fit Rectangular container;Maceta Fit Rectangular;450.0;ML;1;11.9;5.6;9.5;BPA,ATX,BRA,LAV;MANT,GRAO,CAFE,ACUC;nitron.com.br/p/205.012.003
;207.012.002;Jarra Medidora Top Mix - Branco 850ml;2;Jarra Medidora Top Mix;Top Mix Measuring Jug;Tarro medidor Top Mix;850.0;ML;1;14.2;17.7;9.9;BPA,ATX,BRA,LAV;BEBI,COZI;nitron.com.br/p/207.012.002
;207.012.547;Jarra Medidora Top Mix - Vermelho 850ml;2;Jarra Medidora Top Mix;Top Mix Measuring Jug;Tarro medidor Top Mix;850.0;ML;1;14.2;17.7;9.9;BPA,ATX,BRA,LAV;BEBI,COZI;nitron.com.br/p/207.012.547
;207.024.001;Jarra Medidora Top Mix - Transparente 850ml;2;Jarra Medidora Top Mix;Top Mix Measuring Jug;Tarro Medidor Top Mix;850.0;ML;1;14.2;17.7;9.9;BPA,ATX,BRA,LAV;BEBI,COZI;nitron.com.br/p/207.024.001
;209.012.003;Marmita com Porta Talheres - Preto 715ml;2;Marmita com Porta Talheres;Lunch Box with Cutlery Holder;Fiambrera con portacubiertos;715.0;ML;1;21.3;6.4;11.0;BPA,ATX,BRA,MIC;SOBR,MANT,GRAO,CAFE;nitron.com.br/p/209.012.003
;211.012.002;Cantoneira para banheiro Smart - Brancp (211/B);3;Cantoneira para banheiro Smart;Smart bathroom corner;Cantoneira de baño Smart;;;1;26.7;30.0;17.0;BRA,HIG,FCL,RCL;DECO;nitron.com.br/p/211.012.002
;211.012.003;Cantoneira para banheiro Smart - Preto (211/B);3;Cantoneira para banheiro Smart;Smart bathroom corner;Cantoneira de baño Smart;;;1;26.7;30.0;17.0;BRA,HIG,FCL,RCL;DECO;nitron.com.br/p/211.012.003
;212.012.003;Pote com Travas e 2 Divisórias - Preto 600ml;2;Pote com Travas e 2 Divisórias;Pot with Locks and 2 Dividers;Recipientes c/ Cerraduras y 2 Div.;600.0;ML;1;17.4;6.0;13.0;BPA,ATX,BRA,MIC;MANT,GRAO,CAFE,ACUC;nitron.com.br/p/212.012.003
;214.006.002;Organizador Multiuso Rattan com 6 Divisórias - Branco (214/B);4;Organizador Multiuso Rattan com 6 Divisórias;Multipurpose Rattan Organizer with 6 Comp.;Organizador multiusos de ratán con 6 Div.;;;1;19.3;17.8;16.0;BRA,EMP,FCL,RCL;PET,PECA,FERR,ESCR,BRIN,DOCU,ROUP;nitron.com.br/p/214.006.002
;214.006.003;Organizador Multiuso Rattan com 6 Divisórias - Preto (214/B);4;Organizador Multiuso Rattan com 6 Divisórias;Multipurpose Rattan Organizer with 6 Comp.;Organizador multiusos de ratán con 6 Div.;;;1;19.3;17.8;16.0;BRA,EMP,FCL,RCL;PET,PECA,FERR,ESCR,BRIN,DOCU,ROUP;nitron.com.br/p/214.006.003
;214.006.086;Organizador Multiuso Rattan com 6 Divisórias - Chumbo;4;Organizador Multiuso Rattan com 6 Divisórias;Multipurpose Rattan Organizer with 6 Comp.;Organizador multiusos de ratán c/ 6 Div. - Plumo;;;1;19.3;17.8;16.0;BRA,EMP,FCL,RCL;PET,PECA,FERR,ESCR,BRIN,DOCU,ROUP;nitron.com.br/p/214.006.086
;215.012.003;Pote Ultraforte com Travas - Preto 2,1L;3;Pote Ultraforte com Travas;Ultrastrong Pot with Locks;Recipientes Ultrafuerte con Cerraduras;2.1;L;1;25.0;8.7;16.5;BPA,ATX,BRA,HER,LAV,EMP;MANT,GRAO,CAFE,ACUC,FARI,MASS;nitron.com.br/p/215.012.003
;216.012.003;Pote Ultraforte com Travas - Preto 4L;3;Pote Ultraforte com Travas;Ultrastrong Pot with Locks;Recipientes Ultrafuerte con Cerraduras;4.0;L;1;30.0;10.5;20.0;BPA,ATX,BRA,MIC,HER,LAV;MANT,GRAO,CAFE,ACUC,FARI,MASS;nitron.com.br/p/216.012.003
;217.012.003;Pote Ultraforte com Travas - Preto 6,9L;3;Pote Ultraforte com Travas;Ultrastrong Pot with Locks;Recipientes Ultrafuerte con Cerraduras;6.9;L;1;35.0;12.8;24.0;BPA,ATX,BRA,MIC,HER,LAV;MANT,GRAO,CAFE,ACUC,FARI,MASS;nitron.com.br/p/217.012.003
;219.006.563;Frasqueira Rattan - Rosa 9,4L;4;Frasqueira Rattan;Rattan Case - Rosé;Estuche de Ratán - Rosado;9.4;L;1;32.7;21.0;23.0;BRA,EMP,HIG,FCL;MAQU,MEDI,COSM,HIGI;nitron.com.br/p/219.006.563
;221.012.002;Saleiro Premier com Alça - Transparente e Branco 1 Kg;2;Saleiro Premier com Alça;Premier Salt Shaker with Handle;Salero Premier con Mango;1.0;KG;1;15.5;13.2;11.0;BPA,ATX,BRA,LAV;COZI,MANT,TEMP;nitron.com.br/p/221.012.002
;221.012.003;Saleiro Premier com Alça - Transparente e Preto 1 Kg;2;Saleiro Premier com Alça;Premier Salt Shaker with Handle;Salero Premier con Mango;1.0;KG;1;15.5;13.2;11.0;BPA,ATX,BRA,LAV;COZI,MANT,TEMP;nitron.com.br/p/221.012.003
;222.012.002;Jarra com Tampa Flip Top - Branco 1,4L;3;Jarra com Tampa Flip Top;Jug with Flip Top Lid;Jarra con tapa abatible;1.4;L;1;18.5;15.5;10.0;BPA,ATX,BRA,LAV;BEBI,COZI;nitron.com.br/p/222.012.002
;222.012.546;Jarra com Tampa Flip Top - Vermelho 1,4L;3;Jarra com Tampa Flip Top;Jug with Flip Top Lid;Jarra con tapa abatible;1.4;L;1;18.5;15.5;10.0;BPA,ATX,BRA,LAV;BEBI,COZI;nitron.com.br/p/222.012.546
;2231.024.009;Porta Frios com Tela;3;Porta Frios com Tela;Cold Cuts Holder with Screen;Soporte para almacenamiento en frío c/ pantalla;1.4;L;1;24.5;5.0;18.0;BPA,ATX,BRA,LAV;COZI,MANT,TEMP;nitron.com.br/p/2231.024.009
;2232.012.009;Porta Frios Duplo com Tela;3;Porta Frios Duplo com Tela;Double Cold Cuts Holder with Screen;Frigorífico Doble Frío con Mampara;2.8;L;1;24.5;9.0;18.0;BPA,ATX,BRA,LAV;COZI,MANT,TEMP;nitron.com.br/p/2232.012.009
;224.012.002;Porta Talher Escorre e Guarda - Branco;3;Porta Talher Escorre e Guarda;Cutlery Holder Drains and Stores;Soporte para detergente para drenaje y retención;;;1;18.5;24.0;9.5;BPA,ATX,BRA,LAV,HIG,FCL;PET,COZI,MANT,TEMP;nitron.com.br/p/224.012.002
;224.012.003;Porta Talher Escorre e Guarda - Preto;3;Porta Talher Escorre e Guarda;Cutlery Holder Drains and Stores;Portacubiertos para drenaje y retención;;;1;18.5;24.0;9.5;BPA,ATX,BRA,LAV,HIG,FCL;PET,COZI,MANT,TEMP;nitron.com.br/p/224.012.003
;224.012.086;Porta Talher Escorre e Guarda - Chumbo;3;Porta Talher Escorre e Guarda;Detergent Holder Drains and Stores;Portacubiertos para drenaje y retención;;;1;18.5;24.0;9.5;BPA,ATX,BRA,LAV,HIG;PET,COZI,MANT,TEMP;nitron.com.br/p/224.012.086
;227.036.998;Copo Infantil com Alça - Sortido 320ml;2;Copo Infantil com Alça;;;;;1;11.0;12.2;8.0;BPA,ATX,BRA,LAV;BEBI,BRIN;nitron.com.br/p/227.036.998
;227.036.999;Copo Infantil com Alça - Sortido 320ml (227);1;Copo Infantil com Alça;Children's Cup with Handle;Vaso Infantil con Asa;320.0;ML;1;11.0;12.2;8.0;BPA,ATX,BRA;BEBI,BRIN;nitron.com.br/p/227.036.999
;2270.012.001;Pote Redondo com Travas - Transparente 2,3L (022/7);3;Pote Redondo com Travas;Round Storage Container with Locks;Recipiente Redondo con Cerraduras;2.3;L;1;22.5;10.0;20.5;BPA,ATX,BRA,HER,LAV,EMP;BRIN,ROUP,MAQU,MANT,GRAO,CAFE;nitron.com.br/p/2270.012.001
;2270.012.003;Pote Redondo com Travas - Preto 2,3L;3;Pote Redondo com Travas;Round Storage Container with Locks;Recipiente Redondo con Cerraduras;2.3;L;1;22.5;10.0;20.5;BPA,ATX,BRA,HER,LAV,EMP;MANT,GRAO,CAFE,ACUC,FARI,MASS;nitron.com.br/p/2270.012.003
;228.012.003;Pote com Travas Laterais - Preto 1,1L;3;Pote com Travas Laterais;Pot with Lateral Locks;Pote con Trabas Laterales;1.1;L;1;17.4;9.1;13.0;BPA,ATX,BRA,HER,LAV,EMP;MANT,GRAO,CAFE,ACUC,FARI,MASS;nitron.com.br/p/228.012.003
;2280.012.001;Pote Redondo com Travas - Transparente 1,1L (022/8);3;Pote Redondo com Travas;Round Storage Container with Locks;Recipiente Redondo con Cerraduras;1.1;L;1;17.5;8.0;16.0;BPA,ATX,BRA,HER,LAV,EMP;MANT,GRAO,CAFE,ACUC,FARI,MASS;nitron.com.br/p/2280.012.001
;2280.012.003;Pote Redondo com Travas - Preto 1,1L;3;Pote Redondo com Travas;Round Storage Container with Locks;Recipiente Redondo con Cerraduras;1.1;L;1;17.5;8.0;16.0;BPA,ATX,BRA,HER,LAV,EMP;MANT,GRAO,CAFE,ACUC,FARI,MASS;nitron.com.br/p/2280.012.003
;229.012.001;Cook Freezer Micro-ondas com Cesto - Transparente 3L (229);3;Cook Freezer Micro-ondas com Cesto;Microwave Freezer Cooker with Basket;Congelador Cocción Microondas con Cesta;3.0;L;1;23.7;10.2;23.7;BPA,ATX,BRA,MIC,FRZ,LAV;SOBR,FRIO,COZI;nitron.com.br/p/229.012.001
;2290.006.862;Kit Pote Redondo Coloratto com 3 Peças - 450ml (304/K);2;Kit Pote Redondo Coloratto c/ 3 Pçs;Coloratto Round container Kit w/ 3 pcs;Kit de Recipientes Redondas Coloratto c/ 3 pzs;450.0;ML;3;13.5;18.0;12.5;BPA,ATX,BRA,MIC;SOBR,MANT,FRIO,MASS;nitron.com.br/p/2290.006.862
;2290.012.001;Pote Redondo com Travas - Transparente 450ml (022/9);2;Pote Redondo com Travas;Round Storage Container with Locks;Recipiente Redondo con Cerraduras;450.0;ML;1;13.5;6.0;12.5;BPA,ATX,BRA,HER;MANT,GRAO,CAFE,ACUC;nitron.com.br/p/2290.012.001
;2290.012.003;Pote Redondo com Travas - Preto 450ml;2;Pote Redondo com Travas;Round Storage Container with Locks;Recipiente Redondo con Cerraduras;450.0;ML;1;13.5;6.0;12.5;BPA,ATX,BRA,HER;MANT,GRAO,CAFE,ACUC;nitron.com.br/p/2290.012.003
;231.006.861;Kit Pote Raso Coloratto com 2 Peças - 270ml (289/K);1;Kit Pote Raso Coloratto c/ 2 Pçs;Coloratto Shallow Pot Kit w/ 2 pcs;Kit de Recipientes poco profundas Coloratto c/ 2 pzs;270.0;ML;2;14.0;8.0;9.6;BPA,ATX,BRA;SOBR,MANT,FRIO;nitron.com.br/p/231.006.861
;231.006.862;Kit Pote Raso Coloratto com 3 Peças - 270ml (291/K);1;Kit Pote Raso Coloratto c/ 3 Pçs;Coloratto Shallow Pot Kit w/ 3 pcs;Kit de Recipientes poco profundas Coloratto c/ 3 pzs;270.0;ML;3;14.0;12.0;9.5;BPA,ATX,BRA;SOBR,MANT,FRIO;nitron.com.br/p/231.006.862
;231.006.P01;Kit POP com 6 Potes Retangular - Transparente 270ml;1;Kit POP com 6 Potes Retang.;POP Kit w/ 6 Rect. Containers –;Kit POP c/ 6 Recipientes Rect.es –;270.0;ML;6;14.0;24.0;10.0;BPA,ATX,BRA;MANT,GRAO,CAFE;nitron.com.br/p/231.006.P01
;231.012.001;Pote Raso com Travas - Transparente 270ml;1;Pote Raso com Travas;Shallow container with Locks;Recipientes Baja c/ Cerraduras;270.0;ML;1;14.0;4.0;10.0;BPA,ATX,BRA;MANT,GRAO,CAFE;nitron.com.br/p/231.012.001
;231.012.003;Pote Raso com Travas - Preto 270ml;1;Pote Raso com Travas;Shallow container with Locks;Recipientes Baja c/ Cerraduras;270.0;ML;1;14.0;4.0;10.0;BPA,ATX,BRA;MANT,GRAO,CAFE;nitron.com.br/p/231.012.003
;232.006.861;Kit Pote Raso Coloratto com 2 Peças - 500ml;2;Kit Pote Raso Coloratto com 2 Pçs;Coloratto Shallow container Kit w/ 2 pcs;Kit de Recipientes poco profundas Coloratto c/ 2 pzs;500.0;ML;2;17.0;10.0;11.0;BPA,ATX,BRA,LAV;SOBR,MANT,FRIO,MASS;nitron.com.br/p/232.006.861
;232.006.862;Kit Pote Raso Coloratto com 3 Peças - 500ml;2;Kit Pote Raso Coloratto com 3 Pçs;Coloratto Shallow container Kit w/ 3 pcs;Kit de Recipientes poco profundas Coloratto c/ 3 pzs;500.0;ML;3;17.0;15.0;11.0;BPA,ATX,BRA,LAV;SOBR,MANT,FRIO,MASS;nitron.com.br/p/232.006.862
;232.012.001;Pote Raso com Travas - Transparente 500ml;2;Pote Raso com Travas;Shallow container with Locks;Recipientes Baja con Cerraduras;500.0;ML;1;17.0;5.0;11.0;BPA,ATX,BRA,HER;MANT,GRAO,CAFE,ACUC;nitron.com.br/p/232.012.001
;232.012.003;Pote Raso com Travas - Preto 500ml;2;Pote Raso com Travas;Shallow container with Locks;Recipientes Baja con Cerraduras;500.0;ML;1;17.0;5.0;11.0;BPA,ATX,BRA,HER;MANT,GRAO,CAFE,ACUC;nitron.com.br/p/232.012.003
;233.012.001;Pote Raso com Travas - Transparente 1,1L;3;Pote Raso com Travas;Shallow container with Locks;Recipientes Baja con Cerraduras;1.1;L;1;22.0;7.0;14.0;BPA,ATX,BRA,HER,LAV,EMP;MANT,GRAO,CAFE,ACUC,FARI,MASS;nitron.com.br/p/233.012.001
;233.012.003;Pote Raso com Travas - Preto 1,1L;3;Pote Raso com Travas;Shallow container with Locks;Recipientes Baja con Cerraduras;1.1;L;1;22.0;7.0;14.0;BPA,ATX,BRA,HER,LAV,EMP;MANT,GRAO,CAFE,ACUC,FARI,MASS;nitron.com.br/p/233.012.003
;234.012.001;Pote Raso com Travas - Transparente 2,3L;3;Pote Raso com Travas;Shallow container with Locks;Recipientes Baja con Cerraduras;2.3;L;1;26.0;8.0;18.0;BPA,ATX,BRA,HER,LAV,EMP;MANT,GRAO,CAFE,ACUC,FARI,MASS;nitron.com.br/p/234.012.001
;234.012.003;Pote Raso com Travas - Preto 2,3L;3;Pote Raso com Travas;Shallow container with Locks;Recipientes Baja con Cerraduras;2.3;L;1;26.0;8.0;18.0;BPA,ATX,BRA,HER,LAV,EMP;MANT,GRAO,CAFE,ACUC,FARI,MASS;nitron.com.br/p/234.012.003
;235.012.001;Pote Acoplado com Rosca - Transparente 500ml;2;Pote Acoplado com Rosca;Coupled Jar with Screw;Recipientes Atornillable;500.0;ML;1;11.8;8.2;11.8;BPA,ATX,BRA,LAV;MANT,GRAO,CAFE,ACUC;nitron.com.br/p/235.012.001
;235.012.002;Pote Acoplado com Rosca - Branco 500ml;2;Pote Acoplado com Rosca;Coupled Jar with Screw;Recipientes Atornillable;500.0;ML;1;11.8;8.2;11.8;BPA,ATX,BRA,HER;MANT,GRAO,CAFE,ACUC;nitron.com.br/p/235.012.002
;235.012.003;Pote Acoplado com Rosca - Preto 500ml;2;Pote Acoplado com Rosca;Coupled Jar with Screw;Recipientes Atornillable;500.0;ML;1;11.8;8.2;11.8;BPA,ATX,BRA,LAV;MANT,GRAO,CAFE,ACUC;nitron.com.br/p/235.012.003
;235.012.671;Pote Acoplado com Rosca - Sal 500ml;2;Pote Acoplado com Rosca - Sal;;;500.0;ML;1;11.8;8.2;11.8;BPA,ATX,BRA,LAV;MANT,GRAO,CAFE,ACUC;nitron.com.br/p/235.012.671
;236.012.001;Pote Acoplado com Rosca - Transparente 1L;2;Pote Acoplado com Rosca;Coupled Jar with Screw;Recipientes Atornillable;1.0;L;1;11.8;15.0;11.8;BPA,ATX,BRA,MIC;MANT,GRAO,CAFE,ACUC;nitron.com.br/p/236.012.001
;236.012.002;Pote Acoplado com Rosca - Branco 1L;2;Pote Acoplado com Rosca;Coupled Jar with Screw;Recipientes Atornillable;1.0;L;1;11.8;15.0;11.8;BPA,ATX,BRA,HER;MANT,GRAO,CAFE,ACUC;nitron.com.br/p/236.012.002
;236.012.003;Pote Acoplado com Rosca - Preto 1L;2;Pote Acoplado com Rosca;Coupled Jar with Screw;Recipientes Atornillada;1.0;L;1;11.8;15.0;11.8;BPA,ATX,BRA,LAV;MANT,GRAO,CAFE,ACUC;nitron.com.br/p/236.012.003
;236.012.667;Pote Sal Grosso Acoplado com Rosca - 1L (236/SG);2;Pote Sal Grosso Acoplado com Rosca;Coupled Salt Jar with Screw;Recipientes para sal gruesa acoplada c/ tornillo;1.0;L;1;11.8;15.0;11.8;BPA,ATX,BRA,LAV;ACUC,MANT,GRAO,CAFE;nitron.com.br/p/236.012.667
;236.012.668;Pote Sal Grosso Acoplado com Rosca - 1L Café;2;Pote Sal Grosso Acopl. c/ Rosca - Café;;;1.0;L;1;11.8;15.0;11.8;BPA,ATX,BRA,LAV;ACUC,CAFE,MANT,GRAO;nitron.com.br/p/236.012.668
;236.012.669;Pote Sal Grosso Acoplado com Rosca - 1L Arroz;2;Pote Sal Grosso Acopl. c/ Rosca - Arroz;;;1.0;L;1;11.8;15.0;11.8;BPA,ATX,BRA,LAV;ACUC,GRAO,MANT,CAFE;nitron.com.br/p/236.012.669
;236.012.670;Pote Sal Grosso Acoplado com Rosca - 1L Farinha;2;Pote Sal Grosso Acopl. c/ Rosca - Farinha;;;1.0;L;1;11.8;15.0;11.8;BPA,ATX,BRA,LAV;ACUC,FARI,MANT,GRAO;nitron.com.br/p/236.012.670
;236.012.671;Pote Sal Grosso Acoplado com Rosca - 1L Feijão;2;Pote Sal Grosso Acopl. c/ Rosca - Feijão;;;1.0;L;1;11.8;15.0;11.8;BPA,ATX,BRA,LAV;ACUC,GRAO,MANT,CAFE;nitron.com.br/p/236.012.671
;236.012.672;Pote Sal Grosso Acoplado com Rosca - 1L Açucar;2;Pote Sal Grosso Acopl. c/ Rosca - Açucar;;;1.0;L;1;11.8;15.0;11.8;BPA,ATX,BRA,LAV;ACUC,MANT,GRAO,CAFE;nitron.com.br/p/236.012.672
;237.006.002;Pote Acoplado com Copo Medidor - Branco 5,8L;3;Pote Acoplado com Copo Medidor;Jar with Measuring Cup;Recipientes acoplada con vaso medidor;5.8;L;1;20.5;25.5;20.5;BPA,ATX,BRA,LAV,EMP;BEBI,MANT,GRAO,CAFE,ACUC,FARI;nitron.com.br/p/237.006.002
;237.006.003;Pote Acoplado com Copo Medidor - Preto 5,8L;3;Pote Acoplado com Copo Medidor;Jair with Measuring Cup;Recipientes acoplada con vaso medidor;5.8;L;1;20.5;25.5;20.5;BPA,ATX,BRA,LAV,EMP;BEBI,MANT,GRAO,CAFE,ACUC,FARI;nitron.com.br/p/237.006.003
;238.012.001;Pote Acoplado com Rosca - Transparente 2L;3;Pote Acoplado com Rosca;Coupled Jar with Screw;Recipientes Atornillable;2.0;L;1;14.0;17.9;14.0;BPA,ATX,BRA,HER,LAV,EMP;ACUC,FARI,GRAO,MASS,MANT,CAFE;nitron.com.br/p/238.012.001
;238.012.002;Pote Acoplado com Rosca - Branco 2L;3;Pote Acoplado com Rosca;Coupled Jar with Screw;Recipientes Atornillable;2.0;L;1;14.0;17.9;14.0;BPA,ATX,BRA,HER,LAV,EMP;ACUC,FARI,GRAO,MASS,MANT,CAFE;nitron.com.br/p/238.012.002
;238.012.003;Pote Acoplado com Rosca - Preto 2L;3;Pote Acoplado com Rosca;Coupled Jar with Screw;Recipientes Atornillada;2.0;L;1;14.0;17.9;14.0;BPA,ATX,BRA,LAV,EMP;MANT,GRAO,CAFE,ACUC,FARI,MASS;nitron.com.br/p/238.012.003
;239.012.001;Pote Acoplado com Rosca - Transparente 3L;3;Pote Acoplado com Rosca;Coupled jar with Screw;Recipientes Atornillable;3.0;L;1;15.5;21.7;15.5;BPA,ATX,BRA,LAV,EMP,TRP;MANT,GRAO,CAFE,ACUC,FARI,MASS;nitron.com.br/p/239.012.001
;239.012.002;Pote Acoplado com Rosca - Branco 3L;3;Pote Acoplado com Rosca;Coupled jar with Screw;Recipientes Atornillable;3.0;L;1;15.5;21.7;15.5;BPA,ATX,BRA,LAV,EMP;MANT,GRAO,CAFE,ACUC,FARI,MASS;nitron.com.br/p/239.012.002
;239.012.003;Pote Acoplado com Rosca - Preto 3L;3;Pote Acoplado com Rosca;Coupled jar with Screw;Recipientes Atornillada;3.0;L;1;15.5;21.7;15.5;BPA,ATX,BRA,LAV,EMP;MANT,GRAO,CAFE,ACUC,FARI,MASS;nitron.com.br/p/239.012.003
;240.024.001;Cook Freezer Micro-ondas - Transparente 3L;3;Cook Freezer Micro-ondas;Square Pot with Valve;Recipientes Cuadrada con Válvula;3.0;L;1;23.7;10.2;23.7;BPA,ATX,BRA,MIC,FRZ,LAV;SOBR,FRIO,COZI;nitron.com.br/p/240.024.001
;241.006.P01;Kit POP com 6 Potes com Valvula - Transparente 460ml;2;Kit POP com 6 Potes com Valvula;POP Kit w/ 6 Containers w/ Valve –;Kit POP c/ 6 Recipientes c/ Válvula –;460.0;ML;6;19.8;24.0;11.7;BPA,ATX,BRA,VLV;MANT,GRAO,CAFE,ACUC;nitron.com.br/p/241.006.P01
;241.024.001;Pote Raso com Válvula - 460ml (241);2;Pote Raso com Válvula;Shallow Pot with Valve;Recipientes Poco Profunda c/ Válvula;460.0;ML;1;19.8;4.0;11.7;BPA,ATX,BRA,VLV;MANT,GRAO,CAFE,ACUC;nitron.com.br/p/241.024.001
;242.024.001;Pote Raso com Válvula - 950ml (242);2;Pote Raso com Válvula;Shallow Pot with Valve;Recipientes Poco Profunda c/ Válvula;950.0;ML;1;25.0;5.0;15.0;BPA,ATX,BRA,MIC;SOBR,PET,MANT,GRAO;nitron.com.br/p/242.024.001
;243.024.001;Pote Raso com Válvula - 1,9L (243);3;Pote Raso com Válvula;Shallow Pot with Valve;Recipientes poco profunda con válvula;1.9;L;1;30.5;5.9;18.5;BPA,ATX,BRA,MIC,FRZ,VLV;MANT,GRAO,CAFE,ACUC,FARI,MASS;nitron.com.br/p/243.024.001
;244.012.001;Pote Raso com Válvula - 3,2L (244);3;Pote Raso com Válvula;Shallow Pot with Valve;Recipientes poco profunda con válvula;3.2;L;1;36.0;7.2;21.0;BPA,ATX,BRA,MIC,FRZ,VLV;MANT,GRAO,CAFE,ACUC,FARI,MASS;nitron.com.br/p/244.012.001
;245.012.029;Pote Feijão Acoplado com Rosca - 500ml (245);2;Pote Feijão Acoplado com Rosca;Bean Jar with Screw;Frijol Roscado;500.0;ML;1;11.8;8.2;11.8;BPA,ATX,BRA,HER;FARI,GRAO,BISC,MASS;nitron.com.br/p/245.012.029
;246.024.001;Pote Alto com Válvula - 868ml (246);2;Pote Alto com Válvula;Tall Pot with Valve;Recipientes Alta con Válvula;868.0;ML;1;20.0;7.0;12.0;BPA,ATX,BRA,HER;GRAO,SOBR,MANT,CAFE;nitron.com.br/p/246.024.001
;248.012.009;Pote Tomatinho Acoplado com Rosca - 500ml (248);2;Pote Tomatinho Acoplado com Rosca;Tomato Jar with Screw;Recipientes para tomate acoplada c/ tornillo;500.0;ML;1;11.8;8.2;11.8;BPA,ATX,BRA,HER;TEMP,MANT,GRAO,CAFE;nitron.com.br/p/248.012.009
;249.012.020;Pote Temperos Acoplado com Rosca - 500ml (249);2;Pote Temperos Acoplado com Rosca;Seasoning Jar with Screw;Recipientes para condimentos acoplado c/ tornillo;500.0;ML;1;11.8;8.2;11.8;BPA,ATX,BRA,LAV;TEMP,MANT,GRAO,CAFE;nitron.com.br/p/249.012.020
;250.024.009;Caçarola Micro-ondas com Cesto - Transparente 1,5L (250);3;Caçarola Micro-ondas com Cesto;Microwave Casserole with Basket;Cacerola para Microondas con cesta;1.5;L;1;20.5;10.0;17.5;BPA,ATX,BRA,MIC,LAV,TRP;GRAO,SOBR,FRIO,COZI;nitron.com.br/p/250.024.009
;2500.012.001;Pote Raso Retangular - Transparente 868ml (250);2;Pote Raso Retangular;Rectangular Shallow container;Maceta rectangular poco profunda;868.0;ML;1;20.0;6.5;12.0;BPA,ATX,BRA,LAV;MANT,GRAO,CAFE,ACUC;nitron.com.br/p/2500.012.001
;2500.012.003;Pote Raso Retangular - Preto 868ml;2;Pote Raso Retangular;Rectangular Shallow container;Maceta rectangular poco profunda;868.0;ML;1;20.0;6.5;12.0;BPA,ATX,BRA,LAV;MANT,GRAO,CAFE,ACUC;nitron.com.br/p/2500.012.003
;251.012.001;Caçarola Mini Micro-ondas - Transparente 850ml;2;Caçarola Mini Micro-ondas;Mini Microwave Casserole;Mini Cazuela Para Microondas;850.0;ML;1;17.0;9.0;14.0;BPA,ATX,BRA,MIC;SOBR,FRIO,COZI;nitron.com.br/p/251.012.001
;254.006.001;Gaveteiro Modular Rattan - Transparente 8,2L (254/NT);4;Gaveteiro Modular Rattan;Modular Rattan Drawer;Cajón Modular de Ratán;8.2;L;1;32.8;14.5;26.5;BRA,EMP,FCL,TRP,RCL;PET,PECA,FERR,ESCR,BRIN,DOCU,ROUP;nitron.com.br/p/254.006.001
;254.006.002;Gaveteiro Modular Rattan - Branco 8,2L (254/B);4;Gaveteiro Modular Rattan;Modular Rattan Drawer;Cajón Modular de Ratán;8.2;L;1;32.8;14.5;26.5;BRA,EMP,FCL,RCL;PET,PECA,FERR,ESCR,BRIN,DOCU,ROUP;nitron.com.br/p/254.006.002
;254.006.003;Gaveteiro Modular Rattan - Preto 8,2L (254/P);4;Gaveteiro Modular Rattan;Modular Rattan Drawer;Cajón modular de ratán;8.2;L;1;32.8;14.5;26.5;BRA,EMP,FCL,RCL;PET,PECA,FERR,ESCR,BRIN,DOCU,ROUP;nitron.com.br/p/254.006.003
;2540.012.001;Kit Potes Rasos Retang. com 3 Peças - Transparente (025/4);3;Kit Potes Rasos Retang. com 3 Peças;3-Piece Rect. Shallow container Kit;Kit de Recipientes Rect.es poco profundas. c/ 3 pzs;1.5;L;3;36.0;10.1;21.0;BPA,ATX,BRA,LAV,EMP,TRP;MANT,GRAO,CAFE,ACUC,FARI,MASS;nitron.com.br/p/2540.012.001
;2540.012.003;Kit Potes Rasos Retang. com 3 Peças - Preto;3;Kit Potes Rasos Retang. com 3 Peças;3-Piece Rect. Shallow container Kit;Kit de Recipientes Rect.es poco profundas. c/ 3 pzs;1.5;L;3;36.0;10.1;21.0;BPA,ATX,BRA,LAV,EMP;MANT,GRAO,CAFE,ACUC,FARI,MASS;nitron.com.br/p/2540.012.003
;255.036.016;Forma de Gelo Firenze com Tampa (255);2;Forma de Gelo Firenze com Tampa;Firenze Ice Tray with Lid;Molde para hielo Firenze con tapa;;;1;30.5;3.9;11.9;BPA,ATX,BRA,FRZ;COZI;nitron.com.br/p/255.036.016
;256.006.M02;Caixa Juta Alongada com Tampa Teca - Branca 1,5L;4;Caixa Juta Alongada com Tampa Teca;Elongated Jute Box with Teak Lid;Caja de Yute Alargada con Tapa de Teca;1.5;L;1;21.0;9.4;10.2;BRA,EMP,FCL;PET,ROUP,BRIN,DOCU,DECO;nitron.com.br/p/256.006.M02
;256.006.M03;Caixa Juta Alongada com Tampa Teca - Preta 1,5L;4;Caixa Juta Alongada com Tampa Teca;Elongated Jute Box with Teak Lid;Caja de Yute Alargada con Tapa de Teca;1.5;L;1;21.0;9.4;10.2;BRA,EMP,FCL;ROUP,BRIN,DOCU,DECO;nitron.com.br/p/256.006.M03
;256.024.002;Cesto Alongado Juta - Branco1,5L (256/B);4;Cesto Alongado Juta;Elongated Jute Basket;Cesta de Yute Alargada;1.5;L;1;20.6;8.7;9.9;BRA,EMP,HIG,FCL,RCL;PET,PECA,FERR,ESCR,BRIN,DOCU,ROUP;nitron.com.br/p/256.024.002
;256.024.003;Cesto Alongado Juta - Preto1,5L (256/B);4;Cesto Alongado Juta;Elongated Jute Basket;Cesta de Yute Alargada;1.5;L;1;20.6;8.7;9.9;BRA,EMP,FCL,RCL;PECA,FERR,ESCR,BRIN,DOCU,ROUP;nitron.com.br/p/256.024.003
;256.024.086;Cesto Alongado Juta - Chumbo1,5L (256/B);4;Cesto Alongado Juta;Elongated Jute Basket;Cesta de Yute Alargada;1.5;L;1;20.6;8.7;9.9;BRA,EMP,FCL,RCL;PECA,FERR,ESCR,BRIN,DOCU,ROUP;nitron.com.br/p/256.024.086
;257.006.M02;Caixa Juta Alongada com Tampa Teca - Branca 3,7L;4;Caixa Juta Alongada com Tampa Teca;Elongated Jute Box with Teak Lid;Caja de Yute Alargada con Tapa de Teca;3.7;L;1;28.4;12.5;13.3;BRA,EMP,FCL;PET,ROUP,BRIN,DOCU,DECO;nitron.com.br/p/257.006.M02
;257.006.M03;Caixa Juta Alongada com Tampa Teca - Preta 3,7L;4;Caixa Juta Alongada com Tampa Teca;Elongated Jute Box with Teak Lid;Caja de Yute Alargada con Tapa de Teca;3.7;L;1;28.4;12.5;13.3;BRA,EMP,FCL;PET,ROUP,BRIN,DOCU,DECO;nitron.com.br/p/257.006.M03
;257.012.002;Cesto Alongado Juta - Branco3,7L (257/B);4;Cesto Alongado Juta;Elongated Jute Basket;Cesta de Yute Alargada;3.7;L;1;27.5;11.6;13.2;BRA,EMP,FCL,RCL;PECA,FERR,ESCR,BRIN,DOCU,ROUP;nitron.com.br/p/257.012.002
;257.012.003;Cesto Alongado Juta - Preto3,7L (257/B);4;Cesto Alongado Juta;Elongated Jute Basket;Cesta de Yute Alargada;3.7;L;1;27.5;11.6;13.2;BRA,EMP,FCL,RCL;PECA,FERR,ESCR,BRIN,DOCU,ROUP;nitron.com.br/p/257.012.003
;257.012.086;Cesto Alongado Juta - Chumbo3,7L (257/B);4;Cesto Alongado Juta;Elongated Jute Basket;Cesta Yute Alargada;3.7;L;1;27.5;11.6;13.2;BRA,EMP,FCL,RCL;PECA,FERR,ESCR,BRIN,DOCU,ROUP;nitron.com.br/p/257.012.086
;2570.012.001;Pote Raso Retangular - Transparente 4,6L (025/7);3;Pote Raso Retangular;Rectangular Shallow container;Maceta rectangular poco profunda;4.6;L;1;36.0;10.0;21.0;BPA,ATX,BRA,LAV,EMP,TRP;GRAO,MASS,SOBR,MANT,CAFE,ACUC;nitron.com.br/p/2570.012.001
;2570.012.003;Pote Raso Retangular - Preto 4,6L;3;Pote Raso Retangular;Rectangular Shallow container;Maceta rectangular poco profunda;4.6;L;1;36.0;10.0;21.0;BPA,ATX,BRA,LAV,EMP;MANT,GRAO,CAFE,ACUC,FARI,MASS;nitron.com.br/p/2570.012.003
;258.004.M02;Caixa Juta Alongada com Tampa Teca - Branca 7,4L;4;Caixa Juta Alongada com Tampa Teca;Elongated Jute Box with Teak Lid;Caja de Yute Alargada con Tapa de Teca;7.4;L;1;34.5;15.0;16.5;BRA,EMP,FCL;ROUP,BRIN,DOCU,DECO;nitron.com.br/p/258.004.M02
;258.004.M03;Caixa Juta Alongada com Tampa Teca - Preta 7,4L;4;Caixa Juta Alongada com Tampa Teca;Elongated Jute Box with Teak Lid;Caja de Yute Alargada con Tapa de Teca;7.4;L;1;34.5;15.0;16.5;BRA,EMP,FCL;ROUP,BRIN,DOCU,DECO;nitron.com.br/p/258.004.M03
;258.006.002;Cesto Alongado Juta - Branco 7,4L (258/B);4;Cesto Alongado Juta;Elongated Jute Basket;Cesta de Yute Alargada;7.4;L;1;34.5;14.5;16.5;BRA,EMP,FCL,RCL;BRIN,PET,ROUP,PECA,FERR,ESCR,DOCU;nitron.com.br/p/258.006.002
;258.006.003;Cesto Alongado Juta - Preto 7,4L (258/B);4;Cesto Alongado Juta;Elongated Jute Basket;Cesta de Yute Alargada;7.4;L;1;34.5;14.5;16.5;BRA,EMP,FCL,RCL;PECA,FERR,ESCR,BRIN,DOCU,ROUP;nitron.com.br/p/258.006.003
;258.006.086;Cesto Alongado Juta - Chumbo 7,4L (258/B);4;Cesto Alongado Juta;Elongated Jute Basket;Cesta de Yute Alargada;7.4;L;1;34.5;14.5;16.5;BRA,EMP,FCL,RCL;PECA,FERR,ESCR,BRIN,DOCU,ROUP;nitron.com.br/p/258.006.086
;2580.012.001;Pote Raso Retangular - Transparente 2,9L (258/B);3;Pote Raso Retangular;Rectangular Shallow container;Maceta rectangular poco profunda;2.9;L;1;31.0;8.5;19.0;BPA,ATX,BRA,LAV,EMP,TRP;MANT,GRAO,CAFE,ACUC,FARI,MASS;nitron.com.br/p/2580.012.001
;2580.012.003;Pote Raso Retangular - Preto 2,9L;3;Pote Raso Retangular;Rectangular Shallow container;Maceta rectangular poco profunda;2.9;L;1;31.0;8.5;19.0;BPA,ATX,BRA,LAV,EMP;MANT,GRAO,CAFE,ACUC,FARI,MASS;nitron.com.br/p/2580.012.003
;259.012.002;Caixa Organizadora Baixa Rattan com Tampa - Branca 3,2L (259/B);4;Caixa Organizadora Baixa Rattan com Tampa;Low Rattan Organizer Box with Lid;Caja Organizadora Baja de Ratán con Tapa;3.2;L;1;25.5;8.3;20.0;BRA,EMP,FCL,RCL;PECA,FERR,ESCR,BRIN,DOCU,ROUP;nitron.com.br/p/259.012.002
;259.012.003;Caixa Organizadora Baixa Rattan com Tampa - Preta 3,2L (259/P);4;Caixa Organizadora Baixa Rattan com Tampa;Low Rattan Organizer Box with Lid;Caja Organizadora Baja de Ratán con Tapa;3.2;L;1;25.5;8.3;20.0;BRA,EMP,FCL,RCL;PECA,FERR,ESCR,BRIN,DOCU,ROUP;nitron.com.br/p/259.012.003
;259.012.086;Caixa Organizadora Baixa Rattan com Tampa - Chumbo 3,2L;4;Caixa Organizadora Baixa Rattan com Tampa;Low Rattan Organizer Box with Lid;Caja Organizadora Baja de Ratán con Tapa;3.2;L;1;25.5;8.3;20.0;BPA,BRA,EMP,FCL,RCL;BRIN,ROUP,PECA,FERR,ESCR,DOCU;nitron.com.br/p/259.012.086
;2590.012.001;Pote Raso Retangular - Transparente 1,5L (259/B);3;Pote Raso Retangular;Rectangular Shallow container;Maceta rectangular poco profunda;1.5;L;1;25.0;7.0;15.0;BPA,ATX,BRA,LAV,EMP,TRP;MANT,GRAO,CAFE,ACUC,FARI,MASS;nitron.com.br/p/2590.012.001
;2590.012.003;Pote Raso Retangular - Preto 1,5L;3;Pote Raso Retangular;Rectangular Shallow container;Maceta rectangular poco profunda;1.5;L;1;25.0;7.0;15.0;BPA,ATX,BRA,LAV,EMP;MANT,GRAO,CAFE,ACUC,FARI,MASS;nitron.com.br/p/2590.012.003
;260.012.002;Caixa Organizadora Baixa Rattan com Tampa - Branca 4,5L (260/B);4;Caixa Organizadora Baixa Rattan com Tampa;Low Rattan Organizer Box with Lid;Caja organizadora baja de ratán con tapa;4.5;L;1;32.4;8.3;22.5;BRA,EMP,FCL,RCL;PECA,FERR,ESCR,BRIN,DOCU,ROUP;nitron.com.br/p/260.012.002
;260.012.003;Caixa Organizadora Baixa Rattan com Tampa - Preta 4,5L;4;Caixa Organizadora Baixa Rattan com Tampa;Low Rattan Organizer Box with Lid;Caja organizadora baja de ratán con tapa;4.5;L;1;32.4;8.3;22.5;BRA,EMP,FCL,RCL;BRIN,ROUP,PECA,FERR,ESCR,DOCU;nitron.com.br/p/260.012.003
;260.012.086;Caixa Organizadora Baixa Rattan com Tampa - Chumbo 4,5L;4;Caixa Organizadora Baixa Rattan com Tampa;Low Organizer Box Rattan with Lid;Caja Organizadora Baja de Ratán con Tapa;4.5;L;1;32.4;8.3;22.5;BPA,BRA,EMP,HIG,FCL,RCL;BRIN,PET,ROUP,CONF,PECA,FERR,ESCR,DOCU;nitron.com.br/p/260.012.086
;261.006.002;Caixa Organizadora Baixa Rattan com Tampa - Branca 7L (261/B);4;Caixa Organizadora Baixa Rattan com Tampa;Low Rattan Organizer Box with Lid;Caja Organizadora Baja de Ratán con Tapa;7.0;L;1;38.5;8.3;28.0;BRA,EMP,FCL,RCL;ROUP,PECA,FERR,ESCR,BRIN,DOCU;nitron.com.br/p/261.006.002
;261.006.003;Caixa Organizadora Baixa Rattan com Tampa - Preta 7L;4;Caixa Organizadora Baixa Rattan com Tampa;Low Rattan Organizer Box with Lid;Caja Organizadora Baja de Ratán con Tapa;7.0;L;1;38.5;8.3;28.0;BRA,EMP,HIG,FCL,RCL;BRIN,ROUP,PECA,FERR,ESCR,DOCU;nitron.com.br/p/261.006.003
;261.006.086;Caixa Organizadora Baixa Rattan com Tampa - Chumbo 7L;4;Caixa Organizadora Baixa Rattan com Tampa;Low Rattan Organizer Box with Lid;Caja Organizadora Baja de Ratán con Tapa;7.0;L;1;38.5;8.3;28.0;BPA,BRA,EMP,HIG,FCL,RCL;BRIN,ROUP,CONF,PECA,FERR,ESCR,DOCU;nitron.com.br/p/261.006.086
;268.006.M02;Caixa Juta Europa com Tampa Teca - Branca 5,3L;4;Caixa Juta Europa com Tampa Teca;Europa Jute Box with Teak Lid;Caja Europea de Yute con Tapa de Teca;5.3;L;1;27.0;15.5;20.4;BRA,EMP,HIG,FCL;PET,ROUP,BRIN,DOCU,DECO;nitron.com.br/p/268.006.M02
;268.006.M03;Caixa Juta Europa com Tampa Teca - Preta 5,3L;4;Caixa Juta Europa com Tampa Teca;Europa Jute Box with Teak Lid;Caja Europea de Yute con Tapa de Teca;5.3;L;1;27.0;15.5;20.4;BRA,EMP,HIG,FCL;PET,ROUP,BRIN,DOCU,DECO;nitron.com.br/p/268.006.M03
;268.012.002;Cesto Europa Juta - Branco 5,3L (268/B);4;Cesto Europa Juta;Europa Jute Basket;Cesta de Yute Europa;5.3;L;1;27.0;15.0;20.2;BPA,BRA,EMP,FCL,RCL;PECA,FERR,ESCR,BRIN,DOCU,ROUP;nitron.com.br/p/268.012.002
;268.012.003;Cesto Europa Juta - Preto 5,3L (268/B);4;Cesto Europa Juta;Europa Jute Basket;Cesta de Yute Europa;5.3;L;1;27.0;15.0;20.2;BRA,EMP,FCL,RCL;PECA,FERR,ESCR,BRIN,DOCU,ROUP;nitron.com.br/p/268.012.003
;269.004.M02;Caixa Juta Europa com Tampa Teca - Branca 10,8L;4;Caixa Juta Europa com Tampa Teca;Europe Jute Box with Teak Lid;Caja Europea de Yute con Tapa de Teca;10.8;L;1;34.0;19.2;24.0;BRA,EMP,HIG,FCL;PET,ROUP,BRIN,DOCU,DECO;nitron.com.br/p/269.004.M02
;269.004.M03;Caixa Juta Europa com Tampa Teca - Preta 10,8L;4;Caixa Juta Europa com Tampa Teca;Europe Jute Box with Teak Lid;Caja Europea de Yute con Tapa de Teca;10.8;L;1;34.0;19.2;24.0;BRA,EMP,HIG,FCL;BRIN,PET,ROUP,DOCU,DECO;nitron.com.br/p/269.004.M03
;269.012.002;Cesto Europa Juta - Branco 10,8L (269/B);4;Cesto Europa Juta;Europa Jute Basket;Cesta de Yute Europa;10.8;L;1;34.0;18.7;24.0;BRA,EMP,FCL,RCL;PECA,FERR,ESCR,BRIN,DOCU,ROUP;nitron.com.br/p/269.012.002
;269.012.003;Cesto Europa Juta - Preto 10,8L;4;Cesto Europa Juta;Europa Jute Basket;Cesta de Yute Europa;10.8;L;1;34.0;18.7;24.0;BRA,EMP,FCL,RCL;PET,PECA,FERR,ESCR,BRIN,DOCU,ROUP;nitron.com.br/p/269.012.003
;270.002.M02;Caixa Juta Europa com Tampa Teca - BRANCA 18,7L;4;Caixa Juta Europa com Tampa Teca;Europe Jute Box with Teak Lid;Caja Europea de Yute con Tapa de Teca;18.7;L;1;41.0;22.7;28.0;BRA,EMP,FCL;BRIN,PET,ROUP,DOCU,DECO;nitron.com.br/p/270.002.M02
;270.002.M03;Caixa Juta Europa com Tampa Teca - PRETA18,7L;4;Caixa Juta Europa com Tampa Teca;Europe Jute Box with Teak Lid;Caja Europea de Yute con Tapa de Teca;18.7;L;1;41.0;22.7;28.0;BRA,EMP,HIG,FCL;BRIN,ROUP,DOCU,DECO;nitron.com.br/p/270.002.M03
;270.006.002;Cesto Europa Juta - Branco 18,7L (270/B);4;Cesto Europa Juta;Europa Jute Basket;Cesta de Yute Europa;18.7;L;1;41.0;22.2;28.0;BPA,BRA,EMP,FCL,RCL;PECA,FERR,ESCR,BRIN,DOCU,ROUP;nitron.com.br/p/270.006.002
;270.006.003;Cesto Europa Juta - Preto 18,7L;4;Cesto Europa Juta;Europa Jute Basket;Cesta de Yute Europa;18.7;L;1;41.0;22.2;28.0;BRA,EMP,FCL,RCL;BRIN,PET,ROUP,PECA,FERR,ESCR,DOCU;nitron.com.br/p/270.006.003
;277.012.002;Cesto Juta com Alça - Branco 5,6L (277/B);4;Cesto Juta com Alça;Jute Basket with Handle;Cesta de Yute con Asa;5.6;L;1;28.2;17.5;18.4;BRA,EMP,FCL,RCL;PET,PECA,FERR,ESCR,BRIN,DOCU,ROUP;nitron.com.br/p/277.012.002
;277.012.003;Cesto Juta com Alça - Preto 5,6L;4;Cesto Juta com Alça;Jute Basket with Handle;Cesta de Yute con Asa;5.6;L;1;28.2;17.5;18.4;BRA,EMP,FCL,RCL;PET,ROUP,PECA,FERR,ESCR,BRIN,DOCU;nitron.com.br/p/277.012.003
;279.012.024;Pote Alho Acoplado com Rosca - 500ml (279);2;Pote Alho Acoplado com Rosca;Garlic Jar with Screw;Recipientes para ajos acoplada c/ tornillo;500.0;ML;1;11.8;8.2;11.8;BPA,ATX,BRA,MIC;TEMP,SOBR,MANT,GRAO;nitron.com.br/p/279.012.024
;281.036.999;Concha para Cereais - Sortido - 150ml (281);1;Concha para Cereais;Cereal Ladle;Cucharón para cereales;150.0;ML;1;9.3;9.7;6.0;BPA,ATX,BRA;MANT,GRAO,CAFE;nitron.com.br/p/281.036.999
;283.004.002;Lixeira Juta com Pedal - Branca 12L;3;Lixeira Juta com Pedal;Jute Bin with Pedal;Papelera de Yute con Pedal;12.0;L;1;34.5;32.5;17.5;BRA,PED,HIG,FCL,RCL;PET,LIXO,COZI,BANH;nitron.com.br/p/283.004.002
;283.004.003;Lixeira Juta com Pedal - Preta 12L;3;Lixeira Juta com Pedal;Jute Bin with Pedal;Papelera de Yute con Pedal;12.0;L;1;34.5;32.5;17.5;BRA,HER,PED,HIG,FCL,RCL;LIXO,COZI,BANH;nitron.com.br/p/283.004.003
;283.004.086;Lixeira Juta com Pedal - Chumbo 12L;3;Lixeira Juta com Pedal;Jute Pedal Trash Can;Papelera Yute con Pedal;12.0;L;1;34.5;32.5;17.5;BRA,HER,PED,HIG,FCL,RCL;LIXO,COZI,BANH;nitron.com.br/p/283.004.086
;284.012.002;Cesto Transporta Tudo - Branco (284/B);3;Cesto Transporta Tudo;All-In-One Basket;Cesta para todo;;;1;31.3;18.2;26.3;ATX,BRA,FCL,RCL;LIMP,ROUP,BANH;nitron.com.br/p/284.012.002
;284.012.003;Cesto Transporta Tudo - Preto (284/P);3;Cesto Transporta Tudo;All-In-One Basket;Cesta para todo;;;1;31.3;18.2;26.3;ATX,BRA,FCL,RCL;LIMP,ROUP,BANH;nitron.com.br/p/284.012.003
;293.006.002;Kit Potes Acoplados com 5 Peças - Branco;3;Kit Potes Acoplados com 5 Peças;Coupled Jar Kit with 5 Pieces;Kit Recipientes Acopladas con 5 Piezas;;;5;20.5;25.5;20.5;BPA,ATX,BRA,HER,LAV,EMP;ACUC,CAFE,GRAO,MANT,FARI,MASS;nitron.com.br/p/293.006.002
;293.006.003;Kit Potes Acoplados com 5 Peças - Preto;3;Kit Potes Acoplados com 5 Peças;Coupled Jar Kit with 5 Pieces;Kit de Recipientes Acopladas de 5 Piezas;;;5;20.5;25.5;20.5;BPA,ATX,BRA,HER,LAV,EMP;ACUC,CAFE,GRAO,PET,MANT,FARI;nitron.com.br/p/293.006.003
;300.012.001;Pote Raso Retangular - Transparente 460ml;2;Pote Raso Retangular;Shallow Rectangular container;Maceta rectangular poco profunda;460.0;ML;1;20.0;4.0;12.0;BPA,ATX,BRA,LAV;MANT,GRAO,CAFE,ACUC;nitron.com.br/p/300.012.001
;300.012.003;Pote Raso Retangular - Preto 460ml;2;Pote Raso Retangular;Shallow Rectangular container;Maceta rectangular poco profunda;460.0;ML;1;20.0;4.0;12.0;BPA,ATX,BRA,LAV;MANT,GRAO,CAFE,ACUC;nitron.com.br/p/300.012.003
;301.012.001;Pote Raso Retangular - Transparente 950ml;2;Pote Raso Retangular;Shallow Rectangular container;Maceta rectangular poco profunda;950.0;ML;1;25.0;5.0;15.0;BPA,ATX,BRA,LAV;MANT,GRAO,CAFE,ACUC;nitron.com.br/p/301.012.001
;301.012.003;Pote Raso Retangular - Preto 950ml;2;Pote Raso Retangular;Shallow Rectangular container;Maceta rectangular poco profunda;950.0;ML;1;25.0;5.0;15.0;BPA,ATX,BRA,LAV;MANT,GRAO,CAFE,ACUC;nitron.com.br/p/301.012.003
;302.012.001;Pote Raso Retangular - Transparente 1,9L;3;Pote Raso Retangular;Shallow Rectangular container;Maceta rectangular poco profunda;1.9;L;1;31.0;6.0;19.0;BPA,ATX,BRA,LAV,EMP,TRP;MANT,GRAO,CAFE,ACUC,FARI,MASS;nitron.com.br/p/302.012.001
;302.012.003;Pote Raso Retangular - Preto 1,9L;3;Pote Raso Retangular;Shallow Rectangular container;Maceta rectangular poco profunda;1.9;L;1;31.0;6.0;19.0;BPA,ATX,BRA,LAV,EMP;MANT,GRAO,CAFE,ACUC,FARI,MASS;nitron.com.br/p/302.012.003
;303.012.001;Pote Raso Retangular - Transparente 3,2L;3;Pote Raso Retangular;Shallow Rectangular container;Maceta rectangular poco profunda;3.2;L;1;36.0;7.0;21.0;BPA,ATX,BRA,LAV,EMP,TRP;MANT,GRAO,CAFE,ACUC,FARI,MASS;nitron.com.br/p/303.012.001
;303.012.003;Pote Raso Retangular - Preto 3,2L;3;Pote Raso Retangular;Rectangular Shallow container;Maceta rectangular poco profunda;3.2;L;1;36.0;7.0;21.0;BPA,ATX,BRA,LAV,EMP;MANT,GRAO,CAFE,ACUC,FARI,MASS;nitron.com.br/p/303.012.003
;305.006.520;Travessa Oval Canelada com Tampa - Branca 650ml;2;Travessa Oval Canelada com Tampa;Oval Fluted Tray with Lid;Fuente Ovalada Estriada con Tapa;650.0;ML;1;22.0;6.0;11.0;BPA,ATX,BRA,LAV;COZI,MANT,TEMP;nitron.com.br/p/305.006.520
;306.006.520;Travessa Oval Canelada com Tampa - Branca 1,2L;3;Travessa Oval Canelada com Tampa;Oval Fluted Tray with Lid;Fuente Ovalada Acanalada con Tapa;1.2;L;1;28.0;7.3;14.5;BPA,ATX,BRA,LAV;COZI,MANT,TEMP;nitron.com.br/p/306.006.520
;307.006.520;Travessa Oval Canelada com Tampa - Branca 2,5L;3;Travessa Oval Canelada com Tampa;Oval Fluted Tray with Lid;Fuente Ovalada Acanalada con Tapa;2.5;L;1;34.8;8.9;18.5;BPA,ATX,BRA,LAV;COZI,MANT,TEMP;nitron.com.br/p/307.006.520
;308.006.520;Organiza e Guarda com 3 Divisórias;4;Organiza e Guarda com 3 Divisórias;Organizes and Stores with 3 Compartments;Organice y almacene con 3 divisores;;;1;24.7;5.9;20.5;BRA,EMP,FCL,RCL;PECA,FERR,ESCR,BRIN,DOCU,ROUP;nitron.com.br/p/308.006.520
;311.012.001;Mamita e Pote 2 em 1 - Transparente 780ml;2;Mamita e Pote 2 em 1;;;780.0;ML;1;20.5;6.0;12.5;BPA,ATX,BRA,LAV;MANT,GRAO,CAFE,ACUC;nitron.com.br/p/311.012.001
;311.012.002;Mamita e Pote 2 em 1 - Branco 780ml;2;Mamita e Pote 2 em 1;Mamita e Pote 2 in 1;Mamita e Recipientes 2 en 1;780.0;ML;1;20.5;6.0;12.5;BPA,ATX,BRA,LAV;MANT,GRAO,CAFE,ACUC;nitron.com.br/p/311.012.002
;311.012.515;Mamita & Pote 2 em 1 - Rosa 780ml;2;Mamita & Pote 2 em 1;Mamita & Pote 2 in 1;Mamita & Recipientes 2 en 1;780.0;ML;1;20.5;6.0;12.5;BPA,ATX,BRA,LAV;MANT,GRAO,CAFE,ACUC;nitron.com.br/p/311.012.515
;311.012.517;Mamita & Pote 2 em 1 - Verde 780ml;2;Mamita & Pote 2 em 1;Mamita & Pote 2 in 1;Mamita & Recipiente 2 en 1;780.0;ML;1;20.5;6.0;12.5;BPA,ATX,BRA,LAV;MANT,GRAO,CAFE,ACUC;nitron.com.br/p/311.012.517
;313.006.560;Organizador de Cosméticos com 2 Gavetas - Preta;4;Organizador de Cosméticos com 2 Gavetas;Drawer Organizer Cosmetics with 2 Drawers;Organizador de cosméticos con 2 cajones;;;1;20.3;21.0;18.5;BRA,EMP,FCL,RCL;PECA,FERR,ESCR,BRIN,DOCU,ROUP;nitron.com.br/p/313.006.560
;313.006.561;Organizador de Cosméticos com 2 Gavetas - Branca;4;Organizador de Cosméticos com 2 Gavetas;Cosmetics Organizer with 2 Drawers;Organizador de cosméticos con 2 cajones;;;1;20.3;21.0;18.5;BRA,EMP,FCL,RCL;PET,MAQU,PECA,FERR,ESCR,BRIN,DOCU,ROUP;nitron.com.br/p/313.006.561
;313.006.562;Organizador de Cosméticos com 2 Gavetas - Rosa;4;Organizador de Cosméticos com 2 Gavetas;Cosmetics Organizer with 2 Drawers;Organizador de cosméticos con 2 cajones;;;1;20.3;21.0;18.5;BRA,EMP,FCL,RCL;PECA,FERR,ESCR,BRIN,DOCU,ROUP;nitron.com.br/p/313.006.562
;314.006.560;Organizador de Cosméticos com 1 Gaveta - Preta;4;Organizador de Cosméticos com 1 Gaveta;Cosmetics Organizer with 1 Drawer;Organizador de Cosméticos con 1 Cajón;;;1;20.3;15.5;18.5;BRA,EMP,FCL,RCL;PECA,FERR,ESCR,BRIN,DOCU,ROUP;nitron.com.br/p/314.006.560
;314.006.561;Organizador de Cosméticos com 1 Gaveta - Branca;4;Organizador de Cosméticos com 1 Gaveta;Cosmetics Organizer with 1 Drawer;Organizador de Cosméticos con 1 Cajón;;;1;20.3;15.5;18.5;BRA,EMP,FCL,RCL;PECA,FERR,ESCR,BRIN,DOCU,ROUP;nitron.com.br/p/314.006.561
;314.006.562;Organizador de Cosméticos com 1 Gaveta - Rosa;4;Organizador de Cosméticos com 1 Gaveta;Cosmetics Organizer with 1 Drawer;Organizador de Cosméticos con 1 Cajón;;;1;20.3;15.5;18.5;BRA,EMP,FCL,RCL;PECA,FERR,ESCR,BRIN,DOCU,ROUP;nitron.com.br/p/314.006.562
;317.006.P01;Kit POP com 5 Marmitas Fits - Transparente 500ml;2;Kit POP com 5 Marmitas Fits;POP Kit with 5 Fits Lunch Boxes –;Kit POP con 5 Loncheras Fits –;500.0;ML;5;18.4;31.0;10.0;BPA,ATX,BRA,LAV;SOBR,MANT,GRAO,CAFE;nitron.com.br/p/317.006.P01
;317.012.001;Marmita Fit - Transparente 500ml;2;Marmita Fit;Fit Lunch Box;Fiambrera Fit;500.0;ML;1;18.4;6.2;10.0;BPA,ATX,BRA,LAV;SOBR,MANT,GRAO,CAFE;nitron.com.br/p/317.012.001
;317.012.003;Marmita Fit - Branco 500ml (317.012.001);2;Marmita Fit;Fit Lunch Box;Fiambrera Fit;500.0;ML;1;18.4;6.2;10.0;BPA,ATX,BRA,LAV;SOBR,MANT,GRAO,CAFE;nitron.com.br/p/317.012.003
;319.006.P01;Kit POP com 6 Potes Quadrados - Transparente 250ml;1;Kit POP c/ 6 Potes Quadrados;POP Kit w/ 6 Square Containers –;Kit POP c/ 6 Recipientes Cuadrados –;250.0;ML;6;15.6;20.7;7.8;BPA,ATX,BRA;MANT,GRAO,CAFE;nitron.com.br/p/319.006.P01
;319.012.001;Pote Modular - Transparente 250ml;1;Pote Modular;Modular Container;Recipientes Modular;250.0;ML;1;7.8;6.9;7.8;BPA,ATX,BRA;MANT,GRAO,CAFE;nitron.com.br/p/319.012.001
;319.012.003;Pote Modular - Preto 250ml;1;Pote Modular;;;250.0;ML;1;7.8;6.9;7.8;BPA,ATX,BRA;MANT,GRAO,CAFE;nitron.com.br/p/319.012.003
;320.012.001;Pote Modular - Transparente 450ml;2;Pote Modular;Modular Container;Recipientes Modular;450.0;ML;1;9.3;8.2;9.3;BPA,ATX,BRA,LAV;MANT,GRAO,CAFE,ACUC;nitron.com.br/p/320.012.001
;320.012.003;Pote Modular - Preto 450ml;2;Pote Modular;;;450.0;ML;1;9.3;8.2;9.3;BPA,ATX,BRA,LAV;MANT,GRAO,CAFE,ACUC;nitron.com.br/p/320.012.003
;321.012.001;Pote Modular - Transparente 800ml;2;Pote Modular;Modular Container;Recipientes Modular;800.0;ML;1;11.0;10.0;11.0;BPA,ATX,BRA,LAV;MANT,GRAO,CAFE,ACUC;nitron.com.br/p/321.012.001
;321.012.003;Pote Modular - Preto 800ml;2;Pote Modular;;;800.0;ML;1;11.0;10.0;11.0;BPA,ATX,BRA,LAV;MANT,GRAO,CAFE,ACUC;nitron.com.br/p/321.012.003
;322.006.001;Pote Modular - Transparente 1,2L;3;Pote Modular;Modular Container;Recipientes Modular;1.2;L;1;11.0;14.6;11.0;BPA,ATX,BRA,FRZ,LAV,EMP;MANT,GRAO,CAFE,ACUC,FARI,MASS;nitron.com.br/p/322.006.001
;322.006.003;Pote Modular - Preto 1,2L;3;Pote Modular;Modular Container;Recipientes Modular;1.2;L;1;11.0;14.6;11.0;BPA,ATX,BRA,LAV,EMP;MANT,GRAO,CAFE,ACUC,FARI,MASS;nitron.com.br/p/322.006.003
;323.006.001;Pote Modular - Transparente 2,4L;3;Pote Modular;Modular Container;Recipientes Modular;2.4;L;1;11.0;28.5;11.0;BPA,ATX,BRA,LAV,EMP,TRP;MANT,GRAO,CAFE,ACUC,FARI,MASS;nitron.com.br/p/323.006.001
;323.006.003;Pote Modular - Preto 2,4L;3;Pote Modular;Modular Container;Recipientes Modular;2.4;L;1;11.0;28.5;11.0;BPA,ATX,BRA,LAV,EMP;MANT,GRAO,CAFE,ACUC,FARI,MASS;nitron.com.br/p/323.006.003
;348.012.576;Porta Presunto com Tela;2;Porta Presunto com Tela;Ham Holder with Screen;Jamonero con Pantalla;460.0;ML;1;20.5;4.0;12.0;BPA,ATX,BRA,LAV;COZI,MANT,TEMP;nitron.com.br/p/348.012.576
;349.012.575;Porta Queijo com Tela;2;Porta Queijo com Tela;Cheese Holder with Screen;Quesero con Pantalla;460.0;ML;1;20.5;4.0;12.0;BPA,ATX,BRA,LAV;COZI,MANT,TEMP;nitron.com.br/p/349.012.575
;350.012.577;Porta Frios com Tela;2;Porta Frios com Tela;Cold Cuts Holder with Screen;Soporte para almacenamiento en frío c/ pantalla;460.0;ML;1;20.5;4.0;12.0;BPA,ATX,BRA,LAV;COZI,MANT,TEMP;nitron.com.br/p/350.012.577
;351.012.001;Kit Potes Modulares com 3 Peças - Transparente 250ml;1;Kit Potes Modulares c/ 3 Pçs;3-pc Modular Container Kit;Kit Recipientes Modulares de 3 pzs;250.0;ML;3;7.8;19.5;7.8;BPA,ATX,BRA;TEMP,MANT,GRAO;nitron.com.br/p/351.012.001
;351.012.003;Kit Potes Modulares com 3 Peças - Preto 250ml;1;Kit Potes Modulares c/ 3 Pçs;3-pc Modular Container Kit;Kit de Recipientes Modulares de 3 pzs;250.0;ML;3;7.8;19.5;7.8;BPA,ATX,BRA;MANT,GRAO,CAFE;nitron.com.br/p/351.012.003
;352.012.001;Kit Potes Modulares com 3 Peças - Transparente 450ml;2;Kit Potes Modulares com 3 Peças;3-Piece Modular Container Kit;Kit Recipientes Modulares de 3 pzs;450.0;ML;3;9.3;23.1;9.3;BPA,ATX,BRA,LAV;MANT,GRAO,CAFE,ACUC;nitron.com.br/p/352.012.001
;352.012.003;Kit Potes Modulares com 3 Peças - Preto 450ml;2;Kit Potes Modulares com 3 Peças;3-Piece Modular Container Kit;Kit de Recipientes Modulares de 3 pzs;450.0;ML;3;9.3;23.1;9.3;BPA,ATX,BRA,LAV;MANT,GRAO,CAFE,ACUC;nitron.com.br/p/352.012.003
;353.006.001;Kit Potes Modulares com 6 Peças - Transparente;2;Kit Potes Modulares com 6 Peças;6-Piece Modular container Kit;Kit de Recipientes Modulares de 6 pzs;800.0;ML;6;21.7;28.5;11.0;BPA,ATX,BRA,HER;FARI,GRAO,BISC,MANT;nitron.com.br/p/353.006.001
;353.006.003;Kit Potes Modulares com 6 Peças - Preto;2;Kit Potes Modulares com 6 Peças;;;800.0;ML;6;21.7;28.5;11.0;BPA,ATX,BRA,LAV;MANT,GRAO,CAFE,ACUC;nitron.com.br/p/353.006.003
;359.012.003;Pote Arroz Acoplado com Rosca - 2L;3;Pote Arroz Acoplado com Rosca;Rice jar with Screw;Recipientes Arrocera Acoplada c/ Tornillo;2.0;L;1;14.0;17.9;14.0;BPA,ATX,BRA,MIC,FRZ,HER;GRAO,MANT,CAFE,ACUC,FARI,MASS;nitron.com.br/p/359.012.003
;360.012.003;Pote Feijão Acoplado com Rosca - 2L;3;Pote Feijão Acoplado com Rosca;Bean jar with Screw;Recipientes para frijoles roscada;2.0;L;1;14.0;17.9;14.0;BPA,ATX,BRA,MIC,FRZ,HER;GRAO,MANT,CAFE,ACUC,FARI,MASS;nitron.com.br/p/360.012.003
;361.012.003;Pote Farinha Acoplado com Rosca - 2L;3;Pote Farinha Acoplado com Rosca;Flour jar with Screw;Recipientes de harina acoplada c/ tornillo;2.0;L;1;14.0;17.9;14.0;BPA,ATX,BRA,MIC,FRZ,HER;FARI,MANT,GRAO,CAFE,ACUC,MASS;nitron.com.br/p/361.012.003
;362.012.003;Pote Açúcar Acoplado com Rosca - 2L;3;Pote Açúcar Acoplado com Rosca;Sugar jar with Screw;Azucarero acoplado con tornillo;2.0;L;1;14.0;17.9;14.0;BPA,ATX,BRA,MIC,FRZ,HER;ACUC,MANT,GRAO,CAFE,FARI,MASS;nitron.com.br/p/362.012.003
;363.012.003;Pote Café Acoplado com Rosca - 2L;3;Pote Café Acoplado com Rosca;Coffee jar with Screw;Cafetera acoplada con tornillo;2.0;L;1;14.0;17.9;14.0;BPA,ATX,BRA,LAV,EMP,HIG;CAFE,MANT,GRAO,ACUC,FARI,MASS;nitron.com.br/p/363.012.003
;369.006.001;Kit Porta Frios com 3 Peças;2;Kit Porta Frios com 3 Peças;Cold Cuts Holder Kit with 3 Pieces;Kit de conservación en frío c/ 3 pzs;460.0;ML;3;20.5;12.0;12.0;BPA,ATX,BRA,LAV;COZI,MANT,TEMP;nitron.com.br/p/369.006.001
;3760.012.001;Pote Quadrado com Travas - Transparente 3,7L (037/6);3;Pote Quadrado com Travas;Square container with Locks;Recipiente Cuadrado con Cerraduras;3.7;L;1;25.0;11.0;24.0;BPA,ATX,BRA,HER,LAV,EMP;MANT,GRAO,CAFE,ACUC,FARI,MASS;nitron.com.br/p/3760.012.001
;3760.012.003;Pote Quadrado com Travas - Preto 3,7L;3;Pote Quadrado com Travas;Square container with Locks;Recipiente Cuadrado con Cerraduras;3.7;L;1;25.0;11.0;24.0;BPA,ATX,BRA,HER,LAV,EMP;MANT,GRAO,CAFE,ACUC,FARI,MASS;nitron.com.br/p/3760.012.003
;3770.012.001;Pote Quadrado com Travas - Transparente 1,8L (037/7);3;Pote Quadrado com Travas;Square container with Locks;Recipiente Cuadrado con Cerraduras;1.8;L;1;20.0;9.0;19.0;BPA,ATX,BRA,HER,LAV,EMP;MANT,GRAO,CAFE,ACUC,FARI,MASS;nitron.com.br/p/3770.012.001
;3770.012.003;Pote Quadrado com Travas - Preto 1,8L;3;Pote Quadrado com Travas;Square container with Locks;Recipiente Cuadrado con Cerraduras;1.8;L;1;20.0;9.0;19.0;BPA,ATX,BRA,HER,LAV,EMP;MANT,GRAO,CAFE,ACUC,FARI,MASS;nitron.com.br/p/3770.012.003
;3780.012.001;Pote Quadrado com Travas - Transparente 860ml (037/8);2;Pote Quadrado com Travas;Square container with Locks;Recipiente Cuadrado con Cerraduras;860.0;ML;1;16.0;7.0;14.0;BPA,ATX,BRA,HER;MANT,GRAO,CAFE,ACUC;nitron.com.br/p/3780.012.001
;3780.012.003;Pote Quadrado com Travas - Preto 860 ml;2;Pote Quadrado com Travas;Square container with Locks;Recipiente Cuadrado con Cerraduras;860.0;ML;1;16.0;7.0;14.0;BPA,ATX,BRA,HER;MANT,GRAO,CAFE,ACUC;nitron.com.br/p/3780.012.003
;3790.006.862;Kit Pote Quadrado Coloratto com 3 Peças - 360ml;1;Kit Pote Quad. Coloratto c/ 3 Pçs;Coloratto Square Pot Kit w/ 3 pcs;Kit de Recipientes Cuadradas Coloratto c/ 3 pzs;360.0;ML;3;12.0;11.6;11.0;BPA,ATX,BRA;SOBR,MANT,FRIO;nitron.com.br/p/3790.006.862
;3790.006.P01;Kit POP 6 Potes Quadrados - Transparente 360ml;1;Kit POP 6 Potes Quadrados;POP Kit w/ 6 Square Containers –;Kit POP c/ 6 Recipientes Cuadrados –;360.0;ML;6;24.0;17.4;11.0;BPA,ATX,BRA;MANT,GRAO,CAFE;nitron.com.br/p/3790.006.P01
;3790.012.001;Pote Quadrado com Travas - Transparente 360ml (037/9);1;Pote Quadrado com Travas;Square container with Locks;Recipiente Cuadrado c/ Cerraduras;360.0;ML;1;12.0;5.8;11.0;BPA,ATX,BRA;MANT,GRAO,CAFE;nitron.com.br/p/3790.012.001
;3790.012.003;Pote Quadrado com Travas - Preto 360ml;1;Pote Quadrado com Travas;Square container with Locks;Recipiente Cuadrado c/ Cerraduras;360.0;ML;1;12.0;5.8;11.0;BPA,ATX,BRA;MANT,GRAO,CAFE;nitron.com.br/p/3790.012.003
;380.024.001;Organizador Mini Modular - Transparente 150ml;4;Organizador Mini Modular;Mini Modular Organizer –;Organizador Mini Modular –;150.0;ML;1;7.3;4.1;7.0;BRA,EMP,FCL,TRP,RCL;PECA,FERR,ESCR,BRIN,DOCU,ROUP;nitron.com.br/p/380.024.001
;380.024.002;Organizador Mini Modular - Branco 150ml;4;Organizador Mini Modular;Mini Modular Organizer –;Organizador Mini Modular –;150.0;ML;1;7.3;4.1;7.0;BRA,EMP,FCL,RCL;PECA,FERR,ESCR,BRIN,DOCU,ROUP;nitron.com.br/p/380.024.002
;380.024.003;Organizador Mini Modular - Preto 150ml;4;Organizador Mini Modular;Mini Modular Organizer –;Organizador Mini Modular –;150.0;ML;1;7.3;4.1;7.0;BRA,EMP,FCL,RCL;PECA,FERR,ESCR,BRIN,DOCU,ROUP;nitron.com.br/p/380.024.003
;381.012.001;Organizador Longo Modular - Transparente 850ml;4;Organizador Longo Modular;Long Modular Organizer;Organizador Largo Modular;850.0;ML;1;30.0;5.3;7.2;BRA,EMP,FCL,TRP,RCL;PET,PECA,FERR,ESCR,BRIN,DOCU,ROUP;nitron.com.br/p/381.012.001
;381.012.002;Organizador Longo Modular - Branco 850ml;4;Organizador Longo Modular;Long Modular Organizer;Organizador Largo Modular;850.0;ML;1;30.0;5.3;7.2;BRA,EMP,FCL,RCL;PET,PECA,FERR,ESCR,BRIN,DOCU,ROUP;nitron.com.br/p/381.012.002
;381.012.003;Organizador Longo Modular - Preto 850ml;4;Organizador Longo Modular;Long Modular Organizer;Organizador Largo Modular;850.0;ML;1;30.0;5.3;7.2;BRA,EMP,FCL,RCL;PET,PECA,FERR,ESCR,BRIN,DOCU,ROUP;nitron.com.br/p/381.012.003
;382.012.001;Organizador Quadrado Modular - Transparente 900ml;4;Organizador Quadrado Modular;Square Modular Organizer;Organizador Cuadrado Modular;900.0;ML;1;14.7;5.3;14.7;BRA,EMP,FCL,TRP,RCL;PECA,FERR,ESCR,BRIN,DOCU,ROUP;nitron.com.br/p/382.012.001
;382.012.002;Organizador Quadrado Modular - Branco 900ml;4;Organizador Quadrado Modular;Modular Square Organizer;Organizador Cuadrado Modular;900.0;ML;1;14.7;5.3;14.7;BRA,EMP,FCL,RCL;PECA,FERR,ESCR,BRIN,DOCU,ROUP;nitron.com.br/p/382.012.002
;382.012.003;Organizador Quadrado Modular - Preto 900ml;4;Organizador Quadrado Modular;Modular Square Organizer;Organizador Cuadrado Modular;900.0;ML;1;14.7;5.3;14.7;BRA,EMP,FCL,RCL;PECA,FERR,ESCR,BRIN,DOCU,ROUP;nitron.com.br/p/382.012.003
;3820.016.644;Kit Pote Café e Açúcar (038/2);3;Kit Pote Café e Açúcar;Coffee and Sugar Jar Kit;Kit Cafetera y Azucarera;1.6;L;1;15.6;12.7;15.6;BPA,ATX,BRA,LAV,EMP;ACUC,CAFE,PET,MANT,GRAO,FARI;nitron.com.br/p/3820.016.644
;383.012.001;Organizador Retangular Modular - Transparente 1,450L;4;Organizador Retangular Modular;Modular Rectangular Organizer;Organizador Modular Modular;1.45;ML;1;22.5;5.3;15.0;BRA,EMP,FCL,TRP,RCL;PET,PECA,FERR,ESCR,BRIN,DOCU,ROUP;nitron.com.br/p/383.012.001
;383.012.002;Organizador Retangular Modular - Branco 1,450L;4;Organizador Retangular Modular;Modular Rectangular Organizer;Organizador Modular Modular;1.45;ML;1;22.5;5.3;15.0;BRA,EMP,FCL,RCL;PET,PECA,FERR,ESCR,BRIN,DOCU,ROUP;nitron.com.br/p/383.012.002
;383.012.003;Organizador Retangular Modular - Preto 1,450L;4;Organizador Retangular Modular;Modular Rectangular Organizer;Organizador Modular Modular;1.45;ML;1;22.5;5.3;15.0;BRA,EMP,FCL,RCL;PET,PECA,FERR,ESCR,BRIN,DOCU,ROUP;nitron.com.br/p/383.012.003
;384.012.001;Organizador Pequeno Modular - Transparente 400ml;4;Organizador Pequeno Modular;Small Modular Organizer;Organizador Modular Pequeño;400.0;ML;1;15.0;5.3;6.8;BRA,EMP,FCL,TRP,RCL;PECA,FERR,ESCR,BRIN,DOCU,ROUP;nitron.com.br/p/384.012.001
;384.012.002;Organizador Pequeno Modular - Branco 400ml;4;Organizador Pequeno Modular;Small Modular Organizer;Organizador Modular Pequeño;400.0;ML;1;15.0;5.3;6.8;BRA,EMP,FCL,RCL;PECA,FERR,ESCR,BRIN,DOCU,ROUP;nitron.com.br/p/384.012.002
;384.012.003;Organizador Pequeno Modular - Preto 400ml;4;Organizador Pequeno Modular;Small Modular Organizer;Organizador Modular Pequeño;400.0;ML;1;15.0;5.3;6.8;BRA,EMP,FCL,RCL;PECA,FERR,ESCR,BRIN,DOCU,ROUP;nitron.com.br/p/384.012.003
;3840.016.002;Kit Mantimentos com 3 Peças - Branco;2;Kit Mantimentos com 3 Peças;3-Piece Grocery Kit;Kit de Comestibles con 3 Piezas;785.0;ML;3;18.3;15.5;18.3;BPA,ATX,BRA,LAV;MANT,GRAO,CAFE,ACUC;nitron.com.br/p/3840.016.002
;3840.016.003;Kit Mantimentos com 3 Peças - Preto (038/4);2;Kit Mantimentos com 3 Peças;3-Piece Grocery Kit;Kit de Comestibles con 3 Piezas;785.0;ML;3;18.3;15.5;18.3;BPA,ATX,BRA,LAV;MANT,GRAO,CAFE,ACUC;nitron.com.br/p/3840.016.003
;385.006.M00;Tábua de Corte Teca - M;4;Tábua de Corte Teca - M;Teak Cutting Board - M;Tabla de cortar de teca - M;;;1;33.0;1.8;23.0;BRA,EMP,FCL;COZI;nitron.com.br/p/385.006.M00
;387.006.M00;Tábua de Corte Teca - G;4;Tábua de Corte Teca - G;Teak Cutting Board - G;Tabla de cortar de teca - G;;;1;40.0;1.8;26.5;BRA,EMP,FCL;COZI;nitron.com.br/p/387.006.M00
;390.012.M00;Tábua com Cabo Teca - P;4;Tábua com Cabo Teca - P;Teak Board with Handle - P;Tablero con Mango de Teca - P;;;1;25.0;1.2;15.0;BRA,EMP,FCL;COZI;nitron.com.br/p/390.012.M00
;391.006.M00;Tábua com Cabo Teca - M;4;Tábua com Cabo Teca - M;Teak Board with Handle - M;Tablero con Mango de Teca - M;;;1;31.0;1.2;18.0;BRA,EMP,FCL;COZI;nitron.com.br/p/391.006.M00
;392.006.M00;Tábua com Cabo Teca - G;4;Tábua com Cabo Teca - G;Teak Board with Handle - G;Tablero con Mango de Teca - G;;;1;39.5;1.2;21.0;BRA,EMP,FCL;COZI;nitron.com.br/p/392.006.M00
;396.006.002;Lixeira Flat com Pedal - Branca 7L;3;Lixeira Flat com Pedal;Flat Pedal Trash Can;Papelera Plana con Pedal;7.0;L;1;25.6;26.8;17.2;BRA,PED,HIG,FCL,RCL;PET,LIXO,COZI,BANH;nitron.com.br/p/396.006.002
;396.006.003;Lixeira Flat com Pedal - Preta 7L;3;Lixeira Flat com Pedal;Flat Pedal Trash Can;Papelera Plana con Pedal;7.0;L;1;25.6;26.8;17.2;BRA,PED,HIG,FCL,RCL;PET,LIXO,COZI,BANH;nitron.com.br/p/396.006.003
;396.006.086;Lixeira Flat com Pedal - Chumbo 7L;3;Lixeira Flat com Pedal;Flat Pedal Trash Can;Papelera Plana con Pedal;7.0;L;1;25.6;26.8;17.2;BRA,PED,HIG,FCL,RCL;LIXO,COZI,BANH;nitron.com.br/p/396.006.086
;397.004.002;Lixeira Flat com Pedal - Branca 14L;3;Lixeira Flat com Pedal;Flat Pedal Trash Can;Papelera Plana con Pedal;14.0;L;1;26.0;32.0;25.6;BRA,PED,HIG,FCL,RCL;LIXO,COZI,BANH;nitron.com.br/p/397.004.002
;397.004.003;Lixeira Flat com Pedal - Preta 14L;3;Lixeira Flat com Pedal;Flat Pedal Trash Can;Papelera Plana con Pedal;14.0;L;1;26.0;32.0;25.6;BRA,PED,HIG,FCL,RCL;LIXO,COZI,BANH;nitron.com.br/p/397.004.003
;397.004.086;Lixeira Flat com Pedal - Chumbo 14L;3;Lixeira Flat com Pedal;Flat Pedal Trash Can;Papelera Plana con Pedal;14.0;L;1;26.0;32.0;25.6;BRA,PED,HIG,FCL,RCL;LIXO,COZI,BANH;nitron.com.br/p/397.004.086
;398.004.002;Lixeira Flat com Clique - Branca 12L;3;Lixeira Flat com Clique;Flat Click Trash Can;Papelera Plana con Click;12.0;L;1;30.4;31.5;18.5;BRA,HIG,FCL,RCL;LIXO,COZI,BANH;nitron.com.br/p/398.004.002
;398.004.003;Lixeira Flat com Clique - Preta 12L;3;Lixeira Flat com Clique;Flat Click Trash Can;Papelera Plana con Click;12.0;L;1;30.4;31.5;18.5;BRA,PED,HIG,FCL,RCL;PET,LIXO,COZI,BANH;nitron.com.br/p/398.004.003
;398.004.086;Lixeira Flat com Clique - Chumbo 12L;3;Lixeira Flat com Clique;Flat Click Trash Can;Papelera Plana con Click;12.0;L;1;30.4;31.5;18.5;BRA,HER,HIG,FCL,RCL;LIXO,COZI,BANH;nitron.com.br/p/398.004.086
;399.012.007;Porta Leite em Pó - Rosa 280ML;1;Porta Leite em Pó;Milk Powder Holder;Porta Leche en Polvo;280.0;ML;1;9.0;8.2;9.0;BPA,ATX,BRA;MANT,BEBI,BRIN;nitron.com.br/p/399.012.007
;399.012.008;Porta Leite em Pó - Azul 280ML;1;Porta Leite em Pó;Milk Powder Holder;Porta Leche en Polvo;280.0;ML;1;9.0;8.2;9.0;BPA,ATX,BRA;MANT,BEBI,BRIN;nitron.com.br/p/399.012.008
;400.024.002;Abridor de Tampas Apertadas - Branco;1;Abridor de Tampas Apertadas;Tight Lid Opener;Abridor de tapa ajustado;;;1;14.0;3.0;5.0;ATX,BRA,LAV;COZI;nitron.com.br/p/400.024.002
;4010.012.003;Açucareiro com Tampa - Preto 836 ml (0401.012.003);2;Açucareiro com Tampa;Sugar Bowl with Lid;Azucarero con Tapa;836.0;ML;1;12.9;15.7;7.9;BPA,ATX,BRA,LAV;ACUC,TEMP,COZI,MANT;nitron.com.br/p/4010.012.003
;403.024.002;Kit Biscoito Facil - Branco;1;Kit Biscoito Facil;Easy Cookie Kit;Kit de galletas fácil;240.0;ML;1;6.0;16.5;6.0;ATX,BRA,LAV;CONF;nitron.com.br/p/403.024.002
;4030.012.003;Porta Farofa com Tampa - Preto 836 ml (0403.012.003);2;Porta Farofa com Tampa;Farofa Holder with Lid;Soporte para Farofa con Tapa;836.0;ML;1;12.9;15.7;7.9;BPA,ATX,BRA,LAV;TEMP,COZI,MANT;nitron.com.br/p/4030.012.003
;4040.012.003;Saleiro com Tampa - Preto 836 ml (0404.012.003);2;Saleiro com Tampa;Salt Shaker with Lid;Salero con Tapa;836.0;ML;1;12.9;15.7;7.9;BPA,ATX,BRA,LAV;TEMP,COZI,MANT;nitron.com.br/p/4040.012.003
;408.012.002;Kit Churros Fácil - Branco;3;Kit Churros Fácil;Easy Churros Kit;Kit Churros Fáciles;;;1;16.5;23.5;16.5;ATX,BRA,LAV,FCL;CONF;nitron.com.br/p/408.012.002
;419.024.002;Cortador de Batatas - Branco;1;Cortador de Batatas;Potato Cutter;Cortador de patatas;;;1;17.6;3.5;11.0;ATX,BRA,LAV;COZI;nitron.com.br/p/419.024.002
;421.024.002;Cortador e Ralador de Legumes - Branco;1;Cortador e Ralador de Legumes;Vegetable Cutter and Grater;Cortador y Rallador de Verduras;;;1;22.0;2.3;8.0;BPA,ATX,BRA;COZI;nitron.com.br/p/421.024.002
;422.024.002;Kit Decorador de Bolo com 7 Peças - Branco;1;Kit Decorador de Bolo c/ 7 Pçs;Cake Decorating Kit w/ 7 pcs;Kit de decoración de pasteles c/ 7 pzs;;;7;5.0;20.0;5.0;ATX,BRA,LAV;CONF;nitron.com.br/p/422.024.002
;423.024.002;Conjunto Bico Russo Confeiteiro com 5 Peças - Branco;1;Conj. Bico Russo Confeit. c/ 5 Pçs;Set Russian Piping Nozzle w/ 5 pcs;Cj. Boquilla Pastelera Rusa c/ 5 pzs;;;5;3.2;3.0;3.2;ATX,BRA,LAV;CONF;nitron.com.br/p/423.024.002
;427.024.002;Escorredor quadrado - Branco;3;Escorredor quadrado;Square Strainer;Escurridor cuadrado;;;1;25.5;11.0;24.2;BPA,ATX,BRA,LAV;COZI;nitron.com.br/p/427.024.002
;427.024.003;Escorredor quadrado - Preto;3;Escorredor quadrado;Square Strainer;Escurridor cuadrado;;;1;25.5;11.0;24.2;BPA,ATX,BRA,LAV;COZI;nitron.com.br/p/427.024.003
;429.024.002;Escorredor Meia Lua - Branco;1;Escorredor Meia Lua;Half Moon Drainer;Escurridor Media Luna;;;1;33.6;1.1;12.0;BPA,ATX,BRA;COZI;nitron.com.br/p/429.024.002
;429.024.003;Escorredor Meia Lua - Preto;1;Escorredor Meia Lua;Half Moon Colander;Escurridor Media Luna;;;1;33.6;1.1;12.0;BPA,ATX,BRA;COZI;nitron.com.br/p/429.024.003
;434.024.002;kit Donuts - Branco;1;kit Donuts;Donut Maker;Hace Donuts;;;1;8.0;6.0;8.0;ATX,BRA,LAV;CONF;nitron.com.br/p/434.024.002
;435.012.002;Hamburgueira - Branca;2;Hamburgueira;Hamburger Maker;Hamburguesa;;;1;10.0;11.0;10.0;ATX,BRA,LAV,FCL;COZI;nitron.com.br/p/435.012.002
;438.006.M00;Tábua de Corte Teca Extra G;4;Tábua de Corte Teca Extra G;Extra Large Teak Cutting Board;Tabla de Cortar de Teca Extra Grande;;;1;47.0;1.8;30.0;BRA,EMP,FCL;COZI;nitron.com.br/p/438.006.M00
;443.006.M00;Tábua de Corte Teca G com Alça de Metal;4;Tábua de Corte Teca G com Alça de Metal;Large Teak Cutting Board with Metal Handle;Tabla de Cortar de Teca Grande c/ Asa de Metal;;;1;40.0;1.8;26.5;BRA,EMP,FCL;COZI;nitron.com.br/p/443.006.M00
;444.012.001;Organizador para Gavetas;4;Organizador para Gavetas;Drawer Organizer;Organizador de cajones;;;1;27.0;3.0;17.5;BRA,EMP,FCL,RCL;PECA,FERR,ESCR,BRIN,DOCU,ROUP;nitron.com.br/p/444.012.001
;445.012.001;Organizador de Cosméticos e Bijouterias;4;Organizador de Cosméticos e Bijouterias;Cosmetics and Jewelry Organizer;Organizador de cosméticos y joyas.;;;1;21.0;8.0;13.0;BRA,EMP,FCL,RCL;ROUP,PECA,FERR,ESCR,BRIN,DOCU;nitron.com.br/p/445.012.001
;446.012.001;Organizador de Pincéis e Acessórios;4;Organizador de Pincéis e Acessórios;Brush and Accessories Organizer;Organizador de pinceles y accesorios;;;1;13.0;10.5;9.5;BRA,EMP,FCL,RCL;PECA,FERR,ESCR,BRIN,DOCU,ROUP;nitron.com.br/p/446.012.001
;449.006.002;Lixeira Juta com Pedal - Branca 6L;3;Lixeira Juta com Pedal;Jute Bin with Pedal;Papelera de Yute con Pedal;6.0;L;1;26.5;26.0;16.3;BRA,HER,PED,HIG,FCL,RCL;LIXO,COZI,BANH;nitron.com.br/p/449.006.002
;449.006.003;Lixeira Juta com Pedal - Preta 6L;3;Lixeira Juta com Pedal;Jute Bin with Pedal;Papelera de Yute con Pedal;6.0;L;1;26.5;26.0;16.3;BRA,PED,HIG,FCL,RCL;PET,LIXO,COZI,BANH;nitron.com.br/p/449.006.003
;449.006.086;Lixeira Juta com Pedal - Chumbo 6L;3;Lixeira Juta com Pedal;Jute Bin with Pedal;Papelera Yute con Pedal;6.0;L;1;26.5;26.0;16.3;BRA,HER,PED,HIG,FCL,RCL;LIXO,COZI,BANH;nitron.com.br/p/449.006.086
;450.012.002;Lixeira Juta com Clique - Branca 4,5L;3;Lixeira Juta com Clique;Jute Bin with Click;Papelera Yute con Clic;4.5;L;1;19.8;22.5;16.0;BRA,HIG,FCL,RCL;LIXO,COZI,BANH;nitron.com.br/p/450.012.002
;450.012.003;Lixeira Juta com Clique - Preta 4,5L;3;Lixeira Juta com Clique;Jute Bin with Click;Papelera Yute con Clic;4.5;L;1;19.8;22.5;16.0;BRA,HIG,FCL,RCL;LIXO,COZI,BANH;nitron.com.br/p/450.012.003
;450.012.086;Lixeira Juta com Clique - Chumbo 4,5L;3;Lixeira Juta com Clique;Jute Bin with Click;Papelera Yute con Clic;4.5;L;1;19.8;22.5;16.0;BRA,HIG,FCL,RCL;PET,LIXO,COZI,BANH;nitron.com.br/p/450.012.086
;453.012.002;Lixeira Rattan com Clique - Branca 4,5L;3;Lixeira Rattan com Clique;Rattan Bin with Click;Papelera de ratán con clic;4.5;L;1;19.0;22.5;16.0;BRA,HIG,FCL,RCL;PET,LIXO,COZI,BANH;nitron.com.br/p/453.012.002
;453.012.003;Lixeira Rattan com Clique - Preta 4,5L;3;Lixeira Rattan com Clique;Rattan Click Bin;Papelera de ratán con clic;4.5;L;1;19.0;22.5;16.0;BRA,HIG,FCL,RCL;PET,LIXO,COZI,BANH;nitron.com.br/p/453.012.003
;453.012.086;Lixeira Rattan com Clique - Chumbo 4,5L;3;Lixeira Rattan com Clique;Rattan Click Bin;Papelera Rattan con Clic;4.5;L;1;19.0;22.5;16.0;BRA,HIG,FCL,RCL;LIXO,COZI,BANH;nitron.com.br/p/453.012.086
;458.024.002;Porta Leite de Saquinho - Branco;3;Porta Leite de Saquinho;Sachet Milk Holder;Soporte para bolsitas de leche;;;1;17.5;16.1;6.5;BPA,ATX,BRA,LAV;COZI,MANT,TEMP;nitron.com.br/p/458.024.002
;458.024.003;Porta Leite de Saquinho - Preto;3;Porta Leite de Saquinho;Sachet Milk Holder;Soporte para bolsitas de leche;;;1;17.5;16.1;6.5;BPA,ATX,BRA,LAV,HIG;COZI,MANT,TEMP;nitron.com.br/p/458.024.003
;501.012.001;Caixa Organizadora Flat com Tampa - Transparente 2,35L;4;Caixa Organizadora Flat com Tampa;Flat Organizer Box with Lid;Caja Organizadora Plana con Tapa;2.3;L;1;25.0;10.8;11.5;BRA,EMP,FCL,TRP,RCL;PECA,FERR,ESCR,BRIN,DOCU,ROUP;nitron.com.br/p/501.012.001
;501.012.002;Caixa Organizadora Flat com Tampa - Branca 2,35L;4;Caixa Organizadora Flat com Tampa;Flat Organizer Box with Lid;Caja Organizadora Plana con Tapa;2.3;L;1;25.0;10.8;11.5;BRA,EMP,FCL,RCL;PECA,FERR,ESCR,BRIN,DOCU,ROUP;nitron.com.br/p/501.012.002
;501.012.003;Caixa Organizadora Flat com Tampa - Preta 2,35L;4;Caixa Organizadora Flat com Tampa;Flat Organizer Box with Lid;Caja Organizadora Plana con Tapa;2.3;L;1;25.0;10.8;11.5;BRA,EMP,FCL,RCL;ROUP,PECA,FERR,ESCR,BRIN,DOCU;nitron.com.br/p/501.012.003
;501.012.086;Caixa Organizadora Flat com Tampa - Chumbo 2,35L;4;Caixa Organizadora Flat com Tampa;Flat Organizer Box with Lid;Caja Organizadora Plana con Tapa;2.3;L;1;25.0;10.8;11.5;BRA,EMP,FCL,RCL;PECA,FERR,ESCR,BRIN,DOCU,ROUP;nitron.com.br/p/501.012.086
;502.012.001;Caixa Organizadora Flat com Tampa - Transparente 3,75L;4;Caixa Organizadora Flat com Tampa;Flat Organizer Box with Lid;Caja Organizadora Plana con Tapa;3.7;L;1;25.5;10.7;17.5;BRA,EMP,FCL,TRP,RCL;PET,PECA,FERR,ESCR,BRIN,DOCU,ROUP;nitron.com.br/p/502.012.001
;502.012.002;Caixa Organizadora Flat com Tampa - Branca 3,75L;4;Caixa Organizadora Flat com Tampa;Flat Organizer Box with Lid;Caja Organizadora Plana con Tapa;3.7;L;1;25.5;10.7;17.5;BRA,EMP,FCL,RCL;PET,PECA,FERR,ESCR,BRIN,DOCU,ROUP;nitron.com.br/p/502.012.002
;502.012.003;Caixa Organizadora Flat com Tampa - Preta 3,75L;4;Caixa Organizadora Flat com Tampa;Flat Organizer Box with Lid;Caja Organizadora Plana con Tapa;3.7;L;1;25.5;10.7;17.5;BRA,EMP,FCL,RCL;PECA,FERR,ESCR,BRIN,DOCU,ROUP;nitron.com.br/p/502.012.003
;502.012.086;Caixa Organizadora Flat com Tampa - Chumbo 3,75L;4;Caixa Organizadora Flat com Tampa;Flat Organizer Box with Lid;Caja Organizadora Plana con Tapa;3.7;L;1;25.5;10.7;17.5;BRA,EMP,FCL,RCL;PET,ROUP,PECA,FERR,ESCR,BRIN,DOCU;nitron.com.br/p/502.012.086
;503.006.001;Caixa Organizadora Flat com Tampa - Transparente 10,35L;4;Caixa Organizadora Flat com Tampa;Flat Organizer Box with Lid;Caja Organizadora Plana con Tapa;10.3;L;1;35.3;13.9;26.1;BPA,BRA,EMP,FCL,TRP,RCL;PECA,FERR,ESCR,BRIN,DOCU,ROUP;nitron.com.br/p/503.006.001
;503.006.002;Caixa Organizadora Flat com Tampa - Branca 10,35L;4;Caixa Organizadora Flat com Tampa;Flat Organizer Box with Lid;Caja Organizadora Plana con Tapa;10.3;L;1;35.3;13.9;26.1;BRA,EMP,FCL,RCL;PET,PECA,FERR,ESCR,BRIN,DOCU,ROUP;nitron.com.br/p/503.006.002
;503.006.003;Caixa Organizadora Flat com Tampa - Preta 10,35L;4;Caixa Organizadora Flat com Tampa;Flat Organizer Box with Lid;Caja Organizadora Plana con Tapa;10.3;L;1;35.3;13.9;26.1;BPA,BRA,EMP,FCL,RCL;PECA,FERR,ESCR,BRIN,DOCU,ROUP;nitron.com.br/p/503.006.003
;503.006.086;Caixa Organizadora Flat com Tampa - Chumbo 10,35L;4;Caixa Organizadora Flat com Tampa;Flat Organizer Box with Lid;Caja Organizadora Plana con Tapa;10.3;L;1;35.3;13.9;26.1;BPA,BRA,MIC,EMP,FCL,RCL;FERR,BRIN,PET,LIMP,ROUP,PECA,ESCR,DOCU;nitron.com.br/p/503.006.086
;507.004.M03;Tabua de Corte Teca com Gaveta de servir - Preta 2L;4;Tabua de Corte Teca com Gaveta de servir;Teak Wood Cutting Board with Drawer;Tabla de cortar de madera de teca con cajón;2.0;L;1;35.0;5.8;25.7;BRA,EMP,HIG,FCL;COZI;nitron.com.br/p/507.004.M03
;545.012.002;Porta Detergente e Esponja Flat - Branco;2;Porta Detergente e Esponja Flat;Detergent Holder and Flat Sponge;Soporte plano para detergente y esponja;;;1;20.5;6.0;8.7;BPA,ATX,BRA,LAV;PET,LIMP,COZI,MANT;nitron.com.br/p/545.012.002
;545.012.003;Porta Detergente e Esponja Flat - Preto;2;Porta Detergente e Esponja Flat;Flat Detergent and Sponge Holder;Soporte plano para detergente y esponja;;;1;20.5;6.0;8.7;BPA,ATX,BRA,LAV;PET,LIMP,COZI,MANT;nitron.com.br/p/545.012.003
;545.012.086;Porta Detergente e Esponja Flat - Chumbo;2;Porta Detergente e Esponja Flat;Flat Detergent and Sponge Holder;Soporte plano para detergente y esponja;;;1;20.5;6.0;8.7;BPA,ATX,BRA,LAV;PET,LIMP,COZI,MANT;nitron.com.br/p/545.012.086
;546.012.002;Porta Escovas Flat - Branco;2;Porta Escovas Flat;Flat Brush Holder;Portaescobillas Plano;;;1;8.0;20.8;8.0;BPA,BRA,HIG,FCL;BANH,HIGI;nitron.com.br/p/546.012.002
;546.012.003;Porta Escovas Flat - Preto;2;Porta Escovas Flat;Flat Brush Holder;Portaescobillas Plano;;;1;8.0;20.8;8.0;BRA,HIG,FCL,RCL;BANH,HIGI;nitron.com.br/p/546.012.003
;546.012.086;Porta Escova Flat - Chumbo;2;Porta Escova Flat;Flat Brush Holder;Portaescobillas Plano;;;1;8.0;20.8;8.0;BRA,LAV,HIG,FCL;PET,LIMP,HIGI,BANH;nitron.com.br/p/546.012.086
;547.012.002;Porta Algodão e Cotonete Flat - Branco;2;Porta Algodão e Cotonete Flat;Flat Cotton and Swab Holder;Porta hisopos y algodón plano;;;1;8.0;13.5;8.0;BPA,BRA,HIG,FCL;PET,BANH,HIGI,COSM;nitron.com.br/p/547.012.002
;547.012.003;Porta Algodão e Cotonete Flat - Preto;2;Porta Algodão e Cotonete Flat;Flat Cotton and Swab Holder;Porta hisopos y algodón plano;;;1;8.0;13.5;8.0;BRA,LAV,HIG,FCL;PET,LIMP,HIGI,BANH;nitron.com.br/p/547.012.003
;547.012.086;Porta Algodão e Cotonete Flat - Chumbo;2;Porta Algodão e Cotonete Flat;Flat Cotton and Swab Holder;Porta bastoncillos y algodón plano;;;1;8.0;13.5;8.0;BRA,HIG,FCL,RCL;PET,BANH,HIGI,COSM;nitron.com.br/p/547.012.086
;548.024.002;Saboneteira com Tela Flat - Branco;1;Saboneteira com Tela Flat;Soap Dish with Flat Screen;Jabonera con Pantalla Plana;;;1;10.6;2.3;7.6;BRA,HIG,FCL;BANH,HIGI;nitron.com.br/p/548.024.002
;548.024.003;Saboneteira com Tela Flat - Preto;1;Saboneteira com Tela Flat;Soap Dish with Flat Screen;Jabonera con Pantalla Plana;;;1;10.6;2.3;7.6;BRA,HIG,FCL;BANH,HIGI;nitron.com.br/p/548.024.003
;548.024.086;Saboneteira com Tela Flat - Chumbo;1;Saboneteira com Tela Flat;Soap Dish with Flat Screen;Jabonera con Pantalla Plana;;;1;10.6;2.3;7.6;BPA,BRA,HIG;BANH,HIGI;nitron.com.br/p/548.024.086
;549.024.998;Copo Sem Tampa Sortido 600ml;2;Copo Sem Tampa;;;;;1;8.6;15.2;8.6;BPA,ATX,BRA,LAV;BEBI;nitron.com.br/p/549.024.998
;549.024.999;Copo Com Tampa Sortido 600ml;2;Copo Com Tampa;;;;;1;8.7;16.9;8.7;BPA,ATX,BRA,LAV;BEBI;nitron.com.br/p/549.024.999
;550.036.998;Caneca Sem Tampa Sortido 350ml;2;Caneca Sem Tampa;;;;;1;10.9;10.0;8.5;BPA,ATX,BRA,LAV;BEBI;nitron.com.br/p/550.036.998
;550.036.999;Caneca Com Tampa Sortido 350ml;2;Caneca Com Tampa;;;;;1;10.9;10.0;8.5;BPA,ATX,BRA,LAV;BEBI;nitron.com.br/p/550.036.999
;552.002.M02;Cesto de Roupas Empilhável com Tampa Teca - Branco 43,8L;4;Cesto de Roupas Empilhável com Tampa Teca;;;43.8;L;1;35.0;49.5;34.5;BRA,EMP,FCL,REC,RCL;ROUP;nitron.com.br/p/552.002.M02
;552.002.M03;Cesto de Roupas Empilhável com Tampa Teca - Preto 43,8L;4;Cesto de Roupas Empilhável com Tampa Teca;;;43.8;L;1;35.0;49.5;34.5;BRA,EMP,FCL,RCL;ROUP;nitron.com.br/p/552.002.M03
;552.004.002;Cesto de Roupas Empilhável - Branco 43,8L;3;Cesto de Roupas Empilhável;Stackable Laundry Basket;Cesto para la ropa sucia apilable;43.8;L;1;35.0;49.5;34.5;ATX,BRA,EMP,HIG,FCL,RCL;ROUP;nitron.com.br/p/552.004.002
;552.004.003;Cesto de Roupas Empilhável - Preto 43,8L;3;Cesto de Roupas Empilhável;Stackable Laundry Basket;Cesto para la ropa sucia apilable;43.8;L;1;35.0;49.5;34.5;ATX,BRA,EMP,HIG,FCL,REC;ROUP;nitron.com.br/p/552.004.003
;553.012.002;Porta Sabão Líquido Flat - Branco 500ml;2;Porta Sabão Líquido Flat;Flat Liquid Soap Holder;Jabonera Líquida Plana;500.0;ML;1;7.9;16.0;7.9;BPA,ATX,BRA,LAV;PET,LIMP,HIGI,COZI;nitron.com.br/p/553.012.002
;553.012.003;Porta Sabão Líquido Flat - Preto 500ml;2;Porta Sabão Líquido Flat;Flat Liquid Soap Holder;Jabonera Líquida Plana;500.0;ML;1;7.9;16.0;7.9;BPA,ATX,BRA,LAV;BRIN,PET,LIMP,ROUP;nitron.com.br/p/553.012.003
;553.012.086;Porta Sabão Líquido Flat - Chumbo 500ml;2;Porta Sabão Líquido Flat;Flat Liquid Soap Holder;Jabonera Líquida Plana;500.0;ML;1;7.9;16.0;7.9;BPA,ATX,BRA,LAV;PET,LIMP,COZI,MANT;nitron.com.br/p/553.012.086
;554.006.P01;Kit POP com 6 Potes - Transparente 330ml;1;Kit POP com 6 Potes;POP Kit with 6 Containers –;Kit POP con 6 Recipientes –;330.0;ML;6;24.6;18.0;8.0;BPA,ATX,BRA;MANT,GRAO,CAFE;nitron.com.br/p/554.006.P01
;554.012.001;Pote com Tampa Fixa - Transparente 330ml;1;Pote com Tampa Fixa;container with Fixed Lid;Recipiente con Tapa Fija;330.0;ML;1;12.3;6.0;8.0;BPA,ATX,BRA;MANT,GRAO,CAFE;nitron.com.br/p/554.012.001
;554.012.003;Pote com Tampa Fixa - Preto 330ml;1;Pote com Tampa Fixa;;;330.0;ML;1;12.3;6.0;8.0;BPA,ATX,BRA;MANT,GRAO,CAFE;nitron.com.br/p/554.012.003
;555.006.P01;Kit POP com 6 Potes - Transparente 600ml;2;Kit POP com 6 Potes;POP Kit with 6 Containers –;Kit POP con 6 Recipientes –;600.0;ML;6;30.0;23.1;13.0;BPA,ATX,BRA,LAV;MANT,GRAO,CAFE,ACUC;nitron.com.br/p/555.006.P01
;555.012.001;Pote com Tampa Fixa - Transparente 600ml;2;Pote com Tampa Fixa;container with Fixed Lid;Recipiente con Tapa Fija;600.0;ML;1;15.0;6.5;10.5;BPA,ATX,BRA,HER;MANT,GRAO,CAFE,ACUC;nitron.com.br/p/555.012.001
;555.012.003;Pote com Tampa Fixa - Preto 600ml;2;Pote com Tampa Fixa;;;600.0;ML;1;15.0;6.5;10.5;BPA,ATX,BRA,LAV;MANT,GRAO,CAFE,ACUC;nitron.com.br/p/555.012.003
;556.012.001;Pote com Tampa Fixa - Transparente 1L;2;Pote com Tampa Fixa;container with Fixed Lid;Recipiente con Tapa Fija;1.0;L;1;17.5;7.7;13.0;BPA,ATX,BRA,HER;PET,MANT,GRAO,CAFE;nitron.com.br/p/556.012.001
;556.012.003;Pote com Tampa Fixa - Preto 1L;2;Pote com Tampa Fixa;;;1.0;L;1;17.5;7.7;13.0;BPA,ATX,BRA,LAV;MANT,GRAO,CAFE,ACUC;nitron.com.br/p/556.012.003
;562.004.M00;Tábua de Pizza com Cabo Teca;4;Tábua de Pizza com Cabo Teca;Teak Pizza Board with Handle;Tabla para Pizza con Mango de Teca;;;1;48.7;1.5;38.0;BRA,EMP,FCL;COZI;nitron.com.br/p/562.004.M00
;563.004.M00;Tábua de Pizza Brotinho com Cabo Teca;4;Tábua de Pizza Brotinho com Cabo Teca;Teak Small Board with Handle;Tabla Brotinho con Mango de Teca;;;1;44.3;1.5;34.3;BRA,EMP,FCL;COZI;nitron.com.br/p/563.004.M00
;6120.006.P01;Kit POP com 6 Potes - Transparente 500ml;2;Kit POP com 6 Potes;POP Kit with 6 Containers –;Kit POP con 6 Recipientes –;500.0;ML;6;16.6;23.4;11.2;BPA,ATX,BRA,LAV;MANT,GRAO,CAFE,ACUC;nitron.com.br/p/6120.006.P01
;6120.050.001;Pote Raso Retangular com 2 Peças - 500ml (061/2);2;Pote Raso Retangular com 2 Peças;2-Piece Rect. Shallow container;Maceta Rect. poco profunda c/ 2 pzs;500.0;ML;2;16.6;7.8;11.2;BPA,ATX,BRA,LAV;CAFE,PET,MANT,GRAO;nitron.com.br/p/6120.050.001
;6130.030.001;Pote Raso Retangular com 3 Peças - 500ml (061/3);2;Pote Raso Retangular com 3 Peças;3-Piece Rect. Shallow container;Maceta Rect. poco profunda c/ 3 pzs;500.0;ML;3;16.6;11.7;11.2;BPA,ATX,BRA,LAV;MANT,GRAO,CAFE,ACUC;nitron.com.br/p/6130.030.001
;625.002.M00;Tabua Multiuso Madeira Teca Grande Gourmet;4;Tabua Multiuso Madeira Teca Grande Gourmet;Tabla Multiuso Gourmet de Madera de Teca Grande;Large Gourmet Multi-Purpose Teak Wood Board;;;1;42.0;3.0;29.5;BRA,LAV,EMP,FCL;COZI;nitron.com.br/p/625.002.M00
;680.004.M00;Boleira Teca Com Acrílico;4;Boleira Teca Com Acrílico;Teak Cake Stand with Acrylic;Base para Tortas de Teca con Acrílico;;;1;25.0;11.5;25.0;BRA,EMP,FCL;CONF,ROUP,BRIN,DOCU,DECO;nitron.com.br/p/680.004.M00
;681.004.M00;Queijeira Teca Com Acrílico;4;Queijeira Teca Com Acrílico;Teak Cheese Board with Acrylic;Quesera de Teca con Acrílico;;;1;16.5;9.5;16.5;BRA,EMP,HIG,FCL;PET,ROUP,BRIN,DOCU,DECO;nitron.com.br/p/681.004.M00
;682.004.M00;Petisqueira Teca com 3 Molheiras;4;Petisqueira Teca com 3 Molheiras;Teak Appetizer Board with 3 Sauce Bowls;Bandeja de Aperitivos de Teca c/ 3 Recipientes para Salsas;;;3;24.5;1.8;8.8;BRA,EMP,FCL;TEMP,PET,ROUP,BRIN,DOCU,DECO;nitron.com.br/p/682.004.M00
;683.004.M00;Petisqueira Teca com 2 Molheiras;4;Petisqueira Teca com 2 Molheiras;Teak Appetizer Board with 2 Sauce Bowls;Bandeja de Aperitivos de Teca c/ 2 Recipientes para Salsas;;;2;16.5;1.8;8.8;BRA,EMP,FCL;TEMP,PET,ROUP,BRIN,DOCU,DECO;nitron.com.br/p/683.004.M00
;684.004.M00;Tábua de Servir Teca Com Cabo e 2 Molheiras;4;Tábua de Servir Teca Com Cabo e 2 Molheiras;Teak Serving Board w/ Handle and 2 Sauce Bowls;Tabla de Servir de Teca c/ Mango y 2 Recipientes;;;1;40.0;1.8;17.5;BRA,EMP,HIG,FCL;COZI;nitron.com.br/p/684.004.M00
;685.004.M00;Tábua de Servir Teca Com 1 Molheira;4;Tábua de Servir Teca Com 1 Molheira;Teak Serving Board with 1 Sauce Bowl;Tabla de Servir de Teca con 1 Recipiente;;;1;23.0;1.8;23.0;BRA,EMP,HIG,FCL;COZI;nitron.com.br/p/685.004.M00
;686.004.M00;Tábua de Servir Teca com 3 Molheiras;4;Tábua de Servir Teca com 3 Molheiras;Teak Serving Board with 3 Sauce Bowls;Tabla de Servir de Teca con 3 Recipientes;;;3;29.0;1.8;21.0;BRA,EMP,FCL;COZI;nitron.com.br/p/686.004.M00
;689.004.M00;Tábua Servir Teca Com Cabo e 1 Molheira;4;Tábua Servir Teca Com Cabo e 1 Molheira;Teak Serving Board w/ Handle and 1 Sauce Bowl;Tabla de Servir de Teca c/ Mango y 1 Recipiente;;;1;40.0;1.8;13.3;BRA,EMP,FCL;COZI;nitron.com.br/p/689.004.M00
;695.002.M00;Tabua Multiuso Madeira Teca Quadrada Gourmet;4;Tabua Multiuso Madeira Teca Quadrada Gourmet;Gourmet Square Multi-Purpose Teak Wood Board;Tabla Multiuso Gourmet Cuadrada de Madera de Teca;;;1;29.5;3.0;29.5;BRA,EMP,FCL;COZI;nitron.com.br/p/695.002.M00
;700.006.001;Organizador de Geladeira Rattan - 7L;3;Organizador de Geladeira Rattan;Rattan Refrigerator Organizer;Organizador de nevera de ratán;7.0;L;1;38.2;8.2;27.5;BPA,ATX,BRA,FRZ,LAV,EMP;PET,FRIO,SOBR,MANT;nitron.com.br/p/700.006.001
;701.006.001;Organizador de Geladeira Rattan - 4,5L;3;Organizador de Geladeira Rattan;Rattan Refrigerator Organizer;Organizador de nevera de ratán;4.5;L;1;31.9;8.2;22.0;BPA,ATX,BRA,FRZ,LAV,EMP;FRIO,SOBR,MANT;nitron.com.br/p/701.006.001
;702.006.001;Organizador de Geladeira Rattan - 3,2L;3;Organizador de Geladeira Rattan;Rattan Refrigerator Organizer;Organizador de nevera de ratán;3.2;L;1;25.0;8.2;19.5;BPA,ATX,BRA,FRZ,LAV,EMP;FRIO,SOBR,MANT;nitron.com.br/p/702.006.001
;703.006.001;Organizador de Geladeira Rattan - 4L;3;Organizador de Geladeira Rattan;Rattan Refrigerator Organizer;Organizador de nevera de ratán;4.0;L;1;25.0;10.4;19.5;BPA,ATX,BRA,FRZ,LAV,EMP;FRIO,SOBR,MANT;nitron.com.br/p/703.006.001
;704.006.001;Organizador de Geladeira Rattan - 2L;3;Organizador de Geladeira Rattan;Rattan Refrigerator Organizer;Organizador de nevera de ratán;2.0;L;1;20.3;9.2;15.4;BPA,ATX,BRA,FRZ,LAV,EMP;PET,LIMP,FRIO,SOBR,MANT;nitron.com.br/p/704.006.001
;705.006.001;Organizador de Geladeira Juta - 3,7L;3;Organizador de Geladeira Juta;Jute Refrigerator Organizer;Organizador de nevera de yute;3.7;L;1;27.7;11.8;13.2;BPA,ATX,BRA,FRZ,LAV,EMP;TEMP,FRIO,SOBR,MANT;nitron.com.br/p/705.006.001
;706.006.001;Organizador de Geladeira Juta - 1,5L;3;Organizador de Geladeira Juta;Jute Refrigerator Organizer;Organizador de nevera de yute;1.5;L;1;20.8;8.7;10.0;BPA,ATX,BRA,FRZ,LAV,EMP;PET,LIMP,FRIO,SOBR,MANT;nitron.com.br/p/706.006.001
;712.012.001;Organizador de Geladeira Flat - 2,35L;3;Organizador de Geladeira Flat;Flat Refrigerator Organizer;Organizador plano de nevera;2.35;L;1;25.0;10.8;11.5;BPA,ATX,BRA,FRZ,LAV,EMP;PET,FRIO,SOBR,MANT;nitron.com.br/p/712.012.001
;713.012.001;Organizador de Geladeira Flat - 3,75L;3;Organizador de Geladeira Flat;Flat Refrigerator Organizer;Organizador plano para frigorífico;3.75;L;1;25.2;10.8;17.5;BPA,ATX,BRA,FRZ,LAV,EMP;BRIN,PET,FRIO,SOBR,MANT;nitron.com.br/p/713.012.001
;817.012.001;Pote Alto com Válvula - Transparente 1,5L;3;Pote Alto com Válvula;Tall Pot with Valve;Recipientes Alta con Válvula;1.5;L;1;25.0;7.0;15.0;BPA,ATX,BRA,MIC,FRZ,HER;MANT,GRAO,CAFE,ACUC,FARI,MASS;nitron.com.br/p/817.012.001
;818.012.001;Pote Alto com Válvula - Transparente 2,9L;3;Pote Alto com Válvula;Tall Pot with Valve;Recipientes Alta con Válvula;2.9;L;1;31.0;9.0;19.0;BPA,ATX,BRA,MIC,FRZ,HER;MANT,GRAO,CAFE,ACUC,FARI,MASS;nitron.com.br/p/818.012.001
;819.012.001;Pote Alto com Válvula - Transparente 4,6L;3;Pote Alto com Válvula;Tall Pot with Valve;Recipientes Alta con Válvula;4.6;L;1;36.0;9.2;21.0;BPA,ATX,BRA,MIC,FRZ,HER;MANT,GRAO,CAFE,ACUC,FARI,MASS;nitron.com.br/p/819.012.001
;820.006.002;Escorredor de Pratos Flat - Branco;3;Escorredor de Pratos Flat;Flat Dish Rack;Escurridor de Platos Flat;;;1;41.5;12.0;26.8;BPA,ATX,BRA,LAV;COZI;nitron.com.br/p/820.006.002
;820.006.003;Escorredor de Pratos Flat - Preto;3;Escorredor de Pratos Flat;Flat Dish Rack;Escurridor de Platos Flat;;;1;41.5;12.0;26.8;BPA,ATX,BRA,LAV;COZI;nitron.com.br/p/820.006.003
;820.006.086;Escorredor de Pratos Flat - Chumbo;3;Escorredor de Pratos Flat;Flat Dish Rack;Escurridor de Platos Flat;;;1;41.5;12.0;26.8;BPA,ATX,BRA,LAV;COZI;nitron.com.br/p/820.006.086
;821.004.001;Kit Pote Tampa Fixa com 3 Peças - Transparente;1;Kit Pote Tampa Fixa c/ 3 Pçs;Kit of Fixed Lid containers w/ 3 pcs;Kit de Recipientes c/ Tapa Fija, 3 pzs;330.0;ML;3;17.5;7.7;13.0;BPA,ATX,BRA;SOBR,PET,MANT;nitron.com.br/p/821.004.001
;821.004.003;Kit Pote Tampa Fixa com 3 Peças - Preto;1;Kit Pote Tampa Fixa c/ 3 Pçs;;;330.0;ML;3;17.5;7.7;13.0;BPA,ATX,BRA;MANT,GRAO,CAFE;nitron.com.br/p/821.004.003
;822.006.002;Escorredor de Talheres Flat - Branco;2;Escorredor de Talheres Flat;Flat Cutlery Rack;Escurridor de Cubiertos Flat;;;1;15.3;10.0;10.0;BPA,ATX,BRA,LAV;COZI;nitron.com.br/p/822.006.002
;822.006.003;Escorredor de Talheres Flat - Preto;2;Escorredor de Talheres Flat;Flat Cutlery Rack;Escurridor de Cubiertos Flat;;;1;15.3;10.0;10.0;BPA,ATX,BRA,LAV;COZI;nitron.com.br/p/822.006.003
;822.006.086;Escorredor de Talheres Flat - Chumbo;2;Escorredor de Talheres Flat;Flat Cutlery Rack;Escurridor de Cubiertos Flat;;;1;15.3;10.0;10.0;BPA,ATX,BRA,LAV;COZI;nitron.com.br/p/822.006.086
;850.004.N03;Arara de Roupas Nitron-Mob;4;Arara de Roupas Nitron-Mob;Garment Rack;Perchero de Ropa;;;1;76.0;165.0;48.0;BRA,FCL,RCL;ROUP;nitron.com.br/p/850.004.N03
;851.004.N03;Organizador Multiuso P;4;Organizador Multiuso P;Small Shoe Rack;Zapatero Pequeño;;;1;48.0;38.0;25.0;BRA,HIG,FCL,RCL;BRIN,CALC,DECO,ROUP,DOCU;nitron.com.br/p/851.004.N03
;852.004.N03;Organizador Multiuso G;4;Organizador Multiuso G;Large Shoe Rack;Zapatero Grande;;;1;48.0;66.0;25.0;BRA,HIG,FCL,RCL;BRIN,CALC,JARD,DECO,ROUP,DOCU;nitron.com.br/p/852.004.N03
;853.004.N03;Kit Suporte Decorativo (M);4;Kit Suporte Decorativo;Decorative Support Kit;Kit de Soporte Decorativo;;;1;25.0;58.0;25.0;BRA,FCL,RCL;DECO;nitron.com.br/p/853.004.N03
;855.004.N03;Prateleira Multiuso G 2P;4;Prateleira Multiuso G 2P;Multi-Purpose Shelf G 2P;Estantería Multiuso G 2P;;;1;66.0;53.0;33.0;BRA,FCL,RCL;DECO;nitron.com.br/p/855.004.N03
;856.004.N03;Prateleira Multiuso G 3P;4;Prateleira Multiuso G 3P;Multi-Purpose Shelf G 3P;Estantería Multiuso G 3P;;;1;66.0;80.0;33.0;BRA,FCL,RCL;DECO;nitron.com.br/p/856.004.N03
;857.004.N03;Prateleira Multiuso G 4P;4;Prateleira Multiuso G 4P;Multi-Purpose Shelf G 4P;Estantería Multiuso G 4P;;;1;66.0;92.0;33.0;BRA,FCL,RCL;DECO;nitron.com.br/p/857.004.N03
;858.004.N03;Prateleira Multiuso M 2P;4;Prateleira Multiuso M 2P;Multi-Purpose Shelf M 2P;Estantería Multiuso M 2P;;;1;48.0;53.0;33.0;BRA,FCL,RCL;DECO;nitron.com.br/p/858.004.N03
;859.004.N03;Prateleira Multiuso M 3P;4;Prateleira Multiuso M 3P;Multi-Purpose Shelf M 3P;Estantería Multiuso M 3P;;;1;48.0;80.0;33.0;BRA,FCL,RCL;DECO;nitron.com.br/p/859.004.N03
;860.004.N03;Prateleira Multiuso M 4P;4;Prateleira Multiuso M 4P;Multi-Purpose Shelf M 4P;Estantería Multiuso M 4P;;;1;48.0;92.0;33.0;BRA,FCL,RCL;DECO;nitron.com.br/p/860.004.N03
;861.004.N03;Prateleira Multiuso P 2P;4;Prateleira Multiuso P 2P;Multi-Purpose Shelf P 2P;Estantería Multiuso P 2P;;;1;38.0;53.0;33.0;BRA,FCL,RCL;DECO;nitron.com.br/p/861.004.N03
;862.004.N03;Prateleira Multiuso P 3P;4;Prateleira Multiuso P 3P;Multi-Purpose Shelf P 3P;Estantería Multiuso P 3P;;;1;38.0;80.0;33.0;BRA,FCL,RCL;DECO;nitron.com.br/p/862.004.N03
;863.004.N03;Prateleira Multiuso P 4P;4;Prateleira Multiuso P 4P;Multi-Purpose Shelf P 4P;Estantería Multiuso P 4P;;;1;38.0;92.0;33.0;BRA,FCL,RCL;DECO;nitron.com.br/p/863.004.N03
;920.004.002;Kit Detergente Flat com 2 Peças - Branco 500ml;2;Kit Detergente Flat com 2 Peças;Flat deterget kit with 2 pieces;Conjunto detergente plano c/ 2 pzs;500.0;ML;2;20.4;16.3;8.6;BPA,ATX,BRA,LAV;LIMP,COZI,MANT,TEMP;nitron.com.br/p/920.004.002
;920.004.003;Kit Detergente Flat com 2 Peças - Preto 500ml;2;Kit Detergente Flat com 2 Peças;Flat deterget kit with 2 pieces;Conjunto detergente plano c/ 2 pzs;500.0;ML;2;20.4;16.3;8.6;BPA,ATX,BRA,LAV;LIMP,COZI,MANT,TEMP;nitron.com.br/p/920.004.003
;920.004.086;Kit Detergente Flat com 2 Peças - Chumbo 500ml;2;Kit Detergente Flat com 2 Peças;Flat deterget kit with 2 pieces;Conjunto detergente plano c/ 2 pzs;500.0;ML;2;20.4;16.3;8.6;BPA,ATX,BRA,LAV;LIMP,COZI,MANT,TEMP;nitron.com.br/p/920.004.086
