modulo,area,prateleira,altura_face_mm,zona,vao_livre_mm,facing,facings_na_prateleira,ordem,referencia,nome,ambiente,categoria,frente_mm,profundidade_min_mm,altura_mm,faturamento_12m,clientes
1,Paredão sul,1,100,chao,247,3,1,1,6120.006.P01,Kit POP - 6 Potes Retangulares,COZINHA,POP,112,285,78,9045.18,23
1,Paredão sul,1,100,chao,247,3,1,2,319.006.P01,Kit POP - 6 Potes Quadrados,COZINHA,POP,78,285,69,5268.0,20
1,Paredão sul,1,100,chao,247,3,1,3,317.006.P01,Kit POP com 5 Marmitas Fits,COZINHA,POP,100,285,62,4937.94,14
1,Paredão sul,1,100,chao,247,3,1,4,231.006.P01,Kit POP - 6 Potes com Travas,COZINHA,POP,100,285,40,4649.29,20
1,Paredão sul,1,100,chao,247,3,1,5,205.006.P01,Kit POP - 6 Potes Fits,COZINHA,POP,78,285,207,3756.9,17
1,Paredão sul,1,100,chao,247,3,1,6,555.006.P01,Kit POP - 6 Potes Tampas Fixa,COZINHA,POP,105,285,65,3417.42,17
1,Paredão sul,2,362,chao,247,3,1,1,6120.006.P01,Kit POP - 6 Potes Retangulares,COZINHA,POP,112,285,78,9045.18,23
1,Paredão sul,2,362,chao,247,3,1,2,319.006.P01,Kit POP - 6 Potes Quadrados,COZINHA,POP,78,285,69,5268.0,20
1,Paredão sul,2,362,chao,247,3,1,3,317.006.P01,Kit POP com 5 Marmitas Fits,COZINHA,POP,100,285,62,4937.94,14
1,Paredão sul,2,362,chao,247,3,1,4,231.006.P01,Kit POP - 6 Potes com Travas,COZINHA,POP,100,285,40,4649.29,20
1,Paredão sul,2,362,chao,247,3,1,5,205.006.P01,Kit POP - 6 Potes Fits,COZINHA,POP,78,285,207,3756.9,17
1,Paredão sul,2,362,chao,247,3,1,6,555.006.P01,Kit POP - 6 Potes Tampas Fixa,COZINHA,POP,105,285,65,3417.42,17
1,Paredão sul,3,624,chao,247,3,1,1,6120.006.P01,Kit POP - 6 Potes Retangulares,COZINHA,POP,112,285,78,9045.18,23
1,Paredão sul,3,624,chao,247,3,1,2,319.006.P01,Kit POP - 6 Potes Quadrados,COZINHA,POP,78,285,69,5268.0,20
1,Paredão sul,3,624,chao,247,3,1,3,317.006.P01,Kit POP com 5 Marmitas Fits,COZINHA,POP,100,285,62,4937.94,14
1,Paredão sul,3,624,chao,247,3,1,4,231.006.P01,Kit POP - 6 Potes com Travas,COZINHA,POP,100,285,40,4649.29,20
1,Paredão sul,3,624,chao,247,3,1,5,205.006.P01,Kit POP - 6 Potes Fits,COZINHA,POP,78,285,207,3756.9,17
1,Paredão sul,3,624,chao,247,3,1,6,555.006.P01,Kit POP - 6 Potes Tampas Fixa,COZINHA,POP,105,285,65,3417.42,17
1,Paredão sul,4,886,maos,247,3,1,1,6120.006.P01,Kit POP - 6 Potes Retangulares,COZINHA,POP,112,285,78,9045.18,23
1,Paredão sul,4,886,maos,247,3,1,2,319.006.P01,Kit POP - 6 Potes Quadrados,COZINHA,POP,78,285,69,5268.0,20
1,Paredão sul,4,886,maos,247,3,1,3,317.006.P01,Kit POP com 5 Marmitas Fits,COZINHA,POP,100,285,62,4937.94,14
1,Paredão sul,4,886,maos,247,3,1,4,231.006.P01,Kit POP - 6 Potes com Travas,COZINHA,POP,100,285,40,4649.29,20
1,Paredão sul,4,886,maos,247,3,1,5,205.006.P01,Kit POP - 6 Potes Fits,COZINHA,POP,78,285,207,3756.9,17
1,Paredão sul,4,886,maos,247,3,1,6,555.006.P01,Kit POP - 6 Potes Tampas Fixa,COZINHA,POP,105,285,65,3417.42,17
1,Paredão sul,5,1148,maos,247,3,1,1,6120.006.P01,Kit POP - 6 Potes Retangulares,COZINHA,POP,112,285,78,9045.18,23
1,Paredão sul,5,1148,maos,247,3,1,2,319.006.P01,Kit POP - 6 Potes Quadrados,COZINHA,POP,78,285,69,5268.0,20
1,Paredão sul,5,1148,maos,247,3,1,3,317.006.P01,Kit POP com 5 Marmitas Fits,COZINHA,POP,100,285,62,4937.94,14
1,Paredão sul,5,1148,maos,247,3,1,4,231.006.P01,Kit POP - 6 Potes com Travas,COZINHA,POP,100,285,40,4649.29,20
1,Paredão sul,5,1148,maos,247,3,1,5,205.006.P01,Kit POP - 6 Potes Fits,COZINHA,POP,78,285,207,3756.9,17
1,Paredão sul,5,1148,maos,247,3,1,6,555.006.P01,Kit POP - 6 Potes Tampas Fixa,COZINHA,POP,105,285,65,3417.42,17
1,Paredão sul,6,1409,olhos,247,1,2,1,241.006.P01,Kit POP - 6 Potes com Válvula,COZINHA,POP,117,285,40,2919.48,13
1,Paredão sul,6,1409,olhos,247,1,2,2,554.006.P01,Kit POP - 6 Potes Tampas Fixa,COZINHA,POP,80,285,60,2853.84,15
1,Paredão sul,6,1409,olhos,247,1,2,3,3790.006.P01,Kit POP - 6 Potes Quadrados,COZINHA,POP,113,285,58,2225.98,16
1,Paredão sul,7,1671,olhos,222,1,1,1,6120.006.P01,Kit POP - 6 Potes Retangulares,COZINHA,POP,112,285,78,9045.18,23
1,Paredão sul,7,1671,olhos,222,1,1,2,319.006.P01,Kit POP - 6 Potes Quadrados,COZINHA,POP,78,285,69,5268.0,20
1,Paredão sul,7,1671,olhos,222,1,1,3,317.006.P01,Kit POP com 5 Marmitas Fits,COZINHA,POP,100,285,62,4937.94,14
1,Paredão sul,7,1671,olhos,222,1,1,4,231.006.P01,Kit POP - 6 Potes com Travas,COZINHA,POP,100,285,40,4649.29,20
1,Paredão sul,7,1671,olhos,222,1,1,5,205.006.P01,Kit POP - 6 Potes Fits,COZINHA,POP,78,285,207,3756.9,17
1,Paredão sul,7,1671,olhos,222,1,1,6,555.006.P01,Kit POP - 6 Potes Tampas Fixa,COZINHA,POP,105,285,65,3417.42,17
2,Paredão sul,1,100,chao,247,3,1,1,705.006.001,Organziador de Geladeira Juta,COZINHA,GELADEIRA,132,285,118,65296.42,382
2,Paredão sul,1,100,chao,247,3,1,2,703.006.001,Organizador de Geladeira Rattan,COZINHA,GELADEIRA,195,285,104,64018.19,389
2,Paredão sul,1,100,chao,247,3,1,3,701.006.001,Organizador de Geladeira Rattan,COZINHA,GELADEIRA,220,372,82,54377.4,361
2,Paredão sul,2,362,chao,247,3,1,1,705.006.001,Organziador de Geladeira Juta,COZINHA,GELADEIRA,132,285,118,65296.42,382
2,Paredão sul,2,362,chao,247,3,1,2,703.006.001,Organizador de Geladeira Rattan,COZINHA,GELADEIRA,195,285,104,64018.19,389
2,Paredão sul,2,362,chao,247,3,1,3,701.006.001,Organizador de Geladeira Rattan,COZINHA,GELADEIRA,220,372,82,54377.4,361
2,Paredão sul,3,624,chao,247,3,1,1,705.006.001,Organziador de Geladeira Juta,COZINHA,GELADEIRA,132,285,118,65296.42,382
2,Paredão sul,3,624,chao,247,3,1,2,703.006.001,Organizador de Geladeira Rattan,COZINHA,GELADEIRA,195,285,104,64018.19,389
2,Paredão sul,3,624,chao,247,3,1,3,701.006.001,Organizador de Geladeira Rattan,COZINHA,GELADEIRA,220,372,82,54377.4,361
2,Paredão sul,4,886,maos,247,3,1,1,705.006.001,Organziador de Geladeira Juta,COZINHA,GELADEIRA,132,285,118,65296.42,382
2,Paredão sul,4,886,maos,247,3,1,2,703.006.001,Organizador de Geladeira Rattan,COZINHA,GELADEIRA,195,285,104,64018.19,389
2,Paredão sul,4,886,maos,247,3,1,3,701.006.001,Organizador de Geladeira Rattan,COZINHA,GELADEIRA,220,372,82,54377.4,361
2,Paredão sul,5,1148,maos,247,3,1,1,705.006.001,Organziador de Geladeira Juta,COZINHA,GELADEIRA,132,285,118,65296.42,382
2,Paredão sul,5,1148,maos,247,3,1,2,703.006.001,Organizador de Geladeira Rattan,COZINHA,GELADEIRA,195,285,104,64018.19,389
2,Paredão sul,5,1148,maos,247,3,1,3,701.006.001,Organizador de Geladeira Rattan,COZINHA,GELADEIRA,220,372,82,54377.4,361
2,Paredão sul,6,1409,olhos,247,1,1,1,706.006.001,Organziador de Geladeira Juta,COZINHA,GELADEIRA,100,285,87,43999.05,333
2,Paredão sul,6,1409,olhos,247,1,1,2,702.006.001,Organizador de Geladeira Rattan,COZINHA,GELADEIRA,195,285,82,36026.24,332
2,Paredão sul,6,1409,olhos,247,1,1,3,713.012.001,Organizador de Geladeira Flat,COZINHA,GELADEIRA,175,285,107,16532.98,132
2,Paredão sul,6,1409,olhos,247,1,1,4,712.012.001,Organizador de Geladeira Flat,COZINHA,GELADEIRA,115,285,108,14333.64,132
2,Paredão sul,7,1671,olhos,222,1,1,1,705.006.001,Organziador de Geladeira Juta,COZINHA,GELADEIRA,132,285,118,65296.42,382
2,Paredão sul,7,1671,olhos,222,1,1,2,703.006.001,Organizador de Geladeira Rattan,COZINHA,GELADEIRA,195,285,104,64018.19,389
2,Paredão sul,7,1671,olhos,222,1,1,3,701.006.001,Organizador de Geladeira Rattan,COZINHA,GELADEIRA,220,372,82,54377.4,361
3,Paredão sul,1,100,chao,247,3,1,1,135.024.001,Tampa para Micro-ondas,COZINHA,MICRO-ONDAS,255,285,68,355308.6,1044
3,Paredão sul,1,100,chao,247,3,1,2,149.024.001,Micro-ondas,COZINHA,MICRO-ONDAS,220,285,152,322251.72,670
3,Paredão sul,1,100,chao,247,3,1,3,146.024.001,Forma de Ovos e Omeleteira Micro-ondas,COZINHA,MICRO-ONDAS,150,285,60,253547.82,644
3,Paredão sul,2,362,chao,247,3,1,1,135.024.001,Tampa para Micro-ondas,COZINHA,MICRO-ONDAS,255,285,68,355308.6,1044
3,Paredão sul,2,362,chao,247,3,1,2,149.024.001,Micro-ondas,COZINHA,MICRO-ONDAS,220,285,152,322251.72,670
3,Paredão sul,2,362,chao,247,3,1,3,146.024.001,Forma de Ovos e Omeleteira Micro-ondas,COZINHA,MICRO-ONDAS,150,285,60,253547.82,644
3,Paredão sul,3,624,chao,247,3,1,1,135.024.001,Tampa para Micro-ondas,COZINHA,MICRO-ONDAS,255,285,68,355308.6,1044
3,Paredão sul,3,624,chao,247,3,1,2,149.024.001,Micro-ondas,COZINHA,MICRO-ONDAS,220,285,152,322251.72,670
3,Paredão sul,3,624,chao,247,3,1,3,146.024.001,Forma de Ovos e Omeleteira Micro-ondas,COZINHA,MICRO-ONDAS,150,285,60,253547.82,644
3,Paredão sul,4,886,maos,247,1,2,1,251.012.001,Caçarola Mini Micro-ondas,COZINHA,MICRO-ONDAS,140,285,90,46875.42,345
3,Paredão sul,4,886,maos,247,1,1,2,250.024.009,"Cacarola Micro-Ondas Com Cesto - Transparente 1,5L (250)",COZINHA,MICRO-ONDAS,175,285,100,24025.58,91
3,Paredão sul,4,886,maos,247,1,1,3,136.024.001,Travessa Micro-ondas c/Tampa,COZINHA,MICRO-ONDAS,208,372,92,23946.37,107
3,Paredão sul,5,1148,maos,247,1,1,1,229.012.001,Cook Freezer com Cesto,COZINHA,MICRO-ONDAS,237,285,102,98439.49,254
3,Paredão sul,5,1148,maos,247,1,1,2,045.012.001,Micro-ondas com Tampa,COZINHA,MICRO-ONDAS,237,285,100,73024.85,281
3,Paredão sul,5,1148,maos,247,1,1,3,020.024.001,Micro-ondas com Tampa,COZINHA,MICRO-ONDAS,235,285,70,72721.12,1342
3,Paredão sul,6,1409,olhos,247,1,1,1,240.024.001,Cook Freezer Micro-ondas,COZINHA,MICRO-ONDAS,237,285,102,190420.59,280
3,Paredão sul,6,1409,olhos,247,1,1,2,178.024.001,Caçarola Micro-ondas,COZINHA,MICRO-ONDAS,175,285,100,156472.99,440
3,Paredão sul,6,1409,olhos,247,1,1,3,194.012.009,Micro-ondas com Cesto,COZINHA,MICRO-ONDAS,220,285,152,124068.22,355
3,Paredão sul,7,1671,olhos,222,1,1,1,135.024.001,Tampa para Micro-ondas,COZINHA,MICRO-ONDAS,255,285,68,355308.6,1044
3,Paredão sul,7,1671,olhos,222,1,1,2,149.024.001,Micro-ondas,COZINHA,MICRO-ONDAS,220,285,152,322251.72,670
3,Paredão sul,7,1671,olhos,222,1,1,3,146.024.001,Forma de Ovos e Omeleteira Micro-ondas,COZINHA,MICRO-ONDAS,150,285,60,253547.82,644
4,Paredão sul,1,100,chao,247,3,1,1,255.036.016,Firenze com Tampa,COZINHA,JARRAS,119,372,39,594517.32,826
4,Paredão sul,1,100,chao,247,3,1,2,153.012.546,Jarra com Tampa Flip Top,COZINHA,JARRAS,100,285,215,319913.49,868
4,Paredão sul,1,100,chao,247,3,1,3,153.012.002,Jarra com Tampa Flip Top,COZINHA,JARRAS,100,285,215,191484.03,715
4,Paredão sul,1,100,chao,247,3,1,4,032.012.547,Jarra com Tampa,COZINHA,JARRAS,145,285,199,304681.58,849
4,Paredão sul,1,100,chao,247,3,1,5,032.012.002,Jarra com Tampa,COZINHA,JARRAS,145,285,199,140806.36,681
4,Paredão sul,1,100,chao,247,3,1,6,078.036.001,Forma De Gelo Firenze (078),COZINHA,JARRAS,107,285,38,153793.64,552
4,Paredão sul,2,362,chao,247,3,1,1,255.036.016,Firenze com Tampa,COZINHA,JARRAS,119,372,39,594517.32,826
4,Paredão sul,2,362,chao,247,3,1,2,153.012.546,Jarra com Tampa Flip Top,COZINHA,JARRAS,100,285,215,319913.49,868
4,Paredão sul,2,362,chao,247,3,1,3,153.012.002,Jarra com Tampa Flip Top,COZINHA,JARRAS,100,285,215,191484.03,715
4,Paredão sul,2,362,chao,247,3,1,4,032.012.547,Jarra com Tampa,COZINHA,JARRAS,145,285,199,304681.58,849
4,Paredão sul,2,362,chao,247,3,1,5,032.012.002,Jarra com Tampa,COZINHA,JARRAS,145,285,199,140806.36,681
4,Paredão sul,2,362,chao,247,3,1,6,078.036.001,Forma De Gelo Firenze (078),COZINHA,JARRAS,107,285,38,153793.64,552
4,Paredão sul,3,624,chao,247,1,4,1,112.012.547,Jarra Medidora Top Mix,COZINHA,JARRAS,85,285,160,24092.6,197
4,Paredão sul,3,624,chao,247,1,4,2,112.012.002,Jarra Medidora Top Mix,COZINHA,JARRAS,85,285,160,19837.11,180
4,Paredão sul,4,886,maos,247,1,2,1,207.024.001,Jarra Medidora Top Mix,COZINHA,JARRAS,99,285,177,63572.11,361
4,Paredão sul,4,886,maos,247,1,1,2,207.012.547,Jarra Medidora Top Mix,COZINHA,JARRAS,99,285,177,11127.59,114
4,Paredão sul,4,886,maos,247,1,1,3,207.012.002,Jarra Medidora Top Mix,COZINHA,JARRAS,99,285,177,5847.32,70
4,Paredão sul,4,886,maos,247,1,1,4,088.012.547,Jarra com Tampa,COZINHA,JARRAS,130,285,174,45238.89,303
4,Paredão sul,4,886,maos,247,1,1,5,088.012.002,Jarra com Tampa,COZINHA,JARRAS,130,285,174,19934.76,193
4,Paredão sul,5,1148,maos,247,1,2,1,033.012.547,Jarra com Espremedor,COZINHA,JARRAS,145,285,218,133967.58,464
4,Paredão sul,5,1148,maos,247,1,1,2,033.012.002,Jarra com Espremedor,COZINHA,JARRAS,145,285,218,51657.43,298
4,Paredão sul,5,1148,maos,247,1,1,3,064.012.547,Jarra com Tubo para Gelo,COZINHA,JARRAS,145,285,199,78084.59,190
4,Paredão sul,5,1148,maos,247,1,1,4,064.012.002,Jarra com Tubo para Gelo,COZINHA,JARRAS,145,285,199,37953.53,191
4,Paredão sul,6,1409,olhos,247,1,1,1,111.012.549,Espremedor Portátil Fit,COZINHA,JARRAS,95,285,167,186127.74,615
4,Paredão sul,6,1409,olhos,247,1,1,2,111.012.002,Espremedor Portátil Fit,COZINHA,JARRAS,95,285,167,59739.31,337
4,Paredão sul,6,1409,olhos,247,1,1,3,114.012.547,Espremedor Portátil Fit,COZINHA,JARRAS,132,285,110,143892.79,641
4,Paredão sul,6,1409,olhos,247,1,1,4,114.012.002,Jarrinhs com Espremedor,COZINHA,JARRAS,132,285,110,50664.54,524
4,Paredão sul,6,1409,olhos,247,1,1,5,222.012.546,Jarra com Tampa Flip Top,COZINHA,JARRAS,100,285,155,97949.86,505
4,Paredão sul,6,1409,olhos,247,1,1,6,222.012.002,Jarra com Tampa Flip Top,COZINHA,JARRAS,100,285,155,43555.84,342
4,Paredão sul,7,1671,olhos,222,1,1,1,255.036.016,Firenze com Tampa,COZINHA,JARRAS,119,372,39,594517.32,826
4,Paredão sul,7,1671,olhos,222,1,1,2,153.012.546,Jarra com Tampa Flip Top,COZINHA,JARRAS,100,285,215,319913.49,868
4,Paredão sul,7,1671,olhos,222,1,1,3,153.012.002,Jarra com Tampa Flip Top,COZINHA,JARRAS,100,285,215,191484.03,715
4,Paredão sul,7,1671,olhos,222,1,1,4,032.012.547,Jarra com Tampa,COZINHA,JARRAS,145,285,199,304681.58,849
4,Paredão sul,7,1671,olhos,222,1,1,5,032.012.002,Jarra com Tampa,COZINHA,JARRAS,145,285,199,140806.36,681
4,Paredão sul,7,1671,olhos,222,1,1,6,078.036.001,Forma De Gelo Firenze (078),COZINHA,JARRAS,107,285,38,153793.64,552
5,Paredão sul,1,100,chao,247,3,1,1,144.006.003,Porta Talher com 6 Divisórias e Tampa,COZINHA,COZINHA,290,372,50,434598.16,1138
5,Paredão sul,1,100,chao,247,3,1,2,144.006.002,Porta Talher com 6 Divisórias e Tampa,COZINHA,COZINHA,290,372,50,407369.62,1048
5,Paredão sul,1,100,chao,247,3,1,3,4030.012.003,Porta Farofa com Tampa,COZINHA,COZINHA,79,285,159,269314.02,1509
5,Paredão sul,2,362,chao,247,3,1,1,144.006.003,Porta Talher com 6 Divisórias e Tampa,COZINHA,COZINHA,290,372,50,434598.16,1138
5,Paredão sul,2,362,chao,247,3,1,2,144.006.002,Porta Talher com 6 Divisórias e Tampa,COZINHA,COZINHA,290,372,50,407369.62,1048
5,Paredão sul,2,362,chao,247,3,1,3,4030.012.003,Porta Farofa com Tampa,COZINHA,COZINHA,79,285,159,269314.02,1509
5,Paredão sul,3,624,chao,247,3,1,1,144.006.003,Porta Talher com 6 Divisórias e Tampa,COZINHA,COZINHA,290,372,50,434598.16,1138
5,Paredão sul,3,624,chao,247,3,1,2,144.006.002,Porta Talher com 6 Divisórias e Tampa,COZINHA,COZINHA,290,372,50,407369.62,1048
5,Paredão sul,3,624,chao,247,3,1,3,4030.012.003,Porta Farofa com Tampa,COZINHA,COZINHA,79,285,159,269314.02,1509
5,Paredão sul,4,886,maos,247,1,1,1,188.012.003,Super Prático,COZINHA,COZINHA,267,372,108,33554.56,217
5,Paredão sul,4,886,maos,247,1,1,2,188.012.002,Super Prático,COZINHA,COZINHA,265,372,105,19552.42,125
5,Paredão sul,4,886,maos,247,1,1,3,094.012.003,Açucareiro Doçura,COZINHA,COZINHA,90,285,94,17774.27,348
5,Paredão sul,4,886,maos,247,1,1,4,094.012.002,Açucareiro Doçura,COZINHA,COZINHA,90,285,94,17357.87,283
5,Paredão sul,5,1148,maos,247,1,1,1,090.012.003,Açucareiro Doçura,COZINHA,COZINHA,110,285,132,117361.91,761
5,Paredão sul,5,1148,maos,247,1,1,2,090.012.002,Saleiro Rubi,COZINHA,COZINHA,110,285,132,89756.36,546
5,Paredão sul,5,1148,maos,247,1,1,3,077.012.003,Escorredor Ideal,COZINHA,COZINHA,240,285,100,104979.63,818
5,Paredão sul,5,1148,maos,247,1,1,4,077.012.002,Escorredor Ideal,COZINHA,COZINHA,240,285,100,94377.4,620
5,Paredão sul,6,1409,olhos,247,1,1,1,224.012.003,Porta Talher Escorre e Guarda,COZINHA,COZINHA,95,285,240,288745.52,848
5,Paredão sul,6,1409,olhos,247,1,1,2,224.012.002,Porta Talher Escorre e Guarda,COZINHA,COZINHA,95,285,240,123104.88,565
5,Paredão sul,6,1409,olhos,247,1,1,3,224.012.086,Porta Talher Escorre e Guarda,COZINHA,COZINHA,95,285,240,67987.2,256
5,Paredão sul,6,1409,olhos,247,1,1,4,116.012.003,Porta Detergente Com Telinha - Preto (116/P),COZINHA,COZINHA,105,285,65,162300.53,897
5,Paredão sul,6,1409,olhos,247,1,1,5,116.012.002,Porta Detergente Com Telinha - Branco (116/B),COZINHA,COZINHA,105,285,65,83941.86,636
5,Paredão sul,6,1409,olhos,247,1,1,6,116.012.086,Porta Detergente Com Telinha - Chumbo,COZINHA,COZINHA,105,285,65,21816.46,245
5,Paredão sul,6,1409,olhos,247,1,1,7,023.030.002,Ralador com 4 Faces,COZINHA,COZINHA,104,285,192,182716.25,349
5,Paredão sul,7,1671,olhos,222,1,1,1,144.006.003,Porta Talher com 6 Divisórias e Tampa,COZINHA,COZINHA,290,372,50,434598.16,1138
5,Paredão sul,7,1671,olhos,222,1,1,2,144.006.002,Porta Talher com 6 Divisórias e Tampa,COZINHA,COZINHA,290,372,50,407369.62,1048
5,Paredão sul,7,1671,olhos,222,1,1,3,4030.012.003,Porta Farofa com Tampa,COZINHA,COZINHA,79,285,159,269314.02,1509
6,Paredão sul,1,100,chao,247,3,1,1,133.012.003,Porta Detergente Rattan com Base,COZINHA,COZINHA,105,285,70,522953.07,1380
6,Paredão sul,1,100,chao,247,3,1,2,133.012.002,Porta Detergente Rattan com Base,COZINHA,COZINHA,105,285,70,174333.14,835
6,Paredão sul,1,100,chao,247,3,1,3,133.012.086,Porta Detergente Rattan com Base,COZINHA,COZINHA,105,285,70,89583.68,493
6,Paredão sul,1,100,chao,247,3,1,4,046.012.003,Porta Óleo Itália,COZINHA,COZINHA,88,285,162,438457.13,1746
6,Paredão sul,1,100,chao,247,3,1,5,046.012.002,Porta Óleo Itália,COZINHA,COZINHA,88,285,162,173136.58,1038
6,Paredão sul,1,100,chao,247,3,1,6,179.024.001,Porta Frios com Pinça,COZINHA,COZINHA,175,285,53,498382.64,775
6,Paredão sul,2,362,chao,247,3,1,1,133.012.003,Porta Detergente Rattan com Base,COZINHA,COZINHA,105,285,70,522953.07,1380
6,Paredão sul,2,362,chao,247,3,1,2,133.012.002,Porta Detergente Rattan com Base,COZINHA,COZINHA,105,285,70,174333.14,835
6,Paredão sul,2,362,chao,247,3,1,3,133.012.086,Porta Detergente Rattan com Base,COZINHA,COZINHA,105,285,70,89583.68,493
6,Paredão sul,2,362,chao,247,3,1,4,046.012.003,Porta Óleo Itália,COZINHA,COZINHA,88,285,162,438457.13,1746
6,Paredão sul,2,362,chao,247,3,1,5,046.012.002,Porta Óleo Itália,COZINHA,COZINHA,88,285,162,173136.58,1038
6,Paredão sul,2,362,chao,247,3,1,6,179.024.001,Porta Frios com Pinça,COZINHA,COZINHA,175,285,53,498382.64,775
6,Paredão sul,3,624,chao,247,3,1,1,133.012.003,Porta Detergente Rattan com Base,COZINHA,COZINHA,105,285,70,522953.07,1380
6,Paredão sul,3,624,chao,247,3,1,2,133.012.002,Porta Detergente Rattan com Base,COZINHA,COZINHA,105,285,70,174333.14,835
6,Paredão sul,3,624,chao,247,3,1,3,133.012.086,Porta Detergente Rattan com Base,COZINHA,COZINHA,105,285,70,89583.68,493
6,Paredão sul,3,624,chao,247,3,1,4,046.012.003,Porta Óleo Itália,COZINHA,COZINHA,88,285,162,438457.13,1746
6,Paredão sul,3,624,chao,247,3,1,5,046.012.002,Porta Óleo Itália,COZINHA,COZINHA,88,285,162,173136.58,1038
6,Paredão sul,3,624,chao,247,3,1,6,179.024.001,Porta Frios com Pinça,COZINHA,COZINHA,175,285,53,498382.64,775
6,Paredão sul,4,886,maos,247,1,1,1,015.012.003,Ralador Pratic com Pote,COZINHA,COZINHA,115,285,54,28124.98,249
6,Paredão sul,4,886,maos,247,1,1,2,015.012.002,Ralador Pratic Com Pote - Branco 420Ml,COZINHA,COZINHA,115,285,54,18538.47,160
6,Paredão sul,4,886,maos,247,1,1,3,427.024.003,Escorredor Quadrado,COZINHA,COZINHA,242,285,110,21523.56,51
6,Paredão sul,4,886,maos,247,1,1,4,427.024.002,Escorredor Quadrado,COZINHA,COZINHA,242,285,110,12087.99,55
6,Paredão sul,5,1148,maos,247,1,1,1,553.012.003,Porta Sabonete Líquido Flat,COZINHA,COZINHA,79,285,160,102701.29,601
6,Paredão sul,5,1148,maos,247,1,1,2,553.012.002,Porta Sabonete Líquido Flat,COZINHA,COZINHA,79,285,160,65988.77,451
6,Paredão sul,5,1148,maos,247,1,1,3,553.012.086,Porta Sabonete Líquido Flat,COZINHA,COZINHA,79,285,160,28412.71,246
6,Paredão sul,5,1148,maos,247,1,1,4,028.012.003,Escorredor de Arroz Tradicional,COZINHA,COZINHA,220,285,160,100491.69,944
6,Paredão sul,5,1148,maos,247,1,1,5,028.012.002,Escorredor de Arroz Tradicional,COZINHA,COZINHA,220,285,160,84637.74,580
6,Paredão sul,6,1409,olhos,247,1,1,1,070.006.003,Escorredor Luxo,COZINHA,COZINHA,278,372,145,144426.93,847
6,Paredão sul,6,1409,olhos,247,1,1,2,070.006.002,Escorredor Luxo,COZINHA,COZINHA,278,372,145,126866.3,683
6,Paredão sul,6,1409,olhos,247,1,1,3,306.006.520,"Travessa Oval Canelada Com Tampa - Branca 1,2L",COZINHA,COZINHA,145,285,73,123991.77,476
6,Paredão sul,7,1671,olhos,222,1,1,1,133.012.003,Porta Detergente Rattan com Base,COZINHA,COZINHA,105,285,70,522953.07,1380
6,Paredão sul,7,1671,olhos,222,1,1,2,133.012.002,Porta Detergente Rattan com Base,COZINHA,COZINHA,105,285,70,174333.14,835
6,Paredão sul,7,1671,olhos,222,1,1,3,133.012.086,Porta Detergente Rattan com Base,COZINHA,COZINHA,105,285,70,89583.68,493
6,Paredão sul,7,1671,olhos,222,1,1,4,046.012.003,Porta Óleo Itália,COZINHA,COZINHA,88,285,162,438457.13,1746
6,Paredão sul,7,1671,olhos,222,1,1,5,046.012.002,Porta Óleo Itália,COZINHA,COZINHA,88,285,162,173136.58,1038
6,Paredão sul,7,1671,olhos,222,1,1,6,179.024.001,Porta Frios com Pinça,COZINHA,COZINHA,175,285,53,498382.64,775
7,Paredão sul,1,100,chao,247,3,1,1,060.012.003,Porta Talher Paris com 4 Divisórias e Tampa,COZINHA,COZINHA,210,372,50,318592.55,1054
7,Paredão sul,1,100,chao,247,3,1,2,060.012.002,Porta Talher Paris com 4 Divisórias e Tampa,COZINHA,COZINHA,210,372,50,250288.25,1026
7,Paredão sul,1,100,chao,247,3,1,3,920.004.003,Kit Detergente Flat com 2 Peças,COZINHA,COZINHA,86,285,163,320244.62,818
7,Paredão sul,1,100,chao,247,3,1,4,920.004.002,Kit Detergente Flat com 2 Peças,COZINHA,COZINHA,86,285,163,115282.55,509
7,Paredão sul,1,100,chao,247,3,1,5,920.004.086,Kit Detergente Flat com 2 Peças,COZINHA,COZINHA,86,285,163,109006.56,422
7,Paredão sul,2,362,chao,247,3,1,1,060.012.003,Porta Talher Paris com 4 Divisórias e Tampa,COZINHA,COZINHA,210,372,50,318592.55,1054
7,Paredão sul,2,362,chao,247,3,1,2,060.012.002,Porta Talher Paris com 4 Divisórias e Tampa,COZINHA,COZINHA,210,372,50,250288.25,1026
7,Paredão sul,2,362,chao,247,3,1,3,920.004.003,Kit Detergente Flat com 2 Peças,COZINHA,COZINHA,86,285,163,320244.62,818
7,Paredão sul,2,362,chao,247,3,1,4,920.004.002,Kit Detergente Flat com 2 Peças,COZINHA,COZINHA,86,285,163,115282.55,509
7,Paredão sul,2,362,chao,247,3,1,5,920.004.086,Kit Detergente Flat com 2 Peças,COZINHA,COZINHA,86,285,163,109006.56,422
7,Paredão sul,3,624,chao,247,3,1,1,060.012.003,Porta Talher Paris com 4 Divisórias e Tampa,COZINHA,COZINHA,210,372,50,318592.55,1054
7,Paredão sul,3,624,chao,247,3,1,2,060.012.002,Porta Talher Paris com 4 Divisórias e Tampa,COZINHA,COZINHA,210,372,50,250288.25,1026
7,Paredão sul,3,624,chao,247,3,1,3,920.004.003,Kit Detergente Flat com 2 Peças,COZINHA,COZINHA,86,285,163,320244.62,818
7,Paredão sul,3,624,chao,247,3,1,4,920.004.002,Kit Detergente Flat com 2 Peças,COZINHA,COZINHA,86,285,163,115282.55,509
7,Paredão sul,3,624,chao,247,3,1,5,920.004.086,Kit Detergente Flat com 2 Peças,COZINHA,COZINHA,86,285,163,109006.56,422
7,Paredão sul,4,886,maos,247,1,1,1,307.006.520,"Travessa Oval Canelada Com Tampa - Branca 2,5L",COZINHA,COZINHA,185,372,89,30872.75,275
7,Paredão sul,4,886,maos,247,1,2,2,369.006.001,Kit Porta Frios Com 3 Pecas,COZINHA,COZINHA,120,285,120,14592.02,62
7,Paredão sul,4,886,maos,247,1,1,3,822.006.003,Escorredor de Talheres Flat,COZINHA,COZINHA,100,285,100,5729.24,93
7,Paredão sul,4,886,maos,247,1,1,4,822.006.002,Escorredor de Talheres Flat,COZINHA,COZINHA,100,285,100,5554.8,98
7,Paredão sul,4,886,maos,247,1,1,5,822.006.086,Escorredor de Talheres Flat,COZINHA,COZINHA,100,285,100,2570.59,53
7,Paredão sul,5,1148,maos,247,1,1,1,002.036.002,Tábua Popular,COZINHA,COZINHA,207,372,4,140381.74,192
7,Paredão sul,5,1148,maos,247,1,1,2,2231.024.009,Porta Frios com Tela,COZINHA,COZINHA,180,285,90,136231.61,297
7,Paredão sul,5,1148,maos,247,1,1,3,018.030.002,Tábua Multiuso,COZINHA,COZINHA,205,372,4,100928.92,193
7,Paredão sul,5,1148,maos,247,1,1,4,350.012.577,Porta Frios com Tela,COZINHA,COZINHA,120,285,40,96263.89,438
7,Paredão sul,6,1409,olhos,247,1,1,1,096.012.003,Escorredor de Pratos Rattan,COZINHA,COZINHA,222,372,98,191514.17,337
7,Paredão sul,6,1409,olhos,247,1,1,2,096.012.002,Escorredor de Pratos Rattan,COZINHA,COZINHA,222,372,98,63400.83,213
7,Paredão sul,6,1409,olhos,247,1,1,3,096.012.086,Escorredor de Pratos Rattan,COZINHA,COZINHA,218,372,98,14771.65,77
7,Paredão sul,7,1671,olhos,222,1,1,1,060.012.003,Porta Talher Paris com 4 Divisórias e Tampa,COZINHA,COZINHA,210,372,50,318592.55,1054
7,Paredão sul,7,1671,olhos,222,1,1,2,060.012.002,Porta Talher Paris com 4 Divisórias e Tampa,COZINHA,COZINHA,210,372,50,250288.25,1026
7,Paredão sul,7,1671,olhos,222,1,1,3,920.004.003,Kit Detergente Flat com 2 Peças,COZINHA,COZINHA,86,285,163,320244.62,818
7,Paredão sul,7,1671,olhos,222,1,1,4,920.004.002,Kit Detergente Flat com 2 Peças,COZINHA,COZINHA,86,285,163,115282.55,509
7,Paredão sul,7,1671,olhos,222,1,1,5,920.004.086,Kit Detergente Flat com 2 Peças,COZINHA,COZINHA,86,285,163,109006.56,422
8,Paredão sul,1,100,chao,247,3,1,1,051.012.003,Porta Detergente 3 Em 1 - Preto (051/P),COZINHA,COZINHA,120,285,65,230461.39,1296
8,Paredão sul,1,100,chao,247,3,1,2,051.012.002,Porta Detergente 3 Em 1 - Branco (051/B),COZINHA,COZINHA,102,285,65,86647.64,650
8,Paredão sul,1,100,chao,247,3,1,3,051.012.086,Porta Detergente 3 Em 1 - Chumbo,COZINHA,COZINHA,120,285,65,41706.07,303
8,Paredão sul,1,100,chao,247,3,1,4,221.012.003,Saleiro Premier com Alça,COZINHA,COZINHA,110,285,132,200087.68,632
8,Paredão sul,1,100,chao,247,3,1,5,221.012.002,Saleiro Premier com Alça,COZINHA,COZINHA,110,285,132,73673.44,346
8,Paredão sul,1,100,chao,247,3,1,6,044.012.005,Porta Leite de Saquinho,COZINHA,COZINHA,120,285,150,201220.37,800
8,Paredão sul,2,362,chao,247,3,1,1,051.012.003,Porta Detergente 3 Em 1 - Preto (051/P),COZINHA,COZINHA,120,285,65,230461.39,1296
8,Paredão sul,2,362,chao,247,3,1,2,051.012.002,Porta Detergente 3 Em 1 - Branco (051/B),COZINHA,COZINHA,102,285,65,86647.64,650
8,Paredão sul,2,362,chao,247,3,1,3,051.012.086,Porta Detergente 3 Em 1 - Chumbo,COZINHA,COZINHA,120,285,65,41706.07,303
8,Paredão sul,2,362,chao,247,3,1,4,221.012.003,Saleiro Premier com Alça,COZINHA,COZINHA,110,285,132,200087.68,632
8,Paredão sul,2,362,chao,247,3,1,5,221.012.002,Saleiro Premier com Alça,COZINHA,COZINHA,110,285,132,73673.44,346
8,Paredão sul,2,362,chao,247,3,1,6,044.012.005,Porta Leite de Saquinho,COZINHA,COZINHA,120,285,150,201220.37,800
8,Paredão sul,3,624,chao,247,3,1,1,051.012.003,Porta Detergente 3 Em 1 - Preto (051/P),COZINHA,COZINHA,120,285,65,230461.39,1296
8,Paredão sul,3,624,chao,247,3,1,2,051.012.002,Porta Detergente 3 Em 1 - Branco (051/B),COZINHA,COZINHA,102,285,65,86647.64,650
8,Paredão sul,3,624,chao,247,3,1,3,051.012.086,Porta Detergente 3 Em 1 - Chumbo,COZINHA,COZINHA,120,285,65,41706.07,303
8,Paredão sul,3,624,chao,247,3,1,4,221.012.003,Saleiro Premier com Alça,COZINHA,COZINHA,110,285,132,200087.68,632
8,Paredão sul,3,624,chao,247,3,1,5,221.012.002,Saleiro Premier com Alça,COZINHA,COZINHA,110,285,132,73673.44,346
8,Paredão sul,3,624,chao,247,3,1,6,044.012.005,Porta Leite de Saquinho,COZINHA,COZINHA,120,285,150,201220.37,800
8,Paredão sul,4,886,maos,247,1,2,1,429.024.002,Escorredor Meia Lua,COZINHA,COZINHA,120,372,11,7350.66,36
8,Paredão sul,4,886,maos,247,1,1,2,429.024.003,Escorredor Meia Lua,COZINHA,COZINHA,120,372,11,4201.64,26
8,Paredão sul,4,886,maos,247,1,1,3,188.012.086,Super Prático,COZINHA,COZINHA,267,372,108,9196.31,59
8,Paredão sul,5,1148,maos,247,1,1,1,2232.012.009,Porta Frios Duplo Com Tela (223/2),COZINHA,COZINHA,180,285,50,94177.74,232
8,Paredão sul,5,1148,maos,247,1,1,2,348.012.576,Porta Presunto Com Tela,COZINHA,COZINHA,120,285,40,83673.17,371
8,Paredão sul,5,1148,maos,247,1,1,3,121.012.003,Escorredor de Arroz Caribe,COZINHA,COZINHA,165,285,147,43265.69,491
8,Paredão sul,5,1148,maos,247,1,1,4,121.012.002,Escorredor de Arroz Caribe,COZINHA,COZINHA,165,285,147,26288.19,309
8,Paredão sul,5,1148,maos,247,1,1,5,4040.012.003,Saleiro com Tampa,COZINHA,COZINHA,79,285,159,65973.69,597
8,Paredão sul,6,1409,olhos,247,1,1,1,169.012.003,Boleira Barcelona com Alça,COZINHA,COZINHA,305,372,132,140617.5,525
8,Paredão sul,6,1409,olhos,247,1,1,2,169.012.002,Boleira Barcelona com Alça,COZINHA,COZINHA,305,372,132,109802.85,389
8,Paredão sul,6,1409,olhos,247,1,1,3,4010.012.003,Açucareiro com Tampa,COZINHA,COZINHA,79,285,159,116174.66,635
8,Paredão sul,7,1671,olhos,222,1,1,1,051.012.003,Porta Detergente 3 Em 1 - Preto (051/P),COZINHA,COZINHA,120,285,65,230461.39,1296
8,Paredão sul,7,1671,olhos,222,1,1,2,051.012.002,Porta Detergente 3 Em 1 - Branco (051/B),COZINHA,COZINHA,102,285,65,86647.64,650
8,Paredão sul,7,1671,olhos,222,1,1,3,051.012.086,Porta Detergente 3 Em 1 - Chumbo,COZINHA,COZINHA,120,285,65,41706.07,303
8,Paredão sul,7,1671,olhos,222,1,1,4,221.012.003,Saleiro Premier com Alça,COZINHA,COZINHA,110,285,132,200087.68,632
8,Paredão sul,7,1671,olhos,222,1,1,5,221.012.002,Saleiro Premier com Alça,COZINHA,COZINHA,110,285,132,73673.44,346
8,Paredão sul,7,1671,olhos,222,1,1,6,044.012.005,Porta Leite de Saquinho,COZINHA,COZINHA,120,285,150,201220.37,800
9,Paredão sul,1,100,chao,247,3,1,1,055.012.003,Escorredor Multiuso,COZINHA,COZINHA,215,285,190,248395.68,579
9,Paredão sul,1,100,chao,247,3,1,2,055.012.002,Escorredor Multiuso,COZINHA,COZINHA,215,285,190,64323.58,282
9,Paredão sul,1,100,chao,247,3,1,3,545.012.003,Porta Detergente e Esponja Flat,COZINHA,COZINHA,87,285,60,143479.86,684
9,Paredão sul,1,100,chao,247,3,1,4,545.012.002,Porta Detergente e Esponja Flat,COZINHA,COZINHA,87,285,60,61751.11,447
9,Paredão sul,1,100,chao,247,3,1,5,545.012.086,Porta Detergente e Esponja Flat,COZINHA,COZINHA,87,285,60,30993.78,300
9,Paredão sul,2,362,chao,247,3,1,1,055.012.003,Escorredor Multiuso,COZINHA,COZINHA,215,285,190,248395.68,579
9,Paredão sul,2,362,chao,247,3,1,2,055.012.002,Escorredor Multiuso,COZINHA,COZINHA,215,285,190,64323.58,282
9,Paredão sul,2,362,chao,247,3,1,3,545.012.003,Porta Detergente e Esponja Flat,COZINHA,COZINHA,87,285,60,143479.86,684
9,Paredão sul,2,362,chao,247,3,1,4,545.012.002,Porta Detergente e Esponja Flat,COZINHA,COZINHA,87,285,60,61751.11,447
9,Paredão sul,2,362,chao,247,3,1,5,545.012.086,Porta Detergente e Esponja Flat,COZINHA,COZINHA,87,285,60,30993.78,300
9,Paredão sul,3,624,chao,247,3,1,1,055.012.003,Escorredor Multiuso,COZINHA,COZINHA,215,285,190,248395.68,579
9,Paredão sul,3,624,chao,247,3,1,2,055.012.002,Escorredor Multiuso,COZINHA,COZINHA,215,285,190,64323.58,282
9,Paredão sul,3,624,chao,247,3,1,3,545.012.003,Porta Detergente e Esponja Flat,COZINHA,COZINHA,87,285,60,143479.86,684
9,Paredão sul,3,624,chao,247,3,1,4,545.012.002,Porta Detergente e Esponja Flat,COZINHA,COZINHA,87,285,60,61751.11,447
9,Paredão sul,3,624,chao,247,3,1,5,545.012.086,Porta Detergente e Esponja Flat,COZINHA,COZINHA,87,285,60,30993.78,300
9,Paredão sul,4,886,maos,247,3,1,1,055.012.003,Escorredor Multiuso,COZINHA,COZINHA,215,285,190,248395.68,579
9,Paredão sul,4,886,maos,247,3,1,2,055.012.002,Escorredor Multiuso,COZINHA,COZINHA,215,285,190,64323.58,282
9,Paredão sul,4,886,maos,247,3,1,3,545.012.003,Porta Detergente e Esponja Flat,COZINHA,COZINHA,87,285,60,143479.86,684
9,Paredão sul,4,886,maos,247,3,1,4,545.012.002,Porta Detergente e Esponja Flat,COZINHA,COZINHA,87,285,60,61751.11,447
9,Paredão sul,4,886,maos,247,3,1,5,545.012.086,Porta Detergente e Esponja Flat,COZINHA,COZINHA,87,285,60,30993.78,300
9,Paredão sul,5,1148,maos,247,1,1,1,129.012.003,Porta Talher Stillo com 4 Divisórias,COZINHA,COZINHA,215,372,42,28898.46,315
9,Paredão sul,5,1148,maos,247,1,1,2,129.012.002,Porta Talher Stillo com 4 Divisórias,COZINHA,COZINHA,215,372,42,26672.12,297
9,Paredão sul,5,1148,maos,247,1,1,3,458.024.002,Porta Leite de Saquinho,COZINHA,COZINHA,65,285,161,29783.83,71
9,Paredão sul,5,1148,maos,247,1,1,4,458.024.003,Porta Leite de Saquinho,COZINHA,COZINHA,65,285,161,17007.55,93
9,Paredão sul,5,1148,maos,247,1,1,5,305.006.520,Travessa Oval Canelada Com Tampa - Branca 650Ml,COZINHA,COZINHA,110,285,60,19745.26,229
9,Paredão sul,6,1409,olhos,247,1,1,1,067.012.003,Saleiro Premier com Alça,COZINHA,COZINHA,110,285,120,145218.67,794
9,Paredão sul,6,1409,olhos,247,1,1,2,067.012.002,Saleiro - Transparente E Branco,COZINHA,COZINHA,110,285,120,77301.01,668
9,Paredão sul,6,1409,olhos,247,1,1,3,016.012.003,Talheres Max,COZINHA,COZINHA,116,285,135,131079.78,957
9,Paredão sul,6,1409,olhos,247,1,1,4,016.012.002,Talheres Max,COZINHA,COZINHA,115,285,135,60055.6,576
9,Paredão sul,6,1409,olhos,247,1,1,5,016.012.086,Talheres Max,COZINHA,COZINHA,116,285,135,29299.15,308
9,Paredão sul,6,1409,olhos,247,1,1,6,349.012.575,Porta Queijo com Tela,COZINHA,COZINHA,120,285,40,104997.34,406
9,Paredão sul,7,1671,olhos,222,1,1,1,055.012.003,Escorredor Multiuso,COZINHA,COZINHA,215,285,190,248395.68,579
9,Paredão sul,7,1671,olhos,222,1,1,2,055.012.002,Escorredor Multiuso,COZINHA,COZINHA,215,285,190,64323.58,282
9,Paredão sul,7,1671,olhos,222,1,1,3,545.012.003,Porta Detergente e Esponja Flat,COZINHA,COZINHA,87,285,60,143479.86,684
9,Paredão sul,7,1671,olhos,222,1,1,4,545.012.002,Porta Detergente e Esponja Flat,COZINHA,COZINHA,87,285,60,61751.11,447
9,Paredão sul,7,1671,olhos,222,1,1,5,545.012.086,Porta Detergente e Esponja Flat,COZINHA,COZINHA,87,285,60,30993.78,300
10,Paredão sul,1,100,chao,247,3,1,1,027.012.001,Porta Pão Armazena e Conserva,COZINHA,POTES,140,372,135,519707.0,1089
10,Paredão sul,1,100,chao,247,3,1,2,233.012.001,Pote Raso com Travas,COZINHA,POTES,140,285,70,334805.31,1114
10,Paredão sul,1,100,chao,247,3,1,3,233.012.003,Pote Raso com Travas,COZINHA,POTES,140,285,70,12046.8,103
10,Paredão sul,1,100,chao,247,3,1,4,139.012.001,Pote com 3 Divisórias,COZINHA,POTES,140,285,65,312662.12,957
10,Paredão sul,1,100,chao,247,3,1,5,139.012.003,Pote com 3 Divisórias,COZINHA,POTES,140,285,65,20809.89,107
10,Paredão sul,2,362,chao,247,3,1,1,027.012.001,Porta Pão Armazena e Conserva,COZINHA,POTES,140,372,135,519707.0,1089
10,Paredão sul,2,362,chao,247,3,1,2,233.012.001,Pote Raso com Travas,COZINHA,POTES,140,285,70,334805.31,1114
10,Paredão sul,2,362,chao,247,3,1,3,233.012.003,Pote Raso com Travas,COZINHA,POTES,140,285,70,12046.8,103
10,Paredão sul,2,362,chao,247,3,1,4,139.012.001,Pote com 3 Divisórias,COZINHA,POTES,140,285,65,312662.12,957
10,Paredão sul,2,362,chao,247,3,1,5,139.012.003,Pote com 3 Divisórias,COZINHA,POTES,140,285,65,20809.89,107
10,Paredão sul,3,624,chao,247,3,1,1,027.012.001,Porta Pão Armazena e Conserva,COZINHA,POTES,140,372,135,519707.0,1089
10,Paredão sul,3,624,chao,247,3,1,2,233.012.001,Pote Raso com Travas,COZINHA,POTES,140,285,70,334805.31,1114
10,Paredão sul,3,624,chao,247,3,1,3,233.012.003,Pote Raso com Travas,COZINHA,POTES,140,285,70,12046.8,103
10,Paredão sul,3,624,chao,247,3,1,4,139.012.001,Pote com 3 Divisórias,COZINHA,POTES,140,285,65,312662.12,957
10,Paredão sul,3,624,chao,247,3,1,5,139.012.003,Pote com 3 Divisórias,COZINHA,POTES,140,285,65,20809.89,107
10,Paredão sul,4,886,maos,247,1,1,1,300.012.001,Pote Raso Retangular Raso,COZINHA,POTES,120,285,40,36798.57,352
10,Paredão sul,4,886,maos,247,1,1,2,300.012.003,Pote Raso Retangular Raso,COZINHA,POTES,120,285,40,5725.17,51
10,Paredão sul,4,886,maos,247,1,1,3,209.012.003,Marmita c/ Porta Talheres,COZINHA,POTES,110,285,64,41653.99,176
10,Paredão sul,4,886,maos,247,1,1,4,6120.050.001,Pote Raso com Travas,COZINHA,POTES,112,285,78,41338.23,213
10,Paredão sul,4,886,maos,247,1,1,5,6130.030.001,Pote Raso Retangular com 3 Peças,COZINHA,POTES,112,285,117,40197.96,217
10,Paredão sul,4,886,maos,247,1,1,6,157.024.009,Pote Alto com Travas,COZINHA,POTES,110,285,85,36913.5,195
10,Paredão sul,5,1148,maos,247,1,1,1,236.012.001,Pote Acoplado Com Rosca - Transparente 1L,COZINHA,POTES,118,285,150,52667.61,390
10,Paredão sul,5,1148,maos,247,1,1,2,236.012.002,Pote Acoplado Com Rosca - Branco 1L,COZINHA,POTES,118,285,150,39949.81,212
10,Paredão sul,5,1148,maos,247,1,1,3,236.012.003,Pote Acoplado Preto C/Rosca 1L,COZINHA,POTES,118,285,150,17715.38,127
10,Paredão sul,5,1148,maos,247,1,1,4,236.012.667,Pote Sal Grosso Acoplado Com Rosca - 1L (236/Sg),COZINHA,POTES,118,285,150,15039.17,156
10,Paredão sul,5,1148,maos,247,1,1,5,236.012.668,Pote Café Acoplado Com Rosca - 1L,COZINHA,POTES,118,285,150,7830.72,101
10,Paredão sul,5,1148,maos,247,1,1,6,236.012.672,Pote Açucar Acoplado Com Rosca - 1L,COZINHA,POTES,118,285,150,3933.0,51
10,Paredão sul,6,1409,olhos,247,1,1,1,152.006.003,Kit Mantimentos  5 Peças,COZINHA,POTES,230,285,225,299992.8,302
10,Paredão sul,6,1409,olhos,247,1,1,2,152.006.002,Kit Mantimentos  5 Peças,COZINHA,POTES,230,285,225,27493.02,105
10,Paredão sul,6,1409,olhos,247,1,1,3,818.012.001,"Pote Alto Com Valvula - Transparente 2,9L",COZINHA,POTES,190,372,90,163976.89,384
10,Paredão sul,7,1671,olhos,222,1,1,1,027.012.001,Porta Pão Armazena e Conserva,COZINHA,POTES,140,372,135,519707.0,1089
10,Paredão sul,7,1671,olhos,222,1,1,2,233.012.001,Pote Raso com Travas,COZINHA,POTES,140,285,70,334805.31,1114
10,Paredão sul,7,1671,olhos,222,1,1,3,233.012.003,Pote Raso com Travas,COZINHA,POTES,140,285,70,12046.8,103
10,Paredão sul,7,1671,olhos,222,1,1,4,139.012.001,Pote com 3 Divisórias,COZINHA,POTES,140,285,65,312662.12,957
10,Paredão sul,7,1671,olhos,222,1,1,5,139.012.003,Pote com 3 Divisórias,COZINHA,POTES,140,285,65,20809.89,107
11,Paredão sul,1,100,chao,247,3,1,1,2580.012.001,Pote Alto Retangular,COZINHA,POTES,185,372,87,309665.81,868
11,Paredão sul,1,100,chao,247,3,1,2,2580.012.003,Pote Alto Retangular,COZINHA,POTES,185,372,87,15118.11,75
11,Paredão sul,1,100,chao,247,3,1,3,156.012.001,Pote Alto com Travas,COZINHA,POTES,140,285,120,275049.01,942
11,Paredão sul,1,100,chao,247,3,1,4,156.012.003,Pote Alto com Travas,COZINHA,POTES,140,285,120,15974.52,90
11,Paredão sul,1,100,chao,247,3,1,5,281.036.999,Pote Acoplado com Copo Medidor,COZINHA,POTES,60,285,97,103539.97,628
11,Paredão sul,2,362,chao,247,3,1,1,2580.012.001,Pote Alto Retangular,COZINHA,POTES,185,372,87,309665.81,868
11,Paredão sul,2,362,chao,247,3,1,2,2580.012.003,Pote Alto Retangular,COZINHA,POTES,185,372,87,15118.11,75
11,Paredão sul,2,362,chao,247,3,1,3,156.012.001,Pote Alto com Travas,COZINHA,POTES,140,285,120,275049.01,942
11,Paredão sul,2,362,chao,247,3,1,4,156.012.003,Pote Alto com Travas,COZINHA,POTES,140,285,120,15974.52,90
11,Paredão sul,2,362,chao,247,3,1,5,281.036.999,Pote Acoplado com Copo Medidor,COZINHA,POTES,60,285,97,103539.97,628
11,Paredão sul,3,624,chao,247,3,1,1,2580.012.001,Pote Alto Retangular,COZINHA,POTES,185,372,87,309665.81,868
11,Paredão sul,3,624,chao,247,3,1,2,2580.012.003,Pote Alto Retangular,COZINHA,POTES,185,372,87,15118.11,75
11,Paredão sul,3,624,chao,247,3,1,3,156.012.001,Pote Alto com Travas,COZINHA,POTES,140,285,120,275049.01,942
11,Paredão sul,3,624,chao,247,3,1,4,156.012.003,Pote Alto com Travas,COZINHA,POTES,140,285,120,15974.52,90
11,Paredão sul,3,624,chao,247,3,1,5,281.036.999,Pote Acoplado com Copo Medidor,COZINHA,POTES,60,285,97,103539.97,628
11,Paredão sul,4,886,maos,247,1,1,1,321.012.001,Pote Modular - Transparente 800Ml,COZINHA,POTES,110,285,100,35431.35,258
11,Paredão sul,4,886,maos,247,1,1,2,321.012.003,Pote Modular - Preto 800Ml,COZINHA,POTES,185,285,88,4867.21,57
11,Paredão sul,4,886,maos,247,1,1,3,351.012.001,Kit Potes Modulares com 3 Peças,COZINHA,POTES,78,285,195,36282.03,102
11,Paredão sul,4,886,maos,247,1,1,4,351.012.003,Kit Potes Modulares com 3 Peças,COZINHA,POTES,113,285,58,3814.08,21
11,Paredão sul,4,886,maos,247,1,1,5,279.012.024,Pote Alho Acoplado Com Rosca - 500Ml (279),COZINHA,POTES,118,285,82,36744.95,330
11,Paredão sul,4,886,maos,247,1,1,6,176.024.001,Marmita Due c/ Div Móvel,COZINHA,POTES,119,285,57,31796.35,156
11,Paredão sul,5,1148,maos,247,1,1,1,302.012.001,Pote Raso Retangular Raso,COZINHA,POTES,190,372,60,88924.57,386
11,Paredão sul,5,1148,maos,247,1,1,2,302.012.003,Pote Raso Retangular Raso,COZINHA,POTES,190,372,60,27256.68,67
11,Paredão sul,5,1148,maos,247,1,1,3,3790.012.001,Pote Quadrado com Travas,COZINHA,POTES,113,285,58,74723.58,692
11,Paredão sul,5,1148,maos,247,1,1,4,3790.006.862,Kit Pote Quadrado Coloratto Com 3 Pecas - 370Ml,COZINHA,POTES,110,285,116,35340.93,165
11,Paredão sul,5,1148,maos,247,1,1,5,3790.012.003,Pote Quadrado com Travas,COZINHA,POTES,113,285,58,3761.4,77
11,Paredão sul,6,1409,olhos,247,1,1,1,2540.012.001,Kit Potes Altos com 3 pçs,COZINHA,POTES,210,372,101,203640.25,112
11,Paredão sul,6,1409,olhos,247,1,1,2,2540.012.003,Kit Potes Altos com 3 pçs,COZINHA,POTES,210,372,101,20552.88,20
11,Paredão sul,6,1409,olhos,247,1,1,3,3780.012.001,Pote Quadrado com Travas,COZINHA,POTES,145,285,73,158558.64,806
11,Paredão sul,6,1409,olhos,247,1,1,4,3780.012.003,Pote Quadrado com Travas,COZINHA,POTES,145,285,73,9537.04,98
11,Paredão sul,7,1671,olhos,222,1,1,1,2580.012.001,Pote Alto Retangular,COZINHA,POTES,185,372,87,309665.81,868
11,Paredão sul,7,1671,olhos,222,1,1,2,2580.012.003,Pote Alto Retangular,COZINHA,POTES,185,372,87,15118.11,75
11,Paredão sul,7,1671,olhos,222,1,1,3,156.012.001,Pote Alto com Travas,COZINHA,POTES,140,285,120,275049.01,942
11,Paredão sul,7,1671,olhos,222,1,1,4,156.012.003,Pote Alto com Travas,COZINHA,POTES,140,285,120,15974.52,90
11,Paredão sul,7,1671,olhos,222,1,1,5,281.036.999,Pote Acoplado com Copo Medidor,COZINHA,POTES,60,285,97,103539.97,628
12,Paredão sul,1,100,chao,247,3,1,1,215.012.003,Pote Ultraforte com Travas,COZINHA,POTES,165,285,87,289403.85,807
12,Paredão sul,1,100,chao,247,3,1,2,244.012.001,"Pote Raso Com Valvula - 3,2L (244)",COZINHA,POTES,210,372,72,284556.52,508
12,Paredão sul,1,100,chao,247,3,1,3,166.024.001,Porta Biscoitos e Torradas,COZINHA,POTES,91,285,89,255181.65,746
12,Paredão sul,1,100,chao,247,3,1,4,103.024.003,Com Bandeja,COZINHA,POTES,125,285,60,250322.05,499
12,Paredão sul,1,100,chao,247,3,1,5,105.024.003,Marmita Bom Apetite Com Bandeija E Valvula - Preto 800Ml,COZINHA,POTES,127,285,70,248640.09,414
12,Paredão sul,2,362,chao,247,3,1,1,215.012.003,Pote Ultraforte com Travas,COZINHA,POTES,165,285,87,289403.85,807
12,Paredão sul,2,362,chao,247,3,1,2,244.012.001,"Pote Raso Com Valvula - 3,2L (244)",COZINHA,POTES,210,372,72,284556.52,508
12,Paredão sul,2,362,chao,247,3,1,3,166.024.001,Porta Biscoitos e Torradas,COZINHA,POTES,91,285,89,255181.65,746
12,Paredão sul,2,362,chao,247,3,1,4,103.024.003,Com Bandeja,COZINHA,POTES,125,285,60,250322.05,499
12,Paredão sul,2,362,chao,247,3,1,5,105.024.003,Marmita Bom Apetite Com Bandeija E Valvula - Preto 800Ml,COZINHA,POTES,127,285,70,248640.09,414
12,Paredão sul,3,624,chao,247,3,1,1,215.012.003,Pote Ultraforte com Travas,COZINHA,POTES,165,285,87,289403.85,807
12,Paredão sul,3,624,chao,247,3,1,2,244.012.001,"Pote Raso Com Valvula - 3,2L (244)",COZINHA,POTES,210,372,72,284556.52,508
12,Paredão sul,3,624,chao,247,3,1,3,166.024.001,Porta Biscoitos e Torradas,COZINHA,POTES,91,285,89,255181.65,746
12,Paredão sul,3,624,chao,247,3,1,4,103.024.003,Com Bandeja,COZINHA,POTES,125,285,60,250322.05,499
12,Paredão sul,3,624,chao,247,3,1,5,105.024.003,Marmita Bom Apetite Com Bandeija E Valvula - Preto 800Ml,COZINHA,POTES,127,285,70,248640.09,414
12,Paredão sul,4,886,maos,247,1,1,1,555.012.001,Pote com Tampa Fixa,COZINHA,POTES,105,285,65,30080.38,327
12,Paredão sul,4,886,maos,247,1,1,2,555.012.003,Pote com Tampa Fixa,COZINHA,POTES,105,285,65,5117.28,60
12,Paredão sul,4,886,maos,247,1,1,3,320.012.001,Pote Modular - Transparente 450Ml,COZINHA,POTES,93,285,82,31523.11,242
12,Paredão sul,4,886,maos,247,1,1,4,320.012.003,Pote Modular - Preto 450Ml,COZINHA,POTES,145,285,73,2566.8,39
12,Paredão sul,4,886,maos,247,1,1,5,353.006.003,Kit Potes Modulares com 6 Peças,COZINHA,POTES,145,285,73,32623.56,24
12,Paredão sul,4,886,maos,247,1,1,6,124.012.003,Com Bandeja e Talheres,COZINHA,POTES,125,285,60,30854.7,158
12,Paredão sul,5,1148,maos,247,1,1,1,205.006.862,Kit Pote Fit Coloratto Com 3 Pecas - 450Ml (290/K),COZINHA,POTES,95,285,171,62317.04,267
12,Paredão sul,5,1148,maos,247,1,1,2,205.006.861,Kit Pote Fit Coloratto Com 2 Pecas - 450Ml (285/K),COZINHA,POTES,95,285,114,27091.02,218
12,Paredão sul,5,1148,maos,247,1,1,3,205.012.001,Pote Retangular Fit,COZINHA,POTES,95,285,56,18753.91,234
12,Paredão sul,5,1148,maos,247,1,1,4,205.012.003,Pote Retangular Fit,COZINHA,POTES,95,285,56,5287.08,83
12,Paredão sul,5,1148,maos,247,1,1,5,322.006.001,"Pote Modular - Transparente 1,2L",COZINHA,POTES,110,285,146,64068.31,367
12,Paredão sul,5,1148,maos,247,1,1,6,322.006.003,"Pote Modular - Preto 1,2L",COZINHA,POTES,235,285,108,26921.94,53
12,Paredão sul,6,1409,olhos,247,1,1,1,232.012.001,Pote Raso com Travas,COZINHA,POTES,110,285,50,183711.13,923
12,Paredão sul,6,1409,olhos,247,1,1,2,232.006.861,Kit Pote Raso Coloratto Com 2 Pecas - 500Ml,COZINHA,POTES,110,285,100,16980.72,141
12,Paredão sul,6,1409,olhos,247,1,1,3,232.006.862,Kit Pote Raso Coloratto Com 3 Pecas - 500Ml,COZINHA,POTES,110,285,150,12784.62,105
12,Paredão sul,6,1409,olhos,247,1,1,4,232.012.003,Pote Raso com Travas,COZINHA,POTES,110,285,50,10214.13,118
12,Paredão sul,6,1409,olhos,247,1,1,5,819.012.001,"Pote Alto Com Valvula - Transparente 4,6L",COZINHA,POTES,210,372,70,159834.31,302
12,Paredão sul,7,1671,olhos,222,1,1,1,215.012.003,Pote Ultraforte com Travas,COZINHA,POTES,165,285,87,289403.85,807
12,Paredão sul,7,1671,olhos,222,1,1,2,244.012.001,"Pote Raso Com Valvula - 3,2L (244)",COZINHA,POTES,210,372,72,284556.52,508
12,Paredão sul,7,1671,olhos,222,1,1,3,166.024.001,Porta Biscoitos e Torradas,COZINHA,POTES,91,285,89,255181.65,746
12,Paredão sul,7,1671,olhos,222,1,1,4,103.024.003,Com Bandeja,COZINHA,POTES,125,285,60,250322.05,499
12,Paredão sul,7,1671,olhos,222,1,1,5,105.024.003,Marmita Bom Apetite Com Bandeija E Valvula - Preto 800Ml,COZINHA,POTES,127,285,70,248640.09,414
13,Paredão sul,1,100,chao,247,3,1,1,030.012.001,Pote Monterey com 3 Divisórias,COZINHA,POTES,212,285,55,250297.93,459
13,Paredão sul,1,100,chao,247,3,1,2,030.012.003,Pote Monterey com 3 Divisórias,COZINHA,POTES,212,285,55,25746.36,95
13,Paredão sul,1,100,chao,247,3,1,3,362.012.003,Pote Acucar Acoplado Com Rosca - 2L,COZINHA,POTES,140,285,179,248403.06,1001
13,Paredão sul,1,100,chao,247,3,1,4,363.012.003,Pote Cafe Acoplado Com Rosca - 2L,COZINHA,POTES,140,285,179,247062.72,710
13,Paredão sul,2,362,chao,247,3,1,1,030.012.001,Pote Monterey com 3 Divisórias,COZINHA,POTES,212,285,55,250297.93,459
13,Paredão sul,2,362,chao,247,3,1,2,030.012.003,Pote Monterey com 3 Divisórias,COZINHA,POTES,212,285,55,25746.36,95
13,Paredão sul,2,362,chao,247,3,1,3,362.012.003,Pote Acucar Acoplado Com Rosca - 2L,COZINHA,POTES,140,285,179,248403.06,1001
13,Paredão sul,2,362,chao,247,3,1,4,363.012.003,Pote Cafe Acoplado Com Rosca - 2L,COZINHA,POTES,140,285,179,247062.72,710
13,Paredão sul,3,624,chao,247,3,1,1,030.012.001,Pote Monterey com 3 Divisórias,COZINHA,POTES,212,285,55,250297.93,459
13,Paredão sul,3,624,chao,247,3,1,2,030.012.003,Pote Monterey com 3 Divisórias,COZINHA,POTES,212,285,55,25746.36,95
13,Paredão sul,3,624,chao,247,3,1,3,362.012.003,Pote Acucar Acoplado Com Rosca - 2L,COZINHA,POTES,140,285,179,248403.06,1001
13,Paredão sul,3,624,chao,247,3,1,4,363.012.003,Pote Cafe Acoplado Com Rosca - 2L,COZINHA,POTES,140,285,179,247062.72,710
13,Paredão sul,4,886,maos,247,1,1,1,303.012.001,Pote Raso Retangular Raso,COZINHA,POTES,210,372,70,30679.37,171
13,Paredão sul,4,886,maos,247,1,1,2,303.012.003,Pote Raso Retangular Raso,COZINHA,POTES,210,372,70,2849.76,22
13,Paredão sul,4,886,maos,247,1,1,3,203.006.003,Pote Ultraforte com Travas,COZINHA,POTES,200,372,105,26459.44,154
13,Paredão sul,5,1148,maos,247,1,1,1,311.012.517,Marmita e Pote 2 em 1,COZINHA,POTES,125,285,60,40540.93,183
13,Paredão sul,5,1148,maos,247,1,1,2,311.012.515,Marmita e Pote 2 em 1,COZINHA,POTES,125,285,60,33267.18,124
13,Paredão sul,5,1148,maos,247,1,1,3,311.012.002,Marmita e Pote 2 em 1,COZINHA,POTES,125,285,60,14889.18,142
13,Paredão sul,5,1148,maos,247,1,1,4,311.012.001,Marmita e Pote 2 em 1,COZINHA,POTES,125,285,60,8754.72,67
13,Paredão sul,5,1148,maos,247,1,1,5,075.024.001,Sanduicheira Pratic,COZINHA,POTES,125,285,70,83281.03,535
13,Paredão sul,6,1409,olhos,247,1,1,1,2270.012.001,Pote Redondo com Travas,COZINHA,POTES,205,285,101,110417.37,411
13,Paredão sul,6,1409,olhos,247,1,1,2,2270.012.003,Pote Redondo com Travas,COZINHA,POTES,205,285,101,94150.2,204
13,Paredão sul,6,1409,olhos,247,1,1,3,154.012.001,Pote Alto com Travas,COZINHA,POTES,100,285,70,101377.25,826
13,Paredão sul,6,1409,olhos,247,1,1,4,154.006.861,Kit Pote Alto Coloratto Com 2 Pecas - 460Ml (286/K),COZINHA,POTES,100,285,140,36688.83,201
13,Paredão sul,6,1409,olhos,247,1,1,5,154.012.003,Pote Alto com Travas,COZINHA,POTES,100,285,70,8989.92,121
13,Paredão sul,7,1671,olhos,222,1,1,1,030.012.001,Pote Monterey com 3 Divisórias,COZINHA,POTES,212,285,55,250297.93,459
13,Paredão sul,7,1671,olhos,222,1,1,2,030.012.003,Pote Monterey com 3 Divisórias,COZINHA,POTES,212,285,55,25746.36,95
13,Paredão sul,7,1671,olhos,222,1,1,3,362.012.003,Pote Acucar Acoplado Com Rosca - 2L,COZINHA,POTES,140,285,179,248403.06,1001
13,Paredão sul,7,1671,olhos,222,1,1,4,363.012.003,Pote Cafe Acoplado Com Rosca - 2L,COZINHA,POTES,140,285,179,247062.72,710
14,Paredão sul,1,100,chao,247,3,1,1,3770.012.001,Pote Quadrado com Travas,COZINHA,POTES,185,285,88,264644.58,723
14,Paredão sul,1,100,chao,247,3,1,2,3770.012.003,Pote Quadrado com Travas,COZINHA,POTES,185,285,88,10284.36,50
14,Paredão sul,1,100,chao,247,3,1,3,155.012.001,Pote Alto com Travas,COZINHA,POTES,110,285,90,227906.2,945
14,Paredão sul,1,100,chao,247,3,1,4,155.006.861,Kit Pote Alto Coloratto Com 2 Pecas - 850 Ml,COZINHA,POTES,110,285,180,13920.07,108
14,Paredão sul,1,100,chao,247,3,1,5,155.012.003,Pote Alto com Travas,COZINHA,POTES,110,285,90,12062.91,104
14,Paredão sul,2,362,chao,247,3,1,1,3770.012.001,Pote Quadrado com Travas,COZINHA,POTES,185,285,88,264644.58,723
14,Paredão sul,2,362,chao,247,3,1,2,3770.012.003,Pote Quadrado com Travas,COZINHA,POTES,185,285,88,10284.36,50
14,Paredão sul,2,362,chao,247,3,1,3,155.012.001,Pote Alto com Travas,COZINHA,POTES,110,285,90,227906.2,945
14,Paredão sul,2,362,chao,247,3,1,4,155.006.861,Kit Pote Alto Coloratto Com 2 Pecas - 850 Ml,COZINHA,POTES,110,285,180,13920.07,108
14,Paredão sul,2,362,chao,247,3,1,5,155.012.003,Pote Alto com Travas,COZINHA,POTES,110,285,90,12062.91,104
14,Paredão sul,3,624,chao,247,3,1,1,3770.012.001,Pote Quadrado com Travas,COZINHA,POTES,185,285,88,264644.58,723
14,Paredão sul,3,624,chao,247,3,1,2,3770.012.003,Pote Quadrado com Travas,COZINHA,POTES,185,285,88,10284.36,50
14,Paredão sul,3,624,chao,247,3,1,3,155.012.001,Pote Alto com Travas,COZINHA,POTES,110,285,90,227906.2,945
14,Paredão sul,3,624,chao,247,3,1,4,155.006.861,Kit Pote Alto Coloratto Com 2 Pecas - 850 Ml,COZINHA,POTES,110,285,180,13920.07,108
14,Paredão sul,3,624,chao,247,3,1,5,155.012.003,Pote Alto com Travas,COZINHA,POTES,110,285,90,12062.91,104
14,Paredão sul,4,886,maos,247,1,1,1,197.024.010,Pote com Travas e 2 Div.,COZINHA,POTES,119,285,57,25836.6,160
14,Paredão sul,4,886,maos,247,1,1,2,190.012.001,Pote Alto com Travas,COZINHA,POTES,145,285,218,24459.0,80
14,Paredão sul,4,886,maos,247,1,1,3,190.012.003,Pote Alto com Travas,COZINHA,POTES,145,285,218,1140.12,5
14,Paredão sul,4,886,maos,247,1,1,4,821.004.001,Pote com Tampa Fixa,COZINHA,POTES,130,285,77,24905.44,84
14,Paredão sul,4,886,maos,247,1,1,5,821.004.003,Pote com Tampa Fixa,COZINHA,POTES,130,285,77,549.2,5
14,Paredão sul,5,1148,maos,247,1,1,1,3840.016.003,Kit Pote Café e Açúcar,COZINHA,POTES,183,285,155,82918.9,140
14,Paredão sul,5,1148,maos,247,1,1,2,2280.012.001,Pote Redondo com Travas,COZINHA,POTES,165,285,81,77902.76,379
14,Paredão sul,5,1148,maos,247,1,1,3,2280.012.003,Pote Redondo com Travas,COZINHA,POTES,165,285,81,3954.96,48
14,Paredão sul,5,1148,maos,247,1,1,4,246.024.001,Pote Alto com Válvula,COZINHA,POTES,120,285,70,79316.29,375
14,Paredão sul,6,1409,olhos,247,1,1,1,2570.012.001,Pote Alto Retangular,COZINHA,POTES,210,372,100,164887.93,456
14,Paredão sul,6,1409,olhos,247,1,1,2,2570.012.003,Pote Alto Retangular,COZINHA,POTES,210,372,100,25730.86,109
14,Paredão sul,6,1409,olhos,247,1,1,3,3820.016.644,Kit Pote Café e Açúcar,COZINHA,POTES,156,285,127,146163.07,546
14,Paredão sul,6,1409,olhos,247,1,1,4,360.012.003,Pote Feijao Acoplado Com Rosca - 2L,COZINHA,POTES,140,285,179,142422.77,540
14,Paredão sul,7,1671,olhos,222,1,1,1,3770.012.001,Pote Quadrado com Travas,COZINHA,POTES,185,285,88,264644.58,723
14,Paredão sul,7,1671,olhos,222,1,1,2,3770.012.003,Pote Quadrado com Travas,COZINHA,POTES,185,285,88,10284.36,50
14,Paredão sul,7,1671,olhos,222,1,1,3,155.012.001,Pote Alto com Travas,COZINHA,POTES,110,285,90,227906.2,945
14,Paredão sul,7,1671,olhos,222,1,1,4,155.006.861,Kit Pote Alto Coloratto Com 2 Pecas - 850 Ml,COZINHA,POTES,110,285,180,13920.07,108
14,Paredão sul,7,1671,olhos,222,1,1,5,155.012.003,Pote Alto com Travas,COZINHA,POTES,110,285,90,12062.91,104
15,Paredão sul,1,100,chao,247,3,1,1,234.012.001,Pote Raso com Travas,COZINHA,POTES,180,285,80,236917.52,688
15,Paredão sul,1,100,chao,247,3,1,2,234.012.003,Pote Raso com Travas,COZINHA,POTES,180,285,80,18507.72,86
15,Paredão sul,1,100,chao,247,3,1,3,151.012.001,Pote Alto com Travas,COZINHA,POTES,180,285,140,213603.16,544
15,Paredão sul,1,100,chao,247,3,1,4,151.012.003,Pote Alto com Travas,COZINHA,POTES,180,285,140,31858.92,78
15,Paredão sul,2,362,chao,247,3,1,1,234.012.001,Pote Raso com Travas,COZINHA,POTES,180,285,80,236917.52,688
15,Paredão sul,2,362,chao,247,3,1,2,234.012.003,Pote Raso com Travas,COZINHA,POTES,180,285,80,18507.72,86
15,Paredão sul,2,362,chao,247,3,1,3,151.012.001,Pote Alto com Travas,COZINHA,POTES,180,285,140,213603.16,544
15,Paredão sul,2,362,chao,247,3,1,4,151.012.003,Pote Alto com Travas,COZINHA,POTES,180,285,140,31858.92,78
15,Paredão sul,3,624,chao,247,3,1,1,234.012.001,Pote Raso com Travas,COZINHA,POTES,180,285,80,236917.52,688
15,Paredão sul,3,624,chao,247,3,1,2,234.012.003,Pote Raso com Travas,COZINHA,POTES,180,285,80,18507.72,86
15,Paredão sul,3,624,chao,247,3,1,3,151.012.001,Pote Alto com Travas,COZINHA,POTES,180,285,140,213603.16,544
15,Paredão sul,3,624,chao,247,3,1,4,151.012.003,Pote Alto com Travas,COZINHA,POTES,180,285,140,31858.92,78
15,Paredão sul,4,886,maos,247,1,1,1,361.012.003,Pote Farinha Acoplado Com Rosca - 2L,COZINHA,POTES,140,285,179,23619.99,232
15,Paredão sul,4,886,maos,247,1,1,2,228.012.003,Pote c/ Travas Laterais,COZINHA,POTES,165,285,80,22305.54,208
15,Paredão sul,4,886,maos,247,1,1,3,554.012.001,Pote com Tampa Fixa,COZINHA,POTES,80,285,60,17767.83,246
15,Paredão sul,4,886,maos,247,1,1,4,554.012.003,Pote com Tampa Fixa,COZINHA,POTES,80,285,60,2079.48,48
15,Paredão sul,4,886,maos,247,1,1,5,323.006.003,"Pote Modular - Preto 2,4L",COZINHA,POTES,235,285,108,3615.06,39
15,Paredão sul,5,1148,maos,247,1,1,1,2290.006.862,Coloratto com 3 Peças,COZINHA,POTES,125,285,180,42059.06,171
15,Paredão sul,5,1148,maos,247,1,1,2,2290.012.001,Pote Redondo com Travas,COZINHA,POTES,125,285,61,21719.79,264
15,Paredão sul,5,1148,maos,247,1,1,3,2290.012.003,Pote Redondo com Travas,COZINHA,POTES,125,285,61,4306.8,68
15,Paredão sul,5,1148,maos,247,1,1,4,301.012.001,Pote Raso Retangular Raso,COZINHA,POTES,150,285,50,53979.69,441
15,Paredão sul,5,1148,maos,247,1,1,5,301.012.003,Pote Raso Retangular Raso,COZINHA,POTES,150,285,50,11339.56,98
15,Paredão sul,6,1409,olhos,247,1,1,1,3760.012.001,Pote Quadrado com Travas,COZINHA,POTES,240,285,110,179756.96,406
15,Paredão sul,6,1409,olhos,247,1,1,2,3760.012.003,Pote Quadrado com Travas,COZINHA,POTES,240,285,110,3724.32,23
15,Paredão sul,6,1409,olhos,247,1,1,3,359.012.003,Pote Arroz Acoplado Com Rosca - 2L,COZINHA,POTES,140,285,179,128599.85,389
15,Paredão sul,6,1409,olhos,247,1,1,4,352.012.001,Kit Potes Modulares com 3 Peças,COZINHA,POTES,93,285,231,11700.51,48
15,Paredão sul,7,1671,olhos,222,1,1,1,234.012.001,Pote Raso com Travas,COZINHA,POTES,180,285,80,236917.52,688
15,Paredão sul,7,1671,olhos,222,1,1,2,234.012.003,Pote Raso com Travas,COZINHA,POTES,180,285,80,18507.72,86
15,Paredão sul,7,1671,olhos,222,1,1,3,151.012.001,Pote Alto com Travas,COZINHA,POTES,180,285,140,213603.16,544
15,Paredão sul,7,1671,olhos,222,1,1,4,151.012.003,Pote Alto com Travas,COZINHA,POTES,180,285,140,31858.92,78
16,Paredão sul,1,100,chao,247,3,1,1,034.012.001,Pote Mônaco com 3 Divisórias,COZINHA,POTES,190,285,50,244281.34,712
16,Paredão sul,1,100,chao,247,3,1,2,034.012.003,Pote Mônaco com 3 Divisórias,COZINHA,POTES,190,285,50,5421.13,31
16,Paredão sul,1,100,chao,247,3,1,3,243.024.001,"Pote Raso Com Valvula - 1,9L (243)",COZINHA,POTES,185,372,59,231692.59,490
16,Paredão sul,1,100,chao,247,3,1,4,242.024.001,Pote Raso com Válvula,COZINHA,POTES,150,285,50,213170.68,563
16,Paredão sul,2,362,chao,247,3,1,1,034.012.001,Pote Mônaco com 3 Divisórias,COZINHA,POTES,190,285,50,244281.34,712
16,Paredão sul,2,362,chao,247,3,1,2,034.012.003,Pote Mônaco com 3 Divisórias,COZINHA,POTES,190,285,50,5421.13,31
16,Paredão sul,2,362,chao,247,3,1,3,243.024.001,"Pote Raso Com Valvula - 1,9L (243)",COZINHA,POTES,185,372,59,231692.59,490
16,Paredão sul,2,362,chao,247,3,1,4,242.024.001,Pote Raso com Válvula,COZINHA,POTES,150,285,50,213170.68,563
16,Paredão sul,3,624,chao,247,3,1,1,034.012.001,Pote Mônaco com 3 Divisórias,COZINHA,POTES,190,285,50,244281.34,712
16,Paredão sul,3,624,chao,247,3,1,2,034.012.003,Pote Mônaco com 3 Divisórias,COZINHA,POTES,190,285,50,5421.13,31
16,Paredão sul,3,624,chao,247,3,1,3,243.024.001,"Pote Raso Com Valvula - 1,9L (243)",COZINHA,POTES,185,372,59,231692.59,490
16,Paredão sul,3,624,chao,247,3,1,4,242.024.001,Pote Raso com Válvula,COZINHA,POTES,150,285,50,213170.68,563
16,Paredão sul,4,886,maos,247,1,2,1,236.012.671,Pote Feijão Acoplado Com Rosca - 1L,COZINHA,POTES,118,285,150,1981.44,25
16,Paredão sul,4,886,maos,247,1,2,2,236.012.669,Pote Arroz Acoplado Com Rosca - 1L,COZINHA,POTES,118,285,150,1779.96,24
16,Paredão sul,4,886,maos,247,1,2,3,236.012.670,Pote Farinha Acoplado Com Rosca - 1L,COZINHA,POTES,118,285,150,800.52,11
16,Paredão sul,5,1148,maos,247,1,1,1,191.012.001,Pote com 2 Divisórias,COZINHA,POTES,170,285,67,52479.02,308
16,Paredão sul,5,1148,maos,247,1,1,2,191.012.003,Pote com 2 Divisórias,COZINHA,POTES,170,285,67,11491.56,61
16,Paredão sul,5,1148,maos,247,1,1,3,249.012.020,Pote Temperos Acoplado Com Rosca - 500Ml (249),COZINHA,POTES,118,285,82,63895.87,335
16,Paredão sul,5,1148,maos,247,1,1,4,2500.012.001,Pote Alto Retangular,COZINHA,POTES,119,285,66,46733.4,499
16,Paredão sul,5,1148,maos,247,1,1,5,2500.012.003,Pote Alto Retangular,COZINHA,POTES,119,285,66,4268.28,59
16,Paredão sul,6,1409,olhos,247,1,1,1,050.012.001,Pote Premier com 4 Divisórias,COZINHA,POTES,225,285,50,144018.86,497
16,Paredão sul,6,1409,olhos,247,1,1,2,050.012.003,Pote Premier com 4 Divisórias,COZINHA,POTES,225,285,50,16743.48,87
16,Paredão sul,6,1409,olhos,247,1,1,3,317.012.001,Marmita Fit,COZINHA,POTES,100,285,62,110430.97,217
16,Paredão sul,6,1409,olhos,247,1,1,4,317.012.003,Marmita Fit,COZINHA,POTES,127,285,68,3737.16,38
16,Paredão sul,7,1671,olhos,222,1,1,1,034.012.001,Pote Mônaco com 3 Divisórias,COZINHA,POTES,190,285,50,244281.34,712
16,Paredão sul,7,1671,olhos,222,1,1,2,034.012.003,Pote Mônaco com 3 Divisórias,COZINHA,POTES,190,285,50,5421.13,31
16,Paredão sul,7,1671,olhos,222,1,1,3,243.024.001,"Pote Raso Com Valvula - 1,9L (243)",COZINHA,POTES,185,372,59,231692.59,490
16,Paredão sul,7,1671,olhos,222,1,1,4,242.024.001,Pote Raso com Válvula,COZINHA,POTES,150,285,50,213170.68,563
17,Paredão sul,1,100,chao,247,3,1,1,238.012.001,Pote Acoplado Com Rosca - Transparente 2L,COZINHA,POTES,140,285,179,181397.0,538
17,Paredão sul,1,100,chao,247,3,1,2,238.012.002,Pote Acoplado Branco C/Rosca 2L,COZINHA,POTES,140,285,178,37681.16,270
17,Paredão sul,1,100,chao,247,3,1,3,238.012.003,Pote Acoplado Preto C/Rosca 2L,COZINHA,POTES,140,285,178,15931.33,91
17,Paredão sul,1,100,chao,247,3,1,4,216.012.003,Pote Ultraforte com Travas,COZINHA,POTES,200,372,105,212734.84,606
17,Paredão sul,2,362,chao,247,3,1,1,238.012.001,Pote Acoplado Com Rosca - Transparente 2L,COZINHA,POTES,140,285,179,181397.0,538
17,Paredão sul,2,362,chao,247,3,1,2,238.012.002,Pote Acoplado Branco C/Rosca 2L,COZINHA,POTES,140,285,178,37681.16,270
17,Paredão sul,2,362,chao,247,3,1,3,238.012.003,Pote Acoplado Preto C/Rosca 2L,COZINHA,POTES,140,285,178,15931.33,91
17,Paredão sul,2,362,chao,247,3,1,4,216.012.003,Pote Ultraforte com Travas,COZINHA,POTES,200,372,105,212734.84,606
17,Paredão sul,3,624,chao,247,3,1,1,238.012.001,Pote Acoplado Com Rosca - Transparente 2L,COZINHA,POTES,140,285,179,181397.0,538
17,Paredão sul,3,624,chao,247,3,1,2,238.012.002,Pote Acoplado Branco C/Rosca 2L,COZINHA,POTES,140,285,178,37681.16,270
17,Paredão sul,3,624,chao,247,3,1,3,238.012.003,Pote Acoplado Preto C/Rosca 2L,COZINHA,POTES,140,285,178,15931.33,91
17,Paredão sul,3,624,chao,247,3,1,4,216.012.003,Pote Ultraforte com Travas,COZINHA,POTES,200,372,105,212734.84,606
17,Paredão sul,4,886,maos,247,3,1,1,238.012.001,Pote Acoplado Com Rosca - Transparente 2L,COZINHA,POTES,140,285,179,181397.0,538
17,Paredão sul,4,886,maos,247,3,1,2,238.012.002,Pote Acoplado Branco C/Rosca 2L,COZINHA,POTES,140,285,178,37681.16,270
17,Paredão sul,4,886,maos,247,3,1,3,238.012.003,Pote Acoplado Preto C/Rosca 2L,COZINHA,POTES,140,285,178,15931.33,91
17,Paredão sul,4,886,maos,247,3,1,4,216.012.003,Pote Ultraforte com Travas,COZINHA,POTES,200,372,105,212734.84,606
17,Paredão sul,5,1148,maos,247,1,1,1,235.012.001,Pote Acoplado Com Rosca - Transparente 500Ml,COZINHA,POTES,118,285,82,27450.1,304
17,Paredão sul,5,1148,maos,247,1,1,2,235.012.002,Pote Acoplado Com Rosca - Branco 500Ml,COZINHA,POTES,118,285,82,18563.1,169
17,Paredão sul,5,1148,maos,247,1,1,3,235.012.003,Pote Acoplado Preto C/Rosca 500Ml,COZINHA,POTES,118,285,82,9735.2,106
17,Paredão sul,5,1148,maos,247,1,1,4,235.012.671,Pote Acoplado Preto C/Rosca - Sal 500Ml,COZINHA,POTES,118,285,82,4076.4,66
17,Paredão sul,5,1148,maos,247,1,1,5,248.012.009,Pote Tomatinho Acoplado Com Rosca - 500Ml (248),COZINHA,POTES,118,285,82,48255.55,368
17,Paredão sul,6,1409,olhos,247,1,1,1,239.012.001,Pote Acoplado Com Rosca - Transparente 3L,COZINHA,POTES,155,285,217,75341.37,308
17,Paredão sul,6,1409,olhos,247,1,1,2,239.012.002,Pote Acoplado Com Rosca - Branco 3L,COZINHA,POTES,155,285,217,43119.56,171
17,Paredão sul,6,1409,olhos,247,1,1,3,239.012.003,Pote Acoplado Preto C/Rosca 3L,COZINHA,POTES,155,285,217,20142.12,106
17,Paredão sul,6,1409,olhos,247,1,1,4,817.012.001,Pote Alto com Válvula,COZINHA,POTES,150,285,70,111682.0,364
17,Paredão sul,7,1671,olhos,222,1,1,1,238.012.001,Pote Acoplado Com Rosca - Transparente 2L,COZINHA,POTES,140,285,179,181397.0,538
17,Paredão sul,7,1671,olhos,222,1,1,2,238.012.002,Pote Acoplado Branco C/Rosca 2L,COZINHA,POTES,140,285,178,37681.16,270
17,Paredão sul,7,1671,olhos,222,1,1,3,238.012.003,Pote Acoplado Preto C/Rosca 2L,COZINHA,POTES,140,285,178,15931.33,91
17,Paredão sul,7,1671,olhos,222,1,1,4,216.012.003,Pote Ultraforte com Travas,COZINHA,POTES,200,372,105,212734.84,606
18,Paredão sul,1,100,chao,247,3,1,1,217.012.003,Pote Ultraforte com Travas,COZINHA,POTES,240,372,128,230051.12,513
18,Paredão sul,1,100,chao,247,3,1,2,2590.012.001,Pote Alto Retangular,COZINHA,POTES,150,285,72,187616.03,671
18,Paredão sul,1,100,chao,247,3,1,3,2590.012.003,Pote Alto Retangular,COZINHA,POTES,150,285,72,41793.72,124
18,Paredão sul,2,362,chao,247,3,1,1,217.012.003,Pote Ultraforte com Travas,COZINHA,POTES,240,372,128,230051.12,513
18,Paredão sul,2,362,chao,247,3,1,2,2590.012.001,Pote Alto Retangular,COZINHA,POTES,150,285,72,187616.03,671
18,Paredão sul,2,362,chao,247,3,1,3,2590.012.003,Pote Alto Retangular,COZINHA,POTES,150,285,72,41793.72,124
18,Paredão sul,3,624,chao,247,3,1,1,217.012.003,Pote Ultraforte com Travas,COZINHA,POTES,240,372,128,230051.12,513
18,Paredão sul,3,624,chao,247,3,1,2,2590.012.001,Pote Alto Retangular,COZINHA,POTES,150,285,72,187616.03,671
18,Paredão sul,3,624,chao,247,3,1,3,2590.012.003,Pote Alto Retangular,COZINHA,POTES,150,285,72,41793.72,124
18,Paredão sul,4,886,maos,247,3,1,1,217.012.003,Pote Ultraforte com Travas,COZINHA,POTES,240,372,128,230051.12,513
18,Paredão sul,4,886,maos,247,3,1,2,2590.012.001,Pote Alto Retangular,COZINHA,POTES,150,285,72,187616.03,671
18,Paredão sul,4,886,maos,247,3,1,3,2590.012.003,Pote Alto Retangular,COZINHA,POTES,150,285,72,41793.72,124
18,Paredão sul,5,1148,maos,247,1,1,1,212.012.003,Pote com Travas e 2 Div.,COZINHA,POTES,130,285,60,46851.82,275
18,Paredão sul,5,1148,maos,247,1,1,2,556.012.001,Pote com Tampa Fixa,COZINHA,POTES,130,285,77,42673.55,331
18,Paredão sul,5,1148,maos,247,1,1,3,556.012.003,Pote com Tampa Fixa,COZINHA,POTES,130,285,77,3700.44,41
18,Paredão sul,5,1148,maos,247,1,1,4,319.012.001,Pote Modular - Transparente 250Ml,COZINHA,POTES,78,285,69,42014.81,272
18,Paredão sul,5,1148,maos,247,1,1,5,319.012.003,Pote Modular - Preto 250Ml,COZINHA,POTES,113,285,58,3236.4,48
18,Paredão sul,6,1409,olhos,247,1,1,1,231.012.001,Pote Raso com Travas,COZINHA,POTES,100,285,40,80234.86,759
18,Paredão sul,6,1409,olhos,247,1,1,2,231.006.861,Kit Pote Raso Coloratto Com 2 Pecas - 270Ml (289/K),COZINHA,POTES,96,285,80,23410.6,164
18,Paredão sul,6,1409,olhos,247,1,1,3,231.006.862,Kit Pote Raso Coloratto Com 3 Pecas - 270Ml (291/K),COZINHA,POTES,96,285,120,18076.82,169
18,Paredão sul,6,1409,olhos,247,1,1,4,231.012.003,Pote Raso com Travas,COZINHA,POTES,100,285,40,3795.92,67
18,Paredão sul,6,1409,olhos,247,1,1,5,241.024.001,Pote Raso com Válvula,COZINHA,POTES,117,285,40,93939.12,423
18,Paredão sul,6,1409,olhos,247,1,1,6,158.024.029,Pote Alto com Travas,COZINHA,POTES,110,285,85,54604.7,292
18,Paredão sul,7,1671,olhos,222,1,1,1,217.012.003,Pote Ultraforte com Travas,COZINHA,POTES,240,372,128,230051.12,513
18,Paredão sul,7,1671,olhos,222,1,1,2,2590.012.001,Pote Alto Retangular,COZINHA,POTES,150,285,72,187616.03,671
18,Paredão sul,7,1671,olhos,222,1,1,3,2590.012.003,Pote Alto Retangular,COZINHA,POTES,150,285,72,41793.72,124
19,Paredão norte,1,100,chao,323,2,1,1,277.012.003,Cesto Juta com Alças,ORGANIZACAO,ORGANIZACAO,184,285,175,36149.25,90
19,Paredão norte,1,100,chao,323,2,1,2,501.012.086,Caixa Organizadora Flat com Tampa,ORGANIZACAO,ORGANIZACAO,116,285,108,36008.52,85
19,Paredão norte,1,100,chao,323,2,1,3,161.012.002,Porta Tudo,ORGANIZACAO,ORGANIZACAO,139,285,98,33921.65,222
19,Paredão norte,1,100,chao,323,2,1,4,260.012.003,Caixa Organizadora Baixa Rattan com Tampa,ORGANIZACAO,ORGANIZACAO,225,372,83,33329.17,149
19,Paredão norte,2,438,chao,323,2,1,1,068.012.086,Rattan com Tampa,ORGANIZACAO,ORGANIZACAO,225,372,148,86249.99,167
19,Paredão norte,2,438,chao,323,2,1,2,259.012.002,Caixa Organizadora Baixa Rattan com Tampa,ORGANIZACAO,ORGANIZACAO,200,285,83,84493.05,157
19,Paredão norte,2,438,chao,323,2,1,3,047.012.003,Cesto Organizador Vime,ORGANIZACAO,ORGANIZACAO,210,372,170,81933.89,323
19,Paredão norte,2,438,chao,323,2,1,4,140.012.066,Estojo Multiuso,ORGANIZACAO,ORGANIZACAO,68,285,35,70165.55,548
19,Paredão norte,3,776,chao,247,2,1,1,138.012.001,Organiza Tudo com Divisórias Móveis,ORGANIZACAO,ORGANIZACAO,175,285,43,387480.06,861
19,Paredão norte,3,776,chao,247,2,1,2,214.006.003,Organizador Multiuso Rattan Com 6 Divisorias - Preto (214/P),ORGANIZACAO,ORGANIZACAO,178,285,160,373144.87,1009
19,Paredão norte,3,776,chao,247,2,1,3,068.012.002,Rattan com Tampa,ORGANIZACAO,ORGANIZACAO,225,372,148,330909.31,399
19,Paredão norte,3,776,chao,247,2,1,4,256.024.003,Cesto Alongado Juta,ORGANIZACAO,ORGANIZACAO,99,285,87,208536.31,538
19,Paredão norte,4,1038,maos,350,1,1,1,177.012.003,Cestinho com Alça,ORGANIZACAO,ORGANIZACAO,193,285,135,47173.58,305
19,Paredão norte,4,1038,maos,350,1,1,2,177.012.002,Cestinho com Alça,ORGANIZACAO,ORGANIZACAO,193,285,135,43834.29,266
19,Paredão norte,4,1038,maos,350,1,1,3,380.024.003,Organizador de Gavetas Modular,ORGANIZACAO,ORGANIZACAO,99,285,87,5045.04,39
19,Paredão norte,4,1038,maos,350,1,1,4,380.024.002,Organizador de Gavetas Modular,ORGANIZACAO,ORGANIZACAO,99,285,87,4378.08,24
19,Paredão norte,4,1038,maos,350,1,1,5,380.024.001,Organizador de Gavetas Modular,ORGANIZACAO,ORGANIZACAO,99,285,87,1274.88,33
19,Paredão norte,4,1038,maos,350,2,3,6,184.016.001,Transparente,ORGANIZACAO,ORGANIZACAO,7,285,152,21946.65,113
19,Paredão norte,4,1038,maos,350,2,3,7,184.010.003,10 Peças - Preto,ORGANIZACAO,ORGANIZACAO,7,285,152,2783.5,15
20,Paredão norte,1,100,chao,323,2,1,1,065.012.086,Rattan com Tampa,ORGANIZACAO,ORGANIZACAO,154,285,90,33301.31,180
20,Paredão norte,1,100,chao,323,2,1,2,502.012.086,Caixa Organizadora Flat com Tampa,ORGANIZACAO,ORGANIZACAO,175,285,107,33263.4,84
20,Paredão norte,1,100,chao,323,2,1,3,313.006.562,Organizador De Cosmeticos Com 2 Gavetas - Rosa,ORGANIZACAO,ORGANIZACAO,185,285,210,32732.74,125
20,Paredão norte,1,100,chao,323,2,1,4,003.006.012,Gaveteiro Com 3 Gavetas - Rosa,ORGANIZACAO,ORGANIZACAO,180,285,173,30463.28,127
20,Paredão norte,2,438,chao,323,2,1,1,269.012.002,Cesto Europa Juta,ORGANIZACAO,ORGANIZACAO,240,372,187,80495.08,144
20,Paredão norte,2,438,chao,323,2,1,2,214.006.086,Organizador Multiuso Rattan Com 6 Divisorias - Chumbo,ORGANIZACAO,ORGANIZACAO,177,285,160,78702.74,421
20,Paredão norte,2,438,chao,323,2,1,3,162.012.003,Cesto com Alça,ORGANIZACAO,ORGANIZACAO,244,372,148,76223.91,245
20,Paredão norte,3,776,chao,247,2,1,1,062.012.003,Rattan com Tampa,ORGANIZACAO,ORGANIZACAO,200,285,107,315555.5,538
20,Paredão norte,3,776,chao,247,2,1,2,068.012.003,Rattan com Tampa,ORGANIZACAO,ORGANIZACAO,225,372,148,314588.44,425
20,Paredão norte,3,776,chao,247,2,1,3,062.012.002,Rattan com Tampa,ORGANIZACAO,ORGANIZACAO,200,285,105,311737.11,431
20,Paredão norte,3,776,chao,247,2,1,4,011.036.001,Organiza Tudo com Divisórias Móveis,ORGANIZACAO,ORGANIZACAO,95,285,32,144071.01,577
20,Paredão norte,4,1038,maos,350,1,2,1,277.012.002,Cesto Juta com Alças,ORGANIZACAO,ORGANIZACAO,184,285,175,50511.77,90
20,Paredão norte,4,1038,maos,350,1,1,2,277.012.003,Cesto Juta com Alças,ORGANIZACAO,ORGANIZACAO,184,285,175,36149.25,90
20,Paredão norte,4,1038,maos,350,2,1,3,041.012.003,Organizador Multiuso Rattan Com 3 Divisorias - Preto (041/P),ORGANIZACAO,ORGANIZACAO,110,285,178,859105.0,1727
21,Paredão norte,1,100,chao,323,2,1,1,093.012.003,Cestinho Versátil,ORGANIZACAO,ORGANIZACAO,200,285,105,30385.67,260
21,Paredão norte,1,100,chao,323,2,1,2,444.012.001,Para Gavetas,ORGANIZACAO,ORGANIZACAO,175,285,30,24221.41,134
21,Paredão norte,1,100,chao,323,2,1,3,383.012.003,Organizador de Gavetas Modular,ORGANIZACAO,ORGANIZACAO,148,285,53,22662.17,164
21,Paredão norte,1,100,chao,323,2,1,4,257.012.086,Cesto Alongado Juta,ORGANIZACAO,ORGANIZACAO,132,285,116,20802.71,137
21,Paredão norte,1,100,chao,323,2,1,5,384.012.003,Organizador de Gavetas Modular,ORGANIZACAO,ORGANIZACAO,68,285,53,13905.69,195
21,Paredão norte,2,438,chao,323,2,1,1,047.012.002,Cesto Organizador Vime,ORGANIZACAO,ORGANIZACAO,210,372,170,72515.54,246
21,Paredão norte,2,438,chao,323,2,1,2,269.012.003,Cesto Europa Juta,ORGANIZACAO,ORGANIZACAO,240,372,187,67068.69,130
21,Paredão norte,2,438,chao,323,2,1,3,268.012.002,Cesto Europa Juta,ORGANIZACAO,ORGANIZACAO,202,285,150,63098.7,163
21,Paredão norte,2,438,chao,323,2,1,4,381.012.003,Organizador de Gavetas Modular,ORGANIZACAO,ORGANIZACAO,72,372,53,22946.91,183
21,Paredão norte,3,776,chao,247,2,1,1,254.006.003,Modular Rattan,ORGANIZACAO,ORGANIZACAO,265,372,145,248265.19,285
21,Paredão norte,3,776,chao,247,2,1,2,258.006.003,Cesto Alongado Juta,ORGANIZACAO,ORGANIZACAO,165,372,145,234846.07,484
21,Paredão norte,3,776,chao,247,2,1,3,003.006.003,Gaveteiro Com 3 Gavetas - Preta (004/3P),ORGANIZACAO,ORGANIZACAO,180,285,173,232957.21,499
21,Paredão norte,3,776,chao,247,2,1,4,140.012.001,Estojo Multiuso,ORGANIZACAO,ORGANIZACAO,68,285,35,130666.19,865
21,Paredão norte,4,1038,maos,350,1,2,1,383.012.003,Organizador de Gavetas Modular,ORGANIZACAO,ORGANIZACAO,148,285,53,22662.17,164
21,Paredão norte,4,1038,maos,350,1,1,2,383.012.002,Organizador de Gavetas Modular,ORGANIZACAO,ORGANIZACAO,148,285,53,19378.92,111
21,Paredão norte,4,1038,maos,350,1,1,3,383.012.001,Organizador de Gavetas Modular,ORGANIZACAO,ORGANIZACAO,148,285,53,15312.35,184
21,Paredão norte,4,1038,maos,350,2,1,4,019.024.001,Maleta Organiza Tudo c/Divis. Móveis,ORGANIZACAO,ORGANIZACAO,118,285,41,408590.74,872
22,Paredão norte,1,100,chao,323,2,1,1,093.012.002,Cestinho Versátil,ORGANIZACAO,ORGANIZACAO,200,285,105,20513.51,185
22,Paredão norte,1,100,chao,323,2,1,2,314.006.562,Organizador De Cosmeticos Com 1 Gaveta - Rosa,ORGANIZACAO,ORGANIZACAO,185,285,155,19551.84,82
22,Paredão norte,1,100,chao,323,2,1,3,383.012.002,Organizador de Gavetas Modular,ORGANIZACAO,ORGANIZACAO,148,285,53,19378.92,111
22,Paredão norte,1,100,chao,323,2,1,4,381.012.001,Organizador de Gavetas Modular,ORGANIZACAO,ORGANIZACAO,72,372,53,19097.22,209
22,Paredão norte,1,100,chao,323,2,1,5,384.012.001,Organizador de Gavetas Modular,ORGANIZACAO,ORGANIZACAO,68,285,53,11778.37,204
22,Paredão norte,2,438,chao,323,2,1,1,502.012.002,Caixa Organizadora Flat com Tampa,ORGANIZACAO,ORGANIZACAO,175,285,107,62540.49,119
22,Paredão norte,2,438,chao,323,2,1,2,313.006.561,Organizador De Cosmeticos Com 2 Gavetas - Branca,ORGANIZACAO,ORGANIZACAO,185,285,210,62183.19,140
22,Paredão norte,2,438,chao,323,2,1,3,062.012.086,Rattan com Tampa,ORGANIZACAO,ORGANIZACAO,200,285,107,60957.32,188
22,Paredão norte,2,438,chao,323,2,1,4,123.012.027,"Caixa de Ferramentas Nitronfort 2,2L",ORGANIZACAO,ORGANIZACAO,140,372,98,60907.95,199
22,Paredão norte,3,776,chao,247,2,1,1,313.006.560,Organizador De Cosmeticos Com 2 Gavetas - Preta,ORGANIZACAO,ORGANIZACAO,185,285,210,201370.79,235
22,Paredão norte,3,776,chao,247,2,1,2,065.012.003,Rattan com Tampa,ORGANIZACAO,ORGANIZACAO,154,285,90,200308.95,485
22,Paredão norte,3,776,chao,247,2,1,3,214.006.002,Organizador Multiuso Rattan Com 6 Divisorias - Branco (214/B),ORGANIZACAO,ORGANIZACAO,177,285,160,190688.6,711
22,Paredão norte,3,776,chao,247,2,1,4,004.006.012,Gaveteiro Com 4 Gavetas - Rosa,ORGANIZACAO,ORGANIZACAO,180,285,225,183630.34,121
22,Paredão norte,4,1038,maos,350,1,2,1,093.012.003,Cestinho Versátil,ORGANIZACAO,ORGANIZACAO,200,285,105,30385.67,260
22,Paredão norte,4,1038,maos,350,1,1,2,093.012.002,Cestinho Versátil,ORGANIZACAO,ORGANIZACAO,200,285,105,20513.51,185
22,Paredão norte,4,1038,maos,350,2,1,3,041.012.002,Organizador Multiuso Rattan Com 3 Divisórias - Branco (041/B),ORGANIZACAO,ORGANIZACAO,110,285,178,341502.29,1186
23,Paredão norte,1,100,chao,323,2,1,1,260.012.086,Caixa Organizadora Baixa Rattan com Tampa,ORGANIZACAO,ORGANIZACAO,225,372,83,18331.04,79
23,Paredão norte,1,100,chao,323,2,1,2,258.006.086,Cesto Alongado Juta,ORGANIZACAO,ORGANIZACAO,165,372,145,16155.98,110
23,Paredão norte,1,100,chao,323,2,1,3,383.012.001,Organizador de Gavetas Modular,ORGANIZACAO,ORGANIZACAO,148,285,53,15312.35,184
23,Paredão norte,1,100,chao,323,2,1,4,384.012.002,Organizador de Gavetas Modular,ORGANIZACAO,ORGANIZACAO,68,285,53,11106.65,138
23,Paredão norte,1,100,chao,323,2,1,5,380.024.003,Organizador de Gavetas Modular,ORGANIZACAO,ORGANIZACAO,99,285,87,5045.04,39
23,Paredão norte,2,438,chao,323,2,1,1,501.012.002,Caixa Organizadora Flat com Tampa,ORGANIZACAO,ORGANIZACAO,116,285,108,56742.2,106
23,Paredão norte,2,438,chao,323,2,1,2,162.012.002,Cesto com Alça,ORGANIZACAO,ORGANIZACAO,244,372,148,56253.81,172
23,Paredão norte,2,438,chao,323,2,1,3,314.006.561,Organizador De Cosmeticos Com 1 Gaveta - Branca,ORGANIZACAO,ORGANIZACAO,185,285,155,55015.56,153
23,Paredão norte,2,438,chao,323,2,1,4,125.012.001,"Nitronbox 4,3L (125)",ORGANIZACAO,ORGANIZACAO,178,372,145,49152.34,183
23,Paredão norte,3,776,chao,247,2,1,1,258.006.002,Cesto Alongado Juta,ORGANIZACAO,ORGANIZACAO,165,372,145,178082.73,403
23,Paredão norte,3,776,chao,247,2,1,2,268.012.003,Cesto Europa Juta,ORGANIZACAO,ORGANIZACAO,202,285,150,170760.01,257
23,Paredão norte,3,776,chao,247,2,1,3,257.012.002,Cesto Alongado Juta,ORGANIZACAO,ORGANIZACAO,132,285,116,165738.06,446
23,Paredão norte,3,776,chao,247,2,1,4,065.012.002,Rattan com Tampa,ORGANIZACAO,ORGANIZACAO,155,285,93,157591.03,399
23,Paredão norte,3,776,chao,247,2,1,5,198.012.001,Estojo Super Prático,ORGANIZACAO,ORGANIZACAO,64,285,40,127247.8,549
23,Paredão norte,4,1038,maos,350,1,2,1,382.012.001,Organizador de Gavetas Modular,ORGANIZACAO,ORGANIZACAO,147,285,53,9445.83,155
23,Paredão norte,4,1038,maos,350,1,1,2,382.012.003,Organizador de Gavetas Modular,ORGANIZACAO,ORGANIZACAO,147,285,53,7819.44,133
23,Paredão norte,4,1038,maos,350,1,1,3,382.012.002,Organizador de Gavetas Modular,ORGANIZACAO,ORGANIZACAO,147,285,53,5162.76,90
23,Paredão norte,4,1038,maos,350,2,1,4,257.012.003,Cesto Alongado Juta,ORGANIZACAO,ORGANIZACAO,132,285,116,227096.15,578
24,Paredão norte,1,100,chao,323,2,1,1,259.012.086,Caixa Organizadora Baixa Rattan com Tampa,ORGANIZACAO,ORGANIZACAO,200,285,83,12165.72,74
24,Paredão norte,1,100,chao,323,2,1,2,382.012.001,Organizador de Gavetas Modular,ORGANIZACAO,ORGANIZACAO,147,285,53,9445.83,155
24,Paredão norte,1,100,chao,323,2,1,3,382.012.003,Organizador de Gavetas Modular,ORGANIZACAO,ORGANIZACAO,147,285,53,7819.44,133
24,Paredão norte,1,100,chao,323,2,1,4,382.012.002,Organizador de Gavetas Modular,ORGANIZACAO,ORGANIZACAO,147,285,53,5162.76,90
24,Paredão norte,2,438,chao,323,2,1,1,503.006.086,Caixa Organizadora Flat com Tampa,ORGANIZACAO,ORGANIZACAO,261,372,139,52220.88,110
24,Paredão norte,2,438,chao,323,2,1,2,308.006.520,Estojo Super Prático,ORGANIZACAO,ORGANIZACAO,205,285,59,51702.32,115
24,Paredão norte,2,438,chao,323,2,1,3,277.012.002,Cesto Juta com Alças,ORGANIZACAO,ORGANIZACAO,184,285,175,50511.77,90
24,Paredão norte,2,438,chao,323,2,1,4,381.012.002,Organizador de Gavetas Modular,ORGANIZACAO,ORGANIZACAO,72,372,53,19444.8,122
24,Paredão norte,3,776,chao,247,2,1,1,503.006.001,Caixa Organizadora Flat com Tampa,ORGANIZACAO,ORGANIZACAO,259,372,139,165707.81,305
24,Paredão norte,3,776,chao,247,2,1,2,445.012.001,Cosméticos e Bijou,ORGANIZACAO,ORGANIZACAO,130,285,80,154856.53,286
24,Paredão norte,3,776,chao,247,2,1,3,503.006.003,Caixa Organizadora Flat com Tampa,ORGANIZACAO,ORGANIZACAO,259,372,139,147690.73,220
24,Paredão norte,3,776,chao,247,2,1,4,198.012.066,Estojo Super Prático,ORGANIZACAO,ORGANIZACAO,64,285,40,81519.59,423
24,Paredão norte,4,1038,maos,350,2,1,1,013.050.004,Suporte Para Botijão,ORGANIZACAO,ORGANIZACAO,290,372,60,1278677.41,722
24,Paredão norte,4,1038,maos,350,2,1,2,004.006.003,Gaveteiro Com 4 Gavetas - Preta (004/4P),ORGANIZACAO,ORGANIZACAO,180,285,225,739649.29,589
24,Paredão norte,4,1038,maos,350,2,1,3,106.012.001,Maleta Organiza Tudo c/Divis. Móveis,ORGANIZACAO,ORGANIZACAO,195,372,48,533419.13,783
25,Paredão norte,1,100,chao,323,2,4,1,380.024.002,Organizador de Gavetas Modular,ORGANIZACAO,ORGANIZACAO,99,285,87,4378.08,24
25,Paredão norte,1,100,chao,323,2,3,2,380.024.001,Organizador de Gavetas Modular,ORGANIZACAO,ORGANIZACAO,99,285,87,1274.88,33
25,Paredão norte,2,438,chao,323,2,1,1,259.012.003,Caixa Organizadora Baixa Rattan com Tampa,ORGANIZACAO,ORGANIZACAO,200,285,83,47459.02,83
25,Paredão norte,2,438,chao,323,2,1,2,177.012.003,Cestinho com Alça,ORGANIZACAO,ORGANIZACAO,193,285,135,47173.58,305
25,Paredão norte,2,438,chao,323,2,1,3,260.012.002,Caixa Organizadora Baixa Rattan com Tampa,ORGANIZACAO,ORGANIZACAO,225,372,83,46350.45,122
25,Paredão norte,2,438,chao,323,2,1,4,256.024.086,Cesto Alongado Juta,ORGANIZACAO,ORGANIZACAO,99,285,87,21183.09,140
25,Paredão norte,3,776,chao,247,2,1,1,501.012.003,Caixa Organizadora Flat com Tampa,ORGANIZACAO,ORGANIZACAO,116,285,108,137598.56,267
25,Paredão norte,3,776,chao,247,2,1,2,003.006.002,Gaveteiro Com 3 Gavetas - Branca (004/3B),ORGANIZACAO,ORGANIZACAO,180,285,173,135422.22,337
25,Paredão norte,3,776,chao,247,2,1,3,502.012.001,Caixa Organizadora Flat com Tampa,ORGANIZACAO,ORGANIZACAO,175,285,107,130789.68,304
25,Paredão norte,3,776,chao,247,2,1,4,256.024.002,Cesto Alongado Juta,ORGANIZACAO,ORGANIZACAO,99,285,87,124128.81,416
25,Paredão norte,3,776,chao,247,2,1,5,041.012.086,Organizador Multiuso Rattan Com 3 Divisorias - Chumbo,ORGANIZACAO,ORGANIZACAO,110,285,178,92531.34,593
25,Paredão norte,4,1038,maos,350,2,1,1,013.050.003,Suporte Para Botijão,ORGANIZACAO,ORGANIZACAO,290,372,60,663645.62,1146
25,Paredão norte,4,1038,maos,350,2,1,2,254.006.002,Modular Rattan,ORGANIZACAO,ORGANIZACAO,265,372,145,508523.35,246
25,Paredão norte,4,1038,maos,350,2,1,3,123.012.028,"Caixa de Ferramentas Nitronfort 2,2L",ORGANIZACAO,ORGANIZACAO,140,372,98,275472.05,501
26,Paredão norte,1,100,chao,323,3,1,1,004.006.002,Gaveteiro Com 4 Gavetas - Branca (004/4B),ORGANIZACAO,ORGANIZACAO,180,285,225,472218.28,359
26,Paredão norte,1,100,chao,323,3,1,2,187.006.001,Organiza Tudo com Divisórias Móveis,ORGANIZACAO,ORGANIZACAO,270,372,60,414222.22,505
26,Paredão norte,1,100,chao,323,3,1,3,254.006.001,Modular Rattan,ORGANIZACAO,ORGANIZACAO,265,372,145,404940.5,326
26,Paredão norte,2,438,chao,323,2,1,1,501.012.001,Caixa Organizadora Flat com Tampa,ORGANIZACAO,ORGANIZACAO,116,285,108,45872.67,178
26,Paredão norte,2,438,chao,323,2,1,2,177.012.002,Cestinho com Alça,ORGANIZACAO,ORGANIZACAO,193,285,135,43834.29,266
26,Paredão norte,2,438,chao,323,2,1,3,502.012.003,Caixa Organizadora Flat com Tampa,ORGANIZACAO,ORGANIZACAO,175,285,107,41781.6,116
26,Paredão norte,2,438,chao,323,2,1,4,314.006.560,Organizador De Cosmeticos Com 1 Gaveta - Preta,ORGANIZACAO,ORGANIZACAO,185,285,155,36377.04,153
26,Paredão norte,3,776,chao,247,2,1,1,503.006.002,Caixa Organizadora Flat com Tampa,ORGANIZACAO,ORGANIZACAO,259,372,139,126819.02,156
26,Paredão norte,3,776,chao,247,2,1,2,109.012.001,Nitronbox 6L (109),ORGANIZACAO,ORGANIZACAO,228,372,130,120671.23,250
26,Paredão norte,3,776,chao,247,2,1,3,446.012.001,Pincéis e Acessórios,ORGANIZACAO,ORGANIZACAO,95,285,105,86705.0,301
26,Paredão norte,3,776,chao,247,2,1,4,123.012.045,"Caixa de Ferramentas Nitronfort 2,2L",ORGANIZACAO,ORGANIZACAO,140,372,98,84188.99,329
26,Paredão norte,4,1038,maos,350,2,1,1,004.006.002,Gaveteiro Com 4 Gavetas - Branca (004/4B),ORGANIZACAO,ORGANIZACAO,180,285,225,472218.28,359
26,Paredão norte,4,1038,maos,350,2,1,2,187.006.001,Organiza Tudo com Divisórias Móveis,ORGANIZACAO,ORGANIZACAO,270,372,60,414222.22,505
26,Paredão norte,4,1038,maos,350,2,1,3,254.006.001,Modular Rattan,ORGANIZACAO,ORGANIZACAO,265,372,145,404940.5,326
27,Paredão do fundo,1,100,chao,490,3,1,1,185.012.003,Porta Vassouras com 9 posições,BANHO E LAVANDERIA,LIMPEZA,50,372,50,639710.47,1115
27,Paredão do fundo,1,100,chao,490,3,1,2,185.012.002,Porta Vassouras com 9 posições,BANHO E LAVANDERIA,LIMPEZA,50,372,50,419905.88,761
27,Paredão do fundo,1,100,chao,490,3,1,3,008.012.003,Porta Sabão em Pó,BANHO E LAVANDERIA,LIMPEZA,105,285,250,238697.68,508
27,Paredão do fundo,1,100,chao,490,3,1,4,008.012.002,Porta Sabão em Pó com Dosador,BANHO E LAVANDERIA,LIMPEZA,105,285,250,194491.75,355
27,Paredão do fundo,1,100,chao,490,3,1,5,017.024.999,Pá de Lixo Inova,BANHO E LAVANDERIA,LIMPEZA,225,372,102,89603.83,281
27,Paredão do fundo,1,100,chao,490,3,1,6,012.012.016,Porta Sabão em Pó,BANHO E LAVANDERIA,LIMPEZA,79,285,157,45511.38,532
27,Paredão do fundo,2,605,chao,323,3,1,1,185.012.003,Porta Vassouras com 9 posições,BANHO E LAVANDERIA,LIMPEZA,50,372,50,639710.47,1115
27,Paredão do fundo,2,605,chao,323,3,1,2,185.012.002,Porta Vassouras com 9 posições,BANHO E LAVANDERIA,LIMPEZA,50,372,50,419905.88,761
27,Paredão do fundo,2,605,chao,323,3,1,3,008.012.003,Porta Sabão em Pó,BANHO E LAVANDERIA,LIMPEZA,105,285,250,238697.68,508
27,Paredão do fundo,2,605,chao,323,3,1,4,008.012.002,Porta Sabão em Pó com Dosador,BANHO E LAVANDERIA,LIMPEZA,105,285,250,194491.75,355
27,Paredão do fundo,2,605,chao,323,3,1,5,017.024.999,Pá de Lixo Inova,BANHO E LAVANDERIA,LIMPEZA,225,372,102,89603.83,281
27,Paredão do fundo,2,605,chao,323,3,1,6,012.012.016,Porta Sabão em Pó,BANHO E LAVANDERIA,LIMPEZA,79,285,157,45511.38,532
27,Paredão do fundo,3,943,maos,323,1,2,1,098.012.999,Balde Limpex,BANHO E LAVANDERIA,LIMPEZA,283,372,243,15666.52,68
27,Paredão do fundo,4,1281,maos,247,1,2,1,128.012.003,Cestinho para Prendedor ﬂoral,BANHO E LAVANDERIA,LIMPEZA,188,285,110,101786.96,672
27,Paredão do fundo,4,1281,maos,247,1,1,2,128.012.002,Cestinho para Prendedor,BANHO E LAVANDERIA,LIMPEZA,188,285,110,50495.34,343
27,Paredão do fundo,5,1542,olhos,350,1,1,1,185.012.003,Porta Vassouras com 9 posições,BANHO E LAVANDERIA,LIMPEZA,50,372,50,639710.47,1115
27,Paredão do fundo,5,1542,olhos,350,1,1,2,185.012.002,Porta Vassouras com 9 posições,BANHO E LAVANDERIA,LIMPEZA,50,372,50,419905.88,761
27,Paredão do fundo,5,1542,olhos,350,1,1,3,008.012.003,Porta Sabão em Pó,BANHO E LAVANDERIA,LIMPEZA,105,285,250,238697.68,508
27,Paredão do fundo,5,1542,olhos,350,1,1,4,008.012.002,Porta Sabão em Pó com Dosador,BANHO E LAVANDERIA,LIMPEZA,105,285,250,194491.75,355
27,Paredão do fundo,5,1542,olhos,350,1,1,5,017.024.999,Pá de Lixo Inova,BANHO E LAVANDERIA,LIMPEZA,225,372,102,89603.83,281
27,Paredão do fundo,5,1542,olhos,350,1,1,6,012.012.016,Porta Sabão em Pó,BANHO E LAVANDERIA,LIMPEZA,79,285,157,45511.38,532
28,Paredão do fundo,1,100,chao,490,3,1,1,284.012.003,Cesto Transporta Tudo,BANHO E LAVANDERIA,LIMPEZA,263,372,182,215018.36,355
28,Paredão do fundo,1,100,chao,490,3,1,2,284.012.002,Cesto Transporta Tudo,BANHO E LAVANDERIA,LIMPEZA,263,372,182,137871.97,245
28,Paredão do fundo,2,605,chao,323,3,1,1,284.012.003,Cesto Transporta Tudo,BANHO E LAVANDERIA,LIMPEZA,263,372,182,215018.36,355
28,Paredão do fundo,2,605,chao,323,3,1,2,284.012.002,Cesto Transporta Tudo,BANHO E LAVANDERIA,LIMPEZA,263,372,182,137871.97,245
28,Paredão do fundo,3,943,maos,323,3,1,1,284.012.003,Cesto Transporta Tudo,BANHO E LAVANDERIA,LIMPEZA,263,372,182,215018.36,355
28,Paredão do fundo,3,943,maos,323,3,1,2,284.012.002,Cesto Transporta Tudo,BANHO E LAVANDERIA,LIMPEZA,263,372,182,137871.97,245
28,Paredão do fundo,4,1281,maos,247,1,2,1,024.012.002,Cestinho para Prendedor ﬂoral,BANHO E LAVANDERIA,LIMPEZA,144,285,135,39072.14,312
28,Paredão do fundo,4,1281,maos,247,1,1,2,024.012.003,Cestinho para Prendedor ﬂoral,BANHO E LAVANDERIA,LIMPEZA,144,285,135,37819.05,293
28,Paredão do fundo,4,1281,maos,247,1,1,3,113.012.003,Tanquinho Porta Sabão em Barra,BANHO E LAVANDERIA,LIMPEZA,129,285,122,33847.66,295
28,Paredão do fundo,4,1281,maos,247,1,1,4,113.012.002,Tanquinho Porta Sabão em Barra,BANHO E LAVANDERIA,LIMPEZA,129,285,122,24128.19,202
28,Paredão do fundo,5,1542,olhos,350,1,1,1,284.012.003,Cesto Transporta Tudo,BANHO E LAVANDERIA,LIMPEZA,263,372,182,215018.36,355
28,Paredão do fundo,5,1542,olhos,350,1,1,2,284.012.002,Cesto Transporta Tudo,BANHO E LAVANDERIA,LIMPEZA,263,372,182,137871.97,245
29,Paredão do fundo,1,100,chao,490,1,1,1,150.004.003,Lixeira com Pedal,BANHO E LAVANDERIA,LIXEIRAS,295,372,364,265669.61,530
29,Paredão do fundo,1,100,chao,490,1,1,2,150.004.002,Lixeira com Pedal,BANHO E LAVANDERIA,LIXEIRAS,297,372,363,140267.7,396
29,Paredão do fundo,2,605,chao,323,3,1,1,052.006.003,Lixeira Rattan com Pedal,BANHO E LAVANDERIA,LIXEIRAS,208,285,260,1019431.18,1313
29,Paredão do fundo,2,605,chao,323,3,1,2,052.006.002,Lixeira Rattan com Pedal,BANHO E LAVANDERIA,LIXEIRAS,210,285,260,904483.82,1110
29,Paredão do fundo,2,605,chao,323,3,1,3,052.006.086,Lixeira Rattan com Pedal,BANHO E LAVANDERIA,LIXEIRAS,208,285,260,550624.96,688
29,Paredão do fundo,3,943,maos,323,1,1,1,397.004.003,Lixeira Flat com Pedal,BANHO E LAVANDERIA,LIXEIRAS,256,285,320,260713.43,438
29,Paredão do fundo,3,943,maos,323,1,1,2,397.004.002,Lixeira Flat com Pedal,BANHO E LAVANDERIA,LIXEIRAS,256,285,320,150237.85,298
29,Paredão do fundo,4,1281,maos,247,1,2,1,450.012.086,Lixeira Juta com Clique,BANHO E LAVANDERIA,LIXEIRAS,160,285,225,99126.44,133
29,Paredão do fundo,4,1281,maos,247,1,1,2,450.012.002,Lixeira Juta com Clique,BANHO E LAVANDERIA,LIXEIRAS,160,285,225,90322.67,183
29,Paredão do fundo,4,1281,maos,247,1,1,3,450.012.003,Lixeira Juta com Clique,BANHO E LAVANDERIA,LIXEIRAS,160,285,225,79395.04,186
29,Paredão do fundo,5,1542,olhos,350,1,1,1,052.006.003,Lixeira Rattan com Pedal,BANHO E LAVANDERIA,LIXEIRAS,208,285,260,1019431.18,1313
29,Paredão do fundo,5,1542,olhos,350,1,1,2,052.006.002,Lixeira Rattan com Pedal,BANHO E LAVANDERIA,LIXEIRAS,210,285,260,904483.82,1110
29,Paredão do fundo,5,1542,olhos,350,1,1,3,052.006.086,Lixeira Rattan com Pedal,BANHO E LAVANDERIA,LIXEIRAS,208,285,260,550624.96,688
30,Paredão do fundo,1,100,chao,490,1,2,1,148.004.003,Lixeira Basculante,BANHO E LAVANDERIA,LIXEIRAS,240,372,430,174129.59,365
30,Paredão do fundo,1,100,chao,490,1,1,2,148.004.002,Lixeira Basculante,BANHO E LAVANDERIA,LIXEIRAS,240,372,430,99519.05,264
30,Paredão do fundo,2,605,chao,323,3,1,1,163.004.003,Lixeira Vime,BANHO E LAVANDERIA,LIXEIRAS,232,285,320,770151.73,890
30,Paredão do fundo,2,605,chao,323,3,1,2,163.004.002,Lixeira Vime,BANHO E LAVANDERIA,LIXEIRAS,232,285,320,302408.01,610
30,Paredão do fundo,2,605,chao,323,3,1,3,163.004.086,Lixeira Vime,BANHO E LAVANDERIA,LIXEIRAS,232,285,320,173982.25,432
30,Paredão do fundo,3,943,maos,323,1,1,1,130.012.003,Lixeira Retrátil,BANHO E LAVANDERIA,LIXEIRAS,158,285,275,187630.49,718
30,Paredão do fundo,3,943,maos,323,1,1,2,130.012.002,Lixeira Retrátil,BANHO E LAVANDERIA,LIXEIRAS,158,285,275,92278.44,482
30,Paredão do fundo,3,943,maos,323,1,1,3,173.012.003,Lixeira Fênix,BANHO E LAVANDERIA,LIXEIRAS,200,285,292,42927.25,255
30,Paredão do fundo,3,943,maos,323,1,1,4,173.012.002,Lixeira Fênix,BANHO E LAVANDERIA,LIXEIRAS,200,285,292,34939.9,217
30,Paredão do fundo,4,1281,maos,247,1,2,1,091.012.003,Lixeira Verona,BANHO E LAVANDERIA,LIXEIRAS,196,285,207,37070.14,330
30,Paredão do fundo,4,1281,maos,247,1,1,2,091.012.002,Lixeira Verona,BANHO E LAVANDERIA,LIXEIRAS,196,285,207,26608.88,243
30,Paredão do fundo,5,1542,olhos,350,1,1,1,163.004.003,Lixeira Vime,BANHO E LAVANDERIA,LIXEIRAS,232,285,320,770151.73,890
30,Paredão do fundo,5,1542,olhos,350,1,1,2,163.004.002,Lixeira Vime,BANHO E LAVANDERIA,LIXEIRAS,232,285,320,302408.01,610
30,Paredão do fundo,5,1542,olhos,350,1,1,3,163.004.086,Lixeira Vime,BANHO E LAVANDERIA,LIXEIRAS,232,285,320,173982.25,432
31,Paredão do fundo,1,100,chao,490,3,2,1,134.012.003,Lixeira Basculante Rattan,BANHO E LAVANDERIA,LIXEIRAS,160,285,300,561419.34,911
31,Paredão do fundo,1,100,chao,490,3,1,2,134.012.002,Lixeira Basculante Rattan,BANHO E LAVANDERIA,LIXEIRAS,160,285,300,266784.28,707
31,Paredão do fundo,1,100,chao,490,3,1,3,134.012.086,Lixeira Basculante Rattan,BANHO E LAVANDERIA,LIXEIRAS,160,285,300,144700.48,313
31,Paredão do fundo,2,605,chao,323,3,2,1,134.012.003,Lixeira Basculante Rattan,BANHO E LAVANDERIA,LIXEIRAS,160,285,300,561419.34,911
31,Paredão do fundo,2,605,chao,323,3,1,2,134.012.002,Lixeira Basculante Rattan,BANHO E LAVANDERIA,LIXEIRAS,160,285,300,266784.28,707
31,Paredão do fundo,2,605,chao,323,3,1,3,134.012.086,Lixeira Basculante Rattan,BANHO E LAVANDERIA,LIXEIRAS,160,285,300,144700.48,313
31,Paredão do fundo,3,943,maos,323,1,2,1,449.006.003,Lixeira Juta com Pedal,BANHO E LAVANDERIA,LIXEIRAS,163,285,260,137034.32,452
31,Paredão do fundo,3,943,maos,323,1,1,2,449.006.002,Lixeira Juta com Pedal,BANHO E LAVANDERIA,LIXEIRAS,163,285,260,47808.72,235
31,Paredão do fundo,3,943,maos,323,1,1,3,449.006.086,Lixeira Juta com Pedal,BANHO E LAVANDERIA,LIXEIRAS,163,285,260,20915.57,121
31,Paredão do fundo,4,1281,maos,247,1,2,1,453.012.003,Lixeira Rattan com Clique,BANHO E LAVANDERIA,LIXEIRAS,160,285,225,29807.16,168
31,Paredão do fundo,4,1281,maos,247,1,1,2,453.012.002,Lixeira Rattan com Clique,BANHO E LAVANDERIA,LIXEIRAS,160,285,225,21317.85,105
31,Paredão do fundo,4,1281,maos,247,1,1,3,453.012.086,Lixeira Rattan com Clique,BANHO E LAVANDERIA,LIXEIRAS,160,285,225,10017.18,48
31,Paredão do fundo,5,1542,olhos,350,1,2,1,134.012.003,Lixeira Basculante Rattan,BANHO E LAVANDERIA,LIXEIRAS,160,285,300,561419.34,911
31,Paredão do fundo,5,1542,olhos,350,1,1,2,134.012.002,Lixeira Basculante Rattan,BANHO E LAVANDERIA,LIXEIRAS,160,285,300,266784.28,707
31,Paredão do fundo,5,1542,olhos,350,1,1,3,134.012.086,Lixeira Basculante Rattan,BANHO E LAVANDERIA,LIXEIRAS,160,285,300,144700.48,313
32,Paredão do fundo,1,100,chao,490,3,2,1,283.004.003,Lixeira Juta com Pedal,BANHO E LAVANDERIA,LIXEIRAS,175,372,325,380323.43,559
32,Paredão do fundo,1,100,chao,490,3,1,2,283.004.002,Lixeira Juta com Pedal,BANHO E LAVANDERIA,LIXEIRAS,175,372,325,331767.33,427
32,Paredão do fundo,1,100,chao,490,3,1,3,283.004.086,Lixeira Juta com Pedal,BANHO E LAVANDERIA,LIXEIRAS,175,372,325,157024.27,264
32,Paredão do fundo,2,605,chao,323,3,1,1,398.004.003,Lixeira Flat com Clique,BANHO E LAVANDERIA,LIXEIRAS,185,372,315,50066.56,232
32,Paredão do fundo,2,605,chao,323,3,1,2,398.004.086,Lixeira Flat com Clique,BANHO E LAVANDERIA,LIXEIRAS,185,372,315,28048.78,80
32,Paredão do fundo,2,605,chao,323,3,1,3,398.004.002,Lixeira Flat com Clique,BANHO E LAVANDERIA,LIXEIRAS,185,372,315,18599.4,159
32,Paredão do fundo,3,943,maos,323,1,1,1,398.004.003,Lixeira Flat com Clique,BANHO E LAVANDERIA,LIXEIRAS,185,372,315,50066.56,232
32,Paredão do fundo,3,943,maos,323,1,1,2,398.004.086,Lixeira Flat com Clique,BANHO E LAVANDERIA,LIXEIRAS,185,372,315,28048.78,80
32,Paredão do fundo,3,943,maos,323,1,1,3,398.004.002,Lixeira Flat com Clique,BANHO E LAVANDERIA,LIXEIRAS,185,372,315,18599.4,159
32,Paredão do fundo,5,1542,olhos,350,1,2,1,283.004.003,Lixeira Juta com Pedal,BANHO E LAVANDERIA,LIXEIRAS,175,372,325,380323.43,559
32,Paredão do fundo,5,1542,olhos,350,1,1,2,283.004.002,Lixeira Juta com Pedal,BANHO E LAVANDERIA,LIXEIRAS,175,372,325,331767.33,427
32,Paredão do fundo,5,1542,olhos,350,1,1,3,283.004.086,Lixeira Juta com Pedal,BANHO E LAVANDERIA,LIXEIRAS,175,372,325,157024.27,264
33,Paredão do fundo,1,100,chao,490,3,2,1,396.006.003,Lixeira Flat com Pedal,BANHO E LAVANDERIA,LIXEIRAS,172,285,268,422993.52,494
33,Paredão do fundo,1,100,chao,490,3,1,2,396.006.002,Lixeira Flat com Pedal,BANHO E LAVANDERIA,LIXEIRAS,172,285,268,301157.16,349
33,Paredão do fundo,1,100,chao,490,3,1,3,396.006.086,Lixeira Flat com Pedal,BANHO E LAVANDERIA,LIXEIRAS,172,285,268,71101.47,200
33,Paredão do fundo,2,605,chao,323,3,2,1,396.006.003,Lixeira Flat com Pedal,BANHO E LAVANDERIA,LIXEIRAS,172,285,268,422993.52,494
33,Paredão do fundo,2,605,chao,323,3,1,2,396.006.002,Lixeira Flat com Pedal,BANHO E LAVANDERIA,LIXEIRAS,172,285,268,301157.16,349
33,Paredão do fundo,2,605,chao,323,3,1,3,396.006.086,Lixeira Flat com Pedal,BANHO E LAVANDERIA,LIXEIRAS,172,285,268,71101.47,200
33,Paredão do fundo,3,943,maos,323,3,2,1,396.006.003,Lixeira Flat com Pedal,BANHO E LAVANDERIA,LIXEIRAS,172,285,268,422993.52,494
33,Paredão do fundo,3,943,maos,323,3,1,2,396.006.002,Lixeira Flat com Pedal,BANHO E LAVANDERIA,LIXEIRAS,172,285,268,301157.16,349
33,Paredão do fundo,3,943,maos,323,3,1,3,396.006.086,Lixeira Flat com Pedal,BANHO E LAVANDERIA,LIXEIRAS,172,285,268,71101.47,200
33,Paredão do fundo,5,1542,olhos,350,1,2,1,396.006.003,Lixeira Flat com Pedal,BANHO E LAVANDERIA,LIXEIRAS,172,285,268,422993.52,494
33,Paredão do fundo,5,1542,olhos,350,1,1,2,396.006.002,Lixeira Flat com Pedal,BANHO E LAVANDERIA,LIXEIRAS,172,285,268,301157.16,349
33,Paredão do fundo,5,1542,olhos,350,1,1,3,396.006.086,Lixeira Flat com Pedal,BANHO E LAVANDERIA,LIXEIRAS,172,285,268,71101.47,200
34,Paredão do fundo,1,100,chao,490,3,1,1,100.006.003,Lixeira com Pedal,BANHO E LAVANDERIA,LIXEIRAS,230,285,272,319162.37,789
34,Paredão do fundo,1,100,chao,490,3,1,2,100.006.002,Lixeira com Pedal,BANHO E LAVANDERIA,LIXEIRAS,230,285,272,217844.17,668
34,Paredão do fundo,1,100,chao,490,3,1,3,397.004.086,Lixeira Flat com Pedal,BANHO E LAVANDERIA,LIXEIRAS,256,285,320,54884.09,164
34,Paredão do fundo,2,605,chao,323,3,1,1,100.006.003,Lixeira com Pedal,BANHO E LAVANDERIA,LIXEIRAS,230,285,272,319162.37,789
34,Paredão do fundo,2,605,chao,323,3,1,2,100.006.002,Lixeira com Pedal,BANHO E LAVANDERIA,LIXEIRAS,230,285,272,217844.17,668
34,Paredão do fundo,2,605,chao,323,3,1,3,397.004.086,Lixeira Flat com Pedal,BANHO E LAVANDERIA,LIXEIRAS,256,285,320,54884.09,164
34,Paredão do fundo,3,943,maos,323,3,1,1,100.006.003,Lixeira com Pedal,BANHO E LAVANDERIA,LIXEIRAS,230,285,272,319162.37,789
34,Paredão do fundo,3,943,maos,323,3,1,2,100.006.002,Lixeira com Pedal,BANHO E LAVANDERIA,LIXEIRAS,230,285,272,217844.17,668
34,Paredão do fundo,3,943,maos,323,3,1,3,397.004.086,Lixeira Flat com Pedal,BANHO E LAVANDERIA,LIXEIRAS,256,285,320,54884.09,164
34,Paredão do fundo,5,1542,olhos,350,1,1,1,100.006.003,Lixeira com Pedal,BANHO E LAVANDERIA,LIXEIRAS,230,285,272,319162.37,789
34,Paredão do fundo,5,1542,olhos,350,1,1,2,100.006.002,Lixeira com Pedal,BANHO E LAVANDERIA,LIXEIRAS,230,285,272,217844.17,668
34,Paredão do fundo,5,1542,olhos,350,1,1,3,397.004.086,Lixeira Flat com Pedal,BANHO E LAVANDERIA,LIXEIRAS,256,285,320,54884.09,164
35,Paredão do fundo,1,100,chao,490,1,2,1,095.012.003,Banheiro Premium,BANHO E LAVANDERIA,BANHEIRO,143,285,386,363781.98,842
35,Paredão do fundo,1,100,chao,490,1,1,2,095.012.002,Banheiro Premium,BANHO E LAVANDERIA,BANHEIRO,143,285,386,351926.18,850
35,Paredão do fundo,1,100,chao,490,1,2,3,079.012.003,Prateleira Madri,BANHO E LAVANDERIA,BANHEIRO,92,285,396,422170.48,1167
35,Paredão do fundo,1,100,chao,490,1,1,4,079.012.002,Prateleira Madri,BANHO E LAVANDERIA,BANHEIRO,92,285,396,205126.37,903
35,Paredão do fundo,2,605,chao,323,3,2,1,122.012.003,Saboneteira com Tampa,BANHO E LAVANDERIA,BANHEIRO,89,285,202,534063.95,1170
35,Paredão do fundo,2,605,chao,323,3,1,2,122.012.002,Parede com Ventosa,BANHO E LAVANDERIA,BANHEIRO,89,285,202,501028.91,1209
35,Paredão do fundo,2,605,chao,323,3,1,3,122.012.066,Saboneteira com Telinha,BANHO E LAVANDERIA,BANHEIRO,89,285,202,316533.9,948
35,Paredão do fundo,2,605,chao,323,3,1,4,211.012.002,Cantoneira Para Banheiro Smart - Branco (211/B),BANHO E LAVANDERIA,BANHEIRO,170,285,300,106403.06,440
35,Paredão do fundo,2,605,chao,323,3,1,5,211.012.003,Cantoneira Para Banheiro Smart - Preto (211/P),BANHO E LAVANDERIA,BANHEIRO,173,285,300,93948.91,427
35,Paredão do fundo,3,943,maos,323,1,2,1,548.024.002,Saboneteira com Tela Flat,BANHO E LAVANDERIA,BANHEIRO,76,285,23,34862.37,792
35,Paredão do fundo,3,943,maos,323,1,2,2,548.024.003,Saboneteira com Tela Flat,BANHO E LAVANDERIA,BANHEIRO,76,285,23,34773.42,933
35,Paredão do fundo,3,943,maos,323,1,2,3,548.024.086,Saboneteira com Tela Flat,BANHO E LAVANDERIA,BANHEIRO,76,285,23,16076.44,347
35,Paredão do fundo,3,943,maos,323,1,1,4,547.012.003,Porta Algodão e Cotonete Flat,BANHO E LAVANDERIA,BANHEIRO,80,285,135,9669.21,189
35,Paredão do fundo,3,943,maos,323,1,1,5,547.012.002,Porta Algodão e Cotonete Flat,BANHO E LAVANDERIA,BANHEIRO,80,285,135,9652.16,167
35,Paredão do fundo,3,943,maos,323,1,1,6,547.012.086,Porta Algodão e Cotonete Flat,BANHO E LAVANDERIA,BANHEIRO,80,285,135,5928.4,102
35,Paredão do fundo,4,1281,maos,247,1,1,1,092.012.002,Parede com Ventosa,BANHO E LAVANDERIA,BANHEIRO,95,285,75,143220.46,579
35,Paredão do fundo,4,1281,maos,247,1,1,2,092.012.003,Parede com Ventosa,BANHO E LAVANDERIA,BANHEIRO,95,285,75,50636.38,623
35,Paredão do fundo,4,1281,maos,247,1,1,3,193.024.001,Saboneteira com Telinha,BANHO E LAVANDERIA,BANHEIRO,78,285,42,104539.66,1070
35,Paredão do fundo,4,1281,maos,247,1,1,4,193.024.066,Saboneteira com Telinha,BANHO E LAVANDERIA,BANHEIRO,78,285,42,80303.39,1037
35,Paredão do fundo,4,1281,maos,247,1,1,5,546.012.003,Porta Escovas Flat,BANHO E LAVANDERIA,BANHEIRO,80,285,208,76977.55,579
35,Paredão do fundo,4,1281,maos,247,1,1,6,546.012.002,Porta Escovas Flat,BANHO E LAVANDERIA,BANHEIRO,80,285,208,48982.58,411
35,Paredão do fundo,4,1281,maos,247,1,1,7,076.024.001,Saboneteira com Tampa,BANHO E LAVANDERIA,BANHEIRO,78,285,42,86577.03,715
35,Paredão do fundo,4,1281,maos,247,1,1,8,076.024.066,Saboneteira com Tampa,BANHO E LAVANDERIA,BANHEIRO,78,285,42,32256.8,721
35,Paredão do fundo,5,1542,olhos,350,1,2,1,122.012.003,Saboneteira com Tampa,BANHO E LAVANDERIA,BANHEIRO,89,285,202,534063.95,1170
35,Paredão do fundo,5,1542,olhos,350,1,1,2,122.012.002,Parede com Ventosa,BANHO E LAVANDERIA,BANHEIRO,89,285,202,501028.91,1209
35,Paredão do fundo,5,1542,olhos,350,1,1,3,122.012.066,Saboneteira com Telinha,BANHO E LAVANDERIA,BANHEIRO,89,285,202,316533.9,948
35,Paredão do fundo,5,1542,olhos,350,1,1,4,211.012.002,Cantoneira Para Banheiro Smart - Branco (211/B),BANHO E LAVANDERIA,BANHEIRO,170,285,300,106403.06,440
35,Paredão do fundo,5,1542,olhos,350,1,1,5,211.012.003,Cantoneira Para Banheiro Smart - Preto (211/P),BANHO E LAVANDERIA,BANHEIRO,173,285,300,93948.91,427
36,Parede de entrada,1,100,chao,247,3,4,1,408.012.002,Kit Churros Fácil,COZINHA,DECOR,165,285,235,606220.53,839
36,Parede de entrada,2,362,chao,247,3,4,1,408.012.002,Kit Churros Fácil,COZINHA,DECOR,165,285,235,606220.53,839
36,Parede de entrada,3,624,chao,247,3,4,1,408.012.002,Kit Churros Fácil,COZINHA,DECOR,165,285,235,606220.53,839
36,Parede de entrada,4,886,maos,247,3,4,1,408.012.002,Kit Churros Fácil,COZINHA,DECOR,165,285,235,606220.53,839
36,Parede de entrada,5,1148,maos,247,3,4,1,408.012.002,Kit Churros Fácil,COZINHA,DECOR,165,285,235,606220.53,839
36,Parede de entrada,6,1409,olhos,247,1,4,1,408.012.002,Kit Churros Fácil,COZINHA,DECOR,165,285,235,606220.53,839
36,Parede de entrada,7,1671,olhos,222,1,2,1,421.024.002,Cortador e Ralador de Legumes,COZINHA,DECOR,80,285,23,62466.41,341
36,Parede de entrada,7,1671,olhos,222,1,2,2,419.024.002,Cortador de Batatas,COZINHA,DECOR,110,285,35,46023.6,99
36,Parede de entrada,7,1671,olhos,222,1,2,3,403.024.002,Kit Biscoito Fácil,COZINHA,DECOR,60,285,165,39581.35,113
36,Parede de entrada,7,1671,olhos,222,1,2,4,422.024.002,Kit Decorador de Bolo com 7 Peças,COZINHA,DECOR,50,285,200,28531.44,77
36,Parede de entrada,7,1671,olhos,222,1,2,5,423.024.002,Cj. Bico Russo Confeiteiro com 5 Peças,COZINHA,DECOR,32,285,30,16165.4,66
36,Parede de entrada,7,1671,olhos,222,1,1,6,400.024.002,Abridor de Tampas Apertadas,COZINHA,DECOR,50,285,30,8518.06,57
37,Parede de entrada,1,100,chao,247,3,1,1,258.004.M03,Caixa Juta Alongada com Tampa Teca,COZINHA,TECA,165,372,150,116201.21,91
37,Parede de entrada,1,100,chao,247,3,1,2,258.004.M02,Caixa Juta Alongada com Tampa Teca,COZINHA,TECA,165,372,150,95044.61,75
37,Parede de entrada,1,100,chao,247,3,1,3,257.006.M03,Caixa Juta Alongada com Tampa Teca,COZINHA,TECA,133,285,125,98395.97,98
37,Parede de entrada,1,100,chao,247,3,1,4,257.006.M02,Caixa Juta Alongada com Tampa Teca,COZINHA,TECA,133,285,125,89490.58,95
37,Parede de entrada,1,100,chao,247,3,1,5,682.004.M00,Base Teca com 3 Molheiras,COZINHA,TECA,88,285,180,4229.52,40
37,Parede de entrada,2,362,chao,247,3,1,1,258.004.M03,Caixa Juta Alongada com Tampa Teca,COZINHA,TECA,165,372,150,116201.21,91
37,Parede de entrada,2,362,chao,247,3,1,2,258.004.M02,Caixa Juta Alongada com Tampa Teca,COZINHA,TECA,165,372,150,95044.61,75
37,Parede de entrada,2,362,chao,247,3,1,3,257.006.M03,Caixa Juta Alongada com Tampa Teca,COZINHA,TECA,133,285,125,98395.97,98
37,Parede de entrada,2,362,chao,247,3,1,4,257.006.M02,Caixa Juta Alongada com Tampa Teca,COZINHA,TECA,133,285,125,89490.58,95
37,Parede de entrada,2,362,chao,247,3,1,5,682.004.M00,Base Teca com 3 Molheiras,COZINHA,TECA,88,285,180,4229.52,40
37,Parede de entrada,3,624,chao,247,3,1,1,258.004.M03,Caixa Juta Alongada com Tampa Teca,COZINHA,TECA,165,372,150,116201.21,91
37,Parede de entrada,3,624,chao,247,3,1,2,258.004.M02,Caixa Juta Alongada com Tampa Teca,COZINHA,TECA,165,372,150,95044.61,75
37,Parede de entrada,3,624,chao,247,3,1,3,257.006.M03,Caixa Juta Alongada com Tampa Teca,COZINHA,TECA,133,285,125,98395.97,98
37,Parede de entrada,3,624,chao,247,3,1,4,257.006.M02,Caixa Juta Alongada com Tampa Teca,COZINHA,TECA,133,285,125,89490.58,95
37,Parede de entrada,3,624,chao,247,3,1,5,682.004.M00,Base Teca com 3 Molheiras,COZINHA,TECA,88,285,180,4229.52,40
37,Parede de entrada,4,886,maos,247,3,1,1,258.004.M03,Caixa Juta Alongada com Tampa Teca,COZINHA,TECA,165,372,150,116201.21,91
37,Parede de entrada,4,886,maos,247,3,1,2,258.004.M02,Caixa Juta Alongada com Tampa Teca,COZINHA,TECA,165,372,150,95044.61,75
37,Parede de entrada,4,886,maos,247,3,1,3,257.006.M03,Caixa Juta Alongada com Tampa Teca,COZINHA,TECA,133,285,125,98395.97,98
37,Parede de entrada,4,886,maos,247,3,1,4,257.006.M02,Caixa Juta Alongada com Tampa Teca,COZINHA,TECA,133,285,125,89490.58,95
37,Parede de entrada,4,886,maos,247,3,1,5,682.004.M00,Base Teca com 3 Molheiras,COZINHA,TECA,88,285,180,4229.52,40
37,Parede de entrada,5,1148,maos,247,3,1,1,258.004.M03,Caixa Juta Alongada com Tampa Teca,COZINHA,TECA,165,372,150,116201.21,91
37,Parede de entrada,5,1148,maos,247,3,1,2,258.004.M02,Caixa Juta Alongada com Tampa Teca,COZINHA,TECA,165,372,150,95044.61,75
37,Parede de entrada,5,1148,maos,247,3,1,3,257.006.M03,Caixa Juta Alongada com Tampa Teca,COZINHA,TECA,133,285,125,98395.97,98
37,Parede de entrada,5,1148,maos,247,3,1,4,257.006.M02,Caixa Juta Alongada com Tampa Teca,COZINHA,TECA,133,285,125,89490.58,95
37,Parede de entrada,5,1148,maos,247,3,1,5,682.004.M00,Base Teca com 3 Molheiras,COZINHA,TECA,88,285,180,4229.52,40
37,Parede de entrada,6,1409,olhos,247,1,1,1,385.006.M00,Tábua de Corte Teca M,COZINHA,TECA,230,372,18,45943.14,95
37,Parede de entrada,6,1409,olhos,247,1,1,2,268.006.M02,Caixa Juta Europa com Tampa Teca,COZINHA,TECA,204,285,155,36260.8,44
37,Parede de entrada,6,1409,olhos,247,1,1,3,391.006.M00,Tábua com Cabo Teca M,COZINHA,TECA,180,372,12,27065.32,60
37,Parede de entrada,6,1409,olhos,247,1,1,4,683.004.M00,Base Teca com 2 Molheiras,COZINHA,TECA,88,285,180,2288.88,32
37,Parede de entrada,7,1671,olhos,222,1,1,1,258.004.M03,Caixa Juta Alongada com Tampa Teca,COZINHA,TECA,165,372,150,116201.21,91
37,Parede de entrada,7,1671,olhos,222,1,1,2,258.004.M02,Caixa Juta Alongada com Tampa Teca,COZINHA,TECA,165,372,150,95044.61,75
37,Parede de entrada,7,1671,olhos,222,1,1,3,257.006.M03,Caixa Juta Alongada com Tampa Teca,COZINHA,TECA,133,285,125,98395.97,98
37,Parede de entrada,7,1671,olhos,222,1,1,4,257.006.M02,Caixa Juta Alongada com Tampa Teca,COZINHA,TECA,133,285,125,89490.58,95
37,Parede de entrada,7,1671,olhos,222,1,1,5,682.004.M00,Base Teca com 3 Molheiras,COZINHA,TECA,88,285,180,4229.52,40
38,Parede de entrada,1,100,chao,247,3,1,1,256.006.M03,Caixa Juta Alongada com Tampa Teca,COZINHA,TECA,102,285,94,50486.31,86
38,Parede de entrada,1,100,chao,247,3,1,2,256.006.M02,Caixa Juta Alongada com Tampa Teca,COZINHA,TECA,102,285,94,44972.78,69
38,Parede de entrada,1,100,chao,247,3,1,3,269.004.M02,Caixa Juta Europa com Tampa Teca,COZINHA,TECA,240,372,192,38883.55,63
38,Parede de entrada,1,100,chao,247,3,1,4,269.004.M03,Caixa Juta Europa com Tampa Teca,COZINHA,TECA,240,372,192,36331.98,63
38,Parede de entrada,2,362,chao,247,3,1,1,256.006.M03,Caixa Juta Alongada com Tampa Teca,COZINHA,TECA,102,285,94,50486.31,86
38,Parede de entrada,2,362,chao,247,3,1,2,256.006.M02,Caixa Juta Alongada com Tampa Teca,COZINHA,TECA,102,285,94,44972.78,69
38,Parede de entrada,2,362,chao,247,3,1,3,269.004.M02,Caixa Juta Europa com Tampa Teca,COZINHA,TECA,240,372,192,38883.55,63
38,Parede de entrada,2,362,chao,247,3,1,4,269.004.M03,Caixa Juta Europa com Tampa Teca,COZINHA,TECA,240,372,192,36331.98,63
38,Parede de entrada,3,624,chao,247,3,1,1,256.006.M03,Caixa Juta Alongada com Tampa Teca,COZINHA,TECA,102,285,94,50486.31,86
38,Parede de entrada,3,624,chao,247,3,1,2,256.006.M02,Caixa Juta Alongada com Tampa Teca,COZINHA,TECA,102,285,94,44972.78,69
38,Parede de entrada,3,624,chao,247,3,1,3,269.004.M02,Caixa Juta Europa com Tampa Teca,COZINHA,TECA,240,372,192,38883.55,63
38,Parede de entrada,3,624,chao,247,3,1,4,269.004.M03,Caixa Juta Europa com Tampa Teca,COZINHA,TECA,240,372,192,36331.98,63
38,Parede de entrada,4,886,maos,247,3,1,1,256.006.M03,Caixa Juta Alongada com Tampa Teca,COZINHA,TECA,102,285,94,50486.31,86
38,Parede de entrada,4,886,maos,247,3,1,2,256.006.M02,Caixa Juta Alongada com Tampa Teca,COZINHA,TECA,102,285,94,44972.78,69
38,Parede de entrada,4,886,maos,247,3,1,3,269.004.M02,Caixa Juta Europa com Tampa Teca,COZINHA,TECA,240,372,192,38883.55,63
38,Parede de entrada,4,886,maos,247,3,1,4,269.004.M03,Caixa Juta Europa com Tampa Teca,COZINHA,TECA,240,372,192,36331.98,63
38,Parede de entrada,5,1148,maos,247,3,1,1,256.006.M03,Caixa Juta Alongada com Tampa Teca,COZINHA,TECA,102,285,94,50486.31,86
38,Parede de entrada,5,1148,maos,247,3,1,2,256.006.M02,Caixa Juta Alongada com Tampa Teca,COZINHA,TECA,102,285,94,44972.78,69
38,Parede de entrada,5,1148,maos,247,3,1,3,269.004.M02,Caixa Juta Europa com Tampa Teca,COZINHA,TECA,240,372,192,38883.55,63
38,Parede de entrada,5,1148,maos,247,3,1,4,269.004.M03,Caixa Juta Europa com Tampa Teca,COZINHA,TECA,240,372,192,36331.98,63
38,Parede de entrada,6,1409,olhos,247,1,1,1,686.004.M00,Tábua de Servir Teca Com 3 Molheiras,COZINHA,TECA,210,372,18,11504.17,39
38,Parede de entrada,6,1409,olhos,247,1,1,2,390.012.M00,Tábua com Cabo Teca  P,COZINHA,TECA,150,285,12,10220.86,27
38,Parede de entrada,6,1409,olhos,247,1,1,3,685.004.M00,Tábua de Servir Teca com 1 Molheira,COZINHA,TECA,230,285,18,2923.86,21
38,Parede de entrada,7,1671,olhos,222,1,1,1,256.006.M03,Caixa Juta Alongada com Tampa Teca,COZINHA,TECA,102,285,94,50486.31,86
38,Parede de entrada,7,1671,olhos,222,1,1,2,256.006.M02,Caixa Juta Alongada com Tampa Teca,COZINHA,TECA,102,285,94,44972.78,69
38,Parede de entrada,7,1671,olhos,222,1,1,3,269.004.M02,Caixa Juta Europa com Tampa Teca,COZINHA,TECA,240,372,192,38883.55,63
38,Parede de entrada,7,1671,olhos,222,1,1,4,269.004.M03,Caixa Juta Europa com Tampa Teca,COZINHA,TECA,240,372,192,36331.98,63
39,Parede de entrada,1,100,chao,247,3,1,1,680.004.M00,Boleira Teca Com Acrílico,COZINHA,TECA,255,285,115,66879.17,105
39,Parede de entrada,1,100,chao,247,3,1,2,507.004.M03,Teca com Gaveta,COZINHA,TECA,257,372,58,64622.1,36
39,Parede de entrada,1,100,chao,247,3,1,3,681.004.M00,Queijeira Teca com Acrílico,COZINHA,TECA,165,285,95,38060.09,102
39,Parede de entrada,2,362,chao,247,3,1,1,680.004.M00,Boleira Teca Com Acrílico,COZINHA,TECA,255,285,115,66879.17,105
39,Parede de entrada,2,362,chao,247,3,1,2,507.004.M03,Teca com Gaveta,COZINHA,TECA,257,372,58,64622.1,36
39,Parede de entrada,2,362,chao,247,3,1,3,681.004.M00,Queijeira Teca com Acrílico,COZINHA,TECA,165,285,95,38060.09,102
39,Parede de entrada,3,624,chao,247,3,1,1,680.004.M00,Boleira Teca Com Acrílico,COZINHA,TECA,255,285,115,66879.17,105
39,Parede de entrada,3,624,chao,247,3,1,2,507.004.M03,Teca com Gaveta,COZINHA,TECA,257,372,58,64622.1,36
39,Parede de entrada,3,624,chao,247,3,1,3,681.004.M00,Queijeira Teca com Acrílico,COZINHA,TECA,165,285,95,38060.09,102
39,Parede de entrada,4,886,maos,247,3,1,1,680.004.M00,Boleira Teca Com Acrílico,COZINHA,TECA,255,285,115,66879.17,105
39,Parede de entrada,4,886,maos,247,3,1,2,507.004.M03,Teca com Gaveta,COZINHA,TECA,257,372,58,64622.1,36
39,Parede de entrada,4,886,maos,247,3,1,3,681.004.M00,Queijeira Teca com Acrílico,COZINHA,TECA,165,285,95,38060.09,102
39,Parede de entrada,5,1148,maos,247,3,1,1,680.004.M00,Boleira Teca Com Acrílico,COZINHA,TECA,255,285,115,66879.17,105
39,Parede de entrada,5,1148,maos,247,3,1,2,507.004.M03,Teca com Gaveta,COZINHA,TECA,257,372,58,64622.1,36
39,Parede de entrada,5,1148,maos,247,3,1,3,681.004.M00,Queijeira Teca com Acrílico,COZINHA,TECA,165,285,95,38060.09,102
39,Parede de entrada,6,1409,olhos,247,3,1,1,680.004.M00,Boleira Teca Com Acrílico,COZINHA,TECA,255,285,115,66879.17,105
39,Parede de entrada,6,1409,olhos,247,3,1,2,507.004.M03,Teca com Gaveta,COZINHA,TECA,257,372,58,64622.1,36
39,Parede de entrada,6,1409,olhos,247,3,1,3,681.004.M00,Queijeira Teca com Acrílico,COZINHA,TECA,165,285,95,38060.09,102
39,Parede de entrada,7,1671,olhos,222,1,1,1,680.004.M00,Boleira Teca Com Acrílico,COZINHA,TECA,255,285,115,66879.17,105
39,Parede de entrada,7,1671,olhos,222,1,1,2,507.004.M03,Teca com Gaveta,COZINHA,TECA,257,372,58,64622.1,36
39,Parede de entrada,7,1671,olhos,222,1,1,3,681.004.M00,Queijeira Teca com Acrílico,COZINHA,TECA,165,285,95,38060.09,102
40,Parede de entrada,1,100,chao,247,3,1,1,227.036.999,Copo Infantil com Alça - Sortido,FRASQUEIRAS E INFANTIL,INFANTIL,80,285,122,320155.28,615
40,Parede de entrada,1,100,chao,247,3,1,2,227.036.998,Copo Infantil com Alça - Sortido,FRASQUEIRAS E INFANTIL,INFANTIL,80,285,122,4068.0,20
40,Parede de entrada,1,100,chao,247,3,1,3,132.036.683,Prato Unitário,FRASQUEIRAS E INFANTIL,INFANTIL,217,285,28,59114.16,234
40,Parede de entrada,1,100,chao,247,3,1,4,399.012.008,Porta Leite em Pó,FRASQUEIRAS E INFANTIL,INFANTIL,90,285,82,25502.29,183
40,Parede de entrada,1,100,chao,247,3,1,5,399.012.007,Porta Leite em Pó,FRASQUEIRAS E INFANTIL,INFANTIL,90,285,82,19122.33,196
40,Parede de entrada,1,100,chao,247,3,1,6,006.030.999,Copo Baby com Tampa - Sortido,FRASQUEIRAS E INFANTIL,INFANTIL,70,285,108,40701.88,320
40,Parede de entrada,1,100,chao,247,3,1,7,006.030.998,Copo Baby com Tampa - Sortido,FRASQUEIRAS E INFANTIL,INFANTIL,70,285,108,69.0,1
40,Parede de entrada,2,362,chao,247,3,1,1,227.036.999,Copo Infantil com Alça - Sortido,FRASQUEIRAS E INFANTIL,INFANTIL,80,285,122,320155.28,615
40,Parede de entrada,2,362,chao,247,3,1,2,227.036.998,Copo Infantil com Alça - Sortido,FRASQUEIRAS E INFANTIL,INFANTIL,80,285,122,4068.0,20
40,Parede de entrada,2,362,chao,247,3,1,3,132.036.683,Prato Unitário,FRASQUEIRAS E INFANTIL,INFANTIL,217,285,28,59114.16,234
40,Parede de entrada,2,362,chao,247,3,1,4,399.012.008,Porta Leite em Pó,FRASQUEIRAS E INFANTIL,INFANTIL,90,285,82,25502.29,183
40,Parede de entrada,2,362,chao,247,3,1,5,399.012.007,Porta Leite em Pó,FRASQUEIRAS E INFANTIL,INFANTIL,90,285,82,19122.33,196
40,Parede de entrada,2,362,chao,247,3,1,6,006.030.999,Copo Baby com Tampa - Sortido,FRASQUEIRAS E INFANTIL,INFANTIL,70,285,108,40701.88,320
40,Parede de entrada,2,362,chao,247,3,1,7,006.030.998,Copo Baby com Tampa - Sortido,FRASQUEIRAS E INFANTIL,INFANTIL,70,285,108,69.0,1
40,Parede de entrada,3,624,chao,247,3,1,1,227.036.999,Copo Infantil com Alça - Sortido,FRASQUEIRAS E INFANTIL,INFANTIL,80,285,122,320155.28,615
40,Parede de entrada,3,624,chao,247,3,1,2,227.036.998,Copo Infantil com Alça - Sortido,FRASQUEIRAS E INFANTIL,INFANTIL,80,285,122,4068.0,20
40,Parede de entrada,3,624,chao,247,3,1,3,132.036.683,Prato Unitário,FRASQUEIRAS E INFANTIL,INFANTIL,217,285,28,59114.16,234
40,Parede de entrada,3,624,chao,247,3,1,4,399.012.008,Porta Leite em Pó,FRASQUEIRAS E INFANTIL,INFANTIL,90,285,82,25502.29,183
40,Parede de entrada,3,624,chao,247,3,1,5,399.012.007,Porta Leite em Pó,FRASQUEIRAS E INFANTIL,INFANTIL,90,285,82,19122.33,196
40,Parede de entrada,3,624,chao,247,3,1,6,006.030.999,Copo Baby com Tampa - Sortido,FRASQUEIRAS E INFANTIL,INFANTIL,70,285,108,40701.88,320
40,Parede de entrada,3,624,chao,247,3,1,7,006.030.998,Copo Baby com Tampa - Sortido,FRASQUEIRAS E INFANTIL,INFANTIL,70,285,108,69.0,1
40,Parede de entrada,4,886,maos,247,3,1,1,227.036.999,Copo Infantil com Alça - Sortido,FRASQUEIRAS E INFANTIL,INFANTIL,80,285,122,320155.28,615
40,Parede de entrada,4,886,maos,247,3,1,2,227.036.998,Copo Infantil com Alça - Sortido,FRASQUEIRAS E INFANTIL,INFANTIL,80,285,122,4068.0,20
40,Parede de entrada,4,886,maos,247,3,1,3,132.036.683,Prato Unitário,FRASQUEIRAS E INFANTIL,INFANTIL,217,285,28,59114.16,234
40,Parede de entrada,4,886,maos,247,3,1,4,399.012.008,Porta Leite em Pó,FRASQUEIRAS E INFANTIL,INFANTIL,90,285,82,25502.29,183
40,Parede de entrada,4,886,maos,247,3,1,5,399.012.007,Porta Leite em Pó,FRASQUEIRAS E INFANTIL,INFANTIL,90,285,82,19122.33,196
40,Parede de entrada,4,886,maos,247,3,1,6,006.030.999,Copo Baby com Tampa - Sortido,FRASQUEIRAS E INFANTIL,INFANTIL,70,285,108,40701.88,320
40,Parede de entrada,4,886,maos,247,3,1,7,006.030.998,Copo Baby com Tampa - Sortido,FRASQUEIRAS E INFANTIL,INFANTIL,70,285,108,69.0,1
40,Parede de entrada,5,1148,maos,247,3,1,1,227.036.999,Copo Infantil com Alça - Sortido,FRASQUEIRAS E INFANTIL,INFANTIL,80,285,122,320155.28,615
40,Parede de entrada,5,1148,maos,247,3,1,2,227.036.998,Copo Infantil com Alça - Sortido,FRASQUEIRAS E INFANTIL,INFANTIL,80,285,122,4068.0,20
40,Parede de entrada,5,1148,maos,247,3,1,3,132.036.683,Prato Unitário,FRASQUEIRAS E INFANTIL,INFANTIL,217,285,28,59114.16,234
40,Parede de entrada,5,1148,maos,247,3,1,4,399.012.008,Porta Leite em Pó,FRASQUEIRAS E INFANTIL,INFANTIL,90,285,82,25502.29,183
40,Parede de entrada,5,1148,maos,247,3,1,5,399.012.007,Porta Leite em Pó,FRASQUEIRAS E INFANTIL,INFANTIL,90,285,82,19122.33,196
40,Parede de entrada,5,1148,maos,247,3,1,6,006.030.999,Copo Baby com Tampa - Sortido,FRASQUEIRAS E INFANTIL,INFANTIL,70,285,108,40701.88,320
40,Parede de entrada,5,1148,maos,247,3,1,7,006.030.998,Copo Baby com Tampa - Sortido,FRASQUEIRAS E INFANTIL,INFANTIL,70,285,108,69.0,1
40,Parede de entrada,6,1409,olhos,247,1,2,1,550.036.999,Sortido 6 Estampas,FRASQUEIRAS E INFANTIL,REALCE,89,285,119,2651.4,13
40,Parede de entrada,6,1409,olhos,247,1,2,2,550.036.998,Sortido 6 Estampas,FRASQUEIRAS E INFANTIL,REALCE,89,285,119,1501.56,10
40,Parede de entrada,6,1409,olhos,247,1,2,3,549.024.999,Sortido 4 Estampas,FRASQUEIRAS E INFANTIL,REALCE,85,285,152,1269.6,8
40,Parede de entrada,6,1409,olhos,247,1,2,4,549.024.998,Sortido 4 Estampas,FRASQUEIRAS E INFANTIL,REALCE,85,285,152,972.48,10
40,Parede de entrada,7,1671,olhos,222,1,1,1,227.036.999,Copo Infantil com Alça - Sortido,FRASQUEIRAS E INFANTIL,INFANTIL,80,285,122,320155.28,615
40,Parede de entrada,7,1671,olhos,222,1,1,2,227.036.998,Copo Infantil com Alça - Sortido,FRASQUEIRAS E INFANTIL,INFANTIL,80,285,122,4068.0,20
40,Parede de entrada,7,1671,olhos,222,1,1,3,132.036.683,Prato Unitário,FRASQUEIRAS E INFANTIL,INFANTIL,217,285,28,59114.16,234
40,Parede de entrada,7,1671,olhos,222,1,1,4,399.012.008,Porta Leite em Pó,FRASQUEIRAS E INFANTIL,INFANTIL,90,285,82,25502.29,183
40,Parede de entrada,7,1671,olhos,222,1,1,5,399.012.007,Porta Leite em Pó,FRASQUEIRAS E INFANTIL,INFANTIL,90,285,82,19122.33,196
40,Parede de entrada,7,1671,olhos,222,1,1,6,006.030.999,Copo Baby com Tampa - Sortido,FRASQUEIRAS E INFANTIL,INFANTIL,70,285,108,40701.88,320
40,Parede de entrada,7,1671,olhos,222,1,1,7,006.030.998,Copo Baby com Tampa - Sortido,FRASQUEIRAS E INFANTIL,INFANTIL,70,285,108,69.0,1
41,Parede de entrada,1,100,chao,247,3,1,1,137.012.002,"Frasqueira Medicamentos 2,8L",FRASQUEIRAS E INFANTIL,FRASQUEIRAS,163,285,128,1673686.75,1162
41,Parede de entrada,1,100,chao,247,3,1,2,137.012.009,"Frasqueira Medicamentos 2,8L",FRASQUEIRAS E INFANTIL,FRASQUEIRAS,163,285,128,91348.28,279
41,Parede de entrada,1,100,chao,247,3,1,3,142.006.002,"Medicamentos 6,2L",FRASQUEIRAS E INFANTIL,FRASQUEIRAS,198,285,188,1439168.58,989
41,Parede de entrada,1,100,chao,247,3,1,4,142.006.009,"Medicamentos 6,2L",FRASQUEIRAS E INFANTIL,FRASQUEIRAS,198,285,188,159567.71,251
41,Parede de entrada,2,362,chao,247,3,1,1,137.012.002,"Frasqueira Medicamentos 2,8L",FRASQUEIRAS E INFANTIL,FRASQUEIRAS,163,285,128,1673686.75,1162
41,Parede de entrada,2,362,chao,247,3,1,2,137.012.009,"Frasqueira Medicamentos 2,8L",FRASQUEIRAS E INFANTIL,FRASQUEIRAS,163,285,128,91348.28,279
41,Parede de entrada,2,362,chao,247,3,1,3,142.006.002,"Medicamentos 6,2L",FRASQUEIRAS E INFANTIL,FRASQUEIRAS,198,285,188,1439168.58,989
41,Parede de entrada,2,362,chao,247,3,1,4,142.006.009,"Medicamentos 6,2L",FRASQUEIRAS E INFANTIL,FRASQUEIRAS,198,285,188,159567.71,251
41,Parede de entrada,3,624,chao,247,3,1,1,137.012.002,"Frasqueira Medicamentos 2,8L",FRASQUEIRAS E INFANTIL,FRASQUEIRAS,163,285,128,1673686.75,1162
41,Parede de entrada,3,624,chao,247,3,1,2,137.012.009,"Frasqueira Medicamentos 2,8L",FRASQUEIRAS E INFANTIL,FRASQUEIRAS,163,285,128,91348.28,279
41,Parede de entrada,3,624,chao,247,3,1,3,142.006.002,"Medicamentos 6,2L",FRASQUEIRAS E INFANTIL,FRASQUEIRAS,198,285,188,1439168.58,989
41,Parede de entrada,3,624,chao,247,3,1,4,142.006.009,"Medicamentos 6,2L",FRASQUEIRAS E INFANTIL,FRASQUEIRAS,198,285,188,159567.71,251
41,Parede de entrada,4,886,maos,247,3,1,1,137.012.002,"Frasqueira Medicamentos 2,8L",FRASQUEIRAS E INFANTIL,FRASQUEIRAS,163,285,128,1673686.75,1162
41,Parede de entrada,4,886,maos,247,3,1,2,137.012.009,"Frasqueira Medicamentos 2,8L",FRASQUEIRAS E INFANTIL,FRASQUEIRAS,163,285,128,91348.28,279
41,Parede de entrada,4,886,maos,247,3,1,3,142.006.002,"Medicamentos 6,2L",FRASQUEIRAS E INFANTIL,FRASQUEIRAS,198,285,188,1439168.58,989
41,Parede de entrada,4,886,maos,247,3,1,4,142.006.009,"Medicamentos 6,2L",FRASQUEIRAS E INFANTIL,FRASQUEIRAS,198,285,188,159567.71,251
41,Parede de entrada,5,1148,maos,247,1,1,1,219.006.563,Frasqueira Rattan,FRASQUEIRAS E INFANTIL,FRASQUEIRAS,230,372,210,120272.65,269
41,Parede de entrada,5,1148,maos,247,1,2,2,131.012.002,"Frasqueira Medicamentos 2,2L",FRASQUEIRAS E INFANTIL,FRASQUEIRAS,140,372,98,25262.76,96
41,Parede de entrada,5,1148,maos,247,1,1,3,131.012.009,"Frasqueira Medicamentos 2,2L",FRASQUEIRAS E INFANTIL,FRASQUEIRAS,140,372,98,12409.32,46
41,Parede de entrada,6,1409,olhos,247,1,1,1,202.006.002,"Oval com Bandeja 4,4L",FRASQUEIRAS E INFANTIL,FRASQUEIRAS,177,285,180,119058.58,299
41,Parede de entrada,6,1409,olhos,247,1,1,2,202.006.012,Frasqueira Oval com Bandeja,FRASQUEIRAS E INFANTIL,FRASQUEIRAS,177,285,180,90746.75,308
41,Parede de entrada,6,1409,olhos,247,1,1,3,202.006.009,"Oval com Bandeja 4,4L",FRASQUEIRAS E INFANTIL,FRASQUEIRAS,177,285,180,36736.68,121
41,Parede de entrada,6,1409,olhos,247,1,1,4,202.006.001,Frasqueira Oval com Bandeja,FRASQUEIRAS E INFANTIL,FRASQUEIRAS,177,285,180,20305.15,77
41,Parede de entrada,7,1671,olhos,222,1,1,1,137.012.002,"Frasqueira Medicamentos 2,8L",FRASQUEIRAS E INFANTIL,FRASQUEIRAS,163,285,128,1673686.75,1162
41,Parede de entrada,7,1671,olhos,222,1,1,2,137.012.009,"Frasqueira Medicamentos 2,8L",FRASQUEIRAS E INFANTIL,FRASQUEIRAS,163,285,128,91348.28,279
41,Parede de entrada,7,1671,olhos,222,1,1,3,142.006.002,"Medicamentos 6,2L",FRASQUEIRAS E INFANTIL,FRASQUEIRAS,198,285,188,1439168.58,989
41,Parede de entrada,7,1671,olhos,222,1,1,4,142.006.009,"Medicamentos 6,2L",FRASQUEIRAS E INFANTIL,FRASQUEIRAS,198,285,188,159567.71,251
42,Parede de entrada,1,100,chao,247,3,1,1,043.012.002,"Frasqueira Medicamentos 1,4L",FRASQUEIRAS E INFANTIL,FRASQUEIRAS,157,285,100,663232.39,1065
42,Parede de entrada,1,100,chao,247,3,1,2,043.012.009,"Frasqueira Medicamentos 1,4L",FRASQUEIRAS E INFANTIL,FRASQUEIRAS,157,285,100,132536.91,386
42,Parede de entrada,1,100,chao,247,3,1,3,195.006.012,Frasqueira Cristal com Divisórias,FRASQUEIRAS E INFANTIL,FRASQUEIRAS,115,285,110,231879.79,589
42,Parede de entrada,1,100,chao,247,3,1,4,195.006.609,Frasqueira Cristal com Divisórias,FRASQUEIRAS E INFANTIL,FRASQUEIRAS,115,285,110,58929.02,347
42,Parede de entrada,2,362,chao,247,3,1,1,043.012.002,"Frasqueira Medicamentos 1,4L",FRASQUEIRAS E INFANTIL,FRASQUEIRAS,157,285,100,663232.39,1065
42,Parede de entrada,2,362,chao,247,3,1,2,043.012.009,"Frasqueira Medicamentos 1,4L",FRASQUEIRAS E INFANTIL,FRASQUEIRAS,157,285,100,132536.91,386
42,Parede de entrada,2,362,chao,247,3,1,3,195.006.012,Frasqueira Cristal com Divisórias,FRASQUEIRAS E INFANTIL,FRASQUEIRAS,115,285,110,231879.79,589
42,Parede de entrada,2,362,chao,247,3,1,4,195.006.609,Frasqueira Cristal com Divisórias,FRASQUEIRAS E INFANTIL,FRASQUEIRAS,115,285,110,58929.02,347
42,Parede de entrada,3,624,chao,247,3,1,1,043.012.002,"Frasqueira Medicamentos 1,4L",FRASQUEIRAS E INFANTIL,FRASQUEIRAS,157,285,100,663232.39,1065
42,Parede de entrada,3,624,chao,247,3,1,2,043.012.009,"Frasqueira Medicamentos 1,4L",FRASQUEIRAS E INFANTIL,FRASQUEIRAS,157,285,100,132536.91,386
42,Parede de entrada,3,624,chao,247,3,1,3,195.006.012,Frasqueira Cristal com Divisórias,FRASQUEIRAS E INFANTIL,FRASQUEIRAS,115,285,110,231879.79,589
42,Parede de entrada,3,624,chao,247,3,1,4,195.006.609,Frasqueira Cristal com Divisórias,FRASQUEIRAS E INFANTIL,FRASQUEIRAS,115,285,110,58929.02,347
42,Parede de entrada,4,886,maos,247,3,1,1,043.012.002,"Frasqueira Medicamentos 1,4L",FRASQUEIRAS E INFANTIL,FRASQUEIRAS,157,285,100,663232.39,1065
42,Parede de entrada,4,886,maos,247,3,1,2,043.012.009,"Frasqueira Medicamentos 1,4L",FRASQUEIRAS E INFANTIL,FRASQUEIRAS,157,285,100,132536.91,386
42,Parede de entrada,4,886,maos,247,3,1,3,195.006.012,Frasqueira Cristal com Divisórias,FRASQUEIRAS E INFANTIL,FRASQUEIRAS,115,285,110,231879.79,589
42,Parede de entrada,4,886,maos,247,3,1,4,195.006.609,Frasqueira Cristal com Divisórias,FRASQUEIRAS E INFANTIL,FRASQUEIRAS,115,285,110,58929.02,347
42,Parede de entrada,5,1148,maos,247,3,1,1,043.012.002,"Frasqueira Medicamentos 1,4L",FRASQUEIRAS E INFANTIL,FRASQUEIRAS,157,285,100,663232.39,1065
42,Parede de entrada,5,1148,maos,247,3,1,2,043.012.009,"Frasqueira Medicamentos 1,4L",FRASQUEIRAS E INFANTIL,FRASQUEIRAS,157,285,100,132536.91,386
42,Parede de entrada,5,1148,maos,247,3,1,3,195.006.012,Frasqueira Cristal com Divisórias,FRASQUEIRAS E INFANTIL,FRASQUEIRAS,115,285,110,231879.79,589
42,Parede de entrada,5,1148,maos,247,3,1,4,195.006.609,Frasqueira Cristal com Divisórias,FRASQUEIRAS E INFANTIL,FRASQUEIRAS,115,285,110,58929.02,347
42,Parede de entrada,6,1409,olhos,247,1,1,1,147.012.604,Frasqueira Mini,FRASQUEIRAS E INFANTIL,FRASQUEIRAS,125,285,95,139229.27,593
42,Parede de entrada,6,1409,olhos,247,1,1,2,147.012.607,Frasqueira Cristal com Divisórias,FRASQUEIRAS E INFANTIL,FRASQUEIRAS,125,285,95,48799.35,809
42,Parede de entrada,6,1409,olhos,247,1,1,3,120.006.012,Frasqueira com Bandeja,FRASQUEIRAS E INFANTIL,FRASQUEIRAS,163,285,128,110560.9,432
42,Parede de entrada,6,1409,olhos,247,1,1,4,120.006.001,Frasqueira com Bandeja,FRASQUEIRAS E INFANTIL,FRASQUEIRAS,163,285,128,17193.73,109
42,Parede de entrada,7,1671,olhos,222,1,1,1,043.012.002,"Frasqueira Medicamentos 1,4L",FRASQUEIRAS E INFANTIL,FRASQUEIRAS,157,285,100,663232.39,1065
42,Parede de entrada,7,1671,olhos,222,1,1,2,043.012.009,"Frasqueira Medicamentos 1,4L",FRASQUEIRAS E INFANTIL,FRASQUEIRAS,157,285,100,132536.91,386
42,Parede de entrada,7,1671,olhos,222,1,1,3,195.006.012,Frasqueira Cristal com Divisórias,FRASQUEIRAS E INFANTIL,FRASQUEIRAS,115,285,110,231879.79,589
42,Parede de entrada,7,1671,olhos,222,1,1,4,195.006.609,Frasqueira Cristal com Divisórias,FRASQUEIRAS E INFANTIL,FRASQUEIRAS,115,285,110,58929.02,347
43,Parede de entrada,1,100,chao,247,3,1,1,186.006.002,Mega Luxo,FRASQUEIRAS E INFANTIL,FRASQUEIRAS,250,372,220,442151.62,378
43,Parede de entrada,1,100,chao,247,3,1,2,186.006.009,Mega Luxo,FRASQUEIRAS E INFANTIL,FRASQUEIRAS,250,372,220,133662.57,128
43,Parede de entrada,2,362,chao,247,3,1,1,186.006.002,Mega Luxo,FRASQUEIRAS E INFANTIL,FRASQUEIRAS,250,372,220,442151.62,378
43,Parede de entrada,2,362,chao,247,3,1,2,186.006.009,Mega Luxo,FRASQUEIRAS E INFANTIL,FRASQUEIRAS,250,372,220,133662.57,128
43,Parede de entrada,3,624,chao,247,3,1,1,186.006.002,Mega Luxo,FRASQUEIRAS E INFANTIL,FRASQUEIRAS,250,372,220,442151.62,378
43,Parede de entrada,3,624,chao,247,3,1,2,186.006.009,Mega Luxo,FRASQUEIRAS E INFANTIL,FRASQUEIRAS,250,372,220,133662.57,128
43,Parede de entrada,4,886,maos,247,3,1,1,186.006.002,Mega Luxo,FRASQUEIRAS E INFANTIL,FRASQUEIRAS,250,372,220,442151.62,378
43,Parede de entrada,4,886,maos,247,3,1,2,186.006.009,Mega Luxo,FRASQUEIRAS E INFANTIL,FRASQUEIRAS,250,372,220,133662.57,128
43,Parede de entrada,5,1148,maos,247,3,1,1,186.006.002,Mega Luxo,FRASQUEIRAS E INFANTIL,FRASQUEIRAS,250,372,220,442151.62,378
43,Parede de entrada,5,1148,maos,247,3,1,2,186.006.009,Mega Luxo,FRASQUEIRAS E INFANTIL,FRASQUEIRAS,250,372,220,133662.57,128
43,Parede de entrada,6,1409,olhos,247,1,2,1,126.006.619,Frasqueira com Bandeja,FRASQUEIRAS E INFANTIL,FRASQUEIRAS,198,285,188,158172.45,473
43,Parede de entrada,6,1409,olhos,247,1,1,2,126.006.001,Frasqueira com Bandeja,FRASQUEIRAS E INFANTIL,FRASQUEIRAS,198,285,188,15974.04,87
43,Parede de entrada,7,1671,olhos,222,1,1,1,186.006.002,Mega Luxo,FRASQUEIRAS E INFANTIL,FRASQUEIRAS,250,372,220,442151.62,378
43,Parede de entrada,7,1671,olhos,222,1,1,2,186.006.009,Mega Luxo,FRASQUEIRAS E INFANTIL,FRASQUEIRAS,250,372,220,133662.57,128
44,Ilha 1,1,100,chao,323,2,1,1,254.006.001,Modular Rattan,ORGANIZACAO,ORGANIZACAO,265,372,145,404940.5,326
44,Ilha 1,1,100,chao,323,2,1,2,138.012.001,Organiza Tudo com Divisórias Móveis,ORGANIZACAO,ORGANIZACAO,175,285,43,387480.06,861
44,Ilha 1,1,100,chao,323,2,1,3,214.006.003,Organizador Multiuso Rattan Com 6 Divisorias - Preto (214/P),ORGANIZACAO,ORGANIZACAO,178,285,160,373144.87,1009
44,Ilha 1,1,100,chao,323,2,1,4,227.036.999,Copo Infantil com Alça - Sortido,FRASQUEIRAS E INFANTIL,INFANTIL,80,285,122,320155.28,615
44,Ilha 1,2,438,chao,323,2,1,1,100.006.003,Lixeira com Pedal,BANHO E LAVANDERIA,LIXEIRAS,230,285,272,319162.37,789
44,Ilha 1,2,438,chao,323,2,1,2,163.004.002,Lixeira Vime,BANHO E LAVANDERIA,LIXEIRAS,232,285,320,302408.01,610
44,Ilha 1,2,438,chao,323,2,1,3,396.006.002,Lixeira Flat com Pedal,BANHO E LAVANDERIA,LIXEIRAS,172,285,268,301157.16,349
44,Ilha 1,3,776,chao,247,2,1,1,138.012.001,Organiza Tudo com Divisórias Móveis,ORGANIZACAO,ORGANIZACAO,175,285,43,387480.06,861
44,Ilha 1,3,776,chao,247,2,1,2,214.006.003,Organizador Multiuso Rattan Com 6 Divisorias - Preto (214/P),ORGANIZACAO,ORGANIZACAO,178,285,160,373144.87,1009
44,Ilha 1,3,776,chao,247,2,1,3,135.024.001,Tampa para Micro-ondas,COZINHA,MICRO-ONDAS,255,285,68,355308.6,1044
44,Ilha 1,3,776,chao,247,2,1,4,041.012.002,Organizador Multiuso Rattan Com 3 Divisórias - Branco (041/B),ORGANIZACAO,ORGANIZACAO,110,285,178,341502.29,1186
44,Ilha 1,4,1038,maos,700,1,1,1,552.002.M02,Cesto de Roupa Empilhável com Teca,COZINHA,TECA,345,372,495,5893.31,22
44,Ilha 1,4,1038,maos,700,1,1,2,552.002.M03,Cesto de Roupa Empilhável com Teca,COZINHA,TECA,345,372,495,2658.75,10
45,Ilha 1,1,100,chao,490,2,1,1,079.012.003,Prateleira Madri,BANHO E LAVANDERIA,BANHEIRO,92,285,396,422170.48,1167
45,Ilha 1,1,100,chao,490,2,1,2,170.006.028,Caixa de Ferramentas Nitronfort 16L,ORGANIZACAO,ORGANIZACAO,223,500,183,419184.92,489
45,Ilha 1,1,100,chao,490,2,1,3,059.012.003,Escorredor de Pratos,COZINHA,COZINHA,118,500,92,384282.31,911
45,Ilha 1,1,100,chao,490,2,1,4,283.004.003,Lixeira Juta com Pedal,BANHO E LAVANDERIA,LIXEIRAS,175,372,325,380323.43,559
45,Ilha 1,1,100,chao,490,2,1,5,041.012.002,Organizador Multiuso Rattan Com 3 Divisórias - Branco (041/B),ORGANIZACAO,ORGANIZACAO,110,285,178,341502.29,1186
45,Ilha 1,2,605,chao,323,1,1,1,164.006.001,Maleta Organiza Tudo c/Divis. Móveis,ORGANIZACAO,ORGANIZACAO,296,500,50,103051.26,231
45,Ilha 1,2,605,chao,323,1,1,2,069.006.086,Rattan com Tampa,ORGANIZACAO,ORGANIZACAO,280,500,190,73820.36,194
45,Ilha 1,3,943,maos,700,1,1,1,069.006.003,Rattan com Tampa,ORGANIZACAO,ORGANIZACAO,280,500,190,606962.34,512
45,Ilha 1,3,943,maos,700,1,1,2,069.006.002,Rattan com Tampa,ORGANIZACAO,ORGANIZACAO,280,500,190,566454.34,418
45,Ilha 1,3,943,maos,700,1,4,3,010.012.001,Transparente,ORGANIZACAO,ORGANIZACAO,7,500,200,40415.81,144
45,Ilha 1,3,943,maos,700,1,4,4,010.001.003,Caixa Expositora Com 40 Kits Com 10 Cabides - Preto,ORGANIZACAO,ORGANIZACAO,7,500,200,6239.65,9
45,Ilha 1,3,943,maos,700,1,4,5,010.010.003,10 Peças - Preto,ORGANIZACAO,ORGANIZACAO,7,500,200,3481.0,18
45,Ilha 1,3,943,maos,700,1,4,6,167.012.001,3 Peças - Transparente,ORGANIZACAO,ORGANIZACAO,7,500,195,25033.42,149
45,Ilha 1,3,943,maos,700,1,4,7,167.010.003,10 Peças - Preto,ORGANIZACAO,ORGANIZACAO,7,500,195,4253.5,18
46,Ilha 1,1,100,chao,490,2,1,1,095.012.003,Banheiro Premium,BANHO E LAVANDERIA,BANHEIRO,143,285,386,363781.98,842
46,Ilha 1,1,100,chao,490,2,1,2,135.024.001,Tampa para Micro-ondas,COZINHA,MICRO-ONDAS,255,285,68,355308.6,1044
46,Ilha 1,1,100,chao,490,2,1,3,095.012.002,Banheiro Premium,BANHO E LAVANDERIA,BANHEIRO,143,285,386,351926.18,850
46,Ilha 1,1,100,chao,490,2,1,4,233.012.001,Pote Raso com Travas,COZINHA,POTES,140,285,70,334805.31,1114
46,Ilha 1,2,605,chao,323,1,1,1,700.006.001,Organizador de Geladeira Rattan,COZINHA,GELADEIRA,275,500,82,69157.58,333
46,Ilha 1,2,605,chao,323,1,1,2,165.006.086,Escorredor de Pratos,COZINHA,COZINHA,355,500,111,26298.37,126
46,Ilha 1,3,943,maos,700,1,1,1,172.012.999,Pá de Lixo com Cabo,BANHO E LAVANDERIA,LIMPEZA,180,285,666,874221.25,1050
46,Ilha 1,3,943,maos,700,1,1,2,172.012.998,Pá de Lixo com Cabo,BANHO E LAVANDERIA,LIMPEZA,180,285,666,32884.68,205
46,Ilha 1,3,943,maos,700,1,1,3,117.012.002,Tábua Extra Grande,COZINHA,COZINHA,245,500,5,205478.07,219
47,Ilha 1,1,100,chao,490,2,1,1,283.004.002,Lixeira Juta com Pedal,BANHO E LAVANDERIA,LIXEIRAS,175,372,325,331767.33,427
47,Ilha 1,1,100,chao,490,2,1,2,068.012.002,Rattan com Tampa,ORGANIZACAO,ORGANIZACAO,225,372,148,330909.31,399
47,Ilha 1,1,100,chao,490,2,1,3,149.024.001,Micro-ondas,COZINHA,MICRO-ONDAS,220,285,152,322251.72,670
47,Ilha 1,1,100,chao,490,2,1,4,153.012.546,Jarra com Tampa Flip Top,COZINHA,JARRAS,100,285,215,319913.49,868
47,Ilha 1,2,605,chao,323,1,1,1,039.012.003,Escorredor Basico Com Cabo - Preto,COZINHA,COZINHA,230,500,90,38752.28,447
47,Ilha 1,2,605,chao,323,1,1,2,039.012.002,Escorredor Basico Com Cabo - Branco,COZINHA,COZINHA,230,500,90,25643.88,261
47,Ilha 1,2,605,chao,323,1,1,3,438.006.M00,Tábua de Corte Teca Extra G,COZINHA,TECA,210,500,12,1350.66,3
47,Ilha 1,3,943,maos,700,1,1,1,170.006.028,Caixa de Ferramentas Nitronfort 16L,ORGANIZACAO,ORGANIZACAO,223,500,183,419184.92,489
47,Ilha 1,3,943,maos,700,1,1,2,170.006.045,Caixa de Ferramentas Nitronfort 16L,ORGANIZACAO,ORGANIZACAO,223,500,183,101848.1,332
47,Ilha 1,3,943,maos,700,1,1,3,170.006.027,Caixa de Ferramentas Nitronfort 16L,ORGANIZACAO,ORGANIZACAO,223,500,183,89746.77,207
48,Ilha 1,1,100,chao,490,2,1,1,100.006.003,Lixeira com Pedal,BANHO E LAVANDERIA,LIXEIRAS,230,285,272,319162.37,789
48,Ilha 1,1,100,chao,490,2,1,2,060.012.003,Porta Talher Paris com 4 Divisórias e Tampa,COZINHA,COZINHA,210,372,50,318592.55,1054
48,Ilha 1,1,100,chao,490,2,1,3,122.012.066,Saboneteira com Telinha,BANHO E LAVANDERIA,BANHEIRO,89,285,202,316533.9,948
48,Ilha 1,1,100,chao,490,2,1,4,139.012.001,Pote com 3 Divisórias,COZINHA,POTES,140,285,65,312662.12,957
48,Ilha 1,2,605,chao,323,1,1,1,820.006.002,Escorredor de Pratos Flat,COZINHA,COZINHA,268,500,120,9937.86,47
48,Ilha 1,2,605,chao,323,1,1,2,820.006.003,Escorredor de Pratos Flat,COZINHA,COZINHA,268,500,120,8115.06,54
48,Ilha 1,3,943,maos,700,1,1,1,059.012.003,Escorredor de Pratos,COZINHA,COZINHA,118,500,92,384282.31,911
48,Ilha 1,3,943,maos,700,1,1,2,059.012.002,Escorredor de Pratos,COZINHA,COZINHA,305,500,95,100467.81,424
48,Ilha 1,3,943,maos,700,1,1,3,059.012.086,Escorredor de Pratos,COZINHA,COZINHA,118,500,92,35854.49,190
48,Ilha 1,3,943,maos,700,1,1,4,684.004.M00,Tabua De Servir Teca Com Cabo E 2 Molheiras,COZINHA,TECA,175,500,18,5801.68,35
49,Ilha 1,1,100,chao,323,2,1,1,062.012.003,Rattan com Tampa,ORGANIZACAO,ORGANIZACAO,200,285,107,315555.5,538
49,Ilha 1,1,100,chao,323,2,1,2,068.012.003,Rattan com Tampa,ORGANIZACAO,ORGANIZACAO,225,372,148,314588.44,425
49,Ilha 1,1,100,chao,323,2,1,3,062.012.002,Rattan com Tampa,ORGANIZACAO,ORGANIZACAO,200,285,105,311737.11,431
49,Ilha 1,1,100,chao,323,2,1,4,224.012.003,Porta Talher Escorre e Guarda,COZINHA,COZINHA,95,285,240,288745.52,848
49,Ilha 1,2,438,chao,323,2,3,1,237.006.003,Pote Acoplado com Copo Medidor,COZINHA,POTES,205,285,255,275398.26,742
49,Ilha 1,3,776,chao,247,2,1,1,233.012.001,Pote Raso com Travas,COZINHA,POTES,140,285,70,334805.31,1114
49,Ilha 1,3,776,chao,247,2,1,2,068.012.002,Rattan com Tampa,ORGANIZACAO,ORGANIZACAO,225,372,148,330909.31,399
49,Ilha 1,3,776,chao,247,2,1,3,149.024.001,Micro-ondas,COZINHA,MICRO-ONDAS,220,285,152,322251.72,670
49,Ilha 1,3,776,chao,247,2,1,4,920.004.003,Kit Detergente Flat com 2 Peças,COZINHA,COZINHA,86,285,163,320244.62,818
49,Ilha 1,4,1038,maos,700,2,1,1,137.012.002,"Frasqueira Medicamentos 2,8L",FRASQUEIRAS E INFANTIL,FRASQUEIRAS,163,285,128,1673686.75,1162
49,Ilha 1,4,1038,maos,700,2,1,2,142.006.002,"Medicamentos 6,2L",FRASQUEIRAS E INFANTIL,FRASQUEIRAS,198,285,188,1439168.58,989
49,Ilha 1,4,1038,maos,700,2,1,3,013.050.004,Suporte Para Botijão,ORGANIZACAO,ORGANIZACAO,290,372,60,1278677.41,722
49,Ilha 1,4,1038,maos,700,2,1,4,185.012.003,Porta Vassouras com 9 posições,BANHO E LAVANDERIA,LIMPEZA,50,372,50,639710.47,1115
50,Ilha 2,1,100,chao,323,2,1,1,2580.012.001,Pote Alto Retangular,COZINHA,POTES,185,372,87,309665.81,868
50,Ilha 2,1,100,chao,323,2,1,2,032.012.547,Jarra com Tampa,COZINHA,JARRAS,145,285,199,304681.58,849
50,Ilha 2,1,100,chao,323,2,1,3,163.004.002,Lixeira Vime,BANHO E LAVANDERIA,LIXEIRAS,232,285,320,302408.01,610
50,Ilha 2,1,100,chao,323,2,1,4,123.012.028,"Caixa de Ferramentas Nitronfort 2,2L",ORGANIZACAO,ORGANIZACAO,140,372,98,275472.05,501
50,Ilha 2,2,438,chao,323,2,1,1,106.012.001,Maleta Organiza Tudo c/Divis. Móveis,ORGANIZACAO,ORGANIZACAO,195,372,48,533419.13,783
50,Ilha 2,2,438,chao,323,2,1,2,027.012.001,Porta Pão Armazena e Conserva,COZINHA,POTES,140,372,135,519707.0,1089
50,Ilha 2,2,438,chao,323,2,1,3,254.006.002,Modular Rattan,ORGANIZACAO,ORGANIZACAO,265,372,145,508523.35,246
50,Ilha 2,2,438,chao,323,2,1,4,122.012.002,Parede com Ventosa,BANHO E LAVANDERIA,BANHEIRO,89,285,202,501028.91,1209
50,Ilha 2,3,776,chao,247,2,1,1,227.036.999,Copo Infantil com Alça - Sortido,FRASQUEIRAS E INFANTIL,INFANTIL,80,285,122,320155.28,615
50,Ilha 2,3,776,chao,247,2,1,2,153.012.546,Jarra com Tampa Flip Top,COZINHA,JARRAS,100,285,215,319913.49,868
50,Ilha 2,3,776,chao,247,2,1,3,060.012.003,Porta Talher Paris com 4 Divisórias e Tampa,COZINHA,COZINHA,210,372,50,318592.55,1054
50,Ilha 2,3,776,chao,247,2,1,4,122.012.066,Saboneteira com Telinha,BANHO E LAVANDERIA,BANHEIRO,89,285,202,316533.9,948
50,Ilha 2,3,776,chao,247,2,1,5,062.012.003,Rattan com Tampa,ORGANIZACAO,ORGANIZACAO,200,285,107,315555.5,538
50,Ilha 2,4,1038,maos,700,2,1,1,052.006.003,Lixeira Rattan com Pedal,BANHO E LAVANDERIA,LIXEIRAS,208,285,260,1019431.18,1313
50,Ilha 2,4,1038,maos,700,2,1,2,052.006.002,Lixeira Rattan com Pedal,BANHO E LAVANDERIA,LIXEIRAS,210,285,260,904483.82,1110
50,Ilha 2,4,1038,maos,700,2,1,3,172.012.999,Pá de Lixo com Cabo,BANHO E LAVANDERIA,LIMPEZA,180,285,666,874221.25,1050
50,Ilha 2,4,1038,maos,700,2,1,4,041.012.003,Organizador Multiuso Rattan Com 3 Divisorias - Preto (041/P),ORGANIZACAO,ORGANIZACAO,110,285,178,859105.0,1727
51,Ilha 2,1,100,chao,490,2,1,1,396.006.002,Lixeira Flat com Pedal,BANHO E LAVANDERIA,LIXEIRAS,172,285,268,301157.16,349
51,Ilha 2,1,100,chao,490,2,1,2,152.006.003,Kit Mantimentos  5 Peças,COZINHA,POTES,230,285,225,299992.8,302
51,Ilha 2,1,100,chao,490,2,1,3,215.012.003,Pote Ultraforte com Travas,COZINHA,POTES,165,285,87,289403.85,807
51,Ilha 2,1,100,chao,490,2,1,4,156.012.001,Pote Alto com Travas,COZINHA,POTES,140,285,120,275049.01,942
51,Ilha 2,2,605,chao,323,1,1,1,261.006.086,Caixa Organizadora Baixa Rattan com Tampa,ORGANIZACAO,ORGANIZACAO,280,500,83,15747.42,66
51,Ilha 2,2,605,chao,323,1,1,2,625.002.M00,Teca Grande Gourmet,COZINHA,TECA,295,500,30,9364.74,10
51,Ilha 2,3,943,maos,700,1,1,1,261.006.003,Caixa Organizadora Baixa Rattan com Tampa,ORGANIZACAO,ORGANIZACAO,280,500,83,160286.75,167
51,Ilha 2,3,943,maos,700,1,1,2,261.006.002,Caixa Organizadora Baixa Rattan com Tampa,ORGANIZACAO,ORGANIZACAO,280,500,83,127006.06,129
51,Ilha 2,3,943,maos,700,1,1,3,689.004.M00,Tabua Servir Teca Com Cabo E 1 Molheira,COZINHA,TECA,133,500,18,5630.64,37
52,Ilha 2,1,100,chao,490,2,1,1,244.012.001,"Pote Raso Com Valvula - 3,2L (244)",COZINHA,POTES,210,372,72,284556.52,508
52,Ilha 2,1,100,chao,490,2,1,2,237.006.003,Pote Acoplado com Copo Medidor,COZINHA,POTES,205,285,255,275398.26,742
52,Ilha 2,1,100,chao,490,2,1,3,4030.012.003,Porta Farofa com Tampa,COZINHA,COZINHA,79,285,159,269314.02,1509
52,Ilha 2,1,100,chao,490,2,1,4,134.012.002,Lixeira Basculante Rattan,BANHO E LAVANDERIA,LIXEIRAS,160,285,300,266784.28,707
52,Ilha 2,2,605,chao,323,1,1,1,562.004.M00,Tábua de Pizza com Cabo Teca,COZINHA,TECA,380,500,15,5516.64,11
52,Ilha 2,2,605,chao,323,1,1,2,563.004.M00,Tábua Brotinho com Cabo Teca,COZINHA,TECA,343,500,15,2911.84,8
52,Ilha 2,3,943,maos,700,1,1,1,387.006.M00,Tábua de Corte Teca G,COZINHA,TECA,265,500,18,197675.91,39
52,Ilha 2,3,943,maos,700,1,1,2,097.012.001,Nitronbox 10L (097),ORGANIZACAO,ORGANIZACAO,293,500,136,195516.18,249
53,Ilha 2,1,100,chao,490,2,1,1,150.004.003,Lixeira com Pedal,BANHO E LAVANDERIA,LIXEIRAS,295,372,364,265669.61,530
53,Ilha 2,1,100,chao,490,2,1,2,3770.012.001,Pote Quadrado com Travas,COZINHA,POTES,185,285,88,264644.58,723
53,Ilha 2,1,100,chao,490,2,1,3,166.024.001,Porta Biscoitos e Torradas,COZINHA,POTES,91,285,89,255181.65,746
53,Ilha 2,1,100,chao,490,2,1,4,146.024.001,Forma de Ovos e Omeleteira Micro-ondas,COZINHA,MICRO-ONDAS,150,285,60,253547.82,644
53,Ilha 2,2,605,chao,323,1,1,1,820.006.086,Escorredor de Pratos Flat,COZINHA,COZINHA,268,500,120,2022.78,14
53,Ilha 2,2,605,chao,323,1,1,2,443.006.M00,Tábua de Corte Teca G com Alça de Metal,COZINHA,TECA,210,500,12,225.84,1
53,Ilha 2,2,605,chao,323,1,1,3,695.002.M00,Teca Quadrada Gourmet,COZINHA,TECA,210,500,12,0.0,0
53,Ilha 2,3,943,maos,700,1,1,1,165.006.003,Escorredor de Pratos,COZINHA,COZINHA,355,500,111,149730.62,459
53,Ilha 2,3,943,maos,700,1,1,2,165.006.002,Escorredor de Pratos,COZINHA,COZINHA,355,500,111,45954.14,220
54,Ilha 2,1,100,chao,490,2,1,1,397.004.003,Lixeira Flat com Pedal,BANHO E LAVANDERIA,LIXEIRAS,256,285,320,260713.43,438
54,Ilha 2,1,100,chao,490,2,1,2,103.024.003,Com Bandeja,COZINHA,POTES,125,285,60,250322.05,499
54,Ilha 2,1,100,chao,490,2,1,3,030.012.001,Pote Monterey com 3 Divisórias,COZINHA,POTES,212,285,55,250297.93,459
54,Ilha 2,1,100,chao,490,2,1,4,105.024.003,Marmita Bom Apetite Com Bandeija E Valvula - Preto 800Ml,COZINHA,POTES,127,285,70,248640.09,414
54,Ilha 2,2,605,chao,323,2,1,1,137.012.002,"Frasqueira Medicamentos 2,8L",FRASQUEIRAS E INFANTIL,FRASQUEIRAS,163,285,128,1673686.75,1162
54,Ilha 2,2,605,chao,323,2,1,2,142.006.002,"Medicamentos 6,2L",FRASQUEIRAS E INFANTIL,FRASQUEIRAS,198,285,188,1439168.58,989
54,Ilha 2,2,605,chao,323,2,1,3,013.050.004,Suporte Para Botijão,ORGANIZACAO,ORGANIZACAO,290,372,60,1278677.41,722
54,Ilha 2,2,605,chao,323,2,1,4,185.012.003,Porta Vassouras com 9 posições,BANHO E LAVANDERIA,LIMPEZA,50,372,50,639710.47,1115
54,Ilha 2,3,943,maos,700,1,1,1,270.006.003,Cesto Europa Juta,ORGANIZACAO,ORGANIZACAO,280,500,222,118525.93,165
54,Ilha 2,3,943,maos,700,1,1,2,270.006.002,Cesto Europa Juta,ORGANIZACAO,ORGANIZACAO,280,500,222,73256.65,110
55,Ilha 2,1,100,chao,323,2,1,1,060.012.002,Porta Talher Paris com 4 Divisórias e Tampa,COZINHA,COZINHA,210,372,50,250288.25,1026
55,Ilha 2,1,100,chao,323,2,1,2,362.012.003,Pote Acucar Acoplado Com Rosca - 2L,COZINHA,POTES,140,285,179,248403.06,1001
55,Ilha 2,1,100,chao,323,2,1,3,055.012.003,Escorredor Multiuso,COZINHA,COZINHA,215,285,190,248395.68,579
55,Ilha 2,1,100,chao,323,2,1,4,363.012.003,Pote Cafe Acoplado Com Rosca - 2L,COZINHA,POTES,140,285,179,247062.72,710
55,Ilha 2,2,438,chao,323,2,1,1,179.024.001,Porta Frios com Pinça,COZINHA,COZINHA,175,285,53,498382.64,775
55,Ilha 2,2,438,chao,323,2,1,2,004.006.002,Gaveteiro Com 4 Gavetas - Branca (004/4B),ORGANIZACAO,ORGANIZACAO,180,285,225,472218.28,359
55,Ilha 2,2,438,chao,323,2,1,3,186.006.002,Mega Luxo,FRASQUEIRAS E INFANTIL,FRASQUEIRAS,250,372,220,442151.62,378
55,Ilha 2,2,438,chao,323,2,1,4,046.012.003,Porta Óleo Itália,COZINHA,COZINHA,88,285,162,438457.13,1746
55,Ilha 2,3,776,chao,247,2,1,1,068.012.003,Rattan com Tampa,ORGANIZACAO,ORGANIZACAO,225,372,148,314588.44,425
55,Ilha 2,3,776,chao,247,2,1,2,139.012.001,Pote com 3 Divisórias,COZINHA,POTES,140,285,65,312662.12,957
55,Ilha 2,3,776,chao,247,2,1,3,062.012.002,Rattan com Tampa,ORGANIZACAO,ORGANIZACAO,200,285,105,311737.11,431
55,Ilha 2,3,776,chao,247,2,1,4,032.012.547,Jarra com Tampa,COZINHA,JARRAS,145,285,199,304681.58,849
55,Ilha 2,4,1038,maos,700,2,1,1,163.004.003,Lixeira Vime,BANHO E LAVANDERIA,LIXEIRAS,232,285,320,770151.73,890
55,Ilha 2,4,1038,maos,700,2,1,2,004.006.003,Gaveteiro Com 4 Gavetas - Preta (004/4P),ORGANIZACAO,ORGANIZACAO,180,285,225,739649.29,589
55,Ilha 2,4,1038,maos,700,2,1,3,013.050.003,Suporte Para Botijão,ORGANIZACAO,ORGANIZACAO,290,372,60,663645.62,1146
56,Ilha 3,1,100,chao,323,2,1,1,254.006.003,Modular Rattan,ORGANIZACAO,ORGANIZACAO,265,372,145,248265.19,285
56,Ilha 3,1,100,chao,323,2,1,2,034.012.001,Pote Mônaco com 3 Divisórias,COZINHA,POTES,190,285,50,244281.34,712
56,Ilha 3,1,100,chao,323,2,1,3,237.006.002,Pote Acoplado com Copo Medidor,COZINHA,POTES,205,285,255,240463.15,612
56,Ilha 3,2,438,chao,323,2,1,1,353.006.001,Kit Potes Modulares com 6 Peças,COZINHA,POTES,110,285,285,435974.81,178
56,Ilha 3,2,438,chao,323,2,1,2,144.006.003,Porta Talher com 6 Divisórias e Tampa,COZINHA,COZINHA,290,372,50,434598.16,1138
56,Ilha 3,2,438,chao,323,2,1,3,396.006.003,Lixeira Flat com Pedal,BANHO E LAVANDERIA,LIXEIRAS,172,285,268,422993.52,494
56,Ilha 3,2,438,chao,323,2,1,4,185.012.002,Porta Vassouras com 9 posições,BANHO E LAVANDERIA,LIMPEZA,50,372,50,419905.88,761
56,Ilha 3,2,438,chao,323,2,1,5,920.004.003,Kit Detergente Flat com 2 Peças,COZINHA,COZINHA,86,285,163,320244.62,818
56,Ilha 3,3,776,chao,247,2,1,1,2580.012.001,Pote Alto Retangular,COZINHA,POTES,185,372,87,309665.81,868
56,Ilha 3,3,776,chao,247,2,1,2,152.006.003,Kit Mantimentos  5 Peças,COZINHA,POTES,230,285,225,299992.8,302
56,Ilha 3,3,776,chao,247,2,1,3,215.012.003,Pote Ultraforte com Travas,COZINHA,POTES,165,285,87,289403.85,807
56,Ilha 3,3,776,chao,247,2,1,4,224.012.003,Porta Talher Escorre e Guarda,COZINHA,COZINHA,95,285,240,288745.52,848
56,Ilha 3,4,1038,maos,700,2,1,1,043.012.002,"Frasqueira Medicamentos 1,4L",FRASQUEIRAS E INFANTIL,FRASQUEIRAS,157,285,100,663232.39,1065
56,Ilha 3,4,1038,maos,700,2,1,2,408.012.002,Kit Churros Fácil,COZINHA,DECOR,165,285,235,606220.53,839
56,Ilha 3,4,1038,maos,700,2,1,3,255.036.016,Firenze com Tampa,COZINHA,JARRAS,119,372,39,594517.32,826
56,Ilha 3,4,1038,maos,700,2,1,4,134.012.003,Lixeira Basculante Rattan,BANHO E LAVANDERIA,LIXEIRAS,160,285,300,561419.34,911
56,Ilha 3,4,1038,maos,700,2,1,5,122.012.003,Saboneteira com Tampa,BANHO E LAVANDERIA,BANHEIRO,89,285,202,534063.95,1170
57,Ilha 3,1,100,chao,490,2,1,1,008.012.003,Porta Sabão em Pó,BANHO E LAVANDERIA,LIMPEZA,105,285,250,238697.68,508
57,Ilha 3,1,100,chao,490,2,1,2,234.012.001,Pote Raso com Travas,COZINHA,POTES,180,285,80,236917.52,688
57,Ilha 3,1,100,chao,490,2,1,3,258.006.003,Cesto Alongado Juta,ORGANIZACAO,ORGANIZACAO,165,372,145,234846.07,484
57,Ilha 3,1,100,chao,490,2,1,4,003.006.003,Gaveteiro Com 3 Gavetas - Preta (004/3P),ORGANIZACAO,ORGANIZACAO,180,285,173,232957.21,499
57,Ilha 3,1,100,chao,490,2,1,5,079.012.002,Prateleira Madri,BANHO E LAVANDERIA,BANHEIRO,92,285,396,205126.37,903
57,Ilha 3,2,605,chao,323,2,1,1,052.006.003,Lixeira Rattan com Pedal,BANHO E LAVANDERIA,LIXEIRAS,208,285,260,1019431.18,1313
57,Ilha 3,2,605,chao,323,2,1,2,052.006.002,Lixeira Rattan com Pedal,BANHO E LAVANDERIA,LIXEIRAS,210,285,260,904483.82,1110
57,Ilha 3,2,605,chao,323,2,1,3,041.012.003,Organizador Multiuso Rattan Com 3 Divisorias - Preto (041/P),ORGANIZACAO,ORGANIZACAO,110,285,178,859105.0,1727
57,Ilha 3,2,605,chao,323,2,1,4,004.006.003,Gaveteiro Com 4 Gavetas - Preta (004/4P),ORGANIZACAO,ORGANIZACAO,180,285,225,739649.29,589
57,Ilha 3,3,943,maos,700,1,1,1,196.006.001,Pote Premium,COZINHA,POTES,260,500,120,174950.53,464
57,Ilha 3,3,943,maos,700,1,1,2,110.006.001,Nitronbox 20L (110),ORGANIZACAO,ORGANIZACAO,293,500,256,127135.56,253
58,Ilha 3,1,100,chao,490,2,1,1,195.006.012,Frasqueira Cristal com Divisórias,FRASQUEIRAS E INFANTIL,FRASQUEIRAS,115,285,110,231879.79,589
58,Ilha 3,1,100,chao,490,2,1,2,243.024.001,"Pote Raso Com Valvula - 1,9L (243)",COZINHA,POTES,185,372,59,231692.59,490
58,Ilha 3,1,100,chao,490,2,1,3,051.012.003,Porta Detergente 3 Em 1 - Preto (051/P),COZINHA,COZINHA,120,285,65,230461.39,1296
58,Ilha 3,1,100,chao,490,2,1,4,217.012.003,Pote Ultraforte com Travas,COZINHA,POTES,240,372,128,230051.12,513
58,Ilha 3,2,605,chao,323,2,1,1,163.004.003,Lixeira Vime,BANHO E LAVANDERIA,LIXEIRAS,232,285,320,770151.73,890
58,Ilha 3,2,605,chao,323,2,1,2,013.050.003,Suporte Para Botijão,ORGANIZACAO,ORGANIZACAO,290,372,60,663645.62,1146
58,Ilha 3,2,605,chao,323,2,1,3,043.012.002,"Frasqueira Medicamentos 1,4L",FRASQUEIRAS E INFANTIL,FRASQUEIRAS,157,285,100,663232.39,1065
58,Ilha 3,3,943,maos,700,1,1,1,056.012.002,Escorredor Luxo com Cabo,COZINHA,COZINHA,250,500,115,116732.87,419
58,Ilha 3,3,943,maos,700,1,1,2,056.012.003,Escorredor Luxo com Cabo,COZINHA,COZINHA,250,500,115,47551.82,347
58,Ilha 3,3,943,maos,700,1,1,3,392.006.M00,Tábua com Cabo Teca G,COZINHA,TECA,210,500,12,24011.28,37
59,Ilha 3,1,100,chao,490,2,1,1,155.012.001,Pote Alto com Travas,COZINHA,POTES,110,285,90,227906.2,945
59,Ilha 3,1,100,chao,490,2,1,2,257.012.003,Cesto Alongado Juta,ORGANIZACAO,ORGANIZACAO,132,285,116,227096.15,578
59,Ilha 3,1,100,chao,490,2,1,3,100.006.002,Lixeira com Pedal,BANHO E LAVANDERIA,LIXEIRAS,230,285,272,217844.17,668
59,Ilha 3,1,100,chao,490,2,1,4,151.012.001,Pote Alto com Travas,COZINHA,POTES,180,285,140,213603.16,544
59,Ilha 3,2,605,chao,323,2,1,1,069.006.003,Rattan com Tampa,ORGANIZACAO,ORGANIZACAO,280,500,190,606962.34,512
59,Ilha 3,2,605,chao,323,2,1,2,408.012.002,Kit Churros Fácil,COZINHA,DECOR,165,285,235,606220.53,839
59,Ilha 3,2,605,chao,323,2,1,3,255.036.016,Firenze com Tampa,COZINHA,JARRAS,119,372,39,594517.32,826
59,Ilha 3,2,605,chao,323,2,1,4,134.012.003,Lixeira Basculante Rattan,BANHO E LAVANDERIA,LIXEIRAS,160,285,300,561419.34,911
59,Ilha 3,3,943,maos,700,1,1,1,552.004.002,Cesto de Roupas Empilhável,BANHO E LAVANDERIA,LIMPEZA,345,372,495,81704.55,70
59,Ilha 3,3,943,maos,700,1,1,2,552.004.003,Cesto de Roupas Empilhável,BANHO E LAVANDERIA,LIMPEZA,345,372,495,35560.2,38
60,Ilha 3,1,100,chao,490,2,1,1,284.012.003,Cesto Transporta Tudo,BANHO E LAVANDERIA,LIMPEZA,263,372,182,215018.36,355
60,Ilha 3,1,100,chao,490,2,1,2,242.024.001,Pote Raso com Válvula,COZINHA,POTES,150,285,50,213170.68,563
60,Ilha 3,1,100,chao,490,2,1,3,216.012.003,Pote Ultraforte com Travas,COZINHA,POTES,200,372,105,212734.84,606
60,Ilha 3,1,100,chao,490,2,1,4,256.024.003,Cesto Alongado Juta,ORGANIZACAO,ORGANIZACAO,99,285,87,208536.31,538
60,Ilha 3,2,605,chao,323,2,1,1,069.006.002,Rattan com Tampa,ORGANIZACAO,ORGANIZACAO,280,500,190,566454.34,418
60,Ilha 3,2,605,chao,323,2,1,2,052.006.086,Lixeira Rattan com Pedal,BANHO E LAVANDERIA,LIXEIRAS,208,285,260,550624.96,688
60,Ilha 3,2,605,chao,323,2,1,3,122.012.003,Saboneteira com Tampa,BANHO E LAVANDERIA,BANHEIRO,89,285,202,534063.95,1170
60,Ilha 3,2,605,chao,323,2,1,4,133.012.003,Porta Detergente Rattan com Base,COZINHA,COZINHA,105,285,70,522953.07,1380
60,Ilha 3,3,943,maos,700,1,1,1,270.002.M03,Caixa Juta Europa com Tampa Teca,COZINHA,TECA,280,500,227,62599.18,22
60,Ilha 3,3,943,maos,700,1,1,2,270.002.M02,Caixa Juta Europa com Tampa Teca,COZINHA,TECA,280,500,227,47435.57,27
61,Ilha 3,1,100,chao,323,2,1,1,2540.012.001,Kit Potes Altos com 3 pçs,COZINHA,POTES,210,372,101,203640.25,112
61,Ilha 3,1,100,chao,323,2,1,2,313.006.560,Organizador De Cosmeticos Com 2 Gavetas - Preta,ORGANIZACAO,ORGANIZACAO,185,285,210,201370.79,235
61,Ilha 3,1,100,chao,323,2,1,3,044.012.005,Porta Leite de Saquinho,COZINHA,COZINHA,120,285,150,201220.37,800
61,Ilha 3,1,100,chao,323,2,1,4,065.012.003,Rattan com Tampa,ORGANIZACAO,ORGANIZACAO,154,285,90,200308.95,485
61,Ilha 3,2,438,chao,323,2,1,1,187.006.001,Organiza Tudo com Divisórias Móveis,ORGANIZACAO,ORGANIZACAO,270,372,60,414222.22,505
61,Ilha 3,2,438,chao,323,2,1,2,019.024.001,Maleta Organiza Tudo c/Divis. Móveis,ORGANIZACAO,ORGANIZACAO,118,285,41,408590.74,872
61,Ilha 3,2,438,chao,323,2,1,3,144.006.002,Porta Talher com 6 Divisórias e Tampa,COZINHA,COZINHA,290,372,50,407369.62,1048
61,Ilha 3,3,776,chao,247,2,2,1,244.012.001,"Pote Raso Com Valvula - 3,2L (244)",COZINHA,POTES,210,372,72,284556.52,508
61,Ilha 3,3,776,chao,247,2,1,2,123.012.028,"Caixa de Ferramentas Nitronfort 2,2L",ORGANIZACAO,ORGANIZACAO,140,372,98,275472.05,501
61,Ilha 3,3,776,chao,247,2,1,3,156.012.001,Pote Alto com Travas,COZINHA,POTES,140,285,120,275049.01,942
61,Ilha 3,4,1038,maos,700,2,1,1,052.006.086,Lixeira Rattan com Pedal,BANHO E LAVANDERIA,LIXEIRAS,208,285,260,550624.96,688
61,Ilha 3,4,1038,maos,700,2,1,2,106.012.001,Maleta Organiza Tudo c/Divis. Móveis,ORGANIZACAO,ORGANIZACAO,195,372,48,533419.13,783
61,Ilha 3,4,1038,maos,700,2,1,3,133.012.003,Porta Detergente Rattan com Base,COZINHA,COZINHA,105,285,70,522953.07,1380
61,Ilha 3,4,1038,maos,700,2,1,4,027.012.001,Porta Pão Armazena e Conserva,COZINHA,POTES,140,372,135,519707.0,1089
61,Ilha 3,4,1038,maos,700,2,1,5,185.012.002,Porta Vassouras com 9 posições,BANHO E LAVANDERIA,LIMPEZA,50,372,50,419905.88,761
62,Gôndola A,1,100,chao,323,3,1,1,254.006.002,Modular Rattan,ORGANIZACAO,ORGANIZACAO,265,372,145,508523.35,246
62,Gôndola A,1,100,chao,323,3,1,2,122.012.002,Parede com Ventosa,BANHO E LAVANDERIA,BANHEIRO,89,285,202,501028.91,1209
62,Gôndola A,1,100,chao,323,3,1,3,179.024.001,Porta Frios com Pinça,COZINHA,COZINHA,175,285,53,498382.64,775
62,Gôndola A,1,100,chao,323,3,1,4,004.006.002,Gaveteiro Com 4 Gavetas - Branca (004/4B),ORGANIZACAO,ORGANIZACAO,180,285,225,472218.28,359
62,Gôndola A,2,438,chao,323,3,1,1,254.006.002,Modular Rattan,ORGANIZACAO,ORGANIZACAO,265,372,145,508523.35,246
62,Gôndola A,2,438,chao,323,3,1,2,122.012.002,Parede com Ventosa,BANHO E LAVANDERIA,BANHEIRO,89,285,202,501028.91,1209
62,Gôndola A,2,438,chao,323,3,1,3,179.024.001,Porta Frios com Pinça,COZINHA,COZINHA,175,285,53,498382.64,775
62,Gôndola A,2,438,chao,323,3,1,4,004.006.002,Gaveteiro Com 4 Gavetas - Branca (004/4B),ORGANIZACAO,ORGANIZACAO,180,285,225,472218.28,359
62,Gôndola A,3,776,chao,247,3,1,1,254.006.002,Modular Rattan,ORGANIZACAO,ORGANIZACAO,265,372,145,508523.35,246
62,Gôndola A,3,776,chao,247,3,1,2,122.012.002,Parede com Ventosa,BANHO E LAVANDERIA,BANHEIRO,89,285,202,501028.91,1209
62,Gôndola A,3,776,chao,247,3,1,3,179.024.001,Porta Frios com Pinça,COZINHA,COZINHA,175,285,53,498382.64,775
62,Gôndola A,3,776,chao,247,3,1,4,004.006.002,Gaveteiro Com 4 Gavetas - Branca (004/4B),ORGANIZACAO,ORGANIZACAO,180,285,225,472218.28,359
62,Gôndola A,4,1038,maos,700,2,1,1,254.006.002,Modular Rattan,ORGANIZACAO,ORGANIZACAO,265,372,145,508523.35,246
62,Gôndola A,4,1038,maos,700,2,1,2,122.012.002,Parede com Ventosa,BANHO E LAVANDERIA,BANHEIRO,89,285,202,501028.91,1209
62,Gôndola A,4,1038,maos,700,2,1,3,179.024.001,Porta Frios com Pinça,COZINHA,COZINHA,175,285,53,498382.64,775
62,Gôndola A,4,1038,maos,700,2,1,4,004.006.002,Gaveteiro Com 4 Gavetas - Branca (004/4B),ORGANIZACAO,ORGANIZACAO,180,285,225,472218.28,359
63,Gôndola A,1,100,chao,490,3,1,1,013.050.004,Suporte Para Botijão,ORGANIZACAO,ORGANIZACAO,290,372,60,1278677.41,722
63,Gôndola A,1,100,chao,490,3,1,2,013.050.003,Suporte Para Botijão,ORGANIZACAO,ORGANIZACAO,290,372,60,663645.62,1146
63,Gôndola A,1,100,chao,490,3,1,3,019.024.001,Maleta Organiza Tudo c/Divis. Móveis,ORGANIZACAO,ORGANIZACAO,118,285,41,408590.74,872
63,Gôndola A,1,100,chao,490,3,2,4,184.016.001,Transparente,ORGANIZACAO,ORGANIZACAO,7,285,152,21946.65,113
63,Gôndola A,1,100,chao,490,3,1,5,184.010.003,10 Peças - Preto,ORGANIZACAO,ORGANIZACAO,7,285,152,2783.5,15
63,Gôndola A,2,605,chao,323,1,2,1,353.006.001,Kit Potes Modulares com 6 Peças,COZINHA,POTES,110,285,285,435974.81,178
63,Gôndola A,2,605,chao,323,1,1,2,323.006.001,"Pote Modular - Transparente 2,4L",COZINHA,POTES,110,285,285,99223.19,371
63,Gôndola A,2,605,chao,323,1,2,3,182.012.546,Jarra com Tampa Flip Top,COZINHA,JARRAS,124,285,267,161891.71,353
63,Gôndola A,2,605,chao,323,1,1,4,182.012.002,Jarra com Tampa Flip Top,COZINHA,JARRAS,124,285,267,104879.67,312
63,Gôndola A,3,943,maos,323,1,1,1,081.012.003,Porta Papel Toalha,COZINHA,COZINHA,148,285,263,31578.92,459
63,Gôndola A,3,943,maos,323,1,1,2,081.012.002,Porta Papel Toalha,COZINHA,COZINHA,148,285,263,22711.54,256
63,Gôndola A,3,943,maos,323,1,1,3,237.006.003,Pote Acoplado com Copo Medidor,COZINHA,POTES,205,285,255,275398.26,742
63,Gôndola A,3,943,maos,323,1,1,4,237.006.002,Pote Acoplado com Copo Medidor,COZINHA,POTES,205,285,255,240463.15,612
63,Gôndola A,4,1281,maos,247,1,1,1,503.006.001,Caixa Organizadora Flat com Tampa,ORGANIZACAO,ORGANIZACAO,259,372,139,165707.81,305
63,Gôndola A,4,1281,maos,247,1,1,2,503.006.003,Caixa Organizadora Flat com Tampa,ORGANIZACAO,ORGANIZACAO,259,372,139,147690.73,220
63,Gôndola A,4,1281,maos,247,1,1,3,308.006.520,Estojo Super Prático,ORGANIZACAO,ORGANIZACAO,205,285,59,51702.32,115
63,Gôndola A,5,1542,olhos,700,1,1,1,013.050.004,Suporte Para Botijão,ORGANIZACAO,ORGANIZACAO,290,372,60,1278677.41,722
63,Gôndola A,5,1542,olhos,700,1,1,2,013.050.003,Suporte Para Botijão,ORGANIZACAO,ORGANIZACAO,290,372,60,663645.62,1146
63,Gôndola A,5,1542,olhos,700,1,1,3,019.024.001,Maleta Organiza Tudo c/Divis. Móveis,ORGANIZACAO,ORGANIZACAO,118,285,41,408590.74,872
63,Gôndola A,5,1542,olhos,700,1,2,4,184.016.001,Transparente,ORGANIZACAO,ORGANIZACAO,7,285,152,21946.65,113
63,Gôndola A,5,1542,olhos,700,1,1,5,184.010.003,10 Peças - Preto,ORGANIZACAO,ORGANIZACAO,7,285,152,2783.5,15
64,Gôndola A,1,100,chao,490,3,1,1,004.006.003,Gaveteiro Com 4 Gavetas - Preta (004/4P),ORGANIZACAO,ORGANIZACAO,180,285,225,739649.29,589
64,Gôndola A,1,100,chao,490,3,1,2,004.006.002,Gaveteiro Com 4 Gavetas - Branca (004/4B),ORGANIZACAO,ORGANIZACAO,180,285,225,472218.28,359
64,Gôndola A,1,100,chao,490,3,1,3,004.006.012,Gaveteiro Com 4 Gavetas - Rosa,ORGANIZACAO,ORGANIZACAO,180,285,225,183630.34,121
64,Gôndola A,1,100,chao,490,3,1,4,138.012.001,Organiza Tudo com Divisórias Móveis,ORGANIZACAO,ORGANIZACAO,175,285,43,387480.06,861
64,Gôndola A,2,605,chao,323,3,1,1,004.006.003,Gaveteiro Com 4 Gavetas - Preta (004/4P),ORGANIZACAO,ORGANIZACAO,180,285,225,739649.29,589
64,Gôndola A,2,605,chao,323,3,1,2,004.006.002,Gaveteiro Com 4 Gavetas - Branca (004/4B),ORGANIZACAO,ORGANIZACAO,180,285,225,472218.28,359
64,Gôndola A,2,605,chao,323,3,1,3,004.006.012,Gaveteiro Com 4 Gavetas - Rosa,ORGANIZACAO,ORGANIZACAO,180,285,225,183630.34,121
64,Gôndola A,2,605,chao,323,3,1,4,138.012.001,Organiza Tudo com Divisórias Móveis,ORGANIZACAO,ORGANIZACAO,175,285,43,387480.06,861
64,Gôndola A,3,943,maos,323,3,1,1,004.006.003,Gaveteiro Com 4 Gavetas - Preta (004/4P),ORGANIZACAO,ORGANIZACAO,180,285,225,739649.29,589
64,Gôndola A,3,943,maos,323,3,1,2,004.006.002,Gaveteiro Com 4 Gavetas - Branca (004/4B),ORGANIZACAO,ORGANIZACAO,180,285,225,472218.28,359
64,Gôndola A,3,943,maos,323,3,1,3,004.006.012,Gaveteiro Com 4 Gavetas - Rosa,ORGANIZACAO,ORGANIZACAO,180,285,225,183630.34,121
64,Gôndola A,3,943,maos,323,3,1,4,138.012.001,Organiza Tudo com Divisórias Móveis,ORGANIZACAO,ORGANIZACAO,175,285,43,387480.06,861
64,Gôndola A,4,1281,maos,247,1,1,1,313.006.560,Organizador De Cosmeticos Com 2 Gavetas - Preta,ORGANIZACAO,ORGANIZACAO,185,285,210,201370.79,235
64,Gôndola A,4,1281,maos,247,1,1,2,313.006.561,Organizador De Cosmeticos Com 2 Gavetas - Branca,ORGANIZACAO,ORGANIZACAO,185,285,210,62183.19,140
64,Gôndola A,4,1281,maos,247,1,1,3,313.006.562,Organizador De Cosmeticos Com 2 Gavetas - Rosa,ORGANIZACAO,ORGANIZACAO,185,285,210,32732.74,125
64,Gôndola A,4,1281,maos,247,1,1,4,161.012.002,Porta Tudo,ORGANIZACAO,ORGANIZACAO,139,285,98,33921.65,222
64,Gôndola A,5,1542,olhos,700,1,1,1,004.006.003,Gaveteiro Com 4 Gavetas - Preta (004/4P),ORGANIZACAO,ORGANIZACAO,180,285,225,739649.29,589
64,Gôndola A,5,1542,olhos,700,1,1,2,004.006.002,Gaveteiro Com 4 Gavetas - Branca (004/4B),ORGANIZACAO,ORGANIZACAO,180,285,225,472218.28,359
64,Gôndola A,5,1542,olhos,700,1,1,3,004.006.012,Gaveteiro Com 4 Gavetas - Rosa,ORGANIZACAO,ORGANIZACAO,180,285,225,183630.34,121
64,Gôndola A,5,1542,olhos,700,1,1,4,138.012.001,Organiza Tudo com Divisórias Móveis,ORGANIZACAO,ORGANIZACAO,175,285,43,387480.06,861
65,Gôndola A,1,100,chao,490,3,1,1,041.012.003,Organizador Multiuso Rattan Com 3 Divisorias - Preto (041/P),ORGANIZACAO,ORGANIZACAO,110,285,178,859105.0,1727
65,Gôndola A,1,100,chao,490,3,1,2,041.012.002,Organizador Multiuso Rattan Com 3 Divisórias - Branco (041/B),ORGANIZACAO,ORGANIZACAO,110,285,178,341502.29,1186
65,Gôndola A,1,100,chao,490,3,1,3,041.012.086,Organizador Multiuso Rattan Com 3 Divisorias - Chumbo,ORGANIZACAO,ORGANIZACAO,110,285,178,92531.34,593
65,Gôndola A,1,100,chao,490,3,1,4,106.012.001,Maleta Organiza Tudo c/Divis. Móveis,ORGANIZACAO,ORGANIZACAO,195,372,48,533419.13,783
65,Gôndola A,1,100,chao,490,3,2,5,198.012.001,Estojo Super Prático,ORGANIZACAO,ORGANIZACAO,64,285,40,127247.8,549
65,Gôndola A,1,100,chao,490,3,1,6,198.012.066,Estojo Super Prático,ORGANIZACAO,ORGANIZACAO,64,285,40,81519.59,423
65,Gôndola A,2,605,chao,323,3,1,1,041.012.003,Organizador Multiuso Rattan Com 3 Divisorias - Preto (041/P),ORGANIZACAO,ORGANIZACAO,110,285,178,859105.0,1727
65,Gôndola A,2,605,chao,323,3,1,2,041.012.002,Organizador Multiuso Rattan Com 3 Divisórias - Branco (041/B),ORGANIZACAO,ORGANIZACAO,110,285,178,341502.29,1186
65,Gôndola A,2,605,chao,323,3,1,3,041.012.086,Organizador Multiuso Rattan Com 3 Divisorias - Chumbo,ORGANIZACAO,ORGANIZACAO,110,285,178,92531.34,593
65,Gôndola A,2,605,chao,323,3,1,4,106.012.001,Maleta Organiza Tudo c/Divis. Móveis,ORGANIZACAO,ORGANIZACAO,195,372,48,533419.13,783
65,Gôndola A,2,605,chao,323,3,2,5,198.012.001,Estojo Super Prático,ORGANIZACAO,ORGANIZACAO,64,285,40,127247.8,549
65,Gôndola A,2,605,chao,323,3,1,6,198.012.066,Estojo Super Prático,ORGANIZACAO,ORGANIZACAO,64,285,40,81519.59,423
65,Gôndola A,3,943,maos,323,3,1,1,041.012.003,Organizador Multiuso Rattan Com 3 Divisorias - Preto (041/P),ORGANIZACAO,ORGANIZACAO,110,285,178,859105.0,1727
65,Gôndola A,3,943,maos,323,3,1,2,041.012.002,Organizador Multiuso Rattan Com 3 Divisórias - Branco (041/B),ORGANIZACAO,ORGANIZACAO,110,285,178,341502.29,1186
65,Gôndola A,3,943,maos,323,3,1,3,041.012.086,Organizador Multiuso Rattan Com 3 Divisorias - Chumbo,ORGANIZACAO,ORGANIZACAO,110,285,178,92531.34,593
65,Gôndola A,3,943,maos,323,3,1,4,106.012.001,Maleta Organiza Tudo c/Divis. Móveis,ORGANIZACAO,ORGANIZACAO,195,372,48,533419.13,783
65,Gôndola A,3,943,maos,323,3,2,5,198.012.001,Estojo Super Prático,ORGANIZACAO,ORGANIZACAO,64,285,40,127247.8,549
65,Gôndola A,3,943,maos,323,3,1,6,198.012.066,Estojo Super Prático,ORGANIZACAO,ORGANIZACAO,64,285,40,81519.59,423
65,Gôndola A,4,1281,maos,247,1,1,1,501.012.003,Caixa Organizadora Flat com Tampa,ORGANIZACAO,ORGANIZACAO,116,285,108,137598.56,267
65,Gôndola A,4,1281,maos,247,1,1,2,501.012.002,Caixa Organizadora Flat com Tampa,ORGANIZACAO,ORGANIZACAO,116,285,108,56742.2,106
65,Gôndola A,4,1281,maos,247,1,1,3,501.012.001,Caixa Organizadora Flat com Tampa,ORGANIZACAO,ORGANIZACAO,116,285,108,45872.67,178
65,Gôndola A,4,1281,maos,247,1,1,4,501.012.086,Caixa Organizadora Flat com Tampa,ORGANIZACAO,ORGANIZACAO,116,285,108,36008.52,85
65,Gôndola A,4,1281,maos,247,1,1,5,125.012.001,"Nitronbox 4,3L (125)",ORGANIZACAO,ORGANIZACAO,178,372,145,49152.34,183
65,Gôndola A,5,1542,olhos,700,1,1,1,041.012.003,Organizador Multiuso Rattan Com 3 Divisorias - Preto (041/P),ORGANIZACAO,ORGANIZACAO,110,285,178,859105.0,1727
65,Gôndola A,5,1542,olhos,700,1,1,2,041.012.002,Organizador Multiuso Rattan Com 3 Divisórias - Branco (041/B),ORGANIZACAO,ORGANIZACAO,110,285,178,341502.29,1186
65,Gôndola A,5,1542,olhos,700,1,1,3,041.012.086,Organizador Multiuso Rattan Com 3 Divisorias - Chumbo,ORGANIZACAO,ORGANIZACAO,110,285,178,92531.34,593
65,Gôndola A,5,1542,olhos,700,1,1,4,106.012.001,Maleta Organiza Tudo c/Divis. Móveis,ORGANIZACAO,ORGANIZACAO,195,372,48,533419.13,783
65,Gôndola A,5,1542,olhos,700,1,2,5,198.012.001,Estojo Super Prático,ORGANIZACAO,ORGANIZACAO,64,285,40,127247.8,549
65,Gôndola A,5,1542,olhos,700,1,1,6,198.012.066,Estojo Super Prático,ORGANIZACAO,ORGANIZACAO,64,285,40,81519.59,423
66,Gôndola A,1,100,chao,490,3,1,1,254.006.002,Modular Rattan,ORGANIZACAO,ORGANIZACAO,265,372,145,508523.35,246
66,Gôndola A,1,100,chao,490,3,1,2,254.006.001,Modular Rattan,ORGANIZACAO,ORGANIZACAO,265,372,145,404940.5,326
66,Gôndola A,1,100,chao,490,3,1,3,140.012.001,Estojo Multiuso,ORGANIZACAO,ORGANIZACAO,68,285,35,130666.19,865
66,Gôndola A,1,100,chao,490,3,1,4,140.012.066,Estojo Multiuso,ORGANIZACAO,ORGANIZACAO,68,285,35,70165.55,548
66,Gôndola A,2,605,chao,323,3,1,1,254.006.002,Modular Rattan,ORGANIZACAO,ORGANIZACAO,265,372,145,508523.35,246
66,Gôndola A,2,605,chao,323,3,1,2,254.006.001,Modular Rattan,ORGANIZACAO,ORGANIZACAO,265,372,145,404940.5,326
66,Gôndola A,2,605,chao,323,3,1,3,140.012.001,Estojo Multiuso,ORGANIZACAO,ORGANIZACAO,68,285,35,130666.19,865
66,Gôndola A,2,605,chao,323,3,1,4,140.012.066,Estojo Multiuso,ORGANIZACAO,ORGANIZACAO,68,285,35,70165.55,548
66,Gôndola A,3,943,maos,323,3,1,1,254.006.002,Modular Rattan,ORGANIZACAO,ORGANIZACAO,265,372,145,508523.35,246
66,Gôndola A,3,943,maos,323,3,1,2,254.006.001,Modular Rattan,ORGANIZACAO,ORGANIZACAO,265,372,145,404940.5,326
66,Gôndola A,3,943,maos,323,3,1,3,140.012.001,Estojo Multiuso,ORGANIZACAO,ORGANIZACAO,68,285,35,130666.19,865
66,Gôndola A,3,943,maos,323,3,1,4,140.012.066,Estojo Multiuso,ORGANIZACAO,ORGANIZACAO,68,285,35,70165.55,548
66,Gôndola A,4,1281,maos,247,1,1,1,502.012.001,Caixa Organizadora Flat com Tampa,ORGANIZACAO,ORGANIZACAO,175,285,107,130789.68,304
66,Gôndola A,4,1281,maos,247,1,1,2,502.012.002,Caixa Organizadora Flat com Tampa,ORGANIZACAO,ORGANIZACAO,175,285,107,62540.49,119
66,Gôndola A,4,1281,maos,247,1,1,3,502.012.003,Caixa Organizadora Flat com Tampa,ORGANIZACAO,ORGANIZACAO,175,285,107,41781.6,116
66,Gôndola A,4,1281,maos,247,1,1,4,502.012.086,Caixa Organizadora Flat com Tampa,ORGANIZACAO,ORGANIZACAO,175,285,107,33263.4,84
66,Gôndola A,5,1542,olhos,700,1,1,1,254.006.002,Modular Rattan,ORGANIZACAO,ORGANIZACAO,265,372,145,508523.35,246
66,Gôndola A,5,1542,olhos,700,1,1,2,254.006.001,Modular Rattan,ORGANIZACAO,ORGANIZACAO,265,372,145,404940.5,326
66,Gôndola A,5,1542,olhos,700,1,1,3,140.012.001,Estojo Multiuso,ORGANIZACAO,ORGANIZACAO,68,285,35,130666.19,865
66,Gôndola A,5,1542,olhos,700,1,1,4,140.012.066,Estojo Multiuso,ORGANIZACAO,ORGANIZACAO,68,285,35,70165.55,548
67,Gôndola A,1,100,chao,490,3,1,1,068.012.002,Rattan com Tampa,ORGANIZACAO,ORGANIZACAO,225,372,148,330909.31,399
67,Gôndola A,1,100,chao,490,3,1,2,068.012.003,Rattan com Tampa,ORGANIZACAO,ORGANIZACAO,225,372,148,314588.44,425
67,Gôndola A,1,100,chao,490,3,1,3,068.012.086,Rattan com Tampa,ORGANIZACAO,ORGANIZACAO,225,372,148,86249.99,167
67,Gôndola A,2,605,chao,323,3,1,1,068.012.002,Rattan com Tampa,ORGANIZACAO,ORGANIZACAO,225,372,148,330909.31,399
67,Gôndola A,2,605,chao,323,3,1,2,068.012.003,Rattan com Tampa,ORGANIZACAO,ORGANIZACAO,225,372,148,314588.44,425
67,Gôndola A,2,605,chao,323,3,1,3,068.012.086,Rattan com Tampa,ORGANIZACAO,ORGANIZACAO,225,372,148,86249.99,167
67,Gôndola A,3,943,maos,323,3,1,1,068.012.002,Rattan com Tampa,ORGANIZACAO,ORGANIZACAO,225,372,148,330909.31,399
67,Gôndola A,3,943,maos,323,3,1,2,068.012.003,Rattan com Tampa,ORGANIZACAO,ORGANIZACAO,225,372,148,314588.44,425
67,Gôndola A,3,943,maos,323,3,1,3,068.012.086,Rattan com Tampa,ORGANIZACAO,ORGANIZACAO,225,372,148,86249.99,167
67,Gôndola A,4,1281,maos,247,1,1,1,254.006.003,Modular Rattan,ORGANIZACAO,ORGANIZACAO,265,372,145,248265.19,285
67,Gôndola A,4,1281,maos,247,1,1,2,268.012.003,Cesto Europa Juta,ORGANIZACAO,ORGANIZACAO,202,285,150,170760.01,257
67,Gôndola A,4,1281,maos,247,1,1,3,268.012.002,Cesto Europa Juta,ORGANIZACAO,ORGANIZACAO,202,285,150,63098.7,163
67,Gôndola A,5,1542,olhos,700,1,1,1,068.012.002,Rattan com Tampa,ORGANIZACAO,ORGANIZACAO,225,372,148,330909.31,399
67,Gôndola A,5,1542,olhos,700,1,1,2,068.012.003,Rattan com Tampa,ORGANIZACAO,ORGANIZACAO,225,372,148,314588.44,425
67,Gôndola A,5,1542,olhos,700,1,1,3,068.012.086,Rattan com Tampa,ORGANIZACAO,ORGANIZACAO,225,372,148,86249.99,167
68,Gôndola A,1,100,chao,490,3,1,1,062.012.003,Rattan com Tampa,ORGANIZACAO,ORGANIZACAO,200,285,107,315555.5,538
68,Gôndola A,1,100,chao,490,3,1,2,062.012.002,Rattan com Tampa,ORGANIZACAO,ORGANIZACAO,200,285,105,311737.11,431
68,Gôndola A,1,100,chao,490,3,1,3,062.012.086,Rattan com Tampa,ORGANIZACAO,ORGANIZACAO,200,285,107,60957.32,188
68,Gôndola A,1,100,chao,490,3,1,4,011.036.001,Organiza Tudo com Divisórias Móveis,ORGANIZACAO,ORGANIZACAO,95,285,32,144071.01,577
68,Gôndola A,2,605,chao,323,3,1,1,062.012.003,Rattan com Tampa,ORGANIZACAO,ORGANIZACAO,200,285,107,315555.5,538
68,Gôndola A,2,605,chao,323,3,1,2,062.012.002,Rattan com Tampa,ORGANIZACAO,ORGANIZACAO,200,285,105,311737.11,431
68,Gôndola A,2,605,chao,323,3,1,3,062.012.086,Rattan com Tampa,ORGANIZACAO,ORGANIZACAO,200,285,107,60957.32,188
68,Gôndola A,2,605,chao,323,3,1,4,011.036.001,Organiza Tudo com Divisórias Móveis,ORGANIZACAO,ORGANIZACAO,95,285,32,144071.01,577
68,Gôndola A,3,943,maos,323,3,1,1,062.012.003,Rattan com Tampa,ORGANIZACAO,ORGANIZACAO,200,285,107,315555.5,538
68,Gôndola A,3,943,maos,323,3,1,2,062.012.002,Rattan com Tampa,ORGANIZACAO,ORGANIZACAO,200,285,105,311737.11,431
68,Gôndola A,3,943,maos,323,3,1,3,062.012.086,Rattan com Tampa,ORGANIZACAO,ORGANIZACAO,200,285,107,60957.32,188
68,Gôndola A,3,943,maos,323,3,1,4,011.036.001,Organiza Tudo com Divisórias Móveis,ORGANIZACAO,ORGANIZACAO,95,285,32,144071.01,577
68,Gôndola A,4,1281,maos,247,1,1,1,503.006.002,Caixa Organizadora Flat com Tampa,ORGANIZACAO,ORGANIZACAO,259,372,139,126819.02,156
68,Gôndola A,4,1281,maos,247,1,1,2,503.006.086,Caixa Organizadora Flat com Tampa,ORGANIZACAO,ORGANIZACAO,261,372,139,52220.88,110
68,Gôndola A,4,1281,maos,247,1,1,3,384.012.003,Organizador de Gavetas Modular,ORGANIZACAO,ORGANIZACAO,68,285,53,13905.69,195
68,Gôndola A,4,1281,maos,247,1,1,4,384.012.001,Organizador de Gavetas Modular,ORGANIZACAO,ORGANIZACAO,68,285,53,11778.37,204
68,Gôndola A,4,1281,maos,247,1,1,5,384.012.002,Organizador de Gavetas Modular,ORGANIZACAO,ORGANIZACAO,68,285,53,11106.65,138
68,Gôndola A,5,1542,olhos,700,1,1,1,062.012.003,Rattan com Tampa,ORGANIZACAO,ORGANIZACAO,200,285,107,315555.5,538
68,Gôndola A,5,1542,olhos,700,1,1,2,062.012.002,Rattan com Tampa,ORGANIZACAO,ORGANIZACAO,200,285,105,311737.11,431
68,Gôndola A,5,1542,olhos,700,1,1,3,062.012.086,Rattan com Tampa,ORGANIZACAO,ORGANIZACAO,200,285,107,60957.32,188
68,Gôndola A,5,1542,olhos,700,1,1,4,011.036.001,Organiza Tudo com Divisórias Móveis,ORGANIZACAO,ORGANIZACAO,95,285,32,144071.01,577
69,Gôndola A,4,1038,maos,700,2,1,1,186.006.002,Mega Luxo,FRASQUEIRAS E INFANTIL,FRASQUEIRAS,250,372,220,442151.62,378
69,Gôndola A,4,1038,maos,700,2,1,2,046.012.003,Porta Óleo Itália,COZINHA,COZINHA,88,285,162,438457.13,1746
69,Gôndola A,4,1038,maos,700,2,1,3,353.006.001,Kit Potes Modulares com 6 Peças,COZINHA,POTES,110,285,285,435974.81,178
69,Gôndola A,4,1038,maos,700,2,1,4,396.006.003,Lixeira Flat com Pedal,BANHO E LAVANDERIA,LIXEIRAS,172,285,268,422993.52,494
69,Gôndola A,4,1038,maos,700,2,1,5,079.012.003,Prateleira Madri,BANHO E LAVANDERIA,BANHEIRO,92,285,396,422170.48,1167
70,Gôndola B,1,100,chao,323,3,1,1,144.006.003,Porta Talher com 6 Divisórias e Tampa,COZINHA,COZINHA,290,372,50,434598.16,1138
70,Gôndola B,1,100,chao,323,3,1,2,187.006.001,Organiza Tudo com Divisórias Móveis,ORGANIZACAO,ORGANIZACAO,270,372,60,414222.22,505
70,Gôndola B,1,100,chao,323,3,1,3,019.024.001,Maleta Organiza Tudo c/Divis. Móveis,ORGANIZACAO,ORGANIZACAO,118,285,41,408590.74,872
70,Gôndola B,2,438,chao,323,3,1,1,144.006.003,Porta Talher com 6 Divisórias e Tampa,COZINHA,COZINHA,290,372,50,434598.16,1138
70,Gôndola B,2,438,chao,323,3,1,2,187.006.001,Organiza Tudo com Divisórias Móveis,ORGANIZACAO,ORGANIZACAO,270,372,60,414222.22,505
70,Gôndola B,2,438,chao,323,3,1,3,019.024.001,Maleta Organiza Tudo c/Divis. Móveis,ORGANIZACAO,ORGANIZACAO,118,285,41,408590.74,872
70,Gôndola B,3,776,chao,247,3,1,1,144.006.003,Porta Talher com 6 Divisórias e Tampa,COZINHA,COZINHA,290,372,50,434598.16,1138
70,Gôndola B,3,776,chao,247,3,1,2,187.006.001,Organiza Tudo com Divisórias Móveis,ORGANIZACAO,ORGANIZACAO,270,372,60,414222.22,505
70,Gôndola B,3,776,chao,247,3,1,3,019.024.001,Maleta Organiza Tudo c/Divis. Móveis,ORGANIZACAO,ORGANIZACAO,118,285,41,408590.74,872
70,Gôndola B,4,1038,maos,700,2,1,1,144.006.003,Porta Talher com 6 Divisórias e Tampa,COZINHA,COZINHA,290,372,50,434598.16,1138
70,Gôndola B,4,1038,maos,700,2,1,2,187.006.001,Organiza Tudo com Divisórias Móveis,ORGANIZACAO,ORGANIZACAO,270,372,60,414222.22,505
70,Gôndola B,4,1038,maos,700,2,1,3,019.024.001,Maleta Organiza Tudo c/Divis. Móveis,ORGANIZACAO,ORGANIZACAO,118,285,41,408590.74,872
71,Gôndola B,1,100,chao,490,3,1,1,214.006.003,Organizador Multiuso Rattan Com 6 Divisorias - Preto (214/P),ORGANIZACAO,ORGANIZACAO,178,285,160,373144.87,1009
71,Gôndola B,1,100,chao,490,3,1,2,214.006.002,Organizador Multiuso Rattan Com 6 Divisorias - Branco (214/B),ORGANIZACAO,ORGANIZACAO,177,285,160,190688.6,711
71,Gôndola B,1,100,chao,490,3,1,3,214.006.086,Organizador Multiuso Rattan Com 6 Divisorias - Chumbo,ORGANIZACAO,ORGANIZACAO,177,285,160,78702.74,421
71,Gôndola B,1,100,chao,490,3,1,4,445.012.001,Cosméticos e Bijou,ORGANIZACAO,ORGANIZACAO,130,285,80,154856.53,286
71,Gôndola B,2,605,chao,323,3,1,1,214.006.003,Organizador Multiuso Rattan Com 6 Divisorias - Preto (214/P),ORGANIZACAO,ORGANIZACAO,178,285,160,373144.87,1009
71,Gôndola B,2,605,chao,323,3,1,2,214.006.002,Organizador Multiuso Rattan Com 6 Divisorias - Branco (214/B),ORGANIZACAO,ORGANIZACAO,177,285,160,190688.6,711
71,Gôndola B,2,605,chao,323,3,1,3,214.006.086,Organizador Multiuso Rattan Com 6 Divisorias - Chumbo,ORGANIZACAO,ORGANIZACAO,177,285,160,78702.74,421
71,Gôndola B,2,605,chao,323,3,1,4,445.012.001,Cosméticos e Bijou,ORGANIZACAO,ORGANIZACAO,130,285,80,154856.53,286
71,Gôndola B,3,943,maos,323,3,1,1,214.006.003,Organizador Multiuso Rattan Com 6 Divisorias - Preto (214/P),ORGANIZACAO,ORGANIZACAO,178,285,160,373144.87,1009
71,Gôndola B,3,943,maos,323,3,1,2,214.006.002,Organizador Multiuso Rattan Com 6 Divisorias - Branco (214/B),ORGANIZACAO,ORGANIZACAO,177,285,160,190688.6,711
71,Gôndola B,3,943,maos,323,3,1,3,214.006.086,Organizador Multiuso Rattan Com 6 Divisorias - Chumbo,ORGANIZACAO,ORGANIZACAO,177,285,160,78702.74,421
71,Gôndola B,3,943,maos,323,3,1,4,445.012.001,Cosméticos e Bijou,ORGANIZACAO,ORGANIZACAO,130,285,80,154856.53,286
71,Gôndola B,4,1281,maos,247,1,1,1,047.012.003,Cesto Organizador Vime,ORGANIZACAO,ORGANIZACAO,210,372,170,81933.89,323
71,Gôndola B,4,1281,maos,247,1,1,2,047.012.002,Cesto Organizador Vime,ORGANIZACAO,ORGANIZACAO,210,372,170,72515.54,246
71,Gôndola B,4,1281,maos,247,1,1,3,444.012.001,Para Gavetas,ORGANIZACAO,ORGANIZACAO,175,285,30,24221.41,134
71,Gôndola B,5,1542,olhos,700,1,1,1,214.006.003,Organizador Multiuso Rattan Com 6 Divisorias - Preto (214/P),ORGANIZACAO,ORGANIZACAO,178,285,160,373144.87,1009
71,Gôndola B,5,1542,olhos,700,1,1,2,214.006.002,Organizador Multiuso Rattan Com 6 Divisorias - Branco (214/B),ORGANIZACAO,ORGANIZACAO,177,285,160,190688.6,711
71,Gôndola B,5,1542,olhos,700,1,1,3,214.006.086,Organizador Multiuso Rattan Com 6 Divisorias - Chumbo,ORGANIZACAO,ORGANIZACAO,177,285,160,78702.74,421
71,Gôndola B,5,1542,olhos,700,1,1,4,445.012.001,Cosméticos e Bijou,ORGANIZACAO,ORGANIZACAO,130,285,80,154856.53,286
72,Gôndola B,1,100,chao,490,3,1,1,258.006.003,Cesto Alongado Juta,ORGANIZACAO,ORGANIZACAO,165,372,145,234846.07,484
72,Gôndola B,1,100,chao,490,3,1,2,258.006.002,Cesto Alongado Juta,ORGANIZACAO,ORGANIZACAO,165,372,145,178082.73,403
72,Gôndola B,1,100,chao,490,3,1,3,258.006.086,Cesto Alongado Juta,ORGANIZACAO,ORGANIZACAO,165,372,145,16155.98,110
72,Gôndola B,1,100,chao,490,3,1,4,109.012.001,Nitronbox 6L (109),ORGANIZACAO,ORGANIZACAO,228,372,130,120671.23,250
72,Gôndola B,2,605,chao,323,3,1,1,258.006.003,Cesto Alongado Juta,ORGANIZACAO,ORGANIZACAO,165,372,145,234846.07,484
72,Gôndola B,2,605,chao,323,3,1,2,258.006.002,Cesto Alongado Juta,ORGANIZACAO,ORGANIZACAO,165,372,145,178082.73,403
72,Gôndola B,2,605,chao,323,3,1,3,258.006.086,Cesto Alongado Juta,ORGANIZACAO,ORGANIZACAO,165,372,145,16155.98,110
72,Gôndola B,2,605,chao,323,3,1,4,109.012.001,Nitronbox 6L (109),ORGANIZACAO,ORGANIZACAO,228,372,130,120671.23,250
72,Gôndola B,3,943,maos,323,3,1,1,258.006.003,Cesto Alongado Juta,ORGANIZACAO,ORGANIZACAO,165,372,145,234846.07,484
72,Gôndola B,3,943,maos,323,3,1,2,258.006.002,Cesto Alongado Juta,ORGANIZACAO,ORGANIZACAO,165,372,145,178082.73,403
72,Gôndola B,3,943,maos,323,3,1,3,258.006.086,Cesto Alongado Juta,ORGANIZACAO,ORGANIZACAO,165,372,145,16155.98,110
72,Gôndola B,3,943,maos,323,3,1,4,109.012.001,Nitronbox 6L (109),ORGANIZACAO,ORGANIZACAO,228,372,130,120671.23,250
72,Gôndola B,4,1281,maos,247,1,2,1,269.012.002,Cesto Europa Juta,ORGANIZACAO,ORGANIZACAO,240,372,187,80495.08,144
72,Gôndola B,4,1281,maos,247,1,1,2,269.012.003,Cesto Europa Juta,ORGANIZACAO,ORGANIZACAO,240,372,187,67068.69,130
72,Gôndola B,5,1542,olhos,700,1,1,1,258.006.003,Cesto Alongado Juta,ORGANIZACAO,ORGANIZACAO,165,372,145,234846.07,484
72,Gôndola B,5,1542,olhos,700,1,1,2,258.006.002,Cesto Alongado Juta,ORGANIZACAO,ORGANIZACAO,165,372,145,178082.73,403
72,Gôndola B,5,1542,olhos,700,1,1,3,258.006.086,Cesto Alongado Juta,ORGANIZACAO,ORGANIZACAO,165,372,145,16155.98,110
72,Gôndola B,5,1542,olhos,700,1,1,4,109.012.001,Nitronbox 6L (109),ORGANIZACAO,ORGANIZACAO,228,372,130,120671.23,250
73,Gôndola B,1,100,chao,490,3,1,1,123.012.028,"Caixa de Ferramentas Nitronfort 2,2L",ORGANIZACAO,ORGANIZACAO,140,372,98,275472.05,501
73,Gôndola B,1,100,chao,490,3,1,2,123.012.045,"Caixa de Ferramentas Nitronfort 2,2L",ORGANIZACAO,ORGANIZACAO,140,372,98,84188.99,329
73,Gôndola B,1,100,chao,490,3,1,3,123.012.027,"Caixa de Ferramentas Nitronfort 2,2L",ORGANIZACAO,ORGANIZACAO,140,372,98,60907.95,199
73,Gôndola B,1,100,chao,490,3,1,4,187.006.001,Organiza Tudo com Divisórias Móveis,ORGANIZACAO,ORGANIZACAO,270,372,60,414222.22,505
73,Gôndola B,2,605,chao,323,3,1,1,123.012.028,"Caixa de Ferramentas Nitronfort 2,2L",ORGANIZACAO,ORGANIZACAO,140,372,98,275472.05,501
73,Gôndola B,2,605,chao,323,3,1,2,123.012.045,"Caixa de Ferramentas Nitronfort 2,2L",ORGANIZACAO,ORGANIZACAO,140,372,98,84188.99,329
73,Gôndola B,2,605,chao,323,3,1,3,123.012.027,"Caixa de Ferramentas Nitronfort 2,2L",ORGANIZACAO,ORGANIZACAO,140,372,98,60907.95,199
73,Gôndola B,2,605,chao,323,3,1,4,187.006.001,Organiza Tudo com Divisórias Móveis,ORGANIZACAO,ORGANIZACAO,270,372,60,414222.22,505
73,Gôndola B,3,943,maos,323,3,1,1,123.012.028,"Caixa de Ferramentas Nitronfort 2,2L",ORGANIZACAO,ORGANIZACAO,140,372,98,275472.05,501
73,Gôndola B,3,943,maos,323,3,1,2,123.012.045,"Caixa de Ferramentas Nitronfort 2,2L",ORGANIZACAO,ORGANIZACAO,140,372,98,84188.99,329
73,Gôndola B,3,943,maos,323,3,1,3,123.012.027,"Caixa de Ferramentas Nitronfort 2,2L",ORGANIZACAO,ORGANIZACAO,140,372,98,60907.95,199
73,Gôndola B,3,943,maos,323,3,1,4,187.006.001,Organiza Tudo com Divisórias Móveis,ORGANIZACAO,ORGANIZACAO,270,372,60,414222.22,505
73,Gôndola B,4,1281,maos,247,1,1,1,259.012.002,Caixa Organizadora Baixa Rattan com Tampa,ORGANIZACAO,ORGANIZACAO,200,285,83,84493.05,157
73,Gôndola B,4,1281,maos,247,1,1,2,259.012.003,Caixa Organizadora Baixa Rattan com Tampa,ORGANIZACAO,ORGANIZACAO,200,285,83,47459.02,83
73,Gôndola B,4,1281,maos,247,1,1,3,259.012.086,Caixa Organizadora Baixa Rattan com Tampa,ORGANIZACAO,ORGANIZACAO,200,285,83,12165.72,74
73,Gôndola B,5,1542,olhos,700,1,1,1,123.012.028,"Caixa de Ferramentas Nitronfort 2,2L",ORGANIZACAO,ORGANIZACAO,140,372,98,275472.05,501
73,Gôndola B,5,1542,olhos,700,1,1,2,123.012.045,"Caixa de Ferramentas Nitronfort 2,2L",ORGANIZACAO,ORGANIZACAO,140,372,98,84188.99,329
73,Gôndola B,5,1542,olhos,700,1,1,3,123.012.027,"Caixa de Ferramentas Nitronfort 2,2L",ORGANIZACAO,ORGANIZACAO,140,372,98,60907.95,199
73,Gôndola B,5,1542,olhos,700,1,1,4,187.006.001,Organiza Tudo com Divisórias Móveis,ORGANIZACAO,ORGANIZACAO,270,372,60,414222.22,505
74,Gôndola B,1,100,chao,490,3,1,1,257.012.003,Cesto Alongado Juta,ORGANIZACAO,ORGANIZACAO,132,285,116,227096.15,578
74,Gôndola B,1,100,chao,490,3,1,2,257.012.002,Cesto Alongado Juta,ORGANIZACAO,ORGANIZACAO,132,285,116,165738.06,446
74,Gôndola B,1,100,chao,490,3,1,3,257.012.086,Cesto Alongado Juta,ORGANIZACAO,ORGANIZACAO,132,285,116,20802.71,137
74,Gôndola B,1,100,chao,490,3,1,4,256.024.003,Cesto Alongado Juta,ORGANIZACAO,ORGANIZACAO,99,285,87,208536.31,538
74,Gôndola B,1,100,chao,490,3,1,5,256.024.002,Cesto Alongado Juta,ORGANIZACAO,ORGANIZACAO,99,285,87,124128.81,416
74,Gôndola B,1,100,chao,490,3,1,6,256.024.086,Cesto Alongado Juta,ORGANIZACAO,ORGANIZACAO,99,285,87,21183.09,140
74,Gôndola B,2,605,chao,323,3,1,1,257.012.003,Cesto Alongado Juta,ORGANIZACAO,ORGANIZACAO,132,285,116,227096.15,578
74,Gôndola B,2,605,chao,323,3,1,2,257.012.002,Cesto Alongado Juta,ORGANIZACAO,ORGANIZACAO,132,285,116,165738.06,446
74,Gôndola B,2,605,chao,323,3,1,3,257.012.086,Cesto Alongado Juta,ORGANIZACAO,ORGANIZACAO,132,285,116,20802.71,137
74,Gôndola B,2,605,chao,323,3,1,4,256.024.003,Cesto Alongado Juta,ORGANIZACAO,ORGANIZACAO,99,285,87,208536.31,538
74,Gôndola B,2,605,chao,323,3,1,5,256.024.002,Cesto Alongado Juta,ORGANIZACAO,ORGANIZACAO,99,285,87,124128.81,416
74,Gôndola B,2,605,chao,323,3,1,6,256.024.086,Cesto Alongado Juta,ORGANIZACAO,ORGANIZACAO,99,285,87,21183.09,140
74,Gôndola B,3,943,maos,323,3,1,1,257.012.003,Cesto Alongado Juta,ORGANIZACAO,ORGANIZACAO,132,285,116,227096.15,578
74,Gôndola B,3,943,maos,323,3,1,2,257.012.002,Cesto Alongado Juta,ORGANIZACAO,ORGANIZACAO,132,285,116,165738.06,446
74,Gôndola B,3,943,maos,323,3,1,3,257.012.086,Cesto Alongado Juta,ORGANIZACAO,ORGANIZACAO,132,285,116,20802.71,137
74,Gôndola B,3,943,maos,323,3,1,4,256.024.003,Cesto Alongado Juta,ORGANIZACAO,ORGANIZACAO,99,285,87,208536.31,538
74,Gôndola B,3,943,maos,323,3,1,5,256.024.002,Cesto Alongado Juta,ORGANIZACAO,ORGANIZACAO,99,285,87,124128.81,416
74,Gôndola B,3,943,maos,323,3,1,6,256.024.086,Cesto Alongado Juta,ORGANIZACAO,ORGANIZACAO,99,285,87,21183.09,140
74,Gôndola B,4,1281,maos,247,1,1,1,162.012.003,Cesto com Alça,ORGANIZACAO,ORGANIZACAO,244,372,148,76223.91,245
74,Gôndola B,4,1281,maos,247,1,1,2,162.012.002,Cesto com Alça,ORGANIZACAO,ORGANIZACAO,244,372,148,56253.81,172
74,Gôndola B,5,1542,olhos,700,1,1,1,257.012.003,Cesto Alongado Juta,ORGANIZACAO,ORGANIZACAO,132,285,116,227096.15,578
74,Gôndola B,5,1542,olhos,700,1,1,2,257.012.002,Cesto Alongado Juta,ORGANIZACAO,ORGANIZACAO,132,285,116,165738.06,446
74,Gôndola B,5,1542,olhos,700,1,1,3,257.012.086,Cesto Alongado Juta,ORGANIZACAO,ORGANIZACAO,132,285,116,20802.71,137
74,Gôndola B,5,1542,olhos,700,1,1,4,256.024.003,Cesto Alongado Juta,ORGANIZACAO,ORGANIZACAO,99,285,87,208536.31,538
74,Gôndola B,5,1542,olhos,700,1,1,5,256.024.002,Cesto Alongado Juta,ORGANIZACAO,ORGANIZACAO,99,285,87,124128.81,416
74,Gôndola B,5,1542,olhos,700,1,1,6,256.024.086,Cesto Alongado Juta,ORGANIZACAO,ORGANIZACAO,99,285,87,21183.09,140
75,Gôndola B,1,100,chao,490,3,1,1,003.006.003,Gaveteiro Com 3 Gavetas - Preta (004/3P),ORGANIZACAO,ORGANIZACAO,180,285,173,232957.21,499
75,Gôndola B,1,100,chao,490,3,1,2,003.006.002,Gaveteiro Com 3 Gavetas - Branca (004/3B),ORGANIZACAO,ORGANIZACAO,180,285,173,135422.22,337
75,Gôndola B,1,100,chao,490,3,1,3,003.006.012,Gaveteiro Com 3 Gavetas - Rosa,ORGANIZACAO,ORGANIZACAO,180,285,173,30463.28,127
75,Gôndola B,1,100,chao,490,3,1,4,446.012.001,Pincéis e Acessórios,ORGANIZACAO,ORGANIZACAO,95,285,105,86705.0,301
75,Gôndola B,2,605,chao,323,3,1,1,003.006.003,Gaveteiro Com 3 Gavetas - Preta (004/3P),ORGANIZACAO,ORGANIZACAO,180,285,173,232957.21,499
75,Gôndola B,2,605,chao,323,3,1,2,003.006.002,Gaveteiro Com 3 Gavetas - Branca (004/3B),ORGANIZACAO,ORGANIZACAO,180,285,173,135422.22,337
75,Gôndola B,2,605,chao,323,3,1,3,003.006.012,Gaveteiro Com 3 Gavetas - Rosa,ORGANIZACAO,ORGANIZACAO,180,285,173,30463.28,127
75,Gôndola B,2,605,chao,323,3,1,4,446.012.001,Pincéis e Acessórios,ORGANIZACAO,ORGANIZACAO,95,285,105,86705.0,301
75,Gôndola B,3,943,maos,323,3,1,1,003.006.003,Gaveteiro Com 3 Gavetas - Preta (004/3P),ORGANIZACAO,ORGANIZACAO,180,285,173,232957.21,499
75,Gôndola B,3,943,maos,323,3,1,2,003.006.002,Gaveteiro Com 3 Gavetas - Branca (004/3B),ORGANIZACAO,ORGANIZACAO,180,285,173,135422.22,337
75,Gôndola B,3,943,maos,323,3,1,3,003.006.012,Gaveteiro Com 3 Gavetas - Rosa,ORGANIZACAO,ORGANIZACAO,180,285,173,30463.28,127
75,Gôndola B,3,943,maos,323,3,1,4,446.012.001,Pincéis e Acessórios,ORGANIZACAO,ORGANIZACAO,95,285,105,86705.0,301
75,Gôndola B,4,1281,maos,247,1,1,1,314.006.561,Organizador De Cosmeticos Com 1 Gaveta - Branca,ORGANIZACAO,ORGANIZACAO,185,285,155,55015.56,153
75,Gôndola B,4,1281,maos,247,1,1,2,314.006.560,Organizador De Cosmeticos Com 1 Gaveta - Preta,ORGANIZACAO,ORGANIZACAO,185,285,155,36377.04,153
75,Gôndola B,4,1281,maos,247,1,1,3,314.006.562,Organizador De Cosmeticos Com 1 Gaveta - Rosa,ORGANIZACAO,ORGANIZACAO,185,285,155,19551.84,82
75,Gôndola B,5,1542,olhos,700,1,1,1,003.006.003,Gaveteiro Com 3 Gavetas - Preta (004/3P),ORGANIZACAO,ORGANIZACAO,180,285,173,232957.21,499
75,Gôndola B,5,1542,olhos,700,1,1,2,003.006.002,Gaveteiro Com 3 Gavetas - Branca (004/3B),ORGANIZACAO,ORGANIZACAO,180,285,173,135422.22,337
75,Gôndola B,5,1542,olhos,700,1,1,3,003.006.012,Gaveteiro Com 3 Gavetas - Rosa,ORGANIZACAO,ORGANIZACAO,180,285,173,30463.28,127
75,Gôndola B,5,1542,olhos,700,1,1,4,446.012.001,Pincéis e Acessórios,ORGANIZACAO,ORGANIZACAO,95,285,105,86705.0,301
76,Gôndola B,1,100,chao,490,3,1,1,065.012.003,Rattan com Tampa,ORGANIZACAO,ORGANIZACAO,154,285,90,200308.95,485
76,Gôndola B,1,100,chao,490,3,1,2,065.012.002,Rattan com Tampa,ORGANIZACAO,ORGANIZACAO,155,285,93,157591.03,399
76,Gôndola B,1,100,chao,490,3,1,3,065.012.086,Rattan com Tampa,ORGANIZACAO,ORGANIZACAO,154,285,90,33301.31,180
76,Gôndola B,1,100,chao,490,3,1,4,381.012.003,Organizador de Gavetas Modular,ORGANIZACAO,ORGANIZACAO,72,372,53,22946.91,183
76,Gôndola B,1,100,chao,490,3,1,5,381.012.002,Organizador de Gavetas Modular,ORGANIZACAO,ORGANIZACAO,72,372,53,19444.8,122
76,Gôndola B,1,100,chao,490,3,1,6,381.012.001,Organizador de Gavetas Modular,ORGANIZACAO,ORGANIZACAO,72,372,53,19097.22,209
76,Gôndola B,2,605,chao,323,3,1,1,065.012.003,Rattan com Tampa,ORGANIZACAO,ORGANIZACAO,154,285,90,200308.95,485
76,Gôndola B,2,605,chao,323,3,1,2,065.012.002,Rattan com Tampa,ORGANIZACAO,ORGANIZACAO,155,285,93,157591.03,399
76,Gôndola B,2,605,chao,323,3,1,3,065.012.086,Rattan com Tampa,ORGANIZACAO,ORGANIZACAO,154,285,90,33301.31,180
76,Gôndola B,2,605,chao,323,3,1,4,381.012.003,Organizador de Gavetas Modular,ORGANIZACAO,ORGANIZACAO,72,372,53,22946.91,183
76,Gôndola B,2,605,chao,323,3,1,5,381.012.002,Organizador de Gavetas Modular,ORGANIZACAO,ORGANIZACAO,72,372,53,19444.8,122
76,Gôndola B,2,605,chao,323,3,1,6,381.012.001,Organizador de Gavetas Modular,ORGANIZACAO,ORGANIZACAO,72,372,53,19097.22,209
76,Gôndola B,3,943,maos,323,3,1,1,065.012.003,Rattan com Tampa,ORGANIZACAO,ORGANIZACAO,154,285,90,200308.95,485
76,Gôndola B,3,943,maos,323,3,1,2,065.012.002,Rattan com Tampa,ORGANIZACAO,ORGANIZACAO,155,285,93,157591.03,399
76,Gôndola B,3,943,maos,323,3,1,3,065.012.086,Rattan com Tampa,ORGANIZACAO,ORGANIZACAO,154,285,90,33301.31,180
76,Gôndola B,3,943,maos,323,3,1,4,381.012.003,Organizador de Gavetas Modular,ORGANIZACAO,ORGANIZACAO,72,372,53,22946.91,183
76,Gôndola B,3,943,maos,323,3,1,5,381.012.002,Organizador de Gavetas Modular,ORGANIZACAO,ORGANIZACAO,72,372,53,19444.8,122
76,Gôndola B,3,943,maos,323,3,1,6,381.012.001,Organizador de Gavetas Modular,ORGANIZACAO,ORGANIZACAO,72,372,53,19097.22,209
76,Gôndola B,4,1281,maos,247,1,1,1,260.012.002,Caixa Organizadora Baixa Rattan com Tampa,ORGANIZACAO,ORGANIZACAO,225,372,83,46350.45,122
76,Gôndola B,4,1281,maos,247,1,1,2,260.012.003,Caixa Organizadora Baixa Rattan com Tampa,ORGANIZACAO,ORGANIZACAO,225,372,83,33329.17,149
76,Gôndola B,4,1281,maos,247,1,1,3,260.012.086,Caixa Organizadora Baixa Rattan com Tampa,ORGANIZACAO,ORGANIZACAO,225,372,83,18331.04,79
76,Gôndola B,5,1542,olhos,700,1,1,1,065.012.003,Rattan com Tampa,ORGANIZACAO,ORGANIZACAO,154,285,90,200308.95,485
76,Gôndola B,5,1542,olhos,700,1,1,2,065.012.002,Rattan com Tampa,ORGANIZACAO,ORGANIZACAO,155,285,93,157591.03,399
76,Gôndola B,5,1542,olhos,700,1,1,3,065.012.086,Rattan com Tampa,ORGANIZACAO,ORGANIZACAO,154,285,90,33301.31,180
76,Gôndola B,5,1542,olhos,700,1,1,4,381.012.003,Organizador de Gavetas Modular,ORGANIZACAO,ORGANIZACAO,72,372,53,22946.91,183
76,Gôndola B,5,1542,olhos,700,1,1,5,381.012.002,Organizador de Gavetas Modular,ORGANIZACAO,ORGANIZACAO,72,372,53,19444.8,122
76,Gôndola B,5,1542,olhos,700,1,1,6,381.012.001,Organizador de Gavetas Modular,ORGANIZACAO,ORGANIZACAO,72,372,53,19097.22,209
77,Gôndola B,4,1038,maos,700,2,1,1,144.006.002,Porta Talher com 6 Divisórias e Tampa,COZINHA,COZINHA,290,372,50,407369.62,1048
77,Gôndola B,4,1038,maos,700,2,1,2,254.006.001,Modular Rattan,ORGANIZACAO,ORGANIZACAO,265,372,145,404940.5,326
77,Gôndola B,4,1038,maos,700,2,1,3,095.012.003,Banheiro Premium,BANHO E LAVANDERIA,BANHEIRO,143,285,386,363781.98,842
78,Corredor de checkout,1,100,chao,247,3,1,1,135.024.001,Tampa para Micro-ondas,COZINHA,MICRO-ONDAS,255,285,68,355308.6,1044
78,Corredor de checkout,1,100,chao,247,3,1,2,041.012.002,Organizador Multiuso Rattan Com 3 Divisórias - Branco (041/B),ORGANIZACAO,ORGANIZACAO,110,285,178,341502.29,1186
78,Corredor de checkout,1,100,chao,247,3,1,3,233.012.001,Pote Raso com Travas,COZINHA,POTES,140,285,70,334805.31,1114
78,Corredor de checkout,1,100,chao,247,3,1,4,920.004.003,Kit Detergente Flat com 2 Peças,COZINHA,COZINHA,86,285,163,320244.62,818
78,Corredor de checkout,2,362,chao,247,2,1,1,055.012.003,Escorredor Multiuso,COZINHA,COZINHA,215,285,190,248395.68,579
78,Corredor de checkout,2,362,chao,247,2,1,2,363.012.003,Pote Cafe Acoplado Com Rosca - 2L,COZINHA,POTES,140,285,179,247062.72,710
78,Corredor de checkout,2,362,chao,247,2,1,3,034.012.001,Pote Mônaco com 3 Divisórias,COZINHA,POTES,190,285,50,244281.34,712
78,Corredor de checkout,3,624,chao,247,2,1,1,135.024.001,Tampa para Micro-ondas,COZINHA,MICRO-ONDAS,255,285,68,355308.6,1044
78,Corredor de checkout,3,624,chao,247,2,1,2,041.012.002,Organizador Multiuso Rattan Com 3 Divisórias - Branco (041/B),ORGANIZACAO,ORGANIZACAO,110,285,178,341502.29,1186
78,Corredor de checkout,3,624,chao,247,2,1,3,233.012.001,Pote Raso com Travas,COZINHA,POTES,140,285,70,334805.31,1114
78,Corredor de checkout,3,624,chao,247,2,1,4,920.004.003,Kit Detergente Flat com 2 Peças,COZINHA,COZINHA,86,285,163,320244.62,818
78,Corredor de checkout,4,886,maos,700,2,1,1,137.012.002,"Frasqueira Medicamentos 2,8L",FRASQUEIRAS E INFANTIL,FRASQUEIRAS,163,285,128,1673686.75,1162
78,Corredor de checkout,4,886,maos,700,2,1,2,052.006.003,Lixeira Rattan com Pedal,BANHO E LAVANDERIA,LIXEIRAS,208,285,260,1019431.18,1313
78,Corredor de checkout,4,886,maos,700,2,1,3,052.006.002,Lixeira Rattan com Pedal,BANHO E LAVANDERIA,LIXEIRAS,210,285,260,904483.82,1110
79,Corredor de checkout,1,100,chao,247,3,1,1,149.024.001,Micro-ondas,COZINHA,MICRO-ONDAS,220,285,152,322251.72,670
79,Corredor de checkout,1,100,chao,247,3,1,2,227.036.999,Copo Infantil com Alça - Sortido,FRASQUEIRAS E INFANTIL,INFANTIL,80,285,122,320155.28,615
79,Corredor de checkout,1,100,chao,247,3,1,3,153.012.546,Jarra com Tampa Flip Top,COZINHA,JARRAS,100,285,215,319913.49,868
79,Corredor de checkout,1,100,chao,247,3,1,4,122.012.066,Saboneteira com Telinha,BANHO E LAVANDERIA,BANHEIRO,89,285,202,316533.9,948
79,Corredor de checkout,1,100,chao,247,3,1,5,224.012.003,Porta Talher Escorre e Guarda,COZINHA,COZINHA,95,285,240,288745.52,848
79,Corredor de checkout,2,362,chao,247,2,1,1,234.012.001,Pote Raso com Travas,COZINHA,POTES,180,285,80,236917.52,688
79,Corredor de checkout,2,362,chao,247,2,1,2,003.006.003,Gaveteiro Com 3 Gavetas - Preta (004/3P),ORGANIZACAO,ORGANIZACAO,180,285,173,232957.21,499
79,Corredor de checkout,2,362,chao,247,2,1,3,195.006.012,Frasqueira Cristal com Divisórias,FRASQUEIRAS E INFANTIL,FRASQUEIRAS,115,285,110,231879.79,589
79,Corredor de checkout,2,362,chao,247,2,1,4,155.012.001,Pote Alto com Travas,COZINHA,POTES,110,285,90,227906.2,945
79,Corredor de checkout,3,624,chao,247,2,1,1,149.024.001,Micro-ondas,COZINHA,MICRO-ONDAS,220,285,152,322251.72,670
79,Corredor de checkout,3,624,chao,247,2,1,2,227.036.999,Copo Infantil com Alça - Sortido,FRASQUEIRAS E INFANTIL,INFANTIL,80,285,122,320155.28,615
79,Corredor de checkout,3,624,chao,247,2,1,3,153.012.546,Jarra com Tampa Flip Top,COZINHA,JARRAS,100,285,215,319913.49,868
79,Corredor de checkout,3,624,chao,247,2,1,4,122.012.066,Saboneteira com Telinha,BANHO E LAVANDERIA,BANHEIRO,89,285,202,316533.9,948
79,Corredor de checkout,3,624,chao,247,2,1,5,224.012.003,Porta Talher Escorre e Guarda,COZINHA,COZINHA,95,285,240,288745.52,848
79,Corredor de checkout,4,886,maos,700,2,1,1,172.012.999,Pá de Lixo com Cabo,BANHO E LAVANDERIA,LIMPEZA,180,285,666,874221.25,1050
79,Corredor de checkout,4,886,maos,700,2,1,2,041.012.003,Organizador Multiuso Rattan Com 3 Divisorias - Preto (041/P),ORGANIZACAO,ORGANIZACAO,110,285,178,859105.0,1727
79,Corredor de checkout,4,886,maos,700,2,1,3,004.006.003,Gaveteiro Com 4 Gavetas - Preta (004/4P),ORGANIZACAO,ORGANIZACAO,180,285,225,739649.29,589
79,Corredor de checkout,4,886,maos,700,2,1,4,122.012.003,Saboneteira com Tampa,BANHO E LAVANDERIA,BANHEIRO,89,285,202,534063.95,1170
80,Corredor de checkout,1,100,chao,247,3,1,1,062.012.003,Rattan com Tampa,ORGANIZACAO,ORGANIZACAO,200,285,107,315555.5,538
80,Corredor de checkout,1,100,chao,247,3,1,2,139.012.001,Pote com 3 Divisórias,COZINHA,POTES,140,285,65,312662.12,957
80,Corredor de checkout,1,100,chao,247,3,1,3,062.012.002,Rattan com Tampa,ORGANIZACAO,ORGANIZACAO,200,285,105,311737.11,431
80,Corredor de checkout,1,100,chao,247,3,1,4,4030.012.003,Porta Farofa com Tampa,COZINHA,COZINHA,79,285,159,269314.02,1509
80,Corredor de checkout,2,362,chao,247,2,1,1,151.012.001,Pote Alto com Travas,COZINHA,POTES,180,285,140,213603.16,544
80,Corredor de checkout,2,362,chao,247,2,1,2,242.024.001,Pote Raso com Válvula,COZINHA,POTES,150,285,50,213170.68,563
80,Corredor de checkout,2,362,chao,247,2,1,3,256.024.003,Cesto Alongado Juta,ORGANIZACAO,ORGANIZACAO,99,285,87,208536.31,538
80,Corredor de checkout,2,362,chao,247,2,1,4,313.006.560,Organizador De Cosmeticos Com 2 Gavetas - Preta,ORGANIZACAO,ORGANIZACAO,185,285,210,201370.79,235
80,Corredor de checkout,3,624,chao,247,2,1,1,062.012.003,Rattan com Tampa,ORGANIZACAO,ORGANIZACAO,200,285,107,315555.5,538
80,Corredor de checkout,3,624,chao,247,2,1,2,139.012.001,Pote com 3 Divisórias,COZINHA,POTES,140,285,65,312662.12,957
80,Corredor de checkout,3,624,chao,247,2,1,3,062.012.002,Rattan com Tampa,ORGANIZACAO,ORGANIZACAO,200,285,105,311737.11,431
80,Corredor de checkout,3,624,chao,247,2,1,4,4030.012.003,Porta Farofa com Tampa,COZINHA,COZINHA,79,285,159,269314.02,1509
80,Corredor de checkout,4,886,maos,700,2,1,1,043.012.002,"Frasqueira Medicamentos 1,4L",FRASQUEIRAS E INFANTIL,FRASQUEIRAS,157,285,100,663232.39,1065
80,Corredor de checkout,4,886,maos,700,2,1,2,408.012.002,Kit Churros Fácil,COZINHA,DECOR,165,285,235,606220.53,839
80,Corredor de checkout,4,886,maos,700,2,1,3,134.012.003,Lixeira Basculante Rattan,BANHO E LAVANDERIA,LIXEIRAS,160,285,300,561419.34,911
80,Corredor de checkout,4,886,maos,700,2,1,4,133.012.003,Porta Detergente Rattan com Base,COZINHA,COZINHA,105,285,70,522953.07,1380
81,Corredor de checkout,1,100,chao,247,3,1,1,032.012.547,Jarra com Tampa,COZINHA,JARRAS,145,285,199,304681.58,849
81,Corredor de checkout,1,100,chao,247,3,1,2,152.006.003,Kit Mantimentos  5 Peças,COZINHA,POTES,230,285,225,299992.8,302
81,Corredor de checkout,1,100,chao,247,3,1,3,215.012.003,Pote Ultraforte com Travas,COZINHA,POTES,165,285,87,289403.85,807
81,Corredor de checkout,2,362,chao,247,2,2,1,044.012.005,Porta Leite de Saquinho,COZINHA,COZINHA,120,285,150,201220.37,800
81,Corredor de checkout,2,362,chao,247,2,2,2,065.012.003,Rattan com Tampa,ORGANIZACAO,ORGANIZACAO,154,285,90,200308.95,485
81,Corredor de checkout,3,624,chao,247,2,1,1,032.012.547,Jarra com Tampa,COZINHA,JARRAS,145,285,199,304681.58,849
81,Corredor de checkout,3,624,chao,247,2,1,2,152.006.003,Kit Mantimentos  5 Peças,COZINHA,POTES,230,285,225,299992.8,302
81,Corredor de checkout,3,624,chao,247,2,1,3,215.012.003,Pote Ultraforte com Travas,COZINHA,POTES,165,285,87,289403.85,807
81,Corredor de checkout,4,886,maos,700,2,1,1,052.006.086,Lixeira Rattan com Pedal,BANHO E LAVANDERIA,LIXEIRAS,208,285,260,550624.96,688
81,Corredor de checkout,4,886,maos,700,2,1,2,122.012.002,Parede com Ventosa,BANHO E LAVANDERIA,BANHEIRO,89,285,202,501028.91,1209
81,Corredor de checkout,4,886,maos,700,2,1,3,179.024.001,Porta Frios com Pinça,COZINHA,COZINHA,175,285,53,498382.64,775
81,Corredor de checkout,4,886,maos,700,2,1,4,046.012.003,Porta Óleo Itália,COZINHA,COZINHA,88,285,162,438457.13,1746
82,Corredor de checkout,1,100,chao,247,3,1,1,156.012.001,Pote Alto com Travas,COZINHA,POTES,140,285,120,275049.01,942
82,Corredor de checkout,1,100,chao,247,3,1,2,3770.012.001,Pote Quadrado com Travas,COZINHA,POTES,185,285,88,264644.58,723
82,Corredor de checkout,1,100,chao,247,3,1,3,166.024.001,Porta Biscoitos e Torradas,COZINHA,POTES,91,285,89,255181.65,746
82,Corredor de checkout,1,100,chao,247,3,1,4,146.024.001,Forma de Ovos e Omeleteira Micro-ondas,COZINHA,MICRO-ONDAS,150,285,60,253547.82,644
82,Corredor de checkout,2,362,chao,247,3,1,1,156.012.001,Pote Alto com Travas,COZINHA,POTES,140,285,120,275049.01,942
82,Corredor de checkout,2,362,chao,247,3,1,2,3770.012.001,Pote Quadrado com Travas,COZINHA,POTES,185,285,88,264644.58,723
82,Corredor de checkout,2,362,chao,247,3,1,3,166.024.001,Porta Biscoitos e Torradas,COZINHA,POTES,91,285,89,255181.65,746
82,Corredor de checkout,2,362,chao,247,3,1,4,146.024.001,Forma de Ovos e Omeleteira Micro-ondas,COZINHA,MICRO-ONDAS,150,285,60,253547.82,644
82,Corredor de checkout,3,624,chao,247,2,1,1,156.012.001,Pote Alto com Travas,COZINHA,POTES,140,285,120,275049.01,942
82,Corredor de checkout,3,624,chao,247,2,1,2,3770.012.001,Pote Quadrado com Travas,COZINHA,POTES,185,285,88,264644.58,723
82,Corredor de checkout,3,624,chao,247,2,1,3,166.024.001,Porta Biscoitos e Torradas,COZINHA,POTES,91,285,89,255181.65,746
82,Corredor de checkout,3,624,chao,247,2,1,4,146.024.001,Forma de Ovos e Omeleteira Micro-ondas,COZINHA,MICRO-ONDAS,150,285,60,253547.82,644
82,Corredor de checkout,4,886,maos,700,2,1,1,004.006.002,Gaveteiro Com 4 Gavetas - Branca (004/4B),ORGANIZACAO,ORGANIZACAO,180,285,225,472218.28,359
82,Corredor de checkout,4,886,maos,700,2,1,2,353.006.001,Kit Potes Modulares com 6 Peças,COZINHA,POTES,110,285,285,435974.81,178
82,Corredor de checkout,4,886,maos,700,2,1,3,396.006.003,Lixeira Flat com Pedal,BANHO E LAVANDERIA,LIXEIRAS,172,285,268,422993.52,494
82,Corredor de checkout,4,886,maos,700,2,1,4,079.012.003,Prateleira Madri,BANHO E LAVANDERIA,BANHEIRO,92,285,396,422170.48,1167
83,Corredor de checkout,1,100,chao,247,3,1,1,103.024.003,Com Bandeja,COZINHA,POTES,125,285,60,250322.05,499
83,Corredor de checkout,1,100,chao,247,3,1,2,030.012.001,Pote Monterey com 3 Divisórias,COZINHA,POTES,212,285,55,250297.93,459
83,Corredor de checkout,1,100,chao,247,3,1,3,105.024.003,Marmita Bom Apetite Com Bandeija E Valvula - Preto 800Ml,COZINHA,POTES,127,285,70,248640.09,414
83,Corredor de checkout,1,100,chao,247,3,1,4,362.012.003,Pote Acucar Acoplado Com Rosca - 2L,COZINHA,POTES,140,285,179,248403.06,1001
83,Corredor de checkout,2,362,chao,247,3,1,1,103.024.003,Com Bandeja,COZINHA,POTES,125,285,60,250322.05,499
83,Corredor de checkout,2,362,chao,247,3,1,2,030.012.001,Pote Monterey com 3 Divisórias,COZINHA,POTES,212,285,55,250297.93,459
83,Corredor de checkout,2,362,chao,247,3,1,3,105.024.003,Marmita Bom Apetite Com Bandeija E Valvula - Preto 800Ml,COZINHA,POTES,127,285,70,248640.09,414
83,Corredor de checkout,2,362,chao,247,3,1,4,362.012.003,Pote Acucar Acoplado Com Rosca - 2L,COZINHA,POTES,140,285,179,248403.06,1001
83,Corredor de checkout,3,624,chao,247,2,1,1,103.024.003,Com Bandeja,COZINHA,POTES,125,285,60,250322.05,499
83,Corredor de checkout,3,624,chao,247,2,1,2,030.012.001,Pote Monterey com 3 Divisórias,COZINHA,POTES,212,285,55,250297.93,459
83,Corredor de checkout,3,624,chao,247,2,1,3,105.024.003,Marmita Bom Apetite Com Bandeija E Valvula - Preto 800Ml,COZINHA,POTES,127,285,70,248640.09,414
83,Corredor de checkout,3,624,chao,247,2,1,4,362.012.003,Pote Acucar Acoplado Com Rosca - 2L,COZINHA,POTES,140,285,179,248403.06,1001
83,Corredor de checkout,4,886,maos,700,2,1,1,019.024.001,Maleta Organiza Tudo c/Divis. Móveis,ORGANIZACAO,ORGANIZACAO,118,285,41,408590.74,872
83,Corredor de checkout,4,886,maos,700,2,1,2,138.012.001,Organiza Tudo com Divisórias Móveis,ORGANIZACAO,ORGANIZACAO,175,285,43,387480.06,861
83,Corredor de checkout,4,886,maos,700,2,1,3,214.006.003,Organizador Multiuso Rattan Com 6 Divisorias - Preto (214/P),ORGANIZACAO,ORGANIZACAO,178,285,160,373144.87,1009
83,Corredor de checkout,4,886,maos,700,2,1,4,095.012.003,Banheiro Premium,BANHO E LAVANDERIA,BANHEIRO,143,285,386,363781.98,842
