ISO-10303-21;
HEADER;
FILE_DESCRIPTION(('Open CASCADE Model'),'2;1');
FILE_NAME('Open CASCADE Shape Model','2026-10-06T19:46:51',('Author'),(
    'Open CASCADE'),'Open CASCADE STEP processor 7.9','Open CASCADE 7.9'
  ,'Unknown');
FILE_SCHEMA(('AUTOMOTIVE_DESIGN { 1 0 10303 214 1 1 1 1 }'));
ENDSEC;
DATA;
#1 = APPLICATION_PROTOCOL_DEFINITION('international standard',
  'automotive_design',2000,#2);
#2 = APPLICATION_CONTEXT(
  'core data for automotive mechanical design processes');
#3 = SHAPE_DEFINITION_REPRESENTATION(#4,#10);
#4 = PRODUCT_DEFINITION_SHAPE('','',#5);
#5 = PRODUCT_DEFINITION('design','',#6,#9);
#6 = PRODUCT_DEFINITION_FORMATION('','',#7);
#7 = PRODUCT('Open CASCADE STEP translator 7.9 6',
  'Open CASCADE STEP translator 7.9 6','',(#8));
#8 = PRODUCT_CONTEXT('',#2,'mechanical');
#9 = PRODUCT_DEFINITION_CONTEXT('part definition',#2,'design');
#10 = ADVANCED_BREP_SHAPE_REPRESENTATION('',(#11,#15),#17295);
#11 = AXIS2_PLACEMENT_3D('',#12,#13,#14);
#12 = CARTESIAN_POINT('',(0.,0.,0.));
#13 = DIRECTION('',(0.,0.,1.));
#14 = DIRECTION('',(1.,0.,-0.));
#15 = MANIFOLD_SOLID_BREP('',#16);
#16 = CLOSED_SHELL('',(#17,#135,#219,#299,#379,#453,#506,#559,#635,#1432
    ,#1458,#6065,#6091,#6167,#6193,#6219,#6293,#6319,#6345,#6393,#6421,
    #6501,#6555,#6614,#6668,#6753,#6894,#6948,#7048,#7133,#7274,#7328,
    #7428,#7513,#7654,#7708,#7808,#7893,#8034,#8088,#8188,#8263,#8339,
    #8388,#8415,#8491,#8540,#8589,#8638,#8687,#8736,#8785,#8834,#8883,
    #8932,#8981,#9030,#9079,#9128,#9177,#9226,#9275,#9324,#9373,#9422,
    #9471,#9520,#9569,#9618,#9667,#9716,#9765,#9792,#9868,#9917,#9966,
    #10015,#10064,#10113,#10162,#10211,#10260,#10309,#10358,#10407,
    #10456,#10505,#10554,#10603,#10652,#10701,#10750,#10799,#10848,
    #10897,#10946,#10995,#11044,#11093,#11142,#11169,#11245,#11294,
    #11343,#11392,#11441,#11490,#11539,#11588,#11637,#11686,#11735,
    #11784,#11833,#11882,#11931,#11980,#12029,#12078,#12127,#12176,
    #12225,#12274,#12323,#12372,#12421,#12470,#12519,#12568,#12617,
    #12666,#12715,#12764,#12813,#12862,#12911,#12960,#13009,#13058,
    #13107,#13156,#13205,#13254,#13303,#13352,#13401,#13450,#13499,
    #13526,#13602,#13651,#13700,#13749,#13798,#13847,#13896,#13945,
    #13994,#14043,#14092,#14119,#14195,#14244,#14293,#14342,#14391,
    #14440,#14467,#14493,#14519,#14567,#14595,#14671,#14720,#14769,
    #14818,#14867,#14916,#14965,#15014,#15063,#15112,#15161,#15210,
    #15259,#15308,#15357,#15406,#15455,#15504,#15553,#15602,#15651,
    #15700,#15749,#15798,#15847,#15896,#15945,#15972,#16048,#16097,
    #16146,#16195,#16244,#16293,#16342,#16391,#16440,#16489,#16538,
    #16587,#16614,#16639,#16646,#16689,#16714,#16739,#16746,#16774,
    #16802,#16830,#16837,#16865,#16893,#16921,#16928,#16956,#16984,
    #17012,#17019,#17047,#17075,#17103,#17110,#17141,#17172,#17223,
    #17238,#17248,#17279));
#17 = ADVANCED_FACE('',(#18),#32,.F.);
#18 = FACE_BOUND('',#19,.F.);
#19 = EDGE_LOOP('',(#20,#53,#82,#108));
#20 = ORIENTED_EDGE('',*,*,#21,.F.);
#21 = EDGE_CURVE('',#22,#24,#26,.T.);
#22 = VERTEX_POINT('',#23);
#23 = CARTESIAN_POINT('',(63.915917193196,38.657853084492,111.63));
#24 = VERTEX_POINT('',#25);
#25 = CARTESIAN_POINT('',(63.939484522608,39.557853084492,111.63));
#26 = SURFACE_CURVE('',#27,(#31,#42),.PCURVE_S1.);
#27 = LINE('',#28,#29);
#28 = CARTESIAN_POINT('',(63.9,38.05,111.63));
#29 = VECTOR('',#30,1.);
#30 = DIRECTION('',(2.617694830787E-02,0.999657324976,
    -4.808627393502E-18));
#31 = PCURVE('',#32,#37);
#32 = CONICAL_SURFACE('',#33,0.7,2.617993877991E-02);
#33 = AXIS2_PLACEMENT_3D('',#34,#35,#36);
#34 = CARTESIAN_POINT('',(63.2,38.05,111.63));
#35 = DIRECTION('',(0.,1.,0.));
#36 = DIRECTION('',(-5.770950752315E-15,-0.,-1.));
#37 = DEFINITIONAL_REPRESENTATION('',(#38),#41);
#38 = B_SPLINE_CURVE_WITH_KNOTS('',1,(#39,#40),.UNSPECIFIED.,.F.,.F.,(2,
    2),(-7.466172041417E-21,2.100719864231),.PIECEWISE_BEZIER_KNOTS.);
#39 = CARTESIAN_POINT('',(4.712388980385,0.));
#40 = CARTESIAN_POINT('',(4.712388980385,2.1));
#41 = ( GEOMETRIC_REPRESENTATION_CONTEXT(2) 
PARAMETRIC_REPRESENTATION_CONTEXT() REPRESENTATION_CONTEXT('2D SPACE',''
  ) );
#42 = PCURVE('',#43,#48);
#43 = PLANE('',#44);
#44 = AXIS2_PLACEMENT_3D('',#45,#46,#47);
#45 = CARTESIAN_POINT('',(63.9,38.05,111.63));
#46 = DIRECTION('',(-0.999657324976,2.617694830787E-02,
    6.121135716378E-17));
#47 = DIRECTION('',(2.617694830787E-02,0.999657324976,
    -4.808627393502E-18));
#48 = DEFINITIONAL_REPRESENTATION('',(#49),#52);
#49 = B_SPLINE_CURVE_WITH_KNOTS('',1,(#50,#51),.UNSPECIFIED.,.F.,.F.,(2,
    2),(-7.466172041417E-21,2.100719864231),.PIECEWISE_BEZIER_KNOTS.);
#50 = CARTESIAN_POINT('',(-7.466172041417E-21,8.091678582582E-34));
#51 = CARTESIAN_POINT('',(2.100719864231,8.091678582582E-34));
#52 = ( GEOMETRIC_REPRESENTATION_CONTEXT(2) 
PARAMETRIC_REPRESENTATION_CONTEXT() REPRESENTATION_CONTEXT('2D SPACE',''
  ) );
#53 = ORIENTED_EDGE('',*,*,#54,.T.);
#54 = EDGE_CURVE('',#22,#55,#57,.T.);
#55 = VERTEX_POINT('',#56);
#56 = CARTESIAN_POINT('',(63.2,38.657853084492,110.9140828068));
#57 = SURFACE_CURVE('',#58,(#63,#70),.PCURVE_S1.);
#58 = CIRCLE('',#59,0.715917193196);
#59 = AXIS2_PLACEMENT_3D('',#60,#61,#62);
#60 = CARTESIAN_POINT('',(63.2,38.657853084492,111.63));
#61 = DIRECTION('',(0.,1.,-0.));
#62 = DIRECTION('',(1.,0.,5.018979567439E-15));
#63 = PCURVE('',#32,#64);
#64 = DEFINITIONAL_REPRESENTATION('',(#65),#69);
#65 = LINE('',#66,#67);
#66 = CARTESIAN_POINT('',(4.712388980385,0.607853084492));
#67 = VECTOR('',#68,1.);
#68 = DIRECTION('',(1.,0.));
#69 = ( GEOMETRIC_REPRESENTATION_CONTEXT(2) 
PARAMETRIC_REPRESENTATION_CONTEXT() REPRESENTATION_CONTEXT('2D SPACE',''
  ) );
#70 = PCURVE('',#71,#76);
#71 = TOROIDAL_SURFACE('',#72,1.015814390689,0.3);
#72 = AXIS2_PLACEMENT_3D('',#73,#74,#75);
#73 = CARTESIAN_POINT('',(63.2,38.65,111.63));
#74 = DIRECTION('',(0.,1.,-0.));
#75 = DIRECTION('',(1.,0.,5.018979567439E-15));
#76 = DEFINITIONAL_REPRESENTATION('',(#77),#81);
#77 = LINE('',#78,#79);
#78 = CARTESIAN_POINT('',(0.,3.11541271481));
#79 = VECTOR('',#80,1.);
#80 = DIRECTION('',(1.,0.));
#81 = ( GEOMETRIC_REPRESENTATION_CONTEXT(2) 
PARAMETRIC_REPRESENTATION_CONTEXT() REPRESENTATION_CONTEXT('2D SPACE',''
  ) );
#82 = ORIENTED_EDGE('',*,*,#83,.T.);
#83 = EDGE_CURVE('',#55,#84,#86,.T.);
#84 = VERTEX_POINT('',#85);
#85 = CARTESIAN_POINT('',(63.2,39.557853084492,110.89051547739));
#86 = SURFACE_CURVE('',#87,(#91,#97),.PCURVE_S1.);
#87 = LINE('',#88,#89);
#88 = CARTESIAN_POINT('',(63.2,38.05,110.93));
#89 = VECTOR('',#90,1.);
#90 = DIRECTION('',(-1.446543763393E-16,0.999657324976,
    -2.617694830787E-02));
#91 = PCURVE('',#32,#92);
#92 = DEFINITIONAL_REPRESENTATION('',(#93),#96);
#93 = B_SPLINE_CURVE_WITH_KNOTS('',1,(#94,#95),.UNSPECIFIED.,.F.,.F.,(2,
    2),(0.,2.100719864231),.PIECEWISE_BEZIER_KNOTS.);
#94 = CARTESIAN_POINT('',(6.28318530718,0.));
#95 = CARTESIAN_POINT('',(6.28318530718,2.1));
#96 = ( GEOMETRIC_REPRESENTATION_CONTEXT(2) 
PARAMETRIC_REPRESENTATION_CONTEXT() REPRESENTATION_CONTEXT('2D SPACE',''
  ) );
#97 = PCURVE('',#98,#103);
#98 = PLANE('',#99);
#99 = AXIS2_PLACEMENT_3D('',#100,#101,#102);
#100 = CARTESIAN_POINT('',(60.74,38.05,110.93));
#101 = DIRECTION('',(6.121135716378E-17,2.617694830787E-02,
    0.999657324976));
#102 = DIRECTION('',(-4.808627393502E-18,0.999657324976,
    -2.617694830787E-02));
#103 = DEFINITIONAL_REPRESENTATION('',(#104),#107);
#104 = B_SPLINE_CURVE_WITH_KNOTS('',1,(#105,#106),.UNSPECIFIED.,.F.,.F.,
  (2,2),(0.,2.100719864231),.PIECEWISE_BEZIER_KNOTS.);
#105 = CARTESIAN_POINT('',(-1.080399013052E-20,-2.46));
#106 = CARTESIAN_POINT('',(2.100719864231,-2.46));
#107 = ( GEOMETRIC_REPRESENTATION_CONTEXT(2) 
PARAMETRIC_REPRESENTATION_CONTEXT() REPRESENTATION_CONTEXT('2D SPACE',''
  ) );
#108 = ORIENTED_EDGE('',*,*,#109,.F.);
#109 = EDGE_CURVE('',#24,#84,#110,.T.);
#110 = SURFACE_CURVE('',#111,(#116,#123),.PCURVE_S1.);
#111 = CIRCLE('',#112,0.739484522608);
#112 = AXIS2_PLACEMENT_3D('',#113,#114,#115);
#113 = CARTESIAN_POINT('',(63.2,39.557853084492,111.63));
#114 = DIRECTION('',(0.,1.,0.));
#115 = DIRECTION('',(1.,-0.,4.755118286695E-15));
#116 = PCURVE('',#32,#117);
#117 = DEFINITIONAL_REPRESENTATION('',(#118),#122);
#118 = LINE('',#119,#120);
#119 = CARTESIAN_POINT('',(4.712388980385,1.507853084492));
#120 = VECTOR('',#121,1.);
#121 = DIRECTION('',(1.,0.));
#122 = ( GEOMETRIC_REPRESENTATION_CONTEXT(2) 
PARAMETRIC_REPRESENTATION_CONTEXT() REPRESENTATION_CONTEXT('2D SPACE',''
  ) );
#123 = PCURVE('',#124,#129);
#124 = TOROIDAL_SURFACE('',#125,1.039381720101,0.3);
#125 = AXIS2_PLACEMENT_3D('',#126,#127,#128);
#126 = CARTESIAN_POINT('',(63.2,39.55,111.63));
#127 = DIRECTION('',(0.,1.,0.));
#128 = DIRECTION('',(1.,-0.,4.755118286695E-15));
#129 = DEFINITIONAL_REPRESENTATION('',(#130),#134);
#130 = LINE('',#131,#132);
#131 = CARTESIAN_POINT('',(0.,3.11541271481));
#132 = VECTOR('',#133,1.);
#133 = DIRECTION('',(1.,0.));
#134 = ( GEOMETRIC_REPRESENTATION_CONTEXT(2) 
PARAMETRIC_REPRESENTATION_CONTEXT() REPRESENTATION_CONTEXT('2D SPACE',''
  ) );
#135 = ADVANCED_FACE('',(#136),#43,.T.);
#136 = FACE_BOUND('',#137,.T.);
#137 = EDGE_LOOP('',(#138,#139,#167,#193));
#138 = ORIENTED_EDGE('',*,*,#21,.F.);
#139 = ORIENTED_EDGE('',*,*,#140,.F.);
#140 = EDGE_CURVE('',#141,#22,#143,.T.);
#141 = VERTEX_POINT('',#142);
#142 = CARTESIAN_POINT('',(63.915917193196,38.657853084492,113.33));
#143 = SURFACE_CURVE('',#144,(#148,#155),.PCURVE_S1.);
#144 = LINE('',#145,#146);
#145 = CARTESIAN_POINT('',(63.915917193196,38.657853084492,113.33));
#146 = VECTOR('',#147,1.);
#147 = DIRECTION('',(-6.123233995737E-17,0.,-1.));
#148 = PCURVE('',#43,#149);
#149 = DEFINITIONAL_REPRESENTATION('',(#150),#154);
#150 = LINE('',#151,#152);
#151 = CARTESIAN_POINT('',(0.608061451965,-1.7));
#152 = VECTOR('',#153,1.);
#153 = DIRECTION('',(3.205751595668E-18,1.));
#154 = ( GEOMETRIC_REPRESENTATION_CONTEXT(2) 
PARAMETRIC_REPRESENTATION_CONTEXT() REPRESENTATION_CONTEXT('2D SPACE',''
  ) );
#155 = PCURVE('',#156,#161);
#156 = CYLINDRICAL_SURFACE('',#157,0.3);
#157 = AXIS2_PLACEMENT_3D('',#158,#159,#160);
#158 = CARTESIAN_POINT('',(64.215814390689,38.65,113.33));
#159 = DIRECTION('',(-6.123233995737E-17,0.,-1.));
#160 = DIRECTION('',(-0.999657324976,2.617694830787E-02,
    6.121135716378E-17));
#161 = DEFINITIONAL_REPRESENTATION('',(#162),#166);
#162 = LINE('',#163,#164);
#163 = CARTESIAN_POINT('',(-0.,0.));
#164 = VECTOR('',#165,1.);
#165 = DIRECTION('',(-0.,1.));
#166 = ( GEOMETRIC_REPRESENTATION_CONTEXT(2) 
PARAMETRIC_REPRESENTATION_CONTEXT() REPRESENTATION_CONTEXT('2D SPACE',''
  ) );
#167 = ORIENTED_EDGE('',*,*,#168,.T.);
#168 = EDGE_CURVE('',#141,#169,#171,.T.);
#169 = VERTEX_POINT('',#170);
#170 = CARTESIAN_POINT('',(63.939484522608,39.557853084492,113.33));
#171 = SURFACE_CURVE('',#172,(#176,#182),.PCURVE_S1.);
#172 = LINE('',#173,#174);
#173 = CARTESIAN_POINT('',(63.9,38.05,113.33));
#174 = VECTOR('',#175,1.);
#175 = DIRECTION('',(2.617694830787E-02,0.999657324976,
    4.808627393502E-18));
#176 = PCURVE('',#43,#177);
#177 = DEFINITIONAL_REPRESENTATION('',(#178),#181);
#178 = B_SPLINE_CURVE_WITH_KNOTS('',1,(#179,#180),.UNSPECIFIED.,.F.,.F.,
  (2,2),(0.,2.100719864231),.PIECEWISE_BEZIER_KNOTS.);
#179 = CARTESIAN_POINT('',(-7.466172041417E-21,-1.7));
#180 = CARTESIAN_POINT('',(2.100719864231,-1.7));
#181 = ( GEOMETRIC_REPRESENTATION_CONTEXT(2) 
PARAMETRIC_REPRESENTATION_CONTEXT() REPRESENTATION_CONTEXT('2D SPACE',''
  ) );
#182 = PCURVE('',#183,#188);
#183 = CONICAL_SURFACE('',#184,0.7,2.617993877991E-02);
#184 = AXIS2_PLACEMENT_3D('',#185,#186,#187);
#185 = CARTESIAN_POINT('',(63.2,38.05,113.33));
#186 = DIRECTION('',(0.,1.,-0.));
#187 = DIRECTION('',(1.,0.,-6.123233995737E-17));
#188 = DEFINITIONAL_REPRESENTATION('',(#189),#192);
#189 = B_SPLINE_CURVE_WITH_KNOTS('',1,(#190,#191),.UNSPECIFIED.,.F.,.F.,
  (2,2),(0.,2.100719864231),.PIECEWISE_BEZIER_KNOTS.);
#190 = CARTESIAN_POINT('',(6.28318530718,0.));
#191 = CARTESIAN_POINT('',(6.28318530718,2.1));
#192 = ( GEOMETRIC_REPRESENTATION_CONTEXT(2) 
PARAMETRIC_REPRESENTATION_CONTEXT() REPRESENTATION_CONTEXT('2D SPACE',''
  ) );
#193 = ORIENTED_EDGE('',*,*,#194,.T.);
#194 = EDGE_CURVE('',#169,#24,#195,.T.);
#195 = SURFACE_CURVE('',#196,(#200,#207),.PCURVE_S1.);
#196 = LINE('',#197,#198);
#197 = CARTESIAN_POINT('',(63.939484522608,39.557853084492,113.33));
#198 = VECTOR('',#199,1.);
#199 = DIRECTION('',(-6.123233995737E-17,0.,-1.));
#200 = PCURVE('',#43,#201);
#201 = DEFINITIONAL_REPRESENTATION('',(#202),#206);
#202 = LINE('',#203,#204);
#203 = CARTESIAN_POINT('',(1.508369965207,-1.7));
#204 = VECTOR('',#205,1.);
#205 = DIRECTION('',(3.205751595668E-18,1.));
#206 = ( GEOMETRIC_REPRESENTATION_CONTEXT(2) 
PARAMETRIC_REPRESENTATION_CONTEXT() REPRESENTATION_CONTEXT('2D SPACE',''
  ) );
#207 = PCURVE('',#208,#213);
#208 = CYLINDRICAL_SURFACE('',#209,0.3);
#209 = AXIS2_PLACEMENT_3D('',#210,#211,#212);
#210 = CARTESIAN_POINT('',(64.239381720101,39.55,113.33));
#211 = DIRECTION('',(-6.123233995737E-17,0.,-1.));
#212 = DIRECTION('',(0.,1.,0.));
#213 = DEFINITIONAL_REPRESENTATION('',(#214),#218);
#214 = LINE('',#215,#216);
#215 = CARTESIAN_POINT('',(-1.544616388015,0.));
#216 = VECTOR('',#217,1.);
#217 = DIRECTION('',(-0.,1.));
#218 = ( GEOMETRIC_REPRESENTATION_CONTEXT(2) 
PARAMETRIC_REPRESENTATION_CONTEXT() REPRESENTATION_CONTEXT('2D SPACE',''
  ) );
#219 = ADVANCED_FACE('',(#220),#71,.T.);
#220 = FACE_BOUND('',#221,.T.);
#221 = EDGE_LOOP('',(#222,#244,#245,#272));
#222 = ORIENTED_EDGE('',*,*,#223,.F.);
#223 = EDGE_CURVE('',#22,#224,#226,.T.);
#224 = VERTEX_POINT('',#225);
#225 = CARTESIAN_POINT('',(64.215814390689,38.35,111.63));
#226 = SURFACE_CURVE('',#227,(#232,#238),.PCURVE_S1.);
#227 = CIRCLE('',#228,0.3);
#228 = AXIS2_PLACEMENT_3D('',#229,#230,#231);
#229 = CARTESIAN_POINT('',(64.215814390689,38.65,111.63));
#230 = DIRECTION('',(-5.907157987139E-15,0.,1.));
#231 = DIRECTION('',(1.,0.,5.907157987139E-15));
#232 = PCURVE('',#71,#233);
#233 = DEFINITIONAL_REPRESENTATION('',(#234),#237);
#234 = B_SPLINE_CURVE_WITH_KNOTS('',1,(#235,#236),.UNSPECIFIED.,.F.,.F.,
  (2,2),(3.11541271481,4.712388980385),.PIECEWISE_BEZIER_KNOTS.);
#235 = CARTESIAN_POINT('',(-8.881784197001E-16,3.11541271481));
#236 = CARTESIAN_POINT('',(-8.881784197001E-16,4.712388980385));
#237 = ( GEOMETRIC_REPRESENTATION_CONTEXT(2) 
PARAMETRIC_REPRESENTATION_CONTEXT() REPRESENTATION_CONTEXT('2D SPACE',''
  ) );
#238 = PCURVE('',#156,#239);
#239 = DEFINITIONAL_REPRESENTATION('',(#240),#243);
#240 = B_SPLINE_CURVE_WITH_KNOTS('',1,(#241,#242),.UNSPECIFIED.,.F.,.F.,
  (2,2),(3.11541271481,4.712388980385),.PIECEWISE_BEZIER_KNOTS.);
#241 = CARTESIAN_POINT('',(0.,1.7));
#242 = CARTESIAN_POINT('',(-1.596976265575,1.7));
#243 = ( GEOMETRIC_REPRESENTATION_CONTEXT(2) 
PARAMETRIC_REPRESENTATION_CONTEXT() REPRESENTATION_CONTEXT('2D SPACE',''
  ) );
#244 = ORIENTED_EDGE('',*,*,#54,.T.);
#245 = ORIENTED_EDGE('',*,*,#246,.T.);
#246 = EDGE_CURVE('',#55,#247,#249,.T.);
#247 = VERTEX_POINT('',#248);
#248 = CARTESIAN_POINT('',(63.2,38.35,110.61418560931));
#249 = SURFACE_CURVE('',#250,(#255,#261),.PCURVE_S1.);
#250 = CIRCLE('',#251,0.3);
#251 = AXIS2_PLACEMENT_3D('',#252,#253,#254);
#252 = CARTESIAN_POINT('',(63.2,38.65,110.61418560931));
#253 = DIRECTION('',(1.,-0.,-4.689750709305E-15));
#254 = DIRECTION('',(-4.689750709305E-15,-0.,-1.));
#255 = PCURVE('',#71,#256);
#256 = DEFINITIONAL_REPRESENTATION('',(#257),#260);
#257 = B_SPLINE_CURVE_WITH_KNOTS('',1,(#258,#259),.UNSPECIFIED.,.F.,.F.,
  (2,2),(3.11541271481,4.712388980385),.PIECEWISE_BEZIER_KNOTS.);
#258 = CARTESIAN_POINT('',(1.570796326795,3.11541271481));
#259 = CARTESIAN_POINT('',(1.570796326795,4.712388980385));
#260 = ( GEOMETRIC_REPRESENTATION_CONTEXT(2) 
PARAMETRIC_REPRESENTATION_CONTEXT() REPRESENTATION_CONTEXT('2D SPACE',''
  ) );
#261 = PCURVE('',#262,#267);
#262 = CYLINDRICAL_SURFACE('',#263,0.3);
#263 = AXIS2_PLACEMENT_3D('',#264,#265,#266);
#264 = CARTESIAN_POINT('',(63.2,38.65,110.61418560931));
#265 = DIRECTION('',(-1.,-0.,6.123233995737E-17));
#266 = DIRECTION('',(6.121135716378E-17,2.617694830787E-02,
    0.999657324976));
#267 = DEFINITIONAL_REPRESENTATION('',(#268),#271);
#268 = B_SPLINE_CURVE_WITH_KNOTS('',1,(#269,#270),.UNSPECIFIED.,.F.,.F.,
  (2,2),(3.11541271481,4.712388980385),.PIECEWISE_BEZIER_KNOTS.);
#269 = CARTESIAN_POINT('',(0.,0.));
#270 = CARTESIAN_POINT('',(-1.596976265575,0.));
#271 = ( GEOMETRIC_REPRESENTATION_CONTEXT(2) 
PARAMETRIC_REPRESENTATION_CONTEXT() REPRESENTATION_CONTEXT('2D SPACE',''
  ) );
#272 = ORIENTED_EDGE('',*,*,#273,.F.);
#273 = EDGE_CURVE('',#224,#247,#274,.T.);
#274 = SURFACE_CURVE('',#275,(#280,#287),.PCURVE_S1.);
#275 = CIRCLE('',#276,1.015814390689);
#276 = AXIS2_PLACEMENT_3D('',#277,#278,#279);
#277 = CARTESIAN_POINT('',(63.2,38.35,111.63));
#278 = DIRECTION('',(0.,1.,-0.));
#279 = DIRECTION('',(1.,0.,5.018979567439E-15));
#280 = PCURVE('',#71,#281);
#281 = DEFINITIONAL_REPRESENTATION('',(#282),#286);
#282 = LINE('',#283,#284);
#283 = CARTESIAN_POINT('',(0.,4.712388980385));
#284 = VECTOR('',#285,1.);
#285 = DIRECTION('',(1.,0.));
#286 = ( GEOMETRIC_REPRESENTATION_CONTEXT(2) 
PARAMETRIC_REPRESENTATION_CONTEXT() REPRESENTATION_CONTEXT('2D SPACE',''
  ) );
#287 = PCURVE('',#288,#293);
#288 = PLANE('',#289);
#289 = AXIS2_PLACEMENT_3D('',#290,#291,#292);
#290 = CARTESIAN_POINT('',(61.97,38.35,105.24755626412));
#291 = DIRECTION('',(0.,1.,0.));
#292 = DIRECTION('',(-1.,0.,6.123233995737E-17));
#293 = DEFINITIONAL_REPRESENTATION('',(#294),#298);
#294 = CIRCLE('',#295,1.015814390689);
#295 = AXIS2_PLACEMENT_2D('',#296,#297);
#296 = CARTESIAN_POINT('',(-1.23,6.382443735877));
#297 = DIRECTION('',(-1.,5.246106539786E-15));
#298 = ( GEOMETRIC_REPRESENTATION_CONTEXT(2) 
PARAMETRIC_REPRESENTATION_CONTEXT() REPRESENTATION_CONTEXT('2D SPACE',''
  ) );
#299 = ADVANCED_FACE('',(#300),#124,.T.);
#300 = FACE_BOUND('',#301,.T.);
#301 = EDGE_LOOP('',(#302,#324,#353,#378));
#302 = ORIENTED_EDGE('',*,*,#303,.F.);
#303 = EDGE_CURVE('',#304,#24,#306,.T.);
#304 = VERTEX_POINT('',#305);
#305 = CARTESIAN_POINT('',(64.239381720101,39.85,111.63));
#306 = SURFACE_CURVE('',#307,(#312,#318),.PCURVE_S1.);
#307 = CIRCLE('',#308,0.3);
#308 = AXIS2_PLACEMENT_3D('',#309,#310,#311);
#309 = CARTESIAN_POINT('',(64.239381720101,39.55,111.63));
#310 = DIRECTION('',(-5.643296706396E-15,0.,1.));
#311 = DIRECTION('',(1.,0.,5.643296706396E-15));
#312 = PCURVE('',#124,#313);
#313 = DEFINITIONAL_REPRESENTATION('',(#314),#317);
#314 = B_SPLINE_CURVE_WITH_KNOTS('',1,(#315,#316),.UNSPECIFIED.,.F.,.F.,
  (2,2),(1.570796326795,3.11541271481),.PIECEWISE_BEZIER_KNOTS.);
#315 = CARTESIAN_POINT('',(-8.881784197001E-16,1.570796326795));
#316 = CARTESIAN_POINT('',(-8.881784197001E-16,3.11541271481));
#317 = ( GEOMETRIC_REPRESENTATION_CONTEXT(2) 
PARAMETRIC_REPRESENTATION_CONTEXT() REPRESENTATION_CONTEXT('2D SPACE',''
  ) );
#318 = PCURVE('',#208,#319);
#319 = DEFINITIONAL_REPRESENTATION('',(#320),#323);
#320 = B_SPLINE_CURVE_WITH_KNOTS('',1,(#321,#322),.UNSPECIFIED.,.F.,.F.,
  (2,2),(1.570796326795,3.11541271481),.PIECEWISE_BEZIER_KNOTS.);
#321 = CARTESIAN_POINT('',(0.,1.7));
#322 = CARTESIAN_POINT('',(-1.544616388015,1.7));
#323 = ( GEOMETRIC_REPRESENTATION_CONTEXT(2) 
PARAMETRIC_REPRESENTATION_CONTEXT() REPRESENTATION_CONTEXT('2D SPACE',''
  ) );
#324 = ORIENTED_EDGE('',*,*,#325,.T.);
#325 = EDGE_CURVE('',#304,#326,#328,.T.);
#326 = VERTEX_POINT('',#327);
#327 = CARTESIAN_POINT('',(63.2,39.85,110.59061827989));
#328 = SURFACE_CURVE('',#329,(#334,#341),.PCURVE_S1.);
#329 = CIRCLE('',#330,1.039381720101);
#330 = AXIS2_PLACEMENT_3D('',#331,#332,#333);
#331 = CARTESIAN_POINT('',(63.2,39.85,111.63));
#332 = DIRECTION('',(0.,1.,0.));
#333 = DIRECTION('',(1.,-0.,4.755118286695E-15));
#334 = PCURVE('',#124,#335);
#335 = DEFINITIONAL_REPRESENTATION('',(#336),#340);
#336 = LINE('',#337,#338);
#337 = CARTESIAN_POINT('',(0.,1.570796326795));
#338 = VECTOR('',#339,1.);
#339 = DIRECTION('',(1.,0.));
#340 = ( GEOMETRIC_REPRESENTATION_CONTEXT(2) 
PARAMETRIC_REPRESENTATION_CONTEXT() REPRESENTATION_CONTEXT('2D SPACE',''
  ) );
#341 = PCURVE('',#342,#347);
#342 = PLANE('',#343);
#343 = AXIS2_PLACEMENT_3D('',#344,#345,#346);
#344 = CARTESIAN_POINT('',(61.97,39.85,102.68));
#345 = DIRECTION('',(0.,1.,0.));
#346 = DIRECTION('',(0.,-0.,1.));
#347 = DEFINITIONAL_REPRESENTATION('',(#348),#352);
#348 = CIRCLE('',#349,1.039381720101);
#349 = AXIS2_PLACEMENT_2D('',#350,#351);
#350 = CARTESIAN_POINT('',(8.95,1.23));
#351 = DIRECTION('',(5.12715436027E-15,1.));
#352 = ( GEOMETRIC_REPRESENTATION_CONTEXT(2) 
PARAMETRIC_REPRESENTATION_CONTEXT() REPRESENTATION_CONTEXT('2D SPACE',''
  ) );
#353 = ORIENTED_EDGE('',*,*,#354,.T.);
#354 = EDGE_CURVE('',#326,#84,#355,.T.);
#355 = SURFACE_CURVE('',#356,(#361,#367),.PCURVE_S1.);
#356 = CIRCLE('',#357,0.3);
#357 = AXIS2_PLACEMENT_3D('',#358,#359,#360);
#358 = CARTESIAN_POINT('',(63.2,39.55,110.59061827989));
#359 = DIRECTION('',(1.,0.,-4.953611990049E-15));
#360 = DIRECTION('',(-4.953611990049E-15,0.,-1.));
#361 = PCURVE('',#124,#362);
#362 = DEFINITIONAL_REPRESENTATION('',(#363),#366);
#363 = B_SPLINE_CURVE_WITH_KNOTS('',1,(#364,#365),.UNSPECIFIED.,.F.,.F.,
  (2,2),(1.570796326795,3.11541271481),.PIECEWISE_BEZIER_KNOTS.);
#364 = CARTESIAN_POINT('',(1.570796326795,1.570796326795));
#365 = CARTESIAN_POINT('',(1.570796326795,3.11541271481));
#366 = ( GEOMETRIC_REPRESENTATION_CONTEXT(2) 
PARAMETRIC_REPRESENTATION_CONTEXT() REPRESENTATION_CONTEXT('2D SPACE',''
  ) );
#367 = PCURVE('',#368,#373);
#368 = CYLINDRICAL_SURFACE('',#369,0.3);
#369 = AXIS2_PLACEMENT_3D('',#370,#371,#372);
#370 = CARTESIAN_POINT('',(63.2,39.55,110.59061827989));
#371 = DIRECTION('',(-1.,-0.,6.123233995737E-17));
#372 = DIRECTION('',(0.,1.,0.));
#373 = DEFINITIONAL_REPRESENTATION('',(#374),#377);
#374 = B_SPLINE_CURVE_WITH_KNOTS('',1,(#375,#376),.UNSPECIFIED.,.F.,.F.,
  (2,2),(1.570796326795,3.11541271481),.PIECEWISE_BEZIER_KNOTS.);
#375 = CARTESIAN_POINT('',(0.,0.));
#376 = CARTESIAN_POINT('',(-1.544616388015,0.));
#377 = ( GEOMETRIC_REPRESENTATION_CONTEXT(2) 
PARAMETRIC_REPRESENTATION_CONTEXT() REPRESENTATION_CONTEXT('2D SPACE',''
  ) );
#378 = ORIENTED_EDGE('',*,*,#109,.F.);
#379 = ADVANCED_FACE('',(#380),#98,.T.);
#380 = FACE_BOUND('',#381,.T.);
#381 = EDGE_LOOP('',(#382,#410,#431,#432));
#382 = ORIENTED_EDGE('',*,*,#383,.F.);
#383 = EDGE_CURVE('',#384,#386,#388,.T.);
#384 = VERTEX_POINT('',#385);
#385 = CARTESIAN_POINT('',(60.74,38.657853084492,110.9140828068));
#386 = VERTEX_POINT('',#387);
#387 = CARTESIAN_POINT('',(60.74,39.557853084492,110.89051547739));
#388 = SURFACE_CURVE('',#389,(#393,#399),.PCURVE_S1.);
#389 = LINE('',#390,#391);
#390 = CARTESIAN_POINT('',(60.74,38.05,110.93));
#391 = VECTOR('',#392,1.);
#392 = DIRECTION('',(-4.808627393502E-18,0.999657324976,
    -2.617694830787E-02));
#393 = PCURVE('',#98,#394);
#394 = DEFINITIONAL_REPRESENTATION('',(#395),#398);
#395 = B_SPLINE_CURVE_WITH_KNOTS('',1,(#396,#397),.UNSPECIFIED.,.F.,.F.,
  (2,2),(-1.080399013052E-20,2.100719864231),.PIECEWISE_BEZIER_KNOTS.);
#396 = CARTESIAN_POINT('',(-1.080399013052E-20,8.091678582582E-34));
#397 = CARTESIAN_POINT('',(2.100719864231,8.091678582582E-34));
#398 = ( GEOMETRIC_REPRESENTATION_CONTEXT(2) 
PARAMETRIC_REPRESENTATION_CONTEXT() REPRESENTATION_CONTEXT('2D SPACE',''
  ) );
#399 = PCURVE('',#400,#405);
#400 = CONICAL_SURFACE('',#401,0.7,2.617993877991E-02);
#401 = AXIS2_PLACEMENT_3D('',#402,#403,#404);
#402 = CARTESIAN_POINT('',(60.74,38.05,111.63));
#403 = DIRECTION('',(0.,1.,0.));
#404 = DIRECTION('',(-1.,-0.,-2.159213709293E-15));
#405 = DEFINITIONAL_REPRESENTATION('',(#406),#409);
#406 = B_SPLINE_CURVE_WITH_KNOTS('',1,(#407,#408),.UNSPECIFIED.,.F.,.F.,
  (2,2),(-1.080399013052E-20,2.100719864231),.PIECEWISE_BEZIER_KNOTS.);
#407 = CARTESIAN_POINT('',(4.712388980385,0.));
#408 = CARTESIAN_POINT('',(4.712388980385,2.1));
#409 = ( GEOMETRIC_REPRESENTATION_CONTEXT(2) 
PARAMETRIC_REPRESENTATION_CONTEXT() REPRESENTATION_CONTEXT('2D SPACE',''
  ) );
#410 = ORIENTED_EDGE('',*,*,#411,.F.);
#411 = EDGE_CURVE('',#55,#384,#412,.T.);
#412 = SURFACE_CURVE('',#413,(#417,#424),.PCURVE_S1.);
#413 = LINE('',#414,#415);
#414 = CARTESIAN_POINT('',(63.2,38.657853084492,110.9140828068));
#415 = VECTOR('',#416,1.);
#416 = DIRECTION('',(-1.,-0.,6.123233995737E-17));
#417 = PCURVE('',#98,#418);
#418 = DEFINITIONAL_REPRESENTATION('',(#419),#423);
#419 = LINE('',#420,#421);
#420 = CARTESIAN_POINT('',(0.608061451965,-2.46));
#421 = VECTOR('',#422,1.);
#422 = DIRECTION('',(3.205751595668E-18,1.));
#423 = ( GEOMETRIC_REPRESENTATION_CONTEXT(2) 
PARAMETRIC_REPRESENTATION_CONTEXT() REPRESENTATION_CONTEXT('2D SPACE',''
  ) );
#424 = PCURVE('',#262,#425);
#425 = DEFINITIONAL_REPRESENTATION('',(#426),#430);
#426 = LINE('',#427,#428);
#427 = CARTESIAN_POINT('',(-0.,0.));
#428 = VECTOR('',#429,1.);
#429 = DIRECTION('',(-0.,1.));
#430 = ( GEOMETRIC_REPRESENTATION_CONTEXT(2) 
PARAMETRIC_REPRESENTATION_CONTEXT() REPRESENTATION_CONTEXT('2D SPACE',''
  ) );
#431 = ORIENTED_EDGE('',*,*,#83,.T.);
#432 = ORIENTED_EDGE('',*,*,#433,.T.);
#433 = EDGE_CURVE('',#84,#386,#434,.T.);
#434 = SURFACE_CURVE('',#435,(#439,#446),.PCURVE_S1.);
#435 = LINE('',#436,#437);
#436 = CARTESIAN_POINT('',(63.2,39.557853084492,110.89051547739));
#437 = VECTOR('',#438,1.);
#438 = DIRECTION('',(-1.,-0.,6.123233995737E-17));
#439 = PCURVE('',#98,#440);
#440 = DEFINITIONAL_REPRESENTATION('',(#441),#445);
#441 = LINE('',#442,#443);
#442 = CARTESIAN_POINT('',(1.508369965207,-2.46));
#443 = VECTOR('',#444,1.);
#444 = DIRECTION('',(3.205751595668E-18,1.));
#445 = ( GEOMETRIC_REPRESENTATION_CONTEXT(2) 
PARAMETRIC_REPRESENTATION_CONTEXT() REPRESENTATION_CONTEXT('2D SPACE',''
  ) );
#446 = PCURVE('',#368,#447);
#447 = DEFINITIONAL_REPRESENTATION('',(#448),#452);
#448 = LINE('',#449,#450);
#449 = CARTESIAN_POINT('',(-1.544616388015,0.));
#450 = VECTOR('',#451,1.);
#451 = DIRECTION('',(-0.,1.));
#452 = ( GEOMETRIC_REPRESENTATION_CONTEXT(2) 
PARAMETRIC_REPRESENTATION_CONTEXT() REPRESENTATION_CONTEXT('2D SPACE',''
  ) );
#453 = ADVANCED_FACE('',(#454),#156,.T.);
#454 = FACE_BOUND('',#455,.F.);
#455 = EDGE_LOOP('',(#456,#483,#504,#505));
#456 = ORIENTED_EDGE('',*,*,#457,.T.);
#457 = EDGE_CURVE('',#141,#458,#460,.T.);
#458 = VERTEX_POINT('',#459);
#459 = CARTESIAN_POINT('',(64.215814390689,38.35,113.33));
#460 = SURFACE_CURVE('',#461,(#466,#472),.PCURVE_S1.);
#461 = CIRCLE('',#462,0.3);
#462 = AXIS2_PLACEMENT_3D('',#463,#464,#465);
#463 = CARTESIAN_POINT('',(64.215814390689,38.65,113.33));
#464 = DIRECTION('',(-1.669928383468E-16,0.,1.));
#465 = DIRECTION('',(1.,0.,1.669928383468E-16));
#466 = PCURVE('',#156,#467);
#467 = DEFINITIONAL_REPRESENTATION('',(#468),#471);
#468 = B_SPLINE_CURVE_WITH_KNOTS('',1,(#469,#470),.UNSPECIFIED.,.F.,.F.,
  (2,2),(3.11541271481,4.712388980385),.PIECEWISE_BEZIER_KNOTS.);
#469 = CARTESIAN_POINT('',(0.,0.));
#470 = CARTESIAN_POINT('',(-1.596976265575,0.));
#471 = ( GEOMETRIC_REPRESENTATION_CONTEXT(2) 
PARAMETRIC_REPRESENTATION_CONTEXT() REPRESENTATION_CONTEXT('2D SPACE',''
  ) );
#472 = PCURVE('',#473,#478);
#473 = TOROIDAL_SURFACE('',#474,1.015814390689,0.3);
#474 = AXIS2_PLACEMENT_3D('',#475,#476,#477);
#475 = CARTESIAN_POINT('',(63.2,38.65,113.33));
#476 = DIRECTION('',(0.,1.,-0.));
#477 = DIRECTION('',(-1.88211733779E-15,0.,1.));
#478 = DEFINITIONAL_REPRESENTATION('',(#479),#482);
#479 = B_SPLINE_CURVE_WITH_KNOTS('',1,(#480,#481),.UNSPECIFIED.,.F.,.F.,
  (2,2),(3.11541271481,4.712388980385),.PIECEWISE_BEZIER_KNOTS.);
#480 = CARTESIAN_POINT('',(1.570796326795,3.11541271481));
#481 = CARTESIAN_POINT('',(1.570796326795,4.712388980385));
#482 = ( GEOMETRIC_REPRESENTATION_CONTEXT(2) 
PARAMETRIC_REPRESENTATION_CONTEXT() REPRESENTATION_CONTEXT('2D SPACE',''
  ) );
#483 = ORIENTED_EDGE('',*,*,#484,.T.);
#484 = EDGE_CURVE('',#458,#224,#485,.T.);
#485 = SURFACE_CURVE('',#486,(#490,#497),.PCURVE_S1.);
#486 = LINE('',#487,#488);
#487 = CARTESIAN_POINT('',(64.215814390689,38.35,113.33));
#488 = VECTOR('',#489,1.);
#489 = DIRECTION('',(-6.123233995737E-17,0.,-1.));
#490 = PCURVE('',#156,#491);
#491 = DEFINITIONAL_REPRESENTATION('',(#492),#496);
#492 = LINE('',#493,#494);
#493 = CARTESIAN_POINT('',(-1.596976265575,0.));
#494 = VECTOR('',#495,1.);
#495 = DIRECTION('',(-0.,1.));
#496 = ( GEOMETRIC_REPRESENTATION_CONTEXT(2) 
PARAMETRIC_REPRESENTATION_CONTEXT() REPRESENTATION_CONTEXT('2D SPACE',''
  ) );
#497 = PCURVE('',#288,#498);
#498 = DEFINITIONAL_REPRESENTATION('',(#499),#503);
#499 = LINE('',#500,#501);
#500 = CARTESIAN_POINT('',(-2.245814390689,8.082443735877));
#501 = VECTOR('',#502,1.);
#502 = DIRECTION('',(0.,-1.));
#503 = ( GEOMETRIC_REPRESENTATION_CONTEXT(2) 
PARAMETRIC_REPRESENTATION_CONTEXT() REPRESENTATION_CONTEXT('2D SPACE',''
  ) );
#504 = ORIENTED_EDGE('',*,*,#223,.F.);
#505 = ORIENTED_EDGE('',*,*,#140,.F.);
#506 = ADVANCED_FACE('',(#507),#208,.T.);
#507 = FACE_BOUND('',#508,.F.);
#508 = EDGE_LOOP('',(#509,#536,#537,#538));
#509 = ORIENTED_EDGE('',*,*,#510,.T.);
#510 = EDGE_CURVE('',#511,#169,#513,.T.);
#511 = VERTEX_POINT('',#512);
#512 = CARTESIAN_POINT('',(64.239381720101,39.85,113.33));
#513 = SURFACE_CURVE('',#514,(#519,#525),.PCURVE_S1.);
#514 = CIRCLE('',#515,0.3);
#515 = AXIS2_PLACEMENT_3D('',#516,#517,#518);
#516 = CARTESIAN_POINT('',(64.239381720101,39.55,113.33));
#517 = DIRECTION('',(-3.652397509864E-16,0.,1.));
#518 = DIRECTION('',(1.,0.,3.652397509864E-16));
#519 = PCURVE('',#208,#520);
#520 = DEFINITIONAL_REPRESENTATION('',(#521),#524);
#521 = B_SPLINE_CURVE_WITH_KNOTS('',1,(#522,#523),.UNSPECIFIED.,.F.,.F.,
  (2,2),(1.570796326795,3.11541271481),.PIECEWISE_BEZIER_KNOTS.);
#522 = CARTESIAN_POINT('',(0.,0.));
#523 = CARTESIAN_POINT('',(-1.544616388015,0.));
#524 = ( GEOMETRIC_REPRESENTATION_CONTEXT(2) 
PARAMETRIC_REPRESENTATION_CONTEXT() REPRESENTATION_CONTEXT('2D SPACE',''
  ) );
#525 = PCURVE('',#526,#531);
#526 = TOROIDAL_SURFACE('',#527,1.039381720101,0.3);
#527 = AXIS2_PLACEMENT_3D('',#528,#529,#530);
#528 = CARTESIAN_POINT('',(63.2,39.55,113.33));
#529 = DIRECTION('',(0.,1.,0.));
#530 = DIRECTION('',(-2.080364250429E-15,0.,1.));
#531 = DEFINITIONAL_REPRESENTATION('',(#532),#535);
#532 = B_SPLINE_CURVE_WITH_KNOTS('',1,(#533,#534),.UNSPECIFIED.,.F.,.F.,
  (2,2),(1.570796326795,3.11541271481),.PIECEWISE_BEZIER_KNOTS.);
#533 = CARTESIAN_POINT('',(1.570796326795,1.570796326795));
#534 = CARTESIAN_POINT('',(1.570796326795,3.11541271481));
#535 = ( GEOMETRIC_REPRESENTATION_CONTEXT(2) 
PARAMETRIC_REPRESENTATION_CONTEXT() REPRESENTATION_CONTEXT('2D SPACE',''
  ) );
#536 = ORIENTED_EDGE('',*,*,#194,.T.);
#537 = ORIENTED_EDGE('',*,*,#303,.F.);
#538 = ORIENTED_EDGE('',*,*,#539,.F.);
#539 = EDGE_CURVE('',#511,#304,#540,.T.);
#540 = SURFACE_CURVE('',#541,(#545,#552),.PCURVE_S1.);
#541 = LINE('',#542,#543);
#542 = CARTESIAN_POINT('',(64.239381720101,39.85,113.33));
#543 = VECTOR('',#544,1.);
#544 = DIRECTION('',(-6.123233995737E-17,0.,-1.));
#545 = PCURVE('',#208,#546);
#546 = DEFINITIONAL_REPRESENTATION('',(#547),#551);
#547 = LINE('',#548,#549);
#548 = CARTESIAN_POINT('',(-0.,0.));
#549 = VECTOR('',#550,1.);
#550 = DIRECTION('',(-0.,1.));
#551 = ( GEOMETRIC_REPRESENTATION_CONTEXT(2) 
PARAMETRIC_REPRESENTATION_CONTEXT() REPRESENTATION_CONTEXT('2D SPACE',''
  ) );
#552 = PCURVE('',#342,#553);
#553 = DEFINITIONAL_REPRESENTATION('',(#554),#558);
#554 = LINE('',#555,#556);
#555 = CARTESIAN_POINT('',(10.65,2.269381720101));
#556 = VECTOR('',#557,1.);
#557 = DIRECTION('',(-1.,-6.123233995737E-17));
#558 = ( GEOMETRIC_REPRESENTATION_CONTEXT(2) 
PARAMETRIC_REPRESENTATION_CONTEXT() REPRESENTATION_CONTEXT('2D SPACE',''
  ) );
#559 = ADVANCED_FACE('',(#560),#183,.F.);
#560 = FACE_BOUND('',#561,.F.);
#561 = EDGE_LOOP('',(#562,#590,#612,#613));
#562 = ORIENTED_EDGE('',*,*,#563,.F.);
#563 = EDGE_CURVE('',#564,#566,#568,.T.);
#564 = VERTEX_POINT('',#565);
#565 = CARTESIAN_POINT('',(63.2,38.657853084492,114.04591719319));
#566 = VERTEX_POINT('',#567);
#567 = CARTESIAN_POINT('',(63.2,39.557853084492,114.0694845226));
#568 = SURFACE_CURVE('',#569,(#573,#579),.PCURVE_S1.);
#569 = LINE('',#570,#571);
#570 = CARTESIAN_POINT('',(63.2,38.05,114.03));
#571 = VECTOR('',#572,1.);
#572 = DIRECTION('',(4.808627393502E-18,0.999657324976,
    2.617694830787E-02));
#573 = PCURVE('',#183,#574);
#574 = DEFINITIONAL_REPRESENTATION('',(#575),#578);
#575 = B_SPLINE_CURVE_WITH_KNOTS('',1,(#576,#577),.UNSPECIFIED.,.F.,.F.,
  (2,2),(-1.080399013052E-20,2.100719864231),.PIECEWISE_BEZIER_KNOTS.);
#576 = CARTESIAN_POINT('',(4.712388980385,0.));
#577 = CARTESIAN_POINT('',(4.712388980385,2.1));
#578 = ( GEOMETRIC_REPRESENTATION_CONTEXT(2) 
PARAMETRIC_REPRESENTATION_CONTEXT() REPRESENTATION_CONTEXT('2D SPACE',''
  ) );
#579 = PCURVE('',#580,#585);
#580 = PLANE('',#581);
#581 = AXIS2_PLACEMENT_3D('',#582,#583,#584);
#582 = CARTESIAN_POINT('',(63.2,38.05,114.03));
#583 = DIRECTION('',(-6.121135716378E-17,2.617694830787E-02,
    -0.999657324976));
#584 = DIRECTION('',(4.808627393502E-18,0.999657324976,
    2.617694830787E-02));
#585 = DEFINITIONAL_REPRESENTATION('',(#586),#589);
#586 = B_SPLINE_CURVE_WITH_KNOTS('',1,(#587,#588),.UNSPECIFIED.,.F.,.F.,
  (2,2),(-1.080399013052E-20,2.100719864231),.PIECEWISE_BEZIER_KNOTS.);
#587 = CARTESIAN_POINT('',(-1.080399013052E-20,8.091678582582E-34));
#588 = CARTESIAN_POINT('',(2.100719864231,8.091678582582E-34));
#589 = ( GEOMETRIC_REPRESENTATION_CONTEXT(2) 
PARAMETRIC_REPRESENTATION_CONTEXT() REPRESENTATION_CONTEXT('2D SPACE',''
  ) );
#590 = ORIENTED_EDGE('',*,*,#591,.T.);
#591 = EDGE_CURVE('',#564,#141,#592,.T.);
#592 = SURFACE_CURVE('',#593,(#598,#605),.PCURVE_S1.);
#593 = CIRCLE('',#594,0.715917193196);
#594 = AXIS2_PLACEMENT_3D('',#595,#596,#597);
#595 = CARTESIAN_POINT('',(63.2,38.657853084492,113.33));
#596 = DIRECTION('',(0.,1.,-0.));
#597 = DIRECTION('',(-1.88211733779E-15,0.,1.));
#598 = PCURVE('',#183,#599);
#599 = DEFINITIONAL_REPRESENTATION('',(#600),#604);
#600 = LINE('',#601,#602);
#601 = CARTESIAN_POINT('',(4.712388980385,0.607853084492));
#602 = VECTOR('',#603,1.);
#603 = DIRECTION('',(1.,0.));
#604 = ( GEOMETRIC_REPRESENTATION_CONTEXT(2) 
PARAMETRIC_REPRESENTATION_CONTEXT() REPRESENTATION_CONTEXT('2D SPACE',''
  ) );
#605 = PCURVE('',#473,#606);
#606 = DEFINITIONAL_REPRESENTATION('',(#607),#611);
#607 = LINE('',#608,#609);
#608 = CARTESIAN_POINT('',(0.,3.11541271481));
#609 = VECTOR('',#610,1.);
#610 = DIRECTION('',(1.,0.));
#611 = ( GEOMETRIC_REPRESENTATION_CONTEXT(2) 
PARAMETRIC_REPRESENTATION_CONTEXT() REPRESENTATION_CONTEXT('2D SPACE',''
  ) );
#612 = ORIENTED_EDGE('',*,*,#168,.T.);
#613 = ORIENTED_EDGE('',*,*,#614,.F.);
#614 = EDGE_CURVE('',#566,#169,#615,.T.);
#615 = SURFACE_CURVE('',#616,(#621,#628),.PCURVE_S1.);
#616 = CIRCLE('',#617,0.739484522608);
#617 = AXIS2_PLACEMENT_3D('',#618,#619,#620);
#618 = CARTESIAN_POINT('',(63.2,39.557853084492,113.33));
#619 = DIRECTION('',(0.,1.,0.));
#620 = DIRECTION('',(-2.080364250429E-15,0.,1.));
#621 = PCURVE('',#183,#622);
#622 = DEFINITIONAL_REPRESENTATION('',(#623),#627);
#623 = LINE('',#624,#625);
#624 = CARTESIAN_POINT('',(4.712388980385,1.507853084492));
#625 = VECTOR('',#626,1.);
#626 = DIRECTION('',(1.,0.));
#627 = ( GEOMETRIC_REPRESENTATION_CONTEXT(2) 
PARAMETRIC_REPRESENTATION_CONTEXT() REPRESENTATION_CONTEXT('2D SPACE',''
  ) );
#628 = PCURVE('',#526,#629);
#629 = DEFINITIONAL_REPRESENTATION('',(#630),#634);
#630 = LINE('',#631,#632);
#631 = CARTESIAN_POINT('',(0.,3.11541271481));
#632 = VECTOR('',#633,1.);
#633 = DIRECTION('',(1.,0.));
#634 = ( GEOMETRIC_REPRESENTATION_CONTEXT(2) 
PARAMETRIC_REPRESENTATION_CONTEXT() REPRESENTATION_CONTEXT('2D SPACE',''
  ) );
#635 = ADVANCED_FACE('',(#636,#799,#964,#1084,#1200,#1316),#288,.F.);
#636 = FACE_BOUND('',#637,.F.);
#637 = EDGE_LOOP('',(#638,#639,#640,#664,#692,#721,#749,#778));
#638 = ORIENTED_EDGE('',*,*,#273,.F.);
#639 = ORIENTED_EDGE('',*,*,#484,.F.);
#640 = ORIENTED_EDGE('',*,*,#641,.F.);
#641 = EDGE_CURVE('',#642,#458,#644,.T.);
#642 = VERTEX_POINT('',#643);
#643 = CARTESIAN_POINT('',(63.2,38.35,114.34581439068));
#644 = SURFACE_CURVE('',#645,(#650,#657),.PCURVE_S1.);
#645 = CIRCLE('',#646,1.015814390689);
#646 = AXIS2_PLACEMENT_3D('',#647,#648,#649);
#647 = CARTESIAN_POINT('',(63.2,38.35,113.33));
#648 = DIRECTION('',(0.,1.,-0.));
#649 = DIRECTION('',(-1.88211733779E-15,0.,1.));
#650 = PCURVE('',#288,#651);
#651 = DEFINITIONAL_REPRESENTATION('',(#652),#656);
#652 = CIRCLE('',#653,1.015814390689);
#653 = AXIS2_PLACEMENT_2D('',#654,#655);
#654 = CARTESIAN_POINT('',(-1.23,8.082443735877));
#655 = DIRECTION('',(1.96728995242E-15,1.));
#656 = ( GEOMETRIC_REPRESENTATION_CONTEXT(2) 
PARAMETRIC_REPRESENTATION_CONTEXT() REPRESENTATION_CONTEXT('2D SPACE',''
  ) );
#657 = PCURVE('',#473,#658);
#658 = DEFINITIONAL_REPRESENTATION('',(#659),#663);
#659 = LINE('',#660,#661);
#660 = CARTESIAN_POINT('',(0.,4.712388980385));
#661 = VECTOR('',#662,1.);
#662 = DIRECTION('',(1.,0.));
#663 = ( GEOMETRIC_REPRESENTATION_CONTEXT(2) 
PARAMETRIC_REPRESENTATION_CONTEXT() REPRESENTATION_CONTEXT('2D SPACE',''
  ) );
#664 = ORIENTED_EDGE('',*,*,#665,.F.);
#665 = EDGE_CURVE('',#666,#642,#668,.T.);
#666 = VERTEX_POINT('',#667);
#667 = CARTESIAN_POINT('',(60.74,38.35,114.34581439068));
#668 = SURFACE_CURVE('',#669,(#673,#680),.PCURVE_S1.);
#669 = LINE('',#670,#671);
#670 = CARTESIAN_POINT('',(60.74,38.35,114.34581439068));
#671 = VECTOR('',#672,1.);
#672 = DIRECTION('',(1.,-0.,-6.123233995737E-17));
#673 = PCURVE('',#288,#674);
#674 = DEFINITIONAL_REPRESENTATION('',(#675),#679);
#675 = LINE('',#676,#677);
#676 = CARTESIAN_POINT('',(1.23,9.098258126565));
#677 = VECTOR('',#678,1.);
#678 = DIRECTION('',(-1.,0.));
#679 = ( GEOMETRIC_REPRESENTATION_CONTEXT(2) 
PARAMETRIC_REPRESENTATION_CONTEXT() REPRESENTATION_CONTEXT('2D SPACE',''
  ) );
#680 = PCURVE('',#681,#686);
#681 = CYLINDRICAL_SURFACE('',#682,0.3);
#682 = AXIS2_PLACEMENT_3D('',#683,#684,#685);
#683 = CARTESIAN_POINT('',(60.74,38.65,114.34581439068));
#684 = DIRECTION('',(1.,-0.,-6.123233995737E-17));
#685 = DIRECTION('',(-6.121135716378E-17,2.617694830787E-02,
    -0.999657324976));
#686 = DEFINITIONAL_REPRESENTATION('',(#687),#691);
#687 = LINE('',#688,#689);
#688 = CARTESIAN_POINT('',(-1.596976265575,0.));
#689 = VECTOR('',#690,1.);
#690 = DIRECTION('',(-0.,1.));
#691 = ( GEOMETRIC_REPRESENTATION_CONTEXT(2) 
PARAMETRIC_REPRESENTATION_CONTEXT() REPRESENTATION_CONTEXT('2D SPACE',''
  ) );
#692 = ORIENTED_EDGE('',*,*,#693,.F.);
#693 = EDGE_CURVE('',#694,#666,#696,.T.);
#694 = VERTEX_POINT('',#695);
#695 = CARTESIAN_POINT('',(59.724185609311,38.35,113.33));
#696 = SURFACE_CURVE('',#697,(#702,#709),.PCURVE_S1.);
#697 = CIRCLE('',#698,1.015814390689);
#698 = AXIS2_PLACEMENT_3D('',#699,#700,#701);
#699 = CARTESIAN_POINT('',(60.74,38.35,113.33));
#700 = DIRECTION('',(0.,1.,0.));
#701 = DIRECTION('',(-1.,0.,-2.50948978372E-15));
#702 = PCURVE('',#288,#703);
#703 = DEFINITIONAL_REPRESENTATION('',(#704),#708);
#704 = CIRCLE('',#705,1.015814390689);
#705 = AXIS2_PLACEMENT_2D('',#706,#707);
#706 = CARTESIAN_POINT('',(1.23,8.082443735877));
#707 = DIRECTION('',(1.,0.));
#708 = ( GEOMETRIC_REPRESENTATION_CONTEXT(2) 
PARAMETRIC_REPRESENTATION_CONTEXT() REPRESENTATION_CONTEXT('2D SPACE',''
  ) );
#709 = PCURVE('',#710,#715);
#710 = TOROIDAL_SURFACE('',#711,1.015814390689,0.3);
#711 = AXIS2_PLACEMENT_3D('',#712,#713,#714);
#712 = CARTESIAN_POINT('',(60.74,38.65,113.33));
#713 = DIRECTION('',(0.,1.,-0.));
#714 = DIRECTION('',(-1.,0.,-2.50948978372E-15));
#715 = DEFINITIONAL_REPRESENTATION('',(#716),#720);
#716 = LINE('',#717,#718);
#717 = CARTESIAN_POINT('',(0.,4.712388980385));
#718 = VECTOR('',#719,1.);
#719 = DIRECTION('',(1.,0.));
#720 = ( GEOMETRIC_REPRESENTATION_CONTEXT(2) 
PARAMETRIC_REPRESENTATION_CONTEXT() REPRESENTATION_CONTEXT('2D SPACE',''
  ) );
#721 = ORIENTED_EDGE('',*,*,#722,.F.);
#722 = EDGE_CURVE('',#723,#694,#725,.T.);
#723 = VERTEX_POINT('',#724);
#724 = CARTESIAN_POINT('',(59.724185609311,38.35,111.63));
#725 = SURFACE_CURVE('',#726,(#730,#737),.PCURVE_S1.);
#726 = LINE('',#727,#728);
#727 = CARTESIAN_POINT('',(59.724185609311,38.35,111.63));
#728 = VECTOR('',#729,1.);
#729 = DIRECTION('',(-3.828568698927E-16,-0.,1.));
#730 = PCURVE('',#288,#731);
#731 = DEFINITIONAL_REPRESENTATION('',(#732),#736);
#732 = LINE('',#733,#734);
#733 = CARTESIAN_POINT('',(2.245814390689,6.382443735877));
#734 = VECTOR('',#735,1.);
#735 = DIRECTION('',(4.440892098501E-16,1.));
#736 = ( GEOMETRIC_REPRESENTATION_CONTEXT(2) 
PARAMETRIC_REPRESENTATION_CONTEXT() REPRESENTATION_CONTEXT('2D SPACE',''
  ) );
#737 = PCURVE('',#738,#743);
#738 = CYLINDRICAL_SURFACE('',#739,0.3);
#739 = AXIS2_PLACEMENT_3D('',#740,#741,#742);
#740 = CARTESIAN_POINT('',(59.724185609311,38.65,111.63));
#741 = DIRECTION('',(-3.828568698927E-16,-0.,1.));
#742 = DIRECTION('',(0.999657324976,2.617694830787E-02,
    3.827256744054E-16));
#743 = DEFINITIONAL_REPRESENTATION('',(#744),#748);
#744 = LINE('',#745,#746);
#745 = CARTESIAN_POINT('',(-1.596976265575,0.));
#746 = VECTOR('',#747,1.);
#747 = DIRECTION('',(-0.,1.));
#748 = ( GEOMETRIC_REPRESENTATION_CONTEXT(2) 
PARAMETRIC_REPRESENTATION_CONTEXT() REPRESENTATION_CONTEXT('2D SPACE',''
  ) );
#749 = ORIENTED_EDGE('',*,*,#750,.F.);
#750 = EDGE_CURVE('',#751,#723,#753,.T.);
#751 = VERTEX_POINT('',#752);
#752 = CARTESIAN_POINT('',(60.74,38.35,110.61418560931));
#753 = SURFACE_CURVE('',#754,(#759,#766),.PCURVE_S1.);
#754 = CIRCLE('',#755,1.015814390689);
#755 = AXIS2_PLACEMENT_3D('',#756,#757,#758);
#756 = CARTESIAN_POINT('',(60.74,38.35,111.63));
#757 = DIRECTION('',(0.,1.,0.));
#758 = DIRECTION('',(-1.568431114825E-15,0.,-1.));
#759 = PCURVE('',#288,#760);
#760 = DEFINITIONAL_REPRESENTATION('',(#761),#765);
#761 = CIRCLE('',#762,1.015814390689);
#762 = AXIS2_PLACEMENT_2D('',#763,#764);
#763 = CARTESIAN_POINT('',(1.23,6.382443735877));
#764 = DIRECTION('',(1.311526634946E-15,-1.));
#765 = ( GEOMETRIC_REPRESENTATION_CONTEXT(2) 
PARAMETRIC_REPRESENTATION_CONTEXT() REPRESENTATION_CONTEXT('2D SPACE',''
  ) );
#766 = PCURVE('',#767,#772);
#767 = TOROIDAL_SURFACE('',#768,1.015814390689,0.3);
#768 = AXIS2_PLACEMENT_3D('',#769,#770,#771);
#769 = CARTESIAN_POINT('',(60.74,38.65,111.63));
#770 = DIRECTION('',(0.,1.,-0.));
#771 = DIRECTION('',(-1.568431114825E-15,0.,-1.));
#772 = DEFINITIONAL_REPRESENTATION('',(#773),#777);
#773 = LINE('',#774,#775);
#774 = CARTESIAN_POINT('',(0.,4.712388980385));
#775 = VECTOR('',#776,1.);
#776 = DIRECTION('',(1.,0.));
#777 = ( GEOMETRIC_REPRESENTATION_CONTEXT(2) 
PARAMETRIC_REPRESENTATION_CONTEXT() REPRESENTATION_CONTEXT('2D SPACE',''
  ) );
#778 = ORIENTED_EDGE('',*,*,#779,.F.);
#779 = EDGE_CURVE('',#247,#751,#780,.T.);
#780 = SURFACE_CURVE('',#781,(#785,#792),.PCURVE_S1.);
#781 = LINE('',#782,#783);
#782 = CARTESIAN_POINT('',(63.2,38.35,110.61418560931));
#783 = VECTOR('',#784,1.);
#784 = DIRECTION('',(-1.,-0.,6.123233995737E-17));
#785 = PCURVE('',#288,#786);
#786 = DEFINITIONAL_REPRESENTATION('',(#787),#791);
#787 = LINE('',#788,#789);
#788 = CARTESIAN_POINT('',(-1.23,5.366629345188));
#789 = VECTOR('',#790,1.);
#790 = DIRECTION('',(1.,0.));
#791 = ( GEOMETRIC_REPRESENTATION_CONTEXT(2) 
PARAMETRIC_REPRESENTATION_CONTEXT() REPRESENTATION_CONTEXT('2D SPACE',''
  ) );
#792 = PCURVE('',#262,#793);
#793 = DEFINITIONAL_REPRESENTATION('',(#794),#798);
#794 = LINE('',#795,#796);
#795 = CARTESIAN_POINT('',(-1.596976265575,0.));
#796 = VECTOR('',#797,1.);
#797 = DIRECTION('',(-0.,1.));
#798 = ( GEOMETRIC_REPRESENTATION_CONTEXT(2) 
PARAMETRIC_REPRESENTATION_CONTEXT() REPRESENTATION_CONTEXT('2D SPACE',''
  ) );
#799 = FACE_BOUND('',#800,.F.);
#800 = EDGE_LOOP('',(#801,#831,#860,#888));
#801 = ORIENTED_EDGE('',*,*,#802,.T.);
#802 = EDGE_CURVE('',#803,#805,#807,.T.);
#803 = VERTEX_POINT('',#804);
#804 = CARTESIAN_POINT('',(54.809311745553,38.35,105.34919510425));
#805 = VERTEX_POINT('',#806);
#806 = CARTESIAN_POINT('',(61.039076705692,38.35,117.50701269382));
#807 = SURFACE_CURVE('',#808,(#812,#819),.PCURVE_S1.);
#808 = LINE('',#809,#810);
#809 = CARTESIAN_POINT('',(54.809311745553,38.35,105.34919510425));
#810 = VECTOR('',#811,1.);
#811 = DIRECTION('',(0.456026058632,0.,0.889966422877));
#812 = PCURVE('',#288,#813);
#813 = DEFINITIONAL_REPRESENTATION('',(#814),#818);
#814 = LINE('',#815,#816);
#815 = CARTESIAN_POINT('',(7.160688254447,0.101638840127));
#816 = VECTOR('',#817,1.);
#817 = DIRECTION('',(-0.456026058632,0.889966422877));
#818 = ( GEOMETRIC_REPRESENTATION_CONTEXT(2) 
PARAMETRIC_REPRESENTATION_CONTEXT() REPRESENTATION_CONTEXT('2D SPACE',''
  ) );
#819 = PCURVE('',#820,#825);
#820 = CYLINDRICAL_SURFACE('',#821,0.15);
#821 = AXIS2_PLACEMENT_3D('',#822,#823,#824);
#822 = CARTESIAN_POINT('',(54.809311745553,38.5,105.34919510425));
#823 = DIRECTION('',(0.456026058632,0.,0.889966422877));
#824 = DIRECTION('',(-0.889661453611,2.617694830787E-02,0.455869789891)
  );
#825 = DEFINITIONAL_REPRESENTATION('',(#826),#830);
#826 = LINE('',#827,#828);
#827 = CARTESIAN_POINT('',(1.596976265575,0.));
#828 = VECTOR('',#829,1.);
#829 = DIRECTION('',(0.,1.));
#830 = ( GEOMETRIC_REPRESENTATION_CONTEXT(2) 
PARAMETRIC_REPRESENTATION_CONTEXT() REPRESENTATION_CONTEXT('2D SPACE',''
  ) );
#831 = ORIENTED_EDGE('',*,*,#832,.T.);
#832 = EDGE_CURVE('',#805,#833,#835,.T.);
#833 = VERTEX_POINT('',#834);
#834 = CARTESIAN_POINT('',(62.900923294308,38.35,117.50701269382));
#835 = SURFACE_CURVE('',#836,(#841,#848),.PCURVE_S1.);
#836 = CIRCLE('',#837,1.046020692891);
#837 = AXIS2_PLACEMENT_3D('',#838,#839,#840);
#838 = CARTESIAN_POINT('',(61.97,38.35,117.03));
#839 = DIRECTION('',(0.,1.,-0.));
#840 = DIRECTION('',(-0.889966422877,0.,0.456026058632));
#841 = PCURVE('',#288,#842);
#842 = DEFINITIONAL_REPRESENTATION('',(#843),#847);
#843 = CIRCLE('',#844,1.046020692891);
#844 = AXIS2_PLACEMENT_2D('',#845,#846);
#845 = CARTESIAN_POINT('',(-7.001710514846E-16,11.782443735877));
#846 = DIRECTION('',(0.889966422877,0.456026058632));
#847 = ( GEOMETRIC_REPRESENTATION_CONTEXT(2) 
PARAMETRIC_REPRESENTATION_CONTEXT() REPRESENTATION_CONTEXT('2D SPACE',''
  ) );
#848 = PCURVE('',#849,#854);
#849 = TOROIDAL_SURFACE('',#850,1.046020692891,0.15);
#850 = AXIS2_PLACEMENT_3D('',#851,#852,#853);
#851 = CARTESIAN_POINT('',(61.97,38.5,117.03));
#852 = DIRECTION('',(0.,-1.,-0.));
#853 = DIRECTION('',(-0.889966422877,0.,0.456026058632));
#854 = DEFINITIONAL_REPRESENTATION('',(#855),#859);
#855 = LINE('',#856,#857);
#856 = CARTESIAN_POINT('',(-0.,7.853981633974));
#857 = VECTOR('',#858,1.);
#858 = DIRECTION('',(-1.,0.));
#859 = ( GEOMETRIC_REPRESENTATION_CONTEXT(2) 
PARAMETRIC_REPRESENTATION_CONTEXT() REPRESENTATION_CONTEXT('2D SPACE',''
  ) );
#860 = ORIENTED_EDGE('',*,*,#861,.T.);
#861 = EDGE_CURVE('',#833,#862,#864,.T.);
#862 = VERTEX_POINT('',#863);
#863 = CARTESIAN_POINT('',(69.130688254447,38.35,105.34919510425));
#864 = SURFACE_CURVE('',#865,(#869,#876),.PCURVE_S1.);
#865 = LINE('',#866,#867);
#866 = CARTESIAN_POINT('',(62.900923294308,38.35,117.50701269382));
#867 = VECTOR('',#868,1.);
#868 = DIRECTION('',(0.456026058632,0.,-0.889966422877));
#869 = PCURVE('',#288,#870);
#870 = DEFINITIONAL_REPRESENTATION('',(#871),#875);
#871 = LINE('',#872,#873);
#872 = CARTESIAN_POINT('',(-0.930923294308,12.259456429703));
#873 = VECTOR('',#874,1.);
#874 = DIRECTION('',(-0.456026058632,-0.889966422877));
#875 = ( GEOMETRIC_REPRESENTATION_CONTEXT(2) 
PARAMETRIC_REPRESENTATION_CONTEXT() REPRESENTATION_CONTEXT('2D SPACE',''
  ) );
#876 = PCURVE('',#877,#882);
#877 = CYLINDRICAL_SURFACE('',#878,0.15);
#878 = AXIS2_PLACEMENT_3D('',#879,#880,#881);
#879 = CARTESIAN_POINT('',(62.900923294308,38.5,117.50701269382));
#880 = DIRECTION('',(0.456026058632,0.,-0.889966422877));
#881 = DIRECTION('',(0.889661453611,2.617694830787E-02,0.455869789891));
#882 = DEFINITIONAL_REPRESENTATION('',(#883),#887);
#883 = LINE('',#884,#885);
#884 = CARTESIAN_POINT('',(1.596976265575,0.));
#885 = VECTOR('',#886,1.);
#886 = DIRECTION('',(0.,1.));
#887 = ( GEOMETRIC_REPRESENTATION_CONTEXT(2) 
PARAMETRIC_REPRESENTATION_CONTEXT() REPRESENTATION_CONTEXT('2D SPACE',''
  ) );
#888 = ORIENTED_EDGE('',*,*,#889,.T.);
#889 = EDGE_CURVE('',#862,#803,#890,.T.);
#890 = SURFACE_CURVE('',#891,(#904,#920),.PCURVE_S1.);
#891 = ( BOUNDED_CURVE() B_SPLINE_CURVE(11,(#892,#893,#894,#895,#896,
    #897,#898,#899,#900,#901,#902,#903),.UNSPECIFIED.,.F.,.F.) 
B_SPLINE_CURVE_WITH_KNOTS((12,12),(63.482287219626,97.009153574369),
.PIECEWISE_BEZIER_KNOTS.) CURVE() GEOMETRIC_REPRESENTATION_ITEM() 
RATIONAL_B_SPLINE_CURVE((1.,1.,1.,1.000000000001,0.999999999998,
    1.000000000002,0.999999999998,1.000000000001,0.999999999999,1.,1.,1.
)) REPRESENTATION_ITEM('') );
#892 = CARTESIAN_POINT('',(69.130688254447,38.35,105.34919510425));
#893 = CARTESIAN_POINT('',(70.492750828974,38.35,102.69103569813));
#894 = CARTESIAN_POINT('',(70.772953473473,38.35,99.46981298533));
#895 = CARTESIAN_POINT('',(69.705108103517,38.35,96.180765493115));
#896 = CARTESIAN_POINT('',(67.288797379426,38.35,93.469218224564));
#897 = CARTESIAN_POINT('',(63.884888035689,38.35,91.906362158422));
#898 = CARTESIAN_POINT('',(60.055111964304,38.35,91.906362158403));
#899 = CARTESIAN_POINT('',(56.651202620588,38.35,93.469218224573));
#900 = CARTESIAN_POINT('',(54.234891896472,38.35,96.180765493115));
#901 = CARTESIAN_POINT('',(53.167046526532,38.35,99.469812985328));
#902 = CARTESIAN_POINT('',(53.447249171025,38.35,102.69103569813));
#903 = CARTESIAN_POINT('',(54.809311745553,38.35,105.34919510425));
#904 = PCURVE('',#288,#905);
#905 = DEFINITIONAL_REPRESENTATION('',(#906),#919);
#906 = ( BOUNDED_CURVE() B_SPLINE_CURVE(11,(#907,#908,#909,#910,#911,
    #912,#913,#914,#915,#916,#917,#918),.UNSPECIFIED.,.F.,.F.) 
B_SPLINE_CURVE_WITH_KNOTS((12,12),(63.482287219626,97.009153574369),
.PIECEWISE_BEZIER_KNOTS.) CURVE() GEOMETRIC_REPRESENTATION_ITEM() 
RATIONAL_B_SPLINE_CURVE((1.,1.,1.,1.000000000001,0.999999999998,
    1.000000000002,0.999999999998,1.000000000001,0.999999999999,1.,1.,1.
)) REPRESENTATION_ITEM('') );
#907 = CARTESIAN_POINT('',(-7.160688254447,0.101638840127));
#908 = CARTESIAN_POINT('',(-8.522750828974,-2.556520565991));
#909 = CARTESIAN_POINT('',(-8.802953473473,-5.777743278794));
#910 = CARTESIAN_POINT('',(-7.735108103517,-9.066790771008));
#911 = CARTESIAN_POINT('',(-5.318797379426,-11.77833803955));
#912 = CARTESIAN_POINT('',(-1.914888035689,-13.3411941057));
#913 = CARTESIAN_POINT('',(1.914888035696,-13.34119410572));
#914 = CARTESIAN_POINT('',(5.318797379412,-11.77833803955));
#915 = CARTESIAN_POINT('',(7.735108103528,-9.066790771009));
#916 = CARTESIAN_POINT('',(8.802953473468,-5.777743278796));
#917 = CARTESIAN_POINT('',(8.522750828975,-2.55652056599));
#918 = CARTESIAN_POINT('',(7.160688254447,0.101638840127));
#919 = ( GEOMETRIC_REPRESENTATION_CONTEXT(2) 
PARAMETRIC_REPRESENTATION_CONTEXT() REPRESENTATION_CONTEXT('2D SPACE',''
  ) );
#920 = PCURVE('',#921,#958);
#921 = ( BOUNDED_SURFACE() B_SPLINE_SURFACE(2,11,(
    (#922,#923,#924,#925,#926,#927,#928,#929,#930,#931,#932,#933)
    ,(#934,#935,#936,#937,#938,#939,#940,#941,#942,#943,#944,#945)
    ,(#946,#947,#948,#949,#950,#951,#952,#953,#954,#955,#956,#957
)),.UNSPECIFIED.,.F.,.F.,.F.) B_SPLINE_SURFACE_WITH_KNOTS((3,3),(12,12),
  (0.,33.526866354744),(63.482287219626,97.009153574369),
.PIECEWISE_BEZIER_KNOTS.) GEOMETRIC_REPRESENTATION_ITEM() 
RATIONAL_B_SPLINE_SURFACE((
    (1.,1.,1.,1.000000000001,0.999999999998,1.000000000002
      ,0.999999999998,1.000000000001,0.999999999999,1.,1.,1.)
    ,(0.697790459842,0.697790459842,0.697790459841,0.697790459842
      ,0.697790459841,0.697790459843,0.69779045984,0.697790459843
      ,0.697790459841,0.697790459842,0.697790459842,0.697790459842)
    ,(1.,1.,1.,1.000000000001,0.999999999998,1.000000000002
      ,0.999999999998,1.000000000001,0.999999999999,1.,1.,1.
))) REPRESENTATION_ITEM('') SURFACE() );
#922 = CARTESIAN_POINT('',(69.264137472489,38.503926542246,
    105.41757557273));
#923 = CARTESIAN_POINT('',(70.651583945747,38.503926542246,
    102.70987773098));
#924 = CARTESIAN_POINT('',(70.93700854971,38.503926542246,
    99.428623127826));
#925 = CARTESIAN_POINT('',(69.849262420979,38.503926542246,
    96.078279737737));
#926 = CARTESIAN_POINT('',(67.38792044218,38.503926542246,
    93.316199077733));
#927 = CARTESIAN_POINT('',(63.920574592891,38.503926542246,
    91.724217051545));
#928 = CARTESIAN_POINT('',(60.019425407103,38.503926542246,
    91.724217051536));
#929 = CARTESIAN_POINT('',(56.552079557834,38.503926542246,
    93.316199077736));
#930 = CARTESIAN_POINT('',(54.090737579009,38.503926542246,
    96.07827973774));
#931 = CARTESIAN_POINT('',(53.002991450296,38.503926542246,
    99.428623127822));
#932 = CARTESIAN_POINT('',(53.288416054252,38.503926542246,
    102.70987773098));
#933 = CARTESIAN_POINT('',(54.675862527511,38.503926542246,
    105.41757557273));
#934 = CARTESIAN_POINT('',(69.267724667592,38.35,105.41941368078));
#935 = CARTESIAN_POINT('',(70.655853475288,38.35,102.71038421613));
#936 = CARTESIAN_POINT('',(70.941418448657,38.35,99.427515919726));
#937 = CARTESIAN_POINT('',(69.853137375583,38.35,96.075524859102));
#938 = CARTESIAN_POINT('',(67.390584929619,38.35,93.312085831193));
#939 = CARTESIAN_POINT('',(63.921533868975,38.35,91.719320881716));
#940 = CARTESIAN_POINT('',(60.018466131018,38.35,91.719320881702));
#941 = CARTESIAN_POINT('',(56.549415070395,38.35,93.312085831198));
#942 = CARTESIAN_POINT('',(54.086862624405,38.35,96.075524859103));
#943 = CARTESIAN_POINT('',(52.998581551349,38.35,99.427515919723));
#944 = CARTESIAN_POINT('',(53.284146524711,38.35,102.71038421614));
#945 = CARTESIAN_POINT('',(54.672275332408,38.35,105.41941368078));
#946 = CARTESIAN_POINT('',(69.130688254447,38.35,105.34919510425));
#947 = CARTESIAN_POINT('',(70.492750828974,38.35,102.69103569813));
#948 = CARTESIAN_POINT('',(70.772953473473,38.35,99.46981298533));
#949 = CARTESIAN_POINT('',(69.705108103517,38.35,96.180765493115));
#950 = CARTESIAN_POINT('',(67.288797379426,38.35,93.469218224564));
#951 = CARTESIAN_POINT('',(63.884888035689,38.35,91.906362158422));
#952 = CARTESIAN_POINT('',(60.055111964304,38.35,91.906362158403));
#953 = CARTESIAN_POINT('',(56.651202620588,38.35,93.469218224573));
#954 = CARTESIAN_POINT('',(54.234891896472,38.35,96.180765493115));
#955 = CARTESIAN_POINT('',(53.167046526532,38.35,99.469812985328));
#956 = CARTESIAN_POINT('',(53.447249171025,38.35,102.69103569813));
#957 = CARTESIAN_POINT('',(54.809311745553,38.35,105.34919510425));
#958 = DEFINITIONAL_REPRESENTATION('',(#959),#963);
#959 = LINE('',#960,#961);
#960 = CARTESIAN_POINT('',(33.526866354744,0.));
#961 = VECTOR('',#962,1.);
#962 = DIRECTION('',(0.,1.));
#963 = ( GEOMETRIC_REPRESENTATION_CONTEXT(2) 
PARAMETRIC_REPRESENTATION_CONTEXT() REPRESENTATION_CONTEXT('2D SPACE',''
  ) );
#964 = FACE_BOUND('',#965,.F.);
#965 = EDGE_LOOP('',(#966,#997,#1025,#1058));
#966 = ORIENTED_EDGE('',*,*,#967,.F.);
#967 = EDGE_CURVE('',#968,#970,#972,.T.);
#968 = VERTEX_POINT('',#969);
#969 = CARTESIAN_POINT('',(64.182444194583,38.35,104.55485751081));
#970 = VERTEX_POINT('',#971);
#971 = CARTESIAN_POINT('',(64.182444194583,38.35,100.80514248918));
#972 = SURFACE_CURVE('',#973,(#978,#985),.PCURVE_S1.);
#973 = CIRCLE('',#974,2.9);
#974 = AXIS2_PLACEMENT_3D('',#975,#976,#977);
#975 = CARTESIAN_POINT('',(61.97,38.35,102.68));
#976 = DIRECTION('',(0.,1.,0.));
#977 = DIRECTION('',(0.762911791235,-0.,0.646502589936));
#978 = PCURVE('',#288,#979);
#979 = DEFINITIONAL_REPRESENTATION('',(#980),#984);
#980 = CIRCLE('',#981,2.9);
#981 = AXIS2_PLACEMENT_2D('',#982,#983);
#982 = CARTESIAN_POINT('',(-7.001710514846E-16,-2.567556264123));
#983 = DIRECTION('',(-0.762911791235,0.646502589936));
#984 = ( GEOMETRIC_REPRESENTATION_CONTEXT(2) 
PARAMETRIC_REPRESENTATION_CONTEXT() REPRESENTATION_CONTEXT('2D SPACE',''
  ) );
#985 = PCURVE('',#986,#991);
#986 = CONICAL_SURFACE('',#987,2.9,2.617993877992E-02);
#987 = AXIS2_PLACEMENT_3D('',#988,#989,#990);
#988 = CARTESIAN_POINT('',(61.97,38.35,102.68));
#989 = DIRECTION('',(0.,1.,0.));
#990 = DIRECTION('',(1.,-0.,0.));
#991 = DEFINITIONAL_REPRESENTATION('',(#992),#996);
#992 = LINE('',#993,#994);
#993 = CARTESIAN_POINT('',(5.580194117463,-0.));
#994 = VECTOR('',#995,1.);
#995 = DIRECTION('',(1.,-0.));
#996 = ( GEOMETRIC_REPRESENTATION_CONTEXT(2) 
PARAMETRIC_REPRESENTATION_CONTEXT() REPRESENTATION_CONTEXT('2D SPACE',''
  ) );
#997 = ORIENTED_EDGE('',*,*,#998,.F.);
#998 = EDGE_CURVE('',#999,#968,#1001,.T.);
#999 = VERTEX_POINT('',#1000);
#1000 = CARTESIAN_POINT('',(63.587830166261,38.35,103.96024348249));
#1001 = SURFACE_CURVE('',#1002,(#1006,#1013),.PCURVE_S1.);
#1002 = LINE('',#1003,#1004);
#1003 = CARTESIAN_POINT('',(62.138793341884,38.35,102.51120665811));
#1004 = VECTOR('',#1005,1.);
#1005 = DIRECTION('',(0.707106781187,0.,0.707106781187));
#1006 = PCURVE('',#288,#1007);
#1007 = DEFINITIONAL_REPRESENTATION('',(#1008),#1012);
#1008 = LINE('',#1009,#1010);
#1009 = CARTESIAN_POINT('',(-0.168793341884,-2.736349606008));
#1010 = VECTOR('',#1011,1.);
#1011 = DIRECTION('',(-0.707106781187,0.707106781187));
#1012 = ( GEOMETRIC_REPRESENTATION_CONTEXT(2) 
PARAMETRIC_REPRESENTATION_CONTEXT() REPRESENTATION_CONTEXT('2D SPACE',''
  ) );
#1013 = PCURVE('',#1014,#1019);
#1014 = PLANE('',#1015);
#1015 = AXIS2_PLACEMENT_3D('',#1016,#1017,#1018);
#1016 = CARTESIAN_POINT('',(62.217487373415,34.1,102.43251262658));
#1017 = DIRECTION('',(0.706864473353,2.617694830787E-02,-0.706864473353)
  );
#1018 = DIRECTION('',(-1.850989765927E-02,0.999657324976,
    1.850989765927E-02));
#1019 = DEFINITIONAL_REPRESENTATION('',(#1020),#1024);
#1020 = LINE('',#1021,#1022);
#1021 = CARTESIAN_POINT('',(4.251456868086,0.));
#1022 = VECTOR('',#1023,1.);
#1023 = DIRECTION('',(0.,1.));
#1024 = ( GEOMETRIC_REPRESENTATION_CONTEXT(2) 
PARAMETRIC_REPRESENTATION_CONTEXT() REPRESENTATION_CONTEXT('2D SPACE',''
  ) );
#1025 = ORIENTED_EDGE('',*,*,#1026,.F.);
#1026 = EDGE_CURVE('',#1027,#999,#1029,.T.);
#1027 = VERTEX_POINT('',#1028);
#1028 = CARTESIAN_POINT('',(63.587830166261,38.35,101.3997565175));
#1029 = SURFACE_CURVE('',#1030,(#1035,#1046),.PCURVE_S1.);
#1030 = CIRCLE('',#1031,2.063103928872);
#1031 = AXIS2_PLACEMENT_3D('',#1032,#1033,#1034);
#1032 = CARTESIAN_POINT('',(61.97,38.35,102.68));
#1033 = DIRECTION('',(0.,-1.,0.));
#1034 = DIRECTION('',(0.784172888055,0.,-0.620542409219));
#1035 = PCURVE('',#288,#1036);
#1036 = DEFINITIONAL_REPRESENTATION('',(#1037),#1045);
#1037 = ( BOUNDED_CURVE() B_SPLINE_CURVE(2,(#1038,#1039,#1040,#1041,
#1042,#1043,#1044),.UNSPECIFIED.,.T.,.F.) B_SPLINE_CURVE_WITH_KNOTS((1,2
    ,2,2,2,1),(-2.094395102393,0.,2.094395102393,4.188790204786,
6.28318530718,8.377580409573),.UNSPECIFIED.) CURVE() 
GEOMETRIC_REPRESENTATION_ITEM() RATIONAL_B_SPLINE_CURVE((1.,0.5,1.,0.5,
1.,0.5,1.)) REPRESENTATION_ITEM('') );
#1038 = CARTESIAN_POINT('',(-1.617830166261,-3.847799746616));
#1039 = CARTESIAN_POINT('',(-3.835276923997,-1.045635700634));
#1040 = CARTESIAN_POINT('',(-0.299808295737,-0.526352499886));
#1041 = CARTESIAN_POINT('',(3.235660332522,-7.069299138339E-03));
#1042 = CARTESIAN_POINT('',(1.917638461999,-3.328516545868));
#1043 = CARTESIAN_POINT('',(0.599616591475,-6.649963792598));
#1044 = CARTESIAN_POINT('',(-1.617830166261,-3.847799746616));
#1045 = ( GEOMETRIC_REPRESENTATION_CONTEXT(2) 
PARAMETRIC_REPRESENTATION_CONTEXT() REPRESENTATION_CONTEXT('2D SPACE',''
  ) );
#1046 = PCURVE('',#1047,#1052);
#1047 = CONICAL_SURFACE('',#1048,2.321195486274,8.726646259972E-02);
#1048 = AXIS2_PLACEMENT_3D('',#1049,#1050,#1051);
#1049 = CARTESIAN_POINT('',(61.97,35.4,102.68));
#1050 = DIRECTION('',(-0.,-1.,-0.));
#1051 = DIRECTION('',(1.,0.,0.));
#1052 = DEFINITIONAL_REPRESENTATION('',(#1053),#1057);
#1053 = LINE('',#1054,#1055);
#1054 = CARTESIAN_POINT('',(-6.952619517197,-2.95));
#1055 = VECTOR('',#1056,1.);
#1056 = DIRECTION('',(1.,-0.));
#1057 = ( GEOMETRIC_REPRESENTATION_CONTEXT(2) 
PARAMETRIC_REPRESENTATION_CONTEXT() REPRESENTATION_CONTEXT('2D SPACE',''
  ) );
#1058 = ORIENTED_EDGE('',*,*,#1059,.F.);
#1059 = EDGE_CURVE('',#970,#1027,#1060,.T.);
#1060 = SURFACE_CURVE('',#1061,(#1065,#1072),.PCURVE_S1.);
#1061 = LINE('',#1062,#1063);
#1062 = CARTESIAN_POINT('',(64.861154449452,38.35,100.12643223431));
#1063 = VECTOR('',#1064,1.);
#1064 = DIRECTION('',(-0.707106781187,6.980096086226E-19,0.707106781187)
  );
#1065 = PCURVE('',#288,#1066);
#1066 = DEFINITIONAL_REPRESENTATION('',(#1067),#1071);
#1067 = LINE('',#1068,#1069);
#1068 = CARTESIAN_POINT('',(-2.891154449452,-5.121124029807));
#1069 = VECTOR('',#1070,1.);
#1070 = DIRECTION('',(0.707106781187,0.707106781187));
#1071 = ( GEOMETRIC_REPRESENTATION_CONTEXT(2) 
PARAMETRIC_REPRESENTATION_CONTEXT() REPRESENTATION_CONTEXT('2D SPACE',''
  ) );
#1072 = PCURVE('',#1073,#1078);
#1073 = PLANE('',#1074);
#1074 = AXIS2_PLACEMENT_3D('',#1075,#1076,#1077);
#1075 = CARTESIAN_POINT('',(64.939848480983,34.1,100.20512626584));
#1076 = DIRECTION('',(0.706864473353,2.617694830787E-02,0.706864473353)
  );
#1077 = DIRECTION('',(-1.850989765927E-02,0.999657324976,
    -1.850989765927E-02));
#1078 = DEFINITIONAL_REPRESENTATION('',(#1079),#1083);
#1079 = LINE('',#1080,#1081);
#1080 = CARTESIAN_POINT('',(4.251456868086,-3.209270271438E-18));
#1081 = VECTOR('',#1082,1.);
#1082 = DIRECTION('',(9.629649721936E-35,1.));
#1083 = ( GEOMETRIC_REPRESENTATION_CONTEXT(2) 
PARAMETRIC_REPRESENTATION_CONTEXT() REPRESENTATION_CONTEXT('2D SPACE',''
  ) );
#1084 = FACE_BOUND('',#1085,.F.);
#1085 = EDGE_LOOP('',(#1086,#1117,#1145,#1174));
#1086 = ORIENTED_EDGE('',*,*,#1087,.F.);
#1087 = EDGE_CURVE('',#1088,#1090,#1092,.T.);
#1088 = VERTEX_POINT('',#1089);
#1089 = CARTESIAN_POINT('',(63.844857510814,38.35,100.46755580541));
#1090 = VERTEX_POINT('',#1091);
#1091 = CARTESIAN_POINT('',(60.095142489186,38.35,100.46755580541));
#1092 = SURFACE_CURVE('',#1093,(#1098,#1105),.PCURVE_S1.);
#1093 = CIRCLE('',#1094,2.9);
#1094 = AXIS2_PLACEMENT_3D('',#1095,#1096,#1097);
#1095 = CARTESIAN_POINT('',(61.97,38.35,102.68));
#1096 = DIRECTION('',(-0.,1.,0.));
#1097 = DIRECTION('',(1.,0.,0.));
#1098 = PCURVE('',#288,#1099);
#1099 = DEFINITIONAL_REPRESENTATION('',(#1100),#1104);
#1100 = CIRCLE('',#1101,2.9);
#1101 = AXIS2_PLACEMENT_2D('',#1102,#1103);
#1102 = CARTESIAN_POINT('',(-7.001710514846E-16,-2.567556264123));
#1103 = DIRECTION('',(-1.,6.123233995737E-17));
#1104 = ( GEOMETRIC_REPRESENTATION_CONTEXT(2) 
PARAMETRIC_REPRESENTATION_CONTEXT() REPRESENTATION_CONTEXT('2D SPACE',''
  ) );
#1105 = PCURVE('',#1106,#1111);
#1106 = CONICAL_SURFACE('',#1107,2.9,2.617993877992E-02);
#1107 = AXIS2_PLACEMENT_3D('',#1108,#1109,#1110);
#1108 = CARTESIAN_POINT('',(61.97,38.35,102.68));
#1109 = DIRECTION('',(0.,1.,0.));
#1110 = DIRECTION('',(1.,-0.,0.));
#1111 = DEFINITIONAL_REPRESENTATION('',(#1112),#1116);
#1112 = LINE('',#1113,#1114);
#1113 = CARTESIAN_POINT('',(0.,-0.));
#1114 = VECTOR('',#1115,1.);
#1115 = DIRECTION('',(1.,-0.));
#1116 = ( GEOMETRIC_REPRESENTATION_CONTEXT(2) 
PARAMETRIC_REPRESENTATION_CONTEXT() REPRESENTATION_CONTEXT('2D SPACE',''
  ) );
#1117 = ORIENTED_EDGE('',*,*,#1118,.F.);
#1118 = EDGE_CURVE('',#1119,#1088,#1121,.T.);
#1119 = VERTEX_POINT('',#1120);
#1120 = CARTESIAN_POINT('',(63.250243482493,38.35,101.06216983373));
#1121 = SURFACE_CURVE('',#1122,(#1126,#1133),.PCURVE_S1.);
#1122 = LINE('',#1123,#1124);
#1123 = CARTESIAN_POINT('',(61.801206658116,38.35,102.51120665811));
#1124 = VECTOR('',#1125,1.);
#1125 = DIRECTION('',(0.707106781187,0.,-0.707106781187));
#1126 = PCURVE('',#288,#1127);
#1127 = DEFINITIONAL_REPRESENTATION('',(#1128),#1132);
#1128 = LINE('',#1129,#1130);
#1129 = CARTESIAN_POINT('',(0.168793341884,-2.736349606008));
#1130 = VECTOR('',#1131,1.);
#1131 = DIRECTION('',(-0.707106781187,-0.707106781187));
#1132 = ( GEOMETRIC_REPRESENTATION_CONTEXT(2) 
PARAMETRIC_REPRESENTATION_CONTEXT() REPRESENTATION_CONTEXT('2D SPACE',''
  ) );
#1133 = PCURVE('',#1134,#1139);
#1134 = PLANE('',#1135);
#1135 = AXIS2_PLACEMENT_3D('',#1136,#1137,#1138);
#1136 = CARTESIAN_POINT('',(61.722512626585,34.1,102.43251262658));
#1137 = DIRECTION('',(-0.706864473353,2.617694830787E-02,-0.706864473353
    ));
#1138 = DIRECTION('',(1.850989765927E-02,0.999657324976,
    1.850989765927E-02));
#1139 = DEFINITIONAL_REPRESENTATION('',(#1140),#1144);
#1140 = LINE('',#1141,#1142);
#1141 = CARTESIAN_POINT('',(4.251456868086,0.));
#1142 = VECTOR('',#1143,1.);
#1143 = DIRECTION('',(0.,1.));
#1144 = ( GEOMETRIC_REPRESENTATION_CONTEXT(2) 
PARAMETRIC_REPRESENTATION_CONTEXT() REPRESENTATION_CONTEXT('2D SPACE',''
  ) );
#1145 = ORIENTED_EDGE('',*,*,#1146,.T.);
#1146 = EDGE_CURVE('',#1119,#1147,#1149,.T.);
#1147 = VERTEX_POINT('',#1148);
#1148 = CARTESIAN_POINT('',(60.689756517507,38.35,101.06216983373));
#1149 = SURFACE_CURVE('',#1150,(#1155,#1162),.PCURVE_S1.);
#1150 = CIRCLE('',#1151,2.063103928872);
#1151 = AXIS2_PLACEMENT_3D('',#1152,#1153,#1154);
#1152 = CARTESIAN_POINT('',(61.97,38.35,102.68));
#1153 = DIRECTION('',(-0.,1.,0.));
#1154 = DIRECTION('',(1.,0.,0.));
#1155 = PCURVE('',#288,#1156);
#1156 = DEFINITIONAL_REPRESENTATION('',(#1157),#1161);
#1157 = CIRCLE('',#1158,2.063103928872);
#1158 = AXIS2_PLACEMENT_2D('',#1159,#1160);
#1159 = CARTESIAN_POINT('',(-7.001710514846E-16,-2.567556264123));
#1160 = DIRECTION('',(-1.,6.123233995737E-17));
#1161 = ( GEOMETRIC_REPRESENTATION_CONTEXT(2) 
PARAMETRIC_REPRESENTATION_CONTEXT() REPRESENTATION_CONTEXT('2D SPACE',''
  ) );
#1162 = PCURVE('',#1163,#1168);
#1163 = CONICAL_SURFACE('',#1164,2.321195486274,8.726646259972E-02);
#1164 = AXIS2_PLACEMENT_3D('',#1165,#1166,#1167);
#1165 = CARTESIAN_POINT('',(61.97,35.4,102.68));
#1166 = DIRECTION('',(-0.,-1.,-0.));
#1167 = DIRECTION('',(1.,0.,0.));
#1168 = DEFINITIONAL_REPRESENTATION('',(#1169),#1173);
#1169 = LINE('',#1170,#1171);
#1170 = CARTESIAN_POINT('',(-0.,-2.95));
#1171 = VECTOR('',#1172,1.);
#1172 = DIRECTION('',(-1.,-0.));
#1173 = ( GEOMETRIC_REPRESENTATION_CONTEXT(2) 
PARAMETRIC_REPRESENTATION_CONTEXT() REPRESENTATION_CONTEXT('2D SPACE',''
  ) );
#1174 = ORIENTED_EDGE('',*,*,#1175,.F.);
#1175 = EDGE_CURVE('',#1090,#1147,#1176,.T.);
#1176 = SURFACE_CURVE('',#1177,(#1181,#1188),.PCURVE_S1.);
#1177 = LINE('',#1178,#1179);
#1178 = CARTESIAN_POINT('',(59.416432234316,38.35,99.788845550548));
#1179 = VECTOR('',#1180,1.);
#1180 = DIRECTION('',(0.707106781187,6.980096086226E-19,0.707106781187)
  );
#1181 = PCURVE('',#288,#1182);
#1182 = DEFINITIONAL_REPRESENTATION('',(#1183),#1187);
#1183 = LINE('',#1184,#1185);
#1184 = CARTESIAN_POINT('',(2.553567765684,-5.458710713576));
#1185 = VECTOR('',#1186,1.);
#1186 = DIRECTION('',(-0.707106781187,0.707106781187));
#1187 = ( GEOMETRIC_REPRESENTATION_CONTEXT(2) 
PARAMETRIC_REPRESENTATION_CONTEXT() REPRESENTATION_CONTEXT('2D SPACE',''
  ) );
#1188 = PCURVE('',#1189,#1194);
#1189 = PLANE('',#1190);
#1190 = AXIS2_PLACEMENT_3D('',#1191,#1192,#1193);
#1191 = CARTESIAN_POINT('',(59.495126265847,34.1,99.710151519017));
#1192 = DIRECTION('',(0.706864473353,2.617694830787E-02,-0.706864473353)
  );
#1193 = DIRECTION('',(-1.850989765927E-02,0.999657324976,
    1.850989765927E-02));
#1194 = DEFINITIONAL_REPRESENTATION('',(#1195),#1199);
#1195 = LINE('',#1196,#1197);
#1196 = CARTESIAN_POINT('',(4.251456868086,-3.209270271438E-18));
#1197 = VECTOR('',#1198,1.);
#1198 = DIRECTION('',(9.629649721936E-35,1.));
#1199 = ( GEOMETRIC_REPRESENTATION_CONTEXT(2) 
PARAMETRIC_REPRESENTATION_CONTEXT() REPRESENTATION_CONTEXT('2D SPACE',''
  ) );
#1200 = FACE_BOUND('',#1201,.F.);
#1201 = EDGE_LOOP('',(#1202,#1233,#1261,#1290));
#1202 = ORIENTED_EDGE('',*,*,#1203,.F.);
#1203 = EDGE_CURVE('',#1204,#1206,#1208,.T.);
#1204 = VERTEX_POINT('',#1205);
#1205 = CARTESIAN_POINT('',(60.095142489186,38.35,104.89244419458));
#1206 = VERTEX_POINT('',#1207);
#1207 = CARTESIAN_POINT('',(63.844857510814,38.35,104.89244419458));
#1208 = SURFACE_CURVE('',#1209,(#1214,#1221),.PCURVE_S1.);
#1209 = CIRCLE('',#1210,2.9);
#1210 = AXIS2_PLACEMENT_3D('',#1211,#1212,#1213);
#1211 = CARTESIAN_POINT('',(61.97,38.35,102.68));
#1212 = DIRECTION('',(-0.,1.,0.));
#1213 = DIRECTION('',(1.,0.,0.));
#1214 = PCURVE('',#288,#1215);
#1215 = DEFINITIONAL_REPRESENTATION('',(#1216),#1220);
#1216 = CIRCLE('',#1217,2.9);
#1217 = AXIS2_PLACEMENT_2D('',#1218,#1219);
#1218 = CARTESIAN_POINT('',(-7.001710514846E-16,-2.567556264123));
#1219 = DIRECTION('',(-1.,6.123233995737E-17));
#1220 = ( GEOMETRIC_REPRESENTATION_CONTEXT(2) 
PARAMETRIC_REPRESENTATION_CONTEXT() REPRESENTATION_CONTEXT('2D SPACE',''
  ) );
#1221 = PCURVE('',#1222,#1227);
#1222 = CONICAL_SURFACE('',#1223,2.9,2.617993877992E-02);
#1223 = AXIS2_PLACEMENT_3D('',#1224,#1225,#1226);
#1224 = CARTESIAN_POINT('',(61.97,38.35,102.68));
#1225 = DIRECTION('',(0.,1.,0.));
#1226 = DIRECTION('',(1.,-0.,0.));
#1227 = DEFINITIONAL_REPRESENTATION('',(#1228),#1232);
#1228 = LINE('',#1229,#1230);
#1229 = CARTESIAN_POINT('',(0.,-0.));
#1230 = VECTOR('',#1231,1.);
#1231 = DIRECTION('',(1.,-0.));
#1232 = ( GEOMETRIC_REPRESENTATION_CONTEXT(2) 
PARAMETRIC_REPRESENTATION_CONTEXT() REPRESENTATION_CONTEXT('2D SPACE',''
  ) );
#1233 = ORIENTED_EDGE('',*,*,#1234,.F.);
#1234 = EDGE_CURVE('',#1235,#1204,#1237,.T.);
#1235 = VERTEX_POINT('',#1236);
#1236 = CARTESIAN_POINT('',(60.689756517507,38.35,104.29783016626));
#1237 = SURFACE_CURVE('',#1238,(#1242,#1249),.PCURVE_S1.);
#1238 = LINE('',#1239,#1240);
#1239 = CARTESIAN_POINT('',(62.138793341884,38.35,102.84879334188));
#1240 = VECTOR('',#1241,1.);
#1241 = DIRECTION('',(-0.707106781187,0.,0.707106781187));
#1242 = PCURVE('',#288,#1243);
#1243 = DEFINITIONAL_REPRESENTATION('',(#1244),#1248);
#1244 = LINE('',#1245,#1246);
#1245 = CARTESIAN_POINT('',(-0.168793341884,-2.398762922239));
#1246 = VECTOR('',#1247,1.);
#1247 = DIRECTION('',(0.707106781187,0.707106781187));
#1248 = ( GEOMETRIC_REPRESENTATION_CONTEXT(2) 
PARAMETRIC_REPRESENTATION_CONTEXT() REPRESENTATION_CONTEXT('2D SPACE',''
  ) );
#1249 = PCURVE('',#1250,#1255);
#1250 = PLANE('',#1251);
#1251 = AXIS2_PLACEMENT_3D('',#1252,#1253,#1254);
#1252 = CARTESIAN_POINT('',(62.217487373415,34.1,102.92748737341));
#1253 = DIRECTION('',(0.706864473353,2.617694830787E-02,0.706864473353)
  );
#1254 = DIRECTION('',(-1.850989765927E-02,0.999657324976,
    -1.850989765927E-02));
#1255 = DEFINITIONAL_REPRESENTATION('',(#1256),#1260);
#1256 = LINE('',#1257,#1258);
#1257 = CARTESIAN_POINT('',(4.251456868086,0.));
#1258 = VECTOR('',#1259,1.);
#1259 = DIRECTION('',(0.,1.));
#1260 = ( GEOMETRIC_REPRESENTATION_CONTEXT(2) 
PARAMETRIC_REPRESENTATION_CONTEXT() REPRESENTATION_CONTEXT('2D SPACE',''
  ) );
#1261 = ORIENTED_EDGE('',*,*,#1262,.T.);
#1262 = EDGE_CURVE('',#1235,#1263,#1265,.T.);
#1263 = VERTEX_POINT('',#1264);
#1264 = CARTESIAN_POINT('',(63.250243482493,38.35,104.29783016626));
#1265 = SURFACE_CURVE('',#1266,(#1271,#1278),.PCURVE_S1.);
#1266 = CIRCLE('',#1267,2.063103928872);
#1267 = AXIS2_PLACEMENT_3D('',#1268,#1269,#1270);
#1268 = CARTESIAN_POINT('',(61.97,38.35,102.68));
#1269 = DIRECTION('',(-0.,1.,0.));
#1270 = DIRECTION('',(1.,0.,0.));
#1271 = PCURVE('',#288,#1272);
#1272 = DEFINITIONAL_REPRESENTATION('',(#1273),#1277);
#1273 = CIRCLE('',#1274,2.063103928872);
#1274 = AXIS2_PLACEMENT_2D('',#1275,#1276);
#1275 = CARTESIAN_POINT('',(-7.001710514846E-16,-2.567556264123));
#1276 = DIRECTION('',(-1.,6.123233995737E-17));
#1277 = ( GEOMETRIC_REPRESENTATION_CONTEXT(2) 
PARAMETRIC_REPRESENTATION_CONTEXT() REPRESENTATION_CONTEXT('2D SPACE',''
  ) );
#1278 = PCURVE('',#1279,#1284);
#1279 = CONICAL_SURFACE('',#1280,2.321195486274,8.726646259972E-02);
#1280 = AXIS2_PLACEMENT_3D('',#1281,#1282,#1283);
#1281 = CARTESIAN_POINT('',(61.97,35.4,102.68));
#1282 = DIRECTION('',(-0.,-1.,-0.));
#1283 = DIRECTION('',(1.,0.,0.));
#1284 = DEFINITIONAL_REPRESENTATION('',(#1285),#1289);
#1285 = LINE('',#1286,#1287);
#1286 = CARTESIAN_POINT('',(-0.,-2.95));
#1287 = VECTOR('',#1288,1.);
#1288 = DIRECTION('',(-1.,-0.));
#1289 = ( GEOMETRIC_REPRESENTATION_CONTEXT(2) 
PARAMETRIC_REPRESENTATION_CONTEXT() REPRESENTATION_CONTEXT('2D SPACE',''
  ) );
#1290 = ORIENTED_EDGE('',*,*,#1291,.F.);
#1291 = EDGE_CURVE('',#1206,#1263,#1292,.T.);
#1292 = SURFACE_CURVE('',#1293,(#1297,#1304),.PCURVE_S1.);
#1293 = LINE('',#1294,#1295);
#1294 = CARTESIAN_POINT('',(64.523567765684,38.35,105.57115444945));
#1295 = VECTOR('',#1296,1.);
#1296 = DIRECTION('',(-0.707106781187,6.980096086226E-19,-0.707106781187
    ));
#1297 = PCURVE('',#288,#1298);
#1298 = DEFINITIONAL_REPRESENTATION('',(#1299),#1303);
#1299 = LINE('',#1300,#1301);
#1300 = CARTESIAN_POINT('',(-2.553567765684,0.323598185329));
#1301 = VECTOR('',#1302,1.);
#1302 = DIRECTION('',(0.707106781187,-0.707106781187));
#1303 = ( GEOMETRIC_REPRESENTATION_CONTEXT(2) 
PARAMETRIC_REPRESENTATION_CONTEXT() REPRESENTATION_CONTEXT('2D SPACE',''
  ) );
#1304 = PCURVE('',#1305,#1310);
#1305 = PLANE('',#1306);
#1306 = AXIS2_PLACEMENT_3D('',#1307,#1308,#1309);
#1307 = CARTESIAN_POINT('',(64.444873734153,34.1,105.64984848098));
#1308 = DIRECTION('',(-0.706864473353,2.617694830787E-02,0.706864473353)
  );
#1309 = DIRECTION('',(1.850989765927E-02,0.999657324976,
    -1.850989765927E-02));
#1310 = DEFINITIONAL_REPRESENTATION('',(#1311),#1315);
#1311 = LINE('',#1312,#1313);
#1312 = CARTESIAN_POINT('',(4.251456868086,-3.209270271438E-18));
#1313 = VECTOR('',#1314,1.);
#1314 = DIRECTION('',(9.629649721936E-35,1.));
#1315 = ( GEOMETRIC_REPRESENTATION_CONTEXT(2) 
PARAMETRIC_REPRESENTATION_CONTEXT() REPRESENTATION_CONTEXT('2D SPACE',''
  ) );
#1316 = FACE_BOUND('',#1317,.F.);
#1317 = EDGE_LOOP('',(#1318,#1349,#1377,#1406));
#1318 = ORIENTED_EDGE('',*,*,#1319,.F.);
#1319 = EDGE_CURVE('',#1320,#1322,#1324,.T.);
#1320 = VERTEX_POINT('',#1321);
#1321 = CARTESIAN_POINT('',(59.757555805417,38.35,100.80514248918));
#1322 = VERTEX_POINT('',#1323);
#1323 = CARTESIAN_POINT('',(59.757555805417,38.35,104.55485751081));
#1324 = SURFACE_CURVE('',#1325,(#1330,#1337),.PCURVE_S1.);
#1325 = CIRCLE('',#1326,2.9);
#1326 = AXIS2_PLACEMENT_3D('',#1327,#1328,#1329);
#1327 = CARTESIAN_POINT('',(61.97,38.35,102.68));
#1328 = DIRECTION('',(-0.,1.,0.));
#1329 = DIRECTION('',(1.,0.,0.));
#1330 = PCURVE('',#288,#1331);
#1331 = DEFINITIONAL_REPRESENTATION('',(#1332),#1336);
#1332 = CIRCLE('',#1333,2.9);
#1333 = AXIS2_PLACEMENT_2D('',#1334,#1335);
#1334 = CARTESIAN_POINT('',(-7.001710514846E-16,-2.567556264123));
#1335 = DIRECTION('',(-1.,6.123233995737E-17));
#1336 = ( GEOMETRIC_REPRESENTATION_CONTEXT(2) 
PARAMETRIC_REPRESENTATION_CONTEXT() REPRESENTATION_CONTEXT('2D SPACE',''
  ) );
#1337 = PCURVE('',#1338,#1343);
#1338 = CONICAL_SURFACE('',#1339,2.9,2.617993877992E-02);
#1339 = AXIS2_PLACEMENT_3D('',#1340,#1341,#1342);
#1340 = CARTESIAN_POINT('',(61.97,38.35,102.68));
#1341 = DIRECTION('',(0.,1.,0.));
#1342 = DIRECTION('',(1.,-0.,0.));
#1343 = DEFINITIONAL_REPRESENTATION('',(#1344),#1348);
#1344 = LINE('',#1345,#1346);
#1345 = CARTESIAN_POINT('',(0.,-0.));
#1346 = VECTOR('',#1347,1.);
#1347 = DIRECTION('',(1.,-0.));
#1348 = ( GEOMETRIC_REPRESENTATION_CONTEXT(2) 
PARAMETRIC_REPRESENTATION_CONTEXT() REPRESENTATION_CONTEXT('2D SPACE',''
  ) );
#1349 = ORIENTED_EDGE('',*,*,#1350,.F.);
#1350 = EDGE_CURVE('',#1351,#1320,#1353,.T.);
#1351 = VERTEX_POINT('',#1352);
#1352 = CARTESIAN_POINT('',(60.352169833739,38.35,101.3997565175));
#1353 = SURFACE_CURVE('',#1354,(#1358,#1365),.PCURVE_S1.);
#1354 = LINE('',#1355,#1356);
#1355 = CARTESIAN_POINT('',(61.801206658116,38.35,102.84879334188));
#1356 = VECTOR('',#1357,1.);
#1357 = DIRECTION('',(-0.707106781187,0.,-0.707106781187));
#1358 = PCURVE('',#288,#1359);
#1359 = DEFINITIONAL_REPRESENTATION('',(#1360),#1364);
#1360 = LINE('',#1361,#1362);
#1361 = CARTESIAN_POINT('',(0.168793341884,-2.398762922239));
#1362 = VECTOR('',#1363,1.);
#1363 = DIRECTION('',(0.707106781187,-0.707106781187));
#1364 = ( GEOMETRIC_REPRESENTATION_CONTEXT(2) 
PARAMETRIC_REPRESENTATION_CONTEXT() REPRESENTATION_CONTEXT('2D SPACE',''
  ) );
#1365 = PCURVE('',#1366,#1371);
#1366 = PLANE('',#1367);
#1367 = AXIS2_PLACEMENT_3D('',#1368,#1369,#1370);
#1368 = CARTESIAN_POINT('',(61.722512626585,34.1,102.92748737341));
#1369 = DIRECTION('',(-0.706864473353,2.617694830787E-02,0.706864473353)
  );
#1370 = DIRECTION('',(1.850989765927E-02,0.999657324976,
    -1.850989765927E-02));
#1371 = DEFINITIONAL_REPRESENTATION('',(#1372),#1376);
#1372 = LINE('',#1373,#1374);
#1373 = CARTESIAN_POINT('',(4.251456868086,0.));
#1374 = VECTOR('',#1375,1.);
#1375 = DIRECTION('',(0.,1.));
#1376 = ( GEOMETRIC_REPRESENTATION_CONTEXT(2) 
PARAMETRIC_REPRESENTATION_CONTEXT() REPRESENTATION_CONTEXT('2D SPACE',''
  ) );
#1377 = ORIENTED_EDGE('',*,*,#1378,.T.);
#1378 = EDGE_CURVE('',#1351,#1379,#1381,.T.);
#1379 = VERTEX_POINT('',#1380);
#1380 = CARTESIAN_POINT('',(60.352169833739,38.35,103.96024348249));
#1381 = SURFACE_CURVE('',#1382,(#1387,#1394),.PCURVE_S1.);
#1382 = CIRCLE('',#1383,2.063103928872);
#1383 = AXIS2_PLACEMENT_3D('',#1384,#1385,#1386);
#1384 = CARTESIAN_POINT('',(61.97,38.35,102.68));
#1385 = DIRECTION('',(-0.,1.,0.));
#1386 = DIRECTION('',(1.,0.,0.));
#1387 = PCURVE('',#288,#1388);
#1388 = DEFINITIONAL_REPRESENTATION('',(#1389),#1393);
#1389 = CIRCLE('',#1390,2.063103928872);
#1390 = AXIS2_PLACEMENT_2D('',#1391,#1392);
#1391 = CARTESIAN_POINT('',(-7.001710514846E-16,-2.567556264123));
#1392 = DIRECTION('',(-1.,6.123233995737E-17));
#1393 = ( GEOMETRIC_REPRESENTATION_CONTEXT(2) 
PARAMETRIC_REPRESENTATION_CONTEXT() REPRESENTATION_CONTEXT('2D SPACE',''
  ) );
#1394 = PCURVE('',#1395,#1400);
#1395 = CONICAL_SURFACE('',#1396,2.321195486274,8.726646259972E-02);
#1396 = AXIS2_PLACEMENT_3D('',#1397,#1398,#1399);
#1397 = CARTESIAN_POINT('',(61.97,35.4,102.68));
#1398 = DIRECTION('',(-0.,-1.,-0.));
#1399 = DIRECTION('',(1.,0.,0.));
#1400 = DEFINITIONAL_REPRESENTATION('',(#1401),#1405);
#1401 = LINE('',#1402,#1403);
#1402 = CARTESIAN_POINT('',(-0.,-2.95));
#1403 = VECTOR('',#1404,1.);
#1404 = DIRECTION('',(-1.,-0.));
#1405 = ( GEOMETRIC_REPRESENTATION_CONTEXT(2) 
PARAMETRIC_REPRESENTATION_CONTEXT() REPRESENTATION_CONTEXT('2D SPACE',''
  ) );
#1406 = ORIENTED_EDGE('',*,*,#1407,.F.);
#1407 = EDGE_CURVE('',#1322,#1379,#1408,.T.);
#1408 = SURFACE_CURVE('',#1409,(#1413,#1420),.PCURVE_S1.);
#1409 = LINE('',#1410,#1411);
#1410 = CARTESIAN_POINT('',(59.078845550548,38.35,105.23356776568));
#1411 = VECTOR('',#1412,1.);
#1412 = DIRECTION('',(0.707106781187,6.980096086226E-19,-0.707106781187)
  );
#1413 = PCURVE('',#288,#1414);
#1414 = DEFINITIONAL_REPRESENTATION('',(#1415),#1419);
#1415 = LINE('',#1416,#1417);
#1416 = CARTESIAN_POINT('',(2.891154449452,-1.398849843942E-02));
#1417 = VECTOR('',#1418,1.);
#1418 = DIRECTION('',(-0.707106781187,-0.707106781187));
#1419 = ( GEOMETRIC_REPRESENTATION_CONTEXT(2) 
PARAMETRIC_REPRESENTATION_CONTEXT() REPRESENTATION_CONTEXT('2D SPACE',''
  ) );
#1420 = PCURVE('',#1421,#1426);
#1421 = PLANE('',#1422);
#1422 = AXIS2_PLACEMENT_3D('',#1423,#1424,#1425);
#1423 = CARTESIAN_POINT('',(59.000151519016,34.1,105.15487373415));
#1424 = DIRECTION('',(-0.706864473353,2.617694830787E-02,-0.706864473353
    ));
#1425 = DIRECTION('',(1.850989765927E-02,0.999657324976,
    1.850989765927E-02));
#1426 = DEFINITIONAL_REPRESENTATION('',(#1427),#1431);
#1427 = LINE('',#1428,#1429);
#1428 = CARTESIAN_POINT('',(4.251456868086,-3.209270271438E-18));
#1429 = VECTOR('',#1430,1.);
#1430 = DIRECTION('',(9.629649721936E-35,1.));
#1431 = ( GEOMETRIC_REPRESENTATION_CONTEXT(2) 
PARAMETRIC_REPRESENTATION_CONTEXT() REPRESENTATION_CONTEXT('2D SPACE',''
  ) );
#1432 = ADVANCED_FACE('',(#1433),#262,.T.);
#1433 = FACE_BOUND('',#1434,.F.);
#1434 = EDGE_LOOP('',(#1435,#1436,#1437,#1457));
#1435 = ORIENTED_EDGE('',*,*,#246,.T.);
#1436 = ORIENTED_EDGE('',*,*,#779,.T.);
#1437 = ORIENTED_EDGE('',*,*,#1438,.F.);
#1438 = EDGE_CURVE('',#384,#751,#1439,.T.);
#1439 = SURFACE_CURVE('',#1440,(#1445,#1451),.PCURVE_S1.);
#1440 = CIRCLE('',#1441,0.3);
#1441 = AXIS2_PLACEMENT_3D('',#1442,#1443,#1444);
#1442 = CARTESIAN_POINT('',(60.74,38.65,110.61418560931));
#1443 = DIRECTION('',(1.,-1.925929944387E-34,-6.123233995737E-17));
#1444 = DIRECTION('',(6.121135716378E-17,2.617694830787E-02,
    0.999657324976));
#1445 = PCURVE('',#262,#1446);
#1446 = DEFINITIONAL_REPRESENTATION('',(#1447),#1450);
#1447 = B_SPLINE_CURVE_WITH_KNOTS('',1,(#1448,#1449),.UNSPECIFIED.,.F.,
  .F.,(2,2),(0.,1.596976265575),.PIECEWISE_BEZIER_KNOTS.);
#1448 = CARTESIAN_POINT('',(0.,2.46));
#1449 = CARTESIAN_POINT('',(-1.596976265575,2.46));
#1450 = ( GEOMETRIC_REPRESENTATION_CONTEXT(2) 
PARAMETRIC_REPRESENTATION_CONTEXT() REPRESENTATION_CONTEXT('2D SPACE',''
  ) );
#1451 = PCURVE('',#767,#1452);
#1452 = DEFINITIONAL_REPRESENTATION('',(#1453),#1456);
#1453 = B_SPLINE_CURVE_WITH_KNOTS('',1,(#1454,#1455),.UNSPECIFIED.,.F.,
  .F.,(2,2),(0.,1.596976265575),.PIECEWISE_BEZIER_KNOTS.);
#1454 = CARTESIAN_POINT('',(0.,3.11541271481));
#1455 = CARTESIAN_POINT('',(0.,4.712388980385));
#1456 = ( GEOMETRIC_REPRESENTATION_CONTEXT(2) 
PARAMETRIC_REPRESENTATION_CONTEXT() REPRESENTATION_CONTEXT('2D SPACE',''
  ) );
#1457 = ORIENTED_EDGE('',*,*,#411,.F.);
#1458 = ADVANCED_FACE('',(#1459,#1624,#2354,#3084,#4334,#4648,#4832,
    #4995,#5725),#342,.T.);
#1459 = FACE_BOUND('',#1460,.T.);
#1460 = EDGE_LOOP('',(#1461,#1491,#1520,#1548));
#1461 = ORIENTED_EDGE('',*,*,#1462,.T.);
#1462 = EDGE_CURVE('',#1463,#1465,#1467,.T.);
#1463 = VERTEX_POINT('',#1464);
#1464 = CARTESIAN_POINT('',(54.967322290551,39.85,105.26822921137));
#1465 = VERTEX_POINT('',#1466);
#1466 = CARTESIAN_POINT('',(61.197087250691,39.85,117.42604680095));
#1467 = SURFACE_CURVE('',#1468,(#1472,#1479),.PCURVE_S1.);
#1468 = LINE('',#1469,#1470);
#1469 = CARTESIAN_POINT('',(54.967322290551,39.85,105.26822921137));
#1470 = VECTOR('',#1471,1.);
#1471 = DIRECTION('',(0.456026058632,-6.938893903907E-18,0.889966422877)
  );
#1472 = PCURVE('',#342,#1473);
#1473 = DEFINITIONAL_REPRESENTATION('',(#1474),#1478);
#1474 = LINE('',#1475,#1476);
#1475 = CARTESIAN_POINT('',(2.588229211374,-7.002677709449));
#1476 = VECTOR('',#1477,1.);
#1477 = DIRECTION('',(0.889966422877,0.456026058632));
#1478 = ( GEOMETRIC_REPRESENTATION_CONTEXT(2) 
PARAMETRIC_REPRESENTATION_CONTEXT() REPRESENTATION_CONTEXT('2D SPACE',''
  ) );
#1479 = PCURVE('',#1480,#1485);
#1480 = CYLINDRICAL_SURFACE('',#1481,0.3);
#1481 = AXIS2_PLACEMENT_3D('',#1482,#1483,#1484);
#1482 = CARTESIAN_POINT('',(54.967322290551,39.55,105.26822921137));
#1483 = DIRECTION('',(0.456026058632,-6.938893903907E-18,0.889966422877)
  );
#1484 = DIRECTION('',(-0.889661453611,2.617694830787E-02,0.455869789891)
  );
#1485 = DEFINITIONAL_REPRESENTATION('',(#1486),#1490);
#1486 = LINE('',#1487,#1488);
#1487 = CARTESIAN_POINT('',(-1.544616388015,0.));
#1488 = VECTOR('',#1489,1.);
#1489 = DIRECTION('',(-0.,1.));
#1490 = ( GEOMETRIC_REPRESENTATION_CONTEXT(2) 
PARAMETRIC_REPRESENTATION_CONTEXT() REPRESENTATION_CONTEXT('2D SPACE',''
  ) );
#1491 = ORIENTED_EDGE('',*,*,#1492,.T.);
#1492 = EDGE_CURVE('',#1465,#1493,#1495,.T.);
#1493 = VERTEX_POINT('',#1494);
#1494 = CARTESIAN_POINT('',(62.742912749309,39.85,117.42604680095));
#1495 = SURFACE_CURVE('',#1496,(#1501,#1508),.PCURVE_S1.);
#1496 = CIRCLE('',#1497,0.86847405637);
#1497 = AXIS2_PLACEMENT_3D('',#1498,#1499,#1500);
#1498 = CARTESIAN_POINT('',(61.97,39.85,117.03));
#1499 = DIRECTION('',(0.,1.,-0.));
#1500 = DIRECTION('',(-0.889966422877,0.,0.456026058632));
#1501 = PCURVE('',#342,#1502);
#1502 = DEFINITIONAL_REPRESENTATION('',(#1503),#1507);
#1503 = CIRCLE('',#1504,0.86847405637);
#1504 = AXIS2_PLACEMENT_2D('',#1505,#1506);
#1505 = CARTESIAN_POINT('',(14.35,8.786840783882E-16));
#1506 = DIRECTION('',(0.456026058632,-0.889966422877));
#1507 = ( GEOMETRIC_REPRESENTATION_CONTEXT(2) 
PARAMETRIC_REPRESENTATION_CONTEXT() REPRESENTATION_CONTEXT('2D SPACE',''
  ) );
#1508 = PCURVE('',#1509,#1514);
#1509 = TOROIDAL_SURFACE('',#1510,0.86847405637,0.3);
#1510 = AXIS2_PLACEMENT_3D('',#1511,#1512,#1513);
#1511 = CARTESIAN_POINT('',(61.97,39.55,117.03));
#1512 = DIRECTION('',(0.,1.,0.));
#1513 = DIRECTION('',(-0.889966422877,0.,0.456026058632));
#1514 = DEFINITIONAL_REPRESENTATION('',(#1515),#1519);
#1515 = LINE('',#1516,#1517);
#1516 = CARTESIAN_POINT('',(0.,1.570796326795));
#1517 = VECTOR('',#1518,1.);
#1518 = DIRECTION('',(1.,0.));
#1519 = ( GEOMETRIC_REPRESENTATION_CONTEXT(2) 
PARAMETRIC_REPRESENTATION_CONTEXT() REPRESENTATION_CONTEXT('2D SPACE',''
  ) );
#1520 = ORIENTED_EDGE('',*,*,#1521,.T.);
#1521 = EDGE_CURVE('',#1493,#1522,#1524,.T.);
#1522 = VERTEX_POINT('',#1523);
#1523 = CARTESIAN_POINT('',(68.972677709449,39.85,105.26822921137));
#1524 = SURFACE_CURVE('',#1525,(#1529,#1536),.PCURVE_S1.);
#1525 = LINE('',#1526,#1527);
#1526 = CARTESIAN_POINT('',(62.742912749309,39.85,117.42604680095));
#1527 = VECTOR('',#1528,1.);
#1528 = DIRECTION('',(0.456026058632,1.734723475977E-18,-0.889966422877)
  );
#1529 = PCURVE('',#342,#1530);
#1530 = DEFINITIONAL_REPRESENTATION('',(#1531),#1535);
#1531 = LINE('',#1532,#1533);
#1532 = CARTESIAN_POINT('',(14.74604680095,0.772912749309));
#1533 = VECTOR('',#1534,1.);
#1534 = DIRECTION('',(-0.889966422877,0.456026058632));
#1535 = ( GEOMETRIC_REPRESENTATION_CONTEXT(2) 
PARAMETRIC_REPRESENTATION_CONTEXT() REPRESENTATION_CONTEXT('2D SPACE',''
  ) );
#1536 = PCURVE('',#1537,#1542);
#1537 = CYLINDRICAL_SURFACE('',#1538,0.3);
#1538 = AXIS2_PLACEMENT_3D('',#1539,#1540,#1541);
#1539 = CARTESIAN_POINT('',(62.742912749309,39.55,117.42604680095));
#1540 = DIRECTION('',(0.456026058632,1.734723475977E-18,-0.889966422877)
  );
#1541 = DIRECTION('',(0.889661453611,2.617694830787E-02,0.455869789891)
  );
#1542 = DEFINITIONAL_REPRESENTATION('',(#1543),#1547);
#1543 = LINE('',#1544,#1545);
#1544 = CARTESIAN_POINT('',(-1.544616388015,0.));
#1545 = VECTOR('',#1546,1.);
#1546 = DIRECTION('',(-0.,1.));
#1547 = ( GEOMETRIC_REPRESENTATION_CONTEXT(2) 
PARAMETRIC_REPRESENTATION_CONTEXT() REPRESENTATION_CONTEXT('2D SPACE',''
  ) );
#1548 = ORIENTED_EDGE('',*,*,#1549,.T.);
#1549 = EDGE_CURVE('',#1522,#1463,#1550,.T.);
#1550 = SURFACE_CURVE('',#1551,(#1564,#1580),.PCURVE_S1.);
#1551 = ( BOUNDED_CURVE() B_SPLINE_CURVE(11,(#1552,#1553,#1554,#1555,
    #1556,#1557,#1558,#1559,#1560,#1561,#1562,#1563),.UNSPECIFIED.,.F.,
.F.) B_SPLINE_CURVE_WITH_KNOTS((12,12),(63.235490723138,96.601759780413)
,.PIECEWISE_BEZIER_KNOTS.) CURVE() GEOMETRIC_REPRESENTATION_ITEM() 
RATIONAL_B_SPLINE_CURVE((1.,1.,1.,1.,1.000000000001,0.999999999999,
1.000000000001,0.999999999999,1.,1.,1.,1.)) REPRESENTATION_ITEM('') );
#1552 = CARTESIAN_POINT('',(68.972677709449,39.85,105.26822921137));
#1553 = CARTESIAN_POINT('',(70.304684478993,39.85,102.66872578936));
#1554 = CARTESIAN_POINT('',(70.578704062447,39.85,99.518583835605));
#1555 = CARTESIAN_POINT('',(69.534422185685,39.85,96.302113750522));
#1556 = CARTESIAN_POINT('',(67.171430718174,39.85,93.650400543518));
#1557 = CARTESIAN_POINT('',(63.842633368063,39.85,92.122031069985));
#1558 = CARTESIAN_POINT('',(60.09736663194,39.85,92.122031069991));
#1559 = CARTESIAN_POINT('',(56.768569281819,39.85,93.650400543515));
#1560 = CARTESIAN_POINT('',(54.40557781432,39.85,96.302113750522));
#1561 = CARTESIAN_POINT('',(53.36129593755,39.85,99.518583835605));
#1562 = CARTESIAN_POINT('',(53.635315521008,39.85,102.66872578936));
#1563 = CARTESIAN_POINT('',(54.967322290551,39.85,105.26822921137));
#1564 = PCURVE('',#342,#1565);
#1565 = DEFINITIONAL_REPRESENTATION('',(#1566),#1579);
#1566 = ( BOUNDED_CURVE() B_SPLINE_CURVE(11,(#1567,#1568,#1569,#1570,
    #1571,#1572,#1573,#1574,#1575,#1576,#1577,#1578),.UNSPECIFIED.,.F.,
.F.) B_SPLINE_CURVE_WITH_KNOTS((12,12),(63.235490723138,96.601759780413)
,.PIECEWISE_BEZIER_KNOTS.) CURVE() GEOMETRIC_REPRESENTATION_ITEM() 
RATIONAL_B_SPLINE_CURVE((1.,1.,1.,1.,1.000000000001,0.999999999999,
1.000000000001,0.999999999999,1.,1.,1.,1.)) REPRESENTATION_ITEM('') );
#1567 = CARTESIAN_POINT('',(2.588229211374,7.002677709449));
#1568 = CARTESIAN_POINT('',(-1.127421063483E-02,8.334684478993));
#1569 = CARTESIAN_POINT('',(-3.161416164395,8.608704062447));
#1570 = CARTESIAN_POINT('',(-6.377886249478,7.564422185685));
#1571 = CARTESIAN_POINT('',(-9.029599456482,5.201430718174));
#1572 = CARTESIAN_POINT('',(-10.55796893001,1.872633368063));
#1573 = CARTESIAN_POINT('',(-10.55796893,-1.87263336806));
#1574 = CARTESIAN_POINT('',(-9.029599456485,-5.201430718181));
#1575 = CARTESIAN_POINT('',(-6.377886249478,-7.56442218568));
#1576 = CARTESIAN_POINT('',(-3.161416164395,-8.60870406245));
#1577 = CARTESIAN_POINT('',(-1.127421063522E-02,-8.334684478992));
#1578 = CARTESIAN_POINT('',(2.588229211374,-7.002677709449));
#1579 = ( GEOMETRIC_REPRESENTATION_CONTEXT(2) 
PARAMETRIC_REPRESENTATION_CONTEXT() REPRESENTATION_CONTEXT('2D SPACE',''
  ) );
#1580 = PCURVE('',#1581,#1618);
#1581 = ( BOUNDED_SURFACE() B_SPLINE_SURFACE(2,11,(
    (#1582,#1583,#1584,#1585,#1586,#1587,#1588,#1589,#1590,#1591,#1592
      ,#1593)
    ,(#1594,#1595,#1596,#1597,#1598,#1599,#1600,#1601,#1602,#1603,#1604
      ,#1605)
    ,(#1606,#1607,#1608,#1609,#1610,#1611,#1612,#1613,#1614,#1615,#1616
,#1617
    )),.UNSPECIFIED.,.F.,.F.,.F.) B_SPLINE_SURFACE_WITH_KNOTS((3,3),(12,
    12),(0.,33.366269057275),(63.235490723138,96.601759780413),
.PIECEWISE_BEZIER_KNOTS.) GEOMETRIC_REPRESENTATION_ITEM() 
RATIONAL_B_SPLINE_SURFACE((
    (1.,1.,1.,1.,1.000000000001,0.999999999999,1.000000000001
      ,0.999999999999,1.,1.,1.,1.)
    ,(0.716301943425,0.716301943425,0.716301943425,0.716301943425
      ,0.716301943425,0.716301943425,0.716301943425,0.716301943425
      ,0.716301943425,0.716301943425,0.716301943425,0.716301943425)
    ,(1.,1.,1.,1.,1.000000000001,0.999999999999,1.000000000001
,0.999999999999,1.,1.,1.,1.))) REPRESENTATION_ITEM('') SURFACE() );
#1582 = CARTESIAN_POINT('',(69.239576145532,39.557853084492,
    105.40499014834));
#1583 = CARTESIAN_POINT('',(70.622350712538,39.557853084492,
    102.70640985506));
#1584 = CARTESIAN_POINT('',(70.906814214922,39.557853084492,
    99.436204120596));
#1585 = CARTESIAN_POINT('',(69.822730820609,39.557853084492,
    96.097142239769));
#1586 = CARTESIAN_POINT('',(67.369676843685,39.557853084492,
    93.344362249851));
#1587 = CARTESIAN_POINT('',(63.914006482463,39.557853084492,
    91.757740856239));
#1588 = CARTESIAN_POINT('',(60.02599351754,39.557853084492,
    91.757740856249));
#1589 = CARTESIAN_POINT('',(56.570323156308,39.557853084492,
    93.344362249845));
#1590 = CARTESIAN_POINT('',(54.117269179397,39.557853084492,
    96.09714223977));
#1591 = CARTESIAN_POINT('',(53.033185785075,39.557853084492,
    99.436204120596));
#1592 = CARTESIAN_POINT('',(53.317649287463,39.557853084492,
    102.70640985506));
#1593 = CARTESIAN_POINT('',(54.700423854468,39.557853084492,
    105.40499014834));
#1594 = CARTESIAN_POINT('',(69.232767781169,39.85,105.40150148687));
#1595 = CARTESIAN_POINT('',(70.614247302508,39.85,102.70544856487));
#1596 = CARTESIAN_POINT('',(70.898444388924,39.85,99.438305560844));
#1597 = CARTESIAN_POINT('',(69.815376299299,39.85,96.102370898094));
#1598 = CARTESIAN_POINT('',(67.364619744529,39.85,93.352169040484));
#1599 = CARTESIAN_POINT('',(63.912185811742,39.85,91.767033606499));
#1600 = CARTESIAN_POINT('',(60.02781418826,39.85,91.767033606492));
#1601 = CARTESIAN_POINT('',(56.575380255468,39.85,93.352169040489));
#1602 = CARTESIAN_POINT('',(54.124623700704,39.85,96.102370898091));
#1603 = CARTESIAN_POINT('',(53.041555611074,39.85,99.438305560846));
#1604 = CARTESIAN_POINT('',(53.325752697492,39.85,102.70544856487));
#1605 = CARTESIAN_POINT('',(54.707232218831,39.85,105.40150148687));
#1606 = CARTESIAN_POINT('',(68.972677709449,39.85,105.26822921137));
#1607 = CARTESIAN_POINT('',(70.304684478993,39.85,102.66872578936));
#1608 = CARTESIAN_POINT('',(70.578704062447,39.85,99.518583835605));
#1609 = CARTESIAN_POINT('',(69.534422185685,39.85,96.302113750522));
#1610 = CARTESIAN_POINT('',(67.171430718174,39.85,93.650400543518));
#1611 = CARTESIAN_POINT('',(63.842633368063,39.85,92.122031069985));
#1612 = CARTESIAN_POINT('',(60.09736663194,39.85,92.122031069991));
#1613 = CARTESIAN_POINT('',(56.768569281819,39.85,93.650400543515));
#1614 = CARTESIAN_POINT('',(54.40557781432,39.85,96.302113750522));
#1615 = CARTESIAN_POINT('',(53.36129593755,39.85,99.518583835605));
#1616 = CARTESIAN_POINT('',(53.635315521008,39.85,102.66872578936));
#1617 = CARTESIAN_POINT('',(54.967322290551,39.85,105.26822921137));
#1618 = DEFINITIONAL_REPRESENTATION('',(#1619),#1623);
#1619 = LINE('',#1620,#1621);
#1620 = CARTESIAN_POINT('',(33.366269057275,0.));
#1621 = VECTOR('',#1622,1.);
#1622 = DIRECTION('',(0.,1.));
#1623 = ( GEOMETRIC_REPRESENTATION_CONTEXT(2) 
PARAMETRIC_REPRESENTATION_CONTEXT() REPRESENTATION_CONTEXT('2D SPACE',''
  ) );
#1624 = FACE_BOUND('',#1625,.T.);
#1625 = EDGE_LOOP('',(#1626,#1654,#1680,#1706,#1732,#1758,#1784,#1810,
    #1836,#1862,#1888,#1914,#1940,#1966,#1992,#2018,#2044,#2070,#2096,
    #2122,#2148,#2174,#2200,#2226,#2252,#2278,#2304,#2330));
#1626 = ORIENTED_EDGE('',*,*,#1627,.T.);
#1627 = EDGE_CURVE('',#1628,#1630,#1632,.T.);
#1628 = VERTEX_POINT('',#1629);
#1629 = CARTESIAN_POINT('',(61.11566,39.85,104.99142));
#1630 = VERTEX_POINT('',#1631);
#1631 = CARTESIAN_POINT('',(60.71157,39.85,106.15222));
#1632 = SURFACE_CURVE('',#1633,(#1637,#1643),.PCURVE_S1.);
#1633 = LINE('',#1634,#1635);
#1634 = CARTESIAN_POINT('',(61.318619217196,39.85,104.40839379464));
#1635 = VECTOR('',#1636,1.);
#1636 = DIRECTION('',(-0.3287626462,0.,0.944412580636));
#1637 = PCURVE('',#342,#1638);
#1638 = DEFINITIONAL_REPRESENTATION('',(#1639),#1642);
#1639 = B_SPLINE_CURVE_WITH_KNOTS('',1,(#1640,#1641),.UNSPECIFIED.,.F.,
  .F.,(2,2),(0.617342692491,1.846466513797),.PIECEWISE_BEZIER_KNOTS.);
#1640 = CARTESIAN_POINT('',(2.31142,-0.85434));
#1641 = CARTESIAN_POINT('',(3.47222,-1.25843));
#1642 = ( GEOMETRIC_REPRESENTATION_CONTEXT(2) 
PARAMETRIC_REPRESENTATION_CONTEXT() REPRESENTATION_CONTEXT('2D SPACE',''
  ) );
#1643 = PCURVE('',#1644,#1649);
#1644 = PLANE('',#1645);
#1645 = AXIS2_PLACEMENT_3D('',#1646,#1647,#1648);
#1646 = CARTESIAN_POINT('',(60.71157,39.75,106.15222));
#1647 = DIRECTION('',(-0.944412580636,0.,-0.3287626462));
#1648 = DIRECTION('',(0.3287626462,0.,-0.944412580636));
#1649 = DEFINITIONAL_REPRESENTATION('',(#1650),#1653);
#1650 = B_SPLINE_CURVE_WITH_KNOTS('',1,(#1651,#1652),.UNSPECIFIED.,.F.,
  .F.,(2,2),(0.617342692491,1.846466513797),.PIECEWISE_BEZIER_KNOTS.);
#1651 = CARTESIAN_POINT('',(1.229123821305,-0.1));
#1652 = CARTESIAN_POINT('',(0.,-0.1));
#1653 = ( GEOMETRIC_REPRESENTATION_CONTEXT(2) 
PARAMETRIC_REPRESENTATION_CONTEXT() REPRESENTATION_CONTEXT('2D SPACE',''
  ) );
#1654 = ORIENTED_EDGE('',*,*,#1655,.T.);
#1655 = EDGE_CURVE('',#1630,#1656,#1658,.T.);
#1656 = VERTEX_POINT('',#1657);
#1657 = CARTESIAN_POINT('',(60.57369,39.85,106.11872));
#1658 = SURFACE_CURVE('',#1659,(#1663,#1669),.PCURVE_S1.);
#1659 = LINE('',#1660,#1661);
#1660 = CARTESIAN_POINT('',(60.838470375143,39.85,106.18305233657));
#1661 = VECTOR('',#1662,1.);
#1662 = DIRECTION('',(-0.971729686115,0.,-0.23609620311));
#1663 = PCURVE('',#342,#1664);
#1664 = DEFINITIONAL_REPRESENTATION('',(#1665),#1668);
#1665 = B_SPLINE_CURVE_WITH_KNOTS('',1,(#1666,#1667),.UNSPECIFIED.,.F.,
  .F.,(2,2),(0.130592259304,0.27248357123),.PIECEWISE_BEZIER_KNOTS.);
#1666 = CARTESIAN_POINT('',(3.47222,-1.25843));
#1667 = CARTESIAN_POINT('',(3.43872,-1.39631));
#1668 = ( GEOMETRIC_REPRESENTATION_CONTEXT(2) 
PARAMETRIC_REPRESENTATION_CONTEXT() REPRESENTATION_CONTEXT('2D SPACE',''
  ) );
#1669 = PCURVE('',#1670,#1675);
#1670 = PLANE('',#1671);
#1671 = AXIS2_PLACEMENT_3D('',#1672,#1673,#1674);
#1672 = CARTESIAN_POINT('',(60.57369,39.75,106.11872));
#1673 = DIRECTION('',(0.23609620311,0.,-0.971729686115));
#1674 = DIRECTION('',(0.971729686115,0.,0.23609620311));
#1675 = DEFINITIONAL_REPRESENTATION('',(#1676),#1679);
#1676 = B_SPLINE_CURVE_WITH_KNOTS('',1,(#1677,#1678),.UNSPECIFIED.,.F.,
  .F.,(2,2),(0.130592259304,0.27248357123),.PIECEWISE_BEZIER_KNOTS.);
#1677 = CARTESIAN_POINT('',(0.141891311926,-0.1));
#1678 = CARTESIAN_POINT('',(0.,-0.1));
#1679 = ( GEOMETRIC_REPRESENTATION_CONTEXT(2) 
PARAMETRIC_REPRESENTATION_CONTEXT() REPRESENTATION_CONTEXT('2D SPACE',''
  ) );
#1680 = ORIENTED_EDGE('',*,*,#1681,.T.);
#1681 = EDGE_CURVE('',#1656,#1682,#1684,.T.);
#1682 = VERTEX_POINT('',#1683);
#1683 = CARTESIAN_POINT('',(58.91851,39.85,103.96839));
#1684 = SURFACE_CURVE('',#1685,(#1689,#1695),.PCURVE_S1.);
#1685 = LINE('',#1686,#1687);
#1686 = CARTESIAN_POINT('',(59.174793631839,39.85,104.30134132979));
#1687 = VECTOR('',#1688,1.);
#1688 = DIRECTION('',(-0.609960773601,0.,-0.792431608827));
#1689 = PCURVE('',#342,#1690);
#1690 = DEFINITIONAL_REPRESENTATION('',(#1691),#1694);
#1691 = B_SPLINE_CURVE_WITH_KNOTS('',1,(#1692,#1693),.UNSPECIFIED.,.F.,
  .F.,(2,2),(-2.293420214388,0.42016412027),.PIECEWISE_BEZIER_KNOTS.);
#1692 = CARTESIAN_POINT('',(3.43872,-1.39631));
#1693 = CARTESIAN_POINT('',(1.28839,-3.05149));
#1694 = ( GEOMETRIC_REPRESENTATION_CONTEXT(2) 
PARAMETRIC_REPRESENTATION_CONTEXT() REPRESENTATION_CONTEXT('2D SPACE',''
  ) );
#1695 = PCURVE('',#1696,#1701);
#1696 = PLANE('',#1697);
#1697 = AXIS2_PLACEMENT_3D('',#1698,#1699,#1700);
#1698 = CARTESIAN_POINT('',(58.91851,39.75,103.96839));
#1699 = DIRECTION('',(0.792431608827,0.,-0.609960773601));
#1700 = DIRECTION('',(0.609960773601,0.,0.792431608827));
#1701 = DEFINITIONAL_REPRESENTATION('',(#1702),#1705);
#1702 = B_SPLINE_CURVE_WITH_KNOTS('',1,(#1703,#1704),.UNSPECIFIED.,.F.,
  .F.,(2,2),(-2.293420214388,0.42016412027),.PIECEWISE_BEZIER_KNOTS.);
#1703 = CARTESIAN_POINT('',(2.713584334658,-0.1));
#1704 = CARTESIAN_POINT('',(0.,-0.1));
#1705 = ( GEOMETRIC_REPRESENTATION_CONTEXT(2) 
PARAMETRIC_REPRESENTATION_CONTEXT() REPRESENTATION_CONTEXT('2D SPACE',''
  ) );
#1706 = ORIENTED_EDGE('',*,*,#1707,.T.);
#1707 = EDGE_CURVE('',#1682,#1708,#1710,.T.);
#1708 = VERTEX_POINT('',#1709);
#1709 = CARTESIAN_POINT('',(58.8587,39.85,103.87487));
#1710 = SURFACE_CURVE('',#1711,(#1715,#1721),.PCURVE_S1.);
#1711 = LINE('',#1712,#1713);
#1712 = CARTESIAN_POINT('',(59.039108578061,39.85,104.15696012239));
#1713 = VECTOR('',#1714,1.);
#1714 = DIRECTION('',(-0.538780150158,0.,-0.84244640767));
#1715 = PCURVE('',#342,#1716);
#1716 = DEFINITIONAL_REPRESENTATION('',(#1717),#1720);
#1717 = B_SPLINE_CURVE_WITH_KNOTS('',1,(#1718,#1719),.UNSPECIFIED.,.F.,
  .F.,(2,2),(0.2238363422,0.334846371026),.PIECEWISE_BEZIER_KNOTS.);
#1718 = CARTESIAN_POINT('',(1.28839,-3.05149));
#1719 = CARTESIAN_POINT('',(1.19487,-3.1113));
#1720 = ( GEOMETRIC_REPRESENTATION_CONTEXT(2) 
PARAMETRIC_REPRESENTATION_CONTEXT() REPRESENTATION_CONTEXT('2D SPACE',''
  ) );
#1721 = PCURVE('',#1722,#1727);
#1722 = PLANE('',#1723);
#1723 = AXIS2_PLACEMENT_3D('',#1724,#1725,#1726);
#1724 = CARTESIAN_POINT('',(58.8587,39.75,103.87487));
#1725 = DIRECTION('',(0.84244640767,0.,-0.538780150158));
#1726 = DIRECTION('',(0.538780150158,0.,0.84244640767));
#1727 = DEFINITIONAL_REPRESENTATION('',(#1728),#1731);
#1728 = B_SPLINE_CURVE_WITH_KNOTS('',1,(#1729,#1730),.UNSPECIFIED.,.F.,
  .F.,(2,2),(0.2238363422,0.334846371026),.PIECEWISE_BEZIER_KNOTS.);
#1729 = CARTESIAN_POINT('',(0.111010028826,-0.1));
#1730 = CARTESIAN_POINT('',(0.,-0.1));
#1731 = ( GEOMETRIC_REPRESENTATION_CONTEXT(2) 
PARAMETRIC_REPRESENTATION_CONTEXT() REPRESENTATION_CONTEXT('2D SPACE',''
  ) );
#1732 = ORIENTED_EDGE('',*,*,#1733,.T.);
#1733 = EDGE_CURVE('',#1708,#1734,#1736,.T.);
#1734 = VERTEX_POINT('',#1735);
#1735 = CARTESIAN_POINT('',(58.8074,39.85,103.77737));
#1736 = SURFACE_CURVE('',#1737,(#1741,#1747),.PCURVE_S1.);
#1737 = LINE('',#1738,#1739);
#1738 = CARTESIAN_POINT('',(58.924150140324,39.85,103.99926354155));
#1739 = VECTOR('',#1740,1.);
#1740 = DIRECTION('',(-0.465634201032,0.,-0.884977282663));
#1741 = PCURVE('',#342,#1742);
#1742 = DEFINITIONAL_REPRESENTATION('',(#1743),#1746);
#1743 = B_SPLINE_CURVE_WITH_KNOTS('',1,(#1744,#1745),.UNSPECIFIED.,.F.,
  .F.,(2,2),(0.140561282181,0.250733601754),.PIECEWISE_BEZIER_KNOTS.);
#1744 = CARTESIAN_POINT('',(1.19487,-3.1113));
#1745 = CARTESIAN_POINT('',(1.09737,-3.1626));
#1746 = ( GEOMETRIC_REPRESENTATION_CONTEXT(2) 
PARAMETRIC_REPRESENTATION_CONTEXT() REPRESENTATION_CONTEXT('2D SPACE',''
  ) );
#1747 = PCURVE('',#1748,#1753);
#1748 = PLANE('',#1749);
#1749 = AXIS2_PLACEMENT_3D('',#1750,#1751,#1752);
#1750 = CARTESIAN_POINT('',(58.8074,39.75,103.77737));
#1751 = DIRECTION('',(0.884977282663,0.,-0.465634201032));
#1752 = DIRECTION('',(0.465634201032,0.,0.884977282663));
#1753 = DEFINITIONAL_REPRESENTATION('',(#1754),#1757);
#1754 = B_SPLINE_CURVE_WITH_KNOTS('',1,(#1755,#1756),.UNSPECIFIED.,.F.,
  .F.,(2,2),(0.140561282181,0.250733601754),.PIECEWISE_BEZIER_KNOTS.);
#1755 = CARTESIAN_POINT('',(0.110172319573,-0.1));
#1756 = CARTESIAN_POINT('',(0.,-0.1));
#1757 = ( GEOMETRIC_REPRESENTATION_CONTEXT(2) 
PARAMETRIC_REPRESENTATION_CONTEXT() REPRESENTATION_CONTEXT('2D SPACE',''
  ) );
#1758 = ORIENTED_EDGE('',*,*,#1759,.T.);
#1759 = EDGE_CURVE('',#1734,#1760,#1762,.T.);
#1760 = VERTEX_POINT('',#1761);
#1761 = CARTESIAN_POINT('',(58.7647,39.85,103.67646));
#1762 = SURFACE_CURVE('',#1763,(#1767,#1773),.PCURVE_S1.);
#1763 = LINE('',#1764,#1765);
#1764 = CARTESIAN_POINT('',(58.82927490164,39.85,103.82906546427));
#1765 = VECTOR('',#1766,1.);
#1766 = DIRECTION('',(-0.389696557646,0.,-0.920943316909));
#1767 = PCURVE('',#342,#1768);
#1768 = DEFINITIONAL_REPRESENTATION('',(#1769),#1772);
#1769 = B_SPLINE_CURVE_WITH_KNOTS('',1,(#1770,#1771),.UNSPECIFIED.,.F.,
  .F.,(2,2),(5.613316620634E-02,0.165705599327),
  .PIECEWISE_BEZIER_KNOTS.);
#1770 = CARTESIAN_POINT('',(1.09737,-3.1626));
#1771 = CARTESIAN_POINT('',(0.99646,-3.2053));
#1772 = ( GEOMETRIC_REPRESENTATION_CONTEXT(2) 
PARAMETRIC_REPRESENTATION_CONTEXT() REPRESENTATION_CONTEXT('2D SPACE',''
  ) );
#1773 = PCURVE('',#1774,#1779);
#1774 = PLANE('',#1775);
#1775 = AXIS2_PLACEMENT_3D('',#1776,#1777,#1778);
#1776 = CARTESIAN_POINT('',(58.7647,39.75,103.67646));
#1777 = DIRECTION('',(0.920943316909,0.,-0.389696557646));
#1778 = DIRECTION('',(0.389696557646,0.,0.920943316909));
#1779 = DEFINITIONAL_REPRESENTATION('',(#1780),#1783);
#1780 = B_SPLINE_CURVE_WITH_KNOTS('',1,(#1781,#1782),.UNSPECIFIED.,.F.,
  .F.,(2,2),(5.613316620634E-02,0.165705599327),
  .PIECEWISE_BEZIER_KNOTS.);
#1781 = CARTESIAN_POINT('',(0.109572433121,-0.1));
#1782 = CARTESIAN_POINT('',(0.,-0.1));
#1783 = ( GEOMETRIC_REPRESENTATION_CONTEXT(2) 
PARAMETRIC_REPRESENTATION_CONTEXT() REPRESENTATION_CONTEXT('2D SPACE',''
  ) );
#1784 = ORIENTED_EDGE('',*,*,#1785,.T.);
#1785 = EDGE_CURVE('',#1760,#1786,#1788,.T.);
#1786 = VERTEX_POINT('',#1787);
#1787 = CARTESIAN_POINT('',(58.73071,39.85,103.57271));
#1788 = SURFACE_CURVE('',#1789,(#1793,#1799),.PCURVE_S1.);
#1789 = LINE('',#1790,#1791);
#1790 = CARTESIAN_POINT('',(58.755640339444,39.85,103.64880657891));
#1791 = VECTOR('',#1792,1.);
#1792 = DIRECTION('',(-0.311332374784,0.,-0.950301085137));
#1793 = PCURVE('',#342,#1794);
#1794 = DEFINITIONAL_REPRESENTATION('',(#1795),#1798);
#1795 = B_SPLINE_CURVE_WITH_KNOTS('',1,(#1796,#1797),.UNSPECIFIED.,.F.,
  .F.,(2,2),(-2.909964170166E-02,8.007628330015E-02),
  .PIECEWISE_BEZIER_KNOTS.);
#1796 = CARTESIAN_POINT('',(0.99646,-3.2053));
#1797 = CARTESIAN_POINT('',(0.89271,-3.23929));
#1798 = ( GEOMETRIC_REPRESENTATION_CONTEXT(2) 
PARAMETRIC_REPRESENTATION_CONTEXT() REPRESENTATION_CONTEXT('2D SPACE',''
  ) );
#1799 = PCURVE('',#1800,#1805);
#1800 = PLANE('',#1801);
#1801 = AXIS2_PLACEMENT_3D('',#1802,#1803,#1804);
#1802 = CARTESIAN_POINT('',(58.73071,39.75,103.57271));
#1803 = DIRECTION('',(0.950301085137,0.,-0.311332374784));
#1804 = DIRECTION('',(0.311332374784,0.,0.950301085137));
#1805 = DEFINITIONAL_REPRESENTATION('',(#1806),#1809);
#1806 = B_SPLINE_CURVE_WITH_KNOTS('',1,(#1807,#1808),.UNSPECIFIED.,.F.,
  .F.,(2,2),(-2.909964170166E-02,8.007628330015E-02),
  .PIECEWISE_BEZIER_KNOTS.);
#1807 = CARTESIAN_POINT('',(0.109175925002,-0.1));
#1808 = CARTESIAN_POINT('',(0.,-0.1));
#1809 = ( GEOMETRIC_REPRESENTATION_CONTEXT(2) 
PARAMETRIC_REPRESENTATION_CONTEXT() REPRESENTATION_CONTEXT('2D SPACE',''
  ) );
#1810 = ORIENTED_EDGE('',*,*,#1811,.T.);
#1811 = EDGE_CURVE('',#1786,#1812,#1814,.T.);
#1812 = VERTEX_POINT('',#1813);
#1813 = CARTESIAN_POINT('',(58.70553,39.85,103.4667));
#1814 = SURFACE_CURVE('',#1815,(#1819,#1825),.PCURVE_S1.);
#1815 = LINE('',#1816,#1817);
#1816 = CARTESIAN_POINT('',(58.704258807677,39.85,103.46134816925));
#1817 = VECTOR('',#1818,1.);
#1818 = DIRECTION('',(-0.231095235918,0.,-0.972931134221));
#1819 = PCURVE('',#342,#1820);
#1820 = DEFINITIONAL_REPRESENTATION('',(#1821),#1824);
#1821 = B_SPLINE_CURVE_WITH_KNOTS('',1,(#1822,#1823),.UNSPECIFIED.,.F.,
  .F.,(2,2),(-0.114460136826,-5.500729246938E-03),
  .PIECEWISE_BEZIER_KNOTS.);
#1822 = CARTESIAN_POINT('',(0.89271,-3.23929));
#1823 = CARTESIAN_POINT('',(0.7867,-3.26447));
#1824 = ( GEOMETRIC_REPRESENTATION_CONTEXT(2) 
PARAMETRIC_REPRESENTATION_CONTEXT() REPRESENTATION_CONTEXT('2D SPACE',''
  ) );
#1825 = PCURVE('',#1826,#1831);
#1826 = PLANE('',#1827);
#1827 = AXIS2_PLACEMENT_3D('',#1828,#1829,#1830);
#1828 = CARTESIAN_POINT('',(58.70553,39.75,103.4667));
#1829 = DIRECTION('',(0.972931134221,0.,-0.231095235918));
#1830 = DIRECTION('',(0.231095235918,0.,0.972931134221));
#1831 = DEFINITIONAL_REPRESENTATION('',(#1832),#1835);
#1832 = B_SPLINE_CURVE_WITH_KNOTS('',1,(#1833,#1834),.UNSPECIFIED.,.F.,
  .F.,(2,2),(-0.114460136826,-5.500729246938E-03),
  .PIECEWISE_BEZIER_KNOTS.);
#1833 = CARTESIAN_POINT('',(0.108959407579,-0.1));
#1834 = CARTESIAN_POINT('',(0.,-0.1));
#1835 = ( GEOMETRIC_REPRESENTATION_CONTEXT(2) 
PARAMETRIC_REPRESENTATION_CONTEXT() REPRESENTATION_CONTEXT('2D SPACE',''
  ) );
#1836 = ORIENTED_EDGE('',*,*,#1837,.T.);
#1837 = EDGE_CURVE('',#1812,#1838,#1840,.T.);
#1838 = VERTEX_POINT('',#1839);
#1839 = CARTESIAN_POINT('',(58.68925,39.85,103.35899));
#1840 = SURFACE_CURVE('',#1841,(#1845,#1851),.PCURVE_S1.);
#1841 = LINE('',#1842,#1843);
#1842 = CARTESIAN_POINT('',(58.675720422081,39.85,103.26947704928));
#1843 = VECTOR('',#1844,1.);
#1844 = DIRECTION('',(-0.149449132689,0.,-0.988769415353));
#1845 = PCURVE('',#342,#1846);
#1846 = DEFINITIONAL_REPRESENTATION('',(#1847),#1850);
#1847 = B_SPLINE_CURVE_WITH_KNOTS('',1,(#1848,#1849),.UNSPECIFIED.,.F.,
  .F.,(2,2),(-0.199463037238,-9.052965163037E-02),
  .PIECEWISE_BEZIER_KNOTS.);
#1848 = CARTESIAN_POINT('',(0.7867,-3.26447));
#1849 = CARTESIAN_POINT('',(0.67899,-3.28075));
#1850 = ( GEOMETRIC_REPRESENTATION_CONTEXT(2) 
PARAMETRIC_REPRESENTATION_CONTEXT() REPRESENTATION_CONTEXT('2D SPACE',''
  ) );
#1851 = PCURVE('',#1852,#1857);
#1852 = PLANE('',#1853);
#1853 = AXIS2_PLACEMENT_3D('',#1854,#1855,#1856);
#1854 = CARTESIAN_POINT('',(58.68925,39.75,103.35899));
#1855 = DIRECTION('',(0.988769415353,0.,-0.149449132689));
#1856 = DIRECTION('',(0.149449132689,0.,0.988769415353));
#1857 = DEFINITIONAL_REPRESENTATION('',(#1858),#1861);
#1858 = B_SPLINE_CURVE_WITH_KNOTS('',1,(#1859,#1860),.UNSPECIFIED.,.F.,
  .F.,(2,2),(-0.199463037238,-9.052965163037E-02),
  .PIECEWISE_BEZIER_KNOTS.);
#1859 = CARTESIAN_POINT('',(0.108933385608,-0.1));
#1860 = CARTESIAN_POINT('',(0.,-0.1));
#1861 = ( GEOMETRIC_REPRESENTATION_CONTEXT(2) 
PARAMETRIC_REPRESENTATION_CONTEXT() REPRESENTATION_CONTEXT('2D SPACE',''
  ) );
#1862 = ORIENTED_EDGE('',*,*,#1863,.T.);
#1863 = EDGE_CURVE('',#1838,#1864,#1866,.T.);
#1864 = VERTEX_POINT('',#1865);
#1865 = CARTESIAN_POINT('',(58.68199,39.85,103.25018));
#1866 = SURFACE_CURVE('',#1867,(#1871,#1877),.PCURVE_S1.);
#1867 = LINE('',#1868,#1869);
#1868 = CARTESIAN_POINT('',(58.670338928854,39.85,103.07555836758));
#1869 = VECTOR('',#1870,1.);
#1870 = DIRECTION('',(-6.65737866321E-02,0.,-0.997781504606));
#1871 = PCURVE('',#342,#1872);
#1872 = DEFINITIONAL_REPRESENTATION('',(#1873),#1876);
#1873 = B_SPLINE_CURVE_WITH_KNOTS('',1,(#1874,#1875),.UNSPECIFIED.,.F.,
  .F.,(2,2),(-0.284061822263,-0.175009891056),.PIECEWISE_BEZIER_KNOTS.);
#1874 = CARTESIAN_POINT('',(0.67899,-3.28075));
#1875 = CARTESIAN_POINT('',(0.57018,-3.28801));
#1876 = ( GEOMETRIC_REPRESENTATION_CONTEXT(2) 
PARAMETRIC_REPRESENTATION_CONTEXT() REPRESENTATION_CONTEXT('2D SPACE',''
  ) );
#1877 = PCURVE('',#1878,#1883);
#1878 = PLANE('',#1879);
#1879 = AXIS2_PLACEMENT_3D('',#1880,#1881,#1882);
#1880 = CARTESIAN_POINT('',(58.68199,39.75,103.25018));
#1881 = DIRECTION('',(0.997781504606,0.,-6.65737866321E-02));
#1882 = DIRECTION('',(6.65737866321E-02,0.,0.997781504606));
#1883 = DEFINITIONAL_REPRESENTATION('',(#1884),#1887);
#1884 = B_SPLINE_CURVE_WITH_KNOTS('',1,(#1885,#1886),.UNSPECIFIED.,.F.,
  .F.,(2,2),(-0.284061822263,-0.175009891056),.PIECEWISE_BEZIER_KNOTS.);
#1885 = CARTESIAN_POINT('',(0.109051931207,-0.1));
#1886 = CARTESIAN_POINT('',(0.,-0.1));
#1887 = ( GEOMETRIC_REPRESENTATION_CONTEXT(2) 
PARAMETRIC_REPRESENTATION_CONTEXT() REPRESENTATION_CONTEXT('2D SPACE',''
  ) );
#1888 = ORIENTED_EDGE('',*,*,#1889,.T.);
#1889 = EDGE_CURVE('',#1864,#1890,#1892,.T.);
#1890 = VERTEX_POINT('',#1891);
#1891 = CARTESIAN_POINT('',(58.68383,39.85,103.14082));
#1892 = SURFACE_CURVE('',#1893,(#1897,#1903),.PCURVE_S1.);
#1893 = LINE('',#1894,#1895);
#1894 = CARTESIAN_POINT('',(58.688170592042,39.85,102.8828378556));
#1895 = VECTOR('',#1896,1.);
#1896 = DIRECTION('',(1.682278361386E-02,0.,-0.999858486963));
#1897 = PCURVE('',#342,#1898);
#1898 = DEFINITIONAL_REPRESENTATION('',(#1899),#1902);
#1899 = B_SPLINE_CURVE_WITH_KNOTS('',1,(#1900,#1901),.UNSPECIFIED.,.F.,
  .F.,(2,2),(-0.367394135451,-0.258018657395),.PIECEWISE_BEZIER_KNOTS.);
#1900 = CARTESIAN_POINT('',(0.57018,-3.28801));
#1901 = CARTESIAN_POINT('',(0.46082,-3.28617));
#1902 = ( GEOMETRIC_REPRESENTATION_CONTEXT(2) 
PARAMETRIC_REPRESENTATION_CONTEXT() REPRESENTATION_CONTEXT('2D SPACE',''
  ) );
#1903 = PCURVE('',#1904,#1909);
#1904 = PLANE('',#1905);
#1905 = AXIS2_PLACEMENT_3D('',#1906,#1907,#1908);
#1906 = CARTESIAN_POINT('',(58.68383,39.75,103.14082));
#1907 = DIRECTION('',(0.999858486963,0.,1.682278361386E-02));
#1908 = DIRECTION('',(-1.682278361386E-02,0.,0.999858486963));
#1909 = DEFINITIONAL_REPRESENTATION('',(#1910),#1913);
#1910 = B_SPLINE_CURVE_WITH_KNOTS('',1,(#1911,#1912),.UNSPECIFIED.,.F.,
  .F.,(2,2),(-0.367394135451,-0.258018657395),.PIECEWISE_BEZIER_KNOTS.);
#1911 = CARTESIAN_POINT('',(0.109375478056,-0.1));
#1912 = CARTESIAN_POINT('',(0.,-0.1));
#1913 = ( GEOMETRIC_REPRESENTATION_CONTEXT(2) 
PARAMETRIC_REPRESENTATION_CONTEXT() REPRESENTATION_CONTEXT('2D SPACE',''
  ) );
#1914 = ORIENTED_EDGE('',*,*,#1915,.T.);
#1915 = EDGE_CURVE('',#1890,#1916,#1918,.T.);
#1916 = VERTEX_POINT('',#1917);
#1917 = CARTESIAN_POINT('',(58.69488,39.85,103.0315));
#1918 = SURFACE_CURVE('',#1919,(#1923,#1929),.PCURVE_S1.);
#1919 = LINE('',#1920,#1921);
#1920 = CARTESIAN_POINT('',(58.729026848998,39.85,102.69367796086));
#1921 = VECTOR('',#1922,1.);
#1922 = DIRECTION('',(0.100566956947,0.,-0.994930292619));
#1923 = PCURVE('',#342,#1924);
#1924 = DEFINITIONAL_REPRESENTATION('',(#1925),#1928);
#1925 = B_SPLINE_CURVE_WITH_KNOTS('',1,(#1926,#1927),.UNSPECIFIED.,.F.,
  .F.,(2,2),(-0.449420469409,-0.339543424946),.PIECEWISE_BEZIER_KNOTS.);
#1926 = CARTESIAN_POINT('',(0.46082,-3.28617));
#1927 = CARTESIAN_POINT('',(0.3515,-3.27512));
#1928 = ( GEOMETRIC_REPRESENTATION_CONTEXT(2) 
PARAMETRIC_REPRESENTATION_CONTEXT() REPRESENTATION_CONTEXT('2D SPACE',''
  ) );
#1929 = PCURVE('',#1930,#1935);
#1930 = PLANE('',#1931);
#1931 = AXIS2_PLACEMENT_3D('',#1932,#1933,#1934);
#1932 = CARTESIAN_POINT('',(58.69488,39.75,103.0315));
#1933 = DIRECTION('',(0.994930292619,0.,0.100566956947));
#1934 = DIRECTION('',(-0.100566956947,0.,0.994930292619));
#1935 = DEFINITIONAL_REPRESENTATION('',(#1936),#1939);
#1936 = B_SPLINE_CURVE_WITH_KNOTS('',1,(#1937,#1938),.UNSPECIFIED.,.F.,
  .F.,(2,2),(-0.449420469409,-0.339543424946),.PIECEWISE_BEZIER_KNOTS.);
#1937 = CARTESIAN_POINT('',(0.109877044463,-0.1));
#1938 = CARTESIAN_POINT('',(0.,-0.1));
#1939 = ( GEOMETRIC_REPRESENTATION_CONTEXT(2) 
PARAMETRIC_REPRESENTATION_CONTEXT() REPRESENTATION_CONTEXT('2D SPACE',''
  ) );
#1940 = ORIENTED_EDGE('',*,*,#1941,.T.);
#1941 = EDGE_CURVE('',#1916,#1942,#1944,.T.);
#1942 = VERTEX_POINT('',#1943);
#1943 = CARTESIAN_POINT('',(58.71525,39.85,102.9228));
#1944 = SURFACE_CURVE('',#1945,(#1949,#1955),.PCURVE_S1.);
#1945 = LINE('',#1946,#1947);
#1946 = CARTESIAN_POINT('',(58.79243853105,39.85,102.51090047495));
#1947 = VECTOR('',#1948,1.);
#1948 = DIRECTION('',(0.184190263835,0.,-0.982890607702));
#1949 = PCURVE('',#342,#1950);
#1950 = DEFINITIONAL_REPRESENTATION('',(#1951),#1954);
#1951 = B_SPLINE_CURVE_WITH_KNOTS('',1,(#1952,#1953),.UNSPECIFIED.,.F.,
  .F.,(2,2),(-0.529661715115,-0.419069550384),.PIECEWISE_BEZIER_KNOTS.);
#1952 = CARTESIAN_POINT('',(0.3515,-3.27512));
#1953 = CARTESIAN_POINT('',(0.2428,-3.25475));
#1954 = ( GEOMETRIC_REPRESENTATION_CONTEXT(2) 
PARAMETRIC_REPRESENTATION_CONTEXT() REPRESENTATION_CONTEXT('2D SPACE',''
  ) );
#1955 = PCURVE('',#1956,#1961);
#1956 = PLANE('',#1957);
#1957 = AXIS2_PLACEMENT_3D('',#1958,#1959,#1960);
#1958 = CARTESIAN_POINT('',(58.71525,39.75,102.9228));
#1959 = DIRECTION('',(0.982890607702,0.,0.184190263835));
#1960 = DIRECTION('',(-0.184190263835,0.,0.982890607702));
#1961 = DEFINITIONAL_REPRESENTATION('',(#1962),#1965);
#1962 = B_SPLINE_CURVE_WITH_KNOTS('',1,(#1963,#1964),.UNSPECIFIED.,.F.,
  .F.,(2,2),(-0.529661715115,-0.419069550384),.PIECEWISE_BEZIER_KNOTS.);
#1963 = CARTESIAN_POINT('',(0.110592164732,-0.1));
#1964 = CARTESIAN_POINT('',(0.,-0.1));
#1965 = ( GEOMETRIC_REPRESENTATION_CONTEXT(2) 
PARAMETRIC_REPRESENTATION_CONTEXT() REPRESENTATION_CONTEXT('2D SPACE',''
  ) );
#1966 = ORIENTED_EDGE('',*,*,#1967,.T.);
#1967 = EDGE_CURVE('',#1942,#1968,#1970,.T.);
#1968 = VERTEX_POINT('',#1969);
#1969 = CARTESIAN_POINT('',(58.74446,39.85,102.8168));
#1970 = SURFACE_CURVE('',#1971,(#1975,#1981),.PCURVE_S1.);
#1971 = LINE('',#1972,#1973);
#1972 = CARTESIAN_POINT('',(58.875803285774,39.85,102.34016911016));
#1973 = VECTOR('',#1974,1.);
#1974 = DIRECTION('',(0.265663777023,0.,-0.96406574339));
#1975 = PCURVE('',#342,#1976);
#1976 = DEFINITIONAL_REPRESENTATION('',(#1977),#1980);
#1977 = B_SPLINE_CURVE_WITH_KNOTS('',1,(#1978,#1979),.UNSPECIFIED.,.F.,
  .F.,(2,2),(-0.604347674243,-0.494396666517),.PIECEWISE_BEZIER_KNOTS.);
#1978 = CARTESIAN_POINT('',(0.2428,-3.25475));
#1979 = CARTESIAN_POINT('',(0.1368,-3.22554));
#1980 = ( GEOMETRIC_REPRESENTATION_CONTEXT(2) 
PARAMETRIC_REPRESENTATION_CONTEXT() REPRESENTATION_CONTEXT('2D SPACE',''
  ) );
#1981 = PCURVE('',#1982,#1987);
#1982 = PLANE('',#1983);
#1983 = AXIS2_PLACEMENT_3D('',#1984,#1985,#1986);
#1984 = CARTESIAN_POINT('',(58.74446,39.75,102.8168));
#1985 = DIRECTION('',(0.96406574339,0.,0.265663777023));
#1986 = DIRECTION('',(-0.265663777023,0.,0.96406574339));
#1987 = DEFINITIONAL_REPRESENTATION('',(#1988),#1991);
#1988 = B_SPLINE_CURVE_WITH_KNOTS('',1,(#1989,#1990),.UNSPECIFIED.,.F.,
  .F.,(2,2),(-0.604347674243,-0.494396666517),.PIECEWISE_BEZIER_KNOTS.);
#1989 = CARTESIAN_POINT('',(0.109951007726,-0.1));
#1990 = CARTESIAN_POINT('',(0.,-0.1));
#1991 = ( GEOMETRIC_REPRESENTATION_CONTEXT(2) 
PARAMETRIC_REPRESENTATION_CONTEXT() REPRESENTATION_CONTEXT('2D SPACE',''
  ) );
#1992 = ORIENTED_EDGE('',*,*,#1993,.T.);
#1993 = EDGE_CURVE('',#1968,#1994,#1996,.T.);
#1994 = VERTEX_POINT('',#1995);
#1995 = CARTESIAN_POINT('',(59.14857,39.85,101.65613));
#1996 = SURFACE_CURVE('',#1997,(#2001,#2007),.PCURVE_S1.);
#1997 = LINE('',#1998,#1999);
#1998 = CARTESIAN_POINT('',(59.1421213086,39.85,101.67465169619));
#1999 = VECTOR('',#2000,1.);
#2000 = DIRECTION('',(0.32881000244,0.,-0.944396093965));
#2001 = PCURVE('',#342,#2002);
#2002 = DEFINITIONAL_REPRESENTATION('',(#2003),#2006);
#2003 = B_SPLINE_CURVE_WITH_KNOTS('',1,(#2004,#2005),.UNSPECIFIED.,.F.,
  .F.,(2,2),(-1.209395412696,1.961221177162E-02),
  .PIECEWISE_BEZIER_KNOTS.);
#2004 = CARTESIAN_POINT('',(0.1368,-3.22554));
#2005 = CARTESIAN_POINT('',(-1.02387,-2.82143));
#2006 = ( GEOMETRIC_REPRESENTATION_CONTEXT(2) 
PARAMETRIC_REPRESENTATION_CONTEXT() REPRESENTATION_CONTEXT('2D SPACE',''
  ) );
#2007 = PCURVE('',#2008,#2013);
#2008 = PLANE('',#2009);
#2009 = AXIS2_PLACEMENT_3D('',#2010,#2011,#2012);
#2010 = CARTESIAN_POINT('',(59.14857,39.75,101.65613));
#2011 = DIRECTION('',(0.944396093965,0.,0.32881000244));
#2012 = DIRECTION('',(-0.32881000244,0.,0.944396093965));
#2013 = DEFINITIONAL_REPRESENTATION('',(#2014),#2017);
#2014 = B_SPLINE_CURVE_WITH_KNOTS('',1,(#2015,#2016),.UNSPECIFIED.,.F.,
  .F.,(2,2),(-1.209395412696,1.961221177162E-02),
  .PIECEWISE_BEZIER_KNOTS.);
#2015 = CARTESIAN_POINT('',(1.229007624468,-0.1));
#2016 = CARTESIAN_POINT('',(0.,-0.1));
#2017 = ( GEOMETRIC_REPRESENTATION_CONTEXT(2) 
PARAMETRIC_REPRESENTATION_CONTEXT() REPRESENTATION_CONTEXT('2D SPACE',''
  ) );
#2018 = ORIENTED_EDGE('',*,*,#2019,.T.);
#2019 = EDGE_CURVE('',#1994,#2020,#2022,.T.);
#2020 = VERTEX_POINT('',#2021);
#2021 = CARTESIAN_POINT('',(59.28645,39.85,101.68963));
#2022 = SURFACE_CURVE('',#2023,(#2027,#2033),.PCURVE_S1.);
#2023 = LINE('',#2024,#2025);
#2024 = CARTESIAN_POINT('',(60.667038739276,39.85,102.02506460085));
#2025 = VECTOR('',#2026,1.);
#2026 = DIRECTION('',(0.971729686115,-0.,0.23609620311));
#2027 = PCURVE('',#342,#2028);
#2028 = DEFINITIONAL_REPRESENTATION('',(#2029),#2032);
#2029 = B_SPLINE_CURVE_WITH_KNOTS('',1,(#2030,#2031),.UNSPECIFIED.,.F.,
  .F.,(2,2),(-1.56264520985,-1.420753897924),.PIECEWISE_BEZIER_KNOTS.);
#2030 = CARTESIAN_POINT('',(-1.02387,-2.82143));
#2031 = CARTESIAN_POINT('',(-0.99037,-2.68355));
#2032 = ( GEOMETRIC_REPRESENTATION_CONTEXT(2) 
PARAMETRIC_REPRESENTATION_CONTEXT() REPRESENTATION_CONTEXT('2D SPACE',''
  ) );
#2033 = PCURVE('',#2034,#2039);
#2034 = PLANE('',#2035);
#2035 = AXIS2_PLACEMENT_3D('',#2036,#2037,#2038);
#2036 = CARTESIAN_POINT('',(59.28645,39.75,101.68963));
#2037 = DIRECTION('',(-0.23609620311,0.,0.971729686115));
#2038 = DIRECTION('',(-0.971729686115,0.,-0.23609620311));
#2039 = DEFINITIONAL_REPRESENTATION('',(#2040),#2043);
#2040 = B_SPLINE_CURVE_WITH_KNOTS('',1,(#2041,#2042),.UNSPECIFIED.,.F.,
  .F.,(2,2),(-1.56264520985,-1.420753897924),.PIECEWISE_BEZIER_KNOTS.);
#2041 = CARTESIAN_POINT('',(0.141891311926,-0.1));
#2042 = CARTESIAN_POINT('',(0.,-0.1));
#2043 = ( GEOMETRIC_REPRESENTATION_CONTEXT(2) 
PARAMETRIC_REPRESENTATION_CONTEXT() REPRESENTATION_CONTEXT('2D SPACE',''
  ) );
#2044 = ORIENTED_EDGE('',*,*,#2045,.T.);
#2045 = EDGE_CURVE('',#2020,#2046,#2048,.T.);
#2046 = VERTEX_POINT('',#2047);
#2047 = CARTESIAN_POINT('',(60.94161,39.85,103.83987));
#2048 = SURFACE_CURVE('',#2049,(#2053,#2059),.PCURVE_S1.);
#2049 = LINE('',#2050,#2051);
#2050 = CARTESIAN_POINT('',(60.852609514018,39.85,103.72424830483));
#2051 = VECTOR('',#2052,1.);
#2052 = DIRECTION('',(0.609972176793,-0.,0.792422831283));
#2053 = PCURVE('',#342,#2054);
#2054 = DEFINITIONAL_REPRESENTATION('',(#2055),#2058);
#2055 = B_SPLINE_CURVE_WITH_KNOTS('',1,(#2056,#2057),.UNSPECIFIED.,.F.,
  .F.,(2,2),(-2.567591725664,0.145909091214),.PIECEWISE_BEZIER_KNOTS.);
#2056 = CARTESIAN_POINT('',(-0.99037,-2.68355));
#2057 = CARTESIAN_POINT('',(1.15987,-1.02839));
#2058 = ( GEOMETRIC_REPRESENTATION_CONTEXT(2) 
PARAMETRIC_REPRESENTATION_CONTEXT() REPRESENTATION_CONTEXT('2D SPACE',''
  ) );
#2059 = PCURVE('',#2060,#2065);
#2060 = PLANE('',#2061);
#2061 = AXIS2_PLACEMENT_3D('',#2062,#2063,#2064);
#2062 = CARTESIAN_POINT('',(60.94161,39.75,103.83987));
#2063 = DIRECTION('',(-0.792422831283,0.,0.609972176793));
#2064 = DIRECTION('',(-0.609972176793,0.,-0.792422831283));
#2065 = DEFINITIONAL_REPRESENTATION('',(#2066),#2069);
#2066 = B_SPLINE_CURVE_WITH_KNOTS('',1,(#2067,#2068),.UNSPECIFIED.,.F.,
  .F.,(2,2),(-2.567591725664,0.145909091214),.PIECEWISE_BEZIER_KNOTS.);
#2067 = CARTESIAN_POINT('',(2.713500816878,-0.1));
#2068 = CARTESIAN_POINT('',(0.,-0.1));
#2069 = ( GEOMETRIC_REPRESENTATION_CONTEXT(2) 
PARAMETRIC_REPRESENTATION_CONTEXT() REPRESENTATION_CONTEXT('2D SPACE',''
  ) );
#2070 = ORIENTED_EDGE('',*,*,#2071,.T.);
#2071 = EDGE_CURVE('',#2046,#2072,#2074,.T.);
#2072 = VERTEX_POINT('',#2073);
#2073 = CARTESIAN_POINT('',(61.00142,39.85,103.9334));
#2074 = SURFACE_CURVE('',#2075,(#2079,#2085),.PCURVE_S1.);
#2075 = LINE('',#2076,#2077);
#2076 = CARTESIAN_POINT('',(60.857538090475,39.85,103.70839958204));
#2077 = VECTOR('',#2078,1.);
#2078 = DIRECTION('',(0.538739265023,-0.,0.842472554047));
#2079 = PCURVE('',#342,#2080);
#2080 = DEFINITIONAL_REPRESENTATION('',(#2081),#2084);
#2081 = B_SPLINE_CURVE_WITH_KNOTS('',1,(#2082,#2083),.UNSPECIFIED.,.F.,
  .F.,(2,2),(0.156053057543,0.267071510964),.PIECEWISE_BEZIER_KNOTS.);
#2082 = CARTESIAN_POINT('',(1.15987,-1.02839));
#2083 = CARTESIAN_POINT('',(1.2534,-0.96858));
#2084 = ( GEOMETRIC_REPRESENTATION_CONTEXT(2) 
PARAMETRIC_REPRESENTATION_CONTEXT() REPRESENTATION_CONTEXT('2D SPACE',''
  ) );
#2085 = PCURVE('',#2086,#2091);
#2086 = PLANE('',#2087);
#2087 = AXIS2_PLACEMENT_3D('',#2088,#2089,#2090);
#2088 = CARTESIAN_POINT('',(61.00142,39.75,103.9334));
#2089 = DIRECTION('',(-0.842472554047,0.,0.538739265023));
#2090 = DIRECTION('',(-0.538739265023,0.,-0.842472554047));
#2091 = DEFINITIONAL_REPRESENTATION('',(#2092),#2095);
#2092 = B_SPLINE_CURVE_WITH_KNOTS('',1,(#2093,#2094),.UNSPECIFIED.,.F.,
  .F.,(2,2),(0.156053057543,0.267071510964),.PIECEWISE_BEZIER_KNOTS.);
#2093 = CARTESIAN_POINT('',(0.111018453421,-0.1));
#2094 = CARTESIAN_POINT('',(0.,-0.1));
#2095 = ( GEOMETRIC_REPRESENTATION_CONTEXT(2) 
PARAMETRIC_REPRESENTATION_CONTEXT() REPRESENTATION_CONTEXT('2D SPACE',''
  ) );
#2096 = ORIENTED_EDGE('',*,*,#2097,.T.);
#2097 = EDGE_CURVE('',#2072,#2098,#2100,.T.);
#2098 = VERTEX_POINT('',#2099);
#2099 = CARTESIAN_POINT('',(61.05272,39.85,104.03091));
#2100 = SURFACE_CURVE('',#2101,(#2105,#2111),.PCURVE_S1.);
#2101 = LINE('',#2102,#2103);
#2102 = CARTESIAN_POINT('',(60.873821736904,39.85,103.69086380829));
#2103 = VECTOR('',#2104,1.);
#2104 = DIRECTION('',(0.465596800787,-0.,0.884996959937));
#2105 = PCURVE('',#342,#2106);
#2106 = DEFINITIONAL_REPRESENTATION('',(#2107),#2110);
#2107 = B_SPLINE_CURVE_WITH_KNOTS('',1,(#2108,#2109),.UNSPECIFIED.,.F.,
  .F.,(2,2),(0.274053135417,0.384234304861),.PIECEWISE_BEZIER_KNOTS.);
#2108 = CARTESIAN_POINT('',(1.2534,-0.96858));
#2109 = CARTESIAN_POINT('',(1.35091,-0.91728));
#2110 = ( GEOMETRIC_REPRESENTATION_CONTEXT(2) 
PARAMETRIC_REPRESENTATION_CONTEXT() REPRESENTATION_CONTEXT('2D SPACE',''
  ) );
#2111 = PCURVE('',#2112,#2117);
#2112 = PLANE('',#2113);
#2113 = AXIS2_PLACEMENT_3D('',#2114,#2115,#2116);
#2114 = CARTESIAN_POINT('',(61.05272,39.75,104.03091));
#2115 = DIRECTION('',(-0.884996959937,0.,0.465596800787));
#2116 = DIRECTION('',(-0.465596800787,0.,-0.884996959937));
#2117 = DEFINITIONAL_REPRESENTATION('',(#2118),#2121);
#2118 = B_SPLINE_CURVE_WITH_KNOTS('',1,(#2119,#2120),.UNSPECIFIED.,.F.,
  .F.,(2,2),(0.274053135417,0.384234304861),.PIECEWISE_BEZIER_KNOTS.);
#2119 = CARTESIAN_POINT('',(0.110181169444,-0.1));
#2120 = CARTESIAN_POINT('',(0.,-0.1));
#2121 = ( GEOMETRIC_REPRESENTATION_CONTEXT(2) 
PARAMETRIC_REPRESENTATION_CONTEXT() REPRESENTATION_CONTEXT('2D SPACE',''
  ) );
#2122 = ORIENTED_EDGE('',*,*,#2123,.T.);
#2123 = EDGE_CURVE('',#2098,#2124,#2126,.T.);
#2124 = VERTEX_POINT('',#2125);
#2125 = CARTESIAN_POINT('',(61.09541,39.85,104.13182));
#2126 = SURFACE_CURVE('',#2127,(#2131,#2137),.PCURVE_S1.);
#2127 = LINE('',#2128,#2129);
#2128 = CARTESIAN_POINT('',(60.901314506896,39.85,103.6730199014));
#2129 = VECTOR('',#2130,1.);
#2130 = DIRECTION('',(0.389619149322,-0.,0.920976068355));
#2131 = PCURVE('',#342,#2132);
#2132 = DEFINITIONAL_REPRESENTATION('',(#2133),#2136);
#2133 = B_SPLINE_CURVE_WITH_KNOTS('',1,(#2134,#2135),.UNSPECIFIED.,.F.,
  .F.,(2,2),(0.388598695334,0.498167231877),.PIECEWISE_BEZIER_KNOTS.);
#2134 = CARTESIAN_POINT('',(1.35091,-0.91728));
#2135 = CARTESIAN_POINT('',(1.45182,-0.87459));
#2136 = ( GEOMETRIC_REPRESENTATION_CONTEXT(2) 
PARAMETRIC_REPRESENTATION_CONTEXT() REPRESENTATION_CONTEXT('2D SPACE',''
  ) );
#2137 = PCURVE('',#2138,#2143);
#2138 = PLANE('',#2139);
#2139 = AXIS2_PLACEMENT_3D('',#2140,#2141,#2142);
#2140 = CARTESIAN_POINT('',(61.09541,39.75,104.13182));
#2141 = DIRECTION('',(-0.920976068355,0.,0.389619149322));
#2142 = DIRECTION('',(-0.389619149322,0.,-0.920976068355));
#2143 = DEFINITIONAL_REPRESENTATION('',(#2144),#2147);
#2144 = B_SPLINE_CURVE_WITH_KNOTS('',1,(#2145,#2146),.UNSPECIFIED.,.F.,
  .F.,(2,2),(0.388598695334,0.498167231877),.PIECEWISE_BEZIER_KNOTS.);
#2145 = CARTESIAN_POINT('',(0.109568536542,-0.1));
#2146 = CARTESIAN_POINT('',(0.,-0.1));
#2147 = ( GEOMETRIC_REPRESENTATION_CONTEXT(2) 
PARAMETRIC_REPRESENTATION_CONTEXT() REPRESENTATION_CONTEXT('2D SPACE',''
  ) );
#2148 = ORIENTED_EDGE('',*,*,#2149,.T.);
#2149 = EDGE_CURVE('',#2124,#2150,#2152,.T.);
#2150 = VERTEX_POINT('',#2151);
#2151 = CARTESIAN_POINT('',(61.12939,39.85,104.23556));
#2152 = SURFACE_CURVE('',#2153,(#2157,#2163),.PCURVE_S1.);
#2153 = LINE('',#2154,#2155);
#2154 = CARTESIAN_POINT('',(60.940037807959,39.85,103.65747299581));
#2155 = VECTOR('',#2156,1.);
#2156 = DIRECTION('',(0.311276750006,-0.,0.950319306815));
#2157 = PCURVE('',#342,#2158);
#2158 = DEFINITIONAL_REPRESENTATION('',(#2159),#2162);
#2159 = B_SPLINE_CURVE_WITH_KNOTS('',1,(#2160,#2161),.UNSPECIFIED.,.F.,
  .F.,(2,2),(0.499144867189,0.608308176044),.PIECEWISE_BEZIER_KNOTS.);
#2160 = CARTESIAN_POINT('',(1.45182,-0.87459));
#2161 = CARTESIAN_POINT('',(1.55556,-0.84061));
#2162 = ( GEOMETRIC_REPRESENTATION_CONTEXT(2) 
PARAMETRIC_REPRESENTATION_CONTEXT() REPRESENTATION_CONTEXT('2D SPACE',''
  ) );
#2163 = PCURVE('',#2164,#2169);
#2164 = PLANE('',#2165);
#2165 = AXIS2_PLACEMENT_3D('',#2166,#2167,#2168);
#2166 = CARTESIAN_POINT('',(61.12939,39.75,104.23556));
#2167 = DIRECTION('',(-0.950319306815,0.,0.311276750006));
#2168 = DIRECTION('',(-0.311276750006,0.,-0.950319306815));
#2169 = DEFINITIONAL_REPRESENTATION('',(#2170),#2173);
#2170 = B_SPLINE_CURVE_WITH_KNOTS('',1,(#2171,#2172),.UNSPECIFIED.,.F.,
  .F.,(2,2),(0.499144867189,0.608308176044),.PIECEWISE_BEZIER_KNOTS.);
#2171 = CARTESIAN_POINT('',(0.109163308854,-0.1));
#2172 = CARTESIAN_POINT('',(0.,-0.1));
#2173 = ( GEOMETRIC_REPRESENTATION_CONTEXT(2) 
PARAMETRIC_REPRESENTATION_CONTEXT() REPRESENTATION_CONTEXT('2D SPACE',''
  ) );
#2174 = ORIENTED_EDGE('',*,*,#2175,.T.);
#2175 = EDGE_CURVE('',#2150,#2176,#2178,.T.);
#2176 = VERTEX_POINT('',#2177);
#2177 = CARTESIAN_POINT('',(61.15457,39.85,104.34157));
#2178 = SURFACE_CURVE('',#2179,(#2183,#2189),.PCURVE_S1.);
#2179 = LINE('',#2180,#2181);
#2180 = CARTESIAN_POINT('',(60.989550531163,39.85,103.64682361829));
#2181 = VECTOR('',#2182,1.);
#2182 = DIRECTION('',(0.231095235918,-0.,0.972931134221));
#2183 = PCURVE('',#342,#2184);
#2184 = DEFINITIONAL_REPRESENTATION('',(#2185),#2188);
#2185 = B_SPLINE_CURVE_WITH_KNOTS('',1,(#2186,#2187),.UNSPECIFIED.,.F.,
  .F.,(2,2),(0.605116190652,0.714075598231),.PIECEWISE_BEZIER_KNOTS.);
#2186 = CARTESIAN_POINT('',(1.55556,-0.84061));
#2187 = CARTESIAN_POINT('',(1.66157,-0.81543));
#2188 = ( GEOMETRIC_REPRESENTATION_CONTEXT(2) 
PARAMETRIC_REPRESENTATION_CONTEXT() REPRESENTATION_CONTEXT('2D SPACE',''
  ) );
#2189 = PCURVE('',#2190,#2195);
#2190 = PLANE('',#2191);
#2191 = AXIS2_PLACEMENT_3D('',#2192,#2193,#2194);
#2192 = CARTESIAN_POINT('',(61.15457,39.75,104.34157));
#2193 = DIRECTION('',(-0.972931134221,0.,0.231095235918));
#2194 = DIRECTION('',(-0.231095235918,0.,-0.972931134221));
#2195 = DEFINITIONAL_REPRESENTATION('',(#2196),#2199);
#2196 = B_SPLINE_CURVE_WITH_KNOTS('',1,(#2197,#2198),.UNSPECIFIED.,.F.,
  .F.,(2,2),(0.605116190652,0.714075598231),.PIECEWISE_BEZIER_KNOTS.);
#2197 = CARTESIAN_POINT('',(0.108959407579,-0.1));
#2198 = CARTESIAN_POINT('',(0.,-0.1));
#2199 = ( GEOMETRIC_REPRESENTATION_CONTEXT(2) 
PARAMETRIC_REPRESENTATION_CONTEXT() REPRESENTATION_CONTEXT('2D SPACE',''
  ) );
#2200 = ORIENTED_EDGE('',*,*,#2201,.T.);
#2201 = EDGE_CURVE('',#2176,#2202,#2204,.T.);
#2202 = VERTEX_POINT('',#2203);
#2203 = CARTESIAN_POINT('',(61.17084,39.85,104.44926));
#2204 = SURFACE_CURVE('',#2205,(#2209,#2215),.PCURVE_S1.);
#2205 = LINE('',#2206,#2207);
#2206 = CARTESIAN_POINT('',(61.049088267881,39.85,103.64339374112));
#2207 = VECTOR('',#2208,1.);
#2208 = DIRECTION('',(0.149386501755,-0.,0.988778879777));
#2209 = PCURVE('',#342,#2210);
#2210 = DEFINITIONAL_REPRESENTATION('',(#2211),#2214);
#2211 = B_SPLINE_CURVE_WITH_KNOTS('',1,(#2212,#2213),.UNSPECIFIED.,.F.,
  .F.,(2,2),(0.706099486099,0.815011602046),.PIECEWISE_BEZIER_KNOTS.);
#2212 = CARTESIAN_POINT('',(1.66157,-0.81543));
#2213 = CARTESIAN_POINT('',(1.76926,-0.79916));
#2214 = ( GEOMETRIC_REPRESENTATION_CONTEXT(2) 
PARAMETRIC_REPRESENTATION_CONTEXT() REPRESENTATION_CONTEXT('2D SPACE',''
  ) );
#2215 = PCURVE('',#2216,#2221);
#2216 = PLANE('',#2217);
#2217 = AXIS2_PLACEMENT_3D('',#2218,#2219,#2220);
#2218 = CARTESIAN_POINT('',(61.17084,39.75,104.44926));
#2219 = DIRECTION('',(-0.988778879777,0.,0.149386501755));
#2220 = DIRECTION('',(-0.149386501755,0.,-0.988778879777));
#2221 = DEFINITIONAL_REPRESENTATION('',(#2222),#2225);
#2222 = B_SPLINE_CURVE_WITH_KNOTS('',1,(#2223,#2224),.UNSPECIFIED.,.F.,
  .F.,(2,2),(0.706099486099,0.815011602046),.PIECEWISE_BEZIER_KNOTS.);
#2223 = CARTESIAN_POINT('',(0.108912115947,-0.1));
#2224 = CARTESIAN_POINT('',(0.,-0.1));
#2225 = ( GEOMETRIC_REPRESENTATION_CONTEXT(2) 
PARAMETRIC_REPRESENTATION_CONTEXT() REPRESENTATION_CONTEXT('2D SPACE',''
  ) );
#2226 = ORIENTED_EDGE('',*,*,#2227,.T.);
#2227 = EDGE_CURVE('',#2202,#2228,#2230,.T.);
#2228 = VERTEX_POINT('',#2229);
#2229 = CARTESIAN_POINT('',(61.1781,39.85,104.55806));
#2230 = SURFACE_CURVE('',#2231,(#2235,#2241),.PCURVE_S1.);
#2231 = LINE('',#2232,#2233);
#2232 = CARTESIAN_POINT('',(61.117473422545,39.85,103.649496415));
#2233 = VECTOR('',#2234,1.);
#2234 = DIRECTION('',(6.657987842313E-02,-0.,0.997781098132));
#2235 = PCURVE('',#342,#2236);
#2236 = DEFINITIONAL_REPRESENTATION('',(#2237),#2240);
#2237 = B_SPLINE_CURVE_WITH_KNOTS('',1,(#2238,#2239),.UNSPECIFIED.,.F.,
  .F.,(2,2),(0.801542128323,0.910584081717),.PIECEWISE_BEZIER_KNOTS.);
#2238 = CARTESIAN_POINT('',(1.76926,-0.79916));
#2239 = CARTESIAN_POINT('',(1.87806,-0.7919));
#2240 = ( GEOMETRIC_REPRESENTATION_CONTEXT(2) 
PARAMETRIC_REPRESENTATION_CONTEXT() REPRESENTATION_CONTEXT('2D SPACE',''
  ) );
#2241 = PCURVE('',#2242,#2247);
#2242 = PLANE('',#2243);
#2243 = AXIS2_PLACEMENT_3D('',#2244,#2245,#2246);
#2244 = CARTESIAN_POINT('',(61.1781,39.75,104.55806));
#2245 = DIRECTION('',(-0.997781098132,0.,6.657987842313E-02));
#2246 = DIRECTION('',(-6.657987842313E-02,0.,-0.997781098132));
#2247 = DEFINITIONAL_REPRESENTATION('',(#2248),#2251);
#2248 = B_SPLINE_CURVE_WITH_KNOTS('',1,(#2249,#2250),.UNSPECIFIED.,.F.,
  .F.,(2,2),(0.801542128323,0.910584081717),.PIECEWISE_BEZIER_KNOTS.);
#2249 = CARTESIAN_POINT('',(0.109041953394,-0.1));
#2250 = CARTESIAN_POINT('',(0.,-0.1));
#2251 = ( GEOMETRIC_REPRESENTATION_CONTEXT(2) 
PARAMETRIC_REPRESENTATION_CONTEXT() REPRESENTATION_CONTEXT('2D SPACE',''
  ) );
#2252 = ORIENTED_EDGE('',*,*,#2253,.T.);
#2253 = EDGE_CURVE('',#2228,#2254,#2256,.T.);
#2254 = VERTEX_POINT('',#2255);
#2255 = CARTESIAN_POINT('',(61.17626,39.85,104.66741));
#2256 = SURFACE_CURVE('',#2257,(#2261,#2267),.PCURVE_S1.);
#2257 = LINE('',#2258,#2259);
#2258 = CARTESIAN_POINT('',(61.193088383351,39.85,103.66731015249));
#2259 = VECTOR('',#2260,1.);
#2260 = DIRECTION('',(-1.682432161313E-02,0.,0.999858461084));
#2261 = PCURVE('',#342,#2262);
#2262 = DEFINITIONAL_REPRESENTATION('',(#2263),#2266);
#2263 = B_SPLINE_CURVE_WITH_KNOTS('',1,(#2264,#2265),.UNSPECIFIED.,.F.,
  .F.,(2,2),(0.890875941119,1.000241420591),.PIECEWISE_BEZIER_KNOTS.);
#2264 = CARTESIAN_POINT('',(1.87806,-0.7919));
#2265 = CARTESIAN_POINT('',(1.98741,-0.79374));
#2266 = ( GEOMETRIC_REPRESENTATION_CONTEXT(2) 
PARAMETRIC_REPRESENTATION_CONTEXT() REPRESENTATION_CONTEXT('2D SPACE',''
  ) );
#2267 = PCURVE('',#2268,#2273);
#2268 = PLANE('',#2269);
#2269 = AXIS2_PLACEMENT_3D('',#2270,#2271,#2272);
#2270 = CARTESIAN_POINT('',(61.17626,39.75,104.66741));
#2271 = DIRECTION('',(-0.999858461084,0.,-1.682432161313E-02));
#2272 = DIRECTION('',(1.682432161313E-02,0.,-0.999858461084));
#2273 = DEFINITIONAL_REPRESENTATION('',(#2274),#2277);
#2274 = B_SPLINE_CURVE_WITH_KNOTS('',1,(#2275,#2276),.UNSPECIFIED.,.F.,
  .F.,(2,2),(0.890875941119,1.000241420591),.PIECEWISE_BEZIER_KNOTS.);
#2275 = CARTESIAN_POINT('',(0.109365479471,-0.1));
#2276 = CARTESIAN_POINT('',(0.,-0.1));
#2277 = ( GEOMETRIC_REPRESENTATION_CONTEXT(2) 
PARAMETRIC_REPRESENTATION_CONTEXT() REPRESENTATION_CONTEXT('2D SPACE',''
  ) );
#2278 = ORIENTED_EDGE('',*,*,#2279,.T.);
#2279 = EDGE_CURVE('',#2254,#2280,#2282,.T.);
#2280 = VERTEX_POINT('',#2281);
#2281 = CARTESIAN_POINT('',(61.16521,39.85,104.77671));
#2282 = SURFACE_CURVE('',#2283,(#2287,#2293),.PCURVE_S1.);
#2283 = LINE('',#2284,#2285);
#2284 = CARTESIAN_POINT('',(61.27419536114,39.85,103.69869190293));
#2285 = VECTOR('',#2286,1.);
#2286 = DIRECTION('',(-0.100585172789,0.,0.994928451204));
#2287 = PCURVE('',#342,#2288);
#2288 = DEFINITIONAL_REPRESENTATION('',(#2289),#2292);
#2289 = B_SPLINE_CURVE_WITH_KNOTS('',1,(#2290,#2291),.UNSPECIFIED.,.F.,
  .F.,(2,2),(0.97365604119,1.083513187066),.PIECEWISE_BEZIER_KNOTS.);
#2290 = CARTESIAN_POINT('',(1.98741,-0.79374));
#2291 = CARTESIAN_POINT('',(2.09671,-0.80479));
#2292 = ( GEOMETRIC_REPRESENTATION_CONTEXT(2) 
PARAMETRIC_REPRESENTATION_CONTEXT() REPRESENTATION_CONTEXT('2D SPACE',''
  ) );
#2293 = PCURVE('',#2294,#2299);
#2294 = PLANE('',#2295);
#2295 = AXIS2_PLACEMENT_3D('',#2296,#2297,#2298);
#2296 = CARTESIAN_POINT('',(61.16521,39.75,104.77671));
#2297 = DIRECTION('',(-0.994928451204,0.,-0.100585172789));
#2298 = DIRECTION('',(0.100585172789,0.,-0.994928451204));
#2299 = DEFINITIONAL_REPRESENTATION('',(#2300),#2303);
#2300 = B_SPLINE_CURVE_WITH_KNOTS('',1,(#2301,#2302),.UNSPECIFIED.,.F.,
  .F.,(2,2),(0.97365604119,1.083513187066),.PIECEWISE_BEZIER_KNOTS.);
#2301 = CARTESIAN_POINT('',(0.109857145876,-0.1));
#2302 = CARTESIAN_POINT('',(0.,-0.1));
#2303 = ( GEOMETRIC_REPRESENTATION_CONTEXT(2) 
PARAMETRIC_REPRESENTATION_CONTEXT() REPRESENTATION_CONTEXT('2D SPACE',''
  ) );
#2304 = ORIENTED_EDGE('',*,*,#2305,.T.);
#2305 = EDGE_CURVE('',#2280,#2306,#2308,.T.);
#2306 = VERTEX_POINT('',#2307);
#2307 = CARTESIAN_POINT('',(61.14486,39.85,104.88541));
#2308 = SURFACE_CURVE('',#2309,(#2313,#2319),.PCURVE_S1.);
#2309 = LINE('',#2310,#2311);
#2310 = CARTESIAN_POINT('',(61.358280083223,39.85,103.74542164391));
#2311 = VECTOR('',#2312,1.);
#2312 = DIRECTION('',(-0.184015545815,0.,0.982923333174));
#2313 = PCURVE('',#342,#2314);
#2314 = DEFINITIONAL_REPRESENTATION('',(#2315),#2318);
#2315 = B_SPLINE_CURVE_WITH_KNOTS('',1,(#2316,#2317),.UNSPECIFIED.,.F.,
  .F.,(2,2),(1.049205285171,1.159793767845),.PIECEWISE_BEZIER_KNOTS.);
#2316 = CARTESIAN_POINT('',(2.09671,-0.80479));
#2317 = CARTESIAN_POINT('',(2.20541,-0.82514));
#2318 = ( GEOMETRIC_REPRESENTATION_CONTEXT(2) 
PARAMETRIC_REPRESENTATION_CONTEXT() REPRESENTATION_CONTEXT('2D SPACE',''
  ) );
#2319 = PCURVE('',#2320,#2325);
#2320 = PLANE('',#2321);
#2321 = AXIS2_PLACEMENT_3D('',#2322,#2323,#2324);
#2322 = CARTESIAN_POINT('',(61.14486,39.75,104.88541));
#2323 = DIRECTION('',(-0.982923333174,0.,-0.184015545815));
#2324 = DIRECTION('',(0.184015545815,0.,-0.982923333174));
#2325 = DEFINITIONAL_REPRESENTATION('',(#2326),#2329);
#2326 = B_SPLINE_CURVE_WITH_KNOTS('',1,(#2327,#2328),.UNSPECIFIED.,.F.,
  .F.,(2,2),(1.049205285171,1.159793767845),.PIECEWISE_BEZIER_KNOTS.);
#2327 = CARTESIAN_POINT('',(0.110588482673,-0.1));
#2328 = CARTESIAN_POINT('',(0.,-0.1));
#2329 = ( GEOMETRIC_REPRESENTATION_CONTEXT(2) 
PARAMETRIC_REPRESENTATION_CONTEXT() REPRESENTATION_CONTEXT('2D SPACE',''
  ) );
#2330 = ORIENTED_EDGE('',*,*,#2331,.T.);
#2331 = EDGE_CURVE('',#2306,#1628,#2332,.T.);
#2332 = SURFACE_CURVE('',#2333,(#2337,#2343),.PCURVE_S1.);
#2333 = LINE('',#2334,#2335);
#2334 = CARTESIAN_POINT('',(61.441670379457,39.85,103.80784601622));
#2335 = VECTOR('',#2336,1.);
#2336 = DIRECTION('',(-0.265555957814,0.,0.964095448215));
#2337 = PCURVE('',#342,#2338);
#2338 = DEFINITIONAL_REPRESENTATION('',(#2339),#2342);
#2339 = B_SPLINE_CURVE_WITH_KNOTS('',1,(#2340,#2341),.UNSPECIFIED.,.F.,
  .F.,(2,2),(1.117694296523,1.227652288956),.PIECEWISE_BEZIER_KNOTS.);
#2340 = CARTESIAN_POINT('',(2.20541,-0.82514));
#2341 = CARTESIAN_POINT('',(2.31142,-0.85434));
#2342 = ( GEOMETRIC_REPRESENTATION_CONTEXT(2) 
PARAMETRIC_REPRESENTATION_CONTEXT() REPRESENTATION_CONTEXT('2D SPACE',''
  ) );
#2343 = PCURVE('',#2344,#2349);
#2344 = PLANE('',#2345);
#2345 = AXIS2_PLACEMENT_3D('',#2346,#2347,#2348);
#2346 = CARTESIAN_POINT('',(61.11566,39.75,104.99142));
#2347 = DIRECTION('',(-0.964095448215,0.,-0.265555957814));
#2348 = DIRECTION('',(0.265555957814,0.,-0.964095448215));
#2349 = DEFINITIONAL_REPRESENTATION('',(#2350),#2353);
#2350 = B_SPLINE_CURVE_WITH_KNOTS('',1,(#2351,#2352),.UNSPECIFIED.,.F.,
  .F.,(2,2),(1.117694296523,1.227652288956),.PIECEWISE_BEZIER_KNOTS.);
#2351 = CARTESIAN_POINT('',(0.109957992433,-0.1));
#2352 = CARTESIAN_POINT('',(0.,-0.1));
#2353 = ( GEOMETRIC_REPRESENTATION_CONTEXT(2) 
PARAMETRIC_REPRESENTATION_CONTEXT() REPRESENTATION_CONTEXT('2D SPACE',''
  ) );
#2354 = FACE_BOUND('',#2355,.T.);
#2355 = EDGE_LOOP('',(#2356,#2384,#2410,#2436,#2462,#2488,#2514,#2540,
    #2566,#2592,#2618,#2644,#2670,#2696,#2722,#2748,#2774,#2800,#2826,
    #2852,#2878,#2904,#2930,#2956,#2982,#3008,#3034,#3060));
#2356 = ORIENTED_EDGE('',*,*,#2357,.T.);
#2357 = EDGE_CURVE('',#2358,#2360,#2362,.T.);
#2358 = VERTEX_POINT('',#2359);
#2359 = CARTESIAN_POINT('',(64.22693,39.85,105.46488));
#2360 = VERTEX_POINT('',#2361);
#2361 = CARTESIAN_POINT('',(63.84774,39.85,106.54774));
#2362 = SURFACE_CURVE('',#2363,(#2367,#2373),.PCURVE_S1.);
#2363 = LINE('',#2364,#2365);
#2364 = CARTESIAN_POINT('',(64.348412192776,39.85,105.11796102199));
#2365 = VECTOR('',#2366,1.);
#2366 = DIRECTION('',(-0.330497173512,0.,0.943806981485));
#2367 = PCURVE('',#342,#2368);
#2368 = DEFINITIONAL_REPRESENTATION('',(#2369),#2372);
#2369 = B_SPLINE_CURVE_WITH_KNOTS('',1,(#2370,#2371),.UNSPECIFIED.,.F.,
  .F.,(2,2),(0.367574074794,1.51490612599),.PIECEWISE_BEZIER_KNOTS.);
#2370 = CARTESIAN_POINT('',(2.78488,2.25693));
#2371 = CARTESIAN_POINT('',(3.86774,1.87774));
#2372 = ( GEOMETRIC_REPRESENTATION_CONTEXT(2) 
PARAMETRIC_REPRESENTATION_CONTEXT() REPRESENTATION_CONTEXT('2D SPACE',''
  ) );
#2373 = PCURVE('',#2374,#2379);
#2374 = PLANE('',#2375);
#2375 = AXIS2_PLACEMENT_3D('',#2376,#2377,#2378);
#2376 = CARTESIAN_POINT('',(63.84774,39.75,106.54774));
#2377 = DIRECTION('',(-0.943806981485,0.,-0.330497173512));
#2378 = DIRECTION('',(0.330497173512,0.,-0.943806981485));
#2379 = DEFINITIONAL_REPRESENTATION('',(#2380),#2383);
#2380 = B_SPLINE_CURVE_WITH_KNOTS('',1,(#2381,#2382),.UNSPECIFIED.,.F.,
  .F.,(2,2),(0.367574074794,1.51490612599),.PIECEWISE_BEZIER_KNOTS.);
#2381 = CARTESIAN_POINT('',(1.147332051195,-0.1));
#2382 = CARTESIAN_POINT('',(0.,-0.1));
#2383 = ( GEOMETRIC_REPRESENTATION_CONTEXT(2) 
PARAMETRIC_REPRESENTATION_CONTEXT() REPRESENTATION_CONTEXT('2D SPACE',''
  ) );
#2384 = ORIENTED_EDGE('',*,*,#2385,.T.);
#2385 = EDGE_CURVE('',#2360,#2386,#2388,.T.);
#2386 = VERTEX_POINT('',#2387);
#2387 = CARTESIAN_POINT('',(63.70983,39.85,106.51406));
#2388 = SURFACE_CURVE('',#2389,(#2393,#2399),.PCURVE_S1.);
#2389 = LINE('',#2390,#2391);
#2390 = CARTESIAN_POINT('',(62.447057569779,39.85,106.20566919839));
#2391 = VECTOR('',#2392,1.);
#2392 = DIRECTION('',(-0.971449894596,0.,-0.237244815097));
#2393 = PCURVE('',#342,#2394);
#2394 = DEFINITIONAL_REPRESENTATION('',(#2395),#2398);
#2395 = B_SPLINE_CURVE_WITH_KNOTS('',1,(#2396,#2397),.UNSPECIFIED.,.F.,
  .F.,(2,2),(-1.441847323278,-1.299884262942),.PIECEWISE_BEZIER_KNOTS.);
#2396 = CARTESIAN_POINT('',(3.86774,1.87774));
#2397 = CARTESIAN_POINT('',(3.83406,1.73983));
#2398 = ( GEOMETRIC_REPRESENTATION_CONTEXT(2) 
PARAMETRIC_REPRESENTATION_CONTEXT() REPRESENTATION_CONTEXT('2D SPACE',''
  ) );
#2399 = PCURVE('',#2400,#2405);
#2400 = PLANE('',#2401);
#2401 = AXIS2_PLACEMENT_3D('',#2402,#2403,#2404);
#2402 = CARTESIAN_POINT('',(63.70983,39.75,106.51406));
#2403 = DIRECTION('',(0.237244815097,0.,-0.971449894596));
#2404 = DIRECTION('',(0.971449894596,0.,0.237244815097));
#2405 = DEFINITIONAL_REPRESENTATION('',(#2406),#2409);
#2406 = B_SPLINE_CURVE_WITH_KNOTS('',1,(#2407,#2408),.UNSPECIFIED.,.F.,
  .F.,(2,2),(-1.441847323278,-1.299884262942),.PIECEWISE_BEZIER_KNOTS.);
#2407 = CARTESIAN_POINT('',(0.141963060336,-0.1));
#2408 = CARTESIAN_POINT('',(0.,-0.1));
#2409 = ( GEOMETRIC_REPRESENTATION_CONTEXT(2) 
PARAMETRIC_REPRESENTATION_CONTEXT() REPRESENTATION_CONTEXT('2D SPACE',''
  ) );
#2410 = ORIENTED_EDGE('',*,*,#2411,.T.);
#2411 = EDGE_CURVE('',#2386,#2412,#2414,.T.);
#2412 = VERTEX_POINT('',#2413);
#2413 = CARTESIAN_POINT('',(59.93853,39.85,101.59932));
#2414 = SURFACE_CURVE('',#2415,(#2419,#2425),.PCURVE_S1.);
#2415 = LINE('',#2416,#2417);
#2416 = CARTESIAN_POINT('',(60.575928440094,39.85,102.42997457785));
#2417 = VECTOR('',#2418,1.);
#2418 = DIRECTION('',(-0.608770304696,0.,-0.793346529658));
#2419 = PCURVE('',#342,#2420);
#2420 = DEFINITIONAL_REPRESENTATION('',(#2421),#2424);
#2421 = B_SPLINE_CURVE_WITH_KNOTS('',1,(#2422,#2423),.UNSPECIFIED.,.F.,
  .F.,(2,2),(-5.147921203996,1.047026169276),.PIECEWISE_BEZIER_KNOTS.);
#2422 = CARTESIAN_POINT('',(3.83406,1.73983));
#2423 = CARTESIAN_POINT('',(-1.08068,-2.03147));
#2424 = ( GEOMETRIC_REPRESENTATION_CONTEXT(2) 
PARAMETRIC_REPRESENTATION_CONTEXT() REPRESENTATION_CONTEXT('2D SPACE',''
  ) );
#2425 = PCURVE('',#2426,#2431);
#2426 = PLANE('',#2427);
#2427 = AXIS2_PLACEMENT_3D('',#2428,#2429,#2430);
#2428 = CARTESIAN_POINT('',(59.93853,39.75,101.59932));
#2429 = DIRECTION('',(0.793346529658,0.,-0.608770304696));
#2430 = DIRECTION('',(0.608770304696,0.,0.793346529658));
#2431 = DEFINITIONAL_REPRESENTATION('',(#2432),#2435);
#2432 = B_SPLINE_CURVE_WITH_KNOTS('',1,(#2433,#2434),.UNSPECIFIED.,.F.,
  .F.,(2,2),(-5.147921203996,1.047026169276),.PIECEWISE_BEZIER_KNOTS.);
#2433 = CARTESIAN_POINT('',(6.194947373271,-0.1));
#2434 = CARTESIAN_POINT('',(0.,-0.1));
#2435 = ( GEOMETRIC_REPRESENTATION_CONTEXT(2) 
PARAMETRIC_REPRESENTATION_CONTEXT() REPRESENTATION_CONTEXT('2D SPACE',''
  ) );
#2436 = ORIENTED_EDGE('',*,*,#2437,.T.);
#2437 = EDGE_CURVE('',#2412,#2438,#2440,.T.);
#2438 = VERTEX_POINT('',#2439);
#2439 = CARTESIAN_POINT('',(59.85017,39.85,101.46097));
#2440 = SURFACE_CURVE('',#2441,(#2445,#2451),.PCURVE_S1.);
#2441 = LINE('',#2442,#2443);
#2442 = CARTESIAN_POINT('',(60.433746973757,39.85,102.37470782615));
#2443 = VECTOR('',#2444,1.);
#2444 = DIRECTION('',(-0.538258291755,0.,-0.842779930561));
#2445 = PCURVE('',#342,#2446);
#2446 = DEFINITIONAL_REPRESENTATION('',(#2447),#2450);
#2447 = B_SPLINE_CURVE_WITH_KNOTS('',1,(#2448,#2449),.UNSPECIFIED.,.F.,
  .F.,(2,2),(0.920035940629,1.084195046682),.PIECEWISE_BEZIER_KNOTS.);
#2448 = CARTESIAN_POINT('',(-1.08068,-2.03147));
#2449 = CARTESIAN_POINT('',(-1.21903,-2.11983));
#2450 = ( GEOMETRIC_REPRESENTATION_CONTEXT(2) 
PARAMETRIC_REPRESENTATION_CONTEXT() REPRESENTATION_CONTEXT('2D SPACE',''
  ) );
#2451 = PCURVE('',#2452,#2457);
#2452 = PLANE('',#2453);
#2453 = AXIS2_PLACEMENT_3D('',#2454,#2455,#2456);
#2454 = CARTESIAN_POINT('',(59.85017,39.75,101.46097));
#2455 = DIRECTION('',(0.842779930561,0.,-0.538258291755));
#2456 = DIRECTION('',(0.538258291755,0.,0.842779930561));
#2457 = DEFINITIONAL_REPRESENTATION('',(#2458),#2461);
#2458 = B_SPLINE_CURVE_WITH_KNOTS('',1,(#2459,#2460),.UNSPECIFIED.,.F.,
  .F.,(2,2),(0.920035940629,1.084195046682),.PIECEWISE_BEZIER_KNOTS.);
#2459 = CARTESIAN_POINT('',(0.164159106053,-0.1));
#2460 = CARTESIAN_POINT('',(0.,-0.1));
#2461 = ( GEOMETRIC_REPRESENTATION_CONTEXT(2) 
PARAMETRIC_REPRESENTATION_CONTEXT() REPRESENTATION_CONTEXT('2D SPACE',''
  ) );
#2462 = ORIENTED_EDGE('',*,*,#2463,.T.);
#2463 = EDGE_CURVE('',#2438,#2464,#2466,.T.);
#2464 = VERTEX_POINT('',#2465);
#2465 = CARTESIAN_POINT('',(59.77439,39.85,101.31673));
#2466 = SURFACE_CURVE('',#2467,(#2471,#2477),.PCURVE_S1.);
#2467 = LINE('',#2468,#2469);
#2468 = CARTESIAN_POINT('',(60.292507800476,39.85,102.30291780074));
#2469 = VECTOR('',#2470,1.);
#2470 = DIRECTION('',(-0.465093689408,0.,-0.885261464242));
#2471 = PCURVE('',#342,#2472);
#2472 = DEFINITIONAL_REPRESENTATION('',(#2473),#2476);
#2473 = B_SPLINE_CURVE_WITH_KNOTS('',1,(#2474,#2475),.UNSPECIFIED.,.F.,
  .F.,(2,2),(0.951072462494,1.11400737588),.PIECEWISE_BEZIER_KNOTS.);
#2474 = CARTESIAN_POINT('',(-1.21903,-2.11983));
#2475 = CARTESIAN_POINT('',(-1.36327,-2.19561));
#2476 = ( GEOMETRIC_REPRESENTATION_CONTEXT(2) 
PARAMETRIC_REPRESENTATION_CONTEXT() REPRESENTATION_CONTEXT('2D SPACE',''
  ) );
#2477 = PCURVE('',#2478,#2483);
#2478 = PLANE('',#2479);
#2479 = AXIS2_PLACEMENT_3D('',#2480,#2481,#2482);
#2480 = CARTESIAN_POINT('',(59.77439,39.75,101.31673));
#2481 = DIRECTION('',(0.885261464242,0.,-0.465093689408));
#2482 = DIRECTION('',(0.465093689408,0.,0.885261464242));
#2483 = DEFINITIONAL_REPRESENTATION('',(#2484),#2487);
#2484 = B_SPLINE_CURVE_WITH_KNOTS('',1,(#2485,#2486),.UNSPECIFIED.,.F.,
  .F.,(2,2),(0.951072462494,1.11400737588),.PIECEWISE_BEZIER_KNOTS.);
#2485 = CARTESIAN_POINT('',(0.162934913386,-0.1));
#2486 = CARTESIAN_POINT('',(0.,-0.1));
#2487 = ( GEOMETRIC_REPRESENTATION_CONTEXT(2) 
PARAMETRIC_REPRESENTATION_CONTEXT() REPRESENTATION_CONTEXT('2D SPACE',''
  ) );
#2488 = ORIENTED_EDGE('',*,*,#2489,.T.);
#2489 = EDGE_CURVE('',#2464,#2490,#2492,.T.);
#2490 = VERTEX_POINT('',#2491);
#2491 = CARTESIAN_POINT('',(59.71131,39.85,101.16744));
#2492 = SURFACE_CURVE('',#2493,(#2497,#2503),.PCURVE_S1.);
#2493 = LINE('',#2494,#2495);
#2494 = CARTESIAN_POINT('',(60.153537601991,39.85,102.21404999843));
#2495 = VECTOR('',#2496,1.);
#2496 = DIRECTION('',(-0.389215236331,0.,-0.921146839439));
#2497 = PCURVE('',#342,#2498);
#2498 = DEFINITIONAL_REPRESENTATION('',(#2499),#2502);
#2499 = B_SPLINE_CURVE_WITH_KNOTS('',1,(#2500,#2501),.UNSPECIFIED.,.F.,
  .F.,(2,2),(0.974133504037,1.136203212805),.PIECEWISE_BEZIER_KNOTS.);
#2500 = CARTESIAN_POINT('',(-1.36327,-2.19561));
#2501 = CARTESIAN_POINT('',(-1.51256,-2.25869));
#2502 = ( GEOMETRIC_REPRESENTATION_CONTEXT(2) 
PARAMETRIC_REPRESENTATION_CONTEXT() REPRESENTATION_CONTEXT('2D SPACE',''
  ) );
#2503 = PCURVE('',#2504,#2509);
#2504 = PLANE('',#2505);
#2505 = AXIS2_PLACEMENT_3D('',#2506,#2507,#2508);
#2506 = CARTESIAN_POINT('',(59.71131,39.75,101.16744));
#2507 = DIRECTION('',(0.921146839439,0.,-0.389215236331));
#2508 = DIRECTION('',(0.389215236331,0.,0.921146839439));
#2509 = DEFINITIONAL_REPRESENTATION('',(#2510),#2513);
#2510 = B_SPLINE_CURVE_WITH_KNOTS('',1,(#2511,#2512),.UNSPECIFIED.,.F.,
  .F.,(2,2),(0.974133504037,1.136203212805),.PIECEWISE_BEZIER_KNOTS.);
#2511 = CARTESIAN_POINT('',(0.162069708768,-0.1));
#2512 = CARTESIAN_POINT('',(0.,-0.1));
#2513 = ( GEOMETRIC_REPRESENTATION_CONTEXT(2) 
PARAMETRIC_REPRESENTATION_CONTEXT() REPRESENTATION_CONTEXT('2D SPACE',''
  ) );
#2514 = ORIENTED_EDGE('',*,*,#2515,.T.);
#2515 = EDGE_CURVE('',#2490,#2516,#2518,.T.);
#2516 = VERTEX_POINT('',#2517);
#2517 = CARTESIAN_POINT('',(59.66109,39.85,101.01395));
#2518 = SURFACE_CURVE('',#2519,(#2523,#2529),.PCURVE_S1.);
#2519 = LINE('',#2520,#2521);
#2520 = CARTESIAN_POINT('',(60.01892479945,39.85,102.10761912321));
#2521 = VECTOR('',#2522,1.);
#2522 = DIRECTION('',(-0.310965841803,0.,-0.950421088377));
#2523 = PCURVE('',#342,#2524);
#2524 = DEFINITIONAL_REPRESENTATION('',(#2525),#2528);
#2525 = B_SPLINE_CURVE_WITH_KNOTS('',1,(#2526,#2527),.UNSPECIFIED.,.F.,
  .F.,(2,2),(0.989223760613,1.150720598044),.PIECEWISE_BEZIER_KNOTS.);
#2526 = CARTESIAN_POINT('',(-1.51256,-2.25869));
#2527 = CARTESIAN_POINT('',(-1.66605,-2.30891));
#2528 = ( GEOMETRIC_REPRESENTATION_CONTEXT(2) 
PARAMETRIC_REPRESENTATION_CONTEXT() REPRESENTATION_CONTEXT('2D SPACE',''
  ) );
#2529 = PCURVE('',#2530,#2535);
#2530 = PLANE('',#2531);
#2531 = AXIS2_PLACEMENT_3D('',#2532,#2533,#2534);
#2532 = CARTESIAN_POINT('',(59.66109,39.75,101.01395));
#2533 = DIRECTION('',(0.950421088377,0.,-0.310965841803));
#2534 = DIRECTION('',(0.310965841803,0.,0.950421088377));
#2535 = DEFINITIONAL_REPRESENTATION('',(#2536),#2539);
#2536 = B_SPLINE_CURVE_WITH_KNOTS('',1,(#2537,#2538),.UNSPECIFIED.,.F.,
  .F.,(2,2),(0.989223760613,1.150720598044),.PIECEWISE_BEZIER_KNOTS.);
#2537 = CARTESIAN_POINT('',(0.16149683743,-0.1));
#2538 = CARTESIAN_POINT('',(0.,-0.1));
#2539 = ( GEOMETRIC_REPRESENTATION_CONTEXT(2) 
PARAMETRIC_REPRESENTATION_CONTEXT() REPRESENTATION_CONTEXT('2D SPACE',''
  ) );
#2540 = ORIENTED_EDGE('',*,*,#2541,.T.);
#2541 = EDGE_CURVE('',#2516,#2542,#2544,.T.);
#2542 = VERTEX_POINT('',#2543);
#2543 = CARTESIAN_POINT('',(59.62388,39.85,100.85712));
#2544 = SURFACE_CURVE('',#2545,(#2549,#2555),.PCURVE_S1.);
#2545 = LINE('',#2546,#2547);
#2546 = CARTESIAN_POINT('',(59.891123171573,39.85,101.98347707062));
#2547 = VECTOR('',#2548,1.);
#2548 = DIRECTION('',(-0.230854396136,0.,-0.972988308144));
#2549 = PCURVE('',#342,#2550);
#2550 = DEFINITIONAL_REPRESENTATION('',(#2551),#2554);
#2551 = B_SPLINE_CURVE_WITH_KNOTS('',1,(#2552,#2553),.UNSPECIFIED.,.F.,
  .F.,(2,2),(0.99644267306,1.157626521506),.PIECEWISE_BEZIER_KNOTS.);
#2552 = CARTESIAN_POINT('',(-1.66605,-2.30891));
#2553 = CARTESIAN_POINT('',(-1.82288,-2.34612));
#2554 = ( GEOMETRIC_REPRESENTATION_CONTEXT(2) 
PARAMETRIC_REPRESENTATION_CONTEXT() REPRESENTATION_CONTEXT('2D SPACE',''
  ) );
#2555 = PCURVE('',#2556,#2561);
#2556 = PLANE('',#2557);
#2557 = AXIS2_PLACEMENT_3D('',#2558,#2559,#2560);
#2558 = CARTESIAN_POINT('',(59.62388,39.75,100.85712));
#2559 = DIRECTION('',(0.972988308144,0.,-0.230854396136));
#2560 = DIRECTION('',(0.230854396136,0.,0.972988308144));
#2561 = DEFINITIONAL_REPRESENTATION('',(#2562),#2565);
#2562 = B_SPLINE_CURVE_WITH_KNOTS('',1,(#2563,#2564),.UNSPECIFIED.,.F.,
  .F.,(2,2),(0.99644267306,1.157626521506),.PIECEWISE_BEZIER_KNOTS.);
#2563 = CARTESIAN_POINT('',(0.161183848446,-0.1));
#2564 = CARTESIAN_POINT('',(0.,-0.1));
#2565 = ( GEOMETRIC_REPRESENTATION_CONTEXT(2) 
PARAMETRIC_REPRESENTATION_CONTEXT() REPRESENTATION_CONTEXT('2D SPACE',''
  ) );
#2566 = ORIENTED_EDGE('',*,*,#2567,.T.);
#2567 = EDGE_CURVE('',#2542,#2568,#2570,.T.);
#2568 = VERTEX_POINT('',#2569);
#2569 = CARTESIAN_POINT('',(59.59982,39.85,100.6978));
#2570 = SURFACE_CURVE('',#2571,(#2575,#2581),.PCURVE_S1.);
#2571 = LINE('',#2572,#2573);
#2572 = CARTESIAN_POINT('',(59.772580049984,39.85,101.84177885135));
#2573 = VECTOR('',#2574,1.);
#2574 = DIRECTION('',(-0.149323676684,0.,-0.988788369461));
#2575 = PCURVE('',#342,#2576);
#2576 = DEFINITIONAL_REPRESENTATION('',(#2577),#2580);
#2577 = B_SPLINE_CURVE_WITH_KNOTS('',1,(#2578,#2579),.UNSPECIFIED.,.F.,
  .F.,(2,2),(0.99582365829,1.156950148974),.PIECEWISE_BEZIER_KNOTS.);
#2578 = CARTESIAN_POINT('',(-1.82288,-2.34612));
#2579 = CARTESIAN_POINT('',(-1.9822,-2.37018));
#2580 = ( GEOMETRIC_REPRESENTATION_CONTEXT(2) 
PARAMETRIC_REPRESENTATION_CONTEXT() REPRESENTATION_CONTEXT('2D SPACE',''
  ) );
#2581 = PCURVE('',#2582,#2587);
#2582 = PLANE('',#2583);
#2583 = AXIS2_PLACEMENT_3D('',#2584,#2585,#2586);
#2584 = CARTESIAN_POINT('',(59.59982,39.75,100.6978));
#2585 = DIRECTION('',(0.988788369461,0.,-0.149323676684));
#2586 = DIRECTION('',(0.149323676684,0.,0.988788369461));
#2587 = DEFINITIONAL_REPRESENTATION('',(#2588),#2591);
#2588 = B_SPLINE_CURVE_WITH_KNOTS('',1,(#2589,#2590),.UNSPECIFIED.,.F.,
  .F.,(2,2),(0.99582365829,1.156950148974),.PIECEWISE_BEZIER_KNOTS.);
#2589 = CARTESIAN_POINT('',(0.161126490684,-0.1));
#2590 = CARTESIAN_POINT('',(0.,-0.1));
#2591 = ( GEOMETRIC_REPRESENTATION_CONTEXT(2) 
PARAMETRIC_REPRESENTATION_CONTEXT() REPRESENTATION_CONTEXT('2D SPACE',''
  ) );
#2592 = ORIENTED_EDGE('',*,*,#2593,.T.);
#2593 = EDGE_CURVE('',#2568,#2594,#2596,.T.);
#2594 = VERTEX_POINT('',#2595);
#2595 = CARTESIAN_POINT('',(59.58906,39.85,100.53683));
#2596 = SURFACE_CURVE('',#2597,(#2601,#2607),.PCURVE_S1.);
#2597 = LINE('',#2598,#2599);
#2598 = CARTESIAN_POINT('',(59.66566682232,39.85,101.68287090974));
#2599 = VECTOR('',#2600,1.);
#2600 = DIRECTION('',(-6.669591371368E-02,0.,-0.997773348559));
#2601 = PCURVE('',#342,#2602);
#2602 = DEFINITIONAL_REPRESENTATION('',(#2603),#2606);
#2603 = B_SPLINE_CURVE_WITH_KNOTS('',1,(#2604,#2605),.UNSPECIFIED.,.F.,
  .F.,(2,2),(0.987269214165,1.148598438114),.PIECEWISE_BEZIER_KNOTS.);
#2604 = CARTESIAN_POINT('',(-1.9822,-2.37018));
#2605 = CARTESIAN_POINT('',(-2.14317,-2.38094));
#2606 = ( GEOMETRIC_REPRESENTATION_CONTEXT(2) 
PARAMETRIC_REPRESENTATION_CONTEXT() REPRESENTATION_CONTEXT('2D SPACE',''
  ) );
#2607 = PCURVE('',#2608,#2613);
#2608 = PLANE('',#2609);
#2609 = AXIS2_PLACEMENT_3D('',#2610,#2611,#2612);
#2610 = CARTESIAN_POINT('',(59.58906,39.75,100.53683));
#2611 = DIRECTION('',(0.997773348559,0.,-6.669591371368E-02));
#2612 = DIRECTION('',(6.669591371368E-02,0.,0.997773348559));
#2613 = DEFINITIONAL_REPRESENTATION('',(#2614),#2617);
#2614 = B_SPLINE_CURVE_WITH_KNOTS('',1,(#2615,#2616),.UNSPECIFIED.,.F.,
  .F.,(2,2),(0.987269214165,1.148598438114),.PIECEWISE_BEZIER_KNOTS.);
#2615 = CARTESIAN_POINT('',(0.161329223949,-0.1));
#2616 = CARTESIAN_POINT('',(0.,-0.1));
#2617 = ( GEOMETRIC_REPRESENTATION_CONTEXT(2) 
PARAMETRIC_REPRESENTATION_CONTEXT() REPRESENTATION_CONTEXT('2D SPACE',''
  ) );
#2618 = ORIENTED_EDGE('',*,*,#2619,.T.);
#2619 = EDGE_CURVE('',#2594,#2620,#2622,.T.);
#2620 = VERTEX_POINT('',#2621);
#2621 = CARTESIAN_POINT('',(59.59175,39.85,100.37506));
#2622 = SURFACE_CURVE('',#2623,(#2627,#2633),.PCURVE_S1.);
#2623 = LINE('',#2624,#2625);
#2624 = CARTESIAN_POINT('',(59.572920108656,39.85,101.50744346567));
#2625 = VECTOR('',#2626,1.);
#2626 = DIRECTION('',(1.662624821096E-02,0.,-0.999861774382));
#2627 = PCURVE('',#342,#2628);
#2628 = DEFINITIONAL_REPRESENTATION('',(#2629),#2632);
#2629 = B_SPLINE_CURVE_WITH_KNOTS('',1,(#2630,#2631),.UNSPECIFIED.,.F.,
  .F.,(2,2),(0.970747647869,1.132540011718),.PIECEWISE_BEZIER_KNOTS.);
#2630 = CARTESIAN_POINT('',(-2.14317,-2.38094));
#2631 = CARTESIAN_POINT('',(-2.30494,-2.37825));
#2632 = ( GEOMETRIC_REPRESENTATION_CONTEXT(2) 
PARAMETRIC_REPRESENTATION_CONTEXT() REPRESENTATION_CONTEXT('2D SPACE',''
  ) );
#2633 = PCURVE('',#2634,#2639);
#2634 = PLANE('',#2635);
#2635 = AXIS2_PLACEMENT_3D('',#2636,#2637,#2638);
#2636 = CARTESIAN_POINT('',(59.59175,39.75,100.37506));
#2637 = DIRECTION('',(0.999861774382,0.,1.662624821096E-02));
#2638 = DIRECTION('',(-1.662624821096E-02,0.,0.999861774382));
#2639 = DEFINITIONAL_REPRESENTATION('',(#2640),#2643);
#2640 = B_SPLINE_CURVE_WITH_KNOTS('',1,(#2641,#2642),.UNSPECIFIED.,.F.,
  .F.,(2,2),(0.970747647869,1.132540011718),.PIECEWISE_BEZIER_KNOTS.);
#2641 = CARTESIAN_POINT('',(0.161792363849,-0.1));
#2642 = CARTESIAN_POINT('',(0.,-0.1));
#2643 = ( GEOMETRIC_REPRESENTATION_CONTEXT(2) 
PARAMETRIC_REPRESENTATION_CONTEXT() REPRESENTATION_CONTEXT('2D SPACE',''
  ) );
#2644 = ORIENTED_EDGE('',*,*,#2645,.T.);
#2645 = EDGE_CURVE('',#2620,#2646,#2648,.T.);
#2646 = VERTEX_POINT('',#2647);
#2647 = CARTESIAN_POINT('',(59.60804,39.85,100.21335));
#2648 = SURFACE_CURVE('',#2649,(#2653,#2659),.PCURVE_S1.);
#2649 = LINE('',#2650,#2651);
#2650 = CARTESIAN_POINT('',(59.496911864081,39.85,101.31651334312));
#2651 = VECTOR('',#2652,1.);
#2652 = DIRECTION('',(0.100228622938,0.,-0.994964433105));
#2653 = PCURVE('',#342,#2654);
#2654 = DEFINITIONAL_REPRESENTATION('',(#2655),#2658);
#2655 = B_SPLINE_CURVE_WITH_KNOTS('',1,(#2656,#2657),.UNSPECIFIED.,.F.,
  .F.,(2,2),(0.946218087597,1.108746510342),.PIECEWISE_BEZIER_KNOTS.);
#2656 = CARTESIAN_POINT('',(-2.30494,-2.37825));
#2657 = CARTESIAN_POINT('',(-2.46665,-2.36196));
#2658 = ( GEOMETRIC_REPRESENTATION_CONTEXT(2) 
PARAMETRIC_REPRESENTATION_CONTEXT() REPRESENTATION_CONTEXT('2D SPACE',''
  ) );
#2659 = PCURVE('',#2660,#2665);
#2660 = PLANE('',#2661);
#2661 = AXIS2_PLACEMENT_3D('',#2662,#2663,#2664);
#2662 = CARTESIAN_POINT('',(59.60804,39.75,100.21335));
#2663 = DIRECTION('',(0.994964433105,0.,0.100228622938));
#2664 = DIRECTION('',(-0.100228622938,0.,0.994964433105));
#2665 = DEFINITIONAL_REPRESENTATION('',(#2666),#2669);
#2666 = B_SPLINE_CURVE_WITH_KNOTS('',1,(#2667,#2668),.UNSPECIFIED.,.F.,
  .F.,(2,2),(0.946218087597,1.108746510342),.PIECEWISE_BEZIER_KNOTS.);
#2667 = CARTESIAN_POINT('',(0.162528422745,-0.1));
#2668 = CARTESIAN_POINT('',(0.,-0.1));
#2669 = ( GEOMETRIC_REPRESENTATION_CONTEXT(2) 
PARAMETRIC_REPRESENTATION_CONTEXT() REPRESENTATION_CONTEXT('2D SPACE',''
  ) );
#2670 = ORIENTED_EDGE('',*,*,#2671,.T.);
#2671 = EDGE_CURVE('',#2646,#2672,#2674,.T.);
#2672 = VERTEX_POINT('',#2673);
#2673 = CARTESIAN_POINT('',(59.63807,39.85,100.05256));
#2674 = SURFACE_CURVE('',#2675,(#2679,#2685),.PCURVE_S1.);
#2675 = LINE('',#2676,#2677);
#2676 = CARTESIAN_POINT('',(59.440282096187,39.85,101.11157821692));
#2677 = VECTOR('',#2678,1.);
#2678 = DIRECTION('',(0.183590848248,0.,-0.983002746914));
#2679 = PCURVE('',#342,#2680);
#2680 = DEFINITIONAL_REPRESENTATION('',(#2681),#2684);
#2681 = B_SPLINE_CURVE_WITH_KNOTS('',1,(#2682,#2683),.UNSPECIFIED.,.F.,
  .F.,(2,2),(0.913759620449,1.077329865298),.PIECEWISE_BEZIER_KNOTS.);
#2682 = CARTESIAN_POINT('',(-2.46665,-2.36196));
#2683 = CARTESIAN_POINT('',(-2.62744,-2.33193));
#2684 = ( GEOMETRIC_REPRESENTATION_CONTEXT(2) 
PARAMETRIC_REPRESENTATION_CONTEXT() REPRESENTATION_CONTEXT('2D SPACE',''
  ) );
#2685 = PCURVE('',#2686,#2691);
#2686 = PLANE('',#2687);
#2687 = AXIS2_PLACEMENT_3D('',#2688,#2689,#2690);
#2688 = CARTESIAN_POINT('',(59.63807,39.75,100.05256));
#2689 = DIRECTION('',(0.983002746914,0.,0.183590848248));
#2690 = DIRECTION('',(-0.183590848248,0.,0.983002746914));
#2691 = DEFINITIONAL_REPRESENTATION('',(#2692),#2695);
#2692 = B_SPLINE_CURVE_WITH_KNOTS('',1,(#2693,#2694),.UNSPECIFIED.,.F.,
  .F.,(2,2),(0.913759620449,1.077329865298),.PIECEWISE_BEZIER_KNOTS.);
#2693 = CARTESIAN_POINT('',(0.163570244849,-0.1));
#2694 = CARTESIAN_POINT('',(0.,-0.1));
#2695 = ( GEOMETRIC_REPRESENTATION_CONTEXT(2) 
PARAMETRIC_REPRESENTATION_CONTEXT() REPRESENTATION_CONTEXT('2D SPACE',''
  ) );
#2696 = ORIENTED_EDGE('',*,*,#2697,.T.);
#2697 = EDGE_CURVE('',#2672,#2698,#2700,.T.);
#2698 = VERTEX_POINT('',#2699);
#2699 = CARTESIAN_POINT('',(59.68144,39.85,99.89505));
#2700 = SURFACE_CURVE('',#2701,(#2705,#2711),.PCURVE_S1.);
#2701 = LINE('',#2702,#2703);
#2702 = CARTESIAN_POINT('',(59.405687001529,39.85,100.89652232624));
#2703 = VECTOR('',#2704,1.);
#2704 = DIRECTION('',(0.265468032298,0.,-0.964119662608));
#2705 = PCURVE('',#342,#2706);
#2706 = DEFINITIONAL_REPRESENTATION('',(#2707),#2710);
#2707 = B_SPLINE_CURVE_WITH_KNOTS('',1,(#2708,#2709),.UNSPECIFIED.,.F.,
  .F.,(2,2),(0.875370930574,1.038742767192),.PIECEWISE_BEZIER_KNOTS.);
#2708 = CARTESIAN_POINT('',(-2.62744,-2.33193));
#2709 = CARTESIAN_POINT('',(-2.78495,-2.28856));
#2710 = ( GEOMETRIC_REPRESENTATION_CONTEXT(2) 
PARAMETRIC_REPRESENTATION_CONTEXT() REPRESENTATION_CONTEXT('2D SPACE',''
  ) );
#2711 = PCURVE('',#2712,#2717);
#2712 = PLANE('',#2713);
#2713 = AXIS2_PLACEMENT_3D('',#2714,#2715,#2716);
#2714 = CARTESIAN_POINT('',(59.68144,39.75,99.89505));
#2715 = DIRECTION('',(0.964119662608,0.,0.265468032298));
#2716 = DIRECTION('',(-0.265468032298,0.,0.964119662608));
#2717 = DEFINITIONAL_REPRESENTATION('',(#2718),#2721);
#2718 = B_SPLINE_CURVE_WITH_KNOTS('',1,(#2719,#2720),.UNSPECIFIED.,.F.,
  .F.,(2,2),(0.875370930574,1.038742767192),.PIECEWISE_BEZIER_KNOTS.);
#2719 = CARTESIAN_POINT('',(0.163371836618,-0.1));
#2720 = CARTESIAN_POINT('',(0.,-0.1));
#2721 = ( GEOMETRIC_REPRESENTATION_CONTEXT(2) 
PARAMETRIC_REPRESENTATION_CONTEXT() REPRESENTATION_CONTEXT('2D SPACE',''
  ) );
#2722 = ORIENTED_EDGE('',*,*,#2723,.T.);
#2723 = EDGE_CURVE('',#2698,#2724,#2726,.T.);
#2724 = VERTEX_POINT('',#2725);
#2725 = CARTESIAN_POINT('',(60.06048,39.85,98.81227));
#2726 = SURFACE_CURVE('',#2727,(#2731,#2737),.PCURVE_S1.);
#2727 = LINE('',#2728,#2729);
#2728 = CARTESIAN_POINT('',(59.561636930355,39.85,100.23728397992));
#2729 = VECTOR('',#2730,1.);
#2730 = DIRECTION('',(0.330402453369,0.,-0.943840144732));
#2731 = PCURVE('',#342,#2732);
#2732 = DEFINITIONAL_REPRESENTATION('',(#2733),#2736);
#2733 = B_SPLINE_CURVE_WITH_KNOTS('',1,(#2734,#2735),.UNSPECIFIED.,.F.,
  .F.,(2,2),(0.362597397275,1.509804375113),.PIECEWISE_BEZIER_KNOTS.);
#2734 = CARTESIAN_POINT('',(-2.78495,-2.28856));
#2735 = CARTESIAN_POINT('',(-3.86773,-1.90952));
#2736 = ( GEOMETRIC_REPRESENTATION_CONTEXT(2) 
PARAMETRIC_REPRESENTATION_CONTEXT() REPRESENTATION_CONTEXT('2D SPACE',''
  ) );
#2737 = PCURVE('',#2738,#2743);
#2738 = PLANE('',#2739);
#2739 = AXIS2_PLACEMENT_3D('',#2740,#2741,#2742);
#2740 = CARTESIAN_POINT('',(60.06048,39.75,98.81227));
#2741 = DIRECTION('',(0.943840144732,0.,0.330402453369));
#2742 = DIRECTION('',(-0.330402453369,0.,0.943840144732));
#2743 = DEFINITIONAL_REPRESENTATION('',(#2744),#2747);
#2744 = B_SPLINE_CURVE_WITH_KNOTS('',1,(#2745,#2746),.UNSPECIFIED.,.F.,
  .F.,(2,2),(0.362597397275,1.509804375113),.PIECEWISE_BEZIER_KNOTS.);
#2745 = CARTESIAN_POINT('',(1.147206977838,-0.1));
#2746 = CARTESIAN_POINT('',(0.,-0.1));
#2747 = ( GEOMETRIC_REPRESENTATION_CONTEXT(2) 
PARAMETRIC_REPRESENTATION_CONTEXT() REPRESENTATION_CONTEXT('2D SPACE',''
  ) );
#2748 = ORIENTED_EDGE('',*,*,#2749,.T.);
#2749 = EDGE_CURVE('',#2724,#2750,#2752,.T.);
#2750 = VERTEX_POINT('',#2751);
#2751 = CARTESIAN_POINT('',(60.19841,39.85,98.84595));
#2752 = SURFACE_CURVE('',#2753,(#2757,#2763),.PCURVE_S1.);
#2753 = LINE('',#2754,#2755);
#2754 = CARTESIAN_POINT('',(61.476124260492,39.85,99.157944608086));
#2755 = VECTOR('',#2756,1.);
#2756 = DIRECTION('',(0.97145782251,-0.,0.237212350193));
#2757 = PCURVE('',#342,#2758);
#2758 = DEFINITIONAL_REPRESENTATION('',(#2759),#2762);
#2759 = B_SPLINE_CURVE_WITH_KNOTS('',1,(#2760,#2761),.UNSPECIFIED.,.F.,
  .F.,(2,2),(-1.457236976933,-1.315254487519),.PIECEWISE_BEZIER_KNOTS.);
#2760 = CARTESIAN_POINT('',(-3.86773,-1.90952));
#2761 = CARTESIAN_POINT('',(-3.83405,-1.77159));
#2762 = ( GEOMETRIC_REPRESENTATION_CONTEXT(2) 
PARAMETRIC_REPRESENTATION_CONTEXT() REPRESENTATION_CONTEXT('2D SPACE',''
  ) );
#2763 = PCURVE('',#2764,#2769);
#2764 = PLANE('',#2765);
#2765 = AXIS2_PLACEMENT_3D('',#2766,#2767,#2768);
#2766 = CARTESIAN_POINT('',(60.19841,39.75,98.84595));
#2767 = DIRECTION('',(-0.237212350193,0.,0.97145782251));
#2768 = DIRECTION('',(-0.97145782251,0.,-0.237212350193));
#2769 = DEFINITIONAL_REPRESENTATION('',(#2770),#2773);
#2770 = B_SPLINE_CURVE_WITH_KNOTS('',1,(#2771,#2772),.UNSPECIFIED.,.F.,
  .F.,(2,2),(-1.457236976933,-1.315254487519),.PIECEWISE_BEZIER_KNOTS.);
#2771 = CARTESIAN_POINT('',(0.141982489413,-0.1));
#2772 = CARTESIAN_POINT('',(0.,-0.1));
#2773 = ( GEOMETRIC_REPRESENTATION_CONTEXT(2) 
PARAMETRIC_REPRESENTATION_CONTEXT() REPRESENTATION_CONTEXT('2D SPACE',''
  ) );
#2774 = ORIENTED_EDGE('',*,*,#2775,.T.);
#2775 = EDGE_CURVE('',#2750,#2776,#2778,.T.);
#2776 = VERTEX_POINT('',#2777);
#2777 = CARTESIAN_POINT('',(63.96987,39.85,103.76064));
#2778 = SURFACE_CURVE('',#2779,(#2783,#2789),.PCURVE_S1.);
#2779 = LINE('',#2780,#2781);
#2780 = CARTESIAN_POINT('',(63.338308631122,39.85,102.93763555503));
#2781 = VECTOR('',#2782,1.);
#2782 = DIRECTION('',(0.608790458169,-0.,0.79333106459));
#2783 = PCURVE('',#342,#2784);
#2784 = DEFINITIONAL_REPRESENTATION('',(#2785),#2788);
#2785 = B_SPLINE_CURVE_WITH_KNOTS('',1,(#2786,#2787),.UNSPECIFIED.,.F.,
  .F.,(2,2),(-5.157601583584,1.037403527608),.PIECEWISE_BEZIER_KNOTS.);
#2786 = CARTESIAN_POINT('',(-3.83405,-1.77159));
#2787 = CARTESIAN_POINT('',(1.08064,1.99987));
#2788 = ( GEOMETRIC_REPRESENTATION_CONTEXT(2) 
PARAMETRIC_REPRESENTATION_CONTEXT() REPRESENTATION_CONTEXT('2D SPACE',''
  ) );
#2789 = PCURVE('',#2790,#2795);
#2790 = PLANE('',#2791);
#2791 = AXIS2_PLACEMENT_3D('',#2792,#2793,#2794);
#2792 = CARTESIAN_POINT('',(63.96987,39.75,103.76064));
#2793 = DIRECTION('',(-0.79333106459,0.,0.608790458169));
#2794 = DIRECTION('',(-0.608790458169,0.,-0.79333106459));
#2795 = DEFINITIONAL_REPRESENTATION('',(#2796),#2799);
#2796 = B_SPLINE_CURVE_WITH_KNOTS('',1,(#2797,#2798),.UNSPECIFIED.,.F.,
  .F.,(2,2),(-5.157601583584,1.037403527608),.PIECEWISE_BEZIER_KNOTS.);
#2797 = CARTESIAN_POINT('',(6.195005111192,-0.1));
#2798 = CARTESIAN_POINT('',(0.,-0.1));
#2799 = ( GEOMETRIC_REPRESENTATION_CONTEXT(2) 
PARAMETRIC_REPRESENTATION_CONTEXT() REPRESENTATION_CONTEXT('2D SPACE',''
  ) );
#2800 = ORIENTED_EDGE('',*,*,#2801,.T.);
#2801 = EDGE_CURVE('',#2776,#2802,#2804,.T.);
#2802 = VERTEX_POINT('',#2803);
#2803 = CARTESIAN_POINT('',(64.05819,39.85,103.899));
#2804 = SURFACE_CURVE('',#2805,(#2809,#2815),.PCURVE_S1.);
#2805 = LINE('',#2806,#2807);
#2806 = CARTESIAN_POINT('',(63.479489894383,39.85,102.99242225302));
#2807 = VECTOR('',#2808,1.);
#2808 = DIRECTION('',(0.538057556084,-0.,0.842908100768));
#2809 = PCURVE('',#342,#2810);
#2810 = DEFINITIONAL_REPRESENTATION('',(#2811),#2814);
#2811 = B_SPLINE_CURVE_WITH_KNOTS('',1,(#2812,#2813),.UNSPECIFIED.,.F.,
  .F.,(2,2),(0.911389683262,1.075535691438),.PIECEWISE_BEZIER_KNOTS.);
#2812 = CARTESIAN_POINT('',(1.08064,1.99987));
#2813 = CARTESIAN_POINT('',(1.219,2.08819));
#2814 = ( GEOMETRIC_REPRESENTATION_CONTEXT(2) 
PARAMETRIC_REPRESENTATION_CONTEXT() REPRESENTATION_CONTEXT('2D SPACE',''
  ) );
#2815 = PCURVE('',#2816,#2821);
#2816 = PLANE('',#2817);
#2817 = AXIS2_PLACEMENT_3D('',#2818,#2819,#2820);
#2818 = CARTESIAN_POINT('',(64.05819,39.75,103.899));
#2819 = DIRECTION('',(-0.842908100768,0.,0.538057556084));
#2820 = DIRECTION('',(-0.538057556084,0.,-0.842908100768));
#2821 = DEFINITIONAL_REPRESENTATION('',(#2822),#2825);
#2822 = B_SPLINE_CURVE_WITH_KNOTS('',1,(#2823,#2824),.UNSPECIFIED.,.F.,
  .F.,(2,2),(0.911389683262,1.075535691438),.PIECEWISE_BEZIER_KNOTS.);
#2823 = CARTESIAN_POINT('',(0.164146008176,-0.1));
#2824 = CARTESIAN_POINT('',(0.,-0.1));
#2825 = ( GEOMETRIC_REPRESENTATION_CONTEXT(2) 
PARAMETRIC_REPRESENTATION_CONTEXT() REPRESENTATION_CONTEXT('2D SPACE',''
  ) );
#2826 = ORIENTED_EDGE('',*,*,#2827,.T.);
#2827 = EDGE_CURVE('',#2802,#2828,#2830,.T.);
#2828 = VERTEX_POINT('',#2829);
#2829 = CARTESIAN_POINT('',(64.13395,39.85,104.04325));
#2830 = SURFACE_CURVE('',#2831,(#2835,#2841),.PCURVE_S1.);
#2831 = LINE('',#2832,#2833);
#2832 = CARTESIAN_POINT('',(63.619435849597,39.85,103.06359495517));
#2833 = VECTOR('',#2834,1.);
#2834 = DIRECTION('',(0.464972218695,-0.,0.885325271209));
#2835 = PCURVE('',#342,#2836);
#2836 = DEFINITIONAL_REPRESENTATION('',(#2837),#2840);
#2837 = B_SPLINE_CURVE_WITH_KNOTS('',1,(#2838,#2839),.UNSPECIFIED.,.F.,
  .F.,(2,2),(0.943613688651,1.106548154311),.PIECEWISE_BEZIER_KNOTS.);
#2838 = CARTESIAN_POINT('',(1.219,2.08819));
#2839 = CARTESIAN_POINT('',(1.36325,2.16395));
#2840 = ( GEOMETRIC_REPRESENTATION_CONTEXT(2) 
PARAMETRIC_REPRESENTATION_CONTEXT() REPRESENTATION_CONTEXT('2D SPACE',''
  ) );
#2841 = PCURVE('',#2842,#2847);
#2842 = PLANE('',#2843);
#2843 = AXIS2_PLACEMENT_3D('',#2844,#2845,#2846);
#2844 = CARTESIAN_POINT('',(64.13395,39.75,104.04325));
#2845 = DIRECTION('',(-0.885325271209,0.,0.464972218695));
#2846 = DIRECTION('',(-0.464972218695,0.,-0.885325271209));
#2847 = DEFINITIONAL_REPRESENTATION('',(#2848),#2851);
#2848 = B_SPLINE_CURVE_WITH_KNOTS('',1,(#2849,#2850),.UNSPECIFIED.,.F.,
  .F.,(2,2),(0.943613688651,1.106548154311),.PIECEWISE_BEZIER_KNOTS.);
#2849 = CARTESIAN_POINT('',(0.16293446566,-0.1));
#2850 = CARTESIAN_POINT('',(0.,-0.1));
#2851 = ( GEOMETRIC_REPRESENTATION_CONTEXT(2) 
PARAMETRIC_REPRESENTATION_CONTEXT() REPRESENTATION_CONTEXT('2D SPACE',''
  ) );
#2852 = ORIENTED_EDGE('',*,*,#2853,.T.);
#2853 = EDGE_CURVE('',#2828,#2854,#2856,.T.);
#2854 = VERTEX_POINT('',#2855);
#2855 = CARTESIAN_POINT('',(64.19701,39.85,104.19254));
#2856 = SURFACE_CURVE('',#2857,(#2861,#2867),.PCURVE_S1.);
#2857 = LINE('',#2858,#2859);
#2858 = CARTESIAN_POINT('',(63.757336247285,39.85,103.15164411445));
#2859 = VECTOR('',#2860,1.);
#2860 = DIRECTION('',(0.389110519337,-0.,0.921191078844));
#2861 = PCURVE('',#342,#2862);
#2862 = DEFINITIONAL_REPRESENTATION('',(#2863),#2866);
#2863 = B_SPLINE_CURVE_WITH_KNOTS('',1,(#2864,#2865),.UNSPECIFIED.,.F.,
  .F.,(2,2),(0.967883760522,1.129945686032),.PIECEWISE_BEZIER_KNOTS.);
#2864 = CARTESIAN_POINT('',(1.36325,2.16395));
#2865 = CARTESIAN_POINT('',(1.51254,2.22701));
#2866 = ( GEOMETRIC_REPRESENTATION_CONTEXT(2) 
PARAMETRIC_REPRESENTATION_CONTEXT() REPRESENTATION_CONTEXT('2D SPACE',''
  ) );
#2867 = PCURVE('',#2868,#2873);
#2868 = PLANE('',#2869);
#2869 = AXIS2_PLACEMENT_3D('',#2870,#2871,#2872);
#2870 = CARTESIAN_POINT('',(64.19701,39.75,104.19254));
#2871 = DIRECTION('',(-0.921191078844,0.,0.389110519337));
#2872 = DIRECTION('',(-0.389110519337,0.,-0.921191078844));
#2873 = DEFINITIONAL_REPRESENTATION('',(#2874),#2877);
#2874 = B_SPLINE_CURVE_WITH_KNOTS('',1,(#2875,#2876),.UNSPECIFIED.,.F.,
  .F.,(2,2),(0.967883760522,1.129945686032),.PIECEWISE_BEZIER_KNOTS.);
#2875 = CARTESIAN_POINT('',(0.16206192551,-0.1));
#2876 = CARTESIAN_POINT('',(0.,-0.1));
#2877 = ( GEOMETRIC_REPRESENTATION_CONTEXT(2) 
PARAMETRIC_REPRESENTATION_CONTEXT() REPRESENTATION_CONTEXT('2D SPACE',''
  ) );
#2878 = ORIENTED_EDGE('',*,*,#2879,.T.);
#2879 = EDGE_CURVE('',#2854,#2880,#2882,.T.);
#2880 = VERTEX_POINT('',#2881);
#2881 = CARTESIAN_POINT('',(64.24721,39.85,104.34603));
#2882 = SURFACE_CURVE('',#2883,(#2887,#2893),.PCURVE_S1.);
#2883 = LINE('',#2884,#2885);
#2884 = CARTESIAN_POINT('',(63.891069148373,39.85,103.25710451561));
#2885 = VECTOR('',#2886,1.);
#2886 = DIRECTION('',(0.310853969343,-0.,0.950457684352));
#2887 = PCURVE('',#342,#2888);
#2888 = DEFINITIONAL_REPRESENTATION('',(#2889),#2892);
#2889 = B_SPLINE_CURVE_WITH_KNOTS('',1,(#2890,#2891),.UNSPECIFIED.,.F.,
  .F.,(2,2),(0.984194772462,1.145685391694),.PIECEWISE_BEZIER_KNOTS.);
#2890 = CARTESIAN_POINT('',(1.51254,2.22701));
#2891 = CARTESIAN_POINT('',(1.66603,2.27721));
#2892 = ( GEOMETRIC_REPRESENTATION_CONTEXT(2) 
PARAMETRIC_REPRESENTATION_CONTEXT() REPRESENTATION_CONTEXT('2D SPACE',''
  ) );
#2893 = PCURVE('',#2894,#2899);
#2894 = PLANE('',#2895);
#2895 = AXIS2_PLACEMENT_3D('',#2896,#2897,#2898);
#2896 = CARTESIAN_POINT('',(64.24721,39.75,104.34603));
#2897 = DIRECTION('',(-0.950457684352,0.,0.310853969343));
#2898 = DIRECTION('',(-0.310853969343,0.,-0.950457684352));
#2899 = DEFINITIONAL_REPRESENTATION('',(#2900),#2903);
#2900 = B_SPLINE_CURVE_WITH_KNOTS('',1,(#2901,#2902),.UNSPECIFIED.,.F.,
  .F.,(2,2),(0.984194772462,1.145685391694),.PIECEWISE_BEZIER_KNOTS.);
#2901 = CARTESIAN_POINT('',(0.161490619232,-0.1));
#2902 = CARTESIAN_POINT('',(0.,-0.1));
#2903 = ( GEOMETRIC_REPRESENTATION_CONTEXT(2) 
PARAMETRIC_REPRESENTATION_CONTEXT() REPRESENTATION_CONTEXT('2D SPACE',''
  ) );
#2904 = ORIENTED_EDGE('',*,*,#2905,.T.);
#2905 = EDGE_CURVE('',#2880,#2906,#2908,.T.);
#2906 = VERTEX_POINT('',#2907);
#2907 = CARTESIAN_POINT('',(64.28442,39.85,104.50286));
#2908 = SURFACE_CURVE('',#2909,(#2913,#2919),.PCURVE_S1.);
#2909 = LINE('',#2910,#2911);
#2910 = CARTESIAN_POINT('',(64.018023780585,39.85,103.38007260169));
#2911 = VECTOR('',#2912,1.);
#2912 = DIRECTION('',(0.230854396136,-0.,0.972988308144));
#2913 = PCURVE('',#342,#2914);
#2914 = DEFINITIONAL_REPRESENTATION('',(#2915),#2918);
#2915 = B_SPLINE_CURVE_WITH_KNOTS('',1,(#2916,#2917),.UNSPECIFIED.,.F.,
  .F.,(2,2),(0.992773900998,1.153957749444),.PIECEWISE_BEZIER_KNOTS.);
#2916 = CARTESIAN_POINT('',(1.66603,2.27721));
#2917 = CARTESIAN_POINT('',(1.82286,2.31442));
#2918 = ( GEOMETRIC_REPRESENTATION_CONTEXT(2) 
PARAMETRIC_REPRESENTATION_CONTEXT() REPRESENTATION_CONTEXT('2D SPACE',''
  ) );
#2919 = PCURVE('',#2920,#2925);
#2920 = PLANE('',#2921);
#2921 = AXIS2_PLACEMENT_3D('',#2922,#2923,#2924);
#2922 = CARTESIAN_POINT('',(64.28442,39.75,104.50286));
#2923 = DIRECTION('',(-0.972988308144,0.,0.230854396136));
#2924 = DIRECTION('',(-0.230854396136,0.,-0.972988308144));
#2925 = DEFINITIONAL_REPRESENTATION('',(#2926),#2929);
#2926 = B_SPLINE_CURVE_WITH_KNOTS('',1,(#2927,#2928),.UNSPECIFIED.,.F.,
  .F.,(2,2),(0.992773900998,1.153957749444),.PIECEWISE_BEZIER_KNOTS.);
#2927 = CARTESIAN_POINT('',(0.161183848446,-0.1));
#2928 = CARTESIAN_POINT('',(0.,-0.1));
#2929 = ( GEOMETRIC_REPRESENTATION_CONTEXT(2) 
PARAMETRIC_REPRESENTATION_CONTEXT() REPRESENTATION_CONTEXT('2D SPACE',''
  ) );
#2930 = ORIENTED_EDGE('',*,*,#2931,.T.);
#2931 = EDGE_CURVE('',#2906,#2932,#2934,.T.);
#2932 = VERTEX_POINT('',#2933);
#2933 = CARTESIAN_POINT('',(64.30848,39.85,104.66218));
#2934 = SURFACE_CURVE('',#2935,(#2939,#2945),.PCURVE_S1.);
#2935 = LINE('',#2936,#2937);
#2936 = CARTESIAN_POINT('',(64.136074842843,39.85,103.52055117048));
#2937 = VECTOR('',#2938,1.);
#2938 = DIRECTION('',(0.149323676684,-0.,0.988788369461));
#2939 = PCURVE('',#342,#2940);
#2940 = DEFINITIONAL_REPRESENTATION('',(#2941),#2944);
#2941 = B_SPLINE_CURVE_WITH_KNOTS('',1,(#2942,#2943),.UNSPECIFIED.,.F.,
  .F.,(2,2),(0.993446990131,1.154573480815),.PIECEWISE_BEZIER_KNOTS.);
#2942 = CARTESIAN_POINT('',(1.82286,2.31442));
#2943 = CARTESIAN_POINT('',(1.98218,2.33848));
#2944 = ( GEOMETRIC_REPRESENTATION_CONTEXT(2) 
PARAMETRIC_REPRESENTATION_CONTEXT() REPRESENTATION_CONTEXT('2D SPACE',''
  ) );
#2945 = PCURVE('',#2946,#2951);
#2946 = PLANE('',#2947);
#2947 = AXIS2_PLACEMENT_3D('',#2948,#2949,#2950);
#2948 = CARTESIAN_POINT('',(64.30848,39.75,104.66218));
#2949 = DIRECTION('',(-0.988788369461,0.,0.149323676684));
#2950 = DIRECTION('',(-0.149323676684,0.,-0.988788369461));
#2951 = DEFINITIONAL_REPRESENTATION('',(#2952),#2955);
#2952 = B_SPLINE_CURVE_WITH_KNOTS('',1,(#2953,#2954),.UNSPECIFIED.,.F.,
  .F.,(2,2),(0.993446990131,1.154573480815),.PIECEWISE_BEZIER_KNOTS.);
#2953 = CARTESIAN_POINT('',(0.161126490684,-0.1));
#2954 = CARTESIAN_POINT('',(0.,-0.1));
#2955 = ( GEOMETRIC_REPRESENTATION_CONTEXT(2) 
PARAMETRIC_REPRESENTATION_CONTEXT() REPRESENTATION_CONTEXT('2D SPACE',''
  ) );
#2956 = ORIENTED_EDGE('',*,*,#2957,.T.);
#2957 = EDGE_CURVE('',#2932,#2958,#2960,.T.);
#2958 = VERTEX_POINT('',#2959);
#2959 = CARTESIAN_POINT('',(64.31924,39.85,104.82315));
#2960 = SURFACE_CURVE('',#2961,(#2965,#2971),.PCURVE_S1.);
#2961 = LINE('',#2962,#2963);
#2962 = CARTESIAN_POINT('',(64.242704349421,39.85,103.67817382214));
#2963 = VECTOR('',#2964,1.);
#2964 = DIRECTION('',(6.669591371368E-02,-0.,0.997773348559));
#2965 = PCURVE('',#342,#2966);
#2966 = DEFINITIONAL_REPRESENTATION('',(#2967),#2970);
#2967 = B_SPLINE_CURVE_WITH_KNOTS('',1,(#2968,#2969),.UNSPECIFIED.,.F.,
  .F.,(2,2),(0.986202106199,1.147531330148),.PIECEWISE_BEZIER_KNOTS.);
#2968 = CARTESIAN_POINT('',(1.98218,2.33848));
#2969 = CARTESIAN_POINT('',(2.14315,2.34924));
#2970 = ( GEOMETRIC_REPRESENTATION_CONTEXT(2) 
PARAMETRIC_REPRESENTATION_CONTEXT() REPRESENTATION_CONTEXT('2D SPACE',''
  ) );
#2971 = PCURVE('',#2972,#2977);
#2972 = PLANE('',#2973);
#2973 = AXIS2_PLACEMENT_3D('',#2974,#2975,#2976);
#2974 = CARTESIAN_POINT('',(64.31924,39.75,104.82315));
#2975 = DIRECTION('',(-0.997773348559,0.,6.669591371368E-02));
#2976 = DIRECTION('',(-6.669591371368E-02,0.,-0.997773348559));
#2977 = DEFINITIONAL_REPRESENTATION('',(#2978),#2981);
#2978 = B_SPLINE_CURVE_WITH_KNOTS('',1,(#2979,#2980),.UNSPECIFIED.,.F.,
  .F.,(2,2),(0.986202106199,1.147531330148),.PIECEWISE_BEZIER_KNOTS.);
#2979 = CARTESIAN_POINT('',(0.161329223949,-0.1));
#2980 = CARTESIAN_POINT('',(0.,-0.1));
#2981 = ( GEOMETRIC_REPRESENTATION_CONTEXT(2) 
PARAMETRIC_REPRESENTATION_CONTEXT() REPRESENTATION_CONTEXT('2D SPACE',''
  ) );
#2982 = ORIENTED_EDGE('',*,*,#2983,.T.);
#2983 = EDGE_CURVE('',#2958,#2984,#2986,.T.);
#2984 = VERTEX_POINT('',#2985);
#2985 = CARTESIAN_POINT('',(64.31656,39.85,104.9849));
#2986 = SURFACE_CURVE('',#2987,(#2991,#2997),.PCURVE_S1.);
#2987 = LINE('',#2988,#2989);
#2988 = CARTESIAN_POINT('',(64.335327443182,39.85,103.85220077062));
#2989 = VECTOR('',#2990,1.);
#2990 = DIRECTION('',(-1.65665051807E-02,0.,0.999862766036));
#2991 = PCURVE('',#342,#2992);
#2992 = DEFINITIONAL_REPRESENTATION('',(#2993),#2996);
#2993 = B_SPLINE_CURVE_WITH_KNOTS('',1,(#2994,#2995),.UNSPECIFIED.,.F.,
  .F.,(2,2),(0.97108249488,1.13285469552),.PIECEWISE_BEZIER_KNOTS.);
#2994 = CARTESIAN_POINT('',(2.14315,2.34924));
#2995 = CARTESIAN_POINT('',(2.3049,2.34656));
#2996 = ( GEOMETRIC_REPRESENTATION_CONTEXT(2) 
PARAMETRIC_REPRESENTATION_CONTEXT() REPRESENTATION_CONTEXT('2D SPACE',''
  ) );
#2997 = PCURVE('',#2998,#3003);
#2998 = PLANE('',#2999);
#2999 = AXIS2_PLACEMENT_3D('',#3000,#3001,#3002);
#3000 = CARTESIAN_POINT('',(64.31656,39.75,104.9849));
#3001 = DIRECTION('',(-0.999862766036,0.,-1.65665051807E-02));
#3002 = DIRECTION('',(1.65665051807E-02,0.,-0.999862766036));
#3003 = DEFINITIONAL_REPRESENTATION('',(#3004),#3007);
#3004 = B_SPLINE_CURVE_WITH_KNOTS('',1,(#3005,#3006),.UNSPECIFIED.,.F.,
  .F.,(2,2),(0.97108249488,1.13285469552),.PIECEWISE_BEZIER_KNOTS.);
#3005 = CARTESIAN_POINT('',(0.16177220064,-0.1));
#3006 = CARTESIAN_POINT('',(0.,-0.1));
#3007 = ( GEOMETRIC_REPRESENTATION_CONTEXT(2) 
PARAMETRIC_REPRESENTATION_CONTEXT() REPRESENTATION_CONTEXT('2D SPACE',''
  ) );
#3008 = ORIENTED_EDGE('',*,*,#3009,.T.);
#3009 = EDGE_CURVE('',#2984,#3010,#3012,.T.);
#3010 = VERTEX_POINT('',#3011);
#3011 = CARTESIAN_POINT('',(64.30029,39.85,105.14659));
#3012 = SURFACE_CURVE('',#3013,(#3017,#3023),.PCURVE_S1.);
#3013 = LINE('',#3014,#3015);
#3014 = CARTESIAN_POINT('',(64.41146671377,39.85,104.04172442843));
#3015 = VECTOR('',#3016,1.);
#3016 = DIRECTION('',(-0.100119059919,0.,0.994975463939));
#3017 = PCURVE('',#342,#3018);
#3018 = DEFINITIONAL_REPRESENTATION('',(#3019),#3022);
#3019 = B_SPLINE_CURVE_WITH_KNOTS('',1,(#3020,#3021),.UNSPECIFIED.,.F.,
  .F.,(2,2),(0.94793852286,1.11044504273),.PIECEWISE_BEZIER_KNOTS.);
#3020 = CARTESIAN_POINT('',(2.3049,2.34656));
#3021 = CARTESIAN_POINT('',(2.46659,2.33029));
#3022 = ( GEOMETRIC_REPRESENTATION_CONTEXT(2) 
PARAMETRIC_REPRESENTATION_CONTEXT() REPRESENTATION_CONTEXT('2D SPACE',''
  ) );
#3023 = PCURVE('',#3024,#3029);
#3024 = PLANE('',#3025);
#3025 = AXIS2_PLACEMENT_3D('',#3026,#3027,#3028);
#3026 = CARTESIAN_POINT('',(64.30029,39.75,105.14659));
#3027 = DIRECTION('',(-0.994975463939,0.,-0.100119059919));
#3028 = DIRECTION('',(0.100119059919,0.,-0.994975463939));
#3029 = DEFINITIONAL_REPRESENTATION('',(#3030),#3033);
#3030 = B_SPLINE_CURVE_WITH_KNOTS('',1,(#3031,#3032),.UNSPECIFIED.,.F.,
  .F.,(2,2),(0.94793852286,1.11044504273),.PIECEWISE_BEZIER_KNOTS.);
#3031 = CARTESIAN_POINT('',(0.162506519869,-0.1));
#3032 = CARTESIAN_POINT('',(0.,-0.1));
#3033 = ( GEOMETRIC_REPRESENTATION_CONTEXT(2) 
PARAMETRIC_REPRESENTATION_CONTEXT() REPRESENTATION_CONTEXT('2D SPACE',''
  ) );
#3034 = ORIENTED_EDGE('',*,*,#3035,.T.);
#3035 = EDGE_CURVE('',#3010,#3036,#3038,.T.);
#3036 = VERTEX_POINT('',#3037);
#3037 = CARTESIAN_POINT('',(64.27028,39.85,105.30737));
#3038 = SURFACE_CURVE('',#3039,(#3043,#3049),.PCURVE_S1.);
#3039 = LINE('',#3040,#3041);
#3040 = CARTESIAN_POINT('',(64.468506688092,39.85,104.24536110591));
#3041 = VECTOR('',#3042,1.);
#3042 = DIRECTION('',(-0.183483721126,0.,0.983022748507));
#3043 = PCURVE('',#342,#3044);
#3044 = DEFINITIONAL_REPRESENTATION('',(#3045),#3048);
#3045 = B_SPLINE_CURVE_WITH_KNOTS('',1,(#3046,#3047),.UNSPECIFIED.,.F.,
  .F.,(2,2),(0.91679352838,1.080350272356),.PIECEWISE_BEZIER_KNOTS.);
#3046 = CARTESIAN_POINT('',(2.46659,2.33029));
#3047 = CARTESIAN_POINT('',(2.62737,2.30028));
#3048 = ( GEOMETRIC_REPRESENTATION_CONTEXT(2) 
PARAMETRIC_REPRESENTATION_CONTEXT() REPRESENTATION_CONTEXT('2D SPACE',''
  ) );
#3049 = PCURVE('',#3050,#3055);
#3050 = PLANE('',#3051);
#3051 = AXIS2_PLACEMENT_3D('',#3052,#3053,#3054);
#3052 = CARTESIAN_POINT('',(64.27028,39.75,105.30737));
#3053 = DIRECTION('',(-0.983022748507,0.,-0.183483721126));
#3054 = DIRECTION('',(0.183483721126,0.,-0.983022748507));
#3055 = DEFINITIONAL_REPRESENTATION('',(#3056),#3059);
#3056 = B_SPLINE_CURVE_WITH_KNOTS('',1,(#3057,#3058),.UNSPECIFIED.,.F.,
  .F.,(2,2),(0.91679352838,1.080350272356),.PIECEWISE_BEZIER_KNOTS.);
#3057 = CARTESIAN_POINT('',(0.163556743976,-0.1));
#3058 = CARTESIAN_POINT('',(0.,-0.1));
#3059 = ( GEOMETRIC_REPRESENTATION_CONTEXT(2) 
PARAMETRIC_REPRESENTATION_CONTEXT() REPRESENTATION_CONTEXT('2D SPACE',''
  ) );
#3060 = ORIENTED_EDGE('',*,*,#3061,.T.);
#3061 = EDGE_CURVE('',#3036,#2358,#3062,.T.);
#3062 = SURFACE_CURVE('',#3063,(#3067,#3073),.PCURVE_S1.);
#3063 = LINE('',#3064,#3065);
#3064 = CARTESIAN_POINT('',(64.503715545286,39.85,104.45919392761));
#3065 = VECTOR('',#3066,1.);
#3066 = DIRECTION('',(-0.265354233978,0.,0.964150989477));
#3067 = PCURVE('',#342,#3068);
#3068 = DEFINITIONAL_REPRESENTATION('',(#3069),#3072);
#3069 = B_SPLINE_CURVE_WITH_KNOTS('',1,(#3070,#3071),.UNSPECIFIED.,.F.,
  .F.,(2,2),(0.879712909747,1.043079438142),.PIECEWISE_BEZIER_KNOTS.);
#3070 = CARTESIAN_POINT('',(2.62737,2.30028));
#3071 = CARTESIAN_POINT('',(2.78488,2.25693));
#3072 = ( GEOMETRIC_REPRESENTATION_CONTEXT(2) 
PARAMETRIC_REPRESENTATION_CONTEXT() REPRESENTATION_CONTEXT('2D SPACE',''
  ) );
#3073 = PCURVE('',#3074,#3079);
#3074 = PLANE('',#3075);
#3075 = AXIS2_PLACEMENT_3D('',#3076,#3077,#3078);
#3076 = CARTESIAN_POINT('',(64.22693,39.75,105.46488));
#3077 = DIRECTION('',(-0.964150989477,0.,-0.265354233978));
#3078 = DIRECTION('',(0.265354233978,0.,-0.964150989477));
#3079 = DEFINITIONAL_REPRESENTATION('',(#3080),#3083);
#3080 = B_SPLINE_CURVE_WITH_KNOTS('',1,(#3081,#3082),.UNSPECIFIED.,.F.,
  .F.,(2,2),(0.879712909747,1.043079438142),.PIECEWISE_BEZIER_KNOTS.);
#3081 = CARTESIAN_POINT('',(0.163366528396,-0.1));
#3082 = CARTESIAN_POINT('',(0.,-0.1));
#3083 = ( GEOMETRIC_REPRESENTATION_CONTEXT(2) 
PARAMETRIC_REPRESENTATION_CONTEXT() REPRESENTATION_CONTEXT('2D SPACE',''
  ) );
#3084 = FACE_BOUND('',#3085,.T.);
#3085 = EDGE_LOOP('',(#3086,#3114,#3140,#3166,#3192,#3218,#3244,#3270,
    #3296,#3322,#3348,#3374,#3400,#3426,#3452,#3478,#3504,#3530,#3556,
    #3582,#3608,#3634,#3660,#3686,#3712,#3738,#3764,#3790,#3816,#3842,
    #3868,#3894,#3920,#3946,#3972,#3998,#4024,#4050,#4076,#4102,#4128,
    #4154,#4180,#4206,#4232,#4258,#4284,#4310));
#3086 = ORIENTED_EDGE('',*,*,#3087,.T.);
#3087 = EDGE_CURVE('',#3088,#3090,#3092,.T.);
#3088 = VERTEX_POINT('',#3089);
#3089 = CARTESIAN_POINT('',(60.69456088372,39.85,108.93471943603));
#3090 = VERTEX_POINT('',#3091);
#3091 = CARTESIAN_POINT('',(60.786780124078,39.85,108.89083479643));
#3092 = SURFACE_CURVE('',#3093,(#3097,#3103),.PCURVE_S1.);
#3093 = LINE('',#3094,#3095);
#3094 = CARTESIAN_POINT('',(62.474077195013,39.85,108.08789580474));
#3095 = VECTOR('',#3096,1.);
#3096 = DIRECTION('',(0.902971792525,0.,-0.429699827675));
#3097 = PCURVE('',#342,#3098);
#3098 = DEFINITIONAL_REPRESENTATION('',(#3099),#3102);
#3099 = B_SPLINE_CURVE_WITH_KNOTS('',1,(#3100,#3101),.UNSPECIFIED.,.F.,
  .F.,(2,2),(-1.970733001876,-1.868604407028),.PIECEWISE_BEZIER_KNOTS.);
#3100 = CARTESIAN_POINT('',(6.254719436038,-1.27543911628));
#3101 = CARTESIAN_POINT('',(6.210834796431,-1.183219875922));
#3102 = ( GEOMETRIC_REPRESENTATION_CONTEXT(2) 
PARAMETRIC_REPRESENTATION_CONTEXT() REPRESENTATION_CONTEXT('2D SPACE',''
  ) );
#3103 = PCURVE('',#3104,#3109);
#3104 = PLANE('',#3105);
#3105 = AXIS2_PLACEMENT_3D('',#3106,#3107,#3108);
#3106 = CARTESIAN_POINT('',(60.786780124078,39.75,108.89083479643));
#3107 = DIRECTION('',(0.429699827675,0.,0.902971792525));
#3108 = DIRECTION('',(-0.902971792525,0.,0.429699827675));
#3109 = DEFINITIONAL_REPRESENTATION('',(#3110),#3113);
#3110 = B_SPLINE_CURVE_WITH_KNOTS('',1,(#3111,#3112),.UNSPECIFIED.,.F.,
  .F.,(2,2),(-1.970733001876,-1.868604407028),.PIECEWISE_BEZIER_KNOTS.);
#3111 = CARTESIAN_POINT('',(0.102128594848,-0.1));
#3112 = CARTESIAN_POINT('',(0.,-0.1));
#3113 = ( GEOMETRIC_REPRESENTATION_CONTEXT(2) 
PARAMETRIC_REPRESENTATION_CONTEXT() REPRESENTATION_CONTEXT('2D SPACE',''
  ) );
#3114 = ORIENTED_EDGE('',*,*,#3115,.T.);
#3115 = EDGE_CURVE('',#3090,#3116,#3118,.T.);
#3116 = VERTEX_POINT('',#3117);
#3117 = CARTESIAN_POINT('',(60.847654438472,39.85,108.77413211751));
#3118 = SURFACE_CURVE('',#3119,(#3123,#3129),.PCURVE_S1.);
#3119 = LINE('',#3120,#3121);
#3120 = CARTESIAN_POINT('',(62.217132694367,39.85,106.14869341191));
#3121 = VECTOR('',#3122,1.);
#3122 = DIRECTION('',(0.462482162319,0.,-0.886628586014));
#3123 = PCURVE('',#342,#3124);
#3124 = DEFINITIONAL_REPRESENTATION('',(#3125),#3128);
#3125 = B_SPLINE_CURVE_WITH_KNOTS('',1,(#3126,#3127),.UNSPECIFIED.,.F.,
  .F.,(2,2),(-3.092773487994,-2.961148272247),.PIECEWISE_BEZIER_KNOTS.);
#3126 = CARTESIAN_POINT('',(6.210834796431,-1.183219875922));
#3127 = CARTESIAN_POINT('',(6.094132117511,-1.122345561528));
#3128 = ( GEOMETRIC_REPRESENTATION_CONTEXT(2) 
PARAMETRIC_REPRESENTATION_CONTEXT() REPRESENTATION_CONTEXT('2D SPACE',''
  ) );
#3129 = PCURVE('',#3130,#3135);
#3130 = PLANE('',#3131);
#3131 = AXIS2_PLACEMENT_3D('',#3132,#3133,#3134);
#3132 = CARTESIAN_POINT('',(60.847654438472,39.75,108.77413211751));
#3133 = DIRECTION('',(0.886628586014,0.,0.462482162319));
#3134 = DIRECTION('',(-0.462482162319,0.,0.886628586014));
#3135 = DEFINITIONAL_REPRESENTATION('',(#3136),#3139);
#3136 = B_SPLINE_CURVE_WITH_KNOTS('',1,(#3137,#3138),.UNSPECIFIED.,.F.,
  .F.,(2,2),(-3.092773487994,-2.961148272247),.PIECEWISE_BEZIER_KNOTS.);
#3137 = CARTESIAN_POINT('',(0.131625215746,-0.1));
#3138 = CARTESIAN_POINT('',(0.,-0.1));
#3139 = ( GEOMETRIC_REPRESENTATION_CONTEXT(2) 
PARAMETRIC_REPRESENTATION_CONTEXT() REPRESENTATION_CONTEXT('2D SPACE',''
  ) );
#3140 = ORIENTED_EDGE('',*,*,#3141,.T.);
#3141 = EDGE_CURVE('',#3116,#3142,#3144,.T.);
#3142 = VERTEX_POINT('',#3143);
#3143 = CARTESIAN_POINT('',(60.797043272966,39.85,108.65256930373));
#3144 = SURFACE_CURVE('',#3145,(#3149,#3155),.PCURVE_S1.);
#3145 = LINE('',#3146,#3147);
#3146 = CARTESIAN_POINT('',(59.824054161662,39.85,106.3155495382));
#3147 = VECTOR('',#3148,1.);
#3148 = DIRECTION('',(-0.384356489444,0.,-0.923184753461));
#3149 = PCURVE('',#342,#3150);
#3150 = DEFINITIONAL_REPRESENTATION('',(#3151),#3154);
#3151 = B_SPLINE_CURVE_WITH_KNOTS('',1,(#3152,#3153),.UNSPECIFIED.,.F.,
  .F.,(2,2),(-2.66315336133,-2.531475695161),.PIECEWISE_BEZIER_KNOTS.);
#3152 = CARTESIAN_POINT('',(6.094132117511,-1.122345561528));
#3153 = CARTESIAN_POINT('',(5.972569303732,-1.172956727034));
#3154 = ( GEOMETRIC_REPRESENTATION_CONTEXT(2) 
PARAMETRIC_REPRESENTATION_CONTEXT() REPRESENTATION_CONTEXT('2D SPACE',''
  ) );
#3155 = PCURVE('',#3156,#3161);
#3156 = PLANE('',#3157);
#3157 = AXIS2_PLACEMENT_3D('',#3158,#3159,#3160);
#3158 = CARTESIAN_POINT('',(60.797043272966,39.75,108.65256930373));
#3159 = DIRECTION('',(0.923184753461,0.,-0.384356489444));
#3160 = DIRECTION('',(0.384356489444,0.,0.923184753461));
#3161 = DEFINITIONAL_REPRESENTATION('',(#3162),#3165);
#3162 = B_SPLINE_CURVE_WITH_KNOTS('',1,(#3163,#3164),.UNSPECIFIED.,.F.,
  .F.,(2,2),(-2.66315336133,-2.531475695161),.PIECEWISE_BEZIER_KNOTS.);
#3163 = CARTESIAN_POINT('',(0.131677666169,-0.1));
#3164 = CARTESIAN_POINT('',(0.,-0.1));
#3165 = ( GEOMETRIC_REPRESENTATION_CONTEXT(2) 
PARAMETRIC_REPRESENTATION_CONTEXT() REPRESENTATION_CONTEXT('2D SPACE',''
  ) );
#3166 = ORIENTED_EDGE('',*,*,#3167,.T.);
#3167 = EDGE_CURVE('',#3142,#3168,#3170,.T.);
#3168 = VERTEX_POINT('',#3169);
#3169 = CARTESIAN_POINT('',(60.704012170486,39.85,108.60794758591));
#3170 = SURFACE_CURVE('',#3171,(#3175,#3181),.PCURVE_S1.);
#3171 = LINE('',#3172,#3173);
#3172 = CARTESIAN_POINT('',(60.062858854446,39.85,108.3004228809));
#3173 = VECTOR('',#3174,1.);
#3174 = DIRECTION('',(-0.901648590948,0.,-0.432469442205));
#3175 = PCURVE('',#342,#3176);
#3176 = DEFINITIONAL_REPRESENTATION('',(#3177),#3180);
#3177 = B_SPLINE_CURVE_WITH_KNOTS('',1,(#3178,#3179),.UNSPECIFIED.,.F.,
  .F.,(2,2),(-0.81426891351,-0.71109002163),.PIECEWISE_BEZIER_KNOTS.);
#3178 = CARTESIAN_POINT('',(5.972569303732,-1.172956727034));
#3179 = CARTESIAN_POINT('',(5.927947585914,-1.265987829514));
#3180 = ( GEOMETRIC_REPRESENTATION_CONTEXT(2) 
PARAMETRIC_REPRESENTATION_CONTEXT() REPRESENTATION_CONTEXT('2D SPACE',''
  ) );
#3181 = PCURVE('',#3182,#3187);
#3182 = PLANE('',#3183);
#3183 = AXIS2_PLACEMENT_3D('',#3184,#3185,#3186);
#3184 = CARTESIAN_POINT('',(60.704012170486,39.75,108.60794758591));
#3185 = DIRECTION('',(0.432469442205,0.,-0.901648590948));
#3186 = DIRECTION('',(0.901648590948,0.,0.432469442205));
#3187 = DEFINITIONAL_REPRESENTATION('',(#3188),#3191);
#3188 = B_SPLINE_CURVE_WITH_KNOTS('',1,(#3189,#3190),.UNSPECIFIED.,.F.,
  .F.,(2,2),(-0.81426891351,-0.71109002163),.PIECEWISE_BEZIER_KNOTS.);
#3189 = CARTESIAN_POINT('',(0.10317889188,-0.1));
#3190 = CARTESIAN_POINT('',(0.,-0.1));
#3191 = ( GEOMETRIC_REPRESENTATION_CONTEXT(2) 
PARAMETRIC_REPRESENTATION_CONTEXT() REPRESENTATION_CONTEXT('2D SPACE',''
  ) );
#3192 = ORIENTED_EDGE('',*,*,#3193,.T.);
#3193 = EDGE_CURVE('',#3168,#3194,#3196,.T.);
#3194 = VERTEX_POINT('',#3195);
#3195 = CARTESIAN_POINT('',(60.573377964072,39.85,108.57509937953));
#3196 = SURFACE_CURVE('',#3197,(#3201,#3207),.PCURVE_S1.);
#3197 = LINE('',#3198,#3199);
#3198 = CARTESIAN_POINT('',(60.533070845104,39.85,108.56496408191));
#3199 = VECTOR('',#3200,1.);
#3200 = DIRECTION('',(-0.969810307859,0.,-0.243860547795));
#3201 = PCURVE('',#342,#3202);
#3202 = DEFINITIONAL_REPRESENTATION('',(#3203),#3206);
#3203 = B_SPLINE_CURVE_WITH_KNOTS('',1,(#3204,#3205),.UNSPECIFIED.,.F.,
  .F.,(2,2),(-0.176262640227,-4.156185868716E-02),
  .PIECEWISE_BEZIER_KNOTS.);
#3204 = CARTESIAN_POINT('',(5.927947585914,-1.265987829514));
#3205 = CARTESIAN_POINT('',(5.895099379539,-1.396622035928));
#3206 = ( GEOMETRIC_REPRESENTATION_CONTEXT(2) 
PARAMETRIC_REPRESENTATION_CONTEXT() REPRESENTATION_CONTEXT('2D SPACE',''
  ) );
#3207 = PCURVE('',#3208,#3213);
#3208 = PLANE('',#3209);
#3209 = AXIS2_PLACEMENT_3D('',#3210,#3211,#3212);
#3210 = CARTESIAN_POINT('',(60.573377964072,39.75,108.57509937953));
#3211 = DIRECTION('',(0.243860547795,0.,-0.969810307859));
#3212 = DIRECTION('',(0.969810307859,0.,0.243860547795));
#3213 = DEFINITIONAL_REPRESENTATION('',(#3214),#3217);
#3214 = B_SPLINE_CURVE_WITH_KNOTS('',1,(#3215,#3216),.UNSPECIFIED.,.F.,
  .F.,(2,2),(-0.176262640227,-4.156185868716E-02),
  .PIECEWISE_BEZIER_KNOTS.);
#3215 = CARTESIAN_POINT('',(0.13470078154,-0.1));
#3216 = CARTESIAN_POINT('',(0.,-0.1));
#3217 = ( GEOMETRIC_REPRESENTATION_CONTEXT(2) 
PARAMETRIC_REPRESENTATION_CONTEXT() REPRESENTATION_CONTEXT('2D SPACE',''
  ) );
#3218 = ORIENTED_EDGE('',*,*,#3219,.T.);
#3219 = EDGE_CURVE('',#3194,#3220,#3222,.T.);
#3220 = VERTEX_POINT('',#3221);
#3221 = CARTESIAN_POINT('',(60.346772496225,39.85,108.53151594644));
#3222 = SURFACE_CURVE('',#3223,(#3227,#3233),.PCURVE_S1.);
#3223 = LINE('',#3224,#3225);
#3224 = CARTESIAN_POINT('',(60.586791347211,39.85,108.5776791994));
#3225 = VECTOR('',#3226,1.);
#3226 = DIRECTION('',(-0.982002059977,0.,-0.188870204638));
#3227 = PCURVE('',#342,#3228);
#3228 = DEFINITIONAL_REPRESENTATION('',(#3229),#3232);
#3229 = B_SPLINE_CURVE_WITH_KNOTS('',1,(#3230,#3231),.UNSPECIFIED.,.F.,
  .F.,(2,2),(1.365922097875E-02,0.244417869135),
  .PIECEWISE_BEZIER_KNOTS.);
#3230 = CARTESIAN_POINT('',(5.895099379539,-1.396622035928));
#3231 = CARTESIAN_POINT('',(5.85151594644,-1.623227503775));
#3232 = ( GEOMETRIC_REPRESENTATION_CONTEXT(2) 
PARAMETRIC_REPRESENTATION_CONTEXT() REPRESENTATION_CONTEXT('2D SPACE',''
  ) );
#3233 = PCURVE('',#3234,#3239);
#3234 = PLANE('',#3235);
#3235 = AXIS2_PLACEMENT_3D('',#3236,#3237,#3238);
#3236 = CARTESIAN_POINT('',(60.346772496225,39.75,108.53151594644));
#3237 = DIRECTION('',(0.188870204638,0.,-0.982002059977));
#3238 = DIRECTION('',(0.982002059977,0.,0.188870204638));
#3239 = DEFINITIONAL_REPRESENTATION('',(#3240),#3243);
#3240 = B_SPLINE_CURVE_WITH_KNOTS('',1,(#3241,#3242),.UNSPECIFIED.,.F.,
  .F.,(2,2),(1.365922097875E-02,0.244417869135),
  .PIECEWISE_BEZIER_KNOTS.);
#3241 = CARTESIAN_POINT('',(0.230758648156,-0.1));
#3242 = CARTESIAN_POINT('',(0.,-0.1));
#3243 = ( GEOMETRIC_REPRESENTATION_CONTEXT(2) 
PARAMETRIC_REPRESENTATION_CONTEXT() REPRESENTATION_CONTEXT('2D SPACE',''
  ) );
#3244 = ORIENTED_EDGE('',*,*,#3245,.T.);
#3245 = EDGE_CURVE('',#3220,#3246,#3248,.T.);
#3246 = VERTEX_POINT('',#3247);
#3247 = CARTESIAN_POINT('',(60.176870623555,39.85,108.47958678572));
#3248 = SURFACE_CURVE('',#3249,(#3253,#3259),.PCURVE_S1.);
#3249 = LINE('',#3250,#3251);
#3250 = CARTESIAN_POINT('',(60.186259375705,39.85,108.4824563834));
#3251 = VECTOR('',#3252,1.);
#3252 = DIRECTION('',(-0.956328445265,0.,-0.292294209278));
#3253 = PCURVE('',#342,#3254);
#3254 = DEFINITIONAL_REPRESENTATION('',(#3255),#3258);
#3255 = B_SPLINE_CURVE_WITH_KNOTS('',1,(#3256,#3257),.UNSPECIFIED.,.F.,
  .F.,(2,2),(-0.167843089176,9.81749753098E-03),
  .PIECEWISE_BEZIER_KNOTS.);
#3256 = CARTESIAN_POINT('',(5.85151594644,-1.623227503775));
#3257 = CARTESIAN_POINT('',(5.799586785728,-1.793129376445));
#3258 = ( GEOMETRIC_REPRESENTATION_CONTEXT(2) 
PARAMETRIC_REPRESENTATION_CONTEXT() REPRESENTATION_CONTEXT('2D SPACE',''
  ) );
#3259 = PCURVE('',#3260,#3265);
#3260 = PLANE('',#3261);
#3261 = AXIS2_PLACEMENT_3D('',#3262,#3263,#3264);
#3262 = CARTESIAN_POINT('',(60.176870623555,39.75,108.47958678572));
#3263 = DIRECTION('',(0.292294209278,0.,-0.956328445265));
#3264 = DIRECTION('',(0.956328445265,0.,0.292294209278));
#3265 = DEFINITIONAL_REPRESENTATION('',(#3266),#3269);
#3266 = B_SPLINE_CURVE_WITH_KNOTS('',1,(#3267,#3268),.UNSPECIFIED.,.F.,
  .F.,(2,2),(-0.167843089176,9.81749753098E-03),
  .PIECEWISE_BEZIER_KNOTS.);
#3267 = CARTESIAN_POINT('',(0.177660586707,-0.1));
#3268 = CARTESIAN_POINT('',(0.,-0.1));
#3269 = ( GEOMETRIC_REPRESENTATION_CONTEXT(2) 
PARAMETRIC_REPRESENTATION_CONTEXT() REPRESENTATION_CONTEXT('2D SPACE',''
  ) );
#3270 = ORIENTED_EDGE('',*,*,#3271,.T.);
#3271 = EDGE_CURVE('',#3246,#3272,#3274,.T.);
#3272 = VERTEX_POINT('',#3273);
#3273 = CARTESIAN_POINT('',(60.059147566915,39.85,108.40272021379));
#3274 = SURFACE_CURVE('',#3275,(#3279,#3285),.PCURVE_S1.);
#3275 = LINE('',#3276,#3277);
#3276 = CARTESIAN_POINT('',(59.419128716231,39.85,107.98482369944));
#3277 = VECTOR('',#3278,1.);
#3278 = DIRECTION('',(-0.83731541009,0.,-0.546720133181));
#3279 = PCURVE('',#342,#3280);
#3280 = DEFINITIONAL_REPRESENTATION('',(#3281),#3284);
#3281 = B_SPLINE_CURVE_WITH_KNOTS('',1,(#3282,#3283),.UNSPECIFIED.,.F.,
  .F.,(2,2),(-0.904965916299,-0.764370084404),.PIECEWISE_BEZIER_KNOTS.);
#3282 = CARTESIAN_POINT('',(5.799586785728,-1.793129376445));
#3283 = CARTESIAN_POINT('',(5.72272021379,-1.910852433085));
#3284 = ( GEOMETRIC_REPRESENTATION_CONTEXT(2) 
PARAMETRIC_REPRESENTATION_CONTEXT() REPRESENTATION_CONTEXT('2D SPACE',''
  ) );
#3285 = PCURVE('',#3286,#3291);
#3286 = PLANE('',#3287);
#3287 = AXIS2_PLACEMENT_3D('',#3288,#3289,#3290);
#3288 = CARTESIAN_POINT('',(60.059147566915,39.75,108.40272021379));
#3289 = DIRECTION('',(0.546720133181,0.,-0.83731541009));
#3290 = DIRECTION('',(0.83731541009,0.,0.546720133181));
#3291 = DEFINITIONAL_REPRESENTATION('',(#3292),#3295);
#3292 = B_SPLINE_CURVE_WITH_KNOTS('',1,(#3293,#3294),.UNSPECIFIED.,.F.,
  .F.,(2,2),(-0.904965916299,-0.764370084404),.PIECEWISE_BEZIER_KNOTS.);
#3293 = CARTESIAN_POINT('',(0.140595831895,-0.1));
#3294 = CARTESIAN_POINT('',(0.,-0.1));
#3295 = ( GEOMETRIC_REPRESENTATION_CONTEXT(2) 
PARAMETRIC_REPRESENTATION_CONTEXT() REPRESENTATION_CONTEXT('2D SPACE',''
  ) );
#3296 = ORIENTED_EDGE('',*,*,#3297,.T.);
#3297 = EDGE_CURVE('',#3272,#3298,#3300,.T.);
#3298 = VERTEX_POINT('',#3299);
#3299 = CARTESIAN_POINT('',(59.985304200726,39.85,108.29081861931));
#3300 = SURFACE_CURVE('',#3301,(#3305,#3311),.PCURVE_S1.);
#3301 = LINE('',#3302,#3303);
#3302 = CARTESIAN_POINT('',(58.996669844384,39.85,106.79265071965));
#3303 = VECTOR('',#3304,1.);
#3304 = DIRECTION('',(-0.55078149042,0.,-0.834649477212));
#3305 = PCURVE('',#342,#3306);
#3306 = DEFINITIONAL_REPRESENTATION('',(#3307),#3310);
#3307 = B_SPLINE_CURVE_WITH_KNOTS('',1,(#3308,#3309),.UNSPECIFIED.,.F.,
  .F.,(2,2),(-1.92903672511,-1.794966558494),.PIECEWISE_BEZIER_KNOTS.);
#3308 = CARTESIAN_POINT('',(5.72272021379,-1.910852433085));
#3309 = CARTESIAN_POINT('',(5.610818619315,-1.984695799274));
#3310 = ( GEOMETRIC_REPRESENTATION_CONTEXT(2) 
PARAMETRIC_REPRESENTATION_CONTEXT() REPRESENTATION_CONTEXT('2D SPACE',''
  ) );
#3311 = PCURVE('',#3312,#3317);
#3312 = PLANE('',#3313);
#3313 = AXIS2_PLACEMENT_3D('',#3314,#3315,#3316);
#3314 = CARTESIAN_POINT('',(59.985304200726,39.75,108.29081861931));
#3315 = DIRECTION('',(0.834649477212,0.,-0.55078149042));
#3316 = DIRECTION('',(0.55078149042,0.,0.834649477212));
#3317 = DEFINITIONAL_REPRESENTATION('',(#3318),#3321);
#3318 = B_SPLINE_CURVE_WITH_KNOTS('',1,(#3319,#3320),.UNSPECIFIED.,.F.,
  .F.,(2,2),(-1.92903672511,-1.794966558494),.PIECEWISE_BEZIER_KNOTS.);
#3319 = CARTESIAN_POINT('',(0.134070166615,-0.1));
#3320 = CARTESIAN_POINT('',(0.,-0.1));
#3321 = ( GEOMETRIC_REPRESENTATION_CONTEXT(2) 
PARAMETRIC_REPRESENTATION_CONTEXT() REPRESENTATION_CONTEXT('2D SPACE',''
  ) );
#3322 = ORIENTED_EDGE('',*,*,#3323,.T.);
#3323 = EDGE_CURVE('',#3298,#3324,#3326,.T.);
#3324 = VERTEX_POINT('',#3325);
#3325 = CARTESIAN_POINT('',(59.957646851434,39.85,108.13747153255));
#3326 = SURFACE_CURVE('',#3327,(#3331,#3337),.PCURVE_S1.);
#3327 = LINE('',#3328,#3329);
#3328 = CARTESIAN_POINT('',(59.512701438595,39.85,105.670456993));
#3329 = VECTOR('',#3330,1.);
#3330 = DIRECTION('',(-0.177494093704,0.,-0.984121865777));
#3331 = PCURVE('',#342,#3332);
#3332 = DEFINITIONAL_REPRESENTATION('',(#3333),#3336);
#3333 = B_SPLINE_CURVE_WITH_KNOTS('',1,(#3334,#3335),.UNSPECIFIED.,.F.,
  .F.,(2,2),(-2.662639371645,-2.506818134361),.PIECEWISE_BEZIER_KNOTS.);
#3334 = CARTESIAN_POINT('',(5.610818619315,-1.984695799274));
#3335 = CARTESIAN_POINT('',(5.457471532552,-2.012353148566));
#3336 = ( GEOMETRIC_REPRESENTATION_CONTEXT(2) 
PARAMETRIC_REPRESENTATION_CONTEXT() REPRESENTATION_CONTEXT('2D SPACE',''
  ) );
#3337 = PCURVE('',#3338,#3343);
#3338 = PLANE('',#3339);
#3339 = AXIS2_PLACEMENT_3D('',#3340,#3341,#3342);
#3340 = CARTESIAN_POINT('',(59.957646851434,39.75,108.13747153255));
#3341 = DIRECTION('',(0.984121865777,0.,-0.177494093704));
#3342 = DIRECTION('',(0.177494093704,0.,0.984121865777));
#3343 = DEFINITIONAL_REPRESENTATION('',(#3344),#3347);
#3344 = B_SPLINE_CURVE_WITH_KNOTS('',1,(#3345,#3346),.UNSPECIFIED.,.F.,
  .F.,(2,2),(-2.662639371645,-2.506818134361),.PIECEWISE_BEZIER_KNOTS.);
#3345 = CARTESIAN_POINT('',(0.155821237283,-0.1));
#3346 = CARTESIAN_POINT('',(0.,-0.1));
#3347 = ( GEOMETRIC_REPRESENTATION_CONTEXT(2) 
PARAMETRIC_REPRESENTATION_CONTEXT() REPRESENTATION_CONTEXT('2D SPACE',''
  ) );
#3348 = ORIENTED_EDGE('',*,*,#3349,.T.);
#3349 = EDGE_CURVE('',#3324,#3350,#3352,.T.);
#3350 = VERTEX_POINT('',#3351);
#3351 = CARTESIAN_POINT('',(59.992949479809,39.85,107.94282005546));
#3352 = SURFACE_CURVE('',#3353,(#3357,#3363),.PCURVE_S1.);
#3353 = LINE('',#3354,#3355);
#3354 = CARTESIAN_POINT('',(60.486472534081,39.85,105.22163480907));
#3355 = VECTOR('',#3356,1.);
#3356 = DIRECTION('',(0.178452134424,0.,-0.983948594043));
#3357 = PCURVE('',#342,#3358);
#3358 = DEFINITIONAL_REPRESENTATION('',(#3359),#3362);
#3359 = B_SPLINE_CURVE_WITH_KNOTS('',1,(#3360,#3361),.UNSPECIFIED.,.F.,
  .F.,(2,2),(-2.963403516327,-2.765576639734),.PIECEWISE_BEZIER_KNOTS.);
#3360 = CARTESIAN_POINT('',(5.457471532552,-2.012353148566));
#3361 = CARTESIAN_POINT('',(5.262820055464,-1.977050520191));
#3362 = ( GEOMETRIC_REPRESENTATION_CONTEXT(2) 
PARAMETRIC_REPRESENTATION_CONTEXT() REPRESENTATION_CONTEXT('2D SPACE',''
  ) );
#3363 = PCURVE('',#3364,#3369);
#3364 = PLANE('',#3365);
#3365 = AXIS2_PLACEMENT_3D('',#3366,#3367,#3368);
#3366 = CARTESIAN_POINT('',(59.992949479809,39.75,107.94282005546));
#3367 = DIRECTION('',(0.983948594043,0.,0.178452134424));
#3368 = DIRECTION('',(-0.178452134424,0.,0.983948594043));
#3369 = DEFINITIONAL_REPRESENTATION('',(#3370),#3373);
#3370 = B_SPLINE_CURVE_WITH_KNOTS('',1,(#3371,#3372),.UNSPECIFIED.,.F.,
  .F.,(2,2),(-2.963403516327,-2.765576639734),.PIECEWISE_BEZIER_KNOTS.);
#3371 = CARTESIAN_POINT('',(0.197826876593,-0.1));
#3372 = CARTESIAN_POINT('',(0.,-0.1));
#3373 = ( GEOMETRIC_REPRESENTATION_CONTEXT(2) 
PARAMETRIC_REPRESENTATION_CONTEXT() REPRESENTATION_CONTEXT('2D SPACE',''
  ) );
#3374 = ORIENTED_EDGE('',*,*,#3375,.T.);
#3375 = EDGE_CURVE('',#3350,#3376,#3378,.T.);
#3376 = VERTEX_POINT('',#3377);
#3377 = CARTESIAN_POINT('',(60.106560537716,39.85,107.78928282931));
#3378 = SURFACE_CURVE('',#3379,(#3383,#3389),.PCURVE_S1.);
#3379 = LINE('',#3380,#3381);
#3380 = CARTESIAN_POINT('',(61.657720491106,39.85,105.69300099769));
#3381 = VECTOR('',#3382,1.);
#3382 = DIRECTION('',(0.594821051142,0.,-0.803858144898));
#3383 = PCURVE('',#342,#3384);
#3384 = DEFINITIONAL_REPRESENTATION('',(#3385),#3388);
#3385 = B_SPLINE_CURVE_WITH_KNOTS('',1,(#3386,#3387),.UNSPECIFIED.,.F.,
  .F.,(2,2),(-2.798776216985,-2.607775818312),.PIECEWISE_BEZIER_KNOTS.);
#3386 = CARTESIAN_POINT('',(5.262820055464,-1.977050520191));
#3387 = CARTESIAN_POINT('',(5.109282829312,-1.863439462284));
#3388 = ( GEOMETRIC_REPRESENTATION_CONTEXT(2) 
PARAMETRIC_REPRESENTATION_CONTEXT() REPRESENTATION_CONTEXT('2D SPACE',''
  ) );
#3389 = PCURVE('',#3390,#3395);
#3390 = PLANE('',#3391);
#3391 = AXIS2_PLACEMENT_3D('',#3392,#3393,#3394);
#3392 = CARTESIAN_POINT('',(60.106560537716,39.75,107.78928282931));
#3393 = DIRECTION('',(0.803858144898,0.,0.594821051142));
#3394 = DIRECTION('',(-0.594821051142,0.,0.803858144898));
#3395 = DEFINITIONAL_REPRESENTATION('',(#3396),#3399);
#3396 = B_SPLINE_CURVE_WITH_KNOTS('',1,(#3397,#3398),.UNSPECIFIED.,.F.,
  .F.,(2,2),(-2.798776216985,-2.607775818312),.PIECEWISE_BEZIER_KNOTS.);
#3397 = CARTESIAN_POINT('',(0.191000398673,-0.1));
#3398 = CARTESIAN_POINT('',(0.,-0.1));
#3399 = ( GEOMETRIC_REPRESENTATION_CONTEXT(2) 
PARAMETRIC_REPRESENTATION_CONTEXT() REPRESENTATION_CONTEXT('2D SPACE',''
  ) );
#3400 = ORIENTED_EDGE('',*,*,#3401,.T.);
#3401 = EDGE_CURVE('',#3376,#3402,#3404,.T.);
#3402 = VERTEX_POINT('',#3403);
#3403 = CARTESIAN_POINT('',(60.295305231708,39.85,107.68926418025));
#3404 = SURFACE_CURVE('',#3405,(#3409,#3415),.PCURVE_S1.);
#3405 = LINE('',#3406,#3407);
#3406 = CARTESIAN_POINT('',(61.985321449692,39.85,106.7936991954));
#3407 = VECTOR('',#3408,1.);
#3408 = DIRECTION('',(0.883603966089,0.,-0.468235016965));
#3409 = PCURVE('',#342,#3410);
#3410 = DEFINITIONAL_REPRESENTATION('',(#3411),#3414);
#3411 = B_SPLINE_CURVE_WITH_KNOTS('',1,(#3412,#3413),.UNSPECIFIED.,.F.,
  .F.,(2,2),(-2.126247712867,-1.912639918837),.PIECEWISE_BEZIER_KNOTS.);
#3412 = CARTESIAN_POINT('',(5.109282829312,-1.863439462284));
#3413 = CARTESIAN_POINT('',(5.009264180251,-1.674694768292));
#3414 = ( GEOMETRIC_REPRESENTATION_CONTEXT(2) 
PARAMETRIC_REPRESENTATION_CONTEXT() REPRESENTATION_CONTEXT('2D SPACE',''
  ) );
#3415 = PCURVE('',#3416,#3421);
#3416 = PLANE('',#3417);
#3417 = AXIS2_PLACEMENT_3D('',#3418,#3419,#3420);
#3418 = CARTESIAN_POINT('',(60.295305231708,39.75,107.68926418025));
#3419 = DIRECTION('',(0.468235016965,0.,0.883603966089));
#3420 = DIRECTION('',(-0.883603966089,0.,0.468235016965));
#3421 = DEFINITIONAL_REPRESENTATION('',(#3422),#3425);
#3422 = B_SPLINE_CURVE_WITH_KNOTS('',1,(#3423,#3424),.UNSPECIFIED.,.F.,
  .F.,(2,2),(-2.126247712867,-1.912639918837),.PIECEWISE_BEZIER_KNOTS.);
#3423 = CARTESIAN_POINT('',(0.21360779403,-0.1));
#3424 = CARTESIAN_POINT('',(0.,-0.1));
#3425 = ( GEOMETRIC_REPRESENTATION_CONTEXT(2) 
PARAMETRIC_REPRESENTATION_CONTEXT() REPRESENTATION_CONTEXT('2D SPACE',''
  ) );
#3426 = ORIENTED_EDGE('',*,*,#3427,.T.);
#3427 = EDGE_CURVE('',#3402,#3428,#3430,.T.);
#3428 = VERTEX_POINT('',#3429);
#3429 = CARTESIAN_POINT('',(60.548877488149,39.85,107.65428533528));
#3430 = SURFACE_CURVE('',#3431,(#3435,#3441),.PCURVE_S1.);
#3431 = LINE('',#3432,#3433);
#3432 = CARTESIAN_POINT('',(61.582850781961,39.85,107.51165462303));
#3433 = VECTOR('',#3434,1.);
#3434 = DIRECTION('',(0.990619351732,0.,-0.136650283475));
#3435 = PCURVE('',#342,#3436);
#3436 = DEFINITIONAL_REPRESENTATION('',(#3437),#3440);
#3437 = B_SPLINE_CURVE_WITH_KNOTS('',1,(#3438,#3439),.UNSPECIFIED.,.F.,
  .F.,(2,2),(-1.299737934659,-1.043764481286),.PIECEWISE_BEZIER_KNOTS.);
#3438 = CARTESIAN_POINT('',(5.009264180251,-1.674694768292));
#3439 = CARTESIAN_POINT('',(4.974285335285,-1.421122511851));
#3440 = ( GEOMETRIC_REPRESENTATION_CONTEXT(2) 
PARAMETRIC_REPRESENTATION_CONTEXT() REPRESENTATION_CONTEXT('2D SPACE',''
  ) );
#3441 = PCURVE('',#3442,#3447);
#3442 = PLANE('',#3443);
#3443 = AXIS2_PLACEMENT_3D('',#3444,#3445,#3446);
#3444 = CARTESIAN_POINT('',(60.548877488149,39.75,107.65428533528));
#3445 = DIRECTION('',(0.136650283475,0.,0.990619351732));
#3446 = DIRECTION('',(-0.990619351732,0.,0.136650283475));
#3447 = DEFINITIONAL_REPRESENTATION('',(#3448),#3451);
#3448 = B_SPLINE_CURVE_WITH_KNOTS('',1,(#3449,#3450),.UNSPECIFIED.,.F.,
  .F.,(2,2),(-1.299737934659,-1.043764481286),.PIECEWISE_BEZIER_KNOTS.);
#3449 = CARTESIAN_POINT('',(0.255973453373,-0.1));
#3450 = CARTESIAN_POINT('',(0.,-0.1));
#3451 = ( GEOMETRIC_REPRESENTATION_CONTEXT(2) 
PARAMETRIC_REPRESENTATION_CONTEXT() REPRESENTATION_CONTEXT('2D SPACE',''
  ) );
#3452 = ORIENTED_EDGE('',*,*,#3453,.T.);
#3453 = EDGE_CURVE('',#3428,#3454,#3456,.T.);
#3454 = VERTEX_POINT('',#3455);
#3455 = CARTESIAN_POINT('',(60.795865208599,39.85,107.68316109271));
#3456 = SURFACE_CURVE('',#3457,(#3461,#3467),.PCURVE_S1.);
#3457 = LINE('',#3458,#3459);
#3458 = CARTESIAN_POINT('',(61.086496093787,39.85,107.71713924727));
#3459 = VECTOR('',#3460,1.);
#3460 = DIRECTION('',(0.993235096054,-0.,0.116120816247));
#3461 = PCURVE('',#342,#3462);
#3462 = DEFINITIONAL_REPRESENTATION('',(#3463),#3466);
#3463 = B_SPLINE_CURVE_WITH_KNOTS('',1,(#3464,#3465),.UNSPECIFIED.,.F.,
  .F.,(2,2),(-0.541280314977,-0.292610366209),.PIECEWISE_BEZIER_KNOTS.);
#3464 = CARTESIAN_POINT('',(4.974285335285,-1.421122511851));
#3465 = CARTESIAN_POINT('',(5.003161092712,-1.174134791401));
#3466 = ( GEOMETRIC_REPRESENTATION_CONTEXT(2) 
PARAMETRIC_REPRESENTATION_CONTEXT() REPRESENTATION_CONTEXT('2D SPACE',''
  ) );
#3467 = PCURVE('',#3468,#3473);
#3468 = PLANE('',#3469);
#3469 = AXIS2_PLACEMENT_3D('',#3470,#3471,#3472);
#3470 = CARTESIAN_POINT('',(60.795865208599,39.75,107.68316109271));
#3471 = DIRECTION('',(-0.116120816247,0.,0.993235096054));
#3472 = DIRECTION('',(-0.993235096054,0.,-0.116120816247));
#3473 = DEFINITIONAL_REPRESENTATION('',(#3474),#3477);
#3474 = B_SPLINE_CURVE_WITH_KNOTS('',1,(#3475,#3476),.UNSPECIFIED.,.F.,
  .F.,(2,2),(-0.541280314977,-0.292610366209),.PIECEWISE_BEZIER_KNOTS.);
#3475 = CARTESIAN_POINT('',(0.248669948768,-0.1));
#3476 = CARTESIAN_POINT('',(0.,-0.1));
#3477 = ( GEOMETRIC_REPRESENTATION_CONTEXT(2) 
PARAMETRIC_REPRESENTATION_CONTEXT() REPRESENTATION_CONTEXT('2D SPACE',''
  ) );
#3478 = ORIENTED_EDGE('',*,*,#3479,.T.);
#3479 = EDGE_CURVE('',#3454,#3480,#3482,.T.);
#3480 = VERTEX_POINT('',#3481);
#3481 = CARTESIAN_POINT('',(60.981054766261,39.85,107.7716486725));
#3482 = SURFACE_CURVE('',#3483,(#3487,#3493),.PCURVE_S1.);
#3483 = LINE('',#3484,#3485);
#3484 = CARTESIAN_POINT('',(60.393275385303,39.85,107.49079495953));
#3485 = VECTOR('',#3486,1.);
#3486 = DIRECTION('',(0.902288417597,-0.,0.43113293944));
#3487 = PCURVE('',#342,#3488);
#3488 = DEFINITIONAL_REPRESENTATION('',(#3489),#3492);
#3489 = B_SPLINE_CURVE_WITH_KNOTS('',1,(#3490,#3491),.UNSPECIFIED.,.F.,
  .F.,(2,2),(0.446187511049,0.651431814367),.PIECEWISE_BEZIER_KNOTS.);
#3490 = CARTESIAN_POINT('',(5.003161092712,-1.174134791401));
#3491 = CARTESIAN_POINT('',(5.091648672505,-0.988945233739));
#3492 = ( GEOMETRIC_REPRESENTATION_CONTEXT(2) 
PARAMETRIC_REPRESENTATION_CONTEXT() REPRESENTATION_CONTEXT('2D SPACE',''
  ) );
#3493 = PCURVE('',#3494,#3499);
#3494 = PLANE('',#3495);
#3495 = AXIS2_PLACEMENT_3D('',#3496,#3497,#3498);
#3496 = CARTESIAN_POINT('',(60.981054766261,39.75,107.7716486725));
#3497 = DIRECTION('',(-0.43113293944,0.,0.902288417597));
#3498 = DIRECTION('',(-0.902288417597,0.,-0.43113293944));
#3499 = DEFINITIONAL_REPRESENTATION('',(#3500),#3503);
#3500 = B_SPLINE_CURVE_WITH_KNOTS('',1,(#3501,#3502),.UNSPECIFIED.,.F.,
  .F.,(2,2),(0.446187511049,0.651431814367),.PIECEWISE_BEZIER_KNOTS.);
#3501 = CARTESIAN_POINT('',(0.205244303318,-0.1));
#3502 = CARTESIAN_POINT('',(0.,-0.1));
#3503 = ( GEOMETRIC_REPRESENTATION_CONTEXT(2) 
PARAMETRIC_REPRESENTATION_CONTEXT() REPRESENTATION_CONTEXT('2D SPACE',''
  ) );
#3504 = ORIENTED_EDGE('',*,*,#3505,.T.);
#3505 = EDGE_CURVE('',#3480,#3506,#3508,.T.);
#3506 = VERTEX_POINT('',#3507);
#3507 = CARTESIAN_POINT('',(61.105071199163,39.85,107.91942057175));
#3508 = SURFACE_CURVE('',#3509,(#3513,#3519),.PCURVE_S1.);
#3509 = LINE('',#3510,#3511);
#3510 = CARTESIAN_POINT('',(59.99379716099,39.85,106.5952809286));
#3511 = VECTOR('',#3512,1.);
#3512 = DIRECTION('',(0.642851750401,-0.,0.765990618093));
#3513 = PCURVE('',#342,#3514);
#3514 = DEFINITIONAL_REPRESENTATION('',(#3515),#3518);
#3515 = B_SPLINE_CURVE_WITH_KNOTS('',1,(#3516,#3517),.UNSPECIFIED.,.F.,
  .F.,(2,2),(1.535746934896,1.728663004309),.PIECEWISE_BEZIER_KNOTS.);
#3516 = CARTESIAN_POINT('',(5.091648672505,-0.988945233739));
#3517 = CARTESIAN_POINT('',(5.239420571754,-0.864928800837));
#3518 = ( GEOMETRIC_REPRESENTATION_CONTEXT(2) 
PARAMETRIC_REPRESENTATION_CONTEXT() REPRESENTATION_CONTEXT('2D SPACE',''
  ) );
#3519 = PCURVE('',#3520,#3525);
#3520 = PLANE('',#3521);
#3521 = AXIS2_PLACEMENT_3D('',#3522,#3523,#3524);
#3522 = CARTESIAN_POINT('',(61.105071199163,39.75,107.91942057175));
#3523 = DIRECTION('',(-0.765990618093,0.,0.642851750401));
#3524 = DIRECTION('',(-0.642851750401,0.,-0.765990618093));
#3525 = DEFINITIONAL_REPRESENTATION('',(#3526),#3529);
#3526 = B_SPLINE_CURVE_WITH_KNOTS('',1,(#3527,#3528),.UNSPECIFIED.,.F.,
  .F.,(2,2),(1.535746934896,1.728663004309),.PIECEWISE_BEZIER_KNOTS.);
#3527 = CARTESIAN_POINT('',(0.192916069412,-0.1));
#3528 = CARTESIAN_POINT('',(0.,-0.1));
#3529 = ( GEOMETRIC_REPRESENTATION_CONTEXT(2) 
PARAMETRIC_REPRESENTATION_CONTEXT() REPRESENTATION_CONTEXT('2D SPACE',''
  ) );
#3530 = ORIENTED_EDGE('',*,*,#3531,.T.);
#3531 = EDGE_CURVE('',#3506,#3532,#3534,.T.);
#3532 = VERTEX_POINT('',#3533);
#3533 = CARTESIAN_POINT('',(61.148848588509,39.85,108.07893706261));
#3534 = SURFACE_CURVE('',#3535,(#3539,#3545),.PCURVE_S1.);
#3535 = LINE('',#3536,#3537);
#3536 = CARTESIAN_POINT('',(60.488657883064,39.85,105.6733275413));
#3537 = VECTOR('',#3538,1.);
#3538 = DIRECTION('',(0.264652604555,-0.,0.964343817786));
#3539 = PCURVE('',#342,#3540);
#3540 = DEFINITIONAL_REPRESENTATION('',(#3541),#3544);
#3541 = B_SPLINE_CURVE_WITH_KNOTS('',1,(#3542,#3543),.UNSPECIFIED.,.F.,
  .F.,(2,2),(2.329141317676,2.494555859581),.PIECEWISE_BEZIER_KNOTS.);
#3542 = CARTESIAN_POINT('',(5.239420571754,-0.864928800837));
#3543 = CARTESIAN_POINT('',(5.398937062613,-0.821151411491));
#3544 = ( GEOMETRIC_REPRESENTATION_CONTEXT(2) 
PARAMETRIC_REPRESENTATION_CONTEXT() REPRESENTATION_CONTEXT('2D SPACE',''
  ) );
#3545 = PCURVE('',#3546,#3551);
#3546 = PLANE('',#3547);
#3547 = AXIS2_PLACEMENT_3D('',#3548,#3549,#3550);
#3548 = CARTESIAN_POINT('',(61.148848588509,39.75,108.07893706261));
#3549 = DIRECTION('',(-0.964343817786,0.,0.264652604555));
#3550 = DIRECTION('',(-0.264652604555,0.,-0.964343817786));
#3551 = DEFINITIONAL_REPRESENTATION('',(#3552),#3555);
#3552 = B_SPLINE_CURVE_WITH_KNOTS('',1,(#3553,#3554),.UNSPECIFIED.,.F.,
  .F.,(2,2),(2.329141317676,2.494555859581),.PIECEWISE_BEZIER_KNOTS.);
#3553 = CARTESIAN_POINT('',(0.165414541906,-0.1));
#3554 = CARTESIAN_POINT('',(0.,-0.1));
#3555 = ( GEOMETRIC_REPRESENTATION_CONTEXT(2) 
PARAMETRIC_REPRESENTATION_CONTEXT() REPRESENTATION_CONTEXT('2D SPACE',''
  ) );
#3556 = ORIENTED_EDGE('',*,*,#3557,.T.);
#3557 = EDGE_CURVE('',#3532,#3558,#3560,.T.);
#3558 = VERTEX_POINT('',#3559);
#3559 = CARTESIAN_POINT('',(60.907247933565,39.85,108.1371533152));
#3560 = SURFACE_CURVE('',#3561,(#3565,#3571),.PCURVE_S1.);
#3561 = LINE('',#3562,#3563);
#3562 = CARTESIAN_POINT('',(62.030864143937,39.85,107.86640601472));
#3563 = VECTOR('',#3564,1.);
#3564 = DIRECTION('',(-0.972174966015,0.,0.234255918715));
#3565 = PCURVE('',#342,#3566);
#3566 = DEFINITIONAL_REPRESENTATION('',(#3567),#3570);
#3567 = B_SPLINE_CURVE_WITH_KNOTS('',1,(#3568,#3569),.UNSPECIFIED.,.F.,
  .F.,(2,2),(0.907260098501,1.155775708746),.PIECEWISE_BEZIER_KNOTS.);
#3568 = CARTESIAN_POINT('',(5.398937062613,-0.821151411491));
#3569 = CARTESIAN_POINT('',(5.457153315206,-1.062752066435));
#3570 = ( GEOMETRIC_REPRESENTATION_CONTEXT(2) 
PARAMETRIC_REPRESENTATION_CONTEXT() REPRESENTATION_CONTEXT('2D SPACE',''
  ) );
#3571 = PCURVE('',#3572,#3577);
#3572 = PLANE('',#3573);
#3573 = AXIS2_PLACEMENT_3D('',#3574,#3575,#3576);
#3574 = CARTESIAN_POINT('',(60.907247933565,39.75,108.1371533152));
#3575 = DIRECTION('',(-0.234255918715,0.,-0.972174966015));
#3576 = DIRECTION('',(0.972174966015,0.,-0.234255918715));
#3577 = DEFINITIONAL_REPRESENTATION('',(#3578),#3581);
#3578 = B_SPLINE_CURVE_WITH_KNOTS('',1,(#3579,#3580),.UNSPECIFIED.,.F.,
  .F.,(2,2),(0.907260098501,1.155775708746),.PIECEWISE_BEZIER_KNOTS.);
#3579 = CARTESIAN_POINT('',(0.248515610245,-0.1));
#3580 = CARTESIAN_POINT('',(0.,-0.1));
#3581 = ( GEOMETRIC_REPRESENTATION_CONTEXT(2) 
PARAMETRIC_REPRESENTATION_CONTEXT() REPRESENTATION_CONTEXT('2D SPACE',''
  ) );
#3582 = ORIENTED_EDGE('',*,*,#3583,.T.);
#3583 = EDGE_CURVE('',#3558,#3584,#3586,.T.);
#3584 = VERTEX_POINT('',#3585);
#3585 = CARTESIAN_POINT('',(60.844813555989,39.85,108.0417397352));
#3586 = SURFACE_CURVE('',#3587,(#3591,#3597),.PCURVE_S1.);
#3587 = LINE('',#3588,#3589);
#3588 = CARTESIAN_POINT('',(59.785179039853,39.85,106.42238311456));
#3589 = VECTOR('',#3590,1.);
#3590 = DIRECTION('',(-0.547547751524,0.,-0.836774437827));
#3591 = PCURVE('',#342,#3592);
#3592 = DEFINITIONAL_REPRESENTATION('',(#3593),#3596);
#3593 = B_SPLINE_CURVE_WITH_KNOTS('',1,(#3594,#3595),.UNSPECIFIED.,.F.,
  .F.,(2,2),(-2.049262170447,-1.935236722617),.PIECEWISE_BEZIER_KNOTS.);
#3594 = CARTESIAN_POINT('',(5.457153315206,-1.062752066435));
#3595 = CARTESIAN_POINT('',(5.3617397352,-1.125186444011));
#3596 = ( GEOMETRIC_REPRESENTATION_CONTEXT(2) 
PARAMETRIC_REPRESENTATION_CONTEXT() REPRESENTATION_CONTEXT('2D SPACE',''
  ) );
#3597 = PCURVE('',#3598,#3603);
#3598 = PLANE('',#3599);
#3599 = AXIS2_PLACEMENT_3D('',#3600,#3601,#3602);
#3600 = CARTESIAN_POINT('',(60.844813555989,39.75,108.0417397352));
#3601 = DIRECTION('',(0.836774437827,0.,-0.547547751524));
#3602 = DIRECTION('',(0.547547751524,0.,0.836774437827));
#3603 = DEFINITIONAL_REPRESENTATION('',(#3604),#3607);
#3604 = B_SPLINE_CURVE_WITH_KNOTS('',1,(#3605,#3606),.UNSPECIFIED.,.F.,
  .F.,(2,2),(-2.049262170447,-1.935236722617),.PIECEWISE_BEZIER_KNOTS.);
#3605 = CARTESIAN_POINT('',(0.114025447831,-0.1));
#3606 = CARTESIAN_POINT('',(0.,-0.1));
#3607 = ( GEOMETRIC_REPRESENTATION_CONTEXT(2) 
PARAMETRIC_REPRESENTATION_CONTEXT() REPRESENTATION_CONTEXT('2D SPACE',''
  ) );
#3608 = ORIENTED_EDGE('',*,*,#3609,.T.);
#3609 = EDGE_CURVE('',#3584,#3610,#3612,.T.);
#3610 = VERTEX_POINT('',#3611);
#3611 = CARTESIAN_POINT('',(60.782866505123,39.85,107.96311823216));
#3612 = SURFACE_CURVE('',#3613,(#3617,#3623),.PCURVE_S1.);
#3613 = LINE('',#3614,#3615);
#3614 = CARTESIAN_POINT('',(59.72609131558,39.85,106.62188805872));
#3615 = VECTOR('',#3616,1.);
#3616 = DIRECTION('',(-0.61888971024,0.,-0.785477896926));
#3617 = PCURVE('',#342,#3618);
#3618 = DEFINITIONAL_REPRESENTATION('',(#3619),#3622);
#3619 = B_SPLINE_CURVE_WITH_KNOTS('',1,(#3620,#3621),.UNSPECIFIED.,.F.,
  .F.,(2,2),(-1.807627791994,-1.707533946773),.PIECEWISE_BEZIER_KNOTS.);
#3620 = CARTESIAN_POINT('',(5.3617397352,-1.125186444011));
#3621 = CARTESIAN_POINT('',(5.28311823216,-1.187133494877));
#3622 = ( GEOMETRIC_REPRESENTATION_CONTEXT(2) 
PARAMETRIC_REPRESENTATION_CONTEXT() REPRESENTATION_CONTEXT('2D SPACE',''
  ) );
#3623 = PCURVE('',#3624,#3629);
#3624 = PLANE('',#3625);
#3625 = AXIS2_PLACEMENT_3D('',#3626,#3627,#3628);
#3626 = CARTESIAN_POINT('',(60.782866505123,39.75,107.96311823216));
#3627 = DIRECTION('',(0.785477896926,0.,-0.61888971024));
#3628 = DIRECTION('',(0.61888971024,0.,0.785477896926));
#3629 = DEFINITIONAL_REPRESENTATION('',(#3630),#3633);
#3630 = B_SPLINE_CURVE_WITH_KNOTS('',1,(#3631,#3632),.UNSPECIFIED.,.F.,
  .F.,(2,2),(-1.807627791994,-1.707533946773),.PIECEWISE_BEZIER_KNOTS.);
#3631 = CARTESIAN_POINT('',(0.100093845221,-0.1));
#3632 = CARTESIAN_POINT('',(0.,-0.1));
#3633 = ( GEOMETRIC_REPRESENTATION_CONTEXT(2) 
PARAMETRIC_REPRESENTATION_CONTEXT() REPRESENTATION_CONTEXT('2D SPACE',''
  ) );
#3634 = ORIENTED_EDGE('',*,*,#3635,.T.);
#3635 = EDGE_CURVE('',#3610,#3636,#3638,.T.);
#3636 = VERTEX_POINT('',#3637);
#3637 = CARTESIAN_POINT('',(60.681536614902,39.85,107.91251198215));
#3638 = SURFACE_CURVE('',#3639,(#3643,#3649),.PCURVE_S1.);
#3639 = LINE('',#3640,#3641);
#3640 = CARTESIAN_POINT('',(60.151386412371,39.85,107.64774396916));
#3641 = VECTOR('',#3642,1.);
#3642 = DIRECTION('',(-0.894634380879,0.,-0.446798975547));
#3643 = PCURVE('',#342,#3644);
#3644 = DEFINITIONAL_REPRESENTATION('',(#3645),#3648);
#3645 = B_SPLINE_CURVE_WITH_KNOTS('',1,(#3646,#3647),.UNSPECIFIED.,.F.,
  .F.,(2,2),(-0.705852699436,-0.592588675175),.PIECEWISE_BEZIER_KNOTS.);
#3646 = CARTESIAN_POINT('',(5.28311823216,-1.187133494877));
#3647 = CARTESIAN_POINT('',(5.232511982154,-1.288463385098));
#3648 = ( GEOMETRIC_REPRESENTATION_CONTEXT(2) 
PARAMETRIC_REPRESENTATION_CONTEXT() REPRESENTATION_CONTEXT('2D SPACE',''
  ) );
#3649 = PCURVE('',#3650,#3655);
#3650 = PLANE('',#3651);
#3651 = AXIS2_PLACEMENT_3D('',#3652,#3653,#3654);
#3652 = CARTESIAN_POINT('',(60.681536614902,39.75,107.91251198215));
#3653 = DIRECTION('',(0.446798975547,0.,-0.894634380879));
#3654 = DIRECTION('',(0.894634380879,0.,0.446798975547));
#3655 = DEFINITIONAL_REPRESENTATION('',(#3656),#3659);
#3656 = B_SPLINE_CURVE_WITH_KNOTS('',1,(#3657,#3658),.UNSPECIFIED.,.F.,
  .F.,(2,2),(-0.705852699436,-0.592588675175),.PIECEWISE_BEZIER_KNOTS.);
#3657 = CARTESIAN_POINT('',(0.113264024261,-0.1));
#3658 = CARTESIAN_POINT('',(0.,-0.1));
#3659 = ( GEOMETRIC_REPRESENTATION_CONTEXT(2) 
PARAMETRIC_REPRESENTATION_CONTEXT() REPRESENTATION_CONTEXT('2D SPACE',''
  ) );
#3660 = ORIENTED_EDGE('',*,*,#3661,.T.);
#3661 = EDGE_CURVE('',#3636,#3662,#3664,.T.);
#3662 = VERTEX_POINT('',#3663);
#3663 = CARTESIAN_POINT('',(60.544673252185,39.85,107.89482098158));
#3664 = SURFACE_CURVE('',#3665,(#3669,#3675),.PCURVE_S1.);
#3665 = LINE('',#3666,#3667);
#3666 = CARTESIAN_POINT('',(60.914128989652,39.85,107.9425769444));
#3667 = VECTOR('',#3668,1.);
#3668 = DIRECTION('',(-0.991749136458,0.,-0.128193799904));
#3669 = PCURVE('',#342,#3670);
#3670 = DEFINITIONAL_REPRESENTATION('',(#3671),#3674);
#3671 = B_SPLINE_CURVE_WITH_KNOTS('',1,(#3672,#3673),.UNSPECIFIED.,.F.,
  .F.,(2,2),(0.234527428559,0.372529426934),.PIECEWISE_BEZIER_KNOTS.);
#3672 = CARTESIAN_POINT('',(5.232511982154,-1.288463385098));
#3673 = CARTESIAN_POINT('',(5.214820981588,-1.425326747815));
#3674 = ( GEOMETRIC_REPRESENTATION_CONTEXT(2) 
PARAMETRIC_REPRESENTATION_CONTEXT() REPRESENTATION_CONTEXT('2D SPACE',''
  ) );
#3675 = PCURVE('',#3676,#3681);
#3676 = PLANE('',#3677);
#3677 = AXIS2_PLACEMENT_3D('',#3678,#3679,#3680);
#3678 = CARTESIAN_POINT('',(60.544673252185,39.75,107.89482098158));
#3679 = DIRECTION('',(0.128193799904,0.,-0.991749136458));
#3680 = DIRECTION('',(0.991749136458,0.,0.128193799904));
#3681 = DEFINITIONAL_REPRESENTATION('',(#3682),#3685);
#3682 = B_SPLINE_CURVE_WITH_KNOTS('',1,(#3683,#3684),.UNSPECIFIED.,.F.,
  .F.,(2,2),(0.234527428559,0.372529426934),.PIECEWISE_BEZIER_KNOTS.);
#3683 = CARTESIAN_POINT('',(0.138001998375,-0.1));
#3684 = CARTESIAN_POINT('',(0.,-0.1));
#3685 = ( GEOMETRIC_REPRESENTATION_CONTEXT(2) 
PARAMETRIC_REPRESENTATION_CONTEXT() REPRESENTATION_CONTEXT('2D SPACE',''
  ) );
#3686 = ORIENTED_EDGE('',*,*,#3687,.T.);
#3687 = EDGE_CURVE('',#3662,#3688,#3690,.T.);
#3688 = VERTEX_POINT('',#3689);
#3689 = CARTESIAN_POINT('',(60.423863555072,39.85,107.9067207011));
#3690 = SURFACE_CURVE('',#3691,(#3695,#3701),.PCURVE_S1.);
#3691 = LINE('',#3692,#3693);
#3692 = CARTESIAN_POINT('',(61.444445122786,39.85,107.80619371781));
#3693 = VECTOR('',#3694,1.);
#3694 = DIRECTION('',(-0.995183920759,0.,9.802532256039E-02));
#3695 = PCURVE('',#342,#3696);
#3696 = DEFINITIONAL_REPRESENTATION('',(#3697),#3700);
#3697 = B_SPLINE_CURVE_WITH_KNOTS('',1,(#3698,#3699),.UNSPECIFIED.,.F.,
  .F.,(2,2),(0.904126214093,1.025520555975),.PIECEWISE_BEZIER_KNOTS.);
#3698 = CARTESIAN_POINT('',(5.214820981588,-1.425326747815));
#3699 = CARTESIAN_POINT('',(5.226720701108,-1.546136444928));
#3700 = ( GEOMETRIC_REPRESENTATION_CONTEXT(2) 
PARAMETRIC_REPRESENTATION_CONTEXT() REPRESENTATION_CONTEXT('2D SPACE',''
  ) );
#3701 = PCURVE('',#3702,#3707);
#3702 = PLANE('',#3703);
#3703 = AXIS2_PLACEMENT_3D('',#3704,#3705,#3706);
#3704 = CARTESIAN_POINT('',(60.423863555072,39.75,107.9067207011));
#3705 = DIRECTION('',(-9.802532256039E-02,0.,-0.995183920759));
#3706 = DIRECTION('',(0.995183920759,0.,-9.802532256039E-02));
#3707 = DEFINITIONAL_REPRESENTATION('',(#3708),#3711);
#3708 = B_SPLINE_CURVE_WITH_KNOTS('',1,(#3709,#3710),.UNSPECIFIED.,.F.,
  .F.,(2,2),(0.904126214093,1.025520555975),.PIECEWISE_BEZIER_KNOTS.);
#3709 = CARTESIAN_POINT('',(0.121394341883,-0.1));
#3710 = CARTESIAN_POINT('',(0.,-0.1));
#3711 = ( GEOMETRIC_REPRESENTATION_CONTEXT(2) 
PARAMETRIC_REPRESENTATION_CONTEXT() REPRESENTATION_CONTEXT('2D SPACE',''
  ) );
#3712 = ORIENTED_EDGE('',*,*,#3713,.T.);
#3713 = EDGE_CURVE('',#3688,#3714,#3716,.T.);
#3714 = VERTEX_POINT('',#3715);
#3715 = CARTESIAN_POINT('',(60.318631470093,39.85,107.95246526682));
#3716 = SURFACE_CURVE('',#3717,(#3721,#3727),.PCURVE_S1.);
#3717 = LINE('',#3718,#3719);
#3718 = CARTESIAN_POINT('',(61.976929338002,39.85,107.23160037271));
#3719 = VECTOR('',#3720,1.);
#3720 = DIRECTION('',(-0.917097188155,0.,0.398663702234));
#3721 = PCURVE('',#342,#3722);
#3722 = DEFINITIONAL_REPRESENTATION('',(#3723),#3726);
#3723 = B_SPLINE_CURVE_WITH_KNOTS('',1,(#3724,#3725),.UNSPECIFIED.,.F.,
  .F.,(2,2),(1.693458232115,1.808202979279),.PIECEWISE_BEZIER_KNOTS.);
#3724 = CARTESIAN_POINT('',(5.226720701108,-1.546136444928));
#3725 = CARTESIAN_POINT('',(5.272465266824,-1.651368529907));
#3726 = ( GEOMETRIC_REPRESENTATION_CONTEXT(2) 
PARAMETRIC_REPRESENTATION_CONTEXT() REPRESENTATION_CONTEXT('2D SPACE',''
  ) );
#3727 = PCURVE('',#3728,#3733);
#3728 = PLANE('',#3729);
#3729 = AXIS2_PLACEMENT_3D('',#3730,#3731,#3732);
#3730 = CARTESIAN_POINT('',(60.318631470093,39.75,107.95246526682));
#3731 = DIRECTION('',(-0.398663702234,0.,-0.917097188155));
#3732 = DIRECTION('',(0.917097188155,0.,-0.398663702234));
#3733 = DEFINITIONAL_REPRESENTATION('',(#3734),#3737);
#3734 = B_SPLINE_CURVE_WITH_KNOTS('',1,(#3735,#3736),.UNSPECIFIED.,.F.,
  .F.,(2,2),(1.693458232115,1.808202979279),.PIECEWISE_BEZIER_KNOTS.);
#3735 = CARTESIAN_POINT('',(0.114744747164,-0.1));
#3736 = CARTESIAN_POINT('',(0.,-0.1));
#3737 = ( GEOMETRIC_REPRESENTATION_CONTEXT(2) 
PARAMETRIC_REPRESENTATION_CONTEXT() REPRESENTATION_CONTEXT('2D SPACE',''
  ) );
#3738 = ORIENTED_EDGE('',*,*,#3739,.T.);
#3739 = EDGE_CURVE('',#3714,#3740,#3742,.T.);
#3740 = VERTEX_POINT('',#3741);
#3741 = CARTESIAN_POINT('',(60.24711122394,39.85,108.08247473242));
#3742 = SURFACE_CURVE('',#3743,(#3747,#3753),.PCURVE_S1.);
#3743 = LINE('',#3744,#3745);
#3744 = CARTESIAN_POINT('',(61.588008691661,39.85,105.6449920253));
#3745 = VECTOR('',#3746,1.);
#3746 = DIRECTION('',(-0.481996567133,0.,0.876173104627));
#3747 = PCURVE('',#342,#3748);
#3748 = DEFINITIONAL_REPRESENTATION('',(#3749),#3752);
#3749 = B_SPLINE_CURVE_WITH_KNOTS('',1,(#3750,#3751),.UNSPECIFIED.,.F.,
  .F.,(2,2),(2.633581457062,2.781964767297),.PIECEWISE_BEZIER_KNOTS.);
#3750 = CARTESIAN_POINT('',(5.272465266824,-1.651368529907));
#3751 = CARTESIAN_POINT('',(5.402474732427,-1.72288877606));
#3752 = ( GEOMETRIC_REPRESENTATION_CONTEXT(2) 
PARAMETRIC_REPRESENTATION_CONTEXT() REPRESENTATION_CONTEXT('2D SPACE',''
  ) );
#3753 = PCURVE('',#3754,#3759);
#3754 = PLANE('',#3755);
#3755 = AXIS2_PLACEMENT_3D('',#3756,#3757,#3758);
#3756 = CARTESIAN_POINT('',(60.24711122394,39.75,108.08247473242));
#3757 = DIRECTION('',(-0.876173104627,0.,-0.481996567133));
#3758 = DIRECTION('',(0.481996567133,0.,-0.876173104627));
#3759 = DEFINITIONAL_REPRESENTATION('',(#3760),#3763);
#3760 = B_SPLINE_CURVE_WITH_KNOTS('',1,(#3761,#3762),.UNSPECIFIED.,.F.,
  .F.,(2,2),(2.633581457062,2.781964767297),.PIECEWISE_BEZIER_KNOTS.);
#3761 = CARTESIAN_POINT('',(0.148383310235,-0.1));
#3762 = CARTESIAN_POINT('',(0.,-0.1));
#3763 = ( GEOMETRIC_REPRESENTATION_CONTEXT(2) 
PARAMETRIC_REPRESENTATION_CONTEXT() REPRESENTATION_CONTEXT('2D SPACE',''
  ) );
#3764 = ORIENTED_EDGE('',*,*,#3765,.T.);
#3765 = EDGE_CURVE('',#3740,#3766,#3768,.T.);
#3766 = VERTEX_POINT('',#3767);
#3767 = CARTESIAN_POINT('',(60.302151351202,39.85,108.22089492189));
#3768 = SURFACE_CURVE('',#3769,(#3773,#3779),.PCURVE_S1.);
#3769 = LINE('',#3770,#3771);
#3770 = CARTESIAN_POINT('',(59.464784428564,39.85,106.11500429534));
#3771 = VECTOR('',#3772,1.);
#3772 = DIRECTION('',(0.36949200055,-0.,0.929233911095));
#3773 = PCURVE('',#342,#3774);
#3774 = DEFINITIONAL_REPRESENTATION('',(#3775),#3778);
#3775 = B_SPLINE_CURVE_WITH_KNOTS('',1,(#3776,#3777),.UNSPECIFIED.,.F.,
  .F.,(2,2),(2.117303741926,2.266265362691),.PIECEWISE_BEZIER_KNOTS.);
#3776 = CARTESIAN_POINT('',(5.402474732427,-1.72288877606));
#3777 = CARTESIAN_POINT('',(5.540894921894,-1.667848648798));
#3778 = ( GEOMETRIC_REPRESENTATION_CONTEXT(2) 
PARAMETRIC_REPRESENTATION_CONTEXT() REPRESENTATION_CONTEXT('2D SPACE',''
  ) );
#3779 = PCURVE('',#3780,#3785);
#3780 = PLANE('',#3781);
#3781 = AXIS2_PLACEMENT_3D('',#3782,#3783,#3784);
#3782 = CARTESIAN_POINT('',(60.302151351202,39.75,108.22089492189));
#3783 = DIRECTION('',(-0.929233911095,0.,0.36949200055));
#3784 = DIRECTION('',(-0.36949200055,0.,-0.929233911095));
#3785 = DEFINITIONAL_REPRESENTATION('',(#3786),#3789);
#3786 = B_SPLINE_CURVE_WITH_KNOTS('',1,(#3787,#3788),.UNSPECIFIED.,.F.,
  .F.,(2,2),(2.117303741926,2.266265362691),.PIECEWISE_BEZIER_KNOTS.);
#3787 = CARTESIAN_POINT('',(0.148961620765,-0.1));
#3788 = CARTESIAN_POINT('',(0.,-0.1));
#3789 = ( GEOMETRIC_REPRESENTATION_CONTEXT(2) 
PARAMETRIC_REPRESENTATION_CONTEXT() REPRESENTATION_CONTEXT('2D SPACE',''
  ) );
#3790 = ORIENTED_EDGE('',*,*,#3791,.T.);
#3791 = EDGE_CURVE('',#3766,#3792,#3794,.T.);
#3792 = VERTEX_POINT('',#3793);
#3793 = CARTESIAN_POINT('',(60.396048127893,39.85,108.2718409866));
#3794 = SURFACE_CURVE('',#3795,(#3799,#3805),.PCURVE_S1.);
#3795 = LINE('',#3796,#3797);
#3796 = CARTESIAN_POINT('',(59.832058563293,39.85,107.96583422188));
#3797 = VECTOR('',#3798,1.);
#3798 = DIRECTION('',(0.878957309346,-0.,0.476900459579));
#3799 = PCURVE('',#342,#3800);
#3800 = DEFINITIONAL_REPRESENTATION('',(#3801),#3804);
#3801 = B_SPLINE_CURVE_WITH_KNOTS('',1,(#3802,#3803),.UNSPECIFIED.,.F.,
  .F.,(2,2),(0.534830057057,0.641657516926),.PIECEWISE_BEZIER_KNOTS.);
#3802 = CARTESIAN_POINT('',(5.540894921894,-1.667848648798));
#3803 = CARTESIAN_POINT('',(5.591840986602,-1.573951872107));
#3804 = ( GEOMETRIC_REPRESENTATION_CONTEXT(2) 
PARAMETRIC_REPRESENTATION_CONTEXT() REPRESENTATION_CONTEXT('2D SPACE',''
  ) );
#3805 = PCURVE('',#3806,#3811);
#3806 = PLANE('',#3807);
#3807 = AXIS2_PLACEMENT_3D('',#3808,#3809,#3810);
#3808 = CARTESIAN_POINT('',(60.396048127893,39.75,108.2718409866));
#3809 = DIRECTION('',(-0.476900459579,0.,0.878957309346));
#3810 = DIRECTION('',(-0.878957309346,0.,-0.476900459579));
#3811 = DEFINITIONAL_REPRESENTATION('',(#3812),#3815);
#3812 = B_SPLINE_CURVE_WITH_KNOTS('',1,(#3813,#3814),.UNSPECIFIED.,.F.,
  .F.,(2,2),(0.534830057057,0.641657516926),.PIECEWISE_BEZIER_KNOTS.);
#3813 = CARTESIAN_POINT('',(0.106827459869,-0.1));
#3814 = CARTESIAN_POINT('',(0.,-0.1));
#3815 = ( GEOMETRIC_REPRESENTATION_CONTEXT(2) 
PARAMETRIC_REPRESENTATION_CONTEXT() REPRESENTATION_CONTEXT('2D SPACE',''
  ) );
#3816 = ORIENTED_EDGE('',*,*,#3817,.T.);
#3817 = EDGE_CURVE('',#3792,#3818,#3820,.T.);
#3818 = VERTEX_POINT('',#3819);
#3819 = CARTESIAN_POINT('',(60.519074921028,39.85,108.3034614261));
#3820 = SURFACE_CURVE('',#3821,(#3825,#3831),.PCURVE_S1.);
#3821 = LINE('',#3822,#3823);
#3822 = CARTESIAN_POINT('',(60.52169145663,39.85,108.30413393006));
#3823 = VECTOR('',#3824,1.);
#3824 = DIRECTION('',(0.968521449082,-0.,0.248930116034));
#3825 = PCURVE('',#342,#3826);
#3826 = DEFINITIONAL_REPRESENTATION('',(#3827),#3830);
#3827 = B_SPLINE_CURVE_WITH_KNOTS('',1,(#3828,#3829),.UNSPECIFIED.,.F.,
  .F.,(2,2),(-0.12972694498,-2.701577341008E-03),
  .PIECEWISE_BEZIER_KNOTS.);
#3828 = CARTESIAN_POINT('',(5.591840986602,-1.573951872107));
#3829 = CARTESIAN_POINT('',(5.623461426107,-1.450925078972));
#3830 = ( GEOMETRIC_REPRESENTATION_CONTEXT(2) 
PARAMETRIC_REPRESENTATION_CONTEXT() REPRESENTATION_CONTEXT('2D SPACE',''
  ) );
#3831 = PCURVE('',#3832,#3837);
#3832 = PLANE('',#3833);
#3833 = AXIS2_PLACEMENT_3D('',#3834,#3835,#3836);
#3834 = CARTESIAN_POINT('',(60.519074921028,39.75,108.3034614261));
#3835 = DIRECTION('',(-0.248930116034,0.,0.968521449082));
#3836 = DIRECTION('',(-0.968521449082,0.,-0.248930116034));
#3837 = DEFINITIONAL_REPRESENTATION('',(#3838),#3841);
#3838 = B_SPLINE_CURVE_WITH_KNOTS('',1,(#3839,#3840),.UNSPECIFIED.,.F.,
  .F.,(2,2),(-0.12972694498,-2.701577341008E-03),
  .PIECEWISE_BEZIER_KNOTS.);
#3839 = CARTESIAN_POINT('',(0.127025367639,-0.1));
#3840 = CARTESIAN_POINT('',(0.,-0.1));
#3841 = ( GEOMETRIC_REPRESENTATION_CONTEXT(2) 
PARAMETRIC_REPRESENTATION_CONTEXT() REPRESENTATION_CONTEXT('2D SPACE',''
  ) );
#3842 = ORIENTED_EDGE('',*,*,#3843,.T.);
#3843 = EDGE_CURVE('',#3818,#3844,#3846,.T.);
#3844 = VERTEX_POINT('',#3845);
#3845 = CARTESIAN_POINT('',(60.722594070736,39.85,108.34342347291));
#3846 = SURFACE_CURVE('',#3847,(#3851,#3857),.PCURVE_S1.);
#3847 = LINE('',#3848,#3849);
#3848 = CARTESIAN_POINT('',(60.78776304874,39.85,108.35621974172));
#3849 = VECTOR('',#3850,1.);
#3850 = DIRECTION('',(0.98126243172,-0.,0.192675997712));
#3851 = PCURVE('',#342,#3852);
#3852 = DEFINITIONAL_REPRESENTATION('',(#3853),#3856);
#3853 = B_SPLINE_CURVE_WITH_KNOTS('',1,(#3854,#3855),.UNSPECIFIED.,.F.,
  .F.,(2,2),(-0.273818826673,-6.641340369107E-02),
  .PIECEWISE_BEZIER_KNOTS.);
#3854 = CARTESIAN_POINT('',(5.623461426107,-1.450925078972));
#3855 = CARTESIAN_POINT('',(5.663423472911,-1.247405929264));
#3856 = ( GEOMETRIC_REPRESENTATION_CONTEXT(2) 
PARAMETRIC_REPRESENTATION_CONTEXT() REPRESENTATION_CONTEXT('2D SPACE',''
  ) );
#3857 = PCURVE('',#3858,#3863);
#3858 = PLANE('',#3859);
#3859 = AXIS2_PLACEMENT_3D('',#3860,#3861,#3862);
#3860 = CARTESIAN_POINT('',(60.722594070736,39.75,108.34342347291));
#3861 = DIRECTION('',(-0.192675997712,0.,0.98126243172));
#3862 = DIRECTION('',(-0.98126243172,0.,-0.192675997712));
#3863 = DEFINITIONAL_REPRESENTATION('',(#3864),#3867);
#3864 = B_SPLINE_CURVE_WITH_KNOTS('',1,(#3865,#3866),.UNSPECIFIED.,.F.,
  .F.,(2,2),(-0.273818826673,-6.641340369107E-02),
  .PIECEWISE_BEZIER_KNOTS.);
#3865 = CARTESIAN_POINT('',(0.207405422982,-0.1));
#3866 = CARTESIAN_POINT('',(0.,-0.1));
#3867 = ( GEOMETRIC_REPRESENTATION_CONTEXT(2) 
PARAMETRIC_REPRESENTATION_CONTEXT() REPRESENTATION_CONTEXT('2D SPACE',''
  ) );
#3868 = ORIENTED_EDGE('',*,*,#3869,.T.);
#3869 = EDGE_CURVE('',#3844,#3870,#3872,.T.);
#3870 = VERTEX_POINT('',#3871);
#3871 = CARTESIAN_POINT('',(60.907723873096,39.85,108.39597735923));
#3872 = SURFACE_CURVE('',#3873,(#3877,#3883),.PCURVE_S1.);
#3873 = LINE('',#3874,#3875);
#3874 = CARTESIAN_POINT('',(60.6484422195,39.85,108.32237355058));
#3875 = VECTOR('',#3876,1.);
#3876 = DIRECTION('',(0.961989714581,-0.,0.273085680766));
#3877 = PCURVE('',#342,#3878);
#3878 = DEFINITIONAL_REPRESENTATION('',(#3879),#3882);
#3879 = B_SPLINE_CURVE_WITH_KNOTS('',1,(#3880,#3881),.UNSPECIFIED.,.F.,
  .F.,(2,2),(7.708175057527E-02,0.269526430133),
  .PIECEWISE_BEZIER_KNOTS.);
#3880 = CARTESIAN_POINT('',(5.663423472911,-1.247405929264));
#3881 = CARTESIAN_POINT('',(5.715977359238,-1.062276126904));
#3882 = ( GEOMETRIC_REPRESENTATION_CONTEXT(2) 
PARAMETRIC_REPRESENTATION_CONTEXT() REPRESENTATION_CONTEXT('2D SPACE',''
  ) );
#3883 = PCURVE('',#3884,#3889);
#3884 = PLANE('',#3885);
#3885 = AXIS2_PLACEMENT_3D('',#3886,#3887,#3888);
#3886 = CARTESIAN_POINT('',(60.907723873096,39.75,108.39597735923));
#3887 = DIRECTION('',(-0.273085680766,0.,0.961989714581));
#3888 = DIRECTION('',(-0.961989714581,0.,-0.273085680766));
#3889 = DEFINITIONAL_REPRESENTATION('',(#3890),#3893);
#3890 = B_SPLINE_CURVE_WITH_KNOTS('',1,(#3891,#3892),.UNSPECIFIED.,.F.,
  .F.,(2,2),(7.708175057527E-02,0.269526430133),
  .PIECEWISE_BEZIER_KNOTS.);
#3891 = CARTESIAN_POINT('',(0.192444679558,-0.1));
#3892 = CARTESIAN_POINT('',(0.,-0.1));
#3893 = ( GEOMETRIC_REPRESENTATION_CONTEXT(2) 
PARAMETRIC_REPRESENTATION_CONTEXT() REPRESENTATION_CONTEXT('2D SPACE',''
  ) );
#3894 = ORIENTED_EDGE('',*,*,#3895,.T.);
#3895 = EDGE_CURVE('',#3870,#3896,#3898,.T.);
#3896 = VERTEX_POINT('',#3897);
#3897 = CARTESIAN_POINT('',(61.030745711751,39.85,108.46948752282));
#3898 = SURFACE_CURVE('',#3899,(#3903,#3909),.PCURVE_S1.);
#3899 = LINE('',#3900,#3901);
#3900 = CARTESIAN_POINT('',(60.102194926868,39.85,107.91464359556));
#3901 = VECTOR('',#3902,1.);
#3902 = DIRECTION('',(0.858424101291,-0.,0.512940603114));
#3903 = PCURVE('',#342,#3904);
#3904 = DEFINITIONAL_REPRESENTATION('',(#3905),#3908);
#3905 = B_SPLINE_CURVE_WITH_KNOTS('',1,(#3906,#3907),.UNSPECIFIED.,.F.,
  .F.,(2,2),(0.938381092768,1.081692351702),.PIECEWISE_BEZIER_KNOTS.);
#3906 = CARTESIAN_POINT('',(5.715977359238,-1.062276126904));
#3907 = CARTESIAN_POINT('',(5.789487522828,-0.939254288249));
#3908 = ( GEOMETRIC_REPRESENTATION_CONTEXT(2) 
PARAMETRIC_REPRESENTATION_CONTEXT() REPRESENTATION_CONTEXT('2D SPACE',''
  ) );
#3909 = PCURVE('',#3910,#3915);
#3910 = PLANE('',#3911);
#3911 = AXIS2_PLACEMENT_3D('',#3912,#3913,#3914);
#3912 = CARTESIAN_POINT('',(61.030745711751,39.75,108.46948752282));
#3913 = DIRECTION('',(-0.512940603114,0.,0.858424101291));
#3914 = DIRECTION('',(-0.858424101291,0.,-0.512940603114));
#3915 = DEFINITIONAL_REPRESENTATION('',(#3916),#3919);
#3916 = B_SPLINE_CURVE_WITH_KNOTS('',1,(#3917,#3918),.UNSPECIFIED.,.F.,
  .F.,(2,2),(0.938381092768,1.081692351702),.PIECEWISE_BEZIER_KNOTS.);
#3917 = CARTESIAN_POINT('',(0.143311258934,-0.1));
#3918 = CARTESIAN_POINT('',(0.,-0.1));
#3919 = ( GEOMETRIC_REPRESENTATION_CONTEXT(2) 
PARAMETRIC_REPRESENTATION_CONTEXT() REPRESENTATION_CONTEXT('2D SPACE',''
  ) );
#3920 = ORIENTED_EDGE('',*,*,#3921,.T.);
#3921 = EDGE_CURVE('',#3896,#3922,#3924,.T.);
#3922 = VERTEX_POINT('',#3923);
#3923 = CARTESIAN_POINT('',(61.106301901902,39.85,108.57647105232));
#3924 = SURFACE_CURVE('',#3925,(#3929,#3935),.PCURVE_S1.);
#3925 = LINE('',#3926,#3927);
#3926 = CARTESIAN_POINT('',(59.860773238012,39.85,106.81286899296));
#3927 = VECTOR('',#3928,1.);
#3928 = DIRECTION('',(0.576878888831,-0.,0.816829693156));
#3929 = PCURVE('',#342,#3930);
#3930 = DEFINITIONAL_REPRESENTATION('',(#3931),#3934);
#3931 = B_SPLINE_CURVE_WITH_KNOTS('',1,(#3932,#3933),.UNSPECIFIED.,.F.,
  .F.,(2,2),(2.028107626039,2.159081720627),.PIECEWISE_BEZIER_KNOTS.);
#3932 = CARTESIAN_POINT('',(5.789487522828,-0.939254288249));
#3933 = CARTESIAN_POINT('',(5.896471052321,-0.863698098098));
#3934 = ( GEOMETRIC_REPRESENTATION_CONTEXT(2) 
PARAMETRIC_REPRESENTATION_CONTEXT() REPRESENTATION_CONTEXT('2D SPACE',''
  ) );
#3935 = PCURVE('',#3936,#3941);
#3936 = PLANE('',#3937);
#3937 = AXIS2_PLACEMENT_3D('',#3938,#3939,#3940);
#3938 = CARTESIAN_POINT('',(61.106301901902,39.75,108.57647105232));
#3939 = DIRECTION('',(-0.816829693156,0.,0.576878888831));
#3940 = DIRECTION('',(-0.576878888831,0.,-0.816829693156));
#3941 = DEFINITIONAL_REPRESENTATION('',(#3942),#3945);
#3942 = B_SPLINE_CURVE_WITH_KNOTS('',1,(#3943,#3944),.UNSPECIFIED.,.F.,
  .F.,(2,2),(2.028107626039,2.159081720627),.PIECEWISE_BEZIER_KNOTS.);
#3943 = CARTESIAN_POINT('',(0.130974094587,-0.1));
#3944 = CARTESIAN_POINT('',(0.,-0.1));
#3945 = ( GEOMETRIC_REPRESENTATION_CONTEXT(2) 
PARAMETRIC_REPRESENTATION_CONTEXT() REPRESENTATION_CONTEXT('2D SPACE',''
  ) );
#3946 = ORIENTED_EDGE('',*,*,#3947,.T.);
#3947 = EDGE_CURVE('',#3922,#3948,#3950,.T.);
#3948 = VERTEX_POINT('',#3949);
#3949 = CARTESIAN_POINT('',(61.135090005228,39.85,108.72737582859));
#3950 = SURFACE_CURVE('',#3951,(#3955,#3961),.PCURVE_S1.);
#3951 = LINE('',#3952,#3953);
#3952 = CARTESIAN_POINT('',(60.593175592682,39.85,105.88670681126));
#3953 = VECTOR('',#3954,1.);
#3954 = DIRECTION('',(0.187390595571,-0.,0.982285480241));
#3955 = PCURVE('',#342,#3956);
#3956 = DEFINITIONAL_REPRESENTATION('',(#3957),#3960);
#3957 = B_SPLINE_CURVE_WITH_KNOTS('',1,(#3958,#3959),.UNSPECIFIED.,.F.,
  .F.,(2,2),(2.738271403949,2.89189759441),.PIECEWISE_BEZIER_KNOTS.);
#3958 = CARTESIAN_POINT('',(5.896471052321,-0.863698098098));
#3959 = CARTESIAN_POINT('',(6.047375828596,-0.834909994772));
#3960 = ( GEOMETRIC_REPRESENTATION_CONTEXT(2) 
PARAMETRIC_REPRESENTATION_CONTEXT() REPRESENTATION_CONTEXT('2D SPACE',''
  ) );
#3961 = PCURVE('',#3962,#3967);
#3962 = PLANE('',#3963);
#3963 = AXIS2_PLACEMENT_3D('',#3964,#3965,#3966);
#3964 = CARTESIAN_POINT('',(61.135090005228,39.75,108.72737582859));
#3965 = DIRECTION('',(-0.982285480241,0.,0.187390595571));
#3966 = DIRECTION('',(-0.187390595571,0.,-0.982285480241));
#3967 = DEFINITIONAL_REPRESENTATION('',(#3968),#3971);
#3968 = B_SPLINE_CURVE_WITH_KNOTS('',1,(#3969,#3970),.UNSPECIFIED.,.F.,
  .F.,(2,2),(2.738271403949,2.89189759441),.PIECEWISE_BEZIER_KNOTS.);
#3969 = CARTESIAN_POINT('',(0.153626190461,-0.1));
#3970 = CARTESIAN_POINT('',(0.,-0.1));
#3971 = ( GEOMETRIC_REPRESENTATION_CONTEXT(2) 
PARAMETRIC_REPRESENTATION_CONTEXT() REPRESENTATION_CONTEXT('2D SPACE',''
  ) );
#3972 = ORIENTED_EDGE('',*,*,#3973,.T.);
#3973 = EDGE_CURVE('',#3948,#3974,#3976,.T.);
#3974 = VERTEX_POINT('',#3975);
#3975 = CARTESIAN_POINT('',(61.102976511772,39.85,108.91420284898));
#3976 = SURFACE_CURVE('',#3977,(#3981,#3987),.PCURVE_S1.);
#3977 = LINE('',#3978,#3979);
#3978 = CARTESIAN_POINT('',(61.635836368086,39.85,105.8141782635));
#3979 = VECTOR('',#3980,1.);
#3980 = DIRECTION('',(-0.169404534066,0.,0.985546601556));
#3981 = PCURVE('',#342,#3982);
#3982 = DEFINITIONAL_REPRESENTATION('',(#3983),#3986);
#3983 = B_SPLINE_CURVE_WITH_KNOTS('',1,(#3984,#3985),.UNSPECIFIED.,.F.,
  .F.,(2,2),(2.955920664217,3.145487570637),.PIECEWISE_BEZIER_KNOTS.);
#3984 = CARTESIAN_POINT('',(6.047375828596,-0.834909994772));
#3985 = CARTESIAN_POINT('',(6.234202848987,-0.867023488228));
#3986 = ( GEOMETRIC_REPRESENTATION_CONTEXT(2) 
PARAMETRIC_REPRESENTATION_CONTEXT() REPRESENTATION_CONTEXT('2D SPACE',''
  ) );
#3987 = PCURVE('',#3988,#3993);
#3988 = PLANE('',#3989);
#3989 = AXIS2_PLACEMENT_3D('',#3990,#3991,#3992);
#3990 = CARTESIAN_POINT('',(61.102976511772,39.75,108.91420284898));
#3991 = DIRECTION('',(-0.985546601556,0.,-0.169404534066));
#3992 = DIRECTION('',(0.169404534066,0.,-0.985546601556));
#3993 = DEFINITIONAL_REPRESENTATION('',(#3994),#3997);
#3994 = B_SPLINE_CURVE_WITH_KNOTS('',1,(#3995,#3996),.UNSPECIFIED.,.F.,
  .F.,(2,2),(2.955920664217,3.145487570637),.PIECEWISE_BEZIER_KNOTS.);
#3995 = CARTESIAN_POINT('',(0.189566906421,-0.1));
#3996 = CARTESIAN_POINT('',(0.,-0.1));
#3997 = ( GEOMETRIC_REPRESENTATION_CONTEXT(2) 
PARAMETRIC_REPRESENTATION_CONTEXT() REPRESENTATION_CONTEXT('2D SPACE',''
  ) );
#3998 = ORIENTED_EDGE('',*,*,#3999,.T.);
#3999 = EDGE_CURVE('',#3974,#4000,#4002,.T.);
#4000 = VERTEX_POINT('',#4001);
#4001 = CARTESIAN_POINT('',(60.999440196715,39.85,109.05911411791));
#4002 = SURFACE_CURVE('',#4003,(#4007,#4013),.PCURVE_S1.);
#4003 = LINE('',#4004,#4005);
#4004 = CARTESIAN_POINT('',(62.672153227118,39.85,106.71795519555));
#4005 = VECTOR('',#4006,1.);
#4006 = DIRECTION('',(-0.581343279981,0.,0.813658399343));
#4007 = PCURVE('',#342,#4008);
#4008 = DEFINITIONAL_REPRESENTATION('',(#4009),#4012);
#4009 = B_SPLINE_CURVE_WITH_KNOTS('',1,(#4010,#4011),.UNSPECIFIED.,.F.,
  .F.,(2,2),(2.69922568882,2.877324100933),.PIECEWISE_BEZIER_KNOTS.);
#4010 = CARTESIAN_POINT('',(6.234202848987,-0.867023488228));
#4011 = CARTESIAN_POINT('',(6.379114117912,-0.970559803285));
#4012 = ( GEOMETRIC_REPRESENTATION_CONTEXT(2) 
PARAMETRIC_REPRESENTATION_CONTEXT() REPRESENTATION_CONTEXT('2D SPACE',''
  ) );
#4013 = PCURVE('',#4014,#4019);
#4014 = PLANE('',#4015);
#4015 = AXIS2_PLACEMENT_3D('',#4016,#4017,#4018);
#4016 = CARTESIAN_POINT('',(60.999440196715,39.75,109.05911411791));
#4017 = DIRECTION('',(-0.813658399343,0.,-0.581343279981));
#4018 = DIRECTION('',(0.581343279981,0.,-0.813658399343));
#4019 = DEFINITIONAL_REPRESENTATION('',(#4020),#4023);
#4020 = B_SPLINE_CURVE_WITH_KNOTS('',1,(#4021,#4022),.UNSPECIFIED.,.F.,
  .F.,(2,2),(2.69922568882,2.877324100933),.PIECEWISE_BEZIER_KNOTS.);
#4021 = CARTESIAN_POINT('',(0.178098412113,-0.1));
#4022 = CARTESIAN_POINT('',(0.,-0.1));
#4023 = ( GEOMETRIC_REPRESENTATION_CONTEXT(2) 
PARAMETRIC_REPRESENTATION_CONTEXT() REPRESENTATION_CONTEXT('2D SPACE',''
  ) );
#4024 = ORIENTED_EDGE('',*,*,#4025,.T.);
#4025 = EDGE_CURVE('',#4000,#4026,#4028,.T.);
#4026 = VERTEX_POINT('',#4027);
#4027 = CARTESIAN_POINT('',(60.825346759997,39.85,109.15328022721));
#4028 = SURFACE_CURVE('',#4029,(#4033,#4039),.PCURVE_S1.);
#4029 = LINE('',#4030,#4031);
#4030 = CARTESIAN_POINT('',(62.622551210175,39.85,108.18118297945));
#4031 = VECTOR('',#4032,1.);
#4032 = DIRECTION('',(-0.879576399195,0.,0.475757667284));
#4033 = PCURVE('',#342,#4034);
#4034 = DEFINITIONAL_REPRESENTATION('',(#4035),#4038);
#4035 = B_SPLINE_CURVE_WITH_KNOTS('',1,(#4036,#4037),.UNSPECIFIED.,.F.,
  .F.,(2,2),(1.845332611182,2.04326133787),.PIECEWISE_BEZIER_KNOTS.);
#4036 = CARTESIAN_POINT('',(6.379114117912,-0.970559803285));
#4037 = CARTESIAN_POINT('',(6.47328022721,-1.144653240003));
#4038 = ( GEOMETRIC_REPRESENTATION_CONTEXT(2) 
PARAMETRIC_REPRESENTATION_CONTEXT() REPRESENTATION_CONTEXT('2D SPACE',''
  ) );
#4039 = PCURVE('',#4040,#4045);
#4040 = PLANE('',#4041);
#4041 = AXIS2_PLACEMENT_3D('',#4042,#4043,#4044);
#4042 = CARTESIAN_POINT('',(60.825346759997,39.75,109.15328022721));
#4043 = DIRECTION('',(-0.475757667284,0.,-0.879576399195));
#4044 = DIRECTION('',(0.879576399195,0.,-0.475757667284));
#4045 = DEFINITIONAL_REPRESENTATION('',(#4046),#4049);
#4046 = B_SPLINE_CURVE_WITH_KNOTS('',1,(#4047,#4048),.UNSPECIFIED.,.F.,
  .F.,(2,2),(1.845332611182,2.04326133787),.PIECEWISE_BEZIER_KNOTS.);
#4047 = CARTESIAN_POINT('',(0.197928726688,-0.1));
#4048 = CARTESIAN_POINT('',(0.,-0.1));
#4049 = ( GEOMETRIC_REPRESENTATION_CONTEXT(2) 
PARAMETRIC_REPRESENTATION_CONTEXT() REPRESENTATION_CONTEXT('2D SPACE',''
  ) );
#4050 = ORIENTED_EDGE('',*,*,#4051,.T.);
#4051 = EDGE_CURVE('',#4026,#4052,#4054,.T.);
#4052 = VERTEX_POINT('',#4053);
#4053 = CARTESIAN_POINT('',(60.587038140958,39.85,109.1866554435));
#4054 = SURFACE_CURVE('',#4055,(#4059,#4065),.PCURVE_S1.);
#4055 = LINE('',#4056,#4057);
#4056 = CARTESIAN_POINT('',(61.712082163086,39.85,109.02909258349));
#4057 = VECTOR('',#4058,1.);
#4058 = DIRECTION('',(-0.99033489263,0.,0.138696793181));
#4059 = PCURVE('',#342,#4060);
#4060 = DEFINITIONAL_REPRESENTATION('',(#4061),#4064);
#4061 = B_SPLINE_CURVE_WITH_KNOTS('',1,(#4062,#4063),.UNSPECIFIED.,.F.,
  .F.,(2,2),(0.895389438146,1.136023814267),.PIECEWISE_BEZIER_KNOTS.);
#4062 = CARTESIAN_POINT('',(6.47328022721,-1.144653240003));
#4063 = CARTESIAN_POINT('',(6.506655443507,-1.382961859042));
#4064 = ( GEOMETRIC_REPRESENTATION_CONTEXT(2) 
PARAMETRIC_REPRESENTATION_CONTEXT() REPRESENTATION_CONTEXT('2D SPACE',''
  ) );
#4065 = PCURVE('',#4066,#4071);
#4066 = PLANE('',#4067);
#4067 = AXIS2_PLACEMENT_3D('',#4068,#4069,#4070);
#4068 = CARTESIAN_POINT('',(60.587038140958,39.75,109.1866554435));
#4069 = DIRECTION('',(-0.138696793181,0.,-0.99033489263));
#4070 = DIRECTION('',(0.99033489263,0.,-0.138696793181));
#4071 = DEFINITIONAL_REPRESENTATION('',(#4072),#4075);
#4072 = B_SPLINE_CURVE_WITH_KNOTS('',1,(#4073,#4074),.UNSPECIFIED.,.F.,
  .F.,(2,2),(0.895389438146,1.136023814267),.PIECEWISE_BEZIER_KNOTS.);
#4073 = CARTESIAN_POINT('',(0.240634376121,-0.1));
#4074 = CARTESIAN_POINT('',(0.,-0.1));
#4075 = ( GEOMETRIC_REPRESENTATION_CONTEXT(2) 
PARAMETRIC_REPRESENTATION_CONTEXT() REPRESENTATION_CONTEXT('2D SPACE',''
  ) );
#4076 = ORIENTED_EDGE('',*,*,#4077,.T.);
#4077 = EDGE_CURVE('',#4052,#4078,#4080,.T.);
#4078 = VERTEX_POINT('',#4079);
#4079 = CARTESIAN_POINT('',(60.437896269337,39.85,109.17752305937));
#4080 = SURFACE_CURVE('',#4081,(#4085,#4091),.PCURVE_S1.);
#4081 = LINE('',#4082,#4083);
#4082 = CARTESIAN_POINT('',(61.002898701486,39.85,109.21211977717));
#4083 = VECTOR('',#4084,1.);
#4084 = DIRECTION('',(-0.998130523617,0.,-6.111839186886E-02));
#4085 = PCURVE('',#342,#4086);
#4086 = DEFINITIONAL_REPRESENTATION('',(#4087),#4090);
#4087 = B_SPLINE_CURVE_WITH_KNOTS('',1,(#4088,#4089),.UNSPECIFIED.,.F.,
  .F.,(2,2),(0.416639458155,0.566060669201),.PIECEWISE_BEZIER_KNOTS.);
#4088 = CARTESIAN_POINT('',(6.506655443507,-1.382961859042));
#4089 = CARTESIAN_POINT('',(6.497523059376,-1.532103730663));
#4090 = ( GEOMETRIC_REPRESENTATION_CONTEXT(2) 
PARAMETRIC_REPRESENTATION_CONTEXT() REPRESENTATION_CONTEXT('2D SPACE',''
  ) );
#4091 = PCURVE('',#4092,#4097);
#4092 = PLANE('',#4093);
#4093 = AXIS2_PLACEMENT_3D('',#4094,#4095,#4096);
#4094 = CARTESIAN_POINT('',(60.437896269337,39.75,109.17752305937));
#4095 = DIRECTION('',(6.111839186886E-02,0.,-0.998130523617));
#4096 = DIRECTION('',(0.998130523617,0.,6.111839186886E-02));
#4097 = DEFINITIONAL_REPRESENTATION('',(#4098),#4101);
#4098 = B_SPLINE_CURVE_WITH_KNOTS('',1,(#4099,#4100),.UNSPECIFIED.,.F.,
  .F.,(2,2),(0.416639458155,0.566060669201),.PIECEWISE_BEZIER_KNOTS.);
#4099 = CARTESIAN_POINT('',(0.149421211046,-0.1));
#4100 = CARTESIAN_POINT('',(0.,-0.1));
#4101 = ( GEOMETRIC_REPRESENTATION_CONTEXT(2) 
PARAMETRIC_REPRESENTATION_CONTEXT() REPRESENTATION_CONTEXT('2D SPACE',''
  ) );
#4102 = ORIENTED_EDGE('',*,*,#4103,.T.);
#4103 = EDGE_CURVE('',#4078,#4104,#4106,.T.);
#4104 = VERTEX_POINT('',#4105);
#4105 = CARTESIAN_POINT('',(60.286894484161,39.85,109.1372882425));
#4106 = SURFACE_CURVE('',#4107,(#4111,#4117),.PCURVE_S1.);
#4107 = LINE('',#4108,#4109);
#4108 = CARTESIAN_POINT('',(60.269408129653,39.85,109.13262895804));
#4109 = VECTOR('',#4110,1.);
#4110 = DIRECTION('',(-0.966286420371,0.,-0.257469520152));
#4111 = PCURVE('',#342,#4112);
#4112 = DEFINITIONAL_REPRESENTATION('',(#4113),#4116);
#4113 = B_SPLINE_CURVE_WITH_KNOTS('',1,(#4114,#4115),.UNSPECIFIED.,.F.,
  .F.,(2,2),(-0.174366664099,-1.809645063699E-02),
  .PIECEWISE_BEZIER_KNOTS.);
#4114 = CARTESIAN_POINT('',(6.497523059376,-1.532103730663));
#4115 = CARTESIAN_POINT('',(6.457288242502,-1.683105515839));
#4116 = ( GEOMETRIC_REPRESENTATION_CONTEXT(2) 
PARAMETRIC_REPRESENTATION_CONTEXT() REPRESENTATION_CONTEXT('2D SPACE',''
  ) );
#4117 = PCURVE('',#4118,#4123);
#4118 = PLANE('',#4119);
#4119 = AXIS2_PLACEMENT_3D('',#4120,#4121,#4122);
#4120 = CARTESIAN_POINT('',(60.286894484161,39.75,109.1372882425));
#4121 = DIRECTION('',(0.257469520152,0.,-0.966286420371));
#4122 = DIRECTION('',(0.966286420371,0.,0.257469520152));
#4123 = DEFINITIONAL_REPRESENTATION('',(#4124),#4127);
#4124 = B_SPLINE_CURVE_WITH_KNOTS('',1,(#4125,#4126),.UNSPECIFIED.,.F.,
  .F.,(2,2),(-0.174366664099,-1.809645063699E-02),
  .PIECEWISE_BEZIER_KNOTS.);
#4125 = CARTESIAN_POINT('',(0.156270213462,-0.1));
#4126 = CARTESIAN_POINT('',(0.,-0.1));
#4127 = ( GEOMETRIC_REPRESENTATION_CONTEXT(2) 
PARAMETRIC_REPRESENTATION_CONTEXT() REPRESENTATION_CONTEXT('2D SPACE',''
  ) );
#4128 = ORIENTED_EDGE('',*,*,#4129,.T.);
#4129 = EDGE_CURVE('',#4104,#4130,#4132,.T.);
#4130 = VERTEX_POINT('',#4131);
#4131 = CARTESIAN_POINT('',(60.15035050708,39.85,109.05957583885));
#4132 = SURFACE_CURVE('',#4133,(#4137,#4143),.PCURVE_S1.);
#4133 = LINE('',#4134,#4135);
#4134 = CARTESIAN_POINT('',(59.466316154747,39.85,108.67026570715));
#4135 = VECTOR('',#4136,1.);
#4136 = DIRECTION('',(-0.869099289291,0.,-0.494637670779));
#4137 = PCURVE('',#342,#4138);
#4138 = DEFINITIONAL_REPRESENTATION('',(#4139),#4142);
#4139 = B_SPLINE_CURVE_WITH_KNOTS('',1,(#4140,#4141),.UNSPECIFIED.,.F.,
  .F.,(2,2),(-0.944170981987,-0.787061226217),.PIECEWISE_BEZIER_KNOTS.);
#4140 = CARTESIAN_POINT('',(6.457288242502,-1.683105515839));
#4141 = CARTESIAN_POINT('',(6.379575838851,-1.81964949292));
#4142 = ( GEOMETRIC_REPRESENTATION_CONTEXT(2) 
PARAMETRIC_REPRESENTATION_CONTEXT() REPRESENTATION_CONTEXT('2D SPACE',''
  ) );
#4143 = PCURVE('',#4144,#4149);
#4144 = PLANE('',#4145);
#4145 = AXIS2_PLACEMENT_3D('',#4146,#4147,#4148);
#4146 = CARTESIAN_POINT('',(60.15035050708,39.75,109.05957583885));
#4147 = DIRECTION('',(0.494637670779,0.,-0.869099289291));
#4148 = DIRECTION('',(0.869099289291,0.,0.494637670779));
#4149 = DEFINITIONAL_REPRESENTATION('',(#4150),#4153);
#4150 = B_SPLINE_CURVE_WITH_KNOTS('',1,(#4151,#4152),.UNSPECIFIED.,.F.,
  .F.,(2,2),(-0.944170981987,-0.787061226217),.PIECEWISE_BEZIER_KNOTS.);
#4151 = CARTESIAN_POINT('',(0.15710975577,-0.1));
#4152 = CARTESIAN_POINT('',(0.,-0.1));
#4153 = ( GEOMETRIC_REPRESENTATION_CONTEXT(2) 
PARAMETRIC_REPRESENTATION_CONTEXT() REPRESENTATION_CONTEXT('2D SPACE',''
  ) );
#4154 = ORIENTED_EDGE('',*,*,#4155,.T.);
#4155 = EDGE_CURVE('',#4130,#4156,#4158,.T.);
#4156 = VERTEX_POINT('',#4157);
#4157 = CARTESIAN_POINT('',(60.050531576264,39.85,108.92486200498));
#4158 = SURFACE_CURVE('',#4159,(#4163,#4169),.PCURVE_S1.);
#4159 = LINE('',#4160,#4161);
#4160 = CARTESIAN_POINT('',(58.897105882662,39.85,107.36821943238));
#4161 = VECTOR('',#4162,1.);
#4162 = DIRECTION('',(-0.595346566735,0.,-0.803469019612));
#4163 = PCURVE('',#342,#4164);
#4164 = DEFINITIONAL_REPRESENTATION('',(#4165),#4168);
#4165 = B_SPLINE_CURVE_WITH_KNOTS('',1,(#4166,#4167),.UNSPECIFIED.,.F.,
  .F.,(2,2),(-2.105067358147,-1.937402108368),.PIECEWISE_BEZIER_KNOTS.);
#4166 = CARTESIAN_POINT('',(6.379575838851,-1.81964949292));
#4167 = CARTESIAN_POINT('',(6.244862004989,-1.919468423736));
#4168 = ( GEOMETRIC_REPRESENTATION_CONTEXT(2) 
PARAMETRIC_REPRESENTATION_CONTEXT() REPRESENTATION_CONTEXT('2D SPACE',''
  ) );
#4169 = PCURVE('',#4170,#4175);
#4170 = PLANE('',#4171);
#4171 = AXIS2_PLACEMENT_3D('',#4172,#4173,#4174);
#4172 = CARTESIAN_POINT('',(60.050531576264,39.75,108.92486200498));
#4173 = DIRECTION('',(0.803469019612,0.,-0.595346566735));
#4174 = DIRECTION('',(0.595346566735,0.,0.803469019612));
#4175 = DEFINITIONAL_REPRESENTATION('',(#4176),#4179);
#4176 = B_SPLINE_CURVE_WITH_KNOTS('',1,(#4177,#4178),.UNSPECIFIED.,.F.,
  .F.,(2,2),(-2.105067358147,-1.937402108368),.PIECEWISE_BEZIER_KNOTS.);
#4177 = CARTESIAN_POINT('',(0.167665249779,-0.1));
#4178 = CARTESIAN_POINT('',(0.,-0.1));
#4179 = ( GEOMETRIC_REPRESENTATION_CONTEXT(2) 
PARAMETRIC_REPRESENTATION_CONTEXT() REPRESENTATION_CONTEXT('2D SPACE',''
  ) );
#4180 = ORIENTED_EDGE('',*,*,#4181,.T.);
#4181 = EDGE_CURVE('',#4156,#4182,#4184,.T.);
#4182 = VERTEX_POINT('',#4183);
#4183 = CARTESIAN_POINT('',(60.017397190913,39.85,108.81890608069));
#4184 = SURFACE_CURVE('',#4185,(#4189,#4195),.PCURVE_S1.);
#4185 = LINE('',#4186,#4187);
#4186 = CARTESIAN_POINT('',(59.229999479683,39.85,106.30099450944));
#4187 = VECTOR('',#4188,1.);
#4188 = DIRECTION('',(-0.298465037346,0.,-0.954420568451));
#4189 = PCURVE('',#342,#4190);
#4190 = DEFINITIONAL_REPRESENTATION('',(#4191),#4194);
#4191 = B_SPLINE_CURVE_WITH_KNOTS('',1,(#4192,#4193),.UNSPECIFIED.,.F.,
  .F.,(2,2),(-2.74917324949,-2.638157280432),.PIECEWISE_BEZIER_KNOTS.);
#4192 = CARTESIAN_POINT('',(6.244862004989,-1.919468423736));
#4193 = CARTESIAN_POINT('',(6.138906080694,-1.952602809087));
#4194 = ( GEOMETRIC_REPRESENTATION_CONTEXT(2) 
PARAMETRIC_REPRESENTATION_CONTEXT() REPRESENTATION_CONTEXT('2D SPACE',''
  ) );
#4195 = PCURVE('',#4196,#4201);
#4196 = PLANE('',#4197);
#4197 = AXIS2_PLACEMENT_3D('',#4198,#4199,#4200);
#4198 = CARTESIAN_POINT('',(60.017397190913,39.75,108.81890608069));
#4199 = DIRECTION('',(0.954420568451,0.,-0.298465037346));
#4200 = DIRECTION('',(0.298465037346,0.,0.954420568451));
#4201 = DEFINITIONAL_REPRESENTATION('',(#4202),#4205);
#4202 = B_SPLINE_CURVE_WITH_KNOTS('',1,(#4203,#4204),.UNSPECIFIED.,.F.,
  .F.,(2,2),(-2.74917324949,-2.638157280432),.PIECEWISE_BEZIER_KNOTS.);
#4203 = CARTESIAN_POINT('',(0.111015969057,-0.1));
#4204 = CARTESIAN_POINT('',(0.,-0.1));
#4205 = ( GEOMETRIC_REPRESENTATION_CONTEXT(2) 
PARAMETRIC_REPRESENTATION_CONTEXT() REPRESENTATION_CONTEXT('2D SPACE',''
  ) );
#4206 = ORIENTED_EDGE('',*,*,#4207,.T.);
#4207 = EDGE_CURVE('',#4182,#4208,#4210,.T.);
#4208 = VERTEX_POINT('',#4209);
#4209 = CARTESIAN_POINT('',(60.060408520411,39.85,108.71757582095));
#4210 = SURFACE_CURVE('',#4211,(#4215,#4221),.PCURVE_S1.);
#4211 = LINE('',#4212,#4213);
#4212 = CARTESIAN_POINT('',(61.291926164136,39.85,105.81624716717));
#4213 = VECTOR('',#4214,1.);
#4214 = DIRECTION('',(0.39072486377,0.,-0.920507512643));
#4215 = PCURVE('',#342,#4216);
#4216 = DEFINITIONAL_REPRESENTATION('',(#4217),#4220);
#4217 = B_SPLINE_CURVE_WITH_KNOTS('',1,(#4218,#4219),.UNSPECIFIED.,.F.,
  .F.,(2,2),(-3.261960247234,-3.151879386031),.PIECEWISE_BEZIER_KNOTS.);
#4218 = CARTESIAN_POINT('',(6.138906080694,-1.952602809087));
#4219 = CARTESIAN_POINT('',(6.037575820958,-1.909591479589));
#4220 = ( GEOMETRIC_REPRESENTATION_CONTEXT(2) 
PARAMETRIC_REPRESENTATION_CONTEXT() REPRESENTATION_CONTEXT('2D SPACE',''
  ) );
#4221 = PCURVE('',#4222,#4227);
#4222 = PLANE('',#4223);
#4223 = AXIS2_PLACEMENT_3D('',#4224,#4225,#4226);
#4224 = CARTESIAN_POINT('',(60.060408520411,39.75,108.71757582095));
#4225 = DIRECTION('',(0.920507512643,0.,0.39072486377));
#4226 = DIRECTION('',(-0.39072486377,0.,0.920507512643));
#4227 = DEFINITIONAL_REPRESENTATION('',(#4228),#4231);
#4228 = B_SPLINE_CURVE_WITH_KNOTS('',1,(#4229,#4230),.UNSPECIFIED.,.F.,
  .F.,(2,2),(-3.261960247234,-3.151879386031),.PIECEWISE_BEZIER_KNOTS.);
#4229 = CARTESIAN_POINT('',(0.110080861204,-0.1));
#4230 = CARTESIAN_POINT('',(0.,-0.1));
#4231 = ( GEOMETRIC_REPRESENTATION_CONTEXT(2) 
PARAMETRIC_REPRESENTATION_CONTEXT() REPRESENTATION_CONTEXT('2D SPACE',''
  ) );
#4232 = ORIENTED_EDGE('',*,*,#4233,.T.);
#4233 = EDGE_CURVE('',#4208,#4234,#4236,.T.);
#4234 = VERTEX_POINT('',#4235);
#4235 = CARTESIAN_POINT('',(60.253023754738,39.85,108.71757582095));
#4236 = SURFACE_CURVE('',#4237,(#4241,#4247),.PCURVE_S1.);
#4237 = LINE('',#4238,#4239);
#4238 = CARTESIAN_POINT('',(61.111511877369,39.85,108.71757582095));
#4239 = VECTOR('',#4240,1.);
#4240 = DIRECTION('',(1.,0.,-6.123233995737E-17));
#4241 = PCURVE('',#342,#4242);
#4242 = DEFINITIONAL_REPRESENTATION('',(#4243),#4246);
#4243 = B_SPLINE_CURVE_WITH_KNOTS('',1,(#4244,#4245),.UNSPECIFIED.,.F.,
  .F.,(2,2),(-1.051103356958,-0.858488122631),.PIECEWISE_BEZIER_KNOTS.);
#4244 = CARTESIAN_POINT('',(6.037575820958,-1.909591479589));
#4245 = CARTESIAN_POINT('',(6.037575820958,-1.716976245262));
#4246 = ( GEOMETRIC_REPRESENTATION_CONTEXT(2) 
PARAMETRIC_REPRESENTATION_CONTEXT() REPRESENTATION_CONTEXT('2D SPACE',''
  ) );
#4247 = PCURVE('',#4248,#4253);
#4248 = PLANE('',#4249);
#4249 = AXIS2_PLACEMENT_3D('',#4250,#4251,#4252);
#4250 = CARTESIAN_POINT('',(60.253023754738,39.75,108.71757582095));
#4251 = DIRECTION('',(6.123233995737E-17,0.,1.));
#4252 = DIRECTION('',(-1.,0.,6.123233995737E-17));
#4253 = DEFINITIONAL_REPRESENTATION('',(#4254),#4257);
#4254 = B_SPLINE_CURVE_WITH_KNOTS('',1,(#4255,#4256),.UNSPECIFIED.,.F.,
  .F.,(2,2),(-1.051103356958,-0.858488122631),.PIECEWISE_BEZIER_KNOTS.);
#4255 = CARTESIAN_POINT('',(0.192615234327,-0.1));
#4256 = CARTESIAN_POINT('',(0.,-0.1));
#4257 = ( GEOMETRIC_REPRESENTATION_CONTEXT(2) 
PARAMETRIC_REPRESENTATION_CONTEXT() REPRESENTATION_CONTEXT('2D SPACE',''
  ) );
#4258 = ORIENTED_EDGE('',*,*,#4259,.T.);
#4259 = EDGE_CURVE('',#4234,#4260,#4262,.T.);
#4260 = VERTEX_POINT('',#4261);
#4261 = CARTESIAN_POINT('',(60.365944189416,39.85,108.87266774721));
#4262 = SURFACE_CURVE('',#4263,(#4267,#4273),.PCURVE_S1.);
#4263 = LINE('',#4264,#4265);
#4264 = CARTESIAN_POINT('',(59.170450993419,39.85,107.23070326906));
#4265 = VECTOR('',#4266,1.);
#4266 = DIRECTION('',(0.588602228813,-0.,0.80842279547));
#4267 = PCURVE('',#342,#4268);
#4268 = DEFINITIONAL_REPRESENTATION('',(#4269),#4272);
#4269 = B_SPLINE_CURVE_WITH_KNOTS('',1,(#4270,#4271),.UNSPECIFIED.,.F.,
  .F.,(2,2),(1.839226405075,2.031071473187),.PIECEWISE_BEZIER_KNOTS.);
#4270 = CARTESIAN_POINT('',(6.037575820958,-1.716976245262));
#4271 = CARTESIAN_POINT('',(6.192667747218,-1.604055810584));
#4272 = ( GEOMETRIC_REPRESENTATION_CONTEXT(2) 
PARAMETRIC_REPRESENTATION_CONTEXT() REPRESENTATION_CONTEXT('2D SPACE',''
  ) );
#4273 = PCURVE('',#4274,#4279);
#4274 = PLANE('',#4275);
#4275 = AXIS2_PLACEMENT_3D('',#4276,#4277,#4278);
#4276 = CARTESIAN_POINT('',(60.365944189416,39.75,108.87266774721));
#4277 = DIRECTION('',(-0.80842279547,0.,0.588602228813));
#4278 = DIRECTION('',(-0.588602228813,0.,-0.80842279547));
#4279 = DEFINITIONAL_REPRESENTATION('',(#4280),#4283);
#4280 = B_SPLINE_CURVE_WITH_KNOTS('',1,(#4281,#4282),.UNSPECIFIED.,.F.,
  .F.,(2,2),(1.839226405075,2.031071473187),.PIECEWISE_BEZIER_KNOTS.);
#4281 = CARTESIAN_POINT('',(0.191845068112,-0.1));
#4282 = CARTESIAN_POINT('',(0.,-0.1));
#4283 = ( GEOMETRIC_REPRESENTATION_CONTEXT(2) 
PARAMETRIC_REPRESENTATION_CONTEXT() REPRESENTATION_CONTEXT('2D SPACE',''
  ) );
#4284 = ORIENTED_EDGE('',*,*,#4285,.T.);
#4285 = EDGE_CURVE('',#4260,#4286,#4288,.T.);
#4286 = VERTEX_POINT('',#4287);
#4287 = CARTESIAN_POINT('',(60.589206203921,39.85,108.9444340619));
#4288 = SURFACE_CURVE('',#4289,(#4293,#4299),.PCURVE_S1.);
#4289 = LINE('',#4290,#4291);
#4290 = CARTESIAN_POINT('',(60.302403885126,39.85,108.85224307496));
#4291 = VECTOR('',#4292,1.);
#4292 = DIRECTION('',(0.95202418303,-0.,0.306022801317));
#4293 = PCURVE('',#342,#4294);
#4294 = DEFINITIONAL_REPRESENTATION('',(#4295),#4298);
#4295 = B_SPLINE_CURVE_WITH_KNOTS('',1,(#4296,#4297),.UNSPECIFIED.,.F.,
  .F.,(2,2),(6.674232170003E-02,0.301255287321),
  .PIECEWISE_BEZIER_KNOTS.);
#4296 = CARTESIAN_POINT('',(6.192667747218,-1.604055810584));
#4297 = CARTESIAN_POINT('',(6.264434061903,-1.380793796079));
#4298 = ( GEOMETRIC_REPRESENTATION_CONTEXT(2) 
PARAMETRIC_REPRESENTATION_CONTEXT() REPRESENTATION_CONTEXT('2D SPACE',''
  ) );
#4299 = PCURVE('',#4300,#4305);
#4300 = PLANE('',#4301);
#4301 = AXIS2_PLACEMENT_3D('',#4302,#4303,#4304);
#4302 = CARTESIAN_POINT('',(60.589206203921,39.75,108.9444340619));
#4303 = DIRECTION('',(-0.306022801317,0.,0.95202418303));
#4304 = DIRECTION('',(-0.95202418303,0.,-0.306022801317));
#4305 = DEFINITIONAL_REPRESENTATION('',(#4306),#4309);
#4306 = B_SPLINE_CURVE_WITH_KNOTS('',1,(#4307,#4308),.UNSPECIFIED.,.F.,
  .F.,(2,2),(6.674232170003E-02,0.301255287321),
  .PIECEWISE_BEZIER_KNOTS.);
#4307 = CARTESIAN_POINT('',(0.234512965621,-0.1));
#4308 = CARTESIAN_POINT('',(0.,-0.1));
#4309 = ( GEOMETRIC_REPRESENTATION_CONTEXT(2) 
PARAMETRIC_REPRESENTATION_CONTEXT() REPRESENTATION_CONTEXT('2D SPACE',''
  ) );
#4310 = ORIENTED_EDGE('',*,*,#4311,.T.);
#4311 = EDGE_CURVE('',#4286,#3088,#4312,.T.);
#4312 = SURFACE_CURVE('',#4313,(#4317,#4323),.PCURVE_S1.);
#4313 = LINE('',#4314,#4315);
#4314 = CARTESIAN_POINT('',(61.612842794075,39.85,108.85004578685));
#4315 = VECTOR('',#4316,1.);
#4316 = DIRECTION('',(0.995775689754,0.,-9.181925557735E-02));
#4317 = PCURVE('',#342,#4318);
#4318 = DEFINITIONAL_REPRESENTATION('',(#4319),#4322);
#4319 = B_SPLINE_CURVE_WITH_KNOTS('',1,(#4320,#4321),.UNSPECIFIED.,.F.,
  .F.,(2,2),(-1.027979092769,-0.922177474108),.PIECEWISE_BEZIER_KNOTS.);
#4320 = CARTESIAN_POINT('',(6.264434061903,-1.380793796079));
#4321 = CARTESIAN_POINT('',(6.254719436038,-1.27543911628));
#4322 = ( GEOMETRIC_REPRESENTATION_CONTEXT(2) 
PARAMETRIC_REPRESENTATION_CONTEXT() REPRESENTATION_CONTEXT('2D SPACE',''
  ) );
#4323 = PCURVE('',#4324,#4329);
#4324 = PLANE('',#4325);
#4325 = AXIS2_PLACEMENT_3D('',#4326,#4327,#4328);
#4326 = CARTESIAN_POINT('',(60.69456088372,39.75,108.93471943603));
#4327 = DIRECTION('',(9.181925557735E-02,0.,0.995775689754));
#4328 = DIRECTION('',(-0.995775689754,0.,9.181925557735E-02));
#4329 = DEFINITIONAL_REPRESENTATION('',(#4330),#4333);
#4330 = B_SPLINE_CURVE_WITH_KNOTS('',1,(#4331,#4332),.UNSPECIFIED.,.F.,
  .F.,(2,2),(-1.027979092769,-0.922177474108),.PIECEWISE_BEZIER_KNOTS.);
#4331 = CARTESIAN_POINT('',(0.105801618661,-0.1));
#4332 = CARTESIAN_POINT('',(0.,-0.1));
#4333 = ( GEOMETRIC_REPRESENTATION_CONTEXT(2) 
PARAMETRIC_REPRESENTATION_CONTEXT() REPRESENTATION_CONTEXT('2D SPACE',''
  ) );
#4334 = FACE_BOUND('',#4335,.T.);
#4335 = EDGE_LOOP('',(#4336,#4364,#4390,#4416,#4442,#4468,#4494,#4520,
    #4546,#4572,#4598,#4624));
#4336 = ORIENTED_EDGE('',*,*,#4337,.T.);
#4337 = EDGE_CURVE('',#4338,#4340,#4342,.T.);
#4338 = VERTEX_POINT('',#4339);
#4339 = CARTESIAN_POINT('',(61.363177159828,39.85,108.58109809663));
#4340 = VERTEX_POINT('',#4341);
#4341 = CARTESIAN_POINT('',(61.315220665133,39.85,108.37806107532));
#4342 = SURFACE_CURVE('',#4343,(#4347,#4353),.PCURVE_S1.);
#4343 = LINE('',#4344,#4345);
#4344 = CARTESIAN_POINT('',(60.695148987848,39.85,105.75281694203));
#4345 = VECTOR('',#4346,1.);
#4346 = DIRECTION('',(-0.229870765524,0.,-0.97322116251));
#4347 = PCURVE('',#342,#4348);
#4348 = DEFINITIONAL_REPRESENTATION('',(#4349),#4352);
#4349 = B_SPLINE_CURVE_WITH_KNOTS('',1,(#4350,#4351),.UNSPECIFIED.,.F.,
  .F.,(2,2),(-2.906103220469,-2.697479498414),.PIECEWISE_BEZIER_KNOTS.);
#4350 = CARTESIAN_POINT('',(5.901098096633,-0.606822840172));
#4351 = CARTESIAN_POINT('',(5.698061075327,-0.654779334867));
#4352 = ( GEOMETRIC_REPRESENTATION_CONTEXT(2) 
PARAMETRIC_REPRESENTATION_CONTEXT() REPRESENTATION_CONTEXT('2D SPACE',''
  ) );
#4353 = PCURVE('',#4354,#4359);
#4354 = PLANE('',#4355);
#4355 = AXIS2_PLACEMENT_3D('',#4356,#4357,#4358);
#4356 = CARTESIAN_POINT('',(61.315220665133,39.75,108.37806107532));
#4357 = DIRECTION('',(0.97322116251,0.,-0.229870765524));
#4358 = DIRECTION('',(0.229870765524,0.,0.97322116251));
#4359 = DEFINITIONAL_REPRESENTATION('',(#4360),#4363);
#4360 = B_SPLINE_CURVE_WITH_KNOTS('',1,(#4361,#4362),.UNSPECIFIED.,.F.,
  .F.,(2,2),(-2.906103220469,-2.697479498414),.PIECEWISE_BEZIER_KNOTS.);
#4361 = CARTESIAN_POINT('',(0.208623722055,-0.1));
#4362 = CARTESIAN_POINT('',(0.,-0.1));
#4363 = ( GEOMETRIC_REPRESENTATION_CONTEXT(2) 
PARAMETRIC_REPRESENTATION_CONTEXT() REPRESENTATION_CONTEXT('2D SPACE',''
  ) );
#4364 = ORIENTED_EDGE('',*,*,#4365,.T.);
#4365 = EDGE_CURVE('',#4340,#4366,#4368,.T.);
#4366 = VERTEX_POINT('',#4367);
#4367 = CARTESIAN_POINT('',(61.976120058565,39.85,108.33010458063));
#4368 = SURFACE_CURVE('',#4369,(#4373,#4379),.PCURVE_S1.);
#4369 = LINE('',#4370,#4371);
#4370 = CARTESIAN_POINT('',(62.176995141026,39.85,108.31552858779));
#4371 = VECTOR('',#4372,1.);
#4372 = DIRECTION('',(0.997377694634,0.,-7.237219249575E-02));
#4373 = PCURVE('',#342,#4374);
#4374 = DEFINITIONAL_REPRESENTATION('',(#4375),#4378);
#4375 = B_SPLINE_CURVE_WITH_KNOTS('',1,(#4376,#4377),.UNSPECIFIED.,.F.,
  .F.,(2,2),(-0.864040253286,-0.201403223214),.PIECEWISE_BEZIER_KNOTS.);
#4376 = CARTESIAN_POINT('',(5.698061075327,-0.654779334867));
#4377 = CARTESIAN_POINT('',(5.650104580632,6.120058565154E-03));
#4378 = ( GEOMETRIC_REPRESENTATION_CONTEXT(2) 
PARAMETRIC_REPRESENTATION_CONTEXT() REPRESENTATION_CONTEXT('2D SPACE',''
  ) );
#4379 = PCURVE('',#4380,#4385);
#4380 = PLANE('',#4381);
#4381 = AXIS2_PLACEMENT_3D('',#4382,#4383,#4384);
#4382 = CARTESIAN_POINT('',(61.976120058565,39.75,108.33010458063));
#4383 = DIRECTION('',(7.237219249575E-02,0.,0.997377694634));
#4384 = DIRECTION('',(-0.997377694634,0.,7.237219249575E-02));
#4385 = DEFINITIONAL_REPRESENTATION('',(#4386),#4389);
#4386 = B_SPLINE_CURVE_WITH_KNOTS('',1,(#4387,#4388),.UNSPECIFIED.,.F.,
  .F.,(2,2),(-0.864040253286,-0.201403223214),.PIECEWISE_BEZIER_KNOTS.);
#4387 = CARTESIAN_POINT('',(0.662637030072,-0.1));
#4388 = CARTESIAN_POINT('',(0.,-0.1));
#4389 = ( GEOMETRIC_REPRESENTATION_CONTEXT(2) 
PARAMETRIC_REPRESENTATION_CONTEXT() REPRESENTATION_CONTEXT('2D SPACE',''
  ) );
#4390 = ORIENTED_EDGE('',*,*,#4391,.T.);
#4391 = EDGE_CURVE('',#4366,#4392,#4394,.T.);
#4392 = VERTEX_POINT('',#4393);
#4393 = CARTESIAN_POINT('',(62.016120058565,39.85,107.99047688768));
#4394 = SURFACE_CURVE('',#4395,(#4399,#4405),.PCURVE_S1.);
#4395 = LINE('',#4396,#4397);
#4396 = CARTESIAN_POINT('',(62.324249497793,39.85,105.37424462329));
#4397 = VECTOR('',#4398,1.);
#4398 = DIRECTION('',(0.116967579988,0.,-0.993135733539));
#4399 = PCURVE('',#342,#4400);
#4400 = DEFINITIONAL_REPRESENTATION('',(#4401),#4404);
#4401 = B_SPLINE_CURVE_WITH_KNOTS('',1,(#4402,#4403),.UNSPECIFIED.,.F.,
  .F.,(2,2),(-2.976290004993,-2.634314903824),.PIECEWISE_BEZIER_KNOTS.);
#4402 = CARTESIAN_POINT('',(5.650104580632,6.120058565154E-03));
#4403 = CARTESIAN_POINT('',(5.31047688768,4.612005856515E-02));
#4404 = ( GEOMETRIC_REPRESENTATION_CONTEXT(2) 
PARAMETRIC_REPRESENTATION_CONTEXT() REPRESENTATION_CONTEXT('2D SPACE',''
  ) );
#4405 = PCURVE('',#4406,#4411);
#4406 = PLANE('',#4407);
#4407 = AXIS2_PLACEMENT_3D('',#4408,#4409,#4410);
#4408 = CARTESIAN_POINT('',(62.016120058565,39.75,107.99047688768));
#4409 = DIRECTION('',(0.993135733539,0.,0.116967579988));
#4410 = DIRECTION('',(-0.116967579988,0.,0.993135733539));
#4411 = DEFINITIONAL_REPRESENTATION('',(#4412),#4415);
#4412 = B_SPLINE_CURVE_WITH_KNOTS('',1,(#4413,#4414),.UNSPECIFIED.,.F.,
  .F.,(2,2),(-2.976290004993,-2.634314903824),.PIECEWISE_BEZIER_KNOTS.);
#4413 = CARTESIAN_POINT('',(0.341975101169,-0.1));
#4414 = CARTESIAN_POINT('',(0.,-0.1));
#4415 = ( GEOMETRIC_REPRESENTATION_CONTEXT(2) 
PARAMETRIC_REPRESENTATION_CONTEXT() REPRESENTATION_CONTEXT('2D SPACE',''
  ) );
#4416 = ORIENTED_EDGE('',*,*,#4417,.T.);
#4417 = EDGE_CURVE('',#4392,#4418,#4420,.T.);
#4418 = VERTEX_POINT('',#4419);
#4419 = CARTESIAN_POINT('',(61.270937042698,39.85,107.95047688768));
#4420 = SURFACE_CURVE('',#4421,(#4425,#4431),.PCURVE_S1.);
#4421 = LINE('',#4422,#4423);
#4422 = CARTESIAN_POINT('',(61.478416141252,39.85,107.96161396912));
#4423 = VECTOR('',#4424,1.);
#4424 = DIRECTION('',(-0.998562437231,0.,-5.360092304672E-02));
#4425 = PCURVE('',#342,#4426);
#4426 = DEFINITIONAL_REPRESENTATION('',(#4427),#4430);
#4427 = B_SPLINE_CURVE_WITH_KNOTS('',1,(#4428,#4429),.UNSPECIFIED.,.F.,
  .F.,(2,2),(-0.538478013257,0.207777792173),.PIECEWISE_BEZIER_KNOTS.);
#4428 = CARTESIAN_POINT('',(5.31047688768,4.612005856515E-02));
#4429 = CARTESIAN_POINT('',(5.27047688768,-0.699062957302));
#4430 = ( GEOMETRIC_REPRESENTATION_CONTEXT(2) 
PARAMETRIC_REPRESENTATION_CONTEXT() REPRESENTATION_CONTEXT('2D SPACE',''
  ) );
#4431 = PCURVE('',#4432,#4437);
#4432 = PLANE('',#4433);
#4433 = AXIS2_PLACEMENT_3D('',#4434,#4435,#4436);
#4434 = CARTESIAN_POINT('',(61.270937042698,39.75,107.95047688768));
#4435 = DIRECTION('',(5.360092304672E-02,0.,-0.998562437231));
#4436 = DIRECTION('',(0.998562437231,0.,5.360092304672E-02));
#4437 = DEFINITIONAL_REPRESENTATION('',(#4438),#4441);
#4438 = B_SPLINE_CURVE_WITH_KNOTS('',1,(#4439,#4440),.UNSPECIFIED.,.F.,
  .F.,(2,2),(-0.538478013257,0.207777792173),.PIECEWISE_BEZIER_KNOTS.);
#4439 = CARTESIAN_POINT('',(0.74625580543,-0.1));
#4440 = CARTESIAN_POINT('',(0.,-0.1));
#4441 = ( GEOMETRIC_REPRESENTATION_CONTEXT(2) 
PARAMETRIC_REPRESENTATION_CONTEXT() REPRESENTATION_CONTEXT('2D SPACE',''
  ) );
#4442 = ORIENTED_EDGE('',*,*,#4443,.T.);
#4443 = EDGE_CURVE('',#4418,#4444,#4446,.T.);
#4444 = VERTEX_POINT('',#4445);
#4445 = CARTESIAN_POINT('',(61.222980548003,39.85,107.74743986637));
#4446 = SURFACE_CURVE('',#4447,(#4451,#4457),.PCURVE_S1.);
#4447 = LINE('',#4448,#4449);
#4448 = CARTESIAN_POINT('',(60.675885622257,39.85,105.43116289907));
#4449 = VECTOR('',#4450,1.);
#4450 = DIRECTION('',(-0.229870765524,0.,-0.97322116251));
#4451 = PCURVE('',#342,#4452);
#4452 = DEFINITIONAL_REPRESENTATION('',(#4453),#4456);
#4453 = B_SPLINE_CURVE_WITH_KNOTS('',1,(#4454,#4455),.UNSPECIFIED.,.F.,
  .F.,(2,2),(-2.588634614261,-2.380010892206),.PIECEWISE_BEZIER_KNOTS.);
#4454 = CARTESIAN_POINT('',(5.27047688768,-0.699062957302));
#4455 = CARTESIAN_POINT('',(5.067439866375,-0.747019451997));
#4456 = ( GEOMETRIC_REPRESENTATION_CONTEXT(2) 
PARAMETRIC_REPRESENTATION_CONTEXT() REPRESENTATION_CONTEXT('2D SPACE',''
  ) );
#4457 = PCURVE('',#4458,#4463);
#4458 = PLANE('',#4459);
#4459 = AXIS2_PLACEMENT_3D('',#4460,#4461,#4462);
#4460 = CARTESIAN_POINT('',(61.222980548003,39.75,107.74743986637));
#4461 = DIRECTION('',(0.97322116251,0.,-0.229870765524));
#4462 = DIRECTION('',(0.229870765524,0.,0.97322116251));
#4463 = DEFINITIONAL_REPRESENTATION('',(#4464),#4467);
#4464 = B_SPLINE_CURVE_WITH_KNOTS('',1,(#4465,#4466),.UNSPECIFIED.,.F.,
  .F.,(2,2),(-2.588634614261,-2.380010892206),.PIECEWISE_BEZIER_KNOTS.);
#4465 = CARTESIAN_POINT('',(0.208623722055,-0.1));
#4466 = CARTESIAN_POINT('',(0.,-0.1));
#4467 = ( GEOMETRIC_REPRESENTATION_CONTEXT(2) 
PARAMETRIC_REPRESENTATION_CONTEXT() REPRESENTATION_CONTEXT('2D SPACE',''
  ) );
#4468 = ORIENTED_EDGE('',*,*,#4469,.T.);
#4469 = EDGE_CURVE('',#4444,#4470,#4472,.T.);
#4470 = VERTEX_POINT('',#4471);
#4471 = CARTESIAN_POINT('',(62.269355783071,39.85,107.69948337168));
#4472 = SURFACE_CURVE('',#4473,(#4477,#4483),.PCURVE_S1.);
#4473 = LINE('',#4474,#4475);
#4474 = CARTESIAN_POINT('',(62.234774670915,39.85,107.70106826098));
#4475 = VECTOR('',#4476,1.);
#4476 = DIRECTION('',(0.998951408223,0.,-4.578301005571E-02));
#4477 = PCURVE('',#342,#4478);
#4478 = DEFINITIONAL_REPRESENTATION('',(#4479),#4482);
#4479 = B_SPLINE_CURVE_WITH_KNOTS('',1,(#4480,#4481),.UNSPECIFIED.,.F.,
  .F.,(2,2),(-1.012856195591,3.461741168915E-02),
  .PIECEWISE_BEZIER_KNOTS.);
#4480 = CARTESIAN_POINT('',(5.067439866375,-0.747019451997));
#4481 = CARTESIAN_POINT('',(5.01948337168,0.299355783071));
#4482 = ( GEOMETRIC_REPRESENTATION_CONTEXT(2) 
PARAMETRIC_REPRESENTATION_CONTEXT() REPRESENTATION_CONTEXT('2D SPACE',''
  ) );
#4483 = PCURVE('',#4484,#4489);
#4484 = PLANE('',#4485);
#4485 = AXIS2_PLACEMENT_3D('',#4486,#4487,#4488);
#4486 = CARTESIAN_POINT('',(62.269355783071,39.75,107.69948337168));
#4487 = DIRECTION('',(4.578301005571E-02,0.,0.998951408223));
#4488 = DIRECTION('',(-0.998951408223,0.,4.578301005571E-02));
#4489 = DEFINITIONAL_REPRESENTATION('',(#4490),#4493);
#4490 = B_SPLINE_CURVE_WITH_KNOTS('',1,(#4491,#4492),.UNSPECIFIED.,.F.,
  .F.,(2,2),(-1.012856195591,3.461741168915E-02),
  .PIECEWISE_BEZIER_KNOTS.);
#4491 = CARTESIAN_POINT('',(1.04747360728,-0.1));
#4492 = CARTESIAN_POINT('',(0.,-0.1));
#4493 = ( GEOMETRIC_REPRESENTATION_CONTEXT(2) 
PARAMETRIC_REPRESENTATION_CONTEXT() REPRESENTATION_CONTEXT('2D SPACE',''
  ) );
#4494 = ORIENTED_EDGE('',*,*,#4495,.T.);
#4495 = EDGE_CURVE('',#4470,#4496,#4498,.T.);
#4496 = VERTEX_POINT('',#4497);
#4497 = CARTESIAN_POINT('',(62.317312277766,39.85,109.11544655905));
#4498 = SURFACE_CURVE('',#4499,(#4503,#4509),.PCURVE_S1.);
#4499 = LINE('',#4500,#4501);
#4500 = CARTESIAN_POINT('',(62.20825883677,39.85,105.89553528554));
#4501 = VECTOR('',#4502,1.);
#4502 = DIRECTION('',(3.384905340035E-02,-0.,0.999426956603));
#4503 = PCURVE('',#342,#4504);
#4504 = DEFINITIONAL_REPRESENTATION('',(#4505),#4508);
#4505 = B_SPLINE_CURVE_WITH_KNOTS('',1,(#4506,#4507),.UNSPECIFIED.,.F.,
  .F.,(2,2),(1.804982419394,3.221757480368),.PIECEWISE_BEZIER_KNOTS.);
#4506 = CARTESIAN_POINT('',(5.01948337168,0.299355783071));
#4507 = CARTESIAN_POINT('',(6.435446559059,0.347312277766));
#4508 = ( GEOMETRIC_REPRESENTATION_CONTEXT(2) 
PARAMETRIC_REPRESENTATION_CONTEXT() REPRESENTATION_CONTEXT('2D SPACE',''
  ) );
#4509 = PCURVE('',#4510,#4515);
#4510 = PLANE('',#4511);
#4511 = AXIS2_PLACEMENT_3D('',#4512,#4513,#4514);
#4512 = CARTESIAN_POINT('',(62.317312277766,39.75,109.11544655905));
#4513 = DIRECTION('',(-0.999426956603,0.,3.384905340035E-02));
#4514 = DIRECTION('',(-3.384905340035E-02,0.,-0.999426956603));
#4515 = DEFINITIONAL_REPRESENTATION('',(#4516),#4519);
#4516 = B_SPLINE_CURVE_WITH_KNOTS('',1,(#4517,#4518),.UNSPECIFIED.,.F.,
  .F.,(2,2),(1.804982419394,3.221757480368),.PIECEWISE_BEZIER_KNOTS.);
#4517 = CARTESIAN_POINT('',(1.416775060974,-0.1));
#4518 = CARTESIAN_POINT('',(0.,-0.1));
#4519 = ( GEOMETRIC_REPRESENTATION_CONTEXT(2) 
PARAMETRIC_REPRESENTATION_CONTEXT() REPRESENTATION_CONTEXT('2D SPACE',''
  ) );
#4520 = ORIENTED_EDGE('',*,*,#4521,.T.);
#4521 = EDGE_CURVE('',#4496,#4522,#4524,.T.);
#4522 = VERTEX_POINT('',#4523);
#4523 = CARTESIAN_POINT('',(61.307017360623,39.85,109.16340305375));
#4524 = SURFACE_CURVE('',#4525,(#4529,#4535),.PCURVE_S1.);
#4525 = LINE('',#4526,#4527);
#4526 = CARTESIAN_POINT('',(61.791294007522,39.85,109.14041549828));
#4527 = VECTOR('',#4528,1.);
#4528 = DIRECTION('',(-0.998875303416,0.,4.741443055547E-02));
#4529 = PCURVE('',#342,#4530);
#4530 = DEFINITIONAL_REPRESENTATION('',(#4531),#4534);
#4531 = B_SPLINE_CURVE_WITH_KNOTS('',1,(#4532,#4533),.UNSPECIFIED.,.F.,
  .F.,(2,2),(-0.526610547327,0.484821924462),.PIECEWISE_BEZIER_KNOTS.);
#4532 = CARTESIAN_POINT('',(6.435446559059,0.347312277766));
#4533 = CARTESIAN_POINT('',(6.483403053754,-0.662982639377));
#4534 = ( GEOMETRIC_REPRESENTATION_CONTEXT(2) 
PARAMETRIC_REPRESENTATION_CONTEXT() REPRESENTATION_CONTEXT('2D SPACE',''
  ) );
#4535 = PCURVE('',#4536,#4541);
#4536 = PLANE('',#4537);
#4537 = AXIS2_PLACEMENT_3D('',#4538,#4539,#4540);
#4538 = CARTESIAN_POINT('',(61.307017360623,39.75,109.16340305375));
#4539 = DIRECTION('',(-4.741443055547E-02,0.,-0.998875303416));
#4540 = DIRECTION('',(0.998875303416,0.,-4.741443055547E-02));
#4541 = DEFINITIONAL_REPRESENTATION('',(#4542),#4545);
#4542 = B_SPLINE_CURVE_WITH_KNOTS('',1,(#4543,#4544),.UNSPECIFIED.,.F.,
  .F.,(2,2),(-0.526610547327,0.484821924462),.PIECEWISE_BEZIER_KNOTS.);
#4543 = CARTESIAN_POINT('',(1.011432471789,-0.1));
#4544 = CARTESIAN_POINT('',(0.,-0.1));
#4545 = ( GEOMETRIC_REPRESENTATION_CONTEXT(2) 
PARAMETRIC_REPRESENTATION_CONTEXT() REPRESENTATION_CONTEXT('2D SPACE',''
  ) );
#4546 = ORIENTED_EDGE('',*,*,#4547,.T.);
#4547 = EDGE_CURVE('',#4522,#4548,#4550,.T.);
#4548 = VERTEX_POINT('',#4549);
#4549 = CARTESIAN_POINT('',(61.259060865928,39.85,108.96036603244));
#4550 = SURFACE_CURVE('',#4551,(#4555,#4561),.PCURVE_S1.);
#4551 = LINE('',#4552,#4553);
#4552 = CARTESIAN_POINT('',(60.575337742503,39.85,106.06563598055));
#4553 = VECTOR('',#4554,1.);
#4554 = DIRECTION('',(-0.229870765524,0.,-0.97322116251));
#4555 = PCURVE('',#342,#4556);
#4556 = DEFINITIONAL_REPRESENTATION('',(#4557),#4560);
#4557 = B_SPLINE_CURVE_WITH_KNOTS('',1,(#4558,#4559),.UNSPECIFIED.,.F.,
  .F.,(2,2),(-3.183004226105,-2.97438050405),.PIECEWISE_BEZIER_KNOTS.);
#4558 = CARTESIAN_POINT('',(6.483403053754,-0.662982639377));
#4559 = CARTESIAN_POINT('',(6.280366032449,-0.710939134072));
#4560 = ( GEOMETRIC_REPRESENTATION_CONTEXT(2) 
PARAMETRIC_REPRESENTATION_CONTEXT() REPRESENTATION_CONTEXT('2D SPACE',''
  ) );
#4561 = PCURVE('',#4562,#4567);
#4562 = PLANE('',#4563);
#4563 = AXIS2_PLACEMENT_3D('',#4564,#4565,#4566);
#4564 = CARTESIAN_POINT('',(61.259060865928,39.75,108.96036603244));
#4565 = DIRECTION('',(0.97322116251,0.,-0.229870765524));
#4566 = DIRECTION('',(0.229870765524,0.,0.97322116251));
#4567 = DEFINITIONAL_REPRESENTATION('',(#4568),#4571);
#4568 = B_SPLINE_CURVE_WITH_KNOTS('',1,(#4569,#4570),.UNSPECIFIED.,.F.,
  .F.,(2,2),(-3.183004226105,-2.97438050405),.PIECEWISE_BEZIER_KNOTS.);
#4569 = CARTESIAN_POINT('',(0.208623722055,-0.1));
#4570 = CARTESIAN_POINT('',(0.,-0.1));
#4571 = ( GEOMETRIC_REPRESENTATION_CONTEXT(2) 
PARAMETRIC_REPRESENTATION_CONTEXT() REPRESENTATION_CONTEXT('2D SPACE',''
  ) );
#4572 = ORIENTED_EDGE('',*,*,#4573,.T.);
#4573 = EDGE_CURVE('',#4548,#4574,#4576,.T.);
#4574 = VERTEX_POINT('',#4575);
#4575 = CARTESIAN_POINT('',(61.976120058565,39.85,108.91240953775));
#4576 = SURFACE_CURVE('',#4577,(#4581,#4587),.PCURVE_S1.);
#4577 = LINE('',#4578,#4579);
#4578 = CARTESIAN_POINT('',(62.180555550757,39.85,108.89873701295));
#4579 = VECTOR('',#4580,1.);
#4580 = DIRECTION('',(0.997771046914,0.,-6.67303374807E-02));
#4581 = PCURVE('',#342,#4582);
#4582 = DEFINITIONAL_REPRESENTATION('',(#4583),#4586);
#4583 = B_SPLINE_CURVE_WITH_KNOTS('',1,(#4584,#4585),.UNSPECIFIED.,.F.,
  .F.,(2,2),(-0.923553241678,-0.204892187265),.PIECEWISE_BEZIER_KNOTS.);
#4584 = CARTESIAN_POINT('',(6.280366032449,-0.710939134072));
#4585 = CARTESIAN_POINT('',(6.232409537754,6.120058565154E-03));
#4586 = ( GEOMETRIC_REPRESENTATION_CONTEXT(2) 
PARAMETRIC_REPRESENTATION_CONTEXT() REPRESENTATION_CONTEXT('2D SPACE',''
  ) );
#4587 = PCURVE('',#4588,#4593);
#4588 = PLANE('',#4589);
#4589 = AXIS2_PLACEMENT_3D('',#4590,#4591,#4592);
#4590 = CARTESIAN_POINT('',(61.976120058565,39.75,108.91240953775));
#4591 = DIRECTION('',(6.67303374807E-02,0.,0.997771046914));
#4592 = DIRECTION('',(-0.997771046914,0.,6.67303374807E-02));
#4593 = DEFINITIONAL_REPRESENTATION('',(#4594),#4597);
#4594 = B_SPLINE_CURVE_WITH_KNOTS('',1,(#4595,#4596),.UNSPECIFIED.,.F.,
  .F.,(2,2),(-0.923553241678,-0.204892187265),.PIECEWISE_BEZIER_KNOTS.);
#4595 = CARTESIAN_POINT('',(0.718661054413,-0.1));
#4596 = CARTESIAN_POINT('',(0.,-0.1));
#4597 = ( GEOMETRIC_REPRESENTATION_CONTEXT(2) 
PARAMETRIC_REPRESENTATION_CONTEXT() REPRESENTATION_CONTEXT('2D SPACE',''
  ) );
#4598 = ORIENTED_EDGE('',*,*,#4599,.T.);
#4599 = EDGE_CURVE('',#4574,#4600,#4602,.T.);
#4600 = VERTEX_POINT('',#4601);
#4601 = CARTESIAN_POINT('',(62.016120058565,39.85,108.62109809663));
#4602 = SURFACE_CURVE('',#4603,(#4607,#4613),.PCURVE_S1.);
#4603 = LINE('',#4604,#4605);
#4604 = CARTESIAN_POINT('',(62.416031680559,39.85,105.70862732353));
#4605 = VECTOR('',#4606,1.);
#4606 = DIRECTION('',(0.136033683919,0.,-0.990704212588));
#4607 = PCURVE('',#342,#4608);
#4608 = DEFINITIONAL_REPRESENTATION('',(#4609),#4612);
#4609 = B_SPLINE_CURVE_WITH_KNOTS('',1,(#4610,#4611),.UNSPECIFIED.,.F.,
  .F.,(2,2),(-3.233843334382,-2.939798515131),.PIECEWISE_BEZIER_KNOTS.);
#4610 = CARTESIAN_POINT('',(6.232409537754,6.120058565154E-03));
#4611 = CARTESIAN_POINT('',(5.941098096633,4.612005856515E-02));
#4612 = ( GEOMETRIC_REPRESENTATION_CONTEXT(2) 
PARAMETRIC_REPRESENTATION_CONTEXT() REPRESENTATION_CONTEXT('2D SPACE',''
  ) );
#4613 = PCURVE('',#4614,#4619);
#4614 = PLANE('',#4615);
#4615 = AXIS2_PLACEMENT_3D('',#4616,#4617,#4618);
#4616 = CARTESIAN_POINT('',(62.016120058565,39.75,108.62109809663));
#4617 = DIRECTION('',(0.990704212588,0.,0.136033683919));
#4618 = DIRECTION('',(-0.136033683919,0.,0.990704212588));
#4619 = DEFINITIONAL_REPRESENTATION('',(#4620),#4623);
#4620 = B_SPLINE_CURVE_WITH_KNOTS('',1,(#4621,#4622),.UNSPECIFIED.,.F.,
  .F.,(2,2),(-3.233843334382,-2.939798515131),.PIECEWISE_BEZIER_KNOTS.);
#4621 = CARTESIAN_POINT('',(0.29404481925,-0.1));
#4622 = CARTESIAN_POINT('',(0.,-0.1));
#4623 = ( GEOMETRIC_REPRESENTATION_CONTEXT(2) 
PARAMETRIC_REPRESENTATION_CONTEXT() REPRESENTATION_CONTEXT('2D SPACE',''
  ) );
#4624 = ORIENTED_EDGE('',*,*,#4625,.T.);
#4625 = EDGE_CURVE('',#4600,#4338,#4626,.T.);
#4626 = SURFACE_CURVE('',#4627,(#4631,#4637),.PCURVE_S1.);
#4627 = LINE('',#4628,#4629);
#4628 = CARTESIAN_POINT('',(61.485376097454,39.85,108.58858413793));
#4629 = VECTOR('',#4630,1.);
#4630 = DIRECTION('',(-0.998128804029,0.,-6.114646814965E-02));
#4631 = PCURVE('',#342,#4632);
#4632 = DEFINITIONAL_REPRESENTATION('',(#4633),#4636);
#4633 = B_SPLINE_CURVE_WITH_KNOTS('',1,(#4634,#4635),.UNSPECIFIED.,.F.,
  .F.,(2,2),(-0.531738948889,0.122428024452),.PIECEWISE_BEZIER_KNOTS.);
#4634 = CARTESIAN_POINT('',(5.941098096633,4.612005856515E-02));
#4635 = CARTESIAN_POINT('',(5.901098096633,-0.606822840172));
#4636 = ( GEOMETRIC_REPRESENTATION_CONTEXT(2) 
PARAMETRIC_REPRESENTATION_CONTEXT() REPRESENTATION_CONTEXT('2D SPACE',''
  ) );
#4637 = PCURVE('',#4638,#4643);
#4638 = PLANE('',#4639);
#4639 = AXIS2_PLACEMENT_3D('',#4640,#4641,#4642);
#4640 = CARTESIAN_POINT('',(61.363177159828,39.75,108.58109809663));
#4641 = DIRECTION('',(6.114646814965E-02,0.,-0.998128804029));
#4642 = DIRECTION('',(0.998128804029,0.,6.114646814965E-02));
#4643 = DEFINITIONAL_REPRESENTATION('',(#4644),#4647);
#4644 = B_SPLINE_CURVE_WITH_KNOTS('',1,(#4645,#4646),.UNSPECIFIED.,.F.,
  .F.,(2,2),(-0.531738948889,0.122428024452),.PIECEWISE_BEZIER_KNOTS.);
#4645 = CARTESIAN_POINT('',(0.654166973342,-0.1));
#4646 = CARTESIAN_POINT('',(0.,-0.1));
#4647 = ( GEOMETRIC_REPRESENTATION_CONTEXT(2) 
PARAMETRIC_REPRESENTATION_CONTEXT() REPRESENTATION_CONTEXT('2D SPACE',''
  ) );
#4648 = FACE_BOUND('',#4649,.T.);
#4649 = EDGE_LOOP('',(#4650,#4678,#4704,#4730,#4756,#4782,#4808));
#4650 = ORIENTED_EDGE('',*,*,#4651,.T.);
#4651 = EDGE_CURVE('',#4652,#4654,#4656,.T.);
#4652 = VERTEX_POINT('',#4653);
#4653 = CARTESIAN_POINT('',(61.913326671177,39.85,109.27943891292));
#4654 = VERTEX_POINT('',#4655);
#4655 = CARTESIAN_POINT('',(62.038203606338,39.85,109.27916514633));
#4656 = SURFACE_CURVE('',#4657,(#4661,#4667),.PCURVE_S1.);
#4657 = LINE('',#4658,#4659);
#4658 = CARTESIAN_POINT('',(62.011335577721,39.85,109.27922404887));
#4659 = VECTOR('',#4660,1.);
#4660 = DIRECTION('',(0.999997596939,0.,-2.19228580488E-03));
#4661 = PCURVE('',#342,#4662);
#4662 = DEFINITIONAL_REPRESENTATION('',(#4663),#4666);
#4663 = B_SPLINE_CURVE_WITH_KNOTS('',1,(#4664,#4665),.UNSPECIFIED.,.F.,
  .F.,(2,2),(-9.800914206585E-02,2.686809318306E-02),
  .PIECEWISE_BEZIER_KNOTS.);
#4664 = CARTESIAN_POINT('',(6.599438912924,-5.667332882331E-02));
#4665 = CARTESIAN_POINT('',(6.599165146334,6.820360633793E-02));
#4666 = ( GEOMETRIC_REPRESENTATION_CONTEXT(2) 
PARAMETRIC_REPRESENTATION_CONTEXT() REPRESENTATION_CONTEXT('2D SPACE',''
  ) );
#4667 = PCURVE('',#4668,#4673);
#4668 = PLANE('',#4669);
#4669 = AXIS2_PLACEMENT_3D('',#4670,#4671,#4672);
#4670 = CARTESIAN_POINT('',(62.038203606338,39.75,109.27916514633));
#4671 = DIRECTION('',(2.19228580488E-03,0.,0.999997596939));
#4672 = DIRECTION('',(-0.999997596939,0.,2.19228580488E-03));
#4673 = DEFINITIONAL_REPRESENTATION('',(#4674),#4677);
#4674 = B_SPLINE_CURVE_WITH_KNOTS('',1,(#4675,#4676),.UNSPECIFIED.,.F.,
  .F.,(2,2),(-9.800914206585E-02,2.686809318306E-02),
  .PIECEWISE_BEZIER_KNOTS.);
#4675 = CARTESIAN_POINT('',(0.124877235249,-0.1));
#4676 = CARTESIAN_POINT('',(0.,-0.1));
#4677 = ( GEOMETRIC_REPRESENTATION_CONTEXT(2) 
PARAMETRIC_REPRESENTATION_CONTEXT() REPRESENTATION_CONTEXT('2D SPACE',''
  ) );
#4678 = ORIENTED_EDGE('',*,*,#4679,.T.);
#4679 = EDGE_CURVE('',#4654,#4680,#4682,.T.);
#4680 = VERTEX_POINT('',#4681);
#4681 = CARTESIAN_POINT('',(61.903210471706,39.85,109.48706764514));
#4682 = SURFACE_CURVE('',#4683,(#4687,#4693),.PCURVE_S1.);
#4683 = LINE('',#4684,#4685);
#4684 = CARTESIAN_POINT('',(63.467660532059,39.85,107.07766306541));
#4685 = VECTOR('',#4686,1.);
#4686 = DIRECTION('',(-0.544581356861,0.,0.838708021757));
#4687 = PCURVE('',#342,#4688);
#4688 = DEFINITIONAL_REPRESENTATION('',(#4689),#4692);
#4689 = B_SPLINE_CURVE_WITH_KNOTS('',1,(#4690,#4691),.UNSPECIFIED.,.F.,
  .F.,(2,2),(2.624873047362,2.872757285283),.PIECEWISE_BEZIER_KNOTS.);
#4690 = CARTESIAN_POINT('',(6.599165146334,6.820360633793E-02));
#4691 = CARTESIAN_POINT('',(6.807067645146,-6.678952829385E-02));
#4692 = ( GEOMETRIC_REPRESENTATION_CONTEXT(2) 
PARAMETRIC_REPRESENTATION_CONTEXT() REPRESENTATION_CONTEXT('2D SPACE',''
  ) );
#4693 = PCURVE('',#4694,#4699);
#4694 = PLANE('',#4695);
#4695 = AXIS2_PLACEMENT_3D('',#4696,#4697,#4698);
#4696 = CARTESIAN_POINT('',(61.903210471706,39.75,109.48706764514));
#4697 = DIRECTION('',(-0.838708021757,0.,-0.544581356861));
#4698 = DIRECTION('',(0.544581356861,0.,-0.838708021757));
#4699 = DEFINITIONAL_REPRESENTATION('',(#4700),#4703);
#4700 = B_SPLINE_CURVE_WITH_KNOTS('',1,(#4701,#4702),.UNSPECIFIED.,.F.,
  .F.,(2,2),(2.624873047362,2.872757285283),.PIECEWISE_BEZIER_KNOTS.);
#4701 = CARTESIAN_POINT('',(0.247884237921,-0.1));
#4702 = CARTESIAN_POINT('',(0.,-0.1));
#4703 = ( GEOMETRIC_REPRESENTATION_CONTEXT(2) 
PARAMETRIC_REPRESENTATION_CONTEXT() REPRESENTATION_CONTEXT('2D SPACE',''
  ) );
#4704 = ORIENTED_EDGE('',*,*,#4705,.T.);
#4705 = EDGE_CURVE('',#4680,#4706,#4708,.T.);
#4706 = VERTEX_POINT('',#4707);
#4707 = CARTESIAN_POINT('',(61.697826776077,39.85,109.50663668688));
#4708 = SURFACE_CURVE('',#4709,(#4713,#4719),.PCURVE_S1.);
#4709 = LINE('',#4710,#4711);
#4710 = CARTESIAN_POINT('',(62.154985493453,39.85,109.46307841905));
#4711 = VECTOR('',#4712,1.);
#4712 = DIRECTION('',(-0.995491496423,0.,9.485083314751E-02));
#4713 = PCURVE('',#342,#4714);
#4714 = DEFINITIONAL_REPRESENTATION('',(#4715),#4718);
#4715 = B_SPLINE_CURVE_WITH_KNOTS('',1,(#4716,#4717),.UNSPECIFIED.,.F.,
  .F.,(2,2),(0.252915291242,0.459229153658),.PIECEWISE_BEZIER_KNOTS.);
#4716 = CARTESIAN_POINT('',(6.807067645146,-6.678952829385E-02));
#4717 = CARTESIAN_POINT('',(6.826636686886,-0.272173223923));
#4718 = ( GEOMETRIC_REPRESENTATION_CONTEXT(2) 
PARAMETRIC_REPRESENTATION_CONTEXT() REPRESENTATION_CONTEXT('2D SPACE',''
  ) );
#4719 = PCURVE('',#4720,#4725);
#4720 = PLANE('',#4721);
#4721 = AXIS2_PLACEMENT_3D('',#4722,#4723,#4724);
#4722 = CARTESIAN_POINT('',(61.697826776077,39.75,109.50663668688));
#4723 = DIRECTION('',(-9.485083314751E-02,0.,-0.995491496423));
#4724 = DIRECTION('',(0.995491496423,0.,-9.485083314751E-02));
#4725 = DEFINITIONAL_REPRESENTATION('',(#4726),#4729);
#4726 = B_SPLINE_CURVE_WITH_KNOTS('',1,(#4727,#4728),.UNSPECIFIED.,.F.,
  .F.,(2,2),(0.252915291242,0.459229153658),.PIECEWISE_BEZIER_KNOTS.);
#4727 = CARTESIAN_POINT('',(0.206313862416,-0.1));
#4728 = CARTESIAN_POINT('',(0.,-0.1));
#4729 = ( GEOMETRIC_REPRESENTATION_CONTEXT(2) 
PARAMETRIC_REPRESENTATION_CONTEXT() REPRESENTATION_CONTEXT('2D SPACE',''
  ) );
#4730 = ORIENTED_EDGE('',*,*,#4731,.T.);
#4731 = EDGE_CURVE('',#4706,#4732,#4734,.T.);
#4732 = VERTEX_POINT('',#4733);
#4733 = CARTESIAN_POINT('',(61.525617700194,39.85,109.33756884992));
#4734 = SURFACE_CURVE('',#4735,(#4739,#4745),.PCURVE_S1.);
#4735 = LINE('',#4736,#4737);
#4736 = CARTESIAN_POINT('',(59.97464801107,39.85,107.81489015725));
#4737 = VECTOR('',#4738,1.);
#4738 = DIRECTION('',(-0.713585026541,0.,-0.700568633252));
#4739 = PCURVE('',#342,#4740);
#4740 = DEFINITIONAL_REPRESENTATION('',(#4741),#4744);
#4741 = B_SPLINE_CURVE_WITH_KNOTS('',1,(#4742,#4743),.UNSPECIFIED.,.F.,
  .F.,(2,2),(-2.414819118835,-2.173489677385),.PIECEWISE_BEZIER_KNOTS.);
#4742 = CARTESIAN_POINT('',(6.826636686886,-0.272173223923));
#4743 = CARTESIAN_POINT('',(6.657568849925,-0.444382299806));
#4744 = ( GEOMETRIC_REPRESENTATION_CONTEXT(2) 
PARAMETRIC_REPRESENTATION_CONTEXT() REPRESENTATION_CONTEXT('2D SPACE',''
  ) );
#4745 = PCURVE('',#4746,#4751);
#4746 = PLANE('',#4747);
#4747 = AXIS2_PLACEMENT_3D('',#4748,#4749,#4750);
#4748 = CARTESIAN_POINT('',(61.525617700194,39.75,109.33756884992));
#4749 = DIRECTION('',(0.700568633252,0.,-0.713585026541));
#4750 = DIRECTION('',(0.713585026541,0.,0.700568633252));
#4751 = DEFINITIONAL_REPRESENTATION('',(#4752),#4755);
#4752 = B_SPLINE_CURVE_WITH_KNOTS('',1,(#4753,#4754),.UNSPECIFIED.,.F.,
  .F.,(2,2),(-2.414819118835,-2.173489677385),.PIECEWISE_BEZIER_KNOTS.);
#4753 = CARTESIAN_POINT('',(0.241329441451,-0.1));
#4754 = CARTESIAN_POINT('',(0.,-0.1));
#4755 = ( GEOMETRIC_REPRESENTATION_CONTEXT(2) 
PARAMETRIC_REPRESENTATION_CONTEXT() REPRESENTATION_CONTEXT('2D SPACE',''
  ) );
#4756 = ORIENTED_EDGE('',*,*,#4757,.T.);
#4757 = EDGE_CURVE('',#4732,#4758,#4760,.T.);
#4758 = VERTEX_POINT('',#4759);
#4759 = CARTESIAN_POINT('',(61.61907794468,39.85,109.26568291152));
#4760 = SURFACE_CURVE('',#4761,(#4765,#4771),.PCURVE_S1.);
#4761 = LINE('',#4762,#4763);
#4762 = CARTESIAN_POINT('',(63.320618081265,39.85,107.95692526684));
#4763 = VECTOR('',#4764,1.);
#4764 = DIRECTION('',(0.792650864975,0.,-0.609675820625));
#4765 = PCURVE('',#342,#4766);
#4766 = DEFINITIONAL_REPRESENTATION('',(#4767),#4770);
#4767 = B_SPLINE_CURVE_WITH_KNOTS('',1,(#4768,#4769),.UNSPECIFIED.,.F.,
  .F.,(2,2),(-2.264553614192,-2.146645152074),.PIECEWISE_BEZIER_KNOTS.);
#4768 = CARTESIAN_POINT('',(6.657568849925,-0.444382299806));
#4769 = CARTESIAN_POINT('',(6.585682911525,-0.35092205532));
#4770 = ( GEOMETRIC_REPRESENTATION_CONTEXT(2) 
PARAMETRIC_REPRESENTATION_CONTEXT() REPRESENTATION_CONTEXT('2D SPACE',''
  ) );
#4771 = PCURVE('',#4772,#4777);
#4772 = PLANE('',#4773);
#4773 = AXIS2_PLACEMENT_3D('',#4774,#4775,#4776);
#4774 = CARTESIAN_POINT('',(61.61907794468,39.75,109.26568291152));
#4775 = DIRECTION('',(0.609675820625,0.,0.792650864975));
#4776 = DIRECTION('',(-0.792650864975,0.,0.609675820625));
#4777 = DEFINITIONAL_REPRESENTATION('',(#4778),#4781);
#4778 = B_SPLINE_CURVE_WITH_KNOTS('',1,(#4779,#4780),.UNSPECIFIED.,.F.,
  .F.,(2,2),(-2.264553614192,-2.146645152074),.PIECEWISE_BEZIER_KNOTS.);
#4779 = CARTESIAN_POINT('',(0.117908462118,-0.1));
#4780 = CARTESIAN_POINT('',(0.,-0.1));
#4781 = ( GEOMETRIC_REPRESENTATION_CONTEXT(2) 
PARAMETRIC_REPRESENTATION_CONTEXT() REPRESENTATION_CONTEXT('2D SPACE',''
  ) );
#4782 = ORIENTED_EDGE('',*,*,#4783,.T.);
#4783 = EDGE_CURVE('',#4758,#4784,#4786,.T.);
#4784 = VERTEX_POINT('',#4785);
#4785 = CARTESIAN_POINT('',(61.759605206027,39.85,109.36483503989));
#4786 = SURFACE_CURVE('',#4787,(#4791,#4797),.PCURVE_S1.);
#4787 = LINE('',#4788,#4789);
#4788 = CARTESIAN_POINT('',(60.255351533925,39.85,108.3034754733));
#4789 = VECTOR('',#4790,1.);
#4790 = DIRECTION('',(0.817087242467,-0.,0.576514039896));
#4791 = PCURVE('',#342,#4792);
#4792 = DEFINITIONAL_REPRESENTATION('',(#4793),#4796);
#4793 = B_SPLINE_CURVE_WITH_KNOTS('',1,(#4794,#4795),.UNSPECIFIED.,.F.,
  .F.,(2,2),(1.66900954987,1.840995176427),.PIECEWISE_BEZIER_KNOTS.);
#4794 = CARTESIAN_POINT('',(6.585682911525,-0.35092205532));
#4795 = CARTESIAN_POINT('',(6.684835039896,-0.210394793973));
#4796 = ( GEOMETRIC_REPRESENTATION_CONTEXT(2) 
PARAMETRIC_REPRESENTATION_CONTEXT() REPRESENTATION_CONTEXT('2D SPACE',''
  ) );
#4797 = PCURVE('',#4798,#4803);
#4798 = PLANE('',#4799);
#4799 = AXIS2_PLACEMENT_3D('',#4800,#4801,#4802);
#4800 = CARTESIAN_POINT('',(61.759605206027,39.75,109.36483503989));
#4801 = DIRECTION('',(-0.576514039896,0.,0.817087242467));
#4802 = DIRECTION('',(-0.817087242467,0.,-0.576514039896));
#4803 = DEFINITIONAL_REPRESENTATION('',(#4804),#4807);
#4804 = B_SPLINE_CURVE_WITH_KNOTS('',1,(#4805,#4806),.UNSPECIFIED.,.F.,
  .F.,(2,2),(1.66900954987,1.840995176427),.PIECEWISE_BEZIER_KNOTS.);
#4805 = CARTESIAN_POINT('',(0.171985626558,-0.1));
#4806 = CARTESIAN_POINT('',(0.,-0.1));
#4807 = ( GEOMETRIC_REPRESENTATION_CONTEXT(2) 
PARAMETRIC_REPRESENTATION_CONTEXT() REPRESENTATION_CONTEXT('2D SPACE',''
  ) );
#4808 = ORIENTED_EDGE('',*,*,#4809,.T.);
#4809 = EDGE_CURVE('',#4784,#4652,#4810,.T.);
#4810 = SURFACE_CURVE('',#4811,(#4815,#4821),.PCURVE_S1.);
#4811 = LINE('',#4812,#4813);
#4812 = CARTESIAN_POINT('',(63.335764399937,39.85,108.4892391007));
#4813 = VECTOR('',#4814,1.);
#4814 = DIRECTION('',(0.874168591086,0.,-0.485622563683));
#4815 = PCURVE('',#342,#4816);
#4816 = DEFINITIONAL_REPRESENTATION('',(#4817),#4820);
#4817 = B_SPLINE_CURVE_WITH_KNOTS('',1,(#4818,#4819),.UNSPECIFIED.,.F.,
  .F.,(2,2),(-1.803038006606,-1.627189243888),.PIECEWISE_BEZIER_KNOTS.);
#4818 = CARTESIAN_POINT('',(6.684835039896,-0.210394793973));
#4819 = CARTESIAN_POINT('',(6.599438912924,-5.667332882331E-02));
#4820 = ( GEOMETRIC_REPRESENTATION_CONTEXT(2) 
PARAMETRIC_REPRESENTATION_CONTEXT() REPRESENTATION_CONTEXT('2D SPACE',''
  ) );
#4821 = PCURVE('',#4822,#4827);
#4822 = PLANE('',#4823);
#4823 = AXIS2_PLACEMENT_3D('',#4824,#4825,#4826);
#4824 = CARTESIAN_POINT('',(61.913326671177,39.75,109.27943891292));
#4825 = DIRECTION('',(0.485622563683,0.,0.874168591086));
#4826 = DIRECTION('',(-0.874168591086,0.,0.485622563683));
#4827 = DEFINITIONAL_REPRESENTATION('',(#4828),#4831);
#4828 = B_SPLINE_CURVE_WITH_KNOTS('',1,(#4829,#4830),.UNSPECIFIED.,.F.,
  .F.,(2,2),(-1.803038006606,-1.627189243888),.PIECEWISE_BEZIER_KNOTS.);
#4829 = CARTESIAN_POINT('',(0.175848762718,-0.1));
#4830 = CARTESIAN_POINT('',(0.,-0.1));
#4831 = ( GEOMETRIC_REPRESENTATION_CONTEXT(2) 
PARAMETRIC_REPRESENTATION_CONTEXT() REPRESENTATION_CONTEXT('2D SPACE',''
  ) );
#4832 = FACE_BOUND('',#4833,.T.);
#4833 = EDGE_LOOP('',(#4834,#4835,#4836,#4860,#4888,#4917,#4945,#4974));
#4834 = ORIENTED_EDGE('',*,*,#325,.F.);
#4835 = ORIENTED_EDGE('',*,*,#539,.F.);
#4836 = ORIENTED_EDGE('',*,*,#4837,.F.);
#4837 = EDGE_CURVE('',#4838,#511,#4840,.T.);
#4838 = VERTEX_POINT('',#4839);
#4839 = CARTESIAN_POINT('',(63.2,39.85,114.3693817201));
#4840 = SURFACE_CURVE('',#4841,(#4846,#4853),.PCURVE_S1.);
#4841 = CIRCLE('',#4842,1.039381720101);
#4842 = AXIS2_PLACEMENT_3D('',#4843,#4844,#4845);
#4843 = CARTESIAN_POINT('',(63.2,39.85,113.33));
#4844 = DIRECTION('',(0.,1.,0.));
#4845 = DIRECTION('',(-2.080364250429E-15,0.,1.));
#4846 = PCURVE('',#342,#4847);
#4847 = DEFINITIONAL_REPRESENTATION('',(#4848),#4852);
#4848 = CIRCLE('',#4849,1.039381720101);
#4849 = AXIS2_PLACEMENT_2D('',#4850,#4851);
#4850 = CARTESIAN_POINT('',(10.65,1.23));
#4851 = DIRECTION('',(1.,-2.136314316779E-15));
#4852 = ( GEOMETRIC_REPRESENTATION_CONTEXT(2) 
PARAMETRIC_REPRESENTATION_CONTEXT() REPRESENTATION_CONTEXT('2D SPACE',''
  ) );
#4853 = PCURVE('',#526,#4854);
#4854 = DEFINITIONAL_REPRESENTATION('',(#4855),#4859);
#4855 = LINE('',#4856,#4857);
#4856 = CARTESIAN_POINT('',(0.,1.570796326795));
#4857 = VECTOR('',#4858,1.);
#4858 = DIRECTION('',(1.,0.));
#4859 = ( GEOMETRIC_REPRESENTATION_CONTEXT(2) 
PARAMETRIC_REPRESENTATION_CONTEXT() REPRESENTATION_CONTEXT('2D SPACE',''
  ) );
#4860 = ORIENTED_EDGE('',*,*,#4861,.F.);
#4861 = EDGE_CURVE('',#4862,#4838,#4864,.T.);
#4862 = VERTEX_POINT('',#4863);
#4863 = CARTESIAN_POINT('',(60.74,39.85,114.3693817201));
#4864 = SURFACE_CURVE('',#4865,(#4869,#4876),.PCURVE_S1.);
#4865 = LINE('',#4866,#4867);
#4866 = CARTESIAN_POINT('',(60.74,39.85,114.3693817201));
#4867 = VECTOR('',#4868,1.);
#4868 = DIRECTION('',(1.,-0.,-6.123233995737E-17));
#4869 = PCURVE('',#342,#4870);
#4870 = DEFINITIONAL_REPRESENTATION('',(#4871),#4875);
#4871 = LINE('',#4872,#4873);
#4872 = CARTESIAN_POINT('',(11.689381720101,-1.23));
#4873 = VECTOR('',#4874,1.);
#4874 = DIRECTION('',(-6.123233995737E-17,1.));
#4875 = ( GEOMETRIC_REPRESENTATION_CONTEXT(2) 
PARAMETRIC_REPRESENTATION_CONTEXT() REPRESENTATION_CONTEXT('2D SPACE',''
  ) );
#4876 = PCURVE('',#4877,#4882);
#4877 = CYLINDRICAL_SURFACE('',#4878,0.3);
#4878 = AXIS2_PLACEMENT_3D('',#4879,#4880,#4881);
#4879 = CARTESIAN_POINT('',(60.74,39.55,114.3693817201));
#4880 = DIRECTION('',(1.,-0.,-6.123233995737E-17));
#4881 = DIRECTION('',(0.,1.,0.));
#4882 = DEFINITIONAL_REPRESENTATION('',(#4883),#4887);
#4883 = LINE('',#4884,#4885);
#4884 = CARTESIAN_POINT('',(-0.,0.));
#4885 = VECTOR('',#4886,1.);
#4886 = DIRECTION('',(-0.,1.));
#4887 = ( GEOMETRIC_REPRESENTATION_CONTEXT(2) 
PARAMETRIC_REPRESENTATION_CONTEXT() REPRESENTATION_CONTEXT('2D SPACE',''
  ) );
#4888 = ORIENTED_EDGE('',*,*,#4889,.F.);
#4889 = EDGE_CURVE('',#4890,#4862,#4892,.T.);
#4890 = VERTEX_POINT('',#4891);
#4891 = CARTESIAN_POINT('',(59.700618279899,39.85,113.33));
#4892 = SURFACE_CURVE('',#4893,(#4898,#4905),.PCURVE_S1.);
#4893 = CIRCLE('',#4894,1.039381720101);
#4894 = AXIS2_PLACEMENT_3D('',#4895,#4896,#4897);
#4895 = CARTESIAN_POINT('',(60.74,39.85,113.33));
#4896 = DIRECTION('',(0.,1.,0.));
#4897 = DIRECTION('',(-1.,0.,0.));
#4898 = PCURVE('',#342,#4899);
#4899 = DEFINITIONAL_REPRESENTATION('',(#4900),#4904);
#4900 = CIRCLE('',#4901,1.039381720101);
#4901 = AXIS2_PLACEMENT_2D('',#4902,#4903);
#4902 = CARTESIAN_POINT('',(10.65,-1.23));
#4903 = DIRECTION('',(0.,-1.));
#4904 = ( GEOMETRIC_REPRESENTATION_CONTEXT(2) 
PARAMETRIC_REPRESENTATION_CONTEXT() REPRESENTATION_CONTEXT('2D SPACE',''
  ) );
#4905 = PCURVE('',#4906,#4911);
#4906 = TOROIDAL_SURFACE('',#4907,1.039381720101,0.3);
#4907 = AXIS2_PLACEMENT_3D('',#4908,#4909,#4910);
#4908 = CARTESIAN_POINT('',(60.74,39.55,113.33));
#4909 = DIRECTION('',(0.,1.,0.));
#4910 = DIRECTION('',(-1.,0.,0.));
#4911 = DEFINITIONAL_REPRESENTATION('',(#4912),#4916);
#4912 = LINE('',#4913,#4914);
#4913 = CARTESIAN_POINT('',(0.,1.570796326795));
#4914 = VECTOR('',#4915,1.);
#4915 = DIRECTION('',(1.,0.));
#4916 = ( GEOMETRIC_REPRESENTATION_CONTEXT(2) 
PARAMETRIC_REPRESENTATION_CONTEXT() REPRESENTATION_CONTEXT('2D SPACE',''
  ) );
#4917 = ORIENTED_EDGE('',*,*,#4918,.F.);
#4918 = EDGE_CURVE('',#4919,#4890,#4921,.T.);
#4919 = VERTEX_POINT('',#4920);
#4920 = CARTESIAN_POINT('',(59.700618279899,39.85,111.63));
#4921 = SURFACE_CURVE('',#4922,(#4926,#4933),.PCURVE_S1.);
#4922 = LINE('',#4923,#4924);
#4923 = CARTESIAN_POINT('',(59.700618279899,39.85,111.63));
#4924 = VECTOR('',#4925,1.);
#4925 = DIRECTION('',(-3.828568698927E-16,-0.,1.));
#4926 = PCURVE('',#342,#4927);
#4927 = DEFINITIONAL_REPRESENTATION('',(#4928),#4932);
#4928 = LINE('',#4929,#4930);
#4929 = CARTESIAN_POINT('',(8.95,-2.269381720101));
#4930 = VECTOR('',#4931,1.);
#4931 = DIRECTION('',(1.,-3.828568698927E-16));
#4932 = ( GEOMETRIC_REPRESENTATION_CONTEXT(2) 
PARAMETRIC_REPRESENTATION_CONTEXT() REPRESENTATION_CONTEXT('2D SPACE',''
  ) );
#4933 = PCURVE('',#4934,#4939);
#4934 = CYLINDRICAL_SURFACE('',#4935,0.3);
#4935 = AXIS2_PLACEMENT_3D('',#4936,#4937,#4938);
#4936 = CARTESIAN_POINT('',(59.700618279899,39.55,111.63));
#4937 = DIRECTION('',(-3.828568698927E-16,-0.,1.));
#4938 = DIRECTION('',(0.,1.,0.));
#4939 = DEFINITIONAL_REPRESENTATION('',(#4940),#4944);
#4940 = LINE('',#4941,#4942);
#4941 = CARTESIAN_POINT('',(-0.,0.));
#4942 = VECTOR('',#4943,1.);
#4943 = DIRECTION('',(-0.,1.));
#4944 = ( GEOMETRIC_REPRESENTATION_CONTEXT(2) 
PARAMETRIC_REPRESENTATION_CONTEXT() REPRESENTATION_CONTEXT('2D SPACE',''
  ) );
#4945 = ORIENTED_EDGE('',*,*,#4946,.F.);
#4946 = EDGE_CURVE('',#4947,#4919,#4949,.T.);
#4947 = VERTEX_POINT('',#4948);
#4948 = CARTESIAN_POINT('',(60.74,39.85,110.59061827989));
#4949 = SURFACE_CURVE('',#4950,(#4955,#4962),.PCURVE_S1.);
#4950 = CIRCLE('',#4951,1.039381720101);
#4951 = AXIS2_PLACEMENT_3D('',#4952,#4953,#4954);
#4952 = CARTESIAN_POINT('',(60.74,39.85,111.63));
#4953 = DIRECTION('',(0.,1.,0.));
#4954 = DIRECTION('',(-1.188779571674E-15,0.,-1.));
#4955 = PCURVE('',#342,#4956);
#4956 = DEFINITIONAL_REPRESENTATION('',(#4957),#4961);
#4957 = CIRCLE('',#4958,1.039381720101);
#4958 = AXIS2_PLACEMENT_2D('',#4959,#4960);
#4959 = CARTESIAN_POINT('',(8.95,-1.23));
#4960 = DIRECTION('',(-1.,-1.281788590067E-15));
#4961 = ( GEOMETRIC_REPRESENTATION_CONTEXT(2) 
PARAMETRIC_REPRESENTATION_CONTEXT() REPRESENTATION_CONTEXT('2D SPACE',''
  ) );
#4962 = PCURVE('',#4963,#4968);
#4963 = TOROIDAL_SURFACE('',#4964,1.039381720101,0.3);
#4964 = AXIS2_PLACEMENT_3D('',#4965,#4966,#4967);
#4965 = CARTESIAN_POINT('',(60.74,39.55,111.63));
#4966 = DIRECTION('',(0.,1.,0.));
#4967 = DIRECTION('',(-1.188779571674E-15,0.,-1.));
#4968 = DEFINITIONAL_REPRESENTATION('',(#4969),#4973);
#4969 = LINE('',#4970,#4971);
#4970 = CARTESIAN_POINT('',(0.,1.570796326795));
#4971 = VECTOR('',#4972,1.);
#4972 = DIRECTION('',(1.,0.));
#4973 = ( GEOMETRIC_REPRESENTATION_CONTEXT(2) 
PARAMETRIC_REPRESENTATION_CONTEXT() REPRESENTATION_CONTEXT('2D SPACE',''
  ) );
#4974 = ORIENTED_EDGE('',*,*,#4975,.F.);
#4975 = EDGE_CURVE('',#326,#4947,#4976,.T.);
#4976 = SURFACE_CURVE('',#4977,(#4981,#4988),.PCURVE_S1.);
#4977 = LINE('',#4978,#4979);
#4978 = CARTESIAN_POINT('',(63.2,39.85,110.59061827989));
#4979 = VECTOR('',#4980,1.);
#4980 = DIRECTION('',(-1.,-0.,6.123233995737E-17));
#4981 = PCURVE('',#342,#4982);
#4982 = DEFINITIONAL_REPRESENTATION('',(#4983),#4987);
#4983 = LINE('',#4984,#4985);
#4984 = CARTESIAN_POINT('',(7.910618279899,1.23));
#4985 = VECTOR('',#4986,1.);
#4986 = DIRECTION('',(6.123233995737E-17,-1.));
#4987 = ( GEOMETRIC_REPRESENTATION_CONTEXT(2) 
PARAMETRIC_REPRESENTATION_CONTEXT() REPRESENTATION_CONTEXT('2D SPACE',''
  ) );
#4988 = PCURVE('',#368,#4989);
#4989 = DEFINITIONAL_REPRESENTATION('',(#4990),#4994);
#4990 = LINE('',#4991,#4992);
#4991 = CARTESIAN_POINT('',(-0.,0.));
#4992 = VECTOR('',#4993,1.);
#4993 = DIRECTION('',(-0.,1.));
#4994 = ( GEOMETRIC_REPRESENTATION_CONTEXT(2) 
PARAMETRIC_REPRESENTATION_CONTEXT() REPRESENTATION_CONTEXT('2D SPACE',''
  ) );
#4995 = FACE_BOUND('',#4996,.T.);
#4996 = EDGE_LOOP('',(#4997,#5025,#5051,#5077,#5103,#5129,#5155,#5181,
    #5207,#5233,#5259,#5285,#5311,#5337,#5363,#5389,#5415,#5441,#5467,
    #5493,#5519,#5545,#5571,#5597,#5623,#5649,#5675,#5701));
#4997 = ORIENTED_EDGE('',*,*,#4998,.T.);
#4998 = EDGE_CURVE('',#4999,#5001,#5003,.T.);
#4999 = VERTEX_POINT('',#5000);
#5000 = CARTESIAN_POINT('',(65.1955,39.85,102.44422));
#5001 = VERTEX_POINT('',#5002);
#5002 = CARTESIAN_POINT('',(64.7914,39.85,103.60505));
#5003 = SURFACE_CURVE('',#5004,(#5008,#5014),.PCURVE_S1.);
#5004 = LINE('',#5005,#5006);
#5005 = CARTESIAN_POINT('',(64.78253310572,39.85,103.63052131127));
#5006 = VECTOR('',#5007,1.);
#5007 = DIRECTION('',(-0.328762324454,0.,0.94441269264));
#5008 = PCURVE('',#342,#5009);
#5009 = DEFINITIONAL_REPRESENTATION('',(#5010),#5013);
#5010 = B_SPLINE_CURVE_WITH_KNOTS('',1,(#5011,#5012),.UNSPECIFIED.,.F.,
  .F.,(2,2),(-1.256125971753,-2.697053044381E-02),
  .PIECEWISE_BEZIER_KNOTS.);
#5011 = CARTESIAN_POINT('',(-0.23578,3.2255));
#5012 = CARTESIAN_POINT('',(0.92505,2.8214));
#5013 = ( GEOMETRIC_REPRESENTATION_CONTEXT(2) 
PARAMETRIC_REPRESENTATION_CONTEXT() REPRESENTATION_CONTEXT('2D SPACE',''
  ) );
#5014 = PCURVE('',#5015,#5020);
#5015 = PLANE('',#5016);
#5016 = AXIS2_PLACEMENT_3D('',#5017,#5018,#5019);
#5017 = CARTESIAN_POINT('',(64.7914,39.75,103.60505));
#5018 = DIRECTION('',(-0.94441269264,0.,-0.328762324454));
#5019 = DIRECTION('',(0.328762324454,0.,-0.94441269264));
#5020 = DEFINITIONAL_REPRESENTATION('',(#5021),#5024);
#5021 = B_SPLINE_CURVE_WITH_KNOTS('',1,(#5022,#5023),.UNSPECIFIED.,.F.,
  .F.,(2,2),(-1.256125971753,-2.697053044381E-02),
  .PIECEWISE_BEZIER_KNOTS.);
#5022 = CARTESIAN_POINT('',(1.229155441309,-0.1));
#5023 = CARTESIAN_POINT('',(0.,-0.1));
#5024 = ( GEOMETRIC_REPRESENTATION_CONTEXT(2) 
PARAMETRIC_REPRESENTATION_CONTEXT() REPRESENTATION_CONTEXT('2D SPACE',''
  ) );
#5025 = ORIENTED_EDGE('',*,*,#5026,.T.);
#5026 = EDGE_CURVE('',#5001,#5027,#5029,.T.);
#5027 = VERTEX_POINT('',#5028);
#5028 = CARTESIAN_POINT('',(64.65352,39.85,103.57155));
#5029 = SURFACE_CURVE('',#5030,(#5034,#5040),.PCURVE_S1.);
#5030 = LINE('',#5031,#5032);
#5031 = CARTESIAN_POINT('',(63.284281150273,39.85,103.23887302389));
#5032 = VECTOR('',#5033,1.);
#5033 = DIRECTION('',(-0.971729686115,0.,-0.23609620311));
#5034 = PCURVE('',#342,#5035);
#5035 = DEFINITIONAL_REPRESENTATION('',(#5036),#5039);
#5036 = B_SPLINE_CURVE_WITH_KNOTS('',1,(#5037,#5038),.UNSPECIFIED.,.F.,
  .F.,(2,2),(-1.550965120509,-1.409073808583),.PIECEWISE_BEZIER_KNOTS.);
#5037 = CARTESIAN_POINT('',(0.92505,2.8214));
#5038 = CARTESIAN_POINT('',(0.89155,2.68352));
#5039 = ( GEOMETRIC_REPRESENTATION_CONTEXT(2) 
PARAMETRIC_REPRESENTATION_CONTEXT() REPRESENTATION_CONTEXT('2D SPACE',''
  ) );
#5040 = PCURVE('',#5041,#5046);
#5041 = PLANE('',#5042);
#5042 = AXIS2_PLACEMENT_3D('',#5043,#5044,#5045);
#5043 = CARTESIAN_POINT('',(64.65352,39.75,103.57155));
#5044 = DIRECTION('',(0.23609620311,0.,-0.971729686115));
#5045 = DIRECTION('',(0.971729686115,0.,0.23609620311));
#5046 = DEFINITIONAL_REPRESENTATION('',(#5047),#5050);
#5047 = B_SPLINE_CURVE_WITH_KNOTS('',1,(#5048,#5049),.UNSPECIFIED.,.F.,
  .F.,(2,2),(-1.550965120509,-1.409073808583),.PIECEWISE_BEZIER_KNOTS.);
#5048 = CARTESIAN_POINT('',(0.141891311926,-0.1));
#5049 = CARTESIAN_POINT('',(0.,-0.1));
#5050 = ( GEOMETRIC_REPRESENTATION_CONTEXT(2) 
PARAMETRIC_REPRESENTATION_CONTEXT() REPRESENTATION_CONTEXT('2D SPACE',''
  ) );
#5051 = ORIENTED_EDGE('',*,*,#5052,.T.);
#5052 = EDGE_CURVE('',#5027,#5053,#5055,.T.);
#5053 = VERTEX_POINT('',#5054);
#5054 = CARTESIAN_POINT('',(62.9983,39.85,101.42122));
#5055 = SURFACE_CURVE('',#5056,(#5060,#5066),.PCURVE_S1.);
#5056 = LINE('',#5057,#5058);
#5057 = CARTESIAN_POINT('',(63.111222504289,39.85,101.56791992426));
#5058 = VECTOR('',#5059,1.);
#5059 = DIRECTION('',(-0.609970029837,0.,-0.792424483911));
#5060 = PCURVE('',#342,#5061);
#5061 = DEFINITIONAL_REPRESENTATION('',(#5062),#5065);
#5062 = B_SPLINE_CURVE_WITH_KNOTS('',1,(#5063,#5064),.UNSPECIFIED.,.F.,
  .F.,(2,2),(-2.528480778186,0.185127955088),.PIECEWISE_BEZIER_KNOTS.);
#5063 = CARTESIAN_POINT('',(0.89155,2.68352));
#5064 = CARTESIAN_POINT('',(-1.25878,1.0283));
#5065 = ( GEOMETRIC_REPRESENTATION_CONTEXT(2) 
PARAMETRIC_REPRESENTATION_CONTEXT() REPRESENTATION_CONTEXT('2D SPACE',''
  ) );
#5066 = PCURVE('',#5067,#5072);
#5067 = PLANE('',#5068);
#5068 = AXIS2_PLACEMENT_3D('',#5069,#5070,#5071);
#5069 = CARTESIAN_POINT('',(62.9983,39.75,101.42122));
#5070 = DIRECTION('',(0.792424483911,0.,-0.609970029837));
#5071 = DIRECTION('',(0.609970029837,0.,0.792424483911));
#5072 = DEFINITIONAL_REPRESENTATION('',(#5073),#5076);
#5073 = B_SPLINE_CURVE_WITH_KNOTS('',1,(#5074,#5075),.UNSPECIFIED.,.F.,
  .F.,(2,2),(-2.528480778186,0.185127955088),.PIECEWISE_BEZIER_KNOTS.);
#5074 = CARTESIAN_POINT('',(2.713608733274,-0.1));
#5075 = CARTESIAN_POINT('',(0.,-0.1));
#5076 = ( GEOMETRIC_REPRESENTATION_CONTEXT(2) 
PARAMETRIC_REPRESENTATION_CONTEXT() REPRESENTATION_CONTEXT('2D SPACE',''
  ) );
#5077 = ORIENTED_EDGE('',*,*,#5078,.T.);
#5078 = EDGE_CURVE('',#5053,#5079,#5081,.T.);
#5079 = VERTEX_POINT('',#5080);
#5080 = CARTESIAN_POINT('',(62.93849,39.85,101.3277));
#5081 = SURFACE_CURVE('',#5082,(#5086,#5092),.PCURVE_S1.);
#5082 = LINE('',#5083,#5084);
#5083 = CARTESIAN_POINT('',(63.104821423888,39.85,101.58777882899));
#5084 = VECTOR('',#5085,1.);
#5085 = DIRECTION('',(-0.538780150158,0.,-0.84244640767));
#5086 = PCURVE('',#342,#5087);
#5087 = DEFINITIONAL_REPRESENTATION('',(#5088),#5091);
#5088 = B_SPLINE_CURVE_WITH_KNOTS('',1,(#5089,#5090),.UNSPECIFIED.,.F.,
  .F.,(2,2),(0.197708515907,0.308718544733),.PIECEWISE_BEZIER_KNOTS.);
#5089 = CARTESIAN_POINT('',(-1.25878,1.0283));
#5090 = CARTESIAN_POINT('',(-1.3523,0.96849));
#5091 = ( GEOMETRIC_REPRESENTATION_CONTEXT(2) 
PARAMETRIC_REPRESENTATION_CONTEXT() REPRESENTATION_CONTEXT('2D SPACE',''
  ) );
#5092 = PCURVE('',#5093,#5098);
#5093 = PLANE('',#5094);
#5094 = AXIS2_PLACEMENT_3D('',#5095,#5096,#5097);
#5095 = CARTESIAN_POINT('',(62.93849,39.75,101.3277));
#5096 = DIRECTION('',(0.84244640767,0.,-0.538780150158));
#5097 = DIRECTION('',(0.538780150158,0.,0.84244640767));
#5098 = DEFINITIONAL_REPRESENTATION('',(#5099),#5102);
#5099 = B_SPLINE_CURVE_WITH_KNOTS('',1,(#5100,#5101),.UNSPECIFIED.,.F.,
  .F.,(2,2),(0.197708515907,0.308718544733),.PIECEWISE_BEZIER_KNOTS.);
#5100 = CARTESIAN_POINT('',(0.111010028826,-0.1));
#5101 = CARTESIAN_POINT('',(0.,-0.1));
#5102 = ( GEOMETRIC_REPRESENTATION_CONTEXT(2) 
PARAMETRIC_REPRESENTATION_CONTEXT() REPRESENTATION_CONTEXT('2D SPACE',''
  ) );
#5103 = ORIENTED_EDGE('',*,*,#5104,.T.);
#5104 = EDGE_CURVE('',#5079,#5105,#5107,.T.);
#5105 = VERTEX_POINT('',#5106);
#5106 = CARTESIAN_POINT('',(62.8872,39.85,101.2302));
#5107 = SURFACE_CURVE('',#5108,(#5112,#5118),.PCURVE_S1.);
#5108 = LINE('',#5109,#5110);
#5109 = CARTESIAN_POINT('',(63.086479587984,39.85,101.6090215993));
#5110 = VECTOR('',#5111,1.);
#5111 = DIRECTION('',(-0.465563109269,0.,-0.885014684222));
#5112 = PCURVE('',#342,#5113);
#5113 = DEFINITIONAL_REPRESENTATION('',(#5114),#5117);
#5114 = B_SPLINE_CURVE_WITH_KNOTS('',1,(#5115,#5116),.UNSPECIFIED.,.F.,
  .F.,(2,2),(0.317872239095,0.428039902681),.PIECEWISE_BEZIER_KNOTS.);
#5115 = CARTESIAN_POINT('',(-1.3523,0.96849));
#5116 = CARTESIAN_POINT('',(-1.4498,0.9172));
#5117 = ( GEOMETRIC_REPRESENTATION_CONTEXT(2) 
PARAMETRIC_REPRESENTATION_CONTEXT() REPRESENTATION_CONTEXT('2D SPACE',''
  ) );
#5118 = PCURVE('',#5119,#5124);
#5119 = PLANE('',#5120);
#5120 = AXIS2_PLACEMENT_3D('',#5121,#5122,#5123);
#5121 = CARTESIAN_POINT('',(62.8872,39.75,101.2302));
#5122 = DIRECTION('',(0.885014684222,0.,-0.465563109269));
#5123 = DIRECTION('',(0.465563109269,0.,0.885014684222));
#5124 = DEFINITIONAL_REPRESENTATION('',(#5125),#5128);
#5125 = B_SPLINE_CURVE_WITH_KNOTS('',1,(#5126,#5127),.UNSPECIFIED.,.F.,
  .F.,(2,2),(0.317872239095,0.428039902681),.PIECEWISE_BEZIER_KNOTS.);
#5126 = CARTESIAN_POINT('',(0.110167663586,-0.1));
#5127 = CARTESIAN_POINT('',(0.,-0.1));
#5128 = ( GEOMETRIC_REPRESENTATION_CONTEXT(2) 
PARAMETRIC_REPRESENTATION_CONTEXT() REPRESENTATION_CONTEXT('2D SPACE',''
  ) );
#5129 = ORIENTED_EDGE('',*,*,#5130,.T.);
#5130 = EDGE_CURVE('',#5105,#5131,#5133,.T.);
#5131 = VERTEX_POINT('',#5132);
#5132 = CARTESIAN_POINT('',(62.84451,39.85,101.1293));
#5133 = SURFACE_CURVE('',#5134,(#5138,#5144),.PCURVE_S1.);
#5134 = LINE('',#5135,#5136);
#5135 = CARTESIAN_POINT('',(63.056360157387,39.85,101.6300186901));
#5136 = VECTOR('',#5137,1.);
#5137 = DIRECTION('',(-0.389651901185,0.,-0.920962211984));
#5138 = PCURVE('',#342,#5139);
#5139 = DEFINITIONAL_REPRESENTATION('',(#5140),#5143);
#5140 = B_SPLINE_CURVE_WITH_KNOTS('',1,(#5141,#5142),.UNSPECIFIED.,.F.,
  .F.,(2,2),(0.434131482158,0.543690809009),.PIECEWISE_BEZIER_KNOTS.);
#5141 = CARTESIAN_POINT('',(-1.4498,0.9172));
#5142 = CARTESIAN_POINT('',(-1.5507,0.87451));
#5143 = ( GEOMETRIC_REPRESENTATION_CONTEXT(2) 
PARAMETRIC_REPRESENTATION_CONTEXT() REPRESENTATION_CONTEXT('2D SPACE',''
  ) );
#5144 = PCURVE('',#5145,#5150);
#5145 = PLANE('',#5146);
#5146 = AXIS2_PLACEMENT_3D('',#5147,#5148,#5149);
#5147 = CARTESIAN_POINT('',(62.84451,39.75,101.1293));
#5148 = DIRECTION('',(0.920962211984,0.,-0.389651901185));
#5149 = DIRECTION('',(0.389651901185,0.,0.920962211984));
#5150 = DEFINITIONAL_REPRESENTATION('',(#5151),#5154);
#5151 = B_SPLINE_CURVE_WITH_KNOTS('',1,(#5152,#5153),.UNSPECIFIED.,.F.,
  .F.,(2,2),(0.434131482158,0.543690809009),.PIECEWISE_BEZIER_KNOTS.);
#5152 = CARTESIAN_POINT('',(0.109559326851,-0.1));
#5153 = CARTESIAN_POINT('',(0.,-0.1));
#5154 = ( GEOMETRIC_REPRESENTATION_CONTEXT(2) 
PARAMETRIC_REPRESENTATION_CONTEXT() REPRESENTATION_CONTEXT('2D SPACE',''
  ) );
#5155 = ORIENTED_EDGE('',*,*,#5156,.T.);
#5156 = EDGE_CURVE('',#5131,#5157,#5159,.T.);
#5157 = VERTEX_POINT('',#5158);
#5158 = CARTESIAN_POINT('',(62.81054,39.85,101.02556));
#5159 = SURFACE_CURVE('',#5160,(#5164,#5170),.PCURVE_S1.);
#5160 = LINE('',#5161,#5162);
#5161 = CARTESIAN_POINT('',(63.014484123598,39.85,101.64837905746));
#5162 = VECTOR('',#5163,1.);
#5163 = DIRECTION('',(-0.311194016584,0.,-0.950346402131));
#5164 = PCURVE('',#342,#5165);
#5165 = DEFINITIONAL_REPRESENTATION('',(#5166),#5169);
#5166 = B_SPLINE_CURVE_WITH_KNOTS('',1,(#5167,#5168),.UNSPECIFIED.,.F.,
  .F.,(2,2),(0.546199844921,0.655360041421),.PIECEWISE_BEZIER_KNOTS.);
#5167 = CARTESIAN_POINT('',(-1.5507,0.87451));
#5168 = CARTESIAN_POINT('',(-1.65444,0.84054));
#5169 = ( GEOMETRIC_REPRESENTATION_CONTEXT(2) 
PARAMETRIC_REPRESENTATION_CONTEXT() REPRESENTATION_CONTEXT('2D SPACE',''
  ) );
#5170 = PCURVE('',#5171,#5176);
#5171 = PLANE('',#5172);
#5172 = AXIS2_PLACEMENT_3D('',#5173,#5174,#5175);
#5173 = CARTESIAN_POINT('',(62.81054,39.75,101.02556));
#5174 = DIRECTION('',(0.950346402131,0.,-0.311194016584));
#5175 = DIRECTION('',(0.311194016584,0.,0.950346402131));
#5176 = DEFINITIONAL_REPRESENTATION('',(#5177),#5180);
#5177 = B_SPLINE_CURVE_WITH_KNOTS('',1,(#5178,#5179),.UNSPECIFIED.,.F.,
  .F.,(2,2),(0.546199844921,0.655360041421),.PIECEWISE_BEZIER_KNOTS.);
#5178 = CARTESIAN_POINT('',(0.1091601965,-0.1));
#5179 = CARTESIAN_POINT('',(0.,-0.1));
#5180 = ( GEOMETRIC_REPRESENTATION_CONTEXT(2) 
PARAMETRIC_REPRESENTATION_CONTEXT() REPRESENTATION_CONTEXT('2D SPACE',''
  ) );
#5181 = ORIENTED_EDGE('',*,*,#5182,.T.);
#5182 = EDGE_CURVE('',#5157,#5183,#5185,.T.);
#5183 = VERTEX_POINT('',#5184);
#5184 = CARTESIAN_POINT('',(62.78537,39.85,100.91956));
#5185 = SURFACE_CURVE('',#5186,(#5190,#5196),.PCURVE_S1.);
#5186 = LINE('',#5187,#5188);
#5187 = CARTESIAN_POINT('',(62.961464969936,39.85,101.66115979393));
#5188 = VECTOR('',#5189,1.);
#5189 = DIRECTION('',(-0.231028987316,0.,-0.972946867521));
#5190 = PCURVE('',#342,#5191);
#5191 = DEFINITIONAL_REPRESENTATION('',(#5192),#5195);
#5192 = B_SPLINE_CURVE_WITH_KNOTS('',1,(#5193,#5194),.UNSPECIFIED.,.F.,
  .F.,(2,2),(0.653272871468,0.762220239036),.PIECEWISE_BEZIER_KNOTS.);
#5193 = CARTESIAN_POINT('',(-1.65444,0.84054));
#5194 = CARTESIAN_POINT('',(-1.76044,0.81537));
#5195 = ( GEOMETRIC_REPRESENTATION_CONTEXT(2) 
PARAMETRIC_REPRESENTATION_CONTEXT() REPRESENTATION_CONTEXT('2D SPACE',''
  ) );
#5196 = PCURVE('',#5197,#5202);
#5197 = PLANE('',#5198);
#5198 = AXIS2_PLACEMENT_3D('',#5199,#5200,#5201);
#5199 = CARTESIAN_POINT('',(62.78537,39.75,100.91956));
#5200 = DIRECTION('',(0.972946867521,0.,-0.231028987316));
#5201 = DIRECTION('',(0.231028987316,0.,0.972946867521));
#5202 = DEFINITIONAL_REPRESENTATION('',(#5203),#5206);
#5203 = B_SPLINE_CURVE_WITH_KNOTS('',1,(#5204,#5205),.UNSPECIFIED.,.F.,
  .F.,(2,2),(0.653272871468,0.762220239036),.PIECEWISE_BEZIER_KNOTS.);
#5204 = CARTESIAN_POINT('',(0.108947367568,-0.1));
#5205 = CARTESIAN_POINT('',(0.,-0.1));
#5206 = ( GEOMETRIC_REPRESENTATION_CONTEXT(2) 
PARAMETRIC_REPRESENTATION_CONTEXT() REPRESENTATION_CONTEXT('2D SPACE',''
  ) );
#5207 = ORIENTED_EDGE('',*,*,#5208,.T.);
#5208 = EDGE_CURVE('',#5183,#5209,#5211,.T.);
#5209 = VERTEX_POINT('',#5210);
#5210 = CARTESIAN_POINT('',(62.7691,39.85,100.81186));
#5211 = SURFACE_CURVE('',#5212,(#5216,#5222),.PCURVE_S1.);
#5212 = LINE('',#5213,#5214);
#5213 = CARTESIAN_POINT('',(62.89814457452,39.85,101.66607639064));
#5214 = VECTOR('',#5215,1.);
#5215 = DIRECTION('',(-0.149372940641,0.,-0.98878092852));
#5216 = PCURVE('',#342,#5217);
#5217 = DEFINITIONAL_REPRESENTATION('',(#5218),#5221);
#5218 = B_SPLINE_CURVE_WITH_KNOTS('',1,(#5219,#5220),.UNSPECIFIED.,.F.,
  .F.,(2,2),(0.754986639724,0.863908643469),.PIECEWISE_BEZIER_KNOTS.);
#5219 = CARTESIAN_POINT('',(-1.76044,0.81537));
#5220 = CARTESIAN_POINT('',(-1.86814,0.7991));
#5221 = ( GEOMETRIC_REPRESENTATION_CONTEXT(2) 
PARAMETRIC_REPRESENTATION_CONTEXT() REPRESENTATION_CONTEXT('2D SPACE',''
  ) );
#5222 = PCURVE('',#5223,#5228);
#5223 = PLANE('',#5224);
#5224 = AXIS2_PLACEMENT_3D('',#5225,#5226,#5227);
#5225 = CARTESIAN_POINT('',(62.7691,39.75,100.81186));
#5226 = DIRECTION('',(0.98878092852,0.,-0.149372940641));
#5227 = DIRECTION('',(0.149372940641,0.,0.98878092852));
#5228 = DEFINITIONAL_REPRESENTATION('',(#5229),#5232);
#5229 = B_SPLINE_CURVE_WITH_KNOTS('',1,(#5230,#5231),.UNSPECIFIED.,.F.,
  .F.,(2,2),(0.754986639724,0.863908643469),.PIECEWISE_BEZIER_KNOTS.);
#5230 = CARTESIAN_POINT('',(0.108922003746,-0.1));
#5231 = CARTESIAN_POINT('',(0.,-0.1));
#5232 = ( GEOMETRIC_REPRESENTATION_CONTEXT(2) 
PARAMETRIC_REPRESENTATION_CONTEXT() REPRESENTATION_CONTEXT('2D SPACE',''
  ) );
#5233 = ORIENTED_EDGE('',*,*,#5234,.T.);
#5234 = EDGE_CURVE('',#5209,#5235,#5237,.T.);
#5235 = VERTEX_POINT('',#5236);
#5236 = CARTESIAN_POINT('',(62.76185,39.85,100.70305));
#5237 = SURFACE_CURVE('',#5238,(#5242,#5248),.PCURVE_S1.);
#5238 = LINE('',#5239,#5240);
#5239 = CARTESIAN_POINT('',(62.82567093325,39.85,101.66089217198));
#5240 = VECTOR('',#5241,1.);
#5241 = DIRECTION('',(-6.648249278407E-02,0.,-0.997787591701));
#5242 = PCURVE('',#342,#5243);
#5243 = DEFINITIONAL_REPRESENTATION('',(#5244),#5247);
#5244 = B_SPLINE_CURVE_WITH_KNOTS('',1,(#5245,#5246),.UNSPECIFIED.,.F.,
  .F.,(2,2),(0.850914742826,0.959966008751),.PIECEWISE_BEZIER_KNOTS.);
#5245 = CARTESIAN_POINT('',(-1.86814,0.7991));
#5246 = CARTESIAN_POINT('',(-1.97695,0.79185));
#5247 = ( GEOMETRIC_REPRESENTATION_CONTEXT(2) 
PARAMETRIC_REPRESENTATION_CONTEXT() REPRESENTATION_CONTEXT('2D SPACE',''
  ) );
#5248 = PCURVE('',#5249,#5254);
#5249 = PLANE('',#5250);
#5250 = AXIS2_PLACEMENT_3D('',#5251,#5252,#5253);
#5251 = CARTESIAN_POINT('',(62.76185,39.75,100.70305));
#5252 = DIRECTION('',(0.997787591701,0.,-6.648249278407E-02));
#5253 = DIRECTION('',(6.648249278407E-02,0.,0.997787591701));
#5254 = DEFINITIONAL_REPRESENTATION('',(#5255),#5258);
#5255 = B_SPLINE_CURVE_WITH_KNOTS('',1,(#5256,#5257),.UNSPECIFIED.,.F.,
  .F.,(2,2),(0.850914742826,0.959966008751),.PIECEWISE_BEZIER_KNOTS.);
#5256 = CARTESIAN_POINT('',(0.109051265926,-0.1));
#5257 = CARTESIAN_POINT('',(0.,-0.1));
#5258 = ( GEOMETRIC_REPRESENTATION_CONTEXT(2) 
PARAMETRIC_REPRESENTATION_CONTEXT() REPRESENTATION_CONTEXT('2D SPACE',''
  ) );
#5259 = ORIENTED_EDGE('',*,*,#5260,.T.);
#5260 = EDGE_CURVE('',#5235,#5261,#5263,.T.);
#5261 = VERTEX_POINT('',#5262);
#5262 = CARTESIAN_POINT('',(62.76369,39.85,100.59369));
#5263 = SURFACE_CURVE('',#5264,(#5268,#5274),.PCURVE_S1.);
#5264 = LINE('',#5265,#5266);
#5265 = CARTESIAN_POINT('',(62.746031403004,39.85,101.64322487364));
#5266 = VECTOR('',#5267,1.);
#5267 = DIRECTION('',(1.682278361386E-02,0.,-0.999858486963));
#5268 = PCURVE('',#342,#5269);
#5269 = DEFINITIONAL_REPRESENTATION('',(#5270),#5273);
#5270 = B_SPLINE_CURVE_WITH_KNOTS('',1,(#5271,#5272),.UNSPECIFIED.,.F.,
  .F.,(2,2),(0.940307939475,1.049683417531),.PIECEWISE_BEZIER_KNOTS.);
#5271 = CARTESIAN_POINT('',(-1.97695,0.79185));
#5272 = CARTESIAN_POINT('',(-2.08631,0.79369));
#5273 = ( GEOMETRIC_REPRESENTATION_CONTEXT(2) 
PARAMETRIC_REPRESENTATION_CONTEXT() REPRESENTATION_CONTEXT('2D SPACE',''
  ) );
#5274 = PCURVE('',#5275,#5280);
#5275 = PLANE('',#5276);
#5276 = AXIS2_PLACEMENT_3D('',#5277,#5278,#5279);
#5277 = CARTESIAN_POINT('',(62.76369,39.75,100.59369));
#5278 = DIRECTION('',(0.999858486963,0.,1.682278361386E-02));
#5279 = DIRECTION('',(-1.682278361386E-02,0.,0.999858486963));
#5280 = DEFINITIONAL_REPRESENTATION('',(#5281),#5284);
#5281 = B_SPLINE_CURVE_WITH_KNOTS('',1,(#5282,#5283),.UNSPECIFIED.,.F.,
  .F.,(2,2),(0.940307939475,1.049683417531),.PIECEWISE_BEZIER_KNOTS.);
#5282 = CARTESIAN_POINT('',(0.109375478056,-0.1));
#5283 = CARTESIAN_POINT('',(0.,-0.1));
#5284 = ( GEOMETRIC_REPRESENTATION_CONTEXT(2) 
PARAMETRIC_REPRESENTATION_CONTEXT() REPRESENTATION_CONTEXT('2D SPACE',''
  ) );
#5285 = ORIENTED_EDGE('',*,*,#5286,.T.);
#5286 = EDGE_CURVE('',#5261,#5287,#5289,.T.);
#5287 = VERTEX_POINT('',#5288);
#5288 = CARTESIAN_POINT('',(62.77474,39.85,100.48437));
#5289 = SURFACE_CURVE('',#5290,(#5294,#5300),.PCURVE_S1.);
#5290 = LINE('',#5291,#5292);
#5291 = CARTESIAN_POINT('',(62.660826347065,39.85,101.61134199446));
#5292 = VECTOR('',#5293,1.);
#5293 = DIRECTION('',(0.100566956947,0.,-0.994930292619));
#5294 = PCURVE('',#342,#5295);
#5295 = DEFINITIONAL_REPRESENTATION('',(#5296),#5299);
#5296 = B_SPLINE_CURVE_WITH_KNOTS('',1,(#5297,#5298),.UNSPECIFIED.,.F.,
  .F.,(2,2),(1.022837481195,1.132714525658),.PIECEWISE_BEZIER_KNOTS.);
#5297 = CARTESIAN_POINT('',(-2.08631,0.79369));
#5298 = CARTESIAN_POINT('',(-2.19563,0.80474));
#5299 = ( GEOMETRIC_REPRESENTATION_CONTEXT(2) 
PARAMETRIC_REPRESENTATION_CONTEXT() REPRESENTATION_CONTEXT('2D SPACE',''
  ) );
#5300 = PCURVE('',#5301,#5306);
#5301 = PLANE('',#5302);
#5302 = AXIS2_PLACEMENT_3D('',#5303,#5304,#5305);
#5303 = CARTESIAN_POINT('',(62.77474,39.75,100.48437));
#5304 = DIRECTION('',(0.994930292619,0.,0.100566956947));
#5305 = DIRECTION('',(-0.100566956947,0.,0.994930292619));
#5306 = DEFINITIONAL_REPRESENTATION('',(#5307),#5310);
#5307 = B_SPLINE_CURVE_WITH_KNOTS('',1,(#5308,#5309),.UNSPECIFIED.,.F.,
  .F.,(2,2),(1.022837481195,1.132714525658),.PIECEWISE_BEZIER_KNOTS.);
#5308 = CARTESIAN_POINT('',(0.109877044463,-0.1));
#5309 = CARTESIAN_POINT('',(0.,-0.1));
#5310 = ( GEOMETRIC_REPRESENTATION_CONTEXT(2) 
PARAMETRIC_REPRESENTATION_CONTEXT() REPRESENTATION_CONTEXT('2D SPACE',''
  ) );
#5311 = ORIENTED_EDGE('',*,*,#5312,.T.);
#5312 = EDGE_CURVE('',#5287,#5313,#5315,.T.);
#5313 = VERTEX_POINT('',#5314);
#5314 = CARTESIAN_POINT('',(62.7951,39.85,100.37565));
#5315 = SURFACE_CURVE('',#5316,(#5320,#5326),.PCURVE_S1.);
#5316 = LINE('',#5317,#5318);
#5317 = CARTESIAN_POINT('',(62.572664789027,39.85,101.56342780633));
#5318 = VECTOR('',#5319,1.);
#5319 = DIRECTION('',(0.184070187248,0.,-0.982913102042));
#5320 = PCURVE('',#342,#5321);
#5321 = DEFINITIONAL_REPRESENTATION('',(#5322),#5325);
#5322 = B_SPLINE_CURVE_WITH_KNOTS('',1,(#5323,#5324),.UNSPECIFIED.,.F.,
  .F.,(2,2),(1.097816077628,1.208426059095),.PIECEWISE_BEZIER_KNOTS.);
#5323 = CARTESIAN_POINT('',(-2.19563,0.80474));
#5324 = CARTESIAN_POINT('',(-2.30435,0.8251));
#5325 = ( GEOMETRIC_REPRESENTATION_CONTEXT(2) 
PARAMETRIC_REPRESENTATION_CONTEXT() REPRESENTATION_CONTEXT('2D SPACE',''
  ) );
#5326 = PCURVE('',#5327,#5332);
#5327 = PLANE('',#5328);
#5328 = AXIS2_PLACEMENT_3D('',#5329,#5330,#5331);
#5329 = CARTESIAN_POINT('',(62.7951,39.75,100.37565));
#5330 = DIRECTION('',(0.982913102042,0.,0.184070187248));
#5331 = DIRECTION('',(-0.184070187248,0.,0.982913102042));
#5332 = DEFINITIONAL_REPRESENTATION('',(#5333),#5336);
#5333 = B_SPLINE_CURVE_WITH_KNOTS('',1,(#5334,#5335),.UNSPECIFIED.,.F.,
  .F.,(2,2),(1.097816077628,1.208426059095),.PIECEWISE_BEZIER_KNOTS.);
#5334 = CARTESIAN_POINT('',(0.110609981466,-0.1));
#5335 = CARTESIAN_POINT('',(0.,-0.1));
#5336 = ( GEOMETRIC_REPRESENTATION_CONTEXT(2) 
PARAMETRIC_REPRESENTATION_CONTEXT() REPRESENTATION_CONTEXT('2D SPACE',''
  ) );
#5337 = ORIENTED_EDGE('',*,*,#5338,.T.);
#5338 = EDGE_CURVE('',#5313,#5339,#5341,.T.);
#5339 = VERTEX_POINT('',#5340);
#5340 = CARTESIAN_POINT('',(62.8243,39.85,100.26961));
#5341 = SURFACE_CURVE('',#5342,(#5346,#5352),.PCURVE_S1.);
#5342 = LINE('',#5343,#5344);
#5343 = CARTESIAN_POINT('',(62.485712644826,39.85,101.4991922994));
#5344 = VECTOR('',#5345,1.);
#5345 = DIRECTION('',(0.265486124823,0.,-0.964114680692));
#5346 = PCURVE('',#342,#5347);
#5347 = DEFINITIONAL_REPRESENTATION('',(#5348),#5351);
#5348 = B_SPLINE_CURVE_WITH_KNOTS('',1,(#5349,#5350),.UNSPECIFIED.,.F.,
  .F.,(2,2),(1.16536167523,1.275348590815),.PIECEWISE_BEZIER_KNOTS.);
#5349 = CARTESIAN_POINT('',(-2.30435,0.8251));
#5350 = CARTESIAN_POINT('',(-2.41039,0.8543));
#5351 = ( GEOMETRIC_REPRESENTATION_CONTEXT(2) 
PARAMETRIC_REPRESENTATION_CONTEXT() REPRESENTATION_CONTEXT('2D SPACE',''
  ) );
#5352 = PCURVE('',#5353,#5358);
#5353 = PLANE('',#5354);
#5354 = AXIS2_PLACEMENT_3D('',#5355,#5356,#5357);
#5355 = CARTESIAN_POINT('',(62.8243,39.75,100.26961));
#5356 = DIRECTION('',(0.964114680692,0.,0.265486124823));
#5357 = DIRECTION('',(-0.265486124823,0.,0.964114680692));
#5358 = DEFINITIONAL_REPRESENTATION('',(#5359),#5362);
#5359 = B_SPLINE_CURVE_WITH_KNOTS('',1,(#5360,#5361),.UNSPECIFIED.,.F.,
  .F.,(2,2),(1.16536167523,1.275348590815),.PIECEWISE_BEZIER_KNOTS.);
#5360 = CARTESIAN_POINT('',(0.109986915585,-0.1));
#5361 = CARTESIAN_POINT('',(0.,-0.1));
#5362 = ( GEOMETRIC_REPRESENTATION_CONTEXT(2) 
PARAMETRIC_REPRESENTATION_CONTEXT() REPRESENTATION_CONTEXT('2D SPACE',''
  ) );
#5363 = ORIENTED_EDGE('',*,*,#5364,.T.);
#5364 = EDGE_CURVE('',#5339,#5365,#5367,.T.);
#5365 = VERTEX_POINT('',#5366);
#5366 = CARTESIAN_POINT('',(63.2284,39.85,99.10896));
#5367 = SURFACE_CURVE('',#5368,(#5372,#5378),.PCURVE_S1.);
#5368 = LINE('',#5369,#5370);
#5369 = CARTESIAN_POINT('',(62.605925620706,39.85,100.89682163901));
#5370 = VECTOR('',#5371,1.);
#5371 = DIRECTION('',(0.32880779875,0.,-0.94439686122));
#5372 = PCURVE('',#342,#5373);
#5373 = DEFINITIONAL_REPRESENTATION('',(#5374),#5377);
#5374 = B_SPLINE_CURVE_WITH_KNOTS('',1,(#5375,#5376),.UNSPECIFIED.,.F.,
  .F.,(2,2),(0.664139902169,1.893125350618),.PIECEWISE_BEZIER_KNOTS.);
#5375 = CARTESIAN_POINT('',(-2.41039,0.8543));
#5376 = CARTESIAN_POINT('',(-3.57104,1.2584));
#5377 = ( GEOMETRIC_REPRESENTATION_CONTEXT(2) 
PARAMETRIC_REPRESENTATION_CONTEXT() REPRESENTATION_CONTEXT('2D SPACE',''
  ) );
#5378 = PCURVE('',#5379,#5384);
#5379 = PLANE('',#5380);
#5380 = AXIS2_PLACEMENT_3D('',#5381,#5382,#5383);
#5381 = CARTESIAN_POINT('',(63.2284,39.75,99.10896));
#5382 = DIRECTION('',(0.94439686122,0.,0.32880779875));
#5383 = DIRECTION('',(-0.32880779875,0.,0.94439686122));
#5384 = DEFINITIONAL_REPRESENTATION('',(#5385),#5388);
#5385 = B_SPLINE_CURVE_WITH_KNOTS('',1,(#5386,#5387),.UNSPECIFIED.,.F.,
  .F.,(2,2),(0.664139902169,1.893125350618),.PIECEWISE_BEZIER_KNOTS.);
#5386 = CARTESIAN_POINT('',(1.228985448449,-0.1));
#5387 = CARTESIAN_POINT('',(0.,-0.1));
#5388 = ( GEOMETRIC_REPRESENTATION_CONTEXT(2) 
PARAMETRIC_REPRESENTATION_CONTEXT() REPRESENTATION_CONTEXT('2D SPACE',''
  ) );
#5389 = ORIENTED_EDGE('',*,*,#5390,.T.);
#5390 = EDGE_CURVE('',#5365,#5391,#5393,.T.);
#5391 = VERTEX_POINT('',#5392);
#5392 = CARTESIAN_POINT('',(63.36629,39.85,99.14247));
#5393 = SURFACE_CURVE('',#5394,(#5398,#5404),.PCURVE_S1.);
#5394 = LINE('',#5395,#5396);
#5395 = CARTESIAN_POINT('',(63.112951723323,39.85,99.080903783078));
#5396 = VECTOR('',#5397,1.);
#5397 = DIRECTION('',(0.971717445477,-0.,0.236146577692));
#5398 = PCURVE('',#342,#5399);
#5399 = DEFINITIONAL_REPRESENTATION('',(#5400),#5403);
#5400 = B_SPLINE_CURVE_WITH_KNOTS('',1,(#5401,#5402),.UNSPECIFIED.,.F.,
  .F.,(2,2),(0.118808484106,0.260711874481),.PIECEWISE_BEZIER_KNOTS.);
#5401 = CARTESIAN_POINT('',(-3.57104,1.2584));
#5402 = CARTESIAN_POINT('',(-3.53753,1.39629));
#5403 = ( GEOMETRIC_REPRESENTATION_CONTEXT(2) 
PARAMETRIC_REPRESENTATION_CONTEXT() REPRESENTATION_CONTEXT('2D SPACE',''
  ) );
#5404 = PCURVE('',#5405,#5410);
#5405 = PLANE('',#5406);
#5406 = AXIS2_PLACEMENT_3D('',#5407,#5408,#5409);
#5407 = CARTESIAN_POINT('',(63.36629,39.75,99.14247));
#5408 = DIRECTION('',(-0.236146577692,0.,0.971717445477));
#5409 = DIRECTION('',(-0.971717445477,0.,-0.236146577692));
#5410 = DEFINITIONAL_REPRESENTATION('',(#5411),#5414);
#5411 = B_SPLINE_CURVE_WITH_KNOTS('',1,(#5412,#5413),.UNSPECIFIED.,.F.,
  .F.,(2,2),(0.118808484106,0.260711874481),.PIECEWISE_BEZIER_KNOTS.);
#5412 = CARTESIAN_POINT('',(0.141903390375,-0.1));
#5413 = CARTESIAN_POINT('',(0.,-0.1));
#5414 = ( GEOMETRIC_REPRESENTATION_CONTEXT(2) 
PARAMETRIC_REPRESENTATION_CONTEXT() REPRESENTATION_CONTEXT('2D SPACE',''
  ) );
#5415 = ORIENTED_EDGE('',*,*,#5416,.T.);
#5416 = EDGE_CURVE('',#5391,#5417,#5419,.T.);
#5417 = VERTEX_POINT('',#5418);
#5418 = CARTESIAN_POINT('',(65.02142,39.85,101.29279));
#5419 = SURFACE_CURVE('',#5420,(#5424,#5430),.PCURVE_S1.);
#5420 = LINE('',#5421,#5422);
#5421 = CARTESIAN_POINT('',(64.789047849651,39.85,100.99089559754));
#5422 = VECTOR('',#5423,1.);
#5423 = DIRECTION('',(0.609950984197,-0.,0.792439143958));
#5424 = PCURVE('',#342,#5425);
#5425 = DEFINITIONAL_REPRESENTATION('',(#5426),#5429);
#5426 = B_SPLINE_CURVE_WITH_KNOTS('',1,(#5427,#5428),.UNSPECIFIED.,.F.,
  .F.,(2,2),(-2.332577348855,0.380968563655),.PIECEWISE_BEZIER_KNOTS.);
#5427 = CARTESIAN_POINT('',(-3.53753,1.39629));
#5428 = CARTESIAN_POINT('',(-1.38721,3.05142));
#5429 = ( GEOMETRIC_REPRESENTATION_CONTEXT(2) 
PARAMETRIC_REPRESENTATION_CONTEXT() REPRESENTATION_CONTEXT('2D SPACE',''
  ) );
#5430 = PCURVE('',#5431,#5436);
#5431 = PLANE('',#5432);
#5432 = AXIS2_PLACEMENT_3D('',#5433,#5434,#5435);
#5433 = CARTESIAN_POINT('',(65.02142,39.75,101.29279));
#5434 = DIRECTION('',(-0.792439143958,0.,0.609950984197));
#5435 = DIRECTION('',(-0.609950984197,0.,-0.792439143958));
#5436 = DEFINITIONAL_REPRESENTATION('',(#5437),#5440);
#5437 = B_SPLINE_CURVE_WITH_KNOTS('',1,(#5438,#5439),.UNSPECIFIED.,.F.,
  .F.,(2,2),(-2.332577348855,0.380968563655),.PIECEWISE_BEZIER_KNOTS.);
#5438 = CARTESIAN_POINT('',(2.71354591251,-0.1));
#5439 = CARTESIAN_POINT('',(0.,-0.1));
#5440 = ( GEOMETRIC_REPRESENTATION_CONTEXT(2) 
PARAMETRIC_REPRESENTATION_CONTEXT() REPRESENTATION_CONTEXT('2D SPACE',''
  ) );
#5441 = ORIENTED_EDGE('',*,*,#5442,.T.);
#5442 = EDGE_CURVE('',#5417,#5443,#5445,.T.);
#5443 = VERTEX_POINT('',#5444);
#5444 = CARTESIAN_POINT('',(65.08125,39.85,101.3863));
#5445 = SURFACE_CURVE('',#5446,(#5450,#5456),.PCURVE_S1.);
#5446 = LINE('',#5447,#5448);
#5447 = CARTESIAN_POINT('',(64.923049246483,39.85,101.13904356574));
#5448 = VECTOR('',#5449,1.);
#5449 = DIRECTION('',(0.53894888857,-0.,0.842338468497));
#5450 = PCURVE('',#342,#5451);
#5451 = DEFINITIONAL_REPRESENTATION('',(#5452),#5455);
#5452 = B_SPLINE_CURVE_WITH_KNOTS('',1,(#5453,#5454),.UNSPECIFIED.,.F.,
  .F.,(2,2),(0.182523344242,0.293535726434),.PIECEWISE_BEZIER_KNOTS.);
#5453 = CARTESIAN_POINT('',(-1.38721,3.05142));
#5454 = CARTESIAN_POINT('',(-1.2937,3.11125));
#5455 = ( GEOMETRIC_REPRESENTATION_CONTEXT(2) 
PARAMETRIC_REPRESENTATION_CONTEXT() REPRESENTATION_CONTEXT('2D SPACE',''
  ) );
#5456 = PCURVE('',#5457,#5462);
#5457 = PLANE('',#5458);
#5458 = AXIS2_PLACEMENT_3D('',#5459,#5460,#5461);
#5459 = CARTESIAN_POINT('',(65.08125,39.75,101.3863));
#5460 = DIRECTION('',(-0.842338468497,0.,0.53894888857));
#5461 = DIRECTION('',(-0.53894888857,0.,-0.842338468497));
#5462 = DEFINITIONAL_REPRESENTATION('',(#5463),#5466);
#5463 = B_SPLINE_CURVE_WITH_KNOTS('',1,(#5464,#5465),.UNSPECIFIED.,.F.,
  .F.,(2,2),(0.182523344242,0.293535726434),.PIECEWISE_BEZIER_KNOTS.);
#5464 = CARTESIAN_POINT('',(0.111012382192,-0.1));
#5465 = CARTESIAN_POINT('',(0.,-0.1));
#5466 = ( GEOMETRIC_REPRESENTATION_CONTEXT(2) 
PARAMETRIC_REPRESENTATION_CONTEXT() REPRESENTATION_CONTEXT('2D SPACE',''
  ) );
#5467 = ORIENTED_EDGE('',*,*,#5468,.T.);
#5468 = EDGE_CURVE('',#5443,#5469,#5471,.T.);
#5469 = VERTEX_POINT('',#5470);
#5470 = CARTESIAN_POINT('',(65.13258,39.85,101.48378));
#5471 = SURFACE_CURVE('',#5472,(#5476,#5482),.PCURVE_S1.);
#5472 = LINE('',#5473,#5474);
#5473 = CARTESIAN_POINT('',(65.035884767767,39.85,101.30014759715));
#5474 = VECTOR('',#5475,1.);
#5475 = DIRECTION('',(0.465922253536,-0.,0.884825662862));
#5476 = PCURVE('',#342,#5477);
#5477 = DEFINITIONAL_REPRESENTATION('',(#5478),#5481);
#5478 = B_SPLINE_CURVE_WITH_KNOTS('',1,(#5479,#5480),.UNSPECIFIED.,.F.,
  .F.,(2,2),(9.736652819006E-02,0.20753512308),
  .PIECEWISE_BEZIER_KNOTS.);
#5479 = CARTESIAN_POINT('',(-1.2937,3.11125));
#5480 = CARTESIAN_POINT('',(-1.19622,3.16258));
#5481 = ( GEOMETRIC_REPRESENTATION_CONTEXT(2) 
PARAMETRIC_REPRESENTATION_CONTEXT() REPRESENTATION_CONTEXT('2D SPACE',''
  ) );
#5482 = PCURVE('',#5483,#5488);
#5483 = PLANE('',#5484);
#5484 = AXIS2_PLACEMENT_3D('',#5485,#5486,#5487);
#5485 = CARTESIAN_POINT('',(65.13258,39.75,101.48378));
#5486 = DIRECTION('',(-0.884825662862,0.,0.465922253536));
#5487 = DIRECTION('',(-0.465922253536,0.,-0.884825662862));
#5488 = DEFINITIONAL_REPRESENTATION('',(#5489),#5492);
#5489 = B_SPLINE_CURVE_WITH_KNOTS('',1,(#5490,#5491),.UNSPECIFIED.,.F.,
  .F.,(2,2),(9.736652819006E-02,0.20753512308),
  .PIECEWISE_BEZIER_KNOTS.);
#5490 = CARTESIAN_POINT('',(0.11016859489,-0.1));
#5491 = CARTESIAN_POINT('',(0.,-0.1));
#5492 = ( GEOMETRIC_REPRESENTATION_CONTEXT(2) 
PARAMETRIC_REPRESENTATION_CONTEXT() REPRESENTATION_CONTEXT('2D SPACE',''
  ) );
#5493 = ORIENTED_EDGE('',*,*,#5494,.T.);
#5494 = EDGE_CURVE('',#5469,#5495,#5497,.T.);
#5495 = VERTEX_POINT('',#5496);
#5496 = CARTESIAN_POINT('',(65.17529,39.85,101.58468));
#5497 = SURFACE_CURVE('',#5498,(#5502,#5508),.PCURVE_S1.);
#5498 = LINE('',#5499,#5500);
#5499 = CARTESIAN_POINT('',(65.128363701598,39.85,101.47381922948));
#5500 = VECTOR('',#5501,1.);
#5501 = DIRECTION('',(0.389806717926,-0.,0.92089669489));
#5502 = PCURVE('',#342,#5503);
#5503 = DEFINITIONAL_REPRESENTATION('',(#5504),#5507);
#5504 = B_SPLINE_CURVE_WITH_KNOTS('',1,(#5505,#5506),.UNSPECIFIED.,.F.,
  .F.,(2,2),(1.081638209032E-02,0.120383503527),
  .PIECEWISE_BEZIER_KNOTS.);
#5505 = CARTESIAN_POINT('',(-1.19622,3.16258));
#5506 = CARTESIAN_POINT('',(-1.09532,3.20529));
#5507 = ( GEOMETRIC_REPRESENTATION_CONTEXT(2) 
PARAMETRIC_REPRESENTATION_CONTEXT() REPRESENTATION_CONTEXT('2D SPACE',''
  ) );
#5508 = PCURVE('',#5509,#5514);
#5509 = PLANE('',#5510);
#5510 = AXIS2_PLACEMENT_3D('',#5511,#5512,#5513);
#5511 = CARTESIAN_POINT('',(65.17529,39.75,101.58468));
#5512 = DIRECTION('',(-0.92089669489,0.,0.389806717926));
#5513 = DIRECTION('',(-0.389806717926,0.,-0.92089669489));
#5514 = DEFINITIONAL_REPRESENTATION('',(#5515),#5518);
#5515 = B_SPLINE_CURVE_WITH_KNOTS('',1,(#5516,#5517),.UNSPECIFIED.,.F.,
  .F.,(2,2),(1.081638209032E-02,0.120383503527),
  .PIECEWISE_BEZIER_KNOTS.);
#5516 = CARTESIAN_POINT('',(0.109567121437,-0.1));
#5517 = CARTESIAN_POINT('',(0.,-0.1));
#5518 = ( GEOMETRIC_REPRESENTATION_CONTEXT(2) 
PARAMETRIC_REPRESENTATION_CONTEXT() REPRESENTATION_CONTEXT('2D SPACE',''
  ) );
#5519 = ORIENTED_EDGE('',*,*,#5520,.T.);
#5520 = EDGE_CURVE('',#5495,#5521,#5523,.T.);
#5521 = VERTEX_POINT('',#5522);
#5522 = CARTESIAN_POINT('',(65.20929,39.85,101.68841));
#5523 = SURFACE_CURVE('',#5524,(#5528,#5534),.PCURVE_S1.);
#5524 = LINE('',#5525,#5526);
#5525 = CARTESIAN_POINT('',(65.198906414694,39.85,101.65673090282));
#5526 = VECTOR('',#5527,1.);
#5527 = DIRECTION('',(0.311469307304,-0.,0.950256213138));
#5528 = PCURVE('',#342,#5529);
#5529 = DEFINITIONAL_REPRESENTATION('',(#5530),#5533);
#5530 = B_SPLINE_CURVE_WITH_KNOTS('',1,(#5531,#5532),.UNSPECIFIED.,.F.,
  .F.,(2,2),(-7.582260640077E-02,3.333742703638E-02),
  .PIECEWISE_BEZIER_KNOTS.);
#5531 = CARTESIAN_POINT('',(-1.09532,3.20529));
#5532 = CARTESIAN_POINT('',(-0.99159,3.23929));
#5533 = ( GEOMETRIC_REPRESENTATION_CONTEXT(2) 
PARAMETRIC_REPRESENTATION_CONTEXT() REPRESENTATION_CONTEXT('2D SPACE',''
  ) );
#5534 = PCURVE('',#5535,#5540);
#5535 = PLANE('',#5536);
#5536 = AXIS2_PLACEMENT_3D('',#5537,#5538,#5539);
#5537 = CARTESIAN_POINT('',(65.20929,39.75,101.68841));
#5538 = DIRECTION('',(-0.950256213138,0.,0.311469307304));
#5539 = DIRECTION('',(-0.311469307304,0.,-0.950256213138));
#5540 = DEFINITIONAL_REPRESENTATION('',(#5541),#5544);
#5541 = B_SPLINE_CURVE_WITH_KNOTS('',1,(#5542,#5543),.UNSPECIFIED.,.F.,
  .F.,(2,2),(-7.582260640077E-02,3.333742703638E-02),
  .PIECEWISE_BEZIER_KNOTS.);
#5542 = CARTESIAN_POINT('',(0.109160033437,-0.1));
#5543 = CARTESIAN_POINT('',(0.,-0.1));
#5544 = ( GEOMETRIC_REPRESENTATION_CONTEXT(2) 
PARAMETRIC_REPRESENTATION_CONTEXT() REPRESENTATION_CONTEXT('2D SPACE',''
  ) );
#5545 = ORIENTED_EDGE('',*,*,#5546,.T.);
#5546 = EDGE_CURVE('',#5521,#5547,#5549,.T.);
#5547 = VERTEX_POINT('',#5548);
#5548 = CARTESIAN_POINT('',(65.23447,39.85,101.79441));
#5549 = SURFACE_CURVE('',#5550,(#5554,#5560),.PCURVE_S1.);
#5550 = LINE('',#5551,#5552);
#5551 = CARTESIAN_POINT('',(65.246851213398,39.85,101.84653107308));
#5552 = VECTOR('',#5553,1.);
#5553 = DIRECTION('',(0.231115872894,-0.,0.972926232197));
#5554 = PCURVE('',#342,#5555);
#5555 = DEFINITIONAL_REPRESENTATION('',(#5556),#5559);
#5556 = B_SPLINE_CURVE_WITH_KNOTS('',1,(#5557,#5558),.UNSPECIFIED.,.F.,
  .F.,(2,2),(-0.162521132486,-5.357145419319E-02),
  .PIECEWISE_BEZIER_KNOTS.);
#5557 = CARTESIAN_POINT('',(-0.99159,3.23929));
#5558 = CARTESIAN_POINT('',(-0.88559,3.26447));
#5559 = ( GEOMETRIC_REPRESENTATION_CONTEXT(2) 
PARAMETRIC_REPRESENTATION_CONTEXT() REPRESENTATION_CONTEXT('2D SPACE',''
  ) );
#5560 = PCURVE('',#5561,#5566);
#5561 = PLANE('',#5562);
#5562 = AXIS2_PLACEMENT_3D('',#5563,#5564,#5565);
#5563 = CARTESIAN_POINT('',(65.23447,39.75,101.79441));
#5564 = DIRECTION('',(-0.972926232197,0.,0.231115872894));
#5565 = DIRECTION('',(-0.231115872894,0.,-0.972926232197));
#5566 = DEFINITIONAL_REPRESENTATION('',(#5567),#5570);
#5567 = B_SPLINE_CURVE_WITH_KNOTS('',1,(#5568,#5569),.UNSPECIFIED.,.F.,
  .F.,(2,2),(-0.162521132486,-5.357145419319E-02),
  .PIECEWISE_BEZIER_KNOTS.);
#5568 = CARTESIAN_POINT('',(0.108949678292,-0.1));
#5569 = CARTESIAN_POINT('',(0.,-0.1));
#5570 = ( GEOMETRIC_REPRESENTATION_CONTEXT(2) 
PARAMETRIC_REPRESENTATION_CONTEXT() REPRESENTATION_CONTEXT('2D SPACE',''
  ) );
#5571 = ORIENTED_EDGE('',*,*,#5572,.T.);
#5572 = EDGE_CURVE('',#5547,#5573,#5575,.T.);
#5573 = VERTEX_POINT('',#5574);
#5574 = CARTESIAN_POINT('',(65.25075,39.85,101.90209));
#5575 = SURFACE_CURVE('',#5576,(#5580,#5586),.PCURVE_S1.);
#5576 = LINE('',#5577,#5578);
#5577 = CARTESIAN_POINT('',(65.271583654342,39.85,102.03988901102));
#5578 = VECTOR('',#5579,1.);
#5579 = DIRECTION('',(0.149489839362,-0.,0.988763261821));
#5580 = PCURVE('',#342,#5581);
#5581 = DEFINITIONAL_REPRESENTATION('',(#5582),#5585);
#5582 = B_SPLINE_CURVE_WITH_KNOTS('',1,(#5583,#5584),.UNSPECIFIED.,.F.,
  .F.,(2,2),(-0.248268741877,-0.139365019259),.PIECEWISE_BEZIER_KNOTS.);
#5583 = CARTESIAN_POINT('',(-0.88559,3.26447));
#5584 = CARTESIAN_POINT('',(-0.77791,3.28075));
#5585 = ( GEOMETRIC_REPRESENTATION_CONTEXT(2) 
PARAMETRIC_REPRESENTATION_CONTEXT() REPRESENTATION_CONTEXT('2D SPACE',''
  ) );
#5586 = PCURVE('',#5587,#5592);
#5587 = PLANE('',#5588);
#5588 = AXIS2_PLACEMENT_3D('',#5589,#5590,#5591);
#5589 = CARTESIAN_POINT('',(65.25075,39.75,101.90209));
#5590 = DIRECTION('',(-0.988763261821,0.,0.149489839362));
#5591 = DIRECTION('',(-0.149489839362,0.,-0.988763261821));
#5592 = DEFINITIONAL_REPRESENTATION('',(#5593),#5596);
#5593 = B_SPLINE_CURVE_WITH_KNOTS('',1,(#5594,#5595),.UNSPECIFIED.,.F.,
  .F.,(2,2),(-0.248268741877,-0.139365019259),.PIECEWISE_BEZIER_KNOTS.);
#5594 = CARTESIAN_POINT('',(0.108903722618,-0.1));
#5595 = CARTESIAN_POINT('',(0.,-0.1));
#5596 = ( GEOMETRIC_REPRESENTATION_CONTEXT(2) 
PARAMETRIC_REPRESENTATION_CONTEXT() REPRESENTATION_CONTEXT('2D SPACE',''
  ) );
#5597 = ORIENTED_EDGE('',*,*,#5598,.T.);
#5598 = EDGE_CURVE('',#5573,#5599,#5601,.T.);
#5599 = VERTEX_POINT('',#5600);
#5600 = CARTESIAN_POINT('',(65.25802,39.85,102.01089));
#5601 = SURFACE_CURVE('',#5602,(#5606,#5612),.PCURVE_S1.);
#5602 = LINE('',#5603,#5604);
#5603 = CARTESIAN_POINT('',(65.272967847042,39.85,102.23459368062));
#5604 = VECTOR('',#5605,1.);
#5605 = DIRECTION('',(6.667117887828E-02,-0.,0.997775001645));
#5606 = PCURVE('',#342,#5607);
#5607 = DEFINITIONAL_REPRESENTATION('',(#5608),#5611);
#5608 = B_SPLINE_CURVE_WITH_KNOTS('',1,(#5609,#5610),.UNSPECIFIED.,.F.,
  .F.,(2,2),(-0.333245150537,-0.224202530888),.PIECEWISE_BEZIER_KNOTS.);
#5609 = CARTESIAN_POINT('',(-0.77791,3.28075));
#5610 = CARTESIAN_POINT('',(-0.66911,3.28802));
#5611 = ( GEOMETRIC_REPRESENTATION_CONTEXT(2) 
PARAMETRIC_REPRESENTATION_CONTEXT() REPRESENTATION_CONTEXT('2D SPACE',''
  ) );
#5612 = PCURVE('',#5613,#5618);
#5613 = PLANE('',#5614);
#5614 = AXIS2_PLACEMENT_3D('',#5615,#5616,#5617);
#5615 = CARTESIAN_POINT('',(65.25802,39.75,102.01089));
#5616 = DIRECTION('',(-0.997775001645,0.,6.667117887828E-02));
#5617 = DIRECTION('',(-6.667117887828E-02,0.,-0.997775001645));
#5618 = DEFINITIONAL_REPRESENTATION('',(#5619),#5622);
#5619 = B_SPLINE_CURVE_WITH_KNOTS('',1,(#5620,#5621),.UNSPECIFIED.,.F.,
  .F.,(2,2),(-0.333245150537,-0.224202530888),.PIECEWISE_BEZIER_KNOTS.);
#5620 = CARTESIAN_POINT('',(0.109042619649,-0.1));
#5621 = CARTESIAN_POINT('',(0.,-0.1));
#5622 = ( GEOMETRIC_REPRESENTATION_CONTEXT(2) 
PARAMETRIC_REPRESENTATION_CONTEXT() REPRESENTATION_CONTEXT('2D SPACE',''
  ) );
#5623 = ORIENTED_EDGE('',*,*,#5624,.T.);
#5624 = EDGE_CURVE('',#5599,#5625,#5627,.T.);
#5625 = VERTEX_POINT('',#5626);
#5626 = CARTESIAN_POINT('',(65.25617,39.85,102.12023));
#5627 = SURFACE_CURVE('',#5628,(#5632,#5638),.PCURVE_S1.);
#5628 = LINE('',#5629,#5630);
#5629 = CARTESIAN_POINT('',(65.250965543463,39.85,102.42782744746));
#5630 = VECTOR('',#5631,1.);
#5631 = DIRECTION('',(-1.691727868403E-02,0.,0.999856892601));
#5632 = PCURVE('',#342,#5633);
#5633 = DEFINITIONAL_REPRESENTATION('',(#5634),#5637);
#5634 = B_SPLINE_CURVE_WITH_KNOTS('',1,(#5635,#5636),.UNSPECIFIED.,.F.,
  .F.,(2,2),(-0.416997122835,-0.307641473232),.PIECEWISE_BEZIER_KNOTS.);
#5635 = CARTESIAN_POINT('',(-0.66911,3.28802));
#5636 = CARTESIAN_POINT('',(-0.55977,3.28617));
#5637 = ( GEOMETRIC_REPRESENTATION_CONTEXT(2) 
PARAMETRIC_REPRESENTATION_CONTEXT() REPRESENTATION_CONTEXT('2D SPACE',''
  ) );
#5638 = PCURVE('',#5639,#5644);
#5639 = PLANE('',#5640);
#5640 = AXIS2_PLACEMENT_3D('',#5641,#5642,#5643);
#5641 = CARTESIAN_POINT('',(65.25617,39.75,102.12023));
#5642 = DIRECTION('',(-0.999856892601,0.,-1.691727868403E-02));
#5643 = DIRECTION('',(1.691727868403E-02,0.,-0.999856892601));
#5644 = DEFINITIONAL_REPRESENTATION('',(#5645),#5648);
#5645 = B_SPLINE_CURVE_WITH_KNOTS('',1,(#5646,#5647),.UNSPECIFIED.,.F.,
  .F.,(2,2),(-0.416997122835,-0.307641473232),.PIECEWISE_BEZIER_KNOTS.);
#5646 = CARTESIAN_POINT('',(0.109355649603,-0.1));
#5647 = CARTESIAN_POINT('',(0.,-0.1));
#5648 = ( GEOMETRIC_REPRESENTATION_CONTEXT(2) 
PARAMETRIC_REPRESENTATION_CONTEXT() REPRESENTATION_CONTEXT('2D SPACE',''
  ) );
#5649 = ORIENTED_EDGE('',*,*,#5650,.T.);
#5650 = EDGE_CURVE('',#5625,#5651,#5653,.T.);
#5651 = VERTEX_POINT('',#5652);
#5652 = CARTESIAN_POINT('',(65.2451,39.85,102.22954));
#5653 = SURFACE_CURVE('',#5654,(#5658,#5664),.PCURVE_S1.);
#5654 = LINE('',#5655,#5656);
#5655 = CARTESIAN_POINT('',(65.205898033796,39.85,102.61663728326));
#5656 = VECTOR('',#5657,1.);
#5657 = DIRECTION('',(-0.100756255806,0.,0.994911140211));
#5658 = PCURVE('',#342,#5659);
#5659 = DEFINITIONAL_REPRESENTATION('',(#5660),#5663);
#5660 = B_SPLINE_CURVE_WITH_KNOTS('',1,(#5661,#5662),.UNSPECIFIED.,.F.,
  .F.,(2,2),(-0.498946351293,-0.389077242805),.PIECEWISE_BEZIER_KNOTS.);
#5661 = CARTESIAN_POINT('',(-0.55977,3.28617));
#5662 = CARTESIAN_POINT('',(-0.45046,3.2751));
#5663 = ( GEOMETRIC_REPRESENTATION_CONTEXT(2) 
PARAMETRIC_REPRESENTATION_CONTEXT() REPRESENTATION_CONTEXT('2D SPACE',''
  ) );
#5664 = PCURVE('',#5665,#5670);
#5665 = PLANE('',#5666);
#5666 = AXIS2_PLACEMENT_3D('',#5667,#5668,#5669);
#5667 = CARTESIAN_POINT('',(65.2451,39.75,102.22954));
#5668 = DIRECTION('',(-0.994911140211,0.,-0.100756255806));
#5669 = DIRECTION('',(0.100756255806,0.,-0.994911140211));
#5670 = DEFINITIONAL_REPRESENTATION('',(#5671),#5674);
#5671 = B_SPLINE_CURVE_WITH_KNOTS('',1,(#5672,#5673),.UNSPECIFIED.,.F.,
  .F.,(2,2),(-0.498946351293,-0.389077242805),.PIECEWISE_BEZIER_KNOTS.);
#5672 = CARTESIAN_POINT('',(0.109869108488,-0.1));
#5673 = CARTESIAN_POINT('',(0.,-0.1));
#5674 = ( GEOMETRIC_REPRESENTATION_CONTEXT(2) 
PARAMETRIC_REPRESENTATION_CONTEXT() REPRESENTATION_CONTEXT('2D SPACE',''
  ) );
#5675 = ORIENTED_EDGE('',*,*,#5676,.T.);
#5676 = EDGE_CURVE('',#5651,#5677,#5679,.T.);
#5677 = VERTEX_POINT('',#5678);
#5678 = CARTESIAN_POINT('',(65.22473,39.85,102.33823));
#5679 = SURFACE_CURVE('',#5680,(#5684,#5690),.PCURVE_S1.);
#5680 = LINE('',#5681,#5682);
#5681 = CARTESIAN_POINT('',(65.138570631124,39.85,102.79795811993));
#5682 = VECTOR('',#5683,1.);
#5683 = DIRECTION('',(-0.18420663522,0.,0.98288753962));
#5684 = PCURVE('',#342,#5685);
#5685 = DEFINITIONAL_REPRESENTATION('',(#5686),#5689);
#5686 = B_SPLINE_CURVE_WITH_KNOTS('',1,(#5687,#5688),.UNSPECIFIED.,.F.,
  .F.,(2,2),(-0.578314503974,-0.467732168133),.PIECEWISE_BEZIER_KNOTS.);
#5687 = CARTESIAN_POINT('',(-0.45046,3.2751));
#5688 = CARTESIAN_POINT('',(-0.34177,3.25473));
#5689 = ( GEOMETRIC_REPRESENTATION_CONTEXT(2) 
PARAMETRIC_REPRESENTATION_CONTEXT() REPRESENTATION_CONTEXT('2D SPACE',''
  ) );
#5690 = PCURVE('',#5691,#5696);
#5691 = PLANE('',#5692);
#5692 = AXIS2_PLACEMENT_3D('',#5693,#5694,#5695);
#5693 = CARTESIAN_POINT('',(65.22473,39.75,102.33823));
#5694 = DIRECTION('',(-0.98288753962,0.,-0.18420663522));
#5695 = DIRECTION('',(0.18420663522,0.,-0.98288753962));
#5696 = DEFINITIONAL_REPRESENTATION('',(#5697),#5700);
#5697 = B_SPLINE_CURVE_WITH_KNOTS('',1,(#5698,#5699),.UNSPECIFIED.,.F.,
  .F.,(2,2),(-0.578314503974,-0.467732168133),.PIECEWISE_BEZIER_KNOTS.);
#5698 = CARTESIAN_POINT('',(0.110582335841,-0.1));
#5699 = CARTESIAN_POINT('',(0.,-0.1));
#5700 = ( GEOMETRIC_REPRESENTATION_CONTEXT(2) 
PARAMETRIC_REPRESENTATION_CONTEXT() REPRESENTATION_CONTEXT('2D SPACE',''
  ) );
#5701 = ORIENTED_EDGE('',*,*,#5702,.T.);
#5702 = EDGE_CURVE('',#5677,#4999,#5703,.T.);
#5703 = SURFACE_CURVE('',#5704,(#5708,#5714),.PCURVE_S1.);
#5704 = LINE('',#5705,#5706);
#5705 = CARTESIAN_POINT('',(65.051297787788,39.85,102.96710718687));
#5706 = VECTOR('',#5707,1.);
#5707 = DIRECTION('',(-0.265856134324,0.,0.964012715602));
#5708 = PCURVE('',#342,#5709);
#5709 = DEFINITIONAL_REPRESENTATION('',(#5710),#5713);
#5710 = B_SPLINE_CURVE_WITH_KNOTS('',1,(#5711,#5712),.UNSPECIFIED.,.F.,
  .F.,(2,2),(-0.652353622207,-0.542406939674),.PIECEWISE_BEZIER_KNOTS.);
#5711 = CARTESIAN_POINT('',(-0.34177,3.25473));
#5712 = CARTESIAN_POINT('',(-0.23578,3.2255));
#5713 = ( GEOMETRIC_REPRESENTATION_CONTEXT(2) 
PARAMETRIC_REPRESENTATION_CONTEXT() REPRESENTATION_CONTEXT('2D SPACE',''
  ) );
#5714 = PCURVE('',#5715,#5720);
#5715 = PLANE('',#5716);
#5716 = AXIS2_PLACEMENT_3D('',#5717,#5718,#5719);
#5717 = CARTESIAN_POINT('',(65.1955,39.75,102.44422));
#5718 = DIRECTION('',(-0.964012715602,0.,-0.265856134324));
#5719 = DIRECTION('',(0.265856134324,0.,-0.964012715602));
#5720 = DEFINITIONAL_REPRESENTATION('',(#5721),#5724);
#5721 = B_SPLINE_CURVE_WITH_KNOTS('',1,(#5722,#5723),.UNSPECIFIED.,.F.,
  .F.,(2,2),(-0.652353622207,-0.542406939674),.PIECEWISE_BEZIER_KNOTS.);
#5722 = CARTESIAN_POINT('',(0.109946682533,-0.1));
#5723 = CARTESIAN_POINT('',(0.,-0.1));
#5724 = ( GEOMETRIC_REPRESENTATION_CONTEXT(2) 
PARAMETRIC_REPRESENTATION_CONTEXT() REPRESENTATION_CONTEXT('2D SPACE',''
  ) );
#5725 = FACE_BOUND('',#5726,.T.);
#5726 = EDGE_LOOP('',(#5727,#5755,#5781,#5807,#5833,#5859,#5885,#5911,
    #5937,#5963,#5989,#6015,#6041));
#5727 = ORIENTED_EDGE('',*,*,#5728,.T.);
#5728 = EDGE_CURVE('',#5729,#5731,#5733,.T.);
#5729 = VERTEX_POINT('',#5730);
#5730 = CARTESIAN_POINT('',(63.110026703769,39.85,107.7372520507));
#5731 = VERTEX_POINT('',#5732);
#5732 = CARTESIAN_POINT('',(63.381188505823,39.85,107.69948337168));
#5733 = SURFACE_CURVE('',#5734,(#5738,#5744),.PCURVE_S1.);
#5734 = LINE('',#5735,#5736);
#5735 = CARTESIAN_POINT('',(63.031938296326,39.85,107.74812856787));
#5736 = VECTOR('',#5737,1.);
#5737 = DIRECTION('',(0.990438786395,0.,-0.137952928221));
#5738 = PCURVE('',#342,#5739);
#5739 = DEFINITIONAL_REPRESENTATION('',(#5740),#5743);
#5740 = B_SPLINE_CURVE_WITH_KNOTS('',1,(#5741,#5742),.UNSPECIFIED.,.F.,
  .F.,(2,2),(7.88422348917E-02,0.352621700902),
  .PIECEWISE_BEZIER_KNOTS.);
#5741 = CARTESIAN_POINT('',(5.057252050702,1.140026703769));
#5742 = CARTESIAN_POINT('',(5.01948337168,1.411188505823));
#5743 = ( GEOMETRIC_REPRESENTATION_CONTEXT(2) 
PARAMETRIC_REPRESENTATION_CONTEXT() REPRESENTATION_CONTEXT('2D SPACE',''
  ) );
#5744 = PCURVE('',#5745,#5750);
#5745 = PLANE('',#5746);
#5746 = AXIS2_PLACEMENT_3D('',#5747,#5748,#5749);
#5747 = CARTESIAN_POINT('',(63.381188505823,39.75,107.69948337168));
#5748 = DIRECTION('',(0.137952928221,0.,0.990438786395));
#5749 = DIRECTION('',(-0.990438786395,0.,0.137952928221));
#5750 = DEFINITIONAL_REPRESENTATION('',(#5751),#5754);
#5751 = B_SPLINE_CURVE_WITH_KNOTS('',1,(#5752,#5753),.UNSPECIFIED.,.F.,
  .F.,(2,2),(7.88422348917E-02,0.352621700902),
  .PIECEWISE_BEZIER_KNOTS.);
#5752 = CARTESIAN_POINT('',(0.27377946601,-0.1));
#5753 = CARTESIAN_POINT('',(0.,-0.1));
#5754 = ( GEOMETRIC_REPRESENTATION_CONTEXT(2) 
PARAMETRIC_REPRESENTATION_CONTEXT() REPRESENTATION_CONTEXT('2D SPACE',''
  ) );
#5755 = ORIENTED_EDGE('',*,*,#5756,.T.);
#5756 = EDGE_CURVE('',#5731,#5757,#5759,.T.);
#5757 = VERTEX_POINT('',#5758);
#5758 = CARTESIAN_POINT('',(63.603739369987,39.85,108.49735317601));
#5759 = SURFACE_CURVE('',#5760,(#5764,#5770),.PCURVE_S1.);
#5760 = LINE('',#5761,#5762);
#5761 = CARTESIAN_POINT('',(62.792017876202,39.85,105.58724059632));
#5762 = VECTOR('',#5763,1.);
#5763 = DIRECTION('',(0.268675228994,-0.,0.96323082453));
#5764 = PCURVE('',#342,#5765);
#5765 = DEFINITIONAL_REPRESENTATION('',(#5766),#5769);
#5766 = B_SPLINE_CURVE_WITH_KNOTS('',1,(#5767,#5768),.UNSPECIFIED.,.F.,
  .F.,(2,2),(2.192872903941,3.021199597833),.PIECEWISE_BEZIER_KNOTS.);
#5767 = CARTESIAN_POINT('',(5.01948337168,1.411188505823));
#5768 = CARTESIAN_POINT('',(5.817353176018,1.633739369987));
#5769 = ( GEOMETRIC_REPRESENTATION_CONTEXT(2) 
PARAMETRIC_REPRESENTATION_CONTEXT() REPRESENTATION_CONTEXT('2D SPACE',''
  ) );
#5770 = PCURVE('',#5771,#5776);
#5771 = PLANE('',#5772);
#5772 = AXIS2_PLACEMENT_3D('',#5773,#5774,#5775);
#5773 = CARTESIAN_POINT('',(63.603739369987,39.75,108.49735317601));
#5774 = DIRECTION('',(-0.96323082453,0.,0.268675228994));
#5775 = DIRECTION('',(-0.268675228994,0.,-0.96323082453));
#5776 = DEFINITIONAL_REPRESENTATION('',(#5777),#5780);
#5777 = B_SPLINE_CURVE_WITH_KNOTS('',1,(#5778,#5779),.UNSPECIFIED.,.F.,
  .F.,(2,2),(2.192872903941,3.021199597833),.PIECEWISE_BEZIER_KNOTS.);
#5778 = CARTESIAN_POINT('',(0.828326693892,-0.1));
#5779 = CARTESIAN_POINT('',(0.,-0.1));
#5780 = ( GEOMETRIC_REPRESENTATION_CONTEXT(2) 
PARAMETRIC_REPRESENTATION_CONTEXT() REPRESENTATION_CONTEXT('2D SPACE',''
  ) );
#5781 = ORIENTED_EDGE('',*,*,#5782,.T.);
#5782 = EDGE_CURVE('',#5757,#5783,#5785,.T.);
#5783 = VERTEX_POINT('',#5784);
#5784 = CARTESIAN_POINT('',(63.682717004811,39.85,107.74743986637));
#5785 = SURFACE_CURVE('',#5786,(#5790,#5796),.PCURVE_S1.);
#5786 = LINE('',#5787,#5788);
#5787 = CARTESIAN_POINT('',(63.937236275499,39.85,105.33071278818));
#5788 = VECTOR('',#5789,1.);
#5789 = DIRECTION('',(0.104736451327,0.,-0.994500012953));
#5790 = PCURVE('',#342,#5791);
#5791 = DEFINITIONAL_REPRESENTATION('',(#5792),#5795);
#5792 = B_SPLINE_CURVE_WITH_KNOTS('',1,(#5793,#5794),.UNSPECIFIED.,.F.,
  .F.,(2,2),(-3.184153189127,-2.430092555768),.PIECEWISE_BEZIER_KNOTS.);
#5793 = CARTESIAN_POINT('',(5.817353176018,1.633739369987));
#5794 = CARTESIAN_POINT('',(5.067439866375,1.712717004811));
#5795 = ( GEOMETRIC_REPRESENTATION_CONTEXT(2) 
PARAMETRIC_REPRESENTATION_CONTEXT() REPRESENTATION_CONTEXT('2D SPACE',''
  ) );
#5796 = PCURVE('',#5797,#5802);
#5797 = PLANE('',#5798);
#5798 = AXIS2_PLACEMENT_3D('',#5799,#5800,#5801);
#5799 = CARTESIAN_POINT('',(63.682717004811,39.75,107.74743986637));
#5800 = DIRECTION('',(0.994500012953,0.,0.104736451327));
#5801 = DIRECTION('',(-0.104736451327,0.,0.994500012953));
#5802 = DEFINITIONAL_REPRESENTATION('',(#5803),#5806);
#5803 = B_SPLINE_CURVE_WITH_KNOTS('',1,(#5804,#5805),.UNSPECIFIED.,.F.,
  .F.,(2,2),(-3.184153189127,-2.430092555768),.PIECEWISE_BEZIER_KNOTS.);
#5804 = CARTESIAN_POINT('',(0.754060633359,-0.1));
#5805 = CARTESIAN_POINT('',(0.,-0.1));
#5806 = ( GEOMETRIC_REPRESENTATION_CONTEXT(2) 
PARAMETRIC_REPRESENTATION_CONTEXT() REPRESENTATION_CONTEXT('2D SPACE',''
  ) );
#5807 = ORIENTED_EDGE('',*,*,#5808,.T.);
#5808 = EDGE_CURVE('',#5783,#5809,#5811,.T.);
#5809 = VERTEX_POINT('',#5810);
#5810 = CARTESIAN_POINT('',(63.935952729317,39.85,107.69948337168));
#5811 = SURFACE_CURVE('',#5812,(#5816,#5822),.PCURVE_S1.);
#5812 = LINE('',#5813,#5814);
#5813 = CARTESIAN_POINT('',(63.44583549748,39.85,107.79229928252));
#5814 = VECTOR('',#5815,1.);
#5815 = DIRECTION('',(0.982536898552,0.,-0.186067845108));
#5816 = PCURVE('',#342,#5817);
#5817 = DEFINITIONAL_REPRESENTATION('',(#5818),#5821);
#5818 = B_SPLINE_CURVE_WITH_KNOTS('',1,(#5819,#5820),.UNSPECIFIED.,.F.,
  .F.,(2,2),(0.241091716433,0.498828321419),.PIECEWISE_BEZIER_KNOTS.);
#5819 = CARTESIAN_POINT('',(5.067439866375,1.712717004811));
#5820 = CARTESIAN_POINT('',(5.01948337168,1.965952729317));
#5821 = ( GEOMETRIC_REPRESENTATION_CONTEXT(2) 
PARAMETRIC_REPRESENTATION_CONTEXT() REPRESENTATION_CONTEXT('2D SPACE',''
  ) );
#5822 = PCURVE('',#5823,#5828);
#5823 = PLANE('',#5824);
#5824 = AXIS2_PLACEMENT_3D('',#5825,#5826,#5827);
#5825 = CARTESIAN_POINT('',(63.935952729317,39.75,107.69948337168));
#5826 = DIRECTION('',(0.186067845108,0.,0.982536898552));
#5827 = DIRECTION('',(-0.982536898552,0.,0.186067845108));
#5828 = DEFINITIONAL_REPRESENTATION('',(#5829),#5832);
#5829 = B_SPLINE_CURVE_WITH_KNOTS('',1,(#5830,#5831),.UNSPECIFIED.,.F.,
  .F.,(2,2),(0.241091716433,0.498828321419),.PIECEWISE_BEZIER_KNOTS.);
#5830 = CARTESIAN_POINT('',(0.257736604985,-0.1));
#5831 = CARTESIAN_POINT('',(0.,-0.1));
#5832 = ( GEOMETRIC_REPRESENTATION_CONTEXT(2) 
PARAMETRIC_REPRESENTATION_CONTEXT() REPRESENTATION_CONTEXT('2D SPACE',''
  ) );
#5833 = ORIENTED_EDGE('',*,*,#5834,.T.);
#5834 = EDGE_CURVE('',#5809,#5835,#5837,.T.);
#5835 = VERTEX_POINT('',#5836);
#5836 = CARTESIAN_POINT('',(63.983909224012,39.85,109.11544655905));
#5837 = SURFACE_CURVE('',#5838,(#5842,#5848),.PCURVE_S1.);
#5838 = LINE('',#5839,#5840);
#5839 = CARTESIAN_POINT('',(63.873901024277,39.85,105.86734508449));
#5840 = VECTOR('',#5841,1.);
#5841 = DIRECTION('',(3.384905340035E-02,-0.,0.999426956603));
#5842 = PCURVE('',#342,#5843);
#5843 = DEFINITIONAL_REPRESENTATION('',(#5844),#5847);
#5844 = B_SPLINE_CURVE_WITH_KNOTS('',1,(#5845,#5846),.UNSPECIFIED.,.F.,
  .F.,(2,2),(1.833188783909,3.249963844883),.PIECEWISE_BEZIER_KNOTS.);
#5845 = CARTESIAN_POINT('',(5.01948337168,1.965952729317));
#5846 = CARTESIAN_POINT('',(6.435446559059,2.013909224012));
#5847 = ( GEOMETRIC_REPRESENTATION_CONTEXT(2) 
PARAMETRIC_REPRESENTATION_CONTEXT() REPRESENTATION_CONTEXT('2D SPACE',''
  ) );
#5848 = PCURVE('',#5849,#5854);
#5849 = PLANE('',#5850);
#5850 = AXIS2_PLACEMENT_3D('',#5851,#5852,#5853);
#5851 = CARTESIAN_POINT('',(63.983909224012,39.75,109.11544655905));
#5852 = DIRECTION('',(-0.999426956603,0.,3.384905340035E-02));
#5853 = DIRECTION('',(-3.384905340035E-02,0.,-0.999426956603));
#5854 = DEFINITIONAL_REPRESENTATION('',(#5855),#5858);
#5855 = B_SPLINE_CURVE_WITH_KNOTS('',1,(#5856,#5857),.UNSPECIFIED.,.F.,
  .F.,(2,2),(1.833188783909,3.249963844883),.PIECEWISE_BEZIER_KNOTS.);
#5856 = CARTESIAN_POINT('',(1.416775060974,-0.1));
#5857 = CARTESIAN_POINT('',(0.,-0.1));
#5858 = ( GEOMETRIC_REPRESENTATION_CONTEXT(2) 
PARAMETRIC_REPRESENTATION_CONTEXT() REPRESENTATION_CONTEXT('2D SPACE',''
  ) );
#5859 = ORIENTED_EDGE('',*,*,#5860,.T.);
#5860 = EDGE_CURVE('',#5835,#5861,#5863,.T.);
#5861 = VERTEX_POINT('',#5862);
#5862 = CARTESIAN_POINT('',(63.572729980948,39.85,109.16340305375));
#5863 = SURFACE_CURVE('',#5864,(#5868,#5874),.PCURVE_S1.);
#5864 = LINE('',#5865,#5866);
#5865 = CARTESIAN_POINT('',(63.155130417676,39.85,109.21210836069));
#5866 = VECTOR('',#5867,1.);
#5867 = DIRECTION('',(-0.993267147022,0.,0.115846340667));
#5868 = PCURVE('',#342,#5869);
#5869 = DEFINITIONAL_REPRESENTATION('',(#5870),#5873);
#5870 = B_SPLINE_CURVE_WITH_KNOTS('',1,(#5871,#5872),.UNSPECIFIED.,.F.,
  .F.,(2,2),(-0.834396676483,-0.420430258389),.PIECEWISE_BEZIER_KNOTS.);
#5871 = CARTESIAN_POINT('',(6.435446559059,2.013909224012));
#5872 = CARTESIAN_POINT('',(6.483403053754,1.602729980948));
#5873 = ( GEOMETRIC_REPRESENTATION_CONTEXT(2) 
PARAMETRIC_REPRESENTATION_CONTEXT() REPRESENTATION_CONTEXT('2D SPACE',''
  ) );
#5874 = PCURVE('',#5875,#5880);
#5875 = PLANE('',#5876);
#5876 = AXIS2_PLACEMENT_3D('',#5877,#5878,#5879);
#5877 = CARTESIAN_POINT('',(63.572729980948,39.75,109.16340305375));
#5878 = DIRECTION('',(-0.115846340667,0.,-0.993267147022));
#5879 = DIRECTION('',(0.993267147022,0.,-0.115846340667));
#5880 = DEFINITIONAL_REPRESENTATION('',(#5881),#5884);
#5881 = B_SPLINE_CURVE_WITH_KNOTS('',1,(#5882,#5883),.UNSPECIFIED.,.F.,
  .F.,(2,2),(-0.834396676483,-0.420430258389),.PIECEWISE_BEZIER_KNOTS.);
#5882 = CARTESIAN_POINT('',(0.413966418094,-0.1));
#5883 = CARTESIAN_POINT('',(0.,-0.1));
#5884 = ( GEOMETRIC_REPRESENTATION_CONTEXT(2) 
PARAMETRIC_REPRESENTATION_CONTEXT() REPRESENTATION_CONTEXT('2D SPACE',''
  ) );
#5885 = ORIENTED_EDGE('',*,*,#5886,.T.);
#5886 = EDGE_CURVE('',#5861,#5887,#5889,.T.);
#5887 = VERTEX_POINT('',#5888);
#5888 = CARTESIAN_POINT('',(63.308772633971,39.85,108.17281489593));
#5889 = SURFACE_CURVE('',#5890,(#5894,#5900),.PCURVE_S1.);
#5890 = LINE('',#5891,#5892);
#5891 = CARTESIAN_POINT('',(62.581089693554,39.85,105.44194147382));
#5892 = VECTOR('',#5893,1.);
#5893 = DIRECTION('',(-0.257480965176,0.,-0.966283370742));
#5894 = PCURVE('',#342,#5895);
#5895 = DEFINITIONAL_REPRESENTATION('',(#5896),#5899);
#5896 = B_SPLINE_CURVE_WITH_KNOTS('',1,(#5897,#5898),.UNSPECIFIED.,.F.,
  .F.,(2,2),(-3.851314937847,-2.826162081223),.PIECEWISE_BEZIER_KNOTS.);
#5897 = CARTESIAN_POINT('',(6.483403053754,1.602729980948));
#5898 = CARTESIAN_POINT('',(5.49281489593,1.338772633971));
#5899 = ( GEOMETRIC_REPRESENTATION_CONTEXT(2) 
PARAMETRIC_REPRESENTATION_CONTEXT() REPRESENTATION_CONTEXT('2D SPACE',''
  ) );
#5900 = PCURVE('',#5901,#5906);
#5901 = PLANE('',#5902);
#5902 = AXIS2_PLACEMENT_3D('',#5903,#5904,#5905);
#5903 = CARTESIAN_POINT('',(63.308772633971,39.75,108.17281489593));
#5904 = DIRECTION('',(0.966283370742,0.,-0.257480965176));
#5905 = DIRECTION('',(0.257480965176,0.,0.966283370742));
#5906 = DEFINITIONAL_REPRESENTATION('',(#5907),#5910);
#5907 = B_SPLINE_CURVE_WITH_KNOTS('',1,(#5908,#5909),.UNSPECIFIED.,.F.,
  .F.,(2,2),(-3.851314937847,-2.826162081223),.PIECEWISE_BEZIER_KNOTS.);
#5908 = CARTESIAN_POINT('',(1.025152856624,-0.1));
#5909 = CARTESIAN_POINT('',(0.,-0.1));
#5910 = ( GEOMETRIC_REPRESENTATION_CONTEXT(2) 
PARAMETRIC_REPRESENTATION_CONTEXT() REPRESENTATION_CONTEXT('2D SPACE',''
  ) );
#5911 = ORIENTED_EDGE('',*,*,#5912,.T.);
#5912 = EDGE_CURVE('',#5887,#5913,#5915,.T.);
#5913 = VERTEX_POINT('',#5914);
#5914 = CARTESIAN_POINT('',(63.02034076999,39.85,109.12535986717));
#5915 = SURFACE_CURVE('',#5916,(#5920,#5926),.PCURVE_S1.);
#5916 = LINE('',#5917,#5918);
#5917 = CARTESIAN_POINT('',(63.870106462817,39.85,106.31901237746));
#5918 = VECTOR('',#5919,1.);
#5919 = DIRECTION('',(-0.289806654795,0.,0.957085211899));
#5920 = PCURVE('',#342,#5921);
#5921 = DEFINITIONAL_REPRESENTATION('',(#5922),#5925);
#5922 = B_SPLINE_CURVE_WITH_KNOTS('',1,(#5923,#5924),.UNSPECIFIED.,.F.,
  .F.,(2,2),(1.936925255366,2.932181434647),.PIECEWISE_BEZIER_KNOTS.);
#5923 = CARTESIAN_POINT('',(5.49281489593,1.338772633971));
#5924 = CARTESIAN_POINT('',(6.445359867171,1.05034076999));
#5925 = ( GEOMETRIC_REPRESENTATION_CONTEXT(2) 
PARAMETRIC_REPRESENTATION_CONTEXT() REPRESENTATION_CONTEXT('2D SPACE',''
  ) );
#5926 = PCURVE('',#5927,#5932);
#5927 = PLANE('',#5928);
#5928 = AXIS2_PLACEMENT_3D('',#5929,#5930,#5931);
#5929 = CARTESIAN_POINT('',(63.02034076999,39.75,109.12535986717));
#5930 = DIRECTION('',(-0.957085211899,0.,-0.289806654795));
#5931 = DIRECTION('',(0.289806654795,0.,-0.957085211899));
#5932 = DEFINITIONAL_REPRESENTATION('',(#5933),#5936);
#5933 = B_SPLINE_CURVE_WITH_KNOTS('',1,(#5934,#5935),.UNSPECIFIED.,.F.,
  .F.,(2,2),(1.936925255366,2.932181434647),.PIECEWISE_BEZIER_KNOTS.);
#5934 = CARTESIAN_POINT('',(0.995256179281,-0.1));
#5935 = CARTESIAN_POINT('',(0.,-0.1));
#5936 = ( GEOMETRIC_REPRESENTATION_CONTEXT(2) 
PARAMETRIC_REPRESENTATION_CONTEXT() REPRESENTATION_CONTEXT('2D SPACE',''
  ) );
#5937 = ORIENTED_EDGE('',*,*,#5938,.T.);
#5938 = EDGE_CURVE('',#5913,#5939,#5941,.T.);
#5939 = VERTEX_POINT('',#5940);
#5940 = CARTESIAN_POINT('',(62.606222547822,39.85,109.16340305375));
#5941 = SURFACE_CURVE('',#5942,(#5946,#5952),.PCURVE_S1.);
#5942 = LINE('',#5943,#5944);
#5943 = CARTESIAN_POINT('',(62.586081849209,39.85,109.16525328954));
#5944 = VECTOR('',#5945,1.);
#5945 = DIRECTION('',(-0.9958068845,0.,9.148031909808E-02));
#5946 = PCURVE('',#342,#5947);
#5947 = DEFINITIONAL_REPRESENTATION('',(#5948),#5951);
#5948 = B_SPLINE_CURVE_WITH_KNOTS('',1,(#5949,#5950),.UNSPECIFIED.,.F.,
  .F.,(2,2),(-0.436087485978,-2.022550649828E-02),
  .PIECEWISE_BEZIER_KNOTS.);
#5949 = CARTESIAN_POINT('',(6.445359867171,1.05034076999));
#5950 = CARTESIAN_POINT('',(6.483403053754,0.636222547822));
#5951 = ( GEOMETRIC_REPRESENTATION_CONTEXT(2) 
PARAMETRIC_REPRESENTATION_CONTEXT() REPRESENTATION_CONTEXT('2D SPACE',''
  ) );
#5952 = PCURVE('',#5953,#5958);
#5953 = PLANE('',#5954);
#5954 = AXIS2_PLACEMENT_3D('',#5955,#5956,#5957);
#5955 = CARTESIAN_POINT('',(62.606222547822,39.75,109.16340305375));
#5956 = DIRECTION('',(-9.148031909808E-02,0.,-0.9958068845));
#5957 = DIRECTION('',(0.9958068845,0.,-9.148031909808E-02));
#5958 = DEFINITIONAL_REPRESENTATION('',(#5959),#5962);
#5959 = B_SPLINE_CURVE_WITH_KNOTS('',1,(#5960,#5961),.UNSPECIFIED.,.F.,
  .F.,(2,2),(-0.436087485978,-2.022550649828E-02),
  .PIECEWISE_BEZIER_KNOTS.);
#5960 = CARTESIAN_POINT('',(0.41586197948,-0.1));
#5961 = CARTESIAN_POINT('',(0.,-0.1));
#5962 = ( GEOMETRIC_REPRESENTATION_CONTEXT(2) 
PARAMETRIC_REPRESENTATION_CONTEXT() REPRESENTATION_CONTEXT('2D SPACE',''
  ) );
#5963 = ORIENTED_EDGE('',*,*,#5964,.T.);
#5964 = EDGE_CURVE('',#5939,#5965,#5967,.T.);
#5965 = VERTEX_POINT('',#5966);
#5966 = CARTESIAN_POINT('',(62.558266053127,39.85,107.74743986637));
#5967 = SURFACE_CURVE('',#5968,(#5972,#5978),.PCURVE_S1.);
#5968 = LINE('',#5969,#5970);
#5969 = CARTESIAN_POINT('',(62.472214172922,39.85,105.20667254489));
#5970 = VECTOR('',#5971,1.);
#5971 = DIRECTION('',(-3.384905340034E-02,0.,-0.999426956603));
#5972 = PCURVE('',#342,#5973);
#5973 = DEFINITIONAL_REPRESENTATION('',(#5974),#5977);
#5974 = B_SPLINE_CURVE_WITH_KNOTS('',1,(#5975,#5976),.UNSPECIFIED.,.F.,
  .F.,(2,2),(-3.958999187206,-2.542224126232),.PIECEWISE_BEZIER_KNOTS.);
#5975 = CARTESIAN_POINT('',(6.483403053754,0.636222547822));
#5976 = CARTESIAN_POINT('',(5.067439866375,0.588266053127));
#5977 = ( GEOMETRIC_REPRESENTATION_CONTEXT(2) 
PARAMETRIC_REPRESENTATION_CONTEXT() REPRESENTATION_CONTEXT('2D SPACE',''
  ) );
#5978 = PCURVE('',#5979,#5984);
#5979 = PLANE('',#5980);
#5980 = AXIS2_PLACEMENT_3D('',#5981,#5982,#5983);
#5981 = CARTESIAN_POINT('',(62.558266053127,39.75,107.74743986637));
#5982 = DIRECTION('',(0.999426956603,0.,-3.384905340034E-02));
#5983 = DIRECTION('',(3.384905340034E-02,0.,0.999426956603));
#5984 = DEFINITIONAL_REPRESENTATION('',(#5985),#5988);
#5985 = B_SPLINE_CURVE_WITH_KNOTS('',1,(#5986,#5987),.UNSPECIFIED.,.F.,
  .F.,(2,2),(-3.958999187206,-2.542224126232),.PIECEWISE_BEZIER_KNOTS.);
#5986 = CARTESIAN_POINT('',(1.416775060974,-0.1));
#5987 = CARTESIAN_POINT('',(0.,-0.1));
#5988 = ( GEOMETRIC_REPRESENTATION_CONTEXT(2) 
PARAMETRIC_REPRESENTATION_CONTEXT() REPRESENTATION_CONTEXT('2D SPACE',''
  ) );
#5989 = ORIENTED_EDGE('',*,*,#5990,.T.);
#5990 = EDGE_CURVE('',#5965,#5991,#5993,.T.);
#5991 = VERTEX_POINT('',#5992);
#5992 = CARTESIAN_POINT('',(62.811501777633,39.85,107.69948337168));
#5993 = SURFACE_CURVE('',#5994,(#5998,#6004),.PCURVE_S1.);
#5994 = LINE('',#5995,#5996);
#5995 = CARTESIAN_POINT('',(62.864145076827,39.85,107.68951405118));
#5996 = VECTOR('',#5997,1.);
#5997 = DIRECTION('',(0.982536898552,0.,-0.186067845108));
#5998 = PCURVE('',#342,#5999);
#5999 = DEFINITIONAL_REPRESENTATION('',(#6000),#6003);
#6000 = B_SPLINE_CURVE_WITH_KNOTS('',1,(#6001,#6002),.UNSPECIFIED.,.F.,
  .F.,(2,2),(-0.311315558887,-5.357895390201E-02),
  .PIECEWISE_BEZIER_KNOTS.);
#6001 = CARTESIAN_POINT('',(5.067439866375,0.588266053127));
#6002 = CARTESIAN_POINT('',(5.01948337168,0.841501777633));
#6003 = ( GEOMETRIC_REPRESENTATION_CONTEXT(2) 
PARAMETRIC_REPRESENTATION_CONTEXT() REPRESENTATION_CONTEXT('2D SPACE',''
  ) );
#6004 = PCURVE('',#6005,#6010);
#6005 = PLANE('',#6006);
#6006 = AXIS2_PLACEMENT_3D('',#6007,#6008,#6009);
#6007 = CARTESIAN_POINT('',(62.811501777633,39.75,107.69948337168));
#6008 = DIRECTION('',(0.186067845108,0.,0.982536898552));
#6009 = DIRECTION('',(-0.982536898552,0.,0.186067845108));
#6010 = DEFINITIONAL_REPRESENTATION('',(#6011),#6014);
#6011 = B_SPLINE_CURVE_WITH_KNOTS('',1,(#6012,#6013),.UNSPECIFIED.,.F.,
  .F.,(2,2),(-0.311315558887,-5.357895390201E-02),
  .PIECEWISE_BEZIER_KNOTS.);
#6012 = CARTESIAN_POINT('',(0.257736604985,-0.1));
#6013 = CARTESIAN_POINT('',(0.,-0.1));
#6014 = ( GEOMETRIC_REPRESENTATION_CONTEXT(2) 
PARAMETRIC_REPRESENTATION_CONTEXT() REPRESENTATION_CONTEXT('2D SPACE',''
  ) );
#6015 = ORIENTED_EDGE('',*,*,#6016,.T.);
#6016 = EDGE_CURVE('',#5991,#6017,#6019,.T.);
#6017 = VERTEX_POINT('',#6018);
#6018 = CARTESIAN_POINT('',(62.859458272328,39.85,108.48338954428));
#6019 = SURFACE_CURVE('',#6020,(#6024,#6030),.PCURVE_S1.);
#6020 = LINE('',#6021,#6022);
#6021 = CARTESIAN_POINT('',(62.680946933718,39.85,105.56540854702));
#6022 = VECTOR('',#6023,1.);
#6023 = DIRECTION('',(6.106216263568E-02,-0.,0.998133965104));
#6024 = PCURVE('',#342,#6025);
#6025 = DEFINITIONAL_REPRESENTATION('',(#6026),#6029);
#6026 = B_SPLINE_CURVE_WITH_KNOTS('',1,(#6027,#6028),.UNSPECIFIED.,.F.,
  .F.,(2,2),(2.138064527672,2.92343623128),.PIECEWISE_BEZIER_KNOTS.);
#6027 = CARTESIAN_POINT('',(5.01948337168,0.841501777633));
#6028 = CARTESIAN_POINT('',(5.803389544283,0.889458272328));
#6029 = ( GEOMETRIC_REPRESENTATION_CONTEXT(2) 
PARAMETRIC_REPRESENTATION_CONTEXT() REPRESENTATION_CONTEXT('2D SPACE',''
  ) );
#6030 = PCURVE('',#6031,#6036);
#6031 = PLANE('',#6032);
#6032 = AXIS2_PLACEMENT_3D('',#6033,#6034,#6035);
#6033 = CARTESIAN_POINT('',(62.859458272328,39.75,108.48338954428));
#6034 = DIRECTION('',(-0.998133965104,0.,6.106216263568E-02));
#6035 = DIRECTION('',(-6.106216263568E-02,0.,-0.998133965104));
#6036 = DEFINITIONAL_REPRESENTATION('',(#6037),#6040);
#6037 = B_SPLINE_CURVE_WITH_KNOTS('',1,(#6038,#6039),.UNSPECIFIED.,.F.,
  .F.,(2,2),(2.138064527672,2.92343623128),.PIECEWISE_BEZIER_KNOTS.);
#6038 = CARTESIAN_POINT('',(0.785371703608,-0.1));
#6039 = CARTESIAN_POINT('',(0.,-0.1));
#6040 = ( GEOMETRIC_REPRESENTATION_CONTEXT(2) 
PARAMETRIC_REPRESENTATION_CONTEXT() REPRESENTATION_CONTEXT('2D SPACE',''
  ) );
#6041 = ORIENTED_EDGE('',*,*,#6042,.T.);
#6042 = EDGE_CURVE('',#6017,#5729,#6043,.T.);
#6043 = SURFACE_CURVE('',#6044,(#6048,#6054),.PCURVE_S1.);
#6044 = LINE('',#6045,#6046);
#6045 = CARTESIAN_POINT('',(63.815363407183,39.85,105.6369150011));
#6046 = VECTOR('',#6047,1.);
#6047 = DIRECTION('',(0.318349155144,0.,-0.94797353097));
#6048 = PCURVE('',#342,#6049);
#6049 = DEFINITIONAL_REPRESENTATION('',(#6050),#6053);
#6050 = B_SPLINE_CURVE_WITH_KNOTS('',1,(#6051,#6052),.UNSPECIFIED.,.F.,
  .F.,(2,2),(-3.002694115594,-2.215607272761),.PIECEWISE_BEZIER_KNOTS.);
#6051 = CARTESIAN_POINT('',(5.803389544283,0.889458272328));
#6052 = CARTESIAN_POINT('',(5.057252050702,1.140026703769));
#6053 = ( GEOMETRIC_REPRESENTATION_CONTEXT(2) 
PARAMETRIC_REPRESENTATION_CONTEXT() REPRESENTATION_CONTEXT('2D SPACE',''
  ) );
#6054 = PCURVE('',#6055,#6060);
#6055 = PLANE('',#6056);
#6056 = AXIS2_PLACEMENT_3D('',#6057,#6058,#6059);
#6057 = CARTESIAN_POINT('',(63.110026703769,39.75,107.7372520507));
#6058 = DIRECTION('',(0.94797353097,0.,0.318349155144));
#6059 = DIRECTION('',(-0.318349155144,0.,0.94797353097));
#6060 = DEFINITIONAL_REPRESENTATION('',(#6061),#6064);
#6061 = B_SPLINE_CURVE_WITH_KNOTS('',1,(#6062,#6063),.UNSPECIFIED.,.F.,
  .F.,(2,2),(-3.002694115594,-2.215607272761),.PIECEWISE_BEZIER_KNOTS.);
#6062 = CARTESIAN_POINT('',(0.787086842833,-0.1));
#6063 = CARTESIAN_POINT('',(0.,-0.1));
#6064 = ( GEOMETRIC_REPRESENTATION_CONTEXT(2) 
PARAMETRIC_REPRESENTATION_CONTEXT() REPRESENTATION_CONTEXT('2D SPACE',''
  ) );
#6065 = ADVANCED_FACE('',(#6066),#368,.T.);
#6066 = FACE_BOUND('',#6067,.F.);
#6067 = EDGE_LOOP('',(#6068,#6069,#6070,#6090));
#6068 = ORIENTED_EDGE('',*,*,#354,.T.);
#6069 = ORIENTED_EDGE('',*,*,#433,.T.);
#6070 = ORIENTED_EDGE('',*,*,#6071,.F.);
#6071 = EDGE_CURVE('',#4947,#386,#6072,.T.);
#6072 = SURFACE_CURVE('',#6073,(#6078,#6084),.PCURVE_S1.);
#6073 = CIRCLE('',#6074,0.3);
#6074 = AXIS2_PLACEMENT_3D('',#6075,#6076,#6077);
#6075 = CARTESIAN_POINT('',(60.74,39.55,110.59061827989));
#6076 = DIRECTION('',(1.,0.,-6.123233995737E-17));
#6077 = DIRECTION('',(0.,1.,0.));
#6078 = PCURVE('',#368,#6079);
#6079 = DEFINITIONAL_REPRESENTATION('',(#6080),#6083);
#6080 = B_SPLINE_CURVE_WITH_KNOTS('',1,(#6081,#6082),.UNSPECIFIED.,.F.,
  .F.,(2,2),(0.,1.544616388015),.PIECEWISE_BEZIER_KNOTS.);
#6081 = CARTESIAN_POINT('',(0.,2.46));
#6082 = CARTESIAN_POINT('',(-1.544616388015,2.46));
#6083 = ( GEOMETRIC_REPRESENTATION_CONTEXT(2) 
PARAMETRIC_REPRESENTATION_CONTEXT() REPRESENTATION_CONTEXT('2D SPACE',''
  ) );
#6084 = PCURVE('',#4963,#6085);
#6085 = DEFINITIONAL_REPRESENTATION('',(#6086),#6089);
#6086 = B_SPLINE_CURVE_WITH_KNOTS('',1,(#6087,#6088),.UNSPECIFIED.,.F.,
  .F.,(2,2),(0.,1.544616388015),.PIECEWISE_BEZIER_KNOTS.);
#6087 = CARTESIAN_POINT('',(0.,1.570796326795));
#6088 = CARTESIAN_POINT('',(0.,3.11541271481));
#6089 = ( GEOMETRIC_REPRESENTATION_CONTEXT(2) 
PARAMETRIC_REPRESENTATION_CONTEXT() REPRESENTATION_CONTEXT('2D SPACE',''
  ) );
#6090 = ORIENTED_EDGE('',*,*,#4975,.F.);
#6091 = ADVANCED_FACE('',(#6092),#400,.F.);
#6092 = FACE_BOUND('',#6093,.F.);
#6093 = EDGE_LOOP('',(#6094,#6095,#6119,#6145));
#6094 = ORIENTED_EDGE('',*,*,#383,.F.);
#6095 = ORIENTED_EDGE('',*,*,#6096,.T.);
#6096 = EDGE_CURVE('',#384,#6097,#6099,.T.);
#6097 = VERTEX_POINT('',#6098);
#6098 = CARTESIAN_POINT('',(60.024082806804,38.657853084492,111.63));
#6099 = SURFACE_CURVE('',#6100,(#6105,#6112),.PCURVE_S1.);
#6100 = CIRCLE('',#6101,0.715917193196);
#6101 = AXIS2_PLACEMENT_3D('',#6102,#6103,#6104);
#6102 = CARTESIAN_POINT('',(60.74,38.657853084492,111.63));
#6103 = DIRECTION('',(0.,1.,0.));
#6104 = DIRECTION('',(-1.568431114825E-15,0.,-1.));
#6105 = PCURVE('',#400,#6106);
#6106 = DEFINITIONAL_REPRESENTATION('',(#6107),#6111);
#6107 = LINE('',#6108,#6109);
#6108 = CARTESIAN_POINT('',(4.712388980385,0.607853084492));
#6109 = VECTOR('',#6110,1.);
#6110 = DIRECTION('',(1.,0.));
#6111 = ( GEOMETRIC_REPRESENTATION_CONTEXT(2) 
PARAMETRIC_REPRESENTATION_CONTEXT() REPRESENTATION_CONTEXT('2D SPACE',''
  ) );
#6112 = PCURVE('',#767,#6113);
#6113 = DEFINITIONAL_REPRESENTATION('',(#6114),#6118);
#6114 = LINE('',#6115,#6116);
#6115 = CARTESIAN_POINT('',(0.,3.11541271481));
#6116 = VECTOR('',#6117,1.);
#6117 = DIRECTION('',(1.,0.));
#6118 = ( GEOMETRIC_REPRESENTATION_CONTEXT(2) 
PARAMETRIC_REPRESENTATION_CONTEXT() REPRESENTATION_CONTEXT('2D SPACE',''
  ) );
#6119 = ORIENTED_EDGE('',*,*,#6120,.T.);
#6120 = EDGE_CURVE('',#6097,#6121,#6123,.T.);
#6121 = VERTEX_POINT('',#6122);
#6122 = CARTESIAN_POINT('',(60.000515477392,39.557853084492,111.63));
#6123 = SURFACE_CURVE('',#6124,(#6128,#6134),.PCURVE_S1.);
#6124 = LINE('',#6125,#6126);
#6125 = CARTESIAN_POINT('',(60.04,38.05,111.63));
#6126 = VECTOR('',#6127,1.);
#6127 = DIRECTION('',(-2.617694830787E-02,0.999657324976,
    -6.293312884515E-17));
#6128 = PCURVE('',#400,#6129);
#6129 = DEFINITIONAL_REPRESENTATION('',(#6130),#6133);
#6130 = B_SPLINE_CURVE_WITH_KNOTS('',1,(#6131,#6132),.UNSPECIFIED.,.F.,
  .F.,(2,2),(0.,2.100719864231),.PIECEWISE_BEZIER_KNOTS.);
#6131 = CARTESIAN_POINT('',(6.28318530718,0.));
#6132 = CARTESIAN_POINT('',(6.28318530718,2.1));
#6133 = ( GEOMETRIC_REPRESENTATION_CONTEXT(2) 
PARAMETRIC_REPRESENTATION_CONTEXT() REPRESENTATION_CONTEXT('2D SPACE',''
  ) );
#6134 = PCURVE('',#6135,#6140);
#6135 = PLANE('',#6136);
#6136 = AXIS2_PLACEMENT_3D('',#6137,#6138,#6139);
#6137 = CARTESIAN_POINT('',(60.04,38.05,113.33));
#6138 = DIRECTION('',(0.999657324976,2.617694830787E-02,
    3.827256744054E-16));
#6139 = DIRECTION('',(-2.617694830787E-02,0.999657324976,
    -5.448637568553E-18));
#6140 = DEFINITIONAL_REPRESENTATION('',(#6141),#6144);
#6141 = B_SPLINE_CURVE_WITH_KNOTS('',1,(#6142,#6143),.UNSPECIFIED.,.F.,
  .F.,(2,2),(0.,2.100719864231),.PIECEWISE_BEZIER_KNOTS.);
#6142 = CARTESIAN_POINT('',(0.,-1.7));
#6143 = CARTESIAN_POINT('',(2.100719864231,-1.7));
#6144 = ( GEOMETRIC_REPRESENTATION_CONTEXT(2) 
PARAMETRIC_REPRESENTATION_CONTEXT() REPRESENTATION_CONTEXT('2D SPACE',''
  ) );
#6145 = ORIENTED_EDGE('',*,*,#6146,.F.);
#6146 = EDGE_CURVE('',#386,#6121,#6147,.T.);
#6147 = SURFACE_CURVE('',#6148,(#6153,#6160),.PCURVE_S1.);
#6148 = CIRCLE('',#6149,0.739484522608);
#6149 = AXIS2_PLACEMENT_3D('',#6150,#6151,#6152);
#6150 = CARTESIAN_POINT('',(60.74,39.557853084492,111.63));
#6151 = DIRECTION('',(0.,1.,0.));
#6152 = DIRECTION('',(-1.188779571674E-15,0.,-1.));
#6153 = PCURVE('',#400,#6154);
#6154 = DEFINITIONAL_REPRESENTATION('',(#6155),#6159);
#6155 = LINE('',#6156,#6157);
#6156 = CARTESIAN_POINT('',(4.712388980385,1.507853084492));
#6157 = VECTOR('',#6158,1.);
#6158 = DIRECTION('',(1.,0.));
#6159 = ( GEOMETRIC_REPRESENTATION_CONTEXT(2) 
PARAMETRIC_REPRESENTATION_CONTEXT() REPRESENTATION_CONTEXT('2D SPACE',''
  ) );
#6160 = PCURVE('',#4963,#6161);
#6161 = DEFINITIONAL_REPRESENTATION('',(#6162),#6166);
#6162 = LINE('',#6163,#6164);
#6163 = CARTESIAN_POINT('',(0.,3.11541271481));
#6164 = VECTOR('',#6165,1.);
#6165 = DIRECTION('',(1.,0.));
#6166 = ( GEOMETRIC_REPRESENTATION_CONTEXT(2) 
PARAMETRIC_REPRESENTATION_CONTEXT() REPRESENTATION_CONTEXT('2D SPACE',''
  ) );
#6167 = ADVANCED_FACE('',(#6168),#473,.T.);
#6168 = FACE_BOUND('',#6169,.T.);
#6169 = EDGE_LOOP('',(#6170,#6190,#6191,#6192));
#6170 = ORIENTED_EDGE('',*,*,#6171,.F.);
#6171 = EDGE_CURVE('',#564,#642,#6172,.T.);
#6172 = SURFACE_CURVE('',#6173,(#6178,#6184),.PCURVE_S1.);
#6173 = CIRCLE('',#6174,0.3);
#6174 = AXIS2_PLACEMENT_3D('',#6175,#6176,#6177);
#6175 = CARTESIAN_POINT('',(63.2,38.65,114.34581439068));
#6176 = DIRECTION('',(-1.,-1.925929944387E-34,6.123233995737E-17));
#6177 = DIRECTION('',(-6.121135716378E-17,2.617694830787E-02,
    -0.999657324976));
#6178 = PCURVE('',#473,#6179);
#6179 = DEFINITIONAL_REPRESENTATION('',(#6180),#6183);
#6180 = B_SPLINE_CURVE_WITH_KNOTS('',1,(#6181,#6182),.UNSPECIFIED.,.F.,
  .F.,(2,2),(0.,1.596976265575),.PIECEWISE_BEZIER_KNOTS.);
#6181 = CARTESIAN_POINT('',(0.,3.11541271481));
#6182 = CARTESIAN_POINT('',(0.,4.712388980385));
#6183 = ( GEOMETRIC_REPRESENTATION_CONTEXT(2) 
PARAMETRIC_REPRESENTATION_CONTEXT() REPRESENTATION_CONTEXT('2D SPACE',''
  ) );
#6184 = PCURVE('',#681,#6185);
#6185 = DEFINITIONAL_REPRESENTATION('',(#6186),#6189);
#6186 = B_SPLINE_CURVE_WITH_KNOTS('',1,(#6187,#6188),.UNSPECIFIED.,.F.,
  .F.,(2,2),(0.,1.596976265575),.PIECEWISE_BEZIER_KNOTS.);
#6187 = CARTESIAN_POINT('',(0.,2.46));
#6188 = CARTESIAN_POINT('',(-1.596976265575,2.46));
#6189 = ( GEOMETRIC_REPRESENTATION_CONTEXT(2) 
PARAMETRIC_REPRESENTATION_CONTEXT() REPRESENTATION_CONTEXT('2D SPACE',''
  ) );
#6190 = ORIENTED_EDGE('',*,*,#591,.T.);
#6191 = ORIENTED_EDGE('',*,*,#457,.T.);
#6192 = ORIENTED_EDGE('',*,*,#641,.F.);
#6193 = ADVANCED_FACE('',(#6194),#526,.T.);
#6194 = FACE_BOUND('',#6195,.T.);
#6195 = EDGE_LOOP('',(#6196,#6216,#6217,#6218));
#6196 = ORIENTED_EDGE('',*,*,#6197,.F.);
#6197 = EDGE_CURVE('',#4838,#566,#6198,.T.);
#6198 = SURFACE_CURVE('',#6199,(#6204,#6210),.PCURVE_S1.);
#6199 = CIRCLE('',#6200,0.3);
#6200 = AXIS2_PLACEMENT_3D('',#6201,#6202,#6203);
#6201 = CARTESIAN_POINT('',(63.2,39.55,114.3693817201));
#6202 = DIRECTION('',(-1.,0.,6.123233995737E-17));
#6203 = DIRECTION('',(0.,1.,0.));
#6204 = PCURVE('',#526,#6205);
#6205 = DEFINITIONAL_REPRESENTATION('',(#6206),#6209);
#6206 = B_SPLINE_CURVE_WITH_KNOTS('',1,(#6207,#6208),.UNSPECIFIED.,.F.,
  .F.,(2,2),(0.,1.544616388015),.PIECEWISE_BEZIER_KNOTS.);
#6207 = CARTESIAN_POINT('',(0.,1.570796326795));
#6208 = CARTESIAN_POINT('',(0.,3.11541271481));
#6209 = ( GEOMETRIC_REPRESENTATION_CONTEXT(2) 
PARAMETRIC_REPRESENTATION_CONTEXT() REPRESENTATION_CONTEXT('2D SPACE',''
  ) );
#6210 = PCURVE('',#4877,#6211);
#6211 = DEFINITIONAL_REPRESENTATION('',(#6212),#6215);
#6212 = B_SPLINE_CURVE_WITH_KNOTS('',1,(#6213,#6214),.UNSPECIFIED.,.F.,
  .F.,(2,2),(0.,1.544616388015),.PIECEWISE_BEZIER_KNOTS.);
#6213 = CARTESIAN_POINT('',(0.,2.46));
#6214 = CARTESIAN_POINT('',(-1.544616388015,2.46));
#6215 = ( GEOMETRIC_REPRESENTATION_CONTEXT(2) 
PARAMETRIC_REPRESENTATION_CONTEXT() REPRESENTATION_CONTEXT('2D SPACE',''
  ) );
#6216 = ORIENTED_EDGE('',*,*,#4837,.T.);
#6217 = ORIENTED_EDGE('',*,*,#510,.T.);
#6218 = ORIENTED_EDGE('',*,*,#614,.F.);
#6219 = ADVANCED_FACE('',(#6220),#580,.T.);
#6220 = FACE_BOUND('',#6221,.T.);
#6221 = EDGE_LOOP('',(#6222,#6223,#6246,#6272));
#6222 = ORIENTED_EDGE('',*,*,#563,.F.);
#6223 = ORIENTED_EDGE('',*,*,#6224,.F.);
#6224 = EDGE_CURVE('',#6225,#564,#6227,.T.);
#6225 = VERTEX_POINT('',#6226);
#6226 = CARTESIAN_POINT('',(60.74,38.657853084492,114.04591719319));
#6227 = SURFACE_CURVE('',#6228,(#6232,#6239),.PCURVE_S1.);
#6228 = LINE('',#6229,#6230);
#6229 = CARTESIAN_POINT('',(60.74,38.657853084492,114.04591719319));
#6230 = VECTOR('',#6231,1.);
#6231 = DIRECTION('',(1.,-0.,-6.123233995737E-17));
#6232 = PCURVE('',#580,#6233);
#6233 = DEFINITIONAL_REPRESENTATION('',(#6234),#6238);
#6234 = LINE('',#6235,#6236);
#6235 = CARTESIAN_POINT('',(0.608061451965,-2.46));
#6236 = VECTOR('',#6237,1.);
#6237 = DIRECTION('',(3.205751595668E-18,1.));
#6238 = ( GEOMETRIC_REPRESENTATION_CONTEXT(2) 
PARAMETRIC_REPRESENTATION_CONTEXT() REPRESENTATION_CONTEXT('2D SPACE',''
  ) );
#6239 = PCURVE('',#681,#6240);
#6240 = DEFINITIONAL_REPRESENTATION('',(#6241),#6245);
#6241 = LINE('',#6242,#6243);
#6242 = CARTESIAN_POINT('',(-0.,0.));
#6243 = VECTOR('',#6244,1.);
#6244 = DIRECTION('',(-0.,1.));
#6245 = ( GEOMETRIC_REPRESENTATION_CONTEXT(2) 
PARAMETRIC_REPRESENTATION_CONTEXT() REPRESENTATION_CONTEXT('2D SPACE',''
  ) );
#6246 = ORIENTED_EDGE('',*,*,#6247,.T.);
#6247 = EDGE_CURVE('',#6225,#6248,#6250,.T.);
#6248 = VERTEX_POINT('',#6249);
#6249 = CARTESIAN_POINT('',(60.74,39.557853084492,114.0694845226));
#6250 = SURFACE_CURVE('',#6251,(#6255,#6261),.PCURVE_S1.);
#6251 = LINE('',#6252,#6253);
#6252 = CARTESIAN_POINT('',(60.74,38.05,114.03));
#6253 = VECTOR('',#6254,1.);
#6254 = DIRECTION('',(6.99228744729E-17,0.999657324976,
    2.617694830787E-02));
#6255 = PCURVE('',#580,#6256);
#6256 = DEFINITIONAL_REPRESENTATION('',(#6257),#6260);
#6257 = B_SPLINE_CURVE_WITH_KNOTS('',1,(#6258,#6259),.UNSPECIFIED.,.F.,
  .F.,(2,2),(0.,2.100719864231),.PIECEWISE_BEZIER_KNOTS.);
#6258 = CARTESIAN_POINT('',(-1.080399013052E-20,-2.46));
#6259 = CARTESIAN_POINT('',(2.100719864231,-2.46));
#6260 = ( GEOMETRIC_REPRESENTATION_CONTEXT(2) 
PARAMETRIC_REPRESENTATION_CONTEXT() REPRESENTATION_CONTEXT('2D SPACE',''
  ) );
#6261 = PCURVE('',#6262,#6267);
#6262 = CONICAL_SURFACE('',#6263,0.7,2.617993877991E-02);
#6263 = AXIS2_PLACEMENT_3D('',#6264,#6265,#6266);
#6264 = CARTESIAN_POINT('',(60.74,38.05,113.33));
#6265 = DIRECTION('',(0.,1.,0.));
#6266 = DIRECTION('',(2.916091546136E-15,0.,1.));
#6267 = DEFINITIONAL_REPRESENTATION('',(#6268),#6271);
#6268 = B_SPLINE_CURVE_WITH_KNOTS('',1,(#6269,#6270),.UNSPECIFIED.,.F.,
  .F.,(2,2),(0.,2.100719864231),.PIECEWISE_BEZIER_KNOTS.);
#6269 = CARTESIAN_POINT('',(6.28318530718,0.));
#6270 = CARTESIAN_POINT('',(6.28318530718,2.1));
#6271 = ( GEOMETRIC_REPRESENTATION_CONTEXT(2) 
PARAMETRIC_REPRESENTATION_CONTEXT() REPRESENTATION_CONTEXT('2D SPACE',''
  ) );
#6272 = ORIENTED_EDGE('',*,*,#6273,.T.);
#6273 = EDGE_CURVE('',#6248,#566,#6274,.T.);
#6274 = SURFACE_CURVE('',#6275,(#6279,#6286),.PCURVE_S1.);
#6275 = LINE('',#6276,#6277);
#6276 = CARTESIAN_POINT('',(60.74,39.557853084492,114.0694845226));
#6277 = VECTOR('',#6278,1.);
#6278 = DIRECTION('',(1.,-0.,-6.123233995737E-17));
#6279 = PCURVE('',#580,#6280);
#6280 = DEFINITIONAL_REPRESENTATION('',(#6281),#6285);
#6281 = LINE('',#6282,#6283);
#6282 = CARTESIAN_POINT('',(1.508369965207,-2.46));
#6283 = VECTOR('',#6284,1.);
#6284 = DIRECTION('',(3.205751595668E-18,1.));
#6285 = ( GEOMETRIC_REPRESENTATION_CONTEXT(2) 
PARAMETRIC_REPRESENTATION_CONTEXT() REPRESENTATION_CONTEXT('2D SPACE',''
  ) );
#6286 = PCURVE('',#4877,#6287);
#6287 = DEFINITIONAL_REPRESENTATION('',(#6288),#6292);
#6288 = LINE('',#6289,#6290);
#6289 = CARTESIAN_POINT('',(-1.544616388015,0.));
#6290 = VECTOR('',#6291,1.);
#6291 = DIRECTION('',(-0.,1.));
#6292 = ( GEOMETRIC_REPRESENTATION_CONTEXT(2) 
PARAMETRIC_REPRESENTATION_CONTEXT() REPRESENTATION_CONTEXT('2D SPACE',''
  ) );
#6293 = ADVANCED_FACE('',(#6294),#767,.T.);
#6294 = FACE_BOUND('',#6295,.T.);
#6295 = EDGE_LOOP('',(#6296,#6297,#6298,#6318));
#6296 = ORIENTED_EDGE('',*,*,#1438,.F.);
#6297 = ORIENTED_EDGE('',*,*,#6096,.T.);
#6298 = ORIENTED_EDGE('',*,*,#6299,.T.);
#6299 = EDGE_CURVE('',#6097,#723,#6300,.T.);
#6300 = SURFACE_CURVE('',#6301,(#6306,#6312),.PCURVE_S1.);
#6301 = CIRCLE('',#6302,0.3);
#6302 = AXIS2_PLACEMENT_3D('',#6303,#6304,#6305);
#6303 = CARTESIAN_POINT('',(59.724185609311,38.65,111.63));
#6304 = DIRECTION('',(2.045514903933E-15,0.,-1.));
#6305 = DIRECTION('',(-1.,0.,-2.045514903933E-15));
#6306 = PCURVE('',#767,#6307);
#6307 = DEFINITIONAL_REPRESENTATION('',(#6308),#6311);
#6308 = B_SPLINE_CURVE_WITH_KNOTS('',1,(#6309,#6310),.UNSPECIFIED.,.F.,
  .F.,(2,2),(3.11541271481,4.712388980385),.PIECEWISE_BEZIER_KNOTS.);
#6309 = CARTESIAN_POINT('',(1.570796326795,3.11541271481));
#6310 = CARTESIAN_POINT('',(1.570796326795,4.712388980385));
#6311 = ( GEOMETRIC_REPRESENTATION_CONTEXT(2) 
PARAMETRIC_REPRESENTATION_CONTEXT() REPRESENTATION_CONTEXT('2D SPACE',''
  ) );
#6312 = PCURVE('',#738,#6313);
#6313 = DEFINITIONAL_REPRESENTATION('',(#6314),#6317);
#6314 = B_SPLINE_CURVE_WITH_KNOTS('',1,(#6315,#6316),.UNSPECIFIED.,.F.,
  .F.,(2,2),(3.11541271481,4.712388980385),.PIECEWISE_BEZIER_KNOTS.);
#6315 = CARTESIAN_POINT('',(0.,0.));
#6316 = CARTESIAN_POINT('',(-1.596976265575,0.));
#6317 = ( GEOMETRIC_REPRESENTATION_CONTEXT(2) 
PARAMETRIC_REPRESENTATION_CONTEXT() REPRESENTATION_CONTEXT('2D SPACE',''
  ) );
#6318 = ORIENTED_EDGE('',*,*,#750,.F.);
#6319 = ADVANCED_FACE('',(#6320),#681,.T.);
#6320 = FACE_BOUND('',#6321,.F.);
#6321 = EDGE_LOOP('',(#6322,#6342,#6343,#6344));
#6322 = ORIENTED_EDGE('',*,*,#6323,.T.);
#6323 = EDGE_CURVE('',#6225,#666,#6324,.T.);
#6324 = SURFACE_CURVE('',#6325,(#6330,#6336),.PCURVE_S1.);
#6325 = CIRCLE('',#6326,0.3);
#6326 = AXIS2_PLACEMENT_3D('',#6327,#6328,#6329);
#6327 = CARTESIAN_POINT('',(60.74,38.65,114.34581439068));
#6328 = DIRECTION('',(-1.,0.,9.381313542343E-17));
#6329 = DIRECTION('',(9.381313542343E-17,0.,1.));
#6330 = PCURVE('',#681,#6331);
#6331 = DEFINITIONAL_REPRESENTATION('',(#6332),#6335);
#6332 = B_SPLINE_CURVE_WITH_KNOTS('',1,(#6333,#6334),.UNSPECIFIED.,.F.,
  .F.,(2,2),(3.11541271481,4.712388980385),.PIECEWISE_BEZIER_KNOTS.);
#6333 = CARTESIAN_POINT('',(0.,0.));
#6334 = CARTESIAN_POINT('',(-1.596976265575,0.));
#6335 = ( GEOMETRIC_REPRESENTATION_CONTEXT(2) 
PARAMETRIC_REPRESENTATION_CONTEXT() REPRESENTATION_CONTEXT('2D SPACE',''
  ) );
#6336 = PCURVE('',#710,#6337);
#6337 = DEFINITIONAL_REPRESENTATION('',(#6338),#6341);
#6338 = B_SPLINE_CURVE_WITH_KNOTS('',1,(#6339,#6340),.UNSPECIFIED.,.F.,
  .F.,(2,2),(3.11541271481,4.712388980385),.PIECEWISE_BEZIER_KNOTS.);
#6339 = CARTESIAN_POINT('',(1.570796326795,3.11541271481));
#6340 = CARTESIAN_POINT('',(1.570796326795,4.712388980385));
#6341 = ( GEOMETRIC_REPRESENTATION_CONTEXT(2) 
PARAMETRIC_REPRESENTATION_CONTEXT() REPRESENTATION_CONTEXT('2D SPACE',''
  ) );
#6342 = ORIENTED_EDGE('',*,*,#665,.T.);
#6343 = ORIENTED_EDGE('',*,*,#6171,.F.);
#6344 = ORIENTED_EDGE('',*,*,#6224,.F.);
#6345 = ADVANCED_FACE('',(#6346),#738,.T.);
#6346 = FACE_BOUND('',#6347,.F.);
#6347 = EDGE_LOOP('',(#6348,#6349,#6350,#6372));
#6348 = ORIENTED_EDGE('',*,*,#6299,.T.);
#6349 = ORIENTED_EDGE('',*,*,#722,.T.);
#6350 = ORIENTED_EDGE('',*,*,#6351,.F.);
#6351 = EDGE_CURVE('',#6352,#694,#6354,.T.);
#6352 = VERTEX_POINT('',#6353);
#6353 = CARTESIAN_POINT('',(60.024082806804,38.657853084492,113.33));
#6354 = SURFACE_CURVE('',#6355,(#6360,#6366),.PCURVE_S1.);
#6355 = CIRCLE('',#6356,0.3);
#6356 = AXIS2_PLACEMENT_3D('',#6357,#6358,#6359);
#6357 = CARTESIAN_POINT('',(59.724185609311,38.65,113.33));
#6358 = DIRECTION('',(3.828568698927E-16,0.,-1.));
#6359 = DIRECTION('',(0.999657324976,2.617694830787E-02,
    3.827256744054E-16));
#6360 = PCURVE('',#738,#6361);
#6361 = DEFINITIONAL_REPRESENTATION('',(#6362),#6365);
#6362 = B_SPLINE_CURVE_WITH_KNOTS('',1,(#6363,#6364),.UNSPECIFIED.,.F.,
  .F.,(2,2),(0.,1.596976265575),.PIECEWISE_BEZIER_KNOTS.);
#6363 = CARTESIAN_POINT('',(0.,1.7));
#6364 = CARTESIAN_POINT('',(-1.596976265575,1.7));
#6365 = ( GEOMETRIC_REPRESENTATION_CONTEXT(2) 
PARAMETRIC_REPRESENTATION_CONTEXT() REPRESENTATION_CONTEXT('2D SPACE',''
  ) );
#6366 = PCURVE('',#710,#6367);
#6367 = DEFINITIONAL_REPRESENTATION('',(#6368),#6371);
#6368 = B_SPLINE_CURVE_WITH_KNOTS('',1,(#6369,#6370),.UNSPECIFIED.,.F.,
  .F.,(2,2),(0.,1.596976265575),.PIECEWISE_BEZIER_KNOTS.);
#6369 = CARTESIAN_POINT('',(0.,3.11541271481));
#6370 = CARTESIAN_POINT('',(0.,4.712388980385));
#6371 = ( GEOMETRIC_REPRESENTATION_CONTEXT(2) 
PARAMETRIC_REPRESENTATION_CONTEXT() REPRESENTATION_CONTEXT('2D SPACE',''
  ) );
#6372 = ORIENTED_EDGE('',*,*,#6373,.F.);
#6373 = EDGE_CURVE('',#6097,#6352,#6374,.T.);
#6374 = SURFACE_CURVE('',#6375,(#6379,#6386),.PCURVE_S1.);
#6375 = LINE('',#6376,#6377);
#6376 = CARTESIAN_POINT('',(60.024082806804,38.657853084492,111.63));
#6377 = VECTOR('',#6378,1.);
#6378 = DIRECTION('',(-3.828568698927E-16,-0.,1.));
#6379 = PCURVE('',#738,#6380);
#6380 = DEFINITIONAL_REPRESENTATION('',(#6381),#6385);
#6381 = LINE('',#6382,#6383);
#6382 = CARTESIAN_POINT('',(-0.,0.));
#6383 = VECTOR('',#6384,1.);
#6384 = DIRECTION('',(-0.,1.));
#6385 = ( GEOMETRIC_REPRESENTATION_CONTEXT(2) 
PARAMETRIC_REPRESENTATION_CONTEXT() REPRESENTATION_CONTEXT('2D SPACE',''
  ) );
#6386 = PCURVE('',#6135,#6387);
#6387 = DEFINITIONAL_REPRESENTATION('',(#6388),#6392);
#6388 = LINE('',#6389,#6390);
#6389 = CARTESIAN_POINT('',(0.608061451965,-1.7));
#6390 = VECTOR('',#6391,1.);
#6391 = DIRECTION('',(4.573386923942E-18,1.));
#6392 = ( GEOMETRIC_REPRESENTATION_CONTEXT(2) 
PARAMETRIC_REPRESENTATION_CONTEXT() REPRESENTATION_CONTEXT('2D SPACE',''
  ) );
#6393 = ADVANCED_FACE('',(#6394),#710,.T.);
#6394 = FACE_BOUND('',#6395,.T.);
#6395 = EDGE_LOOP('',(#6396,#6397,#6419,#6420));
#6396 = ORIENTED_EDGE('',*,*,#6351,.F.);
#6397 = ORIENTED_EDGE('',*,*,#6398,.T.);
#6398 = EDGE_CURVE('',#6352,#6225,#6399,.T.);
#6399 = SURFACE_CURVE('',#6400,(#6405,#6412),.PCURVE_S1.);
#6400 = CIRCLE('',#6401,0.715917193196);
#6401 = AXIS2_PLACEMENT_3D('',#6402,#6403,#6404);
#6402 = CARTESIAN_POINT('',(60.74,38.657853084492,113.33));
#6403 = DIRECTION('',(0.,1.,0.));
#6404 = DIRECTION('',(-1.,0.,-2.50948978372E-15));
#6405 = PCURVE('',#710,#6406);
#6406 = DEFINITIONAL_REPRESENTATION('',(#6407),#6411);
#6407 = LINE('',#6408,#6409);
#6408 = CARTESIAN_POINT('',(0.,3.11541271481));
#6409 = VECTOR('',#6410,1.);
#6410 = DIRECTION('',(1.,0.));
#6411 = ( GEOMETRIC_REPRESENTATION_CONTEXT(2) 
PARAMETRIC_REPRESENTATION_CONTEXT() REPRESENTATION_CONTEXT('2D SPACE',''
  ) );
#6412 = PCURVE('',#6262,#6413);
#6413 = DEFINITIONAL_REPRESENTATION('',(#6414),#6418);
#6414 = LINE('',#6415,#6416);
#6415 = CARTESIAN_POINT('',(4.712388980385,0.607853084492));
#6416 = VECTOR('',#6417,1.);
#6417 = DIRECTION('',(1.,0.));
#6418 = ( GEOMETRIC_REPRESENTATION_CONTEXT(2) 
PARAMETRIC_REPRESENTATION_CONTEXT() REPRESENTATION_CONTEXT('2D SPACE',''
  ) );
#6419 = ORIENTED_EDGE('',*,*,#6323,.T.);
#6420 = ORIENTED_EDGE('',*,*,#693,.F.);
#6421 = ADVANCED_FACE('',(#6422),#820,.T.);
#6422 = FACE_BOUND('',#6423,.T.);
#6423 = EDGE_LOOP('',(#6424,#6452,#6453,#6475));
#6424 = ORIENTED_EDGE('',*,*,#6425,.T.);
#6425 = EDGE_CURVE('',#6426,#803,#6428,.T.);
#6426 = VERTEX_POINT('',#6427);
#6427 = CARTESIAN_POINT('',(54.675862527511,38.503926542246,
    105.41757557273));
#6428 = SURFACE_CURVE('',#6429,(#6434,#6440),.PCURVE_S1.);
#6429 = CIRCLE('',#6430,0.15);
#6430 = AXIS2_PLACEMENT_3D('',#6431,#6432,#6433);
#6431 = CARTESIAN_POINT('',(54.809311745553,38.5,105.34919510425));
#6432 = DIRECTION('',(0.456026058632,0.,0.889966422877));
#6433 = DIRECTION('',(-0.889661453611,2.617694830787E-02,0.455869789891)
  );
#6434 = PCURVE('',#820,#6435);
#6435 = DEFINITIONAL_REPRESENTATION('',(#6436),#6439);
#6436 = B_SPLINE_CURVE_WITH_KNOTS('',1,(#6437,#6438),.UNSPECIFIED.,.F.,
  .F.,(2,2),(0.,1.596976265575),.PIECEWISE_BEZIER_KNOTS.);
#6437 = CARTESIAN_POINT('',(0.,-1.561251128379E-16));
#6438 = CARTESIAN_POINT('',(1.596976265575,-1.561251128379E-16));
#6439 = ( GEOMETRIC_REPRESENTATION_CONTEXT(2) 
PARAMETRIC_REPRESENTATION_CONTEXT() REPRESENTATION_CONTEXT('2D SPACE',''
  ) );
#6440 = PCURVE('',#921,#6441);
#6441 = DEFINITIONAL_REPRESENTATION('',(#6442),#6451);
#6442 = B_SPLINE_CURVE_WITH_KNOTS('',7,(#6443,#6444,#6445,#6446,#6447,
    #6448,#6449,#6450),.UNSPECIFIED.,.F.,.F.,(8,8),(0.,1.596976265575),
  .PIECEWISE_BEZIER_KNOTS.);
#6443 = CARTESIAN_POINT('',(0.,97.009153574369));
#6444 = CARTESIAN_POINT('',(5.33909022177,97.009153574369));
#6445 = CARTESIAN_POINT('',(10.078736340178,97.009153574368));
#6446 = CARTESIAN_POINT('',(14.566045861485,97.009153574372));
#6447 = CARTESIAN_POINT('',(18.960820493269,97.009153574366));
#6448 = CARTESIAN_POINT('',(23.448130014532,97.009153574371));
#6449 = CARTESIAN_POINT('',(28.187776132974,97.009153574369));
#6450 = CARTESIAN_POINT('',(33.526866354744,97.009153574369));
#6451 = ( GEOMETRIC_REPRESENTATION_CONTEXT(2) 
PARAMETRIC_REPRESENTATION_CONTEXT() REPRESENTATION_CONTEXT('2D SPACE',''
  ) );
#6452 = ORIENTED_EDGE('',*,*,#802,.T.);
#6453 = ORIENTED_EDGE('',*,*,#6454,.F.);
#6454 = EDGE_CURVE('',#6455,#805,#6457,.T.);
#6455 = VERTEX_POINT('',#6456);
#6456 = CARTESIAN_POINT('',(60.905627487651,38.503926542246,
    117.57539316231));
#6457 = SURFACE_CURVE('',#6458,(#6463,#6469),.PCURVE_S1.);
#6458 = CIRCLE('',#6459,0.15);
#6459 = AXIS2_PLACEMENT_3D('',#6460,#6461,#6462);
#6460 = CARTESIAN_POINT('',(61.039076705692,38.5,117.50701269382));
#6461 = DIRECTION('',(0.456026058632,0.,0.889966422877));
#6462 = DIRECTION('',(-0.889661453611,2.617694830787E-02,0.455869789891)
  );
#6463 = PCURVE('',#820,#6464);
#6464 = DEFINITIONAL_REPRESENTATION('',(#6465),#6468);
#6465 = B_SPLINE_CURVE_WITH_KNOTS('',1,(#6466,#6467),.UNSPECIFIED.,.F.,
  .F.,(2,2),(0.,1.596976265575),.PIECEWISE_BEZIER_KNOTS.);
#6466 = CARTESIAN_POINT('',(0.,13.660984591163));
#6467 = CARTESIAN_POINT('',(1.596976265575,13.660984591163));
#6468 = ( GEOMETRIC_REPRESENTATION_CONTEXT(2) 
PARAMETRIC_REPRESENTATION_CONTEXT() REPRESENTATION_CONTEXT('2D SPACE',''
  ) );
#6469 = PCURVE('',#849,#6470);
#6470 = DEFINITIONAL_REPRESENTATION('',(#6471),#6474);
#6471 = B_SPLINE_CURVE_WITH_KNOTS('',1,(#6472,#6473),.UNSPECIFIED.,.F.,
  .F.,(2,2),(0.,1.596976265575),.PIECEWISE_BEZIER_KNOTS.);
#6472 = CARTESIAN_POINT('',(1.485286329525E-15,6.2570053684));
#6473 = CARTESIAN_POINT('',(1.485286329525E-15,7.853981633974));
#6474 = ( GEOMETRIC_REPRESENTATION_CONTEXT(2) 
PARAMETRIC_REPRESENTATION_CONTEXT() REPRESENTATION_CONTEXT('2D SPACE',''
  ) );
#6475 = ORIENTED_EDGE('',*,*,#6476,.F.);
#6476 = EDGE_CURVE('',#6426,#6455,#6477,.T.);
#6477 = SURFACE_CURVE('',#6478,(#6482,#6489),.PCURVE_S1.);
#6478 = LINE('',#6479,#6480);
#6479 = CARTESIAN_POINT('',(54.675862527511,38.503926542246,
    105.41757557273));
#6480 = VECTOR('',#6481,1.);
#6481 = DIRECTION('',(0.456026058632,0.,0.889966422877));
#6482 = PCURVE('',#820,#6483);
#6483 = DEFINITIONAL_REPRESENTATION('',(#6484),#6488);
#6484 = LINE('',#6485,#6486);
#6485 = CARTESIAN_POINT('',(0.,0.));
#6486 = VECTOR('',#6487,1.);
#6487 = DIRECTION('',(0.,1.));
#6488 = ( GEOMETRIC_REPRESENTATION_CONTEXT(2) 
PARAMETRIC_REPRESENTATION_CONTEXT() REPRESENTATION_CONTEXT('2D SPACE',''
  ) );
#6489 = PCURVE('',#6490,#6495);
#6490 = PLANE('',#6491);
#6491 = AXIS2_PLACEMENT_3D('',#6492,#6493,#6494);
#6492 = CARTESIAN_POINT('',(54.672275332408,38.35,105.41941368078));
#6493 = DIRECTION('',(0.889661453611,-2.617694830787E-02,-0.455869789891
    ));
#6494 = DIRECTION('',(2.32966050474E-02,0.999657324976,
    -1.193737056385E-02));
#6495 = DEFINITIONAL_REPRESENTATION('',(#6496),#6500);
#6496 = LINE('',#6497,#6498);
#6497 = CARTESIAN_POINT('',(0.153979307109,0.));
#6498 = VECTOR('',#6499,1.);
#6499 = DIRECTION('',(1.734723475977E-18,1.));
#6500 = ( GEOMETRIC_REPRESENTATION_CONTEXT(2) 
PARAMETRIC_REPRESENTATION_CONTEXT() REPRESENTATION_CONTEXT('2D SPACE',''
  ) );
#6501 = ADVANCED_FACE('',(#6502),#849,.T.);
#6502 = FACE_BOUND('',#6503,.F.);
#6503 = EDGE_LOOP('',(#6504,#6505,#6534,#6554));
#6504 = ORIENTED_EDGE('',*,*,#6454,.F.);
#6505 = ORIENTED_EDGE('',*,*,#6506,.T.);
#6506 = EDGE_CURVE('',#6455,#6507,#6509,.T.);
#6507 = VERTEX_POINT('',#6508);
#6508 = CARTESIAN_POINT('',(63.034372512349,38.503926542246,
    117.57539316231));
#6509 = SURFACE_CURVE('',#6510,(#6515,#6522),.PCURVE_S1.);
#6510 = CIRCLE('',#6511,1.195969291637);
#6511 = AXIS2_PLACEMENT_3D('',#6512,#6513,#6514);
#6512 = CARTESIAN_POINT('',(61.97,38.503926542246,117.03));
#6513 = DIRECTION('',(0.,1.,-0.));
#6514 = DIRECTION('',(-0.889966422877,0.,0.456026058632));
#6515 = PCURVE('',#849,#6516);
#6516 = DEFINITIONAL_REPRESENTATION('',(#6517),#6521);
#6517 = LINE('',#6518,#6519);
#6518 = CARTESIAN_POINT('',(-0.,6.2570053684));
#6519 = VECTOR('',#6520,1.);
#6520 = DIRECTION('',(-1.,0.));
#6521 = ( GEOMETRIC_REPRESENTATION_CONTEXT(2) 
PARAMETRIC_REPRESENTATION_CONTEXT() REPRESENTATION_CONTEXT('2D SPACE',''
  ) );
#6522 = PCURVE('',#6523,#6528);
#6523 = CONICAL_SURFACE('',#6524,1.2,2.617993877991E-02);
#6524 = AXIS2_PLACEMENT_3D('',#6525,#6526,#6527);
#6525 = CARTESIAN_POINT('',(61.97,38.35,117.03));
#6526 = DIRECTION('',(0.,-1.,0.));
#6527 = DIRECTION('',(-0.889966422877,0.,0.456026058632));
#6528 = DEFINITIONAL_REPRESENTATION('',(#6529),#6533);
#6529 = LINE('',#6530,#6531);
#6530 = CARTESIAN_POINT('',(-1.485286329525E-15,-0.153926542246));
#6531 = VECTOR('',#6532,1.);
#6532 = DIRECTION('',(-1.,-0.));
#6533 = ( GEOMETRIC_REPRESENTATION_CONTEXT(2) 
PARAMETRIC_REPRESENTATION_CONTEXT() REPRESENTATION_CONTEXT('2D SPACE',''
  ) );
#6534 = ORIENTED_EDGE('',*,*,#6535,.T.);
#6535 = EDGE_CURVE('',#6507,#833,#6536,.T.);
#6536 = SURFACE_CURVE('',#6537,(#6542,#6548),.PCURVE_S1.);
#6537 = CIRCLE('',#6538,0.15);
#6538 = AXIS2_PLACEMENT_3D('',#6539,#6540,#6541);
#6539 = CARTESIAN_POINT('',(62.900923294308,38.5,117.50701269382));
#6540 = DIRECTION('',(0.456026058632,0.,-0.889966422877));
#6541 = DIRECTION('',(0.889966422877,0.,0.456026058632));
#6542 = PCURVE('',#849,#6543);
#6543 = DEFINITIONAL_REPRESENTATION('',(#6544),#6547);
#6544 = B_SPLINE_CURVE_WITH_KNOTS('',1,(#6545,#6546),.UNSPECIFIED.,.F.,
  .F.,(2,2),(6.2570053684,7.853981633974),.PIECEWISE_BEZIER_KNOTS.);
#6545 = CARTESIAN_POINT('',(-2.194543068796,6.2570053684));
#6546 = CARTESIAN_POINT('',(-2.194543068796,7.853981633974));
#6547 = ( GEOMETRIC_REPRESENTATION_CONTEXT(2) 
PARAMETRIC_REPRESENTATION_CONTEXT() REPRESENTATION_CONTEXT('2D SPACE',''
  ) );
#6548 = PCURVE('',#877,#6549);
#6549 = DEFINITIONAL_REPRESENTATION('',(#6550),#6553);
#6550 = B_SPLINE_CURVE_WITH_KNOTS('',1,(#6551,#6552),.UNSPECIFIED.,.F.,
  .F.,(2,2),(6.2570053684,7.853981633974),.PIECEWISE_BEZIER_KNOTS.);
#6551 = CARTESIAN_POINT('',(0.,-6.357761539455E-16));
#6552 = CARTESIAN_POINT('',(1.596976265575,-6.357761539455E-16));
#6553 = ( GEOMETRIC_REPRESENTATION_CONTEXT(2) 
PARAMETRIC_REPRESENTATION_CONTEXT() REPRESENTATION_CONTEXT('2D SPACE',''
  ) );
#6554 = ORIENTED_EDGE('',*,*,#832,.F.);
#6555 = ADVANCED_FACE('',(#6556),#877,.T.);
#6556 = FACE_BOUND('',#6557,.T.);
#6557 = EDGE_LOOP('',(#6558,#6559,#6560,#6588));
#6558 = ORIENTED_EDGE('',*,*,#6535,.T.);
#6559 = ORIENTED_EDGE('',*,*,#861,.T.);
#6560 = ORIENTED_EDGE('',*,*,#6561,.F.);
#6561 = EDGE_CURVE('',#6562,#862,#6564,.T.);
#6562 = VERTEX_POINT('',#6563);
#6563 = CARTESIAN_POINT('',(69.264137472489,38.503926542246,
    105.41757557273));
#6564 = SURFACE_CURVE('',#6565,(#6570,#6576),.PCURVE_S1.);
#6565 = CIRCLE('',#6566,0.15);
#6566 = AXIS2_PLACEMENT_3D('',#6567,#6568,#6569);
#6567 = CARTESIAN_POINT('',(69.130688254447,38.5,105.34919510425));
#6568 = DIRECTION('',(0.456026058632,1.734723475977E-18,-0.889966422877)
  );
#6569 = DIRECTION('',(0.889661453611,2.617694830787E-02,0.455869789891)
  );
#6570 = PCURVE('',#877,#6571);
#6571 = DEFINITIONAL_REPRESENTATION('',(#6572),#6575);
#6572 = B_SPLINE_CURVE_WITH_KNOTS('',1,(#6573,#6574),.UNSPECIFIED.,.F.,
  .F.,(2,2),(0.,1.596976265575),.PIECEWISE_BEZIER_KNOTS.);
#6573 = CARTESIAN_POINT('',(0.,13.660984591163));
#6574 = CARTESIAN_POINT('',(1.596976265575,13.660984591163));
#6575 = ( GEOMETRIC_REPRESENTATION_CONTEXT(2) 
PARAMETRIC_REPRESENTATION_CONTEXT() REPRESENTATION_CONTEXT('2D SPACE',''
  ) );
#6576 = PCURVE('',#921,#6577);
#6577 = DEFINITIONAL_REPRESENTATION('',(#6578),#6587);
#6578 = B_SPLINE_CURVE_WITH_KNOTS('',7,(#6579,#6580,#6581,#6582,#6583,
    #6584,#6585,#6586),.UNSPECIFIED.,.F.,.F.,(8,8),(0.,1.596976265575),
  .PIECEWISE_BEZIER_KNOTS.);
#6579 = CARTESIAN_POINT('',(0.,63.482287219626));
#6580 = CARTESIAN_POINT('',(5.33909022177,63.482287219626));
#6581 = CARTESIAN_POINT('',(10.078736340175,63.482287219625));
#6582 = CARTESIAN_POINT('',(14.566045861514,63.482287219627));
#6583 = CARTESIAN_POINT('',(18.960820493229,63.482287219624));
#6584 = CARTESIAN_POINT('',(23.448130014569,63.482287219627));
#6585 = CARTESIAN_POINT('',(28.187776132974,63.482287219625));
#6586 = CARTESIAN_POINT('',(33.526866354744,63.482287219626));
#6587 = ( GEOMETRIC_REPRESENTATION_CONTEXT(2) 
PARAMETRIC_REPRESENTATION_CONTEXT() REPRESENTATION_CONTEXT('2D SPACE',''
  ) );
#6588 = ORIENTED_EDGE('',*,*,#6589,.F.);
#6589 = EDGE_CURVE('',#6507,#6562,#6590,.T.);
#6590 = SURFACE_CURVE('',#6591,(#6595,#6602),.PCURVE_S1.);
#6591 = LINE('',#6592,#6593);
#6592 = CARTESIAN_POINT('',(63.034372512349,38.503926542246,
    117.57539316231));
#6593 = VECTOR('',#6594,1.);
#6594 = DIRECTION('',(0.456026058632,0.,-0.889966422877));
#6595 = PCURVE('',#877,#6596);
#6596 = DEFINITIONAL_REPRESENTATION('',(#6597),#6601);
#6597 = LINE('',#6598,#6599);
#6598 = CARTESIAN_POINT('',(0.,0.));
#6599 = VECTOR('',#6600,1.);
#6600 = DIRECTION('',(0.,1.));
#6601 = ( GEOMETRIC_REPRESENTATION_CONTEXT(2) 
PARAMETRIC_REPRESENTATION_CONTEXT() REPRESENTATION_CONTEXT('2D SPACE',''
  ) );
#6602 = PCURVE('',#6603,#6608);
#6603 = PLANE('',#6604);
#6604 = AXIS2_PLACEMENT_3D('',#6605,#6606,#6607);
#6605 = CARTESIAN_POINT('',(63.037959707453,38.35,117.57723127035));
#6606 = DIRECTION('',(-0.889661453611,-2.617694830787E-02,
    -0.455869789891));
#6607 = DIRECTION('',(-2.32966050474E-02,0.999657324976,
    -1.193737056385E-02));
#6608 = DEFINITIONAL_REPRESENTATION('',(#6609),#6613);
#6609 = LINE('',#6610,#6611);
#6610 = CARTESIAN_POINT('',(0.153979307109,0.));
#6611 = VECTOR('',#6612,1.);
#6612 = DIRECTION('',(-1.734723475977E-18,1.));
#6613 = ( GEOMETRIC_REPRESENTATION_CONTEXT(2) 
PARAMETRIC_REPRESENTATION_CONTEXT() REPRESENTATION_CONTEXT('2D SPACE',''
  ) );
#6614 = ADVANCED_FACE('',(#6615),#921,.T.);
#6615 = FACE_BOUND('',#6616,.T.);
#6616 = EDGE_LOOP('',(#6617,#6618,#6619,#6620));
#6617 = ORIENTED_EDGE('',*,*,#6561,.T.);
#6618 = ORIENTED_EDGE('',*,*,#889,.T.);
#6619 = ORIENTED_EDGE('',*,*,#6425,.F.);
#6620 = ORIENTED_EDGE('',*,*,#6621,.F.);
#6621 = EDGE_CURVE('',#6562,#6426,#6622,.T.);
#6622 = SURFACE_CURVE('',#6623,(#6636,#6643),.PCURVE_S1.);
#6623 = ( BOUNDED_CURVE() B_SPLINE_CURVE(11,(#6624,#6625,#6626,#6627,
    #6628,#6629,#6630,#6631,#6632,#6633,#6634,#6635),.UNSPECIFIED.,.F.,
.F.) B_SPLINE_CURVE_WITH_KNOTS((12,12),(63.482287219626,97.009153574369)
,.PIECEWISE_BEZIER_KNOTS.) CURVE() GEOMETRIC_REPRESENTATION_ITEM() 
RATIONAL_B_SPLINE_CURVE((1.,1.,1.,1.000000000001,0.999999999998,
    1.000000000002,0.999999999998,1.000000000001,0.999999999999,1.,1.,1.
)) REPRESENTATION_ITEM('') );
#6624 = CARTESIAN_POINT('',(69.264137472489,38.503926542246,
    105.41757557273));
#6625 = CARTESIAN_POINT('',(70.651583945747,38.503926542246,
    102.70987773098));
#6626 = CARTESIAN_POINT('',(70.93700854971,38.503926542246,
    99.428623127826));
#6627 = CARTESIAN_POINT('',(69.849262420979,38.503926542246,
    96.078279737737));
#6628 = CARTESIAN_POINT('',(67.38792044218,38.503926542246,
    93.316199077733));
#6629 = CARTESIAN_POINT('',(63.920574592891,38.503926542246,
    91.724217051545));
#6630 = CARTESIAN_POINT('',(60.019425407103,38.503926542246,
    91.724217051536));
#6631 = CARTESIAN_POINT('',(56.552079557834,38.503926542246,
    93.316199077736));
#6632 = CARTESIAN_POINT('',(54.090737579009,38.503926542246,
    96.07827973774));
#6633 = CARTESIAN_POINT('',(53.002991450296,38.503926542246,
    99.428623127822));
#6634 = CARTESIAN_POINT('',(53.288416054252,38.503926542246,
    102.70987773098));
#6635 = CARTESIAN_POINT('',(54.675862527511,38.503926542246,
    105.41757557273));
#6636 = PCURVE('',#921,#6637);
#6637 = DEFINITIONAL_REPRESENTATION('',(#6638),#6642);
#6638 = LINE('',#6639,#6640);
#6639 = CARTESIAN_POINT('',(0.,0.));
#6640 = VECTOR('',#6641,1.);
#6641 = DIRECTION('',(0.,1.));
#6642 = ( GEOMETRIC_REPRESENTATION_CONTEXT(2) 
PARAMETRIC_REPRESENTATION_CONTEXT() REPRESENTATION_CONTEXT('2D SPACE',''
  ) );
#6643 = PCURVE('',#6644,#6649);
#6644 = CONICAL_SURFACE('',#6645,8.2,2.617993877991E-02);
#6645 = AXIS2_PLACEMENT_3D('',#6646,#6647,#6648);
#6646 = CARTESIAN_POINT('',(61.97,38.35,101.68));
#6647 = DIRECTION('',(0.,-1.,-0.));
#6648 = DIRECTION('',(0.889966422877,0.,0.456026058632));
#6649 = DEFINITIONAL_REPRESENTATION('',(#6650),#6667);
#6650 = B_SPLINE_CURVE_WITH_KNOTS('',8,(#6651,#6652,#6653,#6654,#6655,
    #6656,#6657,#6658,#6659,#6660,#6661,#6662,#6663,#6664,#6665,#6666),
  .UNSPECIFIED.,.F.,.F.,(9,7,9),(63.482287219626,80.245720396997,
    97.009153574369),.UNSPECIFIED.);
#6651 = CARTESIAN_POINT('',(-4.21309374226E-16,-0.153926542246));
#6652 = CARTESIAN_POINT('',(-0.255210746058,-0.153926542246));
#6653 = CARTESIAN_POINT('',(-0.510900733615,-0.153926542246));
#6654 = CARTESIAN_POINT('',(-0.766615068844,-0.153926542246));
#6655 = CARTESIAN_POINT('',(-1.022134554966,-0.153926542246));
#6656 = CARTESIAN_POINT('',(-1.277715655916,-0.153926542246));
#6657 = CARTESIAN_POINT('',(-1.533237503374,-0.153926542246));
#6658 = CARTESIAN_POINT('',(-1.788781015511,-0.153926542246));
#6659 = CARTESIAN_POINT('',(-2.299861222872,-0.153926542246));
#6660 = CARTESIAN_POINT('',(-2.555404735009,-0.153926542246));
#6661 = CARTESIAN_POINT('',(-2.810926582468,-0.153926542246));
#6662 = CARTESIAN_POINT('',(-3.066507683417,-0.153926542246));
#6663 = CARTESIAN_POINT('',(-3.32202716954,-0.153926542246));
#6664 = CARTESIAN_POINT('',(-3.577741504768,-0.153926542246));
#6665 = CARTESIAN_POINT('',(-3.833431492326,-0.153926542246));
#6666 = CARTESIAN_POINT('',(-4.088642238383,-0.153926542246));
#6667 = ( GEOMETRIC_REPRESENTATION_CONTEXT(2) 
PARAMETRIC_REPRESENTATION_CONTEXT() REPRESENTATION_CONTEXT('2D SPACE',''
  ) );
#6668 = ADVANCED_FACE('',(#6669),#986,.T.);
#6669 = FACE_BOUND('',#6670,.F.);
#6670 = EDGE_LOOP('',(#6671,#6702,#6727,#6728));
#6671 = ORIENTED_EDGE('',*,*,#6672,.F.);
#6672 = EDGE_CURVE('',#6673,#6675,#6677,.T.);
#6673 = VERTEX_POINT('',#6674);
#6674 = CARTESIAN_POINT('',(64.176859798713,35.4,104.44002728293));
#6675 = VERTEX_POINT('',#6676);
#6676 = CARTESIAN_POINT('',(64.176859798713,35.4,100.91997271706));
#6677 = SURFACE_CURVE('',#6678,(#6683,#6690),.PCURVE_S1.);
#6678 = CIRCLE('',#6679,2.822751531371);
#6679 = AXIS2_PLACEMENT_3D('',#6680,#6681,#6682);
#6680 = CARTESIAN_POINT('',(61.97,35.4,102.68));
#6681 = DIRECTION('',(0.,1.,0.));
#6682 = DIRECTION('',(0.781811567255,-0.,0.623514773928));
#6683 = PCURVE('',#986,#6684);
#6684 = DEFINITIONAL_REPRESENTATION('',(#6685),#6689);
#6685 = LINE('',#6686,#6687);
#6686 = CARTESIAN_POINT('',(5.609954940529,-2.95));
#6687 = VECTOR('',#6688,1.);
#6688 = DIRECTION('',(1.,-0.));
#6689 = ( GEOMETRIC_REPRESENTATION_CONTEXT(2) 
PARAMETRIC_REPRESENTATION_CONTEXT() REPRESENTATION_CONTEXT('2D SPACE',''
  ) );
#6690 = PCURVE('',#6691,#6696);
#6691 = PLANE('',#6692);
#6692 = AXIS2_PLACEMENT_3D('',#6693,#6694,#6695);
#6693 = CARTESIAN_POINT('',(61.97,35.4,102.68));
#6694 = DIRECTION('',(0.,1.,0.));
#6695 = DIRECTION('',(1.,0.,0.));
#6696 = DEFINITIONAL_REPRESENTATION('',(#6697),#6701);
#6697 = CIRCLE('',#6698,2.822751531371);
#6698 = AXIS2_PLACEMENT_2D('',#6699,#6700);
#6699 = CARTESIAN_POINT('',(0.,0.));
#6700 = DIRECTION('',(0.781811567255,-0.623514773928));
#6701 = ( GEOMETRIC_REPRESENTATION_CONTEXT(2) 
PARAMETRIC_REPRESENTATION_CONTEXT() REPRESENTATION_CONTEXT('2D SPACE',''
  ) );
#6702 = ORIENTED_EDGE('',*,*,#6703,.T.);
#6703 = EDGE_CURVE('',#6673,#968,#6704,.T.);
#6704 = SURFACE_CURVE('',#6705,(#6710,#6720),.PCURVE_S1.);
#6705 = PARABOLA('',#6706,4.108092253026E-02);
#6706 = AXIS2_PLACEMENT_3D('',#6707,#6708,#6709);
#6707 = CARTESIAN_POINT('',(63.079701503663,-12.4652856037,
    101.57029849633));
#6708 = DIRECTION('',(0.706864473353,2.617694830787E-02,-0.706864473353)
  );
#6709 = DIRECTION('',(-1.850989765927E-02,0.999657324976,
    1.850989765927E-02));
#6710 = PCURVE('',#986,#6711);
#6711 = DEFINITIONAL_REPRESENTATION('',(#6712),#6719);
#6712 = B_SPLINE_CURVE_WITH_KNOTS('',5,(#6713,#6714,#6715,#6716,#6717,
    #6718),.UNSPECIFIED.,.F.,.F.,(6,6),(2.805012755636,2.890158752642),
  .PIECEWISE_BEZIER_KNOTS.);
#6713 = CARTESIAN_POINT('',(5.609954940529,-2.95));
#6714 = CARTESIAN_POINT('',(5.603922103698,-2.368820829743));
#6715 = CARTESIAN_POINT('',(5.59792992401,-1.783231244615));
#6716 = CARTESIAN_POINT('',(5.591978082174,-1.193231244615));
#6717 = CARTESIAN_POINT('',(5.586066255188,-0.598820829743));
#6718 = CARTESIAN_POINT('',(5.580194117463,2.841385486464E-14));
#6719 = ( GEOMETRIC_REPRESENTATION_CONTEXT(2) 
PARAMETRIC_REPRESENTATION_CONTEXT() REPRESENTATION_CONTEXT('2D SPACE',''
  ) );
#6720 = PCURVE('',#1014,#6721);
#6721 = DEFINITIONAL_REPRESENTATION('',(#6722),#6726);
#6722 = B_SPLINE_CURVE_WITH_KNOTS('',2,(#6723,#6724,#6725),
  .UNSPECIFIED.,.F.,.F.,(3,3),(2.805012755636,2.890158752642),
  .PIECEWISE_BEZIER_KNOTS.);
#6723 = CARTESIAN_POINT('',(1.300445630238,2.805012755636));
#6724 = CARTESIAN_POINT('',(2.753891615518,2.847585754139));
#6725 = CARTESIAN_POINT('',(4.251456868086,2.890158752642));
#6726 = ( GEOMETRIC_REPRESENTATION_CONTEXT(2) 
PARAMETRIC_REPRESENTATION_CONTEXT() REPRESENTATION_CONTEXT('2D SPACE',''
  ) );
#6727 = ORIENTED_EDGE('',*,*,#967,.T.);
#6728 = ORIENTED_EDGE('',*,*,#6729,.T.);
#6729 = EDGE_CURVE('',#970,#6675,#6730,.T.);
#6730 = SURFACE_CURVE('',#6731,(#6736,#6746),.PCURVE_S1.);
#6731 = PARABOLA('',#6732,4.108092253026E-02);
#6732 = AXIS2_PLACEMENT_3D('',#6733,#6734,#6735);
#6733 = CARTESIAN_POINT('',(63.079701503663,-12.4652856037,
    103.78970150366));
#6734 = DIRECTION('',(0.706864473353,2.617694830787E-02,0.706864473353)
  );
#6735 = DIRECTION('',(-1.850989765927E-02,0.999657324976,
    -1.850989765927E-02));
#6736 = PCURVE('',#986,#6737);
#6737 = DEFINITIONAL_REPRESENTATION('',(#6738),#6745);
#6738 = B_SPLINE_CURVE_WITH_KNOTS('',5,(#6739,#6740,#6741,#6742,#6743,
    #6744),.UNSPECIFIED.,.F.,.F.,(6,6),(-2.890158752642,-2.805012755636)
  ,.PIECEWISE_BEZIER_KNOTS.);
#6739 = CARTESIAN_POINT('',(6.986176496896,4.976201399248E-14));
#6740 = CARTESIAN_POINT('',(6.980304359171,-0.598820829743));
#6741 = CARTESIAN_POINT('',(6.974392532185,-1.193231244615));
#6742 = CARTESIAN_POINT('',(6.968440690349,-1.783231244615));
#6743 = CARTESIAN_POINT('',(6.962448510661,-2.368820829743));
#6744 = CARTESIAN_POINT('',(6.956415673831,-2.95));
#6745 = ( GEOMETRIC_REPRESENTATION_CONTEXT(2) 
PARAMETRIC_REPRESENTATION_CONTEXT() REPRESENTATION_CONTEXT('2D SPACE',''
  ) );
#6746 = PCURVE('',#1073,#6747);
#6747 = DEFINITIONAL_REPRESENTATION('',(#6748),#6752);
#6748 = B_SPLINE_CURVE_WITH_KNOTS('',2,(#6749,#6750,#6751),
  .UNSPECIFIED.,.F.,.F.,(3,3),(-2.890158752642,-2.805012755636),
  .PIECEWISE_BEZIER_KNOTS.);
#6749 = CARTESIAN_POINT('',(4.251456868086,0.959841247358));
#6750 = CARTESIAN_POINT('',(2.753891615518,1.002414245861));
#6751 = CARTESIAN_POINT('',(1.300445630238,1.044987244364));
#6752 = ( GEOMETRIC_REPRESENTATION_CONTEXT(2) 
PARAMETRIC_REPRESENTATION_CONTEXT() REPRESENTATION_CONTEXT('2D SPACE',''
  ) );
#6753 = ADVANCED_FACE('',(#6754),#1014,.F.);
#6754 = FACE_BOUND('',#6755,.F.);
#6755 = EDGE_LOOP('',(#6756,#6783,#6784,#6785,#6806,#6838,#6864));
#6756 = ORIENTED_EDGE('',*,*,#6757,.T.);
#6757 = EDGE_CURVE('',#6758,#999,#6760,.T.);
#6758 = VERTEX_POINT('',#6759);
#6759 = CARTESIAN_POINT('',(63.819472658651,35.4,104.08264014287));
#6760 = SURFACE_CURVE('',#6761,(#6766,#6773),.PCURVE_S1.);
#6761 = HYPERBOLA('',#6762,4.757254814202,0.396989669662);
#6762 = AXIS2_PLACEMENT_3D('',#6763,#6764,#6765);
#6763 = CARTESIAN_POINT('',(61.675798859902,63.354774951019,
    102.97420114009));
#6764 = DIRECTION('',(0.706864473353,2.617694830787E-02,-0.706864473353)
  );
#6765 = DIRECTION('',(1.850989765927E-02,-0.999657324976,
    -1.850989765927E-02));
#6766 = PCURVE('',#1014,#6767);
#6767 = DEFINITIONAL_REPRESENTATION('',(#6768),#6772);
#6768 = ( BOUNDED_CURVE() B_SPLINE_CURVE(2,(#6769,#6770,#6771),
.UNSPECIFIED.,.F.,.F.) B_SPLINE_CURVE_WITH_KNOTS((3,3),(-2.457092273023,
-2.343717818352),.PIECEWISE_BEZIER_KNOTS.) CURVE() 
GEOMETRIC_REPRESENTATION_ITEM() RATIONAL_B_SPLINE_CURVE((1.,
1.001607151176,1.)) REPRESENTATION_ITEM('') );
#6769 = CARTESIAN_POINT('',(1.300445630238,2.299591015142));
#6770 = CARTESIAN_POINT('',(2.860889610536,2.167446844412));
#6771 = CARTESIAN_POINT('',(4.251456868086,2.049247529412));
#6772 = ( GEOMETRIC_REPRESENTATION_CONTEXT(2) 
PARAMETRIC_REPRESENTATION_CONTEXT() REPRESENTATION_CONTEXT('2D SPACE',''
  ) );
#6773 = PCURVE('',#1047,#6774);
#6774 = DEFINITIONAL_REPRESENTATION('',(#6775),#6782);
#6775 = B_SPLINE_CURVE_WITH_KNOTS('',5,(#6776,#6777,#6778,#6779,#6780,
    #6781),.UNSPECIFIED.,.F.,.F.,(6,6),(-2.457092273023,-2.343717818352)
  ,.PIECEWISE_BEZIER_KNOTS.);
#6776 = CARTESIAN_POINT('',(-5.634329811576,7.051453653916E-15));
#6777 = CARTESIAN_POINT('',(-5.630451767906,-0.624631915912));
#6778 = CARTESIAN_POINT('',(-5.626459597628,-1.231297625393));
#6779 = CARTESIAN_POINT('',(-5.62234872117,-1.820666189882));
#6780 = CARTESIAN_POINT('',(-5.618114278936,-2.393368232853));
#6781 = CARTESIAN_POINT('',(-5.613751097162,-2.95));
#6782 = ( GEOMETRIC_REPRESENTATION_CONTEXT(2) 
PARAMETRIC_REPRESENTATION_CONTEXT() REPRESENTATION_CONTEXT('2D SPACE',''
  ) );
#6783 = ORIENTED_EDGE('',*,*,#998,.T.);
#6784 = ORIENTED_EDGE('',*,*,#6703,.F.);
#6785 = ORIENTED_EDGE('',*,*,#6786,.T.);
#6786 = EDGE_CURVE('',#6673,#6787,#6789,.T.);
#6787 = VERTEX_POINT('',#6788);
#6788 = CARTESIAN_POINT('',(64.587175889871,35.4,104.85034337409));
#6789 = SURFACE_CURVE('',#6790,(#6794,#6800),.PCURVE_S1.);
#6790 = LINE('',#6791,#6792);
#6791 = CARTESIAN_POINT('',(62.193416257888,35.4,102.45658374211));
#6792 = VECTOR('',#6793,1.);
#6793 = DIRECTION('',(0.707106781187,-0.,0.707106781187));
#6794 = PCURVE('',#1014,#6795);
#6795 = DEFINITIONAL_REPRESENTATION('',(#6796),#6799);
#6796 = B_SPLINE_CURVE_WITH_KNOTS('',1,(#6797,#6798),.UNSPECIFIED.,.F.,
  .F.,(2,2),(3.469446951954E-18,3.85),.PIECEWISE_BEZIER_KNOTS.);
#6797 = CARTESIAN_POINT('',(1.300445630238,0.));
#6798 = CARTESIAN_POINT('',(1.300445630238,3.85));
#6799 = ( GEOMETRIC_REPRESENTATION_CONTEXT(2) 
PARAMETRIC_REPRESENTATION_CONTEXT() REPRESENTATION_CONTEXT('2D SPACE',''
  ) );
#6800 = PCURVE('',#6691,#6801);
#6801 = DEFINITIONAL_REPRESENTATION('',(#6802),#6805);
#6802 = B_SPLINE_CURVE_WITH_KNOTS('',1,(#6803,#6804),.UNSPECIFIED.,.F.,
  .F.,(2,2),(3.469446951954E-18,3.85),.PIECEWISE_BEZIER_KNOTS.);
#6803 = CARTESIAN_POINT('',(0.223416257888,0.223416257888));
#6804 = CARTESIAN_POINT('',(2.945777365456,-2.49894484968));
#6805 = ( GEOMETRIC_REPRESENTATION_CONTEXT(2) 
PARAMETRIC_REPRESENTATION_CONTEXT() REPRESENTATION_CONTEXT('2D SPACE',''
  ) );
#6806 = ORIENTED_EDGE('',*,*,#6807,.F.);
#6807 = EDGE_CURVE('',#6808,#6787,#6810,.T.);
#6808 = VERTEX_POINT('',#6809);
#6809 = CARTESIAN_POINT('',(64.15361555063,34.3,104.37604730088));
#6810 = SURFACE_CURVE('',#6811,(#6816,#6823),.PCURVE_S1.);
#6811 = HYPERBOLA('',#6812,0.816310624584,0.470650819272);
#6812 = AXIS2_PLACEMENT_3D('',#6813,#6814,#6815);
#6813 = CARTESIAN_POINT('',(62.30314321798,29.474015890172,
    102.34685678202));
#6814 = DIRECTION('',(0.706864473353,2.617694830787E-02,-0.706864473353)
  );
#6815 = DIRECTION('',(-1.850989765927E-02,0.999657324976,
    1.850989765927E-02));
#6816 = PCURVE('',#1014,#6817);
#6817 = DEFINITIONAL_REPRESENTATION('',(#6818),#6822);
#6818 = ( BOUNDED_CURVE() B_SPLINE_CURVE(2,(#6819,#6820,#6821),
.UNSPECIFIED.,.F.,.F.) B_SPLINE_CURVE_WITH_KNOTS((3,3),(2.463239088647,
2.671022353359),.PIECEWISE_BEZIER_KNOTS.) CURVE() 
GEOMETRIC_REPRESENTATION_ITEM() RATIONAL_B_SPLINE_CURVE((1.,
1.005401591509,1.)) REPRESENTATION_ITEM('') );
#6819 = CARTESIAN_POINT('',(0.200068558498,2.743335911024));
#6820 = CARTESIAN_POINT('',(0.692626807651,3.031473609711));
#6821 = CARTESIAN_POINT('',(1.300445630238,3.385287336612));
#6822 = ( GEOMETRIC_REPRESENTATION_CONTEXT(2) 
PARAMETRIC_REPRESENTATION_CONTEXT() REPRESENTATION_CONTEXT('2D SPACE',''
  ) );
#6823 = PCURVE('',#6824,#6829);
#6824 = CONICAL_SURFACE('',#6825,3.4,0.523598775598);
#6825 = AXIS2_PLACEMENT_3D('',#6826,#6827,#6828);
#6826 = CARTESIAN_POINT('',(61.97,35.4,102.68));
#6827 = DIRECTION('',(0.,1.,0.));
#6828 = DIRECTION('',(1.,-0.,0.));
#6829 = DEFINITIONAL_REPRESENTATION('',(#6830),#6837);
#6830 = B_SPLINE_CURVE_WITH_KNOTS('',5,(#6831,#6832,#6833,#6834,#6835,
    #6836),.UNSPECIFIED.,.F.,.F.,(6,6),(2.463239088647,2.671022353359),
  .PIECEWISE_BEZIER_KNOTS.);
#6831 = CARTESIAN_POINT('',(5.622804572232,-1.1));
#6832 = CARTESIAN_POINT('',(5.615730692982,-0.90233611247));
#6833 = CARTESIAN_POINT('',(5.60902177999,-0.694254413709));
#6834 = CARTESIAN_POINT('',(5.602653266947,-0.475043659375));
#6835 = CARTESIAN_POINT('',(5.596602881712,-0.243918016992));
#6836 = CARTESIAN_POINT('',(5.590850330902,0.));
#6837 = ( GEOMETRIC_REPRESENTATION_CONTEXT(2) 
PARAMETRIC_REPRESENTATION_CONTEXT() REPRESENTATION_CONTEXT('2D SPACE',''
  ) );
#6838 = ORIENTED_EDGE('',*,*,#6839,.T.);
#6839 = EDGE_CURVE('',#6808,#6840,#6842,.T.);
#6840 = VERTEX_POINT('',#6841);
#6841 = CARTESIAN_POINT('',(63.857505299665,34.3,104.07993704991));
#6842 = SURFACE_CURVE('',#6843,(#6847,#6853),.PCURVE_S1.);
#6843 = LINE('',#6844,#6845);
#6844 = CARTESIAN_POINT('',(62.213784124873,34.3,102.43621587512));
#6845 = VECTOR('',#6846,1.);
#6846 = DIRECTION('',(-0.707106781187,0.,-0.707106781187));
#6847 = PCURVE('',#1014,#6848);
#6848 = DEFINITIONAL_REPRESENTATION('',(#6849),#6852);
#6849 = B_SPLINE_CURVE_WITH_KNOTS('',1,(#6850,#6851),.UNSPECIFIED.,.F.,
  .F.,(2,2),(-3.565417057362,-3.946495907847E-17),
  .PIECEWISE_BEZIER_KNOTS.);
#6850 = CARTESIAN_POINT('',(0.200068558498,3.565417057362));
#6851 = CARTESIAN_POINT('',(0.200068558498,0.));
#6852 = ( GEOMETRIC_REPRESENTATION_CONTEXT(2) 
PARAMETRIC_REPRESENTATION_CONTEXT() REPRESENTATION_CONTEXT('2D SPACE',''
  ) );
#6853 = PCURVE('',#6854,#6859);
#6854 = PLANE('',#6855);
#6855 = AXIS2_PLACEMENT_3D('',#6856,#6857,#6858);
#6856 = CARTESIAN_POINT('',(61.97,34.3,102.68));
#6857 = DIRECTION('',(0.,1.,0.));
#6858 = DIRECTION('',(1.,0.,0.));
#6859 = DEFINITIONAL_REPRESENTATION('',(#6860),#6863);
#6860 = B_SPLINE_CURVE_WITH_KNOTS('',1,(#6861,#6862),.UNSPECIFIED.,.F.,
  .F.,(2,2),(-3.565417057362,-3.946495907847E-17),
  .PIECEWISE_BEZIER_KNOTS.);
#6861 = CARTESIAN_POINT('',(2.764914703891,-2.277346454146));
#6862 = CARTESIAN_POINT('',(0.243784124873,0.243784124873));
#6863 = ( GEOMETRIC_REPRESENTATION_CONTEXT(2) 
PARAMETRIC_REPRESENTATION_CONTEXT() REPRESENTATION_CONTEXT('2D SPACE',''
  ) );
#6864 = ORIENTED_EDGE('',*,*,#6865,.T.);
#6865 = EDGE_CURVE('',#6840,#6758,#6866,.T.);
#6866 = SURFACE_CURVE('',#6867,(#6872,#6879),.PCURVE_S1.);
#6867 = PARABOLA('',#6868,2.62454950594E-02);
#6868 = AXIS2_PLACEMENT_3D('',#6869,#6870,#6871);
#6869 = CARTESIAN_POINT('',(61.261041594542,85.754420050984,
    103.38895840545));
#6870 = DIRECTION('',(0.706864473353,2.617694830787E-02,-0.706864473353)
  );
#6871 = DIRECTION('',(1.850989765927E-02,-0.999657324976,
    -1.850989765927E-02));
#6872 = PCURVE('',#1014,#6873);
#6873 = DEFINITIONAL_REPRESENTATION('',(#6874),#6878);
#6874 = B_SPLINE_CURVE_WITH_KNOTS('',2,(#6875,#6876,#6877),
  .UNSPECIFIED.,.F.,.F.,(3,3),(-2.324572778151,-2.299591015142),
  .PIECEWISE_BEZIER_KNOTS.);
#6875 = CARTESIAN_POINT('',(0.200068558498,2.324572778151));
#6876 = CARTESIAN_POINT('',(0.753229454394,2.312081896646));
#6877 = CARTESIAN_POINT('',(1.300445630238,2.299591015142));
#6878 = ( GEOMETRIC_REPRESENTATION_CONTEXT(2) 
PARAMETRIC_REPRESENTATION_CONTEXT() REPRESENTATION_CONTEXT('2D SPACE',''
  ) );
#6879 = PCURVE('',#6880,#6885);
#6880 = CONICAL_SURFACE('',#6881,2.35,2.617993877991E-02);
#6881 = AXIS2_PLACEMENT_3D('',#6882,#6883,#6884);
#6882 = CARTESIAN_POINT('',(61.97,34.3,102.68));
#6883 = DIRECTION('',(-0.,-1.,-0.));
#6884 = DIRECTION('',(1.,0.,0.));
#6885 = DEFINITIONAL_REPRESENTATION('',(#6886),#6893);
#6886 = B_SPLINE_CURVE_WITH_KNOTS('',5,(#6887,#6888,#6889,#6890,#6891,
    #6892),.UNSPECIFIED.,.F.,.F.,(6,6),(-2.324572778151,-2.299591015142)
  ,.PIECEWISE_BEZIER_KNOTS.);
#6887 = CARTESIAN_POINT('',(-5.64502615565,3.551441335161E-14));
#6888 = CARTESIAN_POINT('',(-5.64290004816,-0.221188536589));
#6889 = CARTESIAN_POINT('',(-5.64076739042,-0.441782804884));
#6890 = CARTESIAN_POINT('',(-5.638628152081,-0.661782804883));
#6891 = CARTESIAN_POINT('',(-5.636482302666,-0.881188536589));
#6892 = CARTESIAN_POINT('',(-5.634329811576,-1.1));
#6893 = ( GEOMETRIC_REPRESENTATION_CONTEXT(2) 
PARAMETRIC_REPRESENTATION_CONTEXT() REPRESENTATION_CONTEXT('2D SPACE',''
  ) );
#6894 = ADVANCED_FACE('',(#6895),#1047,.F.);
#6895 = FACE_BOUND('',#6896,.F.);
#6896 = EDGE_LOOP('',(#6897,#6898,#6899,#6923));
#6897 = ORIENTED_EDGE('',*,*,#1026,.T.);
#6898 = ORIENTED_EDGE('',*,*,#6757,.F.);
#6899 = ORIENTED_EDGE('',*,*,#6900,.T.);
#6900 = EDGE_CURVE('',#6758,#6901,#6903,.T.);
#6901 = VERTEX_POINT('',#6902);
#6902 = CARTESIAN_POINT('',(63.819472658651,35.4,101.27735985712));
#6903 = SURFACE_CURVE('',#6904,(#6909,#6916),.PCURVE_S1.);
#6904 = CIRCLE('',#6905,2.321195486274);
#6905 = AXIS2_PLACEMENT_3D('',#6906,#6907,#6908);
#6906 = CARTESIAN_POINT('',(61.97,35.4,102.68));
#6907 = DIRECTION('',(0.,1.,0.));
#6908 = DIRECTION('',(0.796775915509,-0.,0.604274888164));
#6909 = PCURVE('',#1047,#6910);
#6910 = DEFINITIONAL_REPRESENTATION('',(#6911),#6915);
#6911 = LINE('',#6912,#6913);
#6912 = CARTESIAN_POINT('',(-5.634329811576,-0.));
#6913 = VECTOR('',#6914,1.);
#6914 = DIRECTION('',(-1.,-0.));
#6915 = ( GEOMETRIC_REPRESENTATION_CONTEXT(2) 
PARAMETRIC_REPRESENTATION_CONTEXT() REPRESENTATION_CONTEXT('2D SPACE',''
  ) );
#6916 = PCURVE('',#6880,#6917);
#6917 = DEFINITIONAL_REPRESENTATION('',(#6918),#6922);
#6918 = LINE('',#6919,#6920);
#6919 = CARTESIAN_POINT('',(-5.634329811576,-1.1));
#6920 = VECTOR('',#6921,1.);
#6921 = DIRECTION('',(-1.,-0.));
#6922 = ( GEOMETRIC_REPRESENTATION_CONTEXT(2) 
PARAMETRIC_REPRESENTATION_CONTEXT() REPRESENTATION_CONTEXT('2D SPACE',''
  ) );
#6923 = ORIENTED_EDGE('',*,*,#6924,.F.);
#6924 = EDGE_CURVE('',#1027,#6901,#6925,.T.);
#6925 = SURFACE_CURVE('',#6926,(#6931,#6941),.PCURVE_S1.);
#6926 = HYPERBOLA('',#6927,4.757254814202,0.396989669662);
#6927 = AXIS2_PLACEMENT_3D('',#6928,#6929,#6930);
#6928 = CARTESIAN_POINT('',(61.675798859902,63.354774951019,
    102.3857988599));
#6929 = DIRECTION('',(0.706864473353,2.617694830787E-02,0.706864473353)
  );
#6930 = DIRECTION('',(1.850989765927E-02,-0.999657324976,
    1.850989765927E-02));
#6931 = PCURVE('',#1047,#6932);
#6932 = DEFINITIONAL_REPRESENTATION('',(#6933),#6940);
#6933 = B_SPLINE_CURVE_WITH_KNOTS('',5,(#6934,#6935,#6936,#6937,#6938,
    #6939),.UNSPECIFIED.,.F.,.F.,(6,6),(2.343717818352,2.457092273023),
  .PIECEWISE_BEZIER_KNOTS.);
#6934 = CARTESIAN_POINT('',(-6.952619517197,-2.95));
#6935 = CARTESIAN_POINT('',(-6.948256335423,-2.393368232853));
#6936 = CARTESIAN_POINT('',(-6.944021893189,-1.820666189882));
#6937 = CARTESIAN_POINT('',(-6.939911016731,-1.231297625393));
#6938 = CARTESIAN_POINT('',(-6.935918846453,-0.624631915912));
#6939 = CARTESIAN_POINT('',(-6.932040802783,5.675864800038E-14));
#6940 = ( GEOMETRIC_REPRESENTATION_CONTEXT(2) 
PARAMETRIC_REPRESENTATION_CONTEXT() REPRESENTATION_CONTEXT('2D SPACE',''
  ) );
#6941 = PCURVE('',#1073,#6942);
#6942 = DEFINITIONAL_REPRESENTATION('',(#6943),#6947);
#6943 = ( BOUNDED_CURVE() B_SPLINE_CURVE(2,(#6944,#6945,#6946),
.UNSPECIFIED.,.F.,.F.) B_SPLINE_CURVE_WITH_KNOTS((3,3),(2.343717818352,
2.457092273023),.PIECEWISE_BEZIER_KNOTS.) CURVE() 
GEOMETRIC_REPRESENTATION_ITEM() RATIONAL_B_SPLINE_CURVE((1.,
1.001607151176,1.)) REPRESENTATION_ITEM('') );
#6944 = CARTESIAN_POINT('',(4.251456868086,1.800752470588));
#6945 = CARTESIAN_POINT('',(2.860889610536,1.682553155588));
#6946 = CARTESIAN_POINT('',(1.300445630238,1.550408984858));
#6947 = ( GEOMETRIC_REPRESENTATION_CONTEXT(2) 
PARAMETRIC_REPRESENTATION_CONTEXT() REPRESENTATION_CONTEXT('2D SPACE',''
  ) );
#6948 = ADVANCED_FACE('',(#6949),#1073,.F.);
#6949 = FACE_BOUND('',#6950,.F.);
#6950 = EDGE_LOOP('',(#6951,#6952,#6953,#6980,#7001,#7028,#7047));
#6951 = ORIENTED_EDGE('',*,*,#1059,.T.);
#6952 = ORIENTED_EDGE('',*,*,#6924,.T.);
#6953 = ORIENTED_EDGE('',*,*,#6954,.T.);
#6954 = EDGE_CURVE('',#6901,#6955,#6957,.T.);
#6955 = VERTEX_POINT('',#6956);
#6956 = CARTESIAN_POINT('',(63.857505299665,34.3,101.28006295008));
#6957 = SURFACE_CURVE('',#6958,(#6963,#6970),.PCURVE_S1.);
#6958 = PARABOLA('',#6959,2.62454950594E-02);
#6959 = AXIS2_PLACEMENT_3D('',#6960,#6961,#6962);
#6960 = CARTESIAN_POINT('',(61.261041594542,85.754420050984,
    101.97104159454));
#6961 = DIRECTION('',(0.706864473353,2.617694830787E-02,0.706864473353)
  );
#6962 = DIRECTION('',(1.850989765927E-02,-0.999657324976,
    1.850989765927E-02));
#6963 = PCURVE('',#1073,#6964);
#6964 = DEFINITIONAL_REPRESENTATION('',(#6965),#6969);
#6965 = B_SPLINE_CURVE_WITH_KNOTS('',2,(#6966,#6967,#6968),
  .UNSPECIFIED.,.F.,.F.,(3,3),(2.299591015142,2.324572778151),
  .PIECEWISE_BEZIER_KNOTS.);
#6966 = CARTESIAN_POINT('',(1.300445630238,1.550408984858));
#6967 = CARTESIAN_POINT('',(0.753229454394,1.537918103354));
#6968 = CARTESIAN_POINT('',(0.200068558498,1.525427221849));
#6969 = ( GEOMETRIC_REPRESENTATION_CONTEXT(2) 
PARAMETRIC_REPRESENTATION_CONTEXT() REPRESENTATION_CONTEXT('2D SPACE',''
  ) );
#6970 = PCURVE('',#6880,#6971);
#6971 = DEFINITIONAL_REPRESENTATION('',(#6972),#6979);
#6972 = B_SPLINE_CURVE_WITH_KNOTS('',5,(#6973,#6974,#6975,#6976,#6977,
    #6978),.UNSPECIFIED.,.F.,.F.,(6,6),(2.299591015142,2.324572778151),
  .PIECEWISE_BEZIER_KNOTS.);
#6973 = CARTESIAN_POINT('',(-6.932040802783,-1.1));
#6974 = CARTESIAN_POINT('',(-6.929888311693,-0.881188536589));
#6975 = CARTESIAN_POINT('',(-6.927742462278,-0.661782804883));
#6976 = CARTESIAN_POINT('',(-6.925603223939,-0.441782804883));
#6977 = CARTESIAN_POINT('',(-6.9234705662,-0.221188536589));
#6978 = CARTESIAN_POINT('',(-6.921344458709,1.349919576697E-13));
#6979 = ( GEOMETRIC_REPRESENTATION_CONTEXT(2) 
PARAMETRIC_REPRESENTATION_CONTEXT() REPRESENTATION_CONTEXT('2D SPACE',''
  ) );
#6980 = ORIENTED_EDGE('',*,*,#6981,.T.);
#6981 = EDGE_CURVE('',#6955,#6982,#6984,.T.);
#6982 = VERTEX_POINT('',#6983);
#6983 = CARTESIAN_POINT('',(64.15361555063,34.3,100.98395269911));
#6984 = SURFACE_CURVE('',#6985,(#6989,#6995),.PCURVE_S1.);
#6985 = LINE('',#6986,#6987);
#6986 = CARTESIAN_POINT('',(63.574964678657,34.3,101.56260357108));
#6987 = VECTOR('',#6988,1.);
#6988 = DIRECTION('',(0.707106781187,0.,-0.707106781187));
#6989 = PCURVE('',#1073,#6990);
#6990 = DEFINITIONAL_REPRESENTATION('',(#6991),#6994);
#6991 = B_SPLINE_CURVE_WITH_KNOTS('',1,(#6992,#6993),.UNSPECIFIED.,.F.,
  .F.,(2,2),(-1.925,1.640417057362),.PIECEWISE_BEZIER_KNOTS.);
#6992 = CARTESIAN_POINT('',(0.200068558498,3.85));
#6993 = CARTESIAN_POINT('',(0.200068558498,0.284582942638));
#6994 = ( GEOMETRIC_REPRESENTATION_CONTEXT(2) 
PARAMETRIC_REPRESENTATION_CONTEXT() REPRESENTATION_CONTEXT('2D SPACE',''
  ) );
#6995 = PCURVE('',#6854,#6996);
#6996 = DEFINITIONAL_REPRESENTATION('',(#6997),#7000);
#6997 = B_SPLINE_CURVE_WITH_KNOTS('',1,(#6998,#6999),.UNSPECIFIED.,.F.,
  .F.,(2,2),(-1.925,1.640417057362),.PIECEWISE_BEZIER_KNOTS.);
#6998 = CARTESIAN_POINT('',(0.243784124873,-0.243784124873));
#6999 = CARTESIAN_POINT('',(2.764914703891,2.277346454146));
#7000 = ( GEOMETRIC_REPRESENTATION_CONTEXT(2) 
PARAMETRIC_REPRESENTATION_CONTEXT() REPRESENTATION_CONTEXT('2D SPACE',''
  ) );
#7001 = ORIENTED_EDGE('',*,*,#7002,.F.);
#7002 = EDGE_CURVE('',#7003,#6982,#7005,.T.);
#7003 = VERTEX_POINT('',#7004);
#7004 = CARTESIAN_POINT('',(64.587175889871,35.4,100.5096566259));
#7005 = SURFACE_CURVE('',#7006,(#7011,#7018),.PCURVE_S1.);
#7006 = HYPERBOLA('',#7007,0.816310624584,0.470650819272);
#7007 = AXIS2_PLACEMENT_3D('',#7008,#7009,#7010);
#7008 = CARTESIAN_POINT('',(62.30314321798,29.474015890172,
    103.01314321798));
#7009 = DIRECTION('',(0.706864473353,2.617694830787E-02,0.706864473353)
  );
#7010 = DIRECTION('',(-1.850989765927E-02,0.999657324976,
    -1.850989765927E-02));
#7011 = PCURVE('',#1073,#7012);
#7012 = DEFINITIONAL_REPRESENTATION('',(#7013),#7017);
#7013 = ( BOUNDED_CURVE() B_SPLINE_CURVE(2,(#7014,#7015,#7016),
.UNSPECIFIED.,.F.,.F.) B_SPLINE_CURVE_WITH_KNOTS((3,3),(-2.671022353359,
-2.463239088647),.PIECEWISE_BEZIER_KNOTS.) CURVE() 
GEOMETRIC_REPRESENTATION_ITEM() RATIONAL_B_SPLINE_CURVE((1.,
1.005401591509,1.)) REPRESENTATION_ITEM('') );
#7014 = CARTESIAN_POINT('',(1.300445630238,0.464712663388));
#7015 = CARTESIAN_POINT('',(0.692626807651,0.818526390289));
#7016 = CARTESIAN_POINT('',(0.200068558498,1.106664088976));
#7017 = ( GEOMETRIC_REPRESENTATION_CONTEXT(2) 
PARAMETRIC_REPRESENTATION_CONTEXT() REPRESENTATION_CONTEXT('2D SPACE',''
  ) );
#7018 = PCURVE('',#6824,#7019);
#7019 = DEFINITIONAL_REPRESENTATION('',(#7020),#7027);
#7020 = B_SPLINE_CURVE_WITH_KNOTS('',5,(#7021,#7022,#7023,#7024,#7025,
    #7026),.UNSPECIFIED.,.F.,.F.,(6,6),(-2.671022353359,-2.463239088647)
  ,.PIECEWISE_BEZIER_KNOTS.);
#7021 = CARTESIAN_POINT('',(6.975520283457,5.768888059151E-16));
#7022 = CARTESIAN_POINT('',(6.969767732647,-0.243918016992));
#7023 = CARTESIAN_POINT('',(6.963717347412,-0.475043659375));
#7024 = CARTESIAN_POINT('',(6.957348834369,-0.694254413709));
#7025 = CARTESIAN_POINT('',(6.950639921377,-0.90233611247));
#7026 = CARTESIAN_POINT('',(6.943566042127,-1.1));
#7027 = ( GEOMETRIC_REPRESENTATION_CONTEXT(2) 
PARAMETRIC_REPRESENTATION_CONTEXT() REPRESENTATION_CONTEXT('2D SPACE',''
  ) );
#7028 = ORIENTED_EDGE('',*,*,#7029,.T.);
#7029 = EDGE_CURVE('',#7003,#6675,#7030,.T.);
#7030 = SURFACE_CURVE('',#7031,(#7035,#7041),.PCURVE_S1.);
#7031 = LINE('',#7032,#7033);
#7032 = CARTESIAN_POINT('',(63.554596811672,35.4,101.5422357041));
#7033 = VECTOR('',#7034,1.);
#7034 = DIRECTION('',(-0.707106781187,0.,0.707106781187));
#7035 = PCURVE('',#1073,#7036);
#7036 = DEFINITIONAL_REPRESENTATION('',(#7037),#7040);
#7037 = B_SPLINE_CURVE_WITH_KNOTS('',1,(#7038,#7039),.UNSPECIFIED.,.F.,
  .F.,(2,2),(-1.925,1.925),.PIECEWISE_BEZIER_KNOTS.);
#7038 = CARTESIAN_POINT('',(1.300445630238,0.));
#7039 = CARTESIAN_POINT('',(1.300445630238,3.85));
#7040 = ( GEOMETRIC_REPRESENTATION_CONTEXT(2) 
PARAMETRIC_REPRESENTATION_CONTEXT() REPRESENTATION_CONTEXT('2D SPACE',''
  ) );
#7041 = PCURVE('',#6691,#7042);
#7042 = DEFINITIONAL_REPRESENTATION('',(#7043),#7046);
#7043 = B_SPLINE_CURVE_WITH_KNOTS('',1,(#7044,#7045),.UNSPECIFIED.,.F.,
  .F.,(2,2),(-1.925,1.925),.PIECEWISE_BEZIER_KNOTS.);
#7044 = CARTESIAN_POINT('',(2.945777365456,2.49894484968));
#7045 = CARTESIAN_POINT('',(0.223416257888,-0.223416257888));
#7046 = ( GEOMETRIC_REPRESENTATION_CONTEXT(2) 
PARAMETRIC_REPRESENTATION_CONTEXT() REPRESENTATION_CONTEXT('2D SPACE',''
  ) );
#7047 = ORIENTED_EDGE('',*,*,#6729,.F.);
#7048 = ADVANCED_FACE('',(#7049),#1106,.T.);
#7049 = FACE_BOUND('',#7050,.F.);
#7050 = EDGE_LOOP('',(#7051,#7078,#7079,#7106));
#7051 = ORIENTED_EDGE('',*,*,#7052,.T.);
#7052 = EDGE_CURVE('',#7053,#1088,#7055,.T.);
#7053 = VERTEX_POINT('',#7054);
#7054 = CARTESIAN_POINT('',(63.730027282937,35.4,100.47314020128));
#7055 = SURFACE_CURVE('',#7056,(#7061,#7071),.PCURVE_S1.);
#7056 = PARABOLA('',#7057,4.108092253026E-02);
#7057 = AXIS2_PLACEMENT_3D('',#7058,#7059,#7060);
#7058 = CARTESIAN_POINT('',(60.860298496337,-12.4652856037,
    101.57029849633));
#7059 = DIRECTION('',(-0.706864473353,2.617694830787E-02,-0.706864473353
    ));
#7060 = DIRECTION('',(1.850989765927E-02,0.999657324976,
    1.850989765927E-02));
#7061 = PCURVE('',#1106,#7062);
#7062 = DEFINITIONAL_REPRESENTATION('',(#7063),#7070);
#7063 = B_SPLINE_CURVE_WITH_KNOTS('',5,(#7064,#7065,#7066,#7067,#7068,
    #7069),.UNSPECIFIED.,.F.,.F.,(6,6),(2.805012755636,2.890158752642),
  .PIECEWISE_BEZIER_KNOTS.);
#7064 = CARTESIAN_POINT('',(0.897565960144,-2.95));
#7065 = CARTESIAN_POINT('',(0.891533123314,-2.368820829743));
#7066 = CARTESIAN_POINT('',(0.885540943625,-1.783231244615));
#7067 = CARTESIAN_POINT('',(0.879589101789,-1.193231244615));
#7068 = CARTESIAN_POINT('',(0.873677274803,-0.598820829743));
#7069 = CARTESIAN_POINT('',(0.867805137079,4.973877215902E-14));
#7070 = ( GEOMETRIC_REPRESENTATION_CONTEXT(2) 
PARAMETRIC_REPRESENTATION_CONTEXT() REPRESENTATION_CONTEXT('2D SPACE',''
  ) );
#7071 = PCURVE('',#1134,#7072);
#7072 = DEFINITIONAL_REPRESENTATION('',(#7073),#7077);
#7073 = B_SPLINE_CURVE_WITH_KNOTS('',2,(#7074,#7075,#7076),
  .UNSPECIFIED.,.F.,.F.,(3,3),(2.805012755636,2.890158752642),
  .PIECEWISE_BEZIER_KNOTS.);
#7074 = CARTESIAN_POINT('',(1.300445630238,2.805012755636));
#7075 = CARTESIAN_POINT('',(2.753891615518,2.847585754139));
#7076 = CARTESIAN_POINT('',(4.251456868086,2.890158752642));
#7077 = ( GEOMETRIC_REPRESENTATION_CONTEXT(2) 
PARAMETRIC_REPRESENTATION_CONTEXT() REPRESENTATION_CONTEXT('2D SPACE',''
  ) );
#7078 = ORIENTED_EDGE('',*,*,#1087,.T.);
#7079 = ORIENTED_EDGE('',*,*,#7080,.T.);
#7080 = EDGE_CURVE('',#1090,#7081,#7083,.T.);
#7081 = VERTEX_POINT('',#7082);
#7082 = CARTESIAN_POINT('',(60.209972717063,35.4,100.47314020128));
#7083 = SURFACE_CURVE('',#7084,(#7089,#7099),.PCURVE_S1.);
#7084 = PARABOLA('',#7085,4.108092253026E-02);
#7085 = AXIS2_PLACEMENT_3D('',#7086,#7087,#7088);
#7086 = CARTESIAN_POINT('',(63.079701503663,-12.4652856037,
    101.57029849633));
#7087 = DIRECTION('',(0.706864473353,2.617694830787E-02,-0.706864473353)
  );
#7088 = DIRECTION('',(-1.850989765927E-02,0.999657324976,
    1.850989765927E-02));
#7089 = PCURVE('',#1106,#7090);
#7090 = DEFINITIONAL_REPRESENTATION('',(#7091),#7098);
#7091 = B_SPLINE_CURVE_WITH_KNOTS('',5,(#7092,#7093,#7094,#7095,#7096,
    #7097),.UNSPECIFIED.,.F.,.F.,(6,6),(-2.890158752642,-2.805012755636)
  ,.PIECEWISE_BEZIER_KNOTS.);
#7092 = CARTESIAN_POINT('',(2.273787516511,2.131329637766E-14));
#7093 = CARTESIAN_POINT('',(2.267915378786,-0.598820829743));
#7094 = CARTESIAN_POINT('',(2.262003551801,-1.193231244615));
#7095 = CARTESIAN_POINT('',(2.256051709964,-1.783231244615));
#7096 = CARTESIAN_POINT('',(2.250059530276,-2.368820829743));
#7097 = CARTESIAN_POINT('',(2.244026693446,-2.95));
#7098 = ( GEOMETRIC_REPRESENTATION_CONTEXT(2) 
PARAMETRIC_REPRESENTATION_CONTEXT() REPRESENTATION_CONTEXT('2D SPACE',''
  ) );
#7099 = PCURVE('',#1189,#7100);
#7100 = DEFINITIONAL_REPRESENTATION('',(#7101),#7105);
#7101 = B_SPLINE_CURVE_WITH_KNOTS('',2,(#7102,#7103,#7104),
  .UNSPECIFIED.,.F.,.F.,(3,3),(-2.890158752642,-2.805012755636),
  .PIECEWISE_BEZIER_KNOTS.);
#7102 = CARTESIAN_POINT('',(4.251456868086,0.959841247358));
#7103 = CARTESIAN_POINT('',(2.753891615518,1.002414245861));
#7104 = CARTESIAN_POINT('',(1.300445630238,1.044987244364));
#7105 = ( GEOMETRIC_REPRESENTATION_CONTEXT(2) 
PARAMETRIC_REPRESENTATION_CONTEXT() REPRESENTATION_CONTEXT('2D SPACE',''
  ) );
#7106 = ORIENTED_EDGE('',*,*,#7107,.F.);
#7107 = EDGE_CURVE('',#7053,#7081,#7108,.T.);
#7108 = SURFACE_CURVE('',#7109,(#7114,#7121),.PCURVE_S1.);
#7109 = CIRCLE('',#7110,2.822751531371);
#7110 = AXIS2_PLACEMENT_3D('',#7111,#7112,#7113);
#7111 = CARTESIAN_POINT('',(61.97,35.4,102.68));
#7112 = DIRECTION('',(-0.,1.,0.));
#7113 = DIRECTION('',(1.,0.,0.));
#7114 = PCURVE('',#1106,#7115);
#7115 = DEFINITIONAL_REPRESENTATION('',(#7116),#7120);
#7116 = LINE('',#7117,#7118);
#7117 = CARTESIAN_POINT('',(0.,-2.95));
#7118 = VECTOR('',#7119,1.);
#7119 = DIRECTION('',(1.,-0.));
#7120 = ( GEOMETRIC_REPRESENTATION_CONTEXT(2) 
PARAMETRIC_REPRESENTATION_CONTEXT() REPRESENTATION_CONTEXT('2D SPACE',''
  ) );
#7121 = PCURVE('',#7122,#7127);
#7122 = PLANE('',#7123);
#7123 = AXIS2_PLACEMENT_3D('',#7124,#7125,#7126);
#7124 = CARTESIAN_POINT('',(61.97,35.4,102.68));
#7125 = DIRECTION('',(0.,1.,0.));
#7126 = DIRECTION('',(1.,0.,0.));
#7127 = DEFINITIONAL_REPRESENTATION('',(#7128),#7132);
#7128 = CIRCLE('',#7129,2.822751531371);
#7129 = AXIS2_PLACEMENT_2D('',#7130,#7131);
#7130 = CARTESIAN_POINT('',(0.,0.));
#7131 = DIRECTION('',(1.,-0.));
#7132 = ( GEOMETRIC_REPRESENTATION_CONTEXT(2) 
PARAMETRIC_REPRESENTATION_CONTEXT() REPRESENTATION_CONTEXT('2D SPACE',''
  ) );
#7133 = ADVANCED_FACE('',(#7134),#1134,.F.);
#7134 = FACE_BOUND('',#7135,.F.);
#7135 = EDGE_LOOP('',(#7136,#7163,#7164,#7165,#7186,#7218,#7244));
#7136 = ORIENTED_EDGE('',*,*,#7137,.T.);
#7137 = EDGE_CURVE('',#7138,#1119,#7140,.T.);
#7138 = VERTEX_POINT('',#7139);
#7139 = CARTESIAN_POINT('',(63.372640142874,35.4,100.83052734134));
#7140 = SURFACE_CURVE('',#7141,(#7146,#7153),.PCURVE_S1.);
#7141 = HYPERBOLA('',#7142,4.757254814202,0.396989669662);
#7142 = AXIS2_PLACEMENT_3D('',#7143,#7144,#7145);
#7143 = CARTESIAN_POINT('',(62.264201140098,63.354774951019,
    102.97420114009));
#7144 = DIRECTION('',(-0.706864473353,2.617694830787E-02,-0.706864473353
    ));
#7145 = DIRECTION('',(-1.850989765927E-02,-0.999657324976,
    -1.850989765927E-02));
#7146 = PCURVE('',#1134,#7147);
#7147 = DEFINITIONAL_REPRESENTATION('',(#7148),#7152);
#7148 = ( BOUNDED_CURVE() B_SPLINE_CURVE(2,(#7149,#7150,#7151),
.UNSPECIFIED.,.F.,.F.) B_SPLINE_CURVE_WITH_KNOTS((3,3),(-2.457092273023,
-2.343717818352),.PIECEWISE_BEZIER_KNOTS.) CURVE() 
GEOMETRIC_REPRESENTATION_ITEM() RATIONAL_B_SPLINE_CURVE((1.,
1.001607151176,1.)) REPRESENTATION_ITEM('') );
#7149 = CARTESIAN_POINT('',(1.300445630238,2.299591015142));
#7150 = CARTESIAN_POINT('',(2.860889610536,2.167446844412));
#7151 = CARTESIAN_POINT('',(4.251456868086,2.049247529412));
#7152 = ( GEOMETRIC_REPRESENTATION_CONTEXT(2) 
PARAMETRIC_REPRESENTATION_CONTEXT() REPRESENTATION_CONTEXT('2D SPACE',''
  ) );
#7153 = PCURVE('',#1163,#7154);
#7154 = DEFINITIONAL_REPRESENTATION('',(#7155),#7162);
#7155 = B_SPLINE_CURVE_WITH_KNOTS('',5,(#7156,#7157,#7158,#7159,#7160,
    #7161),.UNSPECIFIED.,.F.,.F.,(6,6),(-2.457092273023,-2.343717818352)
  ,.PIECEWISE_BEZIER_KNOTS.);
#7156 = CARTESIAN_POINT('',(-0.921940831191,4.261718305154E-14));
#7157 = CARTESIAN_POINT('',(-0.918062787522,-0.624631915912));
#7158 = CARTESIAN_POINT('',(-0.914070617244,-1.231297625393));
#7159 = CARTESIAN_POINT('',(-0.909959740785,-1.820666189882));
#7160 = CARTESIAN_POINT('',(-0.905725298552,-2.393368232853));
#7161 = CARTESIAN_POINT('',(-0.901362116777,-2.95));
#7162 = ( GEOMETRIC_REPRESENTATION_CONTEXT(2) 
PARAMETRIC_REPRESENTATION_CONTEXT() REPRESENTATION_CONTEXT('2D SPACE',''
  ) );
#7163 = ORIENTED_EDGE('',*,*,#1118,.T.);
#7164 = ORIENTED_EDGE('',*,*,#7052,.F.);
#7165 = ORIENTED_EDGE('',*,*,#7166,.T.);
#7166 = EDGE_CURVE('',#7053,#7167,#7169,.T.);
#7167 = VERTEX_POINT('',#7168);
#7168 = CARTESIAN_POINT('',(64.140343374095,35.4,100.06282411012));
#7169 = SURFACE_CURVE('',#7170,(#7174,#7180),.PCURVE_S1.);
#7170 = LINE('',#7171,#7172);
#7171 = CARTESIAN_POINT('',(61.746583742112,35.4,102.45658374211));
#7172 = VECTOR('',#7173,1.);
#7173 = DIRECTION('',(0.707106781187,0.,-0.707106781187));
#7174 = PCURVE('',#1134,#7175);
#7175 = DEFINITIONAL_REPRESENTATION('',(#7176),#7179);
#7176 = B_SPLINE_CURVE_WITH_KNOTS('',1,(#7177,#7178),.UNSPECIFIED.,.F.,
  .F.,(2,2),(4.51028103754E-17,3.85),.PIECEWISE_BEZIER_KNOTS.);
#7177 = CARTESIAN_POINT('',(1.300445630238,0.));
#7178 = CARTESIAN_POINT('',(1.300445630238,3.85));
#7179 = ( GEOMETRIC_REPRESENTATION_CONTEXT(2) 
PARAMETRIC_REPRESENTATION_CONTEXT() REPRESENTATION_CONTEXT('2D SPACE',''
  ) );
#7180 = PCURVE('',#7122,#7181);
#7181 = DEFINITIONAL_REPRESENTATION('',(#7182),#7185);
#7182 = B_SPLINE_CURVE_WITH_KNOTS('',1,(#7183,#7184),.UNSPECIFIED.,.F.,
  .F.,(2,2),(4.51028103754E-17,3.85),.PIECEWISE_BEZIER_KNOTS.);
#7183 = CARTESIAN_POINT('',(-0.223416257888,0.223416257888));
#7184 = CARTESIAN_POINT('',(2.49894484968,2.945777365456));
#7185 = ( GEOMETRIC_REPRESENTATION_CONTEXT(2) 
PARAMETRIC_REPRESENTATION_CONTEXT() REPRESENTATION_CONTEXT('2D SPACE',''
  ) );
#7186 = ORIENTED_EDGE('',*,*,#7187,.F.);
#7187 = EDGE_CURVE('',#7188,#7167,#7190,.T.);
#7188 = VERTEX_POINT('',#7189);
#7189 = CARTESIAN_POINT('',(63.666047300885,34.3,100.49638444937));
#7190 = SURFACE_CURVE('',#7191,(#7196,#7203),.PCURVE_S1.);
#7191 = HYPERBOLA('',#7192,0.816310624584,0.470650819272);
#7192 = AXIS2_PLACEMENT_3D('',#7193,#7194,#7195);
#7193 = CARTESIAN_POINT('',(61.63685678202,29.474015890172,
    102.34685678202));
#7194 = DIRECTION('',(-0.706864473353,2.617694830787E-02,-0.706864473353
    ));
#7195 = DIRECTION('',(1.850989765927E-02,0.999657324976,
    1.850989765927E-02));
#7196 = PCURVE('',#1134,#7197);
#7197 = DEFINITIONAL_REPRESENTATION('',(#7198),#7202);
#7198 = ( BOUNDED_CURVE() B_SPLINE_CURVE(2,(#7199,#7200,#7201),
.UNSPECIFIED.,.F.,.F.) B_SPLINE_CURVE_WITH_KNOTS((3,3),(2.463239088647,
2.671022353359),.PIECEWISE_BEZIER_KNOTS.) CURVE() 
GEOMETRIC_REPRESENTATION_ITEM() RATIONAL_B_SPLINE_CURVE((1.,
1.005401591509,1.)) REPRESENTATION_ITEM('') );
#7199 = CARTESIAN_POINT('',(0.200068558498,2.743335911024));
#7200 = CARTESIAN_POINT('',(0.692626807651,3.031473609711));
#7201 = CARTESIAN_POINT('',(1.300445630238,3.385287336612));
#7202 = ( GEOMETRIC_REPRESENTATION_CONTEXT(2) 
PARAMETRIC_REPRESENTATION_CONTEXT() REPRESENTATION_CONTEXT('2D SPACE',''
  ) );
#7203 = PCURVE('',#7204,#7209);
#7204 = CONICAL_SURFACE('',#7205,3.4,0.523598775598);
#7205 = AXIS2_PLACEMENT_3D('',#7206,#7207,#7208);
#7206 = CARTESIAN_POINT('',(61.97,35.4,102.68));
#7207 = DIRECTION('',(0.,1.,0.));
#7208 = DIRECTION('',(1.,-0.,0.));
#7209 = DEFINITIONAL_REPRESENTATION('',(#7210),#7217);
#7210 = B_SPLINE_CURVE_WITH_KNOTS('',5,(#7211,#7212,#7213,#7214,#7215,
    #7216),.UNSPECIFIED.,.F.,.F.,(6,6),(2.463239088647,2.671022353359),
  .PIECEWISE_BEZIER_KNOTS.);
#7211 = CARTESIAN_POINT('',(0.910415591848,-1.1));
#7212 = CARTESIAN_POINT('',(0.903341712597,-0.90233611247));
#7213 = CARTESIAN_POINT('',(0.896632799605,-0.694254413709));
#7214 = CARTESIAN_POINT('',(0.890264286562,-0.475043659375));
#7215 = CARTESIAN_POINT('',(0.884213901328,-0.243918016992));
#7216 = CARTESIAN_POINT('',(0.878461350518,3.845925372767E-16));
#7217 = ( GEOMETRIC_REPRESENTATION_CONTEXT(2) 
PARAMETRIC_REPRESENTATION_CONTEXT() REPRESENTATION_CONTEXT('2D SPACE',''
  ) );
#7218 = ORIENTED_EDGE('',*,*,#7219,.T.);
#7219 = EDGE_CURVE('',#7188,#7220,#7222,.T.);
#7220 = VERTEX_POINT('',#7221);
#7221 = CARTESIAN_POINT('',(63.369937049919,34.3,100.79249470033));
#7222 = SURFACE_CURVE('',#7223,(#7227,#7233),.PCURVE_S1.);
#7223 = LINE('',#7224,#7225);
#7224 = CARTESIAN_POINT('',(61.726215875127,34.3,102.43621587512));
#7225 = VECTOR('',#7226,1.);
#7226 = DIRECTION('',(-0.707106781187,0.,0.707106781187));
#7227 = PCURVE('',#1134,#7228);
#7228 = DEFINITIONAL_REPRESENTATION('',(#7229),#7232);
#7229 = B_SPLINE_CURVE_WITH_KNOTS('',1,(#7230,#7231),.UNSPECIFIED.,.F.,
  .F.,(2,2),(-3.565417057362,-6.028164079019E-17),
  .PIECEWISE_BEZIER_KNOTS.);
#7230 = CARTESIAN_POINT('',(0.200068558498,3.565417057362));
#7231 = CARTESIAN_POINT('',(0.200068558498,0.));
#7232 = ( GEOMETRIC_REPRESENTATION_CONTEXT(2) 
PARAMETRIC_REPRESENTATION_CONTEXT() REPRESENTATION_CONTEXT('2D SPACE',''
  ) );
#7233 = PCURVE('',#7234,#7239);
#7234 = PLANE('',#7235);
#7235 = AXIS2_PLACEMENT_3D('',#7236,#7237,#7238);
#7236 = CARTESIAN_POINT('',(61.97,34.3,102.68));
#7237 = DIRECTION('',(0.,1.,0.));
#7238 = DIRECTION('',(1.,0.,0.));
#7239 = DEFINITIONAL_REPRESENTATION('',(#7240),#7243);
#7240 = B_SPLINE_CURVE_WITH_KNOTS('',1,(#7241,#7242),.UNSPECIFIED.,.F.,
  .F.,(2,2),(-3.565417057362,-6.028164079019E-17),
  .PIECEWISE_BEZIER_KNOTS.);
#7241 = CARTESIAN_POINT('',(2.277346454146,2.764914703891));
#7242 = CARTESIAN_POINT('',(-0.243784124873,0.243784124873));
#7243 = ( GEOMETRIC_REPRESENTATION_CONTEXT(2) 
PARAMETRIC_REPRESENTATION_CONTEXT() REPRESENTATION_CONTEXT('2D SPACE',''
  ) );
#7244 = ORIENTED_EDGE('',*,*,#7245,.T.);
#7245 = EDGE_CURVE('',#7220,#7138,#7246,.T.);
#7246 = SURFACE_CURVE('',#7247,(#7252,#7259),.PCURVE_S1.);
#7247 = PARABOLA('',#7248,2.62454950594E-02);
#7248 = AXIS2_PLACEMENT_3D('',#7249,#7250,#7251);
#7249 = CARTESIAN_POINT('',(62.678958405458,85.754420050984,
    103.38895840545));
#7250 = DIRECTION('',(-0.706864473353,2.617694830787E-02,-0.706864473353
    ));
#7251 = DIRECTION('',(-1.850989765927E-02,-0.999657324976,
    -1.850989765927E-02));
#7252 = PCURVE('',#1134,#7253);
#7253 = DEFINITIONAL_REPRESENTATION('',(#7254),#7258);
#7254 = B_SPLINE_CURVE_WITH_KNOTS('',2,(#7255,#7256,#7257),
  .UNSPECIFIED.,.F.,.F.,(3,3),(-2.324572778151,-2.299591015142),
  .PIECEWISE_BEZIER_KNOTS.);
#7255 = CARTESIAN_POINT('',(0.200068558498,2.324572778151));
#7256 = CARTESIAN_POINT('',(0.753229454394,2.312081896646));
#7257 = CARTESIAN_POINT('',(1.300445630238,2.299591015142));
#7258 = ( GEOMETRIC_REPRESENTATION_CONTEXT(2) 
PARAMETRIC_REPRESENTATION_CONTEXT() REPRESENTATION_CONTEXT('2D SPACE',''
  ) );
#7259 = PCURVE('',#7260,#7265);
#7260 = CONICAL_SURFACE('',#7261,2.35,2.617993877991E-02);
#7261 = AXIS2_PLACEMENT_3D('',#7262,#7263,#7264);
#7262 = CARTESIAN_POINT('',(61.97,34.3,102.68));
#7263 = DIRECTION('',(-0.,-1.,-0.));
#7264 = DIRECTION('',(1.,0.,0.));
#7265 = DEFINITIONAL_REPRESENTATION('',(#7266),#7273);
#7266 = B_SPLINE_CURVE_WITH_KNOTS('',5,(#7267,#7268,#7269,#7270,#7271,
    #7272),.UNSPECIFIED.,.F.,.F.,(6,6),(-2.324572778151,-2.299591015142)
  ,.PIECEWISE_BEZIER_KNOTS.);
#7267 = CARTESIAN_POINT('',(-0.932637175265,9.947754431805E-14));
#7268 = CARTESIAN_POINT('',(-0.930511067775,-0.221188536589));
#7269 = CARTESIAN_POINT('',(-0.928378410035,-0.441782804883));
#7270 = CARTESIAN_POINT('',(-0.926239171696,-0.661782804884));
#7271 = CARTESIAN_POINT('',(-0.924093322281,-0.881188536589));
#7272 = CARTESIAN_POINT('',(-0.921940831191,-1.1));
#7273 = ( GEOMETRIC_REPRESENTATION_CONTEXT(2) 
PARAMETRIC_REPRESENTATION_CONTEXT() REPRESENTATION_CONTEXT('2D SPACE',''
  ) );
#7274 = ADVANCED_FACE('',(#7275),#1163,.F.);
#7275 = FACE_BOUND('',#7276,.F.);
#7276 = EDGE_LOOP('',(#7277,#7278,#7302,#7327));
#7277 = ORIENTED_EDGE('',*,*,#7137,.F.);
#7278 = ORIENTED_EDGE('',*,*,#7279,.T.);
#7279 = EDGE_CURVE('',#7138,#7280,#7282,.T.);
#7280 = VERTEX_POINT('',#7281);
#7281 = CARTESIAN_POINT('',(60.567359857126,35.4,100.83052734134));
#7282 = SURFACE_CURVE('',#7283,(#7288,#7295),.PCURVE_S1.);
#7283 = CIRCLE('',#7284,2.321195486274);
#7284 = AXIS2_PLACEMENT_3D('',#7285,#7286,#7287);
#7285 = CARTESIAN_POINT('',(61.97,35.4,102.68));
#7286 = DIRECTION('',(-0.,1.,0.));
#7287 = DIRECTION('',(1.,0.,0.));
#7288 = PCURVE('',#1163,#7289);
#7289 = DEFINITIONAL_REPRESENTATION('',(#7290),#7294);
#7290 = LINE('',#7291,#7292);
#7291 = CARTESIAN_POINT('',(-0.,-0.));
#7292 = VECTOR('',#7293,1.);
#7293 = DIRECTION('',(-1.,-0.));
#7294 = ( GEOMETRIC_REPRESENTATION_CONTEXT(2) 
PARAMETRIC_REPRESENTATION_CONTEXT() REPRESENTATION_CONTEXT('2D SPACE',''
  ) );
#7295 = PCURVE('',#7260,#7296);
#7296 = DEFINITIONAL_REPRESENTATION('',(#7297),#7301);
#7297 = LINE('',#7298,#7299);
#7298 = CARTESIAN_POINT('',(-0.,-1.1));
#7299 = VECTOR('',#7300,1.);
#7300 = DIRECTION('',(-1.,-0.));
#7301 = ( GEOMETRIC_REPRESENTATION_CONTEXT(2) 
PARAMETRIC_REPRESENTATION_CONTEXT() REPRESENTATION_CONTEXT('2D SPACE',''
  ) );
#7302 = ORIENTED_EDGE('',*,*,#7303,.F.);
#7303 = EDGE_CURVE('',#1147,#7280,#7304,.T.);
#7304 = SURFACE_CURVE('',#7305,(#7310,#7320),.PCURVE_S1.);
#7305 = HYPERBOLA('',#7306,4.757254814202,0.396989669662);
#7306 = AXIS2_PLACEMENT_3D('',#7307,#7308,#7309);
#7307 = CARTESIAN_POINT('',(61.675798859902,63.354774951019,
    102.97420114009));
#7308 = DIRECTION('',(0.706864473353,2.617694830787E-02,-0.706864473353)
  );
#7309 = DIRECTION('',(1.850989765927E-02,-0.999657324976,
    -1.850989765927E-02));
#7310 = PCURVE('',#1163,#7311);
#7311 = DEFINITIONAL_REPRESENTATION('',(#7312),#7319);
#7312 = B_SPLINE_CURVE_WITH_KNOTS('',5,(#7313,#7314,#7315,#7316,#7317,
    #7318),.UNSPECIFIED.,.F.,.F.,(6,6),(2.343717818352,2.457092273023),
  .PIECEWISE_BEZIER_KNOTS.);
#7313 = CARTESIAN_POINT('',(-2.240230536813,-2.95));
#7314 = CARTESIAN_POINT('',(-2.235867355038,-2.393368232853));
#7315 = CARTESIAN_POINT('',(-2.231632912804,-1.820666189882));
#7316 = CARTESIAN_POINT('',(-2.227522036346,-1.231297625393));
#7317 = CARTESIAN_POINT('',(-2.223529866068,-0.624631915912));
#7318 = CARTESIAN_POINT('',(-2.219651822398,3.54114988336E-14));
#7319 = ( GEOMETRIC_REPRESENTATION_CONTEXT(2) 
PARAMETRIC_REPRESENTATION_CONTEXT() REPRESENTATION_CONTEXT('2D SPACE',''
  ) );
#7320 = PCURVE('',#1189,#7321);
#7321 = DEFINITIONAL_REPRESENTATION('',(#7322),#7326);
#7322 = ( BOUNDED_CURVE() B_SPLINE_CURVE(2,(#7323,#7324,#7325),
.UNSPECIFIED.,.F.,.F.) B_SPLINE_CURVE_WITH_KNOTS((3,3),(2.343717818352,
2.457092273023),.PIECEWISE_BEZIER_KNOTS.) CURVE() 
GEOMETRIC_REPRESENTATION_ITEM() RATIONAL_B_SPLINE_CURVE((1.,
1.001607151176,1.)) REPRESENTATION_ITEM('') );
#7323 = CARTESIAN_POINT('',(4.251456868086,1.800752470588));
#7324 = CARTESIAN_POINT('',(2.860889610536,1.682553155588));
#7325 = CARTESIAN_POINT('',(1.300445630238,1.550408984858));
#7326 = ( GEOMETRIC_REPRESENTATION_CONTEXT(2) 
PARAMETRIC_REPRESENTATION_CONTEXT() REPRESENTATION_CONTEXT('2D SPACE',''
  ) );
#7327 = ORIENTED_EDGE('',*,*,#1146,.F.);
#7328 = ADVANCED_FACE('',(#7329),#1189,.F.);
#7329 = FACE_BOUND('',#7330,.F.);
#7330 = EDGE_LOOP('',(#7331,#7332,#7333,#7360,#7381,#7408,#7427));
#7331 = ORIENTED_EDGE('',*,*,#1175,.T.);
#7332 = ORIENTED_EDGE('',*,*,#7303,.T.);
#7333 = ORIENTED_EDGE('',*,*,#7334,.T.);
#7334 = EDGE_CURVE('',#7280,#7335,#7337,.T.);
#7335 = VERTEX_POINT('',#7336);
#7336 = CARTESIAN_POINT('',(60.570062950081,34.3,100.79249470033));
#7337 = SURFACE_CURVE('',#7338,(#7343,#7350),.PCURVE_S1.);
#7338 = PARABOLA('',#7339,2.62454950594E-02);
#7339 = AXIS2_PLACEMENT_3D('',#7340,#7341,#7342);
#7340 = CARTESIAN_POINT('',(61.261041594542,85.754420050984,
    103.38895840545));
#7341 = DIRECTION('',(0.706864473353,2.617694830787E-02,-0.706864473353)
  );
#7342 = DIRECTION('',(1.850989765927E-02,-0.999657324976,
    -1.850989765927E-02));
#7343 = PCURVE('',#1189,#7344);
#7344 = DEFINITIONAL_REPRESENTATION('',(#7345),#7349);
#7345 = B_SPLINE_CURVE_WITH_KNOTS('',2,(#7346,#7347,#7348),
  .UNSPECIFIED.,.F.,.F.,(3,3),(2.299591015142,2.324572778151),
  .PIECEWISE_BEZIER_KNOTS.);
#7346 = CARTESIAN_POINT('',(1.300445630238,1.550408984858));
#7347 = CARTESIAN_POINT('',(0.753229454394,1.537918103354));
#7348 = CARTESIAN_POINT('',(0.200068558498,1.525427221849));
#7349 = ( GEOMETRIC_REPRESENTATION_CONTEXT(2) 
PARAMETRIC_REPRESENTATION_CONTEXT() REPRESENTATION_CONTEXT('2D SPACE',''
  ) );
#7350 = PCURVE('',#7260,#7351);
#7351 = DEFINITIONAL_REPRESENTATION('',(#7352),#7359);
#7352 = B_SPLINE_CURVE_WITH_KNOTS('',5,(#7353,#7354,#7355,#7356,#7357,
    #7358),.UNSPECIFIED.,.F.,.F.,(6,6),(2.299591015142,2.324572778151),
  .PIECEWISE_BEZIER_KNOTS.);
#7353 = CARTESIAN_POINT('',(-2.219651822398,-1.1));
#7354 = CARTESIAN_POINT('',(-2.217499331309,-0.881188536589));
#7355 = CARTESIAN_POINT('',(-2.215353481893,-0.661782804883));
#7356 = CARTESIAN_POINT('',(-2.213214243555,-0.441782804884));
#7357 = CARTESIAN_POINT('',(-2.211081585815,-0.221188536589));
#7358 = CARTESIAN_POINT('',(-2.208955478325,7.815262702366E-14));
#7359 = ( GEOMETRIC_REPRESENTATION_CONTEXT(2) 
PARAMETRIC_REPRESENTATION_CONTEXT() REPRESENTATION_CONTEXT('2D SPACE',''
  ) );
#7360 = ORIENTED_EDGE('',*,*,#7361,.T.);
#7361 = EDGE_CURVE('',#7335,#7362,#7364,.T.);
#7362 = VERTEX_POINT('',#7363);
#7363 = CARTESIAN_POINT('',(60.273952699115,34.3,100.49638444937));
#7364 = SURFACE_CURVE('',#7365,(#7369,#7375),.PCURVE_S1.);
#7365 = LINE('',#7366,#7367);
#7366 = CARTESIAN_POINT('',(60.852603571089,34.3,101.07503532134));
#7367 = VECTOR('',#7368,1.);
#7368 = DIRECTION('',(-0.707106781187,0.,-0.707106781187));
#7369 = PCURVE('',#1189,#7370);
#7370 = DEFINITIONAL_REPRESENTATION('',(#7371),#7374);
#7371 = B_SPLINE_CURVE_WITH_KNOTS('',1,(#7372,#7373),.UNSPECIFIED.,.F.,
  .F.,(2,2),(-1.925,1.640417057362),.PIECEWISE_BEZIER_KNOTS.);
#7372 = CARTESIAN_POINT('',(0.200068558498,3.85));
#7373 = CARTESIAN_POINT('',(0.200068558498,0.284582942638));
#7374 = ( GEOMETRIC_REPRESENTATION_CONTEXT(2) 
PARAMETRIC_REPRESENTATION_CONTEXT() REPRESENTATION_CONTEXT('2D SPACE',''
  ) );
#7375 = PCURVE('',#7234,#7376);
#7376 = DEFINITIONAL_REPRESENTATION('',(#7377),#7380);
#7377 = B_SPLINE_CURVE_WITH_KNOTS('',1,(#7378,#7379),.UNSPECIFIED.,.F.,
  .F.,(2,2),(-1.925,1.640417057362),.PIECEWISE_BEZIER_KNOTS.);
#7378 = CARTESIAN_POINT('',(0.243784124873,0.243784124873));
#7379 = CARTESIAN_POINT('',(-2.277346454146,2.764914703891));
#7380 = ( GEOMETRIC_REPRESENTATION_CONTEXT(2) 
PARAMETRIC_REPRESENTATION_CONTEXT() REPRESENTATION_CONTEXT('2D SPACE',''
  ) );
#7381 = ORIENTED_EDGE('',*,*,#7382,.F.);
#7382 = EDGE_CURVE('',#7383,#7362,#7385,.T.);
#7383 = VERTEX_POINT('',#7384);
#7384 = CARTESIAN_POINT('',(59.799656625905,35.4,100.06282411012));
#7385 = SURFACE_CURVE('',#7386,(#7391,#7398),.PCURVE_S1.);
#7386 = HYPERBOLA('',#7387,0.816310624584,0.470650819272);
#7387 = AXIS2_PLACEMENT_3D('',#7388,#7389,#7390);
#7388 = CARTESIAN_POINT('',(62.30314321798,29.474015890172,
    102.34685678202));
#7389 = DIRECTION('',(0.706864473353,2.617694830787E-02,-0.706864473353)
  );
#7390 = DIRECTION('',(-1.850989765927E-02,0.999657324976,
    1.850989765927E-02));
#7391 = PCURVE('',#1189,#7392);
#7392 = DEFINITIONAL_REPRESENTATION('',(#7393),#7397);
#7393 = ( BOUNDED_CURVE() B_SPLINE_CURVE(2,(#7394,#7395,#7396),
.UNSPECIFIED.,.F.,.F.) B_SPLINE_CURVE_WITH_KNOTS((3,3),(-2.671022353359,
-2.463239088647),.PIECEWISE_BEZIER_KNOTS.) CURVE() 
GEOMETRIC_REPRESENTATION_ITEM() RATIONAL_B_SPLINE_CURVE((1.,
1.005401591509,1.)) REPRESENTATION_ITEM('') );
#7394 = CARTESIAN_POINT('',(1.300445630238,0.464712663388));
#7395 = CARTESIAN_POINT('',(0.692626807651,0.818526390289));
#7396 = CARTESIAN_POINT('',(0.200068558498,1.106664088976));
#7397 = ( GEOMETRIC_REPRESENTATION_CONTEXT(2) 
PARAMETRIC_REPRESENTATION_CONTEXT() REPRESENTATION_CONTEXT('2D SPACE',''
  ) );
#7398 = PCURVE('',#7204,#7399);
#7399 = DEFINITIONAL_REPRESENTATION('',(#7400),#7407);
#7400 = B_SPLINE_CURVE_WITH_KNOTS('',5,(#7401,#7402,#7403,#7404,#7405,
    #7406),.UNSPECIFIED.,.F.,.F.,(6,6),(-2.671022353359,-2.463239088647)
  ,.PIECEWISE_BEZIER_KNOTS.);
#7401 = CARTESIAN_POINT('',(2.263131303072,-1.922962686384E-16));
#7402 = CARTESIAN_POINT('',(2.257378752262,-0.243918016992));
#7403 = CARTESIAN_POINT('',(2.251328367028,-0.475043659375));
#7404 = CARTESIAN_POINT('',(2.244959853985,-0.694254413709));
#7405 = CARTESIAN_POINT('',(2.238250940993,-0.90233611247));
#7406 = CARTESIAN_POINT('',(2.231177061742,-1.1));
#7407 = ( GEOMETRIC_REPRESENTATION_CONTEXT(2) 
PARAMETRIC_REPRESENTATION_CONTEXT() REPRESENTATION_CONTEXT('2D SPACE',''
  ) );
#7408 = ORIENTED_EDGE('',*,*,#7409,.T.);
#7409 = EDGE_CURVE('',#7383,#7081,#7410,.T.);
#7410 = SURFACE_CURVE('',#7411,(#7415,#7421),.PCURVE_S1.);
#7411 = LINE('',#7412,#7413);
#7412 = CARTESIAN_POINT('',(60.832235704104,35.4,101.09540318832));
#7413 = VECTOR('',#7414,1.);
#7414 = DIRECTION('',(0.707106781187,-0.,0.707106781187));
#7415 = PCURVE('',#1189,#7416);
#7416 = DEFINITIONAL_REPRESENTATION('',(#7417),#7420);
#7417 = B_SPLINE_CURVE_WITH_KNOTS('',1,(#7418,#7419),.UNSPECIFIED.,.F.,
  .F.,(2,2),(-1.925,1.925),.PIECEWISE_BEZIER_KNOTS.);
#7418 = CARTESIAN_POINT('',(1.300445630238,0.));
#7419 = CARTESIAN_POINT('',(1.300445630238,3.85));
#7420 = ( GEOMETRIC_REPRESENTATION_CONTEXT(2) 
PARAMETRIC_REPRESENTATION_CONTEXT() REPRESENTATION_CONTEXT('2D SPACE',''
  ) );
#7421 = PCURVE('',#7122,#7422);
#7422 = DEFINITIONAL_REPRESENTATION('',(#7423),#7426);
#7423 = B_SPLINE_CURVE_WITH_KNOTS('',1,(#7424,#7425),.UNSPECIFIED.,.F.,
  .F.,(2,2),(-1.925,1.925),.PIECEWISE_BEZIER_KNOTS.);
#7424 = CARTESIAN_POINT('',(-2.49894484968,2.945777365456));
#7425 = CARTESIAN_POINT('',(0.223416257888,0.223416257888));
#7426 = ( GEOMETRIC_REPRESENTATION_CONTEXT(2) 
PARAMETRIC_REPRESENTATION_CONTEXT() REPRESENTATION_CONTEXT('2D SPACE',''
  ) );
#7427 = ORIENTED_EDGE('',*,*,#7080,.F.);
#7428 = ADVANCED_FACE('',(#7429),#1222,.T.);
#7429 = FACE_BOUND('',#7430,.F.);
#7430 = EDGE_LOOP('',(#7431,#7458,#7459,#7486));
#7431 = ORIENTED_EDGE('',*,*,#7432,.T.);
#7432 = EDGE_CURVE('',#7433,#1204,#7435,.T.);
#7433 = VERTEX_POINT('',#7434);
#7434 = CARTESIAN_POINT('',(60.209972717063,35.4,104.88685979871));
#7435 = SURFACE_CURVE('',#7436,(#7441,#7451),.PCURVE_S1.);
#7436 = PARABOLA('',#7437,4.108092253026E-02);
#7437 = AXIS2_PLACEMENT_3D('',#7438,#7439,#7440);
#7438 = CARTESIAN_POINT('',(63.079701503663,-12.4652856037,
    103.78970150366));
#7439 = DIRECTION('',(0.706864473353,2.617694830787E-02,0.706864473353)
  );
#7440 = DIRECTION('',(-1.850989765927E-02,0.999657324976,
    -1.850989765927E-02));
#7441 = PCURVE('',#1222,#7442);
#7442 = DEFINITIONAL_REPRESENTATION('',(#7443),#7450);
#7443 = B_SPLINE_CURVE_WITH_KNOTS('',5,(#7444,#7445,#7446,#7447,#7448,
    #7449),.UNSPECIFIED.,.F.,.F.,(6,6),(2.805012755636,2.890158752642),
  .PIECEWISE_BEZIER_KNOTS.);
#7444 = CARTESIAN_POINT('',(4.039158613734,-2.95));
#7445 = CARTESIAN_POINT('',(4.033125776903,-2.368820829743));
#7446 = CARTESIAN_POINT('',(4.027133597215,-1.783231244615));
#7447 = CARTESIAN_POINT('',(4.021181755379,-1.193231244615));
#7448 = CARTESIAN_POINT('',(4.015269928393,-0.598820829743));
#7449 = CARTESIAN_POINT('',(4.009397790669,2.841385486464E-14));
#7450 = ( GEOMETRIC_REPRESENTATION_CONTEXT(2) 
PARAMETRIC_REPRESENTATION_CONTEXT() REPRESENTATION_CONTEXT('2D SPACE',''
  ) );
#7451 = PCURVE('',#1250,#7452);
#7452 = DEFINITIONAL_REPRESENTATION('',(#7453),#7457);
#7453 = B_SPLINE_CURVE_WITH_KNOTS('',2,(#7454,#7455,#7456),
  .UNSPECIFIED.,.F.,.F.,(3,3),(2.805012755636,2.890158752642),
  .PIECEWISE_BEZIER_KNOTS.);
#7454 = CARTESIAN_POINT('',(1.300445630238,2.805012755636));
#7455 = CARTESIAN_POINT('',(2.753891615518,2.847585754139));
#7456 = CARTESIAN_POINT('',(4.251456868086,2.890158752642));
#7457 = ( GEOMETRIC_REPRESENTATION_CONTEXT(2) 
PARAMETRIC_REPRESENTATION_CONTEXT() REPRESENTATION_CONTEXT('2D SPACE',''
  ) );
#7458 = ORIENTED_EDGE('',*,*,#1203,.T.);
#7459 = ORIENTED_EDGE('',*,*,#7460,.T.);
#7460 = EDGE_CURVE('',#1206,#7461,#7463,.T.);
#7461 = VERTEX_POINT('',#7462);
#7462 = CARTESIAN_POINT('',(63.730027282937,35.4,104.88685979871));
#7463 = SURFACE_CURVE('',#7464,(#7469,#7479),.PCURVE_S1.);
#7464 = PARABOLA('',#7465,4.108092253026E-02);
#7465 = AXIS2_PLACEMENT_3D('',#7466,#7467,#7468);
#7466 = CARTESIAN_POINT('',(60.860298496337,-12.4652856037,
    103.78970150366));
#7467 = DIRECTION('',(-0.706864473353,2.617694830787E-02,0.706864473353)
  );
#7468 = DIRECTION('',(1.850989765927E-02,0.999657324976,
    -1.850989765927E-02));
#7469 = PCURVE('',#1222,#7470);
#7470 = DEFINITIONAL_REPRESENTATION('',(#7471),#7478);
#7471 = B_SPLINE_CURVE_WITH_KNOTS('',5,(#7472,#7473,#7474,#7475,#7476,
    #7477),.UNSPECIFIED.,.F.,.F.,(6,6),(-2.890158752642,-2.805012755636)
  ,.PIECEWISE_BEZIER_KNOTS.);
#7472 = CARTESIAN_POINT('',(5.415380170101,-7.112179403705E-15));
#7473 = CARTESIAN_POINT('',(5.409508032376,-0.598820829743));
#7474 = CARTESIAN_POINT('',(5.403596205391,-1.193231244615));
#7475 = CARTESIAN_POINT('',(5.397644363554,-1.783231244615));
#7476 = CARTESIAN_POINT('',(5.391652183866,-2.368820829743));
#7477 = CARTESIAN_POINT('',(5.385619347036,-2.95));
#7478 = ( GEOMETRIC_REPRESENTATION_CONTEXT(2) 
PARAMETRIC_REPRESENTATION_CONTEXT() REPRESENTATION_CONTEXT('2D SPACE',''
  ) );
#7479 = PCURVE('',#1305,#7480);
#7480 = DEFINITIONAL_REPRESENTATION('',(#7481),#7485);
#7481 = B_SPLINE_CURVE_WITH_KNOTS('',2,(#7482,#7483,#7484),
  .UNSPECIFIED.,.F.,.F.,(3,3),(-2.890158752642,-2.805012755636),
  .PIECEWISE_BEZIER_KNOTS.);
#7482 = CARTESIAN_POINT('',(4.251456868086,0.959841247358));
#7483 = CARTESIAN_POINT('',(2.753891615518,1.002414245861));
#7484 = CARTESIAN_POINT('',(1.300445630238,1.044987244364));
#7485 = ( GEOMETRIC_REPRESENTATION_CONTEXT(2) 
PARAMETRIC_REPRESENTATION_CONTEXT() REPRESENTATION_CONTEXT('2D SPACE',''
  ) );
#7486 = ORIENTED_EDGE('',*,*,#7487,.F.);
#7487 = EDGE_CURVE('',#7433,#7461,#7488,.T.);
#7488 = SURFACE_CURVE('',#7489,(#7494,#7501),.PCURVE_S1.);
#7489 = CIRCLE('',#7490,2.822751531371);
#7490 = AXIS2_PLACEMENT_3D('',#7491,#7492,#7493);
#7491 = CARTESIAN_POINT('',(61.97,35.4,102.68));
#7492 = DIRECTION('',(-0.,1.,0.));
#7493 = DIRECTION('',(1.,0.,0.));
#7494 = PCURVE('',#1222,#7495);
#7495 = DEFINITIONAL_REPRESENTATION('',(#7496),#7500);
#7496 = LINE('',#7497,#7498);
#7497 = CARTESIAN_POINT('',(0.,-2.95));
#7498 = VECTOR('',#7499,1.);
#7499 = DIRECTION('',(1.,-0.));
#7500 = ( GEOMETRIC_REPRESENTATION_CONTEXT(2) 
PARAMETRIC_REPRESENTATION_CONTEXT() REPRESENTATION_CONTEXT('2D SPACE',''
  ) );
#7501 = PCURVE('',#7502,#7507);
#7502 = PLANE('',#7503);
#7503 = AXIS2_PLACEMENT_3D('',#7504,#7505,#7506);
#7504 = CARTESIAN_POINT('',(61.97,35.4,102.68));
#7505 = DIRECTION('',(0.,1.,0.));
#7506 = DIRECTION('',(1.,0.,0.));
#7507 = DEFINITIONAL_REPRESENTATION('',(#7508),#7512);
#7508 = CIRCLE('',#7509,2.822751531371);
#7509 = AXIS2_PLACEMENT_2D('',#7510,#7511);
#7510 = CARTESIAN_POINT('',(0.,0.));
#7511 = DIRECTION('',(1.,-0.));
#7512 = ( GEOMETRIC_REPRESENTATION_CONTEXT(2) 
PARAMETRIC_REPRESENTATION_CONTEXT() REPRESENTATION_CONTEXT('2D SPACE',''
  ) );
#7513 = ADVANCED_FACE('',(#7514),#1250,.F.);
#7514 = FACE_BOUND('',#7515,.F.);
#7515 = EDGE_LOOP('',(#7516,#7543,#7544,#7545,#7566,#7598,#7624));
#7516 = ORIENTED_EDGE('',*,*,#7517,.T.);
#7517 = EDGE_CURVE('',#7518,#1235,#7520,.T.);
#7518 = VERTEX_POINT('',#7519);
#7519 = CARTESIAN_POINT('',(60.567359857126,35.4,104.52947265865));
#7520 = SURFACE_CURVE('',#7521,(#7526,#7533),.PCURVE_S1.);
#7521 = HYPERBOLA('',#7522,4.757254814202,0.396989669662);
#7522 = AXIS2_PLACEMENT_3D('',#7523,#7524,#7525);
#7523 = CARTESIAN_POINT('',(61.675798859902,63.354774951019,
    102.3857988599));
#7524 = DIRECTION('',(0.706864473353,2.617694830787E-02,0.706864473353)
  );
#7525 = DIRECTION('',(1.850989765927E-02,-0.999657324976,
    1.850989765927E-02));
#7526 = PCURVE('',#1250,#7527);
#7527 = DEFINITIONAL_REPRESENTATION('',(#7528),#7532);
#7528 = ( BOUNDED_CURVE() B_SPLINE_CURVE(2,(#7529,#7530,#7531),
.UNSPECIFIED.,.F.,.F.) B_SPLINE_CURVE_WITH_KNOTS((3,3),(-2.457092273023,
-2.343717818352),.PIECEWISE_BEZIER_KNOTS.) CURVE() 
GEOMETRIC_REPRESENTATION_ITEM() RATIONAL_B_SPLINE_CURVE((1.,
1.001607151176,1.)) REPRESENTATION_ITEM('') );
#7529 = CARTESIAN_POINT('',(1.300445630238,2.299591015142));
#7530 = CARTESIAN_POINT('',(2.860889610536,2.167446844412));
#7531 = CARTESIAN_POINT('',(4.251456868086,2.049247529412));
#7532 = ( GEOMETRIC_REPRESENTATION_CONTEXT(2) 
PARAMETRIC_REPRESENTATION_CONTEXT() REPRESENTATION_CONTEXT('2D SPACE',''
  ) );
#7533 = PCURVE('',#1279,#7534);
#7534 = DEFINITIONAL_REPRESENTATION('',(#7535),#7542);
#7535 = B_SPLINE_CURVE_WITH_KNOTS('',5,(#7536,#7537,#7538,#7539,#7540,
    #7541),.UNSPECIFIED.,.F.,.F.,(6,6),(-2.457092273023,-2.343717818352)
  ,.PIECEWISE_BEZIER_KNOTS.);
#7536 = CARTESIAN_POINT('',(-4.063533484781,2.119291860275E-14));
#7537 = CARTESIAN_POINT('',(-4.059655441111,-0.624631915912));
#7538 = CARTESIAN_POINT('',(-4.055663270833,-1.231297625393));
#7539 = CARTESIAN_POINT('',(-4.051552394375,-1.820666189882));
#7540 = CARTESIAN_POINT('',(-4.047317952141,-2.393368232853));
#7541 = CARTESIAN_POINT('',(-4.042954770367,-2.95));
#7542 = ( GEOMETRIC_REPRESENTATION_CONTEXT(2) 
PARAMETRIC_REPRESENTATION_CONTEXT() REPRESENTATION_CONTEXT('2D SPACE',''
  ) );
#7543 = ORIENTED_EDGE('',*,*,#1234,.T.);
#7544 = ORIENTED_EDGE('',*,*,#7432,.F.);
#7545 = ORIENTED_EDGE('',*,*,#7546,.T.);
#7546 = EDGE_CURVE('',#7433,#7547,#7549,.T.);
#7547 = VERTEX_POINT('',#7548);
#7548 = CARTESIAN_POINT('',(59.799656625905,35.4,105.29717588987));
#7549 = SURFACE_CURVE('',#7550,(#7554,#7560),.PCURVE_S1.);
#7550 = LINE('',#7551,#7552);
#7551 = CARTESIAN_POINT('',(62.193416257888,35.4,102.90341625788));
#7552 = VECTOR('',#7553,1.);
#7553 = DIRECTION('',(-0.707106781187,0.,0.707106781187));
#7554 = PCURVE('',#1250,#7555);
#7555 = DEFINITIONAL_REPRESENTATION('',(#7556),#7559);
#7556 = B_SPLINE_CURVE_WITH_KNOTS('',1,(#7557,#7558),.UNSPECIFIED.,.F.,
  .F.,(2,2),(3.469446951954E-18,3.85),.PIECEWISE_BEZIER_KNOTS.);
#7557 = CARTESIAN_POINT('',(1.300445630238,0.));
#7558 = CARTESIAN_POINT('',(1.300445630238,3.85));
#7559 = ( GEOMETRIC_REPRESENTATION_CONTEXT(2) 
PARAMETRIC_REPRESENTATION_CONTEXT() REPRESENTATION_CONTEXT('2D SPACE',''
  ) );
#7560 = PCURVE('',#7502,#7561);
#7561 = DEFINITIONAL_REPRESENTATION('',(#7562),#7565);
#7562 = B_SPLINE_CURVE_WITH_KNOTS('',1,(#7563,#7564),.UNSPECIFIED.,.F.,
  .F.,(2,2),(3.469446951954E-18,3.85),.PIECEWISE_BEZIER_KNOTS.);
#7563 = CARTESIAN_POINT('',(0.223416257888,-0.223416257888));
#7564 = CARTESIAN_POINT('',(-2.49894484968,-2.945777365456));
#7565 = ( GEOMETRIC_REPRESENTATION_CONTEXT(2) 
PARAMETRIC_REPRESENTATION_CONTEXT() REPRESENTATION_CONTEXT('2D SPACE',''
  ) );
#7566 = ORIENTED_EDGE('',*,*,#7567,.F.);
#7567 = EDGE_CURVE('',#7568,#7547,#7570,.T.);
#7568 = VERTEX_POINT('',#7569);
#7569 = CARTESIAN_POINT('',(60.273952699115,34.3,104.86361555063));
#7570 = SURFACE_CURVE('',#7571,(#7576,#7583),.PCURVE_S1.);
#7571 = HYPERBOLA('',#7572,0.816310624584,0.470650819272);
#7572 = AXIS2_PLACEMENT_3D('',#7573,#7574,#7575);
#7573 = CARTESIAN_POINT('',(62.30314321798,29.474015890172,
    103.01314321798));
#7574 = DIRECTION('',(0.706864473353,2.617694830787E-02,0.706864473353)
  );
#7575 = DIRECTION('',(-1.850989765927E-02,0.999657324976,
    -1.850989765927E-02));
#7576 = PCURVE('',#1250,#7577);
#7577 = DEFINITIONAL_REPRESENTATION('',(#7578),#7582);
#7578 = ( BOUNDED_CURVE() B_SPLINE_CURVE(2,(#7579,#7580,#7581),
.UNSPECIFIED.,.F.,.F.) B_SPLINE_CURVE_WITH_KNOTS((3,3),(2.463239088647,
2.671022353359),.PIECEWISE_BEZIER_KNOTS.) CURVE() 
GEOMETRIC_REPRESENTATION_ITEM() RATIONAL_B_SPLINE_CURVE((1.,
1.005401591509,1.)) REPRESENTATION_ITEM('') );
#7579 = CARTESIAN_POINT('',(0.200068558498,2.743335911024));
#7580 = CARTESIAN_POINT('',(0.692626807651,3.031473609711));
#7581 = CARTESIAN_POINT('',(1.300445630238,3.385287336612));
#7582 = ( GEOMETRIC_REPRESENTATION_CONTEXT(2) 
PARAMETRIC_REPRESENTATION_CONTEXT() REPRESENTATION_CONTEXT('2D SPACE',''
  ) );
#7583 = PCURVE('',#7584,#7589);
#7584 = CONICAL_SURFACE('',#7585,3.4,0.523598775598);
#7585 = AXIS2_PLACEMENT_3D('',#7586,#7587,#7588);
#7586 = CARTESIAN_POINT('',(61.97,35.4,102.68));
#7587 = DIRECTION('',(0.,1.,0.));
#7588 = DIRECTION('',(1.,-0.,0.));
#7589 = DEFINITIONAL_REPRESENTATION('',(#7590),#7597);
#7590 = B_SPLINE_CURVE_WITH_KNOTS('',5,(#7591,#7592,#7593,#7594,#7595,
    #7596),.UNSPECIFIED.,.F.,.F.,(6,6),(2.463239088647,2.671022353359),
  .PIECEWISE_BEZIER_KNOTS.);
#7591 = CARTESIAN_POINT('',(4.052008245437,-1.1));
#7592 = CARTESIAN_POINT('',(4.044934366187,-0.90233611247));
#7593 = CARTESIAN_POINT('',(4.038225453195,-0.694254413709));
#7594 = CARTESIAN_POINT('',(4.031856940152,-0.475043659375));
#7595 = CARTESIAN_POINT('',(4.025806554917,-0.243918016992));
#7596 = CARTESIAN_POINT('',(4.020054004108,1.922962686384E-16));
#7597 = ( GEOMETRIC_REPRESENTATION_CONTEXT(2) 
PARAMETRIC_REPRESENTATION_CONTEXT() REPRESENTATION_CONTEXT('2D SPACE',''
  ) );
#7598 = ORIENTED_EDGE('',*,*,#7599,.T.);
#7599 = EDGE_CURVE('',#7568,#7600,#7602,.T.);
#7600 = VERTEX_POINT('',#7601);
#7601 = CARTESIAN_POINT('',(60.570062950081,34.3,104.56750529966));
#7602 = SURFACE_CURVE('',#7603,(#7607,#7613),.PCURVE_S1.);
#7603 = LINE('',#7604,#7605);
#7604 = CARTESIAN_POINT('',(62.213784124873,34.3,102.92378412487));
#7605 = VECTOR('',#7606,1.);
#7606 = DIRECTION('',(0.707106781187,0.,-0.707106781187));
#7607 = PCURVE('',#1250,#7608);
#7608 = DEFINITIONAL_REPRESENTATION('',(#7609),#7612);
#7609 = B_SPLINE_CURVE_WITH_KNOTS('',1,(#7610,#7611),.UNSPECIFIED.,.F.,
  .F.,(2,2),(-3.565417057362,-3.946495907847E-17),
  .PIECEWISE_BEZIER_KNOTS.);
#7610 = CARTESIAN_POINT('',(0.200068558498,3.565417057362));
#7611 = CARTESIAN_POINT('',(0.200068558498,0.));
#7612 = ( GEOMETRIC_REPRESENTATION_CONTEXT(2) 
PARAMETRIC_REPRESENTATION_CONTEXT() REPRESENTATION_CONTEXT('2D SPACE',''
  ) );
#7613 = PCURVE('',#7614,#7619);
#7614 = PLANE('',#7615);
#7615 = AXIS2_PLACEMENT_3D('',#7616,#7617,#7618);
#7616 = CARTESIAN_POINT('',(61.97,34.3,102.68));
#7617 = DIRECTION('',(0.,1.,0.));
#7618 = DIRECTION('',(1.,0.,0.));
#7619 = DEFINITIONAL_REPRESENTATION('',(#7620),#7623);
#7620 = B_SPLINE_CURVE_WITH_KNOTS('',1,(#7621,#7622),.UNSPECIFIED.,.F.,
  .F.,(2,2),(-3.565417057362,-3.946495907847E-17),
  .PIECEWISE_BEZIER_KNOTS.);
#7621 = CARTESIAN_POINT('',(-2.277346454146,-2.764914703891));
#7622 = CARTESIAN_POINT('',(0.243784124873,-0.243784124873));
#7623 = ( GEOMETRIC_REPRESENTATION_CONTEXT(2) 
PARAMETRIC_REPRESENTATION_CONTEXT() REPRESENTATION_CONTEXT('2D SPACE',''
  ) );
#7624 = ORIENTED_EDGE('',*,*,#7625,.T.);
#7625 = EDGE_CURVE('',#7600,#7518,#7626,.T.);
#7626 = SURFACE_CURVE('',#7627,(#7632,#7639),.PCURVE_S1.);
#7627 = PARABOLA('',#7628,2.62454950594E-02);
#7628 = AXIS2_PLACEMENT_3D('',#7629,#7630,#7631);
#7629 = CARTESIAN_POINT('',(61.261041594542,85.754420050984,
    101.97104159454));
#7630 = DIRECTION('',(0.706864473353,2.617694830787E-02,0.706864473353)
  );
#7631 = DIRECTION('',(1.850989765927E-02,-0.999657324976,
    1.850989765927E-02));
#7632 = PCURVE('',#1250,#7633);
#7633 = DEFINITIONAL_REPRESENTATION('',(#7634),#7638);
#7634 = B_SPLINE_CURVE_WITH_KNOTS('',2,(#7635,#7636,#7637),
  .UNSPECIFIED.,.F.,.F.,(3,3),(-2.324572778151,-2.299591015142),
  .PIECEWISE_BEZIER_KNOTS.);
#7635 = CARTESIAN_POINT('',(0.200068558498,2.324572778151));
#7636 = CARTESIAN_POINT('',(0.753229454394,2.312081896646));
#7637 = CARTESIAN_POINT('',(1.300445630238,2.299591015142));
#7638 = ( GEOMETRIC_REPRESENTATION_CONTEXT(2) 
PARAMETRIC_REPRESENTATION_CONTEXT() REPRESENTATION_CONTEXT('2D SPACE',''
  ) );
#7639 = PCURVE('',#7640,#7645);
#7640 = CONICAL_SURFACE('',#7641,2.35,2.617993877991E-02);
#7641 = AXIS2_PLACEMENT_3D('',#7642,#7643,#7644);
#7642 = CARTESIAN_POINT('',(61.97,34.3,102.68));
#7643 = DIRECTION('',(-0.,-1.,-0.));
#7644 = DIRECTION('',(1.,0.,0.));
#7645 = DEFINITIONAL_REPRESENTATION('',(#7646),#7653);
#7646 = B_SPLINE_CURVE_WITH_KNOTS('',5,(#7647,#7648,#7649,#7650,#7651,
    #7652),.UNSPECIFIED.,.F.,.F.,(6,6),(-2.324572778151,-2.299591015142)
  ,.PIECEWISE_BEZIER_KNOTS.);
#7647 = CARTESIAN_POINT('',(-4.074229828855,4.971553032557E-14));
#7648 = CARTESIAN_POINT('',(-4.072103721365,-0.221188536589));
#7649 = CARTESIAN_POINT('',(-4.069971063625,-0.441782804884));
#7650 = CARTESIAN_POINT('',(-4.067831825286,-0.661782804883));
#7651 = CARTESIAN_POINT('',(-4.065685975871,-0.881188536589));
#7652 = CARTESIAN_POINT('',(-4.063533484781,-1.1));
#7653 = ( GEOMETRIC_REPRESENTATION_CONTEXT(2) 
PARAMETRIC_REPRESENTATION_CONTEXT() REPRESENTATION_CONTEXT('2D SPACE',''
  ) );
#7654 = ADVANCED_FACE('',(#7655),#1279,.F.);
#7655 = FACE_BOUND('',#7656,.F.);
#7656 = EDGE_LOOP('',(#7657,#7658,#7682,#7707));
#7657 = ORIENTED_EDGE('',*,*,#7517,.F.);
#7658 = ORIENTED_EDGE('',*,*,#7659,.T.);
#7659 = EDGE_CURVE('',#7518,#7660,#7662,.T.);
#7660 = VERTEX_POINT('',#7661);
#7661 = CARTESIAN_POINT('',(63.372640142874,35.4,104.52947265865));
#7662 = SURFACE_CURVE('',#7663,(#7668,#7675),.PCURVE_S1.);
#7663 = CIRCLE('',#7664,2.321195486274);
#7664 = AXIS2_PLACEMENT_3D('',#7665,#7666,#7667);
#7665 = CARTESIAN_POINT('',(61.97,35.4,102.68));
#7666 = DIRECTION('',(-0.,1.,0.));
#7667 = DIRECTION('',(1.,0.,0.));
#7668 = PCURVE('',#1279,#7669);
#7669 = DEFINITIONAL_REPRESENTATION('',(#7670),#7674);
#7670 = LINE('',#7671,#7672);
#7671 = CARTESIAN_POINT('',(-0.,-0.));
#7672 = VECTOR('',#7673,1.);
#7673 = DIRECTION('',(-1.,-0.));
#7674 = ( GEOMETRIC_REPRESENTATION_CONTEXT(2) 
PARAMETRIC_REPRESENTATION_CONTEXT() REPRESENTATION_CONTEXT('2D SPACE',''
  ) );
#7675 = PCURVE('',#7640,#7676);
#7676 = DEFINITIONAL_REPRESENTATION('',(#7677),#7681);
#7677 = LINE('',#7678,#7679);
#7678 = CARTESIAN_POINT('',(-0.,-1.1));
#7679 = VECTOR('',#7680,1.);
#7680 = DIRECTION('',(-1.,-0.));
#7681 = ( GEOMETRIC_REPRESENTATION_CONTEXT(2) 
PARAMETRIC_REPRESENTATION_CONTEXT() REPRESENTATION_CONTEXT('2D SPACE',''
  ) );
#7682 = ORIENTED_EDGE('',*,*,#7683,.F.);
#7683 = EDGE_CURVE('',#1263,#7660,#7684,.T.);
#7684 = SURFACE_CURVE('',#7685,(#7690,#7700),.PCURVE_S1.);
#7685 = HYPERBOLA('',#7686,4.757254814202,0.396989669662);
#7686 = AXIS2_PLACEMENT_3D('',#7687,#7688,#7689);
#7687 = CARTESIAN_POINT('',(62.264201140098,63.354774951019,
    102.3857988599));
#7688 = DIRECTION('',(-0.706864473353,2.617694830787E-02,0.706864473353)
  );
#7689 = DIRECTION('',(-1.850989765927E-02,-0.999657324976,
    1.850989765927E-02));
#7690 = PCURVE('',#1279,#7691);
#7691 = DEFINITIONAL_REPRESENTATION('',(#7692),#7699);
#7692 = B_SPLINE_CURVE_WITH_KNOTS('',5,(#7693,#7694,#7695,#7696,#7697,
    #7698),.UNSPECIFIED.,.F.,.F.,(6,6),(2.343717818352,2.457092273023),
  .PIECEWISE_BEZIER_KNOTS.);
#7693 = CARTESIAN_POINT('',(-5.381823190403,-2.95));
#7694 = CARTESIAN_POINT('',(-5.377460008628,-2.393368232853));
#7695 = CARTESIAN_POINT('',(-5.373225566394,-1.820666189882));
#7696 = CARTESIAN_POINT('',(-5.369114689936,-1.231297625393));
#7697 = CARTESIAN_POINT('',(-5.365122519658,-0.624631915912));
#7698 = CARTESIAN_POINT('',(-5.361244475988,7.01289601291E-15));
#7699 = ( GEOMETRIC_REPRESENTATION_CONTEXT(2) 
PARAMETRIC_REPRESENTATION_CONTEXT() REPRESENTATION_CONTEXT('2D SPACE',''
  ) );
#7700 = PCURVE('',#1305,#7701);
#7701 = DEFINITIONAL_REPRESENTATION('',(#7702),#7706);
#7702 = ( BOUNDED_CURVE() B_SPLINE_CURVE(2,(#7703,#7704,#7705),
.UNSPECIFIED.,.F.,.F.) B_SPLINE_CURVE_WITH_KNOTS((3,3),(2.343717818352,
2.457092273023),.PIECEWISE_BEZIER_KNOTS.) CURVE() 
GEOMETRIC_REPRESENTATION_ITEM() RATIONAL_B_SPLINE_CURVE((1.,
1.001607151176,1.)) REPRESENTATION_ITEM('') );
#7703 = CARTESIAN_POINT('',(4.251456868086,1.800752470588));
#7704 = CARTESIAN_POINT('',(2.860889610536,1.682553155588));
#7705 = CARTESIAN_POINT('',(1.300445630238,1.550408984858));
#7706 = ( GEOMETRIC_REPRESENTATION_CONTEXT(2) 
PARAMETRIC_REPRESENTATION_CONTEXT() REPRESENTATION_CONTEXT('2D SPACE',''
  ) );
#7707 = ORIENTED_EDGE('',*,*,#1262,.F.);
#7708 = ADVANCED_FACE('',(#7709),#1305,.F.);
#7709 = FACE_BOUND('',#7710,.F.);
#7710 = EDGE_LOOP('',(#7711,#7712,#7713,#7740,#7761,#7788,#7807));
#7711 = ORIENTED_EDGE('',*,*,#1291,.T.);
#7712 = ORIENTED_EDGE('',*,*,#7683,.T.);
#7713 = ORIENTED_EDGE('',*,*,#7714,.T.);
#7714 = EDGE_CURVE('',#7660,#7715,#7717,.T.);
#7715 = VERTEX_POINT('',#7716);
#7716 = CARTESIAN_POINT('',(63.369937049919,34.3,104.56750529966));
#7717 = SURFACE_CURVE('',#7718,(#7723,#7730),.PCURVE_S1.);
#7718 = PARABOLA('',#7719,2.62454950594E-02);
#7719 = AXIS2_PLACEMENT_3D('',#7720,#7721,#7722);
#7720 = CARTESIAN_POINT('',(62.678958405458,85.754420050984,
    101.97104159454));
#7721 = DIRECTION('',(-0.706864473353,2.617694830787E-02,0.706864473353)
  );
#7722 = DIRECTION('',(-1.850989765927E-02,-0.999657324976,
    1.850989765927E-02));
#7723 = PCURVE('',#1305,#7724);
#7724 = DEFINITIONAL_REPRESENTATION('',(#7725),#7729);
#7725 = B_SPLINE_CURVE_WITH_KNOTS('',2,(#7726,#7727,#7728),
  .UNSPECIFIED.,.F.,.F.,(3,3),(2.299591015142,2.324572778151),
  .PIECEWISE_BEZIER_KNOTS.);
#7726 = CARTESIAN_POINT('',(1.300445630238,1.550408984858));
#7727 = CARTESIAN_POINT('',(0.753229454394,1.537918103354));
#7728 = CARTESIAN_POINT('',(0.200068558498,1.525427221849));
#7729 = ( GEOMETRIC_REPRESENTATION_CONTEXT(2) 
PARAMETRIC_REPRESENTATION_CONTEXT() REPRESENTATION_CONTEXT('2D SPACE',''
  ) );
#7730 = PCURVE('',#7640,#7731);
#7731 = DEFINITIONAL_REPRESENTATION('',(#7732),#7739);
#7732 = B_SPLINE_CURVE_WITH_KNOTS('',5,(#7733,#7734,#7735,#7736,#7737,
    #7738),.UNSPECIFIED.,.F.,.F.,(6,6),(2.299591015142,2.324572778151),
  .PIECEWISE_BEZIER_KNOTS.);
#7733 = CARTESIAN_POINT('',(-5.361244475988,-1.1));
#7734 = CARTESIAN_POINT('',(-5.359091984898,-0.881188536589));
#7735 = CARTESIAN_POINT('',(-5.356946135483,-0.661782804884));
#7736 = CARTESIAN_POINT('',(-5.354806897144,-0.441782804884));
#7737 = CARTESIAN_POINT('',(-5.352674239405,-0.221188536589));
#7738 = CARTESIAN_POINT('',(-5.350548131914,1.420111697395E-14));
#7739 = ( GEOMETRIC_REPRESENTATION_CONTEXT(2) 
PARAMETRIC_REPRESENTATION_CONTEXT() REPRESENTATION_CONTEXT('2D SPACE',''
  ) );
#7740 = ORIENTED_EDGE('',*,*,#7741,.T.);
#7741 = EDGE_CURVE('',#7715,#7742,#7744,.T.);
#7742 = VERTEX_POINT('',#7743);
#7743 = CARTESIAN_POINT('',(63.666047300885,34.3,104.86361555063));
#7744 = SURFACE_CURVE('',#7745,(#7749,#7755),.PCURVE_S1.);
#7745 = LINE('',#7746,#7747);
#7746 = CARTESIAN_POINT('',(63.087396428911,34.3,104.28496467865));
#7747 = VECTOR('',#7748,1.);
#7748 = DIRECTION('',(0.707106781187,-0.,0.707106781187));
#7749 = PCURVE('',#1305,#7750);
#7750 = DEFINITIONAL_REPRESENTATION('',(#7751),#7754);
#7751 = B_SPLINE_CURVE_WITH_KNOTS('',1,(#7752,#7753),.UNSPECIFIED.,.F.,
  .F.,(2,2),(-1.925,1.640417057362),.PIECEWISE_BEZIER_KNOTS.);
#7752 = CARTESIAN_POINT('',(0.200068558498,3.85));
#7753 = CARTESIAN_POINT('',(0.200068558498,0.284582942638));
#7754 = ( GEOMETRIC_REPRESENTATION_CONTEXT(2) 
PARAMETRIC_REPRESENTATION_CONTEXT() REPRESENTATION_CONTEXT('2D SPACE',''
  ) );
#7755 = PCURVE('',#7614,#7756);
#7756 = DEFINITIONAL_REPRESENTATION('',(#7757),#7760);
#7757 = B_SPLINE_CURVE_WITH_KNOTS('',1,(#7758,#7759),.UNSPECIFIED.,.F.,
  .F.,(2,2),(-1.925,1.640417057362),.PIECEWISE_BEZIER_KNOTS.);
#7758 = CARTESIAN_POINT('',(-0.243784124873,-0.243784124873));
#7759 = CARTESIAN_POINT('',(2.277346454146,-2.764914703891));
#7760 = ( GEOMETRIC_REPRESENTATION_CONTEXT(2) 
PARAMETRIC_REPRESENTATION_CONTEXT() REPRESENTATION_CONTEXT('2D SPACE',''
  ) );
#7761 = ORIENTED_EDGE('',*,*,#7762,.F.);
#7762 = EDGE_CURVE('',#7763,#7742,#7765,.T.);
#7763 = VERTEX_POINT('',#7764);
#7764 = CARTESIAN_POINT('',(64.140343374095,35.4,105.29717588987));
#7765 = SURFACE_CURVE('',#7766,(#7771,#7778),.PCURVE_S1.);
#7766 = HYPERBOLA('',#7767,0.816310624584,0.470650819272);
#7767 = AXIS2_PLACEMENT_3D('',#7768,#7769,#7770);
#7768 = CARTESIAN_POINT('',(61.63685678202,29.474015890172,
    103.01314321798));
#7769 = DIRECTION('',(-0.706864473353,2.617694830787E-02,0.706864473353)
  );
#7770 = DIRECTION('',(1.850989765927E-02,0.999657324976,
    -1.850989765927E-02));
#7771 = PCURVE('',#1305,#7772);
#7772 = DEFINITIONAL_REPRESENTATION('',(#7773),#7777);
#7773 = ( BOUNDED_CURVE() B_SPLINE_CURVE(2,(#7774,#7775,#7776),
.UNSPECIFIED.,.F.,.F.) B_SPLINE_CURVE_WITH_KNOTS((3,3),(-2.671022353359,
-2.463239088647),.PIECEWISE_BEZIER_KNOTS.) CURVE() 
GEOMETRIC_REPRESENTATION_ITEM() RATIONAL_B_SPLINE_CURVE((1.,
1.005401591509,1.)) REPRESENTATION_ITEM('') );
#7774 = CARTESIAN_POINT('',(1.300445630238,0.464712663388));
#7775 = CARTESIAN_POINT('',(0.692626807651,0.818526390289));
#7776 = CARTESIAN_POINT('',(0.200068558498,1.106664088976));
#7777 = ( GEOMETRIC_REPRESENTATION_CONTEXT(2) 
PARAMETRIC_REPRESENTATION_CONTEXT() REPRESENTATION_CONTEXT('2D SPACE',''
  ) );
#7778 = PCURVE('',#7584,#7779);
#7779 = DEFINITIONAL_REPRESENTATION('',(#7780),#7787);
#7780 = B_SPLINE_CURVE_WITH_KNOTS('',5,(#7781,#7782,#7783,#7784,#7785,
    #7786),.UNSPECIFIED.,.F.,.F.,(6,6),(-2.671022353359,-2.463239088647)
  ,.PIECEWISE_BEZIER_KNOTS.);
#7781 = CARTESIAN_POINT('',(5.404723956662,1.922962686384E-16));
#7782 = CARTESIAN_POINT('',(5.398971405852,-0.243918016992));
#7783 = CARTESIAN_POINT('',(5.392921020617,-0.475043659375));
#7784 = CARTESIAN_POINT('',(5.386552507574,-0.694254413709));
#7785 = CARTESIAN_POINT('',(5.379843594583,-0.90233611247));
#7786 = CARTESIAN_POINT('',(5.372769715332,-1.1));
#7787 = ( GEOMETRIC_REPRESENTATION_CONTEXT(2) 
PARAMETRIC_REPRESENTATION_CONTEXT() REPRESENTATION_CONTEXT('2D SPACE',''
  ) );
#7788 = ORIENTED_EDGE('',*,*,#7789,.T.);
#7789 = EDGE_CURVE('',#7763,#7461,#7790,.T.);
#7790 = SURFACE_CURVE('',#7791,(#7795,#7801),.PCURVE_S1.);
#7791 = LINE('',#7792,#7793);
#7792 = CARTESIAN_POINT('',(63.107764295896,35.4,104.26459681167));
#7793 = VECTOR('',#7794,1.);
#7794 = DIRECTION('',(-0.707106781187,0.,-0.707106781187));
#7795 = PCURVE('',#1305,#7796);
#7796 = DEFINITIONAL_REPRESENTATION('',(#7797),#7800);
#7797 = B_SPLINE_CURVE_WITH_KNOTS('',1,(#7798,#7799),.UNSPECIFIED.,.F.,
  .F.,(2,2),(-1.925,1.925),.PIECEWISE_BEZIER_KNOTS.);
#7798 = CARTESIAN_POINT('',(1.300445630238,0.));
#7799 = CARTESIAN_POINT('',(1.300445630238,3.85));
#7800 = ( GEOMETRIC_REPRESENTATION_CONTEXT(2) 
PARAMETRIC_REPRESENTATION_CONTEXT() REPRESENTATION_CONTEXT('2D SPACE',''
  ) );
#7801 = PCURVE('',#7502,#7802);
#7802 = DEFINITIONAL_REPRESENTATION('',(#7803),#7806);
#7803 = B_SPLINE_CURVE_WITH_KNOTS('',1,(#7804,#7805),.UNSPECIFIED.,.F.,
  .F.,(2,2),(-1.925,1.925),.PIECEWISE_BEZIER_KNOTS.);
#7804 = CARTESIAN_POINT('',(2.49894484968,-2.945777365456));
#7805 = CARTESIAN_POINT('',(-0.223416257888,-0.223416257888));
#7806 = ( GEOMETRIC_REPRESENTATION_CONTEXT(2) 
PARAMETRIC_REPRESENTATION_CONTEXT() REPRESENTATION_CONTEXT('2D SPACE',''
  ) );
#7807 = ORIENTED_EDGE('',*,*,#7460,.F.);
#7808 = ADVANCED_FACE('',(#7809),#1338,.T.);
#7809 = FACE_BOUND('',#7810,.F.);
#7810 = EDGE_LOOP('',(#7811,#7838,#7839,#7866));
#7811 = ORIENTED_EDGE('',*,*,#7812,.T.);
#7812 = EDGE_CURVE('',#7813,#1320,#7815,.T.);
#7813 = VERTEX_POINT('',#7814);
#7814 = CARTESIAN_POINT('',(59.763140201287,35.4,100.91997271706));
#7815 = SURFACE_CURVE('',#7816,(#7821,#7831),.PCURVE_S1.);
#7816 = PARABOLA('',#7817,4.108092253026E-02);
#7817 = AXIS2_PLACEMENT_3D('',#7818,#7819,#7820);
#7818 = CARTESIAN_POINT('',(60.860298496337,-12.4652856037,
    103.78970150366));
#7819 = DIRECTION('',(-0.706864473353,2.617694830787E-02,0.706864473353)
  );
#7820 = DIRECTION('',(1.850989765927E-02,0.999657324976,
    -1.850989765927E-02));
#7821 = PCURVE('',#1338,#7822);
#7822 = DEFINITIONAL_REPRESENTATION('',(#7823),#7830);
#7823 = B_SPLINE_CURVE_WITH_KNOTS('',5,(#7824,#7825,#7826,#7827,#7828,
    #7829),.UNSPECIFIED.,.F.,.F.,(6,6),(2.805012755636,2.890158752642),
  .PIECEWISE_BEZIER_KNOTS.);
#7824 = CARTESIAN_POINT('',(2.468362286939,-2.95));
#7825 = CARTESIAN_POINT('',(2.462329450108,-2.368820829743));
#7826 = CARTESIAN_POINT('',(2.45633727042,-1.783231244615));
#7827 = CARTESIAN_POINT('',(2.450385428584,-1.193231244615));
#7828 = CARTESIAN_POINT('',(2.444473601598,-0.598820829743));
#7829 = CARTESIAN_POINT('',(2.438601463874,-7.08893757025E-15));
#7830 = ( GEOMETRIC_REPRESENTATION_CONTEXT(2) 
PARAMETRIC_REPRESENTATION_CONTEXT() REPRESENTATION_CONTEXT('2D SPACE',''
  ) );
#7831 = PCURVE('',#1366,#7832);
#7832 = DEFINITIONAL_REPRESENTATION('',(#7833),#7837);
#7833 = B_SPLINE_CURVE_WITH_KNOTS('',2,(#7834,#7835,#7836),
  .UNSPECIFIED.,.F.,.F.,(3,3),(2.805012755636,2.890158752642),
  .PIECEWISE_BEZIER_KNOTS.);
#7834 = CARTESIAN_POINT('',(1.300445630238,2.805012755636));
#7835 = CARTESIAN_POINT('',(2.753891615518,2.847585754139));
#7836 = CARTESIAN_POINT('',(4.251456868086,2.890158752642));
#7837 = ( GEOMETRIC_REPRESENTATION_CONTEXT(2) 
PARAMETRIC_REPRESENTATION_CONTEXT() REPRESENTATION_CONTEXT('2D SPACE',''
  ) );
#7838 = ORIENTED_EDGE('',*,*,#1319,.T.);
#7839 = ORIENTED_EDGE('',*,*,#7840,.T.);
#7840 = EDGE_CURVE('',#1322,#7841,#7843,.T.);
#7841 = VERTEX_POINT('',#7842);
#7842 = CARTESIAN_POINT('',(59.763140201287,35.4,104.44002728293));
#7843 = SURFACE_CURVE('',#7844,(#7849,#7859),.PCURVE_S1.);
#7844 = PARABOLA('',#7845,4.108092253026E-02);
#7845 = AXIS2_PLACEMENT_3D('',#7846,#7847,#7848);
#7846 = CARTESIAN_POINT('',(60.860298496337,-12.4652856037,
    101.57029849633));
#7847 = DIRECTION('',(-0.706864473353,2.617694830787E-02,-0.706864473353
    ));
#7848 = DIRECTION('',(1.850989765927E-02,0.999657324976,
    1.850989765927E-02));
#7849 = PCURVE('',#1338,#7850);
#7850 = DEFINITIONAL_REPRESENTATION('',(#7851),#7858);
#7851 = B_SPLINE_CURVE_WITH_KNOTS('',5,(#7852,#7853,#7854,#7855,#7856,
    #7857),.UNSPECIFIED.,.F.,.F.,(6,6),(-2.890158752642,-2.805012755636)
  ,.PIECEWISE_BEZIER_KNOTS.);
#7852 = CARTESIAN_POINT('',(3.844583843306,-7.100558486977E-15));
#7853 = CARTESIAN_POINT('',(3.838711705581,-0.598820829743));
#7854 = CARTESIAN_POINT('',(3.832799878596,-1.193231244615));
#7855 = CARTESIAN_POINT('',(3.826848036759,-1.783231244615));
#7856 = CARTESIAN_POINT('',(3.820855857071,-2.368820829743));
#7857 = CARTESIAN_POINT('',(3.814823020241,-2.95));
#7858 = ( GEOMETRIC_REPRESENTATION_CONTEXT(2) 
PARAMETRIC_REPRESENTATION_CONTEXT() REPRESENTATION_CONTEXT('2D SPACE',''
  ) );
#7859 = PCURVE('',#1421,#7860);
#7860 = DEFINITIONAL_REPRESENTATION('',(#7861),#7865);
#7861 = B_SPLINE_CURVE_WITH_KNOTS('',2,(#7862,#7863,#7864),
  .UNSPECIFIED.,.F.,.F.,(3,3),(-2.890158752642,-2.805012755636),
  .PIECEWISE_BEZIER_KNOTS.);
#7862 = CARTESIAN_POINT('',(4.251456868086,0.959841247358));
#7863 = CARTESIAN_POINT('',(2.753891615518,1.002414245861));
#7864 = CARTESIAN_POINT('',(1.300445630238,1.044987244364));
#7865 = ( GEOMETRIC_REPRESENTATION_CONTEXT(2) 
PARAMETRIC_REPRESENTATION_CONTEXT() REPRESENTATION_CONTEXT('2D SPACE',''
  ) );
#7866 = ORIENTED_EDGE('',*,*,#7867,.F.);
#7867 = EDGE_CURVE('',#7813,#7841,#7868,.T.);
#7868 = SURFACE_CURVE('',#7869,(#7874,#7881),.PCURVE_S1.);
#7869 = CIRCLE('',#7870,2.822751531371);
#7870 = AXIS2_PLACEMENT_3D('',#7871,#7872,#7873);
#7871 = CARTESIAN_POINT('',(61.97,35.4,102.68));
#7872 = DIRECTION('',(-0.,1.,0.));
#7873 = DIRECTION('',(1.,0.,0.));
#7874 = PCURVE('',#1338,#7875);
#7875 = DEFINITIONAL_REPRESENTATION('',(#7876),#7880);
#7876 = LINE('',#7877,#7878);
#7877 = CARTESIAN_POINT('',(0.,-2.95));
#7878 = VECTOR('',#7879,1.);
#7879 = DIRECTION('',(1.,-0.));
#7880 = ( GEOMETRIC_REPRESENTATION_CONTEXT(2) 
PARAMETRIC_REPRESENTATION_CONTEXT() REPRESENTATION_CONTEXT('2D SPACE',''
  ) );
#7881 = PCURVE('',#7882,#7887);
#7882 = PLANE('',#7883);
#7883 = AXIS2_PLACEMENT_3D('',#7884,#7885,#7886);
#7884 = CARTESIAN_POINT('',(61.97,35.4,102.68));
#7885 = DIRECTION('',(0.,1.,0.));
#7886 = DIRECTION('',(1.,0.,0.));
#7887 = DEFINITIONAL_REPRESENTATION('',(#7888),#7892);
#7888 = CIRCLE('',#7889,2.822751531371);
#7889 = AXIS2_PLACEMENT_2D('',#7890,#7891);
#7890 = CARTESIAN_POINT('',(0.,0.));
#7891 = DIRECTION('',(1.,-0.));
#7892 = ( GEOMETRIC_REPRESENTATION_CONTEXT(2) 
PARAMETRIC_REPRESENTATION_CONTEXT() REPRESENTATION_CONTEXT('2D SPACE',''
  ) );
#7893 = ADVANCED_FACE('',(#7894),#1366,.F.);
#7894 = FACE_BOUND('',#7895,.F.);
#7895 = EDGE_LOOP('',(#7896,#7923,#7924,#7925,#7946,#7978,#8004));
#7896 = ORIENTED_EDGE('',*,*,#7897,.T.);
#7897 = EDGE_CURVE('',#7898,#1351,#7900,.T.);
#7898 = VERTEX_POINT('',#7899);
#7899 = CARTESIAN_POINT('',(60.120527341349,35.4,101.27735985712));
#7900 = SURFACE_CURVE('',#7901,(#7906,#7913),.PCURVE_S1.);
#7901 = HYPERBOLA('',#7902,4.757254814202,0.396989669662);
#7902 = AXIS2_PLACEMENT_3D('',#7903,#7904,#7905);
#7903 = CARTESIAN_POINT('',(62.264201140098,63.354774951019,
    102.3857988599));
#7904 = DIRECTION('',(-0.706864473353,2.617694830787E-02,0.706864473353)
  );
#7905 = DIRECTION('',(-1.850989765927E-02,-0.999657324976,
    1.850989765927E-02));
#7906 = PCURVE('',#1366,#7907);
#7907 = DEFINITIONAL_REPRESENTATION('',(#7908),#7912);
#7908 = ( BOUNDED_CURVE() B_SPLINE_CURVE(2,(#7909,#7910,#7911),
.UNSPECIFIED.,.F.,.F.) B_SPLINE_CURVE_WITH_KNOTS((3,3),(-2.457092273023,
-2.343717818352),.PIECEWISE_BEZIER_KNOTS.) CURVE() 
GEOMETRIC_REPRESENTATION_ITEM() RATIONAL_B_SPLINE_CURVE((1.,
1.001607151176,1.)) REPRESENTATION_ITEM('') );
#7909 = CARTESIAN_POINT('',(1.300445630238,2.299591015142));
#7910 = CARTESIAN_POINT('',(2.860889610536,2.167446844412));
#7911 = CARTESIAN_POINT('',(4.251456868086,2.049247529412));
#7912 = ( GEOMETRIC_REPRESENTATION_CONTEXT(2) 
PARAMETRIC_REPRESENTATION_CONTEXT() REPRESENTATION_CONTEXT('2D SPACE',''
  ) );
#7913 = PCURVE('',#1395,#7914);
#7914 = DEFINITIONAL_REPRESENTATION('',(#7915),#7922);
#7915 = B_SPLINE_CURVE_WITH_KNOTS('',5,(#7916,#7917,#7918,#7919,#7920,
    #7921),.UNSPECIFIED.,.F.,.F.,(6,6),(-2.457092273023,-2.343717818352)
  ,.PIECEWISE_BEZIER_KNOTS.);
#7916 = CARTESIAN_POINT('',(-2.492737157986,3.53729411926E-14));
#7917 = CARTESIAN_POINT('',(-2.488859114317,-0.624631915912));
#7918 = CARTESIAN_POINT('',(-2.484866944039,-1.231297625393));
#7919 = CARTESIAN_POINT('',(-2.48075606758,-1.820666189882));
#7920 = CARTESIAN_POINT('',(-2.476521625346,-2.393368232853));
#7921 = CARTESIAN_POINT('',(-2.472158443572,-2.95));
#7922 = ( GEOMETRIC_REPRESENTATION_CONTEXT(2) 
PARAMETRIC_REPRESENTATION_CONTEXT() REPRESENTATION_CONTEXT('2D SPACE',''
  ) );
#7923 = ORIENTED_EDGE('',*,*,#1350,.T.);
#7924 = ORIENTED_EDGE('',*,*,#7812,.F.);
#7925 = ORIENTED_EDGE('',*,*,#7926,.T.);
#7926 = EDGE_CURVE('',#7813,#7927,#7929,.T.);
#7927 = VERTEX_POINT('',#7928);
#7928 = CARTESIAN_POINT('',(59.352824110129,35.4,100.5096566259));
#7929 = SURFACE_CURVE('',#7930,(#7934,#7940),.PCURVE_S1.);
#7930 = LINE('',#7931,#7932);
#7931 = CARTESIAN_POINT('',(61.746583742112,35.4,102.90341625788));
#7932 = VECTOR('',#7933,1.);
#7933 = DIRECTION('',(-0.707106781187,0.,-0.707106781187));
#7934 = PCURVE('',#1366,#7935);
#7935 = DEFINITIONAL_REPRESENTATION('',(#7936),#7939);
#7936 = B_SPLINE_CURVE_WITH_KNOTS('',1,(#7937,#7938),.UNSPECIFIED.,.F.,
  .F.,(2,2),(4.51028103754E-17,3.85),.PIECEWISE_BEZIER_KNOTS.);
#7937 = CARTESIAN_POINT('',(1.300445630238,0.));
#7938 = CARTESIAN_POINT('',(1.300445630238,3.85));
#7939 = ( GEOMETRIC_REPRESENTATION_CONTEXT(2) 
PARAMETRIC_REPRESENTATION_CONTEXT() REPRESENTATION_CONTEXT('2D SPACE',''
  ) );
#7940 = PCURVE('',#7882,#7941);
#7941 = DEFINITIONAL_REPRESENTATION('',(#7942),#7945);
#7942 = B_SPLINE_CURVE_WITH_KNOTS('',1,(#7943,#7944),.UNSPECIFIED.,.F.,
  .F.,(2,2),(4.51028103754E-17,3.85),.PIECEWISE_BEZIER_KNOTS.);
#7943 = CARTESIAN_POINT('',(-0.223416257888,-0.223416257888));
#7944 = CARTESIAN_POINT('',(-2.945777365456,2.49894484968));
#7945 = ( GEOMETRIC_REPRESENTATION_CONTEXT(2) 
PARAMETRIC_REPRESENTATION_CONTEXT() REPRESENTATION_CONTEXT('2D SPACE',''
  ) );
#7946 = ORIENTED_EDGE('',*,*,#7947,.F.);
#7947 = EDGE_CURVE('',#7948,#7927,#7950,.T.);
#7948 = VERTEX_POINT('',#7949);
#7949 = CARTESIAN_POINT('',(59.78638444937,34.3,100.98395269911));
#7950 = SURFACE_CURVE('',#7951,(#7956,#7963),.PCURVE_S1.);
#7951 = HYPERBOLA('',#7952,0.816310624584,0.470650819272);
#7952 = AXIS2_PLACEMENT_3D('',#7953,#7954,#7955);
#7953 = CARTESIAN_POINT('',(61.63685678202,29.474015890172,
    103.01314321798));
#7954 = DIRECTION('',(-0.706864473353,2.617694830787E-02,0.706864473353)
  );
#7955 = DIRECTION('',(1.850989765927E-02,0.999657324976,
    -1.850989765927E-02));
#7956 = PCURVE('',#1366,#7957);
#7957 = DEFINITIONAL_REPRESENTATION('',(#7958),#7962);
#7958 = ( BOUNDED_CURVE() B_SPLINE_CURVE(2,(#7959,#7960,#7961),
.UNSPECIFIED.,.F.,.F.) B_SPLINE_CURVE_WITH_KNOTS((3,3),(2.463239088647,
2.671022353359),.PIECEWISE_BEZIER_KNOTS.) CURVE() 
GEOMETRIC_REPRESENTATION_ITEM() RATIONAL_B_SPLINE_CURVE((1.,
1.005401591509,1.)) REPRESENTATION_ITEM('') );
#7959 = CARTESIAN_POINT('',(0.200068558498,2.743335911024));
#7960 = CARTESIAN_POINT('',(0.692626807651,3.031473609711));
#7961 = CARTESIAN_POINT('',(1.300445630238,3.385287336612));
#7962 = ( GEOMETRIC_REPRESENTATION_CONTEXT(2) 
PARAMETRIC_REPRESENTATION_CONTEXT() REPRESENTATION_CONTEXT('2D SPACE',''
  ) );
#7963 = PCURVE('',#7964,#7969);
#7964 = CONICAL_SURFACE('',#7965,3.4,0.523598775598);
#7965 = AXIS2_PLACEMENT_3D('',#7966,#7967,#7968);
#7966 = CARTESIAN_POINT('',(61.97,35.4,102.68));
#7967 = DIRECTION('',(0.,1.,0.));
#7968 = DIRECTION('',(1.,-0.,0.));
#7969 = DEFINITIONAL_REPRESENTATION('',(#7970),#7977);
#7970 = B_SPLINE_CURVE_WITH_KNOTS('',5,(#7971,#7972,#7973,#7974,#7975,
    #7976),.UNSPECIFIED.,.F.,.F.,(6,6),(2.463239088647,2.671022353359),
  .PIECEWISE_BEZIER_KNOTS.);
#7971 = CARTESIAN_POINT('',(2.481211918643,-1.1));
#7972 = CARTESIAN_POINT('',(2.474138039392,-0.90233611247));
#7973 = CARTESIAN_POINT('',(2.4674291264,-0.694254413709));
#7974 = CARTESIAN_POINT('',(2.461060613357,-0.475043659375));
#7975 = CARTESIAN_POINT('',(2.455010228123,-0.243918016992));
#7976 = CARTESIAN_POINT('',(2.449257677313,0.));
#7977 = ( GEOMETRIC_REPRESENTATION_CONTEXT(2) 
PARAMETRIC_REPRESENTATION_CONTEXT() REPRESENTATION_CONTEXT('2D SPACE',''
  ) );
#7978 = ORIENTED_EDGE('',*,*,#7979,.T.);
#7979 = EDGE_CURVE('',#7948,#7980,#7982,.T.);
#7980 = VERTEX_POINT('',#7981);
#7981 = CARTESIAN_POINT('',(60.082494700335,34.3,101.28006295008));
#7982 = SURFACE_CURVE('',#7983,(#7987,#7993),.PCURVE_S1.);
#7983 = LINE('',#7984,#7985);
#7984 = CARTESIAN_POINT('',(61.726215875127,34.3,102.92378412487));
#7985 = VECTOR('',#7986,1.);
#7986 = DIRECTION('',(0.707106781187,-0.,0.707106781187));
#7987 = PCURVE('',#1366,#7988);
#7988 = DEFINITIONAL_REPRESENTATION('',(#7989),#7992);
#7989 = B_SPLINE_CURVE_WITH_KNOTS('',1,(#7990,#7991),.UNSPECIFIED.,.F.,
  .F.,(2,2),(-3.565417057362,-3.989863994747E-17),
  .PIECEWISE_BEZIER_KNOTS.);
#7990 = CARTESIAN_POINT('',(0.200068558498,3.565417057362));
#7991 = CARTESIAN_POINT('',(0.200068558498,0.));
#7992 = ( GEOMETRIC_REPRESENTATION_CONTEXT(2) 
PARAMETRIC_REPRESENTATION_CONTEXT() REPRESENTATION_CONTEXT('2D SPACE',''
  ) );
#7993 = PCURVE('',#7994,#7999);
#7994 = PLANE('',#7995);
#7995 = AXIS2_PLACEMENT_3D('',#7996,#7997,#7998);
#7996 = CARTESIAN_POINT('',(61.97,34.3,102.68));
#7997 = DIRECTION('',(0.,1.,0.));
#7998 = DIRECTION('',(1.,0.,0.));
#7999 = DEFINITIONAL_REPRESENTATION('',(#8000),#8003);
#8000 = B_SPLINE_CURVE_WITH_KNOTS('',1,(#8001,#8002),.UNSPECIFIED.,.F.,
  .F.,(2,2),(-3.565417057362,-3.989863994747E-17),
  .PIECEWISE_BEZIER_KNOTS.);
#8001 = CARTESIAN_POINT('',(-2.764914703891,2.277346454146));
#8002 = CARTESIAN_POINT('',(-0.243784124873,-0.243784124873));
#8003 = ( GEOMETRIC_REPRESENTATION_CONTEXT(2) 
PARAMETRIC_REPRESENTATION_CONTEXT() REPRESENTATION_CONTEXT('2D SPACE',''
  ) );
#8004 = ORIENTED_EDGE('',*,*,#8005,.T.);
#8005 = EDGE_CURVE('',#7980,#7898,#8006,.T.);
#8006 = SURFACE_CURVE('',#8007,(#8012,#8019),.PCURVE_S1.);
#8007 = PARABOLA('',#8008,2.62454950594E-02);
#8008 = AXIS2_PLACEMENT_3D('',#8009,#8010,#8011);
#8009 = CARTESIAN_POINT('',(62.678958405458,85.754420050984,
    101.97104159454));
#8010 = DIRECTION('',(-0.706864473353,2.617694830787E-02,0.706864473353)
  );
#8011 = DIRECTION('',(-1.850989765927E-02,-0.999657324976,
    1.850989765927E-02));
#8012 = PCURVE('',#1366,#8013);
#8013 = DEFINITIONAL_REPRESENTATION('',(#8014),#8018);
#8014 = B_SPLINE_CURVE_WITH_KNOTS('',2,(#8015,#8016,#8017),
  .UNSPECIFIED.,.F.,.F.,(3,3),(-2.324572778151,-2.299591015142),
  .PIECEWISE_BEZIER_KNOTS.);
#8015 = CARTESIAN_POINT('',(0.200068558498,2.324572778151));
#8016 = CARTESIAN_POINT('',(0.753229454394,2.312081896646));
#8017 = CARTESIAN_POINT('',(1.300445630238,2.299591015142));
#8018 = ( GEOMETRIC_REPRESENTATION_CONTEXT(2) 
PARAMETRIC_REPRESENTATION_CONTEXT() REPRESENTATION_CONTEXT('2D SPACE',''
  ) );
#8019 = PCURVE('',#8020,#8025);
#8020 = CONICAL_SURFACE('',#8021,2.35,2.617993877991E-02);
#8021 = AXIS2_PLACEMENT_3D('',#8022,#8023,#8024);
#8022 = CARTESIAN_POINT('',(61.97,34.3,102.68));
#8023 = DIRECTION('',(-0.,-1.,-0.));
#8024 = DIRECTION('',(1.,0.,0.));
#8025 = DEFINITIONAL_REPRESENTATION('',(#8026),#8033);
#8026 = B_SPLINE_CURVE_WITH_KNOTS('',5,(#8027,#8028,#8029,#8030,#8031,
    #8032),.UNSPECIFIED.,.F.,.F.,(6,6),(-2.324572778151,-2.299591015142)
  ,.PIECEWISE_BEZIER_KNOTS.);
#8027 = CARTESIAN_POINT('',(-2.50343350206,7.814100610693E-14));
#8028 = CARTESIAN_POINT('',(-2.50130739457,-0.221188536589));
#8029 = CARTESIAN_POINT('',(-2.49917473683,-0.441782804884));
#8030 = CARTESIAN_POINT('',(-2.497035498491,-0.661782804883));
#8031 = CARTESIAN_POINT('',(-2.494889649076,-0.881188536589));
#8032 = CARTESIAN_POINT('',(-2.492737157986,-1.1));
#8033 = ( GEOMETRIC_REPRESENTATION_CONTEXT(2) 
PARAMETRIC_REPRESENTATION_CONTEXT() REPRESENTATION_CONTEXT('2D SPACE',''
  ) );
#8034 = ADVANCED_FACE('',(#8035),#1395,.F.);
#8035 = FACE_BOUND('',#8036,.F.);
#8036 = EDGE_LOOP('',(#8037,#8038,#8062,#8087));
#8037 = ORIENTED_EDGE('',*,*,#7897,.F.);
#8038 = ORIENTED_EDGE('',*,*,#8039,.T.);
#8039 = EDGE_CURVE('',#7898,#8040,#8042,.T.);
#8040 = VERTEX_POINT('',#8041);
#8041 = CARTESIAN_POINT('',(60.120527341349,35.4,104.08264014287));
#8042 = SURFACE_CURVE('',#8043,(#8048,#8055),.PCURVE_S1.);
#8043 = CIRCLE('',#8044,2.321195486274);
#8044 = AXIS2_PLACEMENT_3D('',#8045,#8046,#8047);
#8045 = CARTESIAN_POINT('',(61.97,35.4,102.68));
#8046 = DIRECTION('',(-0.,1.,0.));
#8047 = DIRECTION('',(1.,0.,0.));
#8048 = PCURVE('',#1395,#8049);
#8049 = DEFINITIONAL_REPRESENTATION('',(#8050),#8054);
#8050 = LINE('',#8051,#8052);
#8051 = CARTESIAN_POINT('',(-0.,-0.));
#8052 = VECTOR('',#8053,1.);
#8053 = DIRECTION('',(-1.,-0.));
#8054 = ( GEOMETRIC_REPRESENTATION_CONTEXT(2) 
PARAMETRIC_REPRESENTATION_CONTEXT() REPRESENTATION_CONTEXT('2D SPACE',''
  ) );
#8055 = PCURVE('',#8020,#8056);
#8056 = DEFINITIONAL_REPRESENTATION('',(#8057),#8061);
#8057 = LINE('',#8058,#8059);
#8058 = CARTESIAN_POINT('',(-0.,-1.1));
#8059 = VECTOR('',#8060,1.);
#8060 = DIRECTION('',(-1.,-0.));
#8061 = ( GEOMETRIC_REPRESENTATION_CONTEXT(2) 
PARAMETRIC_REPRESENTATION_CONTEXT() REPRESENTATION_CONTEXT('2D SPACE',''
  ) );
#8062 = ORIENTED_EDGE('',*,*,#8063,.F.);
#8063 = EDGE_CURVE('',#1379,#8040,#8064,.T.);
#8064 = SURFACE_CURVE('',#8065,(#8070,#8080),.PCURVE_S1.);
#8065 = HYPERBOLA('',#8066,4.757254814202,0.396989669662);
#8066 = AXIS2_PLACEMENT_3D('',#8067,#8068,#8069);
#8067 = CARTESIAN_POINT('',(62.264201140098,63.354774951019,
    102.97420114009));
#8068 = DIRECTION('',(-0.706864473353,2.617694830787E-02,-0.706864473353
    ));
#8069 = DIRECTION('',(-1.850989765927E-02,-0.999657324976,
    -1.850989765927E-02));
#8070 = PCURVE('',#1395,#8071);
#8071 = DEFINITIONAL_REPRESENTATION('',(#8072),#8079);
#8072 = B_SPLINE_CURVE_WITH_KNOTS('',5,(#8073,#8074,#8075,#8076,#8077,
    #8078),.UNSPECIFIED.,.F.,.F.,(6,6),(2.343717818352,2.457092273023),
  .PIECEWISE_BEZIER_KNOTS.);
#8073 = CARTESIAN_POINT('',(-3.811026863608,-2.95));
#8074 = CARTESIAN_POINT('',(-3.806663681833,-2.393368232853));
#8075 = CARTESIAN_POINT('',(-3.802429239599,-1.820666189882));
#8076 = CARTESIAN_POINT('',(-3.798318363141,-1.231297625393));
#8077 = CARTESIAN_POINT('',(-3.794326192863,-0.624631915912));
#8078 = CARTESIAN_POINT('',(-3.790448149193,2.119291860275E-14));
#8079 = ( GEOMETRIC_REPRESENTATION_CONTEXT(2) 
PARAMETRIC_REPRESENTATION_CONTEXT() REPRESENTATION_CONTEXT('2D SPACE',''
  ) );
#8080 = PCURVE('',#1421,#8081);
#8081 = DEFINITIONAL_REPRESENTATION('',(#8082),#8086);
#8082 = ( BOUNDED_CURVE() B_SPLINE_CURVE(2,(#8083,#8084,#8085),
.UNSPECIFIED.,.F.,.F.) B_SPLINE_CURVE_WITH_KNOTS((3,3),(2.343717818352,
2.457092273023),.PIECEWISE_BEZIER_KNOTS.) CURVE() 
GEOMETRIC_REPRESENTATION_ITEM() RATIONAL_B_SPLINE_CURVE((1.,
1.001607151176,1.)) REPRESENTATION_ITEM('') );
#8083 = CARTESIAN_POINT('',(4.251456868086,1.800752470588));
#8084 = CARTESIAN_POINT('',(2.860889610536,1.682553155588));
#8085 = CARTESIAN_POINT('',(1.300445630238,1.550408984858));
#8086 = ( GEOMETRIC_REPRESENTATION_CONTEXT(2) 
PARAMETRIC_REPRESENTATION_CONTEXT() REPRESENTATION_CONTEXT('2D SPACE',''
  ) );
#8087 = ORIENTED_EDGE('',*,*,#1378,.F.);
#8088 = ADVANCED_FACE('',(#8089),#1421,.F.);
#8089 = FACE_BOUND('',#8090,.F.);
#8090 = EDGE_LOOP('',(#8091,#8092,#8093,#8120,#8141,#8168,#8187));
#8091 = ORIENTED_EDGE('',*,*,#1407,.T.);
#8092 = ORIENTED_EDGE('',*,*,#8063,.T.);
#8093 = ORIENTED_EDGE('',*,*,#8094,.T.);
#8094 = EDGE_CURVE('',#8040,#8095,#8097,.T.);
#8095 = VERTEX_POINT('',#8096);
#8096 = CARTESIAN_POINT('',(60.082494700335,34.3,104.07993704991));
#8097 = SURFACE_CURVE('',#8098,(#8103,#8110),.PCURVE_S1.);
#8098 = PARABOLA('',#8099,2.62454950594E-02);
#8099 = AXIS2_PLACEMENT_3D('',#8100,#8101,#8102);
#8100 = CARTESIAN_POINT('',(62.678958405458,85.754420050984,
    103.38895840545));
#8101 = DIRECTION('',(-0.706864473353,2.617694830787E-02,-0.706864473353
    ));
#8102 = DIRECTION('',(-1.850989765927E-02,-0.999657324976,
    -1.850989765927E-02));
#8103 = PCURVE('',#1421,#8104);
#8104 = DEFINITIONAL_REPRESENTATION('',(#8105),#8109);
#8105 = B_SPLINE_CURVE_WITH_KNOTS('',2,(#8106,#8107,#8108),
  .UNSPECIFIED.,.F.,.F.,(3,3),(2.299591015142,2.324572778151),
  .PIECEWISE_BEZIER_KNOTS.);
#8106 = CARTESIAN_POINT('',(1.300445630238,1.550408984858));
#8107 = CARTESIAN_POINT('',(0.753229454394,1.537918103354));
#8108 = CARTESIAN_POINT('',(0.200068558498,1.525427221849));
#8109 = ( GEOMETRIC_REPRESENTATION_CONTEXT(2) 
PARAMETRIC_REPRESENTATION_CONTEXT() REPRESENTATION_CONTEXT('2D SPACE',''
  ) );
#8110 = PCURVE('',#8020,#8111);
#8111 = DEFINITIONAL_REPRESENTATION('',(#8112),#8119);
#8112 = B_SPLINE_CURVE_WITH_KNOTS('',5,(#8113,#8114,#8115,#8116,#8117,
    #8118),.UNSPECIFIED.,.F.,.F.,(6,6),(2.299591015142,2.324572778151),
  .PIECEWISE_BEZIER_KNOTS.);
#8113 = CARTESIAN_POINT('',(-3.790448149193,-1.1));
#8114 = CARTESIAN_POINT('',(-3.788295658104,-0.881188536589));
#8115 = CARTESIAN_POINT('',(-3.786149808688,-0.661782804883));
#8116 = CARTESIAN_POINT('',(-3.784010570349,-0.441782804884));
#8117 = CARTESIAN_POINT('',(-3.78187791261,-0.221188536589));
#8118 = CARTESIAN_POINT('',(-3.77975180512,4.97271512423E-14));
#8119 = ( GEOMETRIC_REPRESENTATION_CONTEXT(2) 
PARAMETRIC_REPRESENTATION_CONTEXT() REPRESENTATION_CONTEXT('2D SPACE',''
  ) );
#8120 = ORIENTED_EDGE('',*,*,#8121,.T.);
#8121 = EDGE_CURVE('',#8095,#8122,#8124,.T.);
#8122 = VERTEX_POINT('',#8123);
#8123 = CARTESIAN_POINT('',(59.78638444937,34.3,104.37604730088));
#8124 = SURFACE_CURVE('',#8125,(#8129,#8135),.PCURVE_S1.);
#8125 = LINE('',#8126,#8127);
#8126 = CARTESIAN_POINT('',(60.365035321343,34.3,103.79739642891));
#8127 = VECTOR('',#8128,1.);
#8128 = DIRECTION('',(-0.707106781187,0.,0.707106781187));
#8129 = PCURVE('',#1421,#8130);
#8130 = DEFINITIONAL_REPRESENTATION('',(#8131),#8134);
#8131 = B_SPLINE_CURVE_WITH_KNOTS('',1,(#8132,#8133),.UNSPECIFIED.,.F.,
  .F.,(2,2),(-1.925,1.640417057362),.PIECEWISE_BEZIER_KNOTS.);
#8132 = CARTESIAN_POINT('',(0.200068558498,3.85));
#8133 = CARTESIAN_POINT('',(0.200068558498,0.284582942638));
#8134 = ( GEOMETRIC_REPRESENTATION_CONTEXT(2) 
PARAMETRIC_REPRESENTATION_CONTEXT() REPRESENTATION_CONTEXT('2D SPACE',''
  ) );
#8135 = PCURVE('',#7994,#8136);
#8136 = DEFINITIONAL_REPRESENTATION('',(#8137),#8140);
#8137 = B_SPLINE_CURVE_WITH_KNOTS('',1,(#8138,#8139),.UNSPECIFIED.,.F.,
  .F.,(2,2),(-1.925,1.640417057362),.PIECEWISE_BEZIER_KNOTS.);
#8138 = CARTESIAN_POINT('',(-0.243784124873,0.243784124873));
#8139 = CARTESIAN_POINT('',(-2.764914703891,-2.277346454146));
#8140 = ( GEOMETRIC_REPRESENTATION_CONTEXT(2) 
PARAMETRIC_REPRESENTATION_CONTEXT() REPRESENTATION_CONTEXT('2D SPACE',''
  ) );
#8141 = ORIENTED_EDGE('',*,*,#8142,.F.);
#8142 = EDGE_CURVE('',#8143,#8122,#8145,.T.);
#8143 = VERTEX_POINT('',#8144);
#8144 = CARTESIAN_POINT('',(59.352824110129,35.4,104.85034337409));
#8145 = SURFACE_CURVE('',#8146,(#8151,#8158),.PCURVE_S1.);
#8146 = HYPERBOLA('',#8147,0.816310624584,0.470650819272);
#8147 = AXIS2_PLACEMENT_3D('',#8148,#8149,#8150);
#8148 = CARTESIAN_POINT('',(61.63685678202,29.474015890172,
    102.34685678202));
#8149 = DIRECTION('',(-0.706864473353,2.617694830787E-02,-0.706864473353
    ));
#8150 = DIRECTION('',(1.850989765927E-02,0.999657324976,
    1.850989765927E-02));
#8151 = PCURVE('',#1421,#8152);
#8152 = DEFINITIONAL_REPRESENTATION('',(#8153),#8157);
#8153 = ( BOUNDED_CURVE() B_SPLINE_CURVE(2,(#8154,#8155,#8156),
.UNSPECIFIED.,.F.,.F.) B_SPLINE_CURVE_WITH_KNOTS((3,3),(-2.671022353359,
-2.463239088647),.PIECEWISE_BEZIER_KNOTS.) CURVE() 
GEOMETRIC_REPRESENTATION_ITEM() RATIONAL_B_SPLINE_CURVE((1.,
1.005401591509,1.)) REPRESENTATION_ITEM('') );
#8154 = CARTESIAN_POINT('',(1.300445630238,0.464712663388));
#8155 = CARTESIAN_POINT('',(0.692626807651,0.818526390289));
#8156 = CARTESIAN_POINT('',(0.200068558498,1.106664088976));
#8157 = ( GEOMETRIC_REPRESENTATION_CONTEXT(2) 
PARAMETRIC_REPRESENTATION_CONTEXT() REPRESENTATION_CONTEXT('2D SPACE',''
  ) );
#8158 = PCURVE('',#7964,#8159);
#8159 = DEFINITIONAL_REPRESENTATION('',(#8160),#8167);
#8160 = B_SPLINE_CURVE_WITH_KNOTS('',5,(#8161,#8162,#8163,#8164,#8165,
    #8166),.UNSPECIFIED.,.F.,.F.,(6,6),(-2.671022353359,-2.463239088647)
  ,.PIECEWISE_BEZIER_KNOTS.);
#8161 = CARTESIAN_POINT('',(3.833927629867,1.922962686384E-16));
#8162 = CARTESIAN_POINT('',(3.828175079057,-0.243918016992));
#8163 = CARTESIAN_POINT('',(3.822124693823,-0.475043659375));
#8164 = CARTESIAN_POINT('',(3.815756180779,-0.694254413709));
#8165 = CARTESIAN_POINT('',(3.809047267788,-0.90233611247));
#8166 = CARTESIAN_POINT('',(3.801973388537,-1.1));
#8167 = ( GEOMETRIC_REPRESENTATION_CONTEXT(2) 
PARAMETRIC_REPRESENTATION_CONTEXT() REPRESENTATION_CONTEXT('2D SPACE',''
  ) );
#8168 = ORIENTED_EDGE('',*,*,#8169,.T.);
#8169 = EDGE_CURVE('',#8143,#7841,#8170,.T.);
#8170 = SURFACE_CURVE('',#8171,(#8175,#8181),.PCURVE_S1.);
#8171 = LINE('',#8172,#8173);
#8172 = CARTESIAN_POINT('',(60.385403188328,35.4,103.81776429589));
#8173 = VECTOR('',#8174,1.);
#8174 = DIRECTION('',(0.707106781187,0.,-0.707106781187));
#8175 = PCURVE('',#1421,#8176);
#8176 = DEFINITIONAL_REPRESENTATION('',(#8177),#8180);
#8177 = B_SPLINE_CURVE_WITH_KNOTS('',1,(#8178,#8179),.UNSPECIFIED.,.F.,
  .F.,(2,2),(-1.925,1.925),.PIECEWISE_BEZIER_KNOTS.);
#8178 = CARTESIAN_POINT('',(1.300445630238,0.));
#8179 = CARTESIAN_POINT('',(1.300445630238,3.85));
#8180 = ( GEOMETRIC_REPRESENTATION_CONTEXT(2) 
PARAMETRIC_REPRESENTATION_CONTEXT() REPRESENTATION_CONTEXT('2D SPACE',''
  ) );
#8181 = PCURVE('',#7882,#8182);
#8182 = DEFINITIONAL_REPRESENTATION('',(#8183),#8186);
#8183 = B_SPLINE_CURVE_WITH_KNOTS('',1,(#8184,#8185),.UNSPECIFIED.,.F.,
  .F.,(2,2),(-1.925,1.925),.PIECEWISE_BEZIER_KNOTS.);
#8184 = CARTESIAN_POINT('',(-2.945777365456,-2.49894484968));
#8185 = CARTESIAN_POINT('',(-0.223416257888,0.223416257888));
#8186 = ( GEOMETRIC_REPRESENTATION_CONTEXT(2) 
PARAMETRIC_REPRESENTATION_CONTEXT() REPRESENTATION_CONTEXT('2D SPACE',''
  ) );
#8187 = ORIENTED_EDGE('',*,*,#7840,.F.);
#8188 = ADVANCED_FACE('',(#8189),#1480,.T.);
#8189 = FACE_BOUND('',#8190,.F.);
#8190 = EDGE_LOOP('',(#8191,#8219,#8220,#8242));
#8191 = ORIENTED_EDGE('',*,*,#8192,.T.);
#8192 = EDGE_CURVE('',#8193,#1463,#8195,.T.);
#8193 = VERTEX_POINT('',#8194);
#8194 = CARTESIAN_POINT('',(54.700423854468,39.557853084492,
    105.40499014834));
#8195 = SURFACE_CURVE('',#8196,(#8201,#8207),.PCURVE_S1.);
#8196 = CIRCLE('',#8197,0.3);
#8197 = AXIS2_PLACEMENT_3D('',#8198,#8199,#8200);
#8198 = CARTESIAN_POINT('',(54.967322290551,39.55,105.26822921137));
#8199 = DIRECTION('',(-0.456026058632,8.673617379884E-18,-0.889966422877
    ));
#8200 = DIRECTION('',(-0.889661453611,2.617694830787E-02,0.455869789891)
  );
#8201 = PCURVE('',#1480,#8202);
#8202 = DEFINITIONAL_REPRESENTATION('',(#8203),#8206);
#8203 = B_SPLINE_CURVE_WITH_KNOTS('',1,(#8204,#8205),.UNSPECIFIED.,.F.,
  .F.,(2,2),(0.,1.544616388015),.PIECEWISE_BEZIER_KNOTS.);
#8204 = CARTESIAN_POINT('',(0.,-7.705641680289E-15));
#8205 = CARTESIAN_POINT('',(-1.544616388015,-7.705641680289E-15));
#8206 = ( GEOMETRIC_REPRESENTATION_CONTEXT(2) 
PARAMETRIC_REPRESENTATION_CONTEXT() REPRESENTATION_CONTEXT('2D SPACE',''
  ) );
#8207 = PCURVE('',#1581,#8208);
#8208 = DEFINITIONAL_REPRESENTATION('',(#8209),#8218);
#8209 = B_SPLINE_CURVE_WITH_KNOTS('',7,(#8210,#8211,#8212,#8213,#8214,
    #8215,#8216,#8217),.UNSPECIFIED.,.F.,.F.,(8,8),(0.,1.544616388015),
  .PIECEWISE_BEZIER_KNOTS.);
#8210 = CARTESIAN_POINT('',(0.,96.601759780413));
#8211 = CARTESIAN_POINT('',(5.275640852789,96.601759780413));
#8212 = CARTESIAN_POINT('',(9.999189329031,96.601759780413));
#8213 = CARTESIAN_POINT('',(14.483682123355,96.601759780414));
#8214 = CARTESIAN_POINT('',(18.882586933925,96.601759780412));
#8215 = CARTESIAN_POINT('',(23.367079728229,96.601759780414));
#8216 = CARTESIAN_POINT('',(28.090628204486,96.601759780413));
#8217 = CARTESIAN_POINT('',(33.366269057275,96.601759780413));
#8218 = ( GEOMETRIC_REPRESENTATION_CONTEXT(2) 
PARAMETRIC_REPRESENTATION_CONTEXT() REPRESENTATION_CONTEXT('2D SPACE',''
  ) );
#8219 = ORIENTED_EDGE('',*,*,#1462,.T.);
#8220 = ORIENTED_EDGE('',*,*,#8221,.F.);
#8221 = EDGE_CURVE('',#8222,#1465,#8224,.T.);
#8222 = VERTEX_POINT('',#8223);
#8223 = CARTESIAN_POINT('',(60.930188814608,39.557853084492,
    117.56280773791));
#8224 = SURFACE_CURVE('',#8225,(#8230,#8236),.PCURVE_S1.);
#8225 = CIRCLE('',#8226,0.3);
#8226 = AXIS2_PLACEMENT_3D('',#8227,#8228,#8229);
#8227 = CARTESIAN_POINT('',(61.197087250691,39.55,117.42604680095));
#8228 = DIRECTION('',(-0.456026058632,8.673617379884E-18,-0.889966422877
    ));
#8229 = DIRECTION('',(-0.889661453611,2.617694830787E-02,0.455869789891)
  );
#8230 = PCURVE('',#1480,#8231);
#8231 = DEFINITIONAL_REPRESENTATION('',(#8232),#8235);
#8232 = B_SPLINE_CURVE_WITH_KNOTS('',1,(#8233,#8234),.UNSPECIFIED.,.F.,
  .F.,(2,2),(0.,1.544616388015),.PIECEWISE_BEZIER_KNOTS.);
#8233 = CARTESIAN_POINT('',(0.,13.660984591163));
#8234 = CARTESIAN_POINT('',(-1.544616388015,13.660984591163));
#8235 = ( GEOMETRIC_REPRESENTATION_CONTEXT(2) 
PARAMETRIC_REPRESENTATION_CONTEXT() REPRESENTATION_CONTEXT('2D SPACE',''
  ) );
#8236 = PCURVE('',#1509,#8237);
#8237 = DEFINITIONAL_REPRESENTATION('',(#8238),#8241);
#8238 = B_SPLINE_CURVE_WITH_KNOTS('',1,(#8239,#8240),.UNSPECIFIED.,.F.,
  .F.,(2,2),(0.,1.544616388015),.PIECEWISE_BEZIER_KNOTS.);
#8239 = CARTESIAN_POINT('',(0.,2.617993877992E-02));
#8240 = CARTESIAN_POINT('',(0.,1.570796326795));
#8241 = ( GEOMETRIC_REPRESENTATION_CONTEXT(2) 
PARAMETRIC_REPRESENTATION_CONTEXT() REPRESENTATION_CONTEXT('2D SPACE',''
  ) );
#8242 = ORIENTED_EDGE('',*,*,#8243,.F.);
#8243 = EDGE_CURVE('',#8193,#8222,#8244,.T.);
#8244 = SURFACE_CURVE('',#8245,(#8249,#8256),.PCURVE_S1.);
#8245 = LINE('',#8246,#8247);
#8246 = CARTESIAN_POINT('',(54.700423854468,39.557853084492,
    105.40499014834));
#8247 = VECTOR('',#8248,1.);
#8248 = DIRECTION('',(0.456026058632,-6.938893903907E-18,0.889966422877)
  );
#8249 = PCURVE('',#1480,#8250);
#8250 = DEFINITIONAL_REPRESENTATION('',(#8251),#8255);
#8251 = LINE('',#8252,#8253);
#8252 = CARTESIAN_POINT('',(-0.,0.));
#8253 = VECTOR('',#8254,1.);
#8254 = DIRECTION('',(-0.,1.));
#8255 = ( GEOMETRIC_REPRESENTATION_CONTEXT(2) 
PARAMETRIC_REPRESENTATION_CONTEXT() REPRESENTATION_CONTEXT('2D SPACE',''
  ) );
#8256 = PCURVE('',#6490,#8257);
#8257 = DEFINITIONAL_REPRESENTATION('',(#8258),#8262);
#8258 = LINE('',#8259,#8260);
#8259 = CARTESIAN_POINT('',(1.20826712746,7.549516567451E-15));
#8260 = VECTOR('',#8261,1.);
#8261 = DIRECTION('',(1.737101261615E-18,1.));
#8262 = ( GEOMETRIC_REPRESENTATION_CONTEXT(2) 
PARAMETRIC_REPRESENTATION_CONTEXT() REPRESENTATION_CONTEXT('2D SPACE',''
  ) );
#8263 = ADVANCED_FACE('',(#8264),#1581,.F.);
#8264 = FACE_BOUND('',#8265,.F.);
#8265 = EDGE_LOOP('',(#8266,#8294,#8295,#8296));
#8266 = ORIENTED_EDGE('',*,*,#8267,.T.);
#8267 = EDGE_CURVE('',#8268,#1522,#8270,.T.);
#8268 = VERTEX_POINT('',#8269);
#8269 = CARTESIAN_POINT('',(69.239576145532,39.557853084492,
    105.40499014834));
#8270 = SURFACE_CURVE('',#8271,(#8276,#8288),.PCURVE_S1.);
#8271 = CIRCLE('',#8272,0.3);
#8272 = AXIS2_PLACEMENT_3D('',#8273,#8274,#8275);
#8273 = CARTESIAN_POINT('',(68.972677709449,39.55,105.26822921137));
#8274 = DIRECTION('',(-0.456026058632,-5.20417042793E-18,0.889966422877)
  );
#8275 = DIRECTION('',(0.889661453611,2.617694830787E-02,0.455869789891)
  );
#8276 = PCURVE('',#1581,#8277);
#8277 = DEFINITIONAL_REPRESENTATION('',(#8278),#8287);
#8278 = B_SPLINE_CURVE_WITH_KNOTS('',7,(#8279,#8280,#8281,#8282,#8283,
    #8284,#8285,#8286),.UNSPECIFIED.,.F.,.F.,(8,8),(0.,1.544616388015),
  .PIECEWISE_BEZIER_KNOTS.);
#8279 = CARTESIAN_POINT('',(3.552713678801E-15,63.235490723138));
#8280 = CARTESIAN_POINT('',(5.275640852789,63.235490723138));
#8281 = CARTESIAN_POINT('',(9.999189329031,63.235490723137));
#8282 = CARTESIAN_POINT('',(14.483682123367,63.235490723139));
#8283 = CARTESIAN_POINT('',(18.882586933908,63.235490723137));
#8284 = CARTESIAN_POINT('',(23.367079728246,63.235490723139));
#8285 = CARTESIAN_POINT('',(28.090628204486,63.235490723138));
#8286 = CARTESIAN_POINT('',(33.366269057275,63.235490723138));
#8287 = ( GEOMETRIC_REPRESENTATION_CONTEXT(2) 
PARAMETRIC_REPRESENTATION_CONTEXT() REPRESENTATION_CONTEXT('2D SPACE',''
  ) );
#8288 = PCURVE('',#1537,#8289);
#8289 = DEFINITIONAL_REPRESENTATION('',(#8290),#8293);
#8290 = B_SPLINE_CURVE_WITH_KNOTS('',1,(#8291,#8292),.UNSPECIFIED.,.F.,
  .F.,(2,2),(0.,1.544616388015),.PIECEWISE_BEZIER_KNOTS.);
#8291 = CARTESIAN_POINT('',(0.,13.660984591163));
#8292 = CARTESIAN_POINT('',(-1.544616388015,13.660984591163));
#8293 = ( GEOMETRIC_REPRESENTATION_CONTEXT(2) 
PARAMETRIC_REPRESENTATION_CONTEXT() REPRESENTATION_CONTEXT('2D SPACE',''
  ) );
#8294 = ORIENTED_EDGE('',*,*,#1549,.T.);
#8295 = ORIENTED_EDGE('',*,*,#8192,.F.);
#8296 = ORIENTED_EDGE('',*,*,#8297,.F.);
#8297 = EDGE_CURVE('',#8268,#8193,#8298,.T.);
#8298 = SURFACE_CURVE('',#8299,(#8312,#8319),.PCURVE_S1.);
#8299 = ( BOUNDED_CURVE() B_SPLINE_CURVE(11,(#8300,#8301,#8302,#8303,
    #8304,#8305,#8306,#8307,#8308,#8309,#8310,#8311),.UNSPECIFIED.,.F.,
.F.) B_SPLINE_CURVE_WITH_KNOTS((12,12),(63.235490723138,96.601759780413)
,.PIECEWISE_BEZIER_KNOTS.) CURVE() GEOMETRIC_REPRESENTATION_ITEM() 
RATIONAL_B_SPLINE_CURVE((1.,1.,1.,1.,1.000000000001,0.999999999999,
1.000000000001,0.999999999999,1.,1.,1.,1.)) REPRESENTATION_ITEM('') );
#8300 = CARTESIAN_POINT('',(69.239576145532,39.557853084492,
    105.40499014834));
#8301 = CARTESIAN_POINT('',(70.622350712538,39.557853084492,
    102.70640985506));
#8302 = CARTESIAN_POINT('',(70.906814214922,39.557853084492,
    99.436204120596));
#8303 = CARTESIAN_POINT('',(69.822730820609,39.557853084492,
    96.097142239769));
#8304 = CARTESIAN_POINT('',(67.369676843685,39.557853084492,
    93.344362249851));
#8305 = CARTESIAN_POINT('',(63.914006482463,39.557853084492,
    91.757740856239));
#8306 = CARTESIAN_POINT('',(60.02599351754,39.557853084492,
    91.757740856249));
#8307 = CARTESIAN_POINT('',(56.570323156308,39.557853084492,
    93.344362249845));
#8308 = CARTESIAN_POINT('',(54.117269179397,39.557853084492,
    96.09714223977));
#8309 = CARTESIAN_POINT('',(53.033185785075,39.557853084492,
    99.436204120596));
#8310 = CARTESIAN_POINT('',(53.317649287463,39.557853084492,
    102.70640985506));
#8311 = CARTESIAN_POINT('',(54.700423854468,39.557853084492,
    105.40499014834));
#8312 = PCURVE('',#1581,#8313);
#8313 = DEFINITIONAL_REPRESENTATION('',(#8314),#8318);
#8314 = LINE('',#8315,#8316);
#8315 = CARTESIAN_POINT('',(0.,0.));
#8316 = VECTOR('',#8317,1.);
#8317 = DIRECTION('',(0.,1.));
#8318 = ( GEOMETRIC_REPRESENTATION_CONTEXT(2) 
PARAMETRIC_REPRESENTATION_CONTEXT() REPRESENTATION_CONTEXT('2D SPACE',''
  ) );
#8319 = PCURVE('',#6644,#8320);
#8320 = DEFINITIONAL_REPRESENTATION('',(#8321),#8338);
#8321 = B_SPLINE_CURVE_WITH_KNOTS('',8,(#8322,#8323,#8324,#8325,#8326,
    #8327,#8328,#8329,#8330,#8331,#8332,#8333,#8334,#8335,#8336,#8337),
  .UNSPECIFIED.,.F.,.F.,(9,7,9),(63.235490723138,79.918625251776,
    96.601759780413),.UNSPECIFIED.);
#8322 = CARTESIAN_POINT('',(-2.22044604925E-16,-1.207853084492));
#8323 = CARTESIAN_POINT('',(-0.255210746058,-1.207853084492));
#8324 = CARTESIAN_POINT('',(-0.510900733615,-1.207853084492));
#8325 = CARTESIAN_POINT('',(-0.766615068844,-1.207853084492));
#8326 = CARTESIAN_POINT('',(-1.022134554967,-1.207853084492));
#8327 = CARTESIAN_POINT('',(-1.277715655916,-1.207853084492));
#8328 = CARTESIAN_POINT('',(-1.533237503374,-1.207853084492));
#8329 = CARTESIAN_POINT('',(-1.788781015511,-1.207853084492));
#8330 = CARTESIAN_POINT('',(-2.299861222872,-1.207853084492));
#8331 = CARTESIAN_POINT('',(-2.555404735009,-1.207853084492));
#8332 = CARTESIAN_POINT('',(-2.810926582468,-1.207853084492));
#8333 = CARTESIAN_POINT('',(-3.066507683417,-1.207853084492));
#8334 = CARTESIAN_POINT('',(-3.322027169539,-1.207853084492));
#8335 = CARTESIAN_POINT('',(-3.577741504768,-1.207853084492));
#8336 = CARTESIAN_POINT('',(-3.833431492326,-1.207853084492));
#8337 = CARTESIAN_POINT('',(-4.088642238383,-1.207853084492));
#8338 = ( GEOMETRIC_REPRESENTATION_CONTEXT(2) 
PARAMETRIC_REPRESENTATION_CONTEXT() REPRESENTATION_CONTEXT('2D SPACE',''
  ) );
#8339 = ADVANCED_FACE('',(#8340),#1509,.T.);
#8340 = FACE_BOUND('',#8341,.T.);
#8341 = EDGE_LOOP('',(#8342,#8343,#8367,#8387));
#8342 = ORIENTED_EDGE('',*,*,#8221,.F.);
#8343 = ORIENTED_EDGE('',*,*,#8344,.T.);
#8344 = EDGE_CURVE('',#8222,#8345,#8347,.T.);
#8345 = VERTEX_POINT('',#8346);
#8346 = CARTESIAN_POINT('',(63.009811185392,39.557853084492,
    117.56280773791));
#8347 = SURFACE_CURVE('',#8348,(#8353,#8360),.PCURVE_S1.);
#8348 = CIRCLE('',#8349,1.168371253862);
#8349 = AXIS2_PLACEMENT_3D('',#8350,#8351,#8352);
#8350 = CARTESIAN_POINT('',(61.97,39.557853084492,117.03));
#8351 = DIRECTION('',(0.,1.,-0.));
#8352 = DIRECTION('',(-0.889966422877,0.,0.456026058632));
#8353 = PCURVE('',#1509,#8354);
#8354 = DEFINITIONAL_REPRESENTATION('',(#8355),#8359);
#8355 = LINE('',#8356,#8357);
#8356 = CARTESIAN_POINT('',(0.,2.617993877992E-02));
#8357 = VECTOR('',#8358,1.);
#8358 = DIRECTION('',(1.,0.));
#8359 = ( GEOMETRIC_REPRESENTATION_CONTEXT(2) 
PARAMETRIC_REPRESENTATION_CONTEXT() REPRESENTATION_CONTEXT('2D SPACE',''
  ) );
#8360 = PCURVE('',#6523,#8361);
#8361 = DEFINITIONAL_REPRESENTATION('',(#8362),#8366);
#8362 = LINE('',#8363,#8364);
#8363 = CARTESIAN_POINT('',(-0.,-1.207853084492));
#8364 = VECTOR('',#8365,1.);
#8365 = DIRECTION('',(-1.,-0.));
#8366 = ( GEOMETRIC_REPRESENTATION_CONTEXT(2) 
PARAMETRIC_REPRESENTATION_CONTEXT() REPRESENTATION_CONTEXT('2D SPACE',''
  ) );
#8367 = ORIENTED_EDGE('',*,*,#8368,.T.);
#8368 = EDGE_CURVE('',#8345,#1493,#8369,.T.);
#8369 = SURFACE_CURVE('',#8370,(#8375,#8381),.PCURVE_S1.);
#8370 = CIRCLE('',#8371,0.3);
#8371 = AXIS2_PLACEMENT_3D('',#8372,#8373,#8374);
#8372 = CARTESIAN_POINT('',(62.742912749309,39.55,117.42604680095));
#8373 = DIRECTION('',(-0.456026058632,0.,0.889966422877));
#8374 = DIRECTION('',(0.889966422877,0.,0.456026058632));
#8375 = PCURVE('',#1509,#8376);
#8376 = DEFINITIONAL_REPRESENTATION('',(#8377),#8380);
#8377 = B_SPLINE_CURVE_WITH_KNOTS('',1,(#8378,#8379),.UNSPECIFIED.,.F.,
  .F.,(2,2),(2.617993877992E-02,1.570796326795),
  .PIECEWISE_BEZIER_KNOTS.);
#8378 = CARTESIAN_POINT('',(2.194543068796,2.617993877992E-02));
#8379 = CARTESIAN_POINT('',(2.194543068796,1.570796326795));
#8380 = ( GEOMETRIC_REPRESENTATION_CONTEXT(2) 
PARAMETRIC_REPRESENTATION_CONTEXT() REPRESENTATION_CONTEXT('2D SPACE',''
  ) );
#8381 = PCURVE('',#1537,#8382);
#8382 = DEFINITIONAL_REPRESENTATION('',(#8383),#8386);
#8383 = B_SPLINE_CURVE_WITH_KNOTS('',1,(#8384,#8385),.UNSPECIFIED.,.F.,
  .F.,(2,2),(2.617993877992E-02,1.570796326795),
  .PIECEWISE_BEZIER_KNOTS.);
#8384 = CARTESIAN_POINT('',(0.,-4.188489832746E-15));
#8385 = CARTESIAN_POINT('',(-1.544616388015,-4.188489832746E-15));
#8386 = ( GEOMETRIC_REPRESENTATION_CONTEXT(2) 
PARAMETRIC_REPRESENTATION_CONTEXT() REPRESENTATION_CONTEXT('2D SPACE',''
  ) );
#8387 = ORIENTED_EDGE('',*,*,#1492,.F.);
#8388 = ADVANCED_FACE('',(#8389),#1537,.T.);
#8389 = FACE_BOUND('',#8390,.F.);
#8390 = EDGE_LOOP('',(#8391,#8392,#8393,#8394));
#8391 = ORIENTED_EDGE('',*,*,#8368,.T.);
#8392 = ORIENTED_EDGE('',*,*,#1521,.T.);
#8393 = ORIENTED_EDGE('',*,*,#8267,.F.);
#8394 = ORIENTED_EDGE('',*,*,#8395,.F.);
#8395 = EDGE_CURVE('',#8345,#8268,#8396,.T.);
#8396 = SURFACE_CURVE('',#8397,(#8401,#8408),.PCURVE_S1.);
#8397 = LINE('',#8398,#8399);
#8398 = CARTESIAN_POINT('',(63.009811185392,39.557853084492,
    117.56280773791));
#8399 = VECTOR('',#8400,1.);
#8400 = DIRECTION('',(0.456026058632,1.734723475977E-18,-0.889966422877)
  );
#8401 = PCURVE('',#1537,#8402);
#8402 = DEFINITIONAL_REPRESENTATION('',(#8403),#8407);
#8403 = LINE('',#8404,#8405);
#8404 = CARTESIAN_POINT('',(-0.,0.));
#8405 = VECTOR('',#8406,1.);
#8406 = DIRECTION('',(-0.,1.));
#8407 = ( GEOMETRIC_REPRESENTATION_CONTEXT(2) 
PARAMETRIC_REPRESENTATION_CONTEXT() REPRESENTATION_CONTEXT('2D SPACE',''
  ) );
#8408 = PCURVE('',#6603,#8409);
#8409 = DEFINITIONAL_REPRESENTATION('',(#8410),#8414);
#8410 = LINE('',#8411,#8412);
#8411 = CARTESIAN_POINT('',(1.20826712746,3.552713678801E-15));
#8412 = VECTOR('',#8413,1.);
#8413 = DIRECTION('',(-1.735317922386E-18,1.));
#8414 = ( GEOMETRIC_REPRESENTATION_CONTEXT(2) 
PARAMETRIC_REPRESENTATION_CONTEXT() REPRESENTATION_CONTEXT('2D SPACE',''
  ) );
#8415 = ADVANCED_FACE('',(#8416),#1644,.F.);
#8416 = FACE_BOUND('',#8417,.F.);
#8417 = EDGE_LOOP('',(#8418,#8419,#8442,#8470));
#8418 = ORIENTED_EDGE('',*,*,#1627,.T.);
#8419 = ORIENTED_EDGE('',*,*,#8420,.T.);
#8420 = EDGE_CURVE('',#1630,#8421,#8423,.T.);
#8421 = VERTEX_POINT('',#8422);
#8422 = CARTESIAN_POINT('',(60.71157,39.95,106.15222));
#8423 = SURFACE_CURVE('',#8424,(#8428,#8435),.PCURVE_S1.);
#8424 = LINE('',#8425,#8426);
#8425 = CARTESIAN_POINT('',(60.71157,39.75,106.15222));
#8426 = VECTOR('',#8427,1.);
#8427 = DIRECTION('',(0.,1.,0.));
#8428 = PCURVE('',#1644,#8429);
#8429 = DEFINITIONAL_REPRESENTATION('',(#8430),#8434);
#8430 = LINE('',#8431,#8432);
#8431 = CARTESIAN_POINT('',(0.,0.));
#8432 = VECTOR('',#8433,1.);
#8433 = DIRECTION('',(0.,-1.));
#8434 = ( GEOMETRIC_REPRESENTATION_CONTEXT(2) 
PARAMETRIC_REPRESENTATION_CONTEXT() REPRESENTATION_CONTEXT('2D SPACE',''
  ) );
#8435 = PCURVE('',#1670,#8436);
#8436 = DEFINITIONAL_REPRESENTATION('',(#8437),#8441);
#8437 = LINE('',#8438,#8439);
#8438 = CARTESIAN_POINT('',(0.141891311926,0.));
#8439 = VECTOR('',#8440,1.);
#8440 = DIRECTION('',(0.,-1.));
#8441 = ( GEOMETRIC_REPRESENTATION_CONTEXT(2) 
PARAMETRIC_REPRESENTATION_CONTEXT() REPRESENTATION_CONTEXT('2D SPACE',''
  ) );
#8442 = ORIENTED_EDGE('',*,*,#8443,.T.);
#8443 = EDGE_CURVE('',#8421,#8444,#8446,.T.);
#8444 = VERTEX_POINT('',#8445);
#8445 = CARTESIAN_POINT('',(61.11566,39.95,104.99142));
#8446 = SURFACE_CURVE('',#8447,(#8451,#8458),.PCURVE_S1.);
#8447 = LINE('',#8448,#8449);
#8448 = CARTESIAN_POINT('',(60.71157,39.95,106.15222));
#8449 = VECTOR('',#8450,1.);
#8450 = DIRECTION('',(0.3287626462,0.,-0.944412580636));
#8451 = PCURVE('',#1644,#8452);
#8452 = DEFINITIONAL_REPRESENTATION('',(#8453),#8457);
#8453 = LINE('',#8454,#8455);
#8454 = CARTESIAN_POINT('',(0.,-0.2));
#8455 = VECTOR('',#8456,1.);
#8456 = DIRECTION('',(1.,0.));
#8457 = ( GEOMETRIC_REPRESENTATION_CONTEXT(2) 
PARAMETRIC_REPRESENTATION_CONTEXT() REPRESENTATION_CONTEXT('2D SPACE',''
  ) );
#8458 = PCURVE('',#8459,#8464);
#8459 = PLANE('',#8460);
#8460 = AXIS2_PLACEMENT_3D('',#8461,#8462,#8463);
#8461 = CARTESIAN_POINT('',(59.93006459969,39.95,103.90416806113));
#8462 = DIRECTION('',(0.,1.,0.));
#8463 = DIRECTION('',(1.,0.,0.));
#8464 = DEFINITIONAL_REPRESENTATION('',(#8465),#8469);
#8465 = LINE('',#8466,#8467);
#8466 = CARTESIAN_POINT('',(0.78150540031,-2.248051938869));
#8467 = VECTOR('',#8468,1.);
#8468 = DIRECTION('',(0.3287626462,0.944412580636));
#8469 = ( GEOMETRIC_REPRESENTATION_CONTEXT(2) 
PARAMETRIC_REPRESENTATION_CONTEXT() REPRESENTATION_CONTEXT('2D SPACE',''
  ) );
#8470 = ORIENTED_EDGE('',*,*,#8471,.F.);
#8471 = EDGE_CURVE('',#1628,#8444,#8472,.T.);
#8472 = SURFACE_CURVE('',#8473,(#8477,#8484),.PCURVE_S1.);
#8473 = LINE('',#8474,#8475);
#8474 = CARTESIAN_POINT('',(61.11566,39.75,104.99142));
#8475 = VECTOR('',#8476,1.);
#8476 = DIRECTION('',(0.,1.,0.));
#8477 = PCURVE('',#1644,#8478);
#8478 = DEFINITIONAL_REPRESENTATION('',(#8479),#8483);
#8479 = LINE('',#8480,#8481);
#8480 = CARTESIAN_POINT('',(1.229123821305,0.));
#8481 = VECTOR('',#8482,1.);
#8482 = DIRECTION('',(0.,-1.));
#8483 = ( GEOMETRIC_REPRESENTATION_CONTEXT(2) 
PARAMETRIC_REPRESENTATION_CONTEXT() REPRESENTATION_CONTEXT('2D SPACE',''
  ) );
#8484 = PCURVE('',#2344,#8485);
#8485 = DEFINITIONAL_REPRESENTATION('',(#8486),#8490);
#8486 = LINE('',#8487,#8488);
#8487 = CARTESIAN_POINT('',(0.,0.));
#8488 = VECTOR('',#8489,1.);
#8489 = DIRECTION('',(0.,-1.));
#8490 = ( GEOMETRIC_REPRESENTATION_CONTEXT(2) 
PARAMETRIC_REPRESENTATION_CONTEXT() REPRESENTATION_CONTEXT('2D SPACE',''
  ) );
#8491 = ADVANCED_FACE('',(#8492),#2344,.F.);
#8492 = FACE_BOUND('',#8493,.F.);
#8493 = EDGE_LOOP('',(#8494,#8495,#8496,#8519));
#8494 = ORIENTED_EDGE('',*,*,#2331,.T.);
#8495 = ORIENTED_EDGE('',*,*,#8471,.T.);
#8496 = ORIENTED_EDGE('',*,*,#8497,.T.);
#8497 = EDGE_CURVE('',#8444,#8498,#8500,.T.);
#8498 = VERTEX_POINT('',#8499);
#8499 = CARTESIAN_POINT('',(61.14486,39.95,104.88541));
#8500 = SURFACE_CURVE('',#8501,(#8505,#8512),.PCURVE_S1.);
#8501 = LINE('',#8502,#8503);
#8502 = CARTESIAN_POINT('',(61.11566,39.95,104.99142));
#8503 = VECTOR('',#8504,1.);
#8504 = DIRECTION('',(0.265555957814,0.,-0.964095448215));
#8505 = PCURVE('',#2344,#8506);
#8506 = DEFINITIONAL_REPRESENTATION('',(#8507),#8511);
#8507 = LINE('',#8508,#8509);
#8508 = CARTESIAN_POINT('',(0.,-0.2));
#8509 = VECTOR('',#8510,1.);
#8510 = DIRECTION('',(1.,0.));
#8511 = ( GEOMETRIC_REPRESENTATION_CONTEXT(2) 
PARAMETRIC_REPRESENTATION_CONTEXT() REPRESENTATION_CONTEXT('2D SPACE',''
  ) );
#8512 = PCURVE('',#8459,#8513);
#8513 = DEFINITIONAL_REPRESENTATION('',(#8514),#8518);
#8514 = LINE('',#8515,#8516);
#8515 = CARTESIAN_POINT('',(1.18559540031,-1.087251938869));
#8516 = VECTOR('',#8517,1.);
#8517 = DIRECTION('',(0.265555957814,0.964095448215));
#8518 = ( GEOMETRIC_REPRESENTATION_CONTEXT(2) 
PARAMETRIC_REPRESENTATION_CONTEXT() REPRESENTATION_CONTEXT('2D SPACE',''
  ) );
#8519 = ORIENTED_EDGE('',*,*,#8520,.F.);
#8520 = EDGE_CURVE('',#2306,#8498,#8521,.T.);
#8521 = SURFACE_CURVE('',#8522,(#8526,#8533),.PCURVE_S1.);
#8522 = LINE('',#8523,#8524);
#8523 = CARTESIAN_POINT('',(61.14486,39.75,104.88541));
#8524 = VECTOR('',#8525,1.);
#8525 = DIRECTION('',(0.,1.,0.));
#8526 = PCURVE('',#2344,#8527);
#8527 = DEFINITIONAL_REPRESENTATION('',(#8528),#8532);
#8528 = LINE('',#8529,#8530);
#8529 = CARTESIAN_POINT('',(0.109957992433,0.));
#8530 = VECTOR('',#8531,1.);
#8531 = DIRECTION('',(0.,-1.));
#8532 = ( GEOMETRIC_REPRESENTATION_CONTEXT(2) 
PARAMETRIC_REPRESENTATION_CONTEXT() REPRESENTATION_CONTEXT('2D SPACE',''
  ) );
#8533 = PCURVE('',#2320,#8534);
#8534 = DEFINITIONAL_REPRESENTATION('',(#8535),#8539);
#8535 = LINE('',#8536,#8537);
#8536 = CARTESIAN_POINT('',(0.,0.));
#8537 = VECTOR('',#8538,1.);
#8538 = DIRECTION('',(0.,-1.));
#8539 = ( GEOMETRIC_REPRESENTATION_CONTEXT(2) 
PARAMETRIC_REPRESENTATION_CONTEXT() REPRESENTATION_CONTEXT('2D SPACE',''
  ) );
#8540 = ADVANCED_FACE('',(#8541),#1670,.F.);
#8541 = FACE_BOUND('',#8542,.F.);
#8542 = EDGE_LOOP('',(#8543,#8544,#8567,#8588));
#8543 = ORIENTED_EDGE('',*,*,#1655,.T.);
#8544 = ORIENTED_EDGE('',*,*,#8545,.T.);
#8545 = EDGE_CURVE('',#1656,#8546,#8548,.T.);
#8546 = VERTEX_POINT('',#8547);
#8547 = CARTESIAN_POINT('',(60.57369,39.95,106.11872));
#8548 = SURFACE_CURVE('',#8549,(#8553,#8560),.PCURVE_S1.);
#8549 = LINE('',#8550,#8551);
#8550 = CARTESIAN_POINT('',(60.57369,39.75,106.11872));
#8551 = VECTOR('',#8552,1.);
#8552 = DIRECTION('',(0.,1.,0.));
#8553 = PCURVE('',#1670,#8554);
#8554 = DEFINITIONAL_REPRESENTATION('',(#8555),#8559);
#8555 = LINE('',#8556,#8557);
#8556 = CARTESIAN_POINT('',(0.,0.));
#8557 = VECTOR('',#8558,1.);
#8558 = DIRECTION('',(0.,-1.));
#8559 = ( GEOMETRIC_REPRESENTATION_CONTEXT(2) 
PARAMETRIC_REPRESENTATION_CONTEXT() REPRESENTATION_CONTEXT('2D SPACE',''
  ) );
#8560 = PCURVE('',#1696,#8561);
#8561 = DEFINITIONAL_REPRESENTATION('',(#8562),#8566);
#8562 = LINE('',#8563,#8564);
#8563 = CARTESIAN_POINT('',(2.713584334658,0.));
#8564 = VECTOR('',#8565,1.);
#8565 = DIRECTION('',(0.,-1.));
#8566 = ( GEOMETRIC_REPRESENTATION_CONTEXT(2) 
PARAMETRIC_REPRESENTATION_CONTEXT() REPRESENTATION_CONTEXT('2D SPACE',''
  ) );
#8567 = ORIENTED_EDGE('',*,*,#8568,.T.);
#8568 = EDGE_CURVE('',#8546,#8421,#8569,.T.);
#8569 = SURFACE_CURVE('',#8570,(#8574,#8581),.PCURVE_S1.);
#8570 = LINE('',#8571,#8572);
#8571 = CARTESIAN_POINT('',(60.57369,39.95,106.11872));
#8572 = VECTOR('',#8573,1.);
#8573 = DIRECTION('',(0.971729686115,0.,0.23609620311));
#8574 = PCURVE('',#1670,#8575);
#8575 = DEFINITIONAL_REPRESENTATION('',(#8576),#8580);
#8576 = LINE('',#8577,#8578);
#8577 = CARTESIAN_POINT('',(0.,-0.2));
#8578 = VECTOR('',#8579,1.);
#8579 = DIRECTION('',(1.,0.));
#8580 = ( GEOMETRIC_REPRESENTATION_CONTEXT(2) 
PARAMETRIC_REPRESENTATION_CONTEXT() REPRESENTATION_CONTEXT('2D SPACE',''
  ) );
#8581 = PCURVE('',#8459,#8582);
#8582 = DEFINITIONAL_REPRESENTATION('',(#8583),#8587);
#8583 = LINE('',#8584,#8585);
#8584 = CARTESIAN_POINT('',(0.64362540031,-2.214551938869));
#8585 = VECTOR('',#8586,1.);
#8586 = DIRECTION('',(0.971729686115,-0.23609620311));
#8587 = ( GEOMETRIC_REPRESENTATION_CONTEXT(2) 
PARAMETRIC_REPRESENTATION_CONTEXT() REPRESENTATION_CONTEXT('2D SPACE',''
  ) );
#8588 = ORIENTED_EDGE('',*,*,#8420,.F.);
#8589 = ADVANCED_FACE('',(#8590),#2320,.F.);
#8590 = FACE_BOUND('',#8591,.F.);
#8591 = EDGE_LOOP('',(#8592,#8593,#8594,#8617));
#8592 = ORIENTED_EDGE('',*,*,#2305,.T.);
#8593 = ORIENTED_EDGE('',*,*,#8520,.T.);
#8594 = ORIENTED_EDGE('',*,*,#8595,.T.);
#8595 = EDGE_CURVE('',#8498,#8596,#8598,.T.);
#8596 = VERTEX_POINT('',#8597);
#8597 = CARTESIAN_POINT('',(61.16521,39.95,104.77671));
#8598 = SURFACE_CURVE('',#8599,(#8603,#8610),.PCURVE_S1.);
#8599 = LINE('',#8600,#8601);
#8600 = CARTESIAN_POINT('',(61.14486,39.95,104.88541));
#8601 = VECTOR('',#8602,1.);
#8602 = DIRECTION('',(0.184015545815,0.,-0.982923333174));
#8603 = PCURVE('',#2320,#8604);
#8604 = DEFINITIONAL_REPRESENTATION('',(#8605),#8609);
#8605 = LINE('',#8606,#8607);
#8606 = CARTESIAN_POINT('',(0.,-0.2));
#8607 = VECTOR('',#8608,1.);
#8608 = DIRECTION('',(1.,0.));
#8609 = ( GEOMETRIC_REPRESENTATION_CONTEXT(2) 
PARAMETRIC_REPRESENTATION_CONTEXT() REPRESENTATION_CONTEXT('2D SPACE',''
  ) );
#8610 = PCURVE('',#8459,#8611);
#8611 = DEFINITIONAL_REPRESENTATION('',(#8612),#8616);
#8612 = LINE('',#8613,#8614);
#8613 = CARTESIAN_POINT('',(1.21479540031,-0.981241938869));
#8614 = VECTOR('',#8615,1.);
#8615 = DIRECTION('',(0.184015545815,0.982923333174));
#8616 = ( GEOMETRIC_REPRESENTATION_CONTEXT(2) 
PARAMETRIC_REPRESENTATION_CONTEXT() REPRESENTATION_CONTEXT('2D SPACE',''
  ) );
#8617 = ORIENTED_EDGE('',*,*,#8618,.F.);
#8618 = EDGE_CURVE('',#2280,#8596,#8619,.T.);
#8619 = SURFACE_CURVE('',#8620,(#8624,#8631),.PCURVE_S1.);
#8620 = LINE('',#8621,#8622);
#8621 = CARTESIAN_POINT('',(61.16521,39.75,104.77671));
#8622 = VECTOR('',#8623,1.);
#8623 = DIRECTION('',(0.,1.,0.));
#8624 = PCURVE('',#2320,#8625);
#8625 = DEFINITIONAL_REPRESENTATION('',(#8626),#8630);
#8626 = LINE('',#8627,#8628);
#8627 = CARTESIAN_POINT('',(0.110588482673,0.));
#8628 = VECTOR('',#8629,1.);
#8629 = DIRECTION('',(0.,-1.));
#8630 = ( GEOMETRIC_REPRESENTATION_CONTEXT(2) 
PARAMETRIC_REPRESENTATION_CONTEXT() REPRESENTATION_CONTEXT('2D SPACE',''
  ) );
#8631 = PCURVE('',#2294,#8632);
#8632 = DEFINITIONAL_REPRESENTATION('',(#8633),#8637);
#8633 = LINE('',#8634,#8635);
#8634 = CARTESIAN_POINT('',(0.,0.));
#8635 = VECTOR('',#8636,1.);
#8636 = DIRECTION('',(0.,-1.));
#8637 = ( GEOMETRIC_REPRESENTATION_CONTEXT(2) 
PARAMETRIC_REPRESENTATION_CONTEXT() REPRESENTATION_CONTEXT('2D SPACE',''
  ) );
#8638 = ADVANCED_FACE('',(#8639),#1696,.F.);
#8639 = FACE_BOUND('',#8640,.F.);
#8640 = EDGE_LOOP('',(#8641,#8642,#8665,#8686));
#8641 = ORIENTED_EDGE('',*,*,#1681,.T.);
#8642 = ORIENTED_EDGE('',*,*,#8643,.T.);
#8643 = EDGE_CURVE('',#1682,#8644,#8646,.T.);
#8644 = VERTEX_POINT('',#8645);
#8645 = CARTESIAN_POINT('',(58.91851,39.95,103.96839));
#8646 = SURFACE_CURVE('',#8647,(#8651,#8658),.PCURVE_S1.);
#8647 = LINE('',#8648,#8649);
#8648 = CARTESIAN_POINT('',(58.91851,39.75,103.96839));
#8649 = VECTOR('',#8650,1.);
#8650 = DIRECTION('',(0.,1.,0.));
#8651 = PCURVE('',#1696,#8652);
#8652 = DEFINITIONAL_REPRESENTATION('',(#8653),#8657);
#8653 = LINE('',#8654,#8655);
#8654 = CARTESIAN_POINT('',(0.,0.));
#8655 = VECTOR('',#8656,1.);
#8656 = DIRECTION('',(0.,-1.));
#8657 = ( GEOMETRIC_REPRESENTATION_CONTEXT(2) 
PARAMETRIC_REPRESENTATION_CONTEXT() REPRESENTATION_CONTEXT('2D SPACE',''
  ) );
#8658 = PCURVE('',#1722,#8659);
#8659 = DEFINITIONAL_REPRESENTATION('',(#8660),#8664);
#8660 = LINE('',#8661,#8662);
#8661 = CARTESIAN_POINT('',(0.111010028826,0.));
#8662 = VECTOR('',#8663,1.);
#8663 = DIRECTION('',(0.,-1.));
#8664 = ( GEOMETRIC_REPRESENTATION_CONTEXT(2) 
PARAMETRIC_REPRESENTATION_CONTEXT() REPRESENTATION_CONTEXT('2D SPACE',''
  ) );
#8665 = ORIENTED_EDGE('',*,*,#8666,.T.);
#8666 = EDGE_CURVE('',#8644,#8546,#8667,.T.);
#8667 = SURFACE_CURVE('',#8668,(#8672,#8679),.PCURVE_S1.);
#8668 = LINE('',#8669,#8670);
#8669 = CARTESIAN_POINT('',(58.91851,39.95,103.96839));
#8670 = VECTOR('',#8671,1.);
#8671 = DIRECTION('',(0.609960773601,0.,0.792431608827));
#8672 = PCURVE('',#1696,#8673);
#8673 = DEFINITIONAL_REPRESENTATION('',(#8674),#8678);
#8674 = LINE('',#8675,#8676);
#8675 = CARTESIAN_POINT('',(0.,-0.2));
#8676 = VECTOR('',#8677,1.);
#8677 = DIRECTION('',(1.,0.));
#8678 = ( GEOMETRIC_REPRESENTATION_CONTEXT(2) 
PARAMETRIC_REPRESENTATION_CONTEXT() REPRESENTATION_CONTEXT('2D SPACE',''
  ) );
#8679 = PCURVE('',#8459,#8680);
#8680 = DEFINITIONAL_REPRESENTATION('',(#8681),#8685);
#8681 = LINE('',#8682,#8683);
#8682 = CARTESIAN_POINT('',(-1.01155459969,-6.422193886941E-02));
#8683 = VECTOR('',#8684,1.);
#8684 = DIRECTION('',(0.609960773601,-0.792431608827));
#8685 = ( GEOMETRIC_REPRESENTATION_CONTEXT(2) 
PARAMETRIC_REPRESENTATION_CONTEXT() REPRESENTATION_CONTEXT('2D SPACE',''
  ) );
#8686 = ORIENTED_EDGE('',*,*,#8545,.F.);
#8687 = ADVANCED_FACE('',(#8688),#2294,.F.);
#8688 = FACE_BOUND('',#8689,.F.);
#8689 = EDGE_LOOP('',(#8690,#8691,#8692,#8715));
#8690 = ORIENTED_EDGE('',*,*,#2279,.T.);
#8691 = ORIENTED_EDGE('',*,*,#8618,.T.);
#8692 = ORIENTED_EDGE('',*,*,#8693,.T.);
#8693 = EDGE_CURVE('',#8596,#8694,#8696,.T.);
#8694 = VERTEX_POINT('',#8695);
#8695 = CARTESIAN_POINT('',(61.17626,39.95,104.66741));
#8696 = SURFACE_CURVE('',#8697,(#8701,#8708),.PCURVE_S1.);
#8697 = LINE('',#8698,#8699);
#8698 = CARTESIAN_POINT('',(61.16521,39.95,104.77671));
#8699 = VECTOR('',#8700,1.);
#8700 = DIRECTION('',(0.100585172789,0.,-0.994928451204));
#8701 = PCURVE('',#2294,#8702);
#8702 = DEFINITIONAL_REPRESENTATION('',(#8703),#8707);
#8703 = LINE('',#8704,#8705);
#8704 = CARTESIAN_POINT('',(0.,-0.2));
#8705 = VECTOR('',#8706,1.);
#8706 = DIRECTION('',(1.,0.));
#8707 = ( GEOMETRIC_REPRESENTATION_CONTEXT(2) 
PARAMETRIC_REPRESENTATION_CONTEXT() REPRESENTATION_CONTEXT('2D SPACE',''
  ) );
#8708 = PCURVE('',#8459,#8709);
#8709 = DEFINITIONAL_REPRESENTATION('',(#8710),#8714);
#8710 = LINE('',#8711,#8712);
#8711 = CARTESIAN_POINT('',(1.23514540031,-0.872541938869));
#8712 = VECTOR('',#8713,1.);
#8713 = DIRECTION('',(0.100585172789,0.994928451204));
#8714 = ( GEOMETRIC_REPRESENTATION_CONTEXT(2) 
PARAMETRIC_REPRESENTATION_CONTEXT() REPRESENTATION_CONTEXT('2D SPACE',''
  ) );
#8715 = ORIENTED_EDGE('',*,*,#8716,.F.);
#8716 = EDGE_CURVE('',#2254,#8694,#8717,.T.);
#8717 = SURFACE_CURVE('',#8718,(#8722,#8729),.PCURVE_S1.);
#8718 = LINE('',#8719,#8720);
#8719 = CARTESIAN_POINT('',(61.17626,39.75,104.66741));
#8720 = VECTOR('',#8721,1.);
#8721 = DIRECTION('',(0.,1.,0.));
#8722 = PCURVE('',#2294,#8723);
#8723 = DEFINITIONAL_REPRESENTATION('',(#8724),#8728);
#8724 = LINE('',#8725,#8726);
#8725 = CARTESIAN_POINT('',(0.109857145876,0.));
#8726 = VECTOR('',#8727,1.);
#8727 = DIRECTION('',(0.,-1.));
#8728 = ( GEOMETRIC_REPRESENTATION_CONTEXT(2) 
PARAMETRIC_REPRESENTATION_CONTEXT() REPRESENTATION_CONTEXT('2D SPACE',''
  ) );
#8729 = PCURVE('',#2268,#8730);
#8730 = DEFINITIONAL_REPRESENTATION('',(#8731),#8735);
#8731 = LINE('',#8732,#8733);
#8732 = CARTESIAN_POINT('',(0.,0.));
#8733 = VECTOR('',#8734,1.);
#8734 = DIRECTION('',(0.,-1.));
#8735 = ( GEOMETRIC_REPRESENTATION_CONTEXT(2) 
PARAMETRIC_REPRESENTATION_CONTEXT() REPRESENTATION_CONTEXT('2D SPACE',''
  ) );
#8736 = ADVANCED_FACE('',(#8737),#1722,.F.);
#8737 = FACE_BOUND('',#8738,.F.);
#8738 = EDGE_LOOP('',(#8739,#8740,#8763,#8784));
#8739 = ORIENTED_EDGE('',*,*,#1707,.T.);
#8740 = ORIENTED_EDGE('',*,*,#8741,.T.);
#8741 = EDGE_CURVE('',#1708,#8742,#8744,.T.);
#8742 = VERTEX_POINT('',#8743);
#8743 = CARTESIAN_POINT('',(58.8587,39.95,103.87487));
#8744 = SURFACE_CURVE('',#8745,(#8749,#8756),.PCURVE_S1.);
#8745 = LINE('',#8746,#8747);
#8746 = CARTESIAN_POINT('',(58.8587,39.75,103.87487));
#8747 = VECTOR('',#8748,1.);
#8748 = DIRECTION('',(0.,1.,0.));
#8749 = PCURVE('',#1722,#8750);
#8750 = DEFINITIONAL_REPRESENTATION('',(#8751),#8755);
#8751 = LINE('',#8752,#8753);
#8752 = CARTESIAN_POINT('',(0.,0.));
#8753 = VECTOR('',#8754,1.);
#8754 = DIRECTION('',(0.,-1.));
#8755 = ( GEOMETRIC_REPRESENTATION_CONTEXT(2) 
PARAMETRIC_REPRESENTATION_CONTEXT() REPRESENTATION_CONTEXT('2D SPACE',''
  ) );
#8756 = PCURVE('',#1748,#8757);
#8757 = DEFINITIONAL_REPRESENTATION('',(#8758),#8762);
#8758 = LINE('',#8759,#8760);
#8759 = CARTESIAN_POINT('',(0.110172319573,0.));
#8760 = VECTOR('',#8761,1.);
#8761 = DIRECTION('',(0.,-1.));
#8762 = ( GEOMETRIC_REPRESENTATION_CONTEXT(2) 
PARAMETRIC_REPRESENTATION_CONTEXT() REPRESENTATION_CONTEXT('2D SPACE',''
  ) );
#8763 = ORIENTED_EDGE('',*,*,#8764,.T.);
#8764 = EDGE_CURVE('',#8742,#8644,#8765,.T.);
#8765 = SURFACE_CURVE('',#8766,(#8770,#8777),.PCURVE_S1.);
#8766 = LINE('',#8767,#8768);
#8767 = CARTESIAN_POINT('',(58.8587,39.95,103.87487));
#8768 = VECTOR('',#8769,1.);
#8769 = DIRECTION('',(0.538780150158,0.,0.84244640767));
#8770 = PCURVE('',#1722,#8771);
#8771 = DEFINITIONAL_REPRESENTATION('',(#8772),#8776);
#8772 = LINE('',#8773,#8774);
#8773 = CARTESIAN_POINT('',(0.,-0.2));
#8774 = VECTOR('',#8775,1.);
#8775 = DIRECTION('',(1.,0.));
#8776 = ( GEOMETRIC_REPRESENTATION_CONTEXT(2) 
PARAMETRIC_REPRESENTATION_CONTEXT() REPRESENTATION_CONTEXT('2D SPACE',''
  ) );
#8777 = PCURVE('',#8459,#8778);
#8778 = DEFINITIONAL_REPRESENTATION('',(#8779),#8783);
#8779 = LINE('',#8780,#8781);
#8780 = CARTESIAN_POINT('',(-1.07136459969,2.929806113059E-02));
#8781 = VECTOR('',#8782,1.);
#8782 = DIRECTION('',(0.538780150158,-0.84244640767));
#8783 = ( GEOMETRIC_REPRESENTATION_CONTEXT(2) 
PARAMETRIC_REPRESENTATION_CONTEXT() REPRESENTATION_CONTEXT('2D SPACE',''
  ) );
#8784 = ORIENTED_EDGE('',*,*,#8643,.F.);
#8785 = ADVANCED_FACE('',(#8786),#2268,.F.);
#8786 = FACE_BOUND('',#8787,.F.);
#8787 = EDGE_LOOP('',(#8788,#8789,#8790,#8813));
#8788 = ORIENTED_EDGE('',*,*,#2253,.T.);
#8789 = ORIENTED_EDGE('',*,*,#8716,.T.);
#8790 = ORIENTED_EDGE('',*,*,#8791,.T.);
#8791 = EDGE_CURVE('',#8694,#8792,#8794,.T.);
#8792 = VERTEX_POINT('',#8793);
#8793 = CARTESIAN_POINT('',(61.1781,39.95,104.55806));
#8794 = SURFACE_CURVE('',#8795,(#8799,#8806),.PCURVE_S1.);
#8795 = LINE('',#8796,#8797);
#8796 = CARTESIAN_POINT('',(61.17626,39.95,104.66741));
#8797 = VECTOR('',#8798,1.);
#8798 = DIRECTION('',(1.682432161313E-02,0.,-0.999858461084));
#8799 = PCURVE('',#2268,#8800);
#8800 = DEFINITIONAL_REPRESENTATION('',(#8801),#8805);
#8801 = LINE('',#8802,#8803);
#8802 = CARTESIAN_POINT('',(0.,-0.2));
#8803 = VECTOR('',#8804,1.);
#8804 = DIRECTION('',(1.,0.));
#8805 = ( GEOMETRIC_REPRESENTATION_CONTEXT(2) 
PARAMETRIC_REPRESENTATION_CONTEXT() REPRESENTATION_CONTEXT('2D SPACE',''
  ) );
#8806 = PCURVE('',#8459,#8807);
#8807 = DEFINITIONAL_REPRESENTATION('',(#8808),#8812);
#8808 = LINE('',#8809,#8810);
#8809 = CARTESIAN_POINT('',(1.24619540031,-0.763241938869));
#8810 = VECTOR('',#8811,1.);
#8811 = DIRECTION('',(1.682432161313E-02,0.999858461084));
#8812 = ( GEOMETRIC_REPRESENTATION_CONTEXT(2) 
PARAMETRIC_REPRESENTATION_CONTEXT() REPRESENTATION_CONTEXT('2D SPACE',''
  ) );
#8813 = ORIENTED_EDGE('',*,*,#8814,.F.);
#8814 = EDGE_CURVE('',#2228,#8792,#8815,.T.);
#8815 = SURFACE_CURVE('',#8816,(#8820,#8827),.PCURVE_S1.);
#8816 = LINE('',#8817,#8818);
#8817 = CARTESIAN_POINT('',(61.1781,39.75,104.55806));
#8818 = VECTOR('',#8819,1.);
#8819 = DIRECTION('',(0.,1.,0.));
#8820 = PCURVE('',#2268,#8821);
#8821 = DEFINITIONAL_REPRESENTATION('',(#8822),#8826);
#8822 = LINE('',#8823,#8824);
#8823 = CARTESIAN_POINT('',(0.109365479471,0.));
#8824 = VECTOR('',#8825,1.);
#8825 = DIRECTION('',(0.,-1.));
#8826 = ( GEOMETRIC_REPRESENTATION_CONTEXT(2) 
PARAMETRIC_REPRESENTATION_CONTEXT() REPRESENTATION_CONTEXT('2D SPACE',''
  ) );
#8827 = PCURVE('',#2242,#8828);
#8828 = DEFINITIONAL_REPRESENTATION('',(#8829),#8833);
#8829 = LINE('',#8830,#8831);
#8830 = CARTESIAN_POINT('',(0.,0.));
#8831 = VECTOR('',#8832,1.);
#8832 = DIRECTION('',(0.,-1.));
#8833 = ( GEOMETRIC_REPRESENTATION_CONTEXT(2) 
PARAMETRIC_REPRESENTATION_CONTEXT() REPRESENTATION_CONTEXT('2D SPACE',''
  ) );
#8834 = ADVANCED_FACE('',(#8835),#1748,.F.);
#8835 = FACE_BOUND('',#8836,.F.);
#8836 = EDGE_LOOP('',(#8837,#8838,#8861,#8882));
#8837 = ORIENTED_EDGE('',*,*,#1733,.T.);
#8838 = ORIENTED_EDGE('',*,*,#8839,.T.);
#8839 = EDGE_CURVE('',#1734,#8840,#8842,.T.);
#8840 = VERTEX_POINT('',#8841);
#8841 = CARTESIAN_POINT('',(58.8074,39.95,103.77737));
#8842 = SURFACE_CURVE('',#8843,(#8847,#8854),.PCURVE_S1.);
#8843 = LINE('',#8844,#8845);
#8844 = CARTESIAN_POINT('',(58.8074,39.75,103.77737));
#8845 = VECTOR('',#8846,1.);
#8846 = DIRECTION('',(0.,1.,0.));
#8847 = PCURVE('',#1748,#8848);
#8848 = DEFINITIONAL_REPRESENTATION('',(#8849),#8853);
#8849 = LINE('',#8850,#8851);
#8850 = CARTESIAN_POINT('',(0.,0.));
#8851 = VECTOR('',#8852,1.);
#8852 = DIRECTION('',(0.,-1.));
#8853 = ( GEOMETRIC_REPRESENTATION_CONTEXT(2) 
PARAMETRIC_REPRESENTATION_CONTEXT() REPRESENTATION_CONTEXT('2D SPACE',''
  ) );
#8854 = PCURVE('',#1774,#8855);
#8855 = DEFINITIONAL_REPRESENTATION('',(#8856),#8860);
#8856 = LINE('',#8857,#8858);
#8857 = CARTESIAN_POINT('',(0.109572433121,0.));
#8858 = VECTOR('',#8859,1.);
#8859 = DIRECTION('',(0.,-1.));
#8860 = ( GEOMETRIC_REPRESENTATION_CONTEXT(2) 
PARAMETRIC_REPRESENTATION_CONTEXT() REPRESENTATION_CONTEXT('2D SPACE',''
  ) );
#8861 = ORIENTED_EDGE('',*,*,#8862,.T.);
#8862 = EDGE_CURVE('',#8840,#8742,#8863,.T.);
#8863 = SURFACE_CURVE('',#8864,(#8868,#8875),.PCURVE_S1.);
#8864 = LINE('',#8865,#8866);
#8865 = CARTESIAN_POINT('',(58.8074,39.95,103.77737));
#8866 = VECTOR('',#8867,1.);
#8867 = DIRECTION('',(0.465634201032,0.,0.884977282663));
#8868 = PCURVE('',#1748,#8869);
#8869 = DEFINITIONAL_REPRESENTATION('',(#8870),#8874);
#8870 = LINE('',#8871,#8872);
#8871 = CARTESIAN_POINT('',(0.,-0.2));
#8872 = VECTOR('',#8873,1.);
#8873 = DIRECTION('',(1.,0.));
#8874 = ( GEOMETRIC_REPRESENTATION_CONTEXT(2) 
PARAMETRIC_REPRESENTATION_CONTEXT() REPRESENTATION_CONTEXT('2D SPACE',''
  ) );
#8875 = PCURVE('',#8459,#8876);
#8876 = DEFINITIONAL_REPRESENTATION('',(#8877),#8881);
#8877 = LINE('',#8878,#8879);
#8878 = CARTESIAN_POINT('',(-1.12266459969,0.126798061131));
#8879 = VECTOR('',#8880,1.);
#8880 = DIRECTION('',(0.465634201032,-0.884977282663));
#8881 = ( GEOMETRIC_REPRESENTATION_CONTEXT(2) 
PARAMETRIC_REPRESENTATION_CONTEXT() REPRESENTATION_CONTEXT('2D SPACE',''
  ) );
#8882 = ORIENTED_EDGE('',*,*,#8741,.F.);
#8883 = ADVANCED_FACE('',(#8884),#2242,.F.);
#8884 = FACE_BOUND('',#8885,.F.);
#8885 = EDGE_LOOP('',(#8886,#8887,#8888,#8911));
#8886 = ORIENTED_EDGE('',*,*,#2227,.T.);
#8887 = ORIENTED_EDGE('',*,*,#8814,.T.);
#8888 = ORIENTED_EDGE('',*,*,#8889,.T.);
#8889 = EDGE_CURVE('',#8792,#8890,#8892,.T.);
#8890 = VERTEX_POINT('',#8891);
#8891 = CARTESIAN_POINT('',(61.17084,39.95,104.44926));
#8892 = SURFACE_CURVE('',#8893,(#8897,#8904),.PCURVE_S1.);
#8893 = LINE('',#8894,#8895);
#8894 = CARTESIAN_POINT('',(61.1781,39.95,104.55806));
#8895 = VECTOR('',#8896,1.);
#8896 = DIRECTION('',(-6.657987842313E-02,0.,-0.997781098132));
#8897 = PCURVE('',#2242,#8898);
#8898 = DEFINITIONAL_REPRESENTATION('',(#8899),#8903);
#8899 = LINE('',#8900,#8901);
#8900 = CARTESIAN_POINT('',(0.,-0.2));
#8901 = VECTOR('',#8902,1.);
#8902 = DIRECTION('',(1.,0.));
#8903 = ( GEOMETRIC_REPRESENTATION_CONTEXT(2) 
PARAMETRIC_REPRESENTATION_CONTEXT() REPRESENTATION_CONTEXT('2D SPACE',''
  ) );
#8904 = PCURVE('',#8459,#8905);
#8905 = DEFINITIONAL_REPRESENTATION('',(#8906),#8910);
#8906 = LINE('',#8907,#8908);
#8907 = CARTESIAN_POINT('',(1.24803540031,-0.653891938869));
#8908 = VECTOR('',#8909,1.);
#8909 = DIRECTION('',(-6.657987842313E-02,0.997781098132));
#8910 = ( GEOMETRIC_REPRESENTATION_CONTEXT(2) 
PARAMETRIC_REPRESENTATION_CONTEXT() REPRESENTATION_CONTEXT('2D SPACE',''
  ) );
#8911 = ORIENTED_EDGE('',*,*,#8912,.F.);
#8912 = EDGE_CURVE('',#2202,#8890,#8913,.T.);
#8913 = SURFACE_CURVE('',#8914,(#8918,#8925),.PCURVE_S1.);
#8914 = LINE('',#8915,#8916);
#8915 = CARTESIAN_POINT('',(61.17084,39.75,104.44926));
#8916 = VECTOR('',#8917,1.);
#8917 = DIRECTION('',(0.,1.,0.));
#8918 = PCURVE('',#2242,#8919);
#8919 = DEFINITIONAL_REPRESENTATION('',(#8920),#8924);
#8920 = LINE('',#8921,#8922);
#8921 = CARTESIAN_POINT('',(0.109041953394,0.));
#8922 = VECTOR('',#8923,1.);
#8923 = DIRECTION('',(0.,-1.));
#8924 = ( GEOMETRIC_REPRESENTATION_CONTEXT(2) 
PARAMETRIC_REPRESENTATION_CONTEXT() REPRESENTATION_CONTEXT('2D SPACE',''
  ) );
#8925 = PCURVE('',#2216,#8926);
#8926 = DEFINITIONAL_REPRESENTATION('',(#8927),#8931);
#8927 = LINE('',#8928,#8929);
#8928 = CARTESIAN_POINT('',(0.,0.));
#8929 = VECTOR('',#8930,1.);
#8930 = DIRECTION('',(0.,-1.));
#8931 = ( GEOMETRIC_REPRESENTATION_CONTEXT(2) 
PARAMETRIC_REPRESENTATION_CONTEXT() REPRESENTATION_CONTEXT('2D SPACE',''
  ) );
#8932 = ADVANCED_FACE('',(#8933),#1774,.F.);
#8933 = FACE_BOUND('',#8934,.F.);
#8934 = EDGE_LOOP('',(#8935,#8936,#8959,#8980));
#8935 = ORIENTED_EDGE('',*,*,#1759,.T.);
#8936 = ORIENTED_EDGE('',*,*,#8937,.T.);
#8937 = EDGE_CURVE('',#1760,#8938,#8940,.T.);
#8938 = VERTEX_POINT('',#8939);
#8939 = CARTESIAN_POINT('',(58.7647,39.95,103.67646));
#8940 = SURFACE_CURVE('',#8941,(#8945,#8952),.PCURVE_S1.);
#8941 = LINE('',#8942,#8943);
#8942 = CARTESIAN_POINT('',(58.7647,39.75,103.67646));
#8943 = VECTOR('',#8944,1.);
#8944 = DIRECTION('',(0.,1.,0.));
#8945 = PCURVE('',#1774,#8946);
#8946 = DEFINITIONAL_REPRESENTATION('',(#8947),#8951);
#8947 = LINE('',#8948,#8949);
#8948 = CARTESIAN_POINT('',(0.,0.));
#8949 = VECTOR('',#8950,1.);
#8950 = DIRECTION('',(0.,-1.));
#8951 = ( GEOMETRIC_REPRESENTATION_CONTEXT(2) 
PARAMETRIC_REPRESENTATION_CONTEXT() REPRESENTATION_CONTEXT('2D SPACE',''
  ) );
#8952 = PCURVE('',#1800,#8953);
#8953 = DEFINITIONAL_REPRESENTATION('',(#8954),#8958);
#8954 = LINE('',#8955,#8956);
#8955 = CARTESIAN_POINT('',(0.109175925002,0.));
#8956 = VECTOR('',#8957,1.);
#8957 = DIRECTION('',(0.,-1.));
#8958 = ( GEOMETRIC_REPRESENTATION_CONTEXT(2) 
PARAMETRIC_REPRESENTATION_CONTEXT() REPRESENTATION_CONTEXT('2D SPACE',''
  ) );
#8959 = ORIENTED_EDGE('',*,*,#8960,.T.);
#8960 = EDGE_CURVE('',#8938,#8840,#8961,.T.);
#8961 = SURFACE_CURVE('',#8962,(#8966,#8973),.PCURVE_S1.);
#8962 = LINE('',#8963,#8964);
#8963 = CARTESIAN_POINT('',(58.7647,39.95,103.67646));
#8964 = VECTOR('',#8965,1.);
#8965 = DIRECTION('',(0.389696557646,0.,0.920943316909));
#8966 = PCURVE('',#1774,#8967);
#8967 = DEFINITIONAL_REPRESENTATION('',(#8968),#8972);
#8968 = LINE('',#8969,#8970);
#8969 = CARTESIAN_POINT('',(0.,-0.2));
#8970 = VECTOR('',#8971,1.);
#8971 = DIRECTION('',(1.,0.));
#8972 = ( GEOMETRIC_REPRESENTATION_CONTEXT(2) 
PARAMETRIC_REPRESENTATION_CONTEXT() REPRESENTATION_CONTEXT('2D SPACE',''
  ) );
#8973 = PCURVE('',#8459,#8974);
#8974 = DEFINITIONAL_REPRESENTATION('',(#8975),#8979);
#8975 = LINE('',#8976,#8977);
#8976 = CARTESIAN_POINT('',(-1.16536459969,0.227708061131));
#8977 = VECTOR('',#8978,1.);
#8978 = DIRECTION('',(0.389696557646,-0.920943316909));
#8979 = ( GEOMETRIC_REPRESENTATION_CONTEXT(2) 
PARAMETRIC_REPRESENTATION_CONTEXT() REPRESENTATION_CONTEXT('2D SPACE',''
  ) );
#8980 = ORIENTED_EDGE('',*,*,#8839,.F.);
#8981 = ADVANCED_FACE('',(#8982),#2216,.F.);
#8982 = FACE_BOUND('',#8983,.F.);
#8983 = EDGE_LOOP('',(#8984,#8985,#8986,#9009));
#8984 = ORIENTED_EDGE('',*,*,#2201,.T.);
#8985 = ORIENTED_EDGE('',*,*,#8912,.T.);
#8986 = ORIENTED_EDGE('',*,*,#8987,.T.);
#8987 = EDGE_CURVE('',#8890,#8988,#8990,.T.);
#8988 = VERTEX_POINT('',#8989);
#8989 = CARTESIAN_POINT('',(61.15457,39.95,104.34157));
#8990 = SURFACE_CURVE('',#8991,(#8995,#9002),.PCURVE_S1.);
#8991 = LINE('',#8992,#8993);
#8992 = CARTESIAN_POINT('',(61.17084,39.95,104.44926));
#8993 = VECTOR('',#8994,1.);
#8994 = DIRECTION('',(-0.149386501755,0.,-0.988778879777));
#8995 = PCURVE('',#2216,#8996);
#8996 = DEFINITIONAL_REPRESENTATION('',(#8997),#9001);
#8997 = LINE('',#8998,#8999);
#8998 = CARTESIAN_POINT('',(0.,-0.2));
#8999 = VECTOR('',#9000,1.);
#9000 = DIRECTION('',(1.,0.));
#9001 = ( GEOMETRIC_REPRESENTATION_CONTEXT(2) 
PARAMETRIC_REPRESENTATION_CONTEXT() REPRESENTATION_CONTEXT('2D SPACE',''
  ) );
#9002 = PCURVE('',#8459,#9003);
#9003 = DEFINITIONAL_REPRESENTATION('',(#9004),#9008);
#9004 = LINE('',#9005,#9006);
#9005 = CARTESIAN_POINT('',(1.24077540031,-0.545091938869));
#9006 = VECTOR('',#9007,1.);
#9007 = DIRECTION('',(-0.149386501755,0.988778879777));
#9008 = ( GEOMETRIC_REPRESENTATION_CONTEXT(2) 
PARAMETRIC_REPRESENTATION_CONTEXT() REPRESENTATION_CONTEXT('2D SPACE',''
  ) );
#9009 = ORIENTED_EDGE('',*,*,#9010,.F.);
#9010 = EDGE_CURVE('',#2176,#8988,#9011,.T.);
#9011 = SURFACE_CURVE('',#9012,(#9016,#9023),.PCURVE_S1.);
#9012 = LINE('',#9013,#9014);
#9013 = CARTESIAN_POINT('',(61.15457,39.75,104.34157));
#9014 = VECTOR('',#9015,1.);
#9015 = DIRECTION('',(0.,1.,0.));
#9016 = PCURVE('',#2216,#9017);
#9017 = DEFINITIONAL_REPRESENTATION('',(#9018),#9022);
#9018 = LINE('',#9019,#9020);
#9019 = CARTESIAN_POINT('',(0.108912115947,0.));
#9020 = VECTOR('',#9021,1.);
#9021 = DIRECTION('',(0.,-1.));
#9022 = ( GEOMETRIC_REPRESENTATION_CONTEXT(2) 
PARAMETRIC_REPRESENTATION_CONTEXT() REPRESENTATION_CONTEXT('2D SPACE',''
  ) );
#9023 = PCURVE('',#2190,#9024);
#9024 = DEFINITIONAL_REPRESENTATION('',(#9025),#9029);
#9025 = LINE('',#9026,#9027);
#9026 = CARTESIAN_POINT('',(0.,0.));
#9027 = VECTOR('',#9028,1.);
#9028 = DIRECTION('',(0.,-1.));
#9029 = ( GEOMETRIC_REPRESENTATION_CONTEXT(2) 
PARAMETRIC_REPRESENTATION_CONTEXT() REPRESENTATION_CONTEXT('2D SPACE',''
  ) );
#9030 = ADVANCED_FACE('',(#9031),#1800,.F.);
#9031 = FACE_BOUND('',#9032,.F.);
#9032 = EDGE_LOOP('',(#9033,#9034,#9057,#9078));
#9033 = ORIENTED_EDGE('',*,*,#1785,.T.);
#9034 = ORIENTED_EDGE('',*,*,#9035,.T.);
#9035 = EDGE_CURVE('',#1786,#9036,#9038,.T.);
#9036 = VERTEX_POINT('',#9037);
#9037 = CARTESIAN_POINT('',(58.73071,39.95,103.57271));
#9038 = SURFACE_CURVE('',#9039,(#9043,#9050),.PCURVE_S1.);
#9039 = LINE('',#9040,#9041);
#9040 = CARTESIAN_POINT('',(58.73071,39.75,103.57271));
#9041 = VECTOR('',#9042,1.);
#9042 = DIRECTION('',(0.,1.,0.));
#9043 = PCURVE('',#1800,#9044);
#9044 = DEFINITIONAL_REPRESENTATION('',(#9045),#9049);
#9045 = LINE('',#9046,#9047);
#9046 = CARTESIAN_POINT('',(0.,0.));
#9047 = VECTOR('',#9048,1.);
#9048 = DIRECTION('',(0.,-1.));
#9049 = ( GEOMETRIC_REPRESENTATION_CONTEXT(2) 
PARAMETRIC_REPRESENTATION_CONTEXT() REPRESENTATION_CONTEXT('2D SPACE',''
  ) );
#9050 = PCURVE('',#1826,#9051);
#9051 = DEFINITIONAL_REPRESENTATION('',(#9052),#9056);
#9052 = LINE('',#9053,#9054);
#9053 = CARTESIAN_POINT('',(0.108959407579,0.));
#9054 = VECTOR('',#9055,1.);
#9055 = DIRECTION('',(0.,-1.));
#9056 = ( GEOMETRIC_REPRESENTATION_CONTEXT(2) 
PARAMETRIC_REPRESENTATION_CONTEXT() REPRESENTATION_CONTEXT('2D SPACE',''
  ) );
#9057 = ORIENTED_EDGE('',*,*,#9058,.T.);
#9058 = EDGE_CURVE('',#9036,#8938,#9059,.T.);
#9059 = SURFACE_CURVE('',#9060,(#9064,#9071),.PCURVE_S1.);
#9060 = LINE('',#9061,#9062);
#9061 = CARTESIAN_POINT('',(58.73071,39.95,103.57271));
#9062 = VECTOR('',#9063,1.);
#9063 = DIRECTION('',(0.311332374784,0.,0.950301085137));
#9064 = PCURVE('',#1800,#9065);
#9065 = DEFINITIONAL_REPRESENTATION('',(#9066),#9070);
#9066 = LINE('',#9067,#9068);
#9067 = CARTESIAN_POINT('',(0.,-0.2));
#9068 = VECTOR('',#9069,1.);
#9069 = DIRECTION('',(1.,0.));
#9070 = ( GEOMETRIC_REPRESENTATION_CONTEXT(2) 
PARAMETRIC_REPRESENTATION_CONTEXT() REPRESENTATION_CONTEXT('2D SPACE',''
  ) );
#9071 = PCURVE('',#8459,#9072);
#9072 = DEFINITIONAL_REPRESENTATION('',(#9073),#9077);
#9073 = LINE('',#9074,#9075);
#9074 = CARTESIAN_POINT('',(-1.19935459969,0.331458061131));
#9075 = VECTOR('',#9076,1.);
#9076 = DIRECTION('',(0.311332374784,-0.950301085137));
#9077 = ( GEOMETRIC_REPRESENTATION_CONTEXT(2) 
PARAMETRIC_REPRESENTATION_CONTEXT() REPRESENTATION_CONTEXT('2D SPACE',''
  ) );
#9078 = ORIENTED_EDGE('',*,*,#8937,.F.);
#9079 = ADVANCED_FACE('',(#9080),#2190,.F.);
#9080 = FACE_BOUND('',#9081,.F.);
#9081 = EDGE_LOOP('',(#9082,#9083,#9084,#9107));
#9082 = ORIENTED_EDGE('',*,*,#2175,.T.);
#9083 = ORIENTED_EDGE('',*,*,#9010,.T.);
#9084 = ORIENTED_EDGE('',*,*,#9085,.T.);
#9085 = EDGE_CURVE('',#8988,#9086,#9088,.T.);
#9086 = VERTEX_POINT('',#9087);
#9087 = CARTESIAN_POINT('',(61.12939,39.95,104.23556));
#9088 = SURFACE_CURVE('',#9089,(#9093,#9100),.PCURVE_S1.);
#9089 = LINE('',#9090,#9091);
#9090 = CARTESIAN_POINT('',(61.15457,39.95,104.34157));
#9091 = VECTOR('',#9092,1.);
#9092 = DIRECTION('',(-0.231095235918,0.,-0.972931134221));
#9093 = PCURVE('',#2190,#9094);
#9094 = DEFINITIONAL_REPRESENTATION('',(#9095),#9099);
#9095 = LINE('',#9096,#9097);
#9096 = CARTESIAN_POINT('',(0.,-0.2));
#9097 = VECTOR('',#9098,1.);
#9098 = DIRECTION('',(1.,0.));
#9099 = ( GEOMETRIC_REPRESENTATION_CONTEXT(2) 
PARAMETRIC_REPRESENTATION_CONTEXT() REPRESENTATION_CONTEXT('2D SPACE',''
  ) );
#9100 = PCURVE('',#8459,#9101);
#9101 = DEFINITIONAL_REPRESENTATION('',(#9102),#9106);
#9102 = LINE('',#9103,#9104);
#9103 = CARTESIAN_POINT('',(1.22450540031,-0.437401938869));
#9104 = VECTOR('',#9105,1.);
#9105 = DIRECTION('',(-0.231095235918,0.972931134221));
#9106 = ( GEOMETRIC_REPRESENTATION_CONTEXT(2) 
PARAMETRIC_REPRESENTATION_CONTEXT() REPRESENTATION_CONTEXT('2D SPACE',''
  ) );
#9107 = ORIENTED_EDGE('',*,*,#9108,.F.);
#9108 = EDGE_CURVE('',#2150,#9086,#9109,.T.);
#9109 = SURFACE_CURVE('',#9110,(#9114,#9121),.PCURVE_S1.);
#9110 = LINE('',#9111,#9112);
#9111 = CARTESIAN_POINT('',(61.12939,39.75,104.23556));
#9112 = VECTOR('',#9113,1.);
#9113 = DIRECTION('',(0.,1.,0.));
#9114 = PCURVE('',#2190,#9115);
#9115 = DEFINITIONAL_REPRESENTATION('',(#9116),#9120);
#9116 = LINE('',#9117,#9118);
#9117 = CARTESIAN_POINT('',(0.108959407579,0.));
#9118 = VECTOR('',#9119,1.);
#9119 = DIRECTION('',(0.,-1.));
#9120 = ( GEOMETRIC_REPRESENTATION_CONTEXT(2) 
PARAMETRIC_REPRESENTATION_CONTEXT() REPRESENTATION_CONTEXT('2D SPACE',''
  ) );
#9121 = PCURVE('',#2164,#9122);
#9122 = DEFINITIONAL_REPRESENTATION('',(#9123),#9127);
#9123 = LINE('',#9124,#9125);
#9124 = CARTESIAN_POINT('',(0.,0.));
#9125 = VECTOR('',#9126,1.);
#9126 = DIRECTION('',(0.,-1.));
#9127 = ( GEOMETRIC_REPRESENTATION_CONTEXT(2) 
PARAMETRIC_REPRESENTATION_CONTEXT() REPRESENTATION_CONTEXT('2D SPACE',''
  ) );
#9128 = ADVANCED_FACE('',(#9129),#1826,.F.);
#9129 = FACE_BOUND('',#9130,.F.);
#9130 = EDGE_LOOP('',(#9131,#9132,#9155,#9176));
#9131 = ORIENTED_EDGE('',*,*,#1811,.T.);
#9132 = ORIENTED_EDGE('',*,*,#9133,.T.);
#9133 = EDGE_CURVE('',#1812,#9134,#9136,.T.);
#9134 = VERTEX_POINT('',#9135);
#9135 = CARTESIAN_POINT('',(58.70553,39.95,103.4667));
#9136 = SURFACE_CURVE('',#9137,(#9141,#9148),.PCURVE_S1.);
#9137 = LINE('',#9138,#9139);
#9138 = CARTESIAN_POINT('',(58.70553,39.75,103.4667));
#9139 = VECTOR('',#9140,1.);
#9140 = DIRECTION('',(0.,1.,0.));
#9141 = PCURVE('',#1826,#9142);
#9142 = DEFINITIONAL_REPRESENTATION('',(#9143),#9147);
#9143 = LINE('',#9144,#9145);
#9144 = CARTESIAN_POINT('',(0.,0.));
#9145 = VECTOR('',#9146,1.);
#9146 = DIRECTION('',(0.,-1.));
#9147 = ( GEOMETRIC_REPRESENTATION_CONTEXT(2) 
PARAMETRIC_REPRESENTATION_CONTEXT() REPRESENTATION_CONTEXT('2D SPACE',''
  ) );
#9148 = PCURVE('',#1852,#9149);
#9149 = DEFINITIONAL_REPRESENTATION('',(#9150),#9154);
#9150 = LINE('',#9151,#9152);
#9151 = CARTESIAN_POINT('',(0.108933385608,0.));
#9152 = VECTOR('',#9153,1.);
#9153 = DIRECTION('',(0.,-1.));
#9154 = ( GEOMETRIC_REPRESENTATION_CONTEXT(2) 
PARAMETRIC_REPRESENTATION_CONTEXT() REPRESENTATION_CONTEXT('2D SPACE',''
  ) );
#9155 = ORIENTED_EDGE('',*,*,#9156,.T.);
#9156 = EDGE_CURVE('',#9134,#9036,#9157,.T.);
#9157 = SURFACE_CURVE('',#9158,(#9162,#9169),.PCURVE_S1.);
#9158 = LINE('',#9159,#9160);
#9159 = CARTESIAN_POINT('',(58.70553,39.95,103.4667));
#9160 = VECTOR('',#9161,1.);
#9161 = DIRECTION('',(0.231095235918,0.,0.972931134221));
#9162 = PCURVE('',#1826,#9163);
#9163 = DEFINITIONAL_REPRESENTATION('',(#9164),#9168);
#9164 = LINE('',#9165,#9166);
#9165 = CARTESIAN_POINT('',(0.,-0.2));
#9166 = VECTOR('',#9167,1.);
#9167 = DIRECTION('',(1.,0.));
#9168 = ( GEOMETRIC_REPRESENTATION_CONTEXT(2) 
PARAMETRIC_REPRESENTATION_CONTEXT() REPRESENTATION_CONTEXT('2D SPACE',''
  ) );
#9169 = PCURVE('',#8459,#9170);
#9170 = DEFINITIONAL_REPRESENTATION('',(#9171),#9175);
#9171 = LINE('',#9172,#9173);
#9172 = CARTESIAN_POINT('',(-1.22453459969,0.437468061131));
#9173 = VECTOR('',#9174,1.);
#9174 = DIRECTION('',(0.231095235918,-0.972931134221));
#9175 = ( GEOMETRIC_REPRESENTATION_CONTEXT(2) 
PARAMETRIC_REPRESENTATION_CONTEXT() REPRESENTATION_CONTEXT('2D SPACE',''
  ) );
#9176 = ORIENTED_EDGE('',*,*,#9035,.F.);
#9177 = ADVANCED_FACE('',(#9178),#2164,.F.);
#9178 = FACE_BOUND('',#9179,.F.);
#9179 = EDGE_LOOP('',(#9180,#9181,#9182,#9205));
#9180 = ORIENTED_EDGE('',*,*,#2149,.T.);
#9181 = ORIENTED_EDGE('',*,*,#9108,.T.);
#9182 = ORIENTED_EDGE('',*,*,#9183,.T.);
#9183 = EDGE_CURVE('',#9086,#9184,#9186,.T.);
#9184 = VERTEX_POINT('',#9185);
#9185 = CARTESIAN_POINT('',(61.09541,39.95,104.13182));
#9186 = SURFACE_CURVE('',#9187,(#9191,#9198),.PCURVE_S1.);
#9187 = LINE('',#9188,#9189);
#9188 = CARTESIAN_POINT('',(61.12939,39.95,104.23556));
#9189 = VECTOR('',#9190,1.);
#9190 = DIRECTION('',(-0.311276750006,0.,-0.950319306815));
#9191 = PCURVE('',#2164,#9192);
#9192 = DEFINITIONAL_REPRESENTATION('',(#9193),#9197);
#9193 = LINE('',#9194,#9195);
#9194 = CARTESIAN_POINT('',(0.,-0.2));
#9195 = VECTOR('',#9196,1.);
#9196 = DIRECTION('',(1.,0.));
#9197 = ( GEOMETRIC_REPRESENTATION_CONTEXT(2) 
PARAMETRIC_REPRESENTATION_CONTEXT() REPRESENTATION_CONTEXT('2D SPACE',''
  ) );
#9198 = PCURVE('',#8459,#9199);
#9199 = DEFINITIONAL_REPRESENTATION('',(#9200),#9204);
#9200 = LINE('',#9201,#9202);
#9201 = CARTESIAN_POINT('',(1.19932540031,-0.331391938869));
#9202 = VECTOR('',#9203,1.);
#9203 = DIRECTION('',(-0.311276750006,0.950319306815));
#9204 = ( GEOMETRIC_REPRESENTATION_CONTEXT(2) 
PARAMETRIC_REPRESENTATION_CONTEXT() REPRESENTATION_CONTEXT('2D SPACE',''
  ) );
#9205 = ORIENTED_EDGE('',*,*,#9206,.F.);
#9206 = EDGE_CURVE('',#2124,#9184,#9207,.T.);
#9207 = SURFACE_CURVE('',#9208,(#9212,#9219),.PCURVE_S1.);
#9208 = LINE('',#9209,#9210);
#9209 = CARTESIAN_POINT('',(61.09541,39.75,104.13182));
#9210 = VECTOR('',#9211,1.);
#9211 = DIRECTION('',(0.,1.,0.));
#9212 = PCURVE('',#2164,#9213);
#9213 = DEFINITIONAL_REPRESENTATION('',(#9214),#9218);
#9214 = LINE('',#9215,#9216);
#9215 = CARTESIAN_POINT('',(0.109163308854,0.));
#9216 = VECTOR('',#9217,1.);
#9217 = DIRECTION('',(0.,-1.));
#9218 = ( GEOMETRIC_REPRESENTATION_CONTEXT(2) 
PARAMETRIC_REPRESENTATION_CONTEXT() REPRESENTATION_CONTEXT('2D SPACE',''
  ) );
#9219 = PCURVE('',#2138,#9220);
#9220 = DEFINITIONAL_REPRESENTATION('',(#9221),#9225);
#9221 = LINE('',#9222,#9223);
#9222 = CARTESIAN_POINT('',(0.,0.));
#9223 = VECTOR('',#9224,1.);
#9224 = DIRECTION('',(0.,-1.));
#9225 = ( GEOMETRIC_REPRESENTATION_CONTEXT(2) 
PARAMETRIC_REPRESENTATION_CONTEXT() REPRESENTATION_CONTEXT('2D SPACE',''
  ) );
#9226 = ADVANCED_FACE('',(#9227),#1852,.F.);
#9227 = FACE_BOUND('',#9228,.F.);
#9228 = EDGE_LOOP('',(#9229,#9230,#9253,#9274));
#9229 = ORIENTED_EDGE('',*,*,#1837,.T.);
#9230 = ORIENTED_EDGE('',*,*,#9231,.T.);
#9231 = EDGE_CURVE('',#1838,#9232,#9234,.T.);
#9232 = VERTEX_POINT('',#9233);
#9233 = CARTESIAN_POINT('',(58.68925,39.95,103.35899));
#9234 = SURFACE_CURVE('',#9235,(#9239,#9246),.PCURVE_S1.);
#9235 = LINE('',#9236,#9237);
#9236 = CARTESIAN_POINT('',(58.68925,39.75,103.35899));
#9237 = VECTOR('',#9238,1.);
#9238 = DIRECTION('',(0.,1.,0.));
#9239 = PCURVE('',#1852,#9240);
#9240 = DEFINITIONAL_REPRESENTATION('',(#9241),#9245);
#9241 = LINE('',#9242,#9243);
#9242 = CARTESIAN_POINT('',(0.,0.));
#9243 = VECTOR('',#9244,1.);
#9244 = DIRECTION('',(0.,-1.));
#9245 = ( GEOMETRIC_REPRESENTATION_CONTEXT(2) 
PARAMETRIC_REPRESENTATION_CONTEXT() REPRESENTATION_CONTEXT('2D SPACE',''
  ) );
#9246 = PCURVE('',#1878,#9247);
#9247 = DEFINITIONAL_REPRESENTATION('',(#9248),#9252);
#9248 = LINE('',#9249,#9250);
#9249 = CARTESIAN_POINT('',(0.109051931207,0.));
#9250 = VECTOR('',#9251,1.);
#9251 = DIRECTION('',(0.,-1.));
#9252 = ( GEOMETRIC_REPRESENTATION_CONTEXT(2) 
PARAMETRIC_REPRESENTATION_CONTEXT() REPRESENTATION_CONTEXT('2D SPACE',''
  ) );
#9253 = ORIENTED_EDGE('',*,*,#9254,.T.);
#9254 = EDGE_CURVE('',#9232,#9134,#9255,.T.);
#9255 = SURFACE_CURVE('',#9256,(#9260,#9267),.PCURVE_S1.);
#9256 = LINE('',#9257,#9258);
#9257 = CARTESIAN_POINT('',(58.68925,39.95,103.35899));
#9258 = VECTOR('',#9259,1.);
#9259 = DIRECTION('',(0.149449132689,0.,0.988769415353));
#9260 = PCURVE('',#1852,#9261);
#9261 = DEFINITIONAL_REPRESENTATION('',(#9262),#9266);
#9262 = LINE('',#9263,#9264);
#9263 = CARTESIAN_POINT('',(0.,-0.2));
#9264 = VECTOR('',#9265,1.);
#9265 = DIRECTION('',(1.,0.));
#9266 = ( GEOMETRIC_REPRESENTATION_CONTEXT(2) 
PARAMETRIC_REPRESENTATION_CONTEXT() REPRESENTATION_CONTEXT('2D SPACE',''
  ) );
#9267 = PCURVE('',#8459,#9268);
#9268 = DEFINITIONAL_REPRESENTATION('',(#9269),#9273);
#9269 = LINE('',#9270,#9271);
#9270 = CARTESIAN_POINT('',(-1.24081459969,0.545178061131));
#9271 = VECTOR('',#9272,1.);
#9272 = DIRECTION('',(0.149449132689,-0.988769415353));
#9273 = ( GEOMETRIC_REPRESENTATION_CONTEXT(2) 
PARAMETRIC_REPRESENTATION_CONTEXT() REPRESENTATION_CONTEXT('2D SPACE',''
  ) );
#9274 = ORIENTED_EDGE('',*,*,#9133,.F.);
#9275 = ADVANCED_FACE('',(#9276),#2138,.F.);
#9276 = FACE_BOUND('',#9277,.F.);
#9277 = EDGE_LOOP('',(#9278,#9279,#9280,#9303));
#9278 = ORIENTED_EDGE('',*,*,#2123,.T.);
#9279 = ORIENTED_EDGE('',*,*,#9206,.T.);
#9280 = ORIENTED_EDGE('',*,*,#9281,.T.);
#9281 = EDGE_CURVE('',#9184,#9282,#9284,.T.);
#9282 = VERTEX_POINT('',#9283);
#9283 = CARTESIAN_POINT('',(61.05272,39.95,104.03091));
#9284 = SURFACE_CURVE('',#9285,(#9289,#9296),.PCURVE_S1.);
#9285 = LINE('',#9286,#9287);
#9286 = CARTESIAN_POINT('',(61.09541,39.95,104.13182));
#9287 = VECTOR('',#9288,1.);
#9288 = DIRECTION('',(-0.389619149322,0.,-0.920976068355));
#9289 = PCURVE('',#2138,#9290);
#9290 = DEFINITIONAL_REPRESENTATION('',(#9291),#9295);
#9291 = LINE('',#9292,#9293);
#9292 = CARTESIAN_POINT('',(0.,-0.2));
#9293 = VECTOR('',#9294,1.);
#9294 = DIRECTION('',(1.,0.));
#9295 = ( GEOMETRIC_REPRESENTATION_CONTEXT(2) 
PARAMETRIC_REPRESENTATION_CONTEXT() REPRESENTATION_CONTEXT('2D SPACE',''
  ) );
#9296 = PCURVE('',#8459,#9297);
#9297 = DEFINITIONAL_REPRESENTATION('',(#9298),#9302);
#9298 = LINE('',#9299,#9300);
#9299 = CARTESIAN_POINT('',(1.16534540031,-0.227651938869));
#9300 = VECTOR('',#9301,1.);
#9301 = DIRECTION('',(-0.389619149322,0.920976068355));
#9302 = ( GEOMETRIC_REPRESENTATION_CONTEXT(2) 
PARAMETRIC_REPRESENTATION_CONTEXT() REPRESENTATION_CONTEXT('2D SPACE',''
  ) );
#9303 = ORIENTED_EDGE('',*,*,#9304,.F.);
#9304 = EDGE_CURVE('',#2098,#9282,#9305,.T.);
#9305 = SURFACE_CURVE('',#9306,(#9310,#9317),.PCURVE_S1.);
#9306 = LINE('',#9307,#9308);
#9307 = CARTESIAN_POINT('',(61.05272,39.75,104.03091));
#9308 = VECTOR('',#9309,1.);
#9309 = DIRECTION('',(0.,1.,0.));
#9310 = PCURVE('',#2138,#9311);
#9311 = DEFINITIONAL_REPRESENTATION('',(#9312),#9316);
#9312 = LINE('',#9313,#9314);
#9313 = CARTESIAN_POINT('',(0.109568536542,0.));
#9314 = VECTOR('',#9315,1.);
#9315 = DIRECTION('',(0.,-1.));
#9316 = ( GEOMETRIC_REPRESENTATION_CONTEXT(2) 
PARAMETRIC_REPRESENTATION_CONTEXT() REPRESENTATION_CONTEXT('2D SPACE',''
  ) );
#9317 = PCURVE('',#2112,#9318);
#9318 = DEFINITIONAL_REPRESENTATION('',(#9319),#9323);
#9319 = LINE('',#9320,#9321);
#9320 = CARTESIAN_POINT('',(0.,0.));
#9321 = VECTOR('',#9322,1.);
#9322 = DIRECTION('',(0.,-1.));
#9323 = ( GEOMETRIC_REPRESENTATION_CONTEXT(2) 
PARAMETRIC_REPRESENTATION_CONTEXT() REPRESENTATION_CONTEXT('2D SPACE',''
  ) );
#9324 = ADVANCED_FACE('',(#9325),#1878,.F.);
#9325 = FACE_BOUND('',#9326,.F.);
#9326 = EDGE_LOOP('',(#9327,#9328,#9351,#9372));
#9327 = ORIENTED_EDGE('',*,*,#1863,.T.);
#9328 = ORIENTED_EDGE('',*,*,#9329,.T.);
#9329 = EDGE_CURVE('',#1864,#9330,#9332,.T.);
#9330 = VERTEX_POINT('',#9331);
#9331 = CARTESIAN_POINT('',(58.68199,39.95,103.25018));
#9332 = SURFACE_CURVE('',#9333,(#9337,#9344),.PCURVE_S1.);
#9333 = LINE('',#9334,#9335);
#9334 = CARTESIAN_POINT('',(58.68199,39.75,103.25018));
#9335 = VECTOR('',#9336,1.);
#9336 = DIRECTION('',(0.,1.,0.));
#9337 = PCURVE('',#1878,#9338);
#9338 = DEFINITIONAL_REPRESENTATION('',(#9339),#9343);
#9339 = LINE('',#9340,#9341);
#9340 = CARTESIAN_POINT('',(0.,0.));
#9341 = VECTOR('',#9342,1.);
#9342 = DIRECTION('',(0.,-1.));
#9343 = ( GEOMETRIC_REPRESENTATION_CONTEXT(2) 
PARAMETRIC_REPRESENTATION_CONTEXT() REPRESENTATION_CONTEXT('2D SPACE',''
  ) );
#9344 = PCURVE('',#1904,#9345);
#9345 = DEFINITIONAL_REPRESENTATION('',(#9346),#9350);
#9346 = LINE('',#9347,#9348);
#9347 = CARTESIAN_POINT('',(0.109375478056,0.));
#9348 = VECTOR('',#9349,1.);
#9349 = DIRECTION('',(0.,-1.));
#9350 = ( GEOMETRIC_REPRESENTATION_CONTEXT(2) 
PARAMETRIC_REPRESENTATION_CONTEXT() REPRESENTATION_CONTEXT('2D SPACE',''
  ) );
#9351 = ORIENTED_EDGE('',*,*,#9352,.T.);
#9352 = EDGE_CURVE('',#9330,#9232,#9353,.T.);
#9353 = SURFACE_CURVE('',#9354,(#9358,#9365),.PCURVE_S1.);
#9354 = LINE('',#9355,#9356);
#9355 = CARTESIAN_POINT('',(58.68199,39.95,103.25018));
#9356 = VECTOR('',#9357,1.);
#9357 = DIRECTION('',(6.65737866321E-02,0.,0.997781504606));
#9358 = PCURVE('',#1878,#9359);
#9359 = DEFINITIONAL_REPRESENTATION('',(#9360),#9364);
#9360 = LINE('',#9361,#9362);
#9361 = CARTESIAN_POINT('',(0.,-0.2));
#9362 = VECTOR('',#9363,1.);
#9363 = DIRECTION('',(1.,0.));
#9364 = ( GEOMETRIC_REPRESENTATION_CONTEXT(2) 
PARAMETRIC_REPRESENTATION_CONTEXT() REPRESENTATION_CONTEXT('2D SPACE',''
  ) );
#9365 = PCURVE('',#8459,#9366);
#9366 = DEFINITIONAL_REPRESENTATION('',(#9367),#9371);
#9367 = LINE('',#9368,#9369);
#9368 = CARTESIAN_POINT('',(-1.24807459969,0.653988061131));
#9369 = VECTOR('',#9370,1.);
#9370 = DIRECTION('',(6.65737866321E-02,-0.997781504606));
#9371 = ( GEOMETRIC_REPRESENTATION_CONTEXT(2) 
PARAMETRIC_REPRESENTATION_CONTEXT() REPRESENTATION_CONTEXT('2D SPACE',''
  ) );
#9372 = ORIENTED_EDGE('',*,*,#9231,.F.);
#9373 = ADVANCED_FACE('',(#9374),#2112,.F.);
#9374 = FACE_BOUND('',#9375,.F.);
#9375 = EDGE_LOOP('',(#9376,#9377,#9378,#9401));
#9376 = ORIENTED_EDGE('',*,*,#2097,.T.);
#9377 = ORIENTED_EDGE('',*,*,#9304,.T.);
#9378 = ORIENTED_EDGE('',*,*,#9379,.T.);
#9379 = EDGE_CURVE('',#9282,#9380,#9382,.T.);
#9380 = VERTEX_POINT('',#9381);
#9381 = CARTESIAN_POINT('',(61.00142,39.95,103.9334));
#9382 = SURFACE_CURVE('',#9383,(#9387,#9394),.PCURVE_S1.);
#9383 = LINE('',#9384,#9385);
#9384 = CARTESIAN_POINT('',(61.05272,39.95,104.03091));
#9385 = VECTOR('',#9386,1.);
#9386 = DIRECTION('',(-0.465596800787,0.,-0.884996959937));
#9387 = PCURVE('',#2112,#9388);
#9388 = DEFINITIONAL_REPRESENTATION('',(#9389),#9393);
#9389 = LINE('',#9390,#9391);
#9390 = CARTESIAN_POINT('',(0.,-0.2));
#9391 = VECTOR('',#9392,1.);
#9392 = DIRECTION('',(1.,0.));
#9393 = ( GEOMETRIC_REPRESENTATION_CONTEXT(2) 
PARAMETRIC_REPRESENTATION_CONTEXT() REPRESENTATION_CONTEXT('2D SPACE',''
  ) );
#9394 = PCURVE('',#8459,#9395);
#9395 = DEFINITIONAL_REPRESENTATION('',(#9396),#9400);
#9396 = LINE('',#9397,#9398);
#9397 = CARTESIAN_POINT('',(1.12265540031,-0.126741938869));
#9398 = VECTOR('',#9399,1.);
#9399 = DIRECTION('',(-0.465596800787,0.884996959937));
#9400 = ( GEOMETRIC_REPRESENTATION_CONTEXT(2) 
PARAMETRIC_REPRESENTATION_CONTEXT() REPRESENTATION_CONTEXT('2D SPACE',''
  ) );
#9401 = ORIENTED_EDGE('',*,*,#9402,.F.);
#9402 = EDGE_CURVE('',#2072,#9380,#9403,.T.);
#9403 = SURFACE_CURVE('',#9404,(#9408,#9415),.PCURVE_S1.);
#9404 = LINE('',#9405,#9406);
#9405 = CARTESIAN_POINT('',(61.00142,39.75,103.9334));
#9406 = VECTOR('',#9407,1.);
#9407 = DIRECTION('',(0.,1.,0.));
#9408 = PCURVE('',#2112,#9409);
#9409 = DEFINITIONAL_REPRESENTATION('',(#9410),#9414);
#9410 = LINE('',#9411,#9412);
#9411 = CARTESIAN_POINT('',(0.110181169444,0.));
#9412 = VECTOR('',#9413,1.);
#9413 = DIRECTION('',(0.,-1.));
#9414 = ( GEOMETRIC_REPRESENTATION_CONTEXT(2) 
PARAMETRIC_REPRESENTATION_CONTEXT() REPRESENTATION_CONTEXT('2D SPACE',''
  ) );
#9415 = PCURVE('',#2086,#9416);
#9416 = DEFINITIONAL_REPRESENTATION('',(#9417),#9421);
#9417 = LINE('',#9418,#9419);
#9418 = CARTESIAN_POINT('',(0.,0.));
#9419 = VECTOR('',#9420,1.);
#9420 = DIRECTION('',(0.,-1.));
#9421 = ( GEOMETRIC_REPRESENTATION_CONTEXT(2) 
PARAMETRIC_REPRESENTATION_CONTEXT() REPRESENTATION_CONTEXT('2D SPACE',''
  ) );
#9422 = ADVANCED_FACE('',(#9423),#1904,.F.);
#9423 = FACE_BOUND('',#9424,.F.);
#9424 = EDGE_LOOP('',(#9425,#9426,#9449,#9470));
#9425 = ORIENTED_EDGE('',*,*,#1889,.T.);
#9426 = ORIENTED_EDGE('',*,*,#9427,.T.);
#9427 = EDGE_CURVE('',#1890,#9428,#9430,.T.);
#9428 = VERTEX_POINT('',#9429);
#9429 = CARTESIAN_POINT('',(58.68383,39.95,103.14082));
#9430 = SURFACE_CURVE('',#9431,(#9435,#9442),.PCURVE_S1.);
#9431 = LINE('',#9432,#9433);
#9432 = CARTESIAN_POINT('',(58.68383,39.75,103.14082));
#9433 = VECTOR('',#9434,1.);
#9434 = DIRECTION('',(0.,1.,0.));
#9435 = PCURVE('',#1904,#9436);
#9436 = DEFINITIONAL_REPRESENTATION('',(#9437),#9441);
#9437 = LINE('',#9438,#9439);
#9438 = CARTESIAN_POINT('',(0.,0.));
#9439 = VECTOR('',#9440,1.);
#9440 = DIRECTION('',(0.,-1.));
#9441 = ( GEOMETRIC_REPRESENTATION_CONTEXT(2) 
PARAMETRIC_REPRESENTATION_CONTEXT() REPRESENTATION_CONTEXT('2D SPACE',''
  ) );
#9442 = PCURVE('',#1930,#9443);
#9443 = DEFINITIONAL_REPRESENTATION('',(#9444),#9448);
#9444 = LINE('',#9445,#9446);
#9445 = CARTESIAN_POINT('',(0.109877044463,0.));
#9446 = VECTOR('',#9447,1.);
#9447 = DIRECTION('',(0.,-1.));
#9448 = ( GEOMETRIC_REPRESENTATION_CONTEXT(2) 
PARAMETRIC_REPRESENTATION_CONTEXT() REPRESENTATION_CONTEXT('2D SPACE',''
  ) );
#9449 = ORIENTED_EDGE('',*,*,#9450,.T.);
#9450 = EDGE_CURVE('',#9428,#9330,#9451,.T.);
#9451 = SURFACE_CURVE('',#9452,(#9456,#9463),.PCURVE_S1.);
#9452 = LINE('',#9453,#9454);
#9453 = CARTESIAN_POINT('',(58.68383,39.95,103.14082));
#9454 = VECTOR('',#9455,1.);
#9455 = DIRECTION('',(-1.682278361386E-02,0.,0.999858486963));
#9456 = PCURVE('',#1904,#9457);
#9457 = DEFINITIONAL_REPRESENTATION('',(#9458),#9462);
#9458 = LINE('',#9459,#9460);
#9459 = CARTESIAN_POINT('',(0.,-0.2));
#9460 = VECTOR('',#9461,1.);
#9461 = DIRECTION('',(1.,0.));
#9462 = ( GEOMETRIC_REPRESENTATION_CONTEXT(2) 
PARAMETRIC_REPRESENTATION_CONTEXT() REPRESENTATION_CONTEXT('2D SPACE',''
  ) );
#9463 = PCURVE('',#8459,#9464);
#9464 = DEFINITIONAL_REPRESENTATION('',(#9465),#9469);
#9465 = LINE('',#9466,#9467);
#9466 = CARTESIAN_POINT('',(-1.24623459969,0.763348061131));
#9467 = VECTOR('',#9468,1.);
#9468 = DIRECTION('',(-1.682278361386E-02,-0.999858486963));
#9469 = ( GEOMETRIC_REPRESENTATION_CONTEXT(2) 
PARAMETRIC_REPRESENTATION_CONTEXT() REPRESENTATION_CONTEXT('2D SPACE',''
  ) );
#9470 = ORIENTED_EDGE('',*,*,#9329,.F.);
#9471 = ADVANCED_FACE('',(#9472),#2086,.F.);
#9472 = FACE_BOUND('',#9473,.F.);
#9473 = EDGE_LOOP('',(#9474,#9475,#9476,#9499));
#9474 = ORIENTED_EDGE('',*,*,#2071,.T.);
#9475 = ORIENTED_EDGE('',*,*,#9402,.T.);
#9476 = ORIENTED_EDGE('',*,*,#9477,.T.);
#9477 = EDGE_CURVE('',#9380,#9478,#9480,.T.);
#9478 = VERTEX_POINT('',#9479);
#9479 = CARTESIAN_POINT('',(60.94161,39.95,103.83987));
#9480 = SURFACE_CURVE('',#9481,(#9485,#9492),.PCURVE_S1.);
#9481 = LINE('',#9482,#9483);
#9482 = CARTESIAN_POINT('',(61.00142,39.95,103.9334));
#9483 = VECTOR('',#9484,1.);
#9484 = DIRECTION('',(-0.538739265023,0.,-0.842472554047));
#9485 = PCURVE('',#2086,#9486);
#9486 = DEFINITIONAL_REPRESENTATION('',(#9487),#9491);
#9487 = LINE('',#9488,#9489);
#9488 = CARTESIAN_POINT('',(0.,-0.2));
#9489 = VECTOR('',#9490,1.);
#9490 = DIRECTION('',(1.,0.));
#9491 = ( GEOMETRIC_REPRESENTATION_CONTEXT(2) 
PARAMETRIC_REPRESENTATION_CONTEXT() REPRESENTATION_CONTEXT('2D SPACE',''
  ) );
#9492 = PCURVE('',#8459,#9493);
#9493 = DEFINITIONAL_REPRESENTATION('',(#9494),#9498);
#9494 = LINE('',#9495,#9496);
#9495 = CARTESIAN_POINT('',(1.07135540031,-2.923193886941E-02));
#9496 = VECTOR('',#9497,1.);
#9497 = DIRECTION('',(-0.538739265023,0.842472554047));
#9498 = ( GEOMETRIC_REPRESENTATION_CONTEXT(2) 
PARAMETRIC_REPRESENTATION_CONTEXT() REPRESENTATION_CONTEXT('2D SPACE',''
  ) );
#9499 = ORIENTED_EDGE('',*,*,#9500,.F.);
#9500 = EDGE_CURVE('',#2046,#9478,#9501,.T.);
#9501 = SURFACE_CURVE('',#9502,(#9506,#9513),.PCURVE_S1.);
#9502 = LINE('',#9503,#9504);
#9503 = CARTESIAN_POINT('',(60.94161,39.75,103.83987));
#9504 = VECTOR('',#9505,1.);
#9505 = DIRECTION('',(0.,1.,0.));
#9506 = PCURVE('',#2086,#9507);
#9507 = DEFINITIONAL_REPRESENTATION('',(#9508),#9512);
#9508 = LINE('',#9509,#9510);
#9509 = CARTESIAN_POINT('',(0.111018453421,0.));
#9510 = VECTOR('',#9511,1.);
#9511 = DIRECTION('',(0.,-1.));
#9512 = ( GEOMETRIC_REPRESENTATION_CONTEXT(2) 
PARAMETRIC_REPRESENTATION_CONTEXT() REPRESENTATION_CONTEXT('2D SPACE',''
  ) );
#9513 = PCURVE('',#2060,#9514);
#9514 = DEFINITIONAL_REPRESENTATION('',(#9515),#9519);
#9515 = LINE('',#9516,#9517);
#9516 = CARTESIAN_POINT('',(0.,0.));
#9517 = VECTOR('',#9518,1.);
#9518 = DIRECTION('',(0.,-1.));
#9519 = ( GEOMETRIC_REPRESENTATION_CONTEXT(2) 
PARAMETRIC_REPRESENTATION_CONTEXT() REPRESENTATION_CONTEXT('2D SPACE',''
  ) );
#9520 = ADVANCED_FACE('',(#9521),#1930,.F.);
#9521 = FACE_BOUND('',#9522,.F.);
#9522 = EDGE_LOOP('',(#9523,#9524,#9547,#9568));
#9523 = ORIENTED_EDGE('',*,*,#1915,.T.);
#9524 = ORIENTED_EDGE('',*,*,#9525,.T.);
#9525 = EDGE_CURVE('',#1916,#9526,#9528,.T.);
#9526 = VERTEX_POINT('',#9527);
#9527 = CARTESIAN_POINT('',(58.69488,39.95,103.0315));
#9528 = SURFACE_CURVE('',#9529,(#9533,#9540),.PCURVE_S1.);
#9529 = LINE('',#9530,#9531);
#9530 = CARTESIAN_POINT('',(58.69488,39.75,103.0315));
#9531 = VECTOR('',#9532,1.);
#9532 = DIRECTION('',(0.,1.,0.));
#9533 = PCURVE('',#1930,#9534);
#9534 = DEFINITIONAL_REPRESENTATION('',(#9535),#9539);
#9535 = LINE('',#9536,#9537);
#9536 = CARTESIAN_POINT('',(0.,0.));
#9537 = VECTOR('',#9538,1.);
#9538 = DIRECTION('',(0.,-1.));
#9539 = ( GEOMETRIC_REPRESENTATION_CONTEXT(2) 
PARAMETRIC_REPRESENTATION_CONTEXT() REPRESENTATION_CONTEXT('2D SPACE',''
  ) );
#9540 = PCURVE('',#1956,#9541);
#9541 = DEFINITIONAL_REPRESENTATION('',(#9542),#9546);
#9542 = LINE('',#9543,#9544);
#9543 = CARTESIAN_POINT('',(0.110592164732,0.));
#9544 = VECTOR('',#9545,1.);
#9545 = DIRECTION('',(0.,-1.));
#9546 = ( GEOMETRIC_REPRESENTATION_CONTEXT(2) 
PARAMETRIC_REPRESENTATION_CONTEXT() REPRESENTATION_CONTEXT('2D SPACE',''
  ) );
#9547 = ORIENTED_EDGE('',*,*,#9548,.T.);
#9548 = EDGE_CURVE('',#9526,#9428,#9549,.T.);
#9549 = SURFACE_CURVE('',#9550,(#9554,#9561),.PCURVE_S1.);
#9550 = LINE('',#9551,#9552);
#9551 = CARTESIAN_POINT('',(58.69488,39.95,103.0315));
#9552 = VECTOR('',#9553,1.);
#9553 = DIRECTION('',(-0.100566956947,0.,0.994930292619));
#9554 = PCURVE('',#1930,#9555);
#9555 = DEFINITIONAL_REPRESENTATION('',(#9556),#9560);
#9556 = LINE('',#9557,#9558);
#9557 = CARTESIAN_POINT('',(0.,-0.2));
#9558 = VECTOR('',#9559,1.);
#9559 = DIRECTION('',(1.,0.));
#9560 = ( GEOMETRIC_REPRESENTATION_CONTEXT(2) 
PARAMETRIC_REPRESENTATION_CONTEXT() REPRESENTATION_CONTEXT('2D SPACE',''
  ) );
#9561 = PCURVE('',#8459,#9562);
#9562 = DEFINITIONAL_REPRESENTATION('',(#9563),#9567);
#9563 = LINE('',#9564,#9565);
#9564 = CARTESIAN_POINT('',(-1.23518459969,0.872668061131));
#9565 = VECTOR('',#9566,1.);
#9566 = DIRECTION('',(-0.100566956947,-0.994930292619));
#9567 = ( GEOMETRIC_REPRESENTATION_CONTEXT(2) 
PARAMETRIC_REPRESENTATION_CONTEXT() REPRESENTATION_CONTEXT('2D SPACE',''
  ) );
#9568 = ORIENTED_EDGE('',*,*,#9427,.F.);
#9569 = ADVANCED_FACE('',(#9570),#2060,.F.);
#9570 = FACE_BOUND('',#9571,.F.);
#9571 = EDGE_LOOP('',(#9572,#9573,#9574,#9597));
#9572 = ORIENTED_EDGE('',*,*,#2045,.T.);
#9573 = ORIENTED_EDGE('',*,*,#9500,.T.);
#9574 = ORIENTED_EDGE('',*,*,#9575,.T.);
#9575 = EDGE_CURVE('',#9478,#9576,#9578,.T.);
#9576 = VERTEX_POINT('',#9577);
#9577 = CARTESIAN_POINT('',(59.28645,39.95,101.68963));
#9578 = SURFACE_CURVE('',#9579,(#9583,#9590),.PCURVE_S1.);
#9579 = LINE('',#9580,#9581);
#9580 = CARTESIAN_POINT('',(60.94161,39.95,103.83987));
#9581 = VECTOR('',#9582,1.);
#9582 = DIRECTION('',(-0.609972176793,0.,-0.792422831283));
#9583 = PCURVE('',#2060,#9584);
#9584 = DEFINITIONAL_REPRESENTATION('',(#9585),#9589);
#9585 = LINE('',#9586,#9587);
#9586 = CARTESIAN_POINT('',(0.,-0.2));
#9587 = VECTOR('',#9588,1.);
#9588 = DIRECTION('',(1.,0.));
#9589 = ( GEOMETRIC_REPRESENTATION_CONTEXT(2) 
PARAMETRIC_REPRESENTATION_CONTEXT() REPRESENTATION_CONTEXT('2D SPACE',''
  ) );
#9590 = PCURVE('',#8459,#9591);
#9591 = DEFINITIONAL_REPRESENTATION('',(#9592),#9596);
#9592 = LINE('',#9593,#9594);
#9593 = CARTESIAN_POINT('',(1.01154540031,6.429806113059E-02));
#9594 = VECTOR('',#9595,1.);
#9595 = DIRECTION('',(-0.609972176793,0.792422831283));
#9596 = ( GEOMETRIC_REPRESENTATION_CONTEXT(2) 
PARAMETRIC_REPRESENTATION_CONTEXT() REPRESENTATION_CONTEXT('2D SPACE',''
  ) );
#9597 = ORIENTED_EDGE('',*,*,#9598,.F.);
#9598 = EDGE_CURVE('',#2020,#9576,#9599,.T.);
#9599 = SURFACE_CURVE('',#9600,(#9604,#9611),.PCURVE_S1.);
#9600 = LINE('',#9601,#9602);
#9601 = CARTESIAN_POINT('',(59.28645,39.75,101.68963));
#9602 = VECTOR('',#9603,1.);
#9603 = DIRECTION('',(0.,1.,0.));
#9604 = PCURVE('',#2060,#9605);
#9605 = DEFINITIONAL_REPRESENTATION('',(#9606),#9610);
#9606 = LINE('',#9607,#9608);
#9607 = CARTESIAN_POINT('',(2.713500816878,0.));
#9608 = VECTOR('',#9609,1.);
#9609 = DIRECTION('',(0.,-1.));
#9610 = ( GEOMETRIC_REPRESENTATION_CONTEXT(2) 
PARAMETRIC_REPRESENTATION_CONTEXT() REPRESENTATION_CONTEXT('2D SPACE',''
  ) );
#9611 = PCURVE('',#2034,#9612);
#9612 = DEFINITIONAL_REPRESENTATION('',(#9613),#9617);
#9613 = LINE('',#9614,#9615);
#9614 = CARTESIAN_POINT('',(0.,0.));
#9615 = VECTOR('',#9616,1.);
#9616 = DIRECTION('',(0.,-1.));
#9617 = ( GEOMETRIC_REPRESENTATION_CONTEXT(2) 
PARAMETRIC_REPRESENTATION_CONTEXT() REPRESENTATION_CONTEXT('2D SPACE',''
  ) );
#9618 = ADVANCED_FACE('',(#9619),#1956,.F.);
#9619 = FACE_BOUND('',#9620,.F.);
#9620 = EDGE_LOOP('',(#9621,#9622,#9645,#9666));
#9621 = ORIENTED_EDGE('',*,*,#1941,.T.);
#9622 = ORIENTED_EDGE('',*,*,#9623,.T.);
#9623 = EDGE_CURVE('',#1942,#9624,#9626,.T.);
#9624 = VERTEX_POINT('',#9625);
#9625 = CARTESIAN_POINT('',(58.71525,39.95,102.9228));
#9626 = SURFACE_CURVE('',#9627,(#9631,#9638),.PCURVE_S1.);
#9627 = LINE('',#9628,#9629);
#9628 = CARTESIAN_POINT('',(58.71525,39.75,102.9228));
#9629 = VECTOR('',#9630,1.);
#9630 = DIRECTION('',(0.,1.,0.));
#9631 = PCURVE('',#1956,#9632);
#9632 = DEFINITIONAL_REPRESENTATION('',(#9633),#9637);
#9633 = LINE('',#9634,#9635);
#9634 = CARTESIAN_POINT('',(0.,0.));
#9635 = VECTOR('',#9636,1.);
#9636 = DIRECTION('',(0.,-1.));
#9637 = ( GEOMETRIC_REPRESENTATION_CONTEXT(2) 
PARAMETRIC_REPRESENTATION_CONTEXT() REPRESENTATION_CONTEXT('2D SPACE',''
  ) );
#9638 = PCURVE('',#1982,#9639);
#9639 = DEFINITIONAL_REPRESENTATION('',(#9640),#9644);
#9640 = LINE('',#9641,#9642);
#9641 = CARTESIAN_POINT('',(0.109951007726,0.));
#9642 = VECTOR('',#9643,1.);
#9643 = DIRECTION('',(0.,-1.));
#9644 = ( GEOMETRIC_REPRESENTATION_CONTEXT(2) 
PARAMETRIC_REPRESENTATION_CONTEXT() REPRESENTATION_CONTEXT('2D SPACE',''
  ) );
#9645 = ORIENTED_EDGE('',*,*,#9646,.T.);
#9646 = EDGE_CURVE('',#9624,#9526,#9647,.T.);
#9647 = SURFACE_CURVE('',#9648,(#9652,#9659),.PCURVE_S1.);
#9648 = LINE('',#9649,#9650);
#9649 = CARTESIAN_POINT('',(58.71525,39.95,102.9228));
#9650 = VECTOR('',#9651,1.);
#9651 = DIRECTION('',(-0.184190263835,0.,0.982890607702));
#9652 = PCURVE('',#1956,#9653);
#9653 = DEFINITIONAL_REPRESENTATION('',(#9654),#9658);
#9654 = LINE('',#9655,#9656);
#9655 = CARTESIAN_POINT('',(0.,-0.2));
#9656 = VECTOR('',#9657,1.);
#9657 = DIRECTION('',(1.,0.));
#9658 = ( GEOMETRIC_REPRESENTATION_CONTEXT(2) 
PARAMETRIC_REPRESENTATION_CONTEXT() REPRESENTATION_CONTEXT('2D SPACE',''
  ) );
#9659 = PCURVE('',#8459,#9660);
#9660 = DEFINITIONAL_REPRESENTATION('',(#9661),#9665);
#9661 = LINE('',#9662,#9663);
#9662 = CARTESIAN_POINT('',(-1.21481459969,0.981368061131));
#9663 = VECTOR('',#9664,1.);
#9664 = DIRECTION('',(-0.184190263835,-0.982890607702));
#9665 = ( GEOMETRIC_REPRESENTATION_CONTEXT(2) 
PARAMETRIC_REPRESENTATION_CONTEXT() REPRESENTATION_CONTEXT('2D SPACE',''
  ) );
#9666 = ORIENTED_EDGE('',*,*,#9525,.F.);
#9667 = ADVANCED_FACE('',(#9668),#2034,.F.);
#9668 = FACE_BOUND('',#9669,.F.);
#9669 = EDGE_LOOP('',(#9670,#9671,#9672,#9695));
#9670 = ORIENTED_EDGE('',*,*,#2019,.T.);
#9671 = ORIENTED_EDGE('',*,*,#9598,.T.);
#9672 = ORIENTED_EDGE('',*,*,#9673,.T.);
#9673 = EDGE_CURVE('',#9576,#9674,#9676,.T.);
#9674 = VERTEX_POINT('',#9675);
#9675 = CARTESIAN_POINT('',(59.14857,39.95,101.65613));
#9676 = SURFACE_CURVE('',#9677,(#9681,#9688),.PCURVE_S1.);
#9677 = LINE('',#9678,#9679);
#9678 = CARTESIAN_POINT('',(59.28645,39.95,101.68963));
#9679 = VECTOR('',#9680,1.);
#9680 = DIRECTION('',(-0.971729686115,0.,-0.23609620311));
#9681 = PCURVE('',#2034,#9682);
#9682 = DEFINITIONAL_REPRESENTATION('',(#9683),#9687);
#9683 = LINE('',#9684,#9685);
#9684 = CARTESIAN_POINT('',(0.,-0.2));
#9685 = VECTOR('',#9686,1.);
#9686 = DIRECTION('',(1.,0.));
#9687 = ( GEOMETRIC_REPRESENTATION_CONTEXT(2) 
PARAMETRIC_REPRESENTATION_CONTEXT() REPRESENTATION_CONTEXT('2D SPACE',''
  ) );
#9688 = PCURVE('',#8459,#9689);
#9689 = DEFINITIONAL_REPRESENTATION('',(#9690),#9694);
#9690 = LINE('',#9691,#9692);
#9691 = CARTESIAN_POINT('',(-0.64361459969,2.214538061131));
#9692 = VECTOR('',#9693,1.);
#9693 = DIRECTION('',(-0.971729686115,0.23609620311));
#9694 = ( GEOMETRIC_REPRESENTATION_CONTEXT(2) 
PARAMETRIC_REPRESENTATION_CONTEXT() REPRESENTATION_CONTEXT('2D SPACE',''
  ) );
#9695 = ORIENTED_EDGE('',*,*,#9696,.F.);
#9696 = EDGE_CURVE('',#1994,#9674,#9697,.T.);
#9697 = SURFACE_CURVE('',#9698,(#9702,#9709),.PCURVE_S1.);
#9698 = LINE('',#9699,#9700);
#9699 = CARTESIAN_POINT('',(59.14857,39.75,101.65613));
#9700 = VECTOR('',#9701,1.);
#9701 = DIRECTION('',(0.,1.,0.));
#9702 = PCURVE('',#2034,#9703);
#9703 = DEFINITIONAL_REPRESENTATION('',(#9704),#9708);
#9704 = LINE('',#9705,#9706);
#9705 = CARTESIAN_POINT('',(0.141891311926,0.));
#9706 = VECTOR('',#9707,1.);
#9707 = DIRECTION('',(0.,-1.));
#9708 = ( GEOMETRIC_REPRESENTATION_CONTEXT(2) 
PARAMETRIC_REPRESENTATION_CONTEXT() REPRESENTATION_CONTEXT('2D SPACE',''
  ) );
#9709 = PCURVE('',#2008,#9710);
#9710 = DEFINITIONAL_REPRESENTATION('',(#9711),#9715);
#9711 = LINE('',#9712,#9713);
#9712 = CARTESIAN_POINT('',(0.,0.));
#9713 = VECTOR('',#9714,1.);
#9714 = DIRECTION('',(0.,-1.));
#9715 = ( GEOMETRIC_REPRESENTATION_CONTEXT(2) 
PARAMETRIC_REPRESENTATION_CONTEXT() REPRESENTATION_CONTEXT('2D SPACE',''
  ) );
#9716 = ADVANCED_FACE('',(#9717),#1982,.F.);
#9717 = FACE_BOUND('',#9718,.F.);
#9718 = EDGE_LOOP('',(#9719,#9720,#9743,#9764));
#9719 = ORIENTED_EDGE('',*,*,#1967,.T.);
#9720 = ORIENTED_EDGE('',*,*,#9721,.T.);
#9721 = EDGE_CURVE('',#1968,#9722,#9724,.T.);
#9722 = VERTEX_POINT('',#9723);
#9723 = CARTESIAN_POINT('',(58.74446,39.95,102.8168));
#9724 = SURFACE_CURVE('',#9725,(#9729,#9736),.PCURVE_S1.);
#9725 = LINE('',#9726,#9727);
#9726 = CARTESIAN_POINT('',(58.74446,39.75,102.8168));
#9727 = VECTOR('',#9728,1.);
#9728 = DIRECTION('',(0.,1.,0.));
#9729 = PCURVE('',#1982,#9730);
#9730 = DEFINITIONAL_REPRESENTATION('',(#9731),#9735);
#9731 = LINE('',#9732,#9733);
#9732 = CARTESIAN_POINT('',(0.,0.));
#9733 = VECTOR('',#9734,1.);
#9734 = DIRECTION('',(0.,-1.));
#9735 = ( GEOMETRIC_REPRESENTATION_CONTEXT(2) 
PARAMETRIC_REPRESENTATION_CONTEXT() REPRESENTATION_CONTEXT('2D SPACE',''
  ) );
#9736 = PCURVE('',#2008,#9737);
#9737 = DEFINITIONAL_REPRESENTATION('',(#9738),#9742);
#9738 = LINE('',#9739,#9740);
#9739 = CARTESIAN_POINT('',(1.229007624468,0.));
#9740 = VECTOR('',#9741,1.);
#9741 = DIRECTION('',(0.,-1.));
#9742 = ( GEOMETRIC_REPRESENTATION_CONTEXT(2) 
PARAMETRIC_REPRESENTATION_CONTEXT() REPRESENTATION_CONTEXT('2D SPACE',''
  ) );
#9743 = ORIENTED_EDGE('',*,*,#9744,.T.);
#9744 = EDGE_CURVE('',#9722,#9624,#9745,.T.);
#9745 = SURFACE_CURVE('',#9746,(#9750,#9757),.PCURVE_S1.);
#9746 = LINE('',#9747,#9748);
#9747 = CARTESIAN_POINT('',(58.74446,39.95,102.8168));
#9748 = VECTOR('',#9749,1.);
#9749 = DIRECTION('',(-0.265663777023,0.,0.96406574339));
#9750 = PCURVE('',#1982,#9751);
#9751 = DEFINITIONAL_REPRESENTATION('',(#9752),#9756);
#9752 = LINE('',#9753,#9754);
#9753 = CARTESIAN_POINT('',(0.,-0.2));
#9754 = VECTOR('',#9755,1.);
#9755 = DIRECTION('',(1.,0.));
#9756 = ( GEOMETRIC_REPRESENTATION_CONTEXT(2) 
PARAMETRIC_REPRESENTATION_CONTEXT() REPRESENTATION_CONTEXT('2D SPACE',''
  ) );
#9757 = PCURVE('',#8459,#9758);
#9758 = DEFINITIONAL_REPRESENTATION('',(#9759),#9763);
#9759 = LINE('',#9760,#9761);
#9760 = CARTESIAN_POINT('',(-1.18560459969,1.087368061131));
#9761 = VECTOR('',#9762,1.);
#9762 = DIRECTION('',(-0.265663777023,-0.96406574339));
#9763 = ( GEOMETRIC_REPRESENTATION_CONTEXT(2) 
PARAMETRIC_REPRESENTATION_CONTEXT() REPRESENTATION_CONTEXT('2D SPACE',''
  ) );
#9764 = ORIENTED_EDGE('',*,*,#9623,.F.);
#9765 = ADVANCED_FACE('',(#9766),#2008,.F.);
#9766 = FACE_BOUND('',#9767,.F.);
#9767 = EDGE_LOOP('',(#9768,#9769,#9770,#9791));
#9768 = ORIENTED_EDGE('',*,*,#1993,.T.);
#9769 = ORIENTED_EDGE('',*,*,#9696,.T.);
#9770 = ORIENTED_EDGE('',*,*,#9771,.T.);
#9771 = EDGE_CURVE('',#9674,#9722,#9772,.T.);
#9772 = SURFACE_CURVE('',#9773,(#9777,#9784),.PCURVE_S1.);
#9773 = LINE('',#9774,#9775);
#9774 = CARTESIAN_POINT('',(59.14857,39.95,101.65613));
#9775 = VECTOR('',#9776,1.);
#9776 = DIRECTION('',(-0.32881000244,0.,0.944396093965));
#9777 = PCURVE('',#2008,#9778);
#9778 = DEFINITIONAL_REPRESENTATION('',(#9779),#9783);
#9779 = LINE('',#9780,#9781);
#9780 = CARTESIAN_POINT('',(0.,-0.2));
#9781 = VECTOR('',#9782,1.);
#9782 = DIRECTION('',(1.,0.));
#9783 = ( GEOMETRIC_REPRESENTATION_CONTEXT(2) 
PARAMETRIC_REPRESENTATION_CONTEXT() REPRESENTATION_CONTEXT('2D SPACE',''
  ) );
#9784 = PCURVE('',#8459,#9785);
#9785 = DEFINITIONAL_REPRESENTATION('',(#9786),#9790);
#9786 = LINE('',#9787,#9788);
#9787 = CARTESIAN_POINT('',(-0.78149459969,2.248038061131));
#9788 = VECTOR('',#9789,1.);
#9789 = DIRECTION('',(-0.32881000244,-0.944396093965));
#9790 = ( GEOMETRIC_REPRESENTATION_CONTEXT(2) 
PARAMETRIC_REPRESENTATION_CONTEXT() REPRESENTATION_CONTEXT('2D SPACE',''
  ) );
#9791 = ORIENTED_EDGE('',*,*,#9721,.F.);
#9792 = ADVANCED_FACE('',(#9793),#2374,.F.);
#9793 = FACE_BOUND('',#9794,.F.);
#9794 = EDGE_LOOP('',(#9795,#9796,#9819,#9847));
#9795 = ORIENTED_EDGE('',*,*,#2357,.T.);
#9796 = ORIENTED_EDGE('',*,*,#9797,.T.);
#9797 = EDGE_CURVE('',#2360,#9798,#9800,.T.);
#9798 = VERTEX_POINT('',#9799);
#9799 = CARTESIAN_POINT('',(63.84774,39.95,106.54774));
#9800 = SURFACE_CURVE('',#9801,(#9805,#9812),.PCURVE_S1.);
#9801 = LINE('',#9802,#9803);
#9802 = CARTESIAN_POINT('',(63.84774,39.75,106.54774));
#9803 = VECTOR('',#9804,1.);
#9804 = DIRECTION('',(0.,1.,0.));
#9805 = PCURVE('',#2374,#9806);
#9806 = DEFINITIONAL_REPRESENTATION('',(#9807),#9811);
#9807 = LINE('',#9808,#9809);
#9808 = CARTESIAN_POINT('',(0.,0.));
#9809 = VECTOR('',#9810,1.);
#9810 = DIRECTION('',(0.,-1.));
#9811 = ( GEOMETRIC_REPRESENTATION_CONTEXT(2) 
PARAMETRIC_REPRESENTATION_CONTEXT() REPRESENTATION_CONTEXT('2D SPACE',''
  ) );
#9812 = PCURVE('',#2400,#9813);
#9813 = DEFINITIONAL_REPRESENTATION('',(#9814),#9818);
#9814 = LINE('',#9815,#9816);
#9815 = CARTESIAN_POINT('',(0.141963060336,0.));
#9816 = VECTOR('',#9817,1.);
#9817 = DIRECTION('',(0.,-1.));
#9818 = ( GEOMETRIC_REPRESENTATION_CONTEXT(2) 
PARAMETRIC_REPRESENTATION_CONTEXT() REPRESENTATION_CONTEXT('2D SPACE',''
  ) );
#9819 = ORIENTED_EDGE('',*,*,#9820,.T.);
#9820 = EDGE_CURVE('',#9798,#9821,#9823,.T.);
#9821 = VERTEX_POINT('',#9822);
#9822 = CARTESIAN_POINT('',(64.22693,39.95,105.46488));
#9823 = SURFACE_CURVE('',#9824,(#9828,#9835),.PCURVE_S1.);
#9824 = LINE('',#9825,#9826);
#9825 = CARTESIAN_POINT('',(63.84774,39.95,106.54774));
#9826 = VECTOR('',#9827,1.);
#9827 = DIRECTION('',(0.330497173512,0.,-0.943806981485));
#9828 = PCURVE('',#2374,#9829);
#9829 = DEFINITIONAL_REPRESENTATION('',(#9830),#9834);
#9830 = LINE('',#9831,#9832);
#9831 = CARTESIAN_POINT('',(0.,-0.2));
#9832 = VECTOR('',#9833,1.);
#9833 = DIRECTION('',(1.,0.));
#9834 = ( GEOMETRIC_REPRESENTATION_CONTEXT(2) 
PARAMETRIC_REPRESENTATION_CONTEXT() REPRESENTATION_CONTEXT('2D SPACE',''
  ) );
#9835 = PCURVE('',#9836,#9841);
#9836 = PLANE('',#9837);
#9837 = AXIS2_PLACEMENT_3D('',#9838,#9839,#9840);
#9838 = CARTESIAN_POINT('',(61.954160079013,39.95,102.67999418709));
#9839 = DIRECTION('',(0.,1.,0.));
#9840 = DIRECTION('',(1.,0.,0.));
#9841 = DEFINITIONAL_REPRESENTATION('',(#9842),#9846);
#9842 = LINE('',#9843,#9844);
#9843 = CARTESIAN_POINT('',(1.893579920987,-3.86774581291));
#9844 = VECTOR('',#9845,1.);
#9845 = DIRECTION('',(0.330497173512,0.943806981485));
#9846 = ( GEOMETRIC_REPRESENTATION_CONTEXT(2) 
PARAMETRIC_REPRESENTATION_CONTEXT() REPRESENTATION_CONTEXT('2D SPACE',''
  ) );
#9847 = ORIENTED_EDGE('',*,*,#9848,.F.);
#9848 = EDGE_CURVE('',#2358,#9821,#9849,.T.);
#9849 = SURFACE_CURVE('',#9850,(#9854,#9861),.PCURVE_S1.);
#9850 = LINE('',#9851,#9852);
#9851 = CARTESIAN_POINT('',(64.22693,39.75,105.46488));
#9852 = VECTOR('',#9853,1.);
#9853 = DIRECTION('',(0.,1.,0.));
#9854 = PCURVE('',#2374,#9855);
#9855 = DEFINITIONAL_REPRESENTATION('',(#9856),#9860);
#9856 = LINE('',#9857,#9858);
#9857 = CARTESIAN_POINT('',(1.147332051195,0.));
#9858 = VECTOR('',#9859,1.);
#9859 = DIRECTION('',(0.,-1.));
#9860 = ( GEOMETRIC_REPRESENTATION_CONTEXT(2) 
PARAMETRIC_REPRESENTATION_CONTEXT() REPRESENTATION_CONTEXT('2D SPACE',''
  ) );
#9861 = PCURVE('',#3074,#9862);
#9862 = DEFINITIONAL_REPRESENTATION('',(#9863),#9867);
#9863 = LINE('',#9864,#9865);
#9864 = CARTESIAN_POINT('',(0.,0.));
#9865 = VECTOR('',#9866,1.);
#9866 = DIRECTION('',(0.,-1.));
#9867 = ( GEOMETRIC_REPRESENTATION_CONTEXT(2) 
PARAMETRIC_REPRESENTATION_CONTEXT() REPRESENTATION_CONTEXT('2D SPACE',''
  ) );
#9868 = ADVANCED_FACE('',(#9869),#3074,.F.);
#9869 = FACE_BOUND('',#9870,.F.);
#9870 = EDGE_LOOP('',(#9871,#9872,#9873,#9896));
#9871 = ORIENTED_EDGE('',*,*,#3061,.T.);
#9872 = ORIENTED_EDGE('',*,*,#9848,.T.);
#9873 = ORIENTED_EDGE('',*,*,#9874,.T.);
#9874 = EDGE_CURVE('',#9821,#9875,#9877,.T.);
#9875 = VERTEX_POINT('',#9876);
#9876 = CARTESIAN_POINT('',(64.27028,39.95,105.30737));
#9877 = SURFACE_CURVE('',#9878,(#9882,#9889),.PCURVE_S1.);
#9878 = LINE('',#9879,#9880);
#9879 = CARTESIAN_POINT('',(64.22693,39.95,105.46488));
#9880 = VECTOR('',#9881,1.);
#9881 = DIRECTION('',(0.265354233978,0.,-0.964150989477));
#9882 = PCURVE('',#3074,#9883);
#9883 = DEFINITIONAL_REPRESENTATION('',(#9884),#9888);
#9884 = LINE('',#9885,#9886);
#9885 = CARTESIAN_POINT('',(0.,-0.2));
#9886 = VECTOR('',#9887,1.);
#9887 = DIRECTION('',(1.,0.));
#9888 = ( GEOMETRIC_REPRESENTATION_CONTEXT(2) 
PARAMETRIC_REPRESENTATION_CONTEXT() REPRESENTATION_CONTEXT('2D SPACE',''
  ) );
#9889 = PCURVE('',#9836,#9890);
#9890 = DEFINITIONAL_REPRESENTATION('',(#9891),#9895);
#9891 = LINE('',#9892,#9893);
#9892 = CARTESIAN_POINT('',(2.272769920987,-2.78488581291));
#9893 = VECTOR('',#9894,1.);
#9894 = DIRECTION('',(0.265354233978,0.964150989477));
#9895 = ( GEOMETRIC_REPRESENTATION_CONTEXT(2) 
PARAMETRIC_REPRESENTATION_CONTEXT() REPRESENTATION_CONTEXT('2D SPACE',''
  ) );
#9896 = ORIENTED_EDGE('',*,*,#9897,.F.);
#9897 = EDGE_CURVE('',#3036,#9875,#9898,.T.);
#9898 = SURFACE_CURVE('',#9899,(#9903,#9910),.PCURVE_S1.);
#9899 = LINE('',#9900,#9901);
#9900 = CARTESIAN_POINT('',(64.27028,39.75,105.30737));
#9901 = VECTOR('',#9902,1.);
#9902 = DIRECTION('',(0.,1.,0.));
#9903 = PCURVE('',#3074,#9904);
#9904 = DEFINITIONAL_REPRESENTATION('',(#9905),#9909);
#9905 = LINE('',#9906,#9907);
#9906 = CARTESIAN_POINT('',(0.163366528396,0.));
#9907 = VECTOR('',#9908,1.);
#9908 = DIRECTION('',(0.,-1.));
#9909 = ( GEOMETRIC_REPRESENTATION_CONTEXT(2) 
PARAMETRIC_REPRESENTATION_CONTEXT() REPRESENTATION_CONTEXT('2D SPACE',''
  ) );
#9910 = PCURVE('',#3050,#9911);
#9911 = DEFINITIONAL_REPRESENTATION('',(#9912),#9916);
#9912 = LINE('',#9913,#9914);
#9913 = CARTESIAN_POINT('',(0.,0.));
#9914 = VECTOR('',#9915,1.);
#9915 = DIRECTION('',(0.,-1.));
#9916 = ( GEOMETRIC_REPRESENTATION_CONTEXT(2) 
PARAMETRIC_REPRESENTATION_CONTEXT() REPRESENTATION_CONTEXT('2D SPACE',''
  ) );
#9917 = ADVANCED_FACE('',(#9918),#2400,.F.);
#9918 = FACE_BOUND('',#9919,.F.);
#9919 = EDGE_LOOP('',(#9920,#9921,#9944,#9965));
#9920 = ORIENTED_EDGE('',*,*,#2385,.T.);
#9921 = ORIENTED_EDGE('',*,*,#9922,.T.);
#9922 = EDGE_CURVE('',#2386,#9923,#9925,.T.);
#9923 = VERTEX_POINT('',#9924);
#9924 = CARTESIAN_POINT('',(63.70983,39.95,106.51406));
#9925 = SURFACE_CURVE('',#9926,(#9930,#9937),.PCURVE_S1.);
#9926 = LINE('',#9927,#9928);
#9927 = CARTESIAN_POINT('',(63.70983,39.75,106.51406));
#9928 = VECTOR('',#9929,1.);
#9929 = DIRECTION('',(0.,1.,0.));
#9930 = PCURVE('',#2400,#9931);
#9931 = DEFINITIONAL_REPRESENTATION('',(#9932),#9936);
#9932 = LINE('',#9933,#9934);
#9933 = CARTESIAN_POINT('',(0.,0.));
#9934 = VECTOR('',#9935,1.);
#9935 = DIRECTION('',(0.,-1.));
#9936 = ( GEOMETRIC_REPRESENTATION_CONTEXT(2) 
PARAMETRIC_REPRESENTATION_CONTEXT() REPRESENTATION_CONTEXT('2D SPACE',''
  ) );
#9937 = PCURVE('',#2426,#9938);
#9938 = DEFINITIONAL_REPRESENTATION('',(#9939),#9943);
#9939 = LINE('',#9940,#9941);
#9940 = CARTESIAN_POINT('',(6.194947373271,0.));
#9941 = VECTOR('',#9942,1.);
#9942 = DIRECTION('',(0.,-1.));
#9943 = ( GEOMETRIC_REPRESENTATION_CONTEXT(2) 
PARAMETRIC_REPRESENTATION_CONTEXT() REPRESENTATION_CONTEXT('2D SPACE',''
  ) );
#9944 = ORIENTED_EDGE('',*,*,#9945,.T.);
#9945 = EDGE_CURVE('',#9923,#9798,#9946,.T.);
#9946 = SURFACE_CURVE('',#9947,(#9951,#9958),.PCURVE_S1.);
#9947 = LINE('',#9948,#9949);
#9948 = CARTESIAN_POINT('',(63.70983,39.95,106.51406));
#9949 = VECTOR('',#9950,1.);
#9950 = DIRECTION('',(0.971449894596,0.,0.237244815097));
#9951 = PCURVE('',#2400,#9952);
#9952 = DEFINITIONAL_REPRESENTATION('',(#9953),#9957);
#9953 = LINE('',#9954,#9955);
#9954 = CARTESIAN_POINT('',(0.,-0.2));
#9955 = VECTOR('',#9956,1.);
#9956 = DIRECTION('',(1.,0.));
#9957 = ( GEOMETRIC_REPRESENTATION_CONTEXT(2) 
PARAMETRIC_REPRESENTATION_CONTEXT() REPRESENTATION_CONTEXT('2D SPACE',''
  ) );
#9958 = PCURVE('',#9836,#9959);
#9959 = DEFINITIONAL_REPRESENTATION('',(#9960),#9964);
#9960 = LINE('',#9961,#9962);
#9961 = CARTESIAN_POINT('',(1.755669920987,-3.83406581291));
#9962 = VECTOR('',#9963,1.);
#9963 = DIRECTION('',(0.971449894596,-0.237244815097));
#9964 = ( GEOMETRIC_REPRESENTATION_CONTEXT(2) 
PARAMETRIC_REPRESENTATION_CONTEXT() REPRESENTATION_CONTEXT('2D SPACE',''
  ) );
#9965 = ORIENTED_EDGE('',*,*,#9797,.F.);
#9966 = ADVANCED_FACE('',(#9967),#3050,.F.);
#9967 = FACE_BOUND('',#9968,.F.);
#9968 = EDGE_LOOP('',(#9969,#9970,#9971,#9994));
#9969 = ORIENTED_EDGE('',*,*,#3035,.T.);
#9970 = ORIENTED_EDGE('',*,*,#9897,.T.);
#9971 = ORIENTED_EDGE('',*,*,#9972,.T.);
#9972 = EDGE_CURVE('',#9875,#9973,#9975,.T.);
#9973 = VERTEX_POINT('',#9974);
#9974 = CARTESIAN_POINT('',(64.30029,39.95,105.14659));
#9975 = SURFACE_CURVE('',#9976,(#9980,#9987),.PCURVE_S1.);
#9976 = LINE('',#9977,#9978);
#9977 = CARTESIAN_POINT('',(64.27028,39.95,105.30737));
#9978 = VECTOR('',#9979,1.);
#9979 = DIRECTION('',(0.183483721126,0.,-0.983022748507));
#9980 = PCURVE('',#3050,#9981);
#9981 = DEFINITIONAL_REPRESENTATION('',(#9982),#9986);
#9982 = LINE('',#9983,#9984);
#9983 = CARTESIAN_POINT('',(0.,-0.2));
#9984 = VECTOR('',#9985,1.);
#9985 = DIRECTION('',(1.,0.));
#9986 = ( GEOMETRIC_REPRESENTATION_CONTEXT(2) 
PARAMETRIC_REPRESENTATION_CONTEXT() REPRESENTATION_CONTEXT('2D SPACE',''
  ) );
#9987 = PCURVE('',#9836,#9988);
#9988 = DEFINITIONAL_REPRESENTATION('',(#9989),#9993);
#9989 = LINE('',#9990,#9991);
#9990 = CARTESIAN_POINT('',(2.316119920987,-2.62737581291));
#9991 = VECTOR('',#9992,1.);
#9992 = DIRECTION('',(0.183483721126,0.983022748507));
#9993 = ( GEOMETRIC_REPRESENTATION_CONTEXT(2) 
PARAMETRIC_REPRESENTATION_CONTEXT() REPRESENTATION_CONTEXT('2D SPACE',''
  ) );
#9994 = ORIENTED_EDGE('',*,*,#9995,.F.);
#9995 = EDGE_CURVE('',#3010,#9973,#9996,.T.);
#9996 = SURFACE_CURVE('',#9997,(#10001,#10008),.PCURVE_S1.);
#9997 = LINE('',#9998,#9999);
#9998 = CARTESIAN_POINT('',(64.30029,39.75,105.14659));
#9999 = VECTOR('',#10000,1.);
#10000 = DIRECTION('',(0.,1.,0.));
#10001 = PCURVE('',#3050,#10002);
#10002 = DEFINITIONAL_REPRESENTATION('',(#10003),#10007);
#10003 = LINE('',#10004,#10005);
#10004 = CARTESIAN_POINT('',(0.163556743976,0.));
#10005 = VECTOR('',#10006,1.);
#10006 = DIRECTION('',(0.,-1.));
#10007 = ( GEOMETRIC_REPRESENTATION_CONTEXT(2) 
PARAMETRIC_REPRESENTATION_CONTEXT() REPRESENTATION_CONTEXT('2D SPACE',''
  ) );
#10008 = PCURVE('',#3024,#10009);
#10009 = DEFINITIONAL_REPRESENTATION('',(#10010),#10014);
#10010 = LINE('',#10011,#10012);
#10011 = CARTESIAN_POINT('',(0.,0.));
#10012 = VECTOR('',#10013,1.);
#10013 = DIRECTION('',(0.,-1.));
#10014 = ( GEOMETRIC_REPRESENTATION_CONTEXT(2) 
PARAMETRIC_REPRESENTATION_CONTEXT() REPRESENTATION_CONTEXT('2D SPACE',''
  ) );
#10015 = ADVANCED_FACE('',(#10016),#2426,.F.);
#10016 = FACE_BOUND('',#10017,.F.);
#10017 = EDGE_LOOP('',(#10018,#10019,#10042,#10063));
#10018 = ORIENTED_EDGE('',*,*,#2411,.T.);
#10019 = ORIENTED_EDGE('',*,*,#10020,.T.);
#10020 = EDGE_CURVE('',#2412,#10021,#10023,.T.);
#10021 = VERTEX_POINT('',#10022);
#10022 = CARTESIAN_POINT('',(59.93853,39.95,101.59932));
#10023 = SURFACE_CURVE('',#10024,(#10028,#10035),.PCURVE_S1.);
#10024 = LINE('',#10025,#10026);
#10025 = CARTESIAN_POINT('',(59.93853,39.75,101.59932));
#10026 = VECTOR('',#10027,1.);
#10027 = DIRECTION('',(0.,1.,0.));
#10028 = PCURVE('',#2426,#10029);
#10029 = DEFINITIONAL_REPRESENTATION('',(#10030),#10034);
#10030 = LINE('',#10031,#10032);
#10031 = CARTESIAN_POINT('',(0.,0.));
#10032 = VECTOR('',#10033,1.);
#10033 = DIRECTION('',(0.,-1.));
#10034 = ( GEOMETRIC_REPRESENTATION_CONTEXT(2) 
PARAMETRIC_REPRESENTATION_CONTEXT() REPRESENTATION_CONTEXT('2D SPACE',''
  ) );
#10035 = PCURVE('',#2452,#10036);
#10036 = DEFINITIONAL_REPRESENTATION('',(#10037),#10041);
#10037 = LINE('',#10038,#10039);
#10038 = CARTESIAN_POINT('',(0.164159106053,0.));
#10039 = VECTOR('',#10040,1.);
#10040 = DIRECTION('',(0.,-1.));
#10041 = ( GEOMETRIC_REPRESENTATION_CONTEXT(2) 
PARAMETRIC_REPRESENTATION_CONTEXT() REPRESENTATION_CONTEXT('2D SPACE',''
  ) );
#10042 = ORIENTED_EDGE('',*,*,#10043,.T.);
#10043 = EDGE_CURVE('',#10021,#9923,#10044,.T.);
#10044 = SURFACE_CURVE('',#10045,(#10049,#10056),.PCURVE_S1.);
#10045 = LINE('',#10046,#10047);
#10046 = CARTESIAN_POINT('',(59.93853,39.95,101.59932));
#10047 = VECTOR('',#10048,1.);
#10048 = DIRECTION('',(0.608770304696,0.,0.793346529658));
#10049 = PCURVE('',#2426,#10050);
#10050 = DEFINITIONAL_REPRESENTATION('',(#10051),#10055);
#10051 = LINE('',#10052,#10053);
#10052 = CARTESIAN_POINT('',(0.,-0.2));
#10053 = VECTOR('',#10054,1.);
#10054 = DIRECTION('',(1.,0.));
#10055 = ( GEOMETRIC_REPRESENTATION_CONTEXT(2) 
PARAMETRIC_REPRESENTATION_CONTEXT() REPRESENTATION_CONTEXT('2D SPACE',''
  ) );
#10056 = PCURVE('',#9836,#10057);
#10057 = DEFINITIONAL_REPRESENTATION('',(#10058),#10062);
#10058 = LINE('',#10059,#10060);
#10059 = CARTESIAN_POINT('',(-2.015630079013,1.08067418709));
#10060 = VECTOR('',#10061,1.);
#10061 = DIRECTION('',(0.608770304696,-0.793346529658));
#10062 = ( GEOMETRIC_REPRESENTATION_CONTEXT(2) 
PARAMETRIC_REPRESENTATION_CONTEXT() REPRESENTATION_CONTEXT('2D SPACE',''
  ) );
#10063 = ORIENTED_EDGE('',*,*,#9922,.F.);
#10064 = ADVANCED_FACE('',(#10065),#3024,.F.);
#10065 = FACE_BOUND('',#10066,.F.);
#10066 = EDGE_LOOP('',(#10067,#10068,#10069,#10092));
#10067 = ORIENTED_EDGE('',*,*,#3009,.T.);
#10068 = ORIENTED_EDGE('',*,*,#9995,.T.);
#10069 = ORIENTED_EDGE('',*,*,#10070,.T.);
#10070 = EDGE_CURVE('',#9973,#10071,#10073,.T.);
#10071 = VERTEX_POINT('',#10072);
#10072 = CARTESIAN_POINT('',(64.31656,39.95,104.9849));
#10073 = SURFACE_CURVE('',#10074,(#10078,#10085),.PCURVE_S1.);
#10074 = LINE('',#10075,#10076);
#10075 = CARTESIAN_POINT('',(64.30029,39.95,105.14659));
#10076 = VECTOR('',#10077,1.);
#10077 = DIRECTION('',(0.100119059919,0.,-0.994975463939));
#10078 = PCURVE('',#3024,#10079);
#10079 = DEFINITIONAL_REPRESENTATION('',(#10080),#10084);
#10080 = LINE('',#10081,#10082);
#10081 = CARTESIAN_POINT('',(0.,-0.2));
#10082 = VECTOR('',#10083,1.);
#10083 = DIRECTION('',(1.,0.));
#10084 = ( GEOMETRIC_REPRESENTATION_CONTEXT(2) 
PARAMETRIC_REPRESENTATION_CONTEXT() REPRESENTATION_CONTEXT('2D SPACE',''
  ) );
#10085 = PCURVE('',#9836,#10086);
#10086 = DEFINITIONAL_REPRESENTATION('',(#10087),#10091);
#10087 = LINE('',#10088,#10089);
#10088 = CARTESIAN_POINT('',(2.346129920987,-2.46659581291));
#10089 = VECTOR('',#10090,1.);
#10090 = DIRECTION('',(0.100119059919,0.994975463939));
#10091 = ( GEOMETRIC_REPRESENTATION_CONTEXT(2) 
PARAMETRIC_REPRESENTATION_CONTEXT() REPRESENTATION_CONTEXT('2D SPACE',''
  ) );
#10092 = ORIENTED_EDGE('',*,*,#10093,.F.);
#10093 = EDGE_CURVE('',#2984,#10071,#10094,.T.);
#10094 = SURFACE_CURVE('',#10095,(#10099,#10106),.PCURVE_S1.);
#10095 = LINE('',#10096,#10097);
#10096 = CARTESIAN_POINT('',(64.31656,39.75,104.9849));
#10097 = VECTOR('',#10098,1.);
#10098 = DIRECTION('',(0.,1.,0.));
#10099 = PCURVE('',#3024,#10100);
#10100 = DEFINITIONAL_REPRESENTATION('',(#10101),#10105);
#10101 = LINE('',#10102,#10103);
#10102 = CARTESIAN_POINT('',(0.162506519869,0.));
#10103 = VECTOR('',#10104,1.);
#10104 = DIRECTION('',(0.,-1.));
#10105 = ( GEOMETRIC_REPRESENTATION_CONTEXT(2) 
PARAMETRIC_REPRESENTATION_CONTEXT() REPRESENTATION_CONTEXT('2D SPACE',''
  ) );
#10106 = PCURVE('',#2998,#10107);
#10107 = DEFINITIONAL_REPRESENTATION('',(#10108),#10112);
#10108 = LINE('',#10109,#10110);
#10109 = CARTESIAN_POINT('',(0.,0.));
#10110 = VECTOR('',#10111,1.);
#10111 = DIRECTION('',(0.,-1.));
#10112 = ( GEOMETRIC_REPRESENTATION_CONTEXT(2) 
PARAMETRIC_REPRESENTATION_CONTEXT() REPRESENTATION_CONTEXT('2D SPACE',''
  ) );
#10113 = ADVANCED_FACE('',(#10114),#2452,.F.);
#10114 = FACE_BOUND('',#10115,.F.);
#10115 = EDGE_LOOP('',(#10116,#10117,#10140,#10161));
#10116 = ORIENTED_EDGE('',*,*,#2437,.T.);
#10117 = ORIENTED_EDGE('',*,*,#10118,.T.);
#10118 = EDGE_CURVE('',#2438,#10119,#10121,.T.);
#10119 = VERTEX_POINT('',#10120);
#10120 = CARTESIAN_POINT('',(59.85017,39.95,101.46097));
#10121 = SURFACE_CURVE('',#10122,(#10126,#10133),.PCURVE_S1.);
#10122 = LINE('',#10123,#10124);
#10123 = CARTESIAN_POINT('',(59.85017,39.75,101.46097));
#10124 = VECTOR('',#10125,1.);
#10125 = DIRECTION('',(0.,1.,0.));
#10126 = PCURVE('',#2452,#10127);
#10127 = DEFINITIONAL_REPRESENTATION('',(#10128),#10132);
#10128 = LINE('',#10129,#10130);
#10129 = CARTESIAN_POINT('',(0.,0.));
#10130 = VECTOR('',#10131,1.);
#10131 = DIRECTION('',(0.,-1.));
#10132 = ( GEOMETRIC_REPRESENTATION_CONTEXT(2) 
PARAMETRIC_REPRESENTATION_CONTEXT() REPRESENTATION_CONTEXT('2D SPACE',''
  ) );
#10133 = PCURVE('',#2478,#10134);
#10134 = DEFINITIONAL_REPRESENTATION('',(#10135),#10139);
#10135 = LINE('',#10136,#10137);
#10136 = CARTESIAN_POINT('',(0.162934913386,0.));
#10137 = VECTOR('',#10138,1.);
#10138 = DIRECTION('',(0.,-1.));
#10139 = ( GEOMETRIC_REPRESENTATION_CONTEXT(2) 
PARAMETRIC_REPRESENTATION_CONTEXT() REPRESENTATION_CONTEXT('2D SPACE',''
  ) );
#10140 = ORIENTED_EDGE('',*,*,#10141,.T.);
#10141 = EDGE_CURVE('',#10119,#10021,#10142,.T.);
#10142 = SURFACE_CURVE('',#10143,(#10147,#10154),.PCURVE_S1.);
#10143 = LINE('',#10144,#10145);
#10144 = CARTESIAN_POINT('',(59.85017,39.95,101.46097));
#10145 = VECTOR('',#10146,1.);
#10146 = DIRECTION('',(0.538258291755,0.,0.842779930561));
#10147 = PCURVE('',#2452,#10148);
#10148 = DEFINITIONAL_REPRESENTATION('',(#10149),#10153);
#10149 = LINE('',#10150,#10151);
#10150 = CARTESIAN_POINT('',(0.,-0.2));
#10151 = VECTOR('',#10152,1.);
#10152 = DIRECTION('',(1.,0.));
#10153 = ( GEOMETRIC_REPRESENTATION_CONTEXT(2) 
PARAMETRIC_REPRESENTATION_CONTEXT() REPRESENTATION_CONTEXT('2D SPACE',''
  ) );
#10154 = PCURVE('',#9836,#10155);
#10155 = DEFINITIONAL_REPRESENTATION('',(#10156),#10160);
#10156 = LINE('',#10157,#10158);
#10157 = CARTESIAN_POINT('',(-2.103990079013,1.21902418709));
#10158 = VECTOR('',#10159,1.);
#10159 = DIRECTION('',(0.538258291755,-0.842779930561));
#10160 = ( GEOMETRIC_REPRESENTATION_CONTEXT(2) 
PARAMETRIC_REPRESENTATION_CONTEXT() REPRESENTATION_CONTEXT('2D SPACE',''
  ) );
#10161 = ORIENTED_EDGE('',*,*,#10020,.F.);
#10162 = ADVANCED_FACE('',(#10163),#2998,.F.);
#10163 = FACE_BOUND('',#10164,.F.);
#10164 = EDGE_LOOP('',(#10165,#10166,#10167,#10190));
#10165 = ORIENTED_EDGE('',*,*,#2983,.T.);
#10166 = ORIENTED_EDGE('',*,*,#10093,.T.);
#10167 = ORIENTED_EDGE('',*,*,#10168,.T.);
#10168 = EDGE_CURVE('',#10071,#10169,#10171,.T.);
#10169 = VERTEX_POINT('',#10170);
#10170 = CARTESIAN_POINT('',(64.31924,39.95,104.82315));
#10171 = SURFACE_CURVE('',#10172,(#10176,#10183),.PCURVE_S1.);
#10172 = LINE('',#10173,#10174);
#10173 = CARTESIAN_POINT('',(64.31656,39.95,104.9849));
#10174 = VECTOR('',#10175,1.);
#10175 = DIRECTION('',(1.65665051807E-02,0.,-0.999862766036));
#10176 = PCURVE('',#2998,#10177);
#10177 = DEFINITIONAL_REPRESENTATION('',(#10178),#10182);
#10178 = LINE('',#10179,#10180);
#10179 = CARTESIAN_POINT('',(0.,-0.2));
#10180 = VECTOR('',#10181,1.);
#10181 = DIRECTION('',(1.,0.));
#10182 = ( GEOMETRIC_REPRESENTATION_CONTEXT(2) 
PARAMETRIC_REPRESENTATION_CONTEXT() REPRESENTATION_CONTEXT('2D SPACE',''
  ) );
#10183 = PCURVE('',#9836,#10184);
#10184 = DEFINITIONAL_REPRESENTATION('',(#10185),#10189);
#10185 = LINE('',#10186,#10187);
#10186 = CARTESIAN_POINT('',(2.362399920987,-2.30490581291));
#10187 = VECTOR('',#10188,1.);
#10188 = DIRECTION('',(1.65665051807E-02,0.999862766036));
#10189 = ( GEOMETRIC_REPRESENTATION_CONTEXT(2) 
PARAMETRIC_REPRESENTATION_CONTEXT() REPRESENTATION_CONTEXT('2D SPACE',''
  ) );
#10190 = ORIENTED_EDGE('',*,*,#10191,.F.);
#10191 = EDGE_CURVE('',#2958,#10169,#10192,.T.);
#10192 = SURFACE_CURVE('',#10193,(#10197,#10204),.PCURVE_S1.);
#10193 = LINE('',#10194,#10195);
#10194 = CARTESIAN_POINT('',(64.31924,39.75,104.82315));
#10195 = VECTOR('',#10196,1.);
#10196 = DIRECTION('',(0.,1.,0.));
#10197 = PCURVE('',#2998,#10198);
#10198 = DEFINITIONAL_REPRESENTATION('',(#10199),#10203);
#10199 = LINE('',#10200,#10201);
#10200 = CARTESIAN_POINT('',(0.16177220064,0.));
#10201 = VECTOR('',#10202,1.);
#10202 = DIRECTION('',(0.,-1.));
#10203 = ( GEOMETRIC_REPRESENTATION_CONTEXT(2) 
PARAMETRIC_REPRESENTATION_CONTEXT() REPRESENTATION_CONTEXT('2D SPACE',''
  ) );
#10204 = PCURVE('',#2972,#10205);
#10205 = DEFINITIONAL_REPRESENTATION('',(#10206),#10210);
#10206 = LINE('',#10207,#10208);
#10207 = CARTESIAN_POINT('',(0.,0.));
#10208 = VECTOR('',#10209,1.);
#10209 = DIRECTION('',(0.,-1.));
#10210 = ( GEOMETRIC_REPRESENTATION_CONTEXT(2) 
PARAMETRIC_REPRESENTATION_CONTEXT() REPRESENTATION_CONTEXT('2D SPACE',''
  ) );
#10211 = ADVANCED_FACE('',(#10212),#2478,.F.);
#10212 = FACE_BOUND('',#10213,.F.);
#10213 = EDGE_LOOP('',(#10214,#10215,#10238,#10259));
#10214 = ORIENTED_EDGE('',*,*,#2463,.T.);
#10215 = ORIENTED_EDGE('',*,*,#10216,.T.);
#10216 = EDGE_CURVE('',#2464,#10217,#10219,.T.);
#10217 = VERTEX_POINT('',#10218);
#10218 = CARTESIAN_POINT('',(59.77439,39.95,101.31673));
#10219 = SURFACE_CURVE('',#10220,(#10224,#10231),.PCURVE_S1.);
#10220 = LINE('',#10221,#10222);
#10221 = CARTESIAN_POINT('',(59.77439,39.75,101.31673));
#10222 = VECTOR('',#10223,1.);
#10223 = DIRECTION('',(0.,1.,0.));
#10224 = PCURVE('',#2478,#10225);
#10225 = DEFINITIONAL_REPRESENTATION('',(#10226),#10230);
#10226 = LINE('',#10227,#10228);
#10227 = CARTESIAN_POINT('',(0.,0.));
#10228 = VECTOR('',#10229,1.);
#10229 = DIRECTION('',(0.,-1.));
#10230 = ( GEOMETRIC_REPRESENTATION_CONTEXT(2) 
PARAMETRIC_REPRESENTATION_CONTEXT() REPRESENTATION_CONTEXT('2D SPACE',''
  ) );
#10231 = PCURVE('',#2504,#10232);
#10232 = DEFINITIONAL_REPRESENTATION('',(#10233),#10237);
#10233 = LINE('',#10234,#10235);
#10234 = CARTESIAN_POINT('',(0.162069708768,0.));
#10235 = VECTOR('',#10236,1.);
#10236 = DIRECTION('',(0.,-1.));
#10237 = ( GEOMETRIC_REPRESENTATION_CONTEXT(2) 
PARAMETRIC_REPRESENTATION_CONTEXT() REPRESENTATION_CONTEXT('2D SPACE',''
  ) );
#10238 = ORIENTED_EDGE('',*,*,#10239,.T.);
#10239 = EDGE_CURVE('',#10217,#10119,#10240,.T.);
#10240 = SURFACE_CURVE('',#10241,(#10245,#10252),.PCURVE_S1.);
#10241 = LINE('',#10242,#10243);
#10242 = CARTESIAN_POINT('',(59.77439,39.95,101.31673));
#10243 = VECTOR('',#10244,1.);
#10244 = DIRECTION('',(0.465093689408,0.,0.885261464242));
#10245 = PCURVE('',#2478,#10246);
#10246 = DEFINITIONAL_REPRESENTATION('',(#10247),#10251);
#10247 = LINE('',#10248,#10249);
#10248 = CARTESIAN_POINT('',(0.,-0.2));
#10249 = VECTOR('',#10250,1.);
#10250 = DIRECTION('',(1.,0.));
#10251 = ( GEOMETRIC_REPRESENTATION_CONTEXT(2) 
PARAMETRIC_REPRESENTATION_CONTEXT() REPRESENTATION_CONTEXT('2D SPACE',''
  ) );
#10252 = PCURVE('',#9836,#10253);
#10253 = DEFINITIONAL_REPRESENTATION('',(#10254),#10258);
#10254 = LINE('',#10255,#10256);
#10255 = CARTESIAN_POINT('',(-2.179770079013,1.36326418709));
#10256 = VECTOR('',#10257,1.);
#10257 = DIRECTION('',(0.465093689408,-0.885261464242));
#10258 = ( GEOMETRIC_REPRESENTATION_CONTEXT(2) 
PARAMETRIC_REPRESENTATION_CONTEXT() REPRESENTATION_CONTEXT('2D SPACE',''
  ) );
#10259 = ORIENTED_EDGE('',*,*,#10118,.F.);
#10260 = ADVANCED_FACE('',(#10261),#2972,.F.);
#10261 = FACE_BOUND('',#10262,.F.);
#10262 = EDGE_LOOP('',(#10263,#10264,#10265,#10288));
#10263 = ORIENTED_EDGE('',*,*,#2957,.T.);
#10264 = ORIENTED_EDGE('',*,*,#10191,.T.);
#10265 = ORIENTED_EDGE('',*,*,#10266,.T.);
#10266 = EDGE_CURVE('',#10169,#10267,#10269,.T.);
#10267 = VERTEX_POINT('',#10268);
#10268 = CARTESIAN_POINT('',(64.30848,39.95,104.66218));
#10269 = SURFACE_CURVE('',#10270,(#10274,#10281),.PCURVE_S1.);
#10270 = LINE('',#10271,#10272);
#10271 = CARTESIAN_POINT('',(64.31924,39.95,104.82315));
#10272 = VECTOR('',#10273,1.);
#10273 = DIRECTION('',(-6.669591371368E-02,0.,-0.997773348559));
#10274 = PCURVE('',#2972,#10275);
#10275 = DEFINITIONAL_REPRESENTATION('',(#10276),#10280);
#10276 = LINE('',#10277,#10278);
#10277 = CARTESIAN_POINT('',(0.,-0.2));
#10278 = VECTOR('',#10279,1.);
#10279 = DIRECTION('',(1.,0.));
#10280 = ( GEOMETRIC_REPRESENTATION_CONTEXT(2) 
PARAMETRIC_REPRESENTATION_CONTEXT() REPRESENTATION_CONTEXT('2D SPACE',''
  ) );
#10281 = PCURVE('',#9836,#10282);
#10282 = DEFINITIONAL_REPRESENTATION('',(#10283),#10287);
#10283 = LINE('',#10284,#10285);
#10284 = CARTESIAN_POINT('',(2.365079920987,-2.14315581291));
#10285 = VECTOR('',#10286,1.);
#10286 = DIRECTION('',(-6.669591371368E-02,0.997773348559));
#10287 = ( GEOMETRIC_REPRESENTATION_CONTEXT(2) 
PARAMETRIC_REPRESENTATION_CONTEXT() REPRESENTATION_CONTEXT('2D SPACE',''
  ) );
#10288 = ORIENTED_EDGE('',*,*,#10289,.F.);
#10289 = EDGE_CURVE('',#2932,#10267,#10290,.T.);
#10290 = SURFACE_CURVE('',#10291,(#10295,#10302),.PCURVE_S1.);
#10291 = LINE('',#10292,#10293);
#10292 = CARTESIAN_POINT('',(64.30848,39.75,104.66218));
#10293 = VECTOR('',#10294,1.);
#10294 = DIRECTION('',(0.,1.,0.));
#10295 = PCURVE('',#2972,#10296);
#10296 = DEFINITIONAL_REPRESENTATION('',(#10297),#10301);
#10297 = LINE('',#10298,#10299);
#10298 = CARTESIAN_POINT('',(0.161329223949,0.));
#10299 = VECTOR('',#10300,1.);
#10300 = DIRECTION('',(0.,-1.));
#10301 = ( GEOMETRIC_REPRESENTATION_CONTEXT(2) 
PARAMETRIC_REPRESENTATION_CONTEXT() REPRESENTATION_CONTEXT('2D SPACE',''
  ) );
#10302 = PCURVE('',#2946,#10303);
#10303 = DEFINITIONAL_REPRESENTATION('',(#10304),#10308);
#10304 = LINE('',#10305,#10306);
#10305 = CARTESIAN_POINT('',(0.,0.));
#10306 = VECTOR('',#10307,1.);
#10307 = DIRECTION('',(0.,-1.));
#10308 = ( GEOMETRIC_REPRESENTATION_CONTEXT(2) 
PARAMETRIC_REPRESENTATION_CONTEXT() REPRESENTATION_CONTEXT('2D SPACE',''
  ) );
#10309 = ADVANCED_FACE('',(#10310),#2504,.F.);
#10310 = FACE_BOUND('',#10311,.F.);
#10311 = EDGE_LOOP('',(#10312,#10313,#10336,#10357));
#10312 = ORIENTED_EDGE('',*,*,#2489,.T.);
#10313 = ORIENTED_EDGE('',*,*,#10314,.T.);
#10314 = EDGE_CURVE('',#2490,#10315,#10317,.T.);
#10315 = VERTEX_POINT('',#10316);
#10316 = CARTESIAN_POINT('',(59.71131,39.95,101.16744));
#10317 = SURFACE_CURVE('',#10318,(#10322,#10329),.PCURVE_S1.);
#10318 = LINE('',#10319,#10320);
#10319 = CARTESIAN_POINT('',(59.71131,39.75,101.16744));
#10320 = VECTOR('',#10321,1.);
#10321 = DIRECTION('',(0.,1.,0.));
#10322 = PCURVE('',#2504,#10323);
#10323 = DEFINITIONAL_REPRESENTATION('',(#10324),#10328);
#10324 = LINE('',#10325,#10326);
#10325 = CARTESIAN_POINT('',(0.,0.));
#10326 = VECTOR('',#10327,1.);
#10327 = DIRECTION('',(0.,-1.));
#10328 = ( GEOMETRIC_REPRESENTATION_CONTEXT(2) 
PARAMETRIC_REPRESENTATION_CONTEXT() REPRESENTATION_CONTEXT('2D SPACE',''
  ) );
#10329 = PCURVE('',#2530,#10330);
#10330 = DEFINITIONAL_REPRESENTATION('',(#10331),#10335);
#10331 = LINE('',#10332,#10333);
#10332 = CARTESIAN_POINT('',(0.16149683743,0.));
#10333 = VECTOR('',#10334,1.);
#10334 = DIRECTION('',(0.,-1.));
#10335 = ( GEOMETRIC_REPRESENTATION_CONTEXT(2) 
PARAMETRIC_REPRESENTATION_CONTEXT() REPRESENTATION_CONTEXT('2D SPACE',''
  ) );
#10336 = ORIENTED_EDGE('',*,*,#10337,.T.);
#10337 = EDGE_CURVE('',#10315,#10217,#10338,.T.);
#10338 = SURFACE_CURVE('',#10339,(#10343,#10350),.PCURVE_S1.);
#10339 = LINE('',#10340,#10341);
#10340 = CARTESIAN_POINT('',(59.71131,39.95,101.16744));
#10341 = VECTOR('',#10342,1.);
#10342 = DIRECTION('',(0.389215236331,0.,0.921146839439));
#10343 = PCURVE('',#2504,#10344);
#10344 = DEFINITIONAL_REPRESENTATION('',(#10345),#10349);
#10345 = LINE('',#10346,#10347);
#10346 = CARTESIAN_POINT('',(0.,-0.2));
#10347 = VECTOR('',#10348,1.);
#10348 = DIRECTION('',(1.,0.));
#10349 = ( GEOMETRIC_REPRESENTATION_CONTEXT(2) 
PARAMETRIC_REPRESENTATION_CONTEXT() REPRESENTATION_CONTEXT('2D SPACE',''
  ) );
#10350 = PCURVE('',#9836,#10351);
#10351 = DEFINITIONAL_REPRESENTATION('',(#10352),#10356);
#10352 = LINE('',#10353,#10354);
#10353 = CARTESIAN_POINT('',(-2.242850079013,1.51255418709));
#10354 = VECTOR('',#10355,1.);
#10355 = DIRECTION('',(0.389215236331,-0.921146839439));
#10356 = ( GEOMETRIC_REPRESENTATION_CONTEXT(2) 
PARAMETRIC_REPRESENTATION_CONTEXT() REPRESENTATION_CONTEXT('2D SPACE',''
  ) );
#10357 = ORIENTED_EDGE('',*,*,#10216,.F.);
#10358 = ADVANCED_FACE('',(#10359),#2946,.F.);
#10359 = FACE_BOUND('',#10360,.F.);
#10360 = EDGE_LOOP('',(#10361,#10362,#10363,#10386));
#10361 = ORIENTED_EDGE('',*,*,#2931,.T.);
#10362 = ORIENTED_EDGE('',*,*,#10289,.T.);
#10363 = ORIENTED_EDGE('',*,*,#10364,.T.);
#10364 = EDGE_CURVE('',#10267,#10365,#10367,.T.);
#10365 = VERTEX_POINT('',#10366);
#10366 = CARTESIAN_POINT('',(64.28442,39.95,104.50286));
#10367 = SURFACE_CURVE('',#10368,(#10372,#10379),.PCURVE_S1.);
#10368 = LINE('',#10369,#10370);
#10369 = CARTESIAN_POINT('',(64.30848,39.95,104.66218));
#10370 = VECTOR('',#10371,1.);
#10371 = DIRECTION('',(-0.149323676684,0.,-0.988788369461));
#10372 = PCURVE('',#2946,#10373);
#10373 = DEFINITIONAL_REPRESENTATION('',(#10374),#10378);
#10374 = LINE('',#10375,#10376);
#10375 = CARTESIAN_POINT('',(0.,-0.2));
#10376 = VECTOR('',#10377,1.);
#10377 = DIRECTION('',(1.,0.));
#10378 = ( GEOMETRIC_REPRESENTATION_CONTEXT(2) 
PARAMETRIC_REPRESENTATION_CONTEXT() REPRESENTATION_CONTEXT('2D SPACE',''
  ) );
#10379 = PCURVE('',#9836,#10380);
#10380 = DEFINITIONAL_REPRESENTATION('',(#10381),#10385);
#10381 = LINE('',#10382,#10383);
#10382 = CARTESIAN_POINT('',(2.354319920987,-1.98218581291));
#10383 = VECTOR('',#10384,1.);
#10384 = DIRECTION('',(-0.149323676684,0.988788369461));
#10385 = ( GEOMETRIC_REPRESENTATION_CONTEXT(2) 
PARAMETRIC_REPRESENTATION_CONTEXT() REPRESENTATION_CONTEXT('2D SPACE',''
  ) );
#10386 = ORIENTED_EDGE('',*,*,#10387,.F.);
#10387 = EDGE_CURVE('',#2906,#10365,#10388,.T.);
#10388 = SURFACE_CURVE('',#10389,(#10393,#10400),.PCURVE_S1.);
#10389 = LINE('',#10390,#10391);
#10390 = CARTESIAN_POINT('',(64.28442,39.75,104.50286));
#10391 = VECTOR('',#10392,1.);
#10392 = DIRECTION('',(0.,1.,0.));
#10393 = PCURVE('',#2946,#10394);
#10394 = DEFINITIONAL_REPRESENTATION('',(#10395),#10399);
#10395 = LINE('',#10396,#10397);
#10396 = CARTESIAN_POINT('',(0.161126490684,0.));
#10397 = VECTOR('',#10398,1.);
#10398 = DIRECTION('',(0.,-1.));
#10399 = ( GEOMETRIC_REPRESENTATION_CONTEXT(2) 
PARAMETRIC_REPRESENTATION_CONTEXT() REPRESENTATION_CONTEXT('2D SPACE',''
  ) );
#10400 = PCURVE('',#2920,#10401);
#10401 = DEFINITIONAL_REPRESENTATION('',(#10402),#10406);
#10402 = LINE('',#10403,#10404);
#10403 = CARTESIAN_POINT('',(0.,0.));
#10404 = VECTOR('',#10405,1.);
#10405 = DIRECTION('',(0.,-1.));
#10406 = ( GEOMETRIC_REPRESENTATION_CONTEXT(2) 
PARAMETRIC_REPRESENTATION_CONTEXT() REPRESENTATION_CONTEXT('2D SPACE',''
  ) );
#10407 = ADVANCED_FACE('',(#10408),#2530,.F.);
#10408 = FACE_BOUND('',#10409,.F.);
#10409 = EDGE_LOOP('',(#10410,#10411,#10434,#10455));
#10410 = ORIENTED_EDGE('',*,*,#2515,.T.);
#10411 = ORIENTED_EDGE('',*,*,#10412,.T.);
#10412 = EDGE_CURVE('',#2516,#10413,#10415,.T.);
#10413 = VERTEX_POINT('',#10414);
#10414 = CARTESIAN_POINT('',(59.66109,39.95,101.01395));
#10415 = SURFACE_CURVE('',#10416,(#10420,#10427),.PCURVE_S1.);
#10416 = LINE('',#10417,#10418);
#10417 = CARTESIAN_POINT('',(59.66109,39.75,101.01395));
#10418 = VECTOR('',#10419,1.);
#10419 = DIRECTION('',(0.,1.,0.));
#10420 = PCURVE('',#2530,#10421);
#10421 = DEFINITIONAL_REPRESENTATION('',(#10422),#10426);
#10422 = LINE('',#10423,#10424);
#10423 = CARTESIAN_POINT('',(0.,0.));
#10424 = VECTOR('',#10425,1.);
#10425 = DIRECTION('',(0.,-1.));
#10426 = ( GEOMETRIC_REPRESENTATION_CONTEXT(2) 
PARAMETRIC_REPRESENTATION_CONTEXT() REPRESENTATION_CONTEXT('2D SPACE',''
  ) );
#10427 = PCURVE('',#2556,#10428);
#10428 = DEFINITIONAL_REPRESENTATION('',(#10429),#10433);
#10429 = LINE('',#10430,#10431);
#10430 = CARTESIAN_POINT('',(0.161183848446,0.));
#10431 = VECTOR('',#10432,1.);
#10432 = DIRECTION('',(0.,-1.));
#10433 = ( GEOMETRIC_REPRESENTATION_CONTEXT(2) 
PARAMETRIC_REPRESENTATION_CONTEXT() REPRESENTATION_CONTEXT('2D SPACE',''
  ) );
#10434 = ORIENTED_EDGE('',*,*,#10435,.T.);
#10435 = EDGE_CURVE('',#10413,#10315,#10436,.T.);
#10436 = SURFACE_CURVE('',#10437,(#10441,#10448),.PCURVE_S1.);
#10437 = LINE('',#10438,#10439);
#10438 = CARTESIAN_POINT('',(59.66109,39.95,101.01395));
#10439 = VECTOR('',#10440,1.);
#10440 = DIRECTION('',(0.310965841803,0.,0.950421088377));
#10441 = PCURVE('',#2530,#10442);
#10442 = DEFINITIONAL_REPRESENTATION('',(#10443),#10447);
#10443 = LINE('',#10444,#10445);
#10444 = CARTESIAN_POINT('',(0.,-0.2));
#10445 = VECTOR('',#10446,1.);
#10446 = DIRECTION('',(1.,0.));
#10447 = ( GEOMETRIC_REPRESENTATION_CONTEXT(2) 
PARAMETRIC_REPRESENTATION_CONTEXT() REPRESENTATION_CONTEXT('2D SPACE',''
  ) );
#10448 = PCURVE('',#9836,#10449);
#10449 = DEFINITIONAL_REPRESENTATION('',(#10450),#10454);
#10450 = LINE('',#10451,#10452);
#10451 = CARTESIAN_POINT('',(-2.293070079013,1.66604418709));
#10452 = VECTOR('',#10453,1.);
#10453 = DIRECTION('',(0.310965841803,-0.950421088377));
#10454 = ( GEOMETRIC_REPRESENTATION_CONTEXT(2) 
PARAMETRIC_REPRESENTATION_CONTEXT() REPRESENTATION_CONTEXT('2D SPACE',''
  ) );
#10455 = ORIENTED_EDGE('',*,*,#10314,.F.);
#10456 = ADVANCED_FACE('',(#10457),#2920,.F.);
#10457 = FACE_BOUND('',#10458,.F.);
#10458 = EDGE_LOOP('',(#10459,#10460,#10461,#10484));
#10459 = ORIENTED_EDGE('',*,*,#2905,.T.);
#10460 = ORIENTED_EDGE('',*,*,#10387,.T.);
#10461 = ORIENTED_EDGE('',*,*,#10462,.T.);
#10462 = EDGE_CURVE('',#10365,#10463,#10465,.T.);
#10463 = VERTEX_POINT('',#10464);
#10464 = CARTESIAN_POINT('',(64.24721,39.95,104.34603));
#10465 = SURFACE_CURVE('',#10466,(#10470,#10477),.PCURVE_S1.);
#10466 = LINE('',#10467,#10468);
#10467 = CARTESIAN_POINT('',(64.28442,39.95,104.50286));
#10468 = VECTOR('',#10469,1.);
#10469 = DIRECTION('',(-0.230854396136,0.,-0.972988308144));
#10470 = PCURVE('',#2920,#10471);
#10471 = DEFINITIONAL_REPRESENTATION('',(#10472),#10476);
#10472 = LINE('',#10473,#10474);
#10473 = CARTESIAN_POINT('',(0.,-0.2));
#10474 = VECTOR('',#10475,1.);
#10475 = DIRECTION('',(1.,0.));
#10476 = ( GEOMETRIC_REPRESENTATION_CONTEXT(2) 
PARAMETRIC_REPRESENTATION_CONTEXT() REPRESENTATION_CONTEXT('2D SPACE',''
  ) );
#10477 = PCURVE('',#9836,#10478);
#10478 = DEFINITIONAL_REPRESENTATION('',(#10479),#10483);
#10479 = LINE('',#10480,#10481);
#10480 = CARTESIAN_POINT('',(2.330259920987,-1.82286581291));
#10481 = VECTOR('',#10482,1.);
#10482 = DIRECTION('',(-0.230854396136,0.972988308144));
#10483 = ( GEOMETRIC_REPRESENTATION_CONTEXT(2) 
PARAMETRIC_REPRESENTATION_CONTEXT() REPRESENTATION_CONTEXT('2D SPACE',''
  ) );
#10484 = ORIENTED_EDGE('',*,*,#10485,.F.);
#10485 = EDGE_CURVE('',#2880,#10463,#10486,.T.);
#10486 = SURFACE_CURVE('',#10487,(#10491,#10498),.PCURVE_S1.);
#10487 = LINE('',#10488,#10489);
#10488 = CARTESIAN_POINT('',(64.24721,39.75,104.34603));
#10489 = VECTOR('',#10490,1.);
#10490 = DIRECTION('',(0.,1.,0.));
#10491 = PCURVE('',#2920,#10492);
#10492 = DEFINITIONAL_REPRESENTATION('',(#10493),#10497);
#10493 = LINE('',#10494,#10495);
#10494 = CARTESIAN_POINT('',(0.161183848446,0.));
#10495 = VECTOR('',#10496,1.);
#10496 = DIRECTION('',(0.,-1.));
#10497 = ( GEOMETRIC_REPRESENTATION_CONTEXT(2) 
PARAMETRIC_REPRESENTATION_CONTEXT() REPRESENTATION_CONTEXT('2D SPACE',''
  ) );
#10498 = PCURVE('',#2894,#10499);
#10499 = DEFINITIONAL_REPRESENTATION('',(#10500),#10504);
#10500 = LINE('',#10501,#10502);
#10501 = CARTESIAN_POINT('',(0.,0.));
#10502 = VECTOR('',#10503,1.);
#10503 = DIRECTION('',(0.,-1.));
#10504 = ( GEOMETRIC_REPRESENTATION_CONTEXT(2) 
PARAMETRIC_REPRESENTATION_CONTEXT() REPRESENTATION_CONTEXT('2D SPACE',''
  ) );
#10505 = ADVANCED_FACE('',(#10506),#2556,.F.);
#10506 = FACE_BOUND('',#10507,.F.);
#10507 = EDGE_LOOP('',(#10508,#10509,#10532,#10553));
#10508 = ORIENTED_EDGE('',*,*,#2541,.T.);
#10509 = ORIENTED_EDGE('',*,*,#10510,.T.);
#10510 = EDGE_CURVE('',#2542,#10511,#10513,.T.);
#10511 = VERTEX_POINT('',#10512);
#10512 = CARTESIAN_POINT('',(59.62388,39.95,100.85712));
#10513 = SURFACE_CURVE('',#10514,(#10518,#10525),.PCURVE_S1.);
#10514 = LINE('',#10515,#10516);
#10515 = CARTESIAN_POINT('',(59.62388,39.75,100.85712));
#10516 = VECTOR('',#10517,1.);
#10517 = DIRECTION('',(0.,1.,0.));
#10518 = PCURVE('',#2556,#10519);
#10519 = DEFINITIONAL_REPRESENTATION('',(#10520),#10524);
#10520 = LINE('',#10521,#10522);
#10521 = CARTESIAN_POINT('',(0.,0.));
#10522 = VECTOR('',#10523,1.);
#10523 = DIRECTION('',(0.,-1.));
#10524 = ( GEOMETRIC_REPRESENTATION_CONTEXT(2) 
PARAMETRIC_REPRESENTATION_CONTEXT() REPRESENTATION_CONTEXT('2D SPACE',''
  ) );
#10525 = PCURVE('',#2582,#10526);
#10526 = DEFINITIONAL_REPRESENTATION('',(#10527),#10531);
#10527 = LINE('',#10528,#10529);
#10528 = CARTESIAN_POINT('',(0.161126490684,0.));
#10529 = VECTOR('',#10530,1.);
#10530 = DIRECTION('',(0.,-1.));
#10531 = ( GEOMETRIC_REPRESENTATION_CONTEXT(2) 
PARAMETRIC_REPRESENTATION_CONTEXT() REPRESENTATION_CONTEXT('2D SPACE',''
  ) );
#10532 = ORIENTED_EDGE('',*,*,#10533,.T.);
#10533 = EDGE_CURVE('',#10511,#10413,#10534,.T.);
#10534 = SURFACE_CURVE('',#10535,(#10539,#10546),.PCURVE_S1.);
#10535 = LINE('',#10536,#10537);
#10536 = CARTESIAN_POINT('',(59.62388,39.95,100.85712));
#10537 = VECTOR('',#10538,1.);
#10538 = DIRECTION('',(0.230854396136,0.,0.972988308144));
#10539 = PCURVE('',#2556,#10540);
#10540 = DEFINITIONAL_REPRESENTATION('',(#10541),#10545);
#10541 = LINE('',#10542,#10543);
#10542 = CARTESIAN_POINT('',(0.,-0.2));
#10543 = VECTOR('',#10544,1.);
#10544 = DIRECTION('',(1.,0.));
#10545 = ( GEOMETRIC_REPRESENTATION_CONTEXT(2) 
PARAMETRIC_REPRESENTATION_CONTEXT() REPRESENTATION_CONTEXT('2D SPACE',''
  ) );
#10546 = PCURVE('',#9836,#10547);
#10547 = DEFINITIONAL_REPRESENTATION('',(#10548),#10552);
#10548 = LINE('',#10549,#10550);
#10549 = CARTESIAN_POINT('',(-2.330280079013,1.82287418709));
#10550 = VECTOR('',#10551,1.);
#10551 = DIRECTION('',(0.230854396136,-0.972988308144));
#10552 = ( GEOMETRIC_REPRESENTATION_CONTEXT(2) 
PARAMETRIC_REPRESENTATION_CONTEXT() REPRESENTATION_CONTEXT('2D SPACE',''
  ) );
#10553 = ORIENTED_EDGE('',*,*,#10412,.F.);
#10554 = ADVANCED_FACE('',(#10555),#2894,.F.);
#10555 = FACE_BOUND('',#10556,.F.);
#10556 = EDGE_LOOP('',(#10557,#10558,#10559,#10582));
#10557 = ORIENTED_EDGE('',*,*,#2879,.T.);
#10558 = ORIENTED_EDGE('',*,*,#10485,.T.);
#10559 = ORIENTED_EDGE('',*,*,#10560,.T.);
#10560 = EDGE_CURVE('',#10463,#10561,#10563,.T.);
#10561 = VERTEX_POINT('',#10562);
#10562 = CARTESIAN_POINT('',(64.19701,39.95,104.19254));
#10563 = SURFACE_CURVE('',#10564,(#10568,#10575),.PCURVE_S1.);
#10564 = LINE('',#10565,#10566);
#10565 = CARTESIAN_POINT('',(64.24721,39.95,104.34603));
#10566 = VECTOR('',#10567,1.);
#10567 = DIRECTION('',(-0.310853969343,0.,-0.950457684352));
#10568 = PCURVE('',#2894,#10569);
#10569 = DEFINITIONAL_REPRESENTATION('',(#10570),#10574);
#10570 = LINE('',#10571,#10572);
#10571 = CARTESIAN_POINT('',(0.,-0.2));
#10572 = VECTOR('',#10573,1.);
#10573 = DIRECTION('',(1.,0.));
#10574 = ( GEOMETRIC_REPRESENTATION_CONTEXT(2) 
PARAMETRIC_REPRESENTATION_CONTEXT() REPRESENTATION_CONTEXT('2D SPACE',''
  ) );
#10575 = PCURVE('',#9836,#10576);
#10576 = DEFINITIONAL_REPRESENTATION('',(#10577),#10581);
#10577 = LINE('',#10578,#10579);
#10578 = CARTESIAN_POINT('',(2.293049920987,-1.66603581291));
#10579 = VECTOR('',#10580,1.);
#10580 = DIRECTION('',(-0.310853969343,0.950457684352));
#10581 = ( GEOMETRIC_REPRESENTATION_CONTEXT(2) 
PARAMETRIC_REPRESENTATION_CONTEXT() REPRESENTATION_CONTEXT('2D SPACE',''
  ) );
#10582 = ORIENTED_EDGE('',*,*,#10583,.F.);
#10583 = EDGE_CURVE('',#2854,#10561,#10584,.T.);
#10584 = SURFACE_CURVE('',#10585,(#10589,#10596),.PCURVE_S1.);
#10585 = LINE('',#10586,#10587);
#10586 = CARTESIAN_POINT('',(64.19701,39.75,104.19254));
#10587 = VECTOR('',#10588,1.);
#10588 = DIRECTION('',(0.,1.,0.));
#10589 = PCURVE('',#2894,#10590);
#10590 = DEFINITIONAL_REPRESENTATION('',(#10591),#10595);
#10591 = LINE('',#10592,#10593);
#10592 = CARTESIAN_POINT('',(0.161490619232,0.));
#10593 = VECTOR('',#10594,1.);
#10594 = DIRECTION('',(0.,-1.));
#10595 = ( GEOMETRIC_REPRESENTATION_CONTEXT(2) 
PARAMETRIC_REPRESENTATION_CONTEXT() REPRESENTATION_CONTEXT('2D SPACE',''
  ) );
#10596 = PCURVE('',#2868,#10597);
#10597 = DEFINITIONAL_REPRESENTATION('',(#10598),#10602);
#10598 = LINE('',#10599,#10600);
#10599 = CARTESIAN_POINT('',(0.,0.));
#10600 = VECTOR('',#10601,1.);
#10601 = DIRECTION('',(0.,-1.));
#10602 = ( GEOMETRIC_REPRESENTATION_CONTEXT(2) 
PARAMETRIC_REPRESENTATION_CONTEXT() REPRESENTATION_CONTEXT('2D SPACE',''
  ) );
#10603 = ADVANCED_FACE('',(#10604),#2582,.F.);
#10604 = FACE_BOUND('',#10605,.F.);
#10605 = EDGE_LOOP('',(#10606,#10607,#10630,#10651));
#10606 = ORIENTED_EDGE('',*,*,#2567,.T.);
#10607 = ORIENTED_EDGE('',*,*,#10608,.T.);
#10608 = EDGE_CURVE('',#2568,#10609,#10611,.T.);
#10609 = VERTEX_POINT('',#10610);
#10610 = CARTESIAN_POINT('',(59.59982,39.95,100.6978));
#10611 = SURFACE_CURVE('',#10612,(#10616,#10623),.PCURVE_S1.);
#10612 = LINE('',#10613,#10614);
#10613 = CARTESIAN_POINT('',(59.59982,39.75,100.6978));
#10614 = VECTOR('',#10615,1.);
#10615 = DIRECTION('',(0.,1.,0.));
#10616 = PCURVE('',#2582,#10617);
#10617 = DEFINITIONAL_REPRESENTATION('',(#10618),#10622);
#10618 = LINE('',#10619,#10620);
#10619 = CARTESIAN_POINT('',(0.,0.));
#10620 = VECTOR('',#10621,1.);
#10621 = DIRECTION('',(0.,-1.));
#10622 = ( GEOMETRIC_REPRESENTATION_CONTEXT(2) 
PARAMETRIC_REPRESENTATION_CONTEXT() REPRESENTATION_CONTEXT('2D SPACE',''
  ) );
#10623 = PCURVE('',#2608,#10624);
#10624 = DEFINITIONAL_REPRESENTATION('',(#10625),#10629);
#10625 = LINE('',#10626,#10627);
#10626 = CARTESIAN_POINT('',(0.161329223949,0.));
#10627 = VECTOR('',#10628,1.);
#10628 = DIRECTION('',(0.,-1.));
#10629 = ( GEOMETRIC_REPRESENTATION_CONTEXT(2) 
PARAMETRIC_REPRESENTATION_CONTEXT() REPRESENTATION_CONTEXT('2D SPACE',''
  ) );
#10630 = ORIENTED_EDGE('',*,*,#10631,.T.);
#10631 = EDGE_CURVE('',#10609,#10511,#10632,.T.);
#10632 = SURFACE_CURVE('',#10633,(#10637,#10644),.PCURVE_S1.);
#10633 = LINE('',#10634,#10635);
#10634 = CARTESIAN_POINT('',(59.59982,39.95,100.6978));
#10635 = VECTOR('',#10636,1.);
#10636 = DIRECTION('',(0.149323676684,0.,0.988788369461));
#10637 = PCURVE('',#2582,#10638);
#10638 = DEFINITIONAL_REPRESENTATION('',(#10639),#10643);
#10639 = LINE('',#10640,#10641);
#10640 = CARTESIAN_POINT('',(0.,-0.2));
#10641 = VECTOR('',#10642,1.);
#10642 = DIRECTION('',(1.,0.));
#10643 = ( GEOMETRIC_REPRESENTATION_CONTEXT(2) 
PARAMETRIC_REPRESENTATION_CONTEXT() REPRESENTATION_CONTEXT('2D SPACE',''
  ) );
#10644 = PCURVE('',#9836,#10645);
#10645 = DEFINITIONAL_REPRESENTATION('',(#10646),#10650);
#10646 = LINE('',#10647,#10648);
#10647 = CARTESIAN_POINT('',(-2.354340079013,1.98219418709));
#10648 = VECTOR('',#10649,1.);
#10649 = DIRECTION('',(0.149323676684,-0.988788369461));
#10650 = ( GEOMETRIC_REPRESENTATION_CONTEXT(2) 
PARAMETRIC_REPRESENTATION_CONTEXT() REPRESENTATION_CONTEXT('2D SPACE',''
  ) );
#10651 = ORIENTED_EDGE('',*,*,#10510,.F.);
#10652 = ADVANCED_FACE('',(#10653),#2868,.F.);
#10653 = FACE_BOUND('',#10654,.F.);
#10654 = EDGE_LOOP('',(#10655,#10656,#10657,#10680));
#10655 = ORIENTED_EDGE('',*,*,#2853,.T.);
#10656 = ORIENTED_EDGE('',*,*,#10583,.T.);
#10657 = ORIENTED_EDGE('',*,*,#10658,.T.);
#10658 = EDGE_CURVE('',#10561,#10659,#10661,.T.);
#10659 = VERTEX_POINT('',#10660);
#10660 = CARTESIAN_POINT('',(64.13395,39.95,104.04325));
#10661 = SURFACE_CURVE('',#10662,(#10666,#10673),.PCURVE_S1.);
#10662 = LINE('',#10663,#10664);
#10663 = CARTESIAN_POINT('',(64.19701,39.95,104.19254));
#10664 = VECTOR('',#10665,1.);
#10665 = DIRECTION('',(-0.389110519337,0.,-0.921191078844));
#10666 = PCURVE('',#2868,#10667);
#10667 = DEFINITIONAL_REPRESENTATION('',(#10668),#10672);
#10668 = LINE('',#10669,#10670);
#10669 = CARTESIAN_POINT('',(0.,-0.2));
#10670 = VECTOR('',#10671,1.);
#10671 = DIRECTION('',(1.,0.));
#10672 = ( GEOMETRIC_REPRESENTATION_CONTEXT(2) 
PARAMETRIC_REPRESENTATION_CONTEXT() REPRESENTATION_CONTEXT('2D SPACE',''
  ) );
#10673 = PCURVE('',#9836,#10674);
#10674 = DEFINITIONAL_REPRESENTATION('',(#10675),#10679);
#10675 = LINE('',#10676,#10677);
#10676 = CARTESIAN_POINT('',(2.242849920987,-1.51254581291));
#10677 = VECTOR('',#10678,1.);
#10678 = DIRECTION('',(-0.389110519337,0.921191078844));
#10679 = ( GEOMETRIC_REPRESENTATION_CONTEXT(2) 
PARAMETRIC_REPRESENTATION_CONTEXT() REPRESENTATION_CONTEXT('2D SPACE',''
  ) );
#10680 = ORIENTED_EDGE('',*,*,#10681,.F.);
#10681 = EDGE_CURVE('',#2828,#10659,#10682,.T.);
#10682 = SURFACE_CURVE('',#10683,(#10687,#10694),.PCURVE_S1.);
#10683 = LINE('',#10684,#10685);
#10684 = CARTESIAN_POINT('',(64.13395,39.75,104.04325));
#10685 = VECTOR('',#10686,1.);
#10686 = DIRECTION('',(0.,1.,0.));
#10687 = PCURVE('',#2868,#10688);
#10688 = DEFINITIONAL_REPRESENTATION('',(#10689),#10693);
#10689 = LINE('',#10690,#10691);
#10690 = CARTESIAN_POINT('',(0.16206192551,0.));
#10691 = VECTOR('',#10692,1.);
#10692 = DIRECTION('',(0.,-1.));
#10693 = ( GEOMETRIC_REPRESENTATION_CONTEXT(2) 
PARAMETRIC_REPRESENTATION_CONTEXT() REPRESENTATION_CONTEXT('2D SPACE',''
  ) );
#10694 = PCURVE('',#2842,#10695);
#10695 = DEFINITIONAL_REPRESENTATION('',(#10696),#10700);
#10696 = LINE('',#10697,#10698);
#10697 = CARTESIAN_POINT('',(0.,0.));
#10698 = VECTOR('',#10699,1.);
#10699 = DIRECTION('',(0.,-1.));
#10700 = ( GEOMETRIC_REPRESENTATION_CONTEXT(2) 
PARAMETRIC_REPRESENTATION_CONTEXT() REPRESENTATION_CONTEXT('2D SPACE',''
  ) );
#10701 = ADVANCED_FACE('',(#10702),#2608,.F.);
#10702 = FACE_BOUND('',#10703,.F.);
#10703 = EDGE_LOOP('',(#10704,#10705,#10728,#10749));
#10704 = ORIENTED_EDGE('',*,*,#2593,.T.);
#10705 = ORIENTED_EDGE('',*,*,#10706,.T.);
#10706 = EDGE_CURVE('',#2594,#10707,#10709,.T.);
#10707 = VERTEX_POINT('',#10708);
#10708 = CARTESIAN_POINT('',(59.58906,39.95,100.53683));
#10709 = SURFACE_CURVE('',#10710,(#10714,#10721),.PCURVE_S1.);
#10710 = LINE('',#10711,#10712);
#10711 = CARTESIAN_POINT('',(59.58906,39.75,100.53683));
#10712 = VECTOR('',#10713,1.);
#10713 = DIRECTION('',(0.,1.,0.));
#10714 = PCURVE('',#2608,#10715);
#10715 = DEFINITIONAL_REPRESENTATION('',(#10716),#10720);
#10716 = LINE('',#10717,#10718);
#10717 = CARTESIAN_POINT('',(0.,0.));
#10718 = VECTOR('',#10719,1.);
#10719 = DIRECTION('',(0.,-1.));
#10720 = ( GEOMETRIC_REPRESENTATION_CONTEXT(2) 
PARAMETRIC_REPRESENTATION_CONTEXT() REPRESENTATION_CONTEXT('2D SPACE',''
  ) );
#10721 = PCURVE('',#2634,#10722);
#10722 = DEFINITIONAL_REPRESENTATION('',(#10723),#10727);
#10723 = LINE('',#10724,#10725);
#10724 = CARTESIAN_POINT('',(0.161792363849,0.));
#10725 = VECTOR('',#10726,1.);
#10726 = DIRECTION('',(0.,-1.));
#10727 = ( GEOMETRIC_REPRESENTATION_CONTEXT(2) 
PARAMETRIC_REPRESENTATION_CONTEXT() REPRESENTATION_CONTEXT('2D SPACE',''
  ) );
#10728 = ORIENTED_EDGE('',*,*,#10729,.T.);
#10729 = EDGE_CURVE('',#10707,#10609,#10730,.T.);
#10730 = SURFACE_CURVE('',#10731,(#10735,#10742),.PCURVE_S1.);
#10731 = LINE('',#10732,#10733);
#10732 = CARTESIAN_POINT('',(59.58906,39.95,100.53683));
#10733 = VECTOR('',#10734,1.);
#10734 = DIRECTION('',(6.669591371368E-02,0.,0.997773348559));
#10735 = PCURVE('',#2608,#10736);
#10736 = DEFINITIONAL_REPRESENTATION('',(#10737),#10741);
#10737 = LINE('',#10738,#10739);
#10738 = CARTESIAN_POINT('',(0.,-0.2));
#10739 = VECTOR('',#10740,1.);
#10740 = DIRECTION('',(1.,0.));
#10741 = ( GEOMETRIC_REPRESENTATION_CONTEXT(2) 
PARAMETRIC_REPRESENTATION_CONTEXT() REPRESENTATION_CONTEXT('2D SPACE',''
  ) );
#10742 = PCURVE('',#9836,#10743);
#10743 = DEFINITIONAL_REPRESENTATION('',(#10744),#10748);
#10744 = LINE('',#10745,#10746);
#10745 = CARTESIAN_POINT('',(-2.365100079013,2.14316418709));
#10746 = VECTOR('',#10747,1.);
#10747 = DIRECTION('',(6.669591371368E-02,-0.997773348559));
#10748 = ( GEOMETRIC_REPRESENTATION_CONTEXT(2) 
PARAMETRIC_REPRESENTATION_CONTEXT() REPRESENTATION_CONTEXT('2D SPACE',''
  ) );
#10749 = ORIENTED_EDGE('',*,*,#10608,.F.);
#10750 = ADVANCED_FACE('',(#10751),#2842,.F.);
#10751 = FACE_BOUND('',#10752,.F.);
#10752 = EDGE_LOOP('',(#10753,#10754,#10755,#10778));
#10753 = ORIENTED_EDGE('',*,*,#2827,.T.);
#10754 = ORIENTED_EDGE('',*,*,#10681,.T.);
#10755 = ORIENTED_EDGE('',*,*,#10756,.T.);
#10756 = EDGE_CURVE('',#10659,#10757,#10759,.T.);
#10757 = VERTEX_POINT('',#10758);
#10758 = CARTESIAN_POINT('',(64.05819,39.95,103.899));
#10759 = SURFACE_CURVE('',#10760,(#10764,#10771),.PCURVE_S1.);
#10760 = LINE('',#10761,#10762);
#10761 = CARTESIAN_POINT('',(64.13395,39.95,104.04325));
#10762 = VECTOR('',#10763,1.);
#10763 = DIRECTION('',(-0.464972218695,0.,-0.885325271209));
#10764 = PCURVE('',#2842,#10765);
#10765 = DEFINITIONAL_REPRESENTATION('',(#10766),#10770);
#10766 = LINE('',#10767,#10768);
#10767 = CARTESIAN_POINT('',(0.,-0.2));
#10768 = VECTOR('',#10769,1.);
#10769 = DIRECTION('',(1.,0.));
#10770 = ( GEOMETRIC_REPRESENTATION_CONTEXT(2) 
PARAMETRIC_REPRESENTATION_CONTEXT() REPRESENTATION_CONTEXT('2D SPACE',''
  ) );
#10771 = PCURVE('',#9836,#10772);
#10772 = DEFINITIONAL_REPRESENTATION('',(#10773),#10777);
#10773 = LINE('',#10774,#10775);
#10774 = CARTESIAN_POINT('',(2.179789920987,-1.36325581291));
#10775 = VECTOR('',#10776,1.);
#10776 = DIRECTION('',(-0.464972218695,0.885325271209));
#10777 = ( GEOMETRIC_REPRESENTATION_CONTEXT(2) 
PARAMETRIC_REPRESENTATION_CONTEXT() REPRESENTATION_CONTEXT('2D SPACE',''
  ) );
#10778 = ORIENTED_EDGE('',*,*,#10779,.F.);
#10779 = EDGE_CURVE('',#2802,#10757,#10780,.T.);
#10780 = SURFACE_CURVE('',#10781,(#10785,#10792),.PCURVE_S1.);
#10781 = LINE('',#10782,#10783);
#10782 = CARTESIAN_POINT('',(64.05819,39.75,103.899));
#10783 = VECTOR('',#10784,1.);
#10784 = DIRECTION('',(0.,1.,0.));
#10785 = PCURVE('',#2842,#10786);
#10786 = DEFINITIONAL_REPRESENTATION('',(#10787),#10791);
#10787 = LINE('',#10788,#10789);
#10788 = CARTESIAN_POINT('',(0.16293446566,0.));
#10789 = VECTOR('',#10790,1.);
#10790 = DIRECTION('',(0.,-1.));
#10791 = ( GEOMETRIC_REPRESENTATION_CONTEXT(2) 
PARAMETRIC_REPRESENTATION_CONTEXT() REPRESENTATION_CONTEXT('2D SPACE',''
  ) );
#10792 = PCURVE('',#2816,#10793);
#10793 = DEFINITIONAL_REPRESENTATION('',(#10794),#10798);
#10794 = LINE('',#10795,#10796);
#10795 = CARTESIAN_POINT('',(0.,0.));
#10796 = VECTOR('',#10797,1.);
#10797 = DIRECTION('',(0.,-1.));
#10798 = ( GEOMETRIC_REPRESENTATION_CONTEXT(2) 
PARAMETRIC_REPRESENTATION_CONTEXT() REPRESENTATION_CONTEXT('2D SPACE',''
  ) );
#10799 = ADVANCED_FACE('',(#10800),#2634,.F.);
#10800 = FACE_BOUND('',#10801,.F.);
#10801 = EDGE_LOOP('',(#10802,#10803,#10826,#10847));
#10802 = ORIENTED_EDGE('',*,*,#2619,.T.);
#10803 = ORIENTED_EDGE('',*,*,#10804,.T.);
#10804 = EDGE_CURVE('',#2620,#10805,#10807,.T.);
#10805 = VERTEX_POINT('',#10806);
#10806 = CARTESIAN_POINT('',(59.59175,39.95,100.37506));
#10807 = SURFACE_CURVE('',#10808,(#10812,#10819),.PCURVE_S1.);
#10808 = LINE('',#10809,#10810);
#10809 = CARTESIAN_POINT('',(59.59175,39.75,100.37506));
#10810 = VECTOR('',#10811,1.);
#10811 = DIRECTION('',(0.,1.,0.));
#10812 = PCURVE('',#2634,#10813);
#10813 = DEFINITIONAL_REPRESENTATION('',(#10814),#10818);
#10814 = LINE('',#10815,#10816);
#10815 = CARTESIAN_POINT('',(0.,0.));
#10816 = VECTOR('',#10817,1.);
#10817 = DIRECTION('',(0.,-1.));
#10818 = ( GEOMETRIC_REPRESENTATION_CONTEXT(2) 
PARAMETRIC_REPRESENTATION_CONTEXT() REPRESENTATION_CONTEXT('2D SPACE',''
  ) );
#10819 = PCURVE('',#2660,#10820);
#10820 = DEFINITIONAL_REPRESENTATION('',(#10821),#10825);
#10821 = LINE('',#10822,#10823);
#10822 = CARTESIAN_POINT('',(0.162528422745,0.));
#10823 = VECTOR('',#10824,1.);
#10824 = DIRECTION('',(0.,-1.));
#10825 = ( GEOMETRIC_REPRESENTATION_CONTEXT(2) 
PARAMETRIC_REPRESENTATION_CONTEXT() REPRESENTATION_CONTEXT('2D SPACE',''
  ) );
#10826 = ORIENTED_EDGE('',*,*,#10827,.T.);
#10827 = EDGE_CURVE('',#10805,#10707,#10828,.T.);
#10828 = SURFACE_CURVE('',#10829,(#10833,#10840),.PCURVE_S1.);
#10829 = LINE('',#10830,#10831);
#10830 = CARTESIAN_POINT('',(59.59175,39.95,100.37506));
#10831 = VECTOR('',#10832,1.);
#10832 = DIRECTION('',(-1.662624821096E-02,0.,0.999861774382));
#10833 = PCURVE('',#2634,#10834);
#10834 = DEFINITIONAL_REPRESENTATION('',(#10835),#10839);
#10835 = LINE('',#10836,#10837);
#10836 = CARTESIAN_POINT('',(0.,-0.2));
#10837 = VECTOR('',#10838,1.);
#10838 = DIRECTION('',(1.,0.));
#10839 = ( GEOMETRIC_REPRESENTATION_CONTEXT(2) 
PARAMETRIC_REPRESENTATION_CONTEXT() REPRESENTATION_CONTEXT('2D SPACE',''
  ) );
#10840 = PCURVE('',#9836,#10841);
#10841 = DEFINITIONAL_REPRESENTATION('',(#10842),#10846);
#10842 = LINE('',#10843,#10844);
#10843 = CARTESIAN_POINT('',(-2.362410079013,2.30493418709));
#10844 = VECTOR('',#10845,1.);
#10845 = DIRECTION('',(-1.662624821096E-02,-0.999861774382));
#10846 = ( GEOMETRIC_REPRESENTATION_CONTEXT(2) 
PARAMETRIC_REPRESENTATION_CONTEXT() REPRESENTATION_CONTEXT('2D SPACE',''
  ) );
#10847 = ORIENTED_EDGE('',*,*,#10706,.F.);
#10848 = ADVANCED_FACE('',(#10849),#2816,.F.);
#10849 = FACE_BOUND('',#10850,.F.);
#10850 = EDGE_LOOP('',(#10851,#10852,#10853,#10876));
#10851 = ORIENTED_EDGE('',*,*,#2801,.T.);
#10852 = ORIENTED_EDGE('',*,*,#10779,.T.);
#10853 = ORIENTED_EDGE('',*,*,#10854,.T.);
#10854 = EDGE_CURVE('',#10757,#10855,#10857,.T.);
#10855 = VERTEX_POINT('',#10856);
#10856 = CARTESIAN_POINT('',(63.96987,39.95,103.76064));
#10857 = SURFACE_CURVE('',#10858,(#10862,#10869),.PCURVE_S1.);
#10858 = LINE('',#10859,#10860);
#10859 = CARTESIAN_POINT('',(64.05819,39.95,103.899));
#10860 = VECTOR('',#10861,1.);
#10861 = DIRECTION('',(-0.538057556084,0.,-0.842908100768));
#10862 = PCURVE('',#2816,#10863);
#10863 = DEFINITIONAL_REPRESENTATION('',(#10864),#10868);
#10864 = LINE('',#10865,#10866);
#10865 = CARTESIAN_POINT('',(0.,-0.2));
#10866 = VECTOR('',#10867,1.);
#10867 = DIRECTION('',(1.,0.));
#10868 = ( GEOMETRIC_REPRESENTATION_CONTEXT(2) 
PARAMETRIC_REPRESENTATION_CONTEXT() REPRESENTATION_CONTEXT('2D SPACE',''
  ) );
#10869 = PCURVE('',#9836,#10870);
#10870 = DEFINITIONAL_REPRESENTATION('',(#10871),#10875);
#10871 = LINE('',#10872,#10873);
#10872 = CARTESIAN_POINT('',(2.104029920987,-1.21900581291));
#10873 = VECTOR('',#10874,1.);
#10874 = DIRECTION('',(-0.538057556084,0.842908100768));
#10875 = ( GEOMETRIC_REPRESENTATION_CONTEXT(2) 
PARAMETRIC_REPRESENTATION_CONTEXT() REPRESENTATION_CONTEXT('2D SPACE',''
  ) );
#10876 = ORIENTED_EDGE('',*,*,#10877,.F.);
#10877 = EDGE_CURVE('',#2776,#10855,#10878,.T.);
#10878 = SURFACE_CURVE('',#10879,(#10883,#10890),.PCURVE_S1.);
#10879 = LINE('',#10880,#10881);
#10880 = CARTESIAN_POINT('',(63.96987,39.75,103.76064));
#10881 = VECTOR('',#10882,1.);
#10882 = DIRECTION('',(0.,1.,0.));
#10883 = PCURVE('',#2816,#10884);
#10884 = DEFINITIONAL_REPRESENTATION('',(#10885),#10889);
#10885 = LINE('',#10886,#10887);
#10886 = CARTESIAN_POINT('',(0.164146008176,0.));
#10887 = VECTOR('',#10888,1.);
#10888 = DIRECTION('',(0.,-1.));
#10889 = ( GEOMETRIC_REPRESENTATION_CONTEXT(2) 
PARAMETRIC_REPRESENTATION_CONTEXT() REPRESENTATION_CONTEXT('2D SPACE',''
  ) );
#10890 = PCURVE('',#2790,#10891);
#10891 = DEFINITIONAL_REPRESENTATION('',(#10892),#10896);
#10892 = LINE('',#10893,#10894);
#10893 = CARTESIAN_POINT('',(0.,0.));
#10894 = VECTOR('',#10895,1.);
#10895 = DIRECTION('',(0.,-1.));
#10896 = ( GEOMETRIC_REPRESENTATION_CONTEXT(2) 
PARAMETRIC_REPRESENTATION_CONTEXT() REPRESENTATION_CONTEXT('2D SPACE',''
  ) );
#10897 = ADVANCED_FACE('',(#10898),#2660,.F.);
#10898 = FACE_BOUND('',#10899,.F.);
#10899 = EDGE_LOOP('',(#10900,#10901,#10924,#10945));
#10900 = ORIENTED_EDGE('',*,*,#2645,.T.);
#10901 = ORIENTED_EDGE('',*,*,#10902,.T.);
#10902 = EDGE_CURVE('',#2646,#10903,#10905,.T.);
#10903 = VERTEX_POINT('',#10904);
#10904 = CARTESIAN_POINT('',(59.60804,39.95,100.21335));
#10905 = SURFACE_CURVE('',#10906,(#10910,#10917),.PCURVE_S1.);
#10906 = LINE('',#10907,#10908);
#10907 = CARTESIAN_POINT('',(59.60804,39.75,100.21335));
#10908 = VECTOR('',#10909,1.);
#10909 = DIRECTION('',(0.,1.,0.));
#10910 = PCURVE('',#2660,#10911);
#10911 = DEFINITIONAL_REPRESENTATION('',(#10912),#10916);
#10912 = LINE('',#10913,#10914);
#10913 = CARTESIAN_POINT('',(0.,0.));
#10914 = VECTOR('',#10915,1.);
#10915 = DIRECTION('',(0.,-1.));
#10916 = ( GEOMETRIC_REPRESENTATION_CONTEXT(2) 
PARAMETRIC_REPRESENTATION_CONTEXT() REPRESENTATION_CONTEXT('2D SPACE',''
  ) );
#10917 = PCURVE('',#2686,#10918);
#10918 = DEFINITIONAL_REPRESENTATION('',(#10919),#10923);
#10919 = LINE('',#10920,#10921);
#10920 = CARTESIAN_POINT('',(0.163570244849,0.));
#10921 = VECTOR('',#10922,1.);
#10922 = DIRECTION('',(0.,-1.));
#10923 = ( GEOMETRIC_REPRESENTATION_CONTEXT(2) 
PARAMETRIC_REPRESENTATION_CONTEXT() REPRESENTATION_CONTEXT('2D SPACE',''
  ) );
#10924 = ORIENTED_EDGE('',*,*,#10925,.T.);
#10925 = EDGE_CURVE('',#10903,#10805,#10926,.T.);
#10926 = SURFACE_CURVE('',#10927,(#10931,#10938),.PCURVE_S1.);
#10927 = LINE('',#10928,#10929);
#10928 = CARTESIAN_POINT('',(59.60804,39.95,100.21335));
#10929 = VECTOR('',#10930,1.);
#10930 = DIRECTION('',(-0.100228622938,0.,0.994964433105));
#10931 = PCURVE('',#2660,#10932);
#10932 = DEFINITIONAL_REPRESENTATION('',(#10933),#10937);
#10933 = LINE('',#10934,#10935);
#10934 = CARTESIAN_POINT('',(0.,-0.2));
#10935 = VECTOR('',#10936,1.);
#10936 = DIRECTION('',(1.,0.));
#10937 = ( GEOMETRIC_REPRESENTATION_CONTEXT(2) 
PARAMETRIC_REPRESENTATION_CONTEXT() REPRESENTATION_CONTEXT('2D SPACE',''
  ) );
#10938 = PCURVE('',#9836,#10939);
#10939 = DEFINITIONAL_REPRESENTATION('',(#10940),#10944);
#10940 = LINE('',#10941,#10942);
#10941 = CARTESIAN_POINT('',(-2.346120079013,2.46664418709));
#10942 = VECTOR('',#10943,1.);
#10943 = DIRECTION('',(-0.100228622938,-0.994964433105));
#10944 = ( GEOMETRIC_REPRESENTATION_CONTEXT(2) 
PARAMETRIC_REPRESENTATION_CONTEXT() REPRESENTATION_CONTEXT('2D SPACE',''
  ) );
#10945 = ORIENTED_EDGE('',*,*,#10804,.F.);
#10946 = ADVANCED_FACE('',(#10947),#2790,.F.);
#10947 = FACE_BOUND('',#10948,.F.);
#10948 = EDGE_LOOP('',(#10949,#10950,#10951,#10974));
#10949 = ORIENTED_EDGE('',*,*,#2775,.T.);
#10950 = ORIENTED_EDGE('',*,*,#10877,.T.);
#10951 = ORIENTED_EDGE('',*,*,#10952,.T.);
#10952 = EDGE_CURVE('',#10855,#10953,#10955,.T.);
#10953 = VERTEX_POINT('',#10954);
#10954 = CARTESIAN_POINT('',(60.19841,39.95,98.84595));
#10955 = SURFACE_CURVE('',#10956,(#10960,#10967),.PCURVE_S1.);
#10956 = LINE('',#10957,#10958);
#10957 = CARTESIAN_POINT('',(63.96987,39.95,103.76064));
#10958 = VECTOR('',#10959,1.);
#10959 = DIRECTION('',(-0.608790458169,0.,-0.79333106459));
#10960 = PCURVE('',#2790,#10961);
#10961 = DEFINITIONAL_REPRESENTATION('',(#10962),#10966);
#10962 = LINE('',#10963,#10964);
#10963 = CARTESIAN_POINT('',(0.,-0.2));
#10964 = VECTOR('',#10965,1.);
#10965 = DIRECTION('',(1.,0.));
#10966 = ( GEOMETRIC_REPRESENTATION_CONTEXT(2) 
PARAMETRIC_REPRESENTATION_CONTEXT() REPRESENTATION_CONTEXT('2D SPACE',''
  ) );
#10967 = PCURVE('',#9836,#10968);
#10968 = DEFINITIONAL_REPRESENTATION('',(#10969),#10973);
#10969 = LINE('',#10970,#10971);
#10970 = CARTESIAN_POINT('',(2.015709920987,-1.08064581291));
#10971 = VECTOR('',#10972,1.);
#10972 = DIRECTION('',(-0.608790458169,0.79333106459));
#10973 = ( GEOMETRIC_REPRESENTATION_CONTEXT(2) 
PARAMETRIC_REPRESENTATION_CONTEXT() REPRESENTATION_CONTEXT('2D SPACE',''
  ) );
#10974 = ORIENTED_EDGE('',*,*,#10975,.F.);
#10975 = EDGE_CURVE('',#2750,#10953,#10976,.T.);
#10976 = SURFACE_CURVE('',#10977,(#10981,#10988),.PCURVE_S1.);
#10977 = LINE('',#10978,#10979);
#10978 = CARTESIAN_POINT('',(60.19841,39.75,98.84595));
#10979 = VECTOR('',#10980,1.);
#10980 = DIRECTION('',(0.,1.,0.));
#10981 = PCURVE('',#2790,#10982);
#10982 = DEFINITIONAL_REPRESENTATION('',(#10983),#10987);
#10983 = LINE('',#10984,#10985);
#10984 = CARTESIAN_POINT('',(6.195005111192,0.));
#10985 = VECTOR('',#10986,1.);
#10986 = DIRECTION('',(0.,-1.));
#10987 = ( GEOMETRIC_REPRESENTATION_CONTEXT(2) 
PARAMETRIC_REPRESENTATION_CONTEXT() REPRESENTATION_CONTEXT('2D SPACE',''
  ) );
#10988 = PCURVE('',#2764,#10989);
#10989 = DEFINITIONAL_REPRESENTATION('',(#10990),#10994);
#10990 = LINE('',#10991,#10992);
#10991 = CARTESIAN_POINT('',(0.,0.));
#10992 = VECTOR('',#10993,1.);
#10993 = DIRECTION('',(0.,-1.));
#10994 = ( GEOMETRIC_REPRESENTATION_CONTEXT(2) 
PARAMETRIC_REPRESENTATION_CONTEXT() REPRESENTATION_CONTEXT('2D SPACE',''
  ) );
#10995 = ADVANCED_FACE('',(#10996),#2686,.F.);
#10996 = FACE_BOUND('',#10997,.F.);
#10997 = EDGE_LOOP('',(#10998,#10999,#11022,#11043));
#10998 = ORIENTED_EDGE('',*,*,#2671,.T.);
#10999 = ORIENTED_EDGE('',*,*,#11000,.T.);
#11000 = EDGE_CURVE('',#2672,#11001,#11003,.T.);
#11001 = VERTEX_POINT('',#11002);
#11002 = CARTESIAN_POINT('',(59.63807,39.95,100.05256));
#11003 = SURFACE_CURVE('',#11004,(#11008,#11015),.PCURVE_S1.);
#11004 = LINE('',#11005,#11006);
#11005 = CARTESIAN_POINT('',(59.63807,39.75,100.05256));
#11006 = VECTOR('',#11007,1.);
#11007 = DIRECTION('',(0.,1.,0.));
#11008 = PCURVE('',#2686,#11009);
#11009 = DEFINITIONAL_REPRESENTATION('',(#11010),#11014);
#11010 = LINE('',#11011,#11012);
#11011 = CARTESIAN_POINT('',(0.,0.));
#11012 = VECTOR('',#11013,1.);
#11013 = DIRECTION('',(0.,-1.));
#11014 = ( GEOMETRIC_REPRESENTATION_CONTEXT(2) 
PARAMETRIC_REPRESENTATION_CONTEXT() REPRESENTATION_CONTEXT('2D SPACE',''
  ) );
#11015 = PCURVE('',#2712,#11016);
#11016 = DEFINITIONAL_REPRESENTATION('',(#11017),#11021);
#11017 = LINE('',#11018,#11019);
#11018 = CARTESIAN_POINT('',(0.163371836618,0.));
#11019 = VECTOR('',#11020,1.);
#11020 = DIRECTION('',(0.,-1.));
#11021 = ( GEOMETRIC_REPRESENTATION_CONTEXT(2) 
PARAMETRIC_REPRESENTATION_CONTEXT() REPRESENTATION_CONTEXT('2D SPACE',''
  ) );
#11022 = ORIENTED_EDGE('',*,*,#11023,.T.);
#11023 = EDGE_CURVE('',#11001,#10903,#11024,.T.);
#11024 = SURFACE_CURVE('',#11025,(#11029,#11036),.PCURVE_S1.);
#11025 = LINE('',#11026,#11027);
#11026 = CARTESIAN_POINT('',(59.63807,39.95,100.05256));
#11027 = VECTOR('',#11028,1.);
#11028 = DIRECTION('',(-0.183590848248,0.,0.983002746914));
#11029 = PCURVE('',#2686,#11030);
#11030 = DEFINITIONAL_REPRESENTATION('',(#11031),#11035);
#11031 = LINE('',#11032,#11033);
#11032 = CARTESIAN_POINT('',(0.,-0.2));
#11033 = VECTOR('',#11034,1.);
#11034 = DIRECTION('',(1.,0.));
#11035 = ( GEOMETRIC_REPRESENTATION_CONTEXT(2) 
PARAMETRIC_REPRESENTATION_CONTEXT() REPRESENTATION_CONTEXT('2D SPACE',''
  ) );
#11036 = PCURVE('',#9836,#11037);
#11037 = DEFINITIONAL_REPRESENTATION('',(#11038),#11042);
#11038 = LINE('',#11039,#11040);
#11039 = CARTESIAN_POINT('',(-2.316090079013,2.62743418709));
#11040 = VECTOR('',#11041,1.);
#11041 = DIRECTION('',(-0.183590848248,-0.983002746914));
#11042 = ( GEOMETRIC_REPRESENTATION_CONTEXT(2) 
PARAMETRIC_REPRESENTATION_CONTEXT() REPRESENTATION_CONTEXT('2D SPACE',''
  ) );
#11043 = ORIENTED_EDGE('',*,*,#10902,.F.);
#11044 = ADVANCED_FACE('',(#11045),#2764,.F.);
#11045 = FACE_BOUND('',#11046,.F.);
#11046 = EDGE_LOOP('',(#11047,#11048,#11049,#11072));
#11047 = ORIENTED_EDGE('',*,*,#2749,.T.);
#11048 = ORIENTED_EDGE('',*,*,#10975,.T.);
#11049 = ORIENTED_EDGE('',*,*,#11050,.T.);
#11050 = EDGE_CURVE('',#10953,#11051,#11053,.T.);
#11051 = VERTEX_POINT('',#11052);
#11052 = CARTESIAN_POINT('',(60.06048,39.95,98.81227));
#11053 = SURFACE_CURVE('',#11054,(#11058,#11065),.PCURVE_S1.);
#11054 = LINE('',#11055,#11056);
#11055 = CARTESIAN_POINT('',(60.19841,39.95,98.84595));
#11056 = VECTOR('',#11057,1.);
#11057 = DIRECTION('',(-0.97145782251,0.,-0.237212350193));
#11058 = PCURVE('',#2764,#11059);
#11059 = DEFINITIONAL_REPRESENTATION('',(#11060),#11064);
#11060 = LINE('',#11061,#11062);
#11061 = CARTESIAN_POINT('',(0.,-0.2));
#11062 = VECTOR('',#11063,1.);
#11063 = DIRECTION('',(1.,0.));
#11064 = ( GEOMETRIC_REPRESENTATION_CONTEXT(2) 
PARAMETRIC_REPRESENTATION_CONTEXT() REPRESENTATION_CONTEXT('2D SPACE',''
  ) );
#11065 = PCURVE('',#9836,#11066);
#11066 = DEFINITIONAL_REPRESENTATION('',(#11067),#11071);
#11067 = LINE('',#11068,#11069);
#11068 = CARTESIAN_POINT('',(-1.755750079013,3.83404418709));
#11069 = VECTOR('',#11070,1.);
#11070 = DIRECTION('',(-0.97145782251,0.237212350193));
#11071 = ( GEOMETRIC_REPRESENTATION_CONTEXT(2) 
PARAMETRIC_REPRESENTATION_CONTEXT() REPRESENTATION_CONTEXT('2D SPACE',''
  ) );
#11072 = ORIENTED_EDGE('',*,*,#11073,.F.);
#11073 = EDGE_CURVE('',#2724,#11051,#11074,.T.);
#11074 = SURFACE_CURVE('',#11075,(#11079,#11086),.PCURVE_S1.);
#11075 = LINE('',#11076,#11077);
#11076 = CARTESIAN_POINT('',(60.06048,39.75,98.81227));
#11077 = VECTOR('',#11078,1.);
#11078 = DIRECTION('',(0.,1.,0.));
#11079 = PCURVE('',#2764,#11080);
#11080 = DEFINITIONAL_REPRESENTATION('',(#11081),#11085);
#11081 = LINE('',#11082,#11083);
#11082 = CARTESIAN_POINT('',(0.141982489413,0.));
#11083 = VECTOR('',#11084,1.);
#11084 = DIRECTION('',(0.,-1.));
#11085 = ( GEOMETRIC_REPRESENTATION_CONTEXT(2) 
PARAMETRIC_REPRESENTATION_CONTEXT() REPRESENTATION_CONTEXT('2D SPACE',''
  ) );
#11086 = PCURVE('',#2738,#11087);
#11087 = DEFINITIONAL_REPRESENTATION('',(#11088),#11092);
#11088 = LINE('',#11089,#11090);
#11089 = CARTESIAN_POINT('',(0.,0.));
#11090 = VECTOR('',#11091,1.);
#11091 = DIRECTION('',(0.,-1.));
#11092 = ( GEOMETRIC_REPRESENTATION_CONTEXT(2) 
PARAMETRIC_REPRESENTATION_CONTEXT() REPRESENTATION_CONTEXT('2D SPACE',''
  ) );
#11093 = ADVANCED_FACE('',(#11094),#2712,.F.);
#11094 = FACE_BOUND('',#11095,.F.);
#11095 = EDGE_LOOP('',(#11096,#11097,#11120,#11141));
#11096 = ORIENTED_EDGE('',*,*,#2697,.T.);
#11097 = ORIENTED_EDGE('',*,*,#11098,.T.);
#11098 = EDGE_CURVE('',#2698,#11099,#11101,.T.);
#11099 = VERTEX_POINT('',#11100);
#11100 = CARTESIAN_POINT('',(59.68144,39.95,99.89505));
#11101 = SURFACE_CURVE('',#11102,(#11106,#11113),.PCURVE_S1.);
#11102 = LINE('',#11103,#11104);
#11103 = CARTESIAN_POINT('',(59.68144,39.75,99.89505));
#11104 = VECTOR('',#11105,1.);
#11105 = DIRECTION('',(0.,1.,0.));
#11106 = PCURVE('',#2712,#11107);
#11107 = DEFINITIONAL_REPRESENTATION('',(#11108),#11112);
#11108 = LINE('',#11109,#11110);
#11109 = CARTESIAN_POINT('',(0.,0.));
#11110 = VECTOR('',#11111,1.);
#11111 = DIRECTION('',(0.,-1.));
#11112 = ( GEOMETRIC_REPRESENTATION_CONTEXT(2) 
PARAMETRIC_REPRESENTATION_CONTEXT() REPRESENTATION_CONTEXT('2D SPACE',''
  ) );
#11113 = PCURVE('',#2738,#11114);
#11114 = DEFINITIONAL_REPRESENTATION('',(#11115),#11119);
#11115 = LINE('',#11116,#11117);
#11116 = CARTESIAN_POINT('',(1.147206977838,0.));
#11117 = VECTOR('',#11118,1.);
#11118 = DIRECTION('',(0.,-1.));
#11119 = ( GEOMETRIC_REPRESENTATION_CONTEXT(2) 
PARAMETRIC_REPRESENTATION_CONTEXT() REPRESENTATION_CONTEXT('2D SPACE',''
  ) );
#11120 = ORIENTED_EDGE('',*,*,#11121,.T.);
#11121 = EDGE_CURVE('',#11099,#11001,#11122,.T.);
#11122 = SURFACE_CURVE('',#11123,(#11127,#11134),.PCURVE_S1.);
#11123 = LINE('',#11124,#11125);
#11124 = CARTESIAN_POINT('',(59.68144,39.95,99.89505));
#11125 = VECTOR('',#11126,1.);
#11126 = DIRECTION('',(-0.265468032298,0.,0.964119662608));
#11127 = PCURVE('',#2712,#11128);
#11128 = DEFINITIONAL_REPRESENTATION('',(#11129),#11133);
#11129 = LINE('',#11130,#11131);
#11130 = CARTESIAN_POINT('',(0.,-0.2));
#11131 = VECTOR('',#11132,1.);
#11132 = DIRECTION('',(1.,0.));
#11133 = ( GEOMETRIC_REPRESENTATION_CONTEXT(2) 
PARAMETRIC_REPRESENTATION_CONTEXT() REPRESENTATION_CONTEXT('2D SPACE',''
  ) );
#11134 = PCURVE('',#9836,#11135);
#11135 = DEFINITIONAL_REPRESENTATION('',(#11136),#11140);
#11136 = LINE('',#11137,#11138);
#11137 = CARTESIAN_POINT('',(-2.272720079013,2.78494418709));
#11138 = VECTOR('',#11139,1.);
#11139 = DIRECTION('',(-0.265468032298,-0.964119662608));
#11140 = ( GEOMETRIC_REPRESENTATION_CONTEXT(2) 
PARAMETRIC_REPRESENTATION_CONTEXT() REPRESENTATION_CONTEXT('2D SPACE',''
  ) );
#11141 = ORIENTED_EDGE('',*,*,#11000,.F.);
#11142 = ADVANCED_FACE('',(#11143),#2738,.F.);
#11143 = FACE_BOUND('',#11144,.F.);
#11144 = EDGE_LOOP('',(#11145,#11146,#11147,#11168));
#11145 = ORIENTED_EDGE('',*,*,#2723,.T.);
#11146 = ORIENTED_EDGE('',*,*,#11073,.T.);
#11147 = ORIENTED_EDGE('',*,*,#11148,.T.);
#11148 = EDGE_CURVE('',#11051,#11099,#11149,.T.);
#11149 = SURFACE_CURVE('',#11150,(#11154,#11161),.PCURVE_S1.);
#11150 = LINE('',#11151,#11152);
#11151 = CARTESIAN_POINT('',(60.06048,39.95,98.81227));
#11152 = VECTOR('',#11153,1.);
#11153 = DIRECTION('',(-0.330402453369,0.,0.943840144732));
#11154 = PCURVE('',#2738,#11155);
#11155 = DEFINITIONAL_REPRESENTATION('',(#11156),#11160);
#11156 = LINE('',#11157,#11158);
#11157 = CARTESIAN_POINT('',(0.,-0.2));
#11158 = VECTOR('',#11159,1.);
#11159 = DIRECTION('',(1.,0.));
#11160 = ( GEOMETRIC_REPRESENTATION_CONTEXT(2) 
PARAMETRIC_REPRESENTATION_CONTEXT() REPRESENTATION_CONTEXT('2D SPACE',''
  ) );
#11161 = PCURVE('',#9836,#11162);
#11162 = DEFINITIONAL_REPRESENTATION('',(#11163),#11167);
#11163 = LINE('',#11164,#11165);
#11164 = CARTESIAN_POINT('',(-1.893680079013,3.86772418709));
#11165 = VECTOR('',#11166,1.);
#11166 = DIRECTION('',(-0.330402453369,-0.943840144732));
#11167 = ( GEOMETRIC_REPRESENTATION_CONTEXT(2) 
PARAMETRIC_REPRESENTATION_CONTEXT() REPRESENTATION_CONTEXT('2D SPACE',''
  ) );
#11168 = ORIENTED_EDGE('',*,*,#11098,.F.);
#11169 = ADVANCED_FACE('',(#11170),#3104,.F.);
#11170 = FACE_BOUND('',#11171,.F.);
#11171 = EDGE_LOOP('',(#11172,#11173,#11196,#11224));
#11172 = ORIENTED_EDGE('',*,*,#3087,.T.);
#11173 = ORIENTED_EDGE('',*,*,#11174,.T.);
#11174 = EDGE_CURVE('',#3090,#11175,#11177,.T.);
#11175 = VERTEX_POINT('',#11176);
#11176 = CARTESIAN_POINT('',(60.786780124078,39.95,108.89083479643));
#11177 = SURFACE_CURVE('',#11178,(#11182,#11189),.PCURVE_S1.);
#11178 = LINE('',#11179,#11180);
#11179 = CARTESIAN_POINT('',(60.786780124078,39.75,108.89083479643));
#11180 = VECTOR('',#11181,1.);
#11181 = DIRECTION('',(0.,1.,0.));
#11182 = PCURVE('',#3104,#11183);
#11183 = DEFINITIONAL_REPRESENTATION('',(#11184),#11188);
#11184 = LINE('',#11185,#11186);
#11185 = CARTESIAN_POINT('',(0.,0.));
#11186 = VECTOR('',#11187,1.);
#11187 = DIRECTION('',(0.,-1.));
#11188 = ( GEOMETRIC_REPRESENTATION_CONTEXT(2) 
PARAMETRIC_REPRESENTATION_CONTEXT() REPRESENTATION_CONTEXT('2D SPACE',''
  ) );
#11189 = PCURVE('',#3130,#11190);
#11190 = DEFINITIONAL_REPRESENTATION('',(#11191),#11195);
#11191 = LINE('',#11192,#11193);
#11192 = CARTESIAN_POINT('',(0.131625215746,0.));
#11193 = VECTOR('',#11194,1.);
#11194 = DIRECTION('',(0.,-1.));
#11195 = ( GEOMETRIC_REPRESENTATION_CONTEXT(2) 
PARAMETRIC_REPRESENTATION_CONTEXT() REPRESENTATION_CONTEXT('2D SPACE',''
  ) );
#11196 = ORIENTED_EDGE('',*,*,#11197,.T.);
#11197 = EDGE_CURVE('',#11175,#11198,#11200,.T.);
#11198 = VERTEX_POINT('',#11199);
#11199 = CARTESIAN_POINT('',(60.69456088372,39.95,108.93471943603));
#11200 = SURFACE_CURVE('',#11201,(#11205,#11212),.PCURVE_S1.);
#11201 = LINE('',#11202,#11203);
#11202 = CARTESIAN_POINT('',(60.786780124078,39.95,108.89083479643));
#11203 = VECTOR('',#11204,1.);
#11204 = DIRECTION('',(-0.902971792525,0.,0.429699827675));
#11205 = PCURVE('',#3104,#11206);
#11206 = DEFINITIONAL_REPRESENTATION('',(#11207),#11211);
#11207 = LINE('',#11208,#11209);
#11208 = CARTESIAN_POINT('',(0.,-0.2));
#11209 = VECTOR('',#11210,1.);
#11210 = DIRECTION('',(1.,0.));
#11211 = ( GEOMETRIC_REPRESENTATION_CONTEXT(2) 
PARAMETRIC_REPRESENTATION_CONTEXT() REPRESENTATION_CONTEXT('2D SPACE',''
  ) );
#11212 = PCURVE('',#11213,#11218);
#11213 = PLANE('',#11214);
#11214 = AXIS2_PLACEMENT_3D('',#11215,#11216,#11217);
#11215 = CARTESIAN_POINT('',(60.557125784914,39.95,108.41537918803));
#11216 = DIRECTION('',(0.,1.,0.));
#11217 = DIRECTION('',(-1.,0.,6.123233995737E-17));
#11218 = DEFINITIONAL_REPRESENTATION('',(#11219),#11223);
#11219 = LINE('',#11220,#11221);
#11220 = CARTESIAN_POINT('',(-0.229654339164,0.475455608396));
#11221 = VECTOR('',#11222,1.);
#11222 = DIRECTION('',(0.902971792525,0.429699827675));
#11223 = ( GEOMETRIC_REPRESENTATION_CONTEXT(2) 
PARAMETRIC_REPRESENTATION_CONTEXT() REPRESENTATION_CONTEXT('2D SPACE',''
  ) );
#11224 = ORIENTED_EDGE('',*,*,#11225,.F.);
#11225 = EDGE_CURVE('',#3088,#11198,#11226,.T.);
#11226 = SURFACE_CURVE('',#11227,(#11231,#11238),.PCURVE_S1.);
#11227 = LINE('',#11228,#11229);
#11228 = CARTESIAN_POINT('',(60.69456088372,39.75,108.93471943603));
#11229 = VECTOR('',#11230,1.);
#11230 = DIRECTION('',(0.,1.,0.));
#11231 = PCURVE('',#3104,#11232);
#11232 = DEFINITIONAL_REPRESENTATION('',(#11233),#11237);
#11233 = LINE('',#11234,#11235);
#11234 = CARTESIAN_POINT('',(0.102128594848,0.));
#11235 = VECTOR('',#11236,1.);
#11236 = DIRECTION('',(0.,-1.));
#11237 = ( GEOMETRIC_REPRESENTATION_CONTEXT(2) 
PARAMETRIC_REPRESENTATION_CONTEXT() REPRESENTATION_CONTEXT('2D SPACE',''
  ) );
#11238 = PCURVE('',#4324,#11239);
#11239 = DEFINITIONAL_REPRESENTATION('',(#11240),#11244);
#11240 = LINE('',#11241,#11242);
#11241 = CARTESIAN_POINT('',(0.,0.));
#11242 = VECTOR('',#11243,1.);
#11243 = DIRECTION('',(0.,-1.));
#11244 = ( GEOMETRIC_REPRESENTATION_CONTEXT(2) 
PARAMETRIC_REPRESENTATION_CONTEXT() REPRESENTATION_CONTEXT('2D SPACE',''
  ) );
#11245 = ADVANCED_FACE('',(#11246),#4324,.F.);
#11246 = FACE_BOUND('',#11247,.F.);
#11247 = EDGE_LOOP('',(#11248,#11249,#11250,#11273));
#11248 = ORIENTED_EDGE('',*,*,#4311,.T.);
#11249 = ORIENTED_EDGE('',*,*,#11225,.T.);
#11250 = ORIENTED_EDGE('',*,*,#11251,.T.);
#11251 = EDGE_CURVE('',#11198,#11252,#11254,.T.);
#11252 = VERTEX_POINT('',#11253);
#11253 = CARTESIAN_POINT('',(60.589206203921,39.95,108.9444340619));
#11254 = SURFACE_CURVE('',#11255,(#11259,#11266),.PCURVE_S1.);
#11255 = LINE('',#11256,#11257);
#11256 = CARTESIAN_POINT('',(60.69456088372,39.95,108.93471943603));
#11257 = VECTOR('',#11258,1.);
#11258 = DIRECTION('',(-0.995775689754,0.,9.181925557735E-02));
#11259 = PCURVE('',#4324,#11260);
#11260 = DEFINITIONAL_REPRESENTATION('',(#11261),#11265);
#11261 = LINE('',#11262,#11263);
#11262 = CARTESIAN_POINT('',(0.,-0.2));
#11263 = VECTOR('',#11264,1.);
#11264 = DIRECTION('',(1.,0.));
#11265 = ( GEOMETRIC_REPRESENTATION_CONTEXT(2) 
PARAMETRIC_REPRESENTATION_CONTEXT() REPRESENTATION_CONTEXT('2D SPACE',''
  ) );
#11266 = PCURVE('',#11213,#11267);
#11267 = DEFINITIONAL_REPRESENTATION('',(#11268),#11272);
#11268 = LINE('',#11269,#11270);
#11269 = CARTESIAN_POINT('',(-0.137435098806,0.519340248003));
#11270 = VECTOR('',#11271,1.);
#11271 = DIRECTION('',(0.995775689754,9.181925557735E-02));
#11272 = ( GEOMETRIC_REPRESENTATION_CONTEXT(2) 
PARAMETRIC_REPRESENTATION_CONTEXT() REPRESENTATION_CONTEXT('2D SPACE',''
  ) );
#11273 = ORIENTED_EDGE('',*,*,#11274,.F.);
#11274 = EDGE_CURVE('',#4286,#11252,#11275,.T.);
#11275 = SURFACE_CURVE('',#11276,(#11280,#11287),.PCURVE_S1.);
#11276 = LINE('',#11277,#11278);
#11277 = CARTESIAN_POINT('',(60.589206203921,39.75,108.9444340619));
#11278 = VECTOR('',#11279,1.);
#11279 = DIRECTION('',(0.,1.,0.));
#11280 = PCURVE('',#4324,#11281);
#11281 = DEFINITIONAL_REPRESENTATION('',(#11282),#11286);
#11282 = LINE('',#11283,#11284);
#11283 = CARTESIAN_POINT('',(0.105801618661,0.));
#11284 = VECTOR('',#11285,1.);
#11285 = DIRECTION('',(0.,-1.));
#11286 = ( GEOMETRIC_REPRESENTATION_CONTEXT(2) 
PARAMETRIC_REPRESENTATION_CONTEXT() REPRESENTATION_CONTEXT('2D SPACE',''
  ) );
#11287 = PCURVE('',#4300,#11288);
#11288 = DEFINITIONAL_REPRESENTATION('',(#11289),#11293);
#11289 = LINE('',#11290,#11291);
#11290 = CARTESIAN_POINT('',(0.,0.));
#11291 = VECTOR('',#11292,1.);
#11292 = DIRECTION('',(0.,-1.));
#11293 = ( GEOMETRIC_REPRESENTATION_CONTEXT(2) 
PARAMETRIC_REPRESENTATION_CONTEXT() REPRESENTATION_CONTEXT('2D SPACE',''
  ) );
#11294 = ADVANCED_FACE('',(#11295),#3130,.F.);
#11295 = FACE_BOUND('',#11296,.F.);
#11296 = EDGE_LOOP('',(#11297,#11298,#11321,#11342));
#11297 = ORIENTED_EDGE('',*,*,#3115,.T.);
#11298 = ORIENTED_EDGE('',*,*,#11299,.T.);
#11299 = EDGE_CURVE('',#3116,#11300,#11302,.T.);
#11300 = VERTEX_POINT('',#11301);
#11301 = CARTESIAN_POINT('',(60.847654438472,39.95,108.77413211751));
#11302 = SURFACE_CURVE('',#11303,(#11307,#11314),.PCURVE_S1.);
#11303 = LINE('',#11304,#11305);
#11304 = CARTESIAN_POINT('',(60.847654438472,39.75,108.77413211751));
#11305 = VECTOR('',#11306,1.);
#11306 = DIRECTION('',(0.,1.,0.));
#11307 = PCURVE('',#3130,#11308);
#11308 = DEFINITIONAL_REPRESENTATION('',(#11309),#11313);
#11309 = LINE('',#11310,#11311);
#11310 = CARTESIAN_POINT('',(0.,0.));
#11311 = VECTOR('',#11312,1.);
#11312 = DIRECTION('',(0.,-1.));
#11313 = ( GEOMETRIC_REPRESENTATION_CONTEXT(2) 
PARAMETRIC_REPRESENTATION_CONTEXT() REPRESENTATION_CONTEXT('2D SPACE',''
  ) );
#11314 = PCURVE('',#3156,#11315);
#11315 = DEFINITIONAL_REPRESENTATION('',(#11316),#11320);
#11316 = LINE('',#11317,#11318);
#11317 = CARTESIAN_POINT('',(0.131677666169,0.));
#11318 = VECTOR('',#11319,1.);
#11319 = DIRECTION('',(0.,-1.));
#11320 = ( GEOMETRIC_REPRESENTATION_CONTEXT(2) 
PARAMETRIC_REPRESENTATION_CONTEXT() REPRESENTATION_CONTEXT('2D SPACE',''
  ) );
#11321 = ORIENTED_EDGE('',*,*,#11322,.T.);
#11322 = EDGE_CURVE('',#11300,#11175,#11323,.T.);
#11323 = SURFACE_CURVE('',#11324,(#11328,#11335),.PCURVE_S1.);
#11324 = LINE('',#11325,#11326);
#11325 = CARTESIAN_POINT('',(60.847654438472,39.95,108.77413211751));
#11326 = VECTOR('',#11327,1.);
#11327 = DIRECTION('',(-0.462482162319,0.,0.886628586014));
#11328 = PCURVE('',#3130,#11329);
#11329 = DEFINITIONAL_REPRESENTATION('',(#11330),#11334);
#11330 = LINE('',#11331,#11332);
#11331 = CARTESIAN_POINT('',(0.,-0.2));
#11332 = VECTOR('',#11333,1.);
#11333 = DIRECTION('',(1.,0.));
#11334 = ( GEOMETRIC_REPRESENTATION_CONTEXT(2) 
PARAMETRIC_REPRESENTATION_CONTEXT() REPRESENTATION_CONTEXT('2D SPACE',''
  ) );
#11335 = PCURVE('',#11213,#11336);
#11336 = DEFINITIONAL_REPRESENTATION('',(#11337),#11341);
#11337 = LINE('',#11338,#11339);
#11338 = CARTESIAN_POINT('',(-0.290528653558,0.358752929475));
#11339 = VECTOR('',#11340,1.);
#11340 = DIRECTION('',(0.462482162319,0.886628586014));
#11341 = ( GEOMETRIC_REPRESENTATION_CONTEXT(2) 
PARAMETRIC_REPRESENTATION_CONTEXT() REPRESENTATION_CONTEXT('2D SPACE',''
  ) );
#11342 = ORIENTED_EDGE('',*,*,#11174,.F.);
#11343 = ADVANCED_FACE('',(#11344),#4300,.F.);
#11344 = FACE_BOUND('',#11345,.F.);
#11345 = EDGE_LOOP('',(#11346,#11347,#11348,#11371));
#11346 = ORIENTED_EDGE('',*,*,#4285,.T.);
#11347 = ORIENTED_EDGE('',*,*,#11274,.T.);
#11348 = ORIENTED_EDGE('',*,*,#11349,.T.);
#11349 = EDGE_CURVE('',#11252,#11350,#11352,.T.);
#11350 = VERTEX_POINT('',#11351);
#11351 = CARTESIAN_POINT('',(60.365944189416,39.95,108.87266774721));
#11352 = SURFACE_CURVE('',#11353,(#11357,#11364),.PCURVE_S1.);
#11353 = LINE('',#11354,#11355);
#11354 = CARTESIAN_POINT('',(60.589206203921,39.95,108.9444340619));
#11355 = VECTOR('',#11356,1.);
#11356 = DIRECTION('',(-0.95202418303,0.,-0.306022801317));
#11357 = PCURVE('',#4300,#11358);
#11358 = DEFINITIONAL_REPRESENTATION('',(#11359),#11363);
#11359 = LINE('',#11360,#11361);
#11360 = CARTESIAN_POINT('',(0.,-0.2));
#11361 = VECTOR('',#11362,1.);
#11362 = DIRECTION('',(1.,0.));
#11363 = ( GEOMETRIC_REPRESENTATION_CONTEXT(2) 
PARAMETRIC_REPRESENTATION_CONTEXT() REPRESENTATION_CONTEXT('2D SPACE',''
  ) );
#11364 = PCURVE('',#11213,#11365);
#11365 = DEFINITIONAL_REPRESENTATION('',(#11366),#11370);
#11366 = LINE('',#11367,#11368);
#11367 = CARTESIAN_POINT('',(-3.208041900675E-02,0.529054873867));
#11368 = VECTOR('',#11369,1.);
#11369 = DIRECTION('',(0.95202418303,-0.306022801317));
#11370 = ( GEOMETRIC_REPRESENTATION_CONTEXT(2) 
PARAMETRIC_REPRESENTATION_CONTEXT() REPRESENTATION_CONTEXT('2D SPACE',''
  ) );
#11371 = ORIENTED_EDGE('',*,*,#11372,.F.);
#11372 = EDGE_CURVE('',#4260,#11350,#11373,.T.);
#11373 = SURFACE_CURVE('',#11374,(#11378,#11385),.PCURVE_S1.);
#11374 = LINE('',#11375,#11376);
#11375 = CARTESIAN_POINT('',(60.365944189416,39.75,108.87266774721));
#11376 = VECTOR('',#11377,1.);
#11377 = DIRECTION('',(0.,1.,0.));
#11378 = PCURVE('',#4300,#11379);
#11379 = DEFINITIONAL_REPRESENTATION('',(#11380),#11384);
#11380 = LINE('',#11381,#11382);
#11381 = CARTESIAN_POINT('',(0.234512965621,0.));
#11382 = VECTOR('',#11383,1.);
#11383 = DIRECTION('',(0.,-1.));
#11384 = ( GEOMETRIC_REPRESENTATION_CONTEXT(2) 
PARAMETRIC_REPRESENTATION_CONTEXT() REPRESENTATION_CONTEXT('2D SPACE',''
  ) );
#11385 = PCURVE('',#4274,#11386);
#11386 = DEFINITIONAL_REPRESENTATION('',(#11387),#11391);
#11387 = LINE('',#11388,#11389);
#11388 = CARTESIAN_POINT('',(0.,0.));
#11389 = VECTOR('',#11390,1.);
#11390 = DIRECTION('',(0.,-1.));
#11391 = ( GEOMETRIC_REPRESENTATION_CONTEXT(2) 
PARAMETRIC_REPRESENTATION_CONTEXT() REPRESENTATION_CONTEXT('2D SPACE',''
  ) );
#11392 = ADVANCED_FACE('',(#11393),#3156,.F.);
#11393 = FACE_BOUND('',#11394,.F.);
#11394 = EDGE_LOOP('',(#11395,#11396,#11419,#11440));
#11395 = ORIENTED_EDGE('',*,*,#3141,.T.);
#11396 = ORIENTED_EDGE('',*,*,#11397,.T.);
#11397 = EDGE_CURVE('',#3142,#11398,#11400,.T.);
#11398 = VERTEX_POINT('',#11399);
#11399 = CARTESIAN_POINT('',(60.797043272966,39.95,108.65256930373));
#11400 = SURFACE_CURVE('',#11401,(#11405,#11412),.PCURVE_S1.);
#11401 = LINE('',#11402,#11403);
#11402 = CARTESIAN_POINT('',(60.797043272966,39.75,108.65256930373));
#11403 = VECTOR('',#11404,1.);
#11404 = DIRECTION('',(0.,1.,0.));
#11405 = PCURVE('',#3156,#11406);
#11406 = DEFINITIONAL_REPRESENTATION('',(#11407),#11411);
#11407 = LINE('',#11408,#11409);
#11408 = CARTESIAN_POINT('',(0.,0.));
#11409 = VECTOR('',#11410,1.);
#11410 = DIRECTION('',(0.,-1.));
#11411 = ( GEOMETRIC_REPRESENTATION_CONTEXT(2) 
PARAMETRIC_REPRESENTATION_CONTEXT() REPRESENTATION_CONTEXT('2D SPACE',''
  ) );
#11412 = PCURVE('',#3182,#11413);
#11413 = DEFINITIONAL_REPRESENTATION('',(#11414),#11418);
#11414 = LINE('',#11415,#11416);
#11415 = CARTESIAN_POINT('',(0.10317889188,0.));
#11416 = VECTOR('',#11417,1.);
#11417 = DIRECTION('',(0.,-1.));
#11418 = ( GEOMETRIC_REPRESENTATION_CONTEXT(2) 
PARAMETRIC_REPRESENTATION_CONTEXT() REPRESENTATION_CONTEXT('2D SPACE',''
  ) );
#11419 = ORIENTED_EDGE('',*,*,#11420,.T.);
#11420 = EDGE_CURVE('',#11398,#11300,#11421,.T.);
#11421 = SURFACE_CURVE('',#11422,(#11426,#11433),.PCURVE_S1.);
#11422 = LINE('',#11423,#11424);
#11423 = CARTESIAN_POINT('',(60.797043272966,39.95,108.65256930373));
#11424 = VECTOR('',#11425,1.);
#11425 = DIRECTION('',(0.384356489444,0.,0.923184753461));
#11426 = PCURVE('',#3156,#11427);
#11427 = DEFINITIONAL_REPRESENTATION('',(#11428),#11432);
#11428 = LINE('',#11429,#11430);
#11429 = CARTESIAN_POINT('',(0.,-0.2));
#11430 = VECTOR('',#11431,1.);
#11431 = DIRECTION('',(1.,0.));
#11432 = ( GEOMETRIC_REPRESENTATION_CONTEXT(2) 
PARAMETRIC_REPRESENTATION_CONTEXT() REPRESENTATION_CONTEXT('2D SPACE',''
  ) );
#11433 = PCURVE('',#11213,#11434);
#11434 = DEFINITIONAL_REPRESENTATION('',(#11435),#11439);
#11435 = LINE('',#11436,#11437);
#11436 = CARTESIAN_POINT('',(-0.239917488052,0.237190115697));
#11437 = VECTOR('',#11438,1.);
#11438 = DIRECTION('',(-0.384356489444,0.923184753461));
#11439 = ( GEOMETRIC_REPRESENTATION_CONTEXT(2) 
PARAMETRIC_REPRESENTATION_CONTEXT() REPRESENTATION_CONTEXT('2D SPACE',''
  ) );
#11440 = ORIENTED_EDGE('',*,*,#11299,.F.);
#11441 = ADVANCED_FACE('',(#11442),#4274,.F.);
#11442 = FACE_BOUND('',#11443,.F.);
#11443 = EDGE_LOOP('',(#11444,#11445,#11446,#11469));
#11444 = ORIENTED_EDGE('',*,*,#4259,.T.);
#11445 = ORIENTED_EDGE('',*,*,#11372,.T.);
#11446 = ORIENTED_EDGE('',*,*,#11447,.T.);
#11447 = EDGE_CURVE('',#11350,#11448,#11450,.T.);
#11448 = VERTEX_POINT('',#11449);
#11449 = CARTESIAN_POINT('',(60.253023754738,39.95,108.71757582095));
#11450 = SURFACE_CURVE('',#11451,(#11455,#11462),.PCURVE_S1.);
#11451 = LINE('',#11452,#11453);
#11452 = CARTESIAN_POINT('',(60.365944189416,39.95,108.87266774721));
#11453 = VECTOR('',#11454,1.);
#11454 = DIRECTION('',(-0.588602228813,0.,-0.80842279547));
#11455 = PCURVE('',#4274,#11456);
#11456 = DEFINITIONAL_REPRESENTATION('',(#11457),#11461);
#11457 = LINE('',#11458,#11459);
#11458 = CARTESIAN_POINT('',(0.,-0.2));
#11459 = VECTOR('',#11460,1.);
#11460 = DIRECTION('',(1.,0.));
#11461 = ( GEOMETRIC_REPRESENTATION_CONTEXT(2) 
PARAMETRIC_REPRESENTATION_CONTEXT() REPRESENTATION_CONTEXT('2D SPACE',''
  ) );
#11462 = PCURVE('',#11213,#11463);
#11463 = DEFINITIONAL_REPRESENTATION('',(#11464),#11468);
#11464 = LINE('',#11465,#11466);
#11465 = CARTESIAN_POINT('',(0.191181595498,0.457288559183));
#11466 = VECTOR('',#11467,1.);
#11467 = DIRECTION('',(0.588602228813,-0.80842279547));
#11468 = ( GEOMETRIC_REPRESENTATION_CONTEXT(2) 
PARAMETRIC_REPRESENTATION_CONTEXT() REPRESENTATION_CONTEXT('2D SPACE',''
  ) );
#11469 = ORIENTED_EDGE('',*,*,#11470,.F.);
#11470 = EDGE_CURVE('',#4234,#11448,#11471,.T.);
#11471 = SURFACE_CURVE('',#11472,(#11476,#11483),.PCURVE_S1.);
#11472 = LINE('',#11473,#11474);
#11473 = CARTESIAN_POINT('',(60.253023754738,39.75,108.71757582095));
#11474 = VECTOR('',#11475,1.);
#11475 = DIRECTION('',(0.,1.,0.));
#11476 = PCURVE('',#4274,#11477);
#11477 = DEFINITIONAL_REPRESENTATION('',(#11478),#11482);
#11478 = LINE('',#11479,#11480);
#11479 = CARTESIAN_POINT('',(0.191845068112,0.));
#11480 = VECTOR('',#11481,1.);
#11481 = DIRECTION('',(0.,-1.));
#11482 = ( GEOMETRIC_REPRESENTATION_CONTEXT(2) 
PARAMETRIC_REPRESENTATION_CONTEXT() REPRESENTATION_CONTEXT('2D SPACE',''
  ) );
#11483 = PCURVE('',#4248,#11484);
#11484 = DEFINITIONAL_REPRESENTATION('',(#11485),#11489);
#11485 = LINE('',#11486,#11487);
#11486 = CARTESIAN_POINT('',(0.,0.));
#11487 = VECTOR('',#11488,1.);
#11488 = DIRECTION('',(0.,-1.));
#11489 = ( GEOMETRIC_REPRESENTATION_CONTEXT(2) 
PARAMETRIC_REPRESENTATION_CONTEXT() REPRESENTATION_CONTEXT('2D SPACE',''
  ) );
#11490 = ADVANCED_FACE('',(#11491),#3182,.F.);
#11491 = FACE_BOUND('',#11492,.F.);
#11492 = EDGE_LOOP('',(#11493,#11494,#11517,#11538));
#11493 = ORIENTED_EDGE('',*,*,#3167,.T.);
#11494 = ORIENTED_EDGE('',*,*,#11495,.T.);
#11495 = EDGE_CURVE('',#3168,#11496,#11498,.T.);
#11496 = VERTEX_POINT('',#11497);
#11497 = CARTESIAN_POINT('',(60.704012170486,39.95,108.60794758591));
#11498 = SURFACE_CURVE('',#11499,(#11503,#11510),.PCURVE_S1.);
#11499 = LINE('',#11500,#11501);
#11500 = CARTESIAN_POINT('',(60.704012170486,39.75,108.60794758591));
#11501 = VECTOR('',#11502,1.);
#11502 = DIRECTION('',(0.,1.,0.));
#11503 = PCURVE('',#3182,#11504);
#11504 = DEFINITIONAL_REPRESENTATION('',(#11505),#11509);
#11505 = LINE('',#11506,#11507);
#11506 = CARTESIAN_POINT('',(0.,0.));
#11507 = VECTOR('',#11508,1.);
#11508 = DIRECTION('',(0.,-1.));
#11509 = ( GEOMETRIC_REPRESENTATION_CONTEXT(2) 
PARAMETRIC_REPRESENTATION_CONTEXT() REPRESENTATION_CONTEXT('2D SPACE',''
  ) );
#11510 = PCURVE('',#3208,#11511);
#11511 = DEFINITIONAL_REPRESENTATION('',(#11512),#11516);
#11512 = LINE('',#11513,#11514);
#11513 = CARTESIAN_POINT('',(0.13470078154,0.));
#11514 = VECTOR('',#11515,1.);
#11515 = DIRECTION('',(0.,-1.));
#11516 = ( GEOMETRIC_REPRESENTATION_CONTEXT(2) 
PARAMETRIC_REPRESENTATION_CONTEXT() REPRESENTATION_CONTEXT('2D SPACE',''
  ) );
#11517 = ORIENTED_EDGE('',*,*,#11518,.T.);
#11518 = EDGE_CURVE('',#11496,#11398,#11519,.T.);
#11519 = SURFACE_CURVE('',#11520,(#11524,#11531),.PCURVE_S1.);
#11520 = LINE('',#11521,#11522);
#11521 = CARTESIAN_POINT('',(60.704012170486,39.95,108.60794758591));
#11522 = VECTOR('',#11523,1.);
#11523 = DIRECTION('',(0.901648590948,0.,0.432469442205));
#11524 = PCURVE('',#3182,#11525);
#11525 = DEFINITIONAL_REPRESENTATION('',(#11526),#11530);
#11526 = LINE('',#11527,#11528);
#11527 = CARTESIAN_POINT('',(0.,-0.2));
#11528 = VECTOR('',#11529,1.);
#11529 = DIRECTION('',(1.,0.));
#11530 = ( GEOMETRIC_REPRESENTATION_CONTEXT(2) 
PARAMETRIC_REPRESENTATION_CONTEXT() REPRESENTATION_CONTEXT('2D SPACE',''
  ) );
#11531 = PCURVE('',#11213,#11532);
#11532 = DEFINITIONAL_REPRESENTATION('',(#11533),#11537);
#11533 = LINE('',#11534,#11535);
#11534 = CARTESIAN_POINT('',(-0.146886385572,0.192568397878));
#11535 = VECTOR('',#11536,1.);
#11536 = DIRECTION('',(-0.901648590948,0.432469442205));
#11537 = ( GEOMETRIC_REPRESENTATION_CONTEXT(2) 
PARAMETRIC_REPRESENTATION_CONTEXT() REPRESENTATION_CONTEXT('2D SPACE',''
  ) );
#11538 = ORIENTED_EDGE('',*,*,#11397,.F.);
#11539 = ADVANCED_FACE('',(#11540),#4248,.F.);
#11540 = FACE_BOUND('',#11541,.F.);
#11541 = EDGE_LOOP('',(#11542,#11543,#11544,#11567));
#11542 = ORIENTED_EDGE('',*,*,#4233,.T.);
#11543 = ORIENTED_EDGE('',*,*,#11470,.T.);
#11544 = ORIENTED_EDGE('',*,*,#11545,.T.);
#11545 = EDGE_CURVE('',#11448,#11546,#11548,.T.);
#11546 = VERTEX_POINT('',#11547);
#11547 = CARTESIAN_POINT('',(60.060408520411,39.95,108.71757582095));
#11548 = SURFACE_CURVE('',#11549,(#11553,#11560),.PCURVE_S1.);
#11549 = LINE('',#11550,#11551);
#11550 = CARTESIAN_POINT('',(60.253023754738,39.95,108.71757582095));
#11551 = VECTOR('',#11552,1.);
#11552 = DIRECTION('',(-1.,0.,6.123233995737E-17));
#11553 = PCURVE('',#4248,#11554);
#11554 = DEFINITIONAL_REPRESENTATION('',(#11555),#11559);
#11555 = LINE('',#11556,#11557);
#11556 = CARTESIAN_POINT('',(0.,-0.2));
#11557 = VECTOR('',#11558,1.);
#11558 = DIRECTION('',(1.,0.));
#11559 = ( GEOMETRIC_REPRESENTATION_CONTEXT(2) 
PARAMETRIC_REPRESENTATION_CONTEXT() REPRESENTATION_CONTEXT('2D SPACE',''
  ) );
#11560 = PCURVE('',#11213,#11561);
#11561 = DEFINITIONAL_REPRESENTATION('',(#11562),#11566);
#11562 = LINE('',#11563,#11564);
#11563 = CARTESIAN_POINT('',(0.304102030176,0.302196632922));
#11564 = VECTOR('',#11565,1.);
#11565 = DIRECTION('',(1.,0.));
#11566 = ( GEOMETRIC_REPRESENTATION_CONTEXT(2) 
PARAMETRIC_REPRESENTATION_CONTEXT() REPRESENTATION_CONTEXT('2D SPACE',''
  ) );
#11567 = ORIENTED_EDGE('',*,*,#11568,.F.);
#11568 = EDGE_CURVE('',#4208,#11546,#11569,.T.);
#11569 = SURFACE_CURVE('',#11570,(#11574,#11581),.PCURVE_S1.);
#11570 = LINE('',#11571,#11572);
#11571 = CARTESIAN_POINT('',(60.060408520411,39.75,108.71757582095));
#11572 = VECTOR('',#11573,1.);
#11573 = DIRECTION('',(0.,1.,0.));
#11574 = PCURVE('',#4248,#11575);
#11575 = DEFINITIONAL_REPRESENTATION('',(#11576),#11580);
#11576 = LINE('',#11577,#11578);
#11577 = CARTESIAN_POINT('',(0.192615234327,0.));
#11578 = VECTOR('',#11579,1.);
#11579 = DIRECTION('',(0.,-1.));
#11580 = ( GEOMETRIC_REPRESENTATION_CONTEXT(2) 
PARAMETRIC_REPRESENTATION_CONTEXT() REPRESENTATION_CONTEXT('2D SPACE',''
  ) );
#11581 = PCURVE('',#4222,#11582);
#11582 = DEFINITIONAL_REPRESENTATION('',(#11583),#11587);
#11583 = LINE('',#11584,#11585);
#11584 = CARTESIAN_POINT('',(0.,0.));
#11585 = VECTOR('',#11586,1.);
#11586 = DIRECTION('',(0.,-1.));
#11587 = ( GEOMETRIC_REPRESENTATION_CONTEXT(2) 
PARAMETRIC_REPRESENTATION_CONTEXT() REPRESENTATION_CONTEXT('2D SPACE',''
  ) );
#11588 = ADVANCED_FACE('',(#11589),#3208,.F.);
#11589 = FACE_BOUND('',#11590,.F.);
#11590 = EDGE_LOOP('',(#11591,#11592,#11615,#11636));
#11591 = ORIENTED_EDGE('',*,*,#3193,.T.);
#11592 = ORIENTED_EDGE('',*,*,#11593,.T.);
#11593 = EDGE_CURVE('',#3194,#11594,#11596,.T.);
#11594 = VERTEX_POINT('',#11595);
#11595 = CARTESIAN_POINT('',(60.573377964072,39.95,108.57509937953));
#11596 = SURFACE_CURVE('',#11597,(#11601,#11608),.PCURVE_S1.);
#11597 = LINE('',#11598,#11599);
#11598 = CARTESIAN_POINT('',(60.573377964072,39.75,108.57509937953));
#11599 = VECTOR('',#11600,1.);
#11600 = DIRECTION('',(0.,1.,0.));
#11601 = PCURVE('',#3208,#11602);
#11602 = DEFINITIONAL_REPRESENTATION('',(#11603),#11607);
#11603 = LINE('',#11604,#11605);
#11604 = CARTESIAN_POINT('',(0.,0.));
#11605 = VECTOR('',#11606,1.);
#11606 = DIRECTION('',(0.,-1.));
#11607 = ( GEOMETRIC_REPRESENTATION_CONTEXT(2) 
PARAMETRIC_REPRESENTATION_CONTEXT() REPRESENTATION_CONTEXT('2D SPACE',''
  ) );
#11608 = PCURVE('',#3234,#11609);
#11609 = DEFINITIONAL_REPRESENTATION('',(#11610),#11614);
#11610 = LINE('',#11611,#11612);
#11611 = CARTESIAN_POINT('',(0.230758648156,0.));
#11612 = VECTOR('',#11613,1.);
#11613 = DIRECTION('',(0.,-1.));
#11614 = ( GEOMETRIC_REPRESENTATION_CONTEXT(2) 
PARAMETRIC_REPRESENTATION_CONTEXT() REPRESENTATION_CONTEXT('2D SPACE',''
  ) );
#11615 = ORIENTED_EDGE('',*,*,#11616,.T.);
#11616 = EDGE_CURVE('',#11594,#11496,#11617,.T.);
#11617 = SURFACE_CURVE('',#11618,(#11622,#11629),.PCURVE_S1.);
#11618 = LINE('',#11619,#11620);
#11619 = CARTESIAN_POINT('',(60.573377964072,39.95,108.57509937953));
#11620 = VECTOR('',#11621,1.);
#11621 = DIRECTION('',(0.969810307859,0.,0.243860547795));
#11622 = PCURVE('',#3208,#11623);
#11623 = DEFINITIONAL_REPRESENTATION('',(#11624),#11628);
#11624 = LINE('',#11625,#11626);
#11625 = CARTESIAN_POINT('',(0.,-0.2));
#11626 = VECTOR('',#11627,1.);
#11627 = DIRECTION('',(1.,0.));
#11628 = ( GEOMETRIC_REPRESENTATION_CONTEXT(2) 
PARAMETRIC_REPRESENTATION_CONTEXT() REPRESENTATION_CONTEXT('2D SPACE',''
  ) );
#11629 = PCURVE('',#11213,#11630);
#11630 = DEFINITIONAL_REPRESENTATION('',(#11631),#11635);
#11631 = LINE('',#11632,#11633);
#11632 = CARTESIAN_POINT('',(-1.625217915811E-02,0.159720191503));
#11633 = VECTOR('',#11634,1.);
#11634 = DIRECTION('',(-0.969810307859,0.243860547795));
#11635 = ( GEOMETRIC_REPRESENTATION_CONTEXT(2) 
PARAMETRIC_REPRESENTATION_CONTEXT() REPRESENTATION_CONTEXT('2D SPACE',''
  ) );
#11636 = ORIENTED_EDGE('',*,*,#11495,.F.);
#11637 = ADVANCED_FACE('',(#11638),#4222,.F.);
#11638 = FACE_BOUND('',#11639,.F.);
#11639 = EDGE_LOOP('',(#11640,#11641,#11642,#11665));
#11640 = ORIENTED_EDGE('',*,*,#4207,.T.);
#11641 = ORIENTED_EDGE('',*,*,#11568,.T.);
#11642 = ORIENTED_EDGE('',*,*,#11643,.T.);
#11643 = EDGE_CURVE('',#11546,#11644,#11646,.T.);
#11644 = VERTEX_POINT('',#11645);
#11645 = CARTESIAN_POINT('',(60.017397190913,39.95,108.81890608069));
#11646 = SURFACE_CURVE('',#11647,(#11651,#11658),.PCURVE_S1.);
#11647 = LINE('',#11648,#11649);
#11648 = CARTESIAN_POINT('',(60.060408520411,39.95,108.71757582095));
#11649 = VECTOR('',#11650,1.);
#11650 = DIRECTION('',(-0.39072486377,0.,0.920507512643));
#11651 = PCURVE('',#4222,#11652);
#11652 = DEFINITIONAL_REPRESENTATION('',(#11653),#11657);
#11653 = LINE('',#11654,#11655);
#11654 = CARTESIAN_POINT('',(0.,-0.2));
#11655 = VECTOR('',#11656,1.);
#11656 = DIRECTION('',(1.,0.));
#11657 = ( GEOMETRIC_REPRESENTATION_CONTEXT(2) 
PARAMETRIC_REPRESENTATION_CONTEXT() REPRESENTATION_CONTEXT('2D SPACE',''
  ) );
#11658 = PCURVE('',#11213,#11659);
#11659 = DEFINITIONAL_REPRESENTATION('',(#11660),#11664);
#11660 = LINE('',#11661,#11662);
#11661 = CARTESIAN_POINT('',(0.496717264503,0.302196632922));
#11662 = VECTOR('',#11663,1.);
#11663 = DIRECTION('',(0.39072486377,0.920507512643));
#11664 = ( GEOMETRIC_REPRESENTATION_CONTEXT(2) 
PARAMETRIC_REPRESENTATION_CONTEXT() REPRESENTATION_CONTEXT('2D SPACE',''
  ) );
#11665 = ORIENTED_EDGE('',*,*,#11666,.F.);
#11666 = EDGE_CURVE('',#4182,#11644,#11667,.T.);
#11667 = SURFACE_CURVE('',#11668,(#11672,#11679),.PCURVE_S1.);
#11668 = LINE('',#11669,#11670);
#11669 = CARTESIAN_POINT('',(60.017397190913,39.75,108.81890608069));
#11670 = VECTOR('',#11671,1.);
#11671 = DIRECTION('',(0.,1.,0.));
#11672 = PCURVE('',#4222,#11673);
#11673 = DEFINITIONAL_REPRESENTATION('',(#11674),#11678);
#11674 = LINE('',#11675,#11676);
#11675 = CARTESIAN_POINT('',(0.110080861204,0.));
#11676 = VECTOR('',#11677,1.);
#11677 = DIRECTION('',(0.,-1.));
#11678 = ( GEOMETRIC_REPRESENTATION_CONTEXT(2) 
PARAMETRIC_REPRESENTATION_CONTEXT() REPRESENTATION_CONTEXT('2D SPACE',''
  ) );
#11679 = PCURVE('',#4196,#11680);
#11680 = DEFINITIONAL_REPRESENTATION('',(#11681),#11685);
#11681 = LINE('',#11682,#11683);
#11682 = CARTESIAN_POINT('',(0.,0.));
#11683 = VECTOR('',#11684,1.);
#11684 = DIRECTION('',(0.,-1.));
#11685 = ( GEOMETRIC_REPRESENTATION_CONTEXT(2) 
PARAMETRIC_REPRESENTATION_CONTEXT() REPRESENTATION_CONTEXT('2D SPACE',''
  ) );
#11686 = ADVANCED_FACE('',(#11687),#3234,.F.);
#11687 = FACE_BOUND('',#11688,.F.);
#11688 = EDGE_LOOP('',(#11689,#11690,#11713,#11734));
#11689 = ORIENTED_EDGE('',*,*,#3219,.T.);
#11690 = ORIENTED_EDGE('',*,*,#11691,.T.);
#11691 = EDGE_CURVE('',#3220,#11692,#11694,.T.);
#11692 = VERTEX_POINT('',#11693);
#11693 = CARTESIAN_POINT('',(60.346772496225,39.95,108.53151594644));
#11694 = SURFACE_CURVE('',#11695,(#11699,#11706),.PCURVE_S1.);
#11695 = LINE('',#11696,#11697);
#11696 = CARTESIAN_POINT('',(60.346772496225,39.75,108.53151594644));
#11697 = VECTOR('',#11698,1.);
#11698 = DIRECTION('',(0.,1.,0.));
#11699 = PCURVE('',#3234,#11700);
#11700 = DEFINITIONAL_REPRESENTATION('',(#11701),#11705);
#11701 = LINE('',#11702,#11703);
#11702 = CARTESIAN_POINT('',(0.,0.));
#11703 = VECTOR('',#11704,1.);
#11704 = DIRECTION('',(0.,-1.));
#11705 = ( GEOMETRIC_REPRESENTATION_CONTEXT(2) 
PARAMETRIC_REPRESENTATION_CONTEXT() REPRESENTATION_CONTEXT('2D SPACE',''
  ) );
#11706 = PCURVE('',#3260,#11707);
#11707 = DEFINITIONAL_REPRESENTATION('',(#11708),#11712);
#11708 = LINE('',#11709,#11710);
#11709 = CARTESIAN_POINT('',(0.177660586707,0.));
#11710 = VECTOR('',#11711,1.);
#11711 = DIRECTION('',(0.,-1.));
#11712 = ( GEOMETRIC_REPRESENTATION_CONTEXT(2) 
PARAMETRIC_REPRESENTATION_CONTEXT() REPRESENTATION_CONTEXT('2D SPACE',''
  ) );
#11713 = ORIENTED_EDGE('',*,*,#11714,.T.);
#11714 = EDGE_CURVE('',#11692,#11594,#11715,.T.);
#11715 = SURFACE_CURVE('',#11716,(#11720,#11727),.PCURVE_S1.);
#11716 = LINE('',#11717,#11718);
#11717 = CARTESIAN_POINT('',(60.346772496225,39.95,108.53151594644));
#11718 = VECTOR('',#11719,1.);
#11719 = DIRECTION('',(0.982002059977,0.,0.188870204638));
#11720 = PCURVE('',#3234,#11721);
#11721 = DEFINITIONAL_REPRESENTATION('',(#11722),#11726);
#11722 = LINE('',#11723,#11724);
#11723 = CARTESIAN_POINT('',(0.,-0.2));
#11724 = VECTOR('',#11725,1.);
#11725 = DIRECTION('',(1.,0.));
#11726 = ( GEOMETRIC_REPRESENTATION_CONTEXT(2) 
PARAMETRIC_REPRESENTATION_CONTEXT() REPRESENTATION_CONTEXT('2D SPACE',''
  ) );
#11727 = PCURVE('',#11213,#11728);
#11728 = DEFINITIONAL_REPRESENTATION('',(#11729),#11733);
#11729 = LINE('',#11730,#11731);
#11730 = CARTESIAN_POINT('',(0.210353288689,0.116136758404));
#11731 = VECTOR('',#11732,1.);
#11732 = DIRECTION('',(-0.982002059977,0.188870204638));
#11733 = ( GEOMETRIC_REPRESENTATION_CONTEXT(2) 
PARAMETRIC_REPRESENTATION_CONTEXT() REPRESENTATION_CONTEXT('2D SPACE',''
  ) );
#11734 = ORIENTED_EDGE('',*,*,#11593,.F.);
#11735 = ADVANCED_FACE('',(#11736),#4196,.F.);
#11736 = FACE_BOUND('',#11737,.F.);
#11737 = EDGE_LOOP('',(#11738,#11739,#11740,#11763));
#11738 = ORIENTED_EDGE('',*,*,#4181,.T.);
#11739 = ORIENTED_EDGE('',*,*,#11666,.T.);
#11740 = ORIENTED_EDGE('',*,*,#11741,.T.);
#11741 = EDGE_CURVE('',#11644,#11742,#11744,.T.);
#11742 = VERTEX_POINT('',#11743);
#11743 = CARTESIAN_POINT('',(60.050531576264,39.95,108.92486200498));
#11744 = SURFACE_CURVE('',#11745,(#11749,#11756),.PCURVE_S1.);
#11745 = LINE('',#11746,#11747);
#11746 = CARTESIAN_POINT('',(60.017397190913,39.95,108.81890608069));
#11747 = VECTOR('',#11748,1.);
#11748 = DIRECTION('',(0.298465037346,0.,0.954420568451));
#11749 = PCURVE('',#4196,#11750);
#11750 = DEFINITIONAL_REPRESENTATION('',(#11751),#11755);
#11751 = LINE('',#11752,#11753);
#11752 = CARTESIAN_POINT('',(0.,-0.2));
#11753 = VECTOR('',#11754,1.);
#11754 = DIRECTION('',(1.,0.));
#11755 = ( GEOMETRIC_REPRESENTATION_CONTEXT(2) 
PARAMETRIC_REPRESENTATION_CONTEXT() REPRESENTATION_CONTEXT('2D SPACE',''
  ) );
#11756 = PCURVE('',#11213,#11757);
#11757 = DEFINITIONAL_REPRESENTATION('',(#11758),#11762);
#11758 = LINE('',#11759,#11760);
#11759 = CARTESIAN_POINT('',(0.539728594001,0.403526892658));
#11760 = VECTOR('',#11761,1.);
#11761 = DIRECTION('',(-0.298465037346,0.954420568451));
#11762 = ( GEOMETRIC_REPRESENTATION_CONTEXT(2) 
PARAMETRIC_REPRESENTATION_CONTEXT() REPRESENTATION_CONTEXT('2D SPACE',''
  ) );
#11763 = ORIENTED_EDGE('',*,*,#11764,.F.);
#11764 = EDGE_CURVE('',#4156,#11742,#11765,.T.);
#11765 = SURFACE_CURVE('',#11766,(#11770,#11777),.PCURVE_S1.);
#11766 = LINE('',#11767,#11768);
#11767 = CARTESIAN_POINT('',(60.050531576264,39.75,108.92486200498));
#11768 = VECTOR('',#11769,1.);
#11769 = DIRECTION('',(0.,1.,0.));
#11770 = PCURVE('',#4196,#11771);
#11771 = DEFINITIONAL_REPRESENTATION('',(#11772),#11776);
#11772 = LINE('',#11773,#11774);
#11773 = CARTESIAN_POINT('',(0.111015969057,0.));
#11774 = VECTOR('',#11775,1.);
#11775 = DIRECTION('',(0.,-1.));
#11776 = ( GEOMETRIC_REPRESENTATION_CONTEXT(2) 
PARAMETRIC_REPRESENTATION_CONTEXT() REPRESENTATION_CONTEXT('2D SPACE',''
  ) );
#11777 = PCURVE('',#4170,#11778);
#11778 = DEFINITIONAL_REPRESENTATION('',(#11779),#11783);
#11779 = LINE('',#11780,#11781);
#11780 = CARTESIAN_POINT('',(0.,0.));
#11781 = VECTOR('',#11782,1.);
#11782 = DIRECTION('',(0.,-1.));
#11783 = ( GEOMETRIC_REPRESENTATION_CONTEXT(2) 
PARAMETRIC_REPRESENTATION_CONTEXT() REPRESENTATION_CONTEXT('2D SPACE',''
  ) );
#11784 = ADVANCED_FACE('',(#11785),#3260,.F.);
#11785 = FACE_BOUND('',#11786,.F.);
#11786 = EDGE_LOOP('',(#11787,#11788,#11811,#11832));
#11787 = ORIENTED_EDGE('',*,*,#3245,.T.);
#11788 = ORIENTED_EDGE('',*,*,#11789,.T.);
#11789 = EDGE_CURVE('',#3246,#11790,#11792,.T.);
#11790 = VERTEX_POINT('',#11791);
#11791 = CARTESIAN_POINT('',(60.176870623555,39.95,108.47958678572));
#11792 = SURFACE_CURVE('',#11793,(#11797,#11804),.PCURVE_S1.);
#11793 = LINE('',#11794,#11795);
#11794 = CARTESIAN_POINT('',(60.176870623555,39.75,108.47958678572));
#11795 = VECTOR('',#11796,1.);
#11796 = DIRECTION('',(0.,1.,0.));
#11797 = PCURVE('',#3260,#11798);
#11798 = DEFINITIONAL_REPRESENTATION('',(#11799),#11803);
#11799 = LINE('',#11800,#11801);
#11800 = CARTESIAN_POINT('',(0.,0.));
#11801 = VECTOR('',#11802,1.);
#11802 = DIRECTION('',(0.,-1.));
#11803 = ( GEOMETRIC_REPRESENTATION_CONTEXT(2) 
PARAMETRIC_REPRESENTATION_CONTEXT() REPRESENTATION_CONTEXT('2D SPACE',''
  ) );
#11804 = PCURVE('',#3286,#11805);
#11805 = DEFINITIONAL_REPRESENTATION('',(#11806),#11810);
#11806 = LINE('',#11807,#11808);
#11807 = CARTESIAN_POINT('',(0.140595831895,0.));
#11808 = VECTOR('',#11809,1.);
#11809 = DIRECTION('',(0.,-1.));
#11810 = ( GEOMETRIC_REPRESENTATION_CONTEXT(2) 
PARAMETRIC_REPRESENTATION_CONTEXT() REPRESENTATION_CONTEXT('2D SPACE',''
  ) );
#11811 = ORIENTED_EDGE('',*,*,#11812,.T.);
#11812 = EDGE_CURVE('',#11790,#11692,#11813,.T.);
#11813 = SURFACE_CURVE('',#11814,(#11818,#11825),.PCURVE_S1.);
#11814 = LINE('',#11815,#11816);
#11815 = CARTESIAN_POINT('',(60.176870623555,39.95,108.47958678572));
#11816 = VECTOR('',#11817,1.);
#11817 = DIRECTION('',(0.956328445265,0.,0.292294209278));
#11818 = PCURVE('',#3260,#11819);
#11819 = DEFINITIONAL_REPRESENTATION('',(#11820),#11824);
#11820 = LINE('',#11821,#11822);
#11821 = CARTESIAN_POINT('',(0.,-0.2));
#11822 = VECTOR('',#11823,1.);
#11823 = DIRECTION('',(1.,0.));
#11824 = ( GEOMETRIC_REPRESENTATION_CONTEXT(2) 
PARAMETRIC_REPRESENTATION_CONTEXT() REPRESENTATION_CONTEXT('2D SPACE',''
  ) );
#11825 = PCURVE('',#11213,#11826);
#11826 = DEFINITIONAL_REPRESENTATION('',(#11827),#11831);
#11827 = LINE('',#11828,#11829);
#11828 = CARTESIAN_POINT('',(0.380255161359,6.420759769253E-02));
#11829 = VECTOR('',#11830,1.);
#11830 = DIRECTION('',(-0.956328445265,0.292294209278));
#11831 = ( GEOMETRIC_REPRESENTATION_CONTEXT(2) 
PARAMETRIC_REPRESENTATION_CONTEXT() REPRESENTATION_CONTEXT('2D SPACE',''
  ) );
#11832 = ORIENTED_EDGE('',*,*,#11691,.F.);
#11833 = ADVANCED_FACE('',(#11834),#4170,.F.);
#11834 = FACE_BOUND('',#11835,.F.);
#11835 = EDGE_LOOP('',(#11836,#11837,#11838,#11861));
#11836 = ORIENTED_EDGE('',*,*,#4155,.T.);
#11837 = ORIENTED_EDGE('',*,*,#11764,.T.);
#11838 = ORIENTED_EDGE('',*,*,#11839,.T.);
#11839 = EDGE_CURVE('',#11742,#11840,#11842,.T.);
#11840 = VERTEX_POINT('',#11841);
#11841 = CARTESIAN_POINT('',(60.15035050708,39.95,109.05957583885));
#11842 = SURFACE_CURVE('',#11843,(#11847,#11854),.PCURVE_S1.);
#11843 = LINE('',#11844,#11845);
#11844 = CARTESIAN_POINT('',(60.050531576264,39.95,108.92486200498));
#11845 = VECTOR('',#11846,1.);
#11846 = DIRECTION('',(0.595346566735,0.,0.803469019612));
#11847 = PCURVE('',#4170,#11848);
#11848 = DEFINITIONAL_REPRESENTATION('',(#11849),#11853);
#11849 = LINE('',#11850,#11851);
#11850 = CARTESIAN_POINT('',(0.,-0.2));
#11851 = VECTOR('',#11852,1.);
#11852 = DIRECTION('',(1.,0.));
#11853 = ( GEOMETRIC_REPRESENTATION_CONTEXT(2) 
PARAMETRIC_REPRESENTATION_CONTEXT() REPRESENTATION_CONTEXT('2D SPACE',''
  ) );
#11854 = PCURVE('',#11213,#11855);
#11855 = DEFINITIONAL_REPRESENTATION('',(#11856),#11860);
#11856 = LINE('',#11857,#11858);
#11857 = CARTESIAN_POINT('',(0.50659420865,0.509482816953));
#11858 = VECTOR('',#11859,1.);
#11859 = DIRECTION('',(-0.595346566735,0.803469019612));
#11860 = ( GEOMETRIC_REPRESENTATION_CONTEXT(2) 
PARAMETRIC_REPRESENTATION_CONTEXT() REPRESENTATION_CONTEXT('2D SPACE',''
  ) );
#11861 = ORIENTED_EDGE('',*,*,#11862,.F.);
#11862 = EDGE_CURVE('',#4130,#11840,#11863,.T.);
#11863 = SURFACE_CURVE('',#11864,(#11868,#11875),.PCURVE_S1.);
#11864 = LINE('',#11865,#11866);
#11865 = CARTESIAN_POINT('',(60.15035050708,39.75,109.05957583885));
#11866 = VECTOR('',#11867,1.);
#11867 = DIRECTION('',(0.,1.,0.));
#11868 = PCURVE('',#4170,#11869);
#11869 = DEFINITIONAL_REPRESENTATION('',(#11870),#11874);
#11870 = LINE('',#11871,#11872);
#11871 = CARTESIAN_POINT('',(0.167665249779,0.));
#11872 = VECTOR('',#11873,1.);
#11873 = DIRECTION('',(0.,-1.));
#11874 = ( GEOMETRIC_REPRESENTATION_CONTEXT(2) 
PARAMETRIC_REPRESENTATION_CONTEXT() REPRESENTATION_CONTEXT('2D SPACE',''
  ) );
#11875 = PCURVE('',#4144,#11876);
#11876 = DEFINITIONAL_REPRESENTATION('',(#11877),#11881);
#11877 = LINE('',#11878,#11879);
#11878 = CARTESIAN_POINT('',(0.,0.));
#11879 = VECTOR('',#11880,1.);
#11880 = DIRECTION('',(0.,-1.));
#11881 = ( GEOMETRIC_REPRESENTATION_CONTEXT(2) 
PARAMETRIC_REPRESENTATION_CONTEXT() REPRESENTATION_CONTEXT('2D SPACE',''
  ) );
#11882 = ADVANCED_FACE('',(#11883),#3286,.F.);
#11883 = FACE_BOUND('',#11884,.F.);
#11884 = EDGE_LOOP('',(#11885,#11886,#11909,#11930));
#11885 = ORIENTED_EDGE('',*,*,#3271,.T.);
#11886 = ORIENTED_EDGE('',*,*,#11887,.T.);
#11887 = EDGE_CURVE('',#3272,#11888,#11890,.T.);
#11888 = VERTEX_POINT('',#11889);
#11889 = CARTESIAN_POINT('',(60.059147566915,39.95,108.40272021379));
#11890 = SURFACE_CURVE('',#11891,(#11895,#11902),.PCURVE_S1.);
#11891 = LINE('',#11892,#11893);
#11892 = CARTESIAN_POINT('',(60.059147566915,39.75,108.40272021379));
#11893 = VECTOR('',#11894,1.);
#11894 = DIRECTION('',(0.,1.,0.));
#11895 = PCURVE('',#3286,#11896);
#11896 = DEFINITIONAL_REPRESENTATION('',(#11897),#11901);
#11897 = LINE('',#11898,#11899);
#11898 = CARTESIAN_POINT('',(0.,0.));
#11899 = VECTOR('',#11900,1.);
#11900 = DIRECTION('',(0.,-1.));
#11901 = ( GEOMETRIC_REPRESENTATION_CONTEXT(2) 
PARAMETRIC_REPRESENTATION_CONTEXT() REPRESENTATION_CONTEXT('2D SPACE',''
  ) );
#11902 = PCURVE('',#3312,#11903);
#11903 = DEFINITIONAL_REPRESENTATION('',(#11904),#11908);
#11904 = LINE('',#11905,#11906);
#11905 = CARTESIAN_POINT('',(0.134070166615,0.));
#11906 = VECTOR('',#11907,1.);
#11907 = DIRECTION('',(0.,-1.));
#11908 = ( GEOMETRIC_REPRESENTATION_CONTEXT(2) 
PARAMETRIC_REPRESENTATION_CONTEXT() REPRESENTATION_CONTEXT('2D SPACE',''
  ) );
#11909 = ORIENTED_EDGE('',*,*,#11910,.T.);
#11910 = EDGE_CURVE('',#11888,#11790,#11911,.T.);
#11911 = SURFACE_CURVE('',#11912,(#11916,#11923),.PCURVE_S1.);
#11912 = LINE('',#11913,#11914);
#11913 = CARTESIAN_POINT('',(60.059147566915,39.95,108.40272021379));
#11914 = VECTOR('',#11915,1.);
#11915 = DIRECTION('',(0.83731541009,0.,0.546720133181));
#11916 = PCURVE('',#3286,#11917);
#11917 = DEFINITIONAL_REPRESENTATION('',(#11918),#11922);
#11918 = LINE('',#11919,#11920);
#11919 = CARTESIAN_POINT('',(0.,-0.2));
#11920 = VECTOR('',#11921,1.);
#11921 = DIRECTION('',(1.,0.));
#11922 = ( GEOMETRIC_REPRESENTATION_CONTEXT(2) 
PARAMETRIC_REPRESENTATION_CONTEXT() REPRESENTATION_CONTEXT('2D SPACE',''
  ) );
#11923 = PCURVE('',#11213,#11924);
#11924 = DEFINITIONAL_REPRESENTATION('',(#11925),#11929);
#11925 = LINE('',#11926,#11927);
#11926 = CARTESIAN_POINT('',(0.497978217999,-1.265897424561E-02));
#11927 = VECTOR('',#11928,1.);
#11928 = DIRECTION('',(-0.83731541009,0.546720133181));
#11929 = ( GEOMETRIC_REPRESENTATION_CONTEXT(2) 
PARAMETRIC_REPRESENTATION_CONTEXT() REPRESENTATION_CONTEXT('2D SPACE',''
  ) );
#11930 = ORIENTED_EDGE('',*,*,#11789,.F.);
#11931 = ADVANCED_FACE('',(#11932),#4144,.F.);
#11932 = FACE_BOUND('',#11933,.F.);
#11933 = EDGE_LOOP('',(#11934,#11935,#11936,#11959));
#11934 = ORIENTED_EDGE('',*,*,#4129,.T.);
#11935 = ORIENTED_EDGE('',*,*,#11862,.T.);
#11936 = ORIENTED_EDGE('',*,*,#11937,.T.);
#11937 = EDGE_CURVE('',#11840,#11938,#11940,.T.);
#11938 = VERTEX_POINT('',#11939);
#11939 = CARTESIAN_POINT('',(60.286894484161,39.95,109.1372882425));
#11940 = SURFACE_CURVE('',#11941,(#11945,#11952),.PCURVE_S1.);
#11941 = LINE('',#11942,#11943);
#11942 = CARTESIAN_POINT('',(60.15035050708,39.95,109.05957583885));
#11943 = VECTOR('',#11944,1.);
#11944 = DIRECTION('',(0.869099289291,0.,0.494637670779));
#11945 = PCURVE('',#4144,#11946);
#11946 = DEFINITIONAL_REPRESENTATION('',(#11947),#11951);
#11947 = LINE('',#11948,#11949);
#11948 = CARTESIAN_POINT('',(0.,-0.2));
#11949 = VECTOR('',#11950,1.);
#11950 = DIRECTION('',(1.,0.));
#11951 = ( GEOMETRIC_REPRESENTATION_CONTEXT(2) 
PARAMETRIC_REPRESENTATION_CONTEXT() REPRESENTATION_CONTEXT('2D SPACE',''
  ) );
#11952 = PCURVE('',#11213,#11953);
#11953 = DEFINITIONAL_REPRESENTATION('',(#11954),#11958);
#11954 = LINE('',#11955,#11956);
#11955 = CARTESIAN_POINT('',(0.406775277834,0.644196650816));
#11956 = VECTOR('',#11957,1.);
#11957 = DIRECTION('',(-0.869099289291,0.494637670779));
#11958 = ( GEOMETRIC_REPRESENTATION_CONTEXT(2) 
PARAMETRIC_REPRESENTATION_CONTEXT() REPRESENTATION_CONTEXT('2D SPACE',''
  ) );
#11959 = ORIENTED_EDGE('',*,*,#11960,.F.);
#11960 = EDGE_CURVE('',#4104,#11938,#11961,.T.);
#11961 = SURFACE_CURVE('',#11962,(#11966,#11973),.PCURVE_S1.);
#11962 = LINE('',#11963,#11964);
#11963 = CARTESIAN_POINT('',(60.286894484161,39.75,109.1372882425));
#11964 = VECTOR('',#11965,1.);
#11965 = DIRECTION('',(0.,1.,0.));
#11966 = PCURVE('',#4144,#11967);
#11967 = DEFINITIONAL_REPRESENTATION('',(#11968),#11972);
#11968 = LINE('',#11969,#11970);
#11969 = CARTESIAN_POINT('',(0.15710975577,0.));
#11970 = VECTOR('',#11971,1.);
#11971 = DIRECTION('',(0.,-1.));
#11972 = ( GEOMETRIC_REPRESENTATION_CONTEXT(2) 
PARAMETRIC_REPRESENTATION_CONTEXT() REPRESENTATION_CONTEXT('2D SPACE',''
  ) );
#11973 = PCURVE('',#4118,#11974);
#11974 = DEFINITIONAL_REPRESENTATION('',(#11975),#11979);
#11975 = LINE('',#11976,#11977);
#11976 = CARTESIAN_POINT('',(0.,0.));
#11977 = VECTOR('',#11978,1.);
#11978 = DIRECTION('',(0.,-1.));
#11979 = ( GEOMETRIC_REPRESENTATION_CONTEXT(2) 
PARAMETRIC_REPRESENTATION_CONTEXT() REPRESENTATION_CONTEXT('2D SPACE',''
  ) );
#11980 = ADVANCED_FACE('',(#11981),#3312,.F.);
#11981 = FACE_BOUND('',#11982,.F.);
#11982 = EDGE_LOOP('',(#11983,#11984,#12007,#12028));
#11983 = ORIENTED_EDGE('',*,*,#3297,.T.);
#11984 = ORIENTED_EDGE('',*,*,#11985,.T.);
#11985 = EDGE_CURVE('',#3298,#11986,#11988,.T.);
#11986 = VERTEX_POINT('',#11987);
#11987 = CARTESIAN_POINT('',(59.985304200726,39.95,108.29081861931));
#11988 = SURFACE_CURVE('',#11989,(#11993,#12000),.PCURVE_S1.);
#11989 = LINE('',#11990,#11991);
#11990 = CARTESIAN_POINT('',(59.985304200726,39.75,108.29081861931));
#11991 = VECTOR('',#11992,1.);
#11992 = DIRECTION('',(0.,1.,0.));
#11993 = PCURVE('',#3312,#11994);
#11994 = DEFINITIONAL_REPRESENTATION('',(#11995),#11999);
#11995 = LINE('',#11996,#11997);
#11996 = CARTESIAN_POINT('',(0.,0.));
#11997 = VECTOR('',#11998,1.);
#11998 = DIRECTION('',(0.,-1.));
#11999 = ( GEOMETRIC_REPRESENTATION_CONTEXT(2) 
PARAMETRIC_REPRESENTATION_CONTEXT() REPRESENTATION_CONTEXT('2D SPACE',''
  ) );
#12000 = PCURVE('',#3338,#12001);
#12001 = DEFINITIONAL_REPRESENTATION('',(#12002),#12006);
#12002 = LINE('',#12003,#12004);
#12003 = CARTESIAN_POINT('',(0.155821237283,0.));
#12004 = VECTOR('',#12005,1.);
#12005 = DIRECTION('',(0.,-1.));
#12006 = ( GEOMETRIC_REPRESENTATION_CONTEXT(2) 
PARAMETRIC_REPRESENTATION_CONTEXT() REPRESENTATION_CONTEXT('2D SPACE',''
  ) );
#12007 = ORIENTED_EDGE('',*,*,#12008,.T.);
#12008 = EDGE_CURVE('',#11986,#11888,#12009,.T.);
#12009 = SURFACE_CURVE('',#12010,(#12014,#12021),.PCURVE_S1.);
#12010 = LINE('',#12011,#12012);
#12011 = CARTESIAN_POINT('',(59.985304200726,39.95,108.29081861931));
#12012 = VECTOR('',#12013,1.);
#12013 = DIRECTION('',(0.55078149042,0.,0.834649477212));
#12014 = PCURVE('',#3312,#12015);
#12015 = DEFINITIONAL_REPRESENTATION('',(#12016),#12020);
#12016 = LINE('',#12017,#12018);
#12017 = CARTESIAN_POINT('',(0.,-0.2));
#12018 = VECTOR('',#12019,1.);
#12019 = DIRECTION('',(1.,0.));
#12020 = ( GEOMETRIC_REPRESENTATION_CONTEXT(2) 
PARAMETRIC_REPRESENTATION_CONTEXT() REPRESENTATION_CONTEXT('2D SPACE',''
  ) );
#12021 = PCURVE('',#11213,#12022);
#12022 = DEFINITIONAL_REPRESENTATION('',(#12023),#12027);
#12023 = LINE('',#12024,#12025);
#12024 = CARTESIAN_POINT('',(0.571821584188,-0.124560568721));
#12025 = VECTOR('',#12026,1.);
#12026 = DIRECTION('',(-0.55078149042,0.834649477212));
#12027 = ( GEOMETRIC_REPRESENTATION_CONTEXT(2) 
PARAMETRIC_REPRESENTATION_CONTEXT() REPRESENTATION_CONTEXT('2D SPACE',''
  ) );
#12028 = ORIENTED_EDGE('',*,*,#11887,.F.);
#12029 = ADVANCED_FACE('',(#12030),#4118,.F.);
#12030 = FACE_BOUND('',#12031,.F.);
#12031 = EDGE_LOOP('',(#12032,#12033,#12034,#12057));
#12032 = ORIENTED_EDGE('',*,*,#4103,.T.);
#12033 = ORIENTED_EDGE('',*,*,#11960,.T.);
#12034 = ORIENTED_EDGE('',*,*,#12035,.T.);
#12035 = EDGE_CURVE('',#11938,#12036,#12038,.T.);
#12036 = VERTEX_POINT('',#12037);
#12037 = CARTESIAN_POINT('',(60.437896269337,39.95,109.17752305937));
#12038 = SURFACE_CURVE('',#12039,(#12043,#12050),.PCURVE_S1.);
#12039 = LINE('',#12040,#12041);
#12040 = CARTESIAN_POINT('',(60.286894484161,39.95,109.1372882425));
#12041 = VECTOR('',#12042,1.);
#12042 = DIRECTION('',(0.966286420371,0.,0.257469520152));
#12043 = PCURVE('',#4118,#12044);
#12044 = DEFINITIONAL_REPRESENTATION('',(#12045),#12049);
#12045 = LINE('',#12046,#12047);
#12046 = CARTESIAN_POINT('',(0.,-0.2));
#12047 = VECTOR('',#12048,1.);
#12048 = DIRECTION('',(1.,0.));
#12049 = ( GEOMETRIC_REPRESENTATION_CONTEXT(2) 
PARAMETRIC_REPRESENTATION_CONTEXT() REPRESENTATION_CONTEXT('2D SPACE',''
  ) );
#12050 = PCURVE('',#11213,#12051);
#12051 = DEFINITIONAL_REPRESENTATION('',(#12052),#12056);
#12052 = LINE('',#12053,#12054);
#12053 = CARTESIAN_POINT('',(0.270231300753,0.721909054467));
#12054 = VECTOR('',#12055,1.);
#12055 = DIRECTION('',(-0.966286420371,0.257469520152));
#12056 = ( GEOMETRIC_REPRESENTATION_CONTEXT(2) 
PARAMETRIC_REPRESENTATION_CONTEXT() REPRESENTATION_CONTEXT('2D SPACE',''
  ) );
#12057 = ORIENTED_EDGE('',*,*,#12058,.F.);
#12058 = EDGE_CURVE('',#4078,#12036,#12059,.T.);
#12059 = SURFACE_CURVE('',#12060,(#12064,#12071),.PCURVE_S1.);
#12060 = LINE('',#12061,#12062);
#12061 = CARTESIAN_POINT('',(60.437896269337,39.75,109.17752305937));
#12062 = VECTOR('',#12063,1.);
#12063 = DIRECTION('',(0.,1.,0.));
#12064 = PCURVE('',#4118,#12065);
#12065 = DEFINITIONAL_REPRESENTATION('',(#12066),#12070);
#12066 = LINE('',#12067,#12068);
#12067 = CARTESIAN_POINT('',(0.156270213462,0.));
#12068 = VECTOR('',#12069,1.);
#12069 = DIRECTION('',(0.,-1.));
#12070 = ( GEOMETRIC_REPRESENTATION_CONTEXT(2) 
PARAMETRIC_REPRESENTATION_CONTEXT() REPRESENTATION_CONTEXT('2D SPACE',''
  ) );
#12071 = PCURVE('',#4092,#12072);
#12072 = DEFINITIONAL_REPRESENTATION('',(#12073),#12077);
#12073 = LINE('',#12074,#12075);
#12074 = CARTESIAN_POINT('',(0.,0.));
#12075 = VECTOR('',#12076,1.);
#12076 = DIRECTION('',(0.,-1.));
#12077 = ( GEOMETRIC_REPRESENTATION_CONTEXT(2) 
PARAMETRIC_REPRESENTATION_CONTEXT() REPRESENTATION_CONTEXT('2D SPACE',''
  ) );
#12078 = ADVANCED_FACE('',(#12079),#3338,.F.);
#12079 = FACE_BOUND('',#12080,.F.);
#12080 = EDGE_LOOP('',(#12081,#12082,#12105,#12126));
#12081 = ORIENTED_EDGE('',*,*,#3323,.T.);
#12082 = ORIENTED_EDGE('',*,*,#12083,.T.);
#12083 = EDGE_CURVE('',#3324,#12084,#12086,.T.);
#12084 = VERTEX_POINT('',#12085);
#12085 = CARTESIAN_POINT('',(59.957646851434,39.95,108.13747153255));
#12086 = SURFACE_CURVE('',#12087,(#12091,#12098),.PCURVE_S1.);
#12087 = LINE('',#12088,#12089);
#12088 = CARTESIAN_POINT('',(59.957646851434,39.75,108.13747153255));
#12089 = VECTOR('',#12090,1.);
#12090 = DIRECTION('',(0.,1.,0.));
#12091 = PCURVE('',#3338,#12092);
#12092 = DEFINITIONAL_REPRESENTATION('',(#12093),#12097);
#12093 = LINE('',#12094,#12095);
#12094 = CARTESIAN_POINT('',(0.,0.));
#12095 = VECTOR('',#12096,1.);
#12096 = DIRECTION('',(0.,-1.));
#12097 = ( GEOMETRIC_REPRESENTATION_CONTEXT(2) 
PARAMETRIC_REPRESENTATION_CONTEXT() REPRESENTATION_CONTEXT('2D SPACE',''
  ) );
#12098 = PCURVE('',#3364,#12099);
#12099 = DEFINITIONAL_REPRESENTATION('',(#12100),#12104);
#12100 = LINE('',#12101,#12102);
#12101 = CARTESIAN_POINT('',(0.197826876593,0.));
#12102 = VECTOR('',#12103,1.);
#12103 = DIRECTION('',(0.,-1.));
#12104 = ( GEOMETRIC_REPRESENTATION_CONTEXT(2) 
PARAMETRIC_REPRESENTATION_CONTEXT() REPRESENTATION_CONTEXT('2D SPACE',''
  ) );
#12105 = ORIENTED_EDGE('',*,*,#12106,.T.);
#12106 = EDGE_CURVE('',#12084,#11986,#12107,.T.);
#12107 = SURFACE_CURVE('',#12108,(#12112,#12119),.PCURVE_S1.);
#12108 = LINE('',#12109,#12110);
#12109 = CARTESIAN_POINT('',(59.957646851434,39.95,108.13747153255));
#12110 = VECTOR('',#12111,1.);
#12111 = DIRECTION('',(0.177494093704,0.,0.984121865777));
#12112 = PCURVE('',#3338,#12113);
#12113 = DEFINITIONAL_REPRESENTATION('',(#12114),#12118);
#12114 = LINE('',#12115,#12116);
#12115 = CARTESIAN_POINT('',(0.,-0.2));
#12116 = VECTOR('',#12117,1.);
#12117 = DIRECTION('',(1.,0.));
#12118 = ( GEOMETRIC_REPRESENTATION_CONTEXT(2) 
PARAMETRIC_REPRESENTATION_CONTEXT() REPRESENTATION_CONTEXT('2D SPACE',''
  ) );
#12119 = PCURVE('',#11213,#12120);
#12120 = DEFINITIONAL_REPRESENTATION('',(#12121),#12125);
#12121 = LINE('',#12122,#12123);
#12122 = CARTESIAN_POINT('',(0.59947893348,-0.277907655484));
#12123 = VECTOR('',#12124,1.);
#12124 = DIRECTION('',(-0.177494093704,0.984121865777));
#12125 = ( GEOMETRIC_REPRESENTATION_CONTEXT(2) 
PARAMETRIC_REPRESENTATION_CONTEXT() REPRESENTATION_CONTEXT('2D SPACE',''
  ) );
#12126 = ORIENTED_EDGE('',*,*,#11985,.F.);
#12127 = ADVANCED_FACE('',(#12128),#4092,.F.);
#12128 = FACE_BOUND('',#12129,.F.);
#12129 = EDGE_LOOP('',(#12130,#12131,#12132,#12155));
#12130 = ORIENTED_EDGE('',*,*,#4077,.T.);
#12131 = ORIENTED_EDGE('',*,*,#12058,.T.);
#12132 = ORIENTED_EDGE('',*,*,#12133,.T.);
#12133 = EDGE_CURVE('',#12036,#12134,#12136,.T.);
#12134 = VERTEX_POINT('',#12135);
#12135 = CARTESIAN_POINT('',(60.587038140958,39.95,109.1866554435));
#12136 = SURFACE_CURVE('',#12137,(#12141,#12148),.PCURVE_S1.);
#12137 = LINE('',#12138,#12139);
#12138 = CARTESIAN_POINT('',(60.437896269337,39.95,109.17752305937));
#12139 = VECTOR('',#12140,1.);
#12140 = DIRECTION('',(0.998130523617,0.,6.111839186886E-02));
#12141 = PCURVE('',#4092,#12142);
#12142 = DEFINITIONAL_REPRESENTATION('',(#12143),#12147);
#12143 = LINE('',#12144,#12145);
#12144 = CARTESIAN_POINT('',(0.,-0.2));
#12145 = VECTOR('',#12146,1.);
#12146 = DIRECTION('',(1.,0.));
#12147 = ( GEOMETRIC_REPRESENTATION_CONTEXT(2) 
PARAMETRIC_REPRESENTATION_CONTEXT() REPRESENTATION_CONTEXT('2D SPACE',''
  ) );
#12148 = PCURVE('',#11213,#12149);
#12149 = DEFINITIONAL_REPRESENTATION('',(#12150),#12154);
#12150 = LINE('',#12151,#12152);
#12151 = CARTESIAN_POINT('',(0.119229515577,0.762143871341));
#12152 = VECTOR('',#12153,1.);
#12153 = DIRECTION('',(-0.998130523617,6.111839186886E-02));
#12154 = ( GEOMETRIC_REPRESENTATION_CONTEXT(2) 
PARAMETRIC_REPRESENTATION_CONTEXT() REPRESENTATION_CONTEXT('2D SPACE',''
  ) );
#12155 = ORIENTED_EDGE('',*,*,#12156,.F.);
#12156 = EDGE_CURVE('',#4052,#12134,#12157,.T.);
#12157 = SURFACE_CURVE('',#12158,(#12162,#12169),.PCURVE_S1.);
#12158 = LINE('',#12159,#12160);
#12159 = CARTESIAN_POINT('',(60.587038140958,39.75,109.1866554435));
#12160 = VECTOR('',#12161,1.);
#12161 = DIRECTION('',(0.,1.,0.));
#12162 = PCURVE('',#4092,#12163);
#12163 = DEFINITIONAL_REPRESENTATION('',(#12164),#12168);
#12164 = LINE('',#12165,#12166);
#12165 = CARTESIAN_POINT('',(0.149421211046,0.));
#12166 = VECTOR('',#12167,1.);
#12167 = DIRECTION('',(0.,-1.));
#12168 = ( GEOMETRIC_REPRESENTATION_CONTEXT(2) 
PARAMETRIC_REPRESENTATION_CONTEXT() REPRESENTATION_CONTEXT('2D SPACE',''
  ) );
#12169 = PCURVE('',#4066,#12170);
#12170 = DEFINITIONAL_REPRESENTATION('',(#12171),#12175);
#12171 = LINE('',#12172,#12173);
#12172 = CARTESIAN_POINT('',(0.,0.));
#12173 = VECTOR('',#12174,1.);
#12174 = DIRECTION('',(0.,-1.));
#12175 = ( GEOMETRIC_REPRESENTATION_CONTEXT(2) 
PARAMETRIC_REPRESENTATION_CONTEXT() REPRESENTATION_CONTEXT('2D SPACE',''
  ) );
#12176 = ADVANCED_FACE('',(#12177),#3364,.F.);
#12177 = FACE_BOUND('',#12178,.F.);
#12178 = EDGE_LOOP('',(#12179,#12180,#12203,#12224));
#12179 = ORIENTED_EDGE('',*,*,#3349,.T.);
#12180 = ORIENTED_EDGE('',*,*,#12181,.T.);
#12181 = EDGE_CURVE('',#3350,#12182,#12184,.T.);
#12182 = VERTEX_POINT('',#12183);
#12183 = CARTESIAN_POINT('',(59.992949479809,39.95,107.94282005546));
#12184 = SURFACE_CURVE('',#12185,(#12189,#12196),.PCURVE_S1.);
#12185 = LINE('',#12186,#12187);
#12186 = CARTESIAN_POINT('',(59.992949479809,39.75,107.94282005546));
#12187 = VECTOR('',#12188,1.);
#12188 = DIRECTION('',(0.,1.,0.));
#12189 = PCURVE('',#3364,#12190);
#12190 = DEFINITIONAL_REPRESENTATION('',(#12191),#12195);
#12191 = LINE('',#12192,#12193);
#12192 = CARTESIAN_POINT('',(0.,0.));
#12193 = VECTOR('',#12194,1.);
#12194 = DIRECTION('',(0.,-1.));
#12195 = ( GEOMETRIC_REPRESENTATION_CONTEXT(2) 
PARAMETRIC_REPRESENTATION_CONTEXT() REPRESENTATION_CONTEXT('2D SPACE',''
  ) );
#12196 = PCURVE('',#3390,#12197);
#12197 = DEFINITIONAL_REPRESENTATION('',(#12198),#12202);
#12198 = LINE('',#12199,#12200);
#12199 = CARTESIAN_POINT('',(0.191000398673,0.));
#12200 = VECTOR('',#12201,1.);
#12201 = DIRECTION('',(0.,-1.));
#12202 = ( GEOMETRIC_REPRESENTATION_CONTEXT(2) 
PARAMETRIC_REPRESENTATION_CONTEXT() REPRESENTATION_CONTEXT('2D SPACE',''
  ) );
#12203 = ORIENTED_EDGE('',*,*,#12204,.T.);
#12204 = EDGE_CURVE('',#12182,#12084,#12205,.T.);
#12205 = SURFACE_CURVE('',#12206,(#12210,#12217),.PCURVE_S1.);
#12206 = LINE('',#12207,#12208);
#12207 = CARTESIAN_POINT('',(59.992949479809,39.95,107.94282005546));
#12208 = VECTOR('',#12209,1.);
#12209 = DIRECTION('',(-0.178452134424,0.,0.983948594043));
#12210 = PCURVE('',#3364,#12211);
#12211 = DEFINITIONAL_REPRESENTATION('',(#12212),#12216);
#12212 = LINE('',#12213,#12214);
#12213 = CARTESIAN_POINT('',(0.,-0.2));
#12214 = VECTOR('',#12215,1.);
#12215 = DIRECTION('',(1.,0.));
#12216 = ( GEOMETRIC_REPRESENTATION_CONTEXT(2) 
PARAMETRIC_REPRESENTATION_CONTEXT() REPRESENTATION_CONTEXT('2D SPACE',''
  ) );
#12217 = PCURVE('',#11213,#12218);
#12218 = DEFINITIONAL_REPRESENTATION('',(#12219),#12223);
#12219 = LINE('',#12220,#12221);
#12220 = CARTESIAN_POINT('',(0.564176305105,-0.472559132572));
#12221 = VECTOR('',#12222,1.);
#12222 = DIRECTION('',(0.178452134424,0.983948594043));
#12223 = ( GEOMETRIC_REPRESENTATION_CONTEXT(2) 
PARAMETRIC_REPRESENTATION_CONTEXT() REPRESENTATION_CONTEXT('2D SPACE',''
  ) );
#12224 = ORIENTED_EDGE('',*,*,#12083,.F.);
#12225 = ADVANCED_FACE('',(#12226),#4066,.F.);
#12226 = FACE_BOUND('',#12227,.F.);
#12227 = EDGE_LOOP('',(#12228,#12229,#12230,#12253));
#12228 = ORIENTED_EDGE('',*,*,#4051,.T.);
#12229 = ORIENTED_EDGE('',*,*,#12156,.T.);
#12230 = ORIENTED_EDGE('',*,*,#12231,.T.);
#12231 = EDGE_CURVE('',#12134,#12232,#12234,.T.);
#12232 = VERTEX_POINT('',#12233);
#12233 = CARTESIAN_POINT('',(60.825346759997,39.95,109.15328022721));
#12234 = SURFACE_CURVE('',#12235,(#12239,#12246),.PCURVE_S1.);
#12235 = LINE('',#12236,#12237);
#12236 = CARTESIAN_POINT('',(60.587038140958,39.95,109.1866554435));
#12237 = VECTOR('',#12238,1.);
#12238 = DIRECTION('',(0.99033489263,0.,-0.138696793181));
#12239 = PCURVE('',#4066,#12240);
#12240 = DEFINITIONAL_REPRESENTATION('',(#12241),#12245);
#12241 = LINE('',#12242,#12243);
#12242 = CARTESIAN_POINT('',(0.,-0.2));
#12243 = VECTOR('',#12244,1.);
#12244 = DIRECTION('',(1.,0.));
#12245 = ( GEOMETRIC_REPRESENTATION_CONTEXT(2) 
PARAMETRIC_REPRESENTATION_CONTEXT() REPRESENTATION_CONTEXT('2D SPACE',''
  ) );
#12246 = PCURVE('',#11213,#12247);
#12247 = DEFINITIONAL_REPRESENTATION('',(#12248),#12252);
#12248 = LINE('',#12249,#12250);
#12249 = CARTESIAN_POINT('',(-2.991235604413E-02,0.771276255471));
#12250 = VECTOR('',#12251,1.);
#12251 = DIRECTION('',(-0.99033489263,-0.138696793181));
#12252 = ( GEOMETRIC_REPRESENTATION_CONTEXT(2) 
PARAMETRIC_REPRESENTATION_CONTEXT() REPRESENTATION_CONTEXT('2D SPACE',''
  ) );
#12253 = ORIENTED_EDGE('',*,*,#12254,.F.);
#12254 = EDGE_CURVE('',#4026,#12232,#12255,.T.);
#12255 = SURFACE_CURVE('',#12256,(#12260,#12267),.PCURVE_S1.);
#12256 = LINE('',#12257,#12258);
#12257 = CARTESIAN_POINT('',(60.825346759997,39.75,109.15328022721));
#12258 = VECTOR('',#12259,1.);
#12259 = DIRECTION('',(0.,1.,0.));
#12260 = PCURVE('',#4066,#12261);
#12261 = DEFINITIONAL_REPRESENTATION('',(#12262),#12266);
#12262 = LINE('',#12263,#12264);
#12263 = CARTESIAN_POINT('',(0.240634376121,0.));
#12264 = VECTOR('',#12265,1.);
#12265 = DIRECTION('',(0.,-1.));
#12266 = ( GEOMETRIC_REPRESENTATION_CONTEXT(2) 
PARAMETRIC_REPRESENTATION_CONTEXT() REPRESENTATION_CONTEXT('2D SPACE',''
  ) );
#12267 = PCURVE('',#4040,#12268);
#12268 = DEFINITIONAL_REPRESENTATION('',(#12269),#12273);
#12269 = LINE('',#12270,#12271);
#12270 = CARTESIAN_POINT('',(0.,0.));
#12271 = VECTOR('',#12272,1.);
#12272 = DIRECTION('',(0.,-1.));
#12273 = ( GEOMETRIC_REPRESENTATION_CONTEXT(2) 
PARAMETRIC_REPRESENTATION_CONTEXT() REPRESENTATION_CONTEXT('2D SPACE',''
  ) );
#12274 = ADVANCED_FACE('',(#12275),#3390,.F.);
#12275 = FACE_BOUND('',#12276,.F.);
#12276 = EDGE_LOOP('',(#12277,#12278,#12301,#12322));
#12277 = ORIENTED_EDGE('',*,*,#3375,.T.);
#12278 = ORIENTED_EDGE('',*,*,#12279,.T.);
#12279 = EDGE_CURVE('',#3376,#12280,#12282,.T.);
#12280 = VERTEX_POINT('',#12281);
#12281 = CARTESIAN_POINT('',(60.106560537716,39.95,107.78928282931));
#12282 = SURFACE_CURVE('',#12283,(#12287,#12294),.PCURVE_S1.);
#12283 = LINE('',#12284,#12285);
#12284 = CARTESIAN_POINT('',(60.106560537716,39.75,107.78928282931));
#12285 = VECTOR('',#12286,1.);
#12286 = DIRECTION('',(0.,1.,0.));
#12287 = PCURVE('',#3390,#12288);
#12288 = DEFINITIONAL_REPRESENTATION('',(#12289),#12293);
#12289 = LINE('',#12290,#12291);
#12290 = CARTESIAN_POINT('',(0.,0.));
#12291 = VECTOR('',#12292,1.);
#12292 = DIRECTION('',(0.,-1.));
#12293 = ( GEOMETRIC_REPRESENTATION_CONTEXT(2) 
PARAMETRIC_REPRESENTATION_CONTEXT() REPRESENTATION_CONTEXT('2D SPACE',''
  ) );
#12294 = PCURVE('',#3416,#12295);
#12295 = DEFINITIONAL_REPRESENTATION('',(#12296),#12300);
#12296 = LINE('',#12297,#12298);
#12297 = CARTESIAN_POINT('',(0.21360779403,0.));
#12298 = VECTOR('',#12299,1.);
#12299 = DIRECTION('',(0.,-1.));
#12300 = ( GEOMETRIC_REPRESENTATION_CONTEXT(2) 
PARAMETRIC_REPRESENTATION_CONTEXT() REPRESENTATION_CONTEXT('2D SPACE',''
  ) );
#12301 = ORIENTED_EDGE('',*,*,#12302,.T.);
#12302 = EDGE_CURVE('',#12280,#12182,#12303,.T.);
#12303 = SURFACE_CURVE('',#12304,(#12308,#12315),.PCURVE_S1.);
#12304 = LINE('',#12305,#12306);
#12305 = CARTESIAN_POINT('',(60.106560537716,39.95,107.78928282931));
#12306 = VECTOR('',#12307,1.);
#12307 = DIRECTION('',(-0.594821051142,0.,0.803858144898));
#12308 = PCURVE('',#3390,#12309);
#12309 = DEFINITIONAL_REPRESENTATION('',(#12310),#12314);
#12310 = LINE('',#12311,#12312);
#12311 = CARTESIAN_POINT('',(0.,-0.2));
#12312 = VECTOR('',#12313,1.);
#12313 = DIRECTION('',(1.,0.));
#12314 = ( GEOMETRIC_REPRESENTATION_CONTEXT(2) 
PARAMETRIC_REPRESENTATION_CONTEXT() REPRESENTATION_CONTEXT('2D SPACE',''
  ) );
#12315 = PCURVE('',#11213,#12316);
#12316 = DEFINITIONAL_REPRESENTATION('',(#12317),#12321);
#12317 = LINE('',#12318,#12319);
#12318 = CARTESIAN_POINT('',(0.450565247198,-0.626096358724));
#12319 = VECTOR('',#12320,1.);
#12320 = DIRECTION('',(0.594821051142,0.803858144898));
#12321 = ( GEOMETRIC_REPRESENTATION_CONTEXT(2) 
PARAMETRIC_REPRESENTATION_CONTEXT() REPRESENTATION_CONTEXT('2D SPACE',''
  ) );
#12322 = ORIENTED_EDGE('',*,*,#12181,.F.);
#12323 = ADVANCED_FACE('',(#12324),#4040,.F.);
#12324 = FACE_BOUND('',#12325,.F.);
#12325 = EDGE_LOOP('',(#12326,#12327,#12328,#12351));
#12326 = ORIENTED_EDGE('',*,*,#4025,.T.);
#12327 = ORIENTED_EDGE('',*,*,#12254,.T.);
#12328 = ORIENTED_EDGE('',*,*,#12329,.T.);
#12329 = EDGE_CURVE('',#12232,#12330,#12332,.T.);
#12330 = VERTEX_POINT('',#12331);
#12331 = CARTESIAN_POINT('',(60.999440196715,39.95,109.05911411791));
#12332 = SURFACE_CURVE('',#12333,(#12337,#12344),.PCURVE_S1.);
#12333 = LINE('',#12334,#12335);
#12334 = CARTESIAN_POINT('',(60.825346759997,39.95,109.15328022721));
#12335 = VECTOR('',#12336,1.);
#12336 = DIRECTION('',(0.879576399195,0.,-0.475757667284));
#12337 = PCURVE('',#4040,#12338);
#12338 = DEFINITIONAL_REPRESENTATION('',(#12339),#12343);
#12339 = LINE('',#12340,#12341);
#12340 = CARTESIAN_POINT('',(0.,-0.2));
#12341 = VECTOR('',#12342,1.);
#12342 = DIRECTION('',(1.,0.));
#12343 = ( GEOMETRIC_REPRESENTATION_CONTEXT(2) 
PARAMETRIC_REPRESENTATION_CONTEXT() REPRESENTATION_CONTEXT('2D SPACE',''
  ) );
#12344 = PCURVE('',#11213,#12345);
#12345 = DEFINITIONAL_REPRESENTATION('',(#12346),#12350);
#12346 = LINE('',#12347,#12348);
#12347 = CARTESIAN_POINT('',(-0.268220975083,0.737901039174));
#12348 = VECTOR('',#12349,1.);
#12349 = DIRECTION('',(-0.879576399195,-0.475757667284));
#12350 = ( GEOMETRIC_REPRESENTATION_CONTEXT(2) 
PARAMETRIC_REPRESENTATION_CONTEXT() REPRESENTATION_CONTEXT('2D SPACE',''
  ) );
#12351 = ORIENTED_EDGE('',*,*,#12352,.F.);
#12352 = EDGE_CURVE('',#4000,#12330,#12353,.T.);
#12353 = SURFACE_CURVE('',#12354,(#12358,#12365),.PCURVE_S1.);
#12354 = LINE('',#12355,#12356);
#12355 = CARTESIAN_POINT('',(60.999440196715,39.75,109.05911411791));
#12356 = VECTOR('',#12357,1.);
#12357 = DIRECTION('',(0.,1.,0.));
#12358 = PCURVE('',#4040,#12359);
#12359 = DEFINITIONAL_REPRESENTATION('',(#12360),#12364);
#12360 = LINE('',#12361,#12362);
#12361 = CARTESIAN_POINT('',(0.197928726688,0.));
#12362 = VECTOR('',#12363,1.);
#12363 = DIRECTION('',(0.,-1.));
#12364 = ( GEOMETRIC_REPRESENTATION_CONTEXT(2) 
PARAMETRIC_REPRESENTATION_CONTEXT() REPRESENTATION_CONTEXT('2D SPACE',''
  ) );
#12365 = PCURVE('',#4014,#12366);
#12366 = DEFINITIONAL_REPRESENTATION('',(#12367),#12371);
#12367 = LINE('',#12368,#12369);
#12368 = CARTESIAN_POINT('',(0.,0.));
#12369 = VECTOR('',#12370,1.);
#12370 = DIRECTION('',(0.,-1.));
#12371 = ( GEOMETRIC_REPRESENTATION_CONTEXT(2) 
PARAMETRIC_REPRESENTATION_CONTEXT() REPRESENTATION_CONTEXT('2D SPACE',''
  ) );
#12372 = ADVANCED_FACE('',(#12373),#3416,.F.);
#12373 = FACE_BOUND('',#12374,.F.);
#12374 = EDGE_LOOP('',(#12375,#12376,#12399,#12420));
#12375 = ORIENTED_EDGE('',*,*,#3401,.T.);
#12376 = ORIENTED_EDGE('',*,*,#12377,.T.);
#12377 = EDGE_CURVE('',#3402,#12378,#12380,.T.);
#12378 = VERTEX_POINT('',#12379);
#12379 = CARTESIAN_POINT('',(60.295305231708,39.95,107.68926418025));
#12380 = SURFACE_CURVE('',#12381,(#12385,#12392),.PCURVE_S1.);
#12381 = LINE('',#12382,#12383);
#12382 = CARTESIAN_POINT('',(60.295305231708,39.75,107.68926418025));
#12383 = VECTOR('',#12384,1.);
#12384 = DIRECTION('',(0.,1.,0.));
#12385 = PCURVE('',#3416,#12386);
#12386 = DEFINITIONAL_REPRESENTATION('',(#12387),#12391);
#12387 = LINE('',#12388,#12389);
#12388 = CARTESIAN_POINT('',(0.,0.));
#12389 = VECTOR('',#12390,1.);
#12390 = DIRECTION('',(0.,-1.));
#12391 = ( GEOMETRIC_REPRESENTATION_CONTEXT(2) 
PARAMETRIC_REPRESENTATION_CONTEXT() REPRESENTATION_CONTEXT('2D SPACE',''
  ) );
#12392 = PCURVE('',#3442,#12393);
#12393 = DEFINITIONAL_REPRESENTATION('',(#12394),#12398);
#12394 = LINE('',#12395,#12396);
#12395 = CARTESIAN_POINT('',(0.255973453373,0.));
#12396 = VECTOR('',#12397,1.);
#12397 = DIRECTION('',(0.,-1.));
#12398 = ( GEOMETRIC_REPRESENTATION_CONTEXT(2) 
PARAMETRIC_REPRESENTATION_CONTEXT() REPRESENTATION_CONTEXT('2D SPACE',''
  ) );
#12399 = ORIENTED_EDGE('',*,*,#12400,.T.);
#12400 = EDGE_CURVE('',#12378,#12280,#12401,.T.);
#12401 = SURFACE_CURVE('',#12402,(#12406,#12413),.PCURVE_S1.);
#12402 = LINE('',#12403,#12404);
#12403 = CARTESIAN_POINT('',(60.295305231708,39.95,107.68926418025));
#12404 = VECTOR('',#12405,1.);
#12405 = DIRECTION('',(-0.883603966089,0.,0.468235016965));
#12406 = PCURVE('',#3416,#12407);
#12407 = DEFINITIONAL_REPRESENTATION('',(#12408),#12412);
#12408 = LINE('',#12409,#12410);
#12409 = CARTESIAN_POINT('',(0.,-0.2));
#12410 = VECTOR('',#12411,1.);
#12411 = DIRECTION('',(1.,0.));
#12412 = ( GEOMETRIC_REPRESENTATION_CONTEXT(2) 
PARAMETRIC_REPRESENTATION_CONTEXT() REPRESENTATION_CONTEXT('2D SPACE',''
  ) );
#12413 = PCURVE('',#11213,#12414);
#12414 = DEFINITIONAL_REPRESENTATION('',(#12415),#12419);
#12415 = LINE('',#12416,#12417);
#12416 = CARTESIAN_POINT('',(0.261820553206,-0.726115007785));
#12417 = VECTOR('',#12418,1.);
#12418 = DIRECTION('',(0.883603966089,0.468235016965));
#12419 = ( GEOMETRIC_REPRESENTATION_CONTEXT(2) 
PARAMETRIC_REPRESENTATION_CONTEXT() REPRESENTATION_CONTEXT('2D SPACE',''
  ) );
#12420 = ORIENTED_EDGE('',*,*,#12279,.F.);
#12421 = ADVANCED_FACE('',(#12422),#4014,.F.);
#12422 = FACE_BOUND('',#12423,.F.);
#12423 = EDGE_LOOP('',(#12424,#12425,#12426,#12449));
#12424 = ORIENTED_EDGE('',*,*,#3999,.T.);
#12425 = ORIENTED_EDGE('',*,*,#12352,.T.);
#12426 = ORIENTED_EDGE('',*,*,#12427,.T.);
#12427 = EDGE_CURVE('',#12330,#12428,#12430,.T.);
#12428 = VERTEX_POINT('',#12429);
#12429 = CARTESIAN_POINT('',(61.102976511772,39.95,108.91420284898));
#12430 = SURFACE_CURVE('',#12431,(#12435,#12442),.PCURVE_S1.);
#12431 = LINE('',#12432,#12433);
#12432 = CARTESIAN_POINT('',(60.999440196715,39.95,109.05911411791));
#12433 = VECTOR('',#12434,1.);
#12434 = DIRECTION('',(0.581343279981,0.,-0.813658399343));
#12435 = PCURVE('',#4014,#12436);
#12436 = DEFINITIONAL_REPRESENTATION('',(#12437),#12441);
#12437 = LINE('',#12438,#12439);
#12438 = CARTESIAN_POINT('',(0.,-0.2));
#12439 = VECTOR('',#12440,1.);
#12440 = DIRECTION('',(1.,0.));
#12441 = ( GEOMETRIC_REPRESENTATION_CONTEXT(2) 
PARAMETRIC_REPRESENTATION_CONTEXT() REPRESENTATION_CONTEXT('2D SPACE',''
  ) );
#12442 = PCURVE('',#11213,#12443);
#12443 = DEFINITIONAL_REPRESENTATION('',(#12444),#12448);
#12444 = LINE('',#12445,#12446);
#12445 = CARTESIAN_POINT('',(-0.442314411801,0.643734929876));
#12446 = VECTOR('',#12447,1.);
#12447 = DIRECTION('',(-0.581343279981,-0.813658399343));
#12448 = ( GEOMETRIC_REPRESENTATION_CONTEXT(2) 
PARAMETRIC_REPRESENTATION_CONTEXT() REPRESENTATION_CONTEXT('2D SPACE',''
  ) );
#12449 = ORIENTED_EDGE('',*,*,#12450,.F.);
#12450 = EDGE_CURVE('',#3974,#12428,#12451,.T.);
#12451 = SURFACE_CURVE('',#12452,(#12456,#12463),.PCURVE_S1.);
#12452 = LINE('',#12453,#12454);
#12453 = CARTESIAN_POINT('',(61.102976511772,39.75,108.91420284898));
#12454 = VECTOR('',#12455,1.);
#12455 = DIRECTION('',(0.,1.,0.));
#12456 = PCURVE('',#4014,#12457);
#12457 = DEFINITIONAL_REPRESENTATION('',(#12458),#12462);
#12458 = LINE('',#12459,#12460);
#12459 = CARTESIAN_POINT('',(0.178098412113,0.));
#12460 = VECTOR('',#12461,1.);
#12461 = DIRECTION('',(0.,-1.));
#12462 = ( GEOMETRIC_REPRESENTATION_CONTEXT(2) 
PARAMETRIC_REPRESENTATION_CONTEXT() REPRESENTATION_CONTEXT('2D SPACE',''
  ) );
#12463 = PCURVE('',#3988,#12464);
#12464 = DEFINITIONAL_REPRESENTATION('',(#12465),#12469);
#12465 = LINE('',#12466,#12467);
#12466 = CARTESIAN_POINT('',(0.,0.));
#12467 = VECTOR('',#12468,1.);
#12468 = DIRECTION('',(0.,-1.));
#12469 = ( GEOMETRIC_REPRESENTATION_CONTEXT(2) 
PARAMETRIC_REPRESENTATION_CONTEXT() REPRESENTATION_CONTEXT('2D SPACE',''
  ) );
#12470 = ADVANCED_FACE('',(#12471),#3442,.F.);
#12471 = FACE_BOUND('',#12472,.F.);
#12472 = EDGE_LOOP('',(#12473,#12474,#12497,#12518));
#12473 = ORIENTED_EDGE('',*,*,#3427,.T.);
#12474 = ORIENTED_EDGE('',*,*,#12475,.T.);
#12475 = EDGE_CURVE('',#3428,#12476,#12478,.T.);
#12476 = VERTEX_POINT('',#12477);
#12477 = CARTESIAN_POINT('',(60.548877488149,39.95,107.65428533528));
#12478 = SURFACE_CURVE('',#12479,(#12483,#12490),.PCURVE_S1.);
#12479 = LINE('',#12480,#12481);
#12480 = CARTESIAN_POINT('',(60.548877488149,39.75,107.65428533528));
#12481 = VECTOR('',#12482,1.);
#12482 = DIRECTION('',(0.,1.,0.));
#12483 = PCURVE('',#3442,#12484);
#12484 = DEFINITIONAL_REPRESENTATION('',(#12485),#12489);
#12485 = LINE('',#12486,#12487);
#12486 = CARTESIAN_POINT('',(0.,0.));
#12487 = VECTOR('',#12488,1.);
#12488 = DIRECTION('',(0.,-1.));
#12489 = ( GEOMETRIC_REPRESENTATION_CONTEXT(2) 
PARAMETRIC_REPRESENTATION_CONTEXT() REPRESENTATION_CONTEXT('2D SPACE',''
  ) );
#12490 = PCURVE('',#3468,#12491);
#12491 = DEFINITIONAL_REPRESENTATION('',(#12492),#12496);
#12492 = LINE('',#12493,#12494);
#12493 = CARTESIAN_POINT('',(0.248669948768,0.));
#12494 = VECTOR('',#12495,1.);
#12495 = DIRECTION('',(0.,-1.));
#12496 = ( GEOMETRIC_REPRESENTATION_CONTEXT(2) 
PARAMETRIC_REPRESENTATION_CONTEXT() REPRESENTATION_CONTEXT('2D SPACE',''
  ) );
#12497 = ORIENTED_EDGE('',*,*,#12498,.T.);
#12498 = EDGE_CURVE('',#12476,#12378,#12499,.T.);
#12499 = SURFACE_CURVE('',#12500,(#12504,#12511),.PCURVE_S1.);
#12500 = LINE('',#12501,#12502);
#12501 = CARTESIAN_POINT('',(60.548877488149,39.95,107.65428533528));
#12502 = VECTOR('',#12503,1.);
#12503 = DIRECTION('',(-0.990619351732,0.,0.136650283475));
#12504 = PCURVE('',#3442,#12505);
#12505 = DEFINITIONAL_REPRESENTATION('',(#12506),#12510);
#12506 = LINE('',#12507,#12508);
#12507 = CARTESIAN_POINT('',(0.,-0.2));
#12508 = VECTOR('',#12509,1.);
#12509 = DIRECTION('',(1.,0.));
#12510 = ( GEOMETRIC_REPRESENTATION_CONTEXT(2) 
PARAMETRIC_REPRESENTATION_CONTEXT() REPRESENTATION_CONTEXT('2D SPACE',''
  ) );
#12511 = PCURVE('',#11213,#12512);
#12512 = DEFINITIONAL_REPRESENTATION('',(#12513),#12517);
#12513 = LINE('',#12514,#12515);
#12514 = CARTESIAN_POINT('',(8.248296765538E-03,-0.76109385275));
#12515 = VECTOR('',#12516,1.);
#12516 = DIRECTION('',(0.990619351732,0.136650283475));
#12517 = ( GEOMETRIC_REPRESENTATION_CONTEXT(2) 
PARAMETRIC_REPRESENTATION_CONTEXT() REPRESENTATION_CONTEXT('2D SPACE',''
  ) );
#12518 = ORIENTED_EDGE('',*,*,#12377,.F.);
#12519 = ADVANCED_FACE('',(#12520),#3988,.F.);
#12520 = FACE_BOUND('',#12521,.F.);
#12521 = EDGE_LOOP('',(#12522,#12523,#12524,#12547));
#12522 = ORIENTED_EDGE('',*,*,#3973,.T.);
#12523 = ORIENTED_EDGE('',*,*,#12450,.T.);
#12524 = ORIENTED_EDGE('',*,*,#12525,.T.);
#12525 = EDGE_CURVE('',#12428,#12526,#12528,.T.);
#12526 = VERTEX_POINT('',#12527);
#12527 = CARTESIAN_POINT('',(61.135090005228,39.95,108.72737582859));
#12528 = SURFACE_CURVE('',#12529,(#12533,#12540),.PCURVE_S1.);
#12529 = LINE('',#12530,#12531);
#12530 = CARTESIAN_POINT('',(61.102976511772,39.95,108.91420284898));
#12531 = VECTOR('',#12532,1.);
#12532 = DIRECTION('',(0.169404534066,0.,-0.985546601556));
#12533 = PCURVE('',#3988,#12534);
#12534 = DEFINITIONAL_REPRESENTATION('',(#12535),#12539);
#12535 = LINE('',#12536,#12537);
#12536 = CARTESIAN_POINT('',(0.,-0.2));
#12537 = VECTOR('',#12538,1.);
#12538 = DIRECTION('',(1.,0.));
#12539 = ( GEOMETRIC_REPRESENTATION_CONTEXT(2) 
PARAMETRIC_REPRESENTATION_CONTEXT() REPRESENTATION_CONTEXT('2D SPACE',''
  ) );
#12540 = PCURVE('',#11213,#12541);
#12541 = DEFINITIONAL_REPRESENTATION('',(#12542),#12546);
#12542 = LINE('',#12543,#12544);
#12543 = CARTESIAN_POINT('',(-0.545850726858,0.498823660951));
#12544 = VECTOR('',#12545,1.);
#12545 = DIRECTION('',(-0.169404534066,-0.985546601556));
#12546 = ( GEOMETRIC_REPRESENTATION_CONTEXT(2) 
PARAMETRIC_REPRESENTATION_CONTEXT() REPRESENTATION_CONTEXT('2D SPACE',''
  ) );
#12547 = ORIENTED_EDGE('',*,*,#12548,.F.);
#12548 = EDGE_CURVE('',#3948,#12526,#12549,.T.);
#12549 = SURFACE_CURVE('',#12550,(#12554,#12561),.PCURVE_S1.);
#12550 = LINE('',#12551,#12552);
#12551 = CARTESIAN_POINT('',(61.135090005228,39.75,108.72737582859));
#12552 = VECTOR('',#12553,1.);
#12553 = DIRECTION('',(0.,1.,0.));
#12554 = PCURVE('',#3988,#12555);
#12555 = DEFINITIONAL_REPRESENTATION('',(#12556),#12560);
#12556 = LINE('',#12557,#12558);
#12557 = CARTESIAN_POINT('',(0.189566906421,0.));
#12558 = VECTOR('',#12559,1.);
#12559 = DIRECTION('',(0.,-1.));
#12560 = ( GEOMETRIC_REPRESENTATION_CONTEXT(2) 
PARAMETRIC_REPRESENTATION_CONTEXT() REPRESENTATION_CONTEXT('2D SPACE',''
  ) );
#12561 = PCURVE('',#3962,#12562);
#12562 = DEFINITIONAL_REPRESENTATION('',(#12563),#12567);
#12563 = LINE('',#12564,#12565);
#12564 = CARTESIAN_POINT('',(0.,0.));
#12565 = VECTOR('',#12566,1.);
#12566 = DIRECTION('',(0.,-1.));
#12567 = ( GEOMETRIC_REPRESENTATION_CONTEXT(2) 
PARAMETRIC_REPRESENTATION_CONTEXT() REPRESENTATION_CONTEXT('2D SPACE',''
  ) );
#12568 = ADVANCED_FACE('',(#12569),#3468,.F.);
#12569 = FACE_BOUND('',#12570,.F.);
#12570 = EDGE_LOOP('',(#12571,#12572,#12595,#12616));
#12571 = ORIENTED_EDGE('',*,*,#3453,.T.);
#12572 = ORIENTED_EDGE('',*,*,#12573,.T.);
#12573 = EDGE_CURVE('',#3454,#12574,#12576,.T.);
#12574 = VERTEX_POINT('',#12575);
#12575 = CARTESIAN_POINT('',(60.795865208599,39.95,107.68316109271));
#12576 = SURFACE_CURVE('',#12577,(#12581,#12588),.PCURVE_S1.);
#12577 = LINE('',#12578,#12579);
#12578 = CARTESIAN_POINT('',(60.795865208599,39.75,107.68316109271));
#12579 = VECTOR('',#12580,1.);
#12580 = DIRECTION('',(0.,1.,0.));
#12581 = PCURVE('',#3468,#12582);
#12582 = DEFINITIONAL_REPRESENTATION('',(#12583),#12587);
#12583 = LINE('',#12584,#12585);
#12584 = CARTESIAN_POINT('',(0.,0.));
#12585 = VECTOR('',#12586,1.);
#12586 = DIRECTION('',(0.,-1.));
#12587 = ( GEOMETRIC_REPRESENTATION_CONTEXT(2) 
PARAMETRIC_REPRESENTATION_CONTEXT() REPRESENTATION_CONTEXT('2D SPACE',''
  ) );
#12588 = PCURVE('',#3494,#12589);
#12589 = DEFINITIONAL_REPRESENTATION('',(#12590),#12594);
#12590 = LINE('',#12591,#12592);
#12591 = CARTESIAN_POINT('',(0.205244303318,0.));
#12592 = VECTOR('',#12593,1.);
#12593 = DIRECTION('',(0.,-1.));
#12594 = ( GEOMETRIC_REPRESENTATION_CONTEXT(2) 
PARAMETRIC_REPRESENTATION_CONTEXT() REPRESENTATION_CONTEXT('2D SPACE',''
  ) );
#12595 = ORIENTED_EDGE('',*,*,#12596,.T.);
#12596 = EDGE_CURVE('',#12574,#12476,#12597,.T.);
#12597 = SURFACE_CURVE('',#12598,(#12602,#12609),.PCURVE_S1.);
#12598 = LINE('',#12599,#12600);
#12599 = CARTESIAN_POINT('',(60.795865208599,39.95,107.68316109271));
#12600 = VECTOR('',#12601,1.);
#12601 = DIRECTION('',(-0.993235096054,0.,-0.116120816247));
#12602 = PCURVE('',#3468,#12603);
#12603 = DEFINITIONAL_REPRESENTATION('',(#12604),#12608);
#12604 = LINE('',#12605,#12606);
#12605 = CARTESIAN_POINT('',(0.,-0.2));
#12606 = VECTOR('',#12607,1.);
#12607 = DIRECTION('',(1.,0.));
#12608 = ( GEOMETRIC_REPRESENTATION_CONTEXT(2) 
PARAMETRIC_REPRESENTATION_CONTEXT() REPRESENTATION_CONTEXT('2D SPACE',''
  ) );
#12609 = PCURVE('',#11213,#12610);
#12610 = DEFINITIONAL_REPRESENTATION('',(#12611),#12615);
#12611 = LINE('',#12612,#12613);
#12612 = CARTESIAN_POINT('',(-0.238739423685,-0.732218095323));
#12613 = VECTOR('',#12614,1.);
#12614 = DIRECTION('',(0.993235096054,-0.116120816247));
#12615 = ( GEOMETRIC_REPRESENTATION_CONTEXT(2) 
PARAMETRIC_REPRESENTATION_CONTEXT() REPRESENTATION_CONTEXT('2D SPACE',''
  ) );
#12616 = ORIENTED_EDGE('',*,*,#12475,.F.);
#12617 = ADVANCED_FACE('',(#12618),#3962,.F.);
#12618 = FACE_BOUND('',#12619,.F.);
#12619 = EDGE_LOOP('',(#12620,#12621,#12622,#12645));
#12620 = ORIENTED_EDGE('',*,*,#3947,.T.);
#12621 = ORIENTED_EDGE('',*,*,#12548,.T.);
#12622 = ORIENTED_EDGE('',*,*,#12623,.T.);
#12623 = EDGE_CURVE('',#12526,#12624,#12626,.T.);
#12624 = VERTEX_POINT('',#12625);
#12625 = CARTESIAN_POINT('',(61.106301901902,39.95,108.57647105232));
#12626 = SURFACE_CURVE('',#12627,(#12631,#12638),.PCURVE_S1.);
#12627 = LINE('',#12628,#12629);
#12628 = CARTESIAN_POINT('',(61.135090005228,39.95,108.72737582859));
#12629 = VECTOR('',#12630,1.);
#12630 = DIRECTION('',(-0.187390595571,0.,-0.982285480241));
#12631 = PCURVE('',#3962,#12632);
#12632 = DEFINITIONAL_REPRESENTATION('',(#12633),#12637);
#12633 = LINE('',#12634,#12635);
#12634 = CARTESIAN_POINT('',(0.,-0.2));
#12635 = VECTOR('',#12636,1.);
#12636 = DIRECTION('',(1.,0.));
#12637 = ( GEOMETRIC_REPRESENTATION_CONTEXT(2) 
PARAMETRIC_REPRESENTATION_CONTEXT() REPRESENTATION_CONTEXT('2D SPACE',''
  ) );
#12638 = PCURVE('',#11213,#12639);
#12639 = DEFINITIONAL_REPRESENTATION('',(#12640),#12644);
#12640 = LINE('',#12641,#12642);
#12641 = CARTESIAN_POINT('',(-0.577964220314,0.311996640561));
#12642 = VECTOR('',#12643,1.);
#12643 = DIRECTION('',(0.187390595571,-0.982285480241));
#12644 = ( GEOMETRIC_REPRESENTATION_CONTEXT(2) 
PARAMETRIC_REPRESENTATION_CONTEXT() REPRESENTATION_CONTEXT('2D SPACE',''
  ) );
#12645 = ORIENTED_EDGE('',*,*,#12646,.F.);
#12646 = EDGE_CURVE('',#3922,#12624,#12647,.T.);
#12647 = SURFACE_CURVE('',#12648,(#12652,#12659),.PCURVE_S1.);
#12648 = LINE('',#12649,#12650);
#12649 = CARTESIAN_POINT('',(61.106301901902,39.75,108.57647105232));
#12650 = VECTOR('',#12651,1.);
#12651 = DIRECTION('',(0.,1.,0.));
#12652 = PCURVE('',#3962,#12653);
#12653 = DEFINITIONAL_REPRESENTATION('',(#12654),#12658);
#12654 = LINE('',#12655,#12656);
#12655 = CARTESIAN_POINT('',(0.153626190461,0.));
#12656 = VECTOR('',#12657,1.);
#12657 = DIRECTION('',(0.,-1.));
#12658 = ( GEOMETRIC_REPRESENTATION_CONTEXT(2) 
PARAMETRIC_REPRESENTATION_CONTEXT() REPRESENTATION_CONTEXT('2D SPACE',''
  ) );
#12659 = PCURVE('',#3936,#12660);
#12660 = DEFINITIONAL_REPRESENTATION('',(#12661),#12665);
#12661 = LINE('',#12662,#12663);
#12662 = CARTESIAN_POINT('',(0.,0.));
#12663 = VECTOR('',#12664,1.);
#12664 = DIRECTION('',(0.,-1.));
#12665 = ( GEOMETRIC_REPRESENTATION_CONTEXT(2) 
PARAMETRIC_REPRESENTATION_CONTEXT() REPRESENTATION_CONTEXT('2D SPACE',''
  ) );
#12666 = ADVANCED_FACE('',(#12667),#3494,.F.);
#12667 = FACE_BOUND('',#12668,.F.);
#12668 = EDGE_LOOP('',(#12669,#12670,#12693,#12714));
#12669 = ORIENTED_EDGE('',*,*,#3479,.T.);
#12670 = ORIENTED_EDGE('',*,*,#12671,.T.);
#12671 = EDGE_CURVE('',#3480,#12672,#12674,.T.);
#12672 = VERTEX_POINT('',#12673);
#12673 = CARTESIAN_POINT('',(60.981054766261,39.95,107.7716486725));
#12674 = SURFACE_CURVE('',#12675,(#12679,#12686),.PCURVE_S1.);
#12675 = LINE('',#12676,#12677);
#12676 = CARTESIAN_POINT('',(60.981054766261,39.75,107.7716486725));
#12677 = VECTOR('',#12678,1.);
#12678 = DIRECTION('',(0.,1.,0.));
#12679 = PCURVE('',#3494,#12680);
#12680 = DEFINITIONAL_REPRESENTATION('',(#12681),#12685);
#12681 = LINE('',#12682,#12683);
#12682 = CARTESIAN_POINT('',(0.,0.));
#12683 = VECTOR('',#12684,1.);
#12684 = DIRECTION('',(0.,-1.));
#12685 = ( GEOMETRIC_REPRESENTATION_CONTEXT(2) 
PARAMETRIC_REPRESENTATION_CONTEXT() REPRESENTATION_CONTEXT('2D SPACE',''
  ) );
#12686 = PCURVE('',#3520,#12687);
#12687 = DEFINITIONAL_REPRESENTATION('',(#12688),#12692);
#12688 = LINE('',#12689,#12690);
#12689 = CARTESIAN_POINT('',(0.192916069412,0.));
#12690 = VECTOR('',#12691,1.);
#12691 = DIRECTION('',(0.,-1.));
#12692 = ( GEOMETRIC_REPRESENTATION_CONTEXT(2) 
PARAMETRIC_REPRESENTATION_CONTEXT() REPRESENTATION_CONTEXT('2D SPACE',''
  ) );
#12693 = ORIENTED_EDGE('',*,*,#12694,.T.);
#12694 = EDGE_CURVE('',#12672,#12574,#12695,.T.);
#12695 = SURFACE_CURVE('',#12696,(#12700,#12707),.PCURVE_S1.);
#12696 = LINE('',#12697,#12698);
#12697 = CARTESIAN_POINT('',(60.981054766261,39.95,107.7716486725));
#12698 = VECTOR('',#12699,1.);
#12699 = DIRECTION('',(-0.902288417597,0.,-0.43113293944));
#12700 = PCURVE('',#3494,#12701);
#12701 = DEFINITIONAL_REPRESENTATION('',(#12702),#12706);
#12702 = LINE('',#12703,#12704);
#12703 = CARTESIAN_POINT('',(0.,-0.2));
#12704 = VECTOR('',#12705,1.);
#12705 = DIRECTION('',(1.,0.));
#12706 = ( GEOMETRIC_REPRESENTATION_CONTEXT(2) 
PARAMETRIC_REPRESENTATION_CONTEXT() REPRESENTATION_CONTEXT('2D SPACE',''
  ) );
#12707 = PCURVE('',#11213,#12708);
#12708 = DEFINITIONAL_REPRESENTATION('',(#12709),#12713);
#12709 = LINE('',#12710,#12711);
#12710 = CARTESIAN_POINT('',(-0.423928981347,-0.643730515531));
#12711 = VECTOR('',#12712,1.);
#12712 = DIRECTION('',(0.902288417597,-0.43113293944));
#12713 = ( GEOMETRIC_REPRESENTATION_CONTEXT(2) 
PARAMETRIC_REPRESENTATION_CONTEXT() REPRESENTATION_CONTEXT('2D SPACE',''
  ) );
#12714 = ORIENTED_EDGE('',*,*,#12573,.F.);
#12715 = ADVANCED_FACE('',(#12716),#3936,.F.);
#12716 = FACE_BOUND('',#12717,.F.);
#12717 = EDGE_LOOP('',(#12718,#12719,#12720,#12743));
#12718 = ORIENTED_EDGE('',*,*,#3921,.T.);
#12719 = ORIENTED_EDGE('',*,*,#12646,.T.);
#12720 = ORIENTED_EDGE('',*,*,#12721,.T.);
#12721 = EDGE_CURVE('',#12624,#12722,#12724,.T.);
#12722 = VERTEX_POINT('',#12723);
#12723 = CARTESIAN_POINT('',(61.030745711751,39.95,108.46948752282));
#12724 = SURFACE_CURVE('',#12725,(#12729,#12736),.PCURVE_S1.);
#12725 = LINE('',#12726,#12727);
#12726 = CARTESIAN_POINT('',(61.106301901902,39.95,108.57647105232));
#12727 = VECTOR('',#12728,1.);
#12728 = DIRECTION('',(-0.576878888831,0.,-0.816829693156));
#12729 = PCURVE('',#3936,#12730);
#12730 = DEFINITIONAL_REPRESENTATION('',(#12731),#12735);
#12731 = LINE('',#12732,#12733);
#12732 = CARTESIAN_POINT('',(0.,-0.2));
#12733 = VECTOR('',#12734,1.);
#12734 = DIRECTION('',(1.,0.));
#12735 = ( GEOMETRIC_REPRESENTATION_CONTEXT(2) 
PARAMETRIC_REPRESENTATION_CONTEXT() REPRESENTATION_CONTEXT('2D SPACE',''
  ) );
#12736 = PCURVE('',#11213,#12737);
#12737 = DEFINITIONAL_REPRESENTATION('',(#12738),#12742);
#12738 = LINE('',#12739,#12740);
#12739 = CARTESIAN_POINT('',(-0.549176116988,0.161091864286));
#12740 = VECTOR('',#12741,1.);
#12741 = DIRECTION('',(0.576878888831,-0.816829693156));
#12742 = ( GEOMETRIC_REPRESENTATION_CONTEXT(2) 
PARAMETRIC_REPRESENTATION_CONTEXT() REPRESENTATION_CONTEXT('2D SPACE',''
  ) );
#12743 = ORIENTED_EDGE('',*,*,#12744,.F.);
#12744 = EDGE_CURVE('',#3896,#12722,#12745,.T.);
#12745 = SURFACE_CURVE('',#12746,(#12750,#12757),.PCURVE_S1.);
#12746 = LINE('',#12747,#12748);
#12747 = CARTESIAN_POINT('',(61.030745711751,39.75,108.46948752282));
#12748 = VECTOR('',#12749,1.);
#12749 = DIRECTION('',(0.,1.,0.));
#12750 = PCURVE('',#3936,#12751);
#12751 = DEFINITIONAL_REPRESENTATION('',(#12752),#12756);
#12752 = LINE('',#12753,#12754);
#12753 = CARTESIAN_POINT('',(0.130974094587,0.));
#12754 = VECTOR('',#12755,1.);
#12755 = DIRECTION('',(0.,-1.));
#12756 = ( GEOMETRIC_REPRESENTATION_CONTEXT(2) 
PARAMETRIC_REPRESENTATION_CONTEXT() REPRESENTATION_CONTEXT('2D SPACE',''
  ) );
#12757 = PCURVE('',#3910,#12758);
#12758 = DEFINITIONAL_REPRESENTATION('',(#12759),#12763);
#12759 = LINE('',#12760,#12761);
#12760 = CARTESIAN_POINT('',(0.,0.));
#12761 = VECTOR('',#12762,1.);
#12762 = DIRECTION('',(0.,-1.));
#12763 = ( GEOMETRIC_REPRESENTATION_CONTEXT(2) 
PARAMETRIC_REPRESENTATION_CONTEXT() REPRESENTATION_CONTEXT('2D SPACE',''
  ) );
#12764 = ADVANCED_FACE('',(#12765),#3520,.F.);
#12765 = FACE_BOUND('',#12766,.F.);
#12766 = EDGE_LOOP('',(#12767,#12768,#12791,#12812));
#12767 = ORIENTED_EDGE('',*,*,#3505,.T.);
#12768 = ORIENTED_EDGE('',*,*,#12769,.T.);
#12769 = EDGE_CURVE('',#3506,#12770,#12772,.T.);
#12770 = VERTEX_POINT('',#12771);
#12771 = CARTESIAN_POINT('',(61.105071199163,39.95,107.91942057175));
#12772 = SURFACE_CURVE('',#12773,(#12777,#12784),.PCURVE_S1.);
#12773 = LINE('',#12774,#12775);
#12774 = CARTESIAN_POINT('',(61.105071199163,39.75,107.91942057175));
#12775 = VECTOR('',#12776,1.);
#12776 = DIRECTION('',(0.,1.,0.));
#12777 = PCURVE('',#3520,#12778);
#12778 = DEFINITIONAL_REPRESENTATION('',(#12779),#12783);
#12779 = LINE('',#12780,#12781);
#12780 = CARTESIAN_POINT('',(0.,0.));
#12781 = VECTOR('',#12782,1.);
#12782 = DIRECTION('',(0.,-1.));
#12783 = ( GEOMETRIC_REPRESENTATION_CONTEXT(2) 
PARAMETRIC_REPRESENTATION_CONTEXT() REPRESENTATION_CONTEXT('2D SPACE',''
  ) );
#12784 = PCURVE('',#3546,#12785);
#12785 = DEFINITIONAL_REPRESENTATION('',(#12786),#12790);
#12786 = LINE('',#12787,#12788);
#12787 = CARTESIAN_POINT('',(0.165414541906,0.));
#12788 = VECTOR('',#12789,1.);
#12789 = DIRECTION('',(0.,-1.));
#12790 = ( GEOMETRIC_REPRESENTATION_CONTEXT(2) 
PARAMETRIC_REPRESENTATION_CONTEXT() REPRESENTATION_CONTEXT('2D SPACE',''
  ) );
#12791 = ORIENTED_EDGE('',*,*,#12792,.T.);
#12792 = EDGE_CURVE('',#12770,#12672,#12793,.T.);
#12793 = SURFACE_CURVE('',#12794,(#12798,#12805),.PCURVE_S1.);
#12794 = LINE('',#12795,#12796);
#12795 = CARTESIAN_POINT('',(61.105071199163,39.95,107.91942057175));
#12796 = VECTOR('',#12797,1.);
#12797 = DIRECTION('',(-0.642851750401,0.,-0.765990618093));
#12798 = PCURVE('',#3520,#12799);
#12799 = DEFINITIONAL_REPRESENTATION('',(#12800),#12804);
#12800 = LINE('',#12801,#12802);
#12801 = CARTESIAN_POINT('',(0.,-0.2));
#12802 = VECTOR('',#12803,1.);
#12803 = DIRECTION('',(1.,0.));
#12804 = ( GEOMETRIC_REPRESENTATION_CONTEXT(2) 
PARAMETRIC_REPRESENTATION_CONTEXT() REPRESENTATION_CONTEXT('2D SPACE',''
  ) );
#12805 = PCURVE('',#11213,#12806);
#12806 = DEFINITIONAL_REPRESENTATION('',(#12807),#12811);
#12807 = LINE('',#12808,#12809);
#12808 = CARTESIAN_POINT('',(-0.547945414249,-0.495958616281));
#12809 = VECTOR('',#12810,1.);
#12810 = DIRECTION('',(0.642851750401,-0.765990618093));
#12811 = ( GEOMETRIC_REPRESENTATION_CONTEXT(2) 
PARAMETRIC_REPRESENTATION_CONTEXT() REPRESENTATION_CONTEXT('2D SPACE',''
  ) );
#12812 = ORIENTED_EDGE('',*,*,#12671,.F.);
#12813 = ADVANCED_FACE('',(#12814),#3910,.F.);
#12814 = FACE_BOUND('',#12815,.F.);
#12815 = EDGE_LOOP('',(#12816,#12817,#12818,#12841));
#12816 = ORIENTED_EDGE('',*,*,#3895,.T.);
#12817 = ORIENTED_EDGE('',*,*,#12744,.T.);
#12818 = ORIENTED_EDGE('',*,*,#12819,.T.);
#12819 = EDGE_CURVE('',#12722,#12820,#12822,.T.);
#12820 = VERTEX_POINT('',#12821);
#12821 = CARTESIAN_POINT('',(60.907723873096,39.95,108.39597735923));
#12822 = SURFACE_CURVE('',#12823,(#12827,#12834),.PCURVE_S1.);
#12823 = LINE('',#12824,#12825);
#12824 = CARTESIAN_POINT('',(61.030745711751,39.95,108.46948752282));
#12825 = VECTOR('',#12826,1.);
#12826 = DIRECTION('',(-0.858424101291,0.,-0.512940603114));
#12827 = PCURVE('',#3910,#12828);
#12828 = DEFINITIONAL_REPRESENTATION('',(#12829),#12833);
#12829 = LINE('',#12830,#12831);
#12830 = CARTESIAN_POINT('',(0.,-0.2));
#12831 = VECTOR('',#12832,1.);
#12832 = DIRECTION('',(1.,0.));
#12833 = ( GEOMETRIC_REPRESENTATION_CONTEXT(2) 
PARAMETRIC_REPRESENTATION_CONTEXT() REPRESENTATION_CONTEXT('2D SPACE',''
  ) );
#12834 = PCURVE('',#11213,#12835);
#12835 = DEFINITIONAL_REPRESENTATION('',(#12836),#12840);
#12836 = LINE('',#12837,#12838);
#12837 = CARTESIAN_POINT('',(-0.473619926837,5.410833479273E-02));
#12838 = VECTOR('',#12839,1.);
#12839 = DIRECTION('',(0.858424101291,-0.512940603114));
#12840 = ( GEOMETRIC_REPRESENTATION_CONTEXT(2) 
PARAMETRIC_REPRESENTATION_CONTEXT() REPRESENTATION_CONTEXT('2D SPACE',''
  ) );
#12841 = ORIENTED_EDGE('',*,*,#12842,.F.);
#12842 = EDGE_CURVE('',#3870,#12820,#12843,.T.);
#12843 = SURFACE_CURVE('',#12844,(#12848,#12855),.PCURVE_S1.);
#12844 = LINE('',#12845,#12846);
#12845 = CARTESIAN_POINT('',(60.907723873096,39.75,108.39597735923));
#12846 = VECTOR('',#12847,1.);
#12847 = DIRECTION('',(0.,1.,0.));
#12848 = PCURVE('',#3910,#12849);
#12849 = DEFINITIONAL_REPRESENTATION('',(#12850),#12854);
#12850 = LINE('',#12851,#12852);
#12851 = CARTESIAN_POINT('',(0.143311258934,0.));
#12852 = VECTOR('',#12853,1.);
#12853 = DIRECTION('',(0.,-1.));
#12854 = ( GEOMETRIC_REPRESENTATION_CONTEXT(2) 
PARAMETRIC_REPRESENTATION_CONTEXT() REPRESENTATION_CONTEXT('2D SPACE',''
  ) );
#12855 = PCURVE('',#3884,#12856);
#12856 = DEFINITIONAL_REPRESENTATION('',(#12857),#12861);
#12857 = LINE('',#12858,#12859);
#12858 = CARTESIAN_POINT('',(0.,0.));
#12859 = VECTOR('',#12860,1.);
#12860 = DIRECTION('',(0.,-1.));
#12861 = ( GEOMETRIC_REPRESENTATION_CONTEXT(2) 
PARAMETRIC_REPRESENTATION_CONTEXT() REPRESENTATION_CONTEXT('2D SPACE',''
  ) );
#12862 = ADVANCED_FACE('',(#12863),#3546,.F.);
#12863 = FACE_BOUND('',#12864,.F.);
#12864 = EDGE_LOOP('',(#12865,#12866,#12889,#12910));
#12865 = ORIENTED_EDGE('',*,*,#3531,.T.);
#12866 = ORIENTED_EDGE('',*,*,#12867,.T.);
#12867 = EDGE_CURVE('',#3532,#12868,#12870,.T.);
#12868 = VERTEX_POINT('',#12869);
#12869 = CARTESIAN_POINT('',(61.148848588509,39.95,108.07893706261));
#12870 = SURFACE_CURVE('',#12871,(#12875,#12882),.PCURVE_S1.);
#12871 = LINE('',#12872,#12873);
#12872 = CARTESIAN_POINT('',(61.148848588509,39.75,108.07893706261));
#12873 = VECTOR('',#12874,1.);
#12874 = DIRECTION('',(0.,1.,0.));
#12875 = PCURVE('',#3546,#12876);
#12876 = DEFINITIONAL_REPRESENTATION('',(#12877),#12881);
#12877 = LINE('',#12878,#12879);
#12878 = CARTESIAN_POINT('',(0.,0.));
#12879 = VECTOR('',#12880,1.);
#12880 = DIRECTION('',(0.,-1.));
#12881 = ( GEOMETRIC_REPRESENTATION_CONTEXT(2) 
PARAMETRIC_REPRESENTATION_CONTEXT() REPRESENTATION_CONTEXT('2D SPACE',''
  ) );
#12882 = PCURVE('',#3572,#12883);
#12883 = DEFINITIONAL_REPRESENTATION('',(#12884),#12888);
#12884 = LINE('',#12885,#12886);
#12885 = CARTESIAN_POINT('',(0.248515610245,0.));
#12886 = VECTOR('',#12887,1.);
#12887 = DIRECTION('',(0.,-1.));
#12888 = ( GEOMETRIC_REPRESENTATION_CONTEXT(2) 
PARAMETRIC_REPRESENTATION_CONTEXT() REPRESENTATION_CONTEXT('2D SPACE',''
  ) );
#12889 = ORIENTED_EDGE('',*,*,#12890,.T.);
#12890 = EDGE_CURVE('',#12868,#12770,#12891,.T.);
#12891 = SURFACE_CURVE('',#12892,(#12896,#12903),.PCURVE_S1.);
#12892 = LINE('',#12893,#12894);
#12893 = CARTESIAN_POINT('',(61.148848588509,39.95,108.07893706261));
#12894 = VECTOR('',#12895,1.);
#12895 = DIRECTION('',(-0.264652604555,0.,-0.964343817786));
#12896 = PCURVE('',#3546,#12897);
#12897 = DEFINITIONAL_REPRESENTATION('',(#12898),#12902);
#12898 = LINE('',#12899,#12900);
#12899 = CARTESIAN_POINT('',(0.,-0.2));
#12900 = VECTOR('',#12901,1.);
#12901 = DIRECTION('',(1.,0.));
#12902 = ( GEOMETRIC_REPRESENTATION_CONTEXT(2) 
PARAMETRIC_REPRESENTATION_CONTEXT() REPRESENTATION_CONTEXT('2D SPACE',''
  ) );
#12903 = PCURVE('',#11213,#12904);
#12904 = DEFINITIONAL_REPRESENTATION('',(#12905),#12909);
#12905 = LINE('',#12906,#12907);
#12906 = CARTESIAN_POINT('',(-0.591722803595,-0.336442125423));
#12907 = VECTOR('',#12908,1.);
#12908 = DIRECTION('',(0.264652604555,-0.964343817786));
#12909 = ( GEOMETRIC_REPRESENTATION_CONTEXT(2) 
PARAMETRIC_REPRESENTATION_CONTEXT() REPRESENTATION_CONTEXT('2D SPACE',''
  ) );
#12910 = ORIENTED_EDGE('',*,*,#12769,.F.);
#12911 = ADVANCED_FACE('',(#12912),#3884,.F.);
#12912 = FACE_BOUND('',#12913,.F.);
#12913 = EDGE_LOOP('',(#12914,#12915,#12916,#12939));
#12914 = ORIENTED_EDGE('',*,*,#3869,.T.);
#12915 = ORIENTED_EDGE('',*,*,#12842,.T.);
#12916 = ORIENTED_EDGE('',*,*,#12917,.T.);
#12917 = EDGE_CURVE('',#12820,#12918,#12920,.T.);
#12918 = VERTEX_POINT('',#12919);
#12919 = CARTESIAN_POINT('',(60.722594070736,39.95,108.34342347291));
#12920 = SURFACE_CURVE('',#12921,(#12925,#12932),.PCURVE_S1.);
#12921 = LINE('',#12922,#12923);
#12922 = CARTESIAN_POINT('',(60.907723873096,39.95,108.39597735923));
#12923 = VECTOR('',#12924,1.);
#12924 = DIRECTION('',(-0.961989714581,0.,-0.273085680766));
#12925 = PCURVE('',#3884,#12926);
#12926 = DEFINITIONAL_REPRESENTATION('',(#12927),#12931);
#12927 = LINE('',#12928,#12929);
#12928 = CARTESIAN_POINT('',(0.,-0.2));
#12929 = VECTOR('',#12930,1.);
#12930 = DIRECTION('',(1.,0.));
#12931 = ( GEOMETRIC_REPRESENTATION_CONTEXT(2) 
PARAMETRIC_REPRESENTATION_CONTEXT() REPRESENTATION_CONTEXT('2D SPACE',''
  ) );
#12932 = PCURVE('',#11213,#12933);
#12933 = DEFINITIONAL_REPRESENTATION('',(#12934),#12938);
#12934 = LINE('',#12935,#12936);
#12935 = CARTESIAN_POINT('',(-0.350598088182,-1.940182879784E-02));
#12936 = VECTOR('',#12937,1.);
#12937 = DIRECTION('',(0.961989714581,-0.273085680766));
#12938 = ( GEOMETRIC_REPRESENTATION_CONTEXT(2) 
PARAMETRIC_REPRESENTATION_CONTEXT() REPRESENTATION_CONTEXT('2D SPACE',''
  ) );
#12939 = ORIENTED_EDGE('',*,*,#12940,.F.);
#12940 = EDGE_CURVE('',#3844,#12918,#12941,.T.);
#12941 = SURFACE_CURVE('',#12942,(#12946,#12953),.PCURVE_S1.);
#12942 = LINE('',#12943,#12944);
#12943 = CARTESIAN_POINT('',(60.722594070736,39.75,108.34342347291));
#12944 = VECTOR('',#12945,1.);
#12945 = DIRECTION('',(0.,1.,0.));
#12946 = PCURVE('',#3884,#12947);
#12947 = DEFINITIONAL_REPRESENTATION('',(#12948),#12952);
#12948 = LINE('',#12949,#12950);
#12949 = CARTESIAN_POINT('',(0.192444679558,0.));
#12950 = VECTOR('',#12951,1.);
#12951 = DIRECTION('',(0.,-1.));
#12952 = ( GEOMETRIC_REPRESENTATION_CONTEXT(2) 
PARAMETRIC_REPRESENTATION_CONTEXT() REPRESENTATION_CONTEXT('2D SPACE',''
  ) );
#12953 = PCURVE('',#3858,#12954);
#12954 = DEFINITIONAL_REPRESENTATION('',(#12955),#12959);
#12955 = LINE('',#12956,#12957);
#12956 = CARTESIAN_POINT('',(0.,0.));
#12957 = VECTOR('',#12958,1.);
#12958 = DIRECTION('',(0.,-1.));
#12959 = ( GEOMETRIC_REPRESENTATION_CONTEXT(2) 
PARAMETRIC_REPRESENTATION_CONTEXT() REPRESENTATION_CONTEXT('2D SPACE',''
  ) );
#12960 = ADVANCED_FACE('',(#12961),#3572,.F.);
#12961 = FACE_BOUND('',#12962,.F.);
#12962 = EDGE_LOOP('',(#12963,#12964,#12987,#13008));
#12963 = ORIENTED_EDGE('',*,*,#3557,.T.);
#12964 = ORIENTED_EDGE('',*,*,#12965,.T.);
#12965 = EDGE_CURVE('',#3558,#12966,#12968,.T.);
#12966 = VERTEX_POINT('',#12967);
#12967 = CARTESIAN_POINT('',(60.907247933565,39.95,108.1371533152));
#12968 = SURFACE_CURVE('',#12969,(#12973,#12980),.PCURVE_S1.);
#12969 = LINE('',#12970,#12971);
#12970 = CARTESIAN_POINT('',(60.907247933565,39.75,108.1371533152));
#12971 = VECTOR('',#12972,1.);
#12972 = DIRECTION('',(0.,1.,0.));
#12973 = PCURVE('',#3572,#12974);
#12974 = DEFINITIONAL_REPRESENTATION('',(#12975),#12979);
#12975 = LINE('',#12976,#12977);
#12976 = CARTESIAN_POINT('',(0.,0.));
#12977 = VECTOR('',#12978,1.);
#12978 = DIRECTION('',(0.,-1.));
#12979 = ( GEOMETRIC_REPRESENTATION_CONTEXT(2) 
PARAMETRIC_REPRESENTATION_CONTEXT() REPRESENTATION_CONTEXT('2D SPACE',''
  ) );
#12980 = PCURVE('',#3598,#12981);
#12981 = DEFINITIONAL_REPRESENTATION('',(#12982),#12986);
#12982 = LINE('',#12983,#12984);
#12983 = CARTESIAN_POINT('',(0.114025447831,0.));
#12984 = VECTOR('',#12985,1.);
#12985 = DIRECTION('',(0.,-1.));
#12986 = ( GEOMETRIC_REPRESENTATION_CONTEXT(2) 
PARAMETRIC_REPRESENTATION_CONTEXT() REPRESENTATION_CONTEXT('2D SPACE',''
  ) );
#12987 = ORIENTED_EDGE('',*,*,#12988,.T.);
#12988 = EDGE_CURVE('',#12966,#12868,#12989,.T.);
#12989 = SURFACE_CURVE('',#12990,(#12994,#13001),.PCURVE_S1.);
#12990 = LINE('',#12991,#12992);
#12991 = CARTESIAN_POINT('',(60.907247933565,39.95,108.1371533152));
#12992 = VECTOR('',#12993,1.);
#12993 = DIRECTION('',(0.972174966015,0.,-0.234255918715));
#12994 = PCURVE('',#3572,#12995);
#12995 = DEFINITIONAL_REPRESENTATION('',(#12996),#13000);
#12996 = LINE('',#12997,#12998);
#12997 = CARTESIAN_POINT('',(0.,-0.2));
#12998 = VECTOR('',#12999,1.);
#12999 = DIRECTION('',(1.,0.));
#13000 = ( GEOMETRIC_REPRESENTATION_CONTEXT(2) 
PARAMETRIC_REPRESENTATION_CONTEXT() REPRESENTATION_CONTEXT('2D SPACE',''
  ) );
#13001 = PCURVE('',#11213,#13002);
#13002 = DEFINITIONAL_REPRESENTATION('',(#13003),#13007);
#13003 = LINE('',#13004,#13005);
#13004 = CARTESIAN_POINT('',(-0.350122148651,-0.27822587283));
#13005 = VECTOR('',#13006,1.);
#13006 = DIRECTION('',(-0.972174966015,-0.234255918715));
#13007 = ( GEOMETRIC_REPRESENTATION_CONTEXT(2) 
PARAMETRIC_REPRESENTATION_CONTEXT() REPRESENTATION_CONTEXT('2D SPACE',''
  ) );
#13008 = ORIENTED_EDGE('',*,*,#12867,.F.);
#13009 = ADVANCED_FACE('',(#13010),#3858,.F.);
#13010 = FACE_BOUND('',#13011,.F.);
#13011 = EDGE_LOOP('',(#13012,#13013,#13014,#13037));
#13012 = ORIENTED_EDGE('',*,*,#3843,.T.);
#13013 = ORIENTED_EDGE('',*,*,#12940,.T.);
#13014 = ORIENTED_EDGE('',*,*,#13015,.T.);
#13015 = EDGE_CURVE('',#12918,#13016,#13018,.T.);
#13016 = VERTEX_POINT('',#13017);
#13017 = CARTESIAN_POINT('',(60.519074921028,39.95,108.3034614261));
#13018 = SURFACE_CURVE('',#13019,(#13023,#13030),.PCURVE_S1.);
#13019 = LINE('',#13020,#13021);
#13020 = CARTESIAN_POINT('',(60.722594070736,39.95,108.34342347291));
#13021 = VECTOR('',#13022,1.);
#13022 = DIRECTION('',(-0.98126243172,0.,-0.192675997712));
#13023 = PCURVE('',#3858,#13024);
#13024 = DEFINITIONAL_REPRESENTATION('',(#13025),#13029);
#13025 = LINE('',#13026,#13027);
#13026 = CARTESIAN_POINT('',(0.,-0.2));
#13027 = VECTOR('',#13028,1.);
#13028 = DIRECTION('',(1.,0.));
#13029 = ( GEOMETRIC_REPRESENTATION_CONTEXT(2) 
PARAMETRIC_REPRESENTATION_CONTEXT() REPRESENTATION_CONTEXT('2D SPACE',''
  ) );
#13030 = PCURVE('',#11213,#13031);
#13031 = DEFINITIONAL_REPRESENTATION('',(#13032),#13036);
#13032 = LINE('',#13033,#13034);
#13033 = CARTESIAN_POINT('',(-0.165468285822,-7.195571512469E-02));
#13034 = VECTOR('',#13035,1.);
#13035 = DIRECTION('',(0.98126243172,-0.192675997712));
#13036 = ( GEOMETRIC_REPRESENTATION_CONTEXT(2) 
PARAMETRIC_REPRESENTATION_CONTEXT() REPRESENTATION_CONTEXT('2D SPACE',''
  ) );
#13037 = ORIENTED_EDGE('',*,*,#13038,.F.);
#13038 = EDGE_CURVE('',#3818,#13016,#13039,.T.);
#13039 = SURFACE_CURVE('',#13040,(#13044,#13051),.PCURVE_S1.);
#13040 = LINE('',#13041,#13042);
#13041 = CARTESIAN_POINT('',(60.519074921028,39.75,108.3034614261));
#13042 = VECTOR('',#13043,1.);
#13043 = DIRECTION('',(0.,1.,0.));
#13044 = PCURVE('',#3858,#13045);
#13045 = DEFINITIONAL_REPRESENTATION('',(#13046),#13050);
#13046 = LINE('',#13047,#13048);
#13047 = CARTESIAN_POINT('',(0.207405422982,0.));
#13048 = VECTOR('',#13049,1.);
#13049 = DIRECTION('',(0.,-1.));
#13050 = ( GEOMETRIC_REPRESENTATION_CONTEXT(2) 
PARAMETRIC_REPRESENTATION_CONTEXT() REPRESENTATION_CONTEXT('2D SPACE',''
  ) );
#13051 = PCURVE('',#3832,#13052);
#13052 = DEFINITIONAL_REPRESENTATION('',(#13053),#13057);
#13053 = LINE('',#13054,#13055);
#13054 = CARTESIAN_POINT('',(0.,0.));
#13055 = VECTOR('',#13056,1.);
#13056 = DIRECTION('',(0.,-1.));
#13057 = ( GEOMETRIC_REPRESENTATION_CONTEXT(2) 
PARAMETRIC_REPRESENTATION_CONTEXT() REPRESENTATION_CONTEXT('2D SPACE',''
  ) );
#13058 = ADVANCED_FACE('',(#13059),#3598,.F.);
#13059 = FACE_BOUND('',#13060,.F.);
#13060 = EDGE_LOOP('',(#13061,#13062,#13085,#13106));
#13061 = ORIENTED_EDGE('',*,*,#3583,.T.);
#13062 = ORIENTED_EDGE('',*,*,#13063,.T.);
#13063 = EDGE_CURVE('',#3584,#13064,#13066,.T.);
#13064 = VERTEX_POINT('',#13065);
#13065 = CARTESIAN_POINT('',(60.844813555989,39.95,108.0417397352));
#13066 = SURFACE_CURVE('',#13067,(#13071,#13078),.PCURVE_S1.);
#13067 = LINE('',#13068,#13069);
#13068 = CARTESIAN_POINT('',(60.844813555989,39.75,108.0417397352));
#13069 = VECTOR('',#13070,1.);
#13070 = DIRECTION('',(0.,1.,0.));
#13071 = PCURVE('',#3598,#13072);
#13072 = DEFINITIONAL_REPRESENTATION('',(#13073),#13077);
#13073 = LINE('',#13074,#13075);
#13074 = CARTESIAN_POINT('',(0.,0.));
#13075 = VECTOR('',#13076,1.);
#13076 = DIRECTION('',(0.,-1.));
#13077 = ( GEOMETRIC_REPRESENTATION_CONTEXT(2) 
PARAMETRIC_REPRESENTATION_CONTEXT() REPRESENTATION_CONTEXT('2D SPACE',''
  ) );
#13078 = PCURVE('',#3624,#13079);
#13079 = DEFINITIONAL_REPRESENTATION('',(#13080),#13084);
#13080 = LINE('',#13081,#13082);
#13081 = CARTESIAN_POINT('',(0.100093845221,0.));
#13082 = VECTOR('',#13083,1.);
#13083 = DIRECTION('',(0.,-1.));
#13084 = ( GEOMETRIC_REPRESENTATION_CONTEXT(2) 
PARAMETRIC_REPRESENTATION_CONTEXT() REPRESENTATION_CONTEXT('2D SPACE',''
  ) );
#13085 = ORIENTED_EDGE('',*,*,#13086,.T.);
#13086 = EDGE_CURVE('',#13064,#12966,#13087,.T.);
#13087 = SURFACE_CURVE('',#13088,(#13092,#13099),.PCURVE_S1.);
#13088 = LINE('',#13089,#13090);
#13089 = CARTESIAN_POINT('',(60.844813555989,39.95,108.0417397352));
#13090 = VECTOR('',#13091,1.);
#13091 = DIRECTION('',(0.547547751524,0.,0.836774437827));
#13092 = PCURVE('',#3598,#13093);
#13093 = DEFINITIONAL_REPRESENTATION('',(#13094),#13098);
#13094 = LINE('',#13095,#13096);
#13095 = CARTESIAN_POINT('',(0.,-0.2));
#13096 = VECTOR('',#13097,1.);
#13097 = DIRECTION('',(1.,0.));
#13098 = ( GEOMETRIC_REPRESENTATION_CONTEXT(2) 
PARAMETRIC_REPRESENTATION_CONTEXT() REPRESENTATION_CONTEXT('2D SPACE',''
  ) );
#13099 = PCURVE('',#11213,#13100);
#13100 = DEFINITIONAL_REPRESENTATION('',(#13101),#13105);
#13101 = LINE('',#13102,#13103);
#13102 = CARTESIAN_POINT('',(-0.287687771075,-0.373639452836));
#13103 = VECTOR('',#13104,1.);
#13104 = DIRECTION('',(-0.547547751524,0.836774437827));
#13105 = ( GEOMETRIC_REPRESENTATION_CONTEXT(2) 
PARAMETRIC_REPRESENTATION_CONTEXT() REPRESENTATION_CONTEXT('2D SPACE',''
  ) );
#13106 = ORIENTED_EDGE('',*,*,#12965,.F.);
#13107 = ADVANCED_FACE('',(#13108),#3832,.F.);
#13108 = FACE_BOUND('',#13109,.F.);
#13109 = EDGE_LOOP('',(#13110,#13111,#13112,#13135));
#13110 = ORIENTED_EDGE('',*,*,#3817,.T.);
#13111 = ORIENTED_EDGE('',*,*,#13038,.T.);
#13112 = ORIENTED_EDGE('',*,*,#13113,.T.);
#13113 = EDGE_CURVE('',#13016,#13114,#13116,.T.);
#13114 = VERTEX_POINT('',#13115);
#13115 = CARTESIAN_POINT('',(60.396048127893,39.95,108.2718409866));
#13116 = SURFACE_CURVE('',#13117,(#13121,#13128),.PCURVE_S1.);
#13117 = LINE('',#13118,#13119);
#13118 = CARTESIAN_POINT('',(60.519074921028,39.95,108.3034614261));
#13119 = VECTOR('',#13120,1.);
#13120 = DIRECTION('',(-0.968521449082,0.,-0.248930116034));
#13121 = PCURVE('',#3832,#13122);
#13122 = DEFINITIONAL_REPRESENTATION('',(#13123),#13127);
#13123 = LINE('',#13124,#13125);
#13124 = CARTESIAN_POINT('',(0.,-0.2));
#13125 = VECTOR('',#13126,1.);
#13126 = DIRECTION('',(1.,0.));
#13127 = ( GEOMETRIC_REPRESENTATION_CONTEXT(2) 
PARAMETRIC_REPRESENTATION_CONTEXT() REPRESENTATION_CONTEXT('2D SPACE',''
  ) );
#13128 = PCURVE('',#11213,#13129);
#13129 = DEFINITIONAL_REPRESENTATION('',(#13130),#13134);
#13130 = LINE('',#13131,#13132);
#13131 = CARTESIAN_POINT('',(3.805086388564E-02,-0.111917761929));
#13132 = VECTOR('',#13133,1.);
#13133 = DIRECTION('',(0.968521449082,-0.248930116034));
#13134 = ( GEOMETRIC_REPRESENTATION_CONTEXT(2) 
PARAMETRIC_REPRESENTATION_CONTEXT() REPRESENTATION_CONTEXT('2D SPACE',''
  ) );
#13135 = ORIENTED_EDGE('',*,*,#13136,.F.);
#13136 = EDGE_CURVE('',#3792,#13114,#13137,.T.);
#13137 = SURFACE_CURVE('',#13138,(#13142,#13149),.PCURVE_S1.);
#13138 = LINE('',#13139,#13140);
#13139 = CARTESIAN_POINT('',(60.396048127893,39.75,108.2718409866));
#13140 = VECTOR('',#13141,1.);
#13141 = DIRECTION('',(0.,1.,0.));
#13142 = PCURVE('',#3832,#13143);
#13143 = DEFINITIONAL_REPRESENTATION('',(#13144),#13148);
#13144 = LINE('',#13145,#13146);
#13145 = CARTESIAN_POINT('',(0.127025367639,0.));
#13146 = VECTOR('',#13147,1.);
#13147 = DIRECTION('',(0.,-1.));
#13148 = ( GEOMETRIC_REPRESENTATION_CONTEXT(2) 
PARAMETRIC_REPRESENTATION_CONTEXT() REPRESENTATION_CONTEXT('2D SPACE',''
  ) );
#13149 = PCURVE('',#3806,#13150);
#13150 = DEFINITIONAL_REPRESENTATION('',(#13151),#13155);
#13151 = LINE('',#13152,#13153);
#13152 = CARTESIAN_POINT('',(0.,0.));
#13153 = VECTOR('',#13154,1.);
#13154 = DIRECTION('',(0.,-1.));
#13155 = ( GEOMETRIC_REPRESENTATION_CONTEXT(2) 
PARAMETRIC_REPRESENTATION_CONTEXT() REPRESENTATION_CONTEXT('2D SPACE',''
  ) );
#13156 = ADVANCED_FACE('',(#13157),#3624,.F.);
#13157 = FACE_BOUND('',#13158,.F.);
#13158 = EDGE_LOOP('',(#13159,#13160,#13183,#13204));
#13159 = ORIENTED_EDGE('',*,*,#3609,.T.);
#13160 = ORIENTED_EDGE('',*,*,#13161,.T.);
#13161 = EDGE_CURVE('',#3610,#13162,#13164,.T.);
#13162 = VERTEX_POINT('',#13163);
#13163 = CARTESIAN_POINT('',(60.782866505123,39.95,107.96311823216));
#13164 = SURFACE_CURVE('',#13165,(#13169,#13176),.PCURVE_S1.);
#13165 = LINE('',#13166,#13167);
#13166 = CARTESIAN_POINT('',(60.782866505123,39.75,107.96311823216));
#13167 = VECTOR('',#13168,1.);
#13168 = DIRECTION('',(0.,1.,0.));
#13169 = PCURVE('',#3624,#13170);
#13170 = DEFINITIONAL_REPRESENTATION('',(#13171),#13175);
#13171 = LINE('',#13172,#13173);
#13172 = CARTESIAN_POINT('',(0.,0.));
#13173 = VECTOR('',#13174,1.);
#13174 = DIRECTION('',(0.,-1.));
#13175 = ( GEOMETRIC_REPRESENTATION_CONTEXT(2) 
PARAMETRIC_REPRESENTATION_CONTEXT() REPRESENTATION_CONTEXT('2D SPACE',''
  ) );
#13176 = PCURVE('',#3650,#13177);
#13177 = DEFINITIONAL_REPRESENTATION('',(#13178),#13182);
#13178 = LINE('',#13179,#13180);
#13179 = CARTESIAN_POINT('',(0.113264024261,0.));
#13180 = VECTOR('',#13181,1.);
#13181 = DIRECTION('',(0.,-1.));
#13182 = ( GEOMETRIC_REPRESENTATION_CONTEXT(2) 
PARAMETRIC_REPRESENTATION_CONTEXT() REPRESENTATION_CONTEXT('2D SPACE',''
  ) );
#13183 = ORIENTED_EDGE('',*,*,#13184,.T.);
#13184 = EDGE_CURVE('',#13162,#13064,#13185,.T.);
#13185 = SURFACE_CURVE('',#13186,(#13190,#13197),.PCURVE_S1.);
#13186 = LINE('',#13187,#13188);
#13187 = CARTESIAN_POINT('',(60.782866505123,39.95,107.96311823216));
#13188 = VECTOR('',#13189,1.);
#13189 = DIRECTION('',(0.61888971024,0.,0.785477896926));
#13190 = PCURVE('',#3624,#13191);
#13191 = DEFINITIONAL_REPRESENTATION('',(#13192),#13196);
#13192 = LINE('',#13193,#13194);
#13193 = CARTESIAN_POINT('',(0.,-0.2));
#13194 = VECTOR('',#13195,1.);
#13195 = DIRECTION('',(1.,0.));
#13196 = ( GEOMETRIC_REPRESENTATION_CONTEXT(2) 
PARAMETRIC_REPRESENTATION_CONTEXT() REPRESENTATION_CONTEXT('2D SPACE',''
  ) );
#13197 = PCURVE('',#11213,#13198);
#13198 = DEFINITIONAL_REPRESENTATION('',(#13199),#13203);
#13199 = LINE('',#13200,#13201);
#13200 = CARTESIAN_POINT('',(-0.225740720209,-0.452260955876));
#13201 = VECTOR('',#13202,1.);
#13202 = DIRECTION('',(-0.61888971024,0.785477896926));
#13203 = ( GEOMETRIC_REPRESENTATION_CONTEXT(2) 
PARAMETRIC_REPRESENTATION_CONTEXT() REPRESENTATION_CONTEXT('2D SPACE',''
  ) );
#13204 = ORIENTED_EDGE('',*,*,#13063,.F.);
#13205 = ADVANCED_FACE('',(#13206),#3806,.F.);
#13206 = FACE_BOUND('',#13207,.F.);
#13207 = EDGE_LOOP('',(#13208,#13209,#13210,#13233));
#13208 = ORIENTED_EDGE('',*,*,#3791,.T.);
#13209 = ORIENTED_EDGE('',*,*,#13136,.T.);
#13210 = ORIENTED_EDGE('',*,*,#13211,.T.);
#13211 = EDGE_CURVE('',#13114,#13212,#13214,.T.);
#13212 = VERTEX_POINT('',#13213);
#13213 = CARTESIAN_POINT('',(60.302151351202,39.95,108.22089492189));
#13214 = SURFACE_CURVE('',#13215,(#13219,#13226),.PCURVE_S1.);
#13215 = LINE('',#13216,#13217);
#13216 = CARTESIAN_POINT('',(60.396048127893,39.95,108.2718409866));
#13217 = VECTOR('',#13218,1.);
#13218 = DIRECTION('',(-0.878957309346,0.,-0.476900459579));
#13219 = PCURVE('',#3806,#13220);
#13220 = DEFINITIONAL_REPRESENTATION('',(#13221),#13225);
#13221 = LINE('',#13222,#13223);
#13222 = CARTESIAN_POINT('',(0.,-0.2));
#13223 = VECTOR('',#13224,1.);
#13224 = DIRECTION('',(1.,0.));
#13225 = ( GEOMETRIC_REPRESENTATION_CONTEXT(2) 
PARAMETRIC_REPRESENTATION_CONTEXT() REPRESENTATION_CONTEXT('2D SPACE',''
  ) );
#13226 = PCURVE('',#11213,#13227);
#13227 = DEFINITIONAL_REPRESENTATION('',(#13228),#13232);
#13228 = LINE('',#13229,#13230);
#13229 = CARTESIAN_POINT('',(0.161077657021,-0.143538201434));
#13230 = VECTOR('',#13231,1.);
#13231 = DIRECTION('',(0.878957309346,-0.476900459579));
#13232 = ( GEOMETRIC_REPRESENTATION_CONTEXT(2) 
PARAMETRIC_REPRESENTATION_CONTEXT() REPRESENTATION_CONTEXT('2D SPACE',''
  ) );
#13233 = ORIENTED_EDGE('',*,*,#13234,.F.);
#13234 = EDGE_CURVE('',#3766,#13212,#13235,.T.);
#13235 = SURFACE_CURVE('',#13236,(#13240,#13247),.PCURVE_S1.);
#13236 = LINE('',#13237,#13238);
#13237 = CARTESIAN_POINT('',(60.302151351202,39.75,108.22089492189));
#13238 = VECTOR('',#13239,1.);
#13239 = DIRECTION('',(0.,1.,0.));
#13240 = PCURVE('',#3806,#13241);
#13241 = DEFINITIONAL_REPRESENTATION('',(#13242),#13246);
#13242 = LINE('',#13243,#13244);
#13243 = CARTESIAN_POINT('',(0.106827459869,0.));
#13244 = VECTOR('',#13245,1.);
#13245 = DIRECTION('',(0.,-1.));
#13246 = ( GEOMETRIC_REPRESENTATION_CONTEXT(2) 
PARAMETRIC_REPRESENTATION_CONTEXT() REPRESENTATION_CONTEXT('2D SPACE',''
  ) );
#13247 = PCURVE('',#3780,#13248);
#13248 = DEFINITIONAL_REPRESENTATION('',(#13249),#13253);
#13249 = LINE('',#13250,#13251);
#13250 = CARTESIAN_POINT('',(0.,0.));
#13251 = VECTOR('',#13252,1.);
#13252 = DIRECTION('',(0.,-1.));
#13253 = ( GEOMETRIC_REPRESENTATION_CONTEXT(2) 
PARAMETRIC_REPRESENTATION_CONTEXT() REPRESENTATION_CONTEXT('2D SPACE',''
  ) );
#13254 = ADVANCED_FACE('',(#13255),#3650,.F.);
#13255 = FACE_BOUND('',#13256,.F.);
#13256 = EDGE_LOOP('',(#13257,#13258,#13281,#13302));
#13257 = ORIENTED_EDGE('',*,*,#3635,.T.);
#13258 = ORIENTED_EDGE('',*,*,#13259,.T.);
#13259 = EDGE_CURVE('',#3636,#13260,#13262,.T.);
#13260 = VERTEX_POINT('',#13261);
#13261 = CARTESIAN_POINT('',(60.681536614902,39.95,107.91251198215));
#13262 = SURFACE_CURVE('',#13263,(#13267,#13274),.PCURVE_S1.);
#13263 = LINE('',#13264,#13265);
#13264 = CARTESIAN_POINT('',(60.681536614902,39.75,107.91251198215));
#13265 = VECTOR('',#13266,1.);
#13266 = DIRECTION('',(0.,1.,0.));
#13267 = PCURVE('',#3650,#13268);
#13268 = DEFINITIONAL_REPRESENTATION('',(#13269),#13273);
#13269 = LINE('',#13270,#13271);
#13270 = CARTESIAN_POINT('',(0.,0.));
#13271 = VECTOR('',#13272,1.);
#13272 = DIRECTION('',(0.,-1.));
#13273 = ( GEOMETRIC_REPRESENTATION_CONTEXT(2) 
PARAMETRIC_REPRESENTATION_CONTEXT() REPRESENTATION_CONTEXT('2D SPACE',''
  ) );
#13274 = PCURVE('',#3676,#13275);
#13275 = DEFINITIONAL_REPRESENTATION('',(#13276),#13280);
#13276 = LINE('',#13277,#13278);
#13277 = CARTESIAN_POINT('',(0.138001998375,0.));
#13278 = VECTOR('',#13279,1.);
#13279 = DIRECTION('',(0.,-1.));
#13280 = ( GEOMETRIC_REPRESENTATION_CONTEXT(2) 
PARAMETRIC_REPRESENTATION_CONTEXT() REPRESENTATION_CONTEXT('2D SPACE',''
  ) );
#13281 = ORIENTED_EDGE('',*,*,#13282,.T.);
#13282 = EDGE_CURVE('',#13260,#13162,#13283,.T.);
#13283 = SURFACE_CURVE('',#13284,(#13288,#13295),.PCURVE_S1.);
#13284 = LINE('',#13285,#13286);
#13285 = CARTESIAN_POINT('',(60.681536614902,39.95,107.91251198215));
#13286 = VECTOR('',#13287,1.);
#13287 = DIRECTION('',(0.894634380879,0.,0.446798975547));
#13288 = PCURVE('',#3650,#13289);
#13289 = DEFINITIONAL_REPRESENTATION('',(#13290),#13294);
#13290 = LINE('',#13291,#13292);
#13291 = CARTESIAN_POINT('',(0.,-0.2));
#13292 = VECTOR('',#13293,1.);
#13293 = DIRECTION('',(1.,0.));
#13294 = ( GEOMETRIC_REPRESENTATION_CONTEXT(2) 
PARAMETRIC_REPRESENTATION_CONTEXT() REPRESENTATION_CONTEXT('2D SPACE',''
  ) );
#13295 = PCURVE('',#11213,#13296);
#13296 = DEFINITIONAL_REPRESENTATION('',(#13297),#13301);
#13297 = LINE('',#13298,#13299);
#13298 = CARTESIAN_POINT('',(-0.124410829988,-0.502867205882));
#13299 = VECTOR('',#13300,1.);
#13300 = DIRECTION('',(-0.894634380879,0.446798975547));
#13301 = ( GEOMETRIC_REPRESENTATION_CONTEXT(2) 
PARAMETRIC_REPRESENTATION_CONTEXT() REPRESENTATION_CONTEXT('2D SPACE',''
  ) );
#13302 = ORIENTED_EDGE('',*,*,#13161,.F.);
#13303 = ADVANCED_FACE('',(#13304),#3780,.F.);
#13304 = FACE_BOUND('',#13305,.F.);
#13305 = EDGE_LOOP('',(#13306,#13307,#13308,#13331));
#13306 = ORIENTED_EDGE('',*,*,#3765,.T.);
#13307 = ORIENTED_EDGE('',*,*,#13234,.T.);
#13308 = ORIENTED_EDGE('',*,*,#13309,.T.);
#13309 = EDGE_CURVE('',#13212,#13310,#13312,.T.);
#13310 = VERTEX_POINT('',#13311);
#13311 = CARTESIAN_POINT('',(60.24711122394,39.95,108.08247473242));
#13312 = SURFACE_CURVE('',#13313,(#13317,#13324),.PCURVE_S1.);
#13313 = LINE('',#13314,#13315);
#13314 = CARTESIAN_POINT('',(60.302151351202,39.95,108.22089492189));
#13315 = VECTOR('',#13316,1.);
#13316 = DIRECTION('',(-0.36949200055,0.,-0.929233911095));
#13317 = PCURVE('',#3780,#13318);
#13318 = DEFINITIONAL_REPRESENTATION('',(#13319),#13323);
#13319 = LINE('',#13320,#13321);
#13320 = CARTESIAN_POINT('',(0.,-0.2));
#13321 = VECTOR('',#13322,1.);
#13322 = DIRECTION('',(1.,0.));
#13323 = ( GEOMETRIC_REPRESENTATION_CONTEXT(2) 
PARAMETRIC_REPRESENTATION_CONTEXT() REPRESENTATION_CONTEXT('2D SPACE',''
  ) );
#13324 = PCURVE('',#11213,#13325);
#13325 = DEFINITIONAL_REPRESENTATION('',(#13326),#13330);
#13326 = LINE('',#13327,#13328);
#13327 = CARTESIAN_POINT('',(0.254974433712,-0.194484266141));
#13328 = VECTOR('',#13329,1.);
#13329 = DIRECTION('',(0.36949200055,-0.929233911095));
#13330 = ( GEOMETRIC_REPRESENTATION_CONTEXT(2) 
PARAMETRIC_REPRESENTATION_CONTEXT() REPRESENTATION_CONTEXT('2D SPACE',''
  ) );
#13331 = ORIENTED_EDGE('',*,*,#13332,.F.);
#13332 = EDGE_CURVE('',#3740,#13310,#13333,.T.);
#13333 = SURFACE_CURVE('',#13334,(#13338,#13345),.PCURVE_S1.);
#13334 = LINE('',#13335,#13336);
#13335 = CARTESIAN_POINT('',(60.24711122394,39.75,108.08247473242));
#13336 = VECTOR('',#13337,1.);
#13337 = DIRECTION('',(0.,1.,0.));
#13338 = PCURVE('',#3780,#13339);
#13339 = DEFINITIONAL_REPRESENTATION('',(#13340),#13344);
#13340 = LINE('',#13341,#13342);
#13341 = CARTESIAN_POINT('',(0.148961620765,0.));
#13342 = VECTOR('',#13343,1.);
#13343 = DIRECTION('',(0.,-1.));
#13344 = ( GEOMETRIC_REPRESENTATION_CONTEXT(2) 
PARAMETRIC_REPRESENTATION_CONTEXT() REPRESENTATION_CONTEXT('2D SPACE',''
  ) );
#13345 = PCURVE('',#3754,#13346);
#13346 = DEFINITIONAL_REPRESENTATION('',(#13347),#13351);
#13347 = LINE('',#13348,#13349);
#13348 = CARTESIAN_POINT('',(0.,0.));
#13349 = VECTOR('',#13350,1.);
#13350 = DIRECTION('',(0.,-1.));
#13351 = ( GEOMETRIC_REPRESENTATION_CONTEXT(2) 
PARAMETRIC_REPRESENTATION_CONTEXT() REPRESENTATION_CONTEXT('2D SPACE',''
  ) );
#13352 = ADVANCED_FACE('',(#13353),#3676,.F.);
#13353 = FACE_BOUND('',#13354,.F.);
#13354 = EDGE_LOOP('',(#13355,#13356,#13379,#13400));
#13355 = ORIENTED_EDGE('',*,*,#3661,.T.);
#13356 = ORIENTED_EDGE('',*,*,#13357,.T.);
#13357 = EDGE_CURVE('',#3662,#13358,#13360,.T.);
#13358 = VERTEX_POINT('',#13359);
#13359 = CARTESIAN_POINT('',(60.544673252185,39.95,107.89482098158));
#13360 = SURFACE_CURVE('',#13361,(#13365,#13372),.PCURVE_S1.);
#13361 = LINE('',#13362,#13363);
#13362 = CARTESIAN_POINT('',(60.544673252185,39.75,107.89482098158));
#13363 = VECTOR('',#13364,1.);
#13364 = DIRECTION('',(0.,1.,0.));
#13365 = PCURVE('',#3676,#13366);
#13366 = DEFINITIONAL_REPRESENTATION('',(#13367),#13371);
#13367 = LINE('',#13368,#13369);
#13368 = CARTESIAN_POINT('',(0.,0.));
#13369 = VECTOR('',#13370,1.);
#13370 = DIRECTION('',(0.,-1.));
#13371 = ( GEOMETRIC_REPRESENTATION_CONTEXT(2) 
PARAMETRIC_REPRESENTATION_CONTEXT() REPRESENTATION_CONTEXT('2D SPACE',''
  ) );
#13372 = PCURVE('',#3702,#13373);
#13373 = DEFINITIONAL_REPRESENTATION('',(#13374),#13378);
#13374 = LINE('',#13375,#13376);
#13375 = CARTESIAN_POINT('',(0.121394341883,0.));
#13376 = VECTOR('',#13377,1.);
#13377 = DIRECTION('',(0.,-1.));
#13378 = ( GEOMETRIC_REPRESENTATION_CONTEXT(2) 
PARAMETRIC_REPRESENTATION_CONTEXT() REPRESENTATION_CONTEXT('2D SPACE',''
  ) );
#13379 = ORIENTED_EDGE('',*,*,#13380,.T.);
#13380 = EDGE_CURVE('',#13358,#13260,#13381,.T.);
#13381 = SURFACE_CURVE('',#13382,(#13386,#13393),.PCURVE_S1.);
#13382 = LINE('',#13383,#13384);
#13383 = CARTESIAN_POINT('',(60.544673252185,39.95,107.89482098158));
#13384 = VECTOR('',#13385,1.);
#13385 = DIRECTION('',(0.991749136458,0.,0.128193799904));
#13386 = PCURVE('',#3676,#13387);
#13387 = DEFINITIONAL_REPRESENTATION('',(#13388),#13392);
#13388 = LINE('',#13389,#13390);
#13389 = CARTESIAN_POINT('',(0.,-0.2));
#13390 = VECTOR('',#13391,1.);
#13391 = DIRECTION('',(1.,0.));
#13392 = ( GEOMETRIC_REPRESENTATION_CONTEXT(2) 
PARAMETRIC_REPRESENTATION_CONTEXT() REPRESENTATION_CONTEXT('2D SPACE',''
  ) );
#13393 = PCURVE('',#11213,#13394);
#13394 = DEFINITIONAL_REPRESENTATION('',(#13395),#13399);
#13395 = LINE('',#13396,#13397);
#13396 = CARTESIAN_POINT('',(1.245253272914E-02,-0.520558206448));
#13397 = VECTOR('',#13398,1.);
#13398 = DIRECTION('',(-0.991749136458,0.128193799904));
#13399 = ( GEOMETRIC_REPRESENTATION_CONTEXT(2) 
PARAMETRIC_REPRESENTATION_CONTEXT() REPRESENTATION_CONTEXT('2D SPACE',''
  ) );
#13400 = ORIENTED_EDGE('',*,*,#13259,.F.);
#13401 = ADVANCED_FACE('',(#13402),#3754,.F.);
#13402 = FACE_BOUND('',#13403,.F.);
#13403 = EDGE_LOOP('',(#13404,#13405,#13406,#13429));
#13404 = ORIENTED_EDGE('',*,*,#3739,.T.);
#13405 = ORIENTED_EDGE('',*,*,#13332,.T.);
#13406 = ORIENTED_EDGE('',*,*,#13407,.T.);
#13407 = EDGE_CURVE('',#13310,#13408,#13410,.T.);
#13408 = VERTEX_POINT('',#13409);
#13409 = CARTESIAN_POINT('',(60.318631470093,39.95,107.95246526682));
#13410 = SURFACE_CURVE('',#13411,(#13415,#13422),.PCURVE_S1.);
#13411 = LINE('',#13412,#13413);
#13412 = CARTESIAN_POINT('',(60.24711122394,39.95,108.08247473242));
#13413 = VECTOR('',#13414,1.);
#13414 = DIRECTION('',(0.481996567133,0.,-0.876173104627));
#13415 = PCURVE('',#3754,#13416);
#13416 = DEFINITIONAL_REPRESENTATION('',(#13417),#13421);
#13417 = LINE('',#13418,#13419);
#13418 = CARTESIAN_POINT('',(0.,-0.2));
#13419 = VECTOR('',#13420,1.);
#13420 = DIRECTION('',(1.,0.));
#13421 = ( GEOMETRIC_REPRESENTATION_CONTEXT(2) 
PARAMETRIC_REPRESENTATION_CONTEXT() REPRESENTATION_CONTEXT('2D SPACE',''
  ) );
#13422 = PCURVE('',#11213,#13423);
#13423 = DEFINITIONAL_REPRESENTATION('',(#13424),#13428);
#13424 = LINE('',#13425,#13426);
#13425 = CARTESIAN_POINT('',(0.310014560974,-0.332904455608));
#13426 = VECTOR('',#13427,1.);
#13427 = DIRECTION('',(-0.481996567133,-0.876173104627));
#13428 = ( GEOMETRIC_REPRESENTATION_CONTEXT(2) 
PARAMETRIC_REPRESENTATION_CONTEXT() REPRESENTATION_CONTEXT('2D SPACE',''
  ) );
#13429 = ORIENTED_EDGE('',*,*,#13430,.F.);
#13430 = EDGE_CURVE('',#3714,#13408,#13431,.T.);
#13431 = SURFACE_CURVE('',#13432,(#13436,#13443),.PCURVE_S1.);
#13432 = LINE('',#13433,#13434);
#13433 = CARTESIAN_POINT('',(60.318631470093,39.75,107.95246526682));
#13434 = VECTOR('',#13435,1.);
#13435 = DIRECTION('',(0.,1.,0.));
#13436 = PCURVE('',#3754,#13437);
#13437 = DEFINITIONAL_REPRESENTATION('',(#13438),#13442);
#13438 = LINE('',#13439,#13440);
#13439 = CARTESIAN_POINT('',(0.148383310235,0.));
#13440 = VECTOR('',#13441,1.);
#13441 = DIRECTION('',(0.,-1.));
#13442 = ( GEOMETRIC_REPRESENTATION_CONTEXT(2) 
PARAMETRIC_REPRESENTATION_CONTEXT() REPRESENTATION_CONTEXT('2D SPACE',''
  ) );
#13443 = PCURVE('',#3728,#13444);
#13444 = DEFINITIONAL_REPRESENTATION('',(#13445),#13449);
#13445 = LINE('',#13446,#13447);
#13446 = CARTESIAN_POINT('',(0.,0.));
#13447 = VECTOR('',#13448,1.);
#13448 = DIRECTION('',(0.,-1.));
#13449 = ( GEOMETRIC_REPRESENTATION_CONTEXT(2) 
PARAMETRIC_REPRESENTATION_CONTEXT() REPRESENTATION_CONTEXT('2D SPACE',''
  ) );
#13450 = ADVANCED_FACE('',(#13451),#3702,.F.);
#13451 = FACE_BOUND('',#13452,.F.);
#13452 = EDGE_LOOP('',(#13453,#13454,#13477,#13498));
#13453 = ORIENTED_EDGE('',*,*,#3687,.T.);
#13454 = ORIENTED_EDGE('',*,*,#13455,.T.);
#13455 = EDGE_CURVE('',#3688,#13456,#13458,.T.);
#13456 = VERTEX_POINT('',#13457);
#13457 = CARTESIAN_POINT('',(60.423863555072,39.95,107.9067207011));
#13458 = SURFACE_CURVE('',#13459,(#13463,#13470),.PCURVE_S1.);
#13459 = LINE('',#13460,#13461);
#13460 = CARTESIAN_POINT('',(60.423863555072,39.75,107.9067207011));
#13461 = VECTOR('',#13462,1.);
#13462 = DIRECTION('',(0.,1.,0.));
#13463 = PCURVE('',#3702,#13464);
#13464 = DEFINITIONAL_REPRESENTATION('',(#13465),#13469);
#13465 = LINE('',#13466,#13467);
#13466 = CARTESIAN_POINT('',(0.,0.));
#13467 = VECTOR('',#13468,1.);
#13468 = DIRECTION('',(0.,-1.));
#13469 = ( GEOMETRIC_REPRESENTATION_CONTEXT(2) 
PARAMETRIC_REPRESENTATION_CONTEXT() REPRESENTATION_CONTEXT('2D SPACE',''
  ) );
#13470 = PCURVE('',#3728,#13471);
#13471 = DEFINITIONAL_REPRESENTATION('',(#13472),#13476);
#13472 = LINE('',#13473,#13474);
#13473 = CARTESIAN_POINT('',(0.114744747164,0.));
#13474 = VECTOR('',#13475,1.);
#13475 = DIRECTION('',(0.,-1.));
#13476 = ( GEOMETRIC_REPRESENTATION_CONTEXT(2) 
PARAMETRIC_REPRESENTATION_CONTEXT() REPRESENTATION_CONTEXT('2D SPACE',''
  ) );
#13477 = ORIENTED_EDGE('',*,*,#13478,.T.);
#13478 = EDGE_CURVE('',#13456,#13358,#13479,.T.);
#13479 = SURFACE_CURVE('',#13480,(#13484,#13491),.PCURVE_S1.);
#13480 = LINE('',#13481,#13482);
#13481 = CARTESIAN_POINT('',(60.423863555072,39.95,107.9067207011));
#13482 = VECTOR('',#13483,1.);
#13483 = DIRECTION('',(0.995183920759,0.,-9.802532256039E-02));
#13484 = PCURVE('',#3702,#13485);
#13485 = DEFINITIONAL_REPRESENTATION('',(#13486),#13490);
#13486 = LINE('',#13487,#13488);
#13487 = CARTESIAN_POINT('',(0.,-0.2));
#13488 = VECTOR('',#13489,1.);
#13489 = DIRECTION('',(1.,0.));
#13490 = ( GEOMETRIC_REPRESENTATION_CONTEXT(2) 
PARAMETRIC_REPRESENTATION_CONTEXT() REPRESENTATION_CONTEXT('2D SPACE',''
  ) );
#13491 = PCURVE('',#11213,#13492);
#13492 = DEFINITIONAL_REPRESENTATION('',(#13493),#13497);
#13493 = LINE('',#13494,#13495);
#13494 = CARTESIAN_POINT('',(0.133262229842,-0.508658486928));
#13495 = VECTOR('',#13496,1.);
#13496 = DIRECTION('',(-0.995183920759,-9.802532256039E-02));
#13497 = ( GEOMETRIC_REPRESENTATION_CONTEXT(2) 
PARAMETRIC_REPRESENTATION_CONTEXT() REPRESENTATION_CONTEXT('2D SPACE',''
  ) );
#13498 = ORIENTED_EDGE('',*,*,#13357,.F.);
#13499 = ADVANCED_FACE('',(#13500),#3728,.F.);
#13500 = FACE_BOUND('',#13501,.F.);
#13501 = EDGE_LOOP('',(#13502,#13503,#13504,#13525));
#13502 = ORIENTED_EDGE('',*,*,#3713,.T.);
#13503 = ORIENTED_EDGE('',*,*,#13430,.T.);
#13504 = ORIENTED_EDGE('',*,*,#13505,.T.);
#13505 = EDGE_CURVE('',#13408,#13456,#13506,.T.);
#13506 = SURFACE_CURVE('',#13507,(#13511,#13518),.PCURVE_S1.);
#13507 = LINE('',#13508,#13509);
#13508 = CARTESIAN_POINT('',(60.318631470093,39.95,107.95246526682));
#13509 = VECTOR('',#13510,1.);
#13510 = DIRECTION('',(0.917097188155,0.,-0.398663702234));
#13511 = PCURVE('',#3728,#13512);
#13512 = DEFINITIONAL_REPRESENTATION('',(#13513),#13517);
#13513 = LINE('',#13514,#13515);
#13514 = CARTESIAN_POINT('',(0.,-0.2));
#13515 = VECTOR('',#13516,1.);
#13516 = DIRECTION('',(1.,0.));
#13517 = ( GEOMETRIC_REPRESENTATION_CONTEXT(2) 
PARAMETRIC_REPRESENTATION_CONTEXT() REPRESENTATION_CONTEXT('2D SPACE',''
  ) );
#13518 = PCURVE('',#11213,#13519);
#13519 = DEFINITIONAL_REPRESENTATION('',(#13520),#13524);
#13520 = LINE('',#13521,#13522);
#13521 = CARTESIAN_POINT('',(0.238494314821,-0.462913921212));
#13522 = VECTOR('',#13523,1.);
#13523 = DIRECTION('',(-0.917097188155,-0.398663702234));
#13524 = ( GEOMETRIC_REPRESENTATION_CONTEXT(2) 
PARAMETRIC_REPRESENTATION_CONTEXT() REPRESENTATION_CONTEXT('2D SPACE',''
  ) );
#13525 = ORIENTED_EDGE('',*,*,#13455,.F.);
#13526 = ADVANCED_FACE('',(#13527),#4354,.F.);
#13527 = FACE_BOUND('',#13528,.F.);
#13528 = EDGE_LOOP('',(#13529,#13530,#13553,#13581));
#13529 = ORIENTED_EDGE('',*,*,#4337,.T.);
#13530 = ORIENTED_EDGE('',*,*,#13531,.T.);
#13531 = EDGE_CURVE('',#4340,#13532,#13534,.T.);
#13532 = VERTEX_POINT('',#13533);
#13533 = CARTESIAN_POINT('',(61.315220665133,39.95,108.37806107532));
#13534 = SURFACE_CURVE('',#13535,(#13539,#13546),.PCURVE_S1.);
#13535 = LINE('',#13536,#13537);
#13536 = CARTESIAN_POINT('',(61.315220665133,39.75,108.37806107532));
#13537 = VECTOR('',#13538,1.);
#13538 = DIRECTION('',(0.,1.,0.));
#13539 = PCURVE('',#4354,#13540);
#13540 = DEFINITIONAL_REPRESENTATION('',(#13541),#13545);
#13541 = LINE('',#13542,#13543);
#13542 = CARTESIAN_POINT('',(0.,0.));
#13543 = VECTOR('',#13544,1.);
#13544 = DIRECTION('',(0.,-1.));
#13545 = ( GEOMETRIC_REPRESENTATION_CONTEXT(2) 
PARAMETRIC_REPRESENTATION_CONTEXT() REPRESENTATION_CONTEXT('2D SPACE',''
  ) );
#13546 = PCURVE('',#4380,#13547);
#13547 = DEFINITIONAL_REPRESENTATION('',(#13548),#13552);
#13548 = LINE('',#13549,#13550);
#13549 = CARTESIAN_POINT('',(0.662637030072,0.));
#13550 = VECTOR('',#13551,1.);
#13551 = DIRECTION('',(0.,-1.));
#13552 = ( GEOMETRIC_REPRESENTATION_CONTEXT(2) 
PARAMETRIC_REPRESENTATION_CONTEXT() REPRESENTATION_CONTEXT('2D SPACE',''
  ) );
#13553 = ORIENTED_EDGE('',*,*,#13554,.T.);
#13554 = EDGE_CURVE('',#13532,#13555,#13557,.T.);
#13555 = VERTEX_POINT('',#13556);
#13556 = CARTESIAN_POINT('',(61.363177159828,39.95,108.58109809663));
#13557 = SURFACE_CURVE('',#13558,(#13562,#13569),.PCURVE_S1.);
#13558 = LINE('',#13559,#13560);
#13559 = CARTESIAN_POINT('',(61.315220665133,39.95,108.37806107532));
#13560 = VECTOR('',#13561,1.);
#13561 = DIRECTION('',(0.229870765524,0.,0.97322116251));
#13562 = PCURVE('',#4354,#13563);
#13563 = DEFINITIONAL_REPRESENTATION('',(#13564),#13568);
#13564 = LINE('',#13565,#13566);
#13565 = CARTESIAN_POINT('',(0.,-0.2));
#13566 = VECTOR('',#13567,1.);
#13567 = DIRECTION('',(1.,0.));
#13568 = ( GEOMETRIC_REPRESENTATION_CONTEXT(2) 
PARAMETRIC_REPRESENTATION_CONTEXT() REPRESENTATION_CONTEXT('2D SPACE',''
  ) );
#13569 = PCURVE('',#13570,#13575);
#13570 = PLANE('',#13571);
#13571 = AXIS2_PLACEMENT_3D('',#13572,#13573,#13574);
#13572 = CARTESIAN_POINT('',(61.805043439377,39.95,108.43743232986));
#13573 = DIRECTION('',(0.,1.,0.));
#13574 = DIRECTION('',(-1.,0.,6.123233995737E-17));
#13575 = DEFINITIONAL_REPRESENTATION('',(#13576),#13580);
#13576 = LINE('',#13577,#13578);
#13577 = CARTESIAN_POINT('',(0.489822774244,-5.937125453506E-02));
#13578 = VECTOR('',#13579,1.);
#13579 = DIRECTION('',(-0.229870765524,0.97322116251));
#13580 = ( GEOMETRIC_REPRESENTATION_CONTEXT(2) 
PARAMETRIC_REPRESENTATION_CONTEXT() REPRESENTATION_CONTEXT('2D SPACE',''
  ) );
#13581 = ORIENTED_EDGE('',*,*,#13582,.F.);
#13582 = EDGE_CURVE('',#4338,#13555,#13583,.T.);
#13583 = SURFACE_CURVE('',#13584,(#13588,#13595),.PCURVE_S1.);
#13584 = LINE('',#13585,#13586);
#13585 = CARTESIAN_POINT('',(61.363177159828,39.75,108.58109809663));
#13586 = VECTOR('',#13587,1.);
#13587 = DIRECTION('',(0.,1.,0.));
#13588 = PCURVE('',#4354,#13589);
#13589 = DEFINITIONAL_REPRESENTATION('',(#13590),#13594);
#13590 = LINE('',#13591,#13592);
#13591 = CARTESIAN_POINT('',(0.208623722055,0.));
#13592 = VECTOR('',#13593,1.);
#13593 = DIRECTION('',(0.,-1.));
#13594 = ( GEOMETRIC_REPRESENTATION_CONTEXT(2) 
PARAMETRIC_REPRESENTATION_CONTEXT() REPRESENTATION_CONTEXT('2D SPACE',''
  ) );
#13595 = PCURVE('',#4638,#13596);
#13596 = DEFINITIONAL_REPRESENTATION('',(#13597),#13601);
#13597 = LINE('',#13598,#13599);
#13598 = CARTESIAN_POINT('',(0.,0.));
#13599 = VECTOR('',#13600,1.);
#13600 = DIRECTION('',(0.,-1.));
#13601 = ( GEOMETRIC_REPRESENTATION_CONTEXT(2) 
PARAMETRIC_REPRESENTATION_CONTEXT() REPRESENTATION_CONTEXT('2D SPACE',''
  ) );
#13602 = ADVANCED_FACE('',(#13603),#4638,.F.);
#13603 = FACE_BOUND('',#13604,.F.);
#13604 = EDGE_LOOP('',(#13605,#13606,#13607,#13630));
#13605 = ORIENTED_EDGE('',*,*,#4625,.T.);
#13606 = ORIENTED_EDGE('',*,*,#13582,.T.);
#13607 = ORIENTED_EDGE('',*,*,#13608,.T.);
#13608 = EDGE_CURVE('',#13555,#13609,#13611,.T.);
#13609 = VERTEX_POINT('',#13610);
#13610 = CARTESIAN_POINT('',(62.016120058565,39.95,108.62109809663));
#13611 = SURFACE_CURVE('',#13612,(#13616,#13623),.PCURVE_S1.);
#13612 = LINE('',#13613,#13614);
#13613 = CARTESIAN_POINT('',(61.363177159828,39.95,108.58109809663));
#13614 = VECTOR('',#13615,1.);
#13615 = DIRECTION('',(0.998128804029,0.,6.114646814965E-02));
#13616 = PCURVE('',#4638,#13617);
#13617 = DEFINITIONAL_REPRESENTATION('',(#13618),#13622);
#13618 = LINE('',#13619,#13620);
#13619 = CARTESIAN_POINT('',(0.,-0.2));
#13620 = VECTOR('',#13621,1.);
#13621 = DIRECTION('',(1.,0.));
#13622 = ( GEOMETRIC_REPRESENTATION_CONTEXT(2) 
PARAMETRIC_REPRESENTATION_CONTEXT() REPRESENTATION_CONTEXT('2D SPACE',''
  ) );
#13623 = PCURVE('',#13570,#13624);
#13624 = DEFINITIONAL_REPRESENTATION('',(#13625),#13629);
#13625 = LINE('',#13626,#13627);
#13626 = CARTESIAN_POINT('',(0.441866279549,0.143665766771));
#13627 = VECTOR('',#13628,1.);
#13628 = DIRECTION('',(-0.998128804029,6.114646814965E-02));
#13629 = ( GEOMETRIC_REPRESENTATION_CONTEXT(2) 
PARAMETRIC_REPRESENTATION_CONTEXT() REPRESENTATION_CONTEXT('2D SPACE',''
  ) );
#13630 = ORIENTED_EDGE('',*,*,#13631,.F.);
#13631 = EDGE_CURVE('',#4600,#13609,#13632,.T.);
#13632 = SURFACE_CURVE('',#13633,(#13637,#13644),.PCURVE_S1.);
#13633 = LINE('',#13634,#13635);
#13634 = CARTESIAN_POINT('',(62.016120058565,39.75,108.62109809663));
#13635 = VECTOR('',#13636,1.);
#13636 = DIRECTION('',(0.,1.,0.));
#13637 = PCURVE('',#4638,#13638);
#13638 = DEFINITIONAL_REPRESENTATION('',(#13639),#13643);
#13639 = LINE('',#13640,#13641);
#13640 = CARTESIAN_POINT('',(0.654166973342,0.));
#13641 = VECTOR('',#13642,1.);
#13642 = DIRECTION('',(0.,-1.));
#13643 = ( GEOMETRIC_REPRESENTATION_CONTEXT(2) 
PARAMETRIC_REPRESENTATION_CONTEXT() REPRESENTATION_CONTEXT('2D SPACE',''
  ) );
#13644 = PCURVE('',#4614,#13645);
#13645 = DEFINITIONAL_REPRESENTATION('',(#13646),#13650);
#13646 = LINE('',#13647,#13648);
#13647 = CARTESIAN_POINT('',(0.,0.));
#13648 = VECTOR('',#13649,1.);
#13649 = DIRECTION('',(0.,-1.));
#13650 = ( GEOMETRIC_REPRESENTATION_CONTEXT(2) 
PARAMETRIC_REPRESENTATION_CONTEXT() REPRESENTATION_CONTEXT('2D SPACE',''
  ) );
#13651 = ADVANCED_FACE('',(#13652),#4380,.F.);
#13652 = FACE_BOUND('',#13653,.F.);
#13653 = EDGE_LOOP('',(#13654,#13655,#13678,#13699));
#13654 = ORIENTED_EDGE('',*,*,#4365,.T.);
#13655 = ORIENTED_EDGE('',*,*,#13656,.T.);
#13656 = EDGE_CURVE('',#4366,#13657,#13659,.T.);
#13657 = VERTEX_POINT('',#13658);
#13658 = CARTESIAN_POINT('',(61.976120058565,39.95,108.33010458063));
#13659 = SURFACE_CURVE('',#13660,(#13664,#13671),.PCURVE_S1.);
#13660 = LINE('',#13661,#13662);
#13661 = CARTESIAN_POINT('',(61.976120058565,39.75,108.33010458063));
#13662 = VECTOR('',#13663,1.);
#13663 = DIRECTION('',(0.,1.,0.));
#13664 = PCURVE('',#4380,#13665);
#13665 = DEFINITIONAL_REPRESENTATION('',(#13666),#13670);
#13666 = LINE('',#13667,#13668);
#13667 = CARTESIAN_POINT('',(0.,0.));
#13668 = VECTOR('',#13669,1.);
#13669 = DIRECTION('',(0.,-1.));
#13670 = ( GEOMETRIC_REPRESENTATION_CONTEXT(2) 
PARAMETRIC_REPRESENTATION_CONTEXT() REPRESENTATION_CONTEXT('2D SPACE',''
  ) );
#13671 = PCURVE('',#4406,#13672);
#13672 = DEFINITIONAL_REPRESENTATION('',(#13673),#13677);
#13673 = LINE('',#13674,#13675);
#13674 = CARTESIAN_POINT('',(0.341975101169,0.));
#13675 = VECTOR('',#13676,1.);
#13676 = DIRECTION('',(0.,-1.));
#13677 = ( GEOMETRIC_REPRESENTATION_CONTEXT(2) 
PARAMETRIC_REPRESENTATION_CONTEXT() REPRESENTATION_CONTEXT('2D SPACE',''
  ) );
#13678 = ORIENTED_EDGE('',*,*,#13679,.T.);
#13679 = EDGE_CURVE('',#13657,#13532,#13680,.T.);
#13680 = SURFACE_CURVE('',#13681,(#13685,#13692),.PCURVE_S1.);
#13681 = LINE('',#13682,#13683);
#13682 = CARTESIAN_POINT('',(61.976120058565,39.95,108.33010458063));
#13683 = VECTOR('',#13684,1.);
#13684 = DIRECTION('',(-0.997377694634,0.,7.237219249575E-02));
#13685 = PCURVE('',#4380,#13686);
#13686 = DEFINITIONAL_REPRESENTATION('',(#13687),#13691);
#13687 = LINE('',#13688,#13689);
#13688 = CARTESIAN_POINT('',(0.,-0.2));
#13689 = VECTOR('',#13690,1.);
#13690 = DIRECTION('',(1.,0.));
#13691 = ( GEOMETRIC_REPRESENTATION_CONTEXT(2) 
PARAMETRIC_REPRESENTATION_CONTEXT() REPRESENTATION_CONTEXT('2D SPACE',''
  ) );
#13692 = PCURVE('',#13570,#13693);
#13693 = DEFINITIONAL_REPRESENTATION('',(#13694),#13698);
#13694 = LINE('',#13695,#13696);
#13695 = CARTESIAN_POINT('',(-0.171076619189,-0.10732774923));
#13696 = VECTOR('',#13697,1.);
#13697 = DIRECTION('',(0.997377694634,7.237219249575E-02));
#13698 = ( GEOMETRIC_REPRESENTATION_CONTEXT(2) 
PARAMETRIC_REPRESENTATION_CONTEXT() REPRESENTATION_CONTEXT('2D SPACE',''
  ) );
#13699 = ORIENTED_EDGE('',*,*,#13531,.F.);
#13700 = ADVANCED_FACE('',(#13701),#4614,.F.);
#13701 = FACE_BOUND('',#13702,.F.);
#13702 = EDGE_LOOP('',(#13703,#13704,#13705,#13728));
#13703 = ORIENTED_EDGE('',*,*,#4599,.T.);
#13704 = ORIENTED_EDGE('',*,*,#13631,.T.);
#13705 = ORIENTED_EDGE('',*,*,#13706,.T.);
#13706 = EDGE_CURVE('',#13609,#13707,#13709,.T.);
#13707 = VERTEX_POINT('',#13708);
#13708 = CARTESIAN_POINT('',(61.976120058565,39.95,108.91240953775));
#13709 = SURFACE_CURVE('',#13710,(#13714,#13721),.PCURVE_S1.);
#13710 = LINE('',#13711,#13712);
#13711 = CARTESIAN_POINT('',(62.016120058565,39.95,108.62109809663));
#13712 = VECTOR('',#13713,1.);
#13713 = DIRECTION('',(-0.136033683919,0.,0.990704212588));
#13714 = PCURVE('',#4614,#13715);
#13715 = DEFINITIONAL_REPRESENTATION('',(#13716),#13720);
#13716 = LINE('',#13717,#13718);
#13717 = CARTESIAN_POINT('',(0.,-0.2));
#13718 = VECTOR('',#13719,1.);
#13719 = DIRECTION('',(1.,0.));
#13720 = ( GEOMETRIC_REPRESENTATION_CONTEXT(2) 
PARAMETRIC_REPRESENTATION_CONTEXT() REPRESENTATION_CONTEXT('2D SPACE',''
  ) );
#13721 = PCURVE('',#13570,#13722);
#13722 = DEFINITIONAL_REPRESENTATION('',(#13723),#13727);
#13723 = LINE('',#13724,#13725);
#13724 = CARTESIAN_POINT('',(-0.211076619189,0.183665766771));
#13725 = VECTOR('',#13726,1.);
#13726 = DIRECTION('',(0.136033683919,0.990704212588));
#13727 = ( GEOMETRIC_REPRESENTATION_CONTEXT(2) 
PARAMETRIC_REPRESENTATION_CONTEXT() REPRESENTATION_CONTEXT('2D SPACE',''
  ) );
#13728 = ORIENTED_EDGE('',*,*,#13729,.F.);
#13729 = EDGE_CURVE('',#4574,#13707,#13730,.T.);
#13730 = SURFACE_CURVE('',#13731,(#13735,#13742),.PCURVE_S1.);
#13731 = LINE('',#13732,#13733);
#13732 = CARTESIAN_POINT('',(61.976120058565,39.75,108.91240953775));
#13733 = VECTOR('',#13734,1.);
#13734 = DIRECTION('',(0.,1.,0.));
#13735 = PCURVE('',#4614,#13736);
#13736 = DEFINITIONAL_REPRESENTATION('',(#13737),#13741);
#13737 = LINE('',#13738,#13739);
#13738 = CARTESIAN_POINT('',(0.29404481925,0.));
#13739 = VECTOR('',#13740,1.);
#13740 = DIRECTION('',(0.,-1.));
#13741 = ( GEOMETRIC_REPRESENTATION_CONTEXT(2) 
PARAMETRIC_REPRESENTATION_CONTEXT() REPRESENTATION_CONTEXT('2D SPACE',''
  ) );
#13742 = PCURVE('',#4588,#13743);
#13743 = DEFINITIONAL_REPRESENTATION('',(#13744),#13748);
#13744 = LINE('',#13745,#13746);
#13745 = CARTESIAN_POINT('',(0.,0.));
#13746 = VECTOR('',#13747,1.);
#13747 = DIRECTION('',(0.,-1.));
#13748 = ( GEOMETRIC_REPRESENTATION_CONTEXT(2) 
PARAMETRIC_REPRESENTATION_CONTEXT() REPRESENTATION_CONTEXT('2D SPACE',''
  ) );
#13749 = ADVANCED_FACE('',(#13750),#4406,.F.);
#13750 = FACE_BOUND('',#13751,.F.);
#13751 = EDGE_LOOP('',(#13752,#13753,#13776,#13797));
#13752 = ORIENTED_EDGE('',*,*,#4391,.T.);
#13753 = ORIENTED_EDGE('',*,*,#13754,.T.);
#13754 = EDGE_CURVE('',#4392,#13755,#13757,.T.);
#13755 = VERTEX_POINT('',#13756);
#13756 = CARTESIAN_POINT('',(62.016120058565,39.95,107.99047688768));
#13757 = SURFACE_CURVE('',#13758,(#13762,#13769),.PCURVE_S1.);
#13758 = LINE('',#13759,#13760);
#13759 = CARTESIAN_POINT('',(62.016120058565,39.75,107.99047688768));
#13760 = VECTOR('',#13761,1.);
#13761 = DIRECTION('',(0.,1.,0.));
#13762 = PCURVE('',#4406,#13763);
#13763 = DEFINITIONAL_REPRESENTATION('',(#13764),#13768);
#13764 = LINE('',#13765,#13766);
#13765 = CARTESIAN_POINT('',(0.,0.));
#13766 = VECTOR('',#13767,1.);
#13767 = DIRECTION('',(0.,-1.));
#13768 = ( GEOMETRIC_REPRESENTATION_CONTEXT(2) 
PARAMETRIC_REPRESENTATION_CONTEXT() REPRESENTATION_CONTEXT('2D SPACE',''
  ) );
#13769 = PCURVE('',#4432,#13770);
#13770 = DEFINITIONAL_REPRESENTATION('',(#13771),#13775);
#13771 = LINE('',#13772,#13773);
#13772 = CARTESIAN_POINT('',(0.74625580543,0.));
#13773 = VECTOR('',#13774,1.);
#13774 = DIRECTION('',(0.,-1.));
#13775 = ( GEOMETRIC_REPRESENTATION_CONTEXT(2) 
PARAMETRIC_REPRESENTATION_CONTEXT() REPRESENTATION_CONTEXT('2D SPACE',''
  ) );
#13776 = ORIENTED_EDGE('',*,*,#13777,.T.);
#13777 = EDGE_CURVE('',#13755,#13657,#13778,.T.);
#13778 = SURFACE_CURVE('',#13779,(#13783,#13790),.PCURVE_S1.);
#13779 = LINE('',#13780,#13781);
#13780 = CARTESIAN_POINT('',(62.016120058565,39.95,107.99047688768));
#13781 = VECTOR('',#13782,1.);
#13782 = DIRECTION('',(-0.116967579988,0.,0.993135733539));
#13783 = PCURVE('',#4406,#13784);
#13784 = DEFINITIONAL_REPRESENTATION('',(#13785),#13789);
#13785 = LINE('',#13786,#13787);
#13786 = CARTESIAN_POINT('',(0.,-0.2));
#13787 = VECTOR('',#13788,1.);
#13788 = DIRECTION('',(1.,0.));
#13789 = ( GEOMETRIC_REPRESENTATION_CONTEXT(2) 
PARAMETRIC_REPRESENTATION_CONTEXT() REPRESENTATION_CONTEXT('2D SPACE',''
  ) );
#13790 = PCURVE('',#13570,#13791);
#13791 = DEFINITIONAL_REPRESENTATION('',(#13792),#13796);
#13792 = LINE('',#13793,#13794);
#13793 = CARTESIAN_POINT('',(-0.211076619189,-0.446955442182));
#13794 = VECTOR('',#13795,1.);
#13795 = DIRECTION('',(0.116967579988,0.993135733539));
#13796 = ( GEOMETRIC_REPRESENTATION_CONTEXT(2) 
PARAMETRIC_REPRESENTATION_CONTEXT() REPRESENTATION_CONTEXT('2D SPACE',''
  ) );
#13797 = ORIENTED_EDGE('',*,*,#13656,.F.);
#13798 = ADVANCED_FACE('',(#13799),#4588,.F.);
#13799 = FACE_BOUND('',#13800,.F.);
#13800 = EDGE_LOOP('',(#13801,#13802,#13803,#13826));
#13801 = ORIENTED_EDGE('',*,*,#4573,.T.);
#13802 = ORIENTED_EDGE('',*,*,#13729,.T.);
#13803 = ORIENTED_EDGE('',*,*,#13804,.T.);
#13804 = EDGE_CURVE('',#13707,#13805,#13807,.T.);
#13805 = VERTEX_POINT('',#13806);
#13806 = CARTESIAN_POINT('',(61.259060865928,39.95,108.96036603244));
#13807 = SURFACE_CURVE('',#13808,(#13812,#13819),.PCURVE_S1.);
#13808 = LINE('',#13809,#13810);
#13809 = CARTESIAN_POINT('',(61.976120058565,39.95,108.91240953775));
#13810 = VECTOR('',#13811,1.);
#13811 = DIRECTION('',(-0.997771046914,0.,6.67303374807E-02));
#13812 = PCURVE('',#4588,#13813);
#13813 = DEFINITIONAL_REPRESENTATION('',(#13814),#13818);
#13814 = LINE('',#13815,#13816);
#13815 = CARTESIAN_POINT('',(0.,-0.2));
#13816 = VECTOR('',#13817,1.);
#13817 = DIRECTION('',(1.,0.));
#13818 = ( GEOMETRIC_REPRESENTATION_CONTEXT(2) 
PARAMETRIC_REPRESENTATION_CONTEXT() REPRESENTATION_CONTEXT('2D SPACE',''
  ) );
#13819 = PCURVE('',#13570,#13820);
#13820 = DEFINITIONAL_REPRESENTATION('',(#13821),#13825);
#13821 = LINE('',#13822,#13823);
#13822 = CARTESIAN_POINT('',(-0.171076619189,0.474977207892));
#13823 = VECTOR('',#13824,1.);
#13824 = DIRECTION('',(0.997771046914,6.67303374807E-02));
#13825 = ( GEOMETRIC_REPRESENTATION_CONTEXT(2) 
PARAMETRIC_REPRESENTATION_CONTEXT() REPRESENTATION_CONTEXT('2D SPACE',''
  ) );
#13826 = ORIENTED_EDGE('',*,*,#13827,.F.);
#13827 = EDGE_CURVE('',#4548,#13805,#13828,.T.);
#13828 = SURFACE_CURVE('',#13829,(#13833,#13840),.PCURVE_S1.);
#13829 = LINE('',#13830,#13831);
#13830 = CARTESIAN_POINT('',(61.259060865928,39.75,108.96036603244));
#13831 = VECTOR('',#13832,1.);
#13832 = DIRECTION('',(0.,1.,0.));
#13833 = PCURVE('',#4588,#13834);
#13834 = DEFINITIONAL_REPRESENTATION('',(#13835),#13839);
#13835 = LINE('',#13836,#13837);
#13836 = CARTESIAN_POINT('',(0.718661054413,0.));
#13837 = VECTOR('',#13838,1.);
#13838 = DIRECTION('',(0.,-1.));
#13839 = ( GEOMETRIC_REPRESENTATION_CONTEXT(2) 
PARAMETRIC_REPRESENTATION_CONTEXT() REPRESENTATION_CONTEXT('2D SPACE',''
  ) );
#13840 = PCURVE('',#4562,#13841);
#13841 = DEFINITIONAL_REPRESENTATION('',(#13842),#13846);
#13842 = LINE('',#13843,#13844);
#13843 = CARTESIAN_POINT('',(0.,0.));
#13844 = VECTOR('',#13845,1.);
#13845 = DIRECTION('',(0.,-1.));
#13846 = ( GEOMETRIC_REPRESENTATION_CONTEXT(2) 
PARAMETRIC_REPRESENTATION_CONTEXT() REPRESENTATION_CONTEXT('2D SPACE',''
  ) );
#13847 = ADVANCED_FACE('',(#13848),#4432,.F.);
#13848 = FACE_BOUND('',#13849,.F.);
#13849 = EDGE_LOOP('',(#13850,#13851,#13874,#13895));
#13850 = ORIENTED_EDGE('',*,*,#4417,.T.);
#13851 = ORIENTED_EDGE('',*,*,#13852,.T.);
#13852 = EDGE_CURVE('',#4418,#13853,#13855,.T.);
#13853 = VERTEX_POINT('',#13854);
#13854 = CARTESIAN_POINT('',(61.270937042698,39.95,107.95047688768));
#13855 = SURFACE_CURVE('',#13856,(#13860,#13867),.PCURVE_S1.);
#13856 = LINE('',#13857,#13858);
#13857 = CARTESIAN_POINT('',(61.270937042698,39.75,107.95047688768));
#13858 = VECTOR('',#13859,1.);
#13859 = DIRECTION('',(0.,1.,0.));
#13860 = PCURVE('',#4432,#13861);
#13861 = DEFINITIONAL_REPRESENTATION('',(#13862),#13866);
#13862 = LINE('',#13863,#13864);
#13863 = CARTESIAN_POINT('',(0.,0.));
#13864 = VECTOR('',#13865,1.);
#13865 = DIRECTION('',(0.,-1.));
#13866 = ( GEOMETRIC_REPRESENTATION_CONTEXT(2) 
PARAMETRIC_REPRESENTATION_CONTEXT() REPRESENTATION_CONTEXT('2D SPACE',''
  ) );
#13867 = PCURVE('',#4458,#13868);
#13868 = DEFINITIONAL_REPRESENTATION('',(#13869),#13873);
#13869 = LINE('',#13870,#13871);
#13870 = CARTESIAN_POINT('',(0.208623722055,0.));
#13871 = VECTOR('',#13872,1.);
#13872 = DIRECTION('',(0.,-1.));
#13873 = ( GEOMETRIC_REPRESENTATION_CONTEXT(2) 
PARAMETRIC_REPRESENTATION_CONTEXT() REPRESENTATION_CONTEXT('2D SPACE',''
  ) );
#13874 = ORIENTED_EDGE('',*,*,#13875,.T.);
#13875 = EDGE_CURVE('',#13853,#13755,#13876,.T.);
#13876 = SURFACE_CURVE('',#13877,(#13881,#13888),.PCURVE_S1.);
#13877 = LINE('',#13878,#13879);
#13878 = CARTESIAN_POINT('',(61.270937042698,39.95,107.95047688768));
#13879 = VECTOR('',#13880,1.);
#13880 = DIRECTION('',(0.998562437231,0.,5.360092304672E-02));
#13881 = PCURVE('',#4432,#13882);
#13882 = DEFINITIONAL_REPRESENTATION('',(#13883),#13887);
#13883 = LINE('',#13884,#13885);
#13884 = CARTESIAN_POINT('',(0.,-0.2));
#13885 = VECTOR('',#13886,1.);
#13886 = DIRECTION('',(1.,0.));
#13887 = ( GEOMETRIC_REPRESENTATION_CONTEXT(2) 
PARAMETRIC_REPRESENTATION_CONTEXT() REPRESENTATION_CONTEXT('2D SPACE',''
  ) );
#13888 = PCURVE('',#13570,#13889);
#13889 = DEFINITIONAL_REPRESENTATION('',(#13890),#13894);
#13890 = LINE('',#13891,#13892);
#13891 = CARTESIAN_POINT('',(0.534106396679,-0.486955442182));
#13892 = VECTOR('',#13893,1.);
#13893 = DIRECTION('',(-0.998562437231,5.360092304672E-02));
#13894 = ( GEOMETRIC_REPRESENTATION_CONTEXT(2) 
PARAMETRIC_REPRESENTATION_CONTEXT() REPRESENTATION_CONTEXT('2D SPACE',''
  ) );
#13895 = ORIENTED_EDGE('',*,*,#13754,.F.);
#13896 = ADVANCED_FACE('',(#13897),#4562,.F.);
#13897 = FACE_BOUND('',#13898,.F.);
#13898 = EDGE_LOOP('',(#13899,#13900,#13901,#13924));
#13899 = ORIENTED_EDGE('',*,*,#4547,.T.);
#13900 = ORIENTED_EDGE('',*,*,#13827,.T.);
#13901 = ORIENTED_EDGE('',*,*,#13902,.T.);
#13902 = EDGE_CURVE('',#13805,#13903,#13905,.T.);
#13903 = VERTEX_POINT('',#13904);
#13904 = CARTESIAN_POINT('',(61.307017360623,39.95,109.16340305375));
#13905 = SURFACE_CURVE('',#13906,(#13910,#13917),.PCURVE_S1.);
#13906 = LINE('',#13907,#13908);
#13907 = CARTESIAN_POINT('',(61.259060865928,39.95,108.96036603244));
#13908 = VECTOR('',#13909,1.);
#13909 = DIRECTION('',(0.229870765524,0.,0.97322116251));
#13910 = PCURVE('',#4562,#13911);
#13911 = DEFINITIONAL_REPRESENTATION('',(#13912),#13916);
#13912 = LINE('',#13913,#13914);
#13913 = CARTESIAN_POINT('',(0.,-0.2));
#13914 = VECTOR('',#13915,1.);
#13915 = DIRECTION('',(1.,0.));
#13916 = ( GEOMETRIC_REPRESENTATION_CONTEXT(2) 
PARAMETRIC_REPRESENTATION_CONTEXT() REPRESENTATION_CONTEXT('2D SPACE',''
  ) );
#13917 = PCURVE('',#13570,#13918);
#13918 = DEFINITIONAL_REPRESENTATION('',(#13919),#13923);
#13919 = LINE('',#13920,#13921);
#13920 = CARTESIAN_POINT('',(0.545982573449,0.522933702587));
#13921 = VECTOR('',#13922,1.);
#13922 = DIRECTION('',(-0.229870765524,0.97322116251));
#13923 = ( GEOMETRIC_REPRESENTATION_CONTEXT(2) 
PARAMETRIC_REPRESENTATION_CONTEXT() REPRESENTATION_CONTEXT('2D SPACE',''
  ) );
#13924 = ORIENTED_EDGE('',*,*,#13925,.F.);
#13925 = EDGE_CURVE('',#4522,#13903,#13926,.T.);
#13926 = SURFACE_CURVE('',#13927,(#13931,#13938),.PCURVE_S1.);
#13927 = LINE('',#13928,#13929);
#13928 = CARTESIAN_POINT('',(61.307017360623,39.75,109.16340305375));
#13929 = VECTOR('',#13930,1.);
#13930 = DIRECTION('',(0.,1.,0.));
#13931 = PCURVE('',#4562,#13932);
#13932 = DEFINITIONAL_REPRESENTATION('',(#13933),#13937);
#13933 = LINE('',#13934,#13935);
#13934 = CARTESIAN_POINT('',(0.208623722055,0.));
#13935 = VECTOR('',#13936,1.);
#13936 = DIRECTION('',(0.,-1.));
#13937 = ( GEOMETRIC_REPRESENTATION_CONTEXT(2) 
PARAMETRIC_REPRESENTATION_CONTEXT() REPRESENTATION_CONTEXT('2D SPACE',''
  ) );
#13938 = PCURVE('',#4536,#13939);
#13939 = DEFINITIONAL_REPRESENTATION('',(#13940),#13944);
#13940 = LINE('',#13941,#13942);
#13941 = CARTESIAN_POINT('',(0.,0.));
#13942 = VECTOR('',#13943,1.);
#13943 = DIRECTION('',(0.,-1.));
#13944 = ( GEOMETRIC_REPRESENTATION_CONTEXT(2) 
PARAMETRIC_REPRESENTATION_CONTEXT() REPRESENTATION_CONTEXT('2D SPACE',''
  ) );
#13945 = ADVANCED_FACE('',(#13946),#4458,.F.);
#13946 = FACE_BOUND('',#13947,.F.);
#13947 = EDGE_LOOP('',(#13948,#13949,#13972,#13993));
#13948 = ORIENTED_EDGE('',*,*,#4443,.T.);
#13949 = ORIENTED_EDGE('',*,*,#13950,.T.);
#13950 = EDGE_CURVE('',#4444,#13951,#13953,.T.);
#13951 = VERTEX_POINT('',#13952);
#13952 = CARTESIAN_POINT('',(61.222980548003,39.95,107.74743986637));
#13953 = SURFACE_CURVE('',#13954,(#13958,#13965),.PCURVE_S1.);
#13954 = LINE('',#13955,#13956);
#13955 = CARTESIAN_POINT('',(61.222980548003,39.75,107.74743986637));
#13956 = VECTOR('',#13957,1.);
#13957 = DIRECTION('',(0.,1.,0.));
#13958 = PCURVE('',#4458,#13959);
#13959 = DEFINITIONAL_REPRESENTATION('',(#13960),#13964);
#13960 = LINE('',#13961,#13962);
#13961 = CARTESIAN_POINT('',(0.,0.));
#13962 = VECTOR('',#13963,1.);
#13963 = DIRECTION('',(0.,-1.));
#13964 = ( GEOMETRIC_REPRESENTATION_CONTEXT(2) 
PARAMETRIC_REPRESENTATION_CONTEXT() REPRESENTATION_CONTEXT('2D SPACE',''
  ) );
#13965 = PCURVE('',#4484,#13966);
#13966 = DEFINITIONAL_REPRESENTATION('',(#13967),#13971);
#13967 = LINE('',#13968,#13969);
#13968 = CARTESIAN_POINT('',(1.04747360728,0.));
#13969 = VECTOR('',#13970,1.);
#13970 = DIRECTION('',(0.,-1.));
#13971 = ( GEOMETRIC_REPRESENTATION_CONTEXT(2) 
PARAMETRIC_REPRESENTATION_CONTEXT() REPRESENTATION_CONTEXT('2D SPACE',''
  ) );
#13972 = ORIENTED_EDGE('',*,*,#13973,.T.);
#13973 = EDGE_CURVE('',#13951,#13853,#13974,.T.);
#13974 = SURFACE_CURVE('',#13975,(#13979,#13986),.PCURVE_S1.);
#13975 = LINE('',#13976,#13977);
#13976 = CARTESIAN_POINT('',(61.222980548003,39.95,107.74743986637));
#13977 = VECTOR('',#13978,1.);
#13978 = DIRECTION('',(0.229870765524,0.,0.97322116251));
#13979 = PCURVE('',#4458,#13980);
#13980 = DEFINITIONAL_REPRESENTATION('',(#13981),#13985);
#13981 = LINE('',#13982,#13983);
#13982 = CARTESIAN_POINT('',(0.,-0.2));
#13983 = VECTOR('',#13984,1.);
#13984 = DIRECTION('',(1.,0.));
#13985 = ( GEOMETRIC_REPRESENTATION_CONTEXT(2) 
PARAMETRIC_REPRESENTATION_CONTEXT() REPRESENTATION_CONTEXT('2D SPACE',''
  ) );
#13986 = PCURVE('',#13570,#13987);
#13987 = DEFINITIONAL_REPRESENTATION('',(#13988),#13992);
#13988 = LINE('',#13989,#13990);
#13989 = CARTESIAN_POINT('',(0.582062891374,-0.689992463487));
#13990 = VECTOR('',#13991,1.);
#13991 = DIRECTION('',(-0.229870765524,0.97322116251));
#13992 = ( GEOMETRIC_REPRESENTATION_CONTEXT(2) 
PARAMETRIC_REPRESENTATION_CONTEXT() REPRESENTATION_CONTEXT('2D SPACE',''
  ) );
#13993 = ORIENTED_EDGE('',*,*,#13852,.F.);
#13994 = ADVANCED_FACE('',(#13995),#4536,.F.);
#13995 = FACE_BOUND('',#13996,.F.);
#13996 = EDGE_LOOP('',(#13997,#13998,#13999,#14022));
#13997 = ORIENTED_EDGE('',*,*,#4521,.T.);
#13998 = ORIENTED_EDGE('',*,*,#13925,.T.);
#13999 = ORIENTED_EDGE('',*,*,#14000,.T.);
#14000 = EDGE_CURVE('',#13903,#14001,#14003,.T.);
#14001 = VERTEX_POINT('',#14002);
#14002 = CARTESIAN_POINT('',(62.317312277766,39.95,109.11544655905));
#14003 = SURFACE_CURVE('',#14004,(#14008,#14015),.PCURVE_S1.);
#14004 = LINE('',#14005,#14006);
#14005 = CARTESIAN_POINT('',(61.307017360623,39.95,109.16340305375));
#14006 = VECTOR('',#14007,1.);
#14007 = DIRECTION('',(0.998875303416,0.,-4.741443055547E-02));
#14008 = PCURVE('',#4536,#14009);
#14009 = DEFINITIONAL_REPRESENTATION('',(#14010),#14014);
#14010 = LINE('',#14011,#14012);
#14011 = CARTESIAN_POINT('',(0.,-0.2));
#14012 = VECTOR('',#14013,1.);
#14013 = DIRECTION('',(1.,0.));
#14014 = ( GEOMETRIC_REPRESENTATION_CONTEXT(2) 
PARAMETRIC_REPRESENTATION_CONTEXT() REPRESENTATION_CONTEXT('2D SPACE',''
  ) );
#14015 = PCURVE('',#13570,#14016);
#14016 = DEFINITIONAL_REPRESENTATION('',(#14017),#14021);
#14017 = LINE('',#14018,#14019);
#14018 = CARTESIAN_POINT('',(0.498026078754,0.725970723893));
#14019 = VECTOR('',#14020,1.);
#14020 = DIRECTION('',(-0.998875303416,-4.741443055547E-02));
#14021 = ( GEOMETRIC_REPRESENTATION_CONTEXT(2) 
PARAMETRIC_REPRESENTATION_CONTEXT() REPRESENTATION_CONTEXT('2D SPACE',''
  ) );
#14022 = ORIENTED_EDGE('',*,*,#14023,.F.);
#14023 = EDGE_CURVE('',#4496,#14001,#14024,.T.);
#14024 = SURFACE_CURVE('',#14025,(#14029,#14036),.PCURVE_S1.);
#14025 = LINE('',#14026,#14027);
#14026 = CARTESIAN_POINT('',(62.317312277766,39.75,109.11544655905));
#14027 = VECTOR('',#14028,1.);
#14028 = DIRECTION('',(0.,1.,0.));
#14029 = PCURVE('',#4536,#14030);
#14030 = DEFINITIONAL_REPRESENTATION('',(#14031),#14035);
#14031 = LINE('',#14032,#14033);
#14032 = CARTESIAN_POINT('',(1.011432471789,0.));
#14033 = VECTOR('',#14034,1.);
#14034 = DIRECTION('',(0.,-1.));
#14035 = ( GEOMETRIC_REPRESENTATION_CONTEXT(2) 
PARAMETRIC_REPRESENTATION_CONTEXT() REPRESENTATION_CONTEXT('2D SPACE',''
  ) );
#14036 = PCURVE('',#4510,#14037);
#14037 = DEFINITIONAL_REPRESENTATION('',(#14038),#14042);
#14038 = LINE('',#14039,#14040);
#14039 = CARTESIAN_POINT('',(0.,0.));
#14040 = VECTOR('',#14041,1.);
#14041 = DIRECTION('',(0.,-1.));
#14042 = ( GEOMETRIC_REPRESENTATION_CONTEXT(2) 
PARAMETRIC_REPRESENTATION_CONTEXT() REPRESENTATION_CONTEXT('2D SPACE',''
  ) );
#14043 = ADVANCED_FACE('',(#14044),#4484,.F.);
#14044 = FACE_BOUND('',#14045,.F.);
#14045 = EDGE_LOOP('',(#14046,#14047,#14070,#14091));
#14046 = ORIENTED_EDGE('',*,*,#4469,.T.);
#14047 = ORIENTED_EDGE('',*,*,#14048,.T.);
#14048 = EDGE_CURVE('',#4470,#14049,#14051,.T.);
#14049 = VERTEX_POINT('',#14050);
#14050 = CARTESIAN_POINT('',(62.269355783071,39.95,107.69948337168));
#14051 = SURFACE_CURVE('',#14052,(#14056,#14063),.PCURVE_S1.);
#14052 = LINE('',#14053,#14054);
#14053 = CARTESIAN_POINT('',(62.269355783071,39.75,107.69948337168));
#14054 = VECTOR('',#14055,1.);
#14055 = DIRECTION('',(0.,1.,0.));
#14056 = PCURVE('',#4484,#14057);
#14057 = DEFINITIONAL_REPRESENTATION('',(#14058),#14062);
#14058 = LINE('',#14059,#14060);
#14059 = CARTESIAN_POINT('',(0.,0.));
#14060 = VECTOR('',#14061,1.);
#14061 = DIRECTION('',(0.,-1.));
#14062 = ( GEOMETRIC_REPRESENTATION_CONTEXT(2) 
PARAMETRIC_REPRESENTATION_CONTEXT() REPRESENTATION_CONTEXT('2D SPACE',''
  ) );
#14063 = PCURVE('',#4510,#14064);
#14064 = DEFINITIONAL_REPRESENTATION('',(#14065),#14069);
#14065 = LINE('',#14066,#14067);
#14066 = CARTESIAN_POINT('',(1.416775060974,0.));
#14067 = VECTOR('',#14068,1.);
#14068 = DIRECTION('',(0.,-1.));
#14069 = ( GEOMETRIC_REPRESENTATION_CONTEXT(2) 
PARAMETRIC_REPRESENTATION_CONTEXT() REPRESENTATION_CONTEXT('2D SPACE',''
  ) );
#14070 = ORIENTED_EDGE('',*,*,#14071,.T.);
#14071 = EDGE_CURVE('',#14049,#13951,#14072,.T.);
#14072 = SURFACE_CURVE('',#14073,(#14077,#14084),.PCURVE_S1.);
#14073 = LINE('',#14074,#14075);
#14074 = CARTESIAN_POINT('',(62.269355783071,39.95,107.69948337168));
#14075 = VECTOR('',#14076,1.);
#14076 = DIRECTION('',(-0.998951408223,0.,4.578301005571E-02));
#14077 = PCURVE('',#4484,#14078);
#14078 = DEFINITIONAL_REPRESENTATION('',(#14079),#14083);
#14079 = LINE('',#14080,#14081);
#14080 = CARTESIAN_POINT('',(0.,-0.2));
#14081 = VECTOR('',#14082,1.);
#14082 = DIRECTION('',(1.,0.));
#14083 = ( GEOMETRIC_REPRESENTATION_CONTEXT(2) 
PARAMETRIC_REPRESENTATION_CONTEXT() REPRESENTATION_CONTEXT('2D SPACE',''
  ) );
#14084 = PCURVE('',#13570,#14085);
#14085 = DEFINITIONAL_REPRESENTATION('',(#14086),#14090);
#14086 = LINE('',#14087,#14088);
#14087 = CARTESIAN_POINT('',(-0.464312343694,-0.737948958182));
#14088 = VECTOR('',#14089,1.);
#14089 = DIRECTION('',(0.998951408223,4.578301005571E-02));
#14090 = ( GEOMETRIC_REPRESENTATION_CONTEXT(2) 
PARAMETRIC_REPRESENTATION_CONTEXT() REPRESENTATION_CONTEXT('2D SPACE',''
  ) );
#14091 = ORIENTED_EDGE('',*,*,#13950,.F.);
#14092 = ADVANCED_FACE('',(#14093),#4510,.F.);
#14093 = FACE_BOUND('',#14094,.F.);
#14094 = EDGE_LOOP('',(#14095,#14096,#14097,#14118));
#14095 = ORIENTED_EDGE('',*,*,#4495,.T.);
#14096 = ORIENTED_EDGE('',*,*,#14023,.T.);
#14097 = ORIENTED_EDGE('',*,*,#14098,.T.);
#14098 = EDGE_CURVE('',#14001,#14049,#14099,.T.);
#14099 = SURFACE_CURVE('',#14100,(#14104,#14111),.PCURVE_S1.);
#14100 = LINE('',#14101,#14102);
#14101 = CARTESIAN_POINT('',(62.317312277766,39.95,109.11544655905));
#14102 = VECTOR('',#14103,1.);
#14103 = DIRECTION('',(-3.384905340035E-02,0.,-0.999426956603));
#14104 = PCURVE('',#4510,#14105);
#14105 = DEFINITIONAL_REPRESENTATION('',(#14106),#14110);
#14106 = LINE('',#14107,#14108);
#14107 = CARTESIAN_POINT('',(0.,-0.2));
#14108 = VECTOR('',#14109,1.);
#14109 = DIRECTION('',(1.,0.));
#14110 = ( GEOMETRIC_REPRESENTATION_CONTEXT(2) 
PARAMETRIC_REPRESENTATION_CONTEXT() REPRESENTATION_CONTEXT('2D SPACE',''
  ) );
#14111 = PCURVE('',#13570,#14112);
#14112 = DEFINITIONAL_REPRESENTATION('',(#14113),#14117);
#14113 = LINE('',#14114,#14115);
#14114 = CARTESIAN_POINT('',(-0.51226883839,0.678014229197));
#14115 = VECTOR('',#14116,1.);
#14116 = DIRECTION('',(3.384905340034E-02,-0.999426956603));
#14117 = ( GEOMETRIC_REPRESENTATION_CONTEXT(2) 
PARAMETRIC_REPRESENTATION_CONTEXT() REPRESENTATION_CONTEXT('2D SPACE',''
  ) );
#14118 = ORIENTED_EDGE('',*,*,#14048,.F.);
#14119 = ADVANCED_FACE('',(#14120),#4668,.F.);
#14120 = FACE_BOUND('',#14121,.F.);
#14121 = EDGE_LOOP('',(#14122,#14123,#14146,#14174));
#14122 = ORIENTED_EDGE('',*,*,#4651,.T.);
#14123 = ORIENTED_EDGE('',*,*,#14124,.T.);
#14124 = EDGE_CURVE('',#4654,#14125,#14127,.T.);
#14125 = VERTEX_POINT('',#14126);
#14126 = CARTESIAN_POINT('',(62.038203606338,39.95,109.27916514633));
#14127 = SURFACE_CURVE('',#14128,(#14132,#14139),.PCURVE_S1.);
#14128 = LINE('',#14129,#14130);
#14129 = CARTESIAN_POINT('',(62.038203606338,39.75,109.27916514633));
#14130 = VECTOR('',#14131,1.);
#14131 = DIRECTION('',(0.,1.,0.));
#14132 = PCURVE('',#4668,#14133);
#14133 = DEFINITIONAL_REPRESENTATION('',(#14134),#14138);
#14134 = LINE('',#14135,#14136);
#14135 = CARTESIAN_POINT('',(0.,0.));
#14136 = VECTOR('',#14137,1.);
#14137 = DIRECTION('',(0.,-1.));
#14138 = ( GEOMETRIC_REPRESENTATION_CONTEXT(2) 
PARAMETRIC_REPRESENTATION_CONTEXT() REPRESENTATION_CONTEXT('2D SPACE',''
  ) );
#14139 = PCURVE('',#4694,#14140);
#14140 = DEFINITIONAL_REPRESENTATION('',(#14141),#14145);
#14141 = LINE('',#14142,#14143);
#14142 = CARTESIAN_POINT('',(0.247884237921,0.));
#14143 = VECTOR('',#14144,1.);
#14144 = DIRECTION('',(0.,-1.));
#14145 = ( GEOMETRIC_REPRESENTATION_CONTEXT(2) 
PARAMETRIC_REPRESENTATION_CONTEXT() REPRESENTATION_CONTEXT('2D SPACE',''
  ) );
#14146 = ORIENTED_EDGE('',*,*,#14147,.T.);
#14147 = EDGE_CURVE('',#14125,#14148,#14150,.T.);
#14148 = VERTEX_POINT('',#14149);
#14149 = CARTESIAN_POINT('',(61.913326671177,39.95,109.27943891292));
#14150 = SURFACE_CURVE('',#14151,(#14155,#14162),.PCURVE_S1.);
#14151 = LINE('',#14152,#14153);
#14152 = CARTESIAN_POINT('',(62.038203606338,39.95,109.27916514633));
#14153 = VECTOR('',#14154,1.);
#14154 = DIRECTION('',(-0.999997596939,0.,2.19228580488E-03));
#14155 = PCURVE('',#4668,#14156);
#14156 = DEFINITIONAL_REPRESENTATION('',(#14157),#14161);
#14157 = LINE('',#14158,#14159);
#14158 = CARTESIAN_POINT('',(0.,-0.2));
#14159 = VECTOR('',#14160,1.);
#14160 = DIRECTION('',(1.,0.));
#14161 = ( GEOMETRIC_REPRESENTATION_CONTEXT(2) 
PARAMETRIC_REPRESENTATION_CONTEXT() REPRESENTATION_CONTEXT('2D SPACE',''
  ) );
#14162 = PCURVE('',#14163,#14168);
#14163 = PLANE('',#14164);
#14164 = AXIS2_PLACEMENT_3D('',#14165,#14166,#14167);
#14165 = CARTESIAN_POINT('',(61.784040241597,39.95,109.37371444001));
#14166 = DIRECTION('',(0.,1.,0.));
#14167 = DIRECTION('',(-1.,0.,6.123233995737E-17));
#14168 = DEFINITIONAL_REPRESENTATION('',(#14169),#14173);
#14169 = LINE('',#14170,#14171);
#14170 = CARTESIAN_POINT('',(-0.254163364741,-9.454929367775E-02));
#14171 = VECTOR('',#14172,1.);
#14172 = DIRECTION('',(0.999997596939,2.19228580488E-03));
#14173 = ( GEOMETRIC_REPRESENTATION_CONTEXT(2) 
PARAMETRIC_REPRESENTATION_CONTEXT() REPRESENTATION_CONTEXT('2D SPACE',''
  ) );
#14174 = ORIENTED_EDGE('',*,*,#14175,.F.);
#14175 = EDGE_CURVE('',#4652,#14148,#14176,.T.);
#14176 = SURFACE_CURVE('',#14177,(#14181,#14188),.PCURVE_S1.);
#14177 = LINE('',#14178,#14179);
#14178 = CARTESIAN_POINT('',(61.913326671177,39.75,109.27943891292));
#14179 = VECTOR('',#14180,1.);
#14180 = DIRECTION('',(0.,1.,0.));
#14181 = PCURVE('',#4668,#14182);
#14182 = DEFINITIONAL_REPRESENTATION('',(#14183),#14187);
#14183 = LINE('',#14184,#14185);
#14184 = CARTESIAN_POINT('',(0.124877235249,0.));
#14185 = VECTOR('',#14186,1.);
#14186 = DIRECTION('',(0.,-1.));
#14187 = ( GEOMETRIC_REPRESENTATION_CONTEXT(2) 
PARAMETRIC_REPRESENTATION_CONTEXT() REPRESENTATION_CONTEXT('2D SPACE',''
  ) );
#14188 = PCURVE('',#4822,#14189);
#14189 = DEFINITIONAL_REPRESENTATION('',(#14190),#14194);
#14190 = LINE('',#14191,#14192);
#14191 = CARTESIAN_POINT('',(0.,0.));
#14192 = VECTOR('',#14193,1.);
#14193 = DIRECTION('',(0.,-1.));
#14194 = ( GEOMETRIC_REPRESENTATION_CONTEXT(2) 
PARAMETRIC_REPRESENTATION_CONTEXT() REPRESENTATION_CONTEXT('2D SPACE',''
  ) );
#14195 = ADVANCED_FACE('',(#14196),#4822,.F.);
#14196 = FACE_BOUND('',#14197,.F.);
#14197 = EDGE_LOOP('',(#14198,#14199,#14200,#14223));
#14198 = ORIENTED_EDGE('',*,*,#4809,.T.);
#14199 = ORIENTED_EDGE('',*,*,#14175,.T.);
#14200 = ORIENTED_EDGE('',*,*,#14201,.T.);
#14201 = EDGE_CURVE('',#14148,#14202,#14204,.T.);
#14202 = VERTEX_POINT('',#14203);
#14203 = CARTESIAN_POINT('',(61.759605206027,39.95,109.36483503989));
#14204 = SURFACE_CURVE('',#14205,(#14209,#14216),.PCURVE_S1.);
#14205 = LINE('',#14206,#14207);
#14206 = CARTESIAN_POINT('',(61.913326671177,39.95,109.27943891292));
#14207 = VECTOR('',#14208,1.);
#14208 = DIRECTION('',(-0.874168591086,0.,0.485622563683));
#14209 = PCURVE('',#4822,#14210);
#14210 = DEFINITIONAL_REPRESENTATION('',(#14211),#14215);
#14211 = LINE('',#14212,#14213);
#14212 = CARTESIAN_POINT('',(0.,-0.2));
#14213 = VECTOR('',#14214,1.);
#14214 = DIRECTION('',(1.,0.));
#14215 = ( GEOMETRIC_REPRESENTATION_CONTEXT(2) 
PARAMETRIC_REPRESENTATION_CONTEXT() REPRESENTATION_CONTEXT('2D SPACE',''
  ) );
#14216 = PCURVE('',#14163,#14217);
#14217 = DEFINITIONAL_REPRESENTATION('',(#14218),#14222);
#14218 = LINE('',#14219,#14220);
#14219 = CARTESIAN_POINT('',(-0.129286429579,-9.427552708757E-02));
#14220 = VECTOR('',#14221,1.);
#14221 = DIRECTION('',(0.874168591086,0.485622563683));
#14222 = ( GEOMETRIC_REPRESENTATION_CONTEXT(2) 
PARAMETRIC_REPRESENTATION_CONTEXT() REPRESENTATION_CONTEXT('2D SPACE',''
  ) );
#14223 = ORIENTED_EDGE('',*,*,#14224,.F.);
#14224 = EDGE_CURVE('',#4784,#14202,#14225,.T.);
#14225 = SURFACE_CURVE('',#14226,(#14230,#14237),.PCURVE_S1.);
#14226 = LINE('',#14227,#14228);
#14227 = CARTESIAN_POINT('',(61.759605206027,39.75,109.36483503989));
#14228 = VECTOR('',#14229,1.);
#14229 = DIRECTION('',(0.,1.,0.));
#14230 = PCURVE('',#4822,#14231);
#14231 = DEFINITIONAL_REPRESENTATION('',(#14232),#14236);
#14232 = LINE('',#14233,#14234);
#14233 = CARTESIAN_POINT('',(0.175848762718,0.));
#14234 = VECTOR('',#14235,1.);
#14235 = DIRECTION('',(0.,-1.));
#14236 = ( GEOMETRIC_REPRESENTATION_CONTEXT(2) 
PARAMETRIC_REPRESENTATION_CONTEXT() REPRESENTATION_CONTEXT('2D SPACE',''
  ) );
#14237 = PCURVE('',#4798,#14238);
#14238 = DEFINITIONAL_REPRESENTATION('',(#14239),#14243);
#14239 = LINE('',#14240,#14241);
#14240 = CARTESIAN_POINT('',(0.,0.));
#14241 = VECTOR('',#14242,1.);
#14242 = DIRECTION('',(0.,-1.));
#14243 = ( GEOMETRIC_REPRESENTATION_CONTEXT(2) 
PARAMETRIC_REPRESENTATION_CONTEXT() REPRESENTATION_CONTEXT('2D SPACE',''
  ) );
#14244 = ADVANCED_FACE('',(#14245),#4694,.F.);
#14245 = FACE_BOUND('',#14246,.F.);
#14246 = EDGE_LOOP('',(#14247,#14248,#14271,#14292));
#14247 = ORIENTED_EDGE('',*,*,#4679,.T.);
#14248 = ORIENTED_EDGE('',*,*,#14249,.T.);
#14249 = EDGE_CURVE('',#4680,#14250,#14252,.T.);
#14250 = VERTEX_POINT('',#14251);
#14251 = CARTESIAN_POINT('',(61.903210471706,39.95,109.48706764514));
#14252 = SURFACE_CURVE('',#14253,(#14257,#14264),.PCURVE_S1.);
#14253 = LINE('',#14254,#14255);
#14254 = CARTESIAN_POINT('',(61.903210471706,39.75,109.48706764514));
#14255 = VECTOR('',#14256,1.);
#14256 = DIRECTION('',(0.,1.,0.));
#14257 = PCURVE('',#4694,#14258);
#14258 = DEFINITIONAL_REPRESENTATION('',(#14259),#14263);
#14259 = LINE('',#14260,#14261);
#14260 = CARTESIAN_POINT('',(0.,0.));
#14261 = VECTOR('',#14262,1.);
#14262 = DIRECTION('',(0.,-1.));
#14263 = ( GEOMETRIC_REPRESENTATION_CONTEXT(2) 
PARAMETRIC_REPRESENTATION_CONTEXT() REPRESENTATION_CONTEXT('2D SPACE',''
  ) );
#14264 = PCURVE('',#4720,#14265);
#14265 = DEFINITIONAL_REPRESENTATION('',(#14266),#14270);
#14266 = LINE('',#14267,#14268);
#14267 = CARTESIAN_POINT('',(0.206313862416,0.));
#14268 = VECTOR('',#14269,1.);
#14269 = DIRECTION('',(0.,-1.));
#14270 = ( GEOMETRIC_REPRESENTATION_CONTEXT(2) 
PARAMETRIC_REPRESENTATION_CONTEXT() REPRESENTATION_CONTEXT('2D SPACE',''
  ) );
#14271 = ORIENTED_EDGE('',*,*,#14272,.T.);
#14272 = EDGE_CURVE('',#14250,#14125,#14273,.T.);
#14273 = SURFACE_CURVE('',#14274,(#14278,#14285),.PCURVE_S1.);
#14274 = LINE('',#14275,#14276);
#14275 = CARTESIAN_POINT('',(61.903210471706,39.95,109.48706764514));
#14276 = VECTOR('',#14277,1.);
#14277 = DIRECTION('',(0.544581356861,0.,-0.838708021757));
#14278 = PCURVE('',#4694,#14279);
#14279 = DEFINITIONAL_REPRESENTATION('',(#14280),#14284);
#14280 = LINE('',#14281,#14282);
#14281 = CARTESIAN_POINT('',(0.,-0.2));
#14282 = VECTOR('',#14283,1.);
#14283 = DIRECTION('',(1.,0.));
#14284 = ( GEOMETRIC_REPRESENTATION_CONTEXT(2) 
PARAMETRIC_REPRESENTATION_CONTEXT() REPRESENTATION_CONTEXT('2D SPACE',''
  ) );
#14285 = PCURVE('',#14163,#14286);
#14286 = DEFINITIONAL_REPRESENTATION('',(#14287),#14291);
#14287 = LINE('',#14288,#14289);
#14288 = CARTESIAN_POINT('',(-0.119170230109,0.113353205134));
#14289 = VECTOR('',#14290,1.);
#14290 = DIRECTION('',(-0.544581356861,-0.838708021757));
#14291 = ( GEOMETRIC_REPRESENTATION_CONTEXT(2) 
PARAMETRIC_REPRESENTATION_CONTEXT() REPRESENTATION_CONTEXT('2D SPACE',''
  ) );
#14292 = ORIENTED_EDGE('',*,*,#14124,.F.);
#14293 = ADVANCED_FACE('',(#14294),#4798,.F.);
#14294 = FACE_BOUND('',#14295,.F.);
#14295 = EDGE_LOOP('',(#14296,#14297,#14298,#14321));
#14296 = ORIENTED_EDGE('',*,*,#4783,.T.);
#14297 = ORIENTED_EDGE('',*,*,#14224,.T.);
#14298 = ORIENTED_EDGE('',*,*,#14299,.T.);
#14299 = EDGE_CURVE('',#14202,#14300,#14302,.T.);
#14300 = VERTEX_POINT('',#14301);
#14301 = CARTESIAN_POINT('',(61.61907794468,39.95,109.26568291152));
#14302 = SURFACE_CURVE('',#14303,(#14307,#14314),.PCURVE_S1.);
#14303 = LINE('',#14304,#14305);
#14304 = CARTESIAN_POINT('',(61.759605206027,39.95,109.36483503989));
#14305 = VECTOR('',#14306,1.);
#14306 = DIRECTION('',(-0.817087242467,0.,-0.576514039896));
#14307 = PCURVE('',#4798,#14308);
#14308 = DEFINITIONAL_REPRESENTATION('',(#14309),#14313);
#14309 = LINE('',#14310,#14311);
#14310 = CARTESIAN_POINT('',(0.,-0.2));
#14311 = VECTOR('',#14312,1.);
#14312 = DIRECTION('',(1.,0.));
#14313 = ( GEOMETRIC_REPRESENTATION_CONTEXT(2) 
PARAMETRIC_REPRESENTATION_CONTEXT() REPRESENTATION_CONTEXT('2D SPACE',''
  ) );
#14314 = PCURVE('',#14163,#14315);
#14315 = DEFINITIONAL_REPRESENTATION('',(#14316),#14320);
#14316 = LINE('',#14317,#14318);
#14317 = CARTESIAN_POINT('',(2.443503557002E-02,-8.879400115998E-03));
#14318 = VECTOR('',#14319,1.);
#14319 = DIRECTION('',(0.817087242467,-0.576514039896));
#14320 = ( GEOMETRIC_REPRESENTATION_CONTEXT(2) 
PARAMETRIC_REPRESENTATION_CONTEXT() REPRESENTATION_CONTEXT('2D SPACE',''
  ) );
#14321 = ORIENTED_EDGE('',*,*,#14322,.F.);
#14322 = EDGE_CURVE('',#4758,#14300,#14323,.T.);
#14323 = SURFACE_CURVE('',#14324,(#14328,#14335),.PCURVE_S1.);
#14324 = LINE('',#14325,#14326);
#14325 = CARTESIAN_POINT('',(61.61907794468,39.75,109.26568291152));
#14326 = VECTOR('',#14327,1.);
#14327 = DIRECTION('',(0.,1.,0.));
#14328 = PCURVE('',#4798,#14329);
#14329 = DEFINITIONAL_REPRESENTATION('',(#14330),#14334);
#14330 = LINE('',#14331,#14332);
#14331 = CARTESIAN_POINT('',(0.171985626558,0.));
#14332 = VECTOR('',#14333,1.);
#14333 = DIRECTION('',(0.,-1.));
#14334 = ( GEOMETRIC_REPRESENTATION_CONTEXT(2) 
PARAMETRIC_REPRESENTATION_CONTEXT() REPRESENTATION_CONTEXT('2D SPACE',''
  ) );
#14335 = PCURVE('',#4772,#14336);
#14336 = DEFINITIONAL_REPRESENTATION('',(#14337),#14341);
#14337 = LINE('',#14338,#14339);
#14338 = CARTESIAN_POINT('',(0.,0.));
#14339 = VECTOR('',#14340,1.);
#14340 = DIRECTION('',(0.,-1.));
#14341 = ( GEOMETRIC_REPRESENTATION_CONTEXT(2) 
PARAMETRIC_REPRESENTATION_CONTEXT() REPRESENTATION_CONTEXT('2D SPACE',''
  ) );
#14342 = ADVANCED_FACE('',(#14343),#4720,.F.);
#14343 = FACE_BOUND('',#14344,.F.);
#14344 = EDGE_LOOP('',(#14345,#14346,#14369,#14390));
#14345 = ORIENTED_EDGE('',*,*,#4705,.T.);
#14346 = ORIENTED_EDGE('',*,*,#14347,.T.);
#14347 = EDGE_CURVE('',#4706,#14348,#14350,.T.);
#14348 = VERTEX_POINT('',#14349);
#14349 = CARTESIAN_POINT('',(61.697826776077,39.95,109.50663668688));
#14350 = SURFACE_CURVE('',#14351,(#14355,#14362),.PCURVE_S1.);
#14351 = LINE('',#14352,#14353);
#14352 = CARTESIAN_POINT('',(61.697826776077,39.75,109.50663668688));
#14353 = VECTOR('',#14354,1.);
#14354 = DIRECTION('',(0.,1.,0.));
#14355 = PCURVE('',#4720,#14356);
#14356 = DEFINITIONAL_REPRESENTATION('',(#14357),#14361);
#14357 = LINE('',#14358,#14359);
#14358 = CARTESIAN_POINT('',(0.,0.));
#14359 = VECTOR('',#14360,1.);
#14360 = DIRECTION('',(0.,-1.));
#14361 = ( GEOMETRIC_REPRESENTATION_CONTEXT(2) 
PARAMETRIC_REPRESENTATION_CONTEXT() REPRESENTATION_CONTEXT('2D SPACE',''
  ) );
#14362 = PCURVE('',#4746,#14363);
#14363 = DEFINITIONAL_REPRESENTATION('',(#14364),#14368);
#14364 = LINE('',#14365,#14366);
#14365 = CARTESIAN_POINT('',(0.241329441451,0.));
#14366 = VECTOR('',#14367,1.);
#14367 = DIRECTION('',(0.,-1.));
#14368 = ( GEOMETRIC_REPRESENTATION_CONTEXT(2) 
PARAMETRIC_REPRESENTATION_CONTEXT() REPRESENTATION_CONTEXT('2D SPACE',''
  ) );
#14369 = ORIENTED_EDGE('',*,*,#14370,.T.);
#14370 = EDGE_CURVE('',#14348,#14250,#14371,.T.);
#14371 = SURFACE_CURVE('',#14372,(#14376,#14383),.PCURVE_S1.);
#14372 = LINE('',#14373,#14374);
#14373 = CARTESIAN_POINT('',(61.697826776077,39.95,109.50663668688));
#14374 = VECTOR('',#14375,1.);
#14375 = DIRECTION('',(0.995491496423,0.,-9.485083314751E-02));
#14376 = PCURVE('',#4720,#14377);
#14377 = DEFINITIONAL_REPRESENTATION('',(#14378),#14382);
#14378 = LINE('',#14379,#14380);
#14379 = CARTESIAN_POINT('',(0.,-0.2));
#14380 = VECTOR('',#14381,1.);
#14381 = DIRECTION('',(1.,0.));
#14382 = ( GEOMETRIC_REPRESENTATION_CONTEXT(2) 
PARAMETRIC_REPRESENTATION_CONTEXT() REPRESENTATION_CONTEXT('2D SPACE',''
  ) );
#14383 = PCURVE('',#14163,#14384);
#14384 = DEFINITIONAL_REPRESENTATION('',(#14385),#14389);
#14385 = LINE('',#14386,#14387);
#14386 = CARTESIAN_POINT('',(8.62134655209E-02,0.132922246874));
#14387 = VECTOR('',#14388,1.);
#14388 = DIRECTION('',(-0.995491496423,-9.485083314751E-02));
#14389 = ( GEOMETRIC_REPRESENTATION_CONTEXT(2) 
PARAMETRIC_REPRESENTATION_CONTEXT() REPRESENTATION_CONTEXT('2D SPACE',''
  ) );
#14390 = ORIENTED_EDGE('',*,*,#14249,.F.);
#14391 = ADVANCED_FACE('',(#14392),#4772,.F.);
#14392 = FACE_BOUND('',#14393,.F.);
#14393 = EDGE_LOOP('',(#14394,#14395,#14396,#14419));
#14394 = ORIENTED_EDGE('',*,*,#4757,.T.);
#14395 = ORIENTED_EDGE('',*,*,#14322,.T.);
#14396 = ORIENTED_EDGE('',*,*,#14397,.T.);
#14397 = EDGE_CURVE('',#14300,#14398,#14400,.T.);
#14398 = VERTEX_POINT('',#14399);
#14399 = CARTESIAN_POINT('',(61.525617700194,39.95,109.33756884992));
#14400 = SURFACE_CURVE('',#14401,(#14405,#14412),.PCURVE_S1.);
#14401 = LINE('',#14402,#14403);
#14402 = CARTESIAN_POINT('',(61.61907794468,39.95,109.26568291152));
#14403 = VECTOR('',#14404,1.);
#14404 = DIRECTION('',(-0.792650864975,0.,0.609675820625));
#14405 = PCURVE('',#4772,#14406);
#14406 = DEFINITIONAL_REPRESENTATION('',(#14407),#14411);
#14407 = LINE('',#14408,#14409);
#14408 = CARTESIAN_POINT('',(0.,-0.2));
#14409 = VECTOR('',#14410,1.);
#14410 = DIRECTION('',(1.,0.));
#14411 = ( GEOMETRIC_REPRESENTATION_CONTEXT(2) 
PARAMETRIC_REPRESENTATION_CONTEXT() REPRESENTATION_CONTEXT('2D SPACE',''
  ) );
#14412 = PCURVE('',#14163,#14413);
#14413 = DEFINITIONAL_REPRESENTATION('',(#14414),#14418);
#14414 = LINE('',#14415,#14416);
#14415 = CARTESIAN_POINT('',(0.164962296918,-0.108031528487));
#14416 = VECTOR('',#14417,1.);
#14417 = DIRECTION('',(0.792650864975,0.609675820625));
#14418 = ( GEOMETRIC_REPRESENTATION_CONTEXT(2) 
PARAMETRIC_REPRESENTATION_CONTEXT() REPRESENTATION_CONTEXT('2D SPACE',''
  ) );
#14419 = ORIENTED_EDGE('',*,*,#14420,.F.);
#14420 = EDGE_CURVE('',#4732,#14398,#14421,.T.);
#14421 = SURFACE_CURVE('',#14422,(#14426,#14433),.PCURVE_S1.);
#14422 = LINE('',#14423,#14424);
#14423 = CARTESIAN_POINT('',(61.525617700194,39.75,109.33756884992));
#14424 = VECTOR('',#14425,1.);
#14425 = DIRECTION('',(0.,1.,0.));
#14426 = PCURVE('',#4772,#14427);
#14427 = DEFINITIONAL_REPRESENTATION('',(#14428),#14432);
#14428 = LINE('',#14429,#14430);
#14429 = CARTESIAN_POINT('',(0.117908462118,0.));
#14430 = VECTOR('',#14431,1.);
#14431 = DIRECTION('',(0.,-1.));
#14432 = ( GEOMETRIC_REPRESENTATION_CONTEXT(2) 
PARAMETRIC_REPRESENTATION_CONTEXT() REPRESENTATION_CONTEXT('2D SPACE',''
  ) );
#14433 = PCURVE('',#4746,#14434);
#14434 = DEFINITIONAL_REPRESENTATION('',(#14435),#14439);
#14435 = LINE('',#14436,#14437);
#14436 = CARTESIAN_POINT('',(0.,0.));
#14437 = VECTOR('',#14438,1.);
#14438 = DIRECTION('',(0.,-1.));
#14439 = ( GEOMETRIC_REPRESENTATION_CONTEXT(2) 
PARAMETRIC_REPRESENTATION_CONTEXT() REPRESENTATION_CONTEXT('2D SPACE',''
  ) );
#14440 = ADVANCED_FACE('',(#14441),#4746,.F.);
#14441 = FACE_BOUND('',#14442,.F.);
#14442 = EDGE_LOOP('',(#14443,#14444,#14445,#14466));
#14443 = ORIENTED_EDGE('',*,*,#4731,.T.);
#14444 = ORIENTED_EDGE('',*,*,#14420,.T.);
#14445 = ORIENTED_EDGE('',*,*,#14446,.T.);
#14446 = EDGE_CURVE('',#14398,#14348,#14447,.T.);
#14447 = SURFACE_CURVE('',#14448,(#14452,#14459),.PCURVE_S1.);
#14448 = LINE('',#14449,#14450);
#14449 = CARTESIAN_POINT('',(61.525617700194,39.95,109.33756884992));
#14450 = VECTOR('',#14451,1.);
#14451 = DIRECTION('',(0.713585026541,0.,0.700568633252));
#14452 = PCURVE('',#4746,#14453);
#14453 = DEFINITIONAL_REPRESENTATION('',(#14454),#14458);
#14454 = LINE('',#14455,#14456);
#14455 = CARTESIAN_POINT('',(0.,-0.2));
#14456 = VECTOR('',#14457,1.);
#14457 = DIRECTION('',(1.,0.));
#14458 = ( GEOMETRIC_REPRESENTATION_CONTEXT(2) 
PARAMETRIC_REPRESENTATION_CONTEXT() REPRESENTATION_CONTEXT('2D SPACE',''
  ) );
#14459 = PCURVE('',#14163,#14460);
#14460 = DEFINITIONAL_REPRESENTATION('',(#14461),#14465);
#14461 = LINE('',#14462,#14463);
#14462 = CARTESIAN_POINT('',(0.258422541404,-3.614559008645E-02));
#14463 = VECTOR('',#14464,1.);
#14464 = DIRECTION('',(-0.713585026541,0.700568633252));
#14465 = ( GEOMETRIC_REPRESENTATION_CONTEXT(2) 
PARAMETRIC_REPRESENTATION_CONTEXT() REPRESENTATION_CONTEXT('2D SPACE',''
  ) );
#14466 = ORIENTED_EDGE('',*,*,#14347,.F.);
#14467 = ADVANCED_FACE('',(#14468),#4963,.T.);
#14468 = FACE_BOUND('',#14469,.T.);
#14469 = EDGE_LOOP('',(#14470,#14471,#14472,#14492));
#14470 = ORIENTED_EDGE('',*,*,#6071,.F.);
#14471 = ORIENTED_EDGE('',*,*,#4946,.T.);
#14472 = ORIENTED_EDGE('',*,*,#14473,.T.);
#14473 = EDGE_CURVE('',#4919,#6121,#14474,.T.);
#14474 = SURFACE_CURVE('',#14475,(#14480,#14486),.PCURVE_S1.);
#14475 = CIRCLE('',#14476,0.3);
#14476 = AXIS2_PLACEMENT_3D('',#14477,#14478,#14479);
#14477 = CARTESIAN_POINT('',(59.700618279899,39.55,111.63));
#14478 = DIRECTION('',(2.425166447084E-15,0.,-1.));
#14479 = DIRECTION('',(-1.,0.,-2.425166447084E-15));
#14480 = PCURVE('',#4963,#14481);
#14481 = DEFINITIONAL_REPRESENTATION('',(#14482),#14485);
#14482 = B_SPLINE_CURVE_WITH_KNOTS('',1,(#14483,#14484),.UNSPECIFIED.,
  .F.,.F.,(2,2),(1.570796326795,3.11541271481),
  .PIECEWISE_BEZIER_KNOTS.);
#14483 = CARTESIAN_POINT('',(1.570796326795,1.570796326795));
#14484 = CARTESIAN_POINT('',(1.570796326795,3.11541271481));
#14485 = ( GEOMETRIC_REPRESENTATION_CONTEXT(2) 
PARAMETRIC_REPRESENTATION_CONTEXT() REPRESENTATION_CONTEXT('2D SPACE',''
  ) );
#14486 = PCURVE('',#4934,#14487);
#14487 = DEFINITIONAL_REPRESENTATION('',(#14488),#14491);
#14488 = B_SPLINE_CURVE_WITH_KNOTS('',1,(#14489,#14490),.UNSPECIFIED.,
  .F.,.F.,(2,2),(1.570796326795,3.11541271481),
  .PIECEWISE_BEZIER_KNOTS.);
#14489 = CARTESIAN_POINT('',(0.,0.));
#14490 = CARTESIAN_POINT('',(-1.544616388015,0.));
#14491 = ( GEOMETRIC_REPRESENTATION_CONTEXT(2) 
PARAMETRIC_REPRESENTATION_CONTEXT() REPRESENTATION_CONTEXT('2D SPACE',''
  ) );
#14492 = ORIENTED_EDGE('',*,*,#6146,.F.);
#14493 = ADVANCED_FACE('',(#14494),#4877,.T.);
#14494 = FACE_BOUND('',#14495,.F.);
#14495 = EDGE_LOOP('',(#14496,#14516,#14517,#14518));
#14496 = ORIENTED_EDGE('',*,*,#14497,.T.);
#14497 = EDGE_CURVE('',#4862,#6248,#14498,.T.);
#14498 = SURFACE_CURVE('',#14499,(#14504,#14510),.PCURVE_S1.);
#14499 = CIRCLE('',#14500,0.3);
#14500 = AXIS2_PLACEMENT_3D('',#14501,#14502,#14503);
#14501 = CARTESIAN_POINT('',(60.74,39.55,114.3693817201));
#14502 = DIRECTION('',(-1.,0.,2.603302919143E-15));
#14503 = DIRECTION('',(2.603302919143E-15,0.,1.));
#14504 = PCURVE('',#4877,#14505);
#14505 = DEFINITIONAL_REPRESENTATION('',(#14506),#14509);
#14506 = B_SPLINE_CURVE_WITH_KNOTS('',1,(#14507,#14508),.UNSPECIFIED.,
  .F.,.F.,(2,2),(1.570796326795,3.11541271481),
  .PIECEWISE_BEZIER_KNOTS.);
#14507 = CARTESIAN_POINT('',(0.,0.));
#14508 = CARTESIAN_POINT('',(-1.544616388015,0.));
#14509 = ( GEOMETRIC_REPRESENTATION_CONTEXT(2) 
PARAMETRIC_REPRESENTATION_CONTEXT() REPRESENTATION_CONTEXT('2D SPACE',''
  ) );
#14510 = PCURVE('',#4906,#14511);
#14511 = DEFINITIONAL_REPRESENTATION('',(#14512),#14515);
#14512 = B_SPLINE_CURVE_WITH_KNOTS('',1,(#14513,#14514),.UNSPECIFIED.,
  .F.,.F.,(2,2),(1.570796326795,3.11541271481),
  .PIECEWISE_BEZIER_KNOTS.);
#14513 = CARTESIAN_POINT('',(1.570796326795,1.570796326795));
#14514 = CARTESIAN_POINT('',(1.570796326795,3.11541271481));
#14515 = ( GEOMETRIC_REPRESENTATION_CONTEXT(2) 
PARAMETRIC_REPRESENTATION_CONTEXT() REPRESENTATION_CONTEXT('2D SPACE',''
  ) );
#14516 = ORIENTED_EDGE('',*,*,#6273,.T.);
#14517 = ORIENTED_EDGE('',*,*,#6197,.F.);
#14518 = ORIENTED_EDGE('',*,*,#4861,.F.);
#14519 = ADVANCED_FACE('',(#14520),#4934,.T.);
#14520 = FACE_BOUND('',#14521,.F.);
#14521 = EDGE_LOOP('',(#14522,#14523,#14546,#14566));
#14522 = ORIENTED_EDGE('',*,*,#14473,.T.);
#14523 = ORIENTED_EDGE('',*,*,#14524,.T.);
#14524 = EDGE_CURVE('',#6121,#14525,#14527,.T.);
#14525 = VERTEX_POINT('',#14526);
#14526 = CARTESIAN_POINT('',(60.000515477392,39.557853084492,113.33));
#14527 = SURFACE_CURVE('',#14528,(#14532,#14539),.PCURVE_S1.);
#14528 = LINE('',#14529,#14530);
#14529 = CARTESIAN_POINT('',(60.000515477392,39.557853084492,111.63));
#14530 = VECTOR('',#14531,1.);
#14531 = DIRECTION('',(-3.828568698927E-16,-0.,1.));
#14532 = PCURVE('',#4934,#14533);
#14533 = DEFINITIONAL_REPRESENTATION('',(#14534),#14538);
#14534 = LINE('',#14535,#14536);
#14535 = CARTESIAN_POINT('',(-1.544616388015,0.));
#14536 = VECTOR('',#14537,1.);
#14537 = DIRECTION('',(-0.,1.));
#14538 = ( GEOMETRIC_REPRESENTATION_CONTEXT(2) 
PARAMETRIC_REPRESENTATION_CONTEXT() REPRESENTATION_CONTEXT('2D SPACE',''
  ) );
#14539 = PCURVE('',#6135,#14540);
#14540 = DEFINITIONAL_REPRESENTATION('',(#14541),#14545);
#14541 = LINE('',#14542,#14543);
#14542 = CARTESIAN_POINT('',(1.508369965207,-1.7));
#14543 = VECTOR('',#14544,1.);
#14544 = DIRECTION('',(4.573386923942E-18,1.));
#14545 = ( GEOMETRIC_REPRESENTATION_CONTEXT(2) 
PARAMETRIC_REPRESENTATION_CONTEXT() REPRESENTATION_CONTEXT('2D SPACE',''
  ) );
#14546 = ORIENTED_EDGE('',*,*,#14547,.F.);
#14547 = EDGE_CURVE('',#4890,#14525,#14548,.T.);
#14548 = SURFACE_CURVE('',#14549,(#14554,#14560),.PCURVE_S1.);
#14549 = CIRCLE('',#14550,0.3);
#14550 = AXIS2_PLACEMENT_3D('',#14551,#14552,#14553);
#14551 = CARTESIAN_POINT('',(59.700618279899,39.55,113.33));
#14552 = DIRECTION('',(3.828568698927E-16,0.,-1.));
#14553 = DIRECTION('',(0.,1.,0.));
#14554 = PCURVE('',#4934,#14555);
#14555 = DEFINITIONAL_REPRESENTATION('',(#14556),#14559);
#14556 = B_SPLINE_CURVE_WITH_KNOTS('',1,(#14557,#14558),.UNSPECIFIED.,
  .F.,.F.,(2,2),(0.,1.544616388015),.PIECEWISE_BEZIER_KNOTS.);
#14557 = CARTESIAN_POINT('',(0.,1.7));
#14558 = CARTESIAN_POINT('',(-1.544616388015,1.7));
#14559 = ( GEOMETRIC_REPRESENTATION_CONTEXT(2) 
PARAMETRIC_REPRESENTATION_CONTEXT() REPRESENTATION_CONTEXT('2D SPACE',''
  ) );
#14560 = PCURVE('',#4906,#14561);
#14561 = DEFINITIONAL_REPRESENTATION('',(#14562),#14565);
#14562 = B_SPLINE_CURVE_WITH_KNOTS('',1,(#14563,#14564),.UNSPECIFIED.,
  .F.,.F.,(2,2),(0.,1.544616388015),.PIECEWISE_BEZIER_KNOTS.);
#14563 = CARTESIAN_POINT('',(0.,1.570796326795));
#14564 = CARTESIAN_POINT('',(0.,3.11541271481));
#14565 = ( GEOMETRIC_REPRESENTATION_CONTEXT(2) 
PARAMETRIC_REPRESENTATION_CONTEXT() REPRESENTATION_CONTEXT('2D SPACE',''
  ) );
#14566 = ORIENTED_EDGE('',*,*,#4918,.F.);
#14567 = ADVANCED_FACE('',(#14568),#4906,.T.);
#14568 = FACE_BOUND('',#14569,.T.);
#14569 = EDGE_LOOP('',(#14570,#14571,#14572,#14573));
#14570 = ORIENTED_EDGE('',*,*,#14547,.F.);
#14571 = ORIENTED_EDGE('',*,*,#4889,.T.);
#14572 = ORIENTED_EDGE('',*,*,#14497,.T.);
#14573 = ORIENTED_EDGE('',*,*,#14574,.F.);
#14574 = EDGE_CURVE('',#14525,#6248,#14575,.T.);
#14575 = SURFACE_CURVE('',#14576,(#14581,#14588),.PCURVE_S1.);
#14576 = CIRCLE('',#14577,0.739484522608);
#14577 = AXIS2_PLACEMENT_3D('',#14578,#14579,#14580);
#14578 = CARTESIAN_POINT('',(60.74,39.557853084492,113.33));
#14579 = DIRECTION('',(0.,1.,0.));
#14580 = DIRECTION('',(-1.,0.,0.));
#14581 = PCURVE('',#4906,#14582);
#14582 = DEFINITIONAL_REPRESENTATION('',(#14583),#14587);
#14583 = LINE('',#14584,#14585);
#14584 = CARTESIAN_POINT('',(0.,3.11541271481));
#14585 = VECTOR('',#14586,1.);
#14586 = DIRECTION('',(1.,0.));
#14587 = ( GEOMETRIC_REPRESENTATION_CONTEXT(2) 
PARAMETRIC_REPRESENTATION_CONTEXT() REPRESENTATION_CONTEXT('2D SPACE',''
  ) );
#14588 = PCURVE('',#6262,#14589);
#14589 = DEFINITIONAL_REPRESENTATION('',(#14590),#14594);
#14590 = LINE('',#14591,#14592);
#14591 = CARTESIAN_POINT('',(4.712388980385,1.507853084492));
#14592 = VECTOR('',#14593,1.);
#14593 = DIRECTION('',(1.,0.));
#14594 = ( GEOMETRIC_REPRESENTATION_CONTEXT(2) 
PARAMETRIC_REPRESENTATION_CONTEXT() REPRESENTATION_CONTEXT('2D SPACE',''
  ) );
#14595 = ADVANCED_FACE('',(#14596),#5015,.F.);
#14596 = FACE_BOUND('',#14597,.F.);
#14597 = EDGE_LOOP('',(#14598,#14599,#14622,#14650));
#14598 = ORIENTED_EDGE('',*,*,#4998,.T.);
#14599 = ORIENTED_EDGE('',*,*,#14600,.T.);
#14600 = EDGE_CURVE('',#5001,#14601,#14603,.T.);
#14601 = VERTEX_POINT('',#14602);
#14602 = CARTESIAN_POINT('',(64.7914,39.95,103.60505));
#14603 = SURFACE_CURVE('',#14604,(#14608,#14615),.PCURVE_S1.);
#14604 = LINE('',#14605,#14606);
#14605 = CARTESIAN_POINT('',(64.7914,39.75,103.60505));
#14606 = VECTOR('',#14607,1.);
#14607 = DIRECTION('',(0.,1.,0.));
#14608 = PCURVE('',#5015,#14609);
#14609 = DEFINITIONAL_REPRESENTATION('',(#14610),#14614);
#14610 = LINE('',#14611,#14612);
#14611 = CARTESIAN_POINT('',(0.,0.));
#14612 = VECTOR('',#14613,1.);
#14613 = DIRECTION('',(0.,-1.));
#14614 = ( GEOMETRIC_REPRESENTATION_CONTEXT(2) 
PARAMETRIC_REPRESENTATION_CONTEXT() REPRESENTATION_CONTEXT('2D SPACE',''
  ) );
#14615 = PCURVE('',#5041,#14616);
#14616 = DEFINITIONAL_REPRESENTATION('',(#14617),#14621);
#14617 = LINE('',#14618,#14619);
#14618 = CARTESIAN_POINT('',(0.141891311926,0.));
#14619 = VECTOR('',#14620,1.);
#14620 = DIRECTION('',(0.,-1.));
#14621 = ( GEOMETRIC_REPRESENTATION_CONTEXT(2) 
PARAMETRIC_REPRESENTATION_CONTEXT() REPRESENTATION_CONTEXT('2D SPACE',''
  ) );
#14622 = ORIENTED_EDGE('',*,*,#14623,.T.);
#14623 = EDGE_CURVE('',#14601,#14624,#14626,.T.);
#14624 = VERTEX_POINT('',#14625);
#14625 = CARTESIAN_POINT('',(65.1955,39.95,102.44422));
#14626 = SURFACE_CURVE('',#14627,(#14631,#14638),.PCURVE_S1.);
#14627 = LINE('',#14628,#14629);
#14628 = CARTESIAN_POINT('',(64.7914,39.95,103.60505));
#14629 = VECTOR('',#14630,1.);
#14630 = DIRECTION('',(0.328762324454,0.,-0.94441269264));
#14631 = PCURVE('',#5015,#14632);
#14632 = DEFINITIONAL_REPRESENTATION('',(#14633),#14637);
#14633 = LINE('',#14634,#14635);
#14634 = CARTESIAN_POINT('',(0.,-0.2));
#14635 = VECTOR('',#14636,1.);
#14636 = DIRECTION('',(1.,0.));
#14637 = ( GEOMETRIC_REPRESENTATION_CONTEXT(2) 
PARAMETRIC_REPRESENTATION_CONTEXT() REPRESENTATION_CONTEXT('2D SPACE',''
  ) );
#14638 = PCURVE('',#14639,#14644);
#14639 = PLANE('',#14640);
#14640 = AXIS2_PLACEMENT_3D('',#14641,#14642,#14643);
#14641 = CARTESIAN_POINT('',(64.009894281447,39.95,101.35701032802));
#14642 = DIRECTION('',(0.,1.,0.));
#14643 = DIRECTION('',(1.,0.,0.));
#14644 = DEFINITIONAL_REPRESENTATION('',(#14645),#14649);
#14645 = LINE('',#14646,#14647);
#14646 = CARTESIAN_POINT('',(0.781505718553,-2.248039671971));
#14647 = VECTOR('',#14648,1.);
#14648 = DIRECTION('',(0.328762324454,0.94441269264));
#14649 = ( GEOMETRIC_REPRESENTATION_CONTEXT(2) 
PARAMETRIC_REPRESENTATION_CONTEXT() REPRESENTATION_CONTEXT('2D SPACE',''
  ) );
#14650 = ORIENTED_EDGE('',*,*,#14651,.F.);
#14651 = EDGE_CURVE('',#4999,#14624,#14652,.T.);
#14652 = SURFACE_CURVE('',#14653,(#14657,#14664),.PCURVE_S1.);
#14653 = LINE('',#14654,#14655);
#14654 = CARTESIAN_POINT('',(65.1955,39.75,102.44422));
#14655 = VECTOR('',#14656,1.);
#14656 = DIRECTION('',(0.,1.,0.));
#14657 = PCURVE('',#5015,#14658);
#14658 = DEFINITIONAL_REPRESENTATION('',(#14659),#14663);
#14659 = LINE('',#14660,#14661);
#14660 = CARTESIAN_POINT('',(1.229155441309,0.));
#14661 = VECTOR('',#14662,1.);
#14662 = DIRECTION('',(0.,-1.));
#14663 = ( GEOMETRIC_REPRESENTATION_CONTEXT(2) 
PARAMETRIC_REPRESENTATION_CONTEXT() REPRESENTATION_CONTEXT('2D SPACE',''
  ) );
#14664 = PCURVE('',#5715,#14665);
#14665 = DEFINITIONAL_REPRESENTATION('',(#14666),#14670);
#14666 = LINE('',#14667,#14668);
#14667 = CARTESIAN_POINT('',(0.,0.));
#14668 = VECTOR('',#14669,1.);
#14669 = DIRECTION('',(0.,-1.));
#14670 = ( GEOMETRIC_REPRESENTATION_CONTEXT(2) 
PARAMETRIC_REPRESENTATION_CONTEXT() REPRESENTATION_CONTEXT('2D SPACE',''
  ) );
#14671 = ADVANCED_FACE('',(#14672),#5715,.F.);
#14672 = FACE_BOUND('',#14673,.F.);
#14673 = EDGE_LOOP('',(#14674,#14675,#14676,#14699));
#14674 = ORIENTED_EDGE('',*,*,#5702,.T.);
#14675 = ORIENTED_EDGE('',*,*,#14651,.T.);
#14676 = ORIENTED_EDGE('',*,*,#14677,.T.);
#14677 = EDGE_CURVE('',#14624,#14678,#14680,.T.);
#14678 = VERTEX_POINT('',#14679);
#14679 = CARTESIAN_POINT('',(65.22473,39.95,102.33823));
#14680 = SURFACE_CURVE('',#14681,(#14685,#14692),.PCURVE_S1.);
#14681 = LINE('',#14682,#14683);
#14682 = CARTESIAN_POINT('',(65.1955,39.95,102.44422));
#14683 = VECTOR('',#14684,1.);
#14684 = DIRECTION('',(0.265856134324,0.,-0.964012715602));
#14685 = PCURVE('',#5715,#14686);
#14686 = DEFINITIONAL_REPRESENTATION('',(#14687),#14691);
#14687 = LINE('',#14688,#14689);
#14688 = CARTESIAN_POINT('',(0.,-0.2));
#14689 = VECTOR('',#14690,1.);
#14690 = DIRECTION('',(1.,0.));
#14691 = ( GEOMETRIC_REPRESENTATION_CONTEXT(2) 
PARAMETRIC_REPRESENTATION_CONTEXT() REPRESENTATION_CONTEXT('2D SPACE',''
  ) );
#14692 = PCURVE('',#14639,#14693);
#14693 = DEFINITIONAL_REPRESENTATION('',(#14694),#14698);
#14694 = LINE('',#14695,#14696);
#14695 = CARTESIAN_POINT('',(1.185605718553,-1.087209671971));
#14696 = VECTOR('',#14697,1.);
#14697 = DIRECTION('',(0.265856134324,0.964012715602));
#14698 = ( GEOMETRIC_REPRESENTATION_CONTEXT(2) 
PARAMETRIC_REPRESENTATION_CONTEXT() REPRESENTATION_CONTEXT('2D SPACE',''
  ) );
#14699 = ORIENTED_EDGE('',*,*,#14700,.F.);
#14700 = EDGE_CURVE('',#5677,#14678,#14701,.T.);
#14701 = SURFACE_CURVE('',#14702,(#14706,#14713),.PCURVE_S1.);
#14702 = LINE('',#14703,#14704);
#14703 = CARTESIAN_POINT('',(65.22473,39.75,102.33823));
#14704 = VECTOR('',#14705,1.);
#14705 = DIRECTION('',(0.,1.,0.));
#14706 = PCURVE('',#5715,#14707);
#14707 = DEFINITIONAL_REPRESENTATION('',(#14708),#14712);
#14708 = LINE('',#14709,#14710);
#14709 = CARTESIAN_POINT('',(0.109946682533,0.));
#14710 = VECTOR('',#14711,1.);
#14711 = DIRECTION('',(0.,-1.));
#14712 = ( GEOMETRIC_REPRESENTATION_CONTEXT(2) 
PARAMETRIC_REPRESENTATION_CONTEXT() REPRESENTATION_CONTEXT('2D SPACE',''
  ) );
#14713 = PCURVE('',#5691,#14714);
#14714 = DEFINITIONAL_REPRESENTATION('',(#14715),#14719);
#14715 = LINE('',#14716,#14717);
#14716 = CARTESIAN_POINT('',(0.,0.));
#14717 = VECTOR('',#14718,1.);
#14718 = DIRECTION('',(0.,-1.));
#14719 = ( GEOMETRIC_REPRESENTATION_CONTEXT(2) 
PARAMETRIC_REPRESENTATION_CONTEXT() REPRESENTATION_CONTEXT('2D SPACE',''
  ) );
#14720 = ADVANCED_FACE('',(#14721),#5691,.F.);
#14721 = FACE_BOUND('',#14722,.F.);
#14722 = EDGE_LOOP('',(#14723,#14724,#14725,#14748));
#14723 = ORIENTED_EDGE('',*,*,#5676,.T.);
#14724 = ORIENTED_EDGE('',*,*,#14700,.T.);
#14725 = ORIENTED_EDGE('',*,*,#14726,.T.);
#14726 = EDGE_CURVE('',#14678,#14727,#14729,.T.);
#14727 = VERTEX_POINT('',#14728);
#14728 = CARTESIAN_POINT('',(65.2451,39.95,102.22954));
#14729 = SURFACE_CURVE('',#14730,(#14734,#14741),.PCURVE_S1.);
#14730 = LINE('',#14731,#14732);
#14731 = CARTESIAN_POINT('',(65.22473,39.95,102.33823));
#14732 = VECTOR('',#14733,1.);
#14733 = DIRECTION('',(0.18420663522,0.,-0.98288753962));
#14734 = PCURVE('',#5691,#14735);
#14735 = DEFINITIONAL_REPRESENTATION('',(#14736),#14740);
#14736 = LINE('',#14737,#14738);
#14737 = CARTESIAN_POINT('',(0.,-0.2));
#14738 = VECTOR('',#14739,1.);
#14739 = DIRECTION('',(1.,0.));
#14740 = ( GEOMETRIC_REPRESENTATION_CONTEXT(2) 
PARAMETRIC_REPRESENTATION_CONTEXT() REPRESENTATION_CONTEXT('2D SPACE',''
  ) );
#14741 = PCURVE('',#14639,#14742);
#14742 = DEFINITIONAL_REPRESENTATION('',(#14743),#14747);
#14743 = LINE('',#14744,#14745);
#14744 = CARTESIAN_POINT('',(1.214835718553,-0.981219671971));
#14745 = VECTOR('',#14746,1.);
#14746 = DIRECTION('',(0.18420663522,0.98288753962));
#14747 = ( GEOMETRIC_REPRESENTATION_CONTEXT(2) 
PARAMETRIC_REPRESENTATION_CONTEXT() REPRESENTATION_CONTEXT('2D SPACE',''
  ) );
#14748 = ORIENTED_EDGE('',*,*,#14749,.F.);
#14749 = EDGE_CURVE('',#5651,#14727,#14750,.T.);
#14750 = SURFACE_CURVE('',#14751,(#14755,#14762),.PCURVE_S1.);
#14751 = LINE('',#14752,#14753);
#14752 = CARTESIAN_POINT('',(65.2451,39.75,102.22954));
#14753 = VECTOR('',#14754,1.);
#14754 = DIRECTION('',(0.,1.,0.));
#14755 = PCURVE('',#5691,#14756);
#14756 = DEFINITIONAL_REPRESENTATION('',(#14757),#14761);
#14757 = LINE('',#14758,#14759);
#14758 = CARTESIAN_POINT('',(0.110582335841,0.));
#14759 = VECTOR('',#14760,1.);
#14760 = DIRECTION('',(0.,-1.));
#14761 = ( GEOMETRIC_REPRESENTATION_CONTEXT(2) 
PARAMETRIC_REPRESENTATION_CONTEXT() REPRESENTATION_CONTEXT('2D SPACE',''
  ) );
#14762 = PCURVE('',#5665,#14763);
#14763 = DEFINITIONAL_REPRESENTATION('',(#14764),#14768);
#14764 = LINE('',#14765,#14766);
#14765 = CARTESIAN_POINT('',(0.,0.));
#14766 = VECTOR('',#14767,1.);
#14767 = DIRECTION('',(0.,-1.));
#14768 = ( GEOMETRIC_REPRESENTATION_CONTEXT(2) 
PARAMETRIC_REPRESENTATION_CONTEXT() REPRESENTATION_CONTEXT('2D SPACE',''
  ) );
#14769 = ADVANCED_FACE('',(#14770),#5665,.F.);
#14770 = FACE_BOUND('',#14771,.F.);
#14771 = EDGE_LOOP('',(#14772,#14773,#14774,#14797));
#14772 = ORIENTED_EDGE('',*,*,#5650,.T.);
#14773 = ORIENTED_EDGE('',*,*,#14749,.T.);
#14774 = ORIENTED_EDGE('',*,*,#14775,.T.);
#14775 = EDGE_CURVE('',#14727,#14776,#14778,.T.);
#14776 = VERTEX_POINT('',#14777);
#14777 = CARTESIAN_POINT('',(65.25617,39.95,102.12023));
#14778 = SURFACE_CURVE('',#14779,(#14783,#14790),.PCURVE_S1.);
#14779 = LINE('',#14780,#14781);
#14780 = CARTESIAN_POINT('',(65.2451,39.95,102.22954));
#14781 = VECTOR('',#14782,1.);
#14782 = DIRECTION('',(0.100756255806,0.,-0.994911140211));
#14783 = PCURVE('',#5665,#14784);
#14784 = DEFINITIONAL_REPRESENTATION('',(#14785),#14789);
#14785 = LINE('',#14786,#14787);
#14786 = CARTESIAN_POINT('',(0.,-0.2));
#14787 = VECTOR('',#14788,1.);
#14788 = DIRECTION('',(1.,0.));
#14789 = ( GEOMETRIC_REPRESENTATION_CONTEXT(2) 
PARAMETRIC_REPRESENTATION_CONTEXT() REPRESENTATION_CONTEXT('2D SPACE',''
  ) );
#14790 = PCURVE('',#14639,#14791);
#14791 = DEFINITIONAL_REPRESENTATION('',(#14792),#14796);
#14792 = LINE('',#14793,#14794);
#14793 = CARTESIAN_POINT('',(1.235205718553,-0.872529671971));
#14794 = VECTOR('',#14795,1.);
#14795 = DIRECTION('',(0.100756255806,0.994911140211));
#14796 = ( GEOMETRIC_REPRESENTATION_CONTEXT(2) 
PARAMETRIC_REPRESENTATION_CONTEXT() REPRESENTATION_CONTEXT('2D SPACE',''
  ) );
#14797 = ORIENTED_EDGE('',*,*,#14798,.F.);
#14798 = EDGE_CURVE('',#5625,#14776,#14799,.T.);
#14799 = SURFACE_CURVE('',#14800,(#14804,#14811),.PCURVE_S1.);
#14800 = LINE('',#14801,#14802);
#14801 = CARTESIAN_POINT('',(65.25617,39.75,102.12023));
#14802 = VECTOR('',#14803,1.);
#14803 = DIRECTION('',(0.,1.,0.));
#14804 = PCURVE('',#5665,#14805);
#14805 = DEFINITIONAL_REPRESENTATION('',(#14806),#14810);
#14806 = LINE('',#14807,#14808);
#14807 = CARTESIAN_POINT('',(0.109869108488,0.));
#14808 = VECTOR('',#14809,1.);
#14809 = DIRECTION('',(0.,-1.));
#14810 = ( GEOMETRIC_REPRESENTATION_CONTEXT(2) 
PARAMETRIC_REPRESENTATION_CONTEXT() REPRESENTATION_CONTEXT('2D SPACE',''
  ) );
#14811 = PCURVE('',#5639,#14812);
#14812 = DEFINITIONAL_REPRESENTATION('',(#14813),#14817);
#14813 = LINE('',#14814,#14815);
#14814 = CARTESIAN_POINT('',(0.,0.));
#14815 = VECTOR('',#14816,1.);
#14816 = DIRECTION('',(0.,-1.));
#14817 = ( GEOMETRIC_REPRESENTATION_CONTEXT(2) 
PARAMETRIC_REPRESENTATION_CONTEXT() REPRESENTATION_CONTEXT('2D SPACE',''
  ) );
#14818 = ADVANCED_FACE('',(#14819),#5639,.F.);
#14819 = FACE_BOUND('',#14820,.F.);
#14820 = EDGE_LOOP('',(#14821,#14822,#14823,#14846));
#14821 = ORIENTED_EDGE('',*,*,#5624,.T.);
#14822 = ORIENTED_EDGE('',*,*,#14798,.T.);
#14823 = ORIENTED_EDGE('',*,*,#14824,.T.);
#14824 = EDGE_CURVE('',#14776,#14825,#14827,.T.);
#14825 = VERTEX_POINT('',#14826);
#14826 = CARTESIAN_POINT('',(65.25802,39.95,102.01089));
#14827 = SURFACE_CURVE('',#14828,(#14832,#14839),.PCURVE_S1.);
#14828 = LINE('',#14829,#14830);
#14829 = CARTESIAN_POINT('',(65.25617,39.95,102.12023));
#14830 = VECTOR('',#14831,1.);
#14831 = DIRECTION('',(1.691727868403E-02,0.,-0.999856892601));
#14832 = PCURVE('',#5639,#14833);
#14833 = DEFINITIONAL_REPRESENTATION('',(#14834),#14838);
#14834 = LINE('',#14835,#14836);
#14835 = CARTESIAN_POINT('',(0.,-0.2));
#14836 = VECTOR('',#14837,1.);
#14837 = DIRECTION('',(1.,0.));
#14838 = ( GEOMETRIC_REPRESENTATION_CONTEXT(2) 
PARAMETRIC_REPRESENTATION_CONTEXT() REPRESENTATION_CONTEXT('2D SPACE',''
  ) );
#14839 = PCURVE('',#14639,#14840);
#14840 = DEFINITIONAL_REPRESENTATION('',(#14841),#14845);
#14841 = LINE('',#14842,#14843);
#14842 = CARTESIAN_POINT('',(1.246275718553,-0.763219671971));
#14843 = VECTOR('',#14844,1.);
#14844 = DIRECTION('',(1.691727868403E-02,0.999856892601));
#14845 = ( GEOMETRIC_REPRESENTATION_CONTEXT(2) 
PARAMETRIC_REPRESENTATION_CONTEXT() REPRESENTATION_CONTEXT('2D SPACE',''
  ) );
#14846 = ORIENTED_EDGE('',*,*,#14847,.F.);
#14847 = EDGE_CURVE('',#5599,#14825,#14848,.T.);
#14848 = SURFACE_CURVE('',#14849,(#14853,#14860),.PCURVE_S1.);
#14849 = LINE('',#14850,#14851);
#14850 = CARTESIAN_POINT('',(65.25802,39.75,102.01089));
#14851 = VECTOR('',#14852,1.);
#14852 = DIRECTION('',(0.,1.,0.));
#14853 = PCURVE('',#5639,#14854);
#14854 = DEFINITIONAL_REPRESENTATION('',(#14855),#14859);
#14855 = LINE('',#14856,#14857);
#14856 = CARTESIAN_POINT('',(0.109355649603,0.));
#14857 = VECTOR('',#14858,1.);
#14858 = DIRECTION('',(0.,-1.));
#14859 = ( GEOMETRIC_REPRESENTATION_CONTEXT(2) 
PARAMETRIC_REPRESENTATION_CONTEXT() REPRESENTATION_CONTEXT('2D SPACE',''
  ) );
#14860 = PCURVE('',#5613,#14861);
#14861 = DEFINITIONAL_REPRESENTATION('',(#14862),#14866);
#14862 = LINE('',#14863,#14864);
#14863 = CARTESIAN_POINT('',(0.,0.));
#14864 = VECTOR('',#14865,1.);
#14865 = DIRECTION('',(0.,-1.));
#14866 = ( GEOMETRIC_REPRESENTATION_CONTEXT(2) 
PARAMETRIC_REPRESENTATION_CONTEXT() REPRESENTATION_CONTEXT('2D SPACE',''
  ) );
#14867 = ADVANCED_FACE('',(#14868),#5613,.F.);
#14868 = FACE_BOUND('',#14869,.F.);
#14869 = EDGE_LOOP('',(#14870,#14871,#14872,#14895));
#14870 = ORIENTED_EDGE('',*,*,#5598,.T.);
#14871 = ORIENTED_EDGE('',*,*,#14847,.T.);
#14872 = ORIENTED_EDGE('',*,*,#14873,.T.);
#14873 = EDGE_CURVE('',#14825,#14874,#14876,.T.);
#14874 = VERTEX_POINT('',#14875);
#14875 = CARTESIAN_POINT('',(65.25075,39.95,101.90209));
#14876 = SURFACE_CURVE('',#14877,(#14881,#14888),.PCURVE_S1.);
#14877 = LINE('',#14878,#14879);
#14878 = CARTESIAN_POINT('',(65.25802,39.95,102.01089));
#14879 = VECTOR('',#14880,1.);
#14880 = DIRECTION('',(-6.667117887828E-02,0.,-0.997775001645));
#14881 = PCURVE('',#5613,#14882);
#14882 = DEFINITIONAL_REPRESENTATION('',(#14883),#14887);
#14883 = LINE('',#14884,#14885);
#14884 = CARTESIAN_POINT('',(0.,-0.2));
#14885 = VECTOR('',#14886,1.);
#14886 = DIRECTION('',(1.,0.));
#14887 = ( GEOMETRIC_REPRESENTATION_CONTEXT(2) 
PARAMETRIC_REPRESENTATION_CONTEXT() REPRESENTATION_CONTEXT('2D SPACE',''
  ) );
#14888 = PCURVE('',#14639,#14889);
#14889 = DEFINITIONAL_REPRESENTATION('',(#14890),#14894);
#14890 = LINE('',#14891,#14892);
#14891 = CARTESIAN_POINT('',(1.248125718553,-0.653879671971));
#14892 = VECTOR('',#14893,1.);
#14893 = DIRECTION('',(-6.667117887828E-02,0.997775001645));
#14894 = ( GEOMETRIC_REPRESENTATION_CONTEXT(2) 
PARAMETRIC_REPRESENTATION_CONTEXT() REPRESENTATION_CONTEXT('2D SPACE',''
  ) );
#14895 = ORIENTED_EDGE('',*,*,#14896,.F.);
#14896 = EDGE_CURVE('',#5573,#14874,#14897,.T.);
#14897 = SURFACE_CURVE('',#14898,(#14902,#14909),.PCURVE_S1.);
#14898 = LINE('',#14899,#14900);
#14899 = CARTESIAN_POINT('',(65.25075,39.75,101.90209));
#14900 = VECTOR('',#14901,1.);
#14901 = DIRECTION('',(0.,1.,0.));
#14902 = PCURVE('',#5613,#14903);
#14903 = DEFINITIONAL_REPRESENTATION('',(#14904),#14908);
#14904 = LINE('',#14905,#14906);
#14905 = CARTESIAN_POINT('',(0.109042619649,0.));
#14906 = VECTOR('',#14907,1.);
#14907 = DIRECTION('',(0.,-1.));
#14908 = ( GEOMETRIC_REPRESENTATION_CONTEXT(2) 
PARAMETRIC_REPRESENTATION_CONTEXT() REPRESENTATION_CONTEXT('2D SPACE',''
  ) );
#14909 = PCURVE('',#5587,#14910);
#14910 = DEFINITIONAL_REPRESENTATION('',(#14911),#14915);
#14911 = LINE('',#14912,#14913);
#14912 = CARTESIAN_POINT('',(0.,0.));
#14913 = VECTOR('',#14914,1.);
#14914 = DIRECTION('',(0.,-1.));
#14915 = ( GEOMETRIC_REPRESENTATION_CONTEXT(2) 
PARAMETRIC_REPRESENTATION_CONTEXT() REPRESENTATION_CONTEXT('2D SPACE',''
  ) );
#14916 = ADVANCED_FACE('',(#14917),#5587,.F.);
#14917 = FACE_BOUND('',#14918,.F.);
#14918 = EDGE_LOOP('',(#14919,#14920,#14921,#14944));
#14919 = ORIENTED_EDGE('',*,*,#5572,.T.);
#14920 = ORIENTED_EDGE('',*,*,#14896,.T.);
#14921 = ORIENTED_EDGE('',*,*,#14922,.T.);
#14922 = EDGE_CURVE('',#14874,#14923,#14925,.T.);
#14923 = VERTEX_POINT('',#14924);
#14924 = CARTESIAN_POINT('',(65.23447,39.95,101.79441));
#14925 = SURFACE_CURVE('',#14926,(#14930,#14937),.PCURVE_S1.);
#14926 = LINE('',#14927,#14928);
#14927 = CARTESIAN_POINT('',(65.25075,39.95,101.90209));
#14928 = VECTOR('',#14929,1.);
#14929 = DIRECTION('',(-0.149489839362,0.,-0.988763261821));
#14930 = PCURVE('',#5587,#14931);
#14931 = DEFINITIONAL_REPRESENTATION('',(#14932),#14936);
#14932 = LINE('',#14933,#14934);
#14933 = CARTESIAN_POINT('',(0.,-0.2));
#14934 = VECTOR('',#14935,1.);
#14935 = DIRECTION('',(1.,0.));
#14936 = ( GEOMETRIC_REPRESENTATION_CONTEXT(2) 
PARAMETRIC_REPRESENTATION_CONTEXT() REPRESENTATION_CONTEXT('2D SPACE',''
  ) );
#14937 = PCURVE('',#14639,#14938);
#14938 = DEFINITIONAL_REPRESENTATION('',(#14939),#14943);
#14939 = LINE('',#14940,#14941);
#14940 = CARTESIAN_POINT('',(1.240855718553,-0.545079671971));
#14941 = VECTOR('',#14942,1.);
#14942 = DIRECTION('',(-0.149489839362,0.988763261821));
#14943 = ( GEOMETRIC_REPRESENTATION_CONTEXT(2) 
PARAMETRIC_REPRESENTATION_CONTEXT() REPRESENTATION_CONTEXT('2D SPACE',''
  ) );
#14944 = ORIENTED_EDGE('',*,*,#14945,.F.);
#14945 = EDGE_CURVE('',#5547,#14923,#14946,.T.);
#14946 = SURFACE_CURVE('',#14947,(#14951,#14958),.PCURVE_S1.);
#14947 = LINE('',#14948,#14949);
#14948 = CARTESIAN_POINT('',(65.23447,39.75,101.79441));
#14949 = VECTOR('',#14950,1.);
#14950 = DIRECTION('',(0.,1.,0.));
#14951 = PCURVE('',#5587,#14952);
#14952 = DEFINITIONAL_REPRESENTATION('',(#14953),#14957);
#14953 = LINE('',#14954,#14955);
#14954 = CARTESIAN_POINT('',(0.108903722618,0.));
#14955 = VECTOR('',#14956,1.);
#14956 = DIRECTION('',(0.,-1.));
#14957 = ( GEOMETRIC_REPRESENTATION_CONTEXT(2) 
PARAMETRIC_REPRESENTATION_CONTEXT() REPRESENTATION_CONTEXT('2D SPACE',''
  ) );
#14958 = PCURVE('',#5561,#14959);
#14959 = DEFINITIONAL_REPRESENTATION('',(#14960),#14964);
#14960 = LINE('',#14961,#14962);
#14961 = CARTESIAN_POINT('',(0.,0.));
#14962 = VECTOR('',#14963,1.);
#14963 = DIRECTION('',(0.,-1.));
#14964 = ( GEOMETRIC_REPRESENTATION_CONTEXT(2) 
PARAMETRIC_REPRESENTATION_CONTEXT() REPRESENTATION_CONTEXT('2D SPACE',''
  ) );
#14965 = ADVANCED_FACE('',(#14966),#5561,.F.);
#14966 = FACE_BOUND('',#14967,.F.);
#14967 = EDGE_LOOP('',(#14968,#14969,#14970,#14993));
#14968 = ORIENTED_EDGE('',*,*,#5546,.T.);
#14969 = ORIENTED_EDGE('',*,*,#14945,.T.);
#14970 = ORIENTED_EDGE('',*,*,#14971,.T.);
#14971 = EDGE_CURVE('',#14923,#14972,#14974,.T.);
#14972 = VERTEX_POINT('',#14973);
#14973 = CARTESIAN_POINT('',(65.20929,39.95,101.68841));
#14974 = SURFACE_CURVE('',#14975,(#14979,#14986),.PCURVE_S1.);
#14975 = LINE('',#14976,#14977);
#14976 = CARTESIAN_POINT('',(65.23447,39.95,101.79441));
#14977 = VECTOR('',#14978,1.);
#14978 = DIRECTION('',(-0.231115872894,0.,-0.972926232197));
#14979 = PCURVE('',#5561,#14980);
#14980 = DEFINITIONAL_REPRESENTATION('',(#14981),#14985);
#14981 = LINE('',#14982,#14983);
#14982 = CARTESIAN_POINT('',(0.,-0.2));
#14983 = VECTOR('',#14984,1.);
#14984 = DIRECTION('',(1.,0.));
#14985 = ( GEOMETRIC_REPRESENTATION_CONTEXT(2) 
PARAMETRIC_REPRESENTATION_CONTEXT() REPRESENTATION_CONTEXT('2D SPACE',''
  ) );
#14986 = PCURVE('',#14639,#14987);
#14987 = DEFINITIONAL_REPRESENTATION('',(#14988),#14992);
#14988 = LINE('',#14989,#14990);
#14989 = CARTESIAN_POINT('',(1.224575718553,-0.437399671971));
#14990 = VECTOR('',#14991,1.);
#14991 = DIRECTION('',(-0.231115872894,0.972926232197));
#14992 = ( GEOMETRIC_REPRESENTATION_CONTEXT(2) 
PARAMETRIC_REPRESENTATION_CONTEXT() REPRESENTATION_CONTEXT('2D SPACE',''
  ) );
#14993 = ORIENTED_EDGE('',*,*,#14994,.F.);
#14994 = EDGE_CURVE('',#5521,#14972,#14995,.T.);
#14995 = SURFACE_CURVE('',#14996,(#15000,#15007),.PCURVE_S1.);
#14996 = LINE('',#14997,#14998);
#14997 = CARTESIAN_POINT('',(65.20929,39.75,101.68841));
#14998 = VECTOR('',#14999,1.);
#14999 = DIRECTION('',(0.,1.,0.));
#15000 = PCURVE('',#5561,#15001);
#15001 = DEFINITIONAL_REPRESENTATION('',(#15002),#15006);
#15002 = LINE('',#15003,#15004);
#15003 = CARTESIAN_POINT('',(0.108949678292,0.));
#15004 = VECTOR('',#15005,1.);
#15005 = DIRECTION('',(0.,-1.));
#15006 = ( GEOMETRIC_REPRESENTATION_CONTEXT(2) 
PARAMETRIC_REPRESENTATION_CONTEXT() REPRESENTATION_CONTEXT('2D SPACE',''
  ) );
#15007 = PCURVE('',#5535,#15008);
#15008 = DEFINITIONAL_REPRESENTATION('',(#15009),#15013);
#15009 = LINE('',#15010,#15011);
#15010 = CARTESIAN_POINT('',(0.,0.));
#15011 = VECTOR('',#15012,1.);
#15012 = DIRECTION('',(0.,-1.));
#15013 = ( GEOMETRIC_REPRESENTATION_CONTEXT(2) 
PARAMETRIC_REPRESENTATION_CONTEXT() REPRESENTATION_CONTEXT('2D SPACE',''
  ) );
#15014 = ADVANCED_FACE('',(#15015),#5535,.F.);
#15015 = FACE_BOUND('',#15016,.F.);
#15016 = EDGE_LOOP('',(#15017,#15018,#15019,#15042));
#15017 = ORIENTED_EDGE('',*,*,#5520,.T.);
#15018 = ORIENTED_EDGE('',*,*,#14994,.T.);
#15019 = ORIENTED_EDGE('',*,*,#15020,.T.);
#15020 = EDGE_CURVE('',#14972,#15021,#15023,.T.);
#15021 = VERTEX_POINT('',#15022);
#15022 = CARTESIAN_POINT('',(65.17529,39.95,101.58468));
#15023 = SURFACE_CURVE('',#15024,(#15028,#15035),.PCURVE_S1.);
#15024 = LINE('',#15025,#15026);
#15025 = CARTESIAN_POINT('',(65.20929,39.95,101.68841));
#15026 = VECTOR('',#15027,1.);
#15027 = DIRECTION('',(-0.311469307304,0.,-0.950256213138));
#15028 = PCURVE('',#5535,#15029);
#15029 = DEFINITIONAL_REPRESENTATION('',(#15030),#15034);
#15030 = LINE('',#15031,#15032);
#15031 = CARTESIAN_POINT('',(0.,-0.2));
#15032 = VECTOR('',#15033,1.);
#15033 = DIRECTION('',(1.,0.));
#15034 = ( GEOMETRIC_REPRESENTATION_CONTEXT(2) 
PARAMETRIC_REPRESENTATION_CONTEXT() REPRESENTATION_CONTEXT('2D SPACE',''
  ) );
#15035 = PCURVE('',#14639,#15036);
#15036 = DEFINITIONAL_REPRESENTATION('',(#15037),#15041);
#15037 = LINE('',#15038,#15039);
#15038 = CARTESIAN_POINT('',(1.199395718553,-0.331399671971));
#15039 = VECTOR('',#15040,1.);
#15040 = DIRECTION('',(-0.311469307304,0.950256213138));
#15041 = ( GEOMETRIC_REPRESENTATION_CONTEXT(2) 
PARAMETRIC_REPRESENTATION_CONTEXT() REPRESENTATION_CONTEXT('2D SPACE',''
  ) );
#15042 = ORIENTED_EDGE('',*,*,#15043,.F.);
#15043 = EDGE_CURVE('',#5495,#15021,#15044,.T.);
#15044 = SURFACE_CURVE('',#15045,(#15049,#15056),.PCURVE_S1.);
#15045 = LINE('',#15046,#15047);
#15046 = CARTESIAN_POINT('',(65.17529,39.75,101.58468));
#15047 = VECTOR('',#15048,1.);
#15048 = DIRECTION('',(0.,1.,0.));
#15049 = PCURVE('',#5535,#15050);
#15050 = DEFINITIONAL_REPRESENTATION('',(#15051),#15055);
#15051 = LINE('',#15052,#15053);
#15052 = CARTESIAN_POINT('',(0.109160033437,0.));
#15053 = VECTOR('',#15054,1.);
#15054 = DIRECTION('',(0.,-1.));
#15055 = ( GEOMETRIC_REPRESENTATION_CONTEXT(2) 
PARAMETRIC_REPRESENTATION_CONTEXT() REPRESENTATION_CONTEXT('2D SPACE',''
  ) );
#15056 = PCURVE('',#5509,#15057);
#15057 = DEFINITIONAL_REPRESENTATION('',(#15058),#15062);
#15058 = LINE('',#15059,#15060);
#15059 = CARTESIAN_POINT('',(0.,0.));
#15060 = VECTOR('',#15061,1.);
#15061 = DIRECTION('',(0.,-1.));
#15062 = ( GEOMETRIC_REPRESENTATION_CONTEXT(2) 
PARAMETRIC_REPRESENTATION_CONTEXT() REPRESENTATION_CONTEXT('2D SPACE',''
  ) );
#15063 = ADVANCED_FACE('',(#15064),#5509,.F.);
#15064 = FACE_BOUND('',#15065,.F.);
#15065 = EDGE_LOOP('',(#15066,#15067,#15068,#15091));
#15066 = ORIENTED_EDGE('',*,*,#5494,.T.);
#15067 = ORIENTED_EDGE('',*,*,#15043,.T.);
#15068 = ORIENTED_EDGE('',*,*,#15069,.T.);
#15069 = EDGE_CURVE('',#15021,#15070,#15072,.T.);
#15070 = VERTEX_POINT('',#15071);
#15071 = CARTESIAN_POINT('',(65.13258,39.95,101.48378));
#15072 = SURFACE_CURVE('',#15073,(#15077,#15084),.PCURVE_S1.);
#15073 = LINE('',#15074,#15075);
#15074 = CARTESIAN_POINT('',(65.17529,39.95,101.58468));
#15075 = VECTOR('',#15076,1.);
#15076 = DIRECTION('',(-0.389806717926,0.,-0.92089669489));
#15077 = PCURVE('',#5509,#15078);
#15078 = DEFINITIONAL_REPRESENTATION('',(#15079),#15083);
#15079 = LINE('',#15080,#15081);
#15080 = CARTESIAN_POINT('',(0.,-0.2));
#15081 = VECTOR('',#15082,1.);
#15082 = DIRECTION('',(1.,0.));
#15083 = ( GEOMETRIC_REPRESENTATION_CONTEXT(2) 
PARAMETRIC_REPRESENTATION_CONTEXT() REPRESENTATION_CONTEXT('2D SPACE',''
  ) );
#15084 = PCURVE('',#14639,#15085);
#15085 = DEFINITIONAL_REPRESENTATION('',(#15086),#15090);
#15086 = LINE('',#15087,#15088);
#15087 = CARTESIAN_POINT('',(1.165395718553,-0.227669671971));
#15088 = VECTOR('',#15089,1.);
#15089 = DIRECTION('',(-0.389806717926,0.92089669489));
#15090 = ( GEOMETRIC_REPRESENTATION_CONTEXT(2) 
PARAMETRIC_REPRESENTATION_CONTEXT() REPRESENTATION_CONTEXT('2D SPACE',''
  ) );
#15091 = ORIENTED_EDGE('',*,*,#15092,.F.);
#15092 = EDGE_CURVE('',#5469,#15070,#15093,.T.);
#15093 = SURFACE_CURVE('',#15094,(#15098,#15105),.PCURVE_S1.);
#15094 = LINE('',#15095,#15096);
#15095 = CARTESIAN_POINT('',(65.13258,39.75,101.48378));
#15096 = VECTOR('',#15097,1.);
#15097 = DIRECTION('',(0.,1.,0.));
#15098 = PCURVE('',#5509,#15099);
#15099 = DEFINITIONAL_REPRESENTATION('',(#15100),#15104);
#15100 = LINE('',#15101,#15102);
#15101 = CARTESIAN_POINT('',(0.109567121437,0.));
#15102 = VECTOR('',#15103,1.);
#15103 = DIRECTION('',(0.,-1.));
#15104 = ( GEOMETRIC_REPRESENTATION_CONTEXT(2) 
PARAMETRIC_REPRESENTATION_CONTEXT() REPRESENTATION_CONTEXT('2D SPACE',''
  ) );
#15105 = PCURVE('',#5483,#15106);
#15106 = DEFINITIONAL_REPRESENTATION('',(#15107),#15111);
#15107 = LINE('',#15108,#15109);
#15108 = CARTESIAN_POINT('',(0.,0.));
#15109 = VECTOR('',#15110,1.);
#15110 = DIRECTION('',(0.,-1.));
#15111 = ( GEOMETRIC_REPRESENTATION_CONTEXT(2) 
PARAMETRIC_REPRESENTATION_CONTEXT() REPRESENTATION_CONTEXT('2D SPACE',''
  ) );
#15112 = ADVANCED_FACE('',(#15113),#5483,.F.);
#15113 = FACE_BOUND('',#15114,.F.);
#15114 = EDGE_LOOP('',(#15115,#15116,#15117,#15140));
#15115 = ORIENTED_EDGE('',*,*,#5468,.T.);
#15116 = ORIENTED_EDGE('',*,*,#15092,.T.);
#15117 = ORIENTED_EDGE('',*,*,#15118,.T.);
#15118 = EDGE_CURVE('',#15070,#15119,#15121,.T.);
#15119 = VERTEX_POINT('',#15120);
#15120 = CARTESIAN_POINT('',(65.08125,39.95,101.3863));
#15121 = SURFACE_CURVE('',#15122,(#15126,#15133),.PCURVE_S1.);
#15122 = LINE('',#15123,#15124);
#15123 = CARTESIAN_POINT('',(65.13258,39.95,101.48378));
#15124 = VECTOR('',#15125,1.);
#15125 = DIRECTION('',(-0.465922253536,0.,-0.884825662862));
#15126 = PCURVE('',#5483,#15127);
#15127 = DEFINITIONAL_REPRESENTATION('',(#15128),#15132);
#15128 = LINE('',#15129,#15130);
#15129 = CARTESIAN_POINT('',(0.,-0.2));
#15130 = VECTOR('',#15131,1.);
#15131 = DIRECTION('',(1.,0.));
#15132 = ( GEOMETRIC_REPRESENTATION_CONTEXT(2) 
PARAMETRIC_REPRESENTATION_CONTEXT() REPRESENTATION_CONTEXT('2D SPACE',''
  ) );
#15133 = PCURVE('',#14639,#15134);
#15134 = DEFINITIONAL_REPRESENTATION('',(#15135),#15139);
#15135 = LINE('',#15136,#15137);
#15136 = CARTESIAN_POINT('',(1.122685718553,-0.126769671971));
#15137 = VECTOR('',#15138,1.);
#15138 = DIRECTION('',(-0.465922253536,0.884825662862));
#15139 = ( GEOMETRIC_REPRESENTATION_CONTEXT(2) 
PARAMETRIC_REPRESENTATION_CONTEXT() REPRESENTATION_CONTEXT('2D SPACE',''
  ) );
#15140 = ORIENTED_EDGE('',*,*,#15141,.F.);
#15141 = EDGE_CURVE('',#5443,#15119,#15142,.T.);
#15142 = SURFACE_CURVE('',#15143,(#15147,#15154),.PCURVE_S1.);
#15143 = LINE('',#15144,#15145);
#15144 = CARTESIAN_POINT('',(65.08125,39.75,101.3863));
#15145 = VECTOR('',#15146,1.);
#15146 = DIRECTION('',(0.,1.,0.));
#15147 = PCURVE('',#5483,#15148);
#15148 = DEFINITIONAL_REPRESENTATION('',(#15149),#15153);
#15149 = LINE('',#15150,#15151);
#15150 = CARTESIAN_POINT('',(0.11016859489,0.));
#15151 = VECTOR('',#15152,1.);
#15152 = DIRECTION('',(0.,-1.));
#15153 = ( GEOMETRIC_REPRESENTATION_CONTEXT(2) 
PARAMETRIC_REPRESENTATION_CONTEXT() REPRESENTATION_CONTEXT('2D SPACE',''
  ) );
#15154 = PCURVE('',#5457,#15155);
#15155 = DEFINITIONAL_REPRESENTATION('',(#15156),#15160);
#15156 = LINE('',#15157,#15158);
#15157 = CARTESIAN_POINT('',(0.,0.));
#15158 = VECTOR('',#15159,1.);
#15159 = DIRECTION('',(0.,-1.));
#15160 = ( GEOMETRIC_REPRESENTATION_CONTEXT(2) 
PARAMETRIC_REPRESENTATION_CONTEXT() REPRESENTATION_CONTEXT('2D SPACE',''
  ) );
#15161 = ADVANCED_FACE('',(#15162),#5457,.F.);
#15162 = FACE_BOUND('',#15163,.F.);
#15163 = EDGE_LOOP('',(#15164,#15165,#15166,#15189));
#15164 = ORIENTED_EDGE('',*,*,#5442,.T.);
#15165 = ORIENTED_EDGE('',*,*,#15141,.T.);
#15166 = ORIENTED_EDGE('',*,*,#15167,.T.);
#15167 = EDGE_CURVE('',#15119,#15168,#15170,.T.);
#15168 = VERTEX_POINT('',#15169);
#15169 = CARTESIAN_POINT('',(65.02142,39.95,101.29279));
#15170 = SURFACE_CURVE('',#15171,(#15175,#15182),.PCURVE_S1.);
#15171 = LINE('',#15172,#15173);
#15172 = CARTESIAN_POINT('',(65.08125,39.95,101.3863));
#15173 = VECTOR('',#15174,1.);
#15174 = DIRECTION('',(-0.53894888857,0.,-0.842338468497));
#15175 = PCURVE('',#5457,#15176);
#15176 = DEFINITIONAL_REPRESENTATION('',(#15177),#15181);
#15177 = LINE('',#15178,#15179);
#15178 = CARTESIAN_POINT('',(0.,-0.2));
#15179 = VECTOR('',#15180,1.);
#15180 = DIRECTION('',(1.,0.));
#15181 = ( GEOMETRIC_REPRESENTATION_CONTEXT(2) 
PARAMETRIC_REPRESENTATION_CONTEXT() REPRESENTATION_CONTEXT('2D SPACE',''
  ) );
#15182 = PCURVE('',#14639,#15183);
#15183 = DEFINITIONAL_REPRESENTATION('',(#15184),#15188);
#15184 = LINE('',#15185,#15186);
#15185 = CARTESIAN_POINT('',(1.071355718553,-2.928967197061E-02));
#15186 = VECTOR('',#15187,1.);
#15187 = DIRECTION('',(-0.53894888857,0.842338468497));
#15188 = ( GEOMETRIC_REPRESENTATION_CONTEXT(2) 
PARAMETRIC_REPRESENTATION_CONTEXT() REPRESENTATION_CONTEXT('2D SPACE',''
  ) );
#15189 = ORIENTED_EDGE('',*,*,#15190,.F.);
#15190 = EDGE_CURVE('',#5417,#15168,#15191,.T.);
#15191 = SURFACE_CURVE('',#15192,(#15196,#15203),.PCURVE_S1.);
#15192 = LINE('',#15193,#15194);
#15193 = CARTESIAN_POINT('',(65.02142,39.75,101.29279));
#15194 = VECTOR('',#15195,1.);
#15195 = DIRECTION('',(0.,1.,0.));
#15196 = PCURVE('',#5457,#15197);
#15197 = DEFINITIONAL_REPRESENTATION('',(#15198),#15202);
#15198 = LINE('',#15199,#15200);
#15199 = CARTESIAN_POINT('',(0.111012382192,0.));
#15200 = VECTOR('',#15201,1.);
#15201 = DIRECTION('',(0.,-1.));
#15202 = ( GEOMETRIC_REPRESENTATION_CONTEXT(2) 
PARAMETRIC_REPRESENTATION_CONTEXT() REPRESENTATION_CONTEXT('2D SPACE',''
  ) );
#15203 = PCURVE('',#5431,#15204);
#15204 = DEFINITIONAL_REPRESENTATION('',(#15205),#15209);
#15205 = LINE('',#15206,#15207);
#15206 = CARTESIAN_POINT('',(0.,0.));
#15207 = VECTOR('',#15208,1.);
#15208 = DIRECTION('',(0.,-1.));
#15209 = ( GEOMETRIC_REPRESENTATION_CONTEXT(2) 
PARAMETRIC_REPRESENTATION_CONTEXT() REPRESENTATION_CONTEXT('2D SPACE',''
  ) );
#15210 = ADVANCED_FACE('',(#15211),#5431,.F.);
#15211 = FACE_BOUND('',#15212,.F.);
#15212 = EDGE_LOOP('',(#15213,#15214,#15215,#15238));
#15213 = ORIENTED_EDGE('',*,*,#5416,.T.);
#15214 = ORIENTED_EDGE('',*,*,#15190,.T.);
#15215 = ORIENTED_EDGE('',*,*,#15216,.T.);
#15216 = EDGE_CURVE('',#15168,#15217,#15219,.T.);
#15217 = VERTEX_POINT('',#15218);
#15218 = CARTESIAN_POINT('',(63.36629,39.95,99.14247));
#15219 = SURFACE_CURVE('',#15220,(#15224,#15231),.PCURVE_S1.);
#15220 = LINE('',#15221,#15222);
#15221 = CARTESIAN_POINT('',(65.02142,39.95,101.29279));
#15222 = VECTOR('',#15223,1.);
#15223 = DIRECTION('',(-0.609950984197,0.,-0.792439143958));
#15224 = PCURVE('',#5431,#15225);
#15225 = DEFINITIONAL_REPRESENTATION('',(#15226),#15230);
#15226 = LINE('',#15227,#15228);
#15227 = CARTESIAN_POINT('',(0.,-0.2));
#15228 = VECTOR('',#15229,1.);
#15229 = DIRECTION('',(1.,0.));
#15230 = ( GEOMETRIC_REPRESENTATION_CONTEXT(2) 
PARAMETRIC_REPRESENTATION_CONTEXT() REPRESENTATION_CONTEXT('2D SPACE',''
  ) );
#15231 = PCURVE('',#14639,#15232);
#15232 = DEFINITIONAL_REPRESENTATION('',(#15233),#15237);
#15233 = LINE('',#15234,#15235);
#15234 = CARTESIAN_POINT('',(1.011525718553,6.422032802939E-02));
#15235 = VECTOR('',#15236,1.);
#15236 = DIRECTION('',(-0.609950984197,0.792439143958));
#15237 = ( GEOMETRIC_REPRESENTATION_CONTEXT(2) 
PARAMETRIC_REPRESENTATION_CONTEXT() REPRESENTATION_CONTEXT('2D SPACE',''
  ) );
#15238 = ORIENTED_EDGE('',*,*,#15239,.F.);
#15239 = EDGE_CURVE('',#5391,#15217,#15240,.T.);
#15240 = SURFACE_CURVE('',#15241,(#15245,#15252),.PCURVE_S1.);
#15241 = LINE('',#15242,#15243);
#15242 = CARTESIAN_POINT('',(63.36629,39.75,99.14247));
#15243 = VECTOR('',#15244,1.);
#15244 = DIRECTION('',(0.,1.,0.));
#15245 = PCURVE('',#5431,#15246);
#15246 = DEFINITIONAL_REPRESENTATION('',(#15247),#15251);
#15247 = LINE('',#15248,#15249);
#15248 = CARTESIAN_POINT('',(2.71354591251,0.));
#15249 = VECTOR('',#15250,1.);
#15250 = DIRECTION('',(0.,-1.));
#15251 = ( GEOMETRIC_REPRESENTATION_CONTEXT(2) 
PARAMETRIC_REPRESENTATION_CONTEXT() REPRESENTATION_CONTEXT('2D SPACE',''
  ) );
#15252 = PCURVE('',#5405,#15253);
#15253 = DEFINITIONAL_REPRESENTATION('',(#15254),#15258);
#15254 = LINE('',#15255,#15256);
#15255 = CARTESIAN_POINT('',(0.,0.));
#15256 = VECTOR('',#15257,1.);
#15257 = DIRECTION('',(0.,-1.));
#15258 = ( GEOMETRIC_REPRESENTATION_CONTEXT(2) 
PARAMETRIC_REPRESENTATION_CONTEXT() REPRESENTATION_CONTEXT('2D SPACE',''
  ) );
#15259 = ADVANCED_FACE('',(#15260),#5405,.F.);
#15260 = FACE_BOUND('',#15261,.F.);
#15261 = EDGE_LOOP('',(#15262,#15263,#15264,#15287));
#15262 = ORIENTED_EDGE('',*,*,#5390,.T.);
#15263 = ORIENTED_EDGE('',*,*,#15239,.T.);
#15264 = ORIENTED_EDGE('',*,*,#15265,.T.);
#15265 = EDGE_CURVE('',#15217,#15266,#15268,.T.);
#15266 = VERTEX_POINT('',#15267);
#15267 = CARTESIAN_POINT('',(63.2284,39.95,99.10896));
#15268 = SURFACE_CURVE('',#15269,(#15273,#15280),.PCURVE_S1.);
#15269 = LINE('',#15270,#15271);
#15270 = CARTESIAN_POINT('',(63.36629,39.95,99.14247));
#15271 = VECTOR('',#15272,1.);
#15272 = DIRECTION('',(-0.971717445477,0.,-0.236146577692));
#15273 = PCURVE('',#5405,#15274);
#15274 = DEFINITIONAL_REPRESENTATION('',(#15275),#15279);
#15275 = LINE('',#15276,#15277);
#15276 = CARTESIAN_POINT('',(0.,-0.2));
#15277 = VECTOR('',#15278,1.);
#15278 = DIRECTION('',(1.,0.));
#15279 = ( GEOMETRIC_REPRESENTATION_CONTEXT(2) 
PARAMETRIC_REPRESENTATION_CONTEXT() REPRESENTATION_CONTEXT('2D SPACE',''
  ) );
#15280 = PCURVE('',#14639,#15281);
#15281 = DEFINITIONAL_REPRESENTATION('',(#15282),#15286);
#15282 = LINE('',#15283,#15284);
#15283 = CARTESIAN_POINT('',(-0.643604281447,2.214540328029));
#15284 = VECTOR('',#15285,1.);
#15285 = DIRECTION('',(-0.971717445477,0.236146577692));
#15286 = ( GEOMETRIC_REPRESENTATION_CONTEXT(2) 
PARAMETRIC_REPRESENTATION_CONTEXT() REPRESENTATION_CONTEXT('2D SPACE',''
  ) );
#15287 = ORIENTED_EDGE('',*,*,#15288,.F.);
#15288 = EDGE_CURVE('',#5365,#15266,#15289,.T.);
#15289 = SURFACE_CURVE('',#15290,(#15294,#15301),.PCURVE_S1.);
#15290 = LINE('',#15291,#15292);
#15291 = CARTESIAN_POINT('',(63.2284,39.75,99.10896));
#15292 = VECTOR('',#15293,1.);
#15293 = DIRECTION('',(0.,1.,0.));
#15294 = PCURVE('',#5405,#15295);
#15295 = DEFINITIONAL_REPRESENTATION('',(#15296),#15300);
#15296 = LINE('',#15297,#15298);
#15297 = CARTESIAN_POINT('',(0.141903390375,0.));
#15298 = VECTOR('',#15299,1.);
#15299 = DIRECTION('',(0.,-1.));
#15300 = ( GEOMETRIC_REPRESENTATION_CONTEXT(2) 
PARAMETRIC_REPRESENTATION_CONTEXT() REPRESENTATION_CONTEXT('2D SPACE',''
  ) );
#15301 = PCURVE('',#5379,#15302);
#15302 = DEFINITIONAL_REPRESENTATION('',(#15303),#15307);
#15303 = LINE('',#15304,#15305);
#15304 = CARTESIAN_POINT('',(0.,0.));
#15305 = VECTOR('',#15306,1.);
#15306 = DIRECTION('',(0.,-1.));
#15307 = ( GEOMETRIC_REPRESENTATION_CONTEXT(2) 
PARAMETRIC_REPRESENTATION_CONTEXT() REPRESENTATION_CONTEXT('2D SPACE',''
  ) );
#15308 = ADVANCED_FACE('',(#15309),#5379,.F.);
#15309 = FACE_BOUND('',#15310,.F.);
#15310 = EDGE_LOOP('',(#15311,#15312,#15313,#15336));
#15311 = ORIENTED_EDGE('',*,*,#5364,.T.);
#15312 = ORIENTED_EDGE('',*,*,#15288,.T.);
#15313 = ORIENTED_EDGE('',*,*,#15314,.T.);
#15314 = EDGE_CURVE('',#15266,#15315,#15317,.T.);
#15315 = VERTEX_POINT('',#15316);
#15316 = CARTESIAN_POINT('',(62.8243,39.95,100.26961));
#15317 = SURFACE_CURVE('',#15318,(#15322,#15329),.PCURVE_S1.);
#15318 = LINE('',#15319,#15320);
#15319 = CARTESIAN_POINT('',(63.2284,39.95,99.10896));
#15320 = VECTOR('',#15321,1.);
#15321 = DIRECTION('',(-0.32880779875,0.,0.94439686122));
#15322 = PCURVE('',#5379,#15323);
#15323 = DEFINITIONAL_REPRESENTATION('',(#15324),#15328);
#15324 = LINE('',#15325,#15326);
#15325 = CARTESIAN_POINT('',(0.,-0.2));
#15326 = VECTOR('',#15327,1.);
#15327 = DIRECTION('',(1.,0.));
#15328 = ( GEOMETRIC_REPRESENTATION_CONTEXT(2) 
PARAMETRIC_REPRESENTATION_CONTEXT() REPRESENTATION_CONTEXT('2D SPACE',''
  ) );
#15329 = PCURVE('',#14639,#15330);
#15330 = DEFINITIONAL_REPRESENTATION('',(#15331),#15335);
#15331 = LINE('',#15332,#15333);
#15332 = CARTESIAN_POINT('',(-0.781494281447,2.248050328029));
#15333 = VECTOR('',#15334,1.);
#15334 = DIRECTION('',(-0.32880779875,-0.94439686122));
#15335 = ( GEOMETRIC_REPRESENTATION_CONTEXT(2) 
PARAMETRIC_REPRESENTATION_CONTEXT() REPRESENTATION_CONTEXT('2D SPACE',''
  ) );
#15336 = ORIENTED_EDGE('',*,*,#15337,.F.);
#15337 = EDGE_CURVE('',#5339,#15315,#15338,.T.);
#15338 = SURFACE_CURVE('',#15339,(#15343,#15350),.PCURVE_S1.);
#15339 = LINE('',#15340,#15341);
#15340 = CARTESIAN_POINT('',(62.8243,39.75,100.26961));
#15341 = VECTOR('',#15342,1.);
#15342 = DIRECTION('',(0.,1.,0.));
#15343 = PCURVE('',#5379,#15344);
#15344 = DEFINITIONAL_REPRESENTATION('',(#15345),#15349);
#15345 = LINE('',#15346,#15347);
#15346 = CARTESIAN_POINT('',(1.228985448449,0.));
#15347 = VECTOR('',#15348,1.);
#15348 = DIRECTION('',(0.,-1.));
#15349 = ( GEOMETRIC_REPRESENTATION_CONTEXT(2) 
PARAMETRIC_REPRESENTATION_CONTEXT() REPRESENTATION_CONTEXT('2D SPACE',''
  ) );
#15350 = PCURVE('',#5353,#15351);
#15351 = DEFINITIONAL_REPRESENTATION('',(#15352),#15356);
#15352 = LINE('',#15353,#15354);
#15353 = CARTESIAN_POINT('',(0.,0.));
#15354 = VECTOR('',#15355,1.);
#15355 = DIRECTION('',(0.,-1.));
#15356 = ( GEOMETRIC_REPRESENTATION_CONTEXT(2) 
PARAMETRIC_REPRESENTATION_CONTEXT() REPRESENTATION_CONTEXT('2D SPACE',''
  ) );
#15357 = ADVANCED_FACE('',(#15358),#5353,.F.);
#15358 = FACE_BOUND('',#15359,.F.);
#15359 = EDGE_LOOP('',(#15360,#15361,#15362,#15385));
#15360 = ORIENTED_EDGE('',*,*,#5338,.T.);
#15361 = ORIENTED_EDGE('',*,*,#15337,.T.);
#15362 = ORIENTED_EDGE('',*,*,#15363,.T.);
#15363 = EDGE_CURVE('',#15315,#15364,#15366,.T.);
#15364 = VERTEX_POINT('',#15365);
#15365 = CARTESIAN_POINT('',(62.7951,39.95,100.37565));
#15366 = SURFACE_CURVE('',#15367,(#15371,#15378),.PCURVE_S1.);
#15367 = LINE('',#15368,#15369);
#15368 = CARTESIAN_POINT('',(62.8243,39.95,100.26961));
#15369 = VECTOR('',#15370,1.);
#15370 = DIRECTION('',(-0.265486124823,0.,0.964114680692));
#15371 = PCURVE('',#5353,#15372);
#15372 = DEFINITIONAL_REPRESENTATION('',(#15373),#15377);
#15373 = LINE('',#15374,#15375);
#15374 = CARTESIAN_POINT('',(0.,-0.2));
#15375 = VECTOR('',#15376,1.);
#15376 = DIRECTION('',(1.,0.));
#15377 = ( GEOMETRIC_REPRESENTATION_CONTEXT(2) 
PARAMETRIC_REPRESENTATION_CONTEXT() REPRESENTATION_CONTEXT('2D SPACE',''
  ) );
#15378 = PCURVE('',#14639,#15379);
#15379 = DEFINITIONAL_REPRESENTATION('',(#15380),#15384);
#15380 = LINE('',#15381,#15382);
#15381 = CARTESIAN_POINT('',(-1.185594281447,1.087400328029));
#15382 = VECTOR('',#15383,1.);
#15383 = DIRECTION('',(-0.265486124823,-0.964114680692));
#15384 = ( GEOMETRIC_REPRESENTATION_CONTEXT(2) 
PARAMETRIC_REPRESENTATION_CONTEXT() REPRESENTATION_CONTEXT('2D SPACE',''
  ) );
#15385 = ORIENTED_EDGE('',*,*,#15386,.F.);
#15386 = EDGE_CURVE('',#5313,#15364,#15387,.T.);
#15387 = SURFACE_CURVE('',#15388,(#15392,#15399),.PCURVE_S1.);
#15388 = LINE('',#15389,#15390);
#15389 = CARTESIAN_POINT('',(62.7951,39.75,100.37565));
#15390 = VECTOR('',#15391,1.);
#15391 = DIRECTION('',(0.,1.,0.));
#15392 = PCURVE('',#5353,#15393);
#15393 = DEFINITIONAL_REPRESENTATION('',(#15394),#15398);
#15394 = LINE('',#15395,#15396);
#15395 = CARTESIAN_POINT('',(0.109986915585,0.));
#15396 = VECTOR('',#15397,1.);
#15397 = DIRECTION('',(0.,-1.));
#15398 = ( GEOMETRIC_REPRESENTATION_CONTEXT(2) 
PARAMETRIC_REPRESENTATION_CONTEXT() REPRESENTATION_CONTEXT('2D SPACE',''
  ) );
#15399 = PCURVE('',#5327,#15400);
#15400 = DEFINITIONAL_REPRESENTATION('',(#15401),#15405);
#15401 = LINE('',#15402,#15403);
#15402 = CARTESIAN_POINT('',(0.,0.));
#15403 = VECTOR('',#15404,1.);
#15404 = DIRECTION('',(0.,-1.));
#15405 = ( GEOMETRIC_REPRESENTATION_CONTEXT(2) 
PARAMETRIC_REPRESENTATION_CONTEXT() REPRESENTATION_CONTEXT('2D SPACE',''
  ) );
#15406 = ADVANCED_FACE('',(#15407),#5327,.F.);
#15407 = FACE_BOUND('',#15408,.F.);
#15408 = EDGE_LOOP('',(#15409,#15410,#15411,#15434));
#15409 = ORIENTED_EDGE('',*,*,#5312,.T.);
#15410 = ORIENTED_EDGE('',*,*,#15386,.T.);
#15411 = ORIENTED_EDGE('',*,*,#15412,.T.);
#15412 = EDGE_CURVE('',#15364,#15413,#15415,.T.);
#15413 = VERTEX_POINT('',#15414);
#15414 = CARTESIAN_POINT('',(62.77474,39.95,100.48437));
#15415 = SURFACE_CURVE('',#15416,(#15420,#15427),.PCURVE_S1.);
#15416 = LINE('',#15417,#15418);
#15417 = CARTESIAN_POINT('',(62.7951,39.95,100.37565));
#15418 = VECTOR('',#15419,1.);
#15419 = DIRECTION('',(-0.184070187248,0.,0.982913102042));
#15420 = PCURVE('',#5327,#15421);
#15421 = DEFINITIONAL_REPRESENTATION('',(#15422),#15426);
#15422 = LINE('',#15423,#15424);
#15423 = CARTESIAN_POINT('',(0.,-0.2));
#15424 = VECTOR('',#15425,1.);
#15425 = DIRECTION('',(1.,0.));
#15426 = ( GEOMETRIC_REPRESENTATION_CONTEXT(2) 
PARAMETRIC_REPRESENTATION_CONTEXT() REPRESENTATION_CONTEXT('2D SPACE',''
  ) );
#15427 = PCURVE('',#14639,#15428);
#15428 = DEFINITIONAL_REPRESENTATION('',(#15429),#15433);
#15429 = LINE('',#15430,#15431);
#15430 = CARTESIAN_POINT('',(-1.214794281447,0.981360328029));
#15431 = VECTOR('',#15432,1.);
#15432 = DIRECTION('',(-0.184070187248,-0.982913102042));
#15433 = ( GEOMETRIC_REPRESENTATION_CONTEXT(2) 
PARAMETRIC_REPRESENTATION_CONTEXT() REPRESENTATION_CONTEXT('2D SPACE',''
  ) );
#15434 = ORIENTED_EDGE('',*,*,#15435,.F.);
#15435 = EDGE_CURVE('',#5287,#15413,#15436,.T.);
#15436 = SURFACE_CURVE('',#15437,(#15441,#15448),.PCURVE_S1.);
#15437 = LINE('',#15438,#15439);
#15438 = CARTESIAN_POINT('',(62.77474,39.75,100.48437));
#15439 = VECTOR('',#15440,1.);
#15440 = DIRECTION('',(0.,1.,0.));
#15441 = PCURVE('',#5327,#15442);
#15442 = DEFINITIONAL_REPRESENTATION('',(#15443),#15447);
#15443 = LINE('',#15444,#15445);
#15444 = CARTESIAN_POINT('',(0.110609981466,0.));
#15445 = VECTOR('',#15446,1.);
#15446 = DIRECTION('',(0.,-1.));
#15447 = ( GEOMETRIC_REPRESENTATION_CONTEXT(2) 
PARAMETRIC_REPRESENTATION_CONTEXT() REPRESENTATION_CONTEXT('2D SPACE',''
  ) );
#15448 = PCURVE('',#5301,#15449);
#15449 = DEFINITIONAL_REPRESENTATION('',(#15450),#15454);
#15450 = LINE('',#15451,#15452);
#15451 = CARTESIAN_POINT('',(0.,0.));
#15452 = VECTOR('',#15453,1.);
#15453 = DIRECTION('',(0.,-1.));
#15454 = ( GEOMETRIC_REPRESENTATION_CONTEXT(2) 
PARAMETRIC_REPRESENTATION_CONTEXT() REPRESENTATION_CONTEXT('2D SPACE',''
  ) );
#15455 = ADVANCED_FACE('',(#15456),#5301,.F.);
#15456 = FACE_BOUND('',#15457,.F.);
#15457 = EDGE_LOOP('',(#15458,#15459,#15460,#15483));
#15458 = ORIENTED_EDGE('',*,*,#5286,.T.);
#15459 = ORIENTED_EDGE('',*,*,#15435,.T.);
#15460 = ORIENTED_EDGE('',*,*,#15461,.T.);
#15461 = EDGE_CURVE('',#15413,#15462,#15464,.T.);
#15462 = VERTEX_POINT('',#15463);
#15463 = CARTESIAN_POINT('',(62.76369,39.95,100.59369));
#15464 = SURFACE_CURVE('',#15465,(#15469,#15476),.PCURVE_S1.);
#15465 = LINE('',#15466,#15467);
#15466 = CARTESIAN_POINT('',(62.77474,39.95,100.48437));
#15467 = VECTOR('',#15468,1.);
#15468 = DIRECTION('',(-0.100566956947,0.,0.994930292619));
#15469 = PCURVE('',#5301,#15470);
#15470 = DEFINITIONAL_REPRESENTATION('',(#15471),#15475);
#15471 = LINE('',#15472,#15473);
#15472 = CARTESIAN_POINT('',(0.,-0.2));
#15473 = VECTOR('',#15474,1.);
#15474 = DIRECTION('',(1.,0.));
#15475 = ( GEOMETRIC_REPRESENTATION_CONTEXT(2) 
PARAMETRIC_REPRESENTATION_CONTEXT() REPRESENTATION_CONTEXT('2D SPACE',''
  ) );
#15476 = PCURVE('',#14639,#15477);
#15477 = DEFINITIONAL_REPRESENTATION('',(#15478),#15482);
#15478 = LINE('',#15479,#15480);
#15479 = CARTESIAN_POINT('',(-1.235154281447,0.872640328029));
#15480 = VECTOR('',#15481,1.);
#15481 = DIRECTION('',(-0.100566956947,-0.994930292619));
#15482 = ( GEOMETRIC_REPRESENTATION_CONTEXT(2) 
PARAMETRIC_REPRESENTATION_CONTEXT() REPRESENTATION_CONTEXT('2D SPACE',''
  ) );
#15483 = ORIENTED_EDGE('',*,*,#15484,.F.);
#15484 = EDGE_CURVE('',#5261,#15462,#15485,.T.);
#15485 = SURFACE_CURVE('',#15486,(#15490,#15497),.PCURVE_S1.);
#15486 = LINE('',#15487,#15488);
#15487 = CARTESIAN_POINT('',(62.76369,39.75,100.59369));
#15488 = VECTOR('',#15489,1.);
#15489 = DIRECTION('',(0.,1.,0.));
#15490 = PCURVE('',#5301,#15491);
#15491 = DEFINITIONAL_REPRESENTATION('',(#15492),#15496);
#15492 = LINE('',#15493,#15494);
#15493 = CARTESIAN_POINT('',(0.109877044463,0.));
#15494 = VECTOR('',#15495,1.);
#15495 = DIRECTION('',(0.,-1.));
#15496 = ( GEOMETRIC_REPRESENTATION_CONTEXT(2) 
PARAMETRIC_REPRESENTATION_CONTEXT() REPRESENTATION_CONTEXT('2D SPACE',''
  ) );
#15497 = PCURVE('',#5275,#15498);
#15498 = DEFINITIONAL_REPRESENTATION('',(#15499),#15503);
#15499 = LINE('',#15500,#15501);
#15500 = CARTESIAN_POINT('',(0.,0.));
#15501 = VECTOR('',#15502,1.);
#15502 = DIRECTION('',(0.,-1.));
#15503 = ( GEOMETRIC_REPRESENTATION_CONTEXT(2) 
PARAMETRIC_REPRESENTATION_CONTEXT() REPRESENTATION_CONTEXT('2D SPACE',''
  ) );
#15504 = ADVANCED_FACE('',(#15505),#5275,.F.);
#15505 = FACE_BOUND('',#15506,.F.);
#15506 = EDGE_LOOP('',(#15507,#15508,#15509,#15532));
#15507 = ORIENTED_EDGE('',*,*,#5260,.T.);
#15508 = ORIENTED_EDGE('',*,*,#15484,.T.);
#15509 = ORIENTED_EDGE('',*,*,#15510,.T.);
#15510 = EDGE_CURVE('',#15462,#15511,#15513,.T.);
#15511 = VERTEX_POINT('',#15512);
#15512 = CARTESIAN_POINT('',(62.76185,39.95,100.70305));
#15513 = SURFACE_CURVE('',#15514,(#15518,#15525),.PCURVE_S1.);
#15514 = LINE('',#15515,#15516);
#15515 = CARTESIAN_POINT('',(62.76369,39.95,100.59369));
#15516 = VECTOR('',#15517,1.);
#15517 = DIRECTION('',(-1.682278361386E-02,0.,0.999858486963));
#15518 = PCURVE('',#5275,#15519);
#15519 = DEFINITIONAL_REPRESENTATION('',(#15520),#15524);
#15520 = LINE('',#15521,#15522);
#15521 = CARTESIAN_POINT('',(0.,-0.2));
#15522 = VECTOR('',#15523,1.);
#15523 = DIRECTION('',(1.,0.));
#15524 = ( GEOMETRIC_REPRESENTATION_CONTEXT(2) 
PARAMETRIC_REPRESENTATION_CONTEXT() REPRESENTATION_CONTEXT('2D SPACE',''
  ) );
#15525 = PCURVE('',#14639,#15526);
#15526 = DEFINITIONAL_REPRESENTATION('',(#15527),#15531);
#15527 = LINE('',#15528,#15529);
#15528 = CARTESIAN_POINT('',(-1.246204281447,0.763320328029));
#15529 = VECTOR('',#15530,1.);
#15530 = DIRECTION('',(-1.682278361386E-02,-0.999858486963));
#15531 = ( GEOMETRIC_REPRESENTATION_CONTEXT(2) 
PARAMETRIC_REPRESENTATION_CONTEXT() REPRESENTATION_CONTEXT('2D SPACE',''
  ) );
#15532 = ORIENTED_EDGE('',*,*,#15533,.F.);
#15533 = EDGE_CURVE('',#5235,#15511,#15534,.T.);
#15534 = SURFACE_CURVE('',#15535,(#15539,#15546),.PCURVE_S1.);
#15535 = LINE('',#15536,#15537);
#15536 = CARTESIAN_POINT('',(62.76185,39.75,100.70305));
#15537 = VECTOR('',#15538,1.);
#15538 = DIRECTION('',(0.,1.,0.));
#15539 = PCURVE('',#5275,#15540);
#15540 = DEFINITIONAL_REPRESENTATION('',(#15541),#15545);
#15541 = LINE('',#15542,#15543);
#15542 = CARTESIAN_POINT('',(0.109375478056,0.));
#15543 = VECTOR('',#15544,1.);
#15544 = DIRECTION('',(0.,-1.));
#15545 = ( GEOMETRIC_REPRESENTATION_CONTEXT(2) 
PARAMETRIC_REPRESENTATION_CONTEXT() REPRESENTATION_CONTEXT('2D SPACE',''
  ) );
#15546 = PCURVE('',#5249,#15547);
#15547 = DEFINITIONAL_REPRESENTATION('',(#15548),#15552);
#15548 = LINE('',#15549,#15550);
#15549 = CARTESIAN_POINT('',(0.,0.));
#15550 = VECTOR('',#15551,1.);
#15551 = DIRECTION('',(0.,-1.));
#15552 = ( GEOMETRIC_REPRESENTATION_CONTEXT(2) 
PARAMETRIC_REPRESENTATION_CONTEXT() REPRESENTATION_CONTEXT('2D SPACE',''
  ) );
#15553 = ADVANCED_FACE('',(#15554),#5249,.F.);
#15554 = FACE_BOUND('',#15555,.F.);
#15555 = EDGE_LOOP('',(#15556,#15557,#15558,#15581));
#15556 = ORIENTED_EDGE('',*,*,#5234,.T.);
#15557 = ORIENTED_EDGE('',*,*,#15533,.T.);
#15558 = ORIENTED_EDGE('',*,*,#15559,.T.);
#15559 = EDGE_CURVE('',#15511,#15560,#15562,.T.);
#15560 = VERTEX_POINT('',#15561);
#15561 = CARTESIAN_POINT('',(62.7691,39.95,100.81186));
#15562 = SURFACE_CURVE('',#15563,(#15567,#15574),.PCURVE_S1.);
#15563 = LINE('',#15564,#15565);
#15564 = CARTESIAN_POINT('',(62.76185,39.95,100.70305));
#15565 = VECTOR('',#15566,1.);
#15566 = DIRECTION('',(6.648249278407E-02,0.,0.997787591701));
#15567 = PCURVE('',#5249,#15568);
#15568 = DEFINITIONAL_REPRESENTATION('',(#15569),#15573);
#15569 = LINE('',#15570,#15571);
#15570 = CARTESIAN_POINT('',(0.,-0.2));
#15571 = VECTOR('',#15572,1.);
#15572 = DIRECTION('',(1.,0.));
#15573 = ( GEOMETRIC_REPRESENTATION_CONTEXT(2) 
PARAMETRIC_REPRESENTATION_CONTEXT() REPRESENTATION_CONTEXT('2D SPACE',''
  ) );
#15574 = PCURVE('',#14639,#15575);
#15575 = DEFINITIONAL_REPRESENTATION('',(#15576),#15580);
#15576 = LINE('',#15577,#15578);
#15577 = CARTESIAN_POINT('',(-1.248044281447,0.653960328029));
#15578 = VECTOR('',#15579,1.);
#15579 = DIRECTION('',(6.648249278407E-02,-0.997787591701));
#15580 = ( GEOMETRIC_REPRESENTATION_CONTEXT(2) 
PARAMETRIC_REPRESENTATION_CONTEXT() REPRESENTATION_CONTEXT('2D SPACE',''
  ) );
#15581 = ORIENTED_EDGE('',*,*,#15582,.F.);
#15582 = EDGE_CURVE('',#5209,#15560,#15583,.T.);
#15583 = SURFACE_CURVE('',#15584,(#15588,#15595),.PCURVE_S1.);
#15584 = LINE('',#15585,#15586);
#15585 = CARTESIAN_POINT('',(62.7691,39.75,100.81186));
#15586 = VECTOR('',#15587,1.);
#15587 = DIRECTION('',(0.,1.,0.));
#15588 = PCURVE('',#5249,#15589);
#15589 = DEFINITIONAL_REPRESENTATION('',(#15590),#15594);
#15590 = LINE('',#15591,#15592);
#15591 = CARTESIAN_POINT('',(0.109051265926,0.));
#15592 = VECTOR('',#15593,1.);
#15593 = DIRECTION('',(0.,-1.));
#15594 = ( GEOMETRIC_REPRESENTATION_CONTEXT(2) 
PARAMETRIC_REPRESENTATION_CONTEXT() REPRESENTATION_CONTEXT('2D SPACE',''
  ) );
#15595 = PCURVE('',#5223,#15596);
#15596 = DEFINITIONAL_REPRESENTATION('',(#15597),#15601);
#15597 = LINE('',#15598,#15599);
#15598 = CARTESIAN_POINT('',(0.,0.));
#15599 = VECTOR('',#15600,1.);
#15600 = DIRECTION('',(0.,-1.));
#15601 = ( GEOMETRIC_REPRESENTATION_CONTEXT(2) 
PARAMETRIC_REPRESENTATION_CONTEXT() REPRESENTATION_CONTEXT('2D SPACE',''
  ) );
#15602 = ADVANCED_FACE('',(#15603),#5223,.F.);
#15603 = FACE_BOUND('',#15604,.F.);
#15604 = EDGE_LOOP('',(#15605,#15606,#15607,#15630));
#15605 = ORIENTED_EDGE('',*,*,#5208,.T.);
#15606 = ORIENTED_EDGE('',*,*,#15582,.T.);
#15607 = ORIENTED_EDGE('',*,*,#15608,.T.);
#15608 = EDGE_CURVE('',#15560,#15609,#15611,.T.);
#15609 = VERTEX_POINT('',#15610);
#15610 = CARTESIAN_POINT('',(62.78537,39.95,100.91956));
#15611 = SURFACE_CURVE('',#15612,(#15616,#15623),.PCURVE_S1.);
#15612 = LINE('',#15613,#15614);
#15613 = CARTESIAN_POINT('',(62.7691,39.95,100.81186));
#15614 = VECTOR('',#15615,1.);
#15615 = DIRECTION('',(0.149372940641,0.,0.98878092852));
#15616 = PCURVE('',#5223,#15617);
#15617 = DEFINITIONAL_REPRESENTATION('',(#15618),#15622);
#15618 = LINE('',#15619,#15620);
#15619 = CARTESIAN_POINT('',(0.,-0.2));
#15620 = VECTOR('',#15621,1.);
#15621 = DIRECTION('',(1.,0.));
#15622 = ( GEOMETRIC_REPRESENTATION_CONTEXT(2) 
PARAMETRIC_REPRESENTATION_CONTEXT() REPRESENTATION_CONTEXT('2D SPACE',''
  ) );
#15623 = PCURVE('',#14639,#15624);
#15624 = DEFINITIONAL_REPRESENTATION('',(#15625),#15629);
#15625 = LINE('',#15626,#15627);
#15626 = CARTESIAN_POINT('',(-1.240794281447,0.545150328029));
#15627 = VECTOR('',#15628,1.);
#15628 = DIRECTION('',(0.149372940641,-0.98878092852));
#15629 = ( GEOMETRIC_REPRESENTATION_CONTEXT(2) 
PARAMETRIC_REPRESENTATION_CONTEXT() REPRESENTATION_CONTEXT('2D SPACE',''
  ) );
#15630 = ORIENTED_EDGE('',*,*,#15631,.F.);
#15631 = EDGE_CURVE('',#5183,#15609,#15632,.T.);
#15632 = SURFACE_CURVE('',#15633,(#15637,#15644),.PCURVE_S1.);
#15633 = LINE('',#15634,#15635);
#15634 = CARTESIAN_POINT('',(62.78537,39.75,100.91956));
#15635 = VECTOR('',#15636,1.);
#15636 = DIRECTION('',(0.,1.,0.));
#15637 = PCURVE('',#5223,#15638);
#15638 = DEFINITIONAL_REPRESENTATION('',(#15639),#15643);
#15639 = LINE('',#15640,#15641);
#15640 = CARTESIAN_POINT('',(0.108922003746,0.));
#15641 = VECTOR('',#15642,1.);
#15642 = DIRECTION('',(0.,-1.));
#15643 = ( GEOMETRIC_REPRESENTATION_CONTEXT(2) 
PARAMETRIC_REPRESENTATION_CONTEXT() REPRESENTATION_CONTEXT('2D SPACE',''
  ) );
#15644 = PCURVE('',#5197,#15645);
#15645 = DEFINITIONAL_REPRESENTATION('',(#15646),#15650);
#15646 = LINE('',#15647,#15648);
#15647 = CARTESIAN_POINT('',(0.,0.));
#15648 = VECTOR('',#15649,1.);
#15649 = DIRECTION('',(0.,-1.));
#15650 = ( GEOMETRIC_REPRESENTATION_CONTEXT(2) 
PARAMETRIC_REPRESENTATION_CONTEXT() REPRESENTATION_CONTEXT('2D SPACE',''
  ) );
#15651 = ADVANCED_FACE('',(#15652),#5197,.F.);
#15652 = FACE_BOUND('',#15653,.F.);
#15653 = EDGE_LOOP('',(#15654,#15655,#15656,#15679));
#15654 = ORIENTED_EDGE('',*,*,#5182,.T.);
#15655 = ORIENTED_EDGE('',*,*,#15631,.T.);
#15656 = ORIENTED_EDGE('',*,*,#15657,.T.);
#15657 = EDGE_CURVE('',#15609,#15658,#15660,.T.);
#15658 = VERTEX_POINT('',#15659);
#15659 = CARTESIAN_POINT('',(62.81054,39.95,101.02556));
#15660 = SURFACE_CURVE('',#15661,(#15665,#15672),.PCURVE_S1.);
#15661 = LINE('',#15662,#15663);
#15662 = CARTESIAN_POINT('',(62.78537,39.95,100.91956));
#15663 = VECTOR('',#15664,1.);
#15664 = DIRECTION('',(0.231028987316,0.,0.972946867521));
#15665 = PCURVE('',#5197,#15666);
#15666 = DEFINITIONAL_REPRESENTATION('',(#15667),#15671);
#15667 = LINE('',#15668,#15669);
#15668 = CARTESIAN_POINT('',(0.,-0.2));
#15669 = VECTOR('',#15670,1.);
#15670 = DIRECTION('',(1.,0.));
#15671 = ( GEOMETRIC_REPRESENTATION_CONTEXT(2) 
PARAMETRIC_REPRESENTATION_CONTEXT() REPRESENTATION_CONTEXT('2D SPACE',''
  ) );
#15672 = PCURVE('',#14639,#15673);
#15673 = DEFINITIONAL_REPRESENTATION('',(#15674),#15678);
#15674 = LINE('',#15675,#15676);
#15675 = CARTESIAN_POINT('',(-1.224524281447,0.437450328029));
#15676 = VECTOR('',#15677,1.);
#15677 = DIRECTION('',(0.231028987316,-0.972946867521));
#15678 = ( GEOMETRIC_REPRESENTATION_CONTEXT(2) 
PARAMETRIC_REPRESENTATION_CONTEXT() REPRESENTATION_CONTEXT('2D SPACE',''
  ) );
#15679 = ORIENTED_EDGE('',*,*,#15680,.F.);
#15680 = EDGE_CURVE('',#5157,#15658,#15681,.T.);
#15681 = SURFACE_CURVE('',#15682,(#15686,#15693),.PCURVE_S1.);
#15682 = LINE('',#15683,#15684);
#15683 = CARTESIAN_POINT('',(62.81054,39.75,101.02556));
#15684 = VECTOR('',#15685,1.);
#15685 = DIRECTION('',(0.,1.,0.));
#15686 = PCURVE('',#5197,#15687);
#15687 = DEFINITIONAL_REPRESENTATION('',(#15688),#15692);
#15688 = LINE('',#15689,#15690);
#15689 = CARTESIAN_POINT('',(0.108947367568,0.));
#15690 = VECTOR('',#15691,1.);
#15691 = DIRECTION('',(0.,-1.));
#15692 = ( GEOMETRIC_REPRESENTATION_CONTEXT(2) 
PARAMETRIC_REPRESENTATION_CONTEXT() REPRESENTATION_CONTEXT('2D SPACE',''
  ) );
#15693 = PCURVE('',#5171,#15694);
#15694 = DEFINITIONAL_REPRESENTATION('',(#15695),#15699);
#15695 = LINE('',#15696,#15697);
#15696 = CARTESIAN_POINT('',(0.,0.));
#15697 = VECTOR('',#15698,1.);
#15698 = DIRECTION('',(0.,-1.));
#15699 = ( GEOMETRIC_REPRESENTATION_CONTEXT(2) 
PARAMETRIC_REPRESENTATION_CONTEXT() REPRESENTATION_CONTEXT('2D SPACE',''
  ) );
#15700 = ADVANCED_FACE('',(#15701),#5171,.F.);
#15701 = FACE_BOUND('',#15702,.F.);
#15702 = EDGE_LOOP('',(#15703,#15704,#15705,#15728));
#15703 = ORIENTED_EDGE('',*,*,#5156,.T.);
#15704 = ORIENTED_EDGE('',*,*,#15680,.T.);
#15705 = ORIENTED_EDGE('',*,*,#15706,.T.);
#15706 = EDGE_CURVE('',#15658,#15707,#15709,.T.);
#15707 = VERTEX_POINT('',#15708);
#15708 = CARTESIAN_POINT('',(62.84451,39.95,101.1293));
#15709 = SURFACE_CURVE('',#15710,(#15714,#15721),.PCURVE_S1.);
#15710 = LINE('',#15711,#15712);
#15711 = CARTESIAN_POINT('',(62.81054,39.95,101.02556));
#15712 = VECTOR('',#15713,1.);
#15713 = DIRECTION('',(0.311194016584,0.,0.950346402131));
#15714 = PCURVE('',#5171,#15715);
#15715 = DEFINITIONAL_REPRESENTATION('',(#15716),#15720);
#15716 = LINE('',#15717,#15718);
#15717 = CARTESIAN_POINT('',(0.,-0.2));
#15718 = VECTOR('',#15719,1.);
#15719 = DIRECTION('',(1.,0.));
#15720 = ( GEOMETRIC_REPRESENTATION_CONTEXT(2) 
PARAMETRIC_REPRESENTATION_CONTEXT() REPRESENTATION_CONTEXT('2D SPACE',''
  ) );
#15721 = PCURVE('',#14639,#15722);
#15722 = DEFINITIONAL_REPRESENTATION('',(#15723),#15727);
#15723 = LINE('',#15724,#15725);
#15724 = CARTESIAN_POINT('',(-1.199354281447,0.331450328029));
#15725 = VECTOR('',#15726,1.);
#15726 = DIRECTION('',(0.311194016584,-0.950346402131));
#15727 = ( GEOMETRIC_REPRESENTATION_CONTEXT(2) 
PARAMETRIC_REPRESENTATION_CONTEXT() REPRESENTATION_CONTEXT('2D SPACE',''
  ) );
#15728 = ORIENTED_EDGE('',*,*,#15729,.F.);
#15729 = EDGE_CURVE('',#5131,#15707,#15730,.T.);
#15730 = SURFACE_CURVE('',#15731,(#15735,#15742),.PCURVE_S1.);
#15731 = LINE('',#15732,#15733);
#15732 = CARTESIAN_POINT('',(62.84451,39.75,101.1293));
#15733 = VECTOR('',#15734,1.);
#15734 = DIRECTION('',(0.,1.,0.));
#15735 = PCURVE('',#5171,#15736);
#15736 = DEFINITIONAL_REPRESENTATION('',(#15737),#15741);
#15737 = LINE('',#15738,#15739);
#15738 = CARTESIAN_POINT('',(0.1091601965,0.));
#15739 = VECTOR('',#15740,1.);
#15740 = DIRECTION('',(0.,-1.));
#15741 = ( GEOMETRIC_REPRESENTATION_CONTEXT(2) 
PARAMETRIC_REPRESENTATION_CONTEXT() REPRESENTATION_CONTEXT('2D SPACE',''
  ) );
#15742 = PCURVE('',#5145,#15743);
#15743 = DEFINITIONAL_REPRESENTATION('',(#15744),#15748);
#15744 = LINE('',#15745,#15746);
#15745 = CARTESIAN_POINT('',(0.,0.));
#15746 = VECTOR('',#15747,1.);
#15747 = DIRECTION('',(0.,-1.));
#15748 = ( GEOMETRIC_REPRESENTATION_CONTEXT(2) 
PARAMETRIC_REPRESENTATION_CONTEXT() REPRESENTATION_CONTEXT('2D SPACE',''
  ) );
#15749 = ADVANCED_FACE('',(#15750),#5145,.F.);
#15750 = FACE_BOUND('',#15751,.F.);
#15751 = EDGE_LOOP('',(#15752,#15753,#15754,#15777));
#15752 = ORIENTED_EDGE('',*,*,#5130,.T.);
#15753 = ORIENTED_EDGE('',*,*,#15729,.T.);
#15754 = ORIENTED_EDGE('',*,*,#15755,.T.);
#15755 = EDGE_CURVE('',#15707,#15756,#15758,.T.);
#15756 = VERTEX_POINT('',#15757);
#15757 = CARTESIAN_POINT('',(62.8872,39.95,101.2302));
#15758 = SURFACE_CURVE('',#15759,(#15763,#15770),.PCURVE_S1.);
#15759 = LINE('',#15760,#15761);
#15760 = CARTESIAN_POINT('',(62.84451,39.95,101.1293));
#15761 = VECTOR('',#15762,1.);
#15762 = DIRECTION('',(0.389651901185,0.,0.920962211984));
#15763 = PCURVE('',#5145,#15764);
#15764 = DEFINITIONAL_REPRESENTATION('',(#15765),#15769);
#15765 = LINE('',#15766,#15767);
#15766 = CARTESIAN_POINT('',(0.,-0.2));
#15767 = VECTOR('',#15768,1.);
#15768 = DIRECTION('',(1.,0.));
#15769 = ( GEOMETRIC_REPRESENTATION_CONTEXT(2) 
PARAMETRIC_REPRESENTATION_CONTEXT() REPRESENTATION_CONTEXT('2D SPACE',''
  ) );
#15770 = PCURVE('',#14639,#15771);
#15771 = DEFINITIONAL_REPRESENTATION('',(#15772),#15776);
#15772 = LINE('',#15773,#15774);
#15773 = CARTESIAN_POINT('',(-1.165384281447,0.227710328029));
#15774 = VECTOR('',#15775,1.);
#15775 = DIRECTION('',(0.389651901185,-0.920962211984));
#15776 = ( GEOMETRIC_REPRESENTATION_CONTEXT(2) 
PARAMETRIC_REPRESENTATION_CONTEXT() REPRESENTATION_CONTEXT('2D SPACE',''
  ) );
#15777 = ORIENTED_EDGE('',*,*,#15778,.F.);
#15778 = EDGE_CURVE('',#5105,#15756,#15779,.T.);
#15779 = SURFACE_CURVE('',#15780,(#15784,#15791),.PCURVE_S1.);
#15780 = LINE('',#15781,#15782);
#15781 = CARTESIAN_POINT('',(62.8872,39.75,101.2302));
#15782 = VECTOR('',#15783,1.);
#15783 = DIRECTION('',(0.,1.,0.));
#15784 = PCURVE('',#5145,#15785);
#15785 = DEFINITIONAL_REPRESENTATION('',(#15786),#15790);
#15786 = LINE('',#15787,#15788);
#15787 = CARTESIAN_POINT('',(0.109559326851,0.));
#15788 = VECTOR('',#15789,1.);
#15789 = DIRECTION('',(0.,-1.));
#15790 = ( GEOMETRIC_REPRESENTATION_CONTEXT(2) 
PARAMETRIC_REPRESENTATION_CONTEXT() REPRESENTATION_CONTEXT('2D SPACE',''
  ) );
#15791 = PCURVE('',#5119,#15792);
#15792 = DEFINITIONAL_REPRESENTATION('',(#15793),#15797);
#15793 = LINE('',#15794,#15795);
#15794 = CARTESIAN_POINT('',(0.,0.));
#15795 = VECTOR('',#15796,1.);
#15796 = DIRECTION('',(0.,-1.));
#15797 = ( GEOMETRIC_REPRESENTATION_CONTEXT(2) 
PARAMETRIC_REPRESENTATION_CONTEXT() REPRESENTATION_CONTEXT('2D SPACE',''
  ) );
#15798 = ADVANCED_FACE('',(#15799),#5119,.F.);
#15799 = FACE_BOUND('',#15800,.F.);
#15800 = EDGE_LOOP('',(#15801,#15802,#15803,#15826));
#15801 = ORIENTED_EDGE('',*,*,#5104,.T.);
#15802 = ORIENTED_EDGE('',*,*,#15778,.T.);
#15803 = ORIENTED_EDGE('',*,*,#15804,.T.);
#15804 = EDGE_CURVE('',#15756,#15805,#15807,.T.);
#15805 = VERTEX_POINT('',#15806);
#15806 = CARTESIAN_POINT('',(62.93849,39.95,101.3277));
#15807 = SURFACE_CURVE('',#15808,(#15812,#15819),.PCURVE_S1.);
#15808 = LINE('',#15809,#15810);
#15809 = CARTESIAN_POINT('',(62.8872,39.95,101.2302));
#15810 = VECTOR('',#15811,1.);
#15811 = DIRECTION('',(0.465563109269,0.,0.885014684222));
#15812 = PCURVE('',#5119,#15813);
#15813 = DEFINITIONAL_REPRESENTATION('',(#15814),#15818);
#15814 = LINE('',#15815,#15816);
#15815 = CARTESIAN_POINT('',(0.,-0.2));
#15816 = VECTOR('',#15817,1.);
#15817 = DIRECTION('',(1.,0.));
#15818 = ( GEOMETRIC_REPRESENTATION_CONTEXT(2) 
PARAMETRIC_REPRESENTATION_CONTEXT() REPRESENTATION_CONTEXT('2D SPACE',''
  ) );
#15819 = PCURVE('',#14639,#15820);
#15820 = DEFINITIONAL_REPRESENTATION('',(#15821),#15825);
#15821 = LINE('',#15822,#15823);
#15822 = CARTESIAN_POINT('',(-1.122694281447,0.126810328029));
#15823 = VECTOR('',#15824,1.);
#15824 = DIRECTION('',(0.465563109269,-0.885014684222));
#15825 = ( GEOMETRIC_REPRESENTATION_CONTEXT(2) 
PARAMETRIC_REPRESENTATION_CONTEXT() REPRESENTATION_CONTEXT('2D SPACE',''
  ) );
#15826 = ORIENTED_EDGE('',*,*,#15827,.F.);
#15827 = EDGE_CURVE('',#5079,#15805,#15828,.T.);
#15828 = SURFACE_CURVE('',#15829,(#15833,#15840),.PCURVE_S1.);
#15829 = LINE('',#15830,#15831);
#15830 = CARTESIAN_POINT('',(62.93849,39.75,101.3277));
#15831 = VECTOR('',#15832,1.);
#15832 = DIRECTION('',(0.,1.,0.));
#15833 = PCURVE('',#5119,#15834);
#15834 = DEFINITIONAL_REPRESENTATION('',(#15835),#15839);
#15835 = LINE('',#15836,#15837);
#15836 = CARTESIAN_POINT('',(0.110167663586,0.));
#15837 = VECTOR('',#15838,1.);
#15838 = DIRECTION('',(0.,-1.));
#15839 = ( GEOMETRIC_REPRESENTATION_CONTEXT(2) 
PARAMETRIC_REPRESENTATION_CONTEXT() REPRESENTATION_CONTEXT('2D SPACE',''
  ) );
#15840 = PCURVE('',#5093,#15841);
#15841 = DEFINITIONAL_REPRESENTATION('',(#15842),#15846);
#15842 = LINE('',#15843,#15844);
#15843 = CARTESIAN_POINT('',(0.,0.));
#15844 = VECTOR('',#15845,1.);
#15845 = DIRECTION('',(0.,-1.));
#15846 = ( GEOMETRIC_REPRESENTATION_CONTEXT(2) 
PARAMETRIC_REPRESENTATION_CONTEXT() REPRESENTATION_CONTEXT('2D SPACE',''
  ) );
#15847 = ADVANCED_FACE('',(#15848),#5093,.F.);
#15848 = FACE_BOUND('',#15849,.F.);
#15849 = EDGE_LOOP('',(#15850,#15851,#15852,#15875));
#15850 = ORIENTED_EDGE('',*,*,#5078,.T.);
#15851 = ORIENTED_EDGE('',*,*,#15827,.T.);
#15852 = ORIENTED_EDGE('',*,*,#15853,.T.);
#15853 = EDGE_CURVE('',#15805,#15854,#15856,.T.);
#15854 = VERTEX_POINT('',#15855);
#15855 = CARTESIAN_POINT('',(62.9983,39.95,101.42122));
#15856 = SURFACE_CURVE('',#15857,(#15861,#15868),.PCURVE_S1.);
#15857 = LINE('',#15858,#15859);
#15858 = CARTESIAN_POINT('',(62.93849,39.95,101.3277));
#15859 = VECTOR('',#15860,1.);
#15860 = DIRECTION('',(0.538780150158,0.,0.84244640767));
#15861 = PCURVE('',#5093,#15862);
#15862 = DEFINITIONAL_REPRESENTATION('',(#15863),#15867);
#15863 = LINE('',#15864,#15865);
#15864 = CARTESIAN_POINT('',(0.,-0.2));
#15865 = VECTOR('',#15866,1.);
#15866 = DIRECTION('',(1.,0.));
#15867 = ( GEOMETRIC_REPRESENTATION_CONTEXT(2) 
PARAMETRIC_REPRESENTATION_CONTEXT() REPRESENTATION_CONTEXT('2D SPACE',''
  ) );
#15868 = PCURVE('',#14639,#15869);
#15869 = DEFINITIONAL_REPRESENTATION('',(#15870),#15874);
#15870 = LINE('',#15871,#15872);
#15871 = CARTESIAN_POINT('',(-1.071404281447,2.931032802939E-02));
#15872 = VECTOR('',#15873,1.);
#15873 = DIRECTION('',(0.538780150158,-0.84244640767));
#15874 = ( GEOMETRIC_REPRESENTATION_CONTEXT(2) 
PARAMETRIC_REPRESENTATION_CONTEXT() REPRESENTATION_CONTEXT('2D SPACE',''
  ) );
#15875 = ORIENTED_EDGE('',*,*,#15876,.F.);
#15876 = EDGE_CURVE('',#5053,#15854,#15877,.T.);
#15877 = SURFACE_CURVE('',#15878,(#15882,#15889),.PCURVE_S1.);
#15878 = LINE('',#15879,#15880);
#15879 = CARTESIAN_POINT('',(62.9983,39.75,101.42122));
#15880 = VECTOR('',#15881,1.);
#15881 = DIRECTION('',(0.,1.,0.));
#15882 = PCURVE('',#5093,#15883);
#15883 = DEFINITIONAL_REPRESENTATION('',(#15884),#15888);
#15884 = LINE('',#15885,#15886);
#15885 = CARTESIAN_POINT('',(0.111010028826,0.));
#15886 = VECTOR('',#15887,1.);
#15887 = DIRECTION('',(0.,-1.));
#15888 = ( GEOMETRIC_REPRESENTATION_CONTEXT(2) 
PARAMETRIC_REPRESENTATION_CONTEXT() REPRESENTATION_CONTEXT('2D SPACE',''
  ) );
#15889 = PCURVE('',#5067,#15890);
#15890 = DEFINITIONAL_REPRESENTATION('',(#15891),#15895);
#15891 = LINE('',#15892,#15893);
#15892 = CARTESIAN_POINT('',(0.,0.));
#15893 = VECTOR('',#15894,1.);
#15894 = DIRECTION('',(0.,-1.));
#15895 = ( GEOMETRIC_REPRESENTATION_CONTEXT(2) 
PARAMETRIC_REPRESENTATION_CONTEXT() REPRESENTATION_CONTEXT('2D SPACE',''
  ) );
#15896 = ADVANCED_FACE('',(#15897),#5067,.F.);
#15897 = FACE_BOUND('',#15898,.F.);
#15898 = EDGE_LOOP('',(#15899,#15900,#15901,#15924));
#15899 = ORIENTED_EDGE('',*,*,#5052,.T.);
#15900 = ORIENTED_EDGE('',*,*,#15876,.T.);
#15901 = ORIENTED_EDGE('',*,*,#15902,.T.);
#15902 = EDGE_CURVE('',#15854,#15903,#15905,.T.);
#15903 = VERTEX_POINT('',#15904);
#15904 = CARTESIAN_POINT('',(64.65352,39.95,103.57155));
#15905 = SURFACE_CURVE('',#15906,(#15910,#15917),.PCURVE_S1.);
#15906 = LINE('',#15907,#15908);
#15907 = CARTESIAN_POINT('',(62.9983,39.95,101.42122));
#15908 = VECTOR('',#15909,1.);
#15909 = DIRECTION('',(0.609970029837,0.,0.792424483911));
#15910 = PCURVE('',#5067,#15911);
#15911 = DEFINITIONAL_REPRESENTATION('',(#15912),#15916);
#15912 = LINE('',#15913,#15914);
#15913 = CARTESIAN_POINT('',(0.,-0.2));
#15914 = VECTOR('',#15915,1.);
#15915 = DIRECTION('',(1.,0.));
#15916 = ( GEOMETRIC_REPRESENTATION_CONTEXT(2) 
PARAMETRIC_REPRESENTATION_CONTEXT() REPRESENTATION_CONTEXT('2D SPACE',''
  ) );
#15917 = PCURVE('',#14639,#15918);
#15918 = DEFINITIONAL_REPRESENTATION('',(#15919),#15923);
#15919 = LINE('',#15920,#15921);
#15920 = CARTESIAN_POINT('',(-1.011594281447,-6.420967197061E-02));
#15921 = VECTOR('',#15922,1.);
#15922 = DIRECTION('',(0.609970029837,-0.792424483911));
#15923 = ( GEOMETRIC_REPRESENTATION_CONTEXT(2) 
PARAMETRIC_REPRESENTATION_CONTEXT() REPRESENTATION_CONTEXT('2D SPACE',''
  ) );
#15924 = ORIENTED_EDGE('',*,*,#15925,.F.);
#15925 = EDGE_CURVE('',#5027,#15903,#15926,.T.);
#15926 = SURFACE_CURVE('',#15927,(#15931,#15938),.PCURVE_S1.);
#15927 = LINE('',#15928,#15929);
#15928 = CARTESIAN_POINT('',(64.65352,39.75,103.57155));
#15929 = VECTOR('',#15930,1.);
#15930 = DIRECTION('',(0.,1.,0.));
#15931 = PCURVE('',#5067,#15932);
#15932 = DEFINITIONAL_REPRESENTATION('',(#15933),#15937);
#15933 = LINE('',#15934,#15935);
#15934 = CARTESIAN_POINT('',(2.713608733274,0.));
#15935 = VECTOR('',#15936,1.);
#15936 = DIRECTION('',(0.,-1.));
#15937 = ( GEOMETRIC_REPRESENTATION_CONTEXT(2) 
PARAMETRIC_REPRESENTATION_CONTEXT() REPRESENTATION_CONTEXT('2D SPACE',''
  ) );
#15938 = PCURVE('',#5041,#15939);
#15939 = DEFINITIONAL_REPRESENTATION('',(#15940),#15944);
#15940 = LINE('',#15941,#15942);
#15941 = CARTESIAN_POINT('',(0.,0.));
#15942 = VECTOR('',#15943,1.);
#15943 = DIRECTION('',(0.,-1.));
#15944 = ( GEOMETRIC_REPRESENTATION_CONTEXT(2) 
PARAMETRIC_REPRESENTATION_CONTEXT() REPRESENTATION_CONTEXT('2D SPACE',''
  ) );
#15945 = ADVANCED_FACE('',(#15946),#5041,.F.);
#15946 = FACE_BOUND('',#15947,.F.);
#15947 = EDGE_LOOP('',(#15948,#15949,#15950,#15971));
#15948 = ORIENTED_EDGE('',*,*,#5026,.T.);
#15949 = ORIENTED_EDGE('',*,*,#15925,.T.);
#15950 = ORIENTED_EDGE('',*,*,#15951,.T.);
#15951 = EDGE_CURVE('',#15903,#14601,#15952,.T.);
#15952 = SURFACE_CURVE('',#15953,(#15957,#15964),.PCURVE_S1.);
#15953 = LINE('',#15954,#15955);
#15954 = CARTESIAN_POINT('',(64.65352,39.95,103.57155));
#15955 = VECTOR('',#15956,1.);
#15956 = DIRECTION('',(0.971729686115,0.,0.23609620311));
#15957 = PCURVE('',#5041,#15958);
#15958 = DEFINITIONAL_REPRESENTATION('',(#15959),#15963);
#15959 = LINE('',#15960,#15961);
#15960 = CARTESIAN_POINT('',(0.,-0.2));
#15961 = VECTOR('',#15962,1.);
#15962 = DIRECTION('',(1.,0.));
#15963 = ( GEOMETRIC_REPRESENTATION_CONTEXT(2) 
PARAMETRIC_REPRESENTATION_CONTEXT() REPRESENTATION_CONTEXT('2D SPACE',''
  ) );
#15964 = PCURVE('',#14639,#15965);
#15965 = DEFINITIONAL_REPRESENTATION('',(#15966),#15970);
#15966 = LINE('',#15967,#15968);
#15967 = CARTESIAN_POINT('',(0.643625718553,-2.214539671971));
#15968 = VECTOR('',#15969,1.);
#15969 = DIRECTION('',(0.971729686115,-0.23609620311));
#15970 = ( GEOMETRIC_REPRESENTATION_CONTEXT(2) 
PARAMETRIC_REPRESENTATION_CONTEXT() REPRESENTATION_CONTEXT('2D SPACE',''
  ) );
#15971 = ORIENTED_EDGE('',*,*,#14600,.F.);
#15972 = ADVANCED_FACE('',(#15973),#5745,.F.);
#15973 = FACE_BOUND('',#15974,.F.);
#15974 = EDGE_LOOP('',(#15975,#15976,#15999,#16027));
#15975 = ORIENTED_EDGE('',*,*,#5728,.T.);
#15976 = ORIENTED_EDGE('',*,*,#15977,.T.);
#15977 = EDGE_CURVE('',#5731,#15978,#15980,.T.);
#15978 = VERTEX_POINT('',#15979);
#15979 = CARTESIAN_POINT('',(63.381188505823,39.95,107.69948337168));
#15980 = SURFACE_CURVE('',#15981,(#15985,#15992),.PCURVE_S1.);
#15981 = LINE('',#15982,#15983);
#15982 = CARTESIAN_POINT('',(63.381188505823,39.75,107.69948337168));
#15983 = VECTOR('',#15984,1.);
#15984 = DIRECTION('',(0.,1.,0.));
#15985 = PCURVE('',#5745,#15986);
#15986 = DEFINITIONAL_REPRESENTATION('',(#15987),#15991);
#15987 = LINE('',#15988,#15989);
#15988 = CARTESIAN_POINT('',(0.,0.));
#15989 = VECTOR('',#15990,1.);
#15990 = DIRECTION('',(0.,-1.));
#15991 = ( GEOMETRIC_REPRESENTATION_CONTEXT(2) 
PARAMETRIC_REPRESENTATION_CONTEXT() REPRESENTATION_CONTEXT('2D SPACE',''
  ) );
#15992 = PCURVE('',#5771,#15993);
#15993 = DEFINITIONAL_REPRESENTATION('',(#15994),#15998);
#15994 = LINE('',#15995,#15996);
#15995 = CARTESIAN_POINT('',(0.828326693892,0.));
#15996 = VECTOR('',#15997,1.);
#15997 = DIRECTION('',(0.,-1.));
#15998 = ( GEOMETRIC_REPRESENTATION_CONTEXT(2) 
PARAMETRIC_REPRESENTATION_CONTEXT() REPRESENTATION_CONTEXT('2D SPACE',''
  ) );
#15999 = ORIENTED_EDGE('',*,*,#16000,.T.);
#16000 = EDGE_CURVE('',#15978,#16001,#16003,.T.);
#16001 = VERTEX_POINT('',#16002);
#16002 = CARTESIAN_POINT('',(63.110026703769,39.95,107.7372520507));
#16003 = SURFACE_CURVE('',#16004,(#16008,#16015),.PCURVE_S1.);
#16004 = LINE('',#16005,#16006);
#16005 = CARTESIAN_POINT('',(63.381188505823,39.95,107.69948337168));
#16006 = VECTOR('',#16007,1.);
#16007 = DIRECTION('',(-0.990438786395,0.,0.137952928221));
#16008 = PCURVE('',#5745,#16009);
#16009 = DEFINITIONAL_REPRESENTATION('',(#16010),#16014);
#16010 = LINE('',#16011,#16012);
#16011 = CARTESIAN_POINT('',(0.,-0.2));
#16012 = VECTOR('',#16013,1.);
#16013 = DIRECTION('',(1.,0.));
#16014 = ( GEOMETRIC_REPRESENTATION_CONTEXT(2) 
PARAMETRIC_REPRESENTATION_CONTEXT() REPRESENTATION_CONTEXT('2D SPACE',''
  ) );
#16015 = PCURVE('',#16016,#16021);
#16016 = PLANE('',#16017);
#16017 = AXIS2_PLACEMENT_3D('',#16018,#16019,#16020);
#16018 = CARTESIAN_POINT('',(63.267416895942,39.95,108.37535068418));
#16019 = DIRECTION('',(0.,1.,0.));
#16020 = DIRECTION('',(-1.,0.,6.123233995737E-17));
#16021 = DEFINITIONAL_REPRESENTATION('',(#16022),#16026);
#16022 = LINE('',#16023,#16024);
#16023 = CARTESIAN_POINT('',(-0.113771609881,-0.675867312506));
#16024 = VECTOR('',#16025,1.);
#16025 = DIRECTION('',(0.990438786395,0.137952928221));
#16026 = ( GEOMETRIC_REPRESENTATION_CONTEXT(2) 
PARAMETRIC_REPRESENTATION_CONTEXT() REPRESENTATION_CONTEXT('2D SPACE',''
  ) );
#16027 = ORIENTED_EDGE('',*,*,#16028,.F.);
#16028 = EDGE_CURVE('',#5729,#16001,#16029,.T.);
#16029 = SURFACE_CURVE('',#16030,(#16034,#16041),.PCURVE_S1.);
#16030 = LINE('',#16031,#16032);
#16031 = CARTESIAN_POINT('',(63.110026703769,39.75,107.7372520507));
#16032 = VECTOR('',#16033,1.);
#16033 = DIRECTION('',(0.,1.,0.));
#16034 = PCURVE('',#5745,#16035);
#16035 = DEFINITIONAL_REPRESENTATION('',(#16036),#16040);
#16036 = LINE('',#16037,#16038);
#16037 = CARTESIAN_POINT('',(0.27377946601,0.));
#16038 = VECTOR('',#16039,1.);
#16039 = DIRECTION('',(0.,-1.));
#16040 = ( GEOMETRIC_REPRESENTATION_CONTEXT(2) 
PARAMETRIC_REPRESENTATION_CONTEXT() REPRESENTATION_CONTEXT('2D SPACE',''
  ) );
#16041 = PCURVE('',#6055,#16042);
#16042 = DEFINITIONAL_REPRESENTATION('',(#16043),#16047);
#16043 = LINE('',#16044,#16045);
#16044 = CARTESIAN_POINT('',(0.,0.));
#16045 = VECTOR('',#16046,1.);
#16046 = DIRECTION('',(0.,-1.));
#16047 = ( GEOMETRIC_REPRESENTATION_CONTEXT(2) 
PARAMETRIC_REPRESENTATION_CONTEXT() REPRESENTATION_CONTEXT('2D SPACE',''
  ) );
#16048 = ADVANCED_FACE('',(#16049),#6055,.F.);
#16049 = FACE_BOUND('',#16050,.F.);
#16050 = EDGE_LOOP('',(#16051,#16052,#16053,#16076));
#16051 = ORIENTED_EDGE('',*,*,#6042,.T.);
#16052 = ORIENTED_EDGE('',*,*,#16028,.T.);
#16053 = ORIENTED_EDGE('',*,*,#16054,.T.);
#16054 = EDGE_CURVE('',#16001,#16055,#16057,.T.);
#16055 = VERTEX_POINT('',#16056);
#16056 = CARTESIAN_POINT('',(62.859458272328,39.95,108.48338954428));
#16057 = SURFACE_CURVE('',#16058,(#16062,#16069),.PCURVE_S1.);
#16058 = LINE('',#16059,#16060);
#16059 = CARTESIAN_POINT('',(63.110026703769,39.95,107.7372520507));
#16060 = VECTOR('',#16061,1.);
#16061 = DIRECTION('',(-0.318349155144,0.,0.94797353097));
#16062 = PCURVE('',#6055,#16063);
#16063 = DEFINITIONAL_REPRESENTATION('',(#16064),#16068);
#16064 = LINE('',#16065,#16066);
#16065 = CARTESIAN_POINT('',(0.,-0.2));
#16066 = VECTOR('',#16067,1.);
#16067 = DIRECTION('',(1.,0.));
#16068 = ( GEOMETRIC_REPRESENTATION_CONTEXT(2) 
PARAMETRIC_REPRESENTATION_CONTEXT() REPRESENTATION_CONTEXT('2D SPACE',''
  ) );
#16069 = PCURVE('',#16016,#16070);
#16070 = DEFINITIONAL_REPRESENTATION('',(#16071),#16075);
#16071 = LINE('',#16072,#16073);
#16072 = CARTESIAN_POINT('',(0.157390192174,-0.638098633483));
#16073 = VECTOR('',#16074,1.);
#16074 = DIRECTION('',(0.318349155144,0.94797353097));
#16075 = ( GEOMETRIC_REPRESENTATION_CONTEXT(2) 
PARAMETRIC_REPRESENTATION_CONTEXT() REPRESENTATION_CONTEXT('2D SPACE',''
  ) );
#16076 = ORIENTED_EDGE('',*,*,#16077,.F.);
#16077 = EDGE_CURVE('',#6017,#16055,#16078,.T.);
#16078 = SURFACE_CURVE('',#16079,(#16083,#16090),.PCURVE_S1.);
#16079 = LINE('',#16080,#16081);
#16080 = CARTESIAN_POINT('',(62.859458272328,39.75,108.48338954428));
#16081 = VECTOR('',#16082,1.);
#16082 = DIRECTION('',(0.,1.,0.));
#16083 = PCURVE('',#6055,#16084);
#16084 = DEFINITIONAL_REPRESENTATION('',(#16085),#16089);
#16085 = LINE('',#16086,#16087);
#16086 = CARTESIAN_POINT('',(0.787086842833,0.));
#16087 = VECTOR('',#16088,1.);
#16088 = DIRECTION('',(0.,-1.));
#16089 = ( GEOMETRIC_REPRESENTATION_CONTEXT(2) 
PARAMETRIC_REPRESENTATION_CONTEXT() REPRESENTATION_CONTEXT('2D SPACE',''
  ) );
#16090 = PCURVE('',#6031,#16091);
#16091 = DEFINITIONAL_REPRESENTATION('',(#16092),#16096);
#16092 = LINE('',#16093,#16094);
#16093 = CARTESIAN_POINT('',(0.,0.));
#16094 = VECTOR('',#16095,1.);
#16095 = DIRECTION('',(0.,-1.));
#16096 = ( GEOMETRIC_REPRESENTATION_CONTEXT(2) 
PARAMETRIC_REPRESENTATION_CONTEXT() REPRESENTATION_CONTEXT('2D SPACE',''
  ) );
#16097 = ADVANCED_FACE('',(#16098),#5771,.F.);
#16098 = FACE_BOUND('',#16099,.F.);
#16099 = EDGE_LOOP('',(#16100,#16101,#16124,#16145));
#16100 = ORIENTED_EDGE('',*,*,#5756,.T.);
#16101 = ORIENTED_EDGE('',*,*,#16102,.T.);
#16102 = EDGE_CURVE('',#5757,#16103,#16105,.T.);
#16103 = VERTEX_POINT('',#16104);
#16104 = CARTESIAN_POINT('',(63.603739369987,39.95,108.49735317601));
#16105 = SURFACE_CURVE('',#16106,(#16110,#16117),.PCURVE_S1.);
#16106 = LINE('',#16107,#16108);
#16107 = CARTESIAN_POINT('',(63.603739369987,39.75,108.49735317601));
#16108 = VECTOR('',#16109,1.);
#16109 = DIRECTION('',(0.,1.,0.));
#16110 = PCURVE('',#5771,#16111);
#16111 = DEFINITIONAL_REPRESENTATION('',(#16112),#16116);
#16112 = LINE('',#16113,#16114);
#16113 = CARTESIAN_POINT('',(0.,0.));
#16114 = VECTOR('',#16115,1.);
#16115 = DIRECTION('',(0.,-1.));
#16116 = ( GEOMETRIC_REPRESENTATION_CONTEXT(2) 
PARAMETRIC_REPRESENTATION_CONTEXT() REPRESENTATION_CONTEXT('2D SPACE',''
  ) );
#16117 = PCURVE('',#5797,#16118);
#16118 = DEFINITIONAL_REPRESENTATION('',(#16119),#16123);
#16119 = LINE('',#16120,#16121);
#16120 = CARTESIAN_POINT('',(0.754060633359,0.));
#16121 = VECTOR('',#16122,1.);
#16122 = DIRECTION('',(0.,-1.));
#16123 = ( GEOMETRIC_REPRESENTATION_CONTEXT(2) 
PARAMETRIC_REPRESENTATION_CONTEXT() REPRESENTATION_CONTEXT('2D SPACE',''
  ) );
#16124 = ORIENTED_EDGE('',*,*,#16125,.T.);
#16125 = EDGE_CURVE('',#16103,#15978,#16126,.T.);
#16126 = SURFACE_CURVE('',#16127,(#16131,#16138),.PCURVE_S1.);
#16127 = LINE('',#16128,#16129);
#16128 = CARTESIAN_POINT('',(63.603739369987,39.95,108.49735317601));
#16129 = VECTOR('',#16130,1.);
#16130 = DIRECTION('',(-0.268675228994,0.,-0.96323082453));
#16131 = PCURVE('',#5771,#16132);
#16132 = DEFINITIONAL_REPRESENTATION('',(#16133),#16137);
#16133 = LINE('',#16134,#16135);
#16134 = CARTESIAN_POINT('',(0.,-0.2));
#16135 = VECTOR('',#16136,1.);
#16136 = DIRECTION('',(1.,0.));
#16137 = ( GEOMETRIC_REPRESENTATION_CONTEXT(2) 
PARAMETRIC_REPRESENTATION_CONTEXT() REPRESENTATION_CONTEXT('2D SPACE',''
  ) );
#16138 = PCURVE('',#16016,#16139);
#16139 = DEFINITIONAL_REPRESENTATION('',(#16140),#16144);
#16140 = LINE('',#16141,#16142);
#16141 = CARTESIAN_POINT('',(-0.336322474045,0.122002491832));
#16142 = VECTOR('',#16143,1.);
#16143 = DIRECTION('',(0.268675228994,-0.96323082453));
#16144 = ( GEOMETRIC_REPRESENTATION_CONTEXT(2) 
PARAMETRIC_REPRESENTATION_CONTEXT() REPRESENTATION_CONTEXT('2D SPACE',''
  ) );
#16145 = ORIENTED_EDGE('',*,*,#15977,.F.);
#16146 = ADVANCED_FACE('',(#16147),#6031,.F.);
#16147 = FACE_BOUND('',#16148,.F.);
#16148 = EDGE_LOOP('',(#16149,#16150,#16151,#16174));
#16149 = ORIENTED_EDGE('',*,*,#6016,.T.);
#16150 = ORIENTED_EDGE('',*,*,#16077,.T.);
#16151 = ORIENTED_EDGE('',*,*,#16152,.T.);
#16152 = EDGE_CURVE('',#16055,#16153,#16155,.T.);
#16153 = VERTEX_POINT('',#16154);
#16154 = CARTESIAN_POINT('',(62.811501777633,39.95,107.69948337168));
#16155 = SURFACE_CURVE('',#16156,(#16160,#16167),.PCURVE_S1.);
#16156 = LINE('',#16157,#16158);
#16157 = CARTESIAN_POINT('',(62.859458272328,39.95,108.48338954428));
#16158 = VECTOR('',#16159,1.);
#16159 = DIRECTION('',(-6.106216263568E-02,0.,-0.998133965104));
#16160 = PCURVE('',#6031,#16161);
#16161 = DEFINITIONAL_REPRESENTATION('',(#16162),#16166);
#16162 = LINE('',#16163,#16164);
#16163 = CARTESIAN_POINT('',(0.,-0.2));
#16164 = VECTOR('',#16165,1.);
#16165 = DIRECTION('',(1.,0.));
#16166 = ( GEOMETRIC_REPRESENTATION_CONTEXT(2) 
PARAMETRIC_REPRESENTATION_CONTEXT() REPRESENTATION_CONTEXT('2D SPACE',''
  ) );
#16167 = PCURVE('',#16016,#16168);
#16168 = DEFINITIONAL_REPRESENTATION('',(#16169),#16173);
#16169 = LINE('',#16170,#16171);
#16170 = CARTESIAN_POINT('',(0.407958623614,0.108038860097));
#16171 = VECTOR('',#16172,1.);
#16172 = DIRECTION('',(6.106216263568E-02,-0.998133965104));
#16173 = ( GEOMETRIC_REPRESENTATION_CONTEXT(2) 
PARAMETRIC_REPRESENTATION_CONTEXT() REPRESENTATION_CONTEXT('2D SPACE',''
  ) );
#16174 = ORIENTED_EDGE('',*,*,#16175,.F.);
#16175 = EDGE_CURVE('',#5991,#16153,#16176,.T.);
#16176 = SURFACE_CURVE('',#16177,(#16181,#16188),.PCURVE_S1.);
#16177 = LINE('',#16178,#16179);
#16178 = CARTESIAN_POINT('',(62.811501777633,39.75,107.69948337168));
#16179 = VECTOR('',#16180,1.);
#16180 = DIRECTION('',(0.,1.,0.));
#16181 = PCURVE('',#6031,#16182);
#16182 = DEFINITIONAL_REPRESENTATION('',(#16183),#16187);
#16183 = LINE('',#16184,#16185);
#16184 = CARTESIAN_POINT('',(0.785371703608,0.));
#16185 = VECTOR('',#16186,1.);
#16186 = DIRECTION('',(0.,-1.));
#16187 = ( GEOMETRIC_REPRESENTATION_CONTEXT(2) 
PARAMETRIC_REPRESENTATION_CONTEXT() REPRESENTATION_CONTEXT('2D SPACE',''
  ) );
#16188 = PCURVE('',#6005,#16189);
#16189 = DEFINITIONAL_REPRESENTATION('',(#16190),#16194);
#16190 = LINE('',#16191,#16192);
#16191 = CARTESIAN_POINT('',(0.,0.));
#16192 = VECTOR('',#16193,1.);
#16193 = DIRECTION('',(0.,-1.));
#16194 = ( GEOMETRIC_REPRESENTATION_CONTEXT(2) 
PARAMETRIC_REPRESENTATION_CONTEXT() REPRESENTATION_CONTEXT('2D SPACE',''
  ) );
#16195 = ADVANCED_FACE('',(#16196),#5797,.F.);
#16196 = FACE_BOUND('',#16197,.F.);
#16197 = EDGE_LOOP('',(#16198,#16199,#16222,#16243));
#16198 = ORIENTED_EDGE('',*,*,#5782,.T.);
#16199 = ORIENTED_EDGE('',*,*,#16200,.T.);
#16200 = EDGE_CURVE('',#5783,#16201,#16203,.T.);
#16201 = VERTEX_POINT('',#16202);
#16202 = CARTESIAN_POINT('',(63.682717004811,39.95,107.74743986637));
#16203 = SURFACE_CURVE('',#16204,(#16208,#16215),.PCURVE_S1.);
#16204 = LINE('',#16205,#16206);
#16205 = CARTESIAN_POINT('',(63.682717004811,39.75,107.74743986637));
#16206 = VECTOR('',#16207,1.);
#16207 = DIRECTION('',(0.,1.,0.));
#16208 = PCURVE('',#5797,#16209);
#16209 = DEFINITIONAL_REPRESENTATION('',(#16210),#16214);
#16210 = LINE('',#16211,#16212);
#16211 = CARTESIAN_POINT('',(0.,0.));
#16212 = VECTOR('',#16213,1.);
#16213 = DIRECTION('',(0.,-1.));
#16214 = ( GEOMETRIC_REPRESENTATION_CONTEXT(2) 
PARAMETRIC_REPRESENTATION_CONTEXT() REPRESENTATION_CONTEXT('2D SPACE',''
  ) );
#16215 = PCURVE('',#5823,#16216);
#16216 = DEFINITIONAL_REPRESENTATION('',(#16217),#16221);
#16217 = LINE('',#16218,#16219);
#16218 = CARTESIAN_POINT('',(0.257736604985,0.));
#16219 = VECTOR('',#16220,1.);
#16220 = DIRECTION('',(0.,-1.));
#16221 = ( GEOMETRIC_REPRESENTATION_CONTEXT(2) 
PARAMETRIC_REPRESENTATION_CONTEXT() REPRESENTATION_CONTEXT('2D SPACE',''
  ) );
#16222 = ORIENTED_EDGE('',*,*,#16223,.T.);
#16223 = EDGE_CURVE('',#16201,#16103,#16224,.T.);
#16224 = SURFACE_CURVE('',#16225,(#16229,#16236),.PCURVE_S1.);
#16225 = LINE('',#16226,#16227);
#16226 = CARTESIAN_POINT('',(63.682717004811,39.95,107.74743986637));
#16227 = VECTOR('',#16228,1.);
#16228 = DIRECTION('',(-0.104736451327,0.,0.994500012953));
#16229 = PCURVE('',#5797,#16230);
#16230 = DEFINITIONAL_REPRESENTATION('',(#16231),#16235);
#16231 = LINE('',#16232,#16233);
#16232 = CARTESIAN_POINT('',(0.,-0.2));
#16233 = VECTOR('',#16234,1.);
#16234 = DIRECTION('',(1.,0.));
#16235 = ( GEOMETRIC_REPRESENTATION_CONTEXT(2) 
PARAMETRIC_REPRESENTATION_CONTEXT() REPRESENTATION_CONTEXT('2D SPACE',''
  ) );
#16236 = PCURVE('',#16016,#16237);
#16237 = DEFINITIONAL_REPRESENTATION('',(#16238),#16242);
#16238 = LINE('',#16239,#16240);
#16239 = CARTESIAN_POINT('',(-0.415300108868,-0.627910817811));
#16240 = VECTOR('',#16241,1.);
#16241 = DIRECTION('',(0.104736451327,0.994500012953));
#16242 = ( GEOMETRIC_REPRESENTATION_CONTEXT(2) 
PARAMETRIC_REPRESENTATION_CONTEXT() REPRESENTATION_CONTEXT('2D SPACE',''
  ) );
#16243 = ORIENTED_EDGE('',*,*,#16102,.F.);
#16244 = ADVANCED_FACE('',(#16245),#6005,.F.);
#16245 = FACE_BOUND('',#16246,.F.);
#16246 = EDGE_LOOP('',(#16247,#16248,#16249,#16272));
#16247 = ORIENTED_EDGE('',*,*,#5990,.T.);
#16248 = ORIENTED_EDGE('',*,*,#16175,.T.);
#16249 = ORIENTED_EDGE('',*,*,#16250,.T.);
#16250 = EDGE_CURVE('',#16153,#16251,#16253,.T.);
#16251 = VERTEX_POINT('',#16252);
#16252 = CARTESIAN_POINT('',(62.558266053127,39.95,107.74743986637));
#16253 = SURFACE_CURVE('',#16254,(#16258,#16265),.PCURVE_S1.);
#16254 = LINE('',#16255,#16256);
#16255 = CARTESIAN_POINT('',(62.811501777633,39.95,107.69948337168));
#16256 = VECTOR('',#16257,1.);
#16257 = DIRECTION('',(-0.982536898552,0.,0.186067845108));
#16258 = PCURVE('',#6005,#16259);
#16259 = DEFINITIONAL_REPRESENTATION('',(#16260),#16264);
#16260 = LINE('',#16261,#16262);
#16261 = CARTESIAN_POINT('',(0.,-0.2));
#16262 = VECTOR('',#16263,1.);
#16263 = DIRECTION('',(1.,0.));
#16264 = ( GEOMETRIC_REPRESENTATION_CONTEXT(2) 
PARAMETRIC_REPRESENTATION_CONTEXT() REPRESENTATION_CONTEXT('2D SPACE',''
  ) );
#16265 = PCURVE('',#16016,#16266);
#16266 = DEFINITIONAL_REPRESENTATION('',(#16267),#16271);
#16267 = LINE('',#16268,#16269);
#16268 = CARTESIAN_POINT('',(0.45591511831,-0.675867312506));
#16269 = VECTOR('',#16270,1.);
#16270 = DIRECTION('',(0.982536898552,0.186067845108));
#16271 = ( GEOMETRIC_REPRESENTATION_CONTEXT(2) 
PARAMETRIC_REPRESENTATION_CONTEXT() REPRESENTATION_CONTEXT('2D SPACE',''
  ) );
#16272 = ORIENTED_EDGE('',*,*,#16273,.F.);
#16273 = EDGE_CURVE('',#5965,#16251,#16274,.T.);
#16274 = SURFACE_CURVE('',#16275,(#16279,#16286),.PCURVE_S1.);
#16275 = LINE('',#16276,#16277);
#16276 = CARTESIAN_POINT('',(62.558266053127,39.75,107.74743986637));
#16277 = VECTOR('',#16278,1.);
#16278 = DIRECTION('',(0.,1.,0.));
#16279 = PCURVE('',#6005,#16280);
#16280 = DEFINITIONAL_REPRESENTATION('',(#16281),#16285);
#16281 = LINE('',#16282,#16283);
#16282 = CARTESIAN_POINT('',(0.257736604985,0.));
#16283 = VECTOR('',#16284,1.);
#16284 = DIRECTION('',(0.,-1.));
#16285 = ( GEOMETRIC_REPRESENTATION_CONTEXT(2) 
PARAMETRIC_REPRESENTATION_CONTEXT() REPRESENTATION_CONTEXT('2D SPACE',''
  ) );
#16286 = PCURVE('',#5979,#16287);
#16287 = DEFINITIONAL_REPRESENTATION('',(#16288),#16292);
#16288 = LINE('',#16289,#16290);
#16289 = CARTESIAN_POINT('',(0.,0.));
#16290 = VECTOR('',#16291,1.);
#16291 = DIRECTION('',(0.,-1.));
#16292 = ( GEOMETRIC_REPRESENTATION_CONTEXT(2) 
PARAMETRIC_REPRESENTATION_CONTEXT() REPRESENTATION_CONTEXT('2D SPACE',''
  ) );
#16293 = ADVANCED_FACE('',(#16294),#5823,.F.);
#16294 = FACE_BOUND('',#16295,.F.);
#16295 = EDGE_LOOP('',(#16296,#16297,#16320,#16341));
#16296 = ORIENTED_EDGE('',*,*,#5808,.T.);
#16297 = ORIENTED_EDGE('',*,*,#16298,.T.);
#16298 = EDGE_CURVE('',#5809,#16299,#16301,.T.);
#16299 = VERTEX_POINT('',#16300);
#16300 = CARTESIAN_POINT('',(63.935952729317,39.95,107.69948337168));
#16301 = SURFACE_CURVE('',#16302,(#16306,#16313),.PCURVE_S1.);
#16302 = LINE('',#16303,#16304);
#16303 = CARTESIAN_POINT('',(63.935952729317,39.75,107.69948337168));
#16304 = VECTOR('',#16305,1.);
#16305 = DIRECTION('',(0.,1.,0.));
#16306 = PCURVE('',#5823,#16307);
#16307 = DEFINITIONAL_REPRESENTATION('',(#16308),#16312);
#16308 = LINE('',#16309,#16310);
#16309 = CARTESIAN_POINT('',(0.,0.));
#16310 = VECTOR('',#16311,1.);
#16311 = DIRECTION('',(0.,-1.));
#16312 = ( GEOMETRIC_REPRESENTATION_CONTEXT(2) 
PARAMETRIC_REPRESENTATION_CONTEXT() REPRESENTATION_CONTEXT('2D SPACE',''
  ) );
#16313 = PCURVE('',#5849,#16314);
#16314 = DEFINITIONAL_REPRESENTATION('',(#16315),#16319);
#16315 = LINE('',#16316,#16317);
#16316 = CARTESIAN_POINT('',(1.416775060974,0.));
#16317 = VECTOR('',#16318,1.);
#16318 = DIRECTION('',(0.,-1.));
#16319 = ( GEOMETRIC_REPRESENTATION_CONTEXT(2) 
PARAMETRIC_REPRESENTATION_CONTEXT() REPRESENTATION_CONTEXT('2D SPACE',''
  ) );
#16320 = ORIENTED_EDGE('',*,*,#16321,.T.);
#16321 = EDGE_CURVE('',#16299,#16201,#16322,.T.);
#16322 = SURFACE_CURVE('',#16323,(#16327,#16334),.PCURVE_S1.);
#16323 = LINE('',#16324,#16325);
#16324 = CARTESIAN_POINT('',(63.935952729317,39.95,107.69948337168));
#16325 = VECTOR('',#16326,1.);
#16326 = DIRECTION('',(-0.982536898552,0.,0.186067845108));
#16327 = PCURVE('',#5823,#16328);
#16328 = DEFINITIONAL_REPRESENTATION('',(#16329),#16333);
#16329 = LINE('',#16330,#16331);
#16330 = CARTESIAN_POINT('',(0.,-0.2));
#16331 = VECTOR('',#16332,1.);
#16332 = DIRECTION('',(1.,0.));
#16333 = ( GEOMETRIC_REPRESENTATION_CONTEXT(2) 
PARAMETRIC_REPRESENTATION_CONTEXT() REPRESENTATION_CONTEXT('2D SPACE',''
  ) );
#16334 = PCURVE('',#16016,#16335);
#16335 = DEFINITIONAL_REPRESENTATION('',(#16336),#16340);
#16336 = LINE('',#16337,#16338);
#16337 = CARTESIAN_POINT('',(-0.668535833374,-0.675867312506));
#16338 = VECTOR('',#16339,1.);
#16339 = DIRECTION('',(0.982536898552,0.186067845108));
#16340 = ( GEOMETRIC_REPRESENTATION_CONTEXT(2) 
PARAMETRIC_REPRESENTATION_CONTEXT() REPRESENTATION_CONTEXT('2D SPACE',''
  ) );
#16341 = ORIENTED_EDGE('',*,*,#16200,.F.);
#16342 = ADVANCED_FACE('',(#16343),#5979,.F.);
#16343 = FACE_BOUND('',#16344,.F.);
#16344 = EDGE_LOOP('',(#16345,#16346,#16347,#16370));
#16345 = ORIENTED_EDGE('',*,*,#5964,.T.);
#16346 = ORIENTED_EDGE('',*,*,#16273,.T.);
#16347 = ORIENTED_EDGE('',*,*,#16348,.T.);
#16348 = EDGE_CURVE('',#16251,#16349,#16351,.T.);
#16349 = VERTEX_POINT('',#16350);
#16350 = CARTESIAN_POINT('',(62.606222547822,39.95,109.16340305375));
#16351 = SURFACE_CURVE('',#16352,(#16356,#16363),.PCURVE_S1.);
#16352 = LINE('',#16353,#16354);
#16353 = CARTESIAN_POINT('',(62.558266053127,39.95,107.74743986637));
#16354 = VECTOR('',#16355,1.);
#16355 = DIRECTION('',(3.384905340034E-02,0.,0.999426956603));
#16356 = PCURVE('',#5979,#16357);
#16357 = DEFINITIONAL_REPRESENTATION('',(#16358),#16362);
#16358 = LINE('',#16359,#16360);
#16359 = CARTESIAN_POINT('',(0.,-0.2));
#16360 = VECTOR('',#16361,1.);
#16361 = DIRECTION('',(1.,0.));
#16362 = ( GEOMETRIC_REPRESENTATION_CONTEXT(2) 
PARAMETRIC_REPRESENTATION_CONTEXT() REPRESENTATION_CONTEXT('2D SPACE',''
  ) );
#16363 = PCURVE('',#16016,#16364);
#16364 = DEFINITIONAL_REPRESENTATION('',(#16365),#16369);
#16365 = LINE('',#16366,#16367);
#16366 = CARTESIAN_POINT('',(0.709150842815,-0.627910817811));
#16367 = VECTOR('',#16368,1.);
#16368 = DIRECTION('',(-3.384905340034E-02,0.999426956603));
#16369 = ( GEOMETRIC_REPRESENTATION_CONTEXT(2) 
PARAMETRIC_REPRESENTATION_CONTEXT() REPRESENTATION_CONTEXT('2D SPACE',''
  ) );
#16370 = ORIENTED_EDGE('',*,*,#16371,.F.);
#16371 = EDGE_CURVE('',#5939,#16349,#16372,.T.);
#16372 = SURFACE_CURVE('',#16373,(#16377,#16384),.PCURVE_S1.);
#16373 = LINE('',#16374,#16375);
#16374 = CARTESIAN_POINT('',(62.606222547822,39.75,109.16340305375));
#16375 = VECTOR('',#16376,1.);
#16376 = DIRECTION('',(0.,1.,0.));
#16377 = PCURVE('',#5979,#16378);
#16378 = DEFINITIONAL_REPRESENTATION('',(#16379),#16383);
#16379 = LINE('',#16380,#16381);
#16380 = CARTESIAN_POINT('',(1.416775060974,0.));
#16381 = VECTOR('',#16382,1.);
#16382 = DIRECTION('',(0.,-1.));
#16383 = ( GEOMETRIC_REPRESENTATION_CONTEXT(2) 
PARAMETRIC_REPRESENTATION_CONTEXT() REPRESENTATION_CONTEXT('2D SPACE',''
  ) );
#16384 = PCURVE('',#5953,#16385);
#16385 = DEFINITIONAL_REPRESENTATION('',(#16386),#16390);
#16386 = LINE('',#16387,#16388);
#16387 = CARTESIAN_POINT('',(0.,0.));
#16388 = VECTOR('',#16389,1.);
#16389 = DIRECTION('',(0.,-1.));
#16390 = ( GEOMETRIC_REPRESENTATION_CONTEXT(2) 
PARAMETRIC_REPRESENTATION_CONTEXT() REPRESENTATION_CONTEXT('2D SPACE',''
  ) );
#16391 = ADVANCED_FACE('',(#16392),#5849,.F.);
#16392 = FACE_BOUND('',#16393,.F.);
#16393 = EDGE_LOOP('',(#16394,#16395,#16418,#16439));
#16394 = ORIENTED_EDGE('',*,*,#5834,.T.);
#16395 = ORIENTED_EDGE('',*,*,#16396,.T.);
#16396 = EDGE_CURVE('',#5835,#16397,#16399,.T.);
#16397 = VERTEX_POINT('',#16398);
#16398 = CARTESIAN_POINT('',(63.983909224012,39.95,109.11544655905));
#16399 = SURFACE_CURVE('',#16400,(#16404,#16411),.PCURVE_S1.);
#16400 = LINE('',#16401,#16402);
#16401 = CARTESIAN_POINT('',(63.983909224012,39.75,109.11544655905));
#16402 = VECTOR('',#16403,1.);
#16403 = DIRECTION('',(0.,1.,0.));
#16404 = PCURVE('',#5849,#16405);
#16405 = DEFINITIONAL_REPRESENTATION('',(#16406),#16410);
#16406 = LINE('',#16407,#16408);
#16407 = CARTESIAN_POINT('',(0.,0.));
#16408 = VECTOR('',#16409,1.);
#16409 = DIRECTION('',(0.,-1.));
#16410 = ( GEOMETRIC_REPRESENTATION_CONTEXT(2) 
PARAMETRIC_REPRESENTATION_CONTEXT() REPRESENTATION_CONTEXT('2D SPACE',''
  ) );
#16411 = PCURVE('',#5875,#16412);
#16412 = DEFINITIONAL_REPRESENTATION('',(#16413),#16417);
#16413 = LINE('',#16414,#16415);
#16414 = CARTESIAN_POINT('',(0.413966418094,0.));
#16415 = VECTOR('',#16416,1.);
#16416 = DIRECTION('',(0.,-1.));
#16417 = ( GEOMETRIC_REPRESENTATION_CONTEXT(2) 
PARAMETRIC_REPRESENTATION_CONTEXT() REPRESENTATION_CONTEXT('2D SPACE',''
  ) );
#16418 = ORIENTED_EDGE('',*,*,#16419,.T.);
#16419 = EDGE_CURVE('',#16397,#16299,#16420,.T.);
#16420 = SURFACE_CURVE('',#16421,(#16425,#16432),.PCURVE_S1.);
#16421 = LINE('',#16422,#16423);
#16422 = CARTESIAN_POINT('',(63.983909224012,39.95,109.11544655905));
#16423 = VECTOR('',#16424,1.);
#16424 = DIRECTION('',(-3.384905340035E-02,0.,-0.999426956603));
#16425 = PCURVE('',#5849,#16426);
#16426 = DEFINITIONAL_REPRESENTATION('',(#16427),#16431);
#16427 = LINE('',#16428,#16429);
#16428 = CARTESIAN_POINT('',(0.,-0.2));
#16429 = VECTOR('',#16430,1.);
#16430 = DIRECTION('',(1.,0.));
#16431 = ( GEOMETRIC_REPRESENTATION_CONTEXT(2) 
PARAMETRIC_REPRESENTATION_CONTEXT() REPRESENTATION_CONTEXT('2D SPACE',''
  ) );
#16432 = PCURVE('',#16016,#16433);
#16433 = DEFINITIONAL_REPRESENTATION('',(#16434),#16438);
#16434 = LINE('',#16435,#16436);
#16435 = CARTESIAN_POINT('',(-0.716492328069,0.740095874874));
#16436 = VECTOR('',#16437,1.);
#16437 = DIRECTION('',(3.384905340034E-02,-0.999426956603));
#16438 = ( GEOMETRIC_REPRESENTATION_CONTEXT(2) 
PARAMETRIC_REPRESENTATION_CONTEXT() REPRESENTATION_CONTEXT('2D SPACE',''
  ) );
#16439 = ORIENTED_EDGE('',*,*,#16298,.F.);
#16440 = ADVANCED_FACE('',(#16441),#5953,.F.);
#16441 = FACE_BOUND('',#16442,.F.);
#16442 = EDGE_LOOP('',(#16443,#16444,#16445,#16468));
#16443 = ORIENTED_EDGE('',*,*,#5938,.T.);
#16444 = ORIENTED_EDGE('',*,*,#16371,.T.);
#16445 = ORIENTED_EDGE('',*,*,#16446,.T.);
#16446 = EDGE_CURVE('',#16349,#16447,#16449,.T.);
#16447 = VERTEX_POINT('',#16448);
#16448 = CARTESIAN_POINT('',(63.02034076999,39.95,109.12535986717));
#16449 = SURFACE_CURVE('',#16450,(#16454,#16461),.PCURVE_S1.);
#16450 = LINE('',#16451,#16452);
#16451 = CARTESIAN_POINT('',(62.606222547822,39.95,109.16340305375));
#16452 = VECTOR('',#16453,1.);
#16453 = DIRECTION('',(0.9958068845,0.,-9.148031909808E-02));
#16454 = PCURVE('',#5953,#16455);
#16455 = DEFINITIONAL_REPRESENTATION('',(#16456),#16460);
#16456 = LINE('',#16457,#16458);
#16457 = CARTESIAN_POINT('',(0.,-0.2));
#16458 = VECTOR('',#16459,1.);
#16459 = DIRECTION('',(1.,0.));
#16460 = ( GEOMETRIC_REPRESENTATION_CONTEXT(2) 
PARAMETRIC_REPRESENTATION_CONTEXT() REPRESENTATION_CONTEXT('2D SPACE',''
  ) );
#16461 = PCURVE('',#16016,#16462);
#16462 = DEFINITIONAL_REPRESENTATION('',(#16463),#16467);
#16463 = LINE('',#16464,#16465);
#16464 = CARTESIAN_POINT('',(0.66119434812,0.788052369569));
#16465 = VECTOR('',#16466,1.);
#16466 = DIRECTION('',(-0.9958068845,-9.148031909808E-02));
#16467 = ( GEOMETRIC_REPRESENTATION_CONTEXT(2) 
PARAMETRIC_REPRESENTATION_CONTEXT() REPRESENTATION_CONTEXT('2D SPACE',''
  ) );
#16468 = ORIENTED_EDGE('',*,*,#16469,.F.);
#16469 = EDGE_CURVE('',#5913,#16447,#16470,.T.);
#16470 = SURFACE_CURVE('',#16471,(#16475,#16482),.PCURVE_S1.);
#16471 = LINE('',#16472,#16473);
#16472 = CARTESIAN_POINT('',(63.02034076999,39.75,109.12535986717));
#16473 = VECTOR('',#16474,1.);
#16474 = DIRECTION('',(0.,1.,0.));
#16475 = PCURVE('',#5953,#16476);
#16476 = DEFINITIONAL_REPRESENTATION('',(#16477),#16481);
#16477 = LINE('',#16478,#16479);
#16478 = CARTESIAN_POINT('',(0.41586197948,0.));
#16479 = VECTOR('',#16480,1.);
#16480 = DIRECTION('',(0.,-1.));
#16481 = ( GEOMETRIC_REPRESENTATION_CONTEXT(2) 
PARAMETRIC_REPRESENTATION_CONTEXT() REPRESENTATION_CONTEXT('2D SPACE',''
  ) );
#16482 = PCURVE('',#5927,#16483);
#16483 = DEFINITIONAL_REPRESENTATION('',(#16484),#16488);
#16484 = LINE('',#16485,#16486);
#16485 = CARTESIAN_POINT('',(0.,0.));
#16486 = VECTOR('',#16487,1.);
#16487 = DIRECTION('',(0.,-1.));
#16488 = ( GEOMETRIC_REPRESENTATION_CONTEXT(2) 
PARAMETRIC_REPRESENTATION_CONTEXT() REPRESENTATION_CONTEXT('2D SPACE',''
  ) );
#16489 = ADVANCED_FACE('',(#16490),#5875,.F.);
#16490 = FACE_BOUND('',#16491,.F.);
#16491 = EDGE_LOOP('',(#16492,#16493,#16516,#16537));
#16492 = ORIENTED_EDGE('',*,*,#5860,.T.);
#16493 = ORIENTED_EDGE('',*,*,#16494,.T.);
#16494 = EDGE_CURVE('',#5861,#16495,#16497,.T.);
#16495 = VERTEX_POINT('',#16496);
#16496 = CARTESIAN_POINT('',(63.572729980948,39.95,109.16340305375));
#16497 = SURFACE_CURVE('',#16498,(#16502,#16509),.PCURVE_S1.);
#16498 = LINE('',#16499,#16500);
#16499 = CARTESIAN_POINT('',(63.572729980948,39.75,109.16340305375));
#16500 = VECTOR('',#16501,1.);
#16501 = DIRECTION('',(0.,1.,0.));
#16502 = PCURVE('',#5875,#16503);
#16503 = DEFINITIONAL_REPRESENTATION('',(#16504),#16508);
#16504 = LINE('',#16505,#16506);
#16505 = CARTESIAN_POINT('',(0.,0.));
#16506 = VECTOR('',#16507,1.);
#16507 = DIRECTION('',(0.,-1.));
#16508 = ( GEOMETRIC_REPRESENTATION_CONTEXT(2) 
PARAMETRIC_REPRESENTATION_CONTEXT() REPRESENTATION_CONTEXT('2D SPACE',''
  ) );
#16509 = PCURVE('',#5901,#16510);
#16510 = DEFINITIONAL_REPRESENTATION('',(#16511),#16515);
#16511 = LINE('',#16512,#16513);
#16512 = CARTESIAN_POINT('',(1.025152856624,0.));
#16513 = VECTOR('',#16514,1.);
#16514 = DIRECTION('',(0.,-1.));
#16515 = ( GEOMETRIC_REPRESENTATION_CONTEXT(2) 
PARAMETRIC_REPRESENTATION_CONTEXT() REPRESENTATION_CONTEXT('2D SPACE',''
  ) );
#16516 = ORIENTED_EDGE('',*,*,#16517,.T.);
#16517 = EDGE_CURVE('',#16495,#16397,#16518,.T.);
#16518 = SURFACE_CURVE('',#16519,(#16523,#16530),.PCURVE_S1.);
#16519 = LINE('',#16520,#16521);
#16520 = CARTESIAN_POINT('',(63.572729980948,39.95,109.16340305375));
#16521 = VECTOR('',#16522,1.);
#16522 = DIRECTION('',(0.993267147022,0.,-0.115846340667));
#16523 = PCURVE('',#5875,#16524);
#16524 = DEFINITIONAL_REPRESENTATION('',(#16525),#16529);
#16525 = LINE('',#16526,#16527);
#16526 = CARTESIAN_POINT('',(0.,-0.2));
#16527 = VECTOR('',#16528,1.);
#16528 = DIRECTION('',(1.,0.));
#16529 = ( GEOMETRIC_REPRESENTATION_CONTEXT(2) 
PARAMETRIC_REPRESENTATION_CONTEXT() REPRESENTATION_CONTEXT('2D SPACE',''
  ) );
#16530 = PCURVE('',#16016,#16531);
#16531 = DEFINITIONAL_REPRESENTATION('',(#16532),#16536);
#16532 = LINE('',#16533,#16534);
#16533 = CARTESIAN_POINT('',(-0.305313085006,0.788052369569));
#16534 = VECTOR('',#16535,1.);
#16535 = DIRECTION('',(-0.993267147022,-0.115846340667));
#16536 = ( GEOMETRIC_REPRESENTATION_CONTEXT(2) 
PARAMETRIC_REPRESENTATION_CONTEXT() REPRESENTATION_CONTEXT('2D SPACE',''
  ) );
#16537 = ORIENTED_EDGE('',*,*,#16396,.F.);
#16538 = ADVANCED_FACE('',(#16539),#5927,.F.);
#16539 = FACE_BOUND('',#16540,.F.);
#16540 = EDGE_LOOP('',(#16541,#16542,#16543,#16566));
#16541 = ORIENTED_EDGE('',*,*,#5912,.T.);
#16542 = ORIENTED_EDGE('',*,*,#16469,.T.);
#16543 = ORIENTED_EDGE('',*,*,#16544,.T.);
#16544 = EDGE_CURVE('',#16447,#16545,#16547,.T.);
#16545 = VERTEX_POINT('',#16546);
#16546 = CARTESIAN_POINT('',(63.308772633971,39.95,108.17281489593));
#16547 = SURFACE_CURVE('',#16548,(#16552,#16559),.PCURVE_S1.);
#16548 = LINE('',#16549,#16550);
#16549 = CARTESIAN_POINT('',(63.02034076999,39.95,109.12535986717));
#16550 = VECTOR('',#16551,1.);
#16551 = DIRECTION('',(0.289806654795,0.,-0.957085211899));
#16552 = PCURVE('',#5927,#16553);
#16553 = DEFINITIONAL_REPRESENTATION('',(#16554),#16558);
#16554 = LINE('',#16555,#16556);
#16555 = CARTESIAN_POINT('',(0.,-0.2));
#16556 = VECTOR('',#16557,1.);
#16557 = DIRECTION('',(1.,0.));
#16558 = ( GEOMETRIC_REPRESENTATION_CONTEXT(2) 
PARAMETRIC_REPRESENTATION_CONTEXT() REPRESENTATION_CONTEXT('2D SPACE',''
  ) );
#16559 = PCURVE('',#16016,#16560);
#16560 = DEFINITIONAL_REPRESENTATION('',(#16561),#16565);
#16561 = LINE('',#16562,#16563);
#16562 = CARTESIAN_POINT('',(0.247076125953,0.750009182985));
#16563 = VECTOR('',#16564,1.);
#16564 = DIRECTION('',(-0.289806654795,-0.957085211899));
#16565 = ( GEOMETRIC_REPRESENTATION_CONTEXT(2) 
PARAMETRIC_REPRESENTATION_CONTEXT() REPRESENTATION_CONTEXT('2D SPACE',''
  ) );
#16566 = ORIENTED_EDGE('',*,*,#16567,.F.);
#16567 = EDGE_CURVE('',#5887,#16545,#16568,.T.);
#16568 = SURFACE_CURVE('',#16569,(#16573,#16580),.PCURVE_S1.);
#16569 = LINE('',#16570,#16571);
#16570 = CARTESIAN_POINT('',(63.308772633971,39.75,108.17281489593));
#16571 = VECTOR('',#16572,1.);
#16572 = DIRECTION('',(0.,1.,0.));
#16573 = PCURVE('',#5927,#16574);
#16574 = DEFINITIONAL_REPRESENTATION('',(#16575),#16579);
#16575 = LINE('',#16576,#16577);
#16576 = CARTESIAN_POINT('',(0.995256179281,0.));
#16577 = VECTOR('',#16578,1.);
#16578 = DIRECTION('',(0.,-1.));
#16579 = ( GEOMETRIC_REPRESENTATION_CONTEXT(2) 
PARAMETRIC_REPRESENTATION_CONTEXT() REPRESENTATION_CONTEXT('2D SPACE',''
  ) );
#16580 = PCURVE('',#5901,#16581);
#16581 = DEFINITIONAL_REPRESENTATION('',(#16582),#16586);
#16582 = LINE('',#16583,#16584);
#16583 = CARTESIAN_POINT('',(0.,0.));
#16584 = VECTOR('',#16585,1.);
#16585 = DIRECTION('',(0.,-1.));
#16586 = ( GEOMETRIC_REPRESENTATION_CONTEXT(2) 
PARAMETRIC_REPRESENTATION_CONTEXT() REPRESENTATION_CONTEXT('2D SPACE',''
  ) );
#16587 = ADVANCED_FACE('',(#16588),#5901,.F.);
#16588 = FACE_BOUND('',#16589,.F.);
#16589 = EDGE_LOOP('',(#16590,#16591,#16592,#16613));
#16590 = ORIENTED_EDGE('',*,*,#5886,.T.);
#16591 = ORIENTED_EDGE('',*,*,#16567,.T.);
#16592 = ORIENTED_EDGE('',*,*,#16593,.T.);
#16593 = EDGE_CURVE('',#16545,#16495,#16594,.T.);
#16594 = SURFACE_CURVE('',#16595,(#16599,#16606),.PCURVE_S1.);
#16595 = LINE('',#16596,#16597);
#16596 = CARTESIAN_POINT('',(63.308772633971,39.95,108.17281489593));
#16597 = VECTOR('',#16598,1.);
#16598 = DIRECTION('',(0.257480965176,0.,0.966283370742));
#16599 = PCURVE('',#5901,#16600);
#16600 = DEFINITIONAL_REPRESENTATION('',(#16601),#16605);
#16601 = LINE('',#16602,#16603);
#16602 = CARTESIAN_POINT('',(0.,-0.2));
#16603 = VECTOR('',#16604,1.);
#16604 = DIRECTION('',(1.,0.));
#16605 = ( GEOMETRIC_REPRESENTATION_CONTEXT(2) 
PARAMETRIC_REPRESENTATION_CONTEXT() REPRESENTATION_CONTEXT('2D SPACE',''
  ) );
#16606 = PCURVE('',#16016,#16607);
#16607 = DEFINITIONAL_REPRESENTATION('',(#16608),#16612);
#16608 = LINE('',#16609,#16610);
#16609 = CARTESIAN_POINT('',(-4.135573802898E-02,-0.202535788256));
#16610 = VECTOR('',#16611,1.);
#16611 = DIRECTION('',(-0.257480965176,0.966283370742));
#16612 = ( GEOMETRIC_REPRESENTATION_CONTEXT(2) 
PARAMETRIC_REPRESENTATION_CONTEXT() REPRESENTATION_CONTEXT('2D SPACE',''
  ) );
#16613 = ORIENTED_EDGE('',*,*,#16494,.F.);
#16614 = ADVANCED_FACE('',(#16615),#6135,.T.);
#16615 = FACE_BOUND('',#16616,.T.);
#16616 = EDGE_LOOP('',(#16617,#16636,#16637,#16638));
#16617 = ORIENTED_EDGE('',*,*,#16618,.F.);
#16618 = EDGE_CURVE('',#6352,#14525,#16619,.T.);
#16619 = SURFACE_CURVE('',#16620,(#16624,#16630),.PCURVE_S1.);
#16620 = LINE('',#16621,#16622);
#16621 = CARTESIAN_POINT('',(60.04,38.05,113.33));
#16622 = VECTOR('',#16623,1.);
#16623 = DIRECTION('',(-2.617694830787E-02,0.999657324976,
    -5.448637568553E-18));
#16624 = PCURVE('',#6135,#16625);
#16625 = DEFINITIONAL_REPRESENTATION('',(#16626),#16629);
#16626 = B_SPLINE_CURVE_WITH_KNOTS('',1,(#16627,#16628),.UNSPECIFIED.,
  .F.,.F.,(2,2),(0.,2.100719864231),.PIECEWISE_BEZIER_KNOTS.);
#16627 = CARTESIAN_POINT('',(0.,1.481325420166E-17));
#16628 = CARTESIAN_POINT('',(2.100719864231,1.481325420166E-17));
#16629 = ( GEOMETRIC_REPRESENTATION_CONTEXT(2) 
PARAMETRIC_REPRESENTATION_CONTEXT() REPRESENTATION_CONTEXT('2D SPACE',''
  ) );
#16630 = PCURVE('',#6262,#16631);
#16631 = DEFINITIONAL_REPRESENTATION('',(#16632),#16635);
#16632 = B_SPLINE_CURVE_WITH_KNOTS('',1,(#16633,#16634),.UNSPECIFIED.,
  .F.,.F.,(2,2),(0.,2.100719864231),.PIECEWISE_BEZIER_KNOTS.);
#16633 = CARTESIAN_POINT('',(4.712388980385,0.));
#16634 = CARTESIAN_POINT('',(4.712388980385,2.1));
#16635 = ( GEOMETRIC_REPRESENTATION_CONTEXT(2) 
PARAMETRIC_REPRESENTATION_CONTEXT() REPRESENTATION_CONTEXT('2D SPACE',''
  ) );
#16636 = ORIENTED_EDGE('',*,*,#6373,.F.);
#16637 = ORIENTED_EDGE('',*,*,#6120,.T.);
#16638 = ORIENTED_EDGE('',*,*,#14524,.T.);
#16639 = ADVANCED_FACE('',(#16640),#6262,.F.);
#16640 = FACE_BOUND('',#16641,.F.);
#16641 = EDGE_LOOP('',(#16642,#16643,#16644,#16645));
#16642 = ORIENTED_EDGE('',*,*,#16618,.F.);
#16643 = ORIENTED_EDGE('',*,*,#6398,.T.);
#16644 = ORIENTED_EDGE('',*,*,#6247,.T.);
#16645 = ORIENTED_EDGE('',*,*,#14574,.F.);
#16646 = ADVANCED_FACE('',(#16647),#6490,.F.);
#16647 = FACE_BOUND('',#16648,.F.);
#16648 = EDGE_LOOP('',(#16649,#16668,#16669,#16688));
#16649 = ORIENTED_EDGE('',*,*,#16650,.F.);
#16650 = EDGE_CURVE('',#6455,#8222,#16651,.T.);
#16651 = SURFACE_CURVE('',#16652,(#16656,#16662),.PCURVE_S1.);
#16652 = LINE('',#16653,#16654);
#16653 = CARTESIAN_POINT('',(60.902040292548,38.35,117.57723127035));
#16654 = VECTOR('',#16655,1.);
#16655 = DIRECTION('',(2.32966050474E-02,0.999657324976,
    -1.193737056385E-02));
#16656 = PCURVE('',#6490,#16657);
#16657 = DEFINITIONAL_REPRESENTATION('',(#16658),#16661);
#16658 = B_SPLINE_CURVE_WITH_KNOTS('',1,(#16659,#16660),.UNSPECIFIED.,
  .F.,.F.,(2,2),(-1.142798056463E-17,1.500514188736),
  .PIECEWISE_BEZIER_KNOTS.);
#16659 = CARTESIAN_POINT('',(-1.142798056463E-17,13.660984591163));
#16660 = CARTESIAN_POINT('',(1.500514188736,13.660984591163));
#16661 = ( GEOMETRIC_REPRESENTATION_CONTEXT(2) 
PARAMETRIC_REPRESENTATION_CONTEXT() REPRESENTATION_CONTEXT('2D SPACE',''
  ) );
#16662 = PCURVE('',#6523,#16663);
#16663 = DEFINITIONAL_REPRESENTATION('',(#16664),#16667);
#16664 = B_SPLINE_CURVE_WITH_KNOTS('',1,(#16665,#16666),.UNSPECIFIED.,
  .F.,.F.,(2,2),(-1.142798056463E-17,1.500514188736),
  .PIECEWISE_BEZIER_KNOTS.);
#16665 = CARTESIAN_POINT('',(0.,0.));
#16666 = CARTESIAN_POINT('',(0.,-1.5));
#16667 = ( GEOMETRIC_REPRESENTATION_CONTEXT(2) 
PARAMETRIC_REPRESENTATION_CONTEXT() REPRESENTATION_CONTEXT('2D SPACE',''
  ) );
#16668 = ORIENTED_EDGE('',*,*,#6476,.F.);
#16669 = ORIENTED_EDGE('',*,*,#16670,.T.);
#16670 = EDGE_CURVE('',#6426,#8193,#16671,.T.);
#16671 = SURFACE_CURVE('',#16672,(#16676,#16682),.PCURVE_S1.);
#16672 = LINE('',#16673,#16674);
#16673 = CARTESIAN_POINT('',(54.672275332408,38.35,105.41941368078));
#16674 = VECTOR('',#16675,1.);
#16675 = DIRECTION('',(2.32966050474E-02,0.999657324976,
    -1.193737056385E-02));
#16676 = PCURVE('',#6490,#16677);
#16677 = DEFINITIONAL_REPRESENTATION('',(#16678),#16681);
#16678 = B_SPLINE_CURVE_WITH_KNOTS('',1,(#16679,#16680),.UNSPECIFIED.,
  .F.,.F.,(2,2),(0.,1.500514188736),.PIECEWISE_BEZIER_KNOTS.);
#16679 = CARTESIAN_POINT('',(-1.142798056463E-17,-1.561251128379E-16));
#16680 = CARTESIAN_POINT('',(1.500514188736,-1.561251128379E-16));
#16681 = ( GEOMETRIC_REPRESENTATION_CONTEXT(2) 
PARAMETRIC_REPRESENTATION_CONTEXT() REPRESENTATION_CONTEXT('2D SPACE',''
  ) );
#16682 = PCURVE('',#6644,#16683);
#16683 = DEFINITIONAL_REPRESENTATION('',(#16684),#16687);
#16684 = B_SPLINE_CURVE_WITH_KNOTS('',1,(#16685,#16686),.UNSPECIFIED.,
  .F.,.F.,(2,2),(0.,1.500514188736),.PIECEWISE_BEZIER_KNOTS.);
#16685 = CARTESIAN_POINT('',(-4.088642238383,0.));
#16686 = CARTESIAN_POINT('',(-4.088642238383,-1.5));
#16687 = ( GEOMETRIC_REPRESENTATION_CONTEXT(2) 
PARAMETRIC_REPRESENTATION_CONTEXT() REPRESENTATION_CONTEXT('2D SPACE',''
  ) );
#16688 = ORIENTED_EDGE('',*,*,#8243,.T.);
#16689 = ADVANCED_FACE('',(#16690),#6523,.T.);
#16690 = FACE_BOUND('',#16691,.T.);
#16691 = EDGE_LOOP('',(#16692,#16693,#16694,#16713));
#16692 = ORIENTED_EDGE('',*,*,#16650,.F.);
#16693 = ORIENTED_EDGE('',*,*,#6506,.T.);
#16694 = ORIENTED_EDGE('',*,*,#16695,.T.);
#16695 = EDGE_CURVE('',#6507,#8345,#16696,.T.);
#16696 = SURFACE_CURVE('',#16697,(#16701,#16707),.PCURVE_S1.);
#16697 = LINE('',#16698,#16699);
#16698 = CARTESIAN_POINT('',(63.037959707453,38.35,117.57723127035));
#16699 = VECTOR('',#16700,1.);
#16700 = DIRECTION('',(-2.32966050474E-02,0.999657324976,
    -1.193737056385E-02));
#16701 = PCURVE('',#6523,#16702);
#16702 = DEFINITIONAL_REPRESENTATION('',(#16703),#16706);
#16703 = B_SPLINE_CURVE_WITH_KNOTS('',1,(#16704,#16705),.UNSPECIFIED.,
  .F.,.F.,(2,2),(0.,1.500514188736),.PIECEWISE_BEZIER_KNOTS.);
#16704 = CARTESIAN_POINT('',(-2.194543068796,0.));
#16705 = CARTESIAN_POINT('',(-2.194543068796,-1.5));
#16706 = ( GEOMETRIC_REPRESENTATION_CONTEXT(2) 
PARAMETRIC_REPRESENTATION_CONTEXT() REPRESENTATION_CONTEXT('2D SPACE',''
  ) );
#16707 = PCURVE('',#6603,#16708);
#16708 = DEFINITIONAL_REPRESENTATION('',(#16709),#16712);
#16709 = B_SPLINE_CURVE_WITH_KNOTS('',1,(#16710,#16711),.UNSPECIFIED.,
  .F.,.F.,(2,2),(0.,1.500514188736),.PIECEWISE_BEZIER_KNOTS.);
#16710 = CARTESIAN_POINT('',(-2.372238449762E-17,-6.357761539455E-16));
#16711 = CARTESIAN_POINT('',(1.500514188736,-6.357761539455E-16));
#16712 = ( GEOMETRIC_REPRESENTATION_CONTEXT(2) 
PARAMETRIC_REPRESENTATION_CONTEXT() REPRESENTATION_CONTEXT('2D SPACE',''
  ) );
#16713 = ORIENTED_EDGE('',*,*,#8344,.F.);
#16714 = ADVANCED_FACE('',(#16715),#6603,.F.);
#16715 = FACE_BOUND('',#16716,.F.);
#16716 = EDGE_LOOP('',(#16717,#16718,#16719,#16738));
#16717 = ORIENTED_EDGE('',*,*,#16695,.T.);
#16718 = ORIENTED_EDGE('',*,*,#8395,.T.);
#16719 = ORIENTED_EDGE('',*,*,#16720,.F.);
#16720 = EDGE_CURVE('',#6562,#8268,#16721,.T.);
#16721 = SURFACE_CURVE('',#16722,(#16726,#16732),.PCURVE_S1.);
#16722 = LINE('',#16723,#16724);
#16723 = CARTESIAN_POINT('',(69.267724667592,38.35,105.41941368078));
#16724 = VECTOR('',#16725,1.);
#16725 = DIRECTION('',(-2.32966050474E-02,0.999657324976,
    -1.193737056385E-02));
#16726 = PCURVE('',#6603,#16727);
#16727 = DEFINITIONAL_REPRESENTATION('',(#16728),#16731);
#16728 = B_SPLINE_CURVE_WITH_KNOTS('',1,(#16729,#16730),.UNSPECIFIED.,
  .F.,.F.,(2,2),(-2.372238449762E-17,1.500514188736),
  .PIECEWISE_BEZIER_KNOTS.);
#16729 = CARTESIAN_POINT('',(-2.372238449762E-17,13.660984591163));
#16730 = CARTESIAN_POINT('',(1.500514188736,13.660984591163));
#16731 = ( GEOMETRIC_REPRESENTATION_CONTEXT(2) 
PARAMETRIC_REPRESENTATION_CONTEXT() REPRESENTATION_CONTEXT('2D SPACE',''
  ) );
#16732 = PCURVE('',#6644,#16733);
#16733 = DEFINITIONAL_REPRESENTATION('',(#16734),#16737);
#16734 = B_SPLINE_CURVE_WITH_KNOTS('',1,(#16735,#16736),.UNSPECIFIED.,
  .F.,.F.,(2,2),(-2.372238449762E-17,1.500514188736),
  .PIECEWISE_BEZIER_KNOTS.);
#16735 = CARTESIAN_POINT('',(0.,0.));
#16736 = CARTESIAN_POINT('',(0.,-1.5));
#16737 = ( GEOMETRIC_REPRESENTATION_CONTEXT(2) 
PARAMETRIC_REPRESENTATION_CONTEXT() REPRESENTATION_CONTEXT('2D SPACE',''
  ) );
#16738 = ORIENTED_EDGE('',*,*,#6589,.F.);
#16739 = ADVANCED_FACE('',(#16740),#6644,.T.);
#16740 = FACE_BOUND('',#16741,.T.);
#16741 = EDGE_LOOP('',(#16742,#16743,#16744,#16745));
#16742 = ORIENTED_EDGE('',*,*,#16720,.F.);
#16743 = ORIENTED_EDGE('',*,*,#6621,.T.);
#16744 = ORIENTED_EDGE('',*,*,#16670,.T.);
#16745 = ORIENTED_EDGE('',*,*,#8297,.F.);
#16746 = ADVANCED_FACE('',(#16747),#6691,.T.);
#16747 = FACE_BOUND('',#16748,.F.);
#16748 = EDGE_LOOP('',(#16749,#16750,#16751,#16752));
#16749 = ORIENTED_EDGE('',*,*,#6786,.F.);
#16750 = ORIENTED_EDGE('',*,*,#6672,.T.);
#16751 = ORIENTED_EDGE('',*,*,#7029,.F.);
#16752 = ORIENTED_EDGE('',*,*,#16753,.F.);
#16753 = EDGE_CURVE('',#6787,#7003,#16754,.T.);
#16754 = SURFACE_CURVE('',#16755,(#16760,#16767),.PCURVE_S1.);
#16755 = CIRCLE('',#16756,3.4);
#16756 = AXIS2_PLACEMENT_3D('',#16757,#16758,#16759);
#16757 = CARTESIAN_POINT('',(61.97,35.4,102.68));
#16758 = DIRECTION('',(0.,1.,0.));
#16759 = DIRECTION('',(0.769757614668,-0.,0.638336286498));
#16760 = PCURVE('',#6691,#16761);
#16761 = DEFINITIONAL_REPRESENTATION('',(#16762),#16766);
#16762 = CIRCLE('',#16763,3.4);
#16763 = AXIS2_PLACEMENT_2D('',#16764,#16765);
#16764 = CARTESIAN_POINT('',(0.,0.));
#16765 = DIRECTION('',(0.769757614668,-0.638336286498));
#16766 = ( GEOMETRIC_REPRESENTATION_CONTEXT(2) 
PARAMETRIC_REPRESENTATION_CONTEXT() REPRESENTATION_CONTEXT('2D SPACE',''
  ) );
#16767 = PCURVE('',#6824,#16768);
#16768 = DEFINITIONAL_REPRESENTATION('',(#16769),#16773);
#16769 = LINE('',#16770,#16771);
#16770 = CARTESIAN_POINT('',(5.590850330902,-0.));
#16771 = VECTOR('',#16772,1.);
#16772 = DIRECTION('',(1.,-0.));
#16773 = ( GEOMETRIC_REPRESENTATION_CONTEXT(2) 
PARAMETRIC_REPRESENTATION_CONTEXT() REPRESENTATION_CONTEXT('2D SPACE',''
  ) );
#16774 = ADVANCED_FACE('',(#16775),#6880,.F.);
#16775 = FACE_BOUND('',#16776,.F.);
#16776 = EDGE_LOOP('',(#16777,#16778,#16779,#16801));
#16777 = ORIENTED_EDGE('',*,*,#6900,.F.);
#16778 = ORIENTED_EDGE('',*,*,#6865,.F.);
#16779 = ORIENTED_EDGE('',*,*,#16780,.T.);
#16780 = EDGE_CURVE('',#6840,#6955,#16781,.T.);
#16781 = SURFACE_CURVE('',#16782,(#16787,#16794),.PCURVE_S1.);
#16782 = CIRCLE('',#16783,2.35);
#16783 = AXIS2_PLACEMENT_3D('',#16784,#16785,#16786);
#16784 = CARTESIAN_POINT('',(61.97,34.3,102.68));
#16785 = DIRECTION('',(0.,1.,0.));
#16786 = DIRECTION('',(0.803193744538,-0.,0.595717893583));
#16787 = PCURVE('',#6880,#16788);
#16788 = DEFINITIONAL_REPRESENTATION('',(#16789),#16793);
#16789 = LINE('',#16790,#16791);
#16790 = CARTESIAN_POINT('',(-5.64502615565,-0.));
#16791 = VECTOR('',#16792,1.);
#16792 = DIRECTION('',(-1.,-0.));
#16793 = ( GEOMETRIC_REPRESENTATION_CONTEXT(2) 
PARAMETRIC_REPRESENTATION_CONTEXT() REPRESENTATION_CONTEXT('2D SPACE',''
  ) );
#16794 = PCURVE('',#6854,#16795);
#16795 = DEFINITIONAL_REPRESENTATION('',(#16796),#16800);
#16796 = CIRCLE('',#16797,2.35);
#16797 = AXIS2_PLACEMENT_2D('',#16798,#16799);
#16798 = CARTESIAN_POINT('',(0.,0.));
#16799 = DIRECTION('',(0.803193744538,-0.595717893583));
#16800 = ( GEOMETRIC_REPRESENTATION_CONTEXT(2) 
PARAMETRIC_REPRESENTATION_CONTEXT() REPRESENTATION_CONTEXT('2D SPACE',''
  ) );
#16801 = ORIENTED_EDGE('',*,*,#6954,.F.);
#16802 = ADVANCED_FACE('',(#16803),#6854,.F.);
#16803 = FACE_BOUND('',#16804,.F.);
#16804 = EDGE_LOOP('',(#16805,#16806,#16828,#16829));
#16805 = ORIENTED_EDGE('',*,*,#6839,.F.);
#16806 = ORIENTED_EDGE('',*,*,#16807,.T.);
#16807 = EDGE_CURVE('',#6808,#6982,#16808,.T.);
#16808 = SURFACE_CURVE('',#16809,(#16814,#16821),.PCURVE_S1.);
#16809 = CIRCLE('',#16810,2.764914703891);
#16810 = AXIS2_PLACEMENT_3D('',#16811,#16812,#16813);
#16811 = CARTESIAN_POINT('',(61.97,34.3,102.68));
#16812 = DIRECTION('',(0.,1.,0.));
#16813 = DIRECTION('',(0.789758739232,-0.,0.613417585178));
#16814 = PCURVE('',#6854,#16815);
#16815 = DEFINITIONAL_REPRESENTATION('',(#16816),#16820);
#16816 = CIRCLE('',#16817,2.764914703891);
#16817 = AXIS2_PLACEMENT_2D('',#16818,#16819);
#16818 = CARTESIAN_POINT('',(0.,0.));
#16819 = DIRECTION('',(0.789758739232,-0.613417585178));
#16820 = ( GEOMETRIC_REPRESENTATION_CONTEXT(2) 
PARAMETRIC_REPRESENTATION_CONTEXT() REPRESENTATION_CONTEXT('2D SPACE',''
  ) );
#16821 = PCURVE('',#6824,#16822);
#16822 = DEFINITIONAL_REPRESENTATION('',(#16823),#16827);
#16823 = LINE('',#16824,#16825);
#16824 = CARTESIAN_POINT('',(5.622804572232,-1.1));
#16825 = VECTOR('',#16826,1.);
#16826 = DIRECTION('',(1.,-0.));
#16827 = ( GEOMETRIC_REPRESENTATION_CONTEXT(2) 
PARAMETRIC_REPRESENTATION_CONTEXT() REPRESENTATION_CONTEXT('2D SPACE',''
  ) );
#16828 = ORIENTED_EDGE('',*,*,#6981,.F.);
#16829 = ORIENTED_EDGE('',*,*,#16780,.F.);
#16830 = ADVANCED_FACE('',(#16831),#6824,.T.);
#16831 = FACE_BOUND('',#16832,.F.);
#16832 = EDGE_LOOP('',(#16833,#16834,#16835,#16836));
#16833 = ORIENTED_EDGE('',*,*,#16753,.T.);
#16834 = ORIENTED_EDGE('',*,*,#7002,.T.);
#16835 = ORIENTED_EDGE('',*,*,#16807,.F.);
#16836 = ORIENTED_EDGE('',*,*,#6807,.T.);
#16837 = ADVANCED_FACE('',(#16838),#7122,.T.);
#16838 = FACE_BOUND('',#16839,.F.);
#16839 = EDGE_LOOP('',(#16840,#16841,#16842,#16843));
#16840 = ORIENTED_EDGE('',*,*,#7166,.F.);
#16841 = ORIENTED_EDGE('',*,*,#7107,.T.);
#16842 = ORIENTED_EDGE('',*,*,#7409,.F.);
#16843 = ORIENTED_EDGE('',*,*,#16844,.F.);
#16844 = EDGE_CURVE('',#7167,#7383,#16845,.T.);
#16845 = SURFACE_CURVE('',#16846,(#16851,#16858),.PCURVE_S1.);
#16846 = CIRCLE('',#16847,3.4);
#16847 = AXIS2_PLACEMENT_3D('',#16848,#16849,#16850);
#16848 = CARTESIAN_POINT('',(61.97,35.4,102.68));
#16849 = DIRECTION('',(-0.,1.,0.));
#16850 = DIRECTION('',(1.,0.,0.));
#16851 = PCURVE('',#7122,#16852);
#16852 = DEFINITIONAL_REPRESENTATION('',(#16853),#16857);
#16853 = CIRCLE('',#16854,3.4);
#16854 = AXIS2_PLACEMENT_2D('',#16855,#16856);
#16855 = CARTESIAN_POINT('',(0.,0.));
#16856 = DIRECTION('',(1.,-0.));
#16857 = ( GEOMETRIC_REPRESENTATION_CONTEXT(2) 
PARAMETRIC_REPRESENTATION_CONTEXT() REPRESENTATION_CONTEXT('2D SPACE',''
  ) );
#16858 = PCURVE('',#7204,#16859);
#16859 = DEFINITIONAL_REPRESENTATION('',(#16860),#16864);
#16860 = LINE('',#16861,#16862);
#16861 = CARTESIAN_POINT('',(0.,-0.));
#16862 = VECTOR('',#16863,1.);
#16863 = DIRECTION('',(1.,-0.));
#16864 = ( GEOMETRIC_REPRESENTATION_CONTEXT(2) 
PARAMETRIC_REPRESENTATION_CONTEXT() REPRESENTATION_CONTEXT('2D SPACE',''
  ) );
#16865 = ADVANCED_FACE('',(#16866),#7260,.F.);
#16866 = FACE_BOUND('',#16867,.F.);
#16867 = EDGE_LOOP('',(#16868,#16869,#16891,#16892));
#16868 = ORIENTED_EDGE('',*,*,#7245,.F.);
#16869 = ORIENTED_EDGE('',*,*,#16870,.T.);
#16870 = EDGE_CURVE('',#7220,#7335,#16871,.T.);
#16871 = SURFACE_CURVE('',#16872,(#16877,#16884),.PCURVE_S1.);
#16872 = CIRCLE('',#16873,2.35);
#16873 = AXIS2_PLACEMENT_3D('',#16874,#16875,#16876);
#16874 = CARTESIAN_POINT('',(61.97,34.3,102.68));
#16875 = DIRECTION('',(-0.,1.,0.));
#16876 = DIRECTION('',(1.,0.,0.));
#16877 = PCURVE('',#7260,#16878);
#16878 = DEFINITIONAL_REPRESENTATION('',(#16879),#16883);
#16879 = LINE('',#16880,#16881);
#16880 = CARTESIAN_POINT('',(-0.,-0.));
#16881 = VECTOR('',#16882,1.);
#16882 = DIRECTION('',(-1.,-0.));
#16883 = ( GEOMETRIC_REPRESENTATION_CONTEXT(2) 
PARAMETRIC_REPRESENTATION_CONTEXT() REPRESENTATION_CONTEXT('2D SPACE',''
  ) );
#16884 = PCURVE('',#7234,#16885);
#16885 = DEFINITIONAL_REPRESENTATION('',(#16886),#16890);
#16886 = CIRCLE('',#16887,2.35);
#16887 = AXIS2_PLACEMENT_2D('',#16888,#16889);
#16888 = CARTESIAN_POINT('',(0.,0.));
#16889 = DIRECTION('',(1.,0.));
#16890 = ( GEOMETRIC_REPRESENTATION_CONTEXT(2) 
PARAMETRIC_REPRESENTATION_CONTEXT() REPRESENTATION_CONTEXT('2D SPACE',''
  ) );
#16891 = ORIENTED_EDGE('',*,*,#7334,.F.);
#16892 = ORIENTED_EDGE('',*,*,#7279,.F.);
#16893 = ADVANCED_FACE('',(#16894),#7234,.F.);
#16894 = FACE_BOUND('',#16895,.F.);
#16895 = EDGE_LOOP('',(#16896,#16897,#16919,#16920));
#16896 = ORIENTED_EDGE('',*,*,#7219,.F.);
#16897 = ORIENTED_EDGE('',*,*,#16898,.T.);
#16898 = EDGE_CURVE('',#7188,#7362,#16899,.T.);
#16899 = SURFACE_CURVE('',#16900,(#16905,#16912),.PCURVE_S1.);
#16900 = CIRCLE('',#16901,2.764914703891);
#16901 = AXIS2_PLACEMENT_3D('',#16902,#16903,#16904);
#16902 = CARTESIAN_POINT('',(61.97,34.3,102.68));
#16903 = DIRECTION('',(-0.,1.,0.));
#16904 = DIRECTION('',(1.,0.,0.));
#16905 = PCURVE('',#7234,#16906);
#16906 = DEFINITIONAL_REPRESENTATION('',(#16907),#16911);
#16907 = CIRCLE('',#16908,2.764914703891);
#16908 = AXIS2_PLACEMENT_2D('',#16909,#16910);
#16909 = CARTESIAN_POINT('',(0.,0.));
#16910 = DIRECTION('',(1.,0.));
#16911 = ( GEOMETRIC_REPRESENTATION_CONTEXT(2) 
PARAMETRIC_REPRESENTATION_CONTEXT() REPRESENTATION_CONTEXT('2D SPACE',''
  ) );
#16912 = PCURVE('',#7204,#16913);
#16913 = DEFINITIONAL_REPRESENTATION('',(#16914),#16918);
#16914 = LINE('',#16915,#16916);
#16915 = CARTESIAN_POINT('',(0.,-1.1));
#16916 = VECTOR('',#16917,1.);
#16917 = DIRECTION('',(1.,-0.));
#16918 = ( GEOMETRIC_REPRESENTATION_CONTEXT(2) 
PARAMETRIC_REPRESENTATION_CONTEXT() REPRESENTATION_CONTEXT('2D SPACE',''
  ) );
#16919 = ORIENTED_EDGE('',*,*,#7361,.F.);
#16920 = ORIENTED_EDGE('',*,*,#16870,.F.);
#16921 = ADVANCED_FACE('',(#16922),#7204,.T.);
#16922 = FACE_BOUND('',#16923,.F.);
#16923 = EDGE_LOOP('',(#16924,#16925,#16926,#16927));
#16924 = ORIENTED_EDGE('',*,*,#7187,.T.);
#16925 = ORIENTED_EDGE('',*,*,#16844,.T.);
#16926 = ORIENTED_EDGE('',*,*,#7382,.T.);
#16927 = ORIENTED_EDGE('',*,*,#16898,.F.);
#16928 = ADVANCED_FACE('',(#16929),#7502,.T.);
#16929 = FACE_BOUND('',#16930,.F.);
#16930 = EDGE_LOOP('',(#16931,#16932,#16933,#16934));
#16931 = ORIENTED_EDGE('',*,*,#7546,.F.);
#16932 = ORIENTED_EDGE('',*,*,#7487,.T.);
#16933 = ORIENTED_EDGE('',*,*,#7789,.F.);
#16934 = ORIENTED_EDGE('',*,*,#16935,.F.);
#16935 = EDGE_CURVE('',#7547,#7763,#16936,.T.);
#16936 = SURFACE_CURVE('',#16937,(#16942,#16949),.PCURVE_S1.);
#16937 = CIRCLE('',#16938,3.4);
#16938 = AXIS2_PLACEMENT_3D('',#16939,#16940,#16941);
#16939 = CARTESIAN_POINT('',(61.97,35.4,102.68));
#16940 = DIRECTION('',(-0.,1.,0.));
#16941 = DIRECTION('',(1.,0.,0.));
#16942 = PCURVE('',#7502,#16943);
#16943 = DEFINITIONAL_REPRESENTATION('',(#16944),#16948);
#16944 = CIRCLE('',#16945,3.4);
#16945 = AXIS2_PLACEMENT_2D('',#16946,#16947);
#16946 = CARTESIAN_POINT('',(0.,0.));
#16947 = DIRECTION('',(1.,-0.));
#16948 = ( GEOMETRIC_REPRESENTATION_CONTEXT(2) 
PARAMETRIC_REPRESENTATION_CONTEXT() REPRESENTATION_CONTEXT('2D SPACE',''
  ) );
#16949 = PCURVE('',#7584,#16950);
#16950 = DEFINITIONAL_REPRESENTATION('',(#16951),#16955);
#16951 = LINE('',#16952,#16953);
#16952 = CARTESIAN_POINT('',(0.,-0.));
#16953 = VECTOR('',#16954,1.);
#16954 = DIRECTION('',(1.,-0.));
#16955 = ( GEOMETRIC_REPRESENTATION_CONTEXT(2) 
PARAMETRIC_REPRESENTATION_CONTEXT() REPRESENTATION_CONTEXT('2D SPACE',''
  ) );
#16956 = ADVANCED_FACE('',(#16957),#7640,.F.);
#16957 = FACE_BOUND('',#16958,.F.);
#16958 = EDGE_LOOP('',(#16959,#16960,#16982,#16983));
#16959 = ORIENTED_EDGE('',*,*,#7625,.F.);
#16960 = ORIENTED_EDGE('',*,*,#16961,.T.);
#16961 = EDGE_CURVE('',#7600,#7715,#16962,.T.);
#16962 = SURFACE_CURVE('',#16963,(#16968,#16975),.PCURVE_S1.);
#16963 = CIRCLE('',#16964,2.35);
#16964 = AXIS2_PLACEMENT_3D('',#16965,#16966,#16967);
#16965 = CARTESIAN_POINT('',(61.97,34.3,102.68));
#16966 = DIRECTION('',(-0.,1.,0.));
#16967 = DIRECTION('',(1.,0.,0.));
#16968 = PCURVE('',#7640,#16969);
#16969 = DEFINITIONAL_REPRESENTATION('',(#16970),#16974);
#16970 = LINE('',#16971,#16972);
#16971 = CARTESIAN_POINT('',(-0.,-0.));
#16972 = VECTOR('',#16973,1.);
#16973 = DIRECTION('',(-1.,-0.));
#16974 = ( GEOMETRIC_REPRESENTATION_CONTEXT(2) 
PARAMETRIC_REPRESENTATION_CONTEXT() REPRESENTATION_CONTEXT('2D SPACE',''
  ) );
#16975 = PCURVE('',#7614,#16976);
#16976 = DEFINITIONAL_REPRESENTATION('',(#16977),#16981);
#16977 = CIRCLE('',#16978,2.35);
#16978 = AXIS2_PLACEMENT_2D('',#16979,#16980);
#16979 = CARTESIAN_POINT('',(0.,0.));
#16980 = DIRECTION('',(1.,0.));
#16981 = ( GEOMETRIC_REPRESENTATION_CONTEXT(2) 
PARAMETRIC_REPRESENTATION_CONTEXT() REPRESENTATION_CONTEXT('2D SPACE',''
  ) );
#16982 = ORIENTED_EDGE('',*,*,#7714,.F.);
#16983 = ORIENTED_EDGE('',*,*,#7659,.F.);
#16984 = ADVANCED_FACE('',(#16985),#7614,.F.);
#16985 = FACE_BOUND('',#16986,.F.);
#16986 = EDGE_LOOP('',(#16987,#16988,#17010,#17011));
#16987 = ORIENTED_EDGE('',*,*,#7599,.F.);
#16988 = ORIENTED_EDGE('',*,*,#16989,.T.);
#16989 = EDGE_CURVE('',#7568,#7742,#16990,.T.);
#16990 = SURFACE_CURVE('',#16991,(#16996,#17003),.PCURVE_S1.);
#16991 = CIRCLE('',#16992,2.764914703891);
#16992 = AXIS2_PLACEMENT_3D('',#16993,#16994,#16995);
#16993 = CARTESIAN_POINT('',(61.97,34.3,102.68));
#16994 = DIRECTION('',(-0.,1.,0.));
#16995 = DIRECTION('',(1.,0.,0.));
#16996 = PCURVE('',#7614,#16997);
#16997 = DEFINITIONAL_REPRESENTATION('',(#16998),#17002);
#16998 = CIRCLE('',#16999,2.764914703891);
#16999 = AXIS2_PLACEMENT_2D('',#17000,#17001);
#17000 = CARTESIAN_POINT('',(0.,0.));
#17001 = DIRECTION('',(1.,0.));
#17002 = ( GEOMETRIC_REPRESENTATION_CONTEXT(2) 
PARAMETRIC_REPRESENTATION_CONTEXT() REPRESENTATION_CONTEXT('2D SPACE',''
  ) );
#17003 = PCURVE('',#7584,#17004);
#17004 = DEFINITIONAL_REPRESENTATION('',(#17005),#17009);
#17005 = LINE('',#17006,#17007);
#17006 = CARTESIAN_POINT('',(0.,-1.1));
#17007 = VECTOR('',#17008,1.);
#17008 = DIRECTION('',(1.,-0.));
#17009 = ( GEOMETRIC_REPRESENTATION_CONTEXT(2) 
PARAMETRIC_REPRESENTATION_CONTEXT() REPRESENTATION_CONTEXT('2D SPACE',''
  ) );
#17010 = ORIENTED_EDGE('',*,*,#7741,.F.);
#17011 = ORIENTED_EDGE('',*,*,#16961,.F.);
#17012 = ADVANCED_FACE('',(#17013),#7584,.T.);
#17013 = FACE_BOUND('',#17014,.F.);
#17014 = EDGE_LOOP('',(#17015,#17016,#17017,#17018));
#17015 = ORIENTED_EDGE('',*,*,#7567,.T.);
#17016 = ORIENTED_EDGE('',*,*,#16935,.T.);
#17017 = ORIENTED_EDGE('',*,*,#7762,.T.);
#17018 = ORIENTED_EDGE('',*,*,#16989,.F.);
#17019 = ADVANCED_FACE('',(#17020),#7882,.T.);
#17020 = FACE_BOUND('',#17021,.F.);
#17021 = EDGE_LOOP('',(#17022,#17023,#17024,#17025));
#17022 = ORIENTED_EDGE('',*,*,#7926,.F.);
#17023 = ORIENTED_EDGE('',*,*,#7867,.T.);
#17024 = ORIENTED_EDGE('',*,*,#8169,.F.);
#17025 = ORIENTED_EDGE('',*,*,#17026,.F.);
#17026 = EDGE_CURVE('',#7927,#8143,#17027,.T.);
#17027 = SURFACE_CURVE('',#17028,(#17033,#17040),.PCURVE_S1.);
#17028 = CIRCLE('',#17029,3.4);
#17029 = AXIS2_PLACEMENT_3D('',#17030,#17031,#17032);
#17030 = CARTESIAN_POINT('',(61.97,35.4,102.68));
#17031 = DIRECTION('',(-0.,1.,0.));
#17032 = DIRECTION('',(1.,0.,0.));
#17033 = PCURVE('',#7882,#17034);
#17034 = DEFINITIONAL_REPRESENTATION('',(#17035),#17039);
#17035 = CIRCLE('',#17036,3.4);
#17036 = AXIS2_PLACEMENT_2D('',#17037,#17038);
#17037 = CARTESIAN_POINT('',(0.,0.));
#17038 = DIRECTION('',(1.,-0.));
#17039 = ( GEOMETRIC_REPRESENTATION_CONTEXT(2) 
PARAMETRIC_REPRESENTATION_CONTEXT() REPRESENTATION_CONTEXT('2D SPACE',''
  ) );
#17040 = PCURVE('',#7964,#17041);
#17041 = DEFINITIONAL_REPRESENTATION('',(#17042),#17046);
#17042 = LINE('',#17043,#17044);
#17043 = CARTESIAN_POINT('',(0.,-0.));
#17044 = VECTOR('',#17045,1.);
#17045 = DIRECTION('',(1.,-0.));
#17046 = ( GEOMETRIC_REPRESENTATION_CONTEXT(2) 
PARAMETRIC_REPRESENTATION_CONTEXT() REPRESENTATION_CONTEXT('2D SPACE',''
  ) );
#17047 = ADVANCED_FACE('',(#17048),#8020,.F.);
#17048 = FACE_BOUND('',#17049,.F.);
#17049 = EDGE_LOOP('',(#17050,#17051,#17073,#17074));
#17050 = ORIENTED_EDGE('',*,*,#8005,.F.);
#17051 = ORIENTED_EDGE('',*,*,#17052,.T.);
#17052 = EDGE_CURVE('',#7980,#8095,#17053,.T.);
#17053 = SURFACE_CURVE('',#17054,(#17059,#17066),.PCURVE_S1.);
#17054 = CIRCLE('',#17055,2.35);
#17055 = AXIS2_PLACEMENT_3D('',#17056,#17057,#17058);
#17056 = CARTESIAN_POINT('',(61.97,34.3,102.68));
#17057 = DIRECTION('',(-0.,1.,0.));
#17058 = DIRECTION('',(1.,0.,0.));
#17059 = PCURVE('',#8020,#17060);
#17060 = DEFINITIONAL_REPRESENTATION('',(#17061),#17065);
#17061 = LINE('',#17062,#17063);
#17062 = CARTESIAN_POINT('',(-0.,-0.));
#17063 = VECTOR('',#17064,1.);
#17064 = DIRECTION('',(-1.,-0.));
#17065 = ( GEOMETRIC_REPRESENTATION_CONTEXT(2) 
PARAMETRIC_REPRESENTATION_CONTEXT() REPRESENTATION_CONTEXT('2D SPACE',''
  ) );
#17066 = PCURVE('',#7994,#17067);
#17067 = DEFINITIONAL_REPRESENTATION('',(#17068),#17072);
#17068 = CIRCLE('',#17069,2.35);
#17069 = AXIS2_PLACEMENT_2D('',#17070,#17071);
#17070 = CARTESIAN_POINT('',(0.,0.));
#17071 = DIRECTION('',(1.,0.));
#17072 = ( GEOMETRIC_REPRESENTATION_CONTEXT(2) 
PARAMETRIC_REPRESENTATION_CONTEXT() REPRESENTATION_CONTEXT('2D SPACE',''
  ) );
#17073 = ORIENTED_EDGE('',*,*,#8094,.F.);
#17074 = ORIENTED_EDGE('',*,*,#8039,.F.);
#17075 = ADVANCED_FACE('',(#17076),#7994,.F.);
#17076 = FACE_BOUND('',#17077,.F.);
#17077 = EDGE_LOOP('',(#17078,#17079,#17101,#17102));
#17078 = ORIENTED_EDGE('',*,*,#7979,.F.);
#17079 = ORIENTED_EDGE('',*,*,#17080,.T.);
#17080 = EDGE_CURVE('',#7948,#8122,#17081,.T.);
#17081 = SURFACE_CURVE('',#17082,(#17087,#17094),.PCURVE_S1.);
#17082 = CIRCLE('',#17083,2.764914703891);
#17083 = AXIS2_PLACEMENT_3D('',#17084,#17085,#17086);
#17084 = CARTESIAN_POINT('',(61.97,34.3,102.68));
#17085 = DIRECTION('',(-0.,1.,0.));
#17086 = DIRECTION('',(1.,0.,0.));
#17087 = PCURVE('',#7994,#17088);
#17088 = DEFINITIONAL_REPRESENTATION('',(#17089),#17093);
#17089 = CIRCLE('',#17090,2.764914703891);
#17090 = AXIS2_PLACEMENT_2D('',#17091,#17092);
#17091 = CARTESIAN_POINT('',(0.,0.));
#17092 = DIRECTION('',(1.,0.));
#17093 = ( GEOMETRIC_REPRESENTATION_CONTEXT(2) 
PARAMETRIC_REPRESENTATION_CONTEXT() REPRESENTATION_CONTEXT('2D SPACE',''
  ) );
#17094 = PCURVE('',#7964,#17095);
#17095 = DEFINITIONAL_REPRESENTATION('',(#17096),#17100);
#17096 = LINE('',#17097,#17098);
#17097 = CARTESIAN_POINT('',(0.,-1.1));
#17098 = VECTOR('',#17099,1.);
#17099 = DIRECTION('',(1.,-0.));
#17100 = ( GEOMETRIC_REPRESENTATION_CONTEXT(2) 
PARAMETRIC_REPRESENTATION_CONTEXT() REPRESENTATION_CONTEXT('2D SPACE',''
  ) );
#17101 = ORIENTED_EDGE('',*,*,#8121,.F.);
#17102 = ORIENTED_EDGE('',*,*,#17052,.F.);
#17103 = ADVANCED_FACE('',(#17104),#7964,.T.);
#17104 = FACE_BOUND('',#17105,.F.);
#17105 = EDGE_LOOP('',(#17106,#17107,#17108,#17109));
#17106 = ORIENTED_EDGE('',*,*,#7947,.T.);
#17107 = ORIENTED_EDGE('',*,*,#17026,.T.);
#17108 = ORIENTED_EDGE('',*,*,#8142,.T.);
#17109 = ORIENTED_EDGE('',*,*,#17080,.F.);
#17110 = ADVANCED_FACE('',(#17111),#8459,.T.);
#17111 = FACE_BOUND('',#17112,.T.);
#17112 = EDGE_LOOP('',(#17113,#17114,#17115,#17116,#17117,#17118,#17119,
    #17120,#17121,#17122,#17123,#17124,#17125,#17126,#17127,#17128,
    #17129,#17130,#17131,#17132,#17133,#17134,#17135,#17136,#17137,
    #17138,#17139,#17140));
#17113 = ORIENTED_EDGE('',*,*,#8568,.T.);
#17114 = ORIENTED_EDGE('',*,*,#8443,.T.);
#17115 = ORIENTED_EDGE('',*,*,#8497,.T.);
#17116 = ORIENTED_EDGE('',*,*,#8595,.T.);
#17117 = ORIENTED_EDGE('',*,*,#8693,.T.);
#17118 = ORIENTED_EDGE('',*,*,#8791,.T.);
#17119 = ORIENTED_EDGE('',*,*,#8889,.T.);
#17120 = ORIENTED_EDGE('',*,*,#8987,.T.);
#17121 = ORIENTED_EDGE('',*,*,#9085,.T.);
#17122 = ORIENTED_EDGE('',*,*,#9183,.T.);
#17123 = ORIENTED_EDGE('',*,*,#9281,.T.);
#17124 = ORIENTED_EDGE('',*,*,#9379,.T.);
#17125 = ORIENTED_EDGE('',*,*,#9477,.T.);
#17126 = ORIENTED_EDGE('',*,*,#9575,.T.);
#17127 = ORIENTED_EDGE('',*,*,#9673,.T.);
#17128 = ORIENTED_EDGE('',*,*,#9771,.T.);
#17129 = ORIENTED_EDGE('',*,*,#9744,.T.);
#17130 = ORIENTED_EDGE('',*,*,#9646,.T.);
#17131 = ORIENTED_EDGE('',*,*,#9548,.T.);
#17132 = ORIENTED_EDGE('',*,*,#9450,.T.);
#17133 = ORIENTED_EDGE('',*,*,#9352,.T.);
#17134 = ORIENTED_EDGE('',*,*,#9254,.T.);
#17135 = ORIENTED_EDGE('',*,*,#9156,.T.);
#17136 = ORIENTED_EDGE('',*,*,#9058,.T.);
#17137 = ORIENTED_EDGE('',*,*,#8960,.T.);
#17138 = ORIENTED_EDGE('',*,*,#8862,.T.);
#17139 = ORIENTED_EDGE('',*,*,#8764,.T.);
#17140 = ORIENTED_EDGE('',*,*,#8666,.T.);
#17141 = ADVANCED_FACE('',(#17142),#9836,.T.);
#17142 = FACE_BOUND('',#17143,.T.);
#17143 = EDGE_LOOP('',(#17144,#17145,#17146,#17147,#17148,#17149,#17150,
    #17151,#17152,#17153,#17154,#17155,#17156,#17157,#17158,#17159,
    #17160,#17161,#17162,#17163,#17164,#17165,#17166,#17167,#17168,
    #17169,#17170,#17171));
#17144 = ORIENTED_EDGE('',*,*,#9945,.T.);
#17145 = ORIENTED_EDGE('',*,*,#9820,.T.);
#17146 = ORIENTED_EDGE('',*,*,#9874,.T.);
#17147 = ORIENTED_EDGE('',*,*,#9972,.T.);
#17148 = ORIENTED_EDGE('',*,*,#10070,.T.);
#17149 = ORIENTED_EDGE('',*,*,#10168,.T.);
#17150 = ORIENTED_EDGE('',*,*,#10266,.T.);
#17151 = ORIENTED_EDGE('',*,*,#10364,.T.);
#17152 = ORIENTED_EDGE('',*,*,#10462,.T.);
#17153 = ORIENTED_EDGE('',*,*,#10560,.T.);
#17154 = ORIENTED_EDGE('',*,*,#10658,.T.);
#17155 = ORIENTED_EDGE('',*,*,#10756,.T.);
#17156 = ORIENTED_EDGE('',*,*,#10854,.T.);
#17157 = ORIENTED_EDGE('',*,*,#10952,.T.);
#17158 = ORIENTED_EDGE('',*,*,#11050,.T.);
#17159 = ORIENTED_EDGE('',*,*,#11148,.T.);
#17160 = ORIENTED_EDGE('',*,*,#11121,.T.);
#17161 = ORIENTED_EDGE('',*,*,#11023,.T.);
#17162 = ORIENTED_EDGE('',*,*,#10925,.T.);
#17163 = ORIENTED_EDGE('',*,*,#10827,.T.);
#17164 = ORIENTED_EDGE('',*,*,#10729,.T.);
#17165 = ORIENTED_EDGE('',*,*,#10631,.T.);
#17166 = ORIENTED_EDGE('',*,*,#10533,.T.);
#17167 = ORIENTED_EDGE('',*,*,#10435,.T.);
#17168 = ORIENTED_EDGE('',*,*,#10337,.T.);
#17169 = ORIENTED_EDGE('',*,*,#10239,.T.);
#17170 = ORIENTED_EDGE('',*,*,#10141,.T.);
#17171 = ORIENTED_EDGE('',*,*,#10043,.T.);
#17172 = ADVANCED_FACE('',(#17173),#11213,.T.);
#17173 = FACE_BOUND('',#17174,.T.);
#17174 = EDGE_LOOP('',(#17175,#17176,#17177,#17178,#17179,#17180,#17181,
    #17182,#17183,#17184,#17185,#17186,#17187,#17188,#17189,#17190,
    #17191,#17192,#17193,#17194,#17195,#17196,#17197,#17198,#17199,
    #17200,#17201,#17202,#17203,#17204,#17205,#17206,#17207,#17208,
    #17209,#17210,#17211,#17212,#17213,#17214,#17215,#17216,#17217,
    #17218,#17219,#17220,#17221,#17222));
#17175 = ORIENTED_EDGE('',*,*,#11322,.T.);
#17176 = ORIENTED_EDGE('',*,*,#11197,.T.);
#17177 = ORIENTED_EDGE('',*,*,#11251,.T.);
#17178 = ORIENTED_EDGE('',*,*,#11349,.T.);
#17179 = ORIENTED_EDGE('',*,*,#11447,.T.);
#17180 = ORIENTED_EDGE('',*,*,#11545,.T.);
#17181 = ORIENTED_EDGE('',*,*,#11643,.T.);
#17182 = ORIENTED_EDGE('',*,*,#11741,.T.);
#17183 = ORIENTED_EDGE('',*,*,#11839,.T.);
#17184 = ORIENTED_EDGE('',*,*,#11937,.T.);
#17185 = ORIENTED_EDGE('',*,*,#12035,.T.);
#17186 = ORIENTED_EDGE('',*,*,#12133,.T.);
#17187 = ORIENTED_EDGE('',*,*,#12231,.T.);
#17188 = ORIENTED_EDGE('',*,*,#12329,.T.);
#17189 = ORIENTED_EDGE('',*,*,#12427,.T.);
#17190 = ORIENTED_EDGE('',*,*,#12525,.T.);
#17191 = ORIENTED_EDGE('',*,*,#12623,.T.);
#17192 = ORIENTED_EDGE('',*,*,#12721,.T.);
#17193 = ORIENTED_EDGE('',*,*,#12819,.T.);
#17194 = ORIENTED_EDGE('',*,*,#12917,.T.);
#17195 = ORIENTED_EDGE('',*,*,#13015,.T.);
#17196 = ORIENTED_EDGE('',*,*,#13113,.T.);
#17197 = ORIENTED_EDGE('',*,*,#13211,.T.);
#17198 = ORIENTED_EDGE('',*,*,#13309,.T.);
#17199 = ORIENTED_EDGE('',*,*,#13407,.T.);
#17200 = ORIENTED_EDGE('',*,*,#13505,.T.);
#17201 = ORIENTED_EDGE('',*,*,#13478,.T.);
#17202 = ORIENTED_EDGE('',*,*,#13380,.T.);
#17203 = ORIENTED_EDGE('',*,*,#13282,.T.);
#17204 = ORIENTED_EDGE('',*,*,#13184,.T.);
#17205 = ORIENTED_EDGE('',*,*,#13086,.T.);
#17206 = ORIENTED_EDGE('',*,*,#12988,.T.);
#17207 = ORIENTED_EDGE('',*,*,#12890,.T.);
#17208 = ORIENTED_EDGE('',*,*,#12792,.T.);
#17209 = ORIENTED_EDGE('',*,*,#12694,.T.);
#17210 = ORIENTED_EDGE('',*,*,#12596,.T.);
#17211 = ORIENTED_EDGE('',*,*,#12498,.T.);
#17212 = ORIENTED_EDGE('',*,*,#12400,.T.);
#17213 = ORIENTED_EDGE('',*,*,#12302,.T.);
#17214 = ORIENTED_EDGE('',*,*,#12204,.T.);
#17215 = ORIENTED_EDGE('',*,*,#12106,.T.);
#17216 = ORIENTED_EDGE('',*,*,#12008,.T.);
#17217 = ORIENTED_EDGE('',*,*,#11910,.T.);
#17218 = ORIENTED_EDGE('',*,*,#11812,.T.);
#17219 = ORIENTED_EDGE('',*,*,#11714,.T.);
#17220 = ORIENTED_EDGE('',*,*,#11616,.T.);
#17221 = ORIENTED_EDGE('',*,*,#11518,.T.);
#17222 = ORIENTED_EDGE('',*,*,#11420,.T.);
#17223 = ADVANCED_FACE('',(#17224),#13570,.T.);
#17224 = FACE_BOUND('',#17225,.T.);
#17225 = EDGE_LOOP('',(#17226,#17227,#17228,#17229,#17230,#17231,#17232,
    #17233,#17234,#17235,#17236,#17237));
#17226 = ORIENTED_EDGE('',*,*,#13679,.T.);
#17227 = ORIENTED_EDGE('',*,*,#13554,.T.);
#17228 = ORIENTED_EDGE('',*,*,#13608,.T.);
#17229 = ORIENTED_EDGE('',*,*,#13706,.T.);
#17230 = ORIENTED_EDGE('',*,*,#13804,.T.);
#17231 = ORIENTED_EDGE('',*,*,#13902,.T.);
#17232 = ORIENTED_EDGE('',*,*,#14000,.T.);
#17233 = ORIENTED_EDGE('',*,*,#14098,.T.);
#17234 = ORIENTED_EDGE('',*,*,#14071,.T.);
#17235 = ORIENTED_EDGE('',*,*,#13973,.T.);
#17236 = ORIENTED_EDGE('',*,*,#13875,.T.);
#17237 = ORIENTED_EDGE('',*,*,#13777,.T.);
#17238 = ADVANCED_FACE('',(#17239),#14163,.T.);
#17239 = FACE_BOUND('',#17240,.T.);
#17240 = EDGE_LOOP('',(#17241,#17242,#17243,#17244,#17245,#17246,#17247)
  );
#17241 = ORIENTED_EDGE('',*,*,#14272,.T.);
#17242 = ORIENTED_EDGE('',*,*,#14147,.T.);
#17243 = ORIENTED_EDGE('',*,*,#14201,.T.);
#17244 = ORIENTED_EDGE('',*,*,#14299,.T.);
#17245 = ORIENTED_EDGE('',*,*,#14397,.T.);
#17246 = ORIENTED_EDGE('',*,*,#14446,.T.);
#17247 = ORIENTED_EDGE('',*,*,#14370,.T.);
#17248 = ADVANCED_FACE('',(#17249),#14639,.T.);
#17249 = FACE_BOUND('',#17250,.T.);
#17250 = EDGE_LOOP('',(#17251,#17252,#17253,#17254,#17255,#17256,#17257,
    #17258,#17259,#17260,#17261,#17262,#17263,#17264,#17265,#17266,
    #17267,#17268,#17269,#17270,#17271,#17272,#17273,#17274,#17275,
    #17276,#17277,#17278));
#17251 = ORIENTED_EDGE('',*,*,#15951,.T.);
#17252 = ORIENTED_EDGE('',*,*,#14623,.T.);
#17253 = ORIENTED_EDGE('',*,*,#14677,.T.);
#17254 = ORIENTED_EDGE('',*,*,#14726,.T.);
#17255 = ORIENTED_EDGE('',*,*,#14775,.T.);
#17256 = ORIENTED_EDGE('',*,*,#14824,.T.);
#17257 = ORIENTED_EDGE('',*,*,#14873,.T.);
#17258 = ORIENTED_EDGE('',*,*,#14922,.T.);
#17259 = ORIENTED_EDGE('',*,*,#14971,.T.);
#17260 = ORIENTED_EDGE('',*,*,#15020,.T.);
#17261 = ORIENTED_EDGE('',*,*,#15069,.T.);
#17262 = ORIENTED_EDGE('',*,*,#15118,.T.);
#17263 = ORIENTED_EDGE('',*,*,#15167,.T.);
#17264 = ORIENTED_EDGE('',*,*,#15216,.T.);
#17265 = ORIENTED_EDGE('',*,*,#15265,.T.);
#17266 = ORIENTED_EDGE('',*,*,#15314,.T.);
#17267 = ORIENTED_EDGE('',*,*,#15363,.T.);
#17268 = ORIENTED_EDGE('',*,*,#15412,.T.);
#17269 = ORIENTED_EDGE('',*,*,#15461,.T.);
#17270 = ORIENTED_EDGE('',*,*,#15510,.T.);
#17271 = ORIENTED_EDGE('',*,*,#15559,.T.);
#17272 = ORIENTED_EDGE('',*,*,#15608,.T.);
#17273 = ORIENTED_EDGE('',*,*,#15657,.T.);
#17274 = ORIENTED_EDGE('',*,*,#15706,.T.);
#17275 = ORIENTED_EDGE('',*,*,#15755,.T.);
#17276 = ORIENTED_EDGE('',*,*,#15804,.T.);
#17277 = ORIENTED_EDGE('',*,*,#15853,.T.);
#17278 = ORIENTED_EDGE('',*,*,#15902,.T.);
#17279 = ADVANCED_FACE('',(#17280),#16016,.T.);
#17280 = FACE_BOUND('',#17281,.T.);
#17281 = EDGE_LOOP('',(#17282,#17283,#17284,#17285,#17286,#17287,#17288,
    #17289,#17290,#17291,#17292,#17293,#17294));
#17282 = ORIENTED_EDGE('',*,*,#16125,.T.);
#17283 = ORIENTED_EDGE('',*,*,#16000,.T.);
#17284 = ORIENTED_EDGE('',*,*,#16054,.T.);
#17285 = ORIENTED_EDGE('',*,*,#16152,.T.);
#17286 = ORIENTED_EDGE('',*,*,#16250,.T.);
#17287 = ORIENTED_EDGE('',*,*,#16348,.T.);
#17288 = ORIENTED_EDGE('',*,*,#16446,.T.);
#17289 = ORIENTED_EDGE('',*,*,#16544,.T.);
#17290 = ORIENTED_EDGE('',*,*,#16593,.T.);
#17291 = ORIENTED_EDGE('',*,*,#16517,.T.);
#17292 = ORIENTED_EDGE('',*,*,#16419,.T.);
#17293 = ORIENTED_EDGE('',*,*,#16321,.T.);
#17294 = ORIENTED_EDGE('',*,*,#16223,.T.);
#17295 = ( GEOMETRIC_REPRESENTATION_CONTEXT(3) 
GLOBAL_UNCERTAINTY_ASSIGNED_CONTEXT((#17299)) 
GLOBAL_UNIT_ASSIGNED_CONTEXT((#17296,#17297,#17298)) 
REPRESENTATION_CONTEXT('Context #1',
  '3D Context with UNIT and UNCERTAINTY') );
#17296 = ( LENGTH_UNIT() NAMED_UNIT(*) SI_UNIT(.MILLI.,.METRE.) );
#17297 = ( NAMED_UNIT(*) PLANE_ANGLE_UNIT() SI_UNIT($,.RADIAN.) );
#17298 = ( NAMED_UNIT(*) SI_UNIT($,.STERADIAN.) SOLID_ANGLE_UNIT() );
#17299 = UNCERTAINTY_MEASURE_WITH_UNIT(LENGTH_MEASURE(1.E-06),#17296,
  'distance_accuracy_value','confusion accuracy');
#17300 = PRODUCT_RELATED_PRODUCT_CATEGORY('part',$,(#7));
ENDSEC;
END-ISO-10303-21;
