; generated by PrusaSlicer 2.7.2 on 2026-09-09 at 20:00:56 UTC

; 

; external perimeters extrusion width = 0.40mm
; perimeters extrusion width = 0.40mm
; infill extrusion width = 0.40mm
; solid infill extrusion width = 0.40mm
; top infill extrusion width = 0.38mm
; support material extrusion width = 0.36mm
; first layer extrusion width = 0.42mm


; printing object anel_mes.stl id:0 copy 0
; stop printing object anel_mes.stl id:0 copy 0

;TYPE:Custom
; ---- Chrono datador · prototipo · perfil generico Marlin 0,40 PLA ----
G90 ; coordenadas absolutas
M82 ; extrusora absoluta
M107 ; ventoinha desligada
M140 S60 ; aquece mesa
M104 S210 ; aquece bico
G28 ; referencia todos os eixos
M190 S60 ; espera a mesa
M109 S210 ; espera o bico
G92 E0 ; zera extrusora
G1 Z0.16 F600
G21 ; set units to millimeters
G90 ; use absolute coordinates
M82 ; use absolute distances for extrusion
G92 E0 ; reset extrusion distance
; Filament gcode
M107 ; disable fan
;LAYER_CHANGE
;Z:0.16
;HEIGHT:0.16
G1 E-1.5 F2100 ; retract
G1 Z.36 F600 ; lift
G1 X99.871 Y99.475 F7200 ; move to first layer point
G1 Z.16 F600 ; move to first layer point
G1 E0 F1500 ;  ; unretract
;TYPE:Skirt/Brim
;WIDTH:0.42
G1 F900
G1 X100.887 Y98.584 E.03467 ; brim
G1 X102.136 Y97.691 E.07406 ; brim
G1 X103.288 Y97.026 E.10818 ; brim
G1 X104.685 Y96.394 E.14752 ; brim
G1 X105.932 Y95.971 E.1813 ; brim
G1 X107.426 Y95.622 E.22066 ; brim
G1 X108.747 Y95.447 E.25485 ; brim
G1 X110.358 Y95.398 E.2962 ; brim
G1 X111.627 Y95.484 E.32883 ; brim
G1 X113.139 Y95.734 E.36815 ; brim
G1 X114.428 Y96.08 E.40239 ; brim
G1 X115.862 Y96.621 E.44171 ; brim
G1 X117.043 Y97.203 E.47549 ; brim
G1 X118.347 Y98.013 E.51487 ; brim
G1 X119.404 Y98.823 E.54903 ; brim
G1 X120.525 Y99.871 E.5884 ; brim
G1 X121.404 Y100.873 E.6226 ; brim
G1 X122.299 Y102.119 E.66196 ; brim
G1 X122.966 Y103.273 E.69615 ; brim
G1 X123.6 Y104.67 E.73551 ; brim
G1 X124.029 Y105.932 E.76971 ; brim
G1 X124.378 Y107.426 E.80907 ; brim
G1 X124.553 Y108.747 E.84326 ; brim
G1 X124.604 Y110.28 E.88261 ; brim
G1 X124.516 Y111.628 E.91727 ; brim
G1 X124.265 Y113.142 E.95664 ; brim
G1 X123.925 Y114.412 E.99037 ; brim
G1 X123.385 Y115.848 E1.02973 ; brim
G1 X122.788 Y117.059 E1.06437 ; brim
G1 X121.977 Y118.362 E1.10374 ; brim
G1 X121.177 Y119.405 E1.13746 ; brim
G1 X120.129 Y120.525 E1.17681 ; brim
G1 X119.113 Y121.416 E1.21148 ; brim
G1 X117.865 Y122.309 E1.25085 ; brim
G1 X116.71 Y122.974 E1.28504 ; brim
G1 X115.313 Y123.607 E1.32439 ; brim
G1 X114.068 Y124.029 E1.35811 ; brim
G1 X112.574 Y124.378 E1.39747 ; brim
G1 X111.253 Y124.553 E1.43166 ; brim
G1 X109.72 Y124.604 E1.47101 ; brim
G1 X108.372 Y124.516 E1.50567 ; brim
G1 X106.858 Y124.265 E1.54504 ; brim
G1 X105.571 Y123.919 E1.57923 ; brim
G1 X104.141 Y123.38 E1.61844 ; brim
G1 X102.714 Y122.66 E1.65944 ; brim
G1 X101.673 Y122.001 E1.69105 ; brim
G1 X100.596 Y121.177 E1.72584 ; brim
G1 X99.475 Y120.129 E1.76521 ; brim
G1 X98.584 Y119.113 E1.79988 ; brim
G1 X97.691 Y117.864 E1.83927 ; brim
G1 X97.026 Y116.712 E1.87339 ; brim
G1 X96.394 Y115.315 E1.91273 ; brim
G1 X95.966 Y114.05 E1.94699 ; brim
G1 X95.618 Y112.556 E1.98634 ; brim
G1 X95.447 Y111.253 E2.02005 ; brim
G1 X95.396 Y109.72 E2.0594 ; brim
G1 X95.484 Y108.373 E2.09403 ; brim
G1 X95.734 Y106.861 E2.13335 ; brim
G1 X96.08 Y105.572 E2.16759 ; brim
G1 X96.619 Y104.143 E2.20677 ; brim
G1 X97.34 Y102.714 E2.24783 ; brim
G1 X98 Y101.673 E2.27945 ; brim
G1 X98.823 Y100.596 E2.31422 ; brim
G1 X99.83 Y99.519 E2.35205 ; brim
G1 X99.83 Y99.519 F7200 ; move to first brim point
G1 X100.112 Y99.782 ; move to first brim point
G1 F900
G1 X100.142 Y99.75 E2.35318 ; brim
G1 X101.125 Y98.888 E2.38672 ; brim
G1 X102.345 Y98.014 E2.42522 ; brim
G1 X103.462 Y97.371 E2.45828 ; brim
G1 X104.827 Y96.753 E2.49672 ; brim
G1 X106.037 Y96.342 E2.5295 ; brim
G1 X107.498 Y96.001 E2.56799 ; brim
G1 X108.778 Y95.831 E2.60112 ; brim
G1 X110.34 Y95.784 E2.64121 ; brim
G1 X111.58 Y95.867 E2.67309 ; brim
G1 X113.059 Y96.112 E2.71155 ; brim
G1 X114.307 Y96.447 E2.7447 ; brim
G1 X115.71 Y96.975 E2.78316 ; brim
G1 X116.855 Y97.54 E2.81592 ; brim
G1 X118.13 Y98.332 E2.85443 ; brim
G1 X119.154 Y99.117 E2.88753 ; brim
G1 X120.25 Y100.142 E2.92603 ; brim
G1 X121.102 Y101.112 E2.95915 ; brim
G1 X121.976 Y102.331 E2.99763 ; brim
G1 X122.622 Y103.448 E3.03073 ; brim
G1 X123.242 Y104.815 E3.06924 ; brim
G1 X123.658 Y106.037 E3.10236 ; brim
G1 X123.999 Y107.498 E3.14085 ; brim
G1 X124.169 Y108.778 E3.17398 ; brim
G1 X124.219 Y110.277 E3.21246 ; brim
G1 X124.133 Y111.581 E3.24599 ; brim
G1 X123.888 Y113.061 E3.28448 ; brim
G1 X123.558 Y114.293 E3.3172 ; brim
G1 X123.03 Y115.697 E3.35568 ; brim
G1 X122.452 Y116.869 E3.3892 ; brim
G1 X121.659 Y118.143 E3.4277 ; brim
G1 X120.883 Y119.154 E3.4604 ; brim
G1 X119.858 Y120.25 E3.4989 ; brim
G1 X118.876 Y121.112 E3.53242 ; brim
G1 X117.656 Y121.985 E3.57091 ; brim
G1 X116.537 Y122.63 E3.60404 ; brim
G1 X115.17 Y123.248 E3.64253 ; brim
G1 X113.963 Y123.658 E3.67523 ; brim
G1 X112.502 Y123.999 E3.71372 ; brim
G1 X111.222 Y124.169 E3.74685 ; brim
G1 X109.723 Y124.219 E3.78533 ; brim
G1 X108.419 Y124.133 E3.81886 ; brim
G1 X106.939 Y123.888 E3.85735 ; brim
G1 X105.692 Y123.553 E3.89048 ; brim
G1 X104.292 Y123.026 E3.92886 ; brim
G1 X102.905 Y122.325 E3.96873 ; brim
G1 X101.886 Y121.679 E3.99968 ; brim
G1 X100.846 Y120.883 E4.03328 ; brim
G1 X99.75 Y119.858 E4.07178 ; brim
G1 X98.888 Y118.876 E4.1053 ; brim
G1 X98.014 Y117.655 E4.14382 ; brim
G1 X97.371 Y116.538 E4.17688 ; brim
G1 X96.753 Y115.172 E4.21534 ; brim
G1 X96.338 Y113.948 E4.2485 ; brim
G1 X95.998 Y112.486 E4.28701 ; brim
G1 X95.831 Y111.222 E4.31972 ; brim
G1 X95.781 Y109.723 E4.3582 ; brim
G1 X95.867 Y108.42 E4.3917 ; brim
G1 X96.112 Y106.941 E4.43016 ; brim
G1 X96.447 Y105.693 E4.46331 ; brim
G1 X96.974 Y104.294 E4.50166 ; brim
G1 X97.675 Y102.905 E4.54157 ; brim
G1 X98.321 Y101.886 E4.57252 ; brim
G1 X99.117 Y100.846 E4.60612 ; brim
G1 X100.071 Y99.826 E4.64195 ; brim
G1 X100.071 Y99.826 F7200 ; move to first brim point
G1 X100.352 Y100.089 ; move to first brim point
G1 F900
G1 X100.412 Y100.025 E4.6442 ; brim
G1 X101.362 Y99.192 E4.67661 ; brim
G1 X102.555 Y98.338 E4.71425 ; brim
G1 X103.635 Y97.715 E4.74624 ; brim
G1 X104.97 Y97.111 E4.78383 ; brim
G1 X106.142 Y96.713 E4.81558 ; brim
G1 X107.57 Y96.38 E4.8532 ; brim
G1 X108.808 Y96.216 E4.88524 ; brim
G1 X110.321 Y96.169 E4.92407 ; brim
G1 X111.533 Y96.25 E4.95523 ; brim
G1 X112.979 Y96.489 E4.99283 ; brim
G1 X114.186 Y96.813 E5.02489 ; brim
G1 X115.557 Y97.33 E5.06248 ; brim
G1 X116.667 Y97.877 E5.09423 ; brim
G1 X117.913 Y98.651 E5.13186 ; brim
G1 X118.904 Y99.411 E5.1639 ; brim
G1 X119.975 Y100.412 E5.20151 ; brim
G1 X120.799 Y101.351 E5.23356 ; brim
G1 X121.654 Y102.543 E5.27119 ; brim
G1 X122.279 Y103.624 E5.30322 ; brim
G1 X122.885 Y104.959 E5.34083 ; brim
G1 X123.287 Y106.142 E5.37288 ; brim
G1 X123.62 Y107.57 E5.4105 ; brim
G1 X123.784 Y108.808 E5.44254 ; brim
G1 X123.833 Y110.274 E5.48017 ; brim
G1 X123.75 Y111.534 E5.51256 ; brim
G1 X123.511 Y112.98 E5.55016 ; brim
G1 X123.191 Y114.174 E5.58187 ; brim
G1 X122.675 Y115.547 E5.6195 ; brim
G1 X122.117 Y116.679 E5.65188 ; brim
G1 X121.342 Y117.924 E5.6895 ; brim
G1 X120.589 Y118.904 E5.72121 ; brim
G1 X119.588 Y119.975 E5.75882 ; brim
G1 X118.638 Y120.808 E5.79123 ; brim
G1 X117.446 Y121.661 E5.82883 ; brim
G1 X116.364 Y122.285 E5.86087 ; brim
G1 X115.028 Y122.89 E5.89849 ; brim
G1 X113.858 Y123.287 E5.93019 ; brim
G1 X112.43 Y123.62 E5.96781 ; brim
G1 X111.192 Y123.784 E5.99985 ; brim
G1 X109.726 Y123.833 E6.03748 ; brim
G1 X108.466 Y123.75 E6.06987 ; brim
G1 X107.019 Y123.511 E6.10749 ; brim
G1 X105.813 Y123.187 E6.13953 ; brim
G1 X104.444 Y122.671 E6.17706 ; brim
G1 X103.095 Y121.989 E6.21584 ; brim
G1 X102.1 Y121.358 E6.24607 ; brim
G1 X101.096 Y120.59 E6.2785 ; brim
G1 X100.025 Y119.588 E6.31613 ; brim
G1 X99.192 Y118.638 E6.34854 ; brim
G1 X98.338 Y117.445 E6.38618 ; brim
G1 X97.715 Y116.365 E6.41817 ; brim
G1 X97.111 Y115.03 E6.45576 ; brim
G1 X96.709 Y113.845 E6.48786 ; brim
G1 X96.377 Y112.417 E6.52547 ; brim
G1 X96.216 Y111.191 E6.55719 ; brim
G1 X96.167 Y109.726 E6.59479 ; brim
G1 X96.25 Y108.467 E6.62716 ; brim
G1 X96.489 Y107.021 E6.66476 ; brim
G1 X96.813 Y105.814 E6.69682 ; brim
G1 X97.328 Y104.446 E6.73432 ; brim
G1 X98.011 Y103.095 E6.77316 ; brim
G1 X98.642 Y102.1 E6.80339 ; brim
G1 X99.41 Y101.096 E6.83582 ; brim
G1 X100.311 Y100.133 E6.86965 ; brim
G1 X100.311 Y100.133 F7200 ; move to first brim point
G1 X100.593 Y100.397 ; move to first brim point
G1 F900
G1 X100.683 Y100.3 E6.87304 ; brim
G1 X101.599 Y99.497 E6.90429 ; brim
G1 X102.764 Y98.662 E6.94106 ; brim
G1 X103.809 Y98.06 E6.972 ; brim
G1 X105.113 Y97.469 E7.00873 ; brim
G1 X106.248 Y97.084 E7.03948 ; brim
G1 X107.642 Y96.758 E7.07621 ; brim
G1 X108.839 Y96.6 E7.10718 ; brim
G1 X110.303 Y96.554 E7.14476 ; brim
G1 X111.486 Y96.632 E7.17518 ; brim
G1 X112.898 Y96.866 E7.2119 ; brim
G1 X114.065 Y97.179 E7.2429 ; brim
G1 X115.405 Y97.684 E7.27964 ; brim
G1 X116.48 Y98.214 E7.31039 ; brim
G1 X117.696 Y98.97 E7.34712 ; brim
G1 X118.654 Y99.704 E7.37808 ; brim
G1 X119.7 Y100.683 E7.41483 ; brim
G1 X120.497 Y101.591 E7.44582 ; brim
G1 X121.331 Y102.754 E7.48253 ; brim
G1 X121.936 Y103.8 E7.51353 ; brim
G1 X122.527 Y105.104 E7.55026 ; brim
G1 X122.916 Y106.248 E7.58126 ; brim
G1 X123.242 Y107.642 E7.61799 ; brim
G1 X123.4 Y108.839 E7.64896 ; brim
G1 X123.447 Y110.271 E7.68572 ; brim
G1 X123.367 Y111.487 E7.71698 ; brim
G1 X123.134 Y112.9 E7.75372 ; brim
G1 X122.824 Y114.056 E7.78442 ; brim
G1 X122.32 Y115.396 E7.82115 ; brim
G1 X121.781 Y116.489 E7.85241 ; brim
G1 X121.024 Y117.705 E7.88916 ; brim
G1 X120.296 Y118.654 E7.91984 ; brim
G1 X119.317 Y119.7 E7.95659 ; brim
G1 X118.401 Y120.503 E7.98784 ; brim
G1 X117.237 Y121.337 E8.02458 ; brim
G1 X116.19 Y121.941 E8.05559 ; brim
G1 X114.886 Y122.531 E8.09231 ; brim
G1 X113.752 Y122.916 E8.12303 ; brim
G1 X112.358 Y123.242 E8.15976 ; brim
G1 X111.16 Y123.4 E8.19076 ; brim
G1 X109.729 Y123.447 E8.22749 ; brim
G1 X108.513 Y123.367 E8.25875 ; brim
G1 X107.1 Y123.134 E8.29549 ; brim
G1 X105.934 Y122.821 E8.32646 ; brim
G1 X104.596 Y122.316 E8.36315 ; brim
G1 X103.285 Y121.654 E8.40083 ; brim
G1 X102.314 Y121.037 E8.43034 ; brim
G1 X101.346 Y120.296 E8.46161 ; brim
G1 X100.3 Y119.317 E8.49836 ; brim
G1 X99.497 Y118.401 E8.52961 ; brim
G1 X98.662 Y117.236 E8.56638 ; brim
G1 X98.06 Y116.191 E8.59732 ; brim
G1 X97.469 Y114.887 E8.63405 ; brim
G1 X97.081 Y113.742 E8.66507 ; brim
G1 X96.756 Y112.347 E8.70182 ; brim
G1 X96.6 Y111.16 E8.73253 ; brim
G1 X96.553 Y109.729 E8.76926 ; brim
G1 X96.632 Y108.514 E8.8005 ; brim
G1 X96.866 Y107.102 E8.83722 ; brim
G1 X97.179 Y105.935 E8.86822 ; brim
G1 X97.683 Y104.597 E8.9049 ; brim
G1 X98.346 Y103.285 E8.94261 ; brim
G1 X98.963 Y102.314 E8.97212 ; brim
G1 X99.704 Y101.346 E9.00339 ; brim
G1 X100.552 Y100.44 E9.03523 ; brim
G1 X100.552 Y100.44 F7200 ; move to first brim point
G1 X100.833 Y100.704 ; move to first brim point
G1 F900
G1 X100.953 Y100.575 E9.03975 ; brim
G1 X101.836 Y99.801 E9.06987 ; brim
G1 X102.974 Y98.986 E9.10578 ; brim
G1 X103.983 Y98.404 E9.13566 ; brim
G1 X105.255 Y97.828 E9.17148 ; brim
G1 X106.353 Y97.455 E9.20123 ; brim
G1 X107.714 Y97.137 E9.23709 ; brim
G1 X108.871 Y96.985 E9.26703 ; brim
G1 X110.285 Y96.94 E9.30332 ; brim
G1 X111.439 Y97.015 E9.33299 ; brim
G1 X112.817 Y97.243 E9.36882 ; brim
G1 X113.944 Y97.546 E9.39876 ; brim
G1 X115.252 Y98.038 E9.43461 ; brim
G1 X116.292 Y98.551 E9.46436 ; brim
G1 X117.479 Y99.289 E9.50022 ; brim
G1 X118.405 Y99.998 E9.53014 ; brim
G1 X119.425 Y100.953 E9.56599 ; brim
G1 X120.194 Y101.83 E9.59591 ; brim
G1 X121.009 Y102.966 E9.63178 ; brim
G1 X121.592 Y103.976 E9.6617 ; brim
G1 X122.17 Y105.249 E9.69757 ; brim
G1 X122.545 Y106.353 E9.72748 ; brim
G1 X122.863 Y107.714 E9.76334 ; brim
G1 X123.015 Y108.871 E9.79328 ; brim
G1 X123.061 Y110.268 E9.82914 ; brim
G1 X122.985 Y111.44 E9.85927 ; brim
G1 X122.757 Y112.819 E9.89513 ; brim
G1 X122.457 Y113.937 E9.92483 ; brim
G1 X121.965 Y115.246 E9.96071 ; brim
G1 X121.445 Y116.299 E9.99084 ; brim
G1 X120.707 Y117.486 E10.0267 ; brim
G1 X120.002 Y118.405 E10.05641 ; brim
G1 X119.047 Y119.425 E10.09226 ; brim
G1 X118.164 Y120.199 E10.12238 ; brim
G1 X117.027 Y121.013 E10.15825 ; brim
G1 X116.017 Y121.596 E10.18817 ; brim
G1 X114.744 Y122.173 E10.22403 ; brim
G1 X113.647 Y122.545 E10.25375 ; brim
G1 X112.286 Y122.863 E10.28961 ; brim
G1 X111.129 Y123.015 E10.31955 ; brim
G1 X109.732 Y123.061 E10.35541 ; brim
G1 X108.56 Y122.985 E10.38554 ; brim
G1 X107.181 Y122.757 E10.4214 ; brim
G1 X106.055 Y122.454 E10.45131 ; brim
G1 X104.748 Y121.962 E10.48714 ; brim
G1 X103.476 Y121.319 E10.5237 ; brim
G1 X102.528 Y120.716 E10.55252 ; brim
G1 X101.595 Y120.002 E10.58266 ; brim
G1 X100.575 Y119.047 E10.61851 ; brim
G1 X99.801 Y118.164 E10.64863 ; brim
G1 X98.986 Y117.026 E10.68454 ; brim
G1 X98.404 Y116.017 E10.71442 ; brim
G1 X97.828 Y114.745 E10.75024 ; brim
G1 X97.453 Y113.639 E10.7802 ; brim
G1 X97.136 Y112.278 E10.81605 ; brim
G1 X96.985 Y111.129 E10.84578 ; brim
G1 X96.939 Y109.732 E10.88164 ; brim
G1 X97.015 Y108.561 E10.91174 ; brim
G1 X97.243 Y107.183 E10.94757 ; brim
G1 X97.546 Y106.056 E10.97751 ; brim
G1 X98.038 Y104.749 E11.01334 ; brim
G1 X98.681 Y103.476 E11.04993 ; brim
G1 X99.284 Y102.528 E11.07875 ; brim
G1 X99.998 Y101.595 E11.10889 ; brim
G1 X100.792 Y100.747 E11.13869 ; brim
G1 X100.792 Y100.747 F7200 ; move to first brim point
G1 X101.073 Y101.011 ; move to first brim point
G1 F900
G1 X101.224 Y100.85 E11.14435 ; brim
G1 X102.074 Y100.105 E11.17335 ; brim
G1 X103.183 Y99.31 E11.20836 ; brim
G1 X104.156 Y98.749 E11.23717 ; brim
G1 X105.398 Y98.186 E11.27215 ; brim
G1 X106.459 Y97.826 E11.30089 ; brim
G1 X107.786 Y97.516 E11.33585 ; brim
G1 X108.902 Y97.369 E11.36473 ; brim
G1 X110.267 Y97.325 E11.39977 ; brim
G1 X111.392 Y97.398 E11.42869 ; brim
G1 X112.737 Y97.62 E11.46366 ; brim
G1 X113.824 Y97.912 E11.49254 ; brim
G1 X115.099 Y98.392 E11.52749 ; brim
G1 X116.104 Y98.888 E11.55624 ; brim
G1 X117.262 Y99.608 E11.59122 ; brim
G1 X118.155 Y100.292 E11.62008 ; brim
G1 X119.15 Y101.224 E11.65506 ; brim
G1 X119.892 Y102.07 E11.68393 ; brim
G1 X120.686 Y103.178 E11.7189 ; brim
G1 X121.249 Y104.152 E11.74776 ; brim
G1 X121.812 Y105.394 E11.78274 ; brim
G1 X122.174 Y106.459 E11.8116 ; brim
G1 X122.484 Y107.786 E11.84656 ; brim
G1 X122.631 Y108.902 E11.87544 ; brim
G1 X122.676 Y110.264 E11.9104 ; brim
G1 X122.602 Y111.392 E11.9394 ; brim
G1 X122.379 Y112.737 E11.97438 ; brim
G1 X122.09 Y113.819 E12.00311 ; brim
G1 X121.61 Y115.095 E12.03808 ; brim
G1 X121.11 Y116.109 E12.06708 ; brim
G1 X120.39 Y117.266 E12.10204 ; brim
G1 X119.708 Y118.155 E12.13078 ; brim
G1 X118.776 Y119.15 E12.16576 ; brim
G1 X117.926 Y119.895 E12.19476 ; brim
G1 X116.818 Y120.689 E12.22973 ; brim
G1 X115.843 Y121.251 E12.2586 ; brim
G1 X114.602 Y121.814 E12.29356 ; brim
G1 X113.541 Y122.174 E12.3223 ; brim
G1 X112.213 Y122.484 E12.35729 ; brim
G1 X111.098 Y122.631 E12.38614 ; brim
G1 X109.736 Y122.676 E12.4211 ; brim
G1 X108.608 Y122.602 E12.4501 ; brim
G1 X107.263 Y122.379 E12.48508 ; brim
G1 X106.176 Y122.088 E12.51395 ; brim
G1 X104.9 Y121.607 E12.54893 ; brim
G1 X103.667 Y120.983 E12.58438 ; brim
G1 X102.742 Y120.395 E12.6125 ; brim
G1 X101.845 Y119.708 E12.64149 ; brim
G1 X100.85 Y118.776 E12.67647 ; brim
G1 X100.105 Y117.926 E12.70547 ; brim
G1 X99.31 Y116.817 E12.74048 ; brim
G1 X98.749 Y115.844 E12.76929 ; brim
G1 X98.186 Y114.602 E12.80427 ; brim
G1 X97.825 Y113.536 E12.83314 ; brim
G1 X97.515 Y112.208 E12.86813 ; brim
G1 X97.369 Y111.098 E12.89685 ; brim
G1 X97.324 Y109.736 E12.93181 ; brim
G1 X97.398 Y108.608 E12.96081 ; brim
G1 X97.62 Y107.263 E12.99578 ; brim
G1 X97.912 Y106.176 E13.02466 ; brim
G1 X98.392 Y104.901 E13.05961 ; brim
G1 X99.017 Y103.667 E13.0951 ; brim
G1 X99.605 Y102.742 E13.12322 ; brim
G1 X100.292 Y101.845 E13.15221 ; brim
G1 X101.032 Y101.055 E13.17998 ; brim
G1 X101.032 Y101.055 F7200 ; move to first brim point
G1 X101.314 Y101.318 ; move to first brim point
G1 F900
G1 X101.494 Y101.125 E13.18675 ; brim
G1 X102.311 Y100.409 E13.21462 ; brim
G1 X103.392 Y99.634 E13.24874 ; brim
G1 X104.33 Y99.093 E13.27652 ; brim
G1 X105.54 Y98.545 E13.3106 ; brim
G1 X106.565 Y98.197 E13.33837 ; brim
G1 X107.859 Y97.895 E13.37246 ; brim
G1 X108.933 Y97.754 E13.40025 ; brim
G1 X110.25 Y97.71 E13.43406 ; brim
G1 X111.345 Y97.781 E13.46221 ; brim
G1 X112.656 Y97.998 E13.4963 ; brim
G1 X113.703 Y98.278 E13.5241 ; brim
G1 X114.946 Y98.746 E13.55817 ; brim
G1 X115.917 Y99.225 E13.58595 ; brim
G1 X117.045 Y99.926 E13.62002 ; brim
G1 X117.905 Y100.586 E13.64783 ; brim
G1 X118.875 Y101.494 E13.68192 ; brim
G1 X119.59 Y102.309 E13.70973 ; brim
G1 X120.364 Y103.389 E13.74382 ; brim
G1 X120.906 Y104.328 E13.77163 ; brim
G1 X121.454 Y105.538 E13.80571 ; brim
G1 X121.803 Y106.565 E13.83354 ; brim
G1 X122.105 Y107.859 E13.86763 ; brim
G1 X122.246 Y108.933 E13.89542 ; brim
G1 X122.29 Y110.261 E13.92951 ; brim
G1 X122.219 Y111.345 E13.95738 ; brim
G1 X122.002 Y112.656 E13.99147 ; brim
G1 X121.722 Y113.701 E14.01922 ; brim
G1 X121.254 Y114.945 E14.05332 ; brim
G1 X120.774 Y115.919 E14.08118 ; brim
G1 X120.072 Y117.047 E14.11526 ; brim
G1 X119.414 Y117.905 E14.143 ; brim
G1 X118.506 Y118.875 E14.17709 ; brim
G1 X117.689 Y119.591 E14.20496 ; brim
G1 X116.609 Y120.365 E14.23905 ; brim
G1 X115.67 Y120.907 E14.26686 ; brim
G1 X114.46 Y121.455 E14.30094 ; brim
G1 X113.435 Y121.803 E14.32871 ; brim
G1 X112.141 Y122.105 E14.3628 ; brim
G1 X111.067 Y122.246 E14.39059 ; brim
G1 X109.739 Y122.29 E14.42468 ; brim
G1 X108.655 Y122.219 E14.45255 ; brim
G1 X107.344 Y122.002 E14.48664 ; brim
G1 X106.297 Y121.722 E14.51444 ; brim
G1 X105.052 Y121.253 E14.54857 ; brim
G1 X103.858 Y120.648 E14.58291 ; brim
G1 X102.095 Y119.414 E14.63812 ; brim
G1 X101.125 Y118.506 E14.67221 ; brim
G1 X100.409 Y117.689 E14.70008 ; brim
G1 X99.634 Y116.608 E14.7342 ; brim
G1 X99.093 Y115.67 E14.76198 ; brim
G1 X98.545 Y114.46 E14.79606 ; brim
G1 X98.196 Y113.433 E14.82389 ; brim
G1 X97.895 Y112.139 E14.85797 ; brim
G1 X97.754 Y111.067 E14.88571 ; brim
G1 X97.71 Y109.739 E14.9198 ; brim
G1 X97.781 Y108.655 E14.94767 ; brim
G1 X97.998 Y107.344 E14.98176 ; brim
G1 X98.278 Y106.297 E15.00956 ; brim
G1 X98.747 Y105.053 E15.04367 ; brim
G1 X99.352 Y103.858 E15.07803 ; brim
G1 X100.586 Y102.095 E15.13324 ; brim
G1 X101.273 Y101.362 E15.15901 ; brim
; printing object anel_mes.stl id:0 copy 0
G1 E14.10901 F2100 ; retract
;WIPE_START
G1 F5760
G1 X101.314 Y101.318 E14.08818 ; wipe and retract
G1 X101.494 Y101.125 E13.99677 ; wipe and retract
G1 X102.227 Y100.482 E13.65901 ; wipe and retract
;WIPE_END
G92 E0 ; reset extrusion distance
G1 Z.36 F600 ; move to first perimeter point
G1 X107.692 Y120.772 F7200 ; move to first perimeter point
G1 Z.16 F600 ; move to first perimeter point
G1 E1.5 F1500 ;  ; unretract
;TYPE:Perimeter
;WIDTH:0.419999
G1 F900
G1 X107.626 Y120.759 E1.50173 ; perimeter
G1 X106.682 Y120.506 E1.5268 ; perimeter
G1 X106.038 Y120.28 E1.54431 ; perimeter
G1 X105.567 Y120.087 E1.55737 ; perimeter
G1 X104.94 Y119.786 E1.57521 ; perimeter
G1 X104.5 Y119.547 E1.58806 ; perimeter
G1 X103.68 Y119.025 E1.613 ; perimeter
G1 X102.948 Y118.463 E1.63668 ; perimeter
G1 X102.56 Y118.127 E1.64985 ; perimeter
G1 X102.045 Y117.623 E1.66834 ; perimeter
G1 X101.431 Y116.923 E1.69223 ; perimeter
G1 X101.118 Y116.52 E1.70532 ; perimeter
G1 X100.71 Y115.924 E1.72385 ; perimeter
G1 X100.224 Y115.082 E1.74879 ; perimeter
G1 X99.938 Y114.488 E1.7657 ; perimeter
G1 X99.735 Y114.003 E1.77919 ; perimeter
G1 X99.421 Y113.078 E1.80425 ; perimeter
G1 X99.252 Y112.421 E1.82165 ; perimeter
G1 X99.151 Y111.924 E1.83466 ; perimeter
G1 X99.028 Y110.993 E1.85875 ; perimeter
G1 X98.992 Y110.486 E1.87179 ; perimeter
G1 X98.985 Y109.765 E1.89029 ; perimeter
G1 X99.048 Y108.795 E1.91523 ; perimeter
G1 X99.14 Y108.145 E1.93207 ; perimeter
G1 X99.241 Y107.625 E1.94566 ; perimeter
G1 X99.494 Y106.681 E1.97073 ; perimeter
G1 X99.711 Y106.061 E1.98758 ; perimeter
G1 X100.116 Y105.131 E2.0136 ; perimeter
G1 X100.444 Y104.517 E2.03146 ; perimeter
G1 X100.975 Y103.68 E2.05689 ; perimeter
G1 X101.537 Y102.948 E2.08057 ; perimeter
G1 X101.873 Y102.56 E2.09374 ; perimeter
G1 X102.377 Y102.045 E2.11223 ; perimeter
G1 X103.108 Y101.404 E2.13717 ; perimeter
G1 X103.655 Y100.993 E2.15472 ; perimeter
G1 X104.071 Y100.713 E2.16758 ; perimeter
G1 X104.918 Y100.224 E2.19267 ; perimeter
G1 X105.512 Y99.938 E2.20958 ; perimeter
G1 X105.997 Y99.735 E2.22307 ; perimeter
G1 X106.876 Y99.436 E2.24689 ; perimeter
G1 X107.376 Y99.299 E2.26019 ; perimeter
G1 X108.081 Y99.15 E2.27868 ; perimeter
G1 X109.007 Y99.028 E2.30264 ; perimeter
G1 X109.514 Y98.992 E2.31568 ; perimeter
G1 X110.211 Y98.984 E2.33356 ; perimeter
G1 X111.206 Y99.048 E2.35914 ; perimeter
G1 X111.855 Y99.14 E2.37596 ; perimeter
G1 X112.375 Y99.241 E2.38955 ; perimeter
G1 X113.319 Y99.494 E2.41462 ; perimeter
G1 X113.939 Y99.711 E2.43147 ; perimeter
G1 X114.433 Y99.913 E2.44516 ; perimeter
G1 X115.06 Y100.214 E2.463 ; perimeter
G1 X115.5 Y100.453 E2.47585 ; perimeter
G1 X116.291 Y100.957 E2.49991 ; perimeter
G1 X116.704 Y101.256 E2.51299 ; perimeter
G1 X117.242 Y101.697 E2.53084 ; perimeter
G1 X117.959 Y102.382 E2.55628 ; perimeter
G1 X118.569 Y103.077 E2.58 ; perimeter
G1 X118.882 Y103.48 E2.59309 ; perimeter
G1 X119.276 Y104.055 E2.61097 ; perimeter
G1 X119.539 Y104.486 E2.62392 ; perimeter
G1 X119.879 Y105.122 E2.64242 ; perimeter
G1 X120.269 Y106.007 E2.66723 ; perimeter
G1 X120.564 Y106.876 E2.69077 ; perimeter
G1 X120.701 Y107.376 E2.70407 ; perimeter
G1 X120.85 Y108.081 E2.72256 ; perimeter
G1 X120.977 Y109.05 E2.74763 ; perimeter
G1 X121.008 Y109.55 E2.76048 ; perimeter
G1 X121.015 Y110.235 E2.77805 ; perimeter
G1 X120.952 Y111.205 E2.80299 ; perimeter
G1 X120.879 Y111.717 E2.81626 ; perimeter
G1 X120.764 Y112.351 E2.83279 ; perimeter
G1 X120.644 Y112.847 E2.84588 ; perimeter
G1 X120.435 Y113.537 E2.86438 ; perimeter
G1 X120.097 Y114.406 E2.8883 ; perimeter
G1 X119.884 Y114.868 E2.90135 ; perimeter
G1 X119.568 Y115.461 E2.91859 ; perimeter
G1 X118.963 Y116.4 E2.94725 ; perimeter
G1 X118.257 Y117.287 E2.97633 ; perimeter
G1 X117.645 Y117.934 E2.99918 ; perimeter
G1 X117.269 Y118.28 E3.01229 ; perimeter
G1 X116.712 Y118.738 E3.03079 ; perimeter
G1 X115.92 Y119.292 E3.05559 ; perimeter
G1 X115.083 Y119.776 E3.08039 ; perimeter
G1 X114.466 Y120.071 E3.09793 ; perimeter
G1 X113.998 Y120.267 E3.11095 ; perimeter
G1 X113.349 Y120.496 E3.12861 ; perimeter
G1 X112.862 Y120.64 E3.14164 ; perimeter
G1 X111.908 Y120.852 E3.16671 ; perimeter
G1 X111.231 Y120.948 E3.18425 ; perimeter
G1 X110.731 Y120.994 E3.19713 ; perimeter
G1 X109.76 Y121.015 E3.22205 ; perimeter
G1 X108.795 Y120.952 E3.24686 ; perimeter
G1 X108.121 Y120.856 E3.26433 ; perimeter
G1 X107.751 Y120.784 E3.274 ; perimeter
G1 X107.751 Y120.784 F7200 ; move to first perimeter point
G1 X107.618 Y121.151 ; move to first perimeter point
G1 F900
G1 X107.538 Y121.135 E3.27609 ; perimeter
G1 X106.568 Y120.875 E3.30185 ; perimeter
G1 X105.91 Y120.644 E3.31974 ; perimeter
G1 X105.41 Y120.44 E3.33359 ; perimeter
G1 X104.773 Y120.134 E3.35172 ; perimeter
G1 X104.304 Y119.879 E3.36542 ; perimeter
G1 X103.459 Y119.341 E3.39112 ; perimeter
G1 X102.713 Y118.769 E3.41524 ; perimeter
G1 X102.298 Y118.41 E3.42932 ; perimeter
G1 X101.765 Y117.888 E3.44846 ; perimeter
G1 X101.141 Y117.178 E3.47271 ; perimeter
G1 X100.805 Y116.746 E3.48675 ; perimeter
G1 X100.384 Y116.13 E3.50589 ; perimeter
G1 X99.883 Y115.263 E3.53158 ; perimeter
G1 X99.571 Y114.612 E3.5501 ; perimeter
G1 X99.374 Y114.139 E3.56324 ; perimeter
G1 X99.051 Y113.188 E3.58901 ; perimeter
G1 X98.879 Y112.517 E3.60678 ; perimeter
G1 X98.77 Y111.987 E3.62066 ; perimeter
G1 X98.646 Y111.043 E3.64509 ; perimeter
G1 X98.607 Y110.501 E3.65903 ; perimeter
G1 X98.599 Y109.754 E3.67819 ; perimeter
G1 X98.664 Y108.755 E3.70387 ; perimeter
G1 X98.766 Y108.041 E3.72237 ; perimeter
G1 X98.865 Y107.538 E3.73552 ; perimeter
G1 X99.125 Y106.567 E3.76131 ; perimeter
G1 X99.348 Y105.933 E3.77855 ; perimeter
G1 X99.771 Y104.959 E3.80579 ; perimeter
G1 X100.11 Y104.322 E3.8243 ; perimeter
G1 X100.659 Y103.459 E3.85054 ; perimeter
G1 X101.231 Y102.713 E3.87466 ; perimeter
G1 X101.59 Y102.298 E3.88874 ; perimeter
G1 X102.112 Y101.765 E3.90788 ; perimeter
G1 X102.865 Y101.104 E3.93358 ; perimeter
G1 X103.424 Y100.685 E3.9515 ; perimeter
G1 X103.867 Y100.385 E3.96523 ; perimeter
G1 X104.737 Y99.883 E3.991 ; perimeter
G1 X105.388 Y99.571 E4.00952 ; perimeter
G1 X105.861 Y99.374 E4.02266 ; perimeter
G1 X106.752 Y99.071 E4.0468 ; perimeter
G1 X107.286 Y98.923 E4.06102 ; perimeter
G1 X108.017 Y98.77 E4.08018 ; perimeter
G1 X108.957 Y98.646 E4.1045 ; perimeter
G1 X109.5 Y98.607 E4.11847 ; perimeter
G1 X110.221 Y98.598 E4.13697 ; perimeter
G1 X111.245 Y98.664 E4.16329 ; perimeter
G1 X111.959 Y98.766 E4.18179 ; perimeter
G1 X112.462 Y98.865 E4.19494 ; perimeter
G1 X113.433 Y99.125 E4.22073 ; perimeter
G1 X114.113 Y99.364 E4.23922 ; perimeter
G1 X114.59 Y99.561 E4.25246 ; perimeter
G1 X115.227 Y99.866 E4.27058 ; perimeter
G1 X115.696 Y100.121 E4.28428 ; perimeter
G1 X116.499 Y100.632 E4.3087 ; perimeter
G1 X116.94 Y100.951 E4.32266 ; perimeter
G1 X117.498 Y101.408 E4.34116 ; perimeter
G1 X118.238 Y102.114 E4.3674 ; perimeter
G1 X118.859 Y102.822 E4.39156 ; perimeter
G1 X119.195 Y103.254 E4.4056 ; perimeter
G1 X119.594 Y103.837 E4.42372 ; perimeter
G1 X119.875 Y104.295 E4.4375 ; perimeter
G1 X120.226 Y104.953 E4.45663 ; perimeter
G1 X120.628 Y105.867 E4.48225 ; perimeter
G1 X120.929 Y106.752 E4.50623 ; perimeter
G1 X121.077 Y107.286 E4.52045 ; perimeter
G1 X121.23 Y108.017 E4.53961 ; perimeter
G1 X121.361 Y109.013 E4.56538 ; perimeter
G1 X121.394 Y109.545 E4.57905 ; perimeter
G1 X121.401 Y110.246 E4.59703 ; perimeter
G1 X121.336 Y111.245 E4.62271 ; perimeter
G1 X121.237 Y111.933 E4.64054 ; perimeter
G1 X121.016 Y112.948 E4.66719 ; perimeter
G1 X120.8 Y113.663 E4.68635 ; perimeter
G1 X120.456 Y114.546 E4.71066 ; perimeter
G1 X120.229 Y115.041 E4.72463 ; perimeter
G1 X119.878 Y115.699 E4.74376 ; perimeter
G1 X119.341 Y116.541 E4.76938 ; perimeter
G1 X118.734 Y117.333 E4.79498 ; perimeter
G1 X118.273 Y117.847 E4.81269 ; perimeter
G1 X117.522 Y118.572 E4.83947 ; perimeter
G1 X116.945 Y119.045 E4.85861 ; perimeter
G1 X116.127 Y119.618 E4.88423 ; perimeter
G1 X115.263 Y120.117 E4.90983 ; perimeter
G1 X114.633 Y120.419 E4.92775 ; perimeter
G1 X114.136 Y120.628 E4.94158 ; perimeter
G1 X113.477 Y120.859 E4.95949 ; perimeter
G1 X112.958 Y121.014 E4.97339 ; perimeter
G1 X111.977 Y121.231 E4.99917 ; perimeter
G1 X111.285 Y121.33 E5.0171 ; perimeter
G1 X110.752 Y121.379 E5.03083 ; perimeter
G1 X109.751 Y121.401 E5.05652 ; perimeter
G1 X108.755 Y121.336 E5.08213 ; perimeter
G1 X108.067 Y121.237 E5.09996 ; perimeter
G1 X107.677 Y121.162 E5.11015 ; perimeter
G1 X107.677 Y121.162 F7200 ; move to first perimeter point
G1 X107.546 Y121.53 ; move to first perimeter point
;TYPE:External perimeter
G1 F900
G1 X107.45 Y121.511 E5.11266 ; perimeter
G1 X106.454 Y121.244 E5.13911 ; perimeter
G1 X105.726 Y120.988 E5.15891 ; perimeter
G1 X105.253 Y120.792 E5.17205 ; perimeter
G1 X104.555 Y120.457 E5.19191 ; perimeter
G1 X104.107 Y120.211 E5.20502 ; perimeter
G1 X103.238 Y119.658 E5.23144 ; perimeter
G1 X102.42 Y119.03 E5.2579 ; perimeter
G1 X102.036 Y118.693 E5.27101 ; perimeter
G1 X101.484 Y118.154 E5.2908 ; perimeter
G1 X100.804 Y117.378 E5.31727 ; perimeter
G1 X100.493 Y116.972 E5.33039 ; perimeter
G1 X100.057 Y116.336 E5.35017 ; perimeter
G1 X99.542 Y115.443 E5.37662 ; perimeter
G1 X99.218 Y114.77 E5.39578 ; perimeter
G1 X99.013 Y114.275 E5.40952 ; perimeter
G1 X98.681 Y113.298 E5.43599 ; perimeter
G1 X98.489 Y112.551 E5.45578 ; perimeter
G1 X98.39 Y112.05 E5.46888 ; perimeter
G1 X98.255 Y111.025 E5.4954 ; perimeter
G1 X98.221 Y110.515 E5.50851 ; perimeter
G1 X98.213 Y109.744 E5.52829 ; perimeter
G1 X98.28 Y108.715 E5.55474 ; perimeter
G1 X98.385 Y107.976 E5.57389 ; perimeter
G1 X98.489 Y107.45 E5.58765 ; perimeter
G1 X98.756 Y106.454 E5.6141 ; perimeter
G1 X99.003 Y105.749 E5.63326 ; perimeter
G1 X99.425 Y104.786 E5.66023 ; perimeter
G1 X99.777 Y104.128 E5.67937 ; perimeter
G1 X100.342 Y103.238 E5.70641 ; perimeter
G1 X100.97 Y102.42 E5.73287 ; perimeter
G1 X101.307 Y102.036 E5.74598 ; perimeter
G1 X101.846 Y101.484 E5.76577 ; perimeter
G1 X102.621 Y100.805 E5.7922 ; perimeter
G1 X103.239 Y100.342 E5.81201 ; perimeter
G1 X103.663 Y100.058 E5.8251 ; perimeter
G1 X104.557 Y99.542 E5.85158 ; perimeter
G1 X105.23 Y99.218 E5.87074 ; perimeter
G1 X105.725 Y99.013 E5.88448 ; perimeter
G1 X106.703 Y98.68 E5.91098 ; perimeter
G1 X107.197 Y98.548 E5.9241 ; perimeter
G1 X107.952 Y98.389 E5.94389 ; perimeter
G1 X108.975 Y98.255 E5.97036 ; perimeter
G1 X109.485 Y98.221 E5.98347 ; perimeter
G1 X110.231 Y98.213 E6.00261 ; perimeter
G1 X111.285 Y98.28 E6.0297 ; perimeter
G1 X112.024 Y98.385 E6.04885 ; perimeter
G1 X112.55 Y98.489 E6.06261 ; perimeter
G1 X113.546 Y98.756 E6.08906 ; perimeter
G1 X114.251 Y99.003 E6.10822 ; perimeter
G1 X114.747 Y99.208 E6.12199 ; perimeter
G1 X115.445 Y99.543 E6.14185 ; perimeter
G1 X115.893 Y99.789 E6.15496 ; perimeter
G1 X116.764 Y100.344 E6.18146 ; perimeter
G1 X117.176 Y100.646 E6.19457 ; perimeter
G1 X117.754 Y101.119 E6.21373 ; perimeter
G1 X118.517 Y101.847 E6.24078 ; perimeter
G1 X119.196 Y102.622 E6.26721 ; perimeter
G1 X119.507 Y103.028 E6.28033 ; perimeter
G1 X119.944 Y103.666 E6.30017 ; perimeter
G1 X120.21 Y104.104 E6.31332 ; perimeter
G1 X120.573 Y104.784 E6.3331 ; perimeter
G1 X120.988 Y105.727 E6.35953 ; perimeter
G1 X121.32 Y106.703 E6.38598 ; perimeter
G1 X121.452 Y107.197 E6.3991 ; perimeter
G1 X121.611 Y107.952 E6.41889 ; perimeter
G1 X121.745 Y108.975 E6.44536 ; perimeter
G1 X121.779 Y109.541 E6.45991 ; perimeter
G1 X121.787 Y110.256 E6.47825 ; perimeter
G1 X121.72 Y111.285 E6.5047 ; perimeter
G1 X121.611 Y112.048 E6.52447 ; perimeter
G1 X121.388 Y113.05 E6.5508 ; perimeter
G1 X121.165 Y113.789 E6.5706 ; perimeter
G1 X120.79 Y114.75 E6.59706 ; perimeter
G1 X120.575 Y115.214 E6.61018 ; perimeter
G1 X120.211 Y115.894 E6.62997 ; perimeter
G1 X119.658 Y116.762 E6.65637 ; perimeter
G1 X119.031 Y117.579 E6.68279 ; perimeter
G1 X118.516 Y118.154 E6.70259 ; perimeter
G1 X117.775 Y118.863 E6.7289 ; perimeter
G1 X117.178 Y119.353 E6.74871 ; perimeter
G1 X116.335 Y119.943 E6.77511 ; perimeter
G1 X115.443 Y120.458 E6.80153 ; perimeter
G1 X114.747 Y120.792 E6.82134 ; perimeter
G1 X114.274 Y120.988 E6.83448 ; perimeter
G1 X113.544 Y121.245 E6.85433 ; perimeter
G1 X113.054 Y121.388 E6.86743 ; perimeter
G1 X112.046 Y121.611 E6.89391 ; perimeter
G1 X111.282 Y121.72 E6.91371 ; perimeter
G1 X110.773 Y121.765 E6.92682 ; perimeter
G1 X109.743 Y121.787 E6.95325 ; perimeter
G1 X108.715 Y121.72 E6.97968 ; perimeter
G1 X107.952 Y121.611 E6.99945 ; perimeter
G1 X107.604 Y121.542 E7.00855 ; perimeter
G1 E5.95855 F2100 ; retract
;WIPE_START
G1 F5760
G1 X107.546 Y121.53 E5.93804 ; wipe and retract
G1 X107.45 Y121.511 E5.90415 ; wipe and retract
G1 X106.454 Y121.244 E5.547 ; wipe and retract
G1 X106.349 Y121.207 E5.50855 ; wipe and retract
;WIPE_END
G92 E0 ; reset extrusion distance
G1 Z.36 F600 ; move to first perimeter point
G1 X106.432 Y120.954 F7200 ; move to first perimeter point
G1 X109.389 Y116.752 ; move to first perimeter point
G1 X109.449 Y116.682 ; move to first perimeter point
G1 X109.479 Y116.655 ; move to first perimeter point
G1 X109.512 Y116.627 ; move to first perimeter point
G1 X109.54 Y116.604 ; move to first perimeter point
G1 X109.576 Y116.581 ; move to first perimeter point
G1 X109.638 Y116.545 ; move to first perimeter point
G1 X109.664 Y116.532 ; move to first perimeter point
G1 X109.703 Y116.516 ; move to first perimeter point
G1 X109.778 Y116.491 ; move to first perimeter point
G1 X109.807 Y116.483 ; move to first perimeter point
G1 X110.826 Y116.273 ; move to first perimeter point
G1 X111.056 Y116.318 ; move to first perimeter point
G1 X111.116 Y116.329 ; move to first perimeter point
G1 X111.204 Y116.345 ; move to first perimeter point
G1 X111.264 Y116.356 ; move to first perimeter point
G1 X111.353 Y116.372 ; move to first perimeter point
G1 X111.505 Y116.397 ; move to first perimeter point
G1 X111.564 Y116.39 ; move to first perimeter point
G1 X111.703 Y116.354 ; move to first perimeter point
G1 X111.841 Y116.316 ; move to first perimeter point
G1 X111.917 Y116.273 ; move to first perimeter point
G1 X114.502 Y114.787 ; move to first perimeter point
G1 X114.549 Y114.752 ; move to first perimeter point
G1 X114.652 Y114.652 ; move to first perimeter point
G1 X114.752 Y114.549 ; move to first perimeter point
G1 X114.797 Y114.474 ; move to first perimeter point
G1 X116.292 Y111.895 ; move to first perimeter point
G1 X116.316 Y111.841 ; move to first perimeter point
G1 X116.354 Y111.703 ; move to first perimeter point
G1 X116.39 Y111.564 ; move to first perimeter point
G1 X116.382 Y111.415 ; move to first perimeter point
G1 X116.176 Y110.135 ; move to first perimeter point
G1 X116.174 Y110.096 ; move to first perimeter point
G1 X116.32 Y110.09 ; move to first perimeter point
G1 Z.16 F600 ; move to first perimeter point
G1 E1.5 F1500 ;  ; unretract
;WIDTH:0.6483
G1 F900
G1 X116.32 Y109.889 E1.50821 ; perimeter
G1 E.45821 F2100 ; retract
;WIPE_START
G1 F5760
G1 X116.32 Y110.09 E.38859 ; wipe and retract
;WIPE_END
G1 E.00821 F2100 ; retract
G92 E0 ; reset extrusion distance
G1 Z.36 F600 ; move to first perimeter point
G1 X116.174 Y110.096 F7200 ; move to first perimeter point
G1 X116.382 Y111.415 ; move to first perimeter point
G1 X116.39 Y111.564 ; move to first perimeter point
G1 X116.354 Y111.703 ; move to first perimeter point
G1 X116.316 Y111.841 ; move to first perimeter point
G1 X116.292 Y111.895 ; move to first perimeter point
G1 X115.281 Y113.204 ; move to first perimeter point
G1 X115.258 Y113.249 ; move to first perimeter point
G1 X115.392 Y113.316 ; move to first perimeter point
G1 Z.16 F600 ; move to first perimeter point
G1 E1.5 F1500 ;  ; unretract
;WIDTH:0.669766
G1 F900
G1 X115.552 Y113.033 E1.51374 ; perimeter
G1 E.46374 F2100 ; retract
;WIPE_START
G1 F5760
G1 X115.392 Y113.316 E.35114 ; wipe and retract
;WIPE_END
G1 E.01374 F2100 ; retract
G92 E0 ; reset extrusion distance
G1 Z.36 F600 ; move to first perimeter point
G1 X115.258 Y113.249 F7200 ; move to first perimeter point
G1 X114.819 Y114.416 ; move to first perimeter point
G1 X114.797 Y114.474 ; move to first perimeter point
G1 X114.752 Y114.549 ; move to first perimeter point
G1 X114.652 Y114.652 ; move to first perimeter point
G1 X114.549 Y114.752 ; move to first perimeter point
G1 X114.502 Y114.787 ; move to first perimeter point
G1 X112.925 Y115.445 ; move to first perimeter point
G1 X112.904 Y115.46 ; move to first perimeter point
G1 X112.992 Y115.585 ; move to first perimeter point
G1 Z.16 F600 ; move to first perimeter point
G1 E1.5 F1500 ;  ; unretract
;WIDTH:0.665894
G1 F900
G1 X113.248 Y115.424 E1.51271 ; perimeter
G1 E.46271 F2100 ; retract
;WIPE_START
G1 F5760
G1 X112.992 Y115.585 E.35797 ; wipe and retract
;WIPE_END
G1 E.01271 F2100 ; retract
G92 E0 ; reset extrusion distance
G1 Z.36 F600 ; move to first perimeter point
G1 X112.904 Y115.46 F7200 ; move to first perimeter point
G1 X111.966 Y116.234 ; move to first perimeter point
G1 X111.917 Y116.273 ; move to first perimeter point
G1 X111.841 Y116.316 ; move to first perimeter point
G1 X111.703 Y116.354 ; move to first perimeter point
G1 X111.564 Y116.39 ; move to first perimeter point
G1 X111.505 Y116.397 ; move to first perimeter point
G1 X108.523 Y116.391 ; move to first perimeter point
G1 X108.436 Y116.39 ; move to first perimeter point
G1 X108.297 Y116.354 ; move to first perimeter point
G1 X108.159 Y116.316 ; move to first perimeter point
G1 X108.105 Y116.292 ; move to first perimeter point
G1 X106.867 Y115.318 ; move to first perimeter point
G1 X106.809 Y115.288 ; move to first perimeter point
G1 X106.741 Y115.417 ; move to first perimeter point
G1 Z.16 F600 ; move to first perimeter point
G1 E1.5 F1500 ;  ; unretract
;WIDTH:0.652766
G1 F900
G1 X106.973 Y115.556 E1.51113 ; perimeter
G1 E.46113 F2100 ; retract
;WIPE_START
G1 F5760
G1 X106.741 Y115.417 E.36746 ; wipe and retract
;WIPE_END
G1 E.01113 F2100 ; retract
G92 E0 ; reset extrusion distance
G1 Z.36 F600 ; move to first perimeter point
G1 X106.809 Y115.288 F7200 ; move to first perimeter point
G1 X105.584 Y114.82 ; move to first perimeter point
G1 X105.525 Y114.797 ; move to first perimeter point
G1 X105.451 Y114.752 ; move to first perimeter point
G1 X105.348 Y114.652 ; move to first perimeter point
G1 X105.248 Y114.549 ; move to first perimeter point
G1 X105.213 Y114.501 ; move to first perimeter point
G1 X104.627 Y113.039 ; move to first perimeter point
G1 X104.613 Y113.017 ; move to first perimeter point
G1 X104.49 Y113.094 ; move to first perimeter point
G1 Z.16 F600 ; move to first perimeter point
G1 E1.5 F1500 ;  ; unretract
;WIDTH:0.642146
G1 F900
G1 X104.581 Y113.253 E1.50741 ; perimeter
G1 E.45741 F2100 ; retract
;WIPE_START
G1 F5760
G1 X104.49 Y113.094 E.39396 ; wipe and retract
;WIPE_END
G1 E.00741 F2100 ; retract
G92 E0 ; reset extrusion distance
G1 Z.36 F600 ; move to first perimeter point
G1 X104.613 Y113.017 F7200 ; move to first perimeter point
G1 X102.328 Y110.666 ; move to first perimeter point
G1 X102.286 Y110.62 ; move to first perimeter point
G1 X102.246 Y110.573 ; move to first perimeter point
G1 X102.213 Y110.523 ; move to first perimeter point
G1 X102.182 Y110.476 ; move to first perimeter point
G1 X102.159 Y110.432 ; move to first perimeter point
G1 X102.124 Y110.357 ; move to first perimeter point
G1 X102.106 Y110.31 ; move to first perimeter point
G1 X102.082 Y110.23 ; move to first perimeter point
G1 X102.071 Y110.18 ; move to first perimeter point
G1 X102.059 Y110.099 ; move to first perimeter point
G1 X102.055 Y110.045 ; move to first perimeter point
G1 X102.055 Y109.955 ; move to first perimeter point
G1 X102.059 Y109.901 ; move to first perimeter point
G1 X102.071 Y109.82 ; move to first perimeter point
G1 X102.082 Y109.77 ; move to first perimeter point
G1 X102.106 Y109.69 ; move to first perimeter point
G1 X102.124 Y109.643 ; move to first perimeter point
G1 X102.159 Y109.568 ; move to first perimeter point
G1 X102.182 Y109.524 ; move to first perimeter point
G1 X102.213 Y109.477 ; move to first perimeter point
G1 X102.246 Y109.427 ; move to first perimeter point
G1 X102.286 Y109.38 ; move to first perimeter point
G1 X102.328 Y109.334 ; move to first perimeter point
G1 X102.373 Y109.292 ; move to first perimeter point
G1 X102.061 Y108.953 ; move to first perimeter point
G1 Z.16 F600 ; move to first perimeter point
G1 E1.5 F1500 ;  ; unretract
;TYPE:Perimeter
;WIDTH:0.419999
G1 F900
G1 X102.351 Y108.744 E1.50917 ; perimeter
G1 X102.74 Y108.613 E1.5197 ; perimeter
G1 X103.074 Y108.581 E1.52831 ; perimeter
G1 X103.274 Y107.749 E1.55026 ; perimeter
G1 X102.91 Y107.468 E1.56206 ; perimeter
G1 X102.654 Y107.103 E1.5735 ; perimeter
G1 X102.532 Y106.764 E1.58274 ; perimeter
G1 X102.509 Y106.321 E1.59412 ; perimeter
G1 X102.646 Y105.869 E1.60624 ; perimeter
G1 X103.013 Y105.405 E1.62142 ; perimeter
G1 X103.429 Y105.164 E1.63375 ; perimeter
G1 X103.799 Y105.084 E1.64346 ; perimeter
G1 X104.311 Y105.148 E1.6567 ; perimeter
G1 X104.489 Y105.198 E1.66144 ; perimeter
G1 X104.705 Y105.353 E1.66826 ; perimeter
G1 X105.049 Y104.946 E1.68193 ; perimeter
G1 X105.344 Y104.706 E1.69169 ; perimeter
G1 X105.155 Y104.345 E1.70214 ; perimeter
G1 X105.087 Y103.954 E1.71232 ; perimeter
G1 X105.114 Y103.579 E1.72197 ; perimeter
G1 X105.272 Y103.192 E1.73269 ; perimeter
G1 X105.519 Y102.894 E1.74262 ; perimeter
G1 X105.805 Y102.679 E1.7518 ; perimeter
G1 X106.315 Y102.509 E1.76559 ; perimeter
G1 X106.633 Y102.512 E1.77375 ; perimeter
G1 X107.047 Y102.622 E1.78474 ; perimeter
G1 X107.4 Y102.846 E1.79547 ; perimeter
G1 X107.628 Y103.091 E1.80406 ; perimeter
G1 X107.744 Y103.326 E1.81078 ; perimeter
G1 X108.226 Y103.15 E1.82394 ; perimeter
G1 X108.622 Y103.091 E1.83421 ; perimeter
G1 X108.619 Y102.726 E1.84357 ; perimeter
G1 X108.736 Y102.372 E1.85313 ; perimeter
G1 X108.962 Y102.017 E1.86393 ; perimeter
G1 X109.226 Y101.794 E1.8728 ; perimeter
G1 X109.599 Y101.622 E1.88334 ; perimeter
G1 X110.056 Y101.567 E1.89515 ; perimeter
G1 X110.54 Y101.665 E1.90782 ; perimeter
G1 X110.95 Y101.925 E1.92027 ; perimeter
G1 X111.246 Y102.329 E1.93312 ; perimeter
G1 X111.384 Y102.72 E1.94376 ; perimeter
G1 X111.404 Y103.075 E1.95288 ; perimeter
G1 X112.242 Y103.29 E1.97507 ; perimeter
G1 X112.497 Y102.94 E1.98618 ; perimeter
G1 X112.93 Y102.658 E1.99944 ; perimeter
G1 X113.233 Y102.529 E2.00789 ; perimeter
G1 X113.553 Y102.505 E2.01612 ; perimeter
G1 X113.997 Y102.589 E2.02771 ; perimeter
G1 X114.446 Y102.855 E2.0411 ; perimeter
G1 X114.706 Y103.151 E2.05121 ; perimeter
G1 X114.884 Y103.59 E2.06336 ; perimeter
G1 X114.915 Y103.922 E2.07191 ; perimeter
G1 X114.851 Y104.356 E2.08316 ; perimeter
G1 X114.747 Y104.592 E2.08978 ; perimeter
G1 X114.662 Y104.7 E2.09331 ; perimeter
G1 X114.984 Y104.983 E2.10431 ; perimeter
G1 X115.296 Y105.32 E2.11609 ; perimeter
G1 X115.7 Y105.139 E2.12745 ; perimeter
G1 X116.138 Y105.083 E2.13878 ; perimeter
G1 X116.445 Y105.122 E2.14672 ; perimeter
G1 X116.87 Y105.314 E2.15868 ; perimeter
G1 X117.166 Y105.587 E2.16901 ; perimeter
G1 X117.331 Y105.824 E2.17642 ; perimeter
G1 X117.474 Y106.224 E2.18732 ; perimeter
G1 X117.493 Y106.582 E2.19652 ; perimeter
G1 X117.386 Y107.029 E2.20831 ; perimeter
G1 X117.146 Y107.409 E2.21984 ; perimeter
G1 X116.912 Y107.628 E2.22806 ; perimeter
G1 X116.677 Y107.75 E2.23485 ; perimeter
G1 X116.859 Y108.279 E2.2492 ; perimeter
G1 X116.908 Y108.616 E2.25794 ; perimeter
G1 X117.204 Y108.605 E2.26554 ; perimeter
G1 X117.553 Y108.704 E2.27485 ; perimeter
G1 X117.985 Y108.963 E2.28777 ; perimeter
G1 X118.199 Y109.206 E2.29608 ; perimeter
G1 X118.4 Y109.692 E2.30957 ; perimeter
G1 X118.43 Y110.064 E2.31914 ; perimeter
G1 X118.337 Y110.535 E2.33146 ; perimeter
G1 X118.072 Y110.954 E2.34418 ; perimeter
G1 X117.756 Y111.202 E2.35449 ; perimeter
G1 X117.286 Y111.385 E2.36743 ; perimeter
G1 X116.926 Y111.419 E2.37671 ; perimeter
G1 X116.725 Y112.251 E2.39867 ; perimeter
G1 X117.11 Y112.549 E2.41116 ; perimeter
G1 X117.395 Y112.991 E2.42465 ; perimeter
G1 X117.493 Y113.418 E2.43589 ; perimeter
G1 X117.451 Y113.855 E2.44715 ; perimeter
G1 X117.287 Y114.254 E2.45822 ; perimeter
G1 X116.994 Y114.597 E2.46979 ; perimeter
G1 X116.545 Y114.844 E2.48294 ; perimeter
G1 X116.171 Y114.914 E2.4927 ; perimeter
G1 X115.784 Y114.887 E2.50265 ; perimeter
G1 X115.495 Y114.789 E2.51048 ; perimeter
G1 X115.294 Y114.653 E2.51671 ; perimeter
G1 X114.92 Y115.08 E2.53127 ; perimeter
G1 X114.653 Y115.29 E2.53998 ; perimeter
G1 X114.846 Y115.627 E2.54994 ; perimeter
G1 X114.901 Y116.182 E2.56425 ; perimeter
G1 X114.882 Y116.436 E2.57078 ; perimeter
G1 X114.702 Y116.845 E2.58224 ; perimeter
G1 X114.429 Y117.152 E2.59278 ; perimeter
G1 X114.024 Y117.402 E2.60499 ; perimeter
G1 X113.675 Y117.492 E2.61424 ; perimeter
G1 X113.367 Y117.488 E2.62214 ; perimeter
G1 X112.953 Y117.378 E2.63313 ; perimeter
G1 X112.6 Y117.154 E2.64386 ; perimeter
G1 X112.313 Y116.832 E2.65493 ; perimeter
G1 X112.234 Y116.707 E2.65872 ; perimeter
G1 X111.738 Y116.859 E2.67203 ; perimeter
G1 X111.384 Y116.918 E2.68124 ; perimeter
G1 X111.381 Y117.274 E2.69037 ; perimeter
G1 X111.264 Y117.628 E2.69993 ; perimeter
G1 X111.084 Y117.93 E2.70895 ; perimeter
G1 X110.78 Y118.207 E2.7195 ; perimeter
G1 X110.338 Y118.395 E2.73182 ; perimeter
G1 X110.001 Y118.433 E2.74052 ; perimeter
G1 X109.486 Y118.341 E2.75394 ; perimeter
G1 X109.061 Y118.084 E2.76668 ; perimeter
G1 X108.791 Y117.744 E2.77782 ; perimeter
G1 X108.616 Y117.28 E2.79054 ; perimeter
G1 X108.581 Y116.926 E2.79967 ; perimeter
G1 X107.758 Y116.71 E2.8215 ; perimeter
G1 X107.467 Y117.095 E2.83388 ; perimeter
G1 X107.054 Y117.374 E2.84667 ; perimeter
G1 X106.717 Y117.479 E2.85573 ; perimeter
G1 X106.312 Y117.485 E2.86612 ; perimeter
G1 X105.868 Y117.351 E2.87802 ; perimeter
G1 X105.46 Y117.052 E2.891 ; perimeter
G1 X105.204 Y116.689 E2.9024 ; perimeter
G1 X105.086 Y116.25 E2.91406 ; perimeter
G1 X105.125 Y115.728 E2.92749 ; perimeter
G1 X105.308 Y115.288 E2.93972 ; perimeter
G1 X104.913 Y114.918 E2.9536 ; perimeter
G1 X104.708 Y114.666 E2.96193 ; perimeter
G1 X104.449 Y114.819 E2.96965 ; perimeter
G1 X103.955 Y114.917 E2.98257 ; perimeter
G1 X103.561 Y114.88 E2.99272 ; perimeter
G1 X103.215 Y114.737 E3.00232 ; perimeter
G1 X102.91 Y114.508 E3.0121 ; perimeter
G1 X102.662 Y114.159 E3.02308 ; perimeter
G1 X102.524 Y113.756 E3.03401 ; perimeter
G1 X102.497 Y113.517 E3.04018 ; perimeter
G1 X102.606 Y112.996 E3.05384 ; perimeter
G1 X102.75 Y112.736 E3.06146 ; perimeter
G1 X102.986 Y112.453 E3.07091 ; perimeter
G1 X103.293 Y112.234 E3.08058 ; perimeter
G1 X103.135 Y111.716 E3.09447 ; perimeter
G1 X103.084 Y111.397 E3.10276 ; perimeter
G1 X102.788 Y111.392 E3.11035 ; perimeter
G1 X102.406 Y111.284 E3.12053 ; perimeter
G1 X102.052 Y111.068 E3.13117 ; perimeter
G1 X101.757 Y110.716 E3.14295 ; perimeter
G1 X101.612 Y110.37 E3.15257 ; perimeter
G1 X101.568 Y109.931 E3.16389 ; perimeter
G1 X101.663 Y109.464 E3.17612 ; perimeter
G1 X101.922 Y109.053 E3.18858 ; perimeter
G1 X102.012 Y108.988 E3.19143 ; perimeter
G1 X102.301 Y109.251 F7200 ; move to first perimeter point
G1 F900
G1 X102.601 Y109.051 E3.20068 ; perimeter
G1 X102.932 Y108.973 E3.2094 ; perimeter
G1 X103.248 Y109.02 E3.2176 ; perimeter
G1 X103.41 Y109.096 E3.22219 ; perimeter
G1 X103.475 Y108.528 E3.23686 ; perimeter
G1 X103.613 Y108.012 E3.25056 ; perimeter
G1 X103.835 Y107.496 E3.26497 ; perimeter
G1 X103.445 Y107.403 E3.27526 ; perimeter
G1 X103.122 Y107.128 E3.28614 ; perimeter
G1 X102.986 Y106.906 E3.29282 ; perimeter
G1 X102.89 Y106.563 E3.30196 ; perimeter
G1 X102.899 Y106.335 E3.30781 ; perimeter
G1 X103.009 Y106.013 E3.31654 ; perimeter
G1 X103.283 Y105.68 E3.3276 ; perimeter
G1 X103.561 Y105.528 E3.33573 ; perimeter
G1 X103.874 Y105.468 E3.34391 ; perimeter
G1 X104.349 Y105.558 E3.35631 ; perimeter
G1 X104.582 Y105.723 E3.36363 ; perimeter
G1 X104.746 Y105.924 E3.37029 ; perimeter
G1 X105.223 Y105.319 E3.39005 ; perimeter
G1 X105.913 Y104.747 E3.41304 ; perimeter
G1 X105.709 Y104.582 E3.41977 ; perimeter
G1 X105.522 Y104.229 E3.43002 ; perimeter
G1 X105.473 Y103.965 E3.43691 ; perimeter
G1 X105.491 Y103.659 E3.44477 ; perimeter
G1 X105.612 Y103.374 E3.45271 ; perimeter
G1 X105.82 Y103.147 E3.46061 ; perimeter
G1 X106.123 Y102.96 E3.46974 ; perimeter
G1 X106.475 Y102.883 E3.47898 ; perimeter
G1 X106.878 Y102.969 E3.48955 ; perimeter
G1 X107.227 Y103.216 E3.50052 ; perimeter
G1 X107.334 Y103.34 E3.50472 ; perimeter
G1 X107.485 Y103.717 E3.51514 ; perimeter
G1 X107.495 Y103.84 E3.51831 ; perimeter
G1 X108.209 Y103.556 E3.53802 ; perimeter
G1 X109.091 Y103.412 E3.56095 ; perimeter
G1 X109.023 Y103.261 E3.5652 ; perimeter
G1 X108.992 Y102.852 E3.57572 ; perimeter
G1 X109.077 Y102.553 E3.58369 ; perimeter
G1 X109.244 Y102.28 E3.5919 ; perimeter
G1 X109.459 Y102.101 E3.59908 ; perimeter
G1 X109.682 Y101.998 E3.60538 ; perimeter
G1 X110.043 Y101.954 E3.61471 ; perimeter
G1 X110.391 Y102.02 E3.6238 ; perimeter
G1 X110.688 Y102.208 E3.63282 ; perimeter
G1 X110.925 Y102.551 E3.64352 ; perimeter
G1 X111.027 Y102.926 E3.65349 ; perimeter
G1 X110.939 Y103.33 E3.6641 ; perimeter
G1 X110.879 Y103.427 E3.66703 ; perimeter
G1 X111.472 Y103.475 E3.68229 ; perimeter
G1 X111.988 Y103.613 E3.69599 ; perimeter
G1 X112.507 Y103.839 E3.71051 ; perimeter
G1 X112.588 Y103.46 E3.72045 ; perimeter
G1 X112.817 Y103.17 E3.72993 ; perimeter
G1 X113.326 Y102.903 E3.74468 ; perimeter
G1 X113.689 Y102.904 E3.75399 ; perimeter
G1 X114.064 Y103.053 E3.76434 ; perimeter
G1 X114.349 Y103.319 E3.77434 ; perimeter
G1 X114.472 Y103.547 E3.78099 ; perimeter
G1 X114.531 Y103.891 E3.78994 ; perimeter
G1 X114.463 Y104.288 E3.80027 ; perimeter
G1 X114.23 Y104.641 E3.81112 ; perimeter
G1 X114.099 Y104.755 E3.81558 ; perimeter
G1 X114.56 Y105.11 E3.83051 ; perimeter
G1 X115.014 Y105.583 E3.84733 ; perimeter
G1 X115.256 Y105.922 E3.85802 ; perimeter
G1 X115.53 Y105.627 E3.86835 ; perimeter
G1 X115.772 Y105.518 E3.87516 ; perimeter
G1 X116.167 Y105.472 E3.88536 ; perimeter
G1 X116.548 Y105.57 E3.89545 ; perimeter
G1 X116.833 Y105.788 E3.90466 ; perimeter
G1 X117.031 Y106.1 E3.91414 ; perimeter
G1 X117.116 Y106.471 E3.9239 ; perimeter
G1 X117.038 Y106.862 E3.93413 ; perimeter
G1 X116.806 Y107.206 E3.94477 ; perimeter
G1 X116.666 Y107.331 E3.94958 ; perimeter
G1 X116.327 Y107.477 E3.95905 ; perimeter
G1 X116.159 Y107.492 E3.96338 ; perimeter
G1 X116.442 Y108.204 E3.98304 ; perimeter
G1 X116.604 Y109.084 E4.006 ; perimeter
G1 X117.008 Y108.977 E4.01672 ; perimeter
G1 X117.325 Y109.024 E4.02494 ; perimeter
G1 X117.723 Y109.246 E4.03663 ; perimeter
G1 X117.888 Y109.434 E4.04305 ; perimeter
G1 X118.042 Y109.855 E4.05455 ; perimeter
G1 X118.011 Y110.299 E4.06597 ; perimeter
G1 X117.851 Y110.615 E4.07506 ; perimeter
G1 X117.56 Y110.87 E4.08499 ; perimeter
G1 X117.196 Y111.01 E4.095 ; perimeter
G1 X116.911 Y111.006 E4.10231 ; perimeter
G1 X116.59 Y110.902 E4.11097 ; perimeter
G1 X116.525 Y111.472 E4.12569 ; perimeter
G1 X116.387 Y111.988 E4.13939 ; perimeter
G1 X116.163 Y112.506 E4.15387 ; perimeter
G1 X116.554 Y112.597 E4.16417 ; perimeter
G1 X116.828 Y112.812 E4.1731 ; perimeter
G1 X117.054 Y113.175 E4.18407 ; perimeter
G1 X117.111 Y113.469 E4.19175 ; perimeter
G1 X117.086 Y113.732 E4.19853 ; perimeter
G1 X116.961 Y114.047 E4.20722 ; perimeter
G1 X116.733 Y114.313 E4.21621 ; perimeter
G1 X116.401 Y114.487 E4.22583 ; perimeter
G1 X116.125 Y114.528 E4.23299 ; perimeter
G1 X115.803 Y114.491 E4.24131 ; perimeter
G1 X115.627 Y114.427 E4.24611 ; perimeter
G1 X115.32 Y114.186 E4.25612 ; perimeter
G1 X115.242 Y114.104 E4.25902 ; perimeter
G1 X114.773 Y114.686 E4.2782 ; perimeter
G1 X114.076 Y115.254 E4.30127 ; perimeter
G1 X114.327 Y115.484 E4.31 ; perimeter
G1 X114.475 Y115.734 E4.31745 ; perimeter
G1 X114.516 Y116.27 E4.33124 ; perimeter
G1 X114.443 Y116.52 E4.33792 ; perimeter
G1 X114.202 Y116.84 E4.3482 ; perimeter
G1 X113.847 Y117.054 E4.35883 ; perimeter
G1 X113.522 Y117.117 E4.36732 ; perimeter
G1 X113.122 Y117.031 E4.37782 ; perimeter
G1 X112.769 Y116.779 E4.38895 ; perimeter
G1 X112.588 Y116.54 E4.39664 ; perimeter
G1 X112.508 Y116.161 E4.40658 ; perimeter
G1 X111.996 Y116.385 E4.42092 ; perimeter
G1 X111.524 Y116.511 E4.43345 ; perimeter
G1 X110.909 Y116.588 E4.44935 ; perimeter
G1 X110.977 Y116.739 E4.4536 ; perimeter
G1 X111.021 Y117.043 E4.46148 ; perimeter
G1 X110.935 Y117.425 E4.47153 ; perimeter
G1 X110.783 Y117.688 E4.47932 ; perimeter
G1 X110.554 Y117.894 E4.48722 ; perimeter
G1 X110.176 Y118.038 E4.4976 ; perimeter
G1 X109.835 Y118.036 E4.50635 ; perimeter
G1 X109.463 Y117.9 E4.51651 ; perimeter
G1 X109.278 Y117.754 E4.52256 ; perimeter
G1 X109.09 Y117.474 E4.53121 ; perimeter
G1 X108.973 Y117.074 E4.5419 ; perimeter
G1 X109.061 Y116.67 E4.55251 ; perimeter
G1 X109.097 Y116.59 E4.55476 ; perimeter
G1 X108.528 Y116.525 E4.56945 ; perimeter
G1 X108.012 Y116.387 E4.58315 ; perimeter
G1 X107.493 Y116.161 E4.59767 ; perimeter
G1 X107.412 Y116.54 E4.60761 ; perimeter
G1 X107.199 Y116.818 E4.61659 ; perimeter
G1 X106.837 Y117.049 E4.62761 ; perimeter
G1 X106.503 Y117.118 E4.63636 ; perimeter
G1 X106.12 Y117.044 E4.64637 ; perimeter
G1 X105.751 Y116.8 E4.65772 ; perimeter
G1 X105.557 Y116.533 E4.66619 ; perimeter
G1 X105.467 Y116.165 E4.67591 ; perimeter
G1 X105.513 Y115.77 E4.68611 ; perimeter
G1 X105.637 Y115.507 E4.69357 ; perimeter
G1 X105.917 Y115.252 E4.70329 ; perimeter
G1 X105.478 Y114.929 E4.71727 ; perimeter
G1 X105.123 Y114.576 E4.73011 ; perimeter
G1 X104.747 Y114.079 E4.7461 ; perimeter
G1 X104.523 Y114.327 E4.75467 ; perimeter
G1 X104.277 Y114.47 E4.76197 ; perimeter
G1 X103.833 Y114.528 E4.77346 ; perimeter
G1 X103.449 Y114.428 E4.78364 ; perimeter
G1 X103.144 Y114.191 E4.79355 ; perimeter
G1 X102.935 Y113.813 E4.80463 ; perimeter
G1 X102.883 Y113.522 E4.81221 ; perimeter
G1 X102.995 Y113.067 E4.82423 ; perimeter
G1 X103.248 Y112.735 E4.83494 ; perimeter
G1 X103.521 Y112.572 E4.8431 ; perimeter
G1 X103.848 Y112.527 E4.85157 ; perimeter
G1 X103.626 Y112.03 E4.86553 ; perimeter
G1 X103.489 Y111.524 E4.87898 ; perimeter
G1 X103.412 Y110.908 E4.89491 ; perimeter
G1 X103.17 Y111.005 E4.9016 ; perimeter
G1 X102.868 Y111.015 E4.90935 ; perimeter
G1 X102.52 Y110.908 E4.91869 ; perimeter
G1 X102.219 Y110.699 E4.92809 ; perimeter
G1 X102.002 Y110.339 E4.93887 ; perimeter
G1 X101.953 Y109.954 E4.94883 ; perimeter
G1 X102.018 Y109.614 E4.95771 ; perimeter
G1 X102.204 Y109.316 E4.96672 ; perimeter
G1 X102.251 Y109.284 E4.96818 ; perimeter
G1 X102.251 Y109.284 F7200 ; move to first perimeter point
G1 X102.421 Y109.69 ; move to first perimeter point
;TYPE:External perimeter
G1 F900
G1 X102.522 Y109.549 E4.97263 ; perimeter
G1 X102.832 Y109.385 E4.98163 ; perimeter
G1 X103.012 Y109.362 E4.98629 ; perimeter
G1 X103.252 Y109.444 E4.9928 ; perimeter
;WIDTH:0.468321
G1 X103.376 Y109.584 E4.9982 ; perimeter
;WIDTH:0.516643
G1 X103.501 Y109.725 E5.00425 ; perimeter
;WIDTH:0.564965
G1 X103.626 Y109.865 E5.01087 ; perimeter
;WIDTH:0.599194
G1 X103.654 Y109.919 E5.01316 ; perimeter
;WIDTH:0.633422
G1 X103.683 Y109.973 E5.0156 ; perimeter
G1 X103.704 Y109.894 E5.01886 ; perimeter
;WIDTH:0.590738
G1 X103.725 Y109.815 E5.02189 ; perimeter
;WIDTH:0.548053
G1 X103.746 Y109.736 E5.02468 ; perimeter
;WIDTH:0.505368
G1 X103.767 Y109.657 E5.02724 ; perimeter
;WIDTH:0.462684
G1 X103.788 Y109.578 E5.02957 ; perimeter
;WIDTH:0.419999
G1 X103.815 Y108.927 E5.04629 ; perimeter
G1 X103.909 Y108.398 E5.06007 ; perimeter
G1 X104.114 Y107.81 E5.07605 ; perimeter
G1 X104.376 Y107.365 E5.0893 ; perimeter
;WIDTH:0.463384
G1 X104.403 Y107.268 E5.09217 ; perimeter
;WIDTH:0.50677
G1 X104.43 Y107.17 E5.09536 ; perimeter
;WIDTH:0.550155
G1 X104.457 Y107.073 E5.09881 ; perimeter
;WIDTH:0.59354
G1 X104.484 Y106.975 E5.10259 ; perimeter
;WIDTH:0.636925
G1 X104.511 Y106.878 E5.10663 ; perimeter
G1 X104.443 Y106.922 E5.10988 ; perimeter
;WIDTH:0.593808
G1 X104.376 Y106.966 E5.11286 ; perimeter
;WIDTH:0.550691
G1 X104.213 Y107.011 E5.11867 ; perimeter
;WIDTH:0.507127
G1 X104.051 Y107.057 E5.12397 ; perimeter
;WIDTH:0.463563
G1 X103.888 Y107.102 E5.1288 ; perimeter
;WIDTH:0.419999
G1 X103.651 Y107.07 E5.13494 ; perimeter
G1 X103.415 Y106.874 E5.14281 ; perimeter
G1 X103.318 Y106.71 E5.1477 ; perimeter
G1 X103.274 Y106.426 E5.15507 ; perimeter
G1 X103.349 Y106.2 E5.16118 ; perimeter
G1 X103.612 Y105.916 E5.17111 ; perimeter
G1 X103.89 Y105.856 E5.17841 ; perimeter
G1 X104.21 Y105.918 E5.18677 ; perimeter
G1 X104.435 Y106.15 E5.19506 ; perimeter
;WIDTH:0.464114
G1 X104.48 Y106.299 E5.19951 ; perimeter
;WIDTH:0.508228
G1 X104.525 Y106.448 E5.20442 ; perimeter
;WIDTH:0.552342
G1 X104.571 Y106.597 E5.20979 ; perimeter
;WIDTH:0.598369
G1 X104.57 Y106.682 E5.21298 ; perimeter
;WIDTH:0.644396
G1 X104.57 Y106.767 E5.21643 ; perimeter
G1 X104.629 Y106.708 E5.21982 ; perimeter
;WIDTH:0.598575
G1 X104.688 Y106.65 E5.22293 ; perimeter
;WIDTH:0.552754
G1 X104.748 Y106.591 E5.22583 ; perimeter
;WIDTH:0.506933
G1 X104.807 Y106.532 E5.22845 ; perimeter
;WIDTH:0.461112
G1 X105.087 Y106.114 E5.24273 ; perimeter
;WIDTH:0.419999
G1 X105.526 Y105.558 E5.2609 ; perimeter
G1 X105.94 Y105.215 E5.27469 ; perimeter
G1 X106.229 Y105.012 E5.28375 ; perimeter
;WIDTH:0.446002
G1 X106.565 Y104.816 E5.2944 ; perimeter
;WIDTH:0.494312
G1 X106.625 Y104.75 E5.29713 ; perimeter
;WIDTH:0.542621
G1 X106.685 Y104.683 E5.30017 ; perimeter
;WIDTH:0.590931
G1 X106.745 Y104.616 E5.3035 ; perimeter
;WIDTH:0.63924
G1 X106.805 Y104.549 E5.30712 ; perimeter
G1 X106.722 Y104.556 E5.31047 ; perimeter
;WIDTH:0.595318
G1 X106.64 Y104.562 E5.31354 ; perimeter
;WIDTH:0.551396
G1 X106.479 Y104.52 E5.31926 ; perimeter
;WIDTH:0.507597
G1 X106.318 Y104.477 E5.32451 ; perimeter
;WIDTH:0.463798
G1 X106.156 Y104.435 E5.32929 ; perimeter
;WIDTH:0.419999
G1 X105.975 Y104.303 E5.33504 ; perimeter
G1 X105.859 Y104.004 E5.34327 ; perimeter
G1 X105.884 Y103.695 E5.35122 ; perimeter
G1 X106.001 Y103.496 E5.35714 ; perimeter
G1 X106.232 Y103.329 E5.36445 ; perimeter
G1 X106.5 Y103.272 E5.37148 ; perimeter
G1 X106.736 Y103.331 E5.37772 ; perimeter
G1 X106.935 Y103.468 E5.38392 ; perimeter
G1 X107.081 Y103.673 E5.39038 ; perimeter
G1 X107.107 Y103.89 E5.39599 ; perimeter
;WIDTH:0.458799
G1 X107.058 Y104.027 E5.4001 ; perimeter
;WIDTH:0.497598
G1 X107.009 Y104.163 E5.40455 ; perimeter
;WIDTH:0.536398
G1 X106.96 Y104.3 E5.40941 ; perimeter
;WIDTH:0.575197
G1 X106.911 Y104.436 E5.41461 ; perimeter
;WIDTH:0.604065
G1 X106.882 Y104.48 E5.41661 ; perimeter
;WIDTH:0.632932
G1 X106.852 Y104.524 E5.41873 ; perimeter
G1 X106.953 Y104.49 E5.42297 ; perimeter
;WIDTH:0.590346
G1 X107.054 Y104.456 E5.42691 ; perimeter
;WIDTH:0.547759
G1 X107.154 Y104.422 E5.43052 ; perimeter
;WIDTH:0.505172
G1 X107.255 Y104.388 E5.43386 ; perimeter
;WIDTH:0.462586
G1 X107.356 Y104.354 E5.4369 ; perimeter
;WIDTH:0.419999
G1 X107.886 Y104.1 E5.45198 ; perimeter
G1 X108.368 Y103.909 E5.46528 ; perimeter
G1 X108.981 Y103.818 E5.48118 ; perimeter
;WIDTH:0.430311
G1 X109.503 Y103.784 E5.49496 ; perimeter
;WIDTH:0.474347
G1 X109.577 Y103.763 E5.49721 ; perimeter
;WIDTH:0.518383
G1 X109.652 Y103.742 E5.49972 ; perimeter
;WIDTH:0.562419
G1 X109.727 Y103.72 E5.50247 ; perimeter
;WIDTH:0.606454
G1 X109.801 Y103.699 E5.5054 ; perimeter
;WIDTH:0.65049
G1 X109.876 Y103.678 E5.50859 ; perimeter
G1 X109.808 Y103.626 E5.5121 ; perimeter
;WIDTH:0.600607
G1 X109.741 Y103.573 E5.51532 ; perimeter
;WIDTH:0.550723
G1 X109.673 Y103.521 E5.51826 ; perimeter
;WIDTH:0.500839
G1 X109.525 Y103.314 E5.52616 ; perimeter
;WIDTH:0.460419
G1 X109.376 Y103.107 E5.53339 ; perimeter
;WIDTH:0.419999
G1 X109.395 Y102.779 E5.54182 ; perimeter
G1 X109.548 Y102.522 E5.54949 ; perimeter
G1 X109.766 Y102.374 E5.55625 ; perimeter
G1 X109.992 Y102.336 E5.56213 ; perimeter
G1 X110.269 Y102.39 E5.56937 ; perimeter
G1 X110.455 Y102.524 E5.57525 ; perimeter
G1 X110.576 Y102.718 E5.58112 ; perimeter
G1 X110.64 Y102.985 E5.58816 ; perimeter
G1 X110.519 Y103.299 E5.59679 ; perimeter
;WIDTH:0.466601
G1 X110.429 Y103.386 E5.60039 ; perimeter
;WIDTH:0.513203
G1 X110.339 Y103.473 E5.60438 ; perimeter
;WIDTH:0.559804
G1 X110.249 Y103.56 E5.60876 ; perimeter
;WIDTH:0.606406
G1 X110.159 Y103.647 E5.61352 ; perimeter
;WIDTH:0.644852
G1 X110.102 Y103.683 E5.61626 ; perimeter
G1 X110.181 Y103.706 E5.6196 ; perimeter
;WIDTH:0.599882
G1 X110.259 Y103.729 E5.62266 ; perimeter
;WIDTH:0.554911
G1 X110.338 Y103.752 E5.62551 ; perimeter
;WIDTH:0.50994
G1 X110.416 Y103.775 E5.62808 ; perimeter
;WIDTH:0.46497
G1 X110.495 Y103.798 E5.63044 ; perimeter
;WIDTH:0.419999
G1 X111.2 Y103.833 E5.64855 ; perimeter
G1 X111.729 Y103.943 E5.66241 ; perimeter
G1 X112.252 Y104.147 E5.67681 ; perimeter
;WIDTH:0.452386
G1 X112.514 Y104.27 E5.68486 ; perimeter
;WIDTH:0.484772
G1 X112.776 Y104.393 E5.69353 ; perimeter
;WIDTH:0.52526
G1 X112.847 Y104.411 E5.69592 ; perimeter
;WIDTH:0.565748
G1 X112.918 Y104.429 E5.69851 ; perimeter
;WIDTH:0.606236
G1 X112.988 Y104.447 E5.70126 ; perimeter
;WIDTH:0.646724
G1 X113.059 Y104.464 E5.70423 ; perimeter
G1 X113.033 Y104.399 E5.70708 ; perimeter
;WIDTH:0.606236
G1 X113.007 Y104.334 E5.70974 ; perimeter
;WIDTH:0.565748
G1 X112.981 Y104.269 E5.71221 ; perimeter
;WIDTH:0.52526
G1 X112.955 Y104.204 E5.7145 ; perimeter
;WIDTH:0.484772
G1 X112.923 Y104.011 E5.72036 ; perimeter
;WIDTH:0.452386
G1 X112.89 Y103.817 E5.72583 ; perimeter
;WIDTH:0.419999
G1 X112.955 Y103.597 E5.73172 ; perimeter
G1 X113.087 Y103.452 E5.73675 ; perimeter
G1 X113.465 Y103.272 E5.74749 ; perimeter
G1 X113.715 Y103.308 E5.75397 ; perimeter
G1 X113.982 Y103.486 E5.7622 ; perimeter
G1 X114.1 Y103.649 E5.76736 ; perimeter
G1 X114.146 Y103.861 E5.77293 ; perimeter
G1 X114.113 Y104.125 E5.77976 ; perimeter
G1 X113.992 Y104.337 E5.78602 ; perimeter
G1 X113.823 Y104.449 E5.79122 ; perimeter
;WIDTH:0.465448
G1 X113.699 Y104.481 E5.79489 ; perimeter
;WIDTH:0.510896
G1 X113.576 Y104.514 E5.79893 ; perimeter
;WIDTH:0.556345
G1 X113.452 Y104.546 E5.80338 ; perimeter
;WIDTH:0.601793
G1 X113.329 Y104.578 E5.80818 ; perimeter
;WIDTH:0.642572
G1 X113.257 Y104.582 E5.8111 ; perimeter
G1 X113.315 Y104.641 E5.81445 ; perimeter
;WIDTH:0.598058
G1 X113.372 Y104.701 E5.81755 ; perimeter
;WIDTH:0.553543
G1 X113.43 Y104.76 E5.82041 ; perimeter
;WIDTH:0.509028
G1 X113.488 Y104.82 E5.82305 ; perimeter
;WIDTH:0.464514
G1 X113.545 Y104.879 E5.8254 ; perimeter
;WIDTH:0.419999
G1 X113.991 Y105.154 E5.83884 ; perimeter
G1 X114.419 Y105.508 E5.85309 ; perimeter
G1 X114.857 Y106.023 E5.87043 ; perimeter
G1 X115.108 Y106.471 E5.8836 ; perimeter
;WIDTH:0.464441
G1 X115.174 Y106.533 E5.88619 ; perimeter
;WIDTH:0.508882
G1 X115.24 Y106.595 E5.88905 ; perimeter
;WIDTH:0.553323
G1 X115.306 Y106.658 E5.8922 ; perimeter
;WIDTH:0.597765
G1 X115.372 Y106.72 E5.89559 ; perimeter
;WIDTH:0.642206
G1 X115.438 Y106.782 E5.89925 ; perimeter
G1 X115.435 Y106.698 E5.90265 ; perimeter
;WIDTH:0.596944
G1 X115.432 Y106.614 E5.9058 ; perimeter
;WIDTH:0.551682
G1 X115.489 Y106.44 E5.9121 ; perimeter
;WIDTH:0.507788
G1 X115.545 Y106.266 E5.91786 ; perimeter
;WIDTH:0.463894
G1 X115.601 Y106.092 E5.92308 ; perimeter
;WIDTH:0.419999
G1 X115.845 Y105.897 E5.93109 ; perimeter
G1 X116.117 Y105.854 E5.93815 ; perimeter
G1 X116.362 Y105.908 E5.94459 ; perimeter
G1 X116.555 Y106.058 E5.95086 ; perimeter
G1 X116.664 Y106.219 E5.95585 ; perimeter
G1 X116.729 Y106.479 E5.96273 ; perimeter
G1 X116.682 Y106.71 E5.96878 ; perimeter
G1 X116.508 Y106.955 E5.97649 ; perimeter
G1 X116.349 Y107.07 E5.98152 ; perimeter
G1 X116.127 Y107.106 E5.98729 ; perimeter
;WIDTH:0.467741
G1 X115.783 Y107.023 E5.99749 ; perimeter
;WIDTH:0.51002
G1 X115.712 Y106.989 E5.99998 ; perimeter
;WIDTH:0.552298
G1 X115.64 Y106.954 E6.00274 ; perimeter
;WIDTH:0.594576
G1 X115.569 Y106.919 E6.00569 ; perimeter
;WIDTH:0.636854
G1 X115.498 Y106.885 E6.00885 ; perimeter
G1 X115.527 Y106.979 E6.01279 ; perimeter
;WIDTH:0.593483
G1 X115.557 Y107.074 E6.0165 ; perimeter
;WIDTH:0.550112
G1 X115.587 Y107.168 E6.01989 ; perimeter
;WIDTH:0.506741
G1 X115.617 Y107.262 E6.02299 ; perimeter
;WIDTH:0.46337
G1 X115.647 Y107.357 E6.02583 ; perimeter
;WIDTH:0.419999
G1 X115.872 Y107.814 E6.0389 ; perimeter
G1 X116.084 Y108.346 E6.05359 ; perimeter
G1 X116.21 Y109.245 E6.07688 ; perimeter
G1 X116.188 Y109.497 E6.08337 ; perimeter
;WIDTH:0.465659
G1 X116.215 Y109.576 E6.08577 ; perimeter
;WIDTH:0.51132
G1 X116.241 Y109.654 E6.08838 ; perimeter
;WIDTH:0.55698
G1 X116.267 Y109.732 E6.09124 ; perimeter
;WIDTH:0.60264
G1 X116.293 Y109.811 E6.09438 ; perimeter
;WIDTH:0.6483
G1 X116.32 Y109.889 E6.09775 ; perimeter
G1 X116.363 Y109.834 E6.1006 ; perimeter
;WIDTH:0.607666
G1 X116.405 Y109.779 E6.10324 ; perimeter
;WIDTH:0.567032
G1 X116.448 Y109.723 E6.10574 ; perimeter
;WIDTH:0.526398
G1 X116.491 Y109.668 E6.10803 ; perimeter
;WIDTH:0.485763
G1 X116.688 Y109.524 E6.11536 ; perimeter
;WIDTH:0.452881
G1 X116.885 Y109.379 E6.12217 ; perimeter
;WIDTH:0.419999
G1 X117.188 Y109.385 E6.12994 ; perimeter
G1 X117.475 Y109.544 E6.13836 ; perimeter
G1 X117.617 Y109.756 E6.14491 ; perimeter
G1 X117.664 Y109.976 E6.15068 ; perimeter
G1 X117.615 Y110.26 E6.15807 ; perimeter
G1 X117.481 Y110.449 E6.16401 ; perimeter
G1 X117.333 Y110.552 E6.16864 ; perimeter
G1 X117.037 Y110.639 E6.17655 ; perimeter
G1 X116.726 Y110.541 E6.18492 ; perimeter
;WIDTH:0.469283
G1 X116.629 Y110.437 E6.18903 ; perimeter
;WIDTH:0.518566
G1 X116.532 Y110.332 E6.19363 ; perimeter
;WIDTH:0.567849
G1 X116.436 Y110.228 E6.19865 ; perimeter
;WIDTH:0.617132
G1 X116.339 Y110.124 E6.20416 ; perimeter
;WIDTH:0.638564
G1 X116.32 Y110.09 E6.20573 ; perimeter
G1 X116.296 Y110.177 E6.20936 ; perimeter
;WIDTH:0.589697
G1 X116.271 Y110.265 E6.21274 ; perimeter
;WIDTH:0.540829
G1 X116.247 Y110.353 E6.21581 ; perimeter
;WIDTH:0.491962
G1 X116.223 Y110.44 E6.21856 ; perimeter
;WIDTH:0.443094
G1 X116.194 Y110.992 E6.23359 ; perimeter
;WIDTH:0.419999
G1 X116.153 Y111.372 E6.2434 ; perimeter
G1 X116.014 Y111.888 E6.25711 ; perimeter
G1 X115.832 Y112.31 E6.2689 ; perimeter
;WIDTH:0.431696
G1 X115.62 Y112.653 E6.27956 ; perimeter
;WIDTH:0.47931
G1 X115.606 Y112.729 E6.28185 ; perimeter
;WIDTH:0.526924
G1 X115.593 Y112.805 E6.28438 ; perimeter
;WIDTH:0.574538
G1 X115.579 Y112.881 E6.28716 ; perimeter
;WIDTH:0.622152
G1 X115.566 Y112.957 E6.29017 ; perimeter
;WIDTH:0.669766
G1 X115.552 Y113.033 E6.29344 ; perimeter
G1 X115.613 Y113.011 E6.29618 ; perimeter
;WIDTH:0.622972
G1 X115.675 Y112.989 E6.29876 ; perimeter
;WIDTH:0.576178
G1 X115.736 Y112.967 E6.3011 ; perimeter
;WIDTH:0.529383
G1 X115.881 Y112.943 E6.30594 ; perimeter
;WIDTH:0.492922
G1 X116.026 Y112.918 E6.31043 ; perimeter
;WIDTH:0.456461
G1 X116.172 Y112.894 E6.31458 ; perimeter
;WIDTH:0.419999
G1 X116.423 Y112.968 E6.32129 ; perimeter
G1 X116.569 Y113.106 E6.32644 ; perimeter
G1 X116.708 Y113.363 E6.33394 ; perimeter
G1 X116.72 Y113.608 E6.34023 ; perimeter
G1 X116.619 Y113.863 E6.34727 ; perimeter
G1 X116.414 Y114.066 E6.35467 ; perimeter
G1 X116.131 Y114.142 E6.36219 ; perimeter
G1 X115.935 Y114.128 E6.36723 ; perimeter
G1 X115.681 Y114.012 E6.37439 ; perimeter
G1 X115.566 Y113.855 E6.37938 ; perimeter
;WIDTH:0.467579
G1 X115.532 Y113.747 E6.38264 ; perimeter
;WIDTH:0.51516
G1 X115.497 Y113.639 E6.38627 ; perimeter
;WIDTH:0.56274
G1 X115.462 Y113.532 E6.39023 ; perimeter
;WIDTH:0.61032
G1 X115.427 Y113.424 E6.39458 ; perimeter
;WIDTH:0.6579
G1 X115.392 Y113.316 E6.39929 ; perimeter
G1 X115.334 Y113.37 E6.40258 ; perimeter
;WIDTH:0.611157
G1 X115.277 Y113.424 E6.40559 ; perimeter
;WIDTH:0.564414
G1 X115.219 Y113.479 E6.40841 ; perimeter
;WIDTH:0.517671
G1 X115.161 Y113.533 E6.41096 ; perimeter
;WIDTH:0.470927
G1 X115.103 Y113.588 E6.41328 ; perimeter
;WIDTH:0.424184
G1 X114.803 Y114.034 E6.42722 ; perimeter
;WIDTH:0.419999
G1 X114.473 Y114.444 E6.44072 ; perimeter
G1 X113.934 Y114.875 E6.45842 ; perimeter
;WIDTH:0.445587
G1 X113.701 Y115.037 E6.46618 ; perimeter
;WIDTH:0.471175
G1 X113.469 Y115.198 E6.47439 ; perimeter
;WIDTH:0.510371
G1 X113.421 Y115.255 E6.47675 ; perimeter
;WIDTH:0.549567
G1 X113.374 Y115.311 E6.47926 ; perimeter
;WIDTH:0.588763
G1 X113.326 Y115.368 E6.48201 ; perimeter
;WIDTH:0.627958
G1 X113.279 Y115.424 E6.4849 ; perimeter
G1 X113.382 Y115.448 E6.48908 ; perimeter
;WIDTH:0.586366
G1 X113.484 Y115.471 E6.49292 ; perimeter
;WIDTH:0.544775
G1 X113.587 Y115.495 E6.49651 ; perimeter
;WIDTH:0.503183
G1 X113.689 Y115.519 E6.49978 ; perimeter
;WIDTH:0.461591
G1 X113.792 Y115.542 E6.50278 ; perimeter
;WIDTH:0.419999
G1 X113.892 Y115.595 E6.50568 ; perimeter
G1 X114.104 Y115.841 E6.51401 ; perimeter
G1 X114.119 Y116.305 E6.52592 ; perimeter
G1 X113.975 Y116.528 E6.53273 ; perimeter
G1 X113.74 Y116.683 E6.53995 ; perimeter
G1 X113.5 Y116.728 E6.54621 ; perimeter
G1 X113.263 Y116.669 E6.55248 ; perimeter
G1 X113.061 Y116.527 E6.55881 ; perimeter
G1 X112.919 Y116.327 E6.5651 ; perimeter
G1 X112.898 Y116.095 E6.57108 ; perimeter
;WIDTH:0.469178
G1 X112.916 Y115.993 E6.57408 ; perimeter
;WIDTH:0.518357
G1 X112.935 Y115.891 E6.57742 ; perimeter
;WIDTH:0.567536
G1 X112.954 Y115.789 E6.5811 ; perimeter
;WIDTH:0.616715
G1 X112.973 Y115.687 E6.58512 ; perimeter
;WIDTH:0.665894
G1 X112.992 Y115.585 E6.58948 ; perimeter
G1 X112.888 Y115.617 E6.59405 ; perimeter
;WIDTH:0.616715
G1 X112.785 Y115.649 E6.59823 ; perimeter
;WIDTH:0.567536
G1 X112.681 Y115.681 E6.60209 ; perimeter
;WIDTH:0.518357
G1 X112.578 Y115.713 E6.60556 ; perimeter
;WIDTH:0.469178
G1 X112.474 Y115.745 E6.60871 ; perimeter
;WIDTH:0.419999
G1 X111.917 Y116.004 E6.62447 ; perimeter
G1 X111.477 Y116.129 E6.6362 ; perimeter
G1 X110.814 Y116.212 E6.65334 ; perimeter
G1 X110.495 Y116.189 E6.66154 ; perimeter
;WIDTH:0.463348
G1 X110.399 Y116.214 E6.66437 ; perimeter
;WIDTH:0.506697
G1 X110.302 Y116.24 E6.66753 ; perimeter
;WIDTH:0.550046
G1 X110.205 Y116.266 E6.67098 ; perimeter
;WIDTH:0.593395
G1 X110.109 Y116.292 E6.67468 ; perimeter
;WIDTH:0.636744
G1 X110.012 Y116.318 E6.6787 ; perimeter
G1 X110.083 Y116.365 E6.68211 ; perimeter
;WIDTH:0.593395
G1 X110.153 Y116.413 E6.68527 ; perimeter
;WIDTH:0.550046
G1 X110.224 Y116.46 E6.68819 ; perimeter
;WIDTH:0.506697
G1 X110.294 Y116.507 E6.69084 ; perimeter
;WIDTH:0.463348
G1 X110.365 Y116.555 E6.69329 ; perimeter
;WIDTH:0.419999
G1 X110.572 Y116.774 E6.70102 ; perimeter
G1 X110.639 Y116.995 E6.70694 ; perimeter
G1 X110.583 Y117.265 E6.71401 ; perimeter
G1 X110.457 Y117.473 E6.72025 ; perimeter
G1 X110.269 Y117.611 E6.72623 ; perimeter
G1 X110.051 Y117.663 E6.73198 ; perimeter
G1 X109.787 Y117.631 E6.7388 ; perimeter
G1 X109.574 Y117.506 E6.74514 ; perimeter
G1 X109.453 Y117.344 E6.75033 ; perimeter
G1 X109.359 Y117.022 E6.75894 ; perimeter
G1 X109.484 Y116.698 E6.76785 ; perimeter
;WIDTH:0.468895
G1 X109.583 Y116.609 E6.7717 ; perimeter
;WIDTH:0.517791
G1 X109.683 Y116.519 E6.77603 ; perimeter
;WIDTH:0.566687
G1 X109.783 Y116.43 E6.78077 ; perimeter
;WIDTH:0.615582
G1 X109.882 Y116.34 E6.78594 ; perimeter
;WIDTH:0.63822
G1 X109.918 Y116.319 E6.78761 ; perimeter
G1 X109.844 Y116.299 E6.79069 ; perimeter
;WIDTH:0.596624
G1 X109.769 Y116.278 E6.7936 ; perimeter
;WIDTH:0.555028
G1 X109.694 Y116.258 E6.79629 ; perimeter
;WIDTH:0.513432
G1 X109.619 Y116.237 E6.79877 ; perimeter
;WIDTH:0.471835
G1 X109.545 Y116.217 E6.801 ; perimeter
;WIDTH:0.430239
G1 X109.041 Y116.197 E6.81428 ; perimeter
;WIDTH:0.419999
G1 X108.628 Y116.153 E6.82494 ; perimeter
G1 X108.112 Y116.014 E6.83865 ; perimeter
G1 X107.595 Y115.784 E6.85317 ; perimeter
;WIDTH:0.464335
G1 X107.407 Y115.701 E6.85905 ; perimeter
;WIDTH:0.508671
G1 X107.219 Y115.617 E6.86555 ; perimeter
;WIDTH:0.556703
G1 X107.137 Y115.597 E6.86848 ; perimeter
;WIDTH:0.604735
G1 X107.055 Y115.576 E6.87169 ; perimeter
;WIDTH:0.652766
G1 X106.973 Y115.556 E6.87516 ; perimeter
G1 X107.001 Y115.634 E6.87857 ; perimeter
;WIDTH:0.604735
G1 X107.028 Y115.711 E6.88167 ; perimeter
;WIDTH:0.556703
G1 X107.055 Y115.789 E6.88454 ; perimeter
;WIDTH:0.508671
G1 X107.082 Y115.986 E6.89081 ; perimeter
;WIDTH:0.464335
G1 X107.11 Y116.183 E6.8965 ; perimeter
;WIDTH:0.419999
G1 X107.041 Y116.408 E6.90254 ; perimeter
G1 X106.899 Y116.565 E6.90797 ; perimeter
G1 X106.62 Y116.71 E6.91604 ; perimeter
G1 X106.463 Y116.729 E6.9201 ; perimeter
G1 X106.213 Y116.659 E6.92676 ; perimeter
G1 X106.041 Y116.545 E6.93205 ; perimeter
G1 X105.898 Y116.343 E6.9384 ; perimeter
G1 X105.854 Y116.139 E6.94375 ; perimeter
G1 X105.887 Y115.875 E6.95058 ; perimeter
G1 X106.008 Y115.663 E6.95684 ; perimeter
G1 X106.18 Y115.55 E6.96212 ; perimeter
;WIDTH:0.467142
G1 X106.305 Y115.517 E6.96584 ; perimeter
;WIDTH:0.514284
G1 X106.43 Y115.485 E6.96996 ; perimeter
;WIDTH:0.561427
G1 X106.555 Y115.452 E6.97449 ; perimeter
;WIDTH:0.608569
G1 X106.68 Y115.419 E6.97943 ; perimeter
;WIDTH:0.642634
G1 X106.741 Y115.417 E6.9819 ; perimeter
G1 X106.688 Y115.363 E6.98496 ; perimeter
;WIDTH:0.600949
G1 X106.635 Y115.309 E6.98781 ; perimeter
;WIDTH:0.559263
G1 X106.581 Y115.254 E6.9905 ; perimeter
;WIDTH:0.517578
G1 X106.528 Y115.2 E6.99293 ; perimeter
;WIDTH:0.475893
G1 X106.475 Y115.146 E6.99515 ; perimeter
;WIDTH:0.434207
G1 X105.991 Y114.83 E7.01053 ; perimeter
;WIDTH:0.419999
G1 X105.529 Y114.441 E7.02602 ; perimeter
G1 X105.144 Y113.964 E7.04175 ; perimeter
;WIDTH:0.424313
G1 X104.865 Y113.532 E7.05509 ; perimeter
;WIDTH:0.465288
G1 X104.808 Y113.481 E7.05728 ; perimeter
;WIDTH:0.506263
G1 X104.751 Y113.43 E7.05968 ; perimeter
;WIDTH:0.547238
G1 X104.695 Y113.379 E7.06226 ; perimeter
;WIDTH:0.588212
G1 X104.638 Y113.328 E7.06508 ; perimeter
;WIDTH:0.629187
G1 X104.582 Y113.277 E7.06808 ; perimeter
G1 X104.572 Y113.352 E7.07107 ; perimeter
;WIDTH:0.587653
G1 X104.563 Y113.427 E7.07385 ; perimeter
;WIDTH:0.546118
G1 X104.554 Y113.502 E7.07642 ; perimeter
;WIDTH:0.504583
G1 X104.476 Y113.705 E7.08322 ; perimeter
;WIDTH:0.462291
G1 X104.398 Y113.909 E7.08944 ; perimeter
;WIDTH:0.419999
G1 X104.155 Y114.103 E7.09742 ; perimeter
G1 X103.883 Y114.146 E7.10448 ; perimeter
G1 X103.642 Y114.095 E7.1108 ; perimeter
G1 X103.438 Y113.94 E7.11737 ; perimeter
G1 X103.31 Y113.722 E7.12386 ; perimeter
G1 X103.274 Y113.483 E7.13006 ; perimeter
G1 X103.359 Y113.209 E7.13742 ; perimeter
G1 X103.555 Y112.987 E7.14502 ; perimeter
G1 X103.823 Y112.899 E7.15226 ; perimeter
;WIDTH:0.459442
G1 X103.967 Y112.933 E7.15644 ; perimeter
;WIDTH:0.498884
G1 X104.11 Y112.968 E7.16099 ; perimeter
;WIDTH:0.538326
G1 X104.254 Y113.002 E7.16595 ; perimeter
;WIDTH:0.577768
G1 X104.398 Y113.037 E7.17131 ; perimeter
;WIDTH:0.60863
G1 X104.444 Y113.065 E7.17337 ; perimeter
;WIDTH:0.639492
G1 X104.49 Y113.094 E7.17556 ; perimeter
G1 X104.465 Y113.009 E7.17913 ; perimeter
;WIDTH:0.595594
G1 X104.44 Y112.923 E7.18247 ; perimeter
;WIDTH:0.551695
G1 X104.416 Y112.837 E7.18554 ; perimeter
;WIDTH:0.507796
G1 X104.391 Y112.752 E7.18833 ; perimeter
;WIDTH:0.463898
G1 X104.367 Y112.666 E7.19088 ; perimeter
;WIDTH:0.419999
G1 X104.025 Y111.981 E7.21052 ; perimeter
G1 X103.877 Y111.503 E7.22336 ; perimeter
G1 X103.789 Y110.814 E7.24118 ; perimeter
;WIDTH:0.459944
G1 X103.784 Y110.331 E7.25486 ; perimeter
;WIDTH:0.504047
G1 X103.759 Y110.251 E7.25748 ; perimeter
;WIDTH:0.54815
G1 X103.733 Y110.172 E7.26032 ; perimeter
;WIDTH:0.592253
G1 X103.708 Y110.093 E7.2634 ; perimeter
;WIDTH:0.636356
G1 X103.682 Y110.013 E7.26677 ; perimeter
G1 X103.634 Y110.085 E7.27024 ; perimeter
;WIDTH:0.593085
G1 X103.585 Y110.157 E7.27348 ; perimeter
;WIDTH:0.549813
G1 X103.537 Y110.229 E7.27645 ; perimeter
;WIDTH:0.506542
G1 X103.488 Y110.301 E7.27919 ; perimeter
;WIDTH:0.463271
G1 X103.44 Y110.373 E7.28166 ; perimeter
;WIDTH:0.419999
G1 X103.176 Y110.6 E7.29059 ; perimeter
G1 X102.947 Y110.637 E7.29654 ; perimeter
G1 X102.72 Y110.579 E7.30255 ; perimeter
G1 X102.484 Y110.415 E7.30992 ; perimeter
G1 X102.368 Y110.216 E7.31583 ; perimeter
G1 X102.336 Y110.004 E7.32133 ; perimeter
G1 X102.385 Y109.74 E7.32822 ; perimeter
G1 E6.27822 F2100 ; retract
;WIPE_START
G1 F5760
G1 X102.421 Y109.69 E6.25688 ; wipe and retract
G1 X102.522 Y109.549 E6.19681 ; wipe and retract
G1 X102.832 Y109.385 E6.07534 ; wipe and retract
G1 X103.012 Y109.362 E6.01249 ; wipe and retract
G1 X103.252 Y109.444 E5.92465 ; wipe and retract
G1 X103.376 Y109.584 E5.85988 ; wipe and retract
G1 X103.437 Y109.652 E5.82822 ; wipe and retract
;WIPE_END
G92 E0 ; reset extrusion distance
G1 Z.36 F600 ; move to first perimeter point
G1 X103.8 Y109.607 F7200 ; move to first perimeter point
G1 X103.644 Y108.736 ; move to first perimeter point
G1 X103.618 Y108.585 ; move to first perimeter point
G1 X103.609 Y108.523 ; move to first perimeter point
G1 X103.61 Y108.436 ; move to first perimeter point
G1 X103.646 Y108.297 ; move to first perimeter point
G1 X103.684 Y108.159 ; move to first perimeter point
G1 X103.708 Y108.105 ; move to first perimeter point
G1 X105.203 Y105.526 ; move to first perimeter point
G1 X105.248 Y105.451 ; move to first perimeter point
G1 X105.348 Y105.348 ; move to first perimeter point
G1 X105.451 Y105.248 ; move to first perimeter point
G1 X105.498 Y105.213 ; move to first perimeter point
G1 X108.083 Y103.727 ; move to first perimeter point
G1 X108.159 Y103.684 ; move to first perimeter point
G1 X108.297 Y103.646 ; move to first perimeter point
G1 X108.436 Y103.61 ; move to first perimeter point
G1 X108.495 Y103.603 ; move to first perimeter point
G1 X110.054 Y103.828 ; move to first perimeter point
G1 X110.107 Y103.826 ; move to first perimeter point
G1 X110.102 Y103.683 ; move to first perimeter point
G1 Z.16 F600 ; move to first perimeter point
G1 E1.5 F1500 ;  ; unretract
;WIDTH:0.65049
G1 F900
G1 X109.876 Y103.678 E1.50927 ; perimeter
G1 E.45927 F2100 ; retract
;WIPE_START
G1 F5760
G1 X110.102 Y103.683 E.38097 ; wipe and retract
;WIPE_END
G1 E.00927 F2100 ; retract
G92 E0 ; reset extrusion distance
G1 Z.36 F600 ; move to first perimeter point
G1 X110.107 Y103.826 F7200 ; move to first perimeter point
G1 X111.415 Y103.618 ; move to first perimeter point
G1 X111.477 Y103.609 ; move to first perimeter point
G1 X111.564 Y103.61 ; move to first perimeter point
G1 X111.703 Y103.646 ; move to first perimeter point
G1 X111.841 Y103.684 ; move to first perimeter point
G1 X111.895 Y103.708 ; move to first perimeter point
G1 X113.133 Y104.682 ; move to first perimeter point
G1 X113.189 Y104.711 ; move to first perimeter point
G1 X113.257 Y104.582 ; move to first perimeter point
G1 Z.16 F600 ; move to first perimeter point
G1 E1.5 F1500 ;  ; unretract
;WIDTH:0.646724
G1 F900
G1 X113.059 Y104.464 E1.50939 ; perimeter
G1 E.45939 F2100 ; retract
;WIPE_START
G1 F5760
G1 X113.257 Y104.582 E.37956 ; wipe and retract
;WIPE_END
G1 E.00939 F2100 ; retract
G92 E0 ; reset extrusion distance
G1 Z.36 F600 ; move to first infill point
G1 X113.314 Y104.446 F7200 ; move to first infill point
G1 X113.354 Y104.463 ; move to first infill point
G1 X113.398 Y104.479 ; move to first infill point
G1 X113.426 Y104.487 ; move to first infill point
G1 X113.461 Y104.495 ; move to first infill point
G1 X113.5 Y104.503 ; move to first infill point
G1 X113.54 Y104.509 ; move to first infill point
G1 X113.578 Y104.512 ; move to first infill point
G1 X113.659 Y104.513 ; move to first infill point
G1 X113.713 Y104.509 ; move to first infill point
G1 X113.747 Y104.503 ; move to first infill point
G1 X113.834 Y104.483 ; move to first infill point
G1 X113.88 Y104.468 ; move to first infill point
G1 X113.911 Y104.454 ; move to first infill point
G1 X113.984 Y104.417 ; move to first infill point
G1 X114.025 Y104.392 ; move to first infill point
G1 X114.059 Y104.364 ; move to first infill point
G1 X114.162 Y104.28 ; move to first infill point
G1 X114.246 Y104.199 ; move to first infill point
G1 X114.342 Y104.102 ; move to first infill point
G1 X114.442 Y103.982 ; move to first infill point
G1 X114.445 Y103.893 ; move to first infill point
G1 X114.441 Y103.839 ; move to first infill point
G1 X114.429 Y103.758 ; move to first infill point
G1 X114.418 Y103.708 ; move to first infill point
G1 X114.394 Y103.628 ; move to first infill point
G1 X114.376 Y103.58 ; move to first infill point
G1 X114.341 Y103.506 ; move to first infill point
G1 X114.318 Y103.462 ; move to first infill point
G1 X114.287 Y103.415 ; move to first infill point
G1 X114.26 Y103.375 ; move to first infill point
G1 X116.554 Y100.525 ; move to first infill point
G1 X116.203 Y101.038 ; move to first infill point
G1 Z.16 F600 ; move to first infill point
G1 E1.5 F1500 ;  ; unretract
;TYPE:Solid infill
;WIDTH:0.424293
G1 F900
G1 X117.771 Y102.606 E1.55752 ; infill
G1 X118.376 Y103.295 E1.5813 ; infill
G1 X118.648 Y103.65 E1.5929 ; infill
G1 X119.052 Y104.241 E1.61147 ; infill
G1 X119.339 Y104.725 E1.62607 ; infill
G1 X115.271 Y100.657 E1.7753 ; infill
G1 X114.96 Y100.486 E1.78451 ; infill
G1 X114.186 Y100.124 E1.80668 ; infill
G1 X119.861 Y105.799 E2.01487 ; infill
G1 X119.999 Y106.112 E2.02374 ; infill
G1 X120.192 Y106.681 E2.03933 ; infill
G1 X113.307 Y99.796 E2.2919 ; infill
G1 X112.545 Y99.586 E2.3124 ; infill
G1 X120.424 Y107.465 E2.60144 ; infill
G1 X120.568 Y108.16 E2.61985 ; infill
G1 X111.838 Y99.43 E2.94011 ; infill
G1 X111.195 Y99.339 E2.95696 ; infill
G1 X120.652 Y108.795 E3.30387 ; infill
G1 X120.711 Y109.406 E3.31979 ; infill
G1 X117.791 Y106.486 E3.42691 ; infill
G1 X117.758 Y106.781 E3.43461 ; infill
G1 X117.717 Y106.964 E3.43947 ; infill
G1 X120.723 Y109.97 E3.54974 ; infill
G1 X120.708 Y110.506 E3.56365 ; infill
G1 X117.538 Y107.336 E3.67994 ; infill
G1 X117.366 Y107.599 E3.68809 ; infill
G1 X117.306 Y107.655 E3.69022 ; infill
G1 X120.674 Y111.023 E3.81377 ; infill
G1 X120.615 Y111.516 E3.82665 ; infill
G1 X118.661 Y109.562 E3.89833 ; infill
G1 X118.626 Y109.427 E3.90195 ; infill
G1 X118.436 Y109.04 E3.91313 ; infill
G1 X118.115 Y108.692 E3.92541 ; infill
G1 X117.896 Y108.552 E3.93215 ; infill
G1 X117.46 Y108.361 E3.9445 ; infill
G1 X116.873 Y107.774 E3.96603 ; infill
G1 E2.46603 F2100 ; retract
G92 E0 ; reset extrusion distance
G1 X116.873 Y107.774 Z.36 F7200 ; move to first infill point
G1 X118.547 Y109.999 ; move to first infill point
G1 Z.16 F600 ; move to first infill point
G1 E1.5 F1500 ;  ; unretract
G1 F900
G1 X120.54 Y111.993 E1.57313 ; infill
G1 X120.444 Y112.448 E1.58519 ; infill
G1 X118.613 Y110.617 E1.65236 ; infill
G1 X118.42 Y110.976 E1.66293 ; infill
G1 X120.33 Y112.886 E1.733 ; infill
G1 X120.202 Y113.309 E1.74446 ; infill
G1 X118.153 Y111.26 E1.81963 ; infill
G1 X117.975 Y111.406 E1.8256 ; infill
G1 X117.83 Y111.488 E1.82992 ; infill
G1 X120.056 Y113.714 E1.91158 ; infill
G1 X119.901 Y114.111 E1.92264 ; infill
G1 X117.43 Y111.64 E2.01329 ; infill
G1 X117.164 Y111.69 E2.02031 ; infill
G1 X117.114 Y111.876 E2.02531 ; infill
G1 X119.738 Y114.499 E2.12155 ; infill
G1 X119.556 Y114.869 E2.13225 ; infill
G1 X117.707 Y113.02 E2.20008 ; infill
G1 X117.781 Y113.387 E2.20979 ; infill
G1 X117.778 Y113.642 E2.21641 ; infill
G1 X119.364 Y115.228 E2.27459 ; infill
G1 X119.158 Y115.573 E2.28501 ; infill
G1 X117.675 Y114.091 E2.3394 ; infill
G1 X117.531 Y114.41 E2.34848 ; infill
G1 X117.491 Y114.458 E2.3501 ; infill
G1 X118.943 Y115.91 E2.40337 ; infill
G1 X118.788 Y116.153 E2.41085 ; infill
G1 X118.721 Y116.24 E2.4137 ; infill
G1 X117.239 Y114.757 E2.46809 ; infill
G1 X117.205 Y114.797 E2.46945 ; infill
G1 X116.916 Y114.987 E2.47842 ; infill
G1 X118.482 Y116.552 E2.53585 ; infill
G1 X118.243 Y116.864 E2.54604 ; infill
G1 X116.528 Y115.15 E2.60894 ; infill
G1 X116.279 Y115.2 E2.61553 ; infill
G1 X116.027 Y115.2 E2.62207 ; infill
G1 X117.984 Y117.158 E2.69388 ; infill
G1 X117.723 Y117.447 E2.70398 ; infill
G1 X115.335 Y115.06 E2.79156 ; infill
G1 X115.211 Y115.207 E2.79655 ; infill
G1 X115.059 Y115.335 E2.8017 ; infill
G1 X117.447 Y117.723 E2.8893 ; infill
G1 X117.419 Y117.75 E2.89031 ; infill
G1 X117.16 Y117.988 E2.89943 ; infill
G1 X115.178 Y116.006 E2.97214 ; infill
G1 X115.19 Y116.307 E2.97995 ; infill
G1 X115.154 Y116.533 E2.98589 ; infill
G1 X116.862 Y118.241 E3.04855 ; infill
G1 X116.559 Y118.489 E3.05871 ; infill
G1 X114.987 Y116.918 E3.11636 ; infill
G1 X114.923 Y117.041 E3.11996 ; infill
G1 X114.748 Y117.231 E3.12666 ; infill
G1 X116.236 Y118.718 E3.18123 ; infill
G1 X115.911 Y118.945 E3.19151 ; infill
G1 X114.454 Y117.487 E3.24498 ; infill
G1 X114.317 Y117.583 E3.24932 ; infill
G1 X114.096 Y117.681 E3.25559 ; infill
G1 X115.573 Y119.158 E3.30977 ; infill
G1 X115.224 Y119.36 E3.32023 ; infill
G1 X113.647 Y117.783 E3.37808 ; infill
G1 X113.51 Y117.792 E3.38164 ; infill
G1 X113.318 Y117.773 E3.38664 ; infill
G1 X113.014 Y117.702 E3.39474 ; infill
G1 X114.869 Y119.557 E3.46279 ; infill
G1 X114.496 Y119.736 E3.47352 ; infill
G1 X111.874 Y117.114 E3.56971 ; infill
G1 X111.686 Y117.162 E3.57474 ; infill
G1 X111.642 Y117.433 E3.58186 ; infill
G1 X114.115 Y119.906 E3.67258 ; infill
G1 X113.717 Y120.06 E3.68365 ; infill
G1 X111.484 Y117.826 E3.76559 ; infill
G1 X111.369 Y118.031 E3.77169 ; infill
G1 X111.259 Y118.153 E3.77595 ; infill
G1 X113.309 Y120.203 E3.85115 ; infill
G1 X112.886 Y120.332 E3.86262 ; infill
G1 X110.975 Y118.42 E3.93274 ; infill
G1 X110.614 Y118.611 E3.94333 ; infill
G1 X112.44 Y120.437 E4.01032 ; infill
G1 X111.989 Y120.537 E4.0223 ; infill
G1 X109.997 Y118.546 E4.09536 ; infill
G1 E2.59536 F2100 ; retract
G92 E0 ; reset extrusion distance
G1 X109.997 Y118.546 Z.36 F7200 ; move to first infill point
G1 X107.788 Y116.888 ; move to first infill point
G1 Z.16 F600 ; move to first infill point
G1 E1.5 F1500 ;  ; unretract
G1 F900
G1 X108.381 Y117.48 E1.52174 ; infill
G1 X108.484 Y117.775 E1.52985 ; infill
G1 X108.608 Y117.998 E1.53647 ; infill
G1 X108.861 Y118.294 E1.54657 ; infill
G1 X109.01 Y118.414 E1.55153 ; infill
G1 X109.373 Y118.609 E1.56222 ; infill
G1 X109.553 Y118.652 E1.56702 ; infill
G1 X111.516 Y120.615 E1.63903 ; infill
G1 X111.026 Y120.678 E1.65185 ; infill
G1 X107.659 Y117.31 E1.77539 ; infill
G1 X107.339 Y117.542 E1.78564 ; infill
G1 X110.507 Y120.71 E1.90186 ; infill
G1 X109.967 Y120.721 E1.91587 ; infill
G1 X106.961 Y117.715 E2.02614 ; infill
G1 X106.485 Y117.791 E2.03864 ; infill
G1 X109.582 Y120.888 E2.15225 ; infill
G1 E.65225 F2100 ; retract
G92 E0 ; reset extrusion distance
G1 X109.582 Y120.888 Z.36 F7200 ; move to first infill point
G1 X105.005 Y115.76 ; move to first infill point
G1 Z.16 F600 ; move to first infill point
G1 E1.5 F1500 ;  ; unretract
G1 F900
G1 X104.383 Y115.137 E1.52284 ; infill
G1 X104.093 Y115.194 E1.53051 ; infill
G1 X103.898 Y115.204 E1.53557 ; infill
G1 X104.976 Y116.282 E1.57512 ; infill
G1 E.07512 F2100 ; retract
G92 E0 ; reset extrusion distance
G1 X104.976 Y116.282 Z.36 F7200 ; move to first infill point
G1 X105.564 Y116.191 ; move to first infill point
G1 X104.154 Y112.421 ; move to first infill point
G1 X104.058 Y112.311 ; move to first infill point
G1 X103.961 Y112.198 ; move to first infill point
G1 X103.863 Y112.083 ; move to first infill point
G1 X103.766 Y111.966 ; move to first infill point
G1 X103.727 Y111.917 ; move to first infill point
G1 X103.684 Y111.841 ; move to first infill point
G1 X103.646 Y111.703 ; move to first infill point
G1 X103.61 Y111.564 ; move to first infill point
G1 X103.603 Y111.505 ; move to first infill point
G1 X103.609 Y108.523 ; move to first infill point
G1 X103.61 Y108.436 ; move to first infill point
G1 X103.646 Y108.297 ; move to first infill point
G1 X103.684 Y108.159 ; move to first infill point
G1 X103.708 Y108.105 ; move to first infill point
G1 X105.203 Y105.526 ; move to first infill point
G1 X105.248 Y105.451 ; move to first infill point
G1 X105.348 Y105.348 ; move to first infill point
G1 X105.451 Y105.248 ; move to first infill point
G1 X105.498 Y105.213 ; move to first infill point
G1 X108.083 Y103.727 ; move to first infill point
G1 X108.159 Y103.684 ; move to first infill point
G1 X108.297 Y103.646 ; move to first infill point
G1 X108.436 Y103.61 ; move to first infill point
G1 X108.495 Y103.603 ; move to first infill point
G1 X111.477 Y103.609 ; move to first infill point
G1 X111.564 Y103.61 ; move to first infill point
G1 X111.703 Y103.646 ; move to first infill point
G1 X111.841 Y103.684 ; move to first infill point
G1 X111.895 Y103.708 ; move to first infill point
G1 X113.98 Y105.024 ; move to first infill point
G1 X114.437 Y103.81 ; move to first infill point
G1 X115.024 Y103.719 ; move to first infill point
G1 Z.16 F600 ; move to first infill point
G1 E1.5 F1500 ;  ; unretract
G1 F900
G1 X116.105 Y104.8 E1.53966 ; infill
G1 X116.031 Y104.793 E1.54159 ; infill
G1 X115.62 Y104.866 E1.55242 ; infill
G1 X114.995 Y104.241 E1.57535 ; infill
G1 E.07535 F2100 ; retract
G92 E0 ; reset extrusion distance
G1 X114.995 Y104.241 Z.36 F7200 ; move to first infill point
G1 X113.708 Y102.403 ; move to first infill point
G1 Z.16 F600 ; move to first infill point
G1 E1.5 F1500 ;  ; unretract
G1 F900
G1 X110.604 Y99.299 E1.61387 ; infill
G1 X110.245 Y99.276 E1.6232 ; infill
G1 X110.031 Y99.278 E1.62875 ; infill
G1 X113.042 Y102.289 E1.73921 ; infill
G1 X112.673 Y102.471 E1.74988 ; infill
G1 X109.486 Y99.284 E1.86679 ; infill
G1 X108.975 Y99.324 E1.88009 ; infill
G1 X112.345 Y102.695 E2.00374 ; infill
G1 X112.292 Y102.734 E2.00545 ; infill
G1 X112.119 Y102.951 E2.01265 ; infill
G1 X112.025 Y102.926 E2.01517 ; infill
G1 X111.624 Y102.525 E2.02988 ; infill
G1 X111.546 Y102.285 E2.03643 ; infill
G1 X111.332 Y101.927 E2.04725 ; infill
G1 X111.147 Y101.712 E2.05461 ; infill
G1 X110.825 Y101.486 E2.06481 ; infill
G1 X110.652 Y101.397 E2.06986 ; infill
G1 X110.43 Y101.331 E2.07587 ; infill
G1 X108.488 Y99.389 E2.14711 ; infill
G1 X108.009 Y99.461 E2.15967 ; infill
G1 X109.837 Y101.289 E2.22673 ; infill
G1 X109.748 Y101.293 E2.22904 ; infill
G1 X109.386 Y101.389 E2.23875 ; infill
G1 X107.553 Y99.557 E2.30597 ; infill
G1 X107.113 Y99.669 E2.31775 ; infill
G1 X109.028 Y101.583 E2.38798 ; infill
G1 X108.734 Y101.841 E2.39813 ; infill
G1 X106.696 Y99.803 E2.47289 ; infill
G1 X106.284 Y99.943 E2.48418 ; infill
G1 X108.517 Y102.175 E2.56608 ; infill
G1 X108.401 Y102.408 E2.57283 ; infill
G1 X108.357 Y102.567 E2.57711 ; infill
G1 X105.885 Y100.095 E2.66779 ; infill
G1 X105.503 Y100.264 E2.67863 ; infill
G1 X108.119 Y102.88 E2.7746 ; infill
G1 X107.881 Y102.962 E2.78113 ; infill
G1 X107.726 Y102.762 E2.78769 ; infill
G1 X107.456 Y102.528 E2.79696 ; infill
G1 X107.079 Y102.32 E2.80813 ; infill
G1 X106.985 Y102.298 E2.81063 ; infill
G1 X105.13 Y100.443 E2.87868 ; infill
G1 X104.776 Y100.64 E2.88919 ; infill
G1 X106.353 Y102.217 E2.94704 ; infill
G1 X106.269 Y102.223 E2.94922 ; infill
G1 X105.907 Y102.322 E2.95896 ; infill
G1 X104.426 Y100.842 E3.01327 ; infill
G1 X104.085 Y101.052 E3.02366 ; infill
G1 X105.542 Y102.509 E3.07711 ; infill
G1 X105.241 Y102.76 E3.08728 ; infill
G1 X103.759 Y101.277 E3.14167 ; infill
G1 X103.443 Y101.514 E3.15192 ; infill
G1 X105.006 Y103.076 E3.20924 ; infill
G1 X104.927 Y103.238 E3.21392 ; infill
G1 X104.854 Y103.476 E3.22038 ; infill
G1 X103.139 Y101.761 E3.28329 ; infill
G1 X102.845 Y102.019 E3.29344 ; infill
G1 X104.808 Y103.981 E3.36543 ; infill
G1 X104.805 Y104.128 E3.36924 ; infill
G1 X104.926 Y104.58 E3.38138 ; infill
G1 X104.966 Y104.643 E3.38332 ; infill
G1 X104.94 Y104.665 E3.3842 ; infill
G1 X102.553 Y102.278 E3.47177 ; infill
G1 X102.281 Y102.557 E3.48188 ; infill
G1 X104.665 Y104.941 E3.56934 ; infill
G1 X104.647 Y104.963 E3.57008 ; infill
G1 X104.601 Y104.93 E3.57155 ; infill
G1 X104.397 Y104.87 E3.57707 ; infill
G1 X103.978 Y104.805 E3.58807 ; infill
G1 X102.012 Y102.84 E3.66017 ; infill
G1 X101.757 Y103.136 E3.6703 ; infill
G1 X103.474 Y104.853 E3.73329 ; infill
G1 X103.185 Y104.944 E3.74115 ; infill
G1 X103.082 Y105.013 E3.74437 ; infill
G1 X101.518 Y103.448 E3.80176 ; infill
G1 X101.278 Y103.76 E3.81197 ; infill
G1 X102.767 Y105.249 E3.86659 ; infill
G1 X102.515 Y105.548 E3.87673 ; infill
G1 X101.057 Y104.091 E3.9302 ; infill
G1 X100.843 Y104.428 E3.94056 ; infill
G1 X102.318 Y105.903 E3.99467 ; infill
G1 X102.241 Y106.182 E4.00218 ; infill
G1 X102.223 Y106.359 E4.0068 ; infill
G1 X100.635 Y104.772 E4.06504 ; infill
G1 X100.443 Y105.131 E4.0756 ; infill
G1 X102.289 Y106.977 E4.14332 ; infill
G1 X102.404 Y107.248 E4.15096 ; infill
G1 X102.586 Y107.539 E4.15986 ; infill
G1 X102.74 Y107.706 E4.16575 ; infill
G1 X102.951 Y107.881 E4.17286 ; infill
G1 X102.886 Y108.125 E4.17941 ; infill
G1 X100.262 Y105.502 E4.27565 ; infill
G1 X100.094 Y105.885 E4.2865 ; infill
G1 X102.57 Y108.361 E4.37733 ; infill
G1 X102.344 Y108.426 E4.38343 ; infill
G1 X102.18 Y108.522 E4.38836 ; infill
G1 X99.94 Y106.283 E4.47052 ; infill
G1 X99.797 Y106.691 E4.48173 ; infill
G1 X101.847 Y108.741 E4.55693 ; infill
G1 X101.711 Y108.854 E4.56152 ; infill
G1 X101.579 Y109.024 E4.5671 ; infill
G1 X99.675 Y107.121 E4.63693 ; infill
G1 X99.559 Y107.556 E4.64861 ; infill
G1 X101.387 Y109.384 E4.71567 ; infill
G1 X101.309 Y109.672 E4.72341 ; infill
G1 X101.292 Y109.841 E4.72782 ; infill
G1 X99.46 Y108.008 E4.79504 ; infill
G1 X99.384 Y108.484 E4.80754 ; infill
G1 X101.334 Y110.434 E4.87908 ; infill
G1 X101.362 Y110.557 E4.88235 ; infill
G1 X101.514 Y110.874 E4.89147 ; infill
G1 X101.723 Y111.158 E4.90062 ; infill
G1 X101.927 Y111.335 E4.90763 ; infill
G1 X102.282 Y111.547 E4.91836 ; infill
G1 X102.53 Y111.63 E4.92514 ; infill
G1 X102.926 Y112.026 E4.93967 ; infill
G1 X102.951 Y112.122 E4.94224 ; infill
G1 X102.753 Y112.275 E4.94873 ; infill
G1 X102.696 Y112.347 E4.95111 ; infill
G1 X99.326 Y108.977 E5.07474 ; infill
G1 X99.292 Y109.495 E5.08821 ; infill
G1 X102.453 Y112.656 E5.20417 ; infill
G1 X102.334 Y112.896 E5.21112 ; infill
G1 X102.293 Y113.048 E5.2152 ; infill
G1 X99.277 Y110.031 E5.32586 ; infill
G1 X99.289 Y110.595 E5.34049 ; infill
G1 X102.396 Y113.701 E5.45445 ; infill
G1 E3.95445 F2100 ; retract
G92 E0 ; reset extrusion distance
G1 X102.396 Y113.701 Z.36 F7200 ; move to first infill point
G1 X99.147 Y111.004 ; move to first infill point
G1 Z.16 F600 ; move to first infill point
G1 E1.5 F1500 ;  ; unretract
G1 F900
G1 X108.804 Y120.661 E1.85426 ; infill
G1 X108.16 Y120.569 E1.87113 ; infill
G1 X99.432 Y111.841 E2.19131 ; infill
G1 X99.582 Y112.542 E2.20991 ; infill
G1 X107.454 Y120.414 E2.49869 ; infill
G1 X106.692 Y120.203 E2.5192 ; infill
G1 X99.808 Y113.32 E2.77172 ; infill
G1 X100.005 Y113.901 E2.78763 ; infill
G1 X100.125 Y114.188 E2.7957 ; infill
G1 X105.813 Y119.876 E3.00436 ; infill
G1 X105.04 Y119.514 E3.0265 ; infill
G1 X104.728 Y119.342 E3.03574 ; infill
G1 X100.682 Y115.297 E3.18415 ; infill
G1 X100.955 Y115.77 E3.19832 ; infill
G1 X101.352 Y116.35 E3.21655 ; infill
G1 X101.624 Y116.705 E3.22815 ; infill
G1 X102.234 Y117.401 E3.25216 ; infill
G1 X103.795 Y118.961 E3.30941 ; infill
; stop printing object anel_mes.stl id:0 copy 0
M106 S127.5 ; enable fan
;LAYER_CHANGE
;Z:0.26
;HEIGHT:0.1
G1 Z.26 F600 ; simple layer change
;AFTER_LAYER_CHANGE
;0.26
M104 S205 ; set temperature
; printing object anel_mes.stl id:0 copy 0
G1 E1.80941 F2100 ; retract
G1 Z.46 F600 ; lift
G1 X107.597 Y120.88 F7200 ; move to first layer point
G1 Z.26 F600 ; move to first layer point
G1 E3.30941 F1500 ;  ; unretract
;TYPE:Perimeter
;WIDTH:0.399999
G1 X106.644 Y120.625 E3.32494 ; perimeter
G1 X106.019 Y120.407 E3.33536 ; perimeter
G1 X105.516 Y120.2 E3.34392 ; perimeter
G1 X104.885 Y119.898 E3.35493 ; perimeter
G1 X104.438 Y119.655 E3.36294 ; perimeter
G1 X103.609 Y119.127 E3.37841 ; perimeter
G1 X102.871 Y118.561 E3.39305 ; perimeter
G1 X102.476 Y118.219 E3.40127 ; perimeter
G1 X101.955 Y117.709 E3.41274 ; perimeter
G1 X101.306 Y116.969 E3.42823 ; perimeter
G1 X100.908 Y116.441 E3.43864 ; perimeter
G1 X100.607 Y115.994 E3.44712 ; perimeter
G1 X100.114 Y115.14 E3.46264 ; perimeter
G1 X99.817 Y114.519 E3.47347 ; perimeter
G1 X99.619 Y114.048 E3.48151 ; perimeter
G1 X99.318 Y113.163 E3.49622 ; perimeter
G1 X99.178 Y112.653 E3.50454 ; perimeter
G1 X99.028 Y111.94 E3.51601 ; perimeter
G1 X98.905 Y111.008 E3.5308 ; perimeter
G1 X98.868 Y110.491 E3.53896 ; perimeter
G1 X98.86 Y109.762 E3.55043 ; perimeter
G1 X98.925 Y108.781 E3.5659 ; perimeter
G1 X99.017 Y108.126 E3.57631 ; perimeter
G1 X99.12 Y107.597 E3.58479 ; perimeter
G1 X99.375 Y106.644 E3.60032 ; perimeter
G1 X99.593 Y106.019 E3.61074 ; perimeter
G1 X100.005 Y105.076 E3.62694 ; perimeter
G1 X100.32 Y104.482 E3.63752 ; perimeter
G1 X100.586 Y104.04 E3.64564 ; perimeter
G1 X100.867 Y103.617 E3.65363 ; perimeter
G1 X101.439 Y102.871 E3.66842 ; perimeter
G1 X101.781 Y102.476 E3.67664 ; perimeter
G1 X102.291 Y101.955 E3.68811 ; perimeter
G1 X102.996 Y101.337 E3.70286 ; perimeter
G1 X103.407 Y101.017 E3.71106 ; perimeter
G1 X104.009 Y100.606 E3.72253 ; perimeter
G1 X104.86 Y100.114 E3.738 ; perimeter
G1 X105.48 Y99.817 E3.74882 ; perimeter
G1 X105.952 Y99.619 E3.75688 ; perimeter
G1 X106.837 Y99.318 E3.77159 ; perimeter
G1 X107.347 Y99.178 E3.77991 ; perimeter
G1 X108.06 Y99.028 E3.79138 ; perimeter
G1 X108.992 Y98.905 E3.80617 ; perimeter
G1 X109.51 Y98.868 E3.81434 ; perimeter
G1 X110.182 Y98.859 E3.82492 ; perimeter
G1 X110.696 Y98.88 E3.83302 ; perimeter
G1 X111.209 Y98.923 E3.84112 ; perimeter
G1 X111.874 Y99.017 E3.85169 ; perimeter
G1 X112.403 Y99.12 E3.86017 ; perimeter
G1 X113.356 Y99.375 E3.8757 ; perimeter
G1 X113.981 Y99.593 E3.88612 ; perimeter
G1 X114.489 Y99.802 E3.89476 ; perimeter
G1 X114.958 Y100.022 E3.90291 ; perimeter
G1 X115.677 Y100.416 E3.91581 ; perimeter
G1 X116.365 Y100.855 E3.92865 ; perimeter
G1 X116.78 Y101.157 E3.93673 ; perimeter
G1 X117.3 Y101.583 E3.94731 ; perimeter
G1 X117.676 Y101.924 E3.9553 ; perimeter
G1 X118.042 Y102.287 E3.96341 ; perimeter
G1 X118.663 Y102.996 E3.97824 ; perimeter
G1 X118.983 Y103.407 E3.98644 ; perimeter
G1 X119.378 Y103.985 E3.99746 ; perimeter
G1 X119.647 Y104.424 E4.00556 ; perimeter
G1 X119.991 Y105.067 E4.01704 ; perimeter
G1 X120.384 Y105.962 E4.03242 ; perimeter
G1 X120.682 Y106.837 E4.04697 ; perimeter
G1 X120.822 Y107.347 E4.05529 ; perimeter
G1 X120.972 Y108.06 E4.06676 ; perimeter
G1 X121.101 Y109.039 E4.0823 ; perimeter
G1 X121.132 Y109.548 E4.09033 ; perimeter
G1 X121.14 Y110.238 E4.10119 ; perimeter
G1 X121.075 Y111.219 E4.11666 ; perimeter
G1 X120.983 Y111.874 E4.12707 ; perimeter
G1 X120.879 Y112.408 E4.13563 ; perimeter
G1 X120.708 Y113.077 E4.1465 ; perimeter
G1 X120.554 Y113.572 E4.15466 ; perimeter
G1 X120.212 Y114.452 E4.16952 ; perimeter
G1 X119.996 Y114.924 E4.17769 ; perimeter
G1 X119.652 Y115.567 E4.18917 ; perimeter
G1 X119.121 Y116.4 E4.20472 ; perimeter
G1 X118.817 Y116.811 E4.21277 ; perimeter
G1 X118.261 Y117.472 E4.22636 ; perimeter
G1 X117.732 Y118.022 E4.23837 ; perimeter
G1 X117.351 Y118.374 E4.24653 ; perimeter
G1 X116.787 Y118.837 E4.25801 ; perimeter
G1 X115.987 Y119.397 E4.27338 ; perimeter
G1 X115.14 Y119.886 E4.28877 ; perimeter
G1 X114.519 Y120.183 E4.2996 ; perimeter
G1 X114.043 Y120.383 E4.30773 ; perimeter
G1 X113.39 Y120.613 E4.31863 ; perimeter
G1 X112.894 Y120.76 E4.32677 ; perimeter
G1 X111.93 Y120.974 E4.34231 ; perimeter
G1 X111.248 Y121.071 E4.35315 ; perimeter
G1 X110.739 Y121.118 E4.36119 ; perimeter
G1 X109.757 Y121.139 E4.37665 ; perimeter
G1 X108.781 Y121.075 E4.39204 ; perimeter
G1 X108.126 Y120.983 E4.40245 ; perimeter
G1 X107.656 Y120.892 E4.40998 ; perimeter
G1 X107.656 Y120.892 F7200 ; move to first perimeter point
G1 X107.511 Y121.249 ; move to first perimeter point
G1 F1500
G1 X106.532 Y120.987 E4.42593 ; perimeter
G1 X105.885 Y120.761 E4.43672 ; perimeter
G1 X105.362 Y120.546 E4.44562 ; perimeter
G1 X104.722 Y120.239 E4.45679 ; perimeter
G1 X104.245 Y119.981 E4.46532 ; perimeter
G1 X103.392 Y119.437 E4.48124 ; perimeter
G1 X102.641 Y118.861 E4.49614 ; perimeter
G1 X102.219 Y118.496 E4.50492 ; perimeter
G1 X101.68 Y117.969 E4.51678 ; perimeter
G1 X101.013 Y117.208 E4.53271 ; perimeter
G1 X100.6 Y116.661 E4.5435 ; perimeter
G1 X100.286 Y116.195 E4.55234 ; perimeter
G1 X99.779 Y115.317 E4.5683 ; perimeter
G1 X99.475 Y114.683 E4.57937 ; perimeter
G1 X99.264 Y114.182 E4.58793 ; perimeter
G1 X98.96 Y113.284 E4.60285 ; perimeter
G1 X98.81 Y112.741 E4.61172 ; perimeter
G1 X98.655 Y112.004 E4.62357 ; perimeter
G1 X98.53 Y111.057 E4.6386 ; perimeter
G1 X98.49 Y110.506 E4.64729 ; perimeter
G1 X98.482 Y109.752 E4.65916 ; perimeter
G1 X98.548 Y108.742 E4.67509 ; perimeter
G1 X98.643 Y108.063 E4.68588 ; perimeter
G1 X98.751 Y107.511 E4.69473 ; perimeter
G1 X99.013 Y106.532 E4.71068 ; perimeter
G1 X99.239 Y105.885 E4.72147 ; perimeter
G1 X99.666 Y104.907 E4.73826 ; perimeter
G1 X99.991 Y104.296 E4.74915 ; perimeter
G1 X100.262 Y103.845 E4.75743 ; perimeter
G1 X100.559 Y103.397 E4.76589 ; perimeter
G1 X101.139 Y102.641 E4.78089 ; perimeter
G1 X101.504 Y102.219 E4.78967 ; perimeter
G1 X102.031 Y101.68 E4.80153 ; perimeter
G1 X102.746 Y101.053 E4.8165 ; perimeter
G1 X103.185 Y100.711 E4.82526 ; perimeter
G1 X103.807 Y100.285 E4.83712 ; perimeter
G1 X104.683 Y99.779 E4.85304 ; perimeter
G1 X105.317 Y99.475 E4.86411 ; perimeter
G1 X105.818 Y99.264 E4.87267 ; perimeter
G1 X106.716 Y98.96 E4.88759 ; perimeter
G1 X107.259 Y98.81 E4.89646 ; perimeter
G1 X107.996 Y98.655 E4.90831 ; perimeter
G1 X108.943 Y98.53 E4.92334 ; perimeter
G1 X109.495 Y98.49 E4.93205 ; perimeter
G1 X110.187 Y98.481 E4.94294 ; perimeter
G1 X110.712 Y98.502 E4.95121 ; perimeter
G1 X111.252 Y98.547 E4.95974 ; perimeter
G1 X111.937 Y98.643 E4.97063 ; perimeter
G1 X112.489 Y98.751 E4.97948 ; perimeter
G1 X113.468 Y99.013 E4.99543 ; perimeter
G1 X114.115 Y99.239 E5.00622 ; perimeter
G1 X115.093 Y99.666 E5.02301 ; perimeter
G1 X115.704 Y99.991 E5.0339 ; perimeter
G1 X116.191 Y100.284 E5.04284 ; perimeter
G1 X117.012 Y100.858 E5.05861 ; perimeter
G1 X117.548 Y101.296 E5.0695 ; perimeter
G1 X117.93 Y101.644 E5.07763 ; perimeter
G1 X118.318 Y102.028 E5.08622 ; perimeter
G1 X118.947 Y102.746 E5.10124 ; perimeter
G1 X119.289 Y103.185 E5.11 ; perimeter
G1 X119.691 Y103.772 E5.1212 ; perimeter
G1 X119.976 Y104.237 E5.12978 ; perimeter
G1 X120.332 Y104.902 E5.14165 ; perimeter
G1 X120.738 Y105.824 E5.1575 ; perimeter
G1 X121.04 Y106.716 E5.17232 ; perimeter
G1 X121.19 Y107.259 E5.18119 ; perimeter
G1 X121.345 Y107.996 E5.19304 ; perimeter
G1 X121.478 Y109.002 E5.20901 ; perimeter
G1 X121.511 Y109.544 E5.21756 ; perimeter
G1 X121.518 Y110.248 E5.22864 ; perimeter
G1 X121.452 Y111.258 E5.24457 ; perimeter
G1 X121.357 Y111.937 E5.25536 ; perimeter
G1 X121.249 Y112.492 E5.26426 ; perimeter
G1 X121.075 Y113.171 E5.27529 ; perimeter
G1 X120.912 Y113.697 E5.28396 ; perimeter
G1 X120.565 Y114.589 E5.29902 ; perimeter
G1 X120.334 Y115.093 E5.30775 ; perimeter
G1 X119.979 Y115.758 E5.31961 ; perimeter
G1 X119.466 Y116.562 E5.33462 ; perimeter
G1 X119.142 Y117.012 E5.34335 ; perimeter
G1 X118.704 Y117.548 E5.35424 ; perimeter
G1 X118 Y118.29 E5.37034 ; perimeter
G1 X117.599 Y118.66 E5.37893 ; perimeter
G1 X117.016 Y119.138 E5.39079 ; perimeter
G1 X116.19 Y119.717 E5.40667 ; perimeter
G1 X115.317 Y120.221 E5.42253 ; perimeter
G1 X114.683 Y120.525 E5.4336 ; perimeter
G1 X114.179 Y120.737 E5.44221 ; perimeter
G1 X113.515 Y120.97 E5.45328 ; perimeter
G1 X112.988 Y121.127 E5.46193 ; perimeter
G1 X111.998 Y121.347 E5.47789 ; perimeter
G1 X111.302 Y121.446 E5.48895 ; perimeter
G1 X110.76 Y121.496 E5.49752 ; perimeter
G1 X109.749 Y121.518 E5.51343 ; perimeter
G1 X108.742 Y121.452 E5.52931 ; perimeter
G1 X108.063 Y121.357 E5.5401 ; perimeter
G1 X107.57 Y121.261 E5.548 ; perimeter
G1 X107.57 Y121.261 F7200 ; move to first perimeter point
G1 X107.438 Y121.621 ; move to first perimeter point
;TYPE:External perimeter
G1 F900
G1 X107.426 Y121.618 E5.54819 ; perimeter
G1 X106.42 Y121.349 E5.56458 ; perimeter
G1 X105.75 Y121.115 E5.57575 ; perimeter
G1 X105.208 Y120.892 E5.58497 ; perimeter
G1 X104.504 Y120.555 E5.59725 ; perimeter
G1 X104.052 Y120.307 E5.60536 ; perimeter
G1 X103.175 Y119.748 E5.62173 ; perimeter
G1 X102.349 Y119.114 E5.63812 ; perimeter
G1 X101.961 Y118.774 E5.64624 ; perimeter
G1 X101.405 Y118.23 E5.65848 ; perimeter
G1 X100.719 Y117.447 E5.67486 ; perimeter
G1 X100.292 Y116.88 E5.68603 ; perimeter
G1 X99.965 Y116.395 E5.69524 ; perimeter
G1 X99.444 Y115.494 E5.71162 ; perimeter
G1 X99.107 Y114.792 E5.72388 ; perimeter
G1 X98.91 Y114.315 E5.732 ; perimeter
G1 X98.575 Y113.328 E5.7484 ; perimeter
G1 X98.441 Y112.829 E5.75653 ; perimeter
G1 X98.281 Y112.067 E5.76878 ; perimeter
G1 X98.145 Y111.035 E5.78516 ; perimeter
G1 X98.111 Y110.52 E5.79328 ; perimeter
G1 X98.103 Y109.742 E5.80552 ; perimeter
G1 X98.171 Y108.703 E5.82191 ; perimeter
G1 X98.27 Y108 E5.83308 ; perimeter
G1 X98.382 Y107.426 E5.84228 ; perimeter
G1 X98.651 Y106.42 E5.85867 ; perimeter
G1 X98.885 Y105.75 E5.86984 ; perimeter
G1 X99.108 Y105.207 E5.87908 ; perimeter
G1 X99.327 Y104.738 E5.88723 ; perimeter
G1 X99.661 Y104.109 E5.89844 ; perimeter
G1 X99.964 Y103.606 E5.90768 ; perimeter
G1 X100.251 Y103.176 E5.91582 ; perimeter
G1 X100.886 Y102.349 E5.93223 ; perimeter
G1 X101.226 Y101.961 E5.94035 ; perimeter
G1 X101.77 Y101.405 E5.95259 ; perimeter
G1 X102.553 Y100.718 E5.96898 ; perimeter
G1 X102.963 Y100.404 E5.97711 ; perimeter
G1 X103.605 Y99.964 E5.98936 ; perimeter
G1 X104.506 Y99.444 E6.00573 ; perimeter
G1 X105.208 Y99.107 E6.01799 ; perimeter
G1 X105.685 Y98.91 E6.02611 ; perimeter
G1 X106.672 Y98.575 E6.04251 ; perimeter
G1 X107.171 Y98.441 E6.05064 ; perimeter
G1 X107.933 Y98.281 E6.06289 ; perimeter
G1 X108.965 Y98.145 E6.07927 ; perimeter
G1 X109.48 Y98.111 E6.08739 ; perimeter
G1 X110.192 Y98.102 E6.0986 ; perimeter
G1 X110.779 Y98.126 E6.10785 ; perimeter
G1 X111.295 Y98.171 E6.116 ; perimeter
G1 X112 Y98.27 E6.1272 ; perimeter
G1 X112.574 Y98.382 E6.1364 ; perimeter
G1 X113.58 Y98.651 E6.15279 ; perimeter
G1 X114.25 Y98.885 E6.16396 ; perimeter
G1 X114.793 Y99.108 E6.1732 ; perimeter
G1 X115.262 Y99.327 E6.18135 ; perimeter
G1 X115.891 Y99.661 E6.19256 ; perimeter
G1 X116.394 Y99.964 E6.2018 ; perimeter
G1 X117.244 Y100.559 E6.21813 ; perimeter
G1 X117.795 Y101.009 E6.22933 ; perimeter
G1 X118.229 Y101.404 E6.23857 ; perimeter
G1 X118.595 Y101.769 E6.2467 ; perimeter
G1 X119.282 Y102.553 E6.26311 ; perimeter
G1 X119.596 Y102.963 E6.27124 ; perimeter
G1 X120.037 Y103.607 E6.28352 ; perimeter
G1 X120.305 Y104.049 E6.29165 ; perimeter
G1 X120.672 Y104.736 E6.30391 ; perimeter
G1 X121.123 Y105.783 E6.32185 ; perimeter
G1 X121.447 Y106.752 E6.33793 ; perimeter
G1 X121.573 Y107.238 E6.34583 ; perimeter
G1 X121.731 Y108.022 E6.35842 ; perimeter
G1 X121.86 Y109.037 E6.37452 ; perimeter
G1 X121.889 Y109.54 E6.38245 ; perimeter
G1 X121.897 Y110.258 E6.39375 ; perimeter
G1 X121.829 Y111.297 E6.41014 ; perimeter
G1 X121.73 Y112 E6.42131 ; perimeter
G1 X121.618 Y112.575 E6.43053 ; perimeter
G1 X121.424 Y113.331 E6.44281 ; perimeter
G1 X121.269 Y113.823 E6.45093 ; perimeter
G1 X120.891 Y114.795 E6.46734 ; perimeter
G1 X120.673 Y115.262 E6.47545 ; perimeter
G1 X120.306 Y115.949 E6.48771 ; perimeter
G1 X119.747 Y116.827 E6.50409 ; perimeter
G1 X119.441 Y117.244 E6.51223 ; perimeter
G1 X118.991 Y117.795 E6.52343 ; perimeter
G1 X118.596 Y118.229 E6.53267 ; perimeter
G1 X118.229 Y118.596 E6.54084 ; perimeter
G1 X117.847 Y118.946 E6.54899 ; perimeter
G1 X117.245 Y119.44 E6.56125 ; perimeter
G1 X116.394 Y120.036 E6.5776 ; perimeter
G1 X115.494 Y120.556 E6.59396 ; perimeter
G1 X114.792 Y120.893 E6.60622 ; perimeter
G1 X114.314 Y121.09 E6.61436 ; perimeter
G1 X113.577 Y121.349 E6.62665 ; perimeter
G1 X113.082 Y121.494 E6.63477 ; perimeter
G1 X112.065 Y121.719 E6.65116 ; perimeter
G1 X111.294 Y121.829 E6.66342 ; perimeter
G1 X110.78 Y121.874 E6.67154 ; perimeter
G1 X109.74 Y121.897 E6.68791 ; perimeter
G1 X108.703 Y121.829 E6.70427 ; perimeter
G1 X108 Y121.73 E6.71544 ; perimeter
G1 X107.497 Y121.632 E6.7235 ; perimeter
G1 E5.2235 F2100 ; retract
G92 E0 ; reset extrusion distance
G1 Z.46 F600 ; move to first perimeter point
G1 X104.753 Y114.532 F7200 ; move to first perimeter point
G1 Z.26 F600 ; move to first perimeter point
G1 E1.5 F1500 ;  ; unretract
;TYPE:Perimeter
G1 X104.312 Y114.755 E1.50778 ; perimeter
G1 X104.012 Y114.812 E1.51259 ; perimeter
G1 X103.627 Y114.778 E1.51867 ; perimeter
G1 X103.257 Y114.622 E1.52499 ; perimeter
G1 X102.979 Y114.392 E1.53067 ; perimeter
G1 X102.789 Y114.141 E1.53562 ; perimeter
G1 X102.635 Y113.681 E1.54325 ; perimeter
G1 X102.629 Y113.487 E1.5463 ; perimeter
G1 X102.7 Y113.056 E1.55317 ; perimeter
G1 X102.869 Y112.735 E1.55888 ; perimeter
G1 X103.209 Y112.414 E1.56624 ; perimeter
G1 X103.449 Y112.258 E1.57074 ; perimeter
G1 X103.278 Y111.664 E1.58047 ; perimeter
G1 X103.197 Y111.287 E1.58654 ; perimeter
G1 X102.832 Y111.299 E1.59229 ; perimeter
G1 X102.475 Y111.201 E1.59812 ; perimeter
G1 X102.116 Y110.973 E1.60481 ; perimeter
G1 X101.906 Y110.725 E1.60992 ; perimeter
G1 X101.716 Y110.281 E1.61752 ; perimeter
G1 X101.697 Y109.905 E1.62344 ; perimeter
G1 X101.777 Y109.519 E1.62964 ; perimeter
G1 X102.016 Y109.129 E1.63684 ; perimeter
G1 X102.364 Y108.85 E1.64386 ; perimeter
G1 X102.724 Y108.723 E1.64987 ; perimeter
G1 X103.194 Y108.708 E1.65727 ; perimeter
G1 X103.305 Y108.21 E1.6653 ; perimeter
G1 X103.464 Y107.718 E1.67344 ; perimeter
G1 X103.088 Y107.504 E1.68025 ; perimeter
G1 X102.794 Y107.149 E1.6875 ; perimeter
G1 X102.65 Y106.767 E1.69392 ; perimeter
G1 X102.645 Y106.281 E1.70157 ; perimeter
G1 X102.749 Y105.948 E1.70706 ; perimeter
G1 X102.914 Y105.675 E1.71208 ; perimeter
G1 X103.209 Y105.414 E1.71828 ; perimeter
G1 X103.517 Y105.255 E1.72374 ; perimeter
G1 X103.979 Y105.201 E1.73106 ; perimeter
G1 X104.372 Y105.259 E1.73731 ; perimeter
G1 X104.598 Y105.368 E1.74126 ; perimeter
G1 X104.747 Y105.488 E1.74427 ; perimeter
G1 X105.092 Y105.112 E1.7523 ; perimeter
G1 X105.476 Y104.751 E1.76059 ; perimeter
G1 X105.271 Y104.397 E1.76703 ; perimeter
G1 X105.195 Y104.101 E1.77184 ; perimeter
G1 X105.224 Y103.621 E1.77941 ; perimeter
G1 X105.381 Y103.253 E1.78571 ; perimeter
G1 X105.629 Y102.962 E1.79173 ; perimeter
G1 X106.022 Y102.712 E1.79906 ; perimeter
G1 X106.541 Y102.638 E1.80731 ; perimeter
G1 X106.981 Y102.717 E1.81435 ; perimeter
G1 X107.352 Y102.935 E1.82112 ; perimeter
G1 X107.742 Y103.449 E1.83127 ; perimeter
G1 X108.327 Y103.281 E1.84085 ; perimeter
G1 X108.711 Y103.198 E1.84703 ; perimeter
G1 X108.704 Y102.821 E1.85296 ; perimeter
G1 X108.811 Y102.447 E1.85908 ; perimeter
G1 X109.028 Y102.116 E1.86531 ; perimeter
G1 X109.288 Y101.901 E1.87062 ; perimeter
G1 X109.628 Y101.741 E1.87653 ; perimeter
G1 X110.138 Y101.7 E1.88458 ; perimeter
G1 X110.466 Y101.772 E1.88986 ; perimeter
G1 X110.873 Y102.016 E1.89733 ; perimeter
G1 X111.128 Y102.324 E1.90362 ; perimeter
G1 X111.265 Y102.693 E1.90981 ; perimeter
G1 X111.292 Y103.194 E1.91771 ; perimeter
G1 X111.789 Y103.304 E1.92572 ; perimeter
G1 X112.284 Y103.465 E1.93391 ; perimeter
G1 X112.462 Y103.13 E1.93988 ; perimeter
G1 X112.771 Y102.852 E1.94642 ; perimeter
G1 X113.028 Y102.71 E1.95104 ; perimeter
G1 X113.541 Y102.638 E1.95919 ; perimeter
G1 X113.87 Y102.676 E1.9644 ; perimeter
G1 X114.219 Y102.839 E1.97046 ; perimeter
G1 X114.466 Y103.053 E1.9756 ; perimeter
G1 X114.709 Y103.423 E1.98257 ; perimeter
G1 X114.807 Y103.925 E1.99062 ; perimeter
G1 X114.784 Y104.224 E1.99534 ; perimeter
G1 X114.667 Y104.534 E2.00055 ; perimeter
G1 X114.514 Y104.749 E2.0047 ; perimeter
G1 X114.885 Y105.089 E2.01262 ; perimeter
G1 X115.251 Y105.475 E2.02099 ; perimeter
G1 X115.609 Y105.265 E2.02752 ; perimeter
G1 X116.174 Y105.199 E2.03647 ; perimeter
G1 X116.368 Y105.221 E2.03954 ; perimeter
G1 X116.748 Y105.382 E2.04603 ; perimeter
G1 X117.028 Y105.615 E2.05176 ; perimeter
G1 X117.226 Y105.886 E2.05704 ; perimeter
G1 X117.327 Y106.193 E2.06213 ; perimeter
G1 X117.372 Y106.551 E2.06781 ; perimeter
G1 X117.298 Y106.932 E2.07392 ; perimeter
G1 X117.084 Y107.327 E2.08099 ; perimeter
G1 X116.89 Y107.516 E2.08525 ; perimeter
G1 X116.556 Y107.755 E2.09171 ; perimeter
G1 X116.754 Y108.45 E2.10308 ; perimeter
G1 X116.803 Y108.716 E2.10734 ; perimeter
G1 X117.262 Y108.713 E2.11456 ; perimeter
G1 X117.66 Y108.868 E2.12128 ; perimeter
G1 X117.886 Y109.029 E2.12565 ; perimeter
G1 X118.094 Y109.275 E2.13072 ; perimeter
G1 X118.265 Y109.693 E2.13783 ; perimeter
G1 X118.308 Y110.127 E2.14469 ; perimeter
G1 X118.212 Y110.488 E2.15057 ; perimeter
G1 X118.091 Y110.735 E2.1549 ; perimeter
G1 X117.811 Y111.031 E2.16131 ; perimeter
G1 X117.518 Y111.203 E2.16666 ; perimeter
G1 X117.194 Y111.301 E2.17199 ; perimeter
G1 X116.8 Y111.323 E2.1782 ; perimeter
G1 X116.677 Y111.852 E2.18675 ; perimeter
G1 X116.536 Y112.283 E2.19389 ; perimeter
G1 X116.911 Y112.494 E2.20066 ; perimeter
G1 X117.23 Y112.895 E2.20872 ; perimeter
G1 X117.338 Y113.263 E2.21476 ; perimeter
G1 X117.362 Y113.701 E2.22166 ; perimeter
G1 X117.192 Y114.17 E2.22951 ; perimeter
G1 X116.902 Y114.505 E2.23648 ; perimeter
G1 X116.58 Y114.703 E2.24243 ; perimeter
G1 X116.177 Y114.81 E2.24899 ; perimeter
G1 X115.781 Y114.784 E2.25524 ; perimeter
G1 X115.409 Y114.637 E2.26153 ; perimeter
G1 X115.253 Y114.512 E2.26468 ; perimeter
G1 X114.913 Y114.882 E2.27259 ; perimeter
G1 X114.523 Y115.247 E2.281 ; perimeter
G1 X114.728 Y115.6 E2.28742 ; perimeter
G1 X114.807 Y116.054 E2.29467 ; perimeter
G1 X114.782 Y116.355 E2.29942 ; perimeter
G1 X114.594 Y116.793 E2.30692 ; perimeter
G1 X114.302 Y117.101 E2.3136 ; perimeter
G1 X113.983 Y117.277 E2.31933 ; perimeter
G1 X113.677 Y117.366 E2.32435 ; perimeter
G1 X113.194 Y117.341 E2.33196 ; perimeter
G1 X112.791 Y117.168 E2.33886 ; perimeter
G1 X112.51 Y116.916 E2.3448 ; perimeter
G1 X112.333 Y116.669 E2.34958 ; perimeter
G1 X112.278 Y116.538 E2.35182 ; perimeter
G1 X111.797 Y116.688 E2.35975 ; perimeter
G1 X111.281 Y116.804 E2.36807 ; perimeter
G1 X111.295 Y117.233 E2.37483 ; perimeter
G1 X111.112 Y117.701 E2.38274 ; perimeter
G1 X110.84 Y118.005 E2.38916 ; perimeter
G1 X110.518 Y118.203 E2.39511 ; perimeter
G1 X110.234 Y118.294 E2.3998 ; perimeter
G1 X109.832 Y118.299 E2.40613 ; perimeter
G1 X109.475 Y118.201 E2.41196 ; perimeter
G1 X109.129 Y117.985 E2.41838 ; perimeter
G1 X108.857 Y117.65 E2.42517 ; perimeter
G1 X108.705 Y117.229 E2.43221 ; perimeter
G1 X108.69 Y116.802 E2.43893 ; perimeter
G1 X108.111 Y116.667 E2.44829 ; perimeter
G1 X107.718 Y116.538 E2.4548 ; perimeter
G1 X107.513 Y116.9 E2.46135 ; perimeter
G1 X107.161 Y117.199 E2.46862 ; perimeter
G1 X106.763 Y117.35 E2.47532 ; perimeter
G1 X106.291 Y117.357 E2.48275 ; perimeter
G1 X105.975 Y117.263 E2.48794 ; perimeter
G1 X105.764 Y117.151 E2.4917 ; perimeter
G1 X105.44 Y116.832 E2.49886 ; perimeter
G1 X105.248 Y116.45 E2.50559 ; perimeter
G1 X105.189 Y116.141 E2.51054 ; perimeter
G1 X105.248 Y115.659 E2.51818 ; perimeter
G1 X105.374 Y115.391 E2.52284 ; perimeter
G1 X105.489 Y115.254 E2.52566 ; perimeter
G1 X105.11 Y114.906 E2.53376 ; perimeter
G1 X104.795 Y114.576 E2.54094 ; perimeter
G1 X104.795 Y114.576 F7200 ; move to first perimeter point
G1 X104.642 Y114.08 ; move to first perimeter point
G1 F1500
G1 X104.503 Y114.243 E2.54431 ; perimeter
G1 X104.183 Y114.399 E2.54991 ; perimeter
G1 X103.948 Y114.432 E2.55364 ; perimeter
G1 X103.583 Y114.362 E2.55949 ; perimeter
G1 X103.301 Y114.185 E2.56473 ; perimeter
G1 X103.075 Y113.861 E2.57095 ; perimeter
G1 X103.007 Y113.515 E2.5765 ; perimeter
G1 X103.067 Y113.159 E2.58218 ; perimeter
G1 X103.229 Y112.888 E2.58715 ; perimeter
G1 X103.579 Y112.634 E2.59396 ; perimeter
G1 X103.98 Y112.58 E2.60033 ; perimeter
G1 X103.784 Y112.068 E2.60896 ; perimeter
G1 X103.611 Y111.448 E2.61909 ; perimeter
G1 X103.498 Y110.787 E2.62964 ; perimeter
G1 X103.245 Y110.899 E2.63399 ; perimeter
G1 X102.859 Y110.921 E2.64007 ; perimeter
G1 X102.517 Y110.798 E2.64579 ; perimeter
G1 X102.333 Y110.652 E2.64949 ; perimeter
G1 X102.131 Y110.343 E2.6553 ; perimeter
G1 X102.069 Y110.015 E2.66055 ; perimeter
G1 X102.146 Y109.625 E2.66681 ; perimeter
G1 X102.294 Y109.386 E2.67123 ; perimeter
G1 X102.638 Y109.135 E2.67793 ; perimeter
G1 X103.065 Y109.078 E2.68471 ; perimeter
G1 X103.358 Y109.139 E2.68942 ; perimeter
G1 X103.507 Y109.196 E2.69193 ; perimeter
G1 X103.601 Y108.62 E2.70111 ; perimeter
G1 X103.76 Y108.031 E2.71071 ; perimeter
G1 X103.982 Y107.427 E2.72084 ; perimeter
G1 X103.739 Y107.414 E2.72467 ; perimeter
G1 X103.362 Y107.24 E2.7312 ; perimeter
G1 X103.12 Y106.957 E2.73706 ; perimeter
G1 X103.019 Y106.683 E2.74166 ; perimeter
G1 X103.021 Y106.324 E2.74731 ; perimeter
G1 X103.162 Y105.979 E2.75318 ; perimeter
G1 X103.442 Y105.713 E2.75926 ; perimeter
G1 X103.712 Y105.598 E2.76388 ; perimeter
G1 X104.088 Y105.58 E2.7698 ; perimeter
G1 X104.427 Y105.706 E2.77549 ; perimeter
G1 X104.708 Y105.974 E2.7816 ; perimeter
G1 X104.756 Y106.085 E2.7835 ; perimeter
G1 X105.188 Y105.559 E2.79421 ; perimeter
G1 X105.668 Y105.085 E2.80483 ; perimeter
G1 X106.073 Y104.764 E2.81296 ; perimeter
G1 X105.833 Y104.589 E2.81763 ; perimeter
G1 X105.631 Y104.28 E2.82344 ; perimeter
G1 X105.569 Y103.953 E2.82868 ; perimeter
G1 X105.593 Y103.704 E2.83262 ; perimeter
G1 X105.761 Y103.363 E2.8386 ; perimeter
G1 X106.069 Y103.107 E2.8449 ; perimeter
G1 X106.317 Y103.032 E2.84898 ; perimeter
G1 X106.769 Y103.041 E2.85609 ; perimeter
G1 X107.104 Y103.221 E2.86208 ; perimeter
G1 X107.338 Y103.519 E2.86804 ; perimeter
G1 X107.428 Y103.976 E2.87537 ; perimeter
G1 X107.932 Y103.784 E2.88386 ; perimeter
G1 X108.552 Y103.611 E2.89399 ; perimeter
G1 X109.216 Y103.498 E2.90459 ; perimeter
G1 X109.095 Y103.231 E2.9092 ; perimeter
G1 X109.081 Y102.848 E2.91523 ; perimeter
G1 X109.146 Y102.625 E2.91889 ; perimeter
G1 X109.301 Y102.378 E2.92348 ; perimeter
G1 X109.514 Y102.205 E2.9278 ; perimeter
G1 X109.817 Y102.094 E2.93288 ; perimeter
G1 X110.247 Y102.097 E2.93965 ; perimeter
G1 X110.54 Y102.235 E2.94475 ; perimeter
G1 X110.808 Y102.527 E2.95099 ; perimeter
G1 X110.904 Y102.841 E2.95616 ; perimeter
G1 X110.92 Y103.179 E2.96149 ; perimeter
G1 X110.778 Y103.5 E2.96701 ; perimeter
G1 X111.532 Y103.635 E2.97907 ; perimeter
G1 X112.073 Y103.794 E2.98794 ; perimeter
G1 X112.572 Y103.982 E2.99633 ; perimeter
G1 X112.587 Y103.736 E3.00021 ; perimeter
G1 X112.761 Y103.362 E3.0067 ; perimeter
G1 X113.076 Y103.103 E3.01312 ; perimeter
G1 X113.317 Y103.032 E3.01707 ; perimeter
G1 X113.762 Y103.039 E3.02407 ; perimeter
G1 X114.124 Y103.239 E3.03058 ; perimeter
G1 X114.357 Y103.561 E3.03684 ; perimeter
G1 X114.431 Y103.999 E3.04383 ; perimeter
G1 X114.363 Y104.28 E3.04838 ; perimeter
G1 X114.189 Y104.566 E3.05365 ; perimeter
G1 X113.925 Y104.763 E3.05883 ; perimeter
G1 X114.512 Y105.25 E3.07083 ; perimeter
G1 X114.911 Y105.664 E3.07988 ; perimeter
G1 X115.235 Y106.073 E3.08809 ; perimeter
G1 X115.424 Y105.823 E3.09302 ; perimeter
G1 X115.731 Y105.624 E3.09878 ; perimeter
G1 X116.206 Y105.579 E3.10629 ; perimeter
G1 X116.551 Y105.706 E3.11208 ; perimeter
G1 X116.797 Y105.93 E3.11732 ; perimeter
G1 X116.942 Y106.196 E3.12209 ; perimeter
G1 X116.993 Y106.557 E3.12783 ; perimeter
G1 X116.887 Y106.933 E3.13398 ; perimeter
G1 X116.751 Y107.128 E3.13772 ; perimeter
G1 X116.45 Y107.347 E3.14358 ; perimeter
G1 X116.024 Y107.429 E3.15041 ; perimeter
G1 X116.216 Y107.932 E3.15888 ; perimeter
G1 X116.389 Y108.552 E3.16901 ; perimeter
G1 X116.503 Y109.211 E3.17954 ; perimeter
G1 X116.817 Y109.094 E3.18481 ; perimeter
G1 X117.246 Y109.096 E3.19156 ; perimeter
G1 X117.594 Y109.275 E3.19772 ; perimeter
G1 X117.788 Y109.497 E3.20236 ; perimeter
G1 X117.902 Y109.829 E3.20788 ; perimeter
G1 X117.915 Y110.2 E3.21372 ; perimeter
G1 X117.775 Y110.526 E3.2193 ; perimeter
G1 X117.501 Y110.791 E3.2253 ; perimeter
G1 X117.137 Y110.927 E3.23142 ; perimeter
G1 X116.756 Y110.904 E3.23743 ; perimeter
G1 X116.493 Y110.811 E3.24182 ; perimeter
G1 X116.397 Y111.388 E3.25103 ; perimeter
G1 X116.243 Y111.96 E3.26035 ; perimeter
G1 X116.012 Y112.586 E3.27085 ; perimeter
G1 X116.261 Y112.586 E3.27477 ; perimeter
G1 X116.637 Y112.76 E3.28129 ; perimeter
G1 X116.895 Y113.07 E3.28764 ; perimeter
G1 X116.987 Y113.482 E3.29428 ; perimeter
G1 X116.949 Y113.785 E3.29909 ; perimeter
G1 X116.783 Y114.096 E3.30464 ; perimeter
G1 X116.575 Y114.283 E3.30904 ; perimeter
G1 X116.211 Y114.425 E3.31519 ; perimeter
G1 X115.854 Y114.412 E3.32081 ; perimeter
G1 X115.579 Y114.298 E3.3255 ; perimeter
G1 X115.295 Y114.029 E3.33166 ; perimeter
G1 X115.237 Y113.924 E3.33355 ; perimeter
G1 X114.805 Y114.449 E3.34425 ; perimeter
G1 X114.311 Y114.927 E3.35507 ; perimeter
G1 X113.928 Y115.237 E3.36282 ; perimeter
G1 X114.204 Y115.455 E3.36836 ; perimeter
G1 X114.369 Y115.718 E3.37325 ; perimeter
G1 X114.43 Y116.163 E3.38032 ; perimeter
G1 X114.325 Y116.495 E3.3858 ; perimeter
G1 X114.189 Y116.69 E3.38954 ; perimeter
G1 X113.978 Y116.868 E3.39388 ; perimeter
G1 X113.626 Y116.991 E3.39975 ; perimeter
G1 X113.276 Y116.971 E3.40527 ; perimeter
G1 X112.909 Y116.79 E3.41171 ; perimeter
G1 X112.668 Y116.494 E3.41772 ; perimeter
G1 X112.595 Y116.294 E3.42107 ; perimeter
G1 X112.573 Y116.023 E3.42535 ; perimeter
G1 X111.999 Y116.239 E3.435 ; perimeter
G1 X111.442 Y116.391 E3.44409 ; perimeter
G1 X110.782 Y116.502 E3.45462 ; perimeter
G1 X110.891 Y116.749 E3.45887 ; perimeter
G1 X110.919 Y117.183 E3.46571 ; perimeter
G1 X110.751 Y117.559 E3.47219 ; perimeter
G1 X110.518 Y117.78 E3.47724 ; perimeter
G1 X110.161 Y117.923 E3.48329 ; perimeter
G1 X109.859 Y117.921 E3.48804 ; perimeter
G1 X109.517 Y117.798 E3.49376 ; perimeter
G1 X109.289 Y117.597 E3.49854 ; perimeter
G1 X109.123 Y117.32 E3.50362 ; perimeter
G1 X109.069 Y117.015 E3.50849 ; perimeter
G1 X109.097 Y116.753 E3.51264 ; perimeter
G1 X109.203 Y116.494 E3.51704 ; perimeter
G1 X108.613 Y116.395 E3.52646 ; perimeter
G1 X107.946 Y116.216 E3.53733 ; perimeter
G1 X107.421 Y116.015 E3.54618 ; perimeter
G1 X107.419 Y116.246 E3.54982 ; perimeter
G1 X107.246 Y116.629 E3.55643 ; perimeter
G1 X106.974 Y116.87 E3.56215 ; perimeter
G1 X106.678 Y116.981 E3.56713 ; perimeter
G1 X106.335 Y116.981 E3.57253 ; perimeter
G1 X106.004 Y116.854 E3.57811 ; perimeter
G1 X105.733 Y116.591 E3.58405 ; perimeter
G1 X105.595 Y116.294 E3.5892 ; perimeter
G1 X105.569 Y116.077 E3.59264 ; perimeter
G1 X105.628 Y115.723 E3.59829 ; perimeter
G1 X105.862 Y115.385 E3.60476 ; perimeter
G1 X106.085 Y115.244 E3.60891 ; perimeter
G1 X105.572 Y114.823 E3.61935 ; perimeter
G1 X105.091 Y114.338 E3.6301 ; perimeter
G1 X104.766 Y113.934 E3.63826 ; perimeter
G1 X104.681 Y114.034 E3.64033 ; perimeter
G1 X104.369 Y113.851 F7200 ; move to first perimeter point
;TYPE:External perimeter
G1 F720
G1 X104.196 Y113.991 E3.64383 ; perimeter
G1 X103.975 Y114.055 E3.64745 ; perimeter
G1 X103.752 Y114.024 E3.65099 ; perimeter
G1 X103.564 Y113.911 E3.65444 ; perimeter
G1 X103.429 Y113.726 E3.65804 ; perimeter
G1 X103.384 Y113.543 E3.66101 ; perimeter
G1 X103.418 Y113.302 E3.66484 ; perimeter
G1 X103.536 Y113.119 E3.66827 ; perimeter
G1 X103.778 Y112.972 E3.67273 ; perimeter
G1 X104.124 Y112.978 E3.67818 ; perimeter
;WIDTH:0.397086
G1 X104.322 Y113.133 E3.68211 ; perimeter
;WIDTH:0.360285
G1 X104.434 Y113.307 E3.68502 ; perimeter
;WIDTH:0.399999
G1 X104.476 Y113.639 E3.69029 ; perimeter
G1 X104.396 Y113.798 E3.69309 ; perimeter
G1 E2.64309 F2100 ; retract
;WIPE_START
G1 F5760
G1 X104.369 Y113.851 E2.62249 ; wipe and retract
G1 X104.196 Y113.991 E2.54541 ; wipe and retract
G1 X103.975 Y114.055 E2.46572 ; wipe and retract
G1 X103.752 Y114.024 E2.38774 ; wipe and retract
G1 X103.564 Y113.911 E2.31177 ; wipe and retract
G1 X103.429 Y113.726 E2.23245 ; wipe and retract
G1 X103.402 Y113.616 E2.19309 ; wipe and retract
;WIPE_END
G92 E0 ; reset extrusion distance
G1 Z.46 F600 ; move to first perimeter point
G1 X103.036 Y113.707 F7200 ; move to first perimeter point
G1 X103.048 Y113.759 ; move to first perimeter point
G1 X103.063 Y113.806 ; move to first perimeter point
G1 X103.096 Y113.886 ; move to first perimeter point
G1 X103.116 Y113.93 ; move to first perimeter point
G1 X103.143 Y113.974 ; move to first perimeter point
G1 X103.178 Y114.03 ; move to first perimeter point
G1 X103.216 Y114.08 ; move to first perimeter point
G1 X103.266 Y114.138 ; move to first perimeter point
G1 X103.323 Y114.192 ; move to first perimeter point
G1 X103.352 Y114.219 ; move to first perimeter point
G1 X103.389 Y114.246 ; move to first perimeter point
G1 X103.455 Y114.29 ; move to first perimeter point
G1 X103.566 Y114.352 ; move to first perimeter point
G1 X106.651 Y115.526 ; move to first perimeter point
G1 X106.721 Y115.555 ; move to first perimeter point
G1 X106.788 Y115.593 ; move to first perimeter point
G1 X106.833 Y115.621 ; move to first perimeter point
G1 X106.848 Y115.632 ; move to first perimeter point
G1 X106.905 Y115.678 ; move to first perimeter point
G1 X106.941 Y115.71 ; move to first perimeter point
G1 X106.965 Y115.736 ; move to first perimeter point
G1 X106.996 Y115.77 ; move to first perimeter point
G1 X107.016 Y115.795 ; move to first perimeter point
G1 X107.065 Y115.867 ; move to first perimeter point
G1 X107.107 Y115.948 ; move to first perimeter point
G1 X107.141 Y116.045 ; move to first perimeter point
G1 X107.163 Y116.155 ; move to first perimeter point
G1 X107.167 Y116.259 ; move to first perimeter point
G1 X107.155 Y116.366 ; move to first perimeter point
G1 X107.145 Y116.398 ; move to first perimeter point
G1 X107.133 Y116.437 ; move to first perimeter point
G1 X106.931 Y116.413 ; move to first perimeter point
G1 Z.26 F600 ; move to first perimeter point
G1 E1.5 F1500 ;  ; unretract
G1 F720
G1 X106.708 Y116.572 E1.50431 ; perimeter
G1 X106.537 Y116.617 E1.50709 ; perimeter
G1 X106.315 Y116.586 E1.51062 ; perimeter
G1 X106.126 Y116.473 E1.51409 ; perimeter
G1 X105.991 Y116.289 E1.51768 ; perimeter
G1 X105.946 Y116.105 E1.52066 ; perimeter
G1 X105.991 Y115.844 E1.52483 ; perimeter
G1 X106.104 Y115.676 E1.52802 ; perimeter
G1 X106.341 Y115.534 E1.53237 ; perimeter
G1 X106.676 Y115.559 E1.53766 ; perimeter
;WIDTH:0.370013
G1 X106.919 Y115.729 E1.54196 ; perimeter
;WIDTH:0.399999
G1 X107.016 Y115.866 E1.5446 ; perimeter
G1 X107.038 Y116.201 E1.54988 ; perimeter
G1 X106.958 Y116.36 E1.55268 ; perimeter
G1 E.50268 F2100 ; retract
;WIPE_START
G1 F5760
G1 X106.931 Y116.413 E.48208 ; wipe and retract
G1 X106.708 Y116.572 E.38722 ; wipe and retract
G1 X106.537 Y116.617 E.32598 ; wipe and retract
G1 X106.315 Y116.586 E.24834 ; wipe and retract
G1 X106.126 Y116.473 E.17207 ; wipe and retract
G1 X105.991 Y116.289 E.09303 ; wipe and retract
G1 X105.964 Y116.176 E.05268 ; wipe and retract
;WIPE_END
G92 E0 ; reset extrusion distance
G1 Z.46 F600 ; move to first perimeter point
G1 X105.597 Y116.267 F7200 ; move to first perimeter point
G1 X105.59 Y116.238 ; move to first perimeter point
G1 X105.582 Y116.185 ; move to first perimeter point
G1 X105.574 Y116.091 ; move to first perimeter point
G1 X105.574 Y116.033 ; move to first perimeter point
G1 X105.615 Y115.943 ; move to first perimeter point
G1 X105.7 Y115.828 ; move to first perimeter point
G1 X105.867 Y115.687 ; move to first perimeter point
G1 X105.947 Y115.619 ; move to first perimeter point
G1 X105.998 Y115.585 ; move to first perimeter point
G1 X106.101 Y115.528 ; move to first perimeter point
G1 X106.161 Y115.509 ; move to first perimeter point
G1 X106.249 Y115.487 ; move to first perimeter point
G1 X106.987 Y115.382 ; move to first perimeter point
G1 X108.026 Y116.214 ; move to first perimeter point
G1 X108.038 Y116.222 ; move to first perimeter point
G1 X108.156 Y116.276 ; move to first perimeter point
G1 X108.17 Y116.28 ; move to first perimeter point
G1 X108.307 Y116.318 ; move to first perimeter point
G1 X108.445 Y116.354 ; move to first perimeter point
G1 X108.574 Y116.369 ; move to first perimeter point
G1 X111.412 Y116.369 ; move to first perimeter point
G1 X111.541 Y116.357 ; move to first perimeter point
G1 X111.555 Y116.354 ; move to first perimeter point
G1 X111.693 Y116.318 ; move to first perimeter point
G1 X111.83 Y116.28 ; move to first perimeter point
G1 X111.949 Y116.229 ; move to first perimeter point
G1 X114.407 Y114.81 ; move to first perimeter point
G1 X114.513 Y114.735 ; move to first perimeter point
G1 X114.523 Y114.725 ; move to first perimeter point
G1 X114.625 Y114.625 ; move to first perimeter point
G1 X114.725 Y114.523 ; move to first perimeter point
G1 X114.803 Y114.42 ; move to first perimeter point
G1 X116.222 Y111.962 ; move to first perimeter point
G1 X116.276 Y111.844 ; move to first perimeter point
G1 X116.28 Y111.83 ; move to first perimeter point
G1 X116.318 Y111.693 ; move to first perimeter point
G1 X116.354 Y111.555 ; move to first perimeter point
G1 X116.369 Y111.427 ; move to first perimeter point
G1 X116.369 Y108.588 ; move to first perimeter point
G1 X116.357 Y108.459 ; move to first perimeter point
G1 X116.354 Y108.445 ; move to first perimeter point
G1 X116.323 Y108.324 ; move to first perimeter point
G1 X115.958 Y108.417 ; move to first perimeter point
G1 Z.26 F600 ; move to first perimeter point
G1 E1.5 F1500 ;  ; unretract
G1 F720
G1 X116.128 Y109.273 E1.51373 ; perimeter
G1 X116.149 Y109.859 E1.52296 ; perimeter
;WIDTH:0.388891
G1 X116.154 Y110.404 E1.53129 ; perimeter
;WIDTH:0.399999
G1 X116.1 Y110.908 E1.53927 ; perimeter
G1 X115.963 Y111.598 E1.55034 ; perimeter
G1 X115.757 Y112.228 E1.56077 ; perimeter
G1 X115.502 Y112.78 E1.57034 ; perimeter
;WIDTH:0.389096
G1 X115.21 Y113.277 E1.57915 ; perimeter
;WIDTH:0.399999
G1 X114.851 Y113.813 E1.5893 ; perimeter
G1 X114.52 Y114.2 E1.59731 ; perimeter
G1 X114.053 Y114.65 E1.60752 ; perimeter
G1 X113.635 Y114.985 E1.61595 ; perimeter
G1 X113.364 Y115.145 E1.6209 ; perimeter
;WIDTH:0.374517
G1 X112.803 Y115.472 E1.63043 ; perimeter
;WIDTH:0.399999
G1 X112.513 Y115.638 E1.63569 ; perimeter
G1 X112.027 Y115.824 E1.64388 ; perimeter
G1 X111.344 Y116.025 E1.65508 ; perimeter
G1 X110.696 Y116.133 E1.66542 ; perimeter
G1 X110.141 Y116.149 E1.67416 ; perimeter
;WIDTH:0.382017
G1 X109.62 Y116.152 E1.68197 ; perimeter
;WIDTH:0.399999
G1 X109.114 Y116.102 E1.68997 ; perimeter
G1 X108.357 Y115.947 E1.70213 ; perimeter
G1 X107.753 Y115.75 E1.71213 ; perimeter
G1 X107.196 Y115.486 E1.72183 ; perimeter
;WIDTH:0.378746
G1 X106.697 Y115.199 E1.73038 ; perimeter
;WIDTH:0.399999
G1 X106.223 Y114.877 E1.7394 ; perimeter
G1 X105.821 Y114.539 E1.74767 ; perimeter
G1 X105.364 Y114.076 E1.75791 ; perimeter
G1 X104.968 Y113.573 E1.76798 ; perimeter
G1 X104.712 Y113.122 E1.77614 ; perimeter
;WIDTH:0.397086
G1 X104.439 Y112.666 E1.78444 ; perimeter
;WIDTH:0.399999
G1 X104.154 Y111.984 E1.79607 ; perimeter
G1 X104.007 Y111.46 E1.80463 ; perimeter
G1 X103.895 Y110.863 E1.81419 ; perimeter
G1 X103.852 Y110.347 E1.82234 ; perimeter
;WIDTH:0.380051
G1 X103.85 Y109.784 E1.83073 ; perimeter
;WIDTH:0.399999
G1 X103.882 Y109.241 E1.83929 ; perimeter
G1 X103.97 Y108.702 E1.84788 ; perimeter
G1 X104.12 Y108.149 E1.8569 ; perimeter
G1 X104.311 Y107.62 E1.86575 ; perimeter
G1 X104.53 Y107.164 E1.87371 ; perimeter
;WIDTH:0.376415
G1 X104.802 Y106.698 E1.88167 ; perimeter
;WIDTH:0.399999
G1 X105.146 Y106.191 E1.89131 ; perimeter
G1 X105.472 Y105.809 E1.89921 ; perimeter
G1 X105.93 Y105.359 E1.90931 ; perimeter
G1 X106.37 Y105.013 E1.91812 ; perimeter
G1 X106.894 Y104.701 E1.92772 ; perimeter
G1 X107.392 Y104.41 E1.9368 ; perimeter
G1 X108.016 Y104.154 E1.94741 ; perimeter
G1 X108.53 Y104.01 E1.95581 ; perimeter
G1 X109.078 Y103.904 E1.96459 ; perimeter
G1 X109.609 Y103.853 E1.97299 ; perimeter
;WIDTH:0.384519
G1 X110.162 Y103.857 E1.98134 ; perimeter
;WIDTH:0.399999
G1 X110.593 Y103.857 E1.98812 ; perimeter
G1 X111.45 Y104.004 E2.0018 ; perimeter
G1 X111.955 Y104.154 E2.01009 ; perimeter
G1 X112.57 Y104.397 E2.0205 ; perimeter
G1 X112.798 Y104.526 E2.02462 ; perimeter
;WIDTH:0.374663
G1 X113.288 Y104.807 E2.03291 ; perimeter
;WIDTH:0.399999
G1 X113.55 Y104.96 E2.03768 ; perimeter
G1 X114.263 Y105.535 E2.0521 ; perimeter
G1 X114.638 Y105.926 E2.06063 ; perimeter
G1 X114.974 Y106.352 E2.06917 ; perimeter
G1 X115.277 Y106.857 E2.07844 ; perimeter
;WIDTH:0.395906
G1 X115.561 Y107.337 E2.08712 ; perimeter
;WIDTH:0.399999
G1 X115.795 Y107.887 E2.09653 ; perimeter
G1 X115.941 Y108.36 E2.10432 ; perimeter
G1 E1.05432 F2100 ; retract
;WIPE_START
G1 F5760
G1 X115.958 Y108.417 E1.03372 ; wipe and retract
G1 X116.128 Y109.273 E.73145 ; wipe and retract
G1 X116.141 Y109.64 E.60432 ; wipe and retract
;WIPE_END
G92 E0 ; reset extrusion distance
G1 Z.46 F600 ; move to first perimeter point
G1 X116.189 Y109.645 F7200 ; move to first perimeter point
G1 X116.369 Y111.412 ; move to first perimeter point
G1 X116.369 Y111.427 ; move to first perimeter point
G1 X116.354 Y111.555 ; move to first perimeter point
G1 X116.318 Y111.693 ; move to first perimeter point
G1 X116.28 Y111.83 ; move to first perimeter point
G1 X116.276 Y111.844 ; move to first perimeter point
G1 X116.222 Y111.962 ; move to first perimeter point
G1 X114.803 Y114.42 ; move to first perimeter point
G1 X114.725 Y114.523 ; move to first perimeter point
G1 X114.625 Y114.625 ; move to first perimeter point
G1 X114.523 Y114.725 ; move to first perimeter point
G1 X114.513 Y114.735 ; move to first perimeter point
G1 X114.407 Y114.81 ; move to first perimeter point
G1 X111.949 Y116.229 ; move to first perimeter point
G1 X111.83 Y116.28 ; move to first perimeter point
G1 X111.693 Y116.318 ; move to first perimeter point
G1 X111.555 Y116.354 ; move to first perimeter point
G1 X111.541 Y116.357 ; move to first perimeter point
G1 X111.412 Y116.369 ; move to first perimeter point
G1 X111.397 Y116.369 ; move to first perimeter point
G1 X110.259 Y116.178 ; move to first perimeter point
G1 X110.203 Y116.174 ; move to first perimeter point
G1 X110.179 Y116.491 ; move to first perimeter point
G1 Z.26 F600 ; move to first perimeter point
G1 E1.5 F1500 ;  ; unretract
G1 F720
G1 X110.378 Y116.592 E1.50351 ; perimeter
G1 X110.516 Y116.804 E1.50749 ; perimeter
G1 X110.55 Y117.099 E1.51216 ; perimeter
G1 X110.431 Y117.351 E1.51655 ; perimeter
G1 X110.259 Y117.491 E1.52004 ; perimeter
G1 X110.037 Y117.555 E1.52368 ; perimeter
G1 X109.815 Y117.524 E1.52721 ; perimeter
G1 X109.626 Y117.411 E1.53068 ; perimeter
G1 X109.484 Y117.204 E1.53463 ; perimeter
G1 X109.446 Y117.043 E1.53723 ; perimeter
G1 X109.48 Y116.802 E1.54106 ; perimeter
G1 X109.595 Y116.623 E1.54441 ; perimeter
;WIDTH:0.39847
G1 X109.842 Y116.49 E1.54881 ; perimeter
;WIDTH:0.367736
G1 X110.119 Y116.491 E1.5528 ; perimeter
G1 E.5028 F2100 ; retract
;WIPE_START
G1 F5760
G1 X110.179 Y116.491 E.48202 ; wipe and retract
G1 X110.378 Y116.592 E.40473 ; wipe and retract
G1 X110.516 Y116.804 E.31712 ; wipe and retract
G1 X110.55 Y117.099 E.21427 ; wipe and retract
G1 X110.431 Y117.351 E.11775 ; wipe and retract
G1 X110.285 Y117.47 E.0528 ; wipe and retract
;WIPE_END
G92 E0 ; reset extrusion distance
G1 Z.46 F600 ; move to first perimeter point
G1 X110.467 Y117.799 F7200 ; move to first perimeter point
G1 X112.838 Y116.18 ; move to first perimeter point
G1 X112.837 Y116.155 ; move to first perimeter point
G1 X112.859 Y116.045 ; move to first perimeter point
G1 X112.893 Y115.948 ; move to first perimeter point
G1 X112.935 Y115.867 ; move to first perimeter point
G1 X112.984 Y115.795 ; move to first perimeter point
G1 X113.004 Y115.77 ; move to first perimeter point
G1 X113.035 Y115.736 ; move to first perimeter point
G1 X113.059 Y115.71 ; move to first perimeter point
G1 X113.095 Y115.678 ; move to first perimeter point
G1 X113.152 Y115.632 ; move to first perimeter point
G1 X113.167 Y115.621 ; move to first perimeter point
G1 X113.212 Y115.593 ; move to first perimeter point
G1 X113.279 Y115.555 ; move to first perimeter point
G1 X113.349 Y115.526 ; move to first perimeter point
G1 X113.395 Y115.51 ; move to first perimeter point
G1 X113.422 Y115.503 ; move to first perimeter point
G1 X113.458 Y115.495 ; move to first perimeter point
G1 X113.5 Y115.486 ; move to first perimeter point
G1 X113.543 Y115.48 ; move to first perimeter point
G1 X113.581 Y115.477 ; move to first perimeter point
G1 X113.665 Y115.477 ; move to first perimeter point
G1 X113.751 Y115.487 ; move to first perimeter point
G1 X113.839 Y115.509 ; move to first perimeter point
G1 X113.899 Y115.528 ; move to first perimeter point
G1 X113.922 Y115.542 ; move to first perimeter point
G1 X113.941 Y115.557 ; move to first perimeter point
G1 X113.878 Y115.655 ; move to first perimeter point
G1 Z.26 F600 ; move to first perimeter point
G1 E1.5 F1500 ;  ; unretract
;WIDTH:0.399999
G1 F720
G1 X114.016 Y115.866 E1.50397 ; perimeter
G1 X114.038 Y116.201 E1.50925 ; perimeter
G1 X113.931 Y116.413 E1.51299 ; perimeter
G1 X113.823 Y116.514 E1.51532 ; perimeter
G1 X113.546 Y116.617 E1.51997 ; perimeter
G1 X113.315 Y116.586 E1.52364 ; perimeter
G1 X113.095 Y116.435 E1.52784 ; perimeter
G1 X112.991 Y116.289 E1.53066 ; perimeter
G1 X112.946 Y116.105 E1.53364 ; perimeter
G1 X112.983 Y115.866 E1.53745 ; perimeter
;WIDTH:0.393071
G1 X113.139 Y115.676 E1.54125 ; perimeter
;WIDTH:0.370216
G1 X113.342 Y115.549 E1.54472 ; perimeter
;WIDTH:0.399999
G1 X113.646 Y115.524 E1.54952 ; perimeter
G1 X113.826 Y115.625 E1.55277 ; perimeter
G1 E.50277 F2100 ; retract
;WIPE_START
G1 F5760
G1 X113.878 Y115.655 E.48198 ; wipe and retract
G1 X114.016 Y115.866 E.39466 ; wipe and retract
G1 X114.038 Y116.201 E.27838 ; wipe and retract
G1 X113.931 Y116.413 E.19613 ; wipe and retract
G1 X113.823 Y116.514 E.14492 ; wipe and retract
G1 X113.573 Y116.607 E.05277 ; wipe and retract
;WIPE_END
G92 E0 ; reset extrusion distance
G1 Z.46 F600 ; move to first perimeter point
G1 X113.606 Y116.982 F7200 ; move to first perimeter point
G1 X113.628 Y116.98 ; move to first perimeter point
G1 X113.68 Y116.97 ; move to first perimeter point
G1 X113.751 Y116.954 ; move to first perimeter point
G1 X113.872 Y116.914 ; move to first perimeter point
G1 X113.983 Y116.852 ; move to first perimeter point
G1 X114.049 Y116.808 ; move to first perimeter point
G1 X114.086 Y116.78 ; move to first perimeter point
G1 X114.115 Y116.754 ; move to first perimeter point
G1 X114.172 Y116.7 ; move to first perimeter point
G1 X116.734 Y114.138 ; move to first perimeter point
G1 X116.773 Y114.093 ; move to first perimeter point
G1 X116.493 Y113.851 ; move to first perimeter point
G1 Z.26 F600 ; move to first perimeter point
G1 E1.5 F1500 ;  ; unretract
G1 F720
G1 X116.321 Y113.991 E1.50349 ; perimeter
G1 X116.099 Y114.055 E1.50713 ; perimeter
G1 X115.824 Y113.998 E1.51155 ; perimeter
G1 X115.666 Y113.884 E1.51462 ; perimeter
G1 X115.553 Y113.726 E1.51768 ; perimeter
G1 X115.516 Y113.544 E1.5206 ; perimeter
;WIDTH:0.385046
G1 X115.563 Y113.313 E1.52416 ; perimeter
;WIDTH:0.352314
G1 X115.628 Y113.194 E1.52603 ; perimeter
;WIDTH:0.389096
G1 X115.802 Y113.016 E1.52983 ; perimeter
;WIDTH:0.399999
G1 X115.903 Y112.972 E1.53156 ; perimeter
G1 X116.249 Y112.976 E1.53701 ; perimeter
G1 X116.44 Y113.092 E1.54053 ; perimeter
G1 X116.578 Y113.304 E1.54451 ; perimeter
G1 X116.6 Y113.639 E1.54979 ; perimeter
G1 X116.52 Y113.798 E1.55259 ; perimeter
G1 E.50259 F2100 ; retract
;WIPE_START
G1 F5760
G1 X116.493 Y113.851 E.48199 ; wipe and retract
G1 X116.321 Y113.991 E.40518 ; wipe and retract
G1 X116.099 Y114.055 E.32516 ; wipe and retract
G1 X115.824 Y113.998 E.22789 ; wipe and retract
G1 X115.666 Y113.884 E.16041 ; wipe and retract
G1 X115.553 Y113.726 E.09313 ; wipe and retract
G1 X115.53 Y113.611 E.05259 ; wipe and retract
;WIPE_END
G92 E0 ; reset extrusion distance
G1 Z.46 F600 ; move to first perimeter point
G1 X115.477 Y113.611 F7200 ; move to first perimeter point
G1 X115.476 Y113.583 ; move to first perimeter point
G1 X115.488 Y113.486 ; move to first perimeter point
G1 X115.51 Y113.396 ; move to first perimeter point
G1 X115.538 Y113.319 ; move to first perimeter point
G1 X115.563 Y113.265 ; move to first perimeter point
G1 X115.573 Y113.247 ; move to first perimeter point
G1 X115.61 Y113.183 ; move to first perimeter point
G1 X115.63 Y113.155 ; move to first perimeter point
G1 X115.659 Y113.117 ; move to first perimeter point
G1 X115.695 Y113.074 ; move to first perimeter point
G1 X115.707 Y113.062 ; move to first perimeter point
G1 X115.762 Y113.012 ; move to first perimeter point
G1 X115.827 Y112.96 ; move to first perimeter point
G1 X115.898 Y112.919 ; move to first perimeter point
G1 X115.946 Y112.894 ; move to first perimeter point
G1 X115.948 Y112.893 ; move to first perimeter point
G1 X117.71 Y110.593 ; move to first perimeter point
G1 X117.431 Y110.351 ; move to first perimeter point
G1 Z.26 F600 ; move to first perimeter point
G1 E1.5 F1500 ;  ; unretract
G1 F720
G1 X117.259 Y110.491 E1.50349 ; perimeter
G1 X117.037 Y110.555 E1.50713 ; perimeter
G1 X116.815 Y110.524 E1.51066 ; perimeter
G1 X116.626 Y110.411 E1.51413 ; perimeter
G1 X116.504 Y110.222 E1.51767 ; perimeter
;WIDTH:0.372889
G1 X116.471 Y110.045 E1.5203 ; perimeter
;WIDTH:0.36955
G1 X116.494 Y109.809 E1.52373 ; perimeter
;WIDTH:0.399999
G1 X116.594 Y109.622 E1.52707 ; perimeter
G1 X116.841 Y109.472 E1.53162 ; perimeter
G1 X117.186 Y109.476 E1.53705 ; perimeter
G1 X117.378 Y109.592 E1.54058 ; perimeter
G1 X117.516 Y109.804 E1.54456 ; perimeter
G1 X117.538 Y110.139 E1.54984 ; perimeter
G1 X117.458 Y110.298 E1.55264 ; perimeter
G1 E.50264 F2100 ; retract
;WIPE_START
G1 F5760
G1 X117.431 Y110.351 E.48204 ; wipe and retract
G1 X117.259 Y110.491 E.40523 ; wipe and retract
G1 X117.037 Y110.555 E.32521 ; wipe and retract
G1 X116.815 Y110.524 E.24757 ; wipe and retract
G1 X116.626 Y110.411 E.1713 ; wipe and retract
G1 X116.504 Y110.222 E.09339 ; wipe and retract
G1 X116.483 Y110.106 E.05264 ; wipe and retract
;WIPE_END
G92 E0 ; reset extrusion distance
G1 Z.46 F600 ; move to first perimeter point
G1 X116.169 Y110.115 F7200 ; move to first perimeter point
G1 X116.369 Y108.603 ; move to first perimeter point
G1 X116.369 Y108.588 ; move to first perimeter point
G1 X116.357 Y108.459 ; move to first perimeter point
G1 X116.354 Y108.445 ; move to first perimeter point
G1 X116.318 Y108.307 ; move to first perimeter point
G1 X116.28 Y108.17 ; move to first perimeter point
G1 X116.23 Y108.051 ; move to first perimeter point
G1 X116.222 Y108.038 ; move to first perimeter point
G1 X115.11 Y106.422 ; move to first perimeter point
G1 X115.078 Y106.336 ; move to first perimeter point
G1 X115.656 Y106.122 ; move to first perimeter point
G1 Z.26 F600 ; move to first perimeter point
G1 E1.5 F1500 ;  ; unretract
G1 F720
G1 X115.903 Y105.972 E1.50455 ; perimeter
G1 X116.249 Y105.976 E1.51 ; perimeter
G1 X116.44 Y106.092 E1.51352 ; perimeter
G1 X116.578 Y106.304 E1.5175 ; perimeter
G1 X116.6 Y106.639 E1.52278 ; perimeter
G1 X116.493 Y106.851 E1.52652 ; perimeter
G1 X116.308 Y106.996 E1.53022 ; perimeter
G1 X116.099 Y107.055 E1.53364 ; perimeter
G1 X115.878 Y107.022 E1.53716 ; perimeter
;WIDTH:0.395906
G1 X115.754 Y106.951 E1.53938 ; perimeter
;WIDTH:0.37936
G1 X115.576 Y106.719 E1.54373 ; perimeter
;WIDTH:0.383454
G1 X115.517 Y106.544 E1.54651 ; perimeter
;WIDTH:0.399999
G1 X115.542 Y106.302 E1.55034 ; perimeter
G1 X115.624 Y106.173 E1.55275 ; perimeter
G1 E.50275 F2100 ; retract
;WIPE_START
G1 F5760
G1 X115.656 Y106.122 E.4819 ; wipe and retract
G1 X115.903 Y105.972 E.38181 ; wipe and retract
G1 X116.249 Y105.976 E.26196 ; wipe and retract
G1 X116.44 Y106.092 E.18456 ; wipe and retract
G1 X116.578 Y106.304 E.09695 ; wipe and retract
G1 X116.586 Y106.431 E.05275 ; wipe and retract
;WIPE_END
G92 E0 ; reset extrusion distance
G1 Z.46 F600 ; move to first perimeter point
G1 X116.982 Y106.398 F7200 ; move to first perimeter point
G1 X116.98 Y106.377 ; move to first perimeter point
G1 X116.972 Y106.324 ; move to first perimeter point
G1 X116.952 Y106.241 ; move to first perimeter point
G1 X116.937 Y106.194 ; move to first perimeter point
G1 X116.904 Y106.114 ; move to first perimeter point
G1 X116.884 Y106.07 ; move to first perimeter point
G1 X116.857 Y106.026 ; move to first perimeter point
G1 X116.822 Y105.97 ; move to first perimeter point
G1 X116.784 Y105.92 ; move to first perimeter point
G1 X116.734 Y105.862 ; move to first perimeter point
G1 X116.677 Y105.808 ; move to first perimeter point
G1 X116.648 Y105.781 ; move to first perimeter point
G1 X116.611 Y105.754 ; move to first perimeter point
G1 X116.545 Y105.71 ; move to first perimeter point
G1 X116.434 Y105.648 ; move to first perimeter point
G1 X113.349 Y104.474 ; move to first perimeter point
G1 X113.279 Y104.445 ; move to first perimeter point
G1 X113.212 Y104.407 ; move to first perimeter point
G1 X113.167 Y104.379 ; move to first perimeter point
G1 X113.152 Y104.368 ; move to first perimeter point
G1 X113.095 Y104.322 ; move to first perimeter point
G1 X113.059 Y104.29 ; move to first perimeter point
G1 X113.035 Y104.264 ; move to first perimeter point
G1 X113.004 Y104.23 ; move to first perimeter point
G1 X112.984 Y104.205 ; move to first perimeter point
G1 X112.935 Y104.133 ; move to first perimeter point
G1 X112.893 Y104.052 ; move to first perimeter point
G1 X112.886 Y104.024 ; move to first perimeter point
G1 X112.879 Y104.007 ; move to first perimeter point
G1 X112.946 Y103.981 ; move to first perimeter point
G1 Z.26 F600 ; move to first perimeter point
G1 E1.5 F1500 ;  ; unretract
G1 F720
G1 X112.98 Y103.74 E1.50383 ; perimeter
G1 X113.061 Y103.593 E1.50647 ; perimeter
G1 X113.317 Y103.413 E1.5114 ; perimeter
G1 X113.686 Y103.414 E1.51721 ; perimeter
G1 X113.878 Y103.53 E1.52074 ; perimeter
G1 X114.016 Y103.742 E1.52472 ; perimeter
G1 X114.038 Y104.077 E1.53 ; perimeter
G1 X113.931 Y104.289 E1.53374 ; perimeter
G1 X113.759 Y104.429 E1.53723 ; perimeter
G1 X113.538 Y104.484 E1.54081 ; perimeter
;WIDTH:0.383798
G1 X113.325 Y104.441 E1.54408 ; perimeter
;WIDTH:0.376055
G1 X113.078 Y104.272 E1.54849 ; perimeter
;WIDTH:0.399999
G1 X112.991 Y104.164 E1.55067 ; perimeter
G1 X112.961 Y104.039 E1.55269 ; perimeter
G1 E.50269 F2100 ; retract
;WIPE_START
G1 F5760
G1 X112.946 Y103.981 E.48194 ; wipe and retract
G1 X112.98 Y103.74 E.39764 ; wipe and retract
G1 X113.061 Y103.593 E.33951 ; wipe and retract
G1 X113.317 Y103.413 E.23112 ; wipe and retract
G1 X113.686 Y103.414 E.10331 ; wipe and retract
G1 X113.811 Y103.49 E.05269 ; wipe and retract
;WIPE_END
G92 E0 ; reset extrusion distance
G1 Z.46 F600 ; move to first perimeter point
G1 X114.022 Y103.173 F7200 ; move to first perimeter point
G1 X113.983 Y103.148 ; move to first perimeter point
G1 X113.872 Y103.086 ; move to first perimeter point
G1 X113.751 Y103.046 ; move to first perimeter point
G1 X113.68 Y103.03 ; move to first perimeter point
G1 X113.628 Y103.02 ; move to first perimeter point
G1 X113.567 Y103.014 ; move to first perimeter point
G1 X113.5 Y103.011 ; move to first perimeter point
G1 X113.433 Y103.014 ; move to first perimeter point
G1 X113.372 Y103.02 ; move to first perimeter point
G1 X113.32 Y103.03 ; move to first perimeter point
G1 X113.249 Y103.046 ; move to first perimeter point
G1 X113.128 Y103.086 ; move to first perimeter point
G1 X113.017 Y103.148 ; move to first perimeter point
G1 X112.951 Y103.191 ; move to first perimeter point
G1 X112.883 Y103.443 ; move to first perimeter point
G1 X112.874 Y103.5 ; move to first perimeter point
G1 X110.039 Y103.55 ; move to first perimeter point
G1 X110.039 Y103.53 ; move to first perimeter point
G1 Z.26 F600 ; move to first perimeter point
G1 E1.5 F1500 ;  ; unretract
;WIDTH:0.367649
G1 F720
G1 X109.822 Y103.51 E1.50314 ; perimeter
;WIDTH:0.399999
G1 X109.626 Y103.411 E1.5066 ; perimeter
G1 X109.491 Y103.226 E1.5102 ; perimeter
G1 X109.449 Y103.004 E1.51376 ; perimeter
G1 X109.48 Y102.802 E1.51698 ; perimeter
G1 X109.565 Y102.65 E1.51972 ; perimeter
G1 X109.83 Y102.473 E1.52474 ; perimeter
G1 X110.186 Y102.476 E1.53034 ; perimeter
G1 X110.405 Y102.625 E1.53451 ; perimeter
G1 X110.516 Y102.804 E1.53782 ; perimeter
G1 X110.538 Y103.139 E1.5431 ; perimeter
G1 X110.396 Y103.383 E1.54754 ; perimeter
G1 X110.255 Y103.482 E1.55025 ; perimeter
;WIDTH:0.379278
G1 X110.097 Y103.517 E1.55266 ; perimeter
G1 E.50266 F2100 ; retract
;WIPE_START
G1 F5760
G1 X110.039 Y103.53 E.48207 ; wipe and retract
G1 X109.822 Y103.51 E.40659 ; wipe and retract
G1 X109.626 Y103.411 E.33054 ; wipe and retract
G1 X109.491 Y103.226 E.25122 ; wipe and retract
G1 X109.449 Y103.004 E.17297 ; wipe and retract
G1 X109.48 Y102.802 E.10219 ; wipe and retract
G1 X109.55 Y102.677 E.05266 ; wipe and retract
;WIPE_END
G92 E0 ; reset extrusion distance
G1 Z.46 F600 ; move to first perimeter point
G1 X109.212 Y102.77 F7200 ; move to first perimeter point
G1 X106.935 Y104.294 ; move to first perimeter point
G1 X106.92 Y104.278 ; move to first perimeter point
G1 Z.26 F600 ; move to first perimeter point
G1 E1.5 F1500 ;  ; unretract
;WIDTH:0.369876
G1 F720
G1 X106.61 Y104.467 E1.50526 ; perimeter
;WIDTH:0.399999
G1 X106.352 Y104.476 E1.50932 ; perimeter
G1 X106.126 Y104.349 E1.5134 ; perimeter
G1 X105.991 Y104.164 E1.517 ; perimeter
G1 X105.946 Y103.981 E1.51997 ; perimeter
G1 X105.98 Y103.74 E1.5238 ; perimeter
G1 X106.115 Y103.544 E1.52755 ; perimeter
G1 X106.341 Y103.41 E1.53168 ; perimeter
G1 X106.589 Y103.394 E1.53559 ; perimeter
G1 X106.855 Y103.507 E1.54014 ; perimeter
G1 X107.016 Y103.742 E1.54462 ; perimeter
G1 X107.038 Y104.077 E1.5499 ; perimeter
G1 X106.951 Y104.226 E1.55262 ; perimeter
G1 E.50262 F2100 ; retract
;WIPE_START
G1 F5760
G1 X106.92 Y104.278 E.48165 ; wipe and retract
G1 X106.61 Y104.467 E.3559 ; wipe and retract
G1 X106.352 Y104.476 E.26649 ; wipe and retract
G1 X106.126 Y104.349 E.1767 ; wipe and retract
G1 X105.991 Y104.164 E.09738 ; wipe and retract
G1 X105.96 Y104.038 E.05262 ; wipe and retract
;WIPE_END
G92 E0 ; reset extrusion distance
G1 Z.46 F600 ; move to first perimeter point
G1 X105.765 Y104.201 F7200 ; move to first perimeter point
G1 X104.477 Y106.638 ; move to first perimeter point
G1 X104.457 Y106.631 ; move to first perimeter point
G1 Z.26 F600 ; move to first perimeter point
G1 E1.5 F1500 ;  ; unretract
;WIDTH:0.359843
G1 F720
G1 X104.354 Y106.835 E1.50322 ; perimeter
;WIDTH:0.393659
G1 X104.195 Y106.989 E1.50665 ; perimeter
;WIDTH:0.399999
G1 X103.975 Y107.055 E1.51026 ; perimeter
G1 X103.752 Y107.024 E1.5138 ; perimeter
G1 X103.564 Y106.911 E1.51725 ; perimeter
G1 X103.429 Y106.726 E1.52085 ; perimeter
G1 X103.384 Y106.543 E1.52382 ; perimeter
G1 X103.418 Y106.302 E1.52765 ; perimeter
G1 X103.532 Y106.122 E1.531 ; perimeter
G1 X103.778 Y105.972 E1.53553 ; perimeter
G1 X104.124 Y105.976 E1.54098 ; perimeter
G1 X104.333 Y106.113 E1.54491 ; perimeter
G1 X104.454 Y106.304 E1.54847 ; perimeter
G1 X104.457 Y106.571 E1.55267 ; perimeter
G1 E.50267 F2100 ; retract
;WIPE_START
G1 F5760
G1 X104.457 Y106.631 E.48189 ; wipe and retract
G1 X104.354 Y106.835 E.40274 ; wipe and retract
G1 X104.195 Y106.989 E.32607 ; wipe and retract
G1 X103.975 Y107.055 E.24652 ; wipe and retract
G1 X103.752 Y107.024 E.16854 ; wipe and retract
G1 X103.564 Y106.911 E.09257 ; wipe and retract
G1 X103.496 Y106.818 E.05267 ; wipe and retract
;WIPE_END
G92 E0 ; reset extrusion distance
G1 Z.46 F600 ; move to first perimeter point
G1 X103.412 Y107.096 F7200 ; move to first perimeter point
G1 X102.313 Y109.379 ; move to first perimeter point
G1 X102.594 Y109.622 ; move to first perimeter point
G1 Z.26 F600 ; move to first perimeter point
G1 E1.5 F1500 ;  ; unretract
G1 F720
G1 X102.841 Y109.472 E1.50455 ; perimeter
G1 X103.186 Y109.476 E1.50998 ; perimeter
G1 X103.377 Y109.593 E1.51351 ; perimeter
;WIDTH:0.397813
G1 X103.502 Y109.806 E1.51737 ; perimeter
;WIDTH:0.371346
G1 X103.52 Y110.131 E1.5221 ; perimeter
;WIDTH:0.399999
G1 X103.431 Y110.351 E1.52583 ; perimeter
G1 X103.259 Y110.491 E1.52932 ; perimeter
G1 X103.004 Y110.552 E1.53345 ; perimeter
G1 X102.815 Y110.524 E1.53646 ; perimeter
G1 X102.626 Y110.411 E1.53993 ; perimeter
G1 X102.491 Y110.226 E1.54353 ; perimeter
G1 X102.448 Y110.087 E1.54582 ; perimeter
G1 X102.48 Y109.802 E1.55033 ; perimeter
G1 X102.562 Y109.673 E1.55274 ; perimeter
G1 E.50274 F2100 ; retract
;WIPE_START
G1 F5760
G1 X102.594 Y109.622 E.48189 ; wipe and retract
G1 X102.841 Y109.472 E.3818 ; wipe and retract
G1 X103.186 Y109.476 E.2623 ; wipe and retract
G1 X103.377 Y109.593 E.18472 ; wipe and retract
G1 X103.502 Y109.806 E.09918 ; wipe and retract
G1 X103.509 Y109.94 E.05274 ; wipe and retract
;WIPE_END
G92 E0 ; reset extrusion distance
G1 Z.46 F600 ; move to first infill point
G1 X103.548 Y109.938 F7200 ; move to first infill point
G1 X103.383 Y107.091 ; move to first infill point
G1 X103.326 Y107.081 ; move to first infill point
G1 X103.242 Y107.059 ; move to first infill point
G1 X103.178 Y107.03 ; move to first infill point
G1 X103.143 Y106.974 ; move to first infill point
G1 X103.116 Y106.93 ; move to first infill point
G1 X103.096 Y106.886 ; move to first infill point
G1 X103.063 Y106.806 ; move to first infill point
G1 X103.048 Y106.759 ; move to first infill point
G1 X103.028 Y106.676 ; move to first infill point
G1 X103.02 Y106.623 ; move to first infill point
G1 X103.012 Y106.529 ; move to first infill point
G1 X103.012 Y106.471 ; move to first infill point
G1 X103.02 Y106.377 ; move to first infill point
G1 X103.028 Y106.324 ; move to first infill point
G1 X103.048 Y106.241 ; move to first infill point
G1 X103.063 Y106.194 ; move to first infill point
G1 X103.096 Y106.114 ; move to first infill point
G1 X103.116 Y106.07 ; move to first infill point
G1 X103.143 Y106.026 ; move to first infill point
G1 X103.178 Y105.97 ; move to first infill point
G1 X103.216 Y105.92 ; move to first infill point
G1 X103.266 Y105.862 ; move to first infill point
G1 X103.323 Y105.808 ; move to first infill point
G1 X103.326 Y105.804 ; move to first infill point
G1 X102.796 Y100.996 ; move to first infill point
G1 X103.133 Y101.426 ; move to first infill point
G1 Z.26 F600 ; move to first infill point
G1 E1.5 F1500 ;  ; unretract
;TYPE:Solid infill
;WIDTH:0.36146
G1 F1800
G1 X102.422 Y102.092 E1.51377 ; infill
G1 X102.995 Y101.555 E1.52487 ; infill
G1 X104.181 Y100.818 F7200 ; move to first infill point
G1 F1800
G1 X104.11 Y100.798 E1.52591 ; infill
G1 X104.129 Y100.87 E1.52696 ; infill
G1 X104.17 Y100.859 E1.52756 ; infill
;WIDTH:0.399999
G1 X103.872 Y101.043 E1.53307 ; infill
G1 X101.038 Y103.877 E1.59615 ; infill
G1 X100.854 Y104.175 E1.60166 ; infill
;WIDTH:0.36146
G1 X100.813 Y104.186 E1.60226 ; infill
G1 X100.794 Y104.115 E1.6033 ; infill
G1 X100.865 Y104.134 E1.60434 ; infill
G1 X100.865 Y104.134 F7200 ; move to first infill point
G1 X100.112 Y105.478 ; move to first infill point
G1 F1800
G1 X100.071 Y105.489 E1.60494 ; infill
G1 X100.052 Y105.418 E1.60598 ; infill
G1 X100.123 Y105.437 E1.60702 ; infill
;WIDTH:0.399999
G1 X100.271 Y105.18 E1.61169 ; infill
G1 X105.171 Y100.28 E1.72075 ; infill
G1 X105.171 Y100.28 F7200 ; move to first infill point
G1 X106.433 Y99.681 ; move to first infill point
;WIDTH:0.36146
G1 F1800
G1 X106.361 Y99.662 E1.7218 ; infill
G1 X106.38 Y99.733 E1.72284 ; infill
G1 X106.422 Y99.722 E1.72345 ; infill
;WIDTH:0.399999
G1 X106.127 Y99.859 E1.72857 ; infill
G1 X99.855 Y106.131 E1.86816 ; infill
G1 X99.728 Y106.388 E1.87267 ; infill
;WIDTH:0.36146
G1 X99.657 Y106.369 E1.87371 ; infill
G1 X99.676 Y106.44 E1.87475 ; infill
G1 X99.717 Y106.429 E1.87535 ; infill
;WIDTH:0.399999
G1 X99.593 Y106.928 E1.88344 ; infill
G1 X106.937 Y99.584 E2.04689 ; infill
G1 X107.653 Y99.404 E2.05851 ; infill
G1 X99.397 Y107.66 E2.24226 ; infill
G1 X99.277 Y108.315 E2.25274 ; infill
G1 X108.311 Y99.281 E2.45381 ; infill
G1 X108.927 Y99.2 E2.46359 ; infill
G1 X99.199 Y108.928 E2.6801 ; infill
G1 X99.119 Y109.184 E2.68432 ; infill
;WIDTH:0.36146
G1 X99.048 Y109.165 E2.68536 ; infill
G1 X99.067 Y109.237 E2.68641 ; infill
G1 X99.108 Y109.226 E2.68701 ; infill
;WIDTH:0.399999
G1 X99.162 Y109.501 E2.69142 ; infill
G1 X102.36 Y106.303 E2.7626 ; infill
G1 X102.531 Y106.065 E2.76721 ; infill
;WIDTH:0.36146
G1 X102.49 Y106.076 E2.76781 ; infill
G1 X102.471 Y106.005 E2.76885 ; infill
G1 X102.542 Y106.024 E2.76989 ; infill
G1 X102.542 Y106.024 F7200 ; move to first infill point
G1 X102.382 Y106.816 ; move to first infill point
;WIDTH:0.399999
G1 F1800
G1 X99.147 Y110.051 E2.84189 ; infill
G1 X99.158 Y110.575 E2.85014 ; infill
G1 X102.517 Y107.216 E2.9249 ; infill
G1 X102.732 Y107.536 E2.93097 ; infill
G1 X99.2 Y111.069 E3.00959 ; infill
G1 E1.50959 F2100 ; retract
G92 E0 ; reset extrusion distance
G1 X99.2 Y111.069 Z.46 F7200 ; move to first infill point
G1 X101.585 Y109.284 ; move to first infill point
G1 Z.26 F600 ; move to first infill point
G1 E1.5 F1500 ;  ; unretract
;WIDTH:0.397108
G1 F1800
G1 X101.526 Y109.39 E1.50189 ; infill
;WIDTH:0.399999
G1 X101.425 Y109.776 E1.50817 ; infill
G1 X101.436 Y110.312 E1.51661 ; infill
G1 X101.497 Y110.536 E1.52026 ; infill
G1 X101.705 Y110.925 E1.5272 ; infill
G1 X102.015 Y111.256 E1.53434 ; infill
G1 X102.474 Y111.506 E1.54257 ; infill
G1 X102.966 Y111.583 E1.55041 ; infill
G1 X103.118 Y112.146 E1.55959 ; infill
G1 X102.779 Y112.408 E1.56633 ; infill
G1 X102.6 Y112.63 E1.57082 ; infill
G1 X102.402 Y113.072 E1.57844 ; infill
G1 X102.363 Y113.754 E1.58919 ; infill
G1 X102.544 Y114.284 E1.598 ; infill
G1 X102.87 Y114.686 E1.60615 ; infill
G1 X103.192 Y114.898 E1.61222 ; infill
G1 X103.621 Y115.063 E1.61945 ; infill
G1 X104.094 Y115.089 E1.62691 ; infill
G1 X104.328 Y115.042 E1.63067 ; infill
G1 X104.702 Y114.888 E1.63704 ; infill
G1 X105.111 Y115.294 E1.64611 ; infill
G1 X104.963 Y115.644 E1.65209 ; infill
G1 X104.91 Y116.2 E1.66088 ; infill
G1 X105.041 Y116.71 E1.66917 ; infill
G1 X105.325 Y117.137 E1.67724 ; infill
G1 X105.591 Y117.375 E1.68286 ; infill
G1 X105.917 Y117.548 E1.68867 ; infill
G1 X106.288 Y117.641 E1.69469 ; infill
G1 X106.827 Y117.626 E1.70318 ; infill
G1 X107.298 Y117.447 E1.71111 ; infill
G1 X107.696 Y117.115 E1.71927 ; infill
G1 X107.862 Y116.878 E1.72382 ; infill
G1 X108.413 Y117.024 E1.73279 ; infill
G1 X108.425 Y117.275 E1.73674 ; infill
G1 X108.598 Y117.762 E1.74487 ; infill
G1 X108.923 Y118.179 E1.75319 ; infill
G1 X109.385 Y118.47 E1.76178 ; infill
G1 X109.787 Y118.577 E1.76833 ; infill
G1 X110.327 Y118.56 E1.77683 ; infill
G1 X110.511 Y118.494 E1.77991 ; infill
G1 X108.363 Y120.642 E1.82772 ; infill
G1 X108.354 Y120.729 E1.8291 ; infill
G1 X107.661 Y120.603 E1.84019 ; infill
G1 X106.727 Y120.353 E1.85541 ; infill
G1 X106.12 Y120.141 E1.86553 ; infill
G1 X105.631 Y119.941 E1.87384 ; infill
G1 X104.984 Y119.63 E1.88514 ; infill
G1 X103.771 Y118.893 E1.90748 ; infill
G1 X103.012 Y118.311 E1.92253 ; infill
G1 X102.16 Y117.512 E1.94091 ; infill
G1 X101.527 Y116.79 E1.95602 ; infill
G1 X101.14 Y116.276 E1.96615 ; infill
G1 X100.848 Y115.844 E1.97436 ; infill
G1 X100.366 Y115.008 E1.98955 ; infill
G1 X100.06 Y114.371 E2.00067 ; infill
G1 X99.572 Y113.027 E2.02317 ; infill
G1 X99.411 Y112.333 E2.03438 ; infill
G1 X99.252 Y111.471 E2.04817 ; infill
G1 X99.333 Y111.471 E2.04944 ; infill
G1 X101.677 Y109.118 E2.10171 ; infill
;WIDTH:0.382756
G1 X101.691 Y109.1 E2.10205 ; infill
;WIDTH:0.381732
G1 X101.872 Y108.916 E2.10592 ; infill
;WIDTH:0.399999
G1 X103.012 Y107.792 E2.13112 ; infill
G1 X103.009 Y108.392 E2.14056 ; infill
;WIDTH:0.435458
G1 X102.972 Y108.356 E2.14145 ; infill
G1 X102.922 Y108.369 E2.14234 ; infill
G1 X102.909 Y108.419 E2.14323 ; infill
G1 X102.946 Y108.455 E2.14412 ; infill
G1 X102.996 Y108.442 E2.14501 ; infill
G1 E.64501 F2100 ; retract
G92 E0 ; reset extrusion distance
G1 X102.996 Y108.442 Z.46 F7200 ; move to first infill point
G1 X101.056 Y110.283 ; move to first infill point
G1 Z.26 F600 ; move to first infill point
G1 E1.5 F1500 ;  ; unretract
;WIDTH:0.399999
G1 F1800
G1 X99.662 Y111.678 E1.53104 ; infill
G1 X99.936 Y112.919 E1.55104 ; infill
G1 X100.41 Y114.224 E1.57289 ; infill
G1 X100.701 Y114.831 E1.58348 ; infill
G1 X101.169 Y115.643 E1.59823 ; infill
G1 X101.461 Y116.073 E1.60641 ; infill
G1 X101.821 Y116.551 E1.61583 ; infill
G1 X102.432 Y117.248 E1.63042 ; infill
G1 X103.258 Y118.022 E1.64823 ; infill
G1 X103.985 Y118.58 E1.66265 ; infill
G1 X105.164 Y119.297 E1.68437 ; infill
G1 X105.785 Y119.595 E1.69521 ; infill
G1 X106.254 Y119.787 E1.70319 ; infill
G1 X106.839 Y119.991 E1.71294 ; infill
G1 X107.746 Y120.234 E1.72772 ; infill
G1 X108.156 Y120.314 E1.73429 ; infill
G1 X109.559 Y118.911 E1.76552 ; infill
G1 X109.189 Y118.794 E1.77163 ; infill
G1 X108.635 Y118.424 E1.78211 ; infill
G1 X108.289 Y117.991 E1.79083 ; infill
G1 X108.028 Y117.314 E1.80225 ; infill
G1 X107.575 Y117.713 E1.81175 ; infill
G1 X107.179 Y117.899 E1.81864 ; infill
G1 X106.795 Y118.01 E1.82493 ; infill
G1 X106.295 Y118.019 E1.8328 ; infill
G1 X105.801 Y117.91 E1.84076 ; infill
G1 X105.344 Y117.661 E1.84895 ; infill
G1 X105.014 Y117.353 E1.85605 ; infill
G1 X104.711 Y116.904 E1.86457 ; infill
G1 X104.552 Y116.362 E1.87346 ; infill
G1 X104.558 Y115.729 E1.88342 ; infill
G1 X104.621 Y115.341 E1.88961 ; infill
G1 X104.23 Y115.453 E1.89601 ; infill
G1 X103.656 Y115.45 E1.90504 ; infill
G1 X103.19 Y115.323 E1.91264 ; infill
G1 X102.717 Y115.049 E1.92124 ; infill
G1 X102.269 Y114.549 E1.93181 ; infill
G1 X102.121 Y114.223 E1.93744 ; infill
G1 X101.981 Y113.78 E1.94475 ; infill
G1 X102.024 Y113.042 E1.95638 ; infill
G1 X102.176 Y112.634 E1.96323 ; infill
G1 X102.425 Y112.23 E1.9707 ; infill
G1 X102.677 Y111.963 E1.97648 ; infill
G1 X102.628 Y111.921 E1.9775 ; infill
G1 X102.293 Y111.839 E1.98293 ; infill
G1 X101.834 Y111.589 E1.99116 ; infill
G1 X101.453 Y111.218 E1.99953 ; infill
G1 X101.18 Y110.752 E2.00803 ; infill
G1 X101.098 Y110.467 E2.0127 ; infill
G1 X100.881 Y110.994 E2.02167 ; infill
G1 X100.066 Y111.809 E2.03981 ; infill
G1 X100.299 Y112.811 E2.056 ; infill
G1 X100.759 Y114.077 E2.0772 ; infill
G1 X101.036 Y114.654 E2.08727 ; infill
G1 X101.491 Y115.442 E2.10159 ; infill
G1 X101.908 Y116.038 E2.11304 ; infill
G1 X102.428 Y116.669 E2.12591 ; infill
G1 X102.885 Y117.154 E2.1364 ; infill
G1 X103.503 Y117.733 E2.14973 ; infill
G1 X104.199 Y118.267 E2.16354 ; infill
G1 X105.345 Y118.964 E2.18465 ; infill
G1 X105.938 Y119.249 E2.195 ; infill
G1 X106.402 Y119.438 E2.20288 ; infill
G1 X106.95 Y119.629 E2.21201 ; infill
G1 X108.031 Y119.904 E2.22956 ; infill
G1 X108.883 Y119.051 E2.24853 ; infill
G1 X108.577 Y118.865 E2.25417 ; infill
G1 X108.202 Y118.492 E2.26249 ; infill
G1 X107.966 Y118.187 E2.26856 ; infill
G1 X107.865 Y117.963 E2.27243 ; infill
G1 X107.542 Y118.166 E2.27843 ; infill
G1 X106.997 Y118.364 E2.28756 ; infill
G1 X106.303 Y118.398 E2.2985 ; infill
G1 X105.768 Y118.296 E2.30707 ; infill
G1 X105.284 Y118.074 E2.31545 ; infill
G1 X104.862 Y117.745 E2.32387 ; infill
G1 X104.447 Y117.2 E2.33465 ; infill
G1 X104.311 Y116.912 E2.33966 ; infill
G1 X104.175 Y116.417 E2.34774 ; infill
G1 X104.173 Y115.835 E2.3569 ; infill
G1 X103.641 Y115.828 E2.36527 ; infill
G1 X103.075 Y115.683 E2.37447 ; infill
G1 X102.518 Y115.371 E2.38452 ; infill
G1 X102.284 Y115.165 E2.38943 ; infill
G1 X101.889 Y114.663 E2.39948 ; infill
G1 X101.645 Y113.995 E2.41067 ; infill
G1 X101.599 Y113.619 E2.41663 ; infill
G1 X101.647 Y113.011 E2.42623 ; infill
G1 X101.734 Y112.684 E2.43156 ; infill
G1 X102.03 Y112.127 E2.44149 ; infill
G1 X101.529 Y111.84 E2.45058 ; infill
G1 X101.174 Y111.473 E2.45862 ; infill
G1 X100.979 Y111.156 E2.46448 ; infill
G1 X100.806 Y111.604 E2.47204 ; infill
G1 X100.482 Y111.928 E2.47925 ; infill
G1 X100.663 Y112.703 E2.49178 ; infill
G1 X100.995 Y113.619 E2.50711 ; infill
;WIDTH:0.440147
G1 X101.122 Y113.874 E2.51207 ; infill
;WIDTH:0.480294
G1 X101.248 Y114.129 E2.5175 ; infill
G1 X101.235 Y113.859 E2.52266 ; infill
;WIDTH:0.440147
G1 X101.221 Y113.589 E2.52737 ; infill
;WIDTH:0.399999
G1 X101.27 Y112.981 E2.53697 ; infill
G1 X101.391 Y112.523 E2.54443 ; infill
G1 X101.509 Y112.274 E2.54877 ; infill
G1 X101.129 Y111.985 E2.55628 ; infill
G1 X100.928 Y111.749 E2.56116 ; infill
G1 X101.055 Y112.401 E2.57161 ; infill
;WIDTH:0.438656
G1 X101.018 Y112.364 E2.57252 ; infill
G1 X100.967 Y112.378 E2.57344 ; infill
G1 X100.954 Y112.428 E2.57434 ; infill
G1 X100.991 Y112.465 E2.57525 ; infill
G1 X101.041 Y112.451 E2.57615 ; infill
G1 X101.041 Y112.451 F7200 ; move to first infill point
G1 X101.248 Y114.129 ; move to first infill point
;WIDTH:0.480294
G1 F1800
G1 X101.349 Y114.37 E2.58113 ; infill
;WIDTH:0.442074
G1 X101.451 Y114.612 E2.58572 ; infill
;WIDTH:0.43519
G1 X101.827 Y115.232 E2.59819 ; infill
;WIDTH:0.471818
G1 X102.036 Y115.51 E2.6047 ; infill
G1 X102.19 Y115.62 E2.60824 ; infill
;WIDTH:0.446072
G1 X102.665 Y115.908 E2.61805 ; infill
;WIDTH:0.399999
G1 X103.274 Y116.144 E2.62833 ; infill
G1 X103.778 Y116.213 E2.63634 ; infill
G1 X103.806 Y116.5 E2.64088 ; infill
G1 X103.946 Y117.013 E2.64925 ; infill
G1 X104.136 Y117.416 E2.65626 ; infill
;WIDTH:0.440694
G1 X104.594 Y118.041 E2.66977 ; infill
G1 X104.417 Y117.945 E2.67328 ; infill
;WIDTH:0.420534
G1 X103.947 Y117.597 E2.68298 ; infill
;WIDTH:0.399999
G1 X103.546 Y117.255 E2.69127 ; infill
G1 X102.93 Y116.668 E2.70466 ; infill
G1 X102.405 Y116.069 E2.7172 ; infill
;WIDTH:0.435909
G1 X102.221 Y115.79 E2.72296 ; infill
;WIDTH:0.471818
G1 X102.036 Y115.51 E2.72924 ; infill
G1 X102.036 Y115.51 F7200 ; move to first infill point
G1 X103.467 Y116.573 ; move to first infill point
;WIDTH:0.440854
G1 F1800
G1 X103.43 Y116.536 E2.73015 ; infill
G1 X103.38 Y116.55 E2.73106 ; infill
G1 X103.366 Y116.6 E2.73197 ; infill
G1 X103.403 Y116.637 E2.73288 ; infill
G1 X103.454 Y116.624 E2.7338 ; infill
G1 X103.454 Y116.624 F7200 ; move to first infill point
G1 X104.594 Y118.041 ; move to first infill point
;WIDTH:0.440694
G1 F1800
G1 X104.814 Y118.196 E2.73849 ; infill
;WIDTH:0.404854
G1 X105.035 Y118.351 E2.74279 ; infill
;WIDTH:0.412804
G1 X105.519 Y118.619 E2.75179 ; infill
;WIDTH:0.43587
G1 X105.669 Y118.68 E2.75458 ; infill
G1 X105.857 Y118.708 E2.75785 ; infill
;WIDTH:0.425385
G1 X106.31 Y118.776 E2.76554 ; infill
;WIDTH:0.399999
G1 X106.81 Y118.766 E2.77341 ; infill
G1 X107.255 Y118.68 E2.78054 ; infill
G1 X107.724 Y118.499 E2.78845 ; infill
G1 X107.908 Y118.731 E2.79311 ; infill
G1 X108.288 Y119.111 E2.80157 ; infill
G1 X107.906 Y119.493 E2.81007 ; infill
G1 X107.288 Y119.328 E2.82014 ; infill
G1 X106.747 Y119.157 E2.82907 ; infill
G1 X106.272 Y118.976 E2.83707 ; infill
;WIDTH:0.43587
G1 X105.669 Y118.68 E2.84864 ; infill
G1 X105.669 Y118.68 F7200 ; move to first infill point
G1 X107.631 Y119.026 ; move to first infill point
;WIDTH:0.457348
G1 F1800
G1 X107.578 Y119.04 E2.84963 ; infill
G1 X107.54 Y119.002 E2.8506 ; infill
G1 X107.554 Y118.949 E2.85159 ; infill
G1 X107.607 Y118.935 E2.85258 ; infill
G1 X107.645 Y118.974 E2.85357 ; infill
G1 E1.35357 F2100 ; retract
G92 E0 ; reset extrusion distance
G1 X107.645 Y118.974 Z.46 F7200 ; move to first infill point
G1 X111.513 Y117.492 ; move to first infill point
G1 Z.26 F600 ; move to first infill point
G1 E1.5 F1500 ;  ; unretract
;WIDTH:0.399999
G1 F1800
G1 X112.113 Y116.892 E1.51335 ; infill
G1 X112.113 Y116.892 F7200 ; move to first infill point
G1 X111.322 Y117.76 ; move to first infill point
;WIDTH:0.36146
G1 F1800
G1 X110.852 Y118.261 E1.52306 ; infill
G1 X110.852 Y118.261 F7200 ; move to first infill point
G1 X112.365 Y117.176 ; move to first infill point
;WIDTH:0.399999
G1 F1800
G1 X108.756 Y120.785 E1.60338 ; infill
G1 X109.254 Y120.822 E1.61124 ; infill
G1 X112.664 Y117.413 E1.68712 ; infill
G1 X113.029 Y117.583 E1.69346 ; infill
G1 X109.757 Y120.855 E1.76628 ; infill
G1 X110.303 Y120.843 E1.77487 ; infill
G1 X113.501 Y117.646 E1.84604 ; infill
G1 E.34604 F2100 ; retract
G92 E0 ; reset extrusion distance
G1 X113.501 Y117.646 Z.46 F7200 ; move to first infill point
G1 X115.291 Y114.84 ; move to first infill point
G1 Z.26 F600 ; move to first infill point
G1 E1.5 F1500 ;  ; unretract
;WIDTH:0.36146
G1 F1800
G1 X114.838 Y115.291 E1.50904 ; infill
;WIDTH:0.399999
G1 X115.015 Y115.596 E1.51459 ; infill
G1 X115.591 Y115.021 E1.5274 ; infill
G1 X116.055 Y115.092 E1.53479 ; infill
G1 X115.086 Y116.061 E1.55636 ; infill
G1 E.05636 F2100 ; retract
G92 E0 ; reset extrusion distance
G1 X115.086 Y116.061 Z.46 F7200 ; move to first infill point
G1 X114.426 Y116.061 ; move to first infill point
G1 X113.94 Y114.98 ; move to first infill point
G1 X111.962 Y116.222 ; move to first infill point
G1 X111.949 Y116.229 ; move to first infill point
G1 X111.83 Y116.28 ; move to first infill point
G1 X111.693 Y116.318 ; move to first infill point
G1 X111.555 Y116.354 ; move to first infill point
G1 X111.541 Y116.357 ; move to first infill point
G1 X111.412 Y116.369 ; move to first infill point
G1 X108.573 Y116.369 ; move to first infill point
G1 X108.445 Y116.354 ; move to first infill point
G1 X108.307 Y116.318 ; move to first infill point
G1 X108.17 Y116.28 ; move to first infill point
G1 X108.156 Y116.276 ; move to first infill point
G1 X108.038 Y116.222 ; move to first infill point
G1 X105.58 Y114.803 ; move to first infill point
G1 X105.477 Y114.725 ; move to first infill point
G1 X105.375 Y114.625 ; move to first infill point
G1 X105.275 Y114.523 ; move to first infill point
G1 X105.265 Y114.513 ; move to first infill point
G1 X105.19 Y114.407 ; move to first infill point
G1 X103.77 Y111.949 ; move to first infill point
G1 X103.72 Y111.83 ; move to first infill point
G1 X103.682 Y111.693 ; move to first infill point
G1 X103.646 Y111.555 ; move to first infill point
G1 X103.643 Y111.541 ; move to first infill point
G1 X103.631 Y111.412 ; move to first infill point
G1 X103.631 Y108.573 ; move to first infill point
G1 X103.646 Y108.445 ; move to first infill point
G1 X103.682 Y108.307 ; move to first infill point
G1 X103.72 Y108.17 ; move to first infill point
G1 X103.724 Y108.156 ; move to first infill point
G1 X103.778 Y108.038 ; move to first infill point
G1 X103.786 Y108.026 ; move to first infill point
G1 X104.886 Y106.431 ; move to first infill point
G1 X104.246 Y105.794 ; move to first infill point
G1 X104.062 Y105.612 ; move to first infill point
G1 X104.005 Y105.577 ; move to first infill point
G1 X103.938 Y105.573 ; move to first infill point
G1 X103.871 Y105.577 ; move to first infill point
G1 X103.81 Y105.582 ; move to first infill point
G1 X103.758 Y105.592 ; move to first infill point
G1 X103.687 Y105.608 ; move to first infill point
G1 X103.657 Y105.618 ; move to first infill point
G1 X103.488 Y105.11 ; move to first infill point
G1 Z.26 F600 ; move to first infill point
G1 E1.5 F1500 ;  ; unretract
;WIDTH:0.36146
G1 F1800
G1 X103.447 Y105.121 E1.5006 ; infill
G1 X103.428 Y105.05 E1.50164 ; infill
G1 X103.499 Y105.069 E1.50268 ; infill
;WIDTH:0.399999
G1 X103.725 Y104.937 E1.5068 ; infill
G1 X104.923 Y103.74 E1.53345 ; infill
G1 X105.104 Y103.502 E1.53816 ; infill
;WIDTH:0.36146
G1 X105.063 Y103.513 E1.53876 ; infill
G1 X105.044 Y103.442 E1.5398 ; infill
G1 X105.115 Y103.461 E1.54084 ; infill
G1 X105.115 Y103.461 F7200 ; move to first infill point
G1 X104.943 Y104.255 ; move to first infill point
;WIDTH:0.399999
G1 F1800
G1 X104.255 Y104.943 E1.55615 ; infill
G1 X104.648 Y105.085 E1.56273 ; infill
G1 X105.085 Y104.649 E1.57245 ; infill
G1 E.07245 F2100 ; retract
G92 E0 ; reset extrusion distance
G1 X105.085 Y104.649 Z.46 F7200 ; move to first infill point
G1 X106.055 Y102.553 ; move to first infill point
G1 Z.26 F600 ; move to first infill point
G1 E1.5 F1500 ;  ; unretract
;WIDTH:0.36146
G1 F1800
G1 X106.014 Y102.564 E1.5006 ; infill
G1 X105.995 Y102.493 E1.50164 ; infill
G1 X106.066 Y102.512 E1.50268 ; infill
;WIDTH:0.399999
G1 X106.292 Y102.37 E1.50688 ; infill
G1 X109.51 Y99.153 E1.57849 ; infill
G1 X110.052 Y99.146 E1.58702 ; infill
G1 X106.812 Y102.386 E1.65913 ; infill
G1 X107.213 Y102.521 E1.66579 ; infill
G1 X110.566 Y99.167 E1.74043 ; infill
G1 X111.07 Y99.199 E1.74838 ; infill
G1 X107.543 Y102.725 E1.82687 ; infill
G1 E.32687 F2100 ; retract
G92 E0 ; reset extrusion distance
G1 X107.543 Y102.725 Z.46 F7200 ; move to first infill point
G1 X111.471 Y99.247 ; move to first infill point
G1 Z.26 F600 ; move to first infill point
G1 E1.5 F1500 ;  ; unretract
G1 F1800
G1 X111.471 Y99.333 E1.50135 ; infill
G1 X109.124 Y101.677 E1.55355 ; infill
G1 X109.53 Y101.475 E1.56069 ; infill
G1 X109.729 Y101.438 E1.56388 ; infill
G1 X110.324 Y101.44 E1.57324 ; infill
G1 X110.601 Y101.523 E1.57779 ; infill
G1 X111.034 Y101.784 E1.58575 ; infill
G1 X111.434 Y102.302 E1.59605 ; infill
G1 X111.549 Y102.675 E1.60219 ; infill
G1 X111.567 Y102.97 E1.60684 ; infill
G1 X112.133 Y103.124 E1.61607 ; infill
G1 X112.329 Y102.875 E1.62106 ; infill
G1 X112.727 Y102.543 E1.62922 ; infill
G1 X113.239 Y102.378 E1.63769 ; infill
G1 X113.747 Y102.362 E1.64569 ; infill
G1 X113.983 Y102.417 E1.6495 ; infill
G1 X114.475 Y102.674 E1.65824 ; infill
G1 X114.822 Y103.046 E1.66625 ; infill
G1 X115.038 Y103.547 E1.67484 ; infill
G1 X115.086 Y104.105 E1.68365 ; infill
G1 X114.993 Y104.487 E1.68984 ; infill
G1 X114.877 Y104.694 E1.69357 ; infill
G1 X115.305 Y105.12 E1.70307 ; infill
G1 X115.715 Y104.949 E1.71006 ; infill
G1 X116.309 Y104.927 E1.71941 ; infill
G1 X116.736 Y105.057 E1.72643 ; infill
G1 X117.069 Y105.261 E1.73258 ; infill
G1 X117.423 Y105.667 E1.74106 ; infill
G1 X117.567 Y105.979 E1.74647 ; infill
G1 X117.653 Y106.517 E1.75504 ; infill
G1 X117.587 Y106.967 E1.7622 ; infill
G1 X117.355 Y107.422 E1.77024 ; infill
G1 X117.077 Y107.727 E1.77673 ; infill
G1 X116.883 Y107.858 E1.78041 ; infill
G1 X117.035 Y108.423 E1.78962 ; infill
G1 X117.337 Y108.442 E1.79438 ; infill
G1 X117.624 Y108.537 E1.79914 ; infill
G1 X118.057 Y108.803 E1.80714 ; infill
G1 X118.337 Y109.133 E1.81395 ; infill
G1 X118.518 Y109.526 E1.82076 ; infill
G1 X118.591 Y110.027 E1.82873 ; infill
G1 X118.548 Y110.387 E1.83444 ; infill
G1 X118.495 Y110.511 E1.83656 ; infill
G1 X120.644 Y108.361 E1.8844 ; infill
G1 X120.725 Y108.361 E1.88567 ; infill
G1 X120.427 Y106.972 E1.90803 ; infill
G1 X120.12 Y106.065 E1.9231 ; infill
G1 X119.736 Y105.193 E1.9381 ; infill
G1 X119.161 Y104.171 E1.95655 ; infill
G1 X118.475 Y103.212 E1.97511 ; infill
G1 X117.835 Y102.482 E1.99039 ; infill
G1 X117.116 Y101.799 E2.006 ; infill
G1 X116.227 Y101.104 E2.02376 ; infill
G1 X115.379 Y100.568 E2.03955 ; infill
G1 X114.373 Y100.061 E2.05728 ; infill
G1 X113.88 Y99.859 E2.06566 ; infill
G1 X113.273 Y99.647 E2.07578 ; infill
G1 X112.339 Y99.397 E2.091 ; infill
G1 X111.659 Y99.273 E2.10188 ; infill
G1 X111.681 Y99.659 E2.10796 ; infill
G1 X110.278 Y101.061 E2.13917 ; infill
G1 X110.673 Y101.144 E2.14552 ; infill
G1 X111.229 Y101.46 E2.15558 ; infill
G1 X111.487 Y101.736 E2.16153 ; infill
G1 X111.772 Y102.128 E2.16916 ; infill
G1 X111.926 Y102.651 E2.17774 ; infill
G1 X111.972 Y102.688 E2.17867 ; infill
G1 X112.484 Y102.253 E2.18924 ; infill
G1 X112.727 Y102.132 E2.19351 ; infill
G1 X113.28 Y101.992 E2.20249 ; infill
G1 X113.786 Y101.986 E2.21045 ; infill
G1 X114.158 Y102.082 E2.2165 ; infill
G1 X114.65 Y102.338 E2.22523 ; infill
G1 X114.941 Y102.61 E2.2315 ; infill
G1 X115.202 Y102.948 E2.23822 ; infill
G1 X115.415 Y103.513 E2.24772 ; infill
G1 X115.463 Y104.073 E2.25657 ; infill
G1 X115.357 Y104.602 E2.26506 ; infill
G1 X115.386 Y104.667 E2.26618 ; infill
G1 X115.701 Y104.571 E2.27136 ; infill
G1 X116.295 Y104.549 E2.28071 ; infill
G1 X116.815 Y104.68 E2.28915 ; infill
G1 X117.324 Y104.98 E2.29845 ; infill
G1 X117.708 Y105.418 E2.30762 ; infill
G1 X117.916 Y105.82 E2.31474 ; infill
G1 X118.026 Y106.458 E2.32493 ; infill
G1 X117.975 Y106.975 E2.33311 ; infill
G1 X117.777 Y107.476 E2.34159 ; infill
G1 X117.327 Y108.054 E2.35312 ; infill
G1 X117.794 Y108.198 E2.36081 ; infill
G1 X118.116 Y108.371 E2.36656 ; infill
G1 X118.385 Y108.594 E2.37206 ; infill
G1 X118.678 Y108.967 E2.37952 ; infill
G1 X118.893 Y109.472 E2.38816 ; infill
G1 X118.906 Y109.564 E2.38962 ; infill
G1 X120.314 Y108.156 E2.42096 ; infill
G1 X120.063 Y107.076 E2.43841 ; infill
G1 X119.766 Y106.202 E2.45294 ; infill
G1 X119.397 Y105.363 E2.46736 ; infill
G1 X118.841 Y104.374 E2.48522 ; infill
G1 X118.178 Y103.447 E2.50316 ; infill
G1 X117.562 Y102.745 E2.51786 ; infill
G1 X116.868 Y102.086 E2.53292 ; infill
G1 X116.009 Y101.414 E2.55008 ; infill
G1 X115.192 Y100.898 E2.56529 ; infill
G1 X114.216 Y100.405 E2.5825 ; infill
G1 X113.746 Y100.213 E2.59049 ; infill
G1 X113.161 Y100.009 E2.60024 ; infill
G1 X112.254 Y99.766 E2.61502 ; infill
G1 X111.867 Y99.69 E2.62123 ; infill
G1 X111.81 Y100.065 E2.6272 ; infill
G1 X110.997 Y100.878 E2.64529 ; infill
G1 X111.581 Y101.253 E2.65621 ; infill
G1 X112.043 Y101.853 E2.66813 ; infill
G1 X112.144 Y102.043 E2.67152 ; infill
G1 X112.322 Y101.902 E2.67509 ; infill
G1 X112.622 Y101.769 E2.68025 ; infill
G1 X113.272 Y101.614 E2.69077 ; infill
G1 X113.825 Y101.609 E2.69947 ; infill
G1 X114.321 Y101.74 E2.70754 ; infill
G1 X114.825 Y102.002 E2.71648 ; infill
G1 X115.094 Y102.213 E2.72186 ; infill
G1 X115.388 Y102.543 E2.72882 ; infill
G1 X115.667 Y103.071 E2.73822 ; infill
G1 X115.792 Y103.484 E2.74501 ; infill
G1 X115.84 Y104.04 E2.75379 ; infill
G1 X115.828 Y104.187 E2.75611 ; infill
G1 X116.449 Y104.179 E2.76588 ; infill
G1 X116.93 Y104.32 E2.77377 ; infill
G1 X117.4 Y104.566 E2.78212 ; infill
G1 X117.639 Y104.763 E2.78699 ; infill
G1 X117.994 Y105.17 E2.79549 ; infill
G1 X118.24 Y105.613 E2.80346 ; infill
G1 X118.315 Y105.86 E2.80752 ; infill
G1 X118.4 Y106.398 E2.81609 ; infill
G1 X118.401 Y106.688 E2.82065 ; infill
G1 X118.28 Y107.272 E2.83004 ; infill
G1 X118.098 Y107.681 E2.83709 ; infill
G1 X117.972 Y107.864 E2.84059 ; infill
G1 X118.346 Y108.071 E2.84732 ; infill
G1 X118.674 Y108.35 E2.8541 ; infill
G1 X119.018 Y108.802 E2.86304 ; infill
G1 X119.056 Y108.879 E2.86439 ; infill
G1 X119.898 Y108.037 E2.88313 ; infill
G1 X119.699 Y107.18 E2.89698 ; infill
G1 X119.413 Y106.339 E2.91096 ; infill
G1 X119.058 Y105.532 E2.92483 ; infill
G1 X118.521 Y104.578 E2.94206 ; infill
G1 X117.881 Y103.683 E2.95938 ; infill
G1 X117.289 Y103.007 E2.97352 ; infill
G1 X116.621 Y102.373 E2.98801 ; infill
G1 X115.79 Y101.724 E3.0046 ; infill
G1 X115.005 Y101.227 E3.01922 ; infill
G1 X114.058 Y100.75 E3.03591 ; infill
G1 X113.447 Y100.51 E3.04624 ; infill
G1 X112.606 Y100.252 E3.06008 ; infill
G1 X111.994 Y100.108 E3.06997 ; infill
G1 X111.935 Y100.475 E3.07582 ; infill
G1 X111.619 Y100.811 E3.08308 ; infill
G1 X111.838 Y100.976 E3.0874 ; infill
G1 X112.265 Y101.516 E3.09823 ; infill
G1 X112.922 Y101.287 E3.10918 ; infill
G1 X113.424 Y101.232 E3.11713 ; infill
;WIDTH:0.407711
G1 X113.998 Y101.249 E3.12635 ; infill
;WIDTH:0.428654
G1 X114.282 Y101.303 E3.13124 ; infill
G1 X113.737 Y101.027 E3.14158 ; infill
;WIDTH:0.399999
G1 X112.948 Y100.736 E3.15481 ; infill
G1 X112.119 Y100.52 E3.16829 ; infill
G1 X112.455 Y100.998 E3.17749 ; infill
;WIDTH:0.46092
G1 X112.416 Y100.96 E3.17848 ; infill
G1 X112.363 Y100.974 E3.17948 ; infill
G1 X112.349 Y101.027 E3.18048 ; infill
G1 X112.388 Y101.066 E3.18149 ; infill
G1 X112.441 Y101.051 E3.1825 ; infill
G1 X112.441 Y101.051 F7200 ; move to first infill point
G1 X114.282 Y101.303 ; move to first infill point
;WIDTH:0.428654
G1 F1800
G1 X114.815 Y101.563 E3.19254 ; infill
;WIDTH:0.443696
G1 X115.553 Y102.049 E3.20805 ; infill
;WIDTH:0.425133
G1 X115.769 Y102.187 E3.21235 ; infill
;WIDTH:0.399999
G1 X116.476 Y102.757 E3.22664 ; infill
G1 X117.066 Y103.328 E3.23956 ; infill
G1 X117.588 Y103.924 E3.25203 ; infill
;WIDTH:0.442234
G1 X117.736 Y104.167 E3.25701 ; infill
;WIDTH:0.484468
G1 X117.884 Y104.41 E3.26249 ; infill
G1 X117.594 Y104.242 E3.26894 ; infill
;WIDTH:0.442234
G1 X117.305 Y104.074 E3.27479 ; infill
;WIDTH:0.399999
G1 X116.674 Y103.841 E3.28538 ; infill
G1 X116.199 Y103.795 E3.29289 ; infill
G1 X116.169 Y103.452 E3.29831 ; infill
G1 X116.067 Y103.042 E3.30496 ; infill
G1 X115.898 Y102.649 E3.31169 ; infill
;WIDTH:0.443696
G1 X115.394 Y101.947 E3.32686 ; infill
G1 X115.394 Y101.947 F7200 ; move to first infill point
G1 X116.623 Y103.392 ; move to first infill point
;WIDTH:0.451816
G1 F1800
G1 X116.585 Y103.354 E3.32782 ; infill
G1 X116.533 Y103.368 E3.32878 ; infill
G1 X116.519 Y103.42 E3.32974 ; infill
G1 X116.557 Y103.458 E3.3307 ; infill
G1 X116.609 Y103.444 E3.33166 ; infill
G1 X116.609 Y103.444 F7200 ; move to first infill point
G1 X117.884 Y104.41 ; move to first infill point
;WIDTH:0.484468
G1 F1800
G1 X118.081 Y104.665 E3.33786 ; infill
;WIDTH:0.442742
G1 X118.279 Y104.921 E3.34353 ; infill
;WIDTH:0.401016
G1 X118.582 Y105.455 E3.35322 ; infill
;WIDTH:0.412692
G1 X118.725 Y105.733 E3.3583 ; infill
;WIDTH:0.40669
G1 X118.752 Y105.782 E3.3592 ; infill
;WIDTH:0.404909
G1 X119.06 Y106.477 E3.37132 ; infill
;WIDTH:0.399999
G1 X119.334 Y107.284 E3.38473 ; infill
G1 X119.482 Y107.918 E3.39498 ; infill
G1 X119.115 Y108.284 E3.40314 ; infill
G1 X118.903 Y108.039 E3.40824 ; infill
G1 X118.497 Y107.717 E3.4164 ; infill
G1 X118.681 Y107.278 E3.42389 ; infill
G1 X118.776 Y106.744 E3.43243 ; infill
G1 X118.774 Y106.339 E3.4388 ; infill
;WIDTH:0.412692
G1 X118.636 Y105.566 E3.45157 ; infill
G1 E1.95157 F2100 ; retract
G92 E0 ; reset extrusion distance
G1 X118.636 Y105.566 Z.46 F7200 ; move to first infill point
G1 X119.044 Y107.572 ; move to first infill point
G1 Z.26 F600 ; move to first infill point
G1 E1.5 F1500 ;  ; unretract
;WIDTH:0.443868
G1 F1800
G1 X119.007 Y107.534 E1.50093 ; infill
G1 X118.956 Y107.548 E1.50186 ; infill
G1 X118.942 Y107.599 E1.50279 ; infill
G1 X118.979 Y107.636 E1.50371 ; infill
G1 X119.03 Y107.623 E1.50463 ; infill
G1 E.00463 F2100 ; retract
G92 E0 ; reset extrusion distance
G1 X119.03 Y107.623 Z.46 F7200 ; move to first infill point
G1 X118.249 Y110.865 ; move to first infill point
G1 Z.26 F600 ; move to first infill point
G1 E1.5 F1500 ;  ; unretract
;WIDTH:0.36146
G1 F1800
G1 X117.768 Y111.326 E1.50942 ; infill
;WIDTH:0.399999
G1 X117.5 Y111.505 E1.51449 ; infill
G1 X116.888 Y112.117 E1.52811 ; infill
G1 X117.175 Y112.366 E1.53409 ; infill
G1 X120.778 Y108.763 E1.61428 ; infill
G1 X120.83 Y109.246 E1.62193 ; infill
G1 X117.415 Y112.661 E1.69794 ; infill
G1 X117.583 Y113.029 E1.70431 ; infill
G1 X120.851 Y109.761 E1.77704 ; infill
G1 X120.851 Y110.295 E1.78544 ; infill
G1 X117.644 Y113.503 E1.85683 ; infill
G1 X117.644 Y113.503 F7200 ; move to first infill point
G1 X117.012 Y114.725 ; move to first infill point
;WIDTH:0.36146
G1 F1800
G1 X117.276 Y114.459 E1.86213 ; infill
G1 X117.33 Y114.211 E1.86572 ; infill
;WIDTH:0.399999
G1 X117.491 Y114.191 E1.86827 ; infill
G1 X120.814 Y110.868 E1.94223 ; infill
G1 E.44223 F2100 ; retract
G92 E0 ; reset extrusion distance
G1 X120.814 Y110.868 Z.46 F7200 ; move to first infill point
G1 X116.744 Y114.938 ; move to first infill point
G1 Z.26 F600 ; move to first infill point
G1 E1.5 F1500 ;  ; unretract
G1 F1800
G1 X114.923 Y116.759 E1.54053 ; infill
G1 X114.779 Y116.713 E1.54291 ; infill
;WIDTH:0.36146
G1 X114.713 Y117.026 E1.54743 ; infill
G1 X114.458 Y117.277 E1.55249 ; infill
G1 X114.205 Y117.333 E1.55615 ; infill
;WIDTH:0.399999
G1 X114.19 Y117.492 E1.55866 ; infill
G1 X110.86 Y120.822 E1.63277 ; infill
G1 X111.226 Y120.917 E1.63872 ; infill
;WIDTH:0.36146
G1 X111.185 Y120.928 E1.63932 ; infill
G1 X111.166 Y120.857 E1.64036 ; infill
G1 X111.237 Y120.876 E1.6414 ; infill
;WIDTH:0.399999
G1 X111.464 Y120.754 E1.64546 ; infill
G1 X120.754 Y111.463 E1.85224 ; infill
G1 X120.649 Y112.103 E1.86245 ; infill
G1 X112.11 Y120.643 E2.05251 ; infill
G1 X112.797 Y120.491 E2.06358 ; infill
G1 X120.485 Y112.803 E2.23469 ; infill
G1 X120.451 Y113.296 E2.24247 ; infill
;WIDTH:0.36146
G1 X120.38 Y113.277 E2.24351 ; infill
G1 X120.399 Y113.348 E2.24455 ; infill
G1 X120.44 Y113.337 E2.24515 ; infill
;WIDTH:0.399999
G1 X120.249 Y113.575 E2.24995 ; infill
G1 X113.577 Y120.246 E2.39844 ; infill
G1 X113.343 Y120.441 E2.40323 ; infill
;WIDTH:0.36146
G1 X113.302 Y120.452 E2.40383 ; infill
G1 X113.282 Y120.381 E2.40487 ; infill
G1 X113.354 Y120.4 E2.40592 ; infill
G1 X113.354 Y120.4 F7200 ; move to first infill point
G1 X114.239 Y120.065 ; move to first infill point
G1 F1800
G1 X114.168 Y120.046 E2.40696 ; infill
G1 X114.187 Y120.117 E2.408 ; infill
G1 X114.228 Y120.106 E2.4086 ; infill
;WIDTH:0.399999
G1 X114.463 Y119.896 E2.41356 ; infill
G1 X119.899 Y114.46 E2.53455 ; infill
G1 X120.104 Y114.222 E2.53949 ; infill
;WIDTH:0.36146
G1 X120.062 Y114.233 E2.5401 ; infill
G1 X120.043 Y114.162 E2.54114 ; infill
G1 X120.115 Y114.181 E2.54219 ; infill
G1 X120.115 Y114.181 F7200 ; move to first infill point
G1 X119.543 Y115.321 ; move to first infill point
G1 F1800
G1 X119.472 Y115.302 E2.54323 ; infill
G1 X119.491 Y115.373 E2.54427 ; infill
G1 X119.532 Y115.362 E2.54487 ; infill
;WIDTH:0.399999
G1 X115.604 Y119.29 E2.63229 ; infill
G1 X115.377 Y119.485 E2.637 ; infill
;WIDTH:0.36146
G1 X115.306 Y119.466 E2.63804 ; infill
G1 X115.325 Y119.537 E2.63908 ; infill
G1 X115.366 Y119.526 E2.63968 ; infill
G1 X115.366 Y119.526 F7200 ; move to first infill point
G1 X116.078 Y119.156 ; move to first infill point
G1 F1800
G1 X116.658 Y118.669 E2.65039 ; infill
G1 X117.529 Y117.862 E2.66717 ; infill
G1 X118.232 Y117.142 E2.68139 ; infill
G1 X118.976 Y116.3 E2.69727 ; infill
G1 E1.19727 F2100 ; retract
G92 E0 ; reset extrusion distance
G1 X118.976 Y116.3 Z.46 F7200 ; move to first infill point
G1 X119.436 Y116.63 ; move to first infill point
G1 X116.179 Y109.73 ; move to first infill point
G1 X116.369 Y108.603 ; move to first infill point
G1 X116.369 Y108.588 ; move to first infill point
G1 X116.357 Y108.459 ; move to first infill point
G1 X116.354 Y108.445 ; move to first infill point
G1 X116.318 Y108.307 ; move to first infill point
G1 X116.28 Y108.17 ; move to first infill point
G1 X116.23 Y108.051 ; move to first infill point
G1 X114.81 Y105.593 ; move to first infill point
G1 X114.735 Y105.487 ; move to first infill point
G1 X114.725 Y105.477 ; move to first infill point
G1 X114.625 Y105.375 ; move to first infill point
G1 X114.523 Y105.275 ; move to first infill point
G1 X114.42 Y105.197 ; move to first infill point
G1 X111.962 Y103.778 ; move to first infill point
G1 X111.844 Y103.724 ; move to first infill point
G1 X111.83 Y103.72 ; move to first infill point
G1 X111.693 Y103.682 ; move to first infill point
G1 X111.555 Y103.646 ; move to first infill point
G1 X111.427 Y103.631 ; move to first infill point
G1 X108.588 Y103.631 ; move to first infill point
G1 X107.795 Y103.009 ; move to first infill point
G1 Z.26 F600 ; move to first infill point
G1 E1.5 F1500 ;  ; unretract
;WIDTH:0.399999
G1 F1800
G1 X108.922 Y101.862 E1.52531 ; infill
;WIDTH:0.3866
G1 X109.088 Y101.706 E1.52877 ; infill
G1 X109.088 Y101.706 F7200 ; move to first infill point
G1 X108.455 Y102.941 ; move to first infill point
;WIDTH:0.428832
G1 F1800
G1 X108.419 Y102.905 E1.52963 ; infill
G1 X108.37 Y102.918 E1.53049 ; infill
G1 X108.357 Y102.967 E1.53135 ; infill
G1 X108.393 Y103.003 E1.53221 ; infill
G1 X108.442 Y102.99 E1.53307 ; infill
; stop printing object anel_mes.stl id:0 copy 0
M106 S255 ; enable fan
;LAYER_CHANGE
;Z:0.36
;HEIGHT:0.1
G1 Z.36 F600 ; simple layer change
;AFTER_LAYER_CHANGE
;0.36
; printing object anel_mes.stl id:0 copy 0
G1 E.03307 F2100 ; retract
G1 Z.56 F600 ; lift
G1 X107.557 Y120.869 F7200 ; move to first layer point
G1 Z.36 F600 ; move to first layer point
G1 E1.53307 F1500 ;  ; unretract
;TYPE:Perimeter
;WIDTH:0.399999
G1 X106.644 Y120.625 E1.54794 ; perimeter
G1 X105.997 Y120.397 E1.55874 ; perimeter
G1 X105.517 Y120.201 E1.5669 ; perimeter
G1 X104.886 Y119.898 E1.57792 ; perimeter
G1 X104.438 Y119.655 E1.58594 ; perimeter
G1 X103.609 Y119.127 E1.60141 ; perimeter
G1 X102.872 Y118.561 E1.61603 ; perimeter
G1 X102.476 Y118.219 E1.62426 ; perimeter
G1 X101.955 Y117.709 E1.63573 ; perimeter
G1 X101.338 Y117.005 E1.65046 ; perimeter
G1 X101.017 Y116.593 E1.65868 ; perimeter
G1 X100.606 Y115.991 E1.67015 ; perimeter
G1 X100.114 Y115.14 E1.68562 ; perimeter
G1 X99.817 Y114.52 E1.69644 ; perimeter
G1 X99.619 Y114.048 E1.7045 ; perimeter
G1 X99.301 Y113.111 E1.72007 ; perimeter
G1 X99.143 Y112.502 E1.72997 ; perimeter
G1 X99.028 Y111.943 E1.73895 ; perimeter
G1 X98.905 Y111.009 E1.75378 ; perimeter
G1 X98.868 Y110.491 E1.76195 ; perimeter
G1 X98.86 Y109.762 E1.77342 ; perimeter
G1 X98.925 Y108.78 E1.78891 ; perimeter
G1 X99.012 Y108.157 E1.79881 ; perimeter
G1 X99.12 Y107.596 E1.8078 ; perimeter
G1 X99.375 Y106.643 E1.82333 ; perimeter
G1 X99.582 Y106.049 E1.83323 ; perimeter
G1 X99.8 Y105.515 E1.84231 ; perimeter
G1 X100.102 Y104.886 E1.85329 ; perimeter
G1 X100.345 Y104.438 E1.86131 ; perimeter
G1 X100.873 Y103.609 E1.87678 ; perimeter
G1 X101.439 Y102.872 E1.8914 ; perimeter
G1 X101.781 Y102.476 E1.89963 ; perimeter
G1 X102.291 Y101.955 E1.9111 ; perimeter
G1 X102.995 Y101.338 E1.92583 ; perimeter
G1 X103.407 Y101.017 E1.93405 ; perimeter
G1 X104.009 Y100.606 E1.94552 ; perimeter
G1 X104.86 Y100.114 E1.96099 ; perimeter
G1 X105.48 Y99.817 E1.97181 ; perimeter
G1 X105.952 Y99.619 E1.97987 ; perimeter
G1 X106.837 Y99.319 E1.99458 ; perimeter
G1 X107.347 Y99.178 E2.00291 ; perimeter
G1 X108.06 Y99.028 E2.01438 ; perimeter
G1 X108.991 Y98.905 E2.02916 ; perimeter
G1 X109.51 Y98.868 E2.03735 ; perimeter
G1 X110.15 Y98.859 E2.04742 ; perimeter
G1 X111.209 Y98.923 E2.06412 ; perimeter
G1 X111.843 Y99.012 E2.0742 ; perimeter
G1 X112.404 Y99.12 E2.08319 ; perimeter
G1 X113.418 Y99.397 E2.09973 ; perimeter
G1 X114.457 Y99.788 E2.1172 ; perimeter
G1 X114.925 Y100.005 E2.12532 ; perimeter
G1 X115.49 Y100.305 E2.13539 ; perimeter
G1 X116.388 Y100.87 E2.15209 ; perimeter
G1 X116.901 Y101.253 E2.16217 ; perimeter
G1 X117.341 Y101.618 E2.17117 ; perimeter
G1 X118.049 Y102.295 E2.18659 ; perimeter
G1 X118.662 Y102.995 E2.20123 ; perimeter
G1 X118.983 Y103.407 E2.20945 ; perimeter
G1 X119.378 Y103.985 E2.22047 ; perimeter
G1 X119.647 Y104.424 E2.22857 ; perimeter
G1 X119.991 Y105.067 E2.24005 ; perimeter
G1 X120.384 Y105.962 E2.25543 ; perimeter
G1 X120.681 Y106.837 E2.26997 ; perimeter
G1 X120.822 Y107.347 E2.2783 ; perimeter
G1 X120.972 Y108.06 E2.28977 ; perimeter
G1 X121.101 Y109.039 E2.30531 ; perimeter
G1 X121.132 Y109.548 E2.31334 ; perimeter
G1 X121.14 Y110.238 E2.3242 ; perimeter
G1 X121.075 Y111.218 E2.33966 ; perimeter
G1 X120.979 Y111.896 E2.35044 ; perimeter
G1 X120.88 Y112.407 E2.35863 ; perimeter
G1 X120.708 Y113.076 E2.3695 ; perimeter
G1 X120.554 Y113.572 E2.37767 ; perimeter
G1 X120.213 Y114.451 E2.39251 ; perimeter
G1 X119.996 Y114.924 E2.4007 ; perimeter
G1 X119.652 Y115.567 E2.41218 ; perimeter
G1 X119.124 Y116.395 E2.42763 ; perimeter
G1 X118.713 Y116.944 E2.43842 ; perimeter
G1 X118.384 Y117.339 E2.44651 ; perimeter
G1 X117.738 Y118.014 E2.46121 ; perimeter
G1 X117.351 Y118.374 E2.46953 ; perimeter
G1 X116.787 Y118.837 E2.48101 ; perimeter
G1 X115.987 Y119.397 E2.49638 ; perimeter
G1 X115.14 Y119.886 E2.51177 ; perimeter
G1 X114.52 Y120.183 E2.52259 ; perimeter
G1 X114.043 Y120.383 E2.53073 ; perimeter
G1 X113.39 Y120.613 E2.54163 ; perimeter
G1 X112.894 Y120.76 E2.54977 ; perimeter
G1 X111.93 Y120.974 E2.56531 ; perimeter
G1 X111.249 Y121.071 E2.57614 ; perimeter
G1 X110.739 Y121.118 E2.5842 ; perimeter
G1 X109.757 Y121.139 E2.59966 ; perimeter
G1 X108.78 Y121.075 E2.61507 ; perimeter
G1 X108.157 Y120.988 E2.62497 ; perimeter
G1 X107.615 Y120.884 E2.63366 ; perimeter
G1 X107.615 Y120.884 F7200 ; move to first perimeter point
G1 X107.459 Y121.235 ; move to first perimeter point
G1 F1500
G1 X106.533 Y120.987 E2.64875 ; perimeter
G1 X105.872 Y120.754 E2.65978 ; perimeter
G1 X105.363 Y120.547 E2.66843 ; perimeter
G1 X104.722 Y120.24 E2.67962 ; perimeter
G1 X104.245 Y119.981 E2.68816 ; perimeter
G1 X103.392 Y119.437 E2.70408 ; perimeter
G1 X102.642 Y118.862 E2.71895 ; perimeter
G1 X102.219 Y118.496 E2.72775 ; perimeter
G1 X101.68 Y117.969 E2.73961 ; perimeter
G1 X101.053 Y117.255 E2.75456 ; perimeter
G1 X100.711 Y116.815 E2.76333 ; perimeter
G1 X100.285 Y116.193 E2.77519 ; perimeter
G1 X99.779 Y115.317 E2.79111 ; perimeter
G1 X99.476 Y114.684 E2.80215 ; perimeter
G1 X99.264 Y114.182 E2.81073 ; perimeter
G1 X98.938 Y113.22 E2.82672 ; perimeter
G1 X98.774 Y112.588 E2.837 ; perimeter
G1 X98.655 Y112.005 E2.84636 ; perimeter
G1 X98.53 Y111.058 E2.86139 ; perimeter
G1 X98.49 Y110.506 E2.8701 ; perimeter
G1 X98.482 Y109.752 E2.88197 ; perimeter
G1 X98.548 Y108.742 E2.8979 ; perimeter
G1 X98.638 Y108.095 E2.90818 ; perimeter
G1 X98.751 Y107.511 E2.91754 ; perimeter
G1 X99.013 Y106.532 E2.93349 ; perimeter
G1 X99.228 Y105.915 E2.94377 ; perimeter
G1 X99.454 Y105.361 E2.95319 ; perimeter
G1 X99.76 Y104.722 E2.96434 ; perimeter
G1 X100.019 Y104.245 E2.97288 ; perimeter
G1 X100.563 Y103.392 E2.9888 ; perimeter
G1 X101.138 Y102.642 E3.00367 ; perimeter
G1 X101.503 Y102.219 E3.01246 ; perimeter
G1 X102.031 Y101.68 E3.02433 ; perimeter
G1 X102.745 Y101.053 E3.03928 ; perimeter
G1 X103.185 Y100.711 E3.04805 ; perimeter
G1 X103.807 Y100.285 E3.05991 ; perimeter
G1 X104.683 Y99.779 E3.07583 ; perimeter
G1 X105.316 Y99.475 E3.08688 ; perimeter
G1 X105.818 Y99.264 E3.09545 ; perimeter
G1 X106.715 Y98.96 E3.11036 ; perimeter
G1 X107.259 Y98.81 E3.11924 ; perimeter
G1 X107.996 Y98.655 E3.13109 ; perimeter
G1 X108.942 Y98.53 E3.14611 ; perimeter
G1 X109.495 Y98.49 E3.15484 ; perimeter
G1 X110.155 Y98.48 E3.16523 ; perimeter
G1 X111.252 Y98.547 E3.18253 ; perimeter
G1 X111.905 Y98.638 E3.19291 ; perimeter
G1 X112.489 Y98.751 E3.20227 ; perimeter
G1 X113.467 Y99.013 E3.2182 ; perimeter
G1 X114.128 Y99.246 E3.22923 ; perimeter
G1 X114.64 Y99.454 E3.23793 ; perimeter
G1 X115.094 Y99.666 E3.24582 ; perimeter
G1 X115.676 Y99.975 E3.25619 ; perimeter
G1 X116.607 Y100.561 E3.2735 ; perimeter
G1 X117.135 Y100.955 E3.28387 ; perimeter
G1 X117.593 Y101.335 E3.29324 ; perimeter
G1 X118.322 Y102.033 E3.30912 ; perimeter
G1 X118.947 Y102.746 E3.32404 ; perimeter
G1 X119.289 Y103.185 E3.3328 ; perimeter
G1 X119.69 Y103.771 E3.34397 ; perimeter
G1 X119.976 Y104.237 E3.35257 ; perimeter
G1 X120.332 Y104.902 E3.36444 ; perimeter
G1 X120.738 Y105.824 E3.38029 ; perimeter
G1 X121.04 Y106.715 E3.3951 ; perimeter
G1 X121.19 Y107.259 E3.40398 ; perimeter
G1 X121.345 Y107.996 E3.41583 ; perimeter
G1 X121.478 Y109.002 E3.4318 ; perimeter
G1 X121.511 Y109.544 E3.44035 ; perimeter
G1 X121.518 Y110.248 E3.45143 ; perimeter
G1 X121.452 Y111.257 E3.46734 ; perimeter
G1 X121.353 Y111.95 E3.47836 ; perimeter
G1 X121.249 Y112.491 E3.48703 ; perimeter
G1 X121.075 Y113.17 E3.49806 ; perimeter
G1 X120.912 Y113.697 E3.50674 ; perimeter
G1 X120.565 Y114.588 E3.52179 ; perimeter
G1 X120.334 Y115.093 E3.53053 ; perimeter
G1 X119.979 Y115.758 E3.54239 ; perimeter
G1 X119.436 Y116.611 E3.5583 ; perimeter
G1 X119.015 Y117.171 E3.56933 ; perimeter
G1 X118.666 Y117.592 E3.57794 ; perimeter
G1 X118.011 Y118.276 E3.59284 ; perimeter
G1 X117.599 Y118.66 E3.6017 ; perimeter
G1 X117.016 Y119.138 E3.61356 ; perimeter
G1 X116.19 Y119.717 E3.62944 ; perimeter
G1 X115.317 Y120.221 E3.6453 ; perimeter
G1 X114.684 Y120.525 E3.65635 ; perimeter
G1 X114.179 Y120.737 E3.66497 ; perimeter
G1 X113.516 Y120.97 E3.67603 ; perimeter
G1 X112.988 Y121.127 E3.6847 ; perimeter
G1 X111.998 Y121.347 E3.70066 ; perimeter
G1 X111.302 Y121.446 E3.71172 ; perimeter
G1 X110.76 Y121.496 E3.72029 ; perimeter
G1 X109.749 Y121.518 E3.7362 ; perimeter
G1 X108.742 Y121.452 E3.75208 ; perimeter
G1 X108.095 Y121.362 E3.76236 ; perimeter
G1 X107.517 Y121.25 E3.77163 ; perimeter
G1 X107.517 Y121.25 F7200 ; move to first perimeter point
G1 X107.361 Y121.601 ; move to first perimeter point
;TYPE:External perimeter
G1 F900
G1 X106.421 Y121.349 E3.78695 ; perimeter
G1 X105.686 Y121.09 E3.79921 ; perimeter
G1 X105.208 Y120.893 E3.80735 ; perimeter
G1 X104.504 Y120.555 E3.81964 ; perimeter
G1 X104.052 Y120.307 E3.82775 ; perimeter
G1 X103.175 Y119.748 E3.84412 ; perimeter
G1 X102.349 Y119.114 E3.86051 ; perimeter
G1 X101.961 Y118.774 E3.86863 ; perimeter
G1 X101.405 Y118.23 E3.88087 ; perimeter
G1 X100.718 Y117.447 E3.89726 ; perimeter
G1 X100.404 Y117.037 E3.90539 ; perimeter
G1 X99.964 Y116.395 E3.91764 ; perimeter
G1 X99.444 Y115.494 E3.93401 ; perimeter
G1 X99.107 Y114.792 E3.94627 ; perimeter
G1 X98.91 Y114.315 E3.95439 ; perimeter
G1 X98.575 Y113.329 E3.97078 ; perimeter
G1 X98.405 Y112.673 E3.98145 ; perimeter
G1 X98.281 Y112.068 E3.99117 ; perimeter
G1 X98.145 Y111.035 E4.00757 ; perimeter
G1 X98.111 Y110.52 E4.01569 ; perimeter
G1 X98.103 Y109.742 E4.02793 ; perimeter
G1 X98.171 Y108.703 E4.04432 ; perimeter
G1 X98.265 Y108.033 E4.05497 ; perimeter
G1 X98.382 Y107.426 E4.0647 ; perimeter
G1 X98.651 Y106.42 E4.08109 ; perimeter
G1 X98.874 Y105.781 E4.09174 ; perimeter
G1 X99.108 Y105.208 E4.10148 ; perimeter
G1 X99.445 Y104.504 E4.11376 ; perimeter
G1 X99.693 Y104.052 E4.12187 ; perimeter
G1 X100.252 Y103.175 E4.13824 ; perimeter
G1 X100.886 Y102.349 E4.15463 ; perimeter
G1 X101.226 Y101.961 E4.16275 ; perimeter
G1 X101.77 Y101.405 E4.17499 ; perimeter
G1 X102.553 Y100.718 E4.19138 ; perimeter
G1 X102.963 Y100.404 E4.19951 ; perimeter
G1 X103.605 Y99.964 E4.21176 ; perimeter
G1 X104.506 Y99.444 E4.22813 ; perimeter
G1 X105.208 Y99.107 E4.24039 ; perimeter
G1 X105.685 Y98.91 E4.24851 ; perimeter
G1 X106.672 Y98.575 E4.26491 ; perimeter
G1 X107.171 Y98.441 E4.27304 ; perimeter
G1 X107.933 Y98.281 E4.28529 ; perimeter
G1 X108.965 Y98.145 E4.30167 ; perimeter
G1 X109.48 Y98.111 E4.30979 ; perimeter
G1 X110.159 Y98.102 E4.32048 ; perimeter
G1 X110.779 Y98.126 E4.33024 ; perimeter
G1 X111.295 Y98.171 E4.33839 ; perimeter
G1 X111.967 Y98.265 E4.34907 ; perimeter
G1 X112.574 Y98.382 E4.3588 ; perimeter
G1 X113.669 Y98.683 E4.37667 ; perimeter
G1 X114.373 Y98.934 E4.38843 ; perimeter
G1 X114.838 Y99.129 E4.39637 ; perimeter
G1 X115.313 Y99.354 E4.40464 ; perimeter
G1 X115.983 Y99.717 E4.41663 ; perimeter
G1 X116.439 Y99.994 E4.42503 ; perimeter
G1 X116.929 Y100.329 E4.43437 ; perimeter
G1 X117.416 Y100.696 E4.44397 ; perimeter
G1 X117.907 Y101.111 E4.45409 ; perimeter
G1 X118.669 Y101.855 E4.47085 ; perimeter
G1 X119.328 Y102.614 E4.48667 ; perimeter
G1 X119.631 Y103.014 E4.49457 ; perimeter
G1 X120.068 Y103.659 E4.50683 ; perimeter
G1 X120.398 Y104.223 E4.51711 ; perimeter
G1 X120.747 Y104.906 E4.52918 ; perimeter
G1 X121.15 Y105.863 E4.54552 ; perimeter
G1 X121.495 Y106.932 E4.5632 ; perimeter
G1 X121.731 Y108.023 E4.58077 ; perimeter
G1 X121.86 Y109.038 E4.59687 ; perimeter
G1 X121.889 Y109.54 E4.60478 ; perimeter
G1 X121.897 Y110.258 E4.61608 ; perimeter
G1 X121.829 Y111.297 E4.63247 ; perimeter
G1 X121.719 Y112.068 E4.64473 ; perimeter
G1 X121.618 Y112.575 E4.65287 ; perimeter
G1 X121.424 Y113.331 E4.66515 ; perimeter
G1 X121.269 Y113.823 E4.67327 ; perimeter
G1 X120.891 Y114.795 E4.68968 ; perimeter
G1 X120.673 Y115.262 E4.69779 ; perimeter
G1 X120.306 Y115.949 E4.71005 ; perimeter
G1 X119.747 Y116.826 E4.72642 ; perimeter
G1 X119.28 Y117.449 E4.73867 ; perimeter
G1 X118.948 Y117.845 E4.7468 ; perimeter
G1 X118.227 Y118.598 E4.76321 ; perimeter
G1 X117.847 Y118.946 E4.77132 ; perimeter
G1 X117.245 Y119.44 E4.78358 ; perimeter
G1 X116.394 Y120.036 E4.79993 ; perimeter
G1 X115.494 Y120.556 E4.81629 ; perimeter
G1 X114.792 Y120.893 E4.82855 ; perimeter
G1 X114.314 Y121.09 E4.83669 ; perimeter
G1 X113.577 Y121.349 E4.84898 ; perimeter
G1 X113.082 Y121.494 E4.8571 ; perimeter
G1 X112.065 Y121.719 E4.87349 ; perimeter
G1 X111.294 Y121.829 E4.88575 ; perimeter
G1 X110.78 Y121.874 E4.89387 ; perimeter
G1 X109.74 Y121.897 E4.91024 ; perimeter
G1 X108.703 Y121.829 E4.9266 ; perimeter
G1 X108.033 Y121.735 E4.93725 ; perimeter
G1 X107.426 Y121.618 E4.94698 ; perimeter
G1 X107.419 Y121.616 E4.94709 ; perimeter
G1 E3.44709 F2100 ; retract
G92 E0 ; reset extrusion distance
G1 X107.419 Y121.616 Z.56 F7200 ; move to first perimeter point
G1 X107.462 Y121.249 ; move to first perimeter point
G1 X105.666 Y116.361 ; move to first perimeter point
G1 X104.209 Y112.252 ; move to first perimeter point
G1 X104.148 Y112.174 ; move to first perimeter point
G1 X104.122 Y112.14 ; move to first perimeter point
G1 X104.072 Y112.056 ; move to first perimeter point
G1 X104.058 Y112.017 ; move to first perimeter point
G1 X104.016 Y111.887 ; move to first perimeter point
G1 X103.976 Y111.756 ; move to first perimeter point
G1 X103.939 Y111.624 ; move to first perimeter point
G1 X103.905 Y111.491 ; move to first perimeter point
G1 X103.874 Y111.358 ; move to first perimeter point
G1 X103.846 Y111.224 ; move to first perimeter point
G1 X103.834 Y111.129 ; move to first perimeter point
G1 X103.838 Y108.816 ; move to first perimeter point
G1 X103.846 Y108.776 ; move to first perimeter point
G1 X103.874 Y108.642 ; move to first perimeter point
G1 X103.905 Y108.509 ; move to first perimeter point
G1 X103.939 Y108.376 ; move to first perimeter point
G1 X103.976 Y108.244 ; move to first perimeter point
G1 X104.016 Y108.113 ; move to first perimeter point
G1 X104.058 Y107.983 ; move to first perimeter point
G1 X104.092 Y107.905 ; move to first perimeter point
G1 X103.736 Y107.753 ; move to first perimeter point
G1 Z.36 F600 ; move to first perimeter point
G1 E1.5 F1500 ;  ; unretract
;TYPE:Perimeter
G1 X103.316 Y107.61 E1.50698 ; perimeter
G1 X102.951 Y107.278 E1.51475 ; perimeter
G1 X102.747 Y106.952 E1.5208 ; perimeter
G1 X102.687 Y106.615 E1.52619 ; perimeter
G1 X102.722 Y106.123 E1.53395 ; perimeter
G1 X102.859 Y105.834 E1.53898 ; perimeter
G1 X103.084 Y105.553 E1.54465 ; perimeter
G1 X103.372 Y105.373 E1.54999 ; perimeter
G1 X103.817 Y105.232 E1.55734 ; perimeter
G1 X104.239 Y105.268 E1.56401 ; perimeter
G1 X104.592 Y105.41 E1.57 ; perimeter
G1 X104.91 Y105.707 E1.57685 ; perimeter
G1 X105.253 Y105.325 E1.58493 ; perimeter
G1 X105.684 Y104.929 E1.59414 ; perimeter
G1 X105.685 Y104.894 E1.59469 ; perimeter
G1 X105.382 Y104.543 E1.60199 ; perimeter
G1 X105.255 Y104.161 E1.60833 ; perimeter
G1 X105.269 Y103.621 E1.61683 ; perimeter
G1 X105.421 Y103.272 E1.62282 ; perimeter
G1 X105.689 Y102.955 E1.62935 ; perimeter
G1 X106.136 Y102.731 E1.63722 ; perimeter
G1 X106.493 Y102.664 E1.64294 ; perimeter
G1 X106.96 Y102.749 E1.65041 ; perimeter
G1 X107.179 Y102.865 E1.65431 ; perimeter
G1 X107.571 Y103.261 E1.66308 ; perimeter
G1 X107.672 Y103.438 E1.66629 ; perimeter
G1 X107.735 Y103.742 E1.67118 ; perimeter
G1 X108.215 Y103.583 E1.67914 ; perimeter
G1 X108.882 Y103.45 E1.68984 ; perimeter
G1 X108.749 Y103.122 E1.69541 ; perimeter
G1 X108.786 Y102.617 E1.70338 ; perimeter
G1 X108.921 Y102.334 E1.70831 ; perimeter
G1 X109.083 Y102.116 E1.71258 ; perimeter
G1 X109.434 Y101.873 E1.7193 ; perimeter
G1 X109.82 Y101.741 E1.72572 ; perimeter
G1 X110.155 Y101.742 E1.73099 ; perimeter
G1 X110.482 Y101.82 E1.73628 ; perimeter
G1 X110.814 Y102.043 E1.74257 ; perimeter
G1 X111.052 Y102.298 E1.74806 ; perimeter
G1 X111.162 Y102.479 E1.75139 ; perimeter
G1 X111.251 Y102.902 E1.75819 ; perimeter
G1 X111.21 Y103.395 E1.76598 ; perimeter
G1 X111.185 Y103.446 E1.76687 ; perimeter
G1 X111.728 Y103.568 E1.77563 ; perimeter
G1 X112.265 Y103.742 E1.78451 ; perimeter
G1 X112.369 Y103.355 E1.79082 ; perimeter
G1 X112.51 Y103.146 E1.79479 ; perimeter
G1 X112.748 Y102.911 E1.80005 ; perimeter
G1 X113.259 Y102.692 E1.8088 ; perimeter
G1 X113.655 Y102.679 E1.81504 ; perimeter
G1 X114.091 Y102.809 E1.8222 ; perimeter
G1 X114.452 Y103.124 E1.82974 ; perimeter
G1 X114.685 Y103.469 E1.83629 ; perimeter
G1 X114.751 Y103.816 E1.84185 ; perimeter
G1 X114.741 Y104.193 E1.84779 ; perimeter
G1 X114.619 Y104.541 E1.85359 ; perimeter
G1 X114.49 Y104.729 E1.85718 ; perimeter
G1 X114.293 Y104.911 E1.8614 ; perimeter
G1 X114.675 Y105.253 E1.86947 ; perimeter
G1 X115.083 Y105.698 E1.87897 ; perimeter
G1 X115.424 Y105.406 E1.88604 ; perimeter
G1 X115.858 Y105.246 E1.89332 ; perimeter
G1 X116.239 Y105.246 E1.89932 ; perimeter
G1 X116.677 Y105.385 E1.90655 ; perimeter
G1 X117.049 Y105.722 E1.91445 ; perimeter
G1 X117.201 Y105.932 E1.91853 ; perimeter
G1 X117.286 Y106.153 E1.92226 ; perimeter
G1 X117.313 Y106.622 E1.92965 ; perimeter
G1 X117.252 Y106.955 E1.93498 ; perimeter
G1 X116.994 Y107.366 E1.94262 ; perimeter
G1 X116.731 Y107.578 E1.94794 ; perimeter
G1 X116.394 Y107.714 E1.95366 ; perimeter
G1 X116.257 Y107.732 E1.95583 ; perimeter
G1 X116.429 Y108.261 E1.96458 ; perimeter
G1 X116.555 Y108.825 E1.97367 ; perimeter
G1 X117.008 Y108.727 E1.98096 ; perimeter
G1 X117.497 Y108.826 E1.98881 ; perimeter
G1 X117.814 Y109.043 E1.99486 ; perimeter
G1 X118.062 Y109.311 E2.00061 ; perimeter
G1 X118.211 Y109.607 E2.00583 ; perimeter
G1 X118.251 Y110.122 E2.01396 ; perimeter
G1 X118.179 Y110.484 E2.01977 ; perimeter
G1 X117.921 Y110.878 E2.02718 ; perimeter
G1 X117.71 Y111.055 E2.03151 ; perimeter
G1 X117.241 Y111.243 E2.03946 ; perimeter
G1 X117.012 Y111.274 E2.0431 ; perimeter
G1 X116.605 Y111.21 E2.04958 ; perimeter
G1 X116.554 Y111.179 E2.05052 ; perimeter
G1 X116.43 Y111.738 E2.05953 ; perimeter
G1 X116.263 Y112.25 E2.06801 ; perimeter
G1 X116.648 Y112.369 E2.07435 ; perimeter
G1 X117.001 Y112.672 E2.08167 ; perimeter
G1 X117.201 Y112.931 E2.08682 ; perimeter
G1 X117.304 Y113.247 E2.09205 ; perimeter
G1 X117.307 Y113.731 E2.09967 ; perimeter
G1 X117.179 Y114.106 E2.10591 ; perimeter
G1 X116.912 Y114.45 E2.11276 ; perimeter
G1 X116.552 Y114.655 E2.11928 ; perimeter
G1 X116.174 Y114.768 E2.12549 ; perimeter
G1 X115.869 Y114.755 E2.13029 ; perimeter
G1 X115.452 Y114.617 E2.1372 ; perimeter
G1 X115.09 Y114.293 E2.14485 ; perimeter
G1 X114.747 Y114.675 E2.15293 ; perimeter
G1 X114.316 Y115.071 E2.16214 ; perimeter
G1 X114.314 Y115.106 E2.16269 ; perimeter
G1 X114.618 Y115.457 E2.17 ; perimeter
G1 X114.742 Y115.809 E2.17587 ; perimeter
G1 X114.742 Y116.315 E2.18383 ; perimeter
G1 X114.69 Y116.518 E2.18713 ; perimeter
G1 X114.49 Y116.854 E2.19328 ; perimeter
G1 X114.189 Y117.129 E2.1997 ; perimeter
G1 X113.641 Y117.326 E2.20886 ; perimeter
G1 X113.307 Y117.317 E2.21412 ; perimeter
G1 X112.937 Y117.205 E2.2202 ; perimeter
G1 X112.685 Y117.019 E2.22513 ; perimeter
G1 X112.376 Y116.657 E2.23262 ; perimeter
G1 X112.264 Y116.259 E2.23913 ; perimeter
G1 X111.751 Y116.421 E2.2476 ; perimeter
G1 X111.118 Y116.549 E2.25776 ; perimeter
G1 X111.251 Y116.878 E2.26334 ; perimeter
G1 X111.214 Y117.383 E2.27131 ; perimeter
G1 X111.079 Y117.666 E2.27624 ; perimeter
G1 X110.958 Y117.835 E2.27951 ; perimeter
G1 X110.742 Y118.034 E2.28413 ; perimeter
G1 X110.258 Y118.238 E2.2924 ; perimeter
G1 X109.916 Y118.271 E2.29781 ; perimeter
G1 X109.508 Y118.176 E2.3044 ; perimeter
G1 X109.185 Y117.956 E2.31055 ; perimeter
G1 X108.96 Y117.717 E2.31572 ; perimeter
G1 X108.844 Y117.535 E2.31912 ; perimeter
G1 X108.749 Y117.098 E2.32616 ; perimeter
G1 X108.749 Y116.878 E2.32962 ; perimeter
G1 X108.855 Y116.544 E2.33513 ; perimeter
G1 X108.215 Y116.417 E2.3454 ; perimeter
G1 X107.735 Y116.258 E2.35336 ; perimeter
G1 X107.672 Y116.562 E2.35825 ; perimeter
G1 X107.49 Y116.854 E2.36367 ; perimeter
G1 X107.24 Y117.098 E2.36917 ; perimeter
G1 X106.732 Y117.308 E2.37782 ; perimeter
G1 X106.359 Y117.326 E2.3837 ; perimeter
G1 X106.028 Y117.246 E2.38906 ; perimeter
G1 X105.685 Y117.019 E2.39553 ; perimeter
G1 X105.338 Y116.583 E2.4043 ; perimeter
G1 X105.252 Y116.256 E2.40962 ; perimeter
G1 X105.257 Y115.817 E2.41653 ; perimeter
G1 X105.381 Y115.459 E2.42249 ; perimeter
G1 X105.51 Y115.271 E2.42608 ; perimeter
G1 X105.707 Y115.089 E2.4303 ; perimeter
G1 X105.325 Y114.747 E2.43837 ; perimeter
G1 X104.917 Y114.302 E2.44787 ; perimeter
G1 X104.576 Y114.594 E2.45494 ; perimeter
G1 X104.123 Y114.756 E2.46251 ; perimeter
G1 X103.745 Y114.755 E2.46846 ; perimeter
G1 X103.323 Y114.614 E2.47546 ; perimeter
G1 X102.951 Y114.278 E2.48335 ; perimeter
G1 X102.748 Y113.955 E2.48935 ; perimeter
G1 X102.687 Y113.622 E2.49468 ; perimeter
G1 X102.726 Y113.108 E2.50279 ; perimeter
G1 X102.859 Y112.834 E2.50758 ; perimeter
G1 X103.12 Y112.522 E2.51398 ; perimeter
G1 X103.417 Y112.355 E2.51934 ; perimeter
G1 X103.744 Y112.272 E2.52465 ; perimeter
G1 X103.571 Y111.74 E2.53345 ; perimeter
G1 X103.444 Y111.172 E2.54261 ; perimeter
G1 X102.987 Y111.274 E2.54998 ; perimeter
G1 X102.503 Y111.174 E2.55776 ; perimeter
G1 X102.185 Y110.956 E2.56383 ; perimeter
G1 X101.94 Y110.691 E2.56951 ; perimeter
G1 X101.776 Y110.346 E2.57552 ; perimeter
G1 X101.751 Y109.816 E2.58387 ; perimeter
G1 X101.822 Y109.515 E2.58874 ; perimeter
G1 X102.077 Y109.124 E2.59609 ; perimeter
G1 X102.285 Y108.949 E2.60037 ; perimeter
G1 X102.752 Y108.756 E2.60832 ; perimeter
G1 X102.984 Y108.726 E2.612 ; perimeter
G1 X103.302 Y108.768 E2.61705 ; perimeter
G1 X103.456 Y108.851 E2.6198 ; perimeter
G1 X103.583 Y108.215 E2.63001 ; perimeter
G1 X103.717 Y107.81 E2.63672 ; perimeter
G1 X103.717 Y107.81 F7200 ; move to first perimeter point
G1 X104.337 Y107.285 ; move to first perimeter point
G1 F1500
G1 X103.999 Y107.393 E2.6423 ; perimeter
G1 X103.583 Y107.323 E2.64894 ; perimeter
G1 X103.396 Y107.194 E2.65252 ; perimeter
G1 X103.131 Y106.887 E2.6589 ; perimeter
G1 X103.066 Y106.615 E2.6633 ; perimeter
G1 X103.087 Y106.225 E2.66945 ; perimeter
G1 X103.169 Y106.052 E2.67246 ; perimeter
G1 X103.339 Y105.833 E2.67682 ; perimeter
G1 X103.737 Y105.636 E2.68381 ; perimeter
G1 X104.025 Y105.614 E2.68836 ; perimeter
G1 X104.357 Y105.709 E2.69379 ; perimeter
G1 X104.689 Y106.028 E2.70104 ; perimeter
G1 X104.81 Y106.378 E2.70687 ; perimeter
G1 X104.81 Y106.458 E2.70813 ; perimeter
G1 X105.118 Y106.042 E2.71628 ; perimeter
G1 X105.534 Y105.578 E2.72609 ; perimeter
G1 X105.938 Y105.211 E2.73468 ; perimeter
G1 X106.435 Y104.827 E2.74456 ; perimeter
G1 X106.049 Y104.708 E2.75092 ; perimeter
G1 X105.707 Y104.35 E2.75871 ; perimeter
G1 X105.628 Y104.06 E2.76344 ; perimeter
G1 X105.64 Y103.699 E2.76912 ; perimeter
G1 X105.825 Y103.356 E2.77525 ; perimeter
G1 X106 Y103.199 E2.77895 ; perimeter
G1 X106.404 Y103.049 E2.78573 ; perimeter
G1 X106.794 Y103.093 E2.79191 ; perimeter
G1 X107.042 Y103.244 E2.79648 ; perimeter
G1 X107.325 Y103.589 E2.8035 ; perimeter
G1 X107.372 Y104.059 E2.81093 ; perimeter
G1 X107.285 Y104.338 E2.81553 ; perimeter
G1 X107.801 Y104.12 E2.82435 ; perimeter
G1 X108.289 Y103.954 E2.83246 ; perimeter
G1 X109.267 Y103.76 E2.84815 ; perimeter
G1 X109.539 Y103.739 E2.85244 ; perimeter
G1 X109.286 Y103.515 E2.85776 ; perimeter
G1 X109.128 Y103.122 E2.86443 ; perimeter
G1 X109.15 Y102.721 E2.87075 ; perimeter
G1 X109.363 Y102.371 E2.8772 ; perimeter
G1 X109.574 Y102.225 E2.88124 ; perimeter
G1 X109.977 Y102.105 E2.88786 ; perimeter
G1 X110.342 Y102.172 E2.8937 ; perimeter
G1 X110.542 Y102.306 E2.89749 ; perimeter
G1 X110.819 Y102.638 E2.90429 ; perimeter
G1 X110.872 Y102.96 E2.90943 ; perimeter
G1 X110.848 Y103.286 E2.91457 ; perimeter
G1 X110.681 Y103.574 E2.91981 ; perimeter
G1 X110.521 Y103.737 E2.9234 ; perimeter
G1 X111.196 Y103.83 E2.93412 ; perimeter
G1 X111.735 Y103.959 E2.94284 ; perimeter
G1 X112.376 Y104.182 E2.95352 ; perimeter
G1 X112.744 Y104.35 E2.95989 ; perimeter
G1 X112.628 Y104.004 E2.96563 ; perimeter
G1 X112.675 Y103.589 E2.9722 ; perimeter
G1 X112.819 Y103.364 E2.9764 ; perimeter
G1 X113.074 Y103.163 E2.98151 ; perimeter
G1 X113.484 Y103.043 E2.98823 ; perimeter
G1 X113.783 Y103.09 E2.99299 ; perimeter
G1 X114.042 Y103.244 E2.99773 ; perimeter
G1 X114.286 Y103.515 E3.00347 ; perimeter
G1 X114.371 Y103.776 E3.00779 ; perimeter
G1 X114.344 Y104.237 E3.01506 ; perimeter
G1 X114.181 Y104.512 E3.02009 ; perimeter
G1 X113.915 Y104.717 E3.02538 ; perimeter
G1 X113.559 Y104.823 E3.03123 ; perimeter
G1 X114.283 Y105.41 E3.0459 ; perimeter
G1 X114.811 Y105.961 E3.05791 ; perimeter
G1 X115.19 Y106.458 E3.06775 ; perimeter
G1 X115.293 Y106.052 E3.07434 ; perimeter
G1 X115.568 Y105.758 E3.08068 ; perimeter
G1 X116.014 Y105.606 E3.0881 ; perimeter
G1 X116.312 Y105.644 E3.09283 ; perimeter
G1 X116.555 Y105.76 E3.09707 ; perimeter
G1 X116.867 Y106.111 E3.10446 ; perimeter
G1 X116.934 Y106.378 E3.10879 ; perimeter
G1 X116.898 Y106.822 E3.1158 ; perimeter
G1 X116.663 Y107.165 E3.12234 ; perimeter
G1 X116.457 Y107.287 E3.12611 ; perimeter
G1 X116.261 Y107.36 E3.1294 ; perimeter
G1 X115.946 Y107.384 E3.13437 ; perimeter
G1 X115.655 Y107.269 E3.13929 ; perimeter
G1 X115.955 Y108.014 E3.15193 ; perimeter
G1 X116.159 Y108.75 E3.16395 ; perimeter
G1 X116.26 Y109.51 E3.17602 ; perimeter
G1 X116.334 Y109.406 E3.17803 ; perimeter
G1 X116.574 Y109.225 E3.18276 ; perimeter
G1 X116.822 Y109.129 E3.18695 ; perimeter
G1 X117.087 Y109.114 E3.19113 ; perimeter
G1 X117.39 Y109.193 E3.19606 ; perimeter
G1 X117.714 Y109.485 E3.20292 ; perimeter
G1 X117.848 Y109.716 E3.20712 ; perimeter
G1 X117.871 Y110.159 E3.2141 ; perimeter
G1 X117.769 Y110.448 E3.21892 ; perimeter
G1 X117.575 Y110.687 E3.22376 ; perimeter
G1 X117.145 Y110.877 E3.23116 ; perimeter
G1 X116.884 Y110.884 E3.23527 ; perimeter
G1 X116.71 Y110.846 E3.23807 ; perimeter
G1 X116.458 Y110.694 E3.2427 ; perimeter
;WIDTH:0.404138
G1 X116.269 Y110.524 E3.24674 ; perimeter
G1 X116.17 Y111.196 E3.25755 ; perimeter
;WIDTH:0.399999
G1 X116.041 Y111.735 E3.26627 ; perimeter
G1 X115.818 Y112.376 E3.27695 ; perimeter
G1 X115.663 Y112.714 E3.2828 ; perimeter
G1 X115.997 Y112.607 E3.28832 ; perimeter
G1 X116.417 Y112.677 E3.29502 ; perimeter
G1 X116.604 Y112.806 E3.2986 ; perimeter
G1 X116.867 Y113.11 E3.30493 ; perimeter
G1 X116.934 Y113.378 E3.30928 ; perimeter
G1 X116.914 Y113.774 E3.31552 ; perimeter
G1 X116.743 Y114.074 E3.32095 ; perimeter
G1 X116.54 Y114.251 E3.32519 ; perimeter
G1 X116.086 Y114.395 E3.33269 ; perimeter
G1 X115.732 Y114.333 E3.33835 ; perimeter
G1 X115.52 Y114.194 E3.34234 ; perimeter
G1 X115.279 Y113.926 E3.34801 ; perimeter
G1 X115.19 Y113.542 E3.35421 ; perimeter
G1 X114.882 Y113.958 E3.36236 ; perimeter
G1 X114.466 Y114.422 E3.37217 ; perimeter
G1 X114.062 Y114.79 E3.38077 ; perimeter
G1 X113.583 Y115.159 E3.39029 ; perimeter
G1 X113.995 Y115.325 E3.39728 ; perimeter
G1 X114.293 Y115.65 E3.40422 ; perimeter
G1 X114.367 Y115.862 E3.40775 ; perimeter
G1 X114.358 Y116.31 E3.4148 ; perimeter
G1 X114.181 Y116.636 E3.42064 ; perimeter
G1 X114 Y116.801 E3.42449 ; perimeter
G1 X113.585 Y116.952 E3.43144 ; perimeter
G1 X113.251 Y116.918 E3.43672 ; perimeter
G1 X113.04 Y116.826 E3.44034 ; perimeter
G1 X112.704 Y116.468 E3.44807 ; perimeter
G1 X112.628 Y116.184 E3.4527 ; perimeter
G1 X112.628 Y115.925 E3.45678 ; perimeter
G1 X112.715 Y115.662 E3.46114 ; perimeter
G1 X112.199 Y115.881 E3.46996 ; perimeter
G1 X111.676 Y116.05 E3.47861 ; perimeter
G1 X110.735 Y116.24 E3.49372 ; perimeter
G1 X110.458 Y116.261 E3.49809 ; perimeter
G1 X110.714 Y116.485 E3.50344 ; perimeter
G1 X110.872 Y116.878 E3.51011 ; perimeter
G1 X110.85 Y117.279 E3.51643 ; perimeter
G1 X110.661 Y117.6 E3.52229 ; perimeter
G1 X110.415 Y117.779 E3.52708 ; perimeter
G1 X110.012 Y117.896 E3.53368 ; perimeter
G1 X109.652 Y117.826 E3.53945 ; perimeter
G1 X109.458 Y117.694 E3.54314 ; perimeter
G1 X109.185 Y117.37 E3.54981 ; perimeter
G1 X109.128 Y117.036 E3.55514 ; perimeter
G1 X109.128 Y116.878 E3.55763 ; perimeter
G1 X109.231 Y116.552 E3.56301 ; perimeter
G1 X109.384 Y116.349 E3.56701 ; perimeter
G1 X109.521 Y116.26 E3.56958 ; perimeter
G1 X108.475 Y116.083 E3.58628 ; perimeter
G1 X107.801 Y115.88 E3.59736 ; perimeter
G1 X107.256 Y115.65 E3.60667 ; perimeter
G1 X107.372 Y115.996 E3.61241 ; perimeter
G1 X107.325 Y116.411 E3.61898 ; perimeter
G1 X107.181 Y116.636 E3.62318 ; perimeter
G1 X106.915 Y116.841 E3.62847 ; perimeter
G1 X106.504 Y116.958 E3.6352 ; perimeter
G1 X106.164 Y116.893 E3.64065 ; perimeter
G1 X105.958 Y116.756 E3.64454 ; perimeter
G1 X105.681 Y116.424 E3.65134 ; perimeter
G1 X105.628 Y116.184 E3.65521 ; perimeter
G1 X105.652 Y115.777 E3.66163 ; perimeter
G1 X105.819 Y115.488 E3.66688 ; perimeter
G1 X106.074 Y115.287 E3.67199 ; perimeter
G1 X106.442 Y115.178 E3.67803 ; perimeter
G1 X105.717 Y114.59 E3.69272 ; perimeter
G1 X105.189 Y114.039 E3.70473 ; perimeter
G1 X104.81 Y113.542 E3.71457 ; perimeter
G1 X104.707 Y113.948 E3.72116 ; perimeter
G1 X104.432 Y114.242 E3.7275 ; perimeter
G1 X103.975 Y114.395 E3.73508 ; perimeter
G1 X103.689 Y114.356 E3.73962 ; perimeter
G1 X103.445 Y114.239 E3.74388 ; perimeter
G1 X103.142 Y113.906 E3.75097 ; perimeter
G1 X103.066 Y113.622 E3.7556 ; perimeter
G1 X103.102 Y113.178 E3.76261 ; perimeter
G1 X103.327 Y112.845 E3.76893 ; perimeter
G1 X103.557 Y112.707 E3.77315 ; perimeter
G1 X103.714 Y112.645 E3.77581 ; perimeter
G1 X104.055 Y112.62 E3.78119 ; perimeter
G1 X104.346 Y112.734 E3.78611 ; perimeter
G1 X104.031 Y111.947 E3.79945 ; perimeter
G1 X103.841 Y111.25 E3.81082 ; perimeter
G1 X103.746 Y110.615 E3.82092 ; perimeter
;WIDTH:0.404247
G1 X103.732 Y110.512 E3.82257 ; perimeter
G1 X103.415 Y110.779 E3.82917 ; perimeter
;WIDTH:0.399999
G1 X102.992 Y110.896 E3.83608 ; perimeter
G1 X102.61 Y110.807 E3.84225 ; perimeter
G1 X102.286 Y110.515 E3.84911 ; perimeter
G1 X102.144 Y110.256 E3.85376 ; perimeter
G1 X102.129 Y109.841 E3.8603 ; perimeter
G1 X102.231 Y109.552 E3.86512 ; perimeter
G1 X102.425 Y109.313 E3.86996 ; perimeter
G1 X102.846 Y109.122 E3.87724 ; perimeter
G1 X103.087 Y109.114 E3.88103 ; perimeter
G1 X103.234 Y109.141 E3.88338 ; perimeter
G1 X103.56 Y109.325 E3.88927 ; perimeter
G1 X103.739 Y109.547 E3.89376 ; perimeter
G1 X103.871 Y108.707 E3.90714 ; perimeter
G1 X103.975 Y108.212 E3.9151 ; perimeter
G1 X104.182 Y107.624 E3.92491 ; perimeter
G1 X104.312 Y107.339 E3.92984 ; perimeter
G1 X104.312 Y107.339 F7200 ; move to first perimeter point
G1 X104.434 Y106.589 ; move to first perimeter point
;TYPE:External perimeter
;WIDTH:0.504815
G1 F720
G1 X104.45 Y106.745 E3.93299 ; perimeter
G1 X104.298 Y106.93 E3.9378 ; perimeter
;WIDTH:0.486406
G1 X104.099 Y106.971 E3.94173 ; perimeter
;WIDTH:0.443203
G1 X103.899 Y107.013 E3.94531 ; perimeter
;WIDTH:0.399999
G1 X103.669 Y106.932 E3.94915 ; perimeter
G1 X103.448 Y106.659 E3.95468 ; perimeter
G1 X103.479 Y106.27 E3.96082 ; perimeter
G1 X103.652 Y106.077 E3.9649 ; perimeter
G1 X103.957 Y105.987 E3.9699 ; perimeter
G1 X104.175 Y106.042 E3.97344 ; perimeter
G1 X104.402 Y106.277 E3.97858 ; perimeter
;WIDTH:0.434938
G1 X104.418 Y106.433 E3.98128 ; perimeter
;WIDTH:0.469877
G1 X104.428 Y106.529 E3.98308 ; perimeter
G1 E2.93308 F2100 ; retract
;WIPE_START
G1 F5760
G1 X104.434 Y106.589 E2.9122 ; wipe and retract
G1 X104.45 Y106.745 E2.85789 ; wipe and retract
G1 X104.298 Y106.93 E2.77496 ; wipe and retract
G1 X104.099 Y106.971 E2.70459 ; wipe and retract
G1 X103.899 Y107.013 E2.63381 ; wipe and retract
G1 X103.669 Y106.932 E2.54935 ; wipe and retract
G1 X103.549 Y106.783 E2.48308 ; wipe and retract
;WIPE_END
G92 E0 ; reset extrusion distance
G1 Z.56 F600 ; move to first perimeter point
G1 X103.226 Y107.024 F7200 ; move to first perimeter point
G1 X103.854 Y110.987 ; move to first perimeter point
G1 X103.839 Y111.086 ; move to first perimeter point
G1 X103.834 Y111.129 ; move to first perimeter point
G1 X103.846 Y111.224 ; move to first perimeter point
G1 X103.874 Y111.358 ; move to first perimeter point
G1 X103.905 Y111.491 ; move to first perimeter point
G1 X103.939 Y111.624 ; move to first perimeter point
G1 X103.976 Y111.756 ; move to first perimeter point
G1 X104.016 Y111.887 ; move to first perimeter point
G1 X104.058 Y112.017 ; move to first perimeter point
G1 X104.072 Y112.056 ; move to first perimeter point
G1 X105.224 Y114.061 ; move to first perimeter point
G1 X105.283 Y114.137 ; move to first perimeter point
G1 X105.374 Y114.239 ; move to first perimeter point
G1 X105.467 Y114.339 ; move to first perimeter point
G1 X105.563 Y114.437 ; move to first perimeter point
G1 X105.661 Y114.533 ; move to first perimeter point
G1 X105.761 Y114.626 ; move to first perimeter point
G1 X105.863 Y114.718 ; move to first perimeter point
G1 X105.894 Y114.744 ; move to first perimeter point
G1 X107.895 Y115.904 ; move to first perimeter point
G1 X107.983 Y115.942 ; move to first perimeter point
G1 X108.113 Y115.984 ; move to first perimeter point
G1 X108.244 Y116.024 ; move to first perimeter point
G1 X108.376 Y116.061 ; move to first perimeter point
G1 X108.509 Y116.095 ; move to first perimeter point
G1 X108.642 Y116.126 ; move to first perimeter point
G1 X108.776 Y116.154 ; move to first perimeter point
G1 X108.816 Y116.162 ; move to first perimeter point
G1 X111.129 Y116.166 ; move to first perimeter point
G1 X111.224 Y116.154 ; move to first perimeter point
G1 X111.358 Y116.126 ; move to first perimeter point
G1 X111.491 Y116.095 ; move to first perimeter point
G1 X111.624 Y116.061 ; move to first perimeter point
G1 X111.756 Y116.024 ; move to first perimeter point
G1 X111.887 Y115.984 ; move to first perimeter point
G1 X112.017 Y115.942 ; move to first perimeter point
G1 X112.056 Y115.928 ; move to first perimeter point
G1 X112.14 Y115.879 ; move to first perimeter point
G1 X113.176 Y115.159 ; move to first perimeter point
G1 X113.215 Y115.14 ; move to first perimeter point
G1 X113.171 Y115.05 ; move to first perimeter point
G1 Z.36 F600 ; move to first perimeter point
G1 E1.5 F1500 ;  ; unretract
;WIDTH:0.52515
G1 F720
G1 X112.96 Y115.16 E1.50498 ; perimeter
;WIDTH:0.49993
G1 X112.749 Y115.269 E1.5097 ; perimeter
;WIDTH:0.47471
G1 X112.509 Y115.361 E1.51454 ; perimeter
;WIDTH:0.437355
G1 X112.269 Y115.453 E1.51898 ; perimeter
;WIDTH:0.399999
G1 X111.697 Y115.657 E1.52854 ; perimeter
G1 X110.719 Y115.857 E1.54425 ; perimeter
;WIDTH:0.427977
G1 X110.463 Y115.89 E1.54861 ; perimeter
;WIDTH:0.455955
G1 X110.206 Y115.924 E1.55329 ; perimeter
;WIDTH:0.502434
G1 X109.941 Y115.955 E1.55863 ; perimeter
G1 X109.75 Y115.928 E1.56249 ; perimeter
;WIDTH:0.468289
G1 X109.559 Y115.9 E1.56608 ; perimeter
;WIDTH:0.434144
G1 X109.367 Y115.872 E1.56941 ; perimeter
;WIDTH:0.399999
G1 X108.549 Y115.712 E1.58253 ; perimeter
G1 X107.926 Y115.523 E1.59278 ; perimeter
;WIDTH:0.42726
G1 X107.323 Y115.278 E1.60376 ; perimeter
;WIDTH:0.46551
G1 X107.162 Y115.209 E1.60699 ; perimeter
;WIDTH:0.50376
G1 X107.001 Y115.139 E1.61051 ; perimeter
G1 X106.84 Y115.014 E1.6146 ; perimeter
;WIDTH:0.469173
G1 X106.679 Y114.889 E1.61839 ; perimeter
;WIDTH:0.434586
G1 X106.517 Y114.764 E1.6219 ; perimeter
;WIDTH:0.399999
G1 X105.969 Y114.308 E1.63312 ; perimeter
G1 X105.471 Y113.786 E1.64447 ; perimeter
G1 X105.162 Y113.381 E1.65249 ; perimeter
;WIDTH:0.434939
G1 X105.063 Y113.257 E1.65522 ; perimeter
;WIDTH:0.469878
G1 X104.965 Y113.133 E1.65817 ; perimeter
;WIDTH:0.504817
G1 X104.866 Y113.009 E1.66136 ; perimeter
G1 X104.776 Y112.798 E1.66597 ; perimeter
;WIDTH:0.469878
G1 X104.686 Y112.586 E1.67026 ; perimeter
;WIDTH:0.434939
G1 X104.596 Y112.375 E1.6742 ; perimeter
;WIDTH:0.399999
G1 X104.388 Y111.822 E1.6835 ; perimeter
G1 X104.209 Y111.16 E1.69429 ; perimeter
G1 X104.12 Y110.56 E1.70384 ; perimeter
;WIDTH:0.43694
G1 X104.093 Y110.377 E1.70704 ; perimeter
;WIDTH:0.473881
G1 X104.066 Y110.194 E1.71052 ; perimeter
;WIDTH:0.510821
G1 X104.038 Y110.012 E1.71427 ; perimeter
G1 X104.066 Y109.839 E1.71784 ; perimeter
;WIDTH:0.473881
G1 X104.093 Y109.667 E1.72111 ; perimeter
;WIDTH:0.43694
G1 X104.121 Y109.494 E1.72414 ; perimeter
;WIDTH:0.399999
G1 X104.242 Y108.781 E1.73552 ; perimeter
G1 X104.408 Y108.123 E1.7462 ; perimeter
G1 X104.59 Y107.639 E1.75434 ; perimeter
;WIDTH:0.437174
G1 X104.649 Y107.477 E1.75732 ; perimeter
;WIDTH:0.474349
G1 X104.707 Y107.315 E1.76056 ; perimeter
;WIDTH:0.511524
G1 X104.766 Y107.154 E1.76405 ; perimeter
G1 X104.921 Y106.939 E1.76945 ; perimeter
;WIDTH:0.463258
G1 X105.077 Y106.723 E1.77434 ; perimeter
;WIDTH:0.414992
G1 X105.388 Y106.309 E1.78281 ; perimeter
;WIDTH:0.399999
G1 X105.816 Y105.831 E1.79291 ; perimeter
G1 X106.191 Y105.492 E1.80087 ; perimeter
G1 X106.508 Y105.244 E1.8072 ; perimeter
;WIDTH:0.435909
G1 X106.676 Y105.113 E1.81087 ; perimeter
;WIDTH:0.471819
G1 X106.844 Y104.982 E1.81486 ; perimeter
;WIDTH:0.507729
G1 X107.012 Y104.851 E1.81917 ; perimeter
G1 X107.247 Y104.722 E1.82459 ; perimeter
;WIDTH:0.494381
G1 X107.489 Y104.634 E1.82965 ; perimeter
;WIDTH:0.44719
G1 X107.732 Y104.547 E1.83422 ; perimeter
;WIDTH:0.399999
G1 X108.337 Y104.332 E1.84432 ; perimeter
G1 X109.28 Y104.143 E1.85946 ; perimeter
;WIDTH:0.428766
G1 X109.53 Y104.109 E1.86373 ; perimeter
;WIDTH:0.457533
G1 X109.781 Y104.075 E1.86832 ; perimeter
;WIDTH:0.502846
G1 X110.054 Y104.046 E1.87381 ; perimeter
G1 X110.274 Y104.078 E1.87826 ; perimeter
;WIDTH:0.468564
G1 X110.493 Y104.111 E1.88238 ; perimeter
;WIDTH:0.434282
G1 X110.712 Y104.144 E1.88618 ; perimeter
;WIDTH:0.399999
G1 X111.391 Y104.265 E1.89703 ; perimeter
G1 X112.074 Y104.477 E1.90828 ; perimeter
;WIDTH:0.442009
G1 X112.68 Y104.715 E1.91966 ; perimeter
;WIDTH:0.474714
G1 X112.876 Y104.809 E1.92376 ; perimeter
;WIDTH:0.507418
G1 X113.072 Y104.902 E1.92814 ; perimeter
G1 X113.201 Y105.008 E1.93151 ; perimeter
;WIDTH:0.471612
G1 X113.33 Y105.113 E1.93462 ; perimeter
;WIDTH:0.435806
G1 X113.459 Y105.219 E1.9375 ; perimeter
;WIDTH:0.399999
G1 X114.031 Y105.692 E1.94918 ; perimeter
G1 X114.529 Y106.214 E1.96053 ; perimeter
G1 X114.838 Y106.619 E1.96855 ; perimeter
;WIDTH:0.43616
G1 X114.951 Y106.767 E1.97176 ; perimeter
;WIDTH:0.472321
G1 X115.065 Y106.915 E1.97526 ; perimeter
;WIDTH:0.508481
G1 X115.178 Y107.063 E1.97903 ; perimeter
G1 X115.251 Y107.245 E1.983 ; perimeter
;WIDTH:0.472321
G1 X115.324 Y107.427 E1.98668 ; perimeter
;WIDTH:0.43616
G1 X115.397 Y107.61 E1.99008 ; perimeter
;WIDTH:0.399999
G1 X115.598 Y108.14 E1.999 ; perimeter
G1 X115.791 Y108.84 E2.01043 ; perimeter
G1 X115.88 Y109.44 E2.01998 ; perimeter
;WIDTH:0.440687
G1 X115.901 Y109.667 E2.02395 ; perimeter
;WIDTH:0.481375
G1 X115.923 Y109.895 E2.02833 ; perimeter
;WIDTH:0.522063
G1 X115.945 Y110.123 E2.0331 ; perimeter
G1 X115.915 Y110.32 E2.03725 ; perimeter
;WIDTH:0.481375
G1 X115.886 Y110.517 E2.04106 ; perimeter
;WIDTH:0.440687
G1 X115.856 Y110.714 E2.04453 ; perimeter
;WIDTH:0.399999
G1 X115.765 Y111.268 E2.05337 ; perimeter
G1 X115.583 Y111.903 E2.06377 ; perimeter
G1 X115.4 Y112.384 E2.07187 ; perimeter
;WIDTH:0.437174
G1 X115.344 Y112.538 E2.0747 ; perimeter
;WIDTH:0.474349
G1 X115.289 Y112.692 E2.07778 ; perimeter
;WIDTH:0.511524
G1 X115.234 Y112.846 E2.08111 ; perimeter
G1 X115.084 Y113.064 E2.0865 ; perimeter
;WIDTH:0.474871
G1 X114.933 Y113.283 E2.09151 ; perimeter
;WIDTH:0.438218
G1 X114.612 Y113.691 E2.10051 ; perimeter
;WIDTH:0.399999
G1 X114.184 Y114.169 E2.11061 ; perimeter
G1 X113.809 Y114.508 E2.11857 ; perimeter
G1 X113.358 Y114.855 E2.12753 ; perimeter
;WIDTH:0.441716
G1 X113.296 Y114.92 E2.1291 ; perimeter
;WIDTH:0.483433
G1 X113.233 Y114.985 E2.13084 ; perimeter
;WIDTH:0.52515
G1 X113.212 Y115.007 E2.13148 ; perimeter
G1 E1.08148 F2100 ; retract
;WIPE_START
G1 F5760
G1 X113.171 Y115.05 E1.0609 ; wipe and retract
G1 X112.96 Y115.16 E.97848 ; wipe and retract
G1 X112.749 Y115.269 E.89622 ; wipe and retract
G1 X112.509 Y115.361 E.8072 ; wipe and retract
G1 X112.269 Y115.453 E.71818 ; wipe and retract
G1 X112.033 Y115.537 E.63148 ; wipe and retract
;WIPE_END
G92 E0 ; reset extrusion distance
G1 Z.56 F600 ; move to first perimeter point
G1 X112.241 Y115.8 F7200 ; move to first perimeter point
G1 X112.174 Y115.853 ; move to first perimeter point
G1 X112.14 Y115.879 ; move to first perimeter point
G1 X112.056 Y115.928 ; move to first perimeter point
G1 X112.017 Y115.942 ; move to first perimeter point
G1 X111.887 Y115.984 ; move to first perimeter point
G1 X111.756 Y116.024 ; move to first perimeter point
G1 X111.624 Y116.061 ; move to first perimeter point
G1 X111.491 Y116.095 ; move to first perimeter point
G1 X111.358 Y116.126 ; move to first perimeter point
G1 X111.224 Y116.154 ; move to first perimeter point
G1 X111.129 Y116.166 ; move to first perimeter point
G1 X108.816 Y116.162 ; move to first perimeter point
G1 X108.776 Y116.154 ; move to first perimeter point
G1 X108.642 Y116.126 ; move to first perimeter point
G1 X108.509 Y116.095 ; move to first perimeter point
G1 X108.376 Y116.061 ; move to first perimeter point
G1 X108.244 Y116.024 ; move to first perimeter point
G1 X108.113 Y115.984 ; move to first perimeter point
G1 X107.983 Y115.942 ; move to first perimeter point
G1 X107.895 Y115.904 ; move to first perimeter point
G1 X105.894 Y114.744 ; move to first perimeter point
G1 X105.863 Y114.718 ; move to first perimeter point
G1 X105.761 Y114.626 ; move to first perimeter point
G1 X105.661 Y114.533 ; move to first perimeter point
G1 X105.563 Y114.437 ; move to first perimeter point
G1 X105.467 Y114.339 ; move to first perimeter point
G1 X105.374 Y114.239 ; move to first perimeter point
G1 X105.283 Y114.137 ; move to first perimeter point
G1 X105.224 Y114.061 ; move to first perimeter point
G1 X104.072 Y112.056 ; move to first perimeter point
G1 X104.058 Y112.017 ; move to first perimeter point
G1 X104.016 Y111.887 ; move to first perimeter point
G1 X103.976 Y111.756 ; move to first perimeter point
G1 X103.939 Y111.624 ; move to first perimeter point
G1 X103.905 Y111.491 ; move to first perimeter point
G1 X103.874 Y111.358 ; move to first perimeter point
G1 X103.846 Y111.224 ; move to first perimeter point
G1 X103.834 Y111.129 ; move to first perimeter point
G1 X103.838 Y108.816 ; move to first perimeter point
G1 X103.846 Y108.776 ; move to first perimeter point
G1 X103.874 Y108.642 ; move to first perimeter point
G1 X103.905 Y108.509 ; move to first perimeter point
G1 X103.939 Y108.376 ; move to first perimeter point
G1 X103.976 Y108.244 ; move to first perimeter point
G1 X104.016 Y108.113 ; move to first perimeter point
G1 X104.058 Y107.983 ; move to first perimeter point
G1 X104.096 Y107.895 ; move to first perimeter point
G1 X105.256 Y105.894 ; move to first perimeter point
G1 X105.282 Y105.863 ; move to first perimeter point
G1 X105.374 Y105.761 ; move to first perimeter point
G1 X105.467 Y105.661 ; move to first perimeter point
G1 X105.563 Y105.563 ; move to first perimeter point
G1 X105.661 Y105.467 ; move to first perimeter point
G1 X105.761 Y105.374 ; move to first perimeter point
G1 X105.863 Y105.283 ; move to first perimeter point
G1 X105.939 Y105.224 ; move to first perimeter point
G1 X107.23 Y104.596 ; move to first perimeter point
G1 X107.262 Y103.799 ; move to first perimeter point
G1 X107.253 Y103.668 ; move to first perimeter point
G1 X107.218 Y103.529 ; move to first perimeter point
G1 X107.199 Y103.459 ; move to first perimeter point
G1 X107.176 Y103.38 ; move to first perimeter point
G1 X107.085 Y103.269 ; move to first perimeter point
G1 X106.97 Y103.188 ; move to first perimeter point
G1 X106.923 Y103.162 ; move to first perimeter point
G1 X106.742 Y103.483 ; move to first perimeter point
G1 Z.36 F600 ; move to first perimeter point
G1 E1.5 F1500 ;  ; unretract
;WIDTH:0.399999
G1 F720
G1 X106.978 Y103.74 E1.50549 ; perimeter
;WIDTH:0.448927
G1 X106.979 Y104.182 E1.51335 ; perimeter
;WIDTH:0.476857
G1 X106.91 Y104.288 E1.51574 ; perimeter
;WIDTH:0.504787
G1 X106.84 Y104.393 E1.51828 ; perimeter
G1 X106.68 Y104.426 E1.52156 ; perimeter
;WIDTH:0.456584
G1 X106.519 Y104.458 E1.52453 ; perimeter
;WIDTH:0.40838
G1 X106.247 Y104.384 E1.52906 ; perimeter
;WIDTH:0.399999
G1 X106.018 Y104.124 E1.53451 ; perimeter
G1 X106.01 Y103.777 E1.53997 ; perimeter
G1 X106.033 Y103.719 E1.54095 ; perimeter
G1 X106.214 Y103.515 E1.54524 ; perimeter
G1 X106.519 Y103.424 E1.55025 ; perimeter
G1 X106.684 Y103.468 E1.55294 ; perimeter
G1 E.50294 F2100 ; retract
;WIPE_START
G1 F5760
G1 X106.742 Y103.483 E.48219 ; wipe and retract
G1 X106.978 Y103.74 E.36134 ; wipe and retract
G1 X106.979 Y104.182 E.20825 ; wipe and retract
G1 X106.91 Y104.288 E.16444 ; wipe and retract
G1 X106.84 Y104.393 E.12073 ; wipe and retract
G1 X106.68 Y104.426 E.06415 ; wipe and retract
G1 X106.648 Y104.432 E.05294 ; wipe and retract
;WIPE_END
G92 E0 ; reset extrusion distance
G1 Z.56 F600 ; move to first perimeter point
G1 X106.863 Y104.819 F7200 ; move to first perimeter point
G1 X107.86 Y104.121 ; move to first perimeter point
G1 X107.944 Y104.072 ; move to first perimeter point
G1 X107.983 Y104.058 ; move to first perimeter point
G1 X108.113 Y104.016 ; move to first perimeter point
G1 X108.244 Y103.976 ; move to first perimeter point
G1 X108.376 Y103.939 ; move to first perimeter point
G1 X108.509 Y103.905 ; move to first perimeter point
G1 X108.642 Y103.874 ; move to first perimeter point
G1 X108.776 Y103.846 ; move to first perimeter point
G1 X108.871 Y103.834 ; move to first perimeter point
G1 X109.961 Y103.947 ; move to first perimeter point
G1 X109.991 Y103.947 ; move to first perimeter point
G1 X109.992 Y103.567 ; move to first perimeter point
G1 Z.36 F600 ; move to first perimeter point
G1 E1.5 F1500 ;  ; unretract
;WIDTH:0.499229
G1 F720
G1 X109.823 Y103.514 E1.50352 ; perimeter
;WIDTH:0.457533
G1 X109.691 Y103.383 E1.50689 ; perimeter
;WIDTH:0.428766
G1 X109.559 Y103.253 E1.51003 ; perimeter
;WIDTH:0.399999
G1 X109.506 Y103.122 E1.51225 ; perimeter
G1 X109.527 Y102.793 E1.51744 ; perimeter
G1 X109.714 Y102.577 E1.52194 ; perimeter
G1 X109.941 Y102.489 E1.52577 ; perimeter
G1 X110.202 Y102.524 E1.52991 ; perimeter
G1 X110.476 Y102.798 E1.53601 ; perimeter
G1 X110.486 Y103.176 E1.54196 ; perimeter
G1 X110.317 Y103.407 E1.54646 ; perimeter
;WIDTH:0.449614
G1 X110.155 Y103.487 E1.54968 ; perimeter
;WIDTH:0.499229
G1 X110.046 Y103.54 E1.55209 ; perimeter
G1 E.50209 F2100 ; retract
;WIPE_START
G1 F5760
G1 X109.992 Y103.567 E.48118 ; wipe and retract
G1 X109.823 Y103.514 E.41984 ; wipe and retract
G1 X109.691 Y103.383 E.35543 ; wipe and retract
G1 X109.559 Y103.253 E.29126 ; wipe and retract
G1 X109.506 Y103.122 E.24231 ; wipe and retract
G1 X109.527 Y102.793 E.12813 ; wipe and retract
G1 X109.671 Y102.627 E.05209 ; wipe and retract
;WIPE_END
G92 E0 ; reset extrusion distance
G1 Z.56 F600 ; move to first perimeter point
G1 X109.385 Y102.364 F7200 ; move to first perimeter point
G1 X109.415 Y102.331 ; move to first perimeter point
G1 X109.53 Y102.25 ; move to first perimeter point
G1 X109.641 Y102.187 ; move to first perimeter point
G1 X109.756 Y102.15 ; move to first perimeter point
G1 X109.826 Y102.132 ; move to first perimeter point
G1 X109.883 Y102.123 ; move to first perimeter point
G1 X109.942 Y102.117 ; move to first perimeter point
G1 X110 Y102.114 ; move to first perimeter point
G1 X110.058 Y102.117 ; move to first perimeter point
G1 X110.117 Y102.123 ; move to first perimeter point
G1 X110.174 Y102.132 ; move to first perimeter point
G1 X110.244 Y102.15 ; move to first perimeter point
G1 X113.744 Y103.088 ; move to first perimeter point
G1 X113.859 Y103.125 ; move to first perimeter point
G1 X113.947 Y103.175 ; move to first perimeter point
G1 X113.763 Y103.5 ; move to first perimeter point
G1 Z.36 F600 ; move to first perimeter point
G1 E1.5 F1500 ;  ; unretract
;WIDTH:0.399999
G1 F720
G1 X113.981 Y103.747 E1.50518 ; perimeter
G1 X113.984 Y104.119 E1.51103 ; perimeter
G1 X113.812 Y104.348 E1.51554 ; perimeter
;WIDTH:0.449935
G1 X113.456 Y104.476 E1.52228 ; perimeter
;WIDTH:0.476849
G1 X113.35 Y104.461 E1.52431 ; perimeter
;WIDTH:0.503763
G1 X113.245 Y104.446 E1.52644 ; perimeter
G1 X113.144 Y104.326 E1.52959 ; perimeter
;WIDTH:0.472886
G1 X113.044 Y104.205 E1.53254 ; perimeter
;WIDTH:0.442009
G1 X113.006 Y103.816 E1.53937 ; perimeter
;WIDTH:0.399999
G1 X113.041 Y103.707 E1.54117 ; perimeter
G1 X113.214 Y103.515 E1.54524 ; perimeter
G1 X113.519 Y103.424 E1.55025 ; perimeter
G1 X113.706 Y103.483 E1.55334 ; perimeter
G1 E.50334 F2100 ; retract
;WIPE_START
G1 F5760
G1 X113.763 Y103.5 E.48274 ; wipe and retract
G1 X113.981 Y103.747 E.36864 ; wipe and retract
G1 X113.984 Y104.119 E.23979 ; wipe and retract
G1 X113.812 Y104.348 E.14059 ; wipe and retract
G1 X113.575 Y104.433 E.05334 ; wipe and retract
;WIPE_END
G92 E0 ; reset extrusion distance
G1 Z.56 F600 ; move to first perimeter point
G1 X113.558 Y104.627 F7200 ; move to first perimeter point
G1 X116.421 Y105.687 ; move to first perimeter point
G1 X116.532 Y105.75 ; move to first perimeter point
G1 X116.647 Y105.831 ; move to first perimeter point
G1 X116.745 Y105.937 ; move to first perimeter point
G1 X116.792 Y106 ; move to first perimeter point
G1 X116.831 Y106.063 ; move to first perimeter point
G1 X116.873 Y106.146 ; move to first perimeter point
G1 X116.896 Y106.202 ; move to first perimeter point
G1 X116.916 Y106.272 ; move to first perimeter point
G1 X116.935 Y106.341 ; move to first perimeter point
G1 X116.947 Y106.472 ; move to first perimeter point
G1 X116.947 Y106.528 ; move to first perimeter point
G1 X116.935 Y106.659 ; move to first perimeter point
G1 X116.916 Y106.728 ; move to first perimeter point
G1 X116.896 Y106.799 ; move to first perimeter point
G1 X116.873 Y106.854 ; move to first perimeter point
G1 X116.864 Y106.872 ; move to first perimeter point
G1 X116.535 Y106.707 ; move to first perimeter point
G1 Z.36 F600 ; move to first perimeter point
G1 E1.5 F1500 ;  ; unretract
G1 F720
G1 X116.359 Y106.918 E1.50432 ; perimeter
G1 X116.023 Y107.013 E1.50982 ; perimeter
;WIDTH:0.43301
G1 X115.781 Y106.943 E1.51413 ; perimeter
;WIDTH:0.468914
G1 X115.666 Y106.844 E1.51695 ; perimeter
;WIDTH:0.504818
G1 X115.55 Y106.745 E1.52001 ; perimeter
G1 X115.567 Y106.586 E1.52322 ; perimeter
;WIDTH:0.469879
G1 X115.585 Y106.428 E1.52618 ; perimeter
;WIDTH:0.434939
G1 X115.603 Y106.27 E1.52891 ; perimeter
;WIDTH:0.399999
G1 X115.776 Y106.077 E1.53299 ; perimeter
G1 X116.081 Y105.987 E1.53799 ; perimeter
G1 X116.331 Y106.068 E1.54213 ; perimeter
G1 X116.55 Y106.333 E1.54754 ; perimeter
G1 X116.538 Y106.647 E1.55249 ; perimeter
G1 E.50249 F2100 ; retract
;WIPE_START
G1 F5760
G1 X116.535 Y106.707 E.48168 ; wipe and retract
G1 X116.359 Y106.918 E.38651 ; wipe and retract
G1 X116.023 Y107.013 E.26557 ; wipe and retract
G1 X115.781 Y106.943 E.17832 ; wipe and retract
G1 X115.666 Y106.844 E.12576 ; wipe and retract
G1 X115.55 Y106.745 E.07294 ; wipe and retract
G1 X115.556 Y106.686 E.05249 ; wipe and retract
;WIPE_END
G92 E0 ; reset extrusion distance
G1 Z.56 F600 ; move to first perimeter point
G1 X115.44 Y106.736 F7200 ; move to first perimeter point
G1 X116.929 Y109.191 ; move to first perimeter point
G1 X116.947 Y109.184 ; move to first perimeter point
G1 X117.055 Y109.156 ; move to first perimeter point
G1 X117.174 Y109.132 ; move to first perimeter point
G1 X117.244 Y109.15 ; move to first perimeter point
G1 X117.359 Y109.187 ; move to first perimeter point
G1 X117.47 Y109.25 ; move to first perimeter point
G1 X117.585 Y109.331 ; move to first perimeter point
G1 X117.682 Y109.437 ; move to first perimeter point
G1 X117.73 Y109.5 ; move to first perimeter point
G1 X117.769 Y109.563 ; move to first perimeter point
G1 X117.811 Y109.646 ; move to first perimeter point
G1 X117.834 Y109.701 ; move to first perimeter point
G1 X117.854 Y109.772 ; move to first perimeter point
G1 X117.873 Y109.841 ; move to first perimeter point
G1 X117.885 Y109.972 ; move to first perimeter point
G1 X117.885 Y110.028 ; move to first perimeter point
G1 X117.873 Y110.159 ; move to first perimeter point
G1 X117.854 Y110.228 ; move to first perimeter point
G1 X117.834 Y110.299 ; move to first perimeter point
G1 X117.819 Y110.334 ; move to first perimeter point
G1 X117.479 Y110.194 ; move to first perimeter point
G1 Z.36 F600 ; move to first perimeter point
G1 E1.5 F1500 ;  ; unretract
G1 F720
G1 X117.315 Y110.409 E1.50426 ; perimeter
G1 X117.002 Y110.517 E1.50947 ; perimeter
G1 X116.815 Y110.482 E1.51246 ; perimeter
;WIDTH:0.441952
G1 X116.692 Y110.377 E1.51529 ; perimeter
;WIDTH:0.483904
G1 X116.57 Y110.272 E1.51838 ; perimeter
;WIDTH:0.525856
G1 X116.447 Y110.166 E1.52179 ; perimeter
G1 X116.445 Y110.123 E1.52269 ; perimeter
;WIDTH:0.522448
G1 X116.445 Y109.878 E1.52779 ; perimeter
G1 X116.535 Y109.778 E1.53059 ; perimeter
;WIDTH:0.481632
G1 X116.624 Y109.677 E1.53317 ; perimeter
;WIDTH:0.440816
G1 X116.714 Y109.577 E1.53552 ; perimeter
;WIDTH:0.399999
G1 X117.019 Y109.487 E1.54052 ; perimeter
G1 X117.266 Y109.566 E1.5446 ; perimeter
G1 X117.486 Y109.824 E1.54994 ; perimeter
G1 X117.48 Y110.134 E1.55482 ; perimeter
G1 E.50482 F2100 ; retract
;WIPE_START
G1 F5760
G1 X117.479 Y110.194 E.48404 ; wipe and retract
G1 X117.315 Y110.409 E.39038 ; wipe and retract
G1 X117.002 Y110.517 E.2757 ; wipe and retract
G1 X116.815 Y110.482 E.20981 ; wipe and retract
G1 X116.692 Y110.377 E.1538 ; wipe and retract
G1 X116.57 Y110.272 E.09805 ; wipe and retract
G1 X116.476 Y110.191 E.05482 ; wipe and retract
;WIPE_END
G92 E0 ; reset extrusion distance
G1 Z.56 F600 ; move to first perimeter point
G1 X116.362 Y110.213 F7200 ; move to first perimeter point
G1 X116.935 Y113.341 ; move to first perimeter point
G1 X116.947 Y113.472 ; move to first perimeter point
G1 X116.947 Y113.528 ; move to first perimeter point
G1 X116.935 Y113.659 ; move to first perimeter point
G1 X116.916 Y113.728 ; move to first perimeter point
G1 X116.896 Y113.799 ; move to first perimeter point
G1 X116.873 Y113.854 ; move to first perimeter point
G1 X116.858 Y113.884 ; move to first perimeter point
G1 X116.529 Y113.719 ; move to first perimeter point
G1 Z.36 F600 ; move to first perimeter point
G1 E1.5 F1500 ;  ; unretract
G1 F720
G1 X116.345 Y113.924 E1.50434 ; perimeter
G1 X116.024 Y114.013 E1.50958 ; perimeter
G1 X115.793 Y113.932 E1.51343 ; perimeter
G1 X115.598 Y113.723 E1.51793 ; perimeter
;WIDTH:0.436159
G1 X115.575 Y113.58 E1.52043 ; perimeter
;WIDTH:0.472319
G1 X115.553 Y113.436 E1.52316 ; perimeter
;WIDTH:0.508479
G1 X115.53 Y113.292 E1.52611 ; perimeter
G1 X115.696 Y113.063 E1.53184 ; perimeter
;WIDTH:0.504753
G1 X115.825 Y113.038 E1.53448 ; perimeter
;WIDTH:0.469835
G1 X115.953 Y113.012 E1.53691 ; perimeter
;WIDTH:0.434917
G1 X116.081 Y112.987 E1.53915 ; perimeter
;WIDTH:0.399999
G1 X116.315 Y113.053 E1.54298 ; perimeter
G1 X116.455 Y113.197 E1.54614 ; perimeter
G1 X116.554 Y113.352 E1.54903 ; perimeter
G1 X116.533 Y113.659 E1.55387 ; perimeter
G1 E.50387 F2100 ; retract
;WIPE_START
G1 F5760
G1 X116.529 Y113.719 E.48304 ; wipe and retract
G1 X116.345 Y113.924 E.38763 ; wipe and retract
G1 X116.024 Y114.013 E.27226 ; wipe and retract
G1 X115.793 Y113.932 E.18748 ; wipe and retract
G1 X115.598 Y113.723 E.08848 ; wipe and retract
G1 X115.582 Y113.624 E.05387 ; wipe and retract
;WIPE_END
G92 E0 ; reset extrusion distance
G1 Z.56 F600 ; move to first perimeter point
G1 X115.058 Y113.386 F7200 ; move to first perimeter point
G1 X114.793 Y114.021 ; move to first perimeter point
G1 X114.744 Y114.106 ; move to first perimeter point
G1 X114.718 Y114.137 ; move to first perimeter point
G1 X114.626 Y114.239 ; move to first perimeter point
G1 X114.533 Y114.339 ; move to first perimeter point
G1 X114.437 Y114.437 ; move to first perimeter point
G1 X114.339 Y114.533 ; move to first perimeter point
G1 X114.239 Y114.626 ; move to first perimeter point
G1 X114.137 Y114.718 ; move to first perimeter point
G1 X114.061 Y114.776 ; move to first perimeter point
G1 X114.021 Y114.793 ; move to first perimeter point
G1 X113.504 Y115.005 ; move to first perimeter point
G1 X113.496 Y115.008 ; move to first perimeter point
G1 X113.769 Y115.63 ; move to first perimeter point
G1 Z.36 F600 ; move to first perimeter point
G1 E1.5 F1500 ;  ; unretract
G1 F720
G1 X113.989 Y115.901 E1.50549 ; perimeter
G1 X113.981 Y116.251 E1.511 ; perimeter
G1 X113.811 Y116.473 E1.5154 ; perimeter
G1 X113.499 Y116.58 E1.52059 ; perimeter
G1 X113.304 Y116.541 E1.52372 ; perimeter
G1 X113.032 Y116.278 E1.52967 ; perimeter
G1 X113.006 Y115.935 E1.53508 ; perimeter
;WIDTH:0.43615
G1 X113.046 Y115.834 E1.53695 ; perimeter
;WIDTH:0.4723
G1 X113.085 Y115.732 E1.539 ; perimeter
;WIDTH:0.50845
G1 X113.125 Y115.63 E1.54122 ; perimeter
;WIDTH:0.52515
G1 X113.392 Y115.501 E1.54743 ; perimeter
G1 X113.518 Y115.544 E1.55022 ; perimeter
;WIDTH:0.483433
G1 X113.643 Y115.587 E1.55276 ; perimeter
;WIDTH:0.441716
G1 X113.712 Y115.611 E1.55404 ; perimeter
G1 E.50404 F2100 ; retract
;WIPE_START
G1 F5760
G1 X113.769 Y115.63 E.48323 ; wipe and retract
G1 X113.989 Y115.901 E.36233 ; wipe and retract
G1 X113.981 Y116.251 E.24107 ; wipe and retract
G1 X113.811 Y116.473 E.14422 ; wipe and retract
G1 X113.564 Y116.557 E.05404 ; wipe and retract
;WIPE_END
G92 E0 ; reset extrusion distance
G1 Z.56 F600 ; move to first perimeter point
G1 X113.601 Y116.941 F7200 ; move to first perimeter point
G1 X110.75 Y116.78 ; move to first perimeter point
G1 X110.703 Y116.696 ; move to first perimeter point
G1 X110.648 Y116.631 ; move to first perimeter point
G1 X110.606 Y116.585 ; move to first perimeter point
G1 X110.559 Y116.54 ; move to first perimeter point
G1 X110.465 Y116.468 ; move to first perimeter point
G1 X110.365 Y116.417 ; move to first perimeter point
G1 X110.275 Y116.378 ; move to first perimeter point
G1 X110.184 Y116.356 ; move to first perimeter point
G1 X110.129 Y116.346 ; move to first perimeter point
G1 X110.089 Y116.341 ; move to first perimeter point
G1 X110.041 Y116.338 ; move to first perimeter point
G1 X110 Y116.336 ; move to first perimeter point
G1 X109.959 Y116.338 ; move to first perimeter point
G1 X109.911 Y116.341 ; move to first perimeter point
G1 X109.871 Y116.346 ; move to first perimeter point
G1 X109.816 Y116.356 ; move to first perimeter point
G1 X109.725 Y116.378 ; move to first perimeter point
G1 X109.635 Y116.417 ; move to first perimeter point
G1 X109.535 Y116.468 ; move to first perimeter point
G1 X109.441 Y116.54 ; move to first perimeter point
G1 X109.394 Y116.585 ; move to first perimeter point
G1 X109.352 Y116.631 ; move to first perimeter point
G1 X109.297 Y116.696 ; move to first perimeter point
G1 X109.275 Y116.74 ; move to first perimeter point
G1 X109.506 Y116.878 ; move to first perimeter point
G1 Z.36 F600 ; move to first perimeter point
G1 E1.5 F1500 ;  ; unretract
;WIDTH:0.399999
G1 F720
G1 X109.651 Y116.618 E1.50469 ; perimeter
;WIDTH:0.449775
G1 X109.815 Y116.526 E1.50804 ; perimeter
;WIDTH:0.499551
G1 X109.98 Y116.434 E1.5118 ; perimeter
G1 X110.171 Y116.486 E1.51573 ; perimeter
;WIDTH:0.455955
G1 X110.306 Y116.616 E1.51912 ; perimeter
;WIDTH:0.427977
G1 X110.441 Y116.747 E1.5223 ; perimeter
;WIDTH:0.399999
G1 X110.494 Y116.878 E1.52452 ; perimeter
G1 X110.473 Y117.207 E1.52971 ; perimeter
G1 X110.321 Y117.405 E1.53364 ; perimeter
G1 X109.983 Y117.517 E1.53924 ; perimeter
G1 X109.734 Y117.435 E1.54337 ; perimeter
G1 X109.525 Y117.204 E1.54827 ; perimeter
G1 X109.51 Y116.938 E1.55246 ; perimeter
G1 E.50246 F2100 ; retract
;WIPE_START
G1 F5760
G1 X109.506 Y116.878 E.48163 ; wipe and retract
G1 X109.651 Y116.618 E.37852 ; wipe and retract
G1 X109.815 Y116.526 E.31339 ; wipe and retract
G1 X109.98 Y116.434 E.24796 ; wipe and retract
G1 X110.171 Y116.486 E.1794 ; wipe and retract
G1 X110.306 Y116.616 E.11449 ; wipe and retract
G1 X110.434 Y116.741 E.05246 ; wipe and retract
;WIPE_END
G92 E0 ; reset extrusion distance
G1 Z.56 F600 ; move to first perimeter point
G1 X110.594 Y116.573 F7200 ; move to first perimeter point
G1 X110.559 Y116.54 ; move to first perimeter point
G1 X110.465 Y116.468 ; move to first perimeter point
G1 X110.365 Y116.417 ; move to first perimeter point
G1 X110.275 Y116.378 ; move to first perimeter point
G1 X110.184 Y116.356 ; move to first perimeter point
G1 X110.129 Y116.346 ; move to first perimeter point
G1 X110.089 Y116.341 ; move to first perimeter point
G1 X110.041 Y116.338 ; move to first perimeter point
G1 X110 Y116.336 ; move to first perimeter point
G1 X109.959 Y116.338 ; move to first perimeter point
G1 X109.911 Y116.341 ; move to first perimeter point
G1 X109.871 Y116.346 ; move to first perimeter point
G1 X109.816 Y116.356 ; move to first perimeter point
G1 X109.725 Y116.378 ; move to first perimeter point
G1 X109.635 Y116.417 ; move to first perimeter point
G1 X109.535 Y116.468 ; move to first perimeter point
G1 X109.441 Y116.54 ; move to first perimeter point
G1 X109.394 Y116.585 ; move to first perimeter point
G1 X109.352 Y116.631 ; move to first perimeter point
G1 X109.298 Y116.694 ; move to first perimeter point
G1 X106.451 Y116.945 ; move to first perimeter point
G1 X106.472 Y116.577 ; move to first perimeter point
G1 Z.36 F600 ; move to first perimeter point
G1 E1.5 F1500 ;  ; unretract
G1 F720
G1 X106.231 Y116.494 E1.50401 ; perimeter
G1 X106.014 Y116.239 E1.50928 ; perimeter
G1 X106.024 Y115.862 E1.51522 ; perimeter
G1 X106.205 Y115.643 E1.51969 ; perimeter
;WIDTH:0.419346
G1 X106.521 Y115.539 E1.52519 ; perimeter
;WIDTH:0.463381
G1 X106.656 Y115.558 E1.52769 ; perimeter
;WIDTH:0.507415
G1 X106.79 Y115.577 E1.53042 ; perimeter
G1 X106.871 Y115.688 E1.5332 ; perimeter
;WIDTH:0.467338
G1 X106.951 Y115.8 E1.53575 ; perimeter
;WIDTH:0.42726
G1 X106.994 Y115.996 E1.53914 ; perimeter
;WIDTH:0.399999
G1 X106.959 Y116.293 E1.54385 ; perimeter
G1 X106.783 Y116.487 E1.54797 ; perimeter
G1 X106.529 Y116.561 E1.55213 ; perimeter
G1 E.50213 F2100 ; retract
;WIPE_START
G1 F5760
G1 X106.472 Y116.577 E.48162 ; wipe and retract
G1 X106.231 Y116.494 E.39334 ; wipe and retract
G1 X106.014 Y116.239 E.27737 ; wipe and retract
G1 X106.024 Y115.862 E.14675 ; wipe and retract
G1 X106.198 Y115.651 E.05213 ; wipe and retract
;WIPE_END
G92 E0 ; reset extrusion distance
G1 Z.56 F600 ; move to first perimeter point
G1 X106.118 Y115.421 F7200 ; move to first perimeter point
G1 X103.454 Y114.24 ; move to first perimeter point
G1 X103.669 Y113.932 ; move to first perimeter point
G1 Z.36 F600 ; move to first perimeter point
G1 E1.5 F1500 ;  ; unretract
G1 F720
G1 X103.456 Y113.688 E1.5051 ; perimeter
G1 X103.456 Y113.312 E1.51102 ; perimeter
G1 X103.641 Y113.082 E1.51567 ; perimeter
G1 X103.957 Y112.987 E1.52086 ; perimeter
;WIDTH:0.448652
G1 X104.241 Y113.069 E1.52611 ; perimeter
;WIDTH:0.478566
G1 X104.356 Y113.181 E1.52916 ; perimeter
;WIDTH:0.508479
G1 X104.47 Y113.292 E1.53238 ; perimeter
G1 X104.446 Y113.438 E1.53538 ; perimeter
;WIDTH:0.472319
G1 X104.421 Y113.584 E1.53816 ; perimeter
;WIDTH:0.436159
G1 X104.397 Y113.731 E1.54073 ; perimeter
;WIDTH:0.399999
G1 X104.22 Y113.924 E1.54485 ; perimeter
G1 X103.899 Y114.013 E1.55009 ; perimeter
G1 X103.725 Y113.952 E1.55299 ; perimeter
G1 E.50299 F2100 ; retract
;WIPE_START
G1 F5760
G1 X103.669 Y113.932 E.48239 ; wipe and retract
G1 X103.456 Y113.688 E.37021 ; wipe and retract
G1 X103.456 Y113.312 E.23998 ; wipe and retract
G1 X103.641 Y113.082 E.13775 ; wipe and retract
G1 X103.875 Y113.011 E.05299 ; wipe and retract
;WIPE_END
G92 E0 ; reset extrusion distance
G1 Z.56 F600 ; move to first perimeter point
G1 X103.896 Y112.75 F7200 ; move to first perimeter point
G1 X102.27 Y110.5 ; move to first perimeter point
G1 X102.231 Y110.437 ; move to first perimeter point
G1 X102.189 Y110.354 ; move to first perimeter point
G1 X102.166 Y110.299 ; move to first perimeter point
G1 X102.146 Y110.228 ; move to first perimeter point
G1 X102.127 Y110.159 ; move to first perimeter point
G1 X102.115 Y110.028 ; move to first perimeter point
G1 X102.115 Y109.972 ; move to first perimeter point
G1 X102.127 Y109.841 ; move to first perimeter point
G1 X102.146 Y109.772 ; move to first perimeter point
G1 X102.166 Y109.702 ; move to first perimeter point
G1 X102.189 Y109.646 ; move to first perimeter point
G1 X102.231 Y109.563 ; move to first perimeter point
G1 X102.27 Y109.5 ; move to first perimeter point
G1 X102.318 Y109.437 ; move to first perimeter point
G1 X102.415 Y109.331 ; move to first perimeter point
G1 X102.473 Y109.29 ; move to first perimeter point
G1 X102.684 Y109.592 ; move to first perimeter point
G1 Z.36 F600 ; move to first perimeter point
G1 E1.5 F1500 ;  ; unretract
G1 F720
G1 X102.985 Y109.483 E1.50504 ; perimeter
G1 X103.269 Y109.568 E1.50971 ; perimeter
;WIDTH:0.437838
G1 X103.363 Y109.672 E1.51214 ; perimeter
;WIDTH:0.475676
G1 X103.457 Y109.775 E1.51477 ; perimeter
;WIDTH:0.513514
G1 X103.55 Y109.878 E1.51761 ; perimeter
;WIDTH:0.516591
G1 X103.55 Y110.153 E1.52327 ; perimeter
G1 X103.461 Y110.243 E1.52588 ; perimeter
;WIDTH:0.477727
G1 X103.372 Y110.334 E1.52829 ; perimeter
;WIDTH:0.438863
G1 X103.283 Y110.424 E1.53049 ; perimeter
;WIDTH:0.399999
G1 X103.056 Y110.509 E1.5343 ; perimeter
G1 X102.782 Y110.469 E1.53866 ; perimeter
G1 X102.544 Y110.236 E1.5439 ; perimeter
G1 X102.506 Y110.122 E1.54579 ; perimeter
G1 X102.521 Y109.806 E1.55077 ; perimeter
G1 X102.647 Y109.64 E1.55405 ; perimeter
G1 E.50405 F2100 ; retract
;WIPE_START
G1 F5760
G1 X102.684 Y109.592 E.48306 ; wipe and retract
G1 X102.985 Y109.483 E.37218 ; wipe and retract
G1 X103.269 Y109.568 E.2695 ; wipe and retract
G1 X103.363 Y109.672 E.22095 ; wipe and retract
G1 X103.457 Y109.775 E.17265 ; wipe and retract
G1 X103.55 Y109.878 E.12459 ; wipe and retract
G1 X103.55 Y110.082 E.05405 ; wipe and retract
;WIPE_END
G92 E0 ; reset extrusion distance
G1 Z.56 F600 ; move to first infill point
G1 X101.426 Y116.867 F7200 ; move to first infill point
G1 Z.36 F600 ; move to first infill point
G1 E1.5 F1500 ;  ; unretract
;TYPE:Solid infill
;WIDTH:0.36146
G1 F1800
G1 X102.092 Y117.578 E1.51377 ; infill
G1 X101.555 Y117.005 E1.52487 ; infill
G1 X101.555 Y117.005 F7200 ; move to first infill point
G1 X100.818 Y115.819 ; move to first infill point
G1 F1800
G1 X100.798 Y115.89 E1.52591 ; infill
G1 X100.87 Y115.871 E1.52696 ; infill
G1 X100.859 Y115.83 E1.52756 ; infill
;WIDTH:0.399999
G1 X101.043 Y116.128 E1.53307 ; infill
G1 X103.875 Y118.96 E1.5961 ; infill
G1 X104.173 Y119.141 E1.60159 ; infill
;WIDTH:0.36146
G1 X104.184 Y119.182 E1.60219 ; infill
G1 X104.113 Y119.201 E1.60323 ; infill
G1 X104.132 Y119.13 E1.60427 ; infill
G1 X104.132 Y119.13 F7200 ; move to first infill point
G1 X105.468 Y119.879 ; move to first infill point
G1 F1800
G1 X105.479 Y119.921 E1.60488 ; infill
G1 X105.408 Y119.94 E1.60592 ; infill
G1 X105.427 Y119.868 E1.60697 ; infill
;WIDTH:0.399999
G1 X105.171 Y119.72 E1.61162 ; infill
G1 X100.28 Y114.829 E1.72048 ; infill
G1 X100.28 Y114.829 F7200 ; move to first infill point
G1 X99.859 Y113.873 ; move to first infill point
G1 F1800
G1 X106.129 Y120.143 E1.86003 ; infill
G1 X106.385 Y120.27 E1.86453 ; infill
;WIDTH:0.36146
G1 X106.366 Y120.341 E1.86557 ; infill
G1 X106.437 Y120.322 E1.86661 ; infill
G1 X106.426 Y120.281 E1.86721 ; infill
;WIDTH:0.399999
G1 X106.928 Y120.407 E1.87536 ; infill
G1 X99.584 Y113.063 E2.03881 ; infill
G1 X99.4 Y112.343 E2.05051 ; infill
G1 X107.66 Y120.603 E2.23435 ; infill
G1 X108.316 Y120.724 E2.24485 ; infill
G1 X99.281 Y111.689 E2.44594 ; infill
G1 X99.2 Y111.073 E2.45572 ; infill
G1 X108.928 Y120.801 E2.67223 ; infill
G1 X109.184 Y120.881 E2.67645 ; infill
;WIDTH:0.36146
G1 X109.165 Y120.952 E2.67749 ; infill
G1 X109.237 Y120.933 E2.67854 ; infill
G1 X109.226 Y120.892 E2.67914 ; infill
G1 E1.17914 F2100 ; retract
G92 E0 ; reset extrusion distance
G1 X109.226 Y120.892 Z.56 F7200 ; move to first infill point
G1 X102.409 Y113.746 ; move to first infill point
G1 Z.36 F600 ; move to first infill point
G1 E1.5 F1500 ;  ; unretract
;WIDTH:0.399999
G1 F1800
G1 X99.153 Y110.49 E1.57247 ; infill
G1 X99.146 Y109.948 E1.581 ; infill
G1 X102.429 Y113.231 E1.65407 ; infill
G1 X102.549 Y112.816 E1.66087 ; infill
G1 X99.166 Y109.433 E1.73616 ; infill
G1 X99.199 Y108.931 E1.74408 ; infill
G1 X102.765 Y112.496 E1.82344 ; infill
G1 X103.042 Y112.238 E1.8294 ; infill
G1 X99.257 Y108.453 E1.91364 ; infill
G1 X99.321 Y108.051 E1.92005 ; infill
G1 X99.391 Y108.051 E1.92115 ; infill
G1 X101.465 Y110.126 E1.96732 ; infill
G1 X101.473 Y109.772 E1.97289 ; infill
G1 X101.574 Y109.38 E1.97926 ; infill
G1 X101.8 Y109.02 E1.98595 ; infill
G1 X102.162 Y108.694 E1.99362 ; infill
G1 X102.55 Y108.534 E2.00023 ; infill
G1 X99.94 Y105.924 E2.05832 ; infill
G1 X99.653 Y106.708 E2.07146 ; infill
G1 X99.454 Y107.446 E2.08349 ; infill
G1 X99.362 Y107.867 E2.09027 ; infill
G1 X99.742 Y107.868 E2.09625 ; infill
G1 X101.195 Y109.32 E2.12858 ; infill
G1 X101.445 Y108.863 E2.13678 ; infill
G1 X101.843 Y108.457 E2.14573 ; infill
G1 X101.901 Y108.42 E2.14681 ; infill
G1 X100.089 Y106.608 E2.18714 ; infill
G1 X99.786 Y107.684 E2.20473 ; infill
G1 X100.157 Y107.747 E2.21065 ; infill
G1 X101.104 Y108.694 E2.23173 ; infill
G1 X101.349 Y108.404 E2.2377 ; infill
G1 X100.27 Y107.325 E2.26171 ; infill
G1 X100.206 Y107.564 E2.2656 ; infill
G1 E.7656 F2100 ; retract
G92 E0 ; reset extrusion distance
G1 X100.206 Y107.564 Z.56 F7200 ; move to first infill point
G1 X100.099 Y105.548 ; move to first infill point
G1 Z.36 F600 ; move to first infill point
G1 E1.5 F1500 ;  ; unretract
G1 F1800
G1 X102.994 Y108.443 E1.56443 ; infill
G1 X103.303 Y108.533 E1.5695 ; infill
;WIDTH:0.36146
G1 X103.284 Y108.604 E1.57054 ; infill
G1 X103.355 Y108.585 E1.57158 ; infill
G1 X103.344 Y108.544 E1.57218 ; infill
G1 X103.344 Y108.544 F7200 ; move to first infill point
G1 X102.641 Y107.16 ; move to first infill point
G1 F1800
G1 X102.841 Y107.394 E1.57653 ; infill
G1 X103.202 Y107.739 E1.58359 ; infill
G1 X103.443 Y107.901 E1.58769 ; infill
;WIDTH:0.399999
G1 X103.295 Y108.208 E1.59305 ; infill
G1 X100.273 Y105.186 E1.66031 ; infill
G1 X100.456 Y104.834 E1.66655 ; infill
G1 X102.423 Y106.801 E1.71033 ; infill
G1 X102.405 Y106.357 E1.71732 ; infill
G1 X102.459 Y106.021 E1.72268 ; infill
G1 X102.61 Y105.697 E1.72831 ; infill
G1 X102.917 Y105.326 E1.73589 ; infill
G1 X103.262 Y105.112 E1.74228 ; infill
G1 X103.723 Y104.971 E1.74987 ; infill
G1 X103.914 Y104.946 E1.7529 ; infill
G1 X104.447 Y105.032 E1.7614 ; infill
G1 X104.767 Y105.188 E1.767 ; infill
G1 X104.903 Y105.304 E1.76981 ; infill
G1 X105.307 Y104.899 E1.77881 ; infill
G1 X105.123 Y104.656 E1.78361 ; infill
G1 X104.984 Y104.254 E1.7903 ; infill
G1 X104.988 Y103.601 E1.80058 ; infill
G1 X105.149 Y103.17 E1.80782 ; infill
G1 X105.314 Y102.939 E1.81229 ; infill
G1 X105.699 Y102.612 E1.82024 ; infill
G1 X106.274 Y102.403 E1.82987 ; infill
G1 X106.827 Y102.424 E1.83858 ; infill
G1 X107.305 Y102.612 E1.84666 ; infill
G1 X107.718 Y103.02 E1.8558 ; infill
G1 X107.959 Y103.367 E1.86245 ; infill
G1 X108.504 Y103.236 E1.87127 ; infill
G1 X108.469 Y102.97 E1.87549 ; infill
G1 X108.485 Y102.676 E1.88012 ; infill
G1 X108.613 Y102.298 E1.8864 ; infill
G1 X108.889 Y101.911 E1.89388 ; infill
G1 X109.118 Y101.722 E1.89855 ; infill
G1 X109.615 Y101.503 E1.9071 ; infill
G1 X110.08 Y101.447 E1.91447 ; infill
G1 X110.425 Y101.508 E1.91998 ; infill
G1 X110.58 Y101.575 E1.92264 ; infill
G1 X108.361 Y99.356 E1.97203 ; infill
G1 X108.361 Y99.275 E1.9733 ; infill
G1 X106.973 Y99.572 E1.99564 ; infill
G1 X105.629 Y100.06 E2.01814 ; infill
G1 X104.992 Y100.366 E2.02926 ; infill
G1 X104.162 Y100.845 E2.04434 ; infill
G1 X103.212 Y101.525 E2.06273 ; infill
G1 X102.488 Y102.16 E2.07789 ; infill
G1 X101.689 Y103.012 E2.09627 ; infill
G1 X101.106 Y103.772 E2.11134 ; infill
G1 X100.545 Y104.667 E2.12796 ; infill
G1 X100.922 Y104.765 E2.13409 ; infill
G1 X102.094 Y105.936 E2.16016 ; infill
G1 X102.313 Y105.462 E2.16838 ; infill
G1 X102.637 Y105.066 E2.17643 ; infill
G1 X103.103 Y104.768 E2.18514 ; infill
G1 X103.475 Y104.632 E2.19137 ; infill
G1 X103.974 Y104.572 E2.19928 ; infill
G1 X104.507 Y104.658 E2.20778 ; infill
G1 X104.755 Y104.753 E2.21196 ; infill
G1 X104.606 Y104.252 E2.22019 ; infill
G1 X104.609 Y103.602 E2.23042 ; infill
G1 X104.648 Y103.398 E2.23369 ; infill
G1 X104.837 Y102.956 E2.24126 ; infill
G1 X105.061 Y102.658 E2.24713 ; infill
G1 X105.48 Y102.298 E2.25582 ; infill
G1 X106.144 Y102.047 E2.26699 ; infill
G1 X106.376 Y102.014 E2.27068 ; infill
G1 X107.011 Y102.08 E2.28073 ; infill
G1 X107.493 Y102.283 E2.28896 ; infill
G1 X108.092 Y102.86 E2.30205 ; infill
G1 X108.124 Y102.562 E2.30677 ; infill
G1 X108.302 Y102.082 E2.31483 ; infill
G1 X108.604 Y101.66 E2.323 ; infill
G1 X108.961 Y101.377 E2.33017 ; infill
G1 X109.594 Y101.124 E2.3409 ; infill
G1 X108.156 Y99.686 E2.37291 ; infill
G1 X107.081 Y99.936 E2.39028 ; infill
G1 X105.776 Y100.41 E2.41213 ; infill
G1 X105.169 Y100.701 E2.42272 ; infill
G1 X104.367 Y101.164 E2.43729 ; infill
G1 X103.447 Y101.822 E2.45509 ; infill
G1 X102.752 Y102.432 E2.46964 ; infill
G1 X101.978 Y103.258 E2.48745 ; infill
G1 X101.416 Y103.989 E2.50196 ; infill
G1 X101.024 Y104.605 E2.51345 ; infill
G1 X101.405 Y104.712 E2.51968 ; infill
G1 X101.98 Y105.287 E2.53248 ; infill
G1 X102.383 Y104.785 E2.54261 ; infill
G1 X102.824 Y104.489 E2.55097 ; infill
G1 X103.234 Y104.309 E2.55802 ; infill
G1 X103.723 Y104.2 E2.5659 ; infill
G1 X104.228 Y104.23 E2.57386 ; infill
G1 X104.231 Y103.6 E2.58377 ; infill
G1 X104.296 Y103.26 E2.58922 ; infill
G1 X104.525 Y102.742 E2.59813 ; infill
G1 X104.808 Y102.376 E2.60541 ; infill
G1 X105.291 Y101.97 E2.61534 ; infill
G1 X106.015 Y101.691 E2.62755 ; infill
G1 X106.402 Y101.636 E2.6337 ; infill
G1 X107.142 Y101.725 E2.64543 ; infill
G1 X107.668 Y101.947 E2.65442 ; infill
G1 X107.876 Y102.096 E2.65845 ; infill
G1 X108.05 Y101.781 E2.66411 ; infill
G1 X108.392 Y101.34 E2.67289 ; infill
G1 X108.803 Y101.033 E2.68096 ; infill
G1 X108.916 Y100.981 E2.68292 ; infill
G1 X108.037 Y100.102 E2.70248 ; infill
G1 X107.189 Y100.299 E2.71618 ; infill
G1 X105.923 Y100.759 E2.73738 ; infill
G1 X105.346 Y101.036 E2.74745 ; infill
G1 X104.573 Y101.482 E2.7615 ; infill
G1 X103.683 Y102.119 E2.77872 ; infill
G1 X103.015 Y102.705 E2.7927 ; infill
G1 X102.267 Y103.503 E2.80991 ; infill
G1 X101.727 Y104.207 E2.82387 ; infill
G1 X101.506 Y104.552 E2.83032 ; infill
G1 X101.948 Y104.638 E2.83741 ; infill
;WIDTH:0.48093
G1 X102.285 Y104.404 E2.84525 ; infill
;WIDTH:0.440465
G1 X102.621 Y104.169 E2.85239 ; infill
;WIDTH:0.399999
G1 X103.095 Y103.957 E2.86056 ; infill
G1 X103.638 Y103.831 E2.86933 ; infill
G1 X103.851 Y103.826 E2.87268 ; infill
G1 X103.884 Y103.316 E2.88072 ; infill
G1 X104.072 Y102.794 E2.88945 ; infill
;WIDTH:0.446921
G1 X104.329 Y102.317 E2.89903 ; infill
;WIDTH:0.484534
G1 X104.39 Y102.213 E2.90135 ; infill
;WIDTH:0.522146
G1 X104.451 Y102.109 E2.90386 ; infill
G1 X104.276 Y102.21 E2.90807 ; infill
;WIDTH:0.481431
G1 X104.1 Y102.311 E2.91195 ; infill
;WIDTH:0.440715
G1 X103.925 Y102.411 E2.91546 ; infill
;WIDTH:0.399999
G1 X103.483 Y102.798 E2.92471 ; infill
G1 X102.999 Y103.276 E2.93542 ; infill
G1 X102.556 Y103.748 E2.94561 ; infill
G1 X102.185 Y104.232 E2.95521 ; infill
;WIDTH:0.448364
G1 X102.043 Y104.475 E2.96021 ; infill
G1 X102.043 Y104.475 F7200 ; move to first infill point
G1 X103.418 Y103.378 ; move to first infill point
;WIDTH:0.496206
G1 F1800
G1 X103.376 Y103.42 E2.96138 ; infill
G1 X103.392 Y103.477 E2.96255 ; infill
G1 X103.449 Y103.493 E2.96372 ; infill
G1 X103.491 Y103.451 E2.96489 ; infill
G1 X103.476 Y103.393 E2.96607 ; infill
G1 X103.476 Y103.393 F7200 ; move to first infill point
G1 X104.451 Y102.109 ; move to first infill point
;WIDTH:0.522146
G1 F1800
G1 X104.656 Y101.947 E2.97151 ; infill
;WIDTH:0.48799
G1 X104.86 Y101.784 E2.97657 ; infill
;WIDTH:0.453834
G1 X105.302 Y101.524 E2.98579 ; infill
;WIDTH:0.485039
G1 X105.583 Y101.4 E2.99171 ; infill
;WIDTH:0.525302
G1 X105.864 Y101.277 E2.99814 ; infill
;WIDTH:0.539596
G1 X106.044 Y101.191 E3.00244 ; infill
;WIDTH:0.512838
G1 X106.126 Y101.144 E3.00437 ; infill
;WIDTH:0.48608
G1 X106.258 Y101.068 E3.00731 ; infill
;WIDTH:0.443039
G1 X106.39 Y100.992 E3.00998 ; infill
;WIDTH:0.399999
G1 X107.297 Y100.663 E3.02516 ; infill
G1 X107.918 Y100.518 E3.0352 ; infill
G1 X108.309 Y100.91 E3.04391 ; infill
G1 X108.058 Y101.136 E3.04923 ; infill
G1 X107.741 Y101.563 E3.0576 ; infill
G1 X107.422 Y101.43 E3.06304 ; infill
G1 X106.903 Y101.291 E3.0715 ; infill
;WIDTH:0.446532
G1 X106.589 Y101.273 E3.07706 ; infill
;WIDTH:0.493064
G1 X106.275 Y101.255 E3.08323 ; infill
;WIDTH:0.539596
G1 X105.961 Y101.238 E3.09 ; infill
G1 X105.961 Y101.238 F7200 ; move to first infill point
G1 X107.571 Y100.977 ; move to first infill point
;WIDTH:0.499378
G1 F1800
G1 X107.529 Y101.02 E3.09119 ; infill
G1 X107.544 Y101.077 E3.09236 ; infill
G1 X107.602 Y101.093 E3.09356 ; infill
G1 X107.644 Y101.051 E3.09474 ; infill
G1 X107.628 Y100.993 E3.09594 ; infill
G1 E1.59594 F2100 ; retract
G92 E0 ; reset extrusion distance
G1 X107.628 Y100.993 Z.56 F7200 ; move to first infill point
G1 X111.558 Y103.126 ; move to first infill point
G1 Z.36 F600 ; move to first infill point
G1 E1.5 F1500 ;  ; unretract
;WIDTH:0.514892
G1 F1800
G1 X111.515 Y103.17 E1.50126 ; infill
G1 X111.531 Y103.229 E1.50251 ; infill
G1 X111.59 Y103.245 E1.50376 ; infill
G1 X111.634 Y103.202 E1.50502 ; infill
G1 X111.618 Y103.142 E1.50629 ; infill
;WIDTH:0.399999
G1 X112.162 Y103.156 E1.51485 ; infill
G1 X111.442 Y102.436 E1.53087 ; infill
G1 X111.24 Y102.169 E1.53614 ; infill
;WIDTH:0.36146
G1 X110.819 Y101.743 E1.54461 ; infill
G1 X110.819 Y101.743 F7200 ; move to first infill point
G1 X112.4 Y102.859 ; move to first infill point
;WIDTH:0.399999
G1 F1800
G1 X108.763 Y99.222 E1.62556 ; infill
G1 X109.246 Y99.17 E1.63321 ; infill
G1 X112.695 Y102.619 E1.70997 ; infill
G1 X113.071 Y102.459 E1.7164 ; infill
G1 X109.761 Y99.149 E1.79007 ; infill
G1 X110.298 Y99.152 E1.79852 ; infill
G1 X113.531 Y102.384 E1.87046 ; infill
G1 X113.825 Y102.494 E1.8754 ; infill
;WIDTH:0.36146
G1 X113.836 Y102.535 E1.876 ; infill
G1 X113.765 Y102.554 E1.87704 ; infill
G1 X113.784 Y102.483 E1.87808 ; infill
;WIDTH:0.399999
G1 X114.28 Y102.598 E1.88609 ; infill
G1 X110.869 Y99.187 E1.96201 ; infill
G1 E.46201 F2100 ; retract
G92 E0 ; reset extrusion distance
G1 X110.869 Y99.187 Z.56 F7200 ; move to first infill point
G1 X114.824 Y104.748 ; move to first infill point
G1 Z.36 F600 ; move to first infill point
G1 E1.5 F1500 ;  ; unretract
G1 F1800
G1 X115.257 Y105.181 E1.50964 ; infill
G1 X115.097 Y105.43 E1.5143 ; infill
;WIDTH:0.36146
G1 X114.591 Y104.923 E1.52443 ; infill
;WIDTH:0.399999
G1 X114.989 Y104.378 E1.53505 ; infill
G1 X115.638 Y105.026 E1.54948 ; infill
G1 X116.345 Y105.037 E1.56061 ; infill
;WIDTH:0.36146
G1 X116.326 Y105.109 E1.56166 ; infill
G1 X116.397 Y105.09 E1.5627 ; infill
G1 X116.386 Y105.048 E1.56331 ; infill
;WIDTH:0.399999
G1 X116.091 Y104.945 E1.56823 ; infill
G1 X115.029 Y103.883 E1.59187 ; infill
G1 X114.85 Y103.168 E1.60347 ; infill
G1 X116.825 Y105.143 E1.64743 ; infill
G1 E.14743 F2100 ; retract
G92 E0 ; reset extrusion distance
G1 Z.56 F600 ; move to first infill point
G1 X116.493 Y105.729 F7200 ; move to first infill point
G1 X116.421 Y105.687 ; move to first infill point
G1 X112.252 Y104.209 ; move to first infill point
G1 X112.14 Y104.121 ; move to first infill point
G1 X112.105 Y104.096 ; move to first infill point
G1 X112.017 Y104.058 ; move to first infill point
G1 X111.887 Y104.016 ; move to first infill point
G1 X111.756 Y103.976 ; move to first infill point
G1 X111.624 Y103.939 ; move to first infill point
G1 X111.491 Y103.905 ; move to first infill point
G1 X111.358 Y103.874 ; move to first infill point
G1 X111.224 Y103.846 ; move to first infill point
G1 X111.184 Y103.838 ; move to first infill point
G1 X108.871 Y103.834 ; move to first infill point
G1 X108.776 Y103.846 ; move to first infill point
G1 X108.642 Y103.874 ; move to first infill point
G1 X108.509 Y103.905 ; move to first infill point
G1 X108.376 Y103.939 ; move to first infill point
G1 X108.244 Y103.976 ; move to first infill point
G1 X108.113 Y104.016 ; move to first infill point
G1 X107.983 Y104.058 ; move to first infill point
G1 X107.944 Y104.072 ; move to first infill point
G1 X105.939 Y105.224 ; move to first infill point
G1 X105.863 Y105.283 ; move to first infill point
G1 X105.761 Y105.374 ; move to first infill point
G1 X105.661 Y105.467 ; move to first infill point
G1 X105.563 Y105.563 ; move to first infill point
G1 X105.467 Y105.661 ; move to first infill point
G1 X105.374 Y105.761 ; move to first infill point
G1 X105.282 Y105.863 ; move to first infill point
G1 X105.256 Y105.894 ; move to first infill point
G1 X104.096 Y107.895 ; move to first infill point
G1 X104.058 Y107.983 ; move to first infill point
G1 X104.016 Y108.113 ; move to first infill point
G1 X103.976 Y108.244 ; move to first infill point
G1 X103.939 Y108.376 ; move to first infill point
G1 X103.905 Y108.509 ; move to first infill point
G1 X103.874 Y108.642 ; move to first infill point
G1 X103.846 Y108.776 ; move to first infill point
G1 X103.838 Y108.816 ; move to first infill point
G1 X103.834 Y111.129 ; move to first infill point
G1 X103.846 Y111.224 ; move to first infill point
G1 X103.874 Y111.358 ; move to first infill point
G1 X103.905 Y111.491 ; move to first infill point
G1 X103.939 Y111.624 ; move to first infill point
G1 X103.976 Y111.756 ; move to first infill point
G1 X103.988 Y111.795 ; move to first infill point
G1 X103.997 Y111.823 ; move to first infill point
G1 X103.357 Y112.018 ; move to first infill point
G1 Z.36 F600 ; move to first infill point
G1 E1.5 F1500 ;  ; unretract
G1 F1800
G1 X102.887 Y111.548 E1.51046 ; infill
G1 X102.65 Y111.374 E1.51509 ; infill
;WIDTH:0.36146
G1 X102.661 Y111.415 E1.51569 ; infill
G1 X102.59 Y111.434 E1.51673 ; infill
G1 X102.609 Y111.363 E1.51777 ; infill
G1 E.01777 F2100 ; retract
G92 E0 ; reset extrusion distance
G1 X102.609 Y111.363 Z.56 F7200 ; move to first infill point
G1 X102.571 Y114.014 ; move to first infill point
G1 Z.36 F600 ; move to first infill point
G1 E1.5 F1500 ;  ; unretract
G1 F1800
G1 X102.68 Y114.187 E1.50289 ; infill
G1 X103.108 Y114.64 E1.5117 ; infill
G1 X103.421 Y114.87 E1.51719 ; infill
;WIDTH:0.399999
G1 X103.689 Y115.027 E1.52208 ; infill
G1 X104.975 Y116.312 E1.55069 ; infill
G1 X105.129 Y116.58 E1.55555 ; infill
;WIDTH:0.36146
G1 X105.417 Y116.949 E1.56217 ; infill
G1 X105.8 Y117.311 E1.56962 ; infill
G1 X105.989 Y117.441 E1.57286 ; infill
;WIDTH:0.399999
G1 X106.257 Y117.594 E1.57772 ; infill
G1 X109.501 Y120.838 E1.64992 ; infill
G1 X110.047 Y120.849 E1.65851 ; infill
G1 X106.784 Y117.586 E1.73113 ; infill
G1 X107.179 Y117.446 E1.73773 ; infill
G1 X110.571 Y120.838 E1.81322 ; infill
G1 X111.072 Y120.804 E1.82112 ; infill
G1 X107.502 Y117.234 E1.90058 ; infill
G1 X107.76 Y116.956 E1.90655 ; infill
G1 X111.546 Y120.742 E1.99081 ; infill
G1 E.49081 F2100 ; retract
G92 E0 ; reset extrusion distance
G1 X111.546 Y120.742 Z.56 F7200 ; move to first infill point
G1 X110.058 Y118.544 ; move to first infill point
G1 Z.36 F600 ; move to first infill point
G1 E1.5 F1500 ;  ; unretract
G1 F1800
G1 X110.361 Y118.503 E1.50481 ; infill
G1 X110.866 Y118.288 E1.51345 ; infill
G1 X111.162 Y118.03 E1.51963 ; infill
G1 X111.39 Y117.696 E1.52599 ; infill
G1 X111.473 Y117.457 E1.52997 ; infill
G1 X114.07 Y120.054 E1.58777 ; infill
G1 X113.261 Y120.357 E1.60137 ; infill
G1 X111.956 Y120.675 E1.62251 ; infill
G1 X111.947 Y120.608 E1.62357 ; infill
G1 X109.871 Y118.532 E1.66977 ; infill
G1 X109.871 Y118.532 F7200 ; move to first infill point
G1 X110.661 Y118.786 ; move to first infill point
G1 F1800
G1 X112.12 Y120.246 E1.70225 ; infill
G1 X113.149 Y119.995 E1.71892 ; infill
G1 X113.386 Y119.906 E1.7229 ; infill
G1 X111.578 Y118.097 E1.76315 ; infill
G1 X111.418 Y118.308 E1.76732 ; infill
G1 X111.014 Y118.636 E1.77551 ; infill
G1 X110.835 Y118.712 E1.77857 ; infill
G1 X111.303 Y118.893 E1.78647 ; infill
G1 X112.237 Y119.827 E1.80726 ; infill
G1 X112.668 Y119.722 E1.81424 ; infill
G1 X111.601 Y118.655 E1.83799 ; infill
G1 X111.451 Y118.775 E1.84101 ; infill
G1 X111.532 Y116.981 F7200 ; move to first infill point
G1 F1800
G1 X114.452 Y119.901 E1.906 ; infill
G1 X114.814 Y119.727 E1.91232 ; infill
G1 X111.789 Y116.703 E1.97964 ; infill
G1 X112.082 Y116.553 E1.98482 ; infill
;WIDTH:0.36146
G1 X112.262 Y116.798 E1.98912 ; infill
G1 X112.727 Y117.271 E1.9985 ; infill
;WIDTH:0.399999
G1 X113.189 Y117.567 E2.00714 ; infill
G1 X115.165 Y119.543 E2.05112 ; infill
G1 X115.834 Y119.157 E2.06328 ; infill
G1 X116.614 Y118.611 E2.07826 ; infill
G1 X117.5 Y117.852 E2.09662 ; infill
G1 X118.467 Y116.799 E2.11912 ; infill
G1 X118.891 Y116.234 E2.13024 ; infill
G1 X119.406 Y115.425 E2.14533 ; infill
G1 X119.934 Y114.384 E2.1637 ; infill
G1 X120.423 Y113.043 E2.18616 ; infill
G1 X120.693 Y111.889 E2.20481 ; infill
G1 X120.728 Y111.646 E2.20867 ; infill
G1 X120.651 Y111.646 E2.20988 ; infill
G1 X118.435 Y109.429 E2.25921 ; infill
G1 X118.49 Y109.569 E2.26158 ; infill
G1 X118.532 Y110.175 E2.27114 ; infill
G1 X118.429 Y110.615 E2.27825 ; infill
G1 X118.199 Y110.98 E2.28504 ; infill
G1 X117.831 Y111.31 E2.29282 ; infill
G1 X117.338 Y111.509 E2.30119 ; infill
G1 X116.991 Y111.556 E2.3067 ; infill
G1 X116.768 Y111.529 E2.31024 ; infill
G1 X116.619 Y112.065 E2.319 ; infill
G1 X116.876 Y112.179 E2.32342 ; infill
G1 X117.266 Y112.541 E2.33179 ; infill
G1 X117.459 Y112.817 E2.33709 ; infill
G1 X117.557 Y113.082 E2.34154 ; infill
G1 X117.596 Y113.602 E2.34975 ; infill
G1 X117.542 Y113.976 E2.3557 ; infill
G1 X117.412 Y114.268 E2.36073 ; infill
G1 X117.159 Y114.602 E2.36732 ; infill
G1 X116.827 Y114.847 E2.37381 ; infill
G1 X116.468 Y114.987 E2.37987 ; infill
G1 X116.077 Y115.054 E2.38611 ; infill
G1 X115.535 Y114.962 E2.39476 ; infill
G1 X115.233 Y114.813 E2.40006 ; infill
G1 X115.097 Y114.696 E2.40288 ; infill
G1 X114.693 Y115.101 E2.41188 ; infill
G1 X114.941 Y115.475 E2.41894 ; infill
G1 X115.034 Y115.956 E2.42665 ; infill
G1 X115.003 Y116.457 E2.43455 ; infill
G1 X114.8 Y116.905 E2.44229 ; infill
G1 X114.446 Y117.294 E2.45057 ; infill
G1 X113.95 Y117.534 E2.45924 ; infill
G1 X113.458 Y117.617 E2.46709 ; infill
G1 X113.375 Y117.602 E2.46842 ; infill
G1 X114.053 Y117.895 E2.48004 ; infill
G1 X115.228 Y119.07 E2.50619 ; infill
G1 X115.803 Y118.717 E2.51681 ; infill
G1 X116.381 Y118.312 E2.52792 ; infill
G1 X117.236 Y117.579 E2.54564 ; infill
G1 X118.175 Y116.556 E2.56749 ; infill
G1 X118.579 Y116.018 E2.57808 ; infill
G1 X119.077 Y115.237 E2.59266 ; infill
G1 X119.586 Y114.233 E2.61038 ; infill
G1 X120.06 Y112.935 E2.63213 ; infill
G1 X120.315 Y111.845 E2.64975 ; infill
G1 X118.876 Y110.406 E2.68178 ; infill
G1 X118.753 Y110.811 E2.68844 ; infill
G1 X118.459 Y111.256 E2.69683 ; infill
G1 X118.057 Y111.619 E2.70535 ; infill
G1 X117.571 Y111.823 E2.71365 ; infill
G1 X117.156 Y111.922 E2.72036 ; infill
G1 X117.572 Y112.319 E2.72941 ; infill
G1 X117.81 Y112.675 E2.73615 ; infill
G1 X117.934 Y113.053 E2.74241 ; infill
G1 X117.974 Y113.574 E2.75063 ; infill
G1 X117.89 Y114.125 E2.7594 ; infill
G1 X117.718 Y114.49 E2.76575 ; infill
G1 X117.394 Y114.899 E2.77396 ; infill
G1 X116.968 Y115.198 E2.78215 ; infill
G1 X116.544 Y115.358 E2.78928 ; infill
G1 X116.051 Y115.432 E2.79713 ; infill
G1 X115.473 Y115.336 E2.80635 ; infill
G1 X115.255 Y115.254 E2.81002 ; infill
G1 X115.337 Y115.473 E2.8137 ; infill
G1 X115.412 Y115.978 E2.82173 ; infill
G1 X115.373 Y116.539 E2.83058 ; infill
G1 X115.176 Y117.012 E2.83864 ; infill
G1 X114.795 Y117.493 E2.8483 ; infill
G1 X114.611 Y117.635 E2.85196 ; infill
G1 X114.226 Y117.821 E2.85869 ; infill
G1 X114.703 Y118.011 E2.86677 ; infill
G1 X115.29 Y118.597 E2.87982 ; infill
G1 X116.017 Y118.105 E2.89364 ; infill
G1 X116.689 Y117.55 E2.90736 ; infill
G1 X117.157 Y117.106 E2.91751 ; infill
G1 X117.884 Y116.314 E2.93443 ; infill
G1 X118.268 Y115.802 E2.9445 ; infill
G1 X118.747 Y115.049 E2.95855 ; infill
G1 X119.238 Y114.082 E2.97562 ; infill
G1 X119.696 Y112.826 E2.99666 ; infill
G1 X119.898 Y111.963 E3.01061 ; infill
G1 X119.026 Y111.091 E3.03002 ; infill
G1 X118.719 Y111.531 E3.03846 ; infill
G1 X118.337 Y111.884 E3.04665 ; infill
G1 X117.885 Y112.105 E3.05457 ; infill
G1 X118.161 Y112.533 E3.06258 ; infill
G1 X118.275 Y112.826 E3.06753 ; infill
G1 X118.351 Y113.545 E3.07891 ; infill
G1 X118.306 Y114.03 E3.08658 ; infill
G1 X118.129 Y114.529 E3.09491 ; infill
G1 X117.81 Y115.008 E3.10397 ; infill
G1 X117.618 Y115.204 E3.10829 ; infill
G1 X117.212 Y115.501 E3.11621 ; infill
G1 X116.62 Y115.729 E3.12619 ; infill
G1 X116.013 Y115.809 E3.13583 ; infill
G1 X115.78 Y115.776 E3.13953 ; infill
G1 X115.767 Y116.41 E3.14951 ; infill
G1 X115.684 Y116.801 E3.1558 ; infill
G1 X115.431 Y117.326 E3.16497 ; infill
G1 X115.082 Y117.74 E3.17349 ; infill
G1 X114.857 Y117.901 E3.17784 ; infill
G1 X115.29 Y118.062 E3.18511 ; infill
G1 X115.343 Y118.115 E3.18629 ; infill
G1 X115.917 Y117.713 E3.19732 ; infill
G1 X116.709 Y117.034 E3.21374 ; infill
G1 X117.592 Y116.072 E3.23429 ; infill
;WIDTH:0.428312
G1 X117.934 Y115.593 E3.24425 ; infill
;WIDTH:0.474378
G1 X118.049 Y115.371 E3.24896 ; infill
G1 X117.805 Y115.548 E3.25464 ; infill
;WIDTH:0.437189
G1 X117.56 Y115.725 E3.25986 ; infill
;WIDTH:0.399999
G1 X117.249 Y115.901 E3.26548 ; infill
G1 X116.696 Y116.1 E3.27473 ; infill
G1 X116.159 Y116.176 E3.28327 ; infill
G1 X116.113 Y116.701 E3.29156 ; infill
G1 X115.867 Y117.319 E3.30203 ; infill
G1 X115.663 Y117.643 E3.30806 ; infill
G1 X115.42 Y117.925 E3.31392 ; infill
G1 X115.42 Y117.925 F7200 ; move to first infill point
G1 X116.548 Y116.505 ; move to first infill point
;WIDTH:0.495472
G1 F1800
G1 X116.507 Y116.547 E3.31508 ; infill
G1 X116.522 Y116.604 E3.31624 ; infill
G1 X116.579 Y116.619 E3.3174 ; infill
G1 X116.621 Y116.577 E3.31857 ; infill
G1 X116.606 Y116.52 E3.31973 ; infill
G1 X116.606 Y116.52 F7200 ; move to first infill point
G1 X118.049 Y115.371 ; move to first infill point
;WIDTH:0.474378
G1 F1800
G1 X118.345 Y114.945 E3.3295 ; infill
;WIDTH:0.448468
G1 X118.608 Y114.433 E3.33972 ; infill
G1 X118.648 Y114.248 E3.34308 ; infill
;WIDTH:0.424956
G1 X118.683 Y114.081 E3.34594 ; infill
;WIDTH:0.40382
G1 X118.729 Y113.517 E3.35494 ; infill
;WIDTH:0.399999
G1 X118.638 Y112.718 E3.3676 ; infill
G1 X118.453 Y112.264 E3.37532 ; infill
G1 X118.681 Y112.087 E3.37986 ; infill
G1 X119.08 Y111.681 E3.38882 ; infill
G1 X119.482 Y112.082 E3.39776 ; infill
G1 X119.375 Y112.539 E3.40515 ; infill
G1 X119.205 Y113.068 E3.41389 ; infill
G1 X118.888 Y113.936 E3.42843 ; infill
;WIDTH:0.448468
G1 X118.608 Y114.433 E3.43856 ; infill
G1 E1.93856 F2100 ; retract
G92 E0 ; reset extrusion distance
G1 X118.608 Y114.433 Z.56 F7200 ; move to first infill point
G1 X119.014 Y112.354 ; move to first infill point
G1 Z.36 F600 ; move to first infill point
G1 E1.5 F1500 ;  ; unretract
;WIDTH:0.49202
G1 F1800
G1 X119.029 Y112.411 E1.50115 ; infill
G1 X118.987 Y112.453 E1.50231 ; infill
G1 X118.931 Y112.438 E1.50344 ; infill
G1 X118.915 Y112.381 E1.5046 ; infill
G1 X118.957 Y112.339 E1.50576 ; infill
G1 E.00576 F2100 ; retract
G92 E0 ; reset extrusion distance
G1 X118.957 Y112.339 Z.56 F7200 ; move to first infill point
G1 X118.248 Y109.172 ; move to first infill point
G1 Z.36 F600 ; move to first infill point
G1 E1.5 F1500 ;  ; unretract
;WIDTH:0.36146
G1 F1800
G1 X117.823 Y108.745 E1.50852 ; infill
;WIDTH:0.399999
G1 X117.556 Y108.55 E1.51372 ; infill
G1 X116.843 Y107.838 E1.52958 ; infill
G1 X116.498 Y107.873 E1.53504 ; infill
;WIDTH:0.36146
G1 X116.512 Y107.902 E1.5355 ; infill
;WIDTH:0.408936
G1 X116.612 Y108.073 E1.53869 ; infill
;WIDTH:0.456411
G1 X116.713 Y108.245 E1.5423 ; infill
;WIDTH:0.503886
G1 X116.813 Y108.416 E1.54627 ; infill
G1 X116.813 Y108.416 F7200 ; move to first infill point
G1 X117.149 Y107.608 ; move to first infill point
;WIDTH:0.399999
G1 F1800
G1 X120.785 Y111.244 E1.6272 ; infill
G1 X120.822 Y110.746 E1.63506 ; infill
G1 X117.385 Y107.309 E1.71156 ; infill
G1 X117.542 Y106.931 E1.718 ; infill
G1 X120.855 Y110.243 E1.79173 ; infill
G1 X120.85 Y109.703 E1.80023 ; infill
G1 X117.597 Y106.45 E1.87263 ; infill
G1 X117.499 Y106.155 E1.87752 ; infill
;WIDTH:0.36146
G1 X117.51 Y106.197 E1.87813 ; infill
G1 X117.439 Y106.216 E1.87917 ; infill
G1 X117.458 Y106.144 E1.88022 ; infill
;WIDTH:0.399999
G1 X117.39 Y105.708 E1.88716 ; infill
G1 X120.823 Y109.141 E1.96357 ; infill
G1 X120.911 Y108.765 E1.96965 ; infill
;WIDTH:0.36146
G1 X120.922 Y108.806 E1.97025 ; infill
G1 X120.851 Y108.825 E1.97129 ; infill
G1 X120.87 Y108.754 E1.97233 ; infill
;WIDTH:0.399999
G1 X120.748 Y108.53 E1.97634 ; infill
G1 X111.463 Y99.245 E2.18299 ; infill
G1 X112.104 Y99.351 E2.19321 ; infill
G1 X120.647 Y107.894 E2.38335 ; infill
G1 X120.489 Y107.201 E2.39454 ; infill
G1 X112.811 Y99.523 E2.56543 ; infill
G1 X113.299 Y99.554 E2.57313 ; infill
;WIDTH:0.36146
G1 X113.28 Y99.625 E2.57417 ; infill
G1 X113.351 Y99.606 E2.57521 ; infill
G1 X113.34 Y99.565 E2.57581 ; infill
;WIDTH:0.399999
G1 X113.577 Y99.754 E2.58058 ; infill
G1 X120.239 Y106.415 E2.72884 ; infill
G1 X120.434 Y106.65 E2.73365 ; infill
;WIDTH:0.36146
G1 X120.445 Y106.691 E2.73425 ; infill
G1 X120.374 Y106.71 E2.73529 ; infill
G1 X120.393 Y106.639 E2.73633 ; infill
G1 X120.393 Y106.639 F7200 ; move to first infill point
G1 X120.05 Y105.746 ; move to first infill point
G1 F1800
G1 X120.031 Y105.817 E2.73737 ; infill
G1 X120.102 Y105.798 E2.73841 ; infill
G1 X120.091 Y105.757 E2.73901 ; infill
;WIDTH:0.399999
G1 X119.881 Y105.522 E2.74397 ; infill
G1 X114.46 Y100.101 E2.86462 ; infill
G1 X114.222 Y99.896 E2.86956 ; infill
;WIDTH:0.36146
G1 X114.233 Y99.937 E2.87016 ; infill
G1 X114.162 Y99.956 E2.8712 ; infill
G1 X114.181 Y99.885 E2.87224 ; infill
G1 X114.181 Y99.885 F7200 ; move to first infill point
G1 X115.31 Y100.448 ; move to first infill point
G1 F1800
G1 X115.291 Y100.519 E2.87328 ; infill
G1 X115.362 Y100.5 E2.87432 ; infill
G1 X115.351 Y100.459 E2.87492 ; infill
;WIDTH:0.399999
G1 X119.31 Y104.416 E2.96301 ; infill
G1 X119.503 Y104.643 E2.9677 ; infill
;WIDTH:0.36146
G1 X119.484 Y104.714 E2.96874 ; infill
G1 X119.555 Y104.695 E2.96978 ; infill
G1 X119.544 Y104.654 E2.97038 ; infill
G1 X119.544 Y104.654 F7200 ; move to first infill point
G1 X119.148 Y103.915 ; move to first infill point
G1 F1800
G1 X118.521 Y103.175 E2.98409 ; infill
G1 X117.863 Y102.473 E2.99769 ; infill
G1 X117.177 Y101.801 E3.01126 ; infill
G1 X116.289 Y101.014 E3.02803 ; infill
G1 E1.52803 F2100 ; retract
G92 E0 ; reset extrusion distance
G1 X116.289 Y101.014 Z.56 F7200 ; move to first infill point
G1 X116.607 Y100.549 ; move to first infill point
G1 X115.223 Y106.94 ; move to first infill point
G1 X115.878 Y107.86 ; move to first infill point
G1 X115.928 Y107.944 ; move to first infill point
G1 X115.942 Y107.983 ; move to first infill point
G1 X115.984 Y108.113 ; move to first infill point
G1 X116.024 Y108.244 ; move to first infill point
G1 X116.061 Y108.376 ; move to first infill point
G1 X116.095 Y108.509 ; move to first infill point
G1 X116.126 Y108.642 ; move to first infill point
G1 X116.154 Y108.776 ; move to first infill point
G1 X116.166 Y108.871 ; move to first infill point
G1 X116.162 Y111.184 ; move to first infill point
G1 X116.154 Y111.224 ; move to first infill point
G1 X116.126 Y111.358 ; move to first infill point
G1 X116.095 Y111.491 ; move to first infill point
G1 X116.061 Y111.624 ; move to first infill point
G1 X116.024 Y111.756 ; move to first infill point
G1 X115.984 Y111.887 ; move to first infill point
G1 X115.942 Y112.017 ; move to first infill point
G1 X115.904 Y112.105 ; move to first infill point
G1 X114.744 Y114.106 ; move to first infill point
G1 X114.718 Y114.137 ; move to first infill point
G1 X114.626 Y114.239 ; move to first infill point
G1 X114.533 Y114.339 ; move to first infill point
G1 X114.437 Y114.437 ; move to first infill point
G1 X114.339 Y114.533 ; move to first infill point
G1 X114.239 Y114.626 ; move to first infill point
G1 X114.137 Y114.718 ; move to first infill point
G1 X114.061 Y114.776 ; move to first infill point
G1 X112.056 Y115.928 ; move to first infill point
G1 X112.017 Y115.942 ; move to first infill point
G1 X111.887 Y115.984 ; move to first infill point
G1 X111.756 Y116.024 ; move to first infill point
G1 X111.624 Y116.061 ; move to first infill point
G1 X111.491 Y116.095 ; move to first infill point
G1 X111.358 Y116.126 ; move to first infill point
G1 X111.224 Y116.154 ; move to first infill point
G1 X111.129 Y116.166 ; move to first infill point
G1 X108.816 Y116.162 ; move to first infill point
G1 X108.776 Y116.154 ; move to first infill point
G1 X108.642 Y116.126 ; move to first infill point
G1 X108.509 Y116.095 ; move to first infill point
G1 X108.376 Y116.061 ; move to first infill point
G1 X108.244 Y116.024 ; move to first infill point
G1 X108.172 Y116.002 ; move to first infill point
G1 X107.979 Y116.64 ; move to first infill point
G1 Z.36 F600 ; move to first infill point
G1 E1.5 F1500 ;  ; unretract
;WIDTH:0.399999
G1 F1800
G1 X108.468 Y117.129 E1.51088 ; infill
G1 X108.598 Y117.355 E1.51498 ; infill
;WIDTH:0.36146
G1 X108.579 Y117.426 E1.51602 ; infill
G1 X108.65 Y117.407 E1.51706 ; infill
G1 X108.639 Y117.366 E1.51766 ; infill
G1 E.01766 F2100 ; retract
G92 E0 ; reset extrusion distance
G1 X108.639 Y117.366 Z.56 F7200 ; move to first infill point
G1 X109.146 Y117.228 ; move to first infill point
G1 X106.383 Y116.939 ; move to first infill point
G1 X106.326 Y116.93 ; move to first infill point
G1 X106.256 Y116.912 ; move to first infill point
G1 X106.141 Y116.875 ; move to first infill point
G1 X106.03 Y116.812 ; move to first infill point
G1 X105.915 Y116.731 ; move to first infill point
G1 X105.818 Y116.625 ; move to first infill point
G1 X105.77 Y116.562 ; move to first infill point
G1 X105.731 Y116.5 ; move to first infill point
G1 X105.689 Y116.416 ; move to first infill point
G1 X105.666 Y116.361 ; move to first infill point
G1 X105.646 Y116.291 ; move to first infill point
G1 X105.627 Y116.221 ; move to first infill point
G1 X105.615 Y116.091 ; move to first infill point
G1 X105.615 Y116.034 ; move to first infill point
G1 X105.627 Y115.903 ; move to first infill point
G1 X104.976 Y115.778 ; move to first infill point
G1 Z.36 F600 ; move to first infill point
G1 E1.5 F1500 ;  ; unretract
;WIDTH:0.399999
G1 F1800
G1 X104.219 Y115.021 E1.51685 ; infill
G1 X104.219 Y115.021 F7200 ; move to first infill point
G1 X105.109 Y115.376 ; move to first infill point
G1 F1800
G1 X104.614 Y114.881 E1.52787 ; infill
G1 X104.898 Y114.661 E1.53352 ; infill
;WIDTH:0.36146
G1 X105.321 Y115.084 E1.54198 ; infill
; stop printing object anel_mes.stl id:0 copy 0
;LAYER_CHANGE
;Z:0.46
;HEIGHT:0.1
G1 Z.46 F600 ; simple layer change
;AFTER_LAYER_CHANGE
;0.46
; printing object anel_mes.stl id:0 copy 0
G1 E.04198 F2100 ; retract
G1 Z.66 F600 ; lift
G1 X107.436 Y120.842 F7200 ; move to first layer point
G1 Z.46 F600 ; move to first layer point
G1 E1.54198 F1500 ;  ; unretract
;TYPE:Perimeter
;WIDTH:0.399999
G1 X107.357 Y120.825 E1.54325 ; perimeter
G1 X106.654 Y120.628 E1.55474 ; perimeter
G1 X105.736 Y120.294 E1.57011 ; perimeter
G1 X104.85 Y119.881 E1.58549 ; perimeter
G1 X104.25 Y119.543 E1.59633 ; perimeter
G1 X103.814 Y119.268 E1.60444 ; perimeter
G1 X103.213 Y118.837 E1.61608 ; perimeter
G1 X102.806 Y118.505 E1.62435 ; perimeter
G1 X102.071 Y117.827 E1.64009 ; perimeter
G1 X101.363 Y117.037 E1.65679 ; perimeter
G1 X100.754 Y116.218 E1.67285 ; perimeter
G1 X100.477 Y115.785 E1.68094 ; perimeter
G1 X100.119 Y115.15 E1.69241 ; perimeter
G1 X99.706 Y114.264 E1.70779 ; perimeter
G1 X99.371 Y113.344 E1.7232 ; perimeter
G1 X99.208 Y112.769 E1.73261 ; perimeter
G1 X99.073 Y112.181 E1.7421 ; perimeter
G1 X98.932 Y111.266 E1.75667 ; perimeter
G1 X98.889 Y110.753 E1.76477 ; perimeter
G1 X98.858 Y110.032 E1.77613 ; perimeter
G1 X98.868 Y109.519 E1.78421 ; perimeter
G1 X98.923 Y108.792 E1.79568 ; perimeter
G1 X99.065 Y107.872 E1.81033 ; perimeter
G1 X99.176 Y107.357 E1.81862 ; perimeter
G1 X99.372 Y106.654 E1.83011 ; perimeter
G1 X99.682 Y105.801 E1.84439 ; perimeter
G1 X100.146 Y104.802 E1.86173 ; perimeter
G1 X100.433 Y104.291 E1.87095 ; perimeter
G1 X100.764 Y103.772 E1.88064 ; perimeter
G1 X101.354 Y102.974 E1.89626 ; perimeter
G1 X102.092 Y102.151 E1.91366 ; perimeter
G1 X102.47 Y101.787 E1.92192 ; perimeter
G1 X102.929 Y101.389 E1.93148 ; perimeter
G1 X103.383 Y101.036 E1.94053 ; perimeter
G1 X103.807 Y100.737 E1.9487 ; perimeter
G1 X104.321 Y100.414 E1.95825 ; perimeter
G1 X104.849 Y100.12 E1.96776 ; perimeter
G1 X105.736 Y99.706 E1.98317 ; perimeter
G1 X106.656 Y99.371 E1.99858 ; perimeter
G1 X107.231 Y99.208 E2.00799 ; perimeter
G1 X107.787 Y99.081 E2.01697 ; perimeter
G1 X108.3 Y98.988 E2.02518 ; perimeter
G1 X108.993 Y98.904 E2.03617 ; perimeter
G1 X109.511 Y98.868 E2.04434 ; perimeter
G1 X110.118 Y98.859 E2.05389 ; perimeter
G1 X110.732 Y98.881 E2.06356 ; perimeter
G1 X111.253 Y98.93 E2.0718 ; perimeter
G1 X112.239 Y99.086 E2.08751 ; perimeter
G1 X112.901 Y99.248 E2.09824 ; perimeter
G1 X113.409 Y99.395 E2.10656 ; perimeter
G1 X114.327 Y99.735 E2.12197 ; perimeter
G1 X115.199 Y100.147 E2.13715 ; perimeter
G1 X115.819 Y100.498 E2.14836 ; perimeter
G1 X116.316 Y100.828 E2.15775 ; perimeter
G1 X117.034 Y101.361 E2.17182 ; perimeter
G1 X117.849 Y102.092 E2.18905 ; perimeter
G1 X118.212 Y102.468 E2.19728 ; perimeter
G1 X118.686 Y103.022 E2.20875 ; perimeter
G1 X119.264 Y103.81 E2.22413 ; perimeter
G1 X119.772 Y104.647 E2.23954 ; perimeter
G1 X120.045 Y105.179 E2.24895 ; perimeter
G1 X120.294 Y105.734 E2.25852 ; perimeter
G1 X120.536 Y106.379 E2.26936 ; perimeter
G1 X120.694 Y106.872 E2.27751 ; perimeter
G1 X120.928 Y107.826 E2.29297 ; perimeter
G1 X121.077 Y108.792 E2.30835 ; perimeter
G1 X121.132 Y109.519 E2.31982 ; perimeter
G1 X121.142 Y110.032 E2.3279 ; perimeter
G1 X121.132 Y110.481 E2.33497 ; perimeter
G1 X121.077 Y111.208 E2.34644 ; perimeter
G1 X120.928 Y112.174 E2.36182 ; perimeter
G1 X120.709 Y113.07 E2.37634 ; perimeter
G1 X120.553 Y113.577 E2.38469 ; perimeter
G1 X120.296 Y114.259 E2.39616 ; perimeter
G1 X119.899 Y115.11 E2.41094 ; perimeter
G1 X119.652 Y115.567 E2.41912 ; perimeter
G1 X119.267 Y116.186 E2.43059 ; perimeter
G1 X118.715 Y116.939 E2.44528 ; perimeter
G1 X118.381 Y117.343 E2.45353 ; perimeter
G1 X117.882 Y117.875 E2.46501 ; perimeter
G1 X117.194 Y118.506 E2.4797 ; perimeter
G1 X116.787 Y118.837 E2.48796 ; perimeter
G1 X116.22 Y119.244 E2.49894 ; perimeter
G1 X115.785 Y119.523 E2.50707 ; perimeter
G1 X115.15 Y119.881 E2.51854 ; perimeter
G1 X114.264 Y120.294 E2.53392 ; perimeter
G1 X113.346 Y120.628 E2.54929 ; perimeter
G1 X112.691 Y120.811 E2.55999 ; perimeter
G1 X112.184 Y120.926 E2.56817 ; perimeter
G1 X111.253 Y121.07 E2.583 ; perimeter
G1 X110.734 Y121.118 E2.5912 ; perimeter
G1 X110.035 Y121.141 E2.60221 ; perimeter
G1 X109.519 Y121.132 E2.61033 ; perimeter
G1 X108.792 Y121.077 E2.6218 ; perimeter
G1 X107.872 Y120.935 E2.63645 ; perimeter
G1 X107.495 Y120.854 E2.64252 ; perimeter
G1 X107.495 Y120.854 F7200 ; move to first perimeter point
G1 X107.356 Y121.211 ; move to first perimeter point
G1 F1500
G1 X107.265 Y121.192 E2.64398 ; perimeter
G1 X106.539 Y120.989 E2.65584 ; perimeter
G1 X105.591 Y120.644 E2.67172 ; perimeter
G1 X104.677 Y120.218 E2.68759 ; perimeter
G1 X104.065 Y119.873 E2.69865 ; perimeter
G1 X103.602 Y119.581 E2.70726 ; perimeter
G1 X103.028 Y119.17 E2.71837 ; perimeter
G1 X102.599 Y118.83 E2.72698 ; perimeter
G1 X101.904 Y118.192 E2.74183 ; perimeter
G1 X101.507 Y117.785 E2.75078 ; perimeter
G1 X101.097 Y117.311 E2.76064 ; perimeter
G1 X100.444 Y116.435 E2.77784 ; perimeter
G1 X100.152 Y115.98 E2.78635 ; perimeter
G1 X99.782 Y115.323 E2.79822 ; perimeter
G1 X99.356 Y114.409 E2.81409 ; perimeter
G1 X99.011 Y113.46 E2.82998 ; perimeter
G1 X98.841 Y112.863 E2.83975 ; perimeter
G1 X98.701 Y112.252 E2.84962 ; perimeter
G1 X98.547 Y111.251 E2.86556 ; perimeter
G1 X98.493 Y110.55 E2.87662 ; perimeter
G1 X98.48 Y110.041 E2.88463 ; perimeter
G1 X98.49 Y109.501 E2.89313 ; perimeter
G1 X98.547 Y108.749 E2.905 ; perimeter
G1 X98.691 Y107.814 E2.91989 ; perimeter
G1 X98.808 Y107.265 E2.92872 ; perimeter
G1 X99.011 Y106.539 E2.94058 ; perimeter
G1 X99.356 Y105.591 E2.95646 ; perimeter
G1 X99.783 Y104.676 E2.97235 ; perimeter
G1 X100.085 Y104.134 E2.98211 ; perimeter
G1 X100.418 Y103.603 E2.99197 ; perimeter
G1 X101.017 Y102.786 E3.00791 ; perimeter
G1 X101.47 Y102.259 E3.01885 ; perimeter
G1 X101.853 Y101.853 E3.02763 ; perimeter
G1 X102.215 Y101.507 E3.03551 ; perimeter
G1 X102.689 Y101.097 E3.04537 ; perimeter
G1 X103.151 Y100.737 E3.05459 ; perimeter
G1 X103.598 Y100.421 E3.06321 ; perimeter
G1 X104.128 Y100.088 E3.07306 ; perimeter
G1 X104.676 Y99.783 E3.08293 ; perimeter
G1 X105.591 Y99.356 E3.09882 ; perimeter
G1 X106.54 Y99.011 E3.11471 ; perimeter
G1 X107.137 Y98.841 E3.12448 ; perimeter
G1 X107.703 Y98.711 E3.13362 ; perimeter
G1 X108.244 Y98.613 E3.14227 ; perimeter
G1 X108.947 Y98.529 E3.15341 ; perimeter
G1 X109.496 Y98.49 E3.16207 ; perimeter
G1 X110.122 Y98.48 E3.17192 ; perimeter
G1 X110.708 Y98.502 E3.18115 ; perimeter
G1 X111.248 Y98.547 E3.18968 ; perimeter
G1 X112.186 Y98.691 E3.20462 ; perimeter
G1 X112.735 Y98.808 E3.21345 ; perimeter
G1 X113.461 Y99.011 E3.22531 ; perimeter
G1 X114.409 Y99.356 E3.24119 ; perimeter
G1 X115.323 Y99.782 E3.25706 ; perimeter
G1 X115.935 Y100.127 E3.26812 ; perimeter
G1 X116.396 Y100.417 E3.27669 ; perimeter
G1 X117.214 Y101.017 E3.29266 ; perimeter
G1 X117.741 Y101.47 E3.3036 ; perimeter
G1 X118.111 Y101.819 E3.3116 ; perimeter
G1 X118.492 Y102.214 E3.32024 ; perimeter
G1 X118.983 Y102.786 E3.3321 ; perimeter
G1 X119.579 Y103.599 E3.34796 ; perimeter
G1 X120.103 Y104.462 E3.36385 ; perimeter
G1 X120.386 Y105.015 E3.37363 ; perimeter
G1 X120.644 Y105.59 E3.38355 ; perimeter
G1 X120.891 Y106.246 E3.39458 ; perimeter
G1 X121.059 Y106.77 E3.40324 ; perimeter
G1 X121.3 Y107.752 E3.41915 ; perimeter
G1 X121.453 Y108.749 E3.43502 ; perimeter
G1 X121.51 Y109.501 E3.44689 ; perimeter
G1 X121.52 Y110.041 E3.45539 ; perimeter
G1 X121.51 Y110.499 E3.4626 ; perimeter
G1 X121.453 Y111.251 E3.47447 ; perimeter
G1 X121.3 Y112.248 E3.49034 ; perimeter
G1 X121.076 Y113.16 E3.50512 ; perimeter
G1 X120.911 Y113.7 E3.51401 ; perimeter
G1 X120.645 Y114.406 E3.52588 ; perimeter
G1 X120.242 Y115.27 E3.54088 ; perimeter
G1 X119.979 Y115.758 E3.5496 ; perimeter
G1 X119.581 Y116.398 E3.56146 ; perimeter
G1 X119.02 Y117.163 E3.57639 ; perimeter
G1 X118.664 Y117.594 E3.58519 ; perimeter
G1 X118.149 Y118.144 E3.59705 ; perimeter
G1 X117.45 Y118.785 E3.61198 ; perimeter
G1 X117.016 Y119.139 E3.62079 ; perimeter
G1 X116.44 Y119.551 E3.63194 ; perimeter
G1 X115.98 Y119.848 E3.64056 ; perimeter
G1 X115.323 Y120.218 E3.65243 ; perimeter
G1 X114.409 Y120.644 E3.6683 ; perimeter
G1 X113.461 Y120.989 E3.68418 ; perimeter
G1 X112.793 Y121.176 E3.6951 ; perimeter
G1 X112.254 Y121.299 E3.7038 ; perimeter
G1 X111.31 Y121.444 E3.71883 ; perimeter
G1 X110.757 Y121.496 E3.72757 ; perimeter
G1 X110.047 Y121.52 E3.73875 ; perimeter
G1 X109.501 Y121.51 E3.74734 ; perimeter
G1 X108.749 Y121.453 E3.75921 ; perimeter
G1 X107.814 Y121.309 E3.7741 ; perimeter
G1 X107.415 Y121.224 E3.78052 ; perimeter
G1 X107.415 Y121.224 F7200 ; move to first perimeter point
G1 X107.277 Y121.582 ; move to first perimeter point
;TYPE:External perimeter
G1 F900
G1 X107.173 Y121.559 E3.7822 ; perimeter
G1 X106.423 Y121.349 E3.79446 ; perimeter
G1 X105.446 Y120.994 E3.81082 ; perimeter
G1 X104.504 Y120.555 E3.82718 ; perimeter
G1 X103.826 Y120.173 E3.83943 ; perimeter
G1 X103.39 Y119.895 E3.84757 ; perimeter
G1 X102.755 Y119.44 E3.85986 ; perimeter
G1 X102.353 Y119.117 E3.86798 ; perimeter
G1 X101.584 Y118.413 E3.88439 ; perimeter
G1 X101.227 Y118.04 E3.89252 ; perimeter
G1 X100.804 Y117.551 E3.9027 ; perimeter
G1 X100.403 Y117.036 E3.91297 ; perimeter
G1 X100.106 Y116.611 E3.92113 ; perimeter
G1 X99.827 Y116.174 E3.92929 ; perimeter
G1 X99.445 Y115.496 E3.94154 ; perimeter
G1 X99.006 Y114.554 E3.9579 ; perimeter
G1 X98.65 Y113.577 E3.97426 ; perimeter
G1 X98.474 Y112.957 E3.9844 ; perimeter
G1 X98.329 Y112.323 E3.99464 ; perimeter
G1 X98.171 Y111.294 E4.01102 ; perimeter
G1 X98.111 Y110.518 E4.02327 ; perimeter
G1 X98.1 Y110 E4.03142 ; perimeter
G1 X98.111 Y109.482 E4.03957 ; perimeter
G1 X98.171 Y108.706 E4.05182 ; perimeter
G1 X98.329 Y107.676 E4.06822 ; perimeter
G1 X98.441 Y107.173 E4.07633 ; perimeter
G1 X98.651 Y106.423 E4.08859 ; perimeter
G1 X99.006 Y105.446 E4.10495 ; perimeter
G1 X99.445 Y104.504 E4.12131 ; perimeter
G1 X99.759 Y103.941 E4.13146 ; perimeter
G1 X100.105 Y103.39 E4.1417 ; perimeter
G1 X100.72 Y102.551 E4.15807 ; perimeter
G1 X101.227 Y101.96 E4.17032 ; perimeter
G1 X101.585 Y101.585 E4.17848 ; perimeter
G1 X101.96 Y101.227 E4.18664 ; perimeter
G1 X102.449 Y100.804 E4.19682 ; perimeter
G1 X102.964 Y100.403 E4.20709 ; perimeter
G1 X103.388 Y100.106 E4.21524 ; perimeter
G1 X103.936 Y99.762 E4.22542 ; perimeter
G1 X104.504 Y99.445 E4.23566 ; perimeter
G1 X105.446 Y99.006 E4.25202 ; perimeter
G1 X106.423 Y98.65 E4.26838 ; perimeter
G1 X107.043 Y98.474 E4.27852 ; perimeter
G1 X107.679 Y98.329 E4.28879 ; perimeter
G1 X108.189 Y98.239 E4.29694 ; perimeter
G1 X108.964 Y98.145 E4.30923 ; perimeter
G1 X109.48 Y98.111 E4.31737 ; perimeter
G1 X110.127 Y98.101 E4.32755 ; perimeter
G1 X110.779 Y98.126 E4.33782 ; perimeter
G1 X111.293 Y98.171 E4.34594 ; perimeter
G1 X112.324 Y98.329 E4.36236 ; perimeter
G1 X112.827 Y98.441 E4.37047 ; perimeter
G1 X113.577 Y98.651 E4.38273 ; perimeter
G1 X114.554 Y99.006 E4.39909 ; perimeter
G1 X115.496 Y99.445 E4.41545 ; perimeter
G1 X116.174 Y99.827 E4.4277 ; perimeter
G1 X116.609 Y100.104 E4.43582 ; perimeter
G1 X117.449 Y100.72 E4.45221 ; perimeter
G1 X118.04 Y101.227 E4.46446 ; perimeter
G1 X118.415 Y101.585 E4.47262 ; perimeter
G1 X118.773 Y101.96 E4.48078 ; perimeter
G1 X119.28 Y102.551 E4.49303 ; perimeter
G1 X119.894 Y103.389 E4.50938 ; perimeter
G1 X120.434 Y104.278 E4.52575 ; perimeter
G1 X120.727 Y104.851 E4.53588 ; perimeter
G1 X120.994 Y105.446 E4.54614 ; perimeter
G1 X121.269 Y106.176 E4.55842 ; perimeter
G1 X121.424 Y106.668 E4.56654 ; perimeter
G1 X121.645 Y107.573 E4.5812 ; perimeter
G1 X121.836 Y108.794 E4.60065 ; perimeter
G1 X121.89 Y109.543 E4.61247 ; perimeter
G1 X121.899 Y110.049 E4.62043 ; perimeter
G1 X121.889 Y110.518 E4.62781 ; perimeter
G1 X121.829 Y111.294 E4.64006 ; perimeter
G1 X121.671 Y112.322 E4.65643 ; perimeter
G1 X121.424 Y113.332 E4.67279 ; perimeter
G1 X121.269 Y113.824 E4.68091 ; perimeter
G1 X120.994 Y114.553 E4.69317 ; perimeter
G1 X120.554 Y115.497 E4.70956 ; perimeter
G1 X120.306 Y115.949 E4.71767 ; perimeter
G1 X119.895 Y116.61 E4.72992 ; perimeter
G1 X119.279 Y117.45 E4.74631 ; perimeter
G1 X118.948 Y117.845 E4.75442 ; perimeter
G1 X118.415 Y118.414 E4.76669 ; perimeter
G1 X117.647 Y119.117 E4.78308 ; perimeter
G1 X117.245 Y119.44 E4.7912 ; perimeter
G1 X116.61 Y119.895 E4.80349 ; perimeter
G1 X116.174 Y120.173 E4.81163 ; perimeter
G1 X115.496 Y120.555 E4.82388 ; perimeter
G1 X114.554 Y120.994 E4.84024 ; perimeter
G1 X113.577 Y121.349 E4.8566 ; perimeter
G1 X112.827 Y121.559 E4.86886 ; perimeter
G1 X112.324 Y121.671 E4.87697 ; perimeter
G1 X111.293 Y121.829 E4.89339 ; perimeter
G1 X110.779 Y121.874 E4.90151 ; perimeter
G1 X109.999 Y121.9 E4.91379 ; perimeter
G1 X109.482 Y121.889 E4.92193 ; perimeter
G1 X108.706 Y121.829 E4.93418 ; perimeter
G1 X107.676 Y121.671 E4.95058 ; perimeter
G1 X107.336 Y121.595 E4.95606 ; perimeter
G1 E3.45606 F2100 ; retract
G92 E0 ; reset extrusion distance
G1 X107.336 Y121.595 Z.66 F7200 ; move to first perimeter point
G1 X104.087 Y114.666 ; move to first perimeter point
G1 Z.46 F600 ; move to first perimeter point
G1 E1.5 F1500 ;  ; unretract
;TYPE:Perimeter
G1 X103.791 Y114.668 E1.50466 ; perimeter
G1 X103.379 Y114.54 E1.51145 ; perimeter
G1 X103.092 Y114.327 E1.51707 ; perimeter
G1 X102.825 Y113.895 E1.52506 ; perimeter
G1 X102.754 Y113.579 E1.53016 ; perimeter
G1 X102.806 Y113.197 E1.53623 ; perimeter
G1 X102.912 Y112.903 E1.54115 ; perimeter
G1 X103.113 Y112.655 E1.54617 ; perimeter
G1 X103.408 Y112.457 E1.55176 ; perimeter
G1 X103.703 Y112.337 E1.55677 ; perimeter
G1 X103.881 Y112.343 E1.55957 ; perimeter
G1 X103.687 Y111.741 E1.56952 ; perimeter
G1 X103.53 Y111.044 E1.58076 ; perimeter
G1 X103.163 Y111.176 E1.5869 ; perimeter
G1 X102.772 Y111.149 E1.59307 ; perimeter
G1 X102.385 Y111.011 E1.59954 ; perimeter
G1 X102.114 Y110.779 E1.60515 ; perimeter
G1 X101.894 Y110.41 E1.61191 ; perimeter
G1 X101.815 Y110.053 E1.61766 ; perimeter
G1 X101.878 Y109.652 E1.62405 ; perimeter
G1 X102.08 Y109.252 E1.6311 ; perimeter
G1 X102.385 Y109.009 E1.63724 ; perimeter
G1 X102.695 Y108.855 E1.64269 ; perimeter
G1 X103.003 Y108.816 E1.64758 ; perimeter
G1 X103.499 Y108.934 E1.6556 ; perimeter
G1 X103.529 Y108.96 E1.65622 ; perimeter
G1 X103.667 Y108.304 E1.66677 ; perimeter
G1 X103.869 Y107.679 E1.67711 ; perimeter
G1 X103.4 Y107.55 E1.68477 ; perimeter
G1 X103.101 Y107.336 E1.69056 ; perimeter
G1 X102.824 Y106.892 E1.6988 ; perimeter
G1 X102.756 Y106.462 E1.70565 ; perimeter
G1 X102.849 Y106.04 E1.71245 ; perimeter
G1 X103.058 Y105.708 E1.71862 ; perimeter
G1 X103.426 Y105.446 E1.72573 ; perimeter
G1 X103.76 Y105.326 E1.73132 ; perimeter
G1 X104.165 Y105.351 E1.73771 ; perimeter
G1 X104.583 Y105.507 E1.74473 ; perimeter
G1 X104.936 Y105.838 E1.75235 ; perimeter
G1 X105.295 Y105.434 E1.76086 ; perimeter
G1 X105.677 Y105.072 E1.76914 ; perimeter
G1 X105.868 Y104.917 E1.77301 ; perimeter
G1 X105.681 Y104.792 E1.77655 ; perimeter
G1 X105.444 Y104.447 E1.78314 ; perimeter
G1 X105.345 Y104.204 E1.78727 ; perimeter
G1 X105.331 Y103.798 E1.79366 ; perimeter
G1 X105.45 Y103.387 E1.80039 ; perimeter
G1 X105.666 Y103.101 E1.80603 ; perimeter
G1 X106.104 Y102.826 E1.81417 ; perimeter
G1 X106.422 Y102.754 E1.8193 ; perimeter
G1 X106.964 Y102.858 E1.82799 ; perimeter
G1 X107.324 Y103.088 E1.83471 ; perimeter
G1 X107.556 Y103.428 E1.84119 ; perimeter
G1 X107.663 Y103.703 E1.84583 ; perimeter
G1 X107.662 Y103.88 E1.84862 ; perimeter
G1 X108.221 Y103.698 E1.85787 ; perimeter
G1 X108.93 Y103.539 E1.86931 ; perimeter
G1 X108.815 Y103.014 E1.87777 ; perimeter
G1 X108.878 Y102.652 E1.88355 ; perimeter
G1 X109.066 Y102.269 E1.89026 ; perimeter
G1 X109.403 Y101.999 E1.89706 ; perimeter
G1 X109.745 Y101.842 E1.90298 ; perimeter
G1 X110.021 Y101.816 E1.90734 ; perimeter
G1 X110.476 Y101.925 E1.9147 ; perimeter
G1 X110.848 Y102.176 E1.92176 ; perimeter
G1 X111.077 Y102.529 E1.92838 ; perimeter
G1 X111.151 Y102.718 E1.93157 ; perimeter
G1 X111.18 Y103.068 E1.9371 ; perimeter
G1 X111.122 Y103.348 E1.9416 ; perimeter
G1 X110.994 Y103.539 E1.94522 ; perimeter
G1 X111.617 Y103.648 E1.95517 ; perimeter
G1 X112.321 Y103.869 E1.96678 ; perimeter
G1 X112.451 Y103.385 E1.97467 ; perimeter
G1 X112.641 Y103.125 E1.97974 ; perimeter
G1 X113.057 Y102.847 E1.98761 ; perimeter
G1 X113.237 Y102.782 E1.99062 ; perimeter
G1 X113.539 Y102.755 E1.99539 ; perimeter
G1 X113.965 Y102.858 E2.00229 ; perimeter
G1 X114.298 Y103.063 E2.00844 ; perimeter
G1 X114.556 Y103.428 E2.01547 ; perimeter
G1 X114.674 Y103.76 E2.02102 ; perimeter
G1 X114.66 Y104.12 E2.02669 ; perimeter
G1 X114.525 Y104.535 E2.03356 ; perimeter
G1 X114.448 Y104.652 E2.03576 ; perimeter
G1 X114.137 Y104.914 E2.04216 ; perimeter
G1 X114.566 Y105.295 E2.05119 ; perimeter
G1 X114.928 Y105.677 E2.05947 ; perimeter
G1 X115.084 Y105.869 E2.06336 ; perimeter
G1 X115.207 Y105.683 E2.06687 ; perimeter
G1 X115.649 Y105.395 E2.07517 ; perimeter
G1 X115.842 Y105.334 E2.07836 ; perimeter
G1 X116.202 Y105.331 E2.08403 ; perimeter
G1 X116.651 Y105.475 E2.09145 ; perimeter
G1 X116.905 Y105.67 E2.09649 ; perimeter
G1 X117.146 Y106.042 E2.10347 ; perimeter
G1 X117.246 Y106.419 E2.10961 ; perimeter
G1 X117.175 Y106.883 E2.117 ; perimeter
G1 X117.088 Y107.097 E2.12064 ; perimeter
G1 X116.887 Y107.345 E2.12566 ; perimeter
G1 X116.592 Y107.543 E2.13125 ; perimeter
G1 X116.297 Y107.663 E2.13626 ; perimeter
G1 X116.119 Y107.657 E2.13906 ; perimeter
G1 X116.313 Y108.259 E2.14901 ; perimeter
G1 X116.47 Y108.956 E2.16025 ; perimeter
G1 X116.837 Y108.824 E2.16639 ; perimeter
G1 X117.228 Y108.851 E2.17256 ; perimeter
G1 X117.615 Y108.989 E2.17903 ; perimeter
G1 X117.891 Y109.226 E2.18476 ; perimeter
G1 X118.106 Y109.59 E2.19141 ; perimeter
G1 X118.185 Y109.989 E2.19781 ; perimeter
G1 X118.083 Y110.473 E2.20559 ; perimeter
G1 X117.927 Y110.74 E2.21046 ; perimeter
G1 X117.614 Y110.991 E2.21677 ; perimeter
G1 X117.304 Y111.145 E2.22222 ; perimeter
G1 X117.011 Y111.185 E2.22687 ; perimeter
G1 X116.51 Y111.07 E2.23496 ; perimeter
G1 X116.471 Y111.039 E2.23574 ; perimeter
G1 X116.324 Y111.719 E2.24669 ; perimeter
G1 X116.131 Y112.322 E2.25665 ; perimeter
G1 X116.629 Y112.464 E2.2648 ; perimeter
G1 X116.898 Y112.663 E2.27007 ; perimeter
G1 X117.176 Y113.108 E2.27833 ; perimeter
G1 X117.233 Y113.307 E2.28159 ; perimeter
G1 X117.223 Y113.682 E2.28749 ; perimeter
G1 X117.087 Y114.097 E2.29436 ; perimeter
G1 X116.917 Y114.317 E2.29874 ; perimeter
G1 X116.45 Y114.615 E2.30746 ; perimeter
G1 X116.077 Y114.685 E2.31343 ; perimeter
G1 X115.656 Y114.598 E2.3202 ; perimeter
G1 X115.346 Y114.444 E2.32565 ; perimeter
G1 X115.064 Y114.162 E2.33193 ; perimeter
G1 X114.705 Y114.566 E2.34044 ; perimeter
G1 X114.323 Y114.928 E2.34872 ; perimeter
G1 X114.132 Y115.083 E2.35259 ; perimeter
G1 X114.319 Y115.208 E2.35613 ; perimeter
G1 X114.556 Y115.553 E2.36272 ; perimeter
G1 X114.655 Y115.796 E2.36685 ; perimeter
G1 X114.669 Y116.202 E2.37324 ; perimeter
G1 X114.561 Y116.59 E2.37958 ; perimeter
G1 X114.333 Y116.899 E2.38562 ; perimeter
G1 X113.895 Y117.175 E2.39377 ; perimeter
G1 X113.578 Y117.246 E2.39888 ; perimeter
G1 X113.036 Y117.142 E2.40757 ; perimeter
G1 X112.676 Y116.912 E2.41429 ; perimeter
G1 X112.444 Y116.572 E2.42077 ; perimeter
G1 X112.329 Y116.257 E2.42605 ; perimeter
G1 X112.333 Y116.114 E2.4283 ; perimeter
G1 X111.779 Y116.302 E2.43751 ; perimeter
G1 X111.07 Y116.461 E2.44895 ; perimeter
G1 X111.185 Y116.986 E2.45741 ; perimeter
G1 X111.122 Y117.348 E2.46319 ; perimeter
G1 X110.934 Y117.731 E2.4699 ; perimeter
G1 X110.699 Y117.938 E2.47483 ; perimeter
G1 X110.268 Y118.155 E2.48242 ; perimeter
G1 X110.011 Y118.185 E2.48649 ; perimeter
G1 X109.519 Y118.073 E2.49443 ; perimeter
G1 X109.152 Y117.824 E2.50141 ; perimeter
G1 X108.923 Y117.471 E2.50803 ; perimeter
G1 X108.849 Y117.282 E2.51122 ; perimeter
G1 X108.816 Y116.997 E2.51574 ; perimeter
G1 X108.93 Y116.495 E2.52384 ; perimeter
G1 X108.951 Y116.47 E2.52435 ; perimeter
G1 X108.304 Y116.333 E2.53476 ; perimeter
G1 X107.679 Y116.131 E2.5451 ; perimeter
G1 X107.559 Y116.593 E2.55261 ; perimeter
G1 X107.359 Y116.875 E2.55805 ; perimeter
G1 X106.943 Y117.153 E2.56592 ; perimeter
G1 X106.763 Y117.218 E2.56893 ; perimeter
G1 X106.461 Y117.245 E2.5737 ; perimeter
G1 X106.035 Y117.142 E2.5806 ; perimeter
G1 X105.698 Y116.933 E2.58684 ; perimeter
G1 X105.418 Y116.522 E2.59467 ; perimeter
G1 X105.315 Y116.093 E2.60161 ; perimeter
G1 X105.412 Y115.601 E2.6095 ; perimeter
G1 X105.552 Y115.348 E2.61405 ; perimeter
G1 X105.863 Y115.086 E2.62045 ; perimeter
G1 X105.434 Y114.705 E2.62948 ; perimeter
G1 X105.072 Y114.323 E2.63776 ; perimeter
G1 X104.916 Y114.131 E2.64165 ; perimeter
G1 X104.793 Y114.317 E2.64516 ; perimeter
G1 X104.351 Y114.605 E2.65346 ; perimeter
G1 X104.158 Y114.666 E2.65665 ; perimeter
G1 X104.147 Y114.666 E2.65682 ; perimeter
G1 X104.147 Y114.666 F7200 ; move to first perimeter point
G1 X104.068 Y114.284 ; move to first perimeter point
G1 F1500
G1 X103.954 Y114.306 E2.65865 ; perimeter
G1 X103.544 Y114.199 E2.66532 ; perimeter
G1 X103.371 Y114.071 E2.66871 ; perimeter
G1 X103.175 Y113.75 E2.67463 ; perimeter
G1 X103.132 Y113.56 E2.6777 ; perimeter
G1 X103.174 Y113.282 E2.68212 ; perimeter
G1 X103.242 Y113.088 E2.68536 ; perimeter
G1 X103.439 Y112.883 E2.68983 ; perimeter
G1 X103.784 Y112.707 E2.69593 ; perimeter
G1 X104.169 Y112.746 E2.70202 ; perimeter
;WIDTH:0.436192
G1 X104.591 Y113.017 E2.71067 ; perimeter
G1 X104.358 Y112.516 E2.7202 ; perimeter
;WIDTH:0.399999
G1 X104.158 Y112.009 E2.72878 ; perimeter
G1 X103.975 Y111.367 E2.73929 ; perimeter
G1 X103.878 Y110.831 E2.74786 ; perimeter
;WIDTH:0.414762
G1 X103.825 Y110.269 E2.75709 ; perimeter
;WIDTH:0.426237
G1 X103.806 Y110.11 E2.75978 ; perimeter
G1 X103.76 Y110.264 E2.76248 ; perimeter
;WIDTH:0.414762
G1 X103.457 Y110.643 E2.77041 ; perimeter
;WIDTH:0.399999
G1 X103.11 Y110.801 E2.77641 ; perimeter
G1 X102.876 Y110.785 E2.7801 ; perimeter
G1 X102.572 Y110.681 E2.78516 ; perimeter
G1 X102.362 Y110.474 E2.7898 ; perimeter
G1 X102.2 Y110.12 E2.79593 ; perimeter
G1 X102.208 Y109.904 E2.79933 ; perimeter
G1 X102.27 Y109.662 E2.80326 ; perimeter
G1 X102.454 Y109.415 E2.80811 ; perimeter
G1 X102.805 Y109.218 E2.81444 ; perimeter
G1 X103.124 Y109.215 E2.81946 ; perimeter
G1 X103.358 Y109.285 E2.8233 ; perimeter
G1 X103.68 Y109.598 E2.83037 ; perimeter
;WIDTH:0.419522
G1 X103.816 Y109.981 E2.8371 ; perimeter
G1 X103.911 Y108.958 E2.8541 ; perimeter
;WIDTH:0.399999
G1 X104.036 Y108.387 E2.8633 ; perimeter
G1 X104.232 Y107.788 E2.87322 ; perimeter
;WIDTH:0.414233
G1 X104.499 Y107.174 E2.88415 ; perimeter
;WIDTH:0.427466
G1 X104.584 Y107.007 E2.88731 ; perimeter
G1 X104.268 Y107.221 E2.89375 ; perimeter
;WIDTH:0.399999
G1 X103.915 Y107.304 E2.89946 ; perimeter
G1 X103.516 Y107.185 E2.90601 ; perimeter
G1 X103.3 Y106.974 E2.91076 ; perimeter
G1 X103.149 Y106.671 E2.91609 ; perimeter
G1 X103.146 Y106.404 E2.92029 ; perimeter
G1 X103.257 Y106.064 E2.92592 ; perimeter
G1 X103.439 Y105.883 E2.92996 ; perimeter
G1 X103.739 Y105.719 E2.93534 ; perimeter
G1 X103.916 Y105.694 E2.93815 ; perimeter
G1 X104.357 Y105.814 E2.94534 ; perimeter
G1 X104.593 Y106.056 E2.95066 ; perimeter
G1 X104.667 Y106.182 E2.95296 ; perimeter
;WIDTH:0.434346
G1 X104.728 Y106.68 E2.96157 ; perimeter
;WIDTH:0.444314
G1 X104.713 Y106.767 E2.96312 ; perimeter
G1 X105.13 Y106.203 E2.97545 ; perimeter
;WIDTH:0.399999
G1 X105.52 Y105.746 E2.98491 ; perimeter
G1 X105.937 Y105.346 E2.994 ; perimeter
G1 X106.423 Y104.964 E3.00373 ; perimeter
;WIDTH:0.444768
G1 X106.756 Y104.722 E3.01097 ; perimeter
G1 X106.376 Y104.723 E3.01766 ; perimeter
;WIDTH:0.399999
G1 X105.99 Y104.563 E3.02424 ; perimeter
G1 X105.771 Y104.256 E3.03017 ; perimeter
G1 X105.694 Y103.964 E3.03492 ; perimeter
G1 X105.79 Y103.554 E3.04155 ; perimeter
G1 X105.919 Y103.382 E3.04493 ; perimeter
G1 X106.25 Y103.175 E3.05107 ; perimeter
G1 X106.441 Y103.132 E3.05415 ; perimeter
G1 X106.837 Y103.215 E3.06052 ; perimeter
G1 X107.089 Y103.392 E3.06537 ; perimeter
G1 X107.293 Y103.784 E3.07232 ; perimeter
G1 X107.253 Y104.2 E3.0789 ; perimeter
;WIDTH:0.442302
G1 X107.01 Y104.572 E3.08667 ; perimeter
G1 X107.485 Y104.357 E3.09579 ; perimeter
;WIDTH:0.399999
G1 X107.991 Y104.158 E3.10435 ; perimeter
G1 X108.633 Y103.975 E3.11486 ; perimeter
G1 X109.17 Y103.883 E3.12343 ; perimeter
;WIDTH:0.408911
G1 X109.686 Y103.831 E3.13178 ; perimeter
;WIDTH:0.420374
G1 X109.873 Y103.795 E3.13494 ; perimeter
G1 X109.696 Y103.738 E3.13802 ; perimeter
;WIDTH:0.408911
G1 X109.414 Y103.549 E3.14349 ; perimeter
;WIDTH:0.399999
G1 X109.211 Y103.171 E3.15024 ; perimeter
G1 X109.208 Y102.904 E3.15444 ; perimeter
G1 X109.303 Y102.592 E3.15957 ; perimeter
G1 X109.501 Y102.383 E3.1641 ; perimeter
G1 X109.834 Y102.21 E3.17001 ; perimeter
G1 X110.124 Y102.215 E3.17457 ; perimeter
G1 X110.345 Y102.28 E3.1782 ; perimeter
G1 X110.596 Y102.464 E3.1831 ; perimeter
G1 X110.786 Y102.818 E3.18942 ; perimeter
G1 X110.792 Y103.096 E3.1938 ; perimeter
G1 X110.753 Y103.262 E3.19648 ; perimeter
G1 X110.499 Y103.617 E3.20335 ; perimeter
;WIDTH:0.428072
G1 X110.111 Y103.815 E3.21071 ; perimeter
G1 X110.588 Y103.851 E3.2188 ; perimeter
;WIDTH:0.399999
G1 X111.551 Y104.021 E3.23419 ; perimeter
G1 X112.088 Y104.191 E3.24305 ; perimeter
G1 X112.627 Y104.416 E3.25224 ; perimeter
;WIDTH:0.422606
G1 X113.063 Y104.627 E3.26032 ; perimeter
G1 X112.86 Y104.413 E3.26524 ; perimeter
;WIDTH:0.405007
G1 X112.771 Y104.256 E3.26812 ; perimeter
;WIDTH:0.399999
G1 X112.696 Y103.914 E3.27363 ; perimeter
G1 X112.805 Y103.525 E3.27999 ; perimeter
G1 X113.001 Y103.321 E3.28444 ; perimeter
G1 X113.33 Y103.149 E3.29028 ; perimeter
G1 X113.624 Y103.153 E3.29491 ; perimeter
G1 X113.969 Y103.282 E3.30071 ; perimeter
G1 X114.138 Y103.464 E3.30462 ; perimeter
G1 X114.3 Y103.818 E3.31075 ; perimeter
G1 X114.253 Y104.2 E3.31681 ; perimeter
G1 X114.149 Y104.42 E3.32064 ; perimeter
G1 X113.831 Y104.659 E3.3269 ; perimeter
;WIDTH:0.417335
G1 X113.325 Y104.717 E3.33528 ; perimeter
;WIDTH:0.428022
G1 X113.189 Y104.697 E3.3376 ; perimeter
G1 X113.814 Y105.142 E3.35057 ; perimeter
;WIDTH:0.399999
G1 X114.254 Y105.52 E3.3597 ; perimeter
G1 X114.654 Y105.937 E3.36879 ; perimeter
G1 X115.044 Y106.432 E3.37871 ; perimeter
;WIDTH:0.434406
G1 X115.319 Y106.827 E3.38697 ; perimeter
G1 X115.276 Y106.381 E3.39466 ; perimeter
;WIDTH:0.399999
G1 X115.431 Y105.996 E3.40119 ; perimeter
G1 X115.802 Y105.742 E3.40827 ; perimeter
G1 X116.046 Y105.694 E3.41218 ; perimeter
G1 X116.474 Y105.81 E3.41916 ; perimeter
G1 X116.7 Y106.026 E3.42408 ; perimeter
G1 X116.851 Y106.329 E3.42941 ; perimeter
G1 X116.854 Y106.596 E3.43361 ; perimeter
G1 X116.757 Y106.912 E3.43881 ; perimeter
G1 X116.561 Y107.117 E3.44327 ; perimeter
G1 X116.216 Y107.293 E3.44937 ; perimeter
G1 X115.831 Y107.254 E3.45546 ; perimeter
;WIDTH:0.444016
G1 X115.443 Y107.041 E3.46324 ; perimeter
G1 X115.665 Y107.534 E3.47274 ; perimeter
;WIDTH:0.399999
G1 X115.86 Y108.044 E3.48133 ; perimeter
G1 X116.025 Y108.633 E3.49096 ; perimeter
G1 X116.122 Y109.169 E3.49953 ; perimeter
;WIDTH:0.418201
G1 X116.177 Y109.731 E3.50884 ; perimeter
;WIDTH:0.431684
G1 X116.193 Y109.897 E3.51168 ; perimeter
G1 X116.238 Y109.736 E3.51453 ; perimeter
;WIDTH:0.418201
G1 X116.543 Y109.357 E3.52255 ; perimeter
;WIDTH:0.399999
G1 X116.89 Y109.199 E3.52855 ; perimeter
G1 X117.124 Y109.215 E3.53224 ; perimeter
G1 X117.428 Y109.318 E3.53729 ; perimeter
G1 X117.638 Y109.526 E3.54194 ; perimeter
G1 X117.8 Y109.88 E3.54807 ; perimeter
G1 X117.792 Y110.096 E3.55147 ; perimeter
G1 X117.73 Y110.338 E3.5554 ; perimeter
G1 X117.545 Y110.585 E3.56026 ; perimeter
G1 X117.195 Y110.782 E3.56658 ; perimeter
G1 X116.876 Y110.785 E3.5716 ; perimeter
G1 X116.647 Y110.717 E3.57536 ; perimeter
G1 X116.353 Y110.458 E3.58153 ; perimeter
;WIDTH:0.429618
G1 X116.185 Y110.114 E3.58803 ; perimeter
G1 X116.088 Y111.048 E3.60396 ; perimeter
;WIDTH:0.399999
G1 X115.955 Y111.633 E3.6134 ; perimeter
G1 X115.767 Y112.216 E3.62304 ; perimeter
;WIDTH:0.405004
G1 X115.497 Y112.825 E3.63366 ; perimeter
;WIDTH:0.418716
G1 X115.362 Y113.077 E3.63838 ; perimeter
G1 X115.562 Y112.881 E3.643 ; perimeter
;WIDTH:0.405004
G1 X115.732 Y112.779 E3.64616 ; perimeter
;WIDTH:0.399999
G1 X116.08 Y112.696 E3.65179 ; perimeter
G1 X116.483 Y112.814 E3.6584 ; perimeter
G1 X116.7 Y113.026 E3.66317 ; perimeter
G1 X116.86 Y113.372 E3.66917 ; perimeter
G1 X116.854 Y113.596 E3.6727 ; perimeter
G1 X116.744 Y113.934 E3.67829 ; perimeter
G1 X116.561 Y114.117 E3.68236 ; perimeter
G1 X116.307 Y114.265 E3.68699 ; perimeter
G1 X116.084 Y114.306 E3.69056 ; perimeter
G1 X115.643 Y114.186 E3.69775 ; perimeter
G1 X115.407 Y113.944 E3.70307 ; perimeter
G1 X115.333 Y113.818 E3.70537 ; perimeter
;WIDTH:0.416348
G1 X115.281 Y113.322 E3.71356 ; perimeter
;WIDTH:0.427462
G1 X115.316 Y113.167 E3.71624 ; perimeter
G1 X114.87 Y113.797 E3.72927 ; perimeter
;WIDTH:0.399999
G1 X114.48 Y114.254 E3.73873 ; perimeter
G1 X114.063 Y114.654 E3.74782 ; perimeter
G1 X113.577 Y115.036 E3.75755 ; perimeter
;WIDTH:0.439012
G1 X113.159 Y115.324 E3.76636 ; perimeter
G1 X113.624 Y115.277 E3.77447 ; perimeter
;WIDTH:0.399999
G1 X114.01 Y115.437 E3.78105 ; perimeter
G1 X114.229 Y115.744 E3.78698 ; perimeter
G1 X114.306 Y116.036 E3.79173 ; perimeter
G1 X114.216 Y116.432 E3.79812 ; perimeter
G1 X114.08 Y116.618 E3.80175 ; perimeter
G1 X113.749 Y116.825 E3.80789 ; perimeter
G1 X113.559 Y116.868 E3.81096 ; perimeter
G1 X113.163 Y116.785 E3.81733 ; perimeter
G1 X112.911 Y116.608 E3.82218 ; perimeter
G1 X112.721 Y116.27 E3.82828 ; perimeter
G1 X112.708 Y115.966 E3.83307 ; perimeter
G1 X112.747 Y115.8 E3.83575 ; perimeter
;WIDTH:0.441176
G1 X112.937 Y115.461 E3.84253 ; perimeter
G1 X112.369 Y115.685 E3.85318 ; perimeter
;WIDTH:0.399999
G1 X111.956 Y115.86 E3.86024 ; perimeter
G1 X111.367 Y116.025 E3.86987 ; perimeter
G1 X110.83 Y116.117 E3.87844 ; perimeter
;WIDTH:0.432105
G1 X110.318 Y116.168 E3.88722 ; perimeter
;WIDTH:0.460564
G1 X110.132 Y116.186 E3.89063 ; perimeter
G1 X110.331 Y116.289 E3.89472 ; perimeter
;WIDTH:0.430282
G1 X110.53 Y116.393 E3.89854 ; perimeter
;WIDTH:0.399999
G1 X110.729 Y116.682 E3.90406 ; perimeter
G1 X110.806 Y116.979 E3.90889 ; perimeter
G1 X110.697 Y117.408 E3.91586 ; perimeter
G1 X110.499 Y117.617 E3.92039 ; perimeter
G1 X110.148 Y117.794 E3.92658 ; perimeter
G1 X109.876 Y117.785 E3.93086 ; perimeter
G1 X109.652 Y117.719 E3.93454 ; perimeter
G1 X109.404 Y117.536 E3.93939 ; perimeter
G1 X109.214 Y117.182 E3.94571 ; perimeter
G1 X109.208 Y116.904 E3.95009 ; perimeter
G1 X109.278 Y116.643 E3.95434 ; perimeter
;WIDTH:0.410006
G1 X109.598 Y116.317 E3.96172 ; perimeter
;WIDTH:0.44288
G1 X109.854 Y116.183 E3.96678 ; perimeter
G1 X108.958 Y116.089 E3.98256 ; perimeter
;WIDTH:0.399999
G1 X108.387 Y115.964 E3.99176 ; perimeter
G1 X107.788 Y115.768 E4.00168 ; perimeter
;WIDTH:0.41485
G1 X107.205 Y115.516 E4.01207 ; perimeter
;WIDTH:0.43138
G1 X107.022 Y115.427 E4.01554 ; perimeter
G1 X107.229 Y115.744 E4.02199 ; perimeter
;WIDTH:0.399999
G1 X107.304 Y116.084 E4.02747 ; perimeter
G1 X107.195 Y116.475 E4.03386 ; perimeter
G1 X106.999 Y116.679 E4.03831 ; perimeter
G1 X106.67 Y116.851 E4.04415 ; perimeter
G1 X106.376 Y116.847 E4.04878 ; perimeter
G1 X106.031 Y116.718 E4.05458 ; perimeter
G1 X105.862 Y116.536 E4.05849 ; perimeter
G1 X105.7 Y116.182 E4.06462 ; perimeter
G1 X105.747 Y115.8 E4.07068 ; perimeter
G1 X105.851 Y115.58 E4.07451 ; perimeter
G1 X106.169 Y115.341 E4.08077 ; perimeter
;WIDTH:0.426618
G1 X106.676 Y115.278 E4.08938 ; perimeter
;WIDTH:0.440364
G1 X106.808 Y115.309 E4.09174 ; perimeter
G1 X106.186 Y114.857 E4.10513 ; perimeter
;WIDTH:0.399999
G1 X105.746 Y114.48 E4.11425 ; perimeter
G1 X105.346 Y114.063 E4.12334 ; perimeter
G1 X104.956 Y113.568 E4.13326 ; perimeter
;WIDTH:0.442834
G1 X104.721 Y113.242 E4.1403 ; perimeter
G1 X104.724 Y113.619 E4.1469 ; perimeter
;WIDTH:0.399999
G1 X104.569 Y114.004 E4.15343 ; perimeter
G1 X104.198 Y114.258 E4.16051 ; perimeter
G1 X104.127 Y114.272 E4.16165 ; perimeter
G1 X104.127 Y114.272 F7200 ; move to first perimeter point
G1 X104.007 Y113.924 ; move to first perimeter point
;TYPE:External perimeter
G1 F720
G1 X103.708 Y113.858 E4.16647 ; perimeter
G1 X103.534 Y113.625 E4.17105 ; perimeter
G1 X103.515 Y113.489 E4.17321 ; perimeter
G1 X103.543 Y113.368 E4.17516 ; perimeter
G1 X103.613 Y113.224 E4.17768 ; perimeter
G1 X103.866 Y113.076 E4.18229 ; perimeter
G1 X104.137 Y113.13 E4.18664 ; perimeter
G1 X104.308 Y113.318 E4.19064 ; perimeter
G1 X104.361 Y113.511 E4.19379 ; perimeter
G1 X104.269 Y113.771 E4.19813 ; perimeter
G1 X104.059 Y113.894 E4.20196 ; perimeter
G1 E3.15196 F2100 ; retract
;WIPE_START
G1 F5760
G1 X104.007 Y113.924 E3.13117 ; wipe and retract
G1 X103.708 Y113.858 E3.02512 ; wipe and retract
G1 X103.534 Y113.625 E2.9244 ; wipe and retract
G1 X103.515 Y113.489 E2.87684 ; wipe and retract
G1 X103.543 Y113.368 E2.83382 ; wipe and retract
G1 X103.613 Y113.224 E2.77836 ; wipe and retract
G1 X103.803 Y113.113 E2.70196 ; wipe and retract
;WIPE_END
G92 E0 ; reset extrusion distance
G1 Z.66 F600 ; move to first perimeter point
G1 X103.764 Y112.765 F7200 ; move to first perimeter point
G1 X103.893 Y109.153 ; move to first perimeter point
G1 X103.904 Y109.062 ; move to first perimeter point
G1 X103.926 Y108.929 ; move to first perimeter point
G1 X103.951 Y108.797 ; move to first perimeter point
G1 X103.978 Y108.665 ; move to first perimeter point
G1 X104.009 Y108.534 ; move to first perimeter point
G1 X104.042 Y108.404 ; move to first perimeter point
G1 X104.078 Y108.274 ; move to first perimeter point
G1 X104.118 Y108.145 ; move to first perimeter point
G1 X104.159 Y108.017 ; move to first perimeter point
G1 X104.204 Y107.89 ; move to first perimeter point
G1 X104.251 Y107.764 ; move to first perimeter point
G1 X104.267 Y107.725 ; move to first perimeter point
G1 X105.135 Y106.213 ; move to first perimeter point
G1 X105.19 Y106.139 ; move to first perimeter point
G1 X105.275 Y106.035 ; move to first perimeter point
G1 X105.363 Y105.933 ; move to first perimeter point
G1 X105.453 Y105.833 ; move to first perimeter point
G1 X105.544 Y105.735 ; move to first perimeter point
G1 X105.639 Y105.639 ; move to first perimeter point
G1 X105.735 Y105.544 ; move to first perimeter point
G1 X105.833 Y105.453 ; move to first perimeter point
G1 X105.933 Y105.363 ; move to first perimeter point
G1 X106.035 Y105.275 ; move to first perimeter point
G1 X106.139 Y105.19 ; move to first perimeter point
G1 X106.173 Y105.163 ; move to first perimeter point
G1 X107.68 Y104.288 ; move to first perimeter point
G1 X107.765 Y104.251 ; move to first perimeter point
G1 X107.89 Y104.204 ; move to first perimeter point
G1 X107.931 Y104.19 ; move to first perimeter point
G1 X108.006 Y104.163 ; move to first perimeter point
G1 X108.128 Y104.511 ; move to first perimeter point
G1 Z.46 F600 ; move to first perimeter point
G1 E1.5 F1500 ;  ; unretract
G1 F720
G1 X108.735 Y104.34 E1.50992 ; perimeter
G1 X109.232 Y104.257 E1.51785 ; perimeter
G1 X109.895 Y104.202 E1.52832 ; perimeter
G1 X110.496 Y104.221 E1.53778 ; perimeter
G1 X111.15 Y104.335 E1.54823 ; perimeter
G1 X111.808 Y104.498 E1.5589 ; perimeter
G1 X112.471 Y104.761 E1.57013 ; perimeter
G1 X112.955 Y105.015 E1.57873 ; perimeter
G1 X113.594 Y105.45 E1.5909 ; perimeter
G1 X114.005 Y105.805 E1.59945 ; perimeter
G1 X114.38 Y106.198 E1.608 ; perimeter
G1 X114.745 Y106.665 E1.61733 ; perimeter
G1 X115.019 Y107.093 E1.62533 ; perimeter
G1 X115.271 Y107.588 E1.63407 ; perimeter
G1 X115.489 Y108.128 E1.64323 ; perimeter
G1 X115.66 Y108.735 E1.65315 ; perimeter
G1 X115.749 Y109.235 E1.66114 ; perimeter
G1 X115.79 Y109.76 E1.66943 ; perimeter
G1 X115.784 Y110.334 E1.67846 ; perimeter
G1 X115.713 Y110.999 E1.68899 ; perimeter
G1 X115.586 Y111.547 E1.69784 ; perimeter
G1 X115.408 Y112.094 E1.70689 ; perimeter
G1 X115.15 Y112.667 E1.71678 ; perimeter
G1 X114.896 Y113.109 E1.7248 ; perimeter
G1 X114.562 Y113.576 E1.73384 ; perimeter
G1 X114.195 Y114.005 E1.74272 ; perimeter
G1 X113.802 Y114.38 E1.75127 ; perimeter
G1 X113.344 Y114.738 E1.76042 ; perimeter
G1 X112.799 Y115.08 E1.77055 ; perimeter
G1 X112.217 Y115.338 E1.78057 ; perimeter
G1 X111.575 Y115.573 E1.79133 ; perimeter
G1 X110.946 Y115.714 E1.80147 ; perimeter
G1 X110.309 Y115.773 E1.81154 ; perimeter
G1 X109.634 Y115.788 E1.82217 ; perimeter
G1 X109.003 Y115.713 E1.83217 ; perimeter
G1 X108.471 Y115.594 E1.84075 ; perimeter
G1 X107.907 Y115.409 E1.85009 ; perimeter
G1 X107.365 Y115.164 E1.85945 ; perimeter
G1 X106.891 Y114.896 E1.86802 ; perimeter
G1 X106.378 Y114.53 E1.87794 ; perimeter
G1 X105.995 Y114.195 E1.88595 ; perimeter
G1 X105.62 Y113.802 E1.8945 ; perimeter
G1 X105.255 Y113.335 E1.90383 ; perimeter
G1 X104.981 Y112.907 E1.91183 ; perimeter
G1 X104.729 Y112.412 E1.92057 ; perimeter
G1 X104.511 Y111.872 E1.92973 ; perimeter
G1 X104.34 Y111.265 E1.93965 ; perimeter
G1 X104.251 Y110.765 E1.94764 ; perimeter
G1 X104.21 Y110.24 E1.95593 ; perimeter
G1 X104.211 Y109.663 E1.96501 ; perimeter
G1 X104.287 Y109.003 E1.97547 ; perimeter
G1 X104.406 Y108.471 E1.98405 ; perimeter
G1 X104.591 Y107.907 E1.99339 ; perimeter
G1 X104.85 Y107.333 E2.0033 ; perimeter
G1 X105.104 Y106.891 E2.01132 ; perimeter
G1 X105.438 Y106.424 E2.02036 ; perimeter
G1 X105.805 Y105.995 E2.02924 ; perimeter
G1 X106.198 Y105.62 E2.03779 ; perimeter
G1 X106.656 Y105.262 E2.04694 ; perimeter
G1 X107.126 Y104.963 E2.05571 ; perimeter
G1 X107.636 Y104.705 E2.0647 ; perimeter
G1 X108.072 Y104.533 E2.07208 ; perimeter
G1 E1.02208 F2100 ; retract
;WIPE_START
G1 F5760
G1 X108.128 Y104.511 E1.00124 ; wipe and retract
G1 X108.735 Y104.34 E.78282 ; wipe and retract
G1 X109.232 Y104.257 E.6083 ; wipe and retract
G1 X109.336 Y104.248 E.57208 ; wipe and retract
;WIPE_END
G92 E0 ; reset extrusion distance
G1 Z.66 F600 ; move to first perimeter point
G1 X109.371 Y103.917 F7200 ; move to first perimeter point
G1 X109.24 Y103.902 ; move to first perimeter point
G1 X109.197 Y103.898 ; move to first perimeter point
G1 X109.104 Y103.898 ; move to first perimeter point
G1 X109.062 Y103.904 ; move to first perimeter point
G1 X108.929 Y103.926 ; move to first perimeter point
G1 X108.797 Y103.951 ; move to first perimeter point
G1 X108.665 Y103.978 ; move to first perimeter point
G1 X108.534 Y104.009 ; move to first perimeter point
G1 X108.404 Y104.042 ; move to first perimeter point
G1 X108.274 Y104.078 ; move to first perimeter point
G1 X108.145 Y104.118 ; move to first perimeter point
G1 X108.017 Y104.159 ; move to first perimeter point
G1 X107.89 Y104.204 ; move to first perimeter point
G1 X107.765 Y104.251 ; move to first perimeter point
G1 X107.68 Y104.288 ; move to first perimeter point
G1 X106.173 Y105.163 ; move to first perimeter point
G1 X106.139 Y105.19 ; move to first perimeter point
G1 X106.035 Y105.275 ; move to first perimeter point
G1 X105.933 Y105.363 ; move to first perimeter point
G1 X105.833 Y105.453 ; move to first perimeter point
G1 X105.735 Y105.544 ; move to first perimeter point
G1 X105.639 Y105.639 ; move to first perimeter point
G1 X105.544 Y105.735 ; move to first perimeter point
G1 X105.453 Y105.833 ; move to first perimeter point
G1 X105.363 Y105.933 ; move to first perimeter point
G1 X105.275 Y106.035 ; move to first perimeter point
G1 X105.19 Y106.139 ; move to first perimeter point
G1 X105.135 Y106.213 ; move to first perimeter point
G1 X104.267 Y107.725 ; move to first perimeter point
G1 X104.251 Y107.764 ; move to first perimeter point
G1 X104.204 Y107.89 ; move to first perimeter point
G1 X104.159 Y108.017 ; move to first perimeter point
G1 X104.118 Y108.145 ; move to first perimeter point
G1 X104.078 Y108.274 ; move to first perimeter point
G1 X104.042 Y108.404 ; move to first perimeter point
G1 X104.009 Y108.534 ; move to first perimeter point
G1 X103.978 Y108.665 ; move to first perimeter point
G1 X103.951 Y108.797 ; move to first perimeter point
G1 X103.926 Y108.929 ; move to first perimeter point
G1 X103.904 Y109.062 ; move to first perimeter point
G1 X103.893 Y109.153 ; move to first perimeter point
G1 X103.898 Y110.896 ; move to first perimeter point
G1 X103.904 Y110.938 ; move to first perimeter point
G1 X103.926 Y111.071 ; move to first perimeter point
G1 X103.951 Y111.203 ; move to first perimeter point
G1 X103.978 Y111.335 ; move to first perimeter point
G1 X104.009 Y111.466 ; move to first perimeter point
G1 X104.042 Y111.596 ; move to first perimeter point
G1 X104.078 Y111.726 ; move to first perimeter point
G1 X104.118 Y111.855 ; move to first perimeter point
G1 X104.159 Y111.983 ; move to first perimeter point
G1 X104.204 Y112.11 ; move to first perimeter point
G1 X104.251 Y112.236 ; move to first perimeter point
G1 X104.288 Y112.32 ; move to first perimeter point
G1 X105.163 Y113.827 ; move to first perimeter point
G1 X105.19 Y113.861 ; move to first perimeter point
G1 X105.275 Y113.965 ; move to first perimeter point
G1 X105.363 Y114.067 ; move to first perimeter point
G1 X105.453 Y114.167 ; move to first perimeter point
G1 X105.544 Y114.265 ; move to first perimeter point
G1 X105.639 Y114.361 ; move to first perimeter point
G1 X105.735 Y114.456 ; move to first perimeter point
G1 X105.833 Y114.547 ; move to first perimeter point
G1 X105.933 Y114.637 ; move to first perimeter point
G1 X106.035 Y114.725 ; move to first perimeter point
G1 X106.139 Y114.81 ; move to first perimeter point
G1 X106.213 Y114.865 ; move to first perimeter point
G1 X106.253 Y114.883 ; move to first perimeter point
G1 X106.39 Y114.942 ; move to first perimeter point
G1 X105.931 Y115.552 ; move to first perimeter point
G1 X106.15 Y115.812 ; move to first perimeter point
G1 Z.46 F600 ; move to first perimeter point
G1 E1.5 F1500 ;  ; unretract
G1 F720
G1 X106.369 Y115.663 E1.50417 ; perimeter
G1 X106.518 Y115.641 E1.50654 ; perimeter
G1 X106.769 Y115.729 E1.51073 ; perimeter
G1 X106.902 Y115.935 E1.51459 ; perimeter
G1 X106.923 Y116.073 E1.51679 ; perimeter
G1 X106.832 Y116.332 E1.52111 ; perimeter
G1 X106.578 Y116.484 E1.52577 ; perimeter
G1 X106.26 Y116.415 E1.53089 ; perimeter
G1 X106.093 Y116.18 E1.53543 ; perimeter
G1 X106.077 Y116.051 E1.53748 ; perimeter
G1 X106.133 Y115.87 E1.54046 ; perimeter
G1 X106.133 Y115.87 F7200 ; move to first perimeter point
G1 X106.808 Y115.309 ; move to first perimeter point
;TYPE:Perimeter
;WIDTH:0.440364
G1 F1500
G1 X107.022 Y115.427 E1.54472 ; perimeter
G1 E.04472 F2100 ; retract
G92 E0 ; reset extrusion distance
G1 X107.022 Y115.427 Z.66 F7200 ; move to first perimeter point
G1 X107.098 Y115.306 ; move to first perimeter point
G1 X109.339 Y116.673 ; move to first perimeter point
G1 X109.395 Y116.592 ; move to first perimeter point
G1 X109.507 Y116.493 ; move to first perimeter point
G1 X109.571 Y116.45 ; move to first perimeter point
G1 X109.632 Y116.415 ; move to first perimeter point
G1 X109.698 Y116.385 ; move to first perimeter point
G1 X109.772 Y116.358 ; move to first perimeter point
G1 X109.911 Y116.328 ; move to first perimeter point
G1 X110.089 Y116.328 ; move to first perimeter point
G1 X110.228 Y116.358 ; move to first perimeter point
G1 X110.302 Y116.385 ; move to first perimeter point
G1 X110.368 Y116.415 ; move to first perimeter point
G1 X110.429 Y116.45 ; move to first perimeter point
G1 X110.493 Y116.493 ; move to first perimeter point
G1 X110.605 Y116.592 ; move to first perimeter point
G1 X110.705 Y116.736 ; move to first perimeter point
G1 X110.773 Y116.901 ; move to first perimeter point
G1 X110.796 Y117.102 ; move to first perimeter point
G1 X110.75 Y117.281 ; move to first perimeter point
G1 X110.694 Y117.391 ; move to first perimeter point
G1 X110.366 Y117.225 ; move to first perimeter point
G1 Z.46 F600 ; move to first perimeter point
G1 E1.5 F1500 ;  ; unretract
;TYPE:External perimeter
;WIDTH:0.399999
G1 F720
G1 X110.106 Y117.413 E1.50505 ; perimeter
G1 X109.979 Y117.421 E1.50705 ; perimeter
G1 X109.712 Y117.315 E1.51157 ; perimeter
G1 X109.579 Y117.082 E1.51579 ; perimeter
G1 X109.626 Y116.792 E1.52041 ; perimeter
G1 X109.8 Y116.643 E1.52402 ; perimeter
G1 X109.965 Y116.572 E1.52685 ; perimeter
G1 X110.275 Y116.672 E1.53198 ; perimeter
G1 X110.426 Y116.942 E1.53685 ; perimeter
G1 X110.378 Y117.167 E1.54047 ; perimeter
G1 X110.378 Y117.167 F7200 ; move to first perimeter point
G1 X109.854 Y116.183 ; move to first perimeter point
;TYPE:Perimeter
;WIDTH:0.460564
G1 F1500
G1 X110.132 Y116.186 E1.54555 ; perimeter
G1 E.49555 F2100 ; retract
;WIPE_START
G1 F5760
G1 X109.854 Y116.183 E.39926 ; wipe and retract
;WIPE_END
G1 E.04555 F2100 ; retract
G92 E0 ; reset extrusion distance
G1 Z.66 F600 ; move to first perimeter point
G1 X109.851 Y116.046 F7200 ; move to first perimeter point
G1 X112.767 Y116.083 ; move to first perimeter point
G1 X113.075 Y116.127 ; move to first perimeter point
G1 Z.46 F600 ; move to first perimeter point
G1 E1.5 F1500 ;  ; unretract
;TYPE:External perimeter
;WIDTH:0.399999
G1 F720
G1 X113.116 Y115.885 E1.50386 ; perimeter
G1 X113.219 Y115.756 E1.50646 ; perimeter
G1 X113.369 Y115.663 E1.50924 ; perimeter
G1 X113.52 Y115.641 E1.51164 ; perimeter
G1 X113.782 Y115.741 E1.51605 ; perimeter
G1 X113.922 Y115.983 E1.52045 ; perimeter
G1 X113.872 Y116.275 E1.52511 ; perimeter
G1 X113.624 Y116.466 E1.53004 ; perimeter
G1 X113.48 Y116.483 E1.53232 ; perimeter
G1 X113.217 Y116.382 E1.53675 ; perimeter
G1 X113.104 Y116.179 E1.54041 ; perimeter
G1 X113.104 Y116.179 F7200 ; move to first perimeter point
G1 X112.955 Y115.45 ; move to first perimeter point
;TYPE:Perimeter
;WIDTH:0.44347
G1 F1500
G1 X113.159 Y115.324 E1.54462 ; perimeter
G1 E.49462 F2100 ; retract
;WIPE_START
G1 F5760
G1 X112.955 Y115.45 E.41157 ; wipe and retract
;WIPE_END
G1 E.04462 F2100 ; retract
G92 E0 ; reset extrusion distance
G1 Z.66 F600 ; move to first perimeter point
G1 X113.044 Y115.564 F7200 ; move to first perimeter point
G1 X116.219 Y114.282 ; move to first perimeter point
G1 X116.123 Y113.926 ; move to first perimeter point
G1 Z.46 F600 ; move to first perimeter point
G1 E1.5 F1500 ;  ; unretract
;TYPE:External perimeter
;WIDTH:0.399999
G1 F720
G1 X115.824 Y113.854 E1.50484 ; perimeter
G1 X115.66 Y113.627 E1.50925 ; perimeter
G1 X115.658 Y113.41 E1.51267 ; perimeter
G1 X115.747 Y113.216 E1.51603 ; perimeter
G1 X116.029 Y113.072 E1.52101 ; perimeter
G1 X116.301 Y113.146 E1.52545 ; perimeter
G1 X116.476 Y113.396 E1.53025 ; perimeter
G1 X116.485 Y113.511 E1.53207 ; perimeter
G1 X116.393 Y113.771 E1.53641 ; perimeter
G1 X116.175 Y113.896 E1.54036 ; perimeter
G1 X116.175 Y113.896 F7200 ; move to first perimeter point
G1 X115.316 Y113.167 ; move to first perimeter point
;TYPE:Perimeter
;WIDTH:0.427462
G1 F1500
G1 X115.362 Y113.077 E1.54207 ; perimeter
G1 E.49207 F2100 ; retract
;WIPE_START
G1 F5760
G1 X115.316 Y113.167 E.45706 ; wipe and retract
;WIPE_END
G1 E.04207 F2100 ; retract
G92 E0 ; reset extrusion distance
G1 Z.66 F600 ; move to first perimeter point
G1 X115.191 Y113.098 F7200 ; move to first perimeter point
G1 X117.557 Y110.572 ; move to first perimeter point
G1 X117.665 Y110.449 ; move to first perimeter point
G1 X117.75 Y110.281 ; move to first perimeter point
G1 X117.796 Y110.102 ; move to first perimeter point
G1 X117.796 Y109.899 ; move to first perimeter point
G1 X117.783 Y109.848 ; move to first perimeter point
G1 X117.426 Y109.939 ; move to first perimeter point
G1 Z.46 F600 ; move to first perimeter point
G1 E1.5 F1500 ;  ; unretract
;TYPE:External perimeter
;WIDTH:0.399999
G1 F720
G1 X117.377 Y110.202 E1.50421 ; perimeter
G1 X117.215 Y110.347 E1.50763 ; perimeter
G1 X117.027 Y110.428 E1.51085 ; perimeter
G1 X116.784 Y110.364 E1.5148 ; perimeter
G1 X116.68 Y110.267 E1.51704 ; perimeter
G1 X116.572 Y110.026 E1.5212 ; perimeter
G1 X116.616 Y109.823 E1.52447 ; perimeter
G1 X116.694 Y109.709 E1.52664 ; perimeter
G1 X116.972 Y109.572 E1.53152 ; perimeter
G1 X117.266 Y109.665 E1.53637 ; perimeter
G1 X117.395 Y109.887 E1.54041 ; perimeter
G1 X117.395 Y109.887 F7200 ; move to first perimeter point
G1 X116.185 Y110.114 ; move to first perimeter point
;TYPE:Perimeter
;WIDTH:0.431948
G1 F1500
G1 X116.193 Y109.9 E1.54406 ; perimeter
G1 E.49406 F2100 ; retract
;WIPE_START
G1 F5760
G1 X116.185 Y110.114 E.41989 ; wipe and retract
;WIPE_END
G1 E.04406 F2100 ; retract
G92 E0 ; reset extrusion distance
G1 Z.66 F600 ; move to first perimeter point
G1 X116.045 Y110.116 F7200 ; move to first perimeter point
G1 X116.048 Y107.228 ; move to first perimeter point
G1 X115.967 Y107.217 ; move to first perimeter point
G1 X115.827 Y107.16 ; move to first perimeter point
G1 X115.757 Y107.122 ; move to first perimeter point
G1 X115.696 Y107.082 ; move to first perimeter point
G1 X115.643 Y107.037 ; move to first perimeter point
G1 X115.589 Y106.986 ; move to first perimeter point
G1 X115.501 Y106.878 ; move to first perimeter point
G1 X115.428 Y106.737 ; move to first perimeter point
G1 X115.382 Y106.587 ; move to first perimeter point
G1 X115.367 Y106.411 ; move to first perimeter point
G1 X115.389 Y106.248 ; move to first perimeter point
G1 X115.446 Y106.084 ; move to first perimeter point
G1 X115.531 Y105.954 ; move to first perimeter point
G1 X115.587 Y105.892 ; move to first perimeter point
G1 X115.643 Y105.835 ; move to first perimeter point
G1 X115.711 Y105.785 ; move to first perimeter point
G1 X115.795 Y105.748 ; move to first perimeter point
G1 X115.897 Y105.721 ; move to first perimeter point
G1 X115.993 Y106.076 ; move to first perimeter point
G1 Z.46 F600 ; move to first perimeter point
G1 E1.5 F1500 ;  ; unretract
;TYPE:External perimeter
;WIDTH:0.399999
G1 F720
G1 X116.298 Y106.145 E1.50492 ; perimeter
G1 X116.47 Y106.383 E1.50954 ; perimeter
G1 X116.485 Y106.511 E1.51157 ; perimeter
G1 X116.401 Y106.763 E1.51575 ; perimeter
G1 X116.134 Y106.924 E1.52066 ; perimeter
G1 X115.863 Y106.87 E1.52501 ; perimeter
G1 X115.721 Y106.731 E1.52814 ; perimeter
G1 X115.637 Y106.501 E1.53199 ; perimeter
G1 X115.731 Y106.229 E1.53652 ; perimeter
G1 X115.941 Y106.106 E1.54035 ; perimeter
G1 X115.941 Y106.106 F7200 ; move to first perimeter point
G1 X115.443 Y107.041 ; move to first perimeter point
;TYPE:Perimeter
;WIDTH:0.444016
G1 F1500
G1 X115.319 Y106.827 E1.5447 ; perimeter
G1 E.4947 F2100 ; retract
;WIPE_START
G1 F5760
G1 X115.443 Y107.041 E.40904 ; wipe and retract
;WIPE_END
G1 E.0447 F2100 ; retract
G92 E0 ; reset extrusion distance
G1 Z.66 F600 ; move to first perimeter point
G1 X115.318 Y107.118 F7200 ; move to first perimeter point
G1 X114.082 Y104.437 ; move to first perimeter point
G1 X113.86 Y104.174 ; move to first perimeter point
G1 Z.46 F600 ; move to first perimeter point
G1 E1.5 F1500 ;  ; unretract
;TYPE:External perimeter
;WIDTH:0.399999
G1 F720
G1 X113.631 Y104.337 E1.50442 ; perimeter
G1 X113.431 Y104.345 E1.50757 ; perimeter
G1 X113.206 Y104.246 E1.51144 ; perimeter
G1 X113.072 Y103.972 E1.51624 ; perimeter
G1 X113.135 Y103.711 E1.52047 ; perimeter
G1 X113.397 Y103.524 E1.52554 ; perimeter
G1 X113.52 Y103.517 E1.52748 ; perimeter
G1 X113.778 Y103.613 E1.53181 ; perimeter
G1 X113.926 Y103.877 E1.53657 ; perimeter
G1 X113.873 Y104.115 E1.54041 ; perimeter
G1 X113.873 Y104.115 F7200 ; move to first perimeter point
G1 X113.153 Y104.674 ; move to first perimeter point
;TYPE:Perimeter
;WIDTH:0.431384
G1 F1500
G1 X113.063 Y104.627 E1.54214 ; perimeter
G1 E.04214 F2100 ; retract
G92 E0 ; reset extrusion distance
G1 X113.063 Y104.627 Z.66 F7200 ; move to first perimeter point
G1 X112.992 Y104.748 ; move to first perimeter point
G1 X110.66 Y103.329 ; move to first perimeter point
G1 X110.605 Y103.408 ; move to first perimeter point
G1 X110.493 Y103.507 ; move to first perimeter point
G1 X110.429 Y103.55 ; move to first perimeter point
G1 X110.368 Y103.585 ; move to first perimeter point
G1 X110.302 Y103.615 ; move to first perimeter point
G1 X110.228 Y103.642 ; move to first perimeter point
G1 X110.089 Y103.672 ; move to first perimeter point
G1 X109.911 Y103.672 ; move to first perimeter point
G1 X109.772 Y103.642 ; move to first perimeter point
G1 X109.698 Y103.615 ; move to first perimeter point
G1 X109.632 Y103.585 ; move to first perimeter point
G1 X109.571 Y103.55 ; move to first perimeter point
G1 X109.507 Y103.507 ; move to first perimeter point
G1 X109.395 Y103.408 ; move to first perimeter point
G1 X109.295 Y103.264 ; move to first perimeter point
G1 X109.227 Y103.099 ; move to first perimeter point
G1 X109.204 Y102.898 ; move to first perimeter point
G1 X109.25 Y102.719 ; move to first perimeter point
G1 X109.306 Y102.609 ; move to first perimeter point
G1 X109.634 Y102.775 ; move to first perimeter point
G1 Z.46 F600 ; move to first perimeter point
G1 E1.5 F1500 ;  ; unretract
;TYPE:External perimeter
;WIDTH:0.399999
G1 F720
G1 X109.908 Y102.582 E1.50527 ; perimeter
G1 X110.02 Y102.579 E1.50703 ; perimeter
G1 X110.288 Y102.685 E1.51157 ; perimeter
G1 X110.421 Y102.918 E1.51579 ; perimeter
G1 X110.384 Y103.177 E1.51991 ; perimeter
G1 X110.257 Y103.322 E1.52294 ; perimeter
G1 X110.025 Y103.428 E1.52695 ; perimeter
G1 X109.719 Y103.322 E1.53205 ; perimeter
G1 X109.578 Y103.078 E1.53649 ; perimeter
G1 X109.623 Y102.834 E1.54039 ; perimeter
G1 X109.623 Y102.834 F7200 ; move to first perimeter point
G1 X110.111 Y103.815 ; move to first perimeter point
;TYPE:Perimeter
;WIDTH:0.428072
G1 F1500
G1 X109.935 Y103.811 E1.54337 ; perimeter
G1 E.49337 F2100 ; retract
;WIPE_START
G1 F5760
G1 X110.111 Y103.815 E.4324 ; wipe and retract
;WIPE_END
G1 E.04337 F2100 ; retract
G92 E0 ; reset extrusion distance
G1 Z.66 F600 ; move to first perimeter point
G1 X110.113 Y103.955 F7200 ; move to first perimeter point
G1 X106.606 Y103.142 ; move to first perimeter point
G1 X106.394 Y103.142 ; move to first perimeter point
G1 X106.233 Y103.186 ; move to first perimeter point
G1 X106.149 Y103.223 ; move to first perimeter point
G1 X106.075 Y103.263 ; move to first perimeter point
G1 X106.01 Y103.31 ; move to first perimeter point
G1 X105.943 Y103.366 ; move to first perimeter point
G1 X105.875 Y103.444 ; move to first perimeter point
G1 X106.151 Y103.687 ; move to first perimeter point
G1 Z.46 F600 ; move to first perimeter point
G1 E1.5 F1500 ;  ; unretract
;TYPE:External perimeter
;WIDTH:0.399999
G1 F720
G1 X106.396 Y103.525 E1.50462 ; perimeter
G1 X106.52 Y103.517 E1.50658 ; perimeter
G1 X106.783 Y103.618 E1.51101 ; perimeter
G1 X106.923 Y103.865 E1.51548 ; perimeter
G1 X106.884 Y104.115 E1.51946 ; perimeter
G1 X106.705 Y104.291 E1.52341 ; perimeter
G1 X106.501 Y104.363 E1.52681 ; perimeter
G1 X106.218 Y104.259 E1.53156 ; perimeter
G1 X106.078 Y104.017 E1.53596 ; perimeter
G1 X106.127 Y103.74 E1.54039 ; perimeter
G1 X106.127 Y103.74 F7200 ; move to first perimeter point
G1 X106.756 Y104.722 ; move to first perimeter point
;TYPE:Perimeter
;WIDTH:0.444768
G1 F1500
G1 X107.01 Y104.572 E1.54558 ; perimeter
G1 E.04558 F2100 ; retract
G92 E0 ; reset extrusion distance
G1 X107.01 Y104.572 Z.66 F7200 ; move to first perimeter point
G1 X106.923 Y104.462 ; move to first perimeter point
G1 X104.391 Y105.869 ; move to first perimeter point
G1 X104.357 Y105.835 ; move to first perimeter point
G1 X104.289 Y105.785 ; move to first perimeter point
G1 X104.205 Y105.748 ; move to first perimeter point
G1 X104.044 Y105.704 ; move to first perimeter point
G1 X103.832 Y105.704 ; move to first perimeter point
G1 X103.671 Y105.748 ; move to first perimeter point
G1 X103.586 Y105.785 ; move to first perimeter point
G1 X103.513 Y105.825 ; move to first perimeter point
G1 X103.448 Y105.873 ; move to first perimeter point
G1 X103.381 Y105.928 ; move to first perimeter point
G1 X103.273 Y106.051 ; move to first perimeter point
G1 X103.244 Y106.108 ; move to first perimeter point
G1 X103.572 Y106.274 ; move to first perimeter point
G1 Z.46 F600 ; move to first perimeter point
G1 E1.5 F1500 ;  ; unretract
;TYPE:External perimeter
;WIDTH:0.399999
G1 F720
G1 X103.851 Y106.08 E1.50535 ; perimeter
G1 X103.958 Y106.079 E1.50703 ; perimeter
G1 X104.199 Y106.161 E1.51104 ; perimeter
G1 X104.34 Y106.373 E1.51505 ; perimeter
G1 X104.342 Y106.59 E1.51847 ; perimeter
G1 X104.283 Y106.756 E1.52124 ; perimeter
G1 X104.069 Y106.9 E1.5253 ; perimeter
G1 X103.917 Y106.921 E1.52771 ; perimeter
G1 X103.653 Y106.818 E1.53217 ; perimeter
G1 X103.516 Y106.578 E1.53652 ; perimeter
G1 X103.561 Y106.333 E1.54044 ; perimeter
G1 X103.561 Y106.333 F7200 ; move to first perimeter point
G1 X104.713 Y106.767 ; move to first perimeter point
;TYPE:Perimeter
;WIDTH:0.444314
G1 F1500
G1 X104.584 Y107.007 E1.54523 ; perimeter
G1 E.04523 F2100 ; retract
G92 E0 ; reset extrusion distance
G1 X104.584 Y107.007 Z.66 F7200 ; move to first perimeter point
G1 X102.656 Y109.743 ; move to first perimeter point
G1 Z.46 F600 ; move to first perimeter point
G1 E1.5 F1500 ;  ; unretract
;TYPE:External perimeter
;WIDTH:0.399999
G1 F720
G1 X102.914 Y109.58 E1.5048 ; perimeter
G1 X103.218 Y109.636 E1.50966 ; perimeter
G1 X103.402 Y109.873 E1.51438 ; perimeter
G1 X103.408 Y110.077 E1.51759 ; perimeter
G1 X103.306 Y110.291 E1.52132 ; perimeter
G1 X103.028 Y110.428 E1.5262 ; perimeter
G1 X102.728 Y110.331 E1.53116 ; perimeter
G1 X102.574 Y110.061 E1.53605 ; perimeter
G1 X102.572 Y110.028 E1.53657 ; perimeter
G1 X102.639 Y109.801 E1.54029 ; perimeter
G1 X102.639 Y109.801 F7200 ; move to first perimeter point
G1 X103.816 Y109.981 ; move to first perimeter point
;TYPE:Perimeter
;WIDTH:0.428274
G1 F1500
G1 X103.809 Y110.081 E1.54199 ; perimeter
G1 E.04199 F2100 ; retract
G92 E0 ; reset extrusion distance
G1 X103.809 Y110.081 Z.66 F7200 ; move to first perimeter point
G1 X104.721 Y113.242 ; move to first perimeter point
G1 Z.46 F600 ; move to first perimeter point
G1 E1.5 F1500 ;  ; unretract
;WIDTH:0.442834
G1 X104.591 Y113.017 E1.50455 ; perimeter
G1 E.00455 F2100 ; retract
G92 E0 ; reset extrusion distance
G1 X104.591 Y113.017 Z.66 F7200 ; move to first infill point
G1 X104.718 Y112.94 ; move to first infill point
G1 X104.288 Y112.32 ; move to first infill point
G1 X104.251 Y112.236 ; move to first infill point
G1 X104.204 Y112.11 ; move to first infill point
G1 X104.159 Y111.983 ; move to first infill point
G1 X104.118 Y111.855 ; move to first infill point
G1 X104.078 Y111.726 ; move to first infill point
G1 X104.042 Y111.596 ; move to first infill point
G1 X104.009 Y111.466 ; move to first infill point
G1 X103.978 Y111.335 ; move to first infill point
G1 X103.951 Y111.203 ; move to first infill point
G1 X103.926 Y111.071 ; move to first infill point
G1 X103.142 Y106.601 ; move to first infill point
G1 X103.142 Y106.398 ; move to first infill point
G1 X103.188 Y106.219 ; move to first infill point
G1 X103.273 Y106.051 ; move to first infill point
G1 X103.381 Y105.928 ; move to first infill point
G1 X103.448 Y105.873 ; move to first infill point
G1 X103.513 Y105.825 ; move to first infill point
G1 X103.586 Y105.785 ; move to first infill point
G1 X103.671 Y105.748 ; move to first infill point
G1 X103.75 Y105.727 ; move to first infill point
G1 X102.91 Y100.906 ; move to first infill point
G1 X103.242 Y101.329 ; move to first infill point
G1 Z.46 F600 ; move to first infill point
G1 E1.5 F1500 ;  ; unretract
;TYPE:Solid infill
;WIDTH:0.36146
G1 F1800
G1 X102.595 Y101.922 E1.51241 ; infill
G1 X101.924 Y102.593 E1.52582 ; infill
G1 X101.437 Y103.118 E1.53594 ; infill
G1 X101.437 Y103.118 F7200 ; move to first infill point
G1 X100.861 Y104.158 ; move to first infill point
G1 F1800
G1 X100.82 Y104.169 E1.53654 ; infill
G1 X100.801 Y104.098 E1.53758 ; infill
G1 X100.872 Y104.117 E1.53862 ; infill
;WIDTH:0.399999
G1 X101.051 Y103.86 E1.54355 ; infill
G1 X103.876 Y101.035 E1.60643 ; infill
G1 X104.173 Y100.849 E1.61195 ; infill
;WIDTH:0.36146
G1 X104.132 Y100.86 E1.61255 ; infill
G1 X104.113 Y100.789 E1.61359 ; infill
G1 X104.184 Y100.808 E1.61463 ; infill
G1 X104.184 Y100.808 F7200 ; move to first infill point
G1 X105.157 Y100.289 ; move to first infill point
;WIDTH:0.399999
G1 F1800
G1 X100.289 Y105.157 E1.72298 ; infill
G1 X100.143 Y105.414 E1.72763 ; infill
;WIDTH:0.36146
G1 X100.072 Y105.395 E1.72867 ; infill
G1 X100.091 Y105.466 E1.72971 ; infill
G1 X100.132 Y105.455 E1.73031 ; infill
G1 X100.132 Y105.455 F7200 ; move to first infill point
G1 X99.743 Y106.366 ; move to first infill point
G1 F1800
G1 X99.672 Y106.347 E1.73135 ; infill
G1 X99.691 Y106.418 E1.73239 ; infill
G1 X99.732 Y106.407 E1.73299 ; infill
;WIDTH:0.399999
G1 X99.872 Y106.109 E1.73817 ; infill
G1 X106.109 Y99.872 E1.87698 ; infill
G1 X106.404 Y99.731 E1.88213 ; infill
;WIDTH:0.36146
G1 X106.363 Y99.742 E1.88273 ; infill
G1 X106.344 Y99.671 E1.88377 ; infill
G1 X106.415 Y99.69 E1.88481 ; infill
;WIDTH:0.399999
G1 X106.928 Y99.589 E1.89304 ; infill
G1 X99.591 Y106.926 E2.05634 ; infill
G1 X99.401 Y107.651 E2.06814 ; infill
G1 X107.649 Y99.403 E2.25171 ; infill
G1 X108.314 Y99.274 E2.26237 ; infill
G1 X99.286 Y108.302 E2.4633 ; infill
G1 X99.286 Y108.302 F7200 ; move to first infill point
G1 X99.116 Y109.182 ; move to first infill point
;WIDTH:0.36146
G1 F1800
G1 X99.045 Y109.163 E2.46434 ; infill
G1 X99.064 Y109.234 E2.46538 ; infill
G1 X99.105 Y109.223 E2.46598 ; infill
;WIDTH:0.399999
G1 X99.198 Y108.925 E2.47089 ; infill
G1 X108.925 Y99.199 E2.68737 ; infill
G1 X109.505 Y99.153 E2.69653 ; infill
G1 X106.126 Y102.533 E2.77175 ; infill
G1 X105.858 Y102.71 E2.7768 ; infill
;WIDTH:0.36146
G1 X105.532 Y102.981 E2.78279 ; infill
G1 X105.259 Y103.298 E2.7887 ; infill
;WIDTH:0.399999
G1 X105.093 Y103.565 E2.79365 ; infill
G1 X103.582 Y105.077 E2.82729 ; infill
G1 X103.314 Y105.266 E2.83245 ; infill
;WIDTH:0.36146
G1 X102.921 Y105.591 E2.83966 ; infill
G1 X102.702 Y105.857 E2.84453 ; infill
;WIDTH:0.399999
G1 X102.534 Y106.124 E2.84949 ; infill
G1 X99.154 Y109.505 E2.92473 ; infill
G1 X99.142 Y110.051 E2.93332 ; infill
G1 X102.494 Y106.7 E3.00791 ; infill
G1 X102.615 Y107.114 E3.0147 ; infill
G1 X99.159 Y110.57 E3.09162 ; infill
G1 X99.197 Y111.067 E3.09946 ; infill
G1 X102.825 Y107.439 E3.18021 ; infill
G1 X103.104 Y107.695 E3.18617 ; infill
G1 X99.262 Y111.538 E3.27169 ; infill
G1 E1.77169 F2100 ; retract
G92 E0 ; reset extrusion distance
G1 X99.262 Y111.538 Z.66 F7200 ; move to first infill point
G1 X101.552 Y109.934 ; move to first infill point
G1 Z.46 F600 ; move to first infill point
G1 E1.5 F1500 ;  ; unretract
G1 F1800
G1 X101.535 Y110.018 E1.50135 ; infill
G1 X101.622 Y110.486 E1.50884 ; infill
G1 X101.879 Y110.936 E1.517 ; infill
G1 X102.214 Y111.235 E1.52407 ; infill
G1 X102.63 Y111.381 E1.53101 ; infill
G1 X99.949 Y114.063 E1.59069 ; infill
G1 X99.635 Y113.232 E1.60467 ; infill
G1 X99.442 Y112.52 E1.61628 ; infill
G1 X99.323 Y111.94 E1.6256 ; infill
G1 X99.395 Y111.94 E1.62673 ; infill
G1 X101.587 Y109.748 E1.67552 ; infill
G1 X101.587 Y109.748 F7200 ; move to first infill point
G1 X101.267 Y110.604 ; move to first infill point
G1 F1800
G1 X99.741 Y112.129 E1.70947 ; infill
G1 X99.999 Y113.128 E1.72571 ; infill
G1 X100.094 Y113.382 E1.72998 ; infill
G1 X101.96 Y111.516 E1.77151 ; infill
G1 X101.554 Y111.13 E1.78033 ; infill
G1 X101.357 Y110.77 E1.78679 ; infill
G1 X101.174 Y111.232 E1.79461 ; infill
G1 X100.157 Y112.249 E1.81725 ; infill
G1 X100.264 Y112.677 E1.82419 ; infill
G1 X101.405 Y111.536 E1.84958 ; infill
G1 X101.288 Y111.383 E1.85261 ; infill
G1 X101.288 Y111.383 F7200 ; move to first infill point
G1 X103.088 Y111.459 ; move to first infill point
G1 F1800
G1 X100.103 Y114.444 E1.91905 ; infill
G1 X100.274 Y114.809 E1.92539 ; infill
G1 X103.382 Y111.701 E1.99456 ; infill
G1 X103.501 Y112.113 E2.00131 ; infill
;WIDTH:0.395208
G1 X102.919 Y112.573 E2.01284 ; infill
;WIDTH:0.36146
G1 X102.732 Y112.788 E2.01687 ; infill
;WIDTH:0.399999
G1 X102.567 Y113.051 E2.02176 ; infill
G1 X100.453 Y115.164 E2.0688 ; infill
G1 X100.719 Y115.637 E2.07734 ; infill
G1 X101.242 Y116.419 E2.09215 ; infill
G1 X101.608 Y116.89 E2.10154 ; infill
G1 X102.016 Y117.349 E2.1112 ; infill
G1 X104.32 Y115.045 E2.16248 ; infill
G1 X104.619 Y114.766 E2.16892 ; infill
G1 X104.178 Y114.947 E2.17642 ; infill
G1 X103.716 Y114.941 E2.18369 ; infill
G1 X103.23 Y114.78 E2.19175 ; infill
G1 X102.899 Y114.532 E2.19826 ; infill
G1 X102.611 Y114.096 E2.20648 ; infill
G1 X102.472 Y113.565 E2.21512 ; infill
G1 X102.507 Y113.231 E2.22041 ; infill
G1 X102.507 Y113.231 F7200 ; move to first infill point
G1 X102.182 Y113.971 ; move to first infill point
G1 F1800
G1 X100.924 Y115.229 E2.24841 ; infill
G1 X101.294 Y115.816 E2.25933 ; infill
G1 X101.895 Y116.643 E2.27542 ; infill
G1 X102.032 Y116.797 E2.27866 ; infill
G1 X103.545 Y115.285 E2.31232 ; infill
G1 X103.011 Y115.089 E2.32127 ; infill
G1 X102.627 Y114.797 E2.32886 ; infill
G1 X102.326 Y114.366 E2.33713 ; infill
G1 X102.246 Y114.149 E2.34077 ; infill
G1 X102.052 Y114.636 E2.34902 ; infill
G1 X101.398 Y115.29 E2.36358 ; infill
G1 X101.856 Y115.976 E2.37656 ; infill
G1 X102.059 Y116.236 E2.38175 ; infill
G1 X102.862 Y115.432 E2.39963 ; infill
G1 X102.432 Y115.137 E2.40784 ; infill
G1 X102.167 Y114.787 E2.41475 ; infill
G1 X101.993 Y115.349 E2.42401 ; infill
;WIDTH:0.604554
G1 X102.116 Y115.499 E2.42871 ; infill
G1 E.92871 F2100 ; retract
G92 E0 ; reset extrusion distance
G1 X102.116 Y115.499 Z.66 F7200 ; move to first infill point
G1 X102.273 Y117.627 ; move to first infill point
G1 Z.46 F600 ; move to first infill point
G1 E1.5 F1500 ;  ; unretract
;WIDTH:0.399999
G1 F1800
G1 X105.117 Y114.783 E1.5633 ; infill
G1 X104.923 Y114.509 E1.56858 ; infill
;WIDTH:0.371832
G1 X104.619 Y114.766 E1.57438 ; infill
G1 X104.619 Y114.766 F7200 ; move to first infill point
G1 X105.39 Y115.046 ; move to first infill point
;WIDTH:0.399999
G1 F1800
G1 X102.55 Y117.886 E1.63759 ; infill
G1 E.13759 F2100 ; retract
G92 E0 ; reset extrusion distance
G1 X102.55 Y117.886 Z.66 F7200 ; move to first infill point
G1 X105.042 Y116.094 ; move to first infill point
G1 Z.46 F600 ; move to first infill point
G1 E1.5 F1500 ;  ; unretract
G1 F1800
G1 X105.037 Y116.14 E1.50073 ; infill
G1 X105.18 Y116.677 E1.50948 ; infill
G1 X105.477 Y117.109 E1.51773 ; infill
G1 X105.905 Y117.392 E1.52581 ; infill
G1 X106.407 Y117.522 E1.53397 ; infill
G1 X106.674 Y117.509 E1.53818 ; infill
G1 X104.708 Y119.475 E1.58194 ; infill
G1 X104.364 Y119.281 E1.58816 ; infill
G1 X103.385 Y118.611 E1.60683 ; infill
G1 X102.834 Y118.137 E1.61827 ; infill
G1 X105.065 Y115.906 E1.66792 ; infill
G1 X105.065 Y115.906 F7200 ; move to first infill point
G1 X104.79 Y116.717 ; move to first infill point
G1 F1800
G1 X103.39 Y118.116 E1.69907 ; infill
G1 X104.119 Y118.655 E1.71334 ; infill
G1 X104.644 Y119.004 E1.72326 ; infill
G1 X105.867 Y117.781 E1.75048 ; infill
G1 X105.335 Y117.485 E1.76006 ; infill
G1 X105.166 Y117.324 E1.76373 ; infill
G1 X104.867 Y116.889 E1.77204 ; infill
G1 X104.711 Y117.331 E1.77942 ; infill
G1 X103.957 Y118.085 E1.7962 ; infill
G1 X104.592 Y118.52 E1.80831 ; infill
G1 X105.241 Y117.871 E1.82275 ; infill
G1 X104.944 Y117.65 E1.82858 ; infill
G1 X104.823 Y117.484 E1.83181 ; infill
G1 E.33181 F2100 ; retract
G92 E0 ; reset extrusion distance
G1 X104.823 Y117.484 Z.66 F7200 ; move to first infill point
G1 X105.055 Y119.663 ; move to first infill point
G1 Z.46 F600 ; move to first infill point
G1 E1.5 F1500 ;  ; unretract
G1 F1800
G1 X108.14 Y116.579 E1.56865 ; infill
G1 X107.875 Y116.452 E1.57327 ; infill
;WIDTH:0.36146
G1 X107.834 Y116.463 E1.57387 ; infill
G1 X107.815 Y116.392 E1.57491 ; infill
G1 X107.886 Y116.411 E1.57595 ; infill
;WIDTH:0.399999
G1 X108.57 Y116.684 E1.58754 ; infill
G1 X105.42 Y119.833 E1.65764 ; infill
G1 E.15764 F2100 ; retract
G92 E0 ; reset extrusion distance
G1 X105.42 Y119.833 Z.66 F7200 ; move to first infill point
G1 X108.597 Y117.409 ; move to first infill point
G1 Z.46 F600 ; move to first infill point
G1 E1.5 F1500 ;  ; unretract
G1 F1800
G1 X108.863 Y117.914 E1.50898 ; infill
G1 X109.044 Y118.113 E1.51321 ; infill
G1 X109.394 Y118.326 E1.51966 ; infill
G1 X109.792 Y118.444 E1.52619 ; infill
G1 X110.246 Y118.447 E1.53334 ; infill
G1 X110.497 Y118.376 E1.53745 ; infill
G1 X110.936 Y118.093 E1.54567 ; infill
G1 X110.584 Y118.417 E1.5532 ; infill
G1 X108.352 Y120.649 E1.60288 ; infill
G1 X108.352 Y120.722 E1.60403 ; infill
G1 X107.628 Y120.585 E1.61563 ; infill
G1 X106.711 Y120.346 E1.63054 ; infill
G1 X105.785 Y120.004 E1.64608 ; infill
G1 X108.567 Y117.222 E1.708 ; infill
G1 X108.427 Y117.898 E1.71886 ; infill
G1 X106.469 Y119.856 E1.76244 ; infill
G1 X106.863 Y119.998 E1.76903 ; infill
G1 X107.947 Y120.276 E1.78664 ; infill
G1 X108.157 Y120.309 E1.78999 ; infill
G1 X109.664 Y118.802 E1.82353 ; infill
G1 X109.202 Y118.653 E1.83117 ; infill
G1 X108.771 Y118.375 E1.83924 ; infill
G1 X108.515 Y118.065 E1.84557 ; infill
G1 X108.363 Y118.497 E1.85278 ; infill
G1 X107.173 Y119.687 E1.87927 ; infill
G1 X108.024 Y119.902 E1.89308 ; infill
G1 X108.973 Y118.957 E1.91416 ; infill
G1 X108.494 Y118.633 E1.92326 ; infill
G1 X108.367 Y119.028 E1.92979 ; infill
G1 X107.91 Y119.485 E1.93996 ; infill
G1 E.43996 F2100 ; retract
G92 E0 ; reset extrusion distance
G1 Z.66 F600 ; move to first infill point
G1 X111.383 Y116.672 F7200 ; move to first infill point
G1 Z.46 F600 ; move to first infill point
G1 E1.5 F1500 ;  ; unretract
;WIDTH:0.36146
G1 F1800
G1 X111.342 Y116.683 E1.5006 ; infill
G1 X111.323 Y116.612 E1.50164 ; infill
G1 X111.394 Y116.631 E1.50268 ; infill
;WIDTH:0.399999
G1 X111.468 Y116.997 E1.50856 ; infill
G1 X111.907 Y116.559 E1.51832 ; infill
G1 X112.196 Y116.412 E1.52342 ; infill
;WIDTH:0.36146
G1 X112.155 Y116.423 E1.52402 ; infill
G1 X112.136 Y116.352 E1.52506 ; infill
G1 X112.207 Y116.371 E1.5261 ; infill
;WIDTH:0.399999
G1 X112.233 Y116.768 E1.53236 ; infill
G1 X111.282 Y117.719 E1.55353 ; infill
G1 X111.282 Y117.719 F7200 ; move to first infill point
G1 X112.451 Y117.086 ; move to first infill point
G1 F1800
G1 X108.753 Y120.783 E1.63582 ; infill
G1 X109.245 Y120.827 E1.64359 ; infill
G1 X112.75 Y117.322 E1.7216 ; infill
G1 X113.139 Y117.468 E1.72814 ; infill
G1 X109.754 Y120.853 E1.80348 ; infill
G1 X109.754 Y120.853 F7200 ; move to first infill point
G1 X110.628 Y120.928 ; move to first infill point
;WIDTH:0.36146
G1 F1800
G1 X110.557 Y120.909 E1.80452 ; infill
G1 X110.576 Y120.98 E1.80556 ; infill
G1 X110.617 Y120.969 E1.80616 ; infill
;WIDTH:0.399999
G1 X110.294 Y120.849 E1.81158 ; infill
G1 X113.616 Y117.526 E1.88553 ; infill
G1 X113.914 Y117.412 E1.89055 ; infill
;WIDTH:0.36146
G1 X113.873 Y117.423 E1.89115 ; infill
G1 X113.854 Y117.352 E1.89219 ; infill
G1 X113.925 Y117.371 E1.89323 ; infill
G1 E.39323 F2100 ; retract
G92 E0 ; reset extrusion distance
G1 X113.925 Y117.371 Z.66 F7200 ; move to first infill point
G1 X114.75 Y115.322 ; move to first infill point
G1 Z.46 F600 ; move to first infill point
G1 E1.5 F1500 ;  ; unretract
;WIDTH:0.399999
G1 F1800
G1 X115.315 Y114.757 E1.51258 ; infill
G1 X115.083 Y114.51 E1.51791 ; infill
;WIDTH:0.36146
G1 X114.52 Y115.075 E1.52918 ; infill
;WIDTH:0.399999
G1 X114.917 Y115.69 E1.5407 ; infill
G1 X115.703 Y114.904 E1.55819 ; infill
G1 X116.181 Y114.961 E1.56577 ; infill
G1 X114.955 Y116.187 E1.59306 ; infill
G1 X114.84 Y116.444 E1.59749 ; infill
;WIDTH:0.36146
G1 X114.769 Y116.425 E1.59853 ; infill
G1 X114.788 Y116.496 E1.59957 ; infill
G1 X114.829 Y116.485 E1.60017 ; infill
G1 E.10017 F2100 ; retract
G92 E0 ; reset extrusion distance
G1 Z.66 F600 ; move to first infill point
G1 X114.251 Y116.337 F7200 ; move to first infill point
G1 X115.428 Y113.263 ; move to first infill point
G1 X115.501 Y113.122 ; move to first infill point
G1 X115.589 Y113.014 ; move to first infill point
G1 X115.643 Y112.963 ; move to first infill point
G1 X115.696 Y112.918 ; move to first infill point
G1 X115.757 Y112.878 ; move to first infill point
G1 X115.827 Y112.84 ; move to first infill point
G1 X115.967 Y112.783 ; move to first infill point
G1 X116.161 Y112.756 ; move to first infill point
G1 X116.24 Y112.765 ; move to first infill point
G1 X115.925 Y111.715 ; move to first infill point
G1 X116.57 Y111.896 ; move to first infill point
G1 Z.46 F600 ; move to first infill point
G1 E1.5 F1500 ;  ; unretract
;WIDTH:0.399999
G1 F1800
G1 X116.997 Y111.468 E1.50951 ; infill
G1 X116.682 Y111.382 E1.51465 ; infill
;WIDTH:0.36146
G1 X116.641 Y111.393 E1.51525 ; infill
G1 X116.622 Y111.321 E1.5163 ; infill
G1 X116.693 Y111.341 E1.51734 ; infill
G1 E.01734 F2100 ; retract
G92 E0 ; reset extrusion distance
G1 X116.693 Y111.341 Z.66 F7200 ; move to first infill point
G1 X116.049 Y111.205 ; move to first infill point
G1 X116.074 Y111.071 ; move to first infill point
G1 X116.096 Y110.938 ; move to first infill point
G1 X116.107 Y110.847 ; move to first infill point
G1 X116.102 Y109.104 ; move to first infill point
G1 X116.096 Y109.062 ; move to first infill point
G1 X116.074 Y108.929 ; move to first infill point
G1 X116.049 Y108.797 ; move to first infill point
G1 X116.022 Y108.665 ; move to first infill point
G1 X115.991 Y108.534 ; move to first infill point
G1 X115.958 Y108.404 ; move to first infill point
G1 X115.922 Y108.274 ; move to first infill point
G1 X115.882 Y108.145 ; move to first infill point
G1 X115.841 Y108.017 ; move to first infill point
G1 X115.796 Y107.89 ; move to first infill point
G1 X115.749 Y107.765 ; move to first infill point
G1 X115.712 Y107.68 ; move to first infill point
G1 X114.837 Y106.173 ; move to first infill point
G1 X114.81 Y106.139 ; move to first infill point
G1 X114.725 Y106.035 ; move to first infill point
G1 X114.637 Y105.933 ; move to first infill point
G1 X114.547 Y105.833 ; move to first infill point
G1 X114.456 Y105.735 ; move to first infill point
G1 X114.361 Y105.639 ; move to first infill point
G1 X114.265 Y105.545 ; move to first infill point
G1 X114.167 Y105.453 ; move to first infill point
G1 X114.067 Y105.363 ; move to first infill point
G1 X113.965 Y105.275 ; move to first infill point
G1 X113.861 Y105.19 ; move to first infill point
G1 X113.787 Y105.135 ; move to first infill point
G1 X112.275 Y104.267 ; move to first infill point
G1 X112.235 Y104.251 ; move to first infill point
G1 X112.11 Y104.204 ; move to first infill point
G1 X111.983 Y104.159 ; move to first infill point
G1 X111.855 Y104.118 ; move to first infill point
G1 X111.726 Y104.078 ; move to first infill point
G1 X111.596 Y104.042 ; move to first infill point
G1 X111.466 Y104.009 ; move to first infill point
G1 X111.335 Y103.978 ; move to first infill point
G1 X111.203 Y103.951 ; move to first infill point
G1 X111.071 Y103.926 ; move to first infill point
G1 X110.938 Y103.904 ; move to first infill point
G1 X110.847 Y103.893 ; move to first infill point
G1 X109.104 Y103.898 ; move to first infill point
G1 X109.062 Y103.904 ; move to first infill point
G1 X108.929 Y103.926 ; move to first infill point
G1 X108.797 Y103.951 ; move to first infill point
G1 X108.665 Y103.978 ; move to first infill point
G1 X108.534 Y104.009 ; move to first infill point
G1 X108.429 Y104.036 ; move to first infill point
G1 X106.606 Y103.142 ; move to first infill point
G1 X106.693 Y102.501 ; move to first infill point
G1 Z.46 F600 ; move to first infill point
G1 E1.5 F1500 ;  ; unretract
;WIDTH:0.399999
G1 F1800
G1 X110.048 Y99.145 E1.57468 ; infill
G1 X110.57 Y99.16 E1.5829 ; infill
G1 X107.114 Y102.615 E1.65981 ; infill
G1 X107.442 Y102.823 E1.66592 ; infill
G1 X111.069 Y99.196 E1.74664 ; infill
G1 X111.538 Y99.262 E1.75409 ; infill
G1 X107.69 Y103.11 E1.83973 ; infill
G1 X107.874 Y103.461 E1.84597 ; infill
G1 X108.567 Y102.768 E1.86139 ; infill
G1 X108.724 Y102.501 E1.86626 ; infill
;WIDTH:0.36146
G1 X108.836 Y102.325 E1.86921 ; infill
G1 X108.836 Y102.325 F7200 ; move to first infill point
G1 X108.613 Y103.305 ; move to first infill point
;WIDTH:0.417504
G1 F1800
G1 X108.53 Y103.283 E1.87062 ; infill
G1 X108.552 Y103.365 E1.87202 ; infill
G1 X108.6 Y103.353 E1.87283 ; infill
G1 E.37283 F2100 ; retract
G92 E0 ; reset extrusion distance
G1 X108.6 Y103.353 Z.66 F7200 ; move to first infill point
G1 X111.94 Y99.328 ; move to first infill point
G1 Z.46 F600 ; move to first infill point
G1 E1.5 F1500 ;  ; unretract
;WIDTH:0.399999
G1 F1800
G1 X111.916 Y99.419 E1.50148 ; infill
G1 X109.769 Y101.566 E1.54927 ; infill
G1 X110.071 Y101.538 E1.55404 ; infill
G1 X110.6 Y101.671 E1.56262 ; infill
G1 X110.962 Y101.892 E1.56929 ; infill
G1 X111.176 Y102.141 E1.57446 ; infill
G1 X111.408 Y102.603 E1.5826 ; infill
G1 X114.073 Y99.939 E1.6419 ; infill
G1 X113.261 Y99.643 E1.6555 ; infill
G1 X112.127 Y99.352 E1.67392 ; infill
G1 X112.127 Y99.743 E1.68007 ; infill
G1 X110.597 Y101.273 E1.71412 ; infill
G1 X111.107 Y101.528 E1.72309 ; infill
G1 X111.429 Y101.845 E1.7302 ; infill
G1 X111.511 Y101.965 E1.73249 ; infill
G1 X113.385 Y100.091 E1.7742 ; infill
G1 X112.311 Y99.79 E1.79175 ; infill
G1 X112.242 Y100.163 E1.79772 ; infill
G1 X111.239 Y101.167 E1.82005 ; infill
G1 X111.555 Y101.386 E1.8261 ; infill
G1 X112.668 Y100.273 E1.85087 ; infill
G1 X112.426 Y100.21 E1.85481 ; infill
G1 E.35481 F2100 ; retract
G92 E0 ; reset extrusion distance
G1 X112.426 Y100.21 Z.66 F7200 ; move to first infill point
G1 X114.444 Y100.103 ; move to first infill point
G1 Z.46 F600 ; move to first infill point
G1 E1.5 F1500 ;  ; unretract
G1 F1800
G1 X111.457 Y103.09 E1.56648 ; infill
G1 X111.342 Y103.421 E1.57199 ; infill
;WIDTH:0.36146
G1 X111.301 Y103.432 E1.57259 ; infill
G1 X111.282 Y103.361 E1.57363 ; infill
G1 X111.353 Y103.38 E1.57467 ; infill
;WIDTH:0.399999
G1 X111.703 Y103.379 E1.58018 ; infill
G1 X114.809 Y100.274 E1.6493 ; infill
G1 X115.159 Y100.459 E1.65553 ; infill
G1 X113.064 Y102.553 E1.70215 ; infill
G1 X113.196 Y102.503 E1.70437 ; infill
G1 X113.593 Y102.478 E1.71063 ; infill
G1 X114.094 Y102.608 E1.71878 ; infill
G1 X114.524 Y102.894 E1.72691 ; infill
G1 X114.719 Y103.146 E1.73192 ; infill
G1 X114.921 Y103.573 E1.73935 ; infill
G1 X114.965 Y103.941 E1.74518 ; infill
G1 X114.86 Y104.468 E1.75364 ; infill
;WIDTH:0.397846
G1 X114.652 Y104.776 E1.75946 ; infill
;WIDTH:0.399999
G1 X115.265 Y104.101 E1.77381 ; infill
G1 X117.342 Y102.024 E1.82004 ; infill
G1 X116.827 Y101.558 E1.83097 ; infill
G1 X115.636 Y100.719 E1.8539 ; infill
G1 X115.325 Y100.549 E1.85948 ; infill
G1 X115.227 Y100.927 E1.86563 ; infill
G1 X113.973 Y102.18 E1.89353 ; infill
G1 X114.292 Y102.285 E1.89882 ; infill
G1 X114.758 Y102.588 E1.90757 ; infill
G1 X115.058 Y102.978 E1.91531 ; infill
G1 X115.295 Y103.517 E1.92458 ; infill
G1 X116.798 Y102.032 E1.95783 ; infill
G1 X115.984 Y101.425 E1.97381 ; infill
G1 X115.393 Y101.017 E1.98511 ; infill
G1 X115.289 Y101.4 E1.99136 ; infill
G1 X114.636 Y102.052 E2.00588 ; infill
G1 X115.023 Y102.317 E2.01326 ; infill
G1 X115.426 Y102.868 E2.024 ; infill
G1 X116.232 Y102.062 E2.04194 ; infill
G1 X115.444 Y101.509 E2.05709 ; infill
G1 X115.562 Y102.108 E2.0667 ; infill
;WIDTH:0.599072
G1 X115.511 Y102.057 E2.06843 ; infill
G1 X115.441 Y102.075 E2.07017 ; infill
G1 X115.422 Y102.145 E2.07191 ; infill
G1 X115.473 Y102.196 E2.07364 ; infill
G1 X115.543 Y102.177 E2.07538 ; infill
G1 E.57538 F2100 ; retract
G92 E0 ; reset extrusion distance
G1 X115.543 Y102.177 Z.66 F7200 ; move to first infill point
G1 X117.627 Y102.273 ; move to first infill point
G1 Z.46 F600 ; move to first infill point
G1 E1.5 F1500 ;  ; unretract
;WIDTH:0.399999
G1 F1800
G1 X114.786 Y105.115 E1.56324 ; infill
G1 X114.507 Y104.919 E1.56861 ; infill
;WIDTH:0.36146
G1 X114.652 Y104.776 E1.57149 ; infill
;WIDTH:0.399999
G1 X115.047 Y105.389 E1.58297 ; infill
G1 X117.891 Y102.544 E1.64628 ; infill
G1 X118.145 Y102.826 E1.65225 ; infill
G1 X115.919 Y105.052 E1.70179 ; infill
G1 X116.278 Y105.058 E1.70744 ; infill
G1 X116.807 Y105.24 E1.71624 ; infill
G1 X117.131 Y105.501 E1.72279 ; infill
G1 X117.371 Y105.865 E1.72965 ; infill
G1 X117.481 Y106.127 E1.73412 ; infill
G1 X117.528 Y106.428 E1.73891 ; infill
G1 X117.511 Y106.672 E1.74276 ; infill
G1 X119.476 Y104.707 E1.78649 ; infill
G1 X119.028 Y103.968 E1.80009 ; infill
G1 X118.464 Y103.198 E1.81511 ; infill
G1 X118.268 Y102.97 E1.81984 ; infill
G1 X118.123 Y103.383 E1.82673 ; infill
G1 X116.708 Y104.799 E1.85823 ; infill
G1 X117.038 Y104.94 E1.86388 ; infill
G1 X117.445 Y105.29 E1.87233 ; infill
G1 X117.718 Y105.712 E1.88024 ; infill
G1 X117.784 Y105.864 E1.88285 ; infill
G1 X118.999 Y104.649 E1.90989 ; infill
G1 X118.713 Y104.178 E1.91856 ; infill
G1 X118.239 Y103.532 E1.93117 ; infill
G1 X118.083 Y103.959 E1.93832 ; infill
G1 X117.344 Y104.698 E1.95477 ; infill
G1 X117.642 Y104.937 E1.96078 ; infill
G1 X117.869 Y105.243 E1.96678 ; infill
G1 X118.521 Y104.592 E1.98128 ; infill
G1 X118.191 Y104.115 E1.99041 ; infill
G1 X118.191 Y104.115 F7200 ; move to first infill point
G1 X119.663 Y105.056 ; move to first infill point
G1 F1800
G1 X116.574 Y108.144 E2.05915 ; infill
G1 X116.424 Y107.851 E2.06433 ; infill
;WIDTH:0.36146
G1 X116.831 Y107.548 E2.0715 ; infill
G1 X116.831 Y107.548 F7200 ; move to first infill point
G1 X116.686 Y108.568 ; move to first infill point
;WIDTH:0.399999
G1 F1800
G1 X119.839 Y105.415 E2.14168 ; infill
G1 X119.996 Y105.793 E2.14812 ; infill
G1 X117.218 Y108.571 E2.20995 ; infill
G1 X117.719 Y108.728 E2.21821 ; infill
G1 X118.115 Y109.054 E2.22628 ; infill
G1 X118.377 Y109.512 E2.23458 ; infill
G1 X118.465 Y109.979 E2.24206 ; infill
G1 X118.358 Y110.54 E2.25105 ; infill
G1 X118.143 Y110.888 E2.25749 ; infill
G1 X118.829 Y110.172 E2.2731 ; infill
G1 X120.649 Y108.352 E2.31361 ; infill
G1 X120.722 Y108.352 E2.31476 ; infill
G1 X120.639 Y107.845 E2.32285 ; infill
G1 X120.283 Y106.514 E2.34453 ; infill
G1 X120.066 Y105.969 E2.35376 ; infill
G1 X119.857 Y106.467 E2.36226 ; infill
G1 X117.913 Y108.411 E2.40553 ; infill
G1 X118.334 Y108.737 E2.41391 ; infill
G1 X118.681 Y109.263 E2.42383 ; infill
G1 X118.799 Y109.667 E2.43045 ; infill
G1 X120.309 Y108.157 E2.46406 ; infill
G1 X120.213 Y107.718 E2.47113 ; infill
G1 X119.926 Y106.643 E2.48864 ; infill
G1 X119.678 Y107.182 E2.49798 ; infill
G1 X118.489 Y108.371 E2.52444 ; infill
G1 X118.778 Y108.685 E2.53116 ; infill
G1 X118.952 Y108.978 E2.53652 ; infill
G1 X119.904 Y108.026 E2.55771 ; infill
G1 X119.727 Y107.364 E2.56849 ; infill
G1 X119.482 Y107.913 E2.57795 ; infill
G1 X119.023 Y108.372 E2.58817 ; infill
G1 E1.08817 F2100 ; retract
G92 E0 ; reset extrusion distance
G1 X119.023 Y108.372 Z.66 F7200 ; move to first infill point
G1 X118.143 Y110.888 ; move to first infill point
G1 Z.46 F600 ; move to first infill point
G1 E1.5 F1500 ;  ; unretract
;WIDTH:0.36146
G1 F1800
G1 X118.062 Y110.971 E1.50164 ; infill
;WIDTH:0.399999
G1 X117.787 Y111.214 E1.50742 ; infill
G1 X116.778 Y112.223 E1.52988 ; infill
G1 X117.085 Y112.451 E1.5359 ; infill
G1 X120.783 Y108.753 E1.61821 ; infill
G1 X120.827 Y109.245 E1.62598 ; infill
G1 X117.312 Y112.76 E1.70421 ; infill
G1 X117.481 Y113.126 E1.71055 ; infill
G1 X120.853 Y109.754 E1.7856 ; infill
G1 X120.852 Y110.29 E1.79404 ; infill
G1 X117.514 Y113.628 E1.86833 ; infill
G1 X117.414 Y113.885 E1.87267 ; infill
;WIDTH:0.36146
G1 X117.342 Y113.866 E1.87372 ; infill
G1 X117.362 Y113.937 E1.87476 ; infill
G1 X117.403 Y113.926 E1.87536 ; infill
G1 E.37536 F2100 ; retract
G92 E0 ; reset extrusion distance
G1 X117.403 Y113.926 Z.66 F7200 ; move to first infill point
G1 X120.819 Y110.859 ; move to first infill point
G1 Z.46 F600 ; move to first infill point
G1 E1.5 F1500 ;  ; unretract
;WIDTH:0.399999
G1 F1800
G1 X110.855 Y120.823 E1.72177 ; infill
G1 X111.463 Y120.75 E1.73141 ; infill
G1 X120.75 Y111.463 E1.93811 ; infill
G1 X120.653 Y112.096 E1.94819 ; infill
G1 X112.096 Y120.653 E2.13864 ; infill
G1 X112.797 Y120.487 E2.14998 ; infill
G1 X120.482 Y112.802 E2.32102 ; infill
G1 X120.455 Y113.287 E2.32866 ; infill
;WIDTH:0.36146
G1 X120.383 Y113.268 E2.32971 ; infill
G1 X120.402 Y113.339 E2.33075 ; infill
G1 X120.444 Y113.328 E2.33136 ; infill
;WIDTH:0.399999
G1 X120.254 Y113.565 E2.33614 ; infill
G1 X113.578 Y120.242 E2.48474 ; infill
G1 X113.343 Y120.437 E2.48955 ; infill
;WIDTH:0.36146
G1 X113.302 Y120.448 E2.49015 ; infill
G1 X113.283 Y120.377 E2.49119 ; infill
G1 X113.354 Y120.396 E2.49223 ; infill
G1 X113.354 Y120.396 F7200 ; move to first infill point
G1 X114.235 Y120.095 ; move to first infill point
G1 F1800
G1 X114.194 Y120.106 E2.49283 ; infill
G1 X114.175 Y120.035 E2.49387 ; infill
G1 X114.246 Y120.054 E2.49491 ; infill
;WIDTH:0.399999
G1 X114.47 Y119.885 E2.49933 ; infill
G1 X119.885 Y114.47 E2.61985 ; infill
G1 X120.102 Y114.232 E2.62492 ; infill
;WIDTH:0.36146
G1 X120.061 Y114.243 E2.62552 ; infill
G1 X120.042 Y114.172 E2.62656 ; infill
G1 X120.113 Y114.191 E2.6276 ; infill
G1 X120.113 Y114.191 F7200 ; move to first infill point
G1 X119.557 Y115.301 ; move to first infill point
G1 F1800
G1 X119.486 Y115.282 E2.62864 ; infill
G1 X119.505 Y115.353 E2.62968 ; infill
G1 X119.546 Y115.342 E2.63028 ; infill
;WIDTH:0.399999
G1 X115.573 Y119.317 E2.71873 ; infill
G1 X115.349 Y119.504 E2.72332 ; infill
;WIDTH:0.36146
G1 X115.278 Y119.485 E2.72436 ; infill
G1 X115.297 Y119.556 E2.7254 ; infill
G1 X115.338 Y119.545 E2.726 ; infill
G1 X115.338 Y119.545 F7200 ; move to first infill point
G1 X116.101 Y119.14 ; move to first infill point
G1 F1800
G1 X117.001 Y118.36 E2.74283 ; infill
G1 X117.699 Y117.692 E2.75649 ; infill
G1 X118.504 Y116.841 E2.77305 ; infill
G1 E1.27305 F2100 ; retract
G92 E0 ; reset extrusion distance
G1 X118.504 Y116.841 Z.66 F7200 ; move to first infill point
G1 X118.982 Y117.233 ; move to first infill point
G1 X116.068 Y109.511 ; move to first infill point
G1 X116.102 Y109.197 ; move to first infill point
G1 X116.102 Y109.104 ; move to first infill point
G1 X116.096 Y109.062 ; move to first infill point
G1 X116.074 Y108.929 ; move to first infill point
G1 X116.049 Y108.797 ; move to first infill point
G1 X116.022 Y108.665 ; move to first infill point
G1 X115.991 Y108.534 ; move to first infill point
G1 X115.958 Y108.404 ; move to first infill point
G1 X115.922 Y108.274 ; move to first infill point
G1 X115.882 Y108.145 ; move to first infill point
G1 X115.841 Y108.017 ; move to first infill point
G1 X115.796 Y107.89 ; move to first infill point
G1 X115.749 Y107.765 ; move to first infill point
G1 X115.712 Y107.68 ; move to first infill point
G1 X114.837 Y106.173 ; move to first infill point
G1 X114.81 Y106.139 ; move to first infill point
G1 X114.725 Y106.035 ; move to first infill point
G1 X114.637 Y105.933 ; move to first infill point
G1 X114.547 Y105.833 ; move to first infill point
G1 X114.456 Y105.735 ; move to first infill point
G1 X114.361 Y105.639 ; move to first infill point
G1 X114.265 Y105.545 ; move to first infill point
G1 X114.167 Y105.453 ; move to first infill point
G1 X114.067 Y105.363 ; move to first infill point
G1 X113.965 Y105.275 ; move to first infill point
G1 X113.861 Y105.19 ; move to first infill point
G1 X113.787 Y105.135 ; move to first infill point
G1 X112.275 Y104.267 ; move to first infill point
G1 X112.235 Y104.251 ; move to first infill point
G1 X112.11 Y104.204 ; move to first infill point
G1 X111.983 Y104.159 ; move to first infill point
G1 X111.909 Y104.135 ; move to first infill point
G1 X112.115 Y103.503 ; move to first infill point
G1 Z.46 F600 ; move to first infill point
G1 E1.5 F1500 ;  ; unretract
;WIDTH:0.400856
G1 F1800
G1 X112.497 Y102.996 E1.51001 ; infill
;WIDTH:0.36146
G1 X112.685 Y102.826 E1.51359 ; infill
G1 E.01359 F2100 ; retract
G92 E0 ; reset extrusion distance
G1 X112.685 Y102.826 Z.66 F7200 ; move to first infill point
G1 X113.027 Y103.298 ; move to first infill point
G1 X107.158 Y104.184 ; move to first infill point
G1 X107.071 Y104.323 ; move to first infill point
G1 X106.972 Y104.423 ; move to first infill point
G1 X106.915 Y104.469 ; move to first infill point
G1 X106.858 Y104.508 ; move to first infill point
G1 X106.797 Y104.542 ; move to first infill point
G1 X106.726 Y104.574 ; move to first infill point
G1 X106.59 Y104.618 ; move to first infill point
G1 X106.408 Y104.633 ; move to first infill point
G1 X106.26 Y104.612 ; move to first infill point
G1 X106.18 Y104.589 ; move to first infill point
G1 X106.108 Y104.56 ; move to first infill point
G1 X106.041 Y104.525 ; move to first infill point
G1 X105.971 Y104.482 ; move to first infill point
G1 X105.848 Y104.378 ; move to first infill point
G1 X105.75 Y104.219 ; move to first infill point
G1 X105.704 Y104.039 ; move to first infill point
G1 X105.053 Y104.141 ; move to first infill point
G1 Z.46 F600 ; move to first infill point
G1 E1.5 F1500 ;  ; unretract
;WIDTH:0.399999
G1 F1800
G1 X104.133 Y105.061 E1.52048 ; infill
G1 X104.549 Y105.18 E1.52729 ; infill
G1 X105.181 Y104.548 E1.54136 ; infill
G1 X105.389 Y104.875 E1.54746 ; infill
G1 X104.878 Y105.386 E1.55883 ; infill
G1 E.05883 F2100 ; retract
G92 E0 ; reset extrusion distance
G1 X104.878 Y105.386 Z.66 F7200 ; move to first infill point
G1 X104.392 Y105.87 ; move to first infill point
G1 X104.413 Y105.892 ; move to first infill point
G1 X104.469 Y105.954 ; move to first infill point
G1 X104.554 Y106.084 ; move to first infill point
G1 X104.611 Y106.248 ; move to first infill point
G1 X104.633 Y106.411 ; move to first infill point
G1 X104.618 Y106.587 ; move to first infill point
G1 X104.572 Y106.737 ; move to first infill point
G1 X104.499 Y106.878 ; move to first infill point
G1 X104.411 Y106.986 ; move to first infill point
G1 X104.357 Y107.037 ; move to first infill point
G1 X104.304 Y107.082 ; move to first infill point
G1 X104.243 Y107.122 ; move to first infill point
G1 X104.173 Y107.16 ; move to first infill point
G1 X104.033 Y107.217 ; move to first infill point
G1 X103.839 Y107.244 ; move to first infill point
G1 X103.68 Y107.226 ; move to first infill point
G1 X103.651 Y107.218 ; move to first infill point
G1 X103.469 Y107.866 ; move to first infill point
G1 Z.46 F600 ; move to first infill point
G1 E1.5 F1500 ;  ; unretract
G1 F1800
G1 X102.773 Y108.562 E1.51549 ; infill
G1 X102.506 Y108.719 E1.52036 ; infill
;WIDTH:0.36146
G1 X102.147 Y108.992 E1.52674 ; infill
G1 X102.147 Y108.992 F7200 ; move to first infill point
G1 X103.342 Y108.613 ; move to first infill point
;WIDTH:0.419666
G1 F1800
G1 X103.294 Y108.626 E1.52756 ; infill
G1 X103.272 Y108.542 E1.529 ; infill
G1 X103.355 Y108.565 E1.53043 ; infill
; stop printing object anel_mes.stl id:0 copy 0
;LAYER_CHANGE
;Z:0.56
;HEIGHT:0.1
G1 Z.56 F600 ; simple layer change
;AFTER_LAYER_CHANGE
;0.56
; printing object anel_mes.stl id:0 copy 0
G1 E.03043 F2100 ; retract
G1 Z.76 F600 ; lift
G1 X107.357 Y120.825 F7200 ; move to first layer point
G1 Z.56 F600 ; move to first layer point
G1 E1.53043 F1500 ;  ; unretract
;TYPE:Perimeter
;WIDTH:0.399999
G1 X106.654 Y120.628 E1.54192 ; perimeter
G1 X105.736 Y120.294 E1.55729 ; perimeter
G1 X104.85 Y119.881 E1.57267 ; perimeter
G1 X104.27 Y119.554 E1.58315 ; perimeter
G1 X103.809 Y119.265 E1.59171 ; perimeter
G1 X103.369 Y118.953 E1.6002 ; perimeter
G1 X102.828 Y118.523 E1.61108 ; perimeter
G1 X102.285 Y118.036 E1.62256 ; perimeter
G1 X101.935 Y117.675 E1.63047 ; perimeter
G1 X101.212 Y116.84 E1.64785 ; perimeter
G1 X100.764 Y116.232 E1.65974 ; perimeter
G1 X100.477 Y115.785 E1.6681 ; perimeter
G1 X100.119 Y115.15 E1.67957 ; perimeter
G1 X99.706 Y114.264 E1.69495 ; perimeter
G1 X99.371 Y113.343 E1.71037 ; perimeter
G1 X99.216 Y112.8 E1.71926 ; perimeter
G1 X99.073 Y112.18 E1.72927 ; perimeter
G1 X98.923 Y111.208 E1.74475 ; perimeter
G1 X98.858 Y110.05 E1.763 ; perimeter
G1 X98.868 Y109.519 E1.77136 ; perimeter
G1 X98.923 Y108.792 E1.78283 ; perimeter
G1 X99.062 Y107.89 E1.79719 ; perimeter
G1 X99.176 Y107.357 E1.80577 ; perimeter
G1 X99.372 Y106.654 E1.81726 ; perimeter
G1 X99.706 Y105.736 E1.83263 ; perimeter
G1 X100.12 Y104.848 E1.84805 ; perimeter
G1 X100.394 Y104.354 E1.85694 ; perimeter
G1 X100.737 Y103.806 E1.86711 ; perimeter
G1 X101.047 Y103.369 E1.87554 ; perimeter
G1 X101.477 Y102.828 E1.88642 ; perimeter
G1 X102.086 Y102.157 E1.90068 ; perimeter
G1 X102.468 Y101.788 E1.90904 ; perimeter
G1 X103.022 Y101.314 E1.92051 ; perimeter
G1 X103.758 Y100.774 E1.93488 ; perimeter
G1 X104.215 Y100.477 E1.94346 ; perimeter
G1 X104.85 Y100.119 E1.95493 ; perimeter
G1 X105.736 Y99.706 E1.97031 ; perimeter
G1 X106.657 Y99.371 E1.98573 ; perimeter
G1 X107.2 Y99.216 E1.99462 ; perimeter
G1 X107.772 Y99.084 E2.00386 ; perimeter
G1 X108.3 Y98.988 E2.01231 ; perimeter
G1 X108.972 Y98.907 E2.02296 ; perimeter
G1 X109.512 Y98.868 E2.03148 ; perimeter
G1 X110.087 Y98.858 E2.04053 ; perimeter
G1 X110.674 Y98.879 E2.04977 ; perimeter
G1 X111.203 Y98.923 E2.05812 ; perimeter
G1 X112.11 Y99.062 E2.07256 ; perimeter
G1 X112.643 Y99.176 E2.08114 ; perimeter
G1 X113.346 Y99.372 E2.09263 ; perimeter
G1 X114.264 Y99.706 E2.108 ; perimeter
G1 X115.15 Y100.119 E2.12338 ; perimeter
G1 X115.73 Y100.446 E2.13386 ; perimeter
G1 X116.191 Y100.735 E2.14242 ; perimeter
G1 X116.631 Y101.047 E2.15091 ; perimeter
G1 X117.172 Y101.477 E2.16179 ; perimeter
G1 X117.843 Y102.086 E2.17605 ; perimeter
G1 X118.212 Y102.468 E2.18441 ; perimeter
G1 X118.686 Y103.022 E2.19588 ; perimeter
G1 X119.264 Y103.81 E2.21126 ; perimeter
G1 X119.771 Y104.645 E2.22663 ; perimeter
G1 X120.073 Y105.24 E2.23713 ; perimeter
G1 X120.29 Y105.726 E2.24551 ; perimeter
G1 X120.604 Y106.589 E2.25996 ; perimeter
G1 X120.762 Y107.111 E2.26854 ; perimeter
G1 X120.927 Y107.821 E2.28001 ; perimeter
G1 X121.077 Y108.792 E2.29547 ; perimeter
G1 X121.132 Y109.519 E2.30694 ; perimeter
G1 X121.142 Y110.05 E2.3153 ; perimeter
G1 X121.132 Y110.481 E2.32208 ; perimeter
G1 X121.077 Y111.208 E2.33355 ; perimeter
G1 X120.928 Y112.174 E2.34893 ; perimeter
G1 X120.712 Y113.055 E2.36321 ; perimeter
G1 X120.553 Y113.577 E2.3718 ; perimeter
G1 X120.314 Y114.21 E2.38245 ; perimeter
G1 X120.101 Y114.704 E2.39092 ; perimeter
G1 X119.771 Y115.355 E2.40241 ; perimeter
G1 X119.264 Y116.19 E2.41778 ; perimeter
G1 X118.728 Y116.922 E2.43206 ; perimeter
G1 X118.381 Y117.343 E2.44065 ; perimeter
G1 X117.882 Y117.875 E2.45213 ; perimeter
G1 X117.21 Y118.492 E2.46649 ; perimeter
G1 X116.787 Y118.837 E2.47508 ; perimeter
G1 X116.237 Y119.231 E2.48573 ; perimeter
G1 X115.785 Y119.523 E2.4942 ; perimeter
G1 X115.15 Y119.881 E2.50567 ; perimeter
G1 X114.264 Y120.294 E2.52105 ; perimeter
G1 X113.346 Y120.628 E2.53642 ; perimeter
G1 X112.704 Y120.808 E2.54691 ; perimeter
G1 X112.184 Y120.926 E2.5553 ; perimeter
G1 X111.277 Y121.066 E2.56974 ; perimeter
G1 X110.734 Y121.118 E2.57832 ; perimeter
G1 X110.057 Y121.141 E2.58898 ; perimeter
G1 X109.519 Y121.132 E2.59745 ; perimeter
G1 X108.792 Y121.077 E2.60892 ; perimeter
G1 X107.89 Y120.938 E2.62328 ; perimeter
G1 X107.415 Y120.837 E2.63092 ; perimeter
G1 X107.415 Y120.837 F7200 ; move to first perimeter point
G1 X107.269 Y121.193 ; move to first perimeter point
G1 F1500
G1 X107.265 Y121.192 E2.63098 ; perimeter
G1 X106.539 Y120.989 E2.64284 ; perimeter
G1 X105.591 Y120.644 E2.65872 ; perimeter
G1 X104.677 Y120.218 E2.67459 ; perimeter
G1 X104.084 Y119.884 E2.6853 ; perimeter
G1 X103.599 Y119.58 E2.69431 ; perimeter
G1 X103.189 Y119.292 E2.7022 ; perimeter
G1 X102.719 Y118.928 E2.71156 ; perimeter
G1 X102.267 Y118.538 E2.72096 ; perimeter
G1 X101.858 Y118.151 E2.72982 ; perimeter
G1 X101.172 Y117.403 E2.74579 ; perimeter
G1 X100.752 Y116.867 E2.75651 ; perimeter
G1 X100.454 Y116.449 E2.76459 ; perimeter
G1 X100.152 Y115.98 E2.77337 ; perimeter
G1 X99.782 Y115.323 E2.78524 ; perimeter
G1 X99.356 Y114.409 E2.80111 ; perimeter
G1 X99.011 Y113.46 E2.817 ; perimeter
G1 X98.849 Y112.895 E2.82625 ; perimeter
G1 X98.701 Y112.252 E2.83663 ; perimeter
G1 X98.547 Y111.251 E2.85257 ; perimeter
G1 X98.495 Y110.572 E2.86329 ; perimeter
G1 X98.48 Y110.058 E2.87138 ; perimeter
G1 X98.49 Y109.501 E2.88015 ; perimeter
G1 X98.547 Y108.749 E2.89202 ; perimeter
G1 X98.688 Y107.833 E2.90661 ; perimeter
G1 X98.808 Y107.265 E2.91575 ; perimeter
G1 X99.011 Y106.539 E2.92761 ; perimeter
G1 X99.356 Y105.591 E2.94349 ; perimeter
G1 X99.783 Y104.676 E2.95938 ; perimeter
G1 X100.068 Y104.162 E2.96863 ; perimeter
G1 X100.385 Y103.656 E2.97803 ; perimeter
G1 X100.708 Y103.189 E2.98697 ; perimeter
G1 X101.072 Y102.719 E2.99633 ; perimeter
G1 X101.813 Y101.895 E3.01377 ; perimeter
G1 X102.214 Y101.508 E3.02254 ; perimeter
G1 X102.786 Y101.017 E3.0344 ; perimeter
G1 X103.534 Y100.469 E3.04899 ; perimeter
G1 X104.02 Y100.152 E3.05812 ; perimeter
G1 X104.677 Y99.782 E3.06999 ; perimeter
G1 X105.591 Y99.356 E3.08586 ; perimeter
G1 X106.54 Y99.011 E3.10175 ; perimeter
G1 X107.105 Y98.849 E3.111 ; perimeter
G1 X107.687 Y98.715 E3.1204 ; perimeter
G1 X108.244 Y98.613 E3.12931 ; perimeter
G1 X108.927 Y98.531 E3.14014 ; perimeter
G1 X109.496 Y98.49 E3.14912 ; perimeter
G1 X110.09 Y98.48 E3.15847 ; perimeter
G1 X110.687 Y98.501 E3.16787 ; perimeter
G1 X111.248 Y98.547 E3.17673 ; perimeter
G1 X112.167 Y98.688 E3.19136 ; perimeter
G1 X112.735 Y98.808 E3.2005 ; perimeter
G1 X113.461 Y99.011 E3.21236 ; perimeter
G1 X114.409 Y99.356 E3.22824 ; perimeter
G1 X115.323 Y99.782 E3.24411 ; perimeter
G1 X115.916 Y100.116 E3.25482 ; perimeter
G1 X116.401 Y100.42 E3.26383 ; perimeter
G1 X116.811 Y100.708 E3.27172 ; perimeter
G1 X117.281 Y101.072 E3.28108 ; perimeter
G1 X118.105 Y101.813 E3.29852 ; perimeter
G1 X118.492 Y102.214 E3.30729 ; perimeter
G1 X118.983 Y102.786 E3.31915 ; perimeter
G1 X119.579 Y103.599 E3.33501 ; perimeter
G1 X120.102 Y104.461 E3.35088 ; perimeter
G1 X120.41 Y105.069 E3.36161 ; perimeter
G1 X120.642 Y105.585 E3.37051 ; perimeter
G1 X120.96 Y106.459 E3.38515 ; perimeter
G1 X121.128 Y107.015 E3.39429 ; perimeter
G1 X121.299 Y107.749 E3.40615 ; perimeter
G1 X121.453 Y108.749 E3.42207 ; perimeter
G1 X121.51 Y109.501 E3.43394 ; perimeter
G1 X121.52 Y110.058 E3.44271 ; perimeter
G1 X121.51 Y110.499 E3.44965 ; perimeter
G1 X121.453 Y111.251 E3.46152 ; perimeter
G1 X121.3 Y112.248 E3.47739 ; perimeter
G1 X121.08 Y113.145 E3.49193 ; perimeter
G1 X120.911 Y113.7 E3.50106 ; perimeter
G1 X120.669 Y114.344 E3.51189 ; perimeter
G1 X120.443 Y114.866 E3.52084 ; perimeter
G1 X120.102 Y115.539 E3.53271 ; perimeter
G1 X119.579 Y116.401 E3.54858 ; perimeter
G1 X119.033 Y117.146 E3.56312 ; perimeter
G1 X118.664 Y117.594 E3.57225 ; perimeter
G1 X118.149 Y118.144 E3.58411 ; perimeter
G1 X117.465 Y118.771 E3.59871 ; perimeter
G1 X117.016 Y119.139 E3.60785 ; perimeter
G1 X116.457 Y119.539 E3.61867 ; perimeter
G1 X115.98 Y119.848 E3.62761 ; perimeter
G1 X115.323 Y120.218 E3.63948 ; perimeter
G1 X114.409 Y120.644 E3.65535 ; perimeter
G1 X113.461 Y120.989 E3.67123 ; perimeter
G1 X112.806 Y121.172 E3.68193 ; perimeter
G1 X112.254 Y121.299 E3.69084 ; perimeter
G1 X111.334 Y121.44 E3.70549 ; perimeter
G1 X110.757 Y121.496 E3.71461 ; perimeter
G1 X110.07 Y121.519 E3.72543 ; perimeter
G1 X109.501 Y121.51 E3.73439 ; perimeter
G1 X108.749 Y121.453 E3.74626 ; perimeter
G1 X107.833 Y121.312 E3.76085 ; perimeter
G1 X107.328 Y121.205 E3.76897 ; perimeter
G1 X107.328 Y121.205 F7200 ; move to first perimeter point
G1 X107.191 Y121.563 ; move to first perimeter point
;TYPE:External perimeter
G1 F900
G1 X107.173 Y121.559 E3.76926 ; perimeter
G1 X106.423 Y121.349 E3.78152 ; perimeter
G1 X105.446 Y120.994 E3.79788 ; perimeter
G1 X104.504 Y120.555 E3.81424 ; perimeter
G1 X103.826 Y120.173 E3.82649 ; perimeter
G1 X103.389 Y119.894 E3.83465 ; perimeter
G1 X102.964 Y119.597 E3.84281 ; perimeter
G1 X102.479 Y119.221 E3.85247 ; perimeter
G1 X101.96 Y118.773 E3.86326 ; perimeter
G1 X101.587 Y118.416 E3.87139 ; perimeter
G1 X100.883 Y117.648 E3.88779 ; perimeter
G1 X100.403 Y117.036 E3.90003 ; perimeter
G1 X100.106 Y116.611 E3.90819 ; perimeter
G1 X99.827 Y116.174 E3.91635 ; perimeter
G1 X99.445 Y115.496 E3.9286 ; perimeter
G1 X99.006 Y114.554 E3.94496 ; perimeter
G1 X98.65 Y113.577 E3.96132 ; perimeter
G1 X98.482 Y112.989 E3.97094 ; perimeter
G1 X98.329 Y112.323 E3.98169 ; perimeter
G1 X98.171 Y111.294 E3.99807 ; perimeter
G1 X98.111 Y110.518 E4.01032 ; perimeter
G1 X98.1 Y110 E4.01847 ; perimeter
G1 X98.111 Y109.482 E4.02662 ; perimeter
G1 X98.171 Y108.706 E4.03887 ; perimeter
G1 X98.329 Y107.676 E4.05527 ; perimeter
G1 X98.441 Y107.173 E4.06338 ; perimeter
G1 X98.651 Y106.423 E4.07564 ; perimeter
G1 X99.006 Y105.446 E4.092 ; perimeter
G1 X99.445 Y104.504 E4.10836 ; perimeter
G1 X99.742 Y103.969 E4.11799 ; perimeter
G1 X100.106 Y103.388 E4.12878 ; perimeter
G1 X100.403 Y102.964 E4.13693 ; perimeter
G1 X100.779 Y102.479 E4.14659 ; perimeter
G1 X101.227 Y101.96 E4.15738 ; perimeter
G1 X101.585 Y101.585 E4.16554 ; perimeter
G1 X101.96 Y101.227 E4.1737 ; perimeter
G1 X102.551 Y100.72 E4.18595 ; perimeter
G1 X103.391 Y100.104 E4.20234 ; perimeter
G1 X103.826 Y99.827 E4.21046 ; perimeter
G1 X104.504 Y99.445 E4.22271 ; perimeter
G1 X105.446 Y99.006 E4.23907 ; perimeter
G1 X106.423 Y98.65 E4.25543 ; perimeter
G1 X107.011 Y98.482 E4.26505 ; perimeter
G1 X107.679 Y98.329 E4.27584 ; perimeter
G1 X108.189 Y98.239 E4.28399 ; perimeter
G1 X108.964 Y98.145 E4.29628 ; perimeter
G1 X109.48 Y98.111 E4.30442 ; perimeter
G1 X110.094 Y98.101 E4.31408 ; perimeter
G1 X110.779 Y98.126 E4.32487 ; perimeter
G1 X111.293 Y98.171 E4.33299 ; perimeter
G1 X112.324 Y98.329 E4.34941 ; perimeter
G1 X112.827 Y98.441 E4.35752 ; perimeter
G1 X113.577 Y98.651 E4.36978 ; perimeter
G1 X114.554 Y99.006 E4.38614 ; perimeter
G1 X115.496 Y99.445 E4.4025 ; perimeter
G1 X116.174 Y99.827 E4.41475 ; perimeter
G1 X116.611 Y100.106 E4.42291 ; perimeter
G1 X117.036 Y100.403 E4.43107 ; perimeter
G1 X117.521 Y100.779 E4.44073 ; perimeter
G1 X118.04 Y101.227 E4.45152 ; perimeter
G1 X118.415 Y101.585 E4.45968 ; perimeter
G1 X118.773 Y101.96 E4.46784 ; perimeter
G1 X119.28 Y102.551 E4.48009 ; perimeter
G1 X119.894 Y103.389 E4.49644 ; perimeter
G1 X120.433 Y104.277 E4.51279 ; perimeter
G1 X120.785 Y104.972 E4.52505 ; perimeter
G1 X120.993 Y105.444 E4.53317 ; perimeter
G1 X121.35 Y106.424 E4.54958 ; perimeter
G1 X121.494 Y106.919 E4.55769 ; perimeter
G1 X121.625 Y107.478 E4.56673 ; perimeter
G1 X121.718 Y107.984 E4.57483 ; perimeter
G1 X121.854 Y109.032 E4.59146 ; perimeter
G1 X121.89 Y109.565 E4.59987 ; perimeter
G1 X121.898 Y110.067 E4.60777 ; perimeter
G1 X121.889 Y110.518 E4.61487 ; perimeter
G1 X121.829 Y111.294 E4.62712 ; perimeter
G1 X121.671 Y112.322 E4.64349 ; perimeter
G1 X121.424 Y113.332 E4.65985 ; perimeter
G1 X121.269 Y113.824 E4.66797 ; perimeter
G1 X120.994 Y114.555 E4.68026 ; perimeter
G1 X120.785 Y115.028 E4.6884 ; perimeter
G1 X120.433 Y115.723 E4.70066 ; perimeter
G1 X119.894 Y116.611 E4.71701 ; perimeter
G1 X119.279 Y117.45 E4.73338 ; perimeter
G1 X118.948 Y117.845 E4.74149 ; perimeter
G1 X118.415 Y118.414 E4.75376 ; perimeter
G1 X117.647 Y119.117 E4.77015 ; perimeter
G1 X117.245 Y119.44 E4.77827 ; perimeter
G1 X116.61 Y119.895 E4.79056 ; perimeter
G1 X116.174 Y120.173 E4.7987 ; perimeter
G1 X115.496 Y120.555 E4.81095 ; perimeter
G1 X114.554 Y120.994 E4.82731 ; perimeter
G1 X113.577 Y121.349 E4.84367 ; perimeter
G1 X112.827 Y121.559 E4.85593 ; perimeter
G1 X112.324 Y121.671 E4.86404 ; perimeter
G1 X111.293 Y121.829 E4.88046 ; perimeter
G1 X110.779 Y121.874 E4.88858 ; perimeter
G1 X109.999 Y121.9 E4.90086 ; perimeter
G1 X109.482 Y121.889 E4.909 ; perimeter
G1 X108.706 Y121.829 E4.92125 ; perimeter
G1 X107.676 Y121.671 E4.93765 ; perimeter
G1 X107.249 Y121.576 E4.94453 ; perimeter
G1 E3.44453 F2100 ; retract
G92 E0 ; reset extrusion distance
G1 X107.249 Y121.576 Z.76 F7200 ; move to first perimeter point
G1 X103.515 Y109.094 ; move to first perimeter point
G1 Z.56 F600 ; move to first perimeter point
G1 E1.5 F1500 ;  ; unretract
;TYPE:Perimeter
G1 X103.56 Y108.772 E1.50512 ; perimeter
G1 X103.694 Y108.205 E1.51429 ; perimeter
G1 X103.924 Y107.539 E1.52538 ; perimeter
G1 X104.166 Y107.009 E1.53455 ; perimeter
G1 X104.52 Y106.401 E1.54562 ; perimeter
G1 X104.861 Y105.928 E1.5548 ; perimeter
G1 X105.197 Y105.547 E1.56279 ; perimeter
G1 X105.856 Y104.92 E1.57711 ; perimeter
G1 X106.323 Y104.572 E1.58628 ; perimeter
G1 X107.009 Y104.166 E1.59883 ; perimeter
G1 X107.491 Y103.942 E1.60719 ; perimeter
G1 X108.116 Y103.721 E1.61762 ; perimeter
G1 X109.276 Y103.483 E1.63626 ; perimeter
G1 X109.922 Y103.445 E1.64644 ; perimeter
G1 X110.497 Y103.464 E1.65549 ; perimeter
G1 X111.228 Y103.56 E1.66709 ; perimeter
G1 X111.795 Y103.694 E1.67626 ; perimeter
G1 X112.461 Y103.924 E1.68735 ; perimeter
G1 X112.991 Y104.166 E1.69652 ; perimeter
G1 X113.434 Y104.423 E1.70458 ; perimeter
G1 X113.868 Y104.712 E1.71279 ; perimeter
G1 X114.453 Y105.197 E1.72475 ; perimeter
G1 X115.08 Y105.856 E1.73907 ; perimeter
G1 X115.428 Y106.323 E1.74824 ; perimeter
G1 X115.791 Y106.927 E1.75933 ; perimeter
G1 X116.041 Y107.453 E1.7685 ; perimeter
G1 X116.279 Y108.116 E1.77959 ; perimeter
G1 X116.422 Y108.681 E1.78876 ; perimeter
G1 X116.526 Y109.377 E1.79984 ; perimeter
G1 X116.533 Y110.561 E1.81847 ; perimeter
G1 X116.44 Y111.228 E1.82907 ; perimeter
G1 X116.306 Y111.795 E1.83824 ; perimeter
G1 X116.076 Y112.461 E1.84933 ; perimeter
G1 X115.834 Y112.991 E1.8585 ; perimeter
G1 X115.48 Y113.599 E1.86957 ; perimeter
G1 X115.139 Y114.072 E1.87875 ; perimeter
G1 X114.672 Y114.599 E1.88983 ; perimeter
G1 X114.144 Y115.08 E1.90107 ; perimeter
G1 X113.677 Y115.428 E1.91024 ; perimeter
G1 X113.073 Y115.791 E1.92133 ; perimeter
G1 X112.547 Y116.041 E1.9305 ; perimeter
G1 X111.884 Y116.279 E1.94159 ; perimeter
G1 X110.795 Y116.506 E1.9591 ; perimeter
G1 X110.052 Y116.556 E1.97082 ; perimeter
G1 X109.338 Y116.522 E1.98207 ; perimeter
G1 X108.175 Y116.298 E2.00071 ; perimeter
G1 X107.539 Y116.076 E2.01131 ; perimeter
G1 X107.009 Y115.834 E2.02048 ; perimeter
G1 X106.566 Y115.577 E2.02854 ; perimeter
G1 X106.132 Y115.288 E2.03675 ; perimeter
G1 X105.547 Y114.803 E2.04871 ; perimeter
G1 X104.92 Y114.144 E2.06303 ; perimeter
G1 X104.572 Y113.677 E2.0722 ; perimeter
G1 X104.209 Y113.073 E2.08329 ; perimeter
G1 X103.959 Y112.547 E2.09246 ; perimeter
G1 X103.721 Y111.884 E2.10355 ; perimeter
G1 X103.578 Y111.319 E2.11272 ; perimeter
G1 X103.474 Y110.623 E2.1238 ; perimeter
G1 X103.467 Y109.439 E2.14243 ; perimeter
G1 X103.507 Y109.154 E2.14696 ; perimeter
G1 X103.507 Y109.154 F7200 ; move to first perimeter point
G1 X103.89 Y109.147 ; move to first perimeter point
G1 F720
G1 X103.935 Y108.825 E2.15208 ; perimeter
G1 X104.062 Y108.295 E2.16066 ; perimeter
G1 X104.281 Y107.665 E2.17116 ; perimeter
G1 X104.509 Y107.169 E2.17975 ; perimeter
G1 X104.846 Y106.594 E2.19024 ; perimeter
G1 X105.166 Y106.152 E2.19883 ; perimeter
G1 X105.61 Y105.654 E2.20933 ; perimeter
G1 X106.109 Y105.202 E2.21993 ; perimeter
G1 X106.547 Y104.877 E2.22851 ; perimeter
G1 X107.169 Y104.509 E2.23988 ; perimeter
G1 X107.636 Y104.292 E2.24798 ; perimeter
G1 X108.242 Y104.078 E2.25809 ; perimeter
G1 X109.321 Y103.859 E2.27542 ; perimeter
G1 X109.944 Y103.823 E2.28524 ; perimeter
G1 X110.482 Y103.842 E2.29371 ; perimeter
G1 X111.175 Y103.935 E2.30471 ; perimeter
G1 X111.705 Y104.062 E2.31329 ; perimeter
G1 X112.335 Y104.281 E2.32379 ; perimeter
G1 X112.831 Y104.509 E2.33238 ; perimeter
G1 X113.406 Y104.846 E2.34287 ; perimeter
G1 X113.848 Y105.166 E2.35146 ; perimeter
G1 X114.346 Y105.61 E2.36196 ; perimeter
G1 X114.798 Y106.109 E2.37256 ; perimeter
G1 X115.123 Y106.547 E2.38114 ; perimeter
G1 X115.465 Y107.12 E2.39164 ; perimeter
G1 X115.698 Y107.613 E2.40022 ; perimeter
G1 X115.922 Y108.242 E2.41073 ; perimeter
G1 X116.054 Y108.77 E2.4193 ; perimeter
G1 X116.151 Y109.431 E2.42981 ; perimeter
G1 X116.156 Y110.532 E2.44714 ; perimeter
G1 X116.065 Y111.175 E2.45736 ; perimeter
G1 X115.938 Y111.705 E2.46594 ; perimeter
G1 X115.719 Y112.335 E2.47644 ; perimeter
G1 X115.491 Y112.831 E2.48503 ; perimeter
G1 X115.154 Y113.406 E2.49552 ; perimeter
G1 X114.834 Y113.848 E2.50411 ; perimeter
G1 X114.39 Y114.346 E2.51461 ; perimeter
G1 X113.891 Y114.798 E2.52521 ; perimeter
G1 X113.453 Y115.123 E2.53379 ; perimeter
G1 X112.88 Y115.465 E2.54429 ; perimeter
G1 X112.387 Y115.698 E2.55287 ; perimeter
G1 X111.758 Y115.922 E2.56338 ; perimeter
G1 X110.722 Y116.134 E2.58002 ; perimeter
G1 X110.031 Y116.178 E2.59092 ; perimeter
G1 X109.358 Y116.144 E2.60153 ; perimeter
G1 X108.242 Y115.922 E2.61944 ; perimeter
G1 X107.665 Y115.719 E2.62907 ; perimeter
G1 X107.169 Y115.491 E2.63766 ; perimeter
G1 X106.594 Y115.154 E2.64815 ; perimeter
G1 X106.152 Y114.834 E2.65674 ; perimeter
G1 X105.654 Y114.39 E2.66724 ; perimeter
G1 X105.202 Y113.891 E2.67784 ; perimeter
G1 X104.877 Y113.453 E2.68642 ; perimeter
G1 X104.535 Y112.88 E2.69692 ; perimeter
G1 X104.302 Y112.387 E2.7055 ; perimeter
G1 X104.078 Y111.758 E2.71601 ; perimeter
G1 X103.946 Y111.23 E2.72458 ; perimeter
G1 X103.849 Y110.569 E2.73509 ; perimeter
G1 X103.844 Y109.468 E2.75242 ; perimeter
G1 X103.881 Y109.207 E2.75657 ; perimeter
G1 X103.881 Y109.207 F7200 ; move to first perimeter point
G1 X104.264 Y109.201 ; move to first perimeter point
;TYPE:External perimeter
G1 F720
G1 X104.31 Y108.879 E2.76169 ; perimeter
G1 X104.43 Y108.385 E2.76969 ; perimeter
G1 X104.638 Y107.79 E2.77961 ; perimeter
G1 X104.852 Y107.329 E2.78761 ; perimeter
G1 X105.172 Y106.786 E2.79753 ; perimeter
G1 X105.472 Y106.376 E2.80553 ; perimeter
G1 X105.892 Y105.906 E2.81545 ; perimeter
G1 X106.362 Y105.483 E2.8254 ; perimeter
G1 X106.771 Y105.182 E2.83339 ; perimeter
G1 X107.329 Y104.852 E2.84359 ; perimeter
G1 X107.788 Y104.638 E2.85156 ; perimeter
G1 X108.368 Y104.435 E2.86123 ; perimeter
G1 X109.379 Y104.234 E2.87745 ; perimeter
G1 X109.965 Y104.201 E2.88669 ; perimeter
G1 X110.466 Y104.22 E2.89458 ; perimeter
G1 X111.121 Y104.31 E2.90499 ; perimeter
G1 X111.615 Y104.43 E2.91299 ; perimeter
G1 X112.21 Y104.638 E2.92291 ; perimeter
G1 X112.671 Y104.852 E2.93091 ; perimeter
G1 X113.214 Y105.172 E2.94083 ; perimeter
G1 X113.624 Y105.472 E2.94883 ; perimeter
G1 X114.094 Y105.892 E2.95875 ; perimeter
G1 X114.517 Y106.362 E2.9687 ; perimeter
G1 X114.818 Y106.771 E2.97669 ; perimeter
G1 X115.14 Y107.313 E2.98661 ; perimeter
G1 X115.355 Y107.773 E2.9946 ; perimeter
G1 X115.565 Y108.367 E3.00452 ; perimeter
G1 X115.687 Y108.86 E3.01251 ; perimeter
G1 X115.777 Y109.484 E3.02243 ; perimeter
G1 X115.778 Y110.503 E3.03847 ; perimeter
G1 X115.69 Y111.121 E3.04829 ; perimeter
G1 X115.57 Y111.615 E3.05629 ; perimeter
G1 X115.362 Y112.21 E3.06621 ; perimeter
G1 X115.148 Y112.671 E3.07421 ; perimeter
G1 X114.828 Y113.214 E3.08413 ; perimeter
G1 X114.528 Y113.624 E3.09213 ; perimeter
G1 X114.108 Y114.094 E3.10205 ; perimeter
G1 X113.638 Y114.517 E3.112 ; perimeter
G1 X113.229 Y114.818 E3.11999 ; perimeter
G1 X112.687 Y115.14 E3.12991 ; perimeter
G1 X112.227 Y115.355 E3.1379 ; perimeter
G1 X111.633 Y115.565 E3.14782 ; perimeter
G1 X110.648 Y115.763 E3.16363 ; perimeter
G1 X110.01 Y115.8 E3.17369 ; perimeter
G1 X109.379 Y115.766 E3.18363 ; perimeter
G1 X108.367 Y115.565 E3.19987 ; perimeter
G1 X107.788 Y115.362 E3.20953 ; perimeter
G1 X107.329 Y115.148 E3.2175 ; perimeter
G1 X106.786 Y114.828 E3.22742 ; perimeter
G1 X106.376 Y114.528 E3.23542 ; perimeter
G1 X105.906 Y114.108 E3.24534 ; perimeter
G1 X105.483 Y113.638 E3.25529 ; perimeter
G1 X105.182 Y113.229 E3.26328 ; perimeter
G1 X104.86 Y112.687 E3.2732 ; perimeter
G1 X104.645 Y112.227 E3.28119 ; perimeter
G1 X104.435 Y111.633 E3.29111 ; perimeter
G1 X104.313 Y111.14 E3.2991 ; perimeter
G1 X104.223 Y110.516 E3.30902 ; perimeter
G1 X104.222 Y109.496 E3.32507 ; perimeter
G1 X104.255 Y109.261 E3.3288 ; perimeter
G1 E2.2788 F2100 ; retract
;WIPE_START
G1 F5760
G1 X104.264 Y109.201 E2.25779 ; wipe and retract
G1 X104.31 Y108.879 E2.14513 ; wipe and retract
G1 X104.43 Y108.385 E1.96906 ; wipe and retract
G1 X104.563 Y108.003 E1.8288 ; wipe and retract
;WIPE_END
G92 E0 ; reset extrusion distance
G1 Z.76 F600 ; move to first infill (bridge) point
G1 X104.211 Y107.871 F7200 ; move to first infill (bridge) point
G1 X101.111 Y110.906 ; move to first infill (bridge) point
G1 Z.56 F600 ; move to first infill (bridge) point
G1 E1.5 F1500 ;  ; unretract
;TYPE:Bridge infill
;WIDTH:0.405832
;HEIGHT:0.4
G1 F1200
G1 X101.111 Y109.881 E1.55512 ; infill (bridge)
G1 X101.147 Y109.616 E1.5695 ; infill (bridge)
G1 X101.211 Y109.38 E1.58265 ; infill (bridge)
G1 X101.296 Y109.178 E1.59444 ; infill (bridge)
G1 X101.424 Y108.95 E1.6085 ; infill (bridge)
G1 X101.567 Y108.765 E1.62107 ; infill (bridge)
G1 X101.567 Y111.235 E1.75391 ; infill (bridge)
G1 X101.771 Y111.438 E1.76939 ; infill (bridge)
G1 X102.023 Y111.62 E1.78611 ; infill (bridge)
G1 X102.023 Y108.147 E1.97289 ; infill (bridge)
G1 E.47289 F2100 ; retract
G92 E0 ; reset extrusion distance
G1 X102.023 Y108.147 Z.76 F7200 ; move to first infill (bridge) point
G1 X102.479 Y104.997 ; move to first infill (bridge) point
G1 Z.56 F600 ; move to first infill (bridge) point
G1 E1.5 F1500 ;  ; unretract
G1 F1200
G1 X102.479 Y114.705 E2.02209 ; infill (bridge)
G1 X102.686 Y114.918 E2.03806 ; infill (bridge)
G1 X102.935 Y115.104 E2.05477 ; infill (bridge)
G1 X102.935 Y104.896 E2.60375 ; infill (bridge)
G1 X103.154 Y104.778 E2.61713 ; infill (bridge)
G1 X103.39 Y104.689 E2.63069 ; infill (bridge)
G1 X103.39 Y108.104 E2.81435 ; infill (bridge)
G1 X103.246 Y108.709 E2.8478 ; infill (bridge)
G1 X103.148 Y109.415 E2.88613 ; infill (bridge)
G1 X103.145 Y110.498 E2.94437 ; infill (bridge)
G1 X103.266 Y111.389 E2.99273 ; infill (bridge)
G1 X103.39 Y111.895 E3.02075 ; infill (bridge)
G1 X103.39 Y115.311 E3.20446 ; infill (bridge)
G1 X103.63 Y115.368 E3.21773 ; infill (bridge)
G1 X103.846 Y115.39 E3.22941 ; infill (bridge)
G1 X103.846 Y113.06 E3.35472 ; infill (bridge)
G1 X103.925 Y113.219 E3.36427 ; infill (bridge)
G1 X103.916 Y113.233 E3.36517 ; infill (bridge)
G1 X104.302 Y113.848 E3.40422 ; infill (bridge)
G1 X104.302 Y115.36 E3.48553 ; infill (bridge)
G1 X104.702 Y115.3 E3.50728 ; infill (bridge)
G1 X104.619 Y115.847 E3.53703 ; infill (bridge)
G1 X104.61 Y116.147 E3.55317 ; infill (bridge)
G1 X104.653 Y116.476 E3.57101 ; infill (bridge)
G1 X104.758 Y116.802 E3.58943 ; infill (bridge)
G1 X104.758 Y114.438 E3.71656 ; infill (bridge)
G1 X105.214 Y114.933 E3.75275 ; infill (bridge)
G1 X105.214 Y117.45 E3.88811 ; infill (bridge)
G1 X105.348 Y117.562 E3.8975 ; infill (bridge)
G1 X105.67 Y117.762 E3.91789 ; infill (bridge)
G1 X105.67 Y115.341 E4.04809 ; infill (bridge)
G1 X106.125 Y115.678 E4.07854 ; infill (bridge)
G1 X106.125 Y117.917 E4.19895 ; infill (bridge)
G1 X106.329 Y117.947 E4.21004 ; infill (bridge)
G1 X106.581 Y117.953 E4.2236 ; infill (bridge)
G1 X106.581 Y115.956 E4.331 ; infill (bridge)
G1 X106.818 Y116.097 E4.34583 ; infill (bridge)
G1 X107.037 Y116.199 E4.35882 ; infill (bridge)
G1 X107.037 Y117.876 E4.44901 ; infill (bridge)
G1 X107.273 Y117.789 E4.46254 ; infill (bridge)
G1 X107.493 Y117.673 E4.47592 ; infill (bridge)
G1 X107.493 Y116.396 E4.5446 ; infill (bridge)
G1 X107.949 Y116.55 E4.57048 ; infill (bridge)
G1 X107.949 Y117.331 E4.61248 ; infill (bridge)
G1 X108.057 Y117.246 E4.61987 ; infill (bridge)
G1 X108.272 Y117.771 E4.65038 ; infill (bridge)
G1 X108.405 Y118.019 E4.66551 ; infill (bridge)
G1 X108.405 Y116.672 E4.73795 ; infill (bridge)
G1 X108.86 Y116.762 E4.76289 ; infill (bridge)
G1 X108.86 Y118.51 E4.8569 ; infill (bridge)
G1 X109.072 Y118.649 E4.87053 ; infill (bridge)
G1 X109.316 Y118.764 E4.88504 ; infill (bridge)
G1 X109.316 Y116.836 E4.98873 ; infill (bridge)
G1 X109.772 Y116.864 E5.0133 ; infill (bridge)
G1 X109.772 Y118.88 E5.12172 ; infill (bridge)
G1 X110.228 Y118.88 E5.14624 ; infill (bridge)
G1 X110.228 Y116.862 E5.25477 ; infill (bridge)
G1 X110.684 Y116.832 E5.27935 ; infill (bridge)
G1 X110.684 Y118.764 E5.38325 ; infill (bridge)
G1 X110.927 Y118.65 E5.39769 ; infill (bridge)
G1 X111.14 Y118.51 E5.4114 ; infill (bridge)
G1 X111.14 Y116.762 E5.50541 ; infill (bridge)
G1 X111.595 Y116.67 E5.53037 ; infill (bridge)
G1 X111.595 Y118.019 E5.60292 ; infill (bridge)
G1 X111.727 Y117.773 E5.61793 ; infill (bridge)
G1 X111.944 Y117.245 E5.64863 ; infill (bridge)
G1 X112.051 Y117.33 E5.65598 ; infill (bridge)
G1 X112.051 Y116.557 E5.69755 ; infill (bridge)
G1 X112.507 Y116.397 E5.72354 ; infill (bridge)
G1 X112.507 Y117.673 E5.79216 ; infill (bridge)
G1 X112.728 Y117.789 E5.80558 ; infill (bridge)
G1 X112.963 Y117.876 E5.81906 ; infill (bridge)
G1 X112.963 Y116.199 E5.90925 ; infill (bridge)
G1 X113.219 Y116.075 E5.92455 ; infill (bridge)
G1 X113.232 Y116.083 E5.92537 ; infill (bridge)
G1 X113.419 Y115.971 E5.93709 ; infill (bridge)
G1 X113.419 Y117.953 E6.04368 ; infill (bridge)
G1 X113.671 Y117.947 E6.05724 ; infill (bridge)
G1 X113.875 Y117.917 E6.06833 ; infill (bridge)
G1 X113.875 Y115.678 E6.18874 ; infill (bridge)
G1 X114.33 Y115.34 E6.21922 ; infill (bridge)
G1 X114.33 Y117.762 E6.34947 ; infill (bridge)
G1 X114.567 Y117.625 E6.36419 ; infill (bridge)
G1 X114.786 Y117.45 E6.37927 ; infill (bridge)
G1 X114.786 Y114.928 E6.5149 ; infill (bridge)
G1 X115.242 Y114.441 E6.55078 ; infill (bridge)
G1 X115.242 Y116.802 E6.67775 ; infill (bridge)
G1 X115.347 Y116.476 E6.69617 ; infill (bridge)
G1 X115.39 Y116.147 E6.71401 ; infill (bridge)
G1 X115.381 Y115.846 E6.7302 ; infill (bridge)
G1 X115.298 Y115.3 E6.7599 ; infill (bridge)
G1 X115.698 Y115.36 E6.78165 ; infill (bridge)
G1 X115.698 Y113.848 E6.86296 ; infill (bridge)
G1 X115.821 Y113.646 E6.87568 ; infill (bridge)
G1 X115.837 Y113.647 E6.87654 ; infill (bridge)
G1 X116.082 Y113.226 E6.90274 ; infill (bridge)
G1 X116.154 Y113.06 E6.91247 ; infill (bridge)
G1 X116.154 Y115.593 E7.04869 ; infill (bridge)
G1 E5.54869 F2100 ; retract
G92 E0 ; reset extrusion distance
G1 X116.154 Y115.593 Z.76 F7200 ; move to first infill (bridge) point
G1 X110.538 Y116.144 ; move to first infill (bridge) point
G1 X110.403 Y116.155 ; move to first infill (bridge) point
G1 X110.269 Y116.162 ; move to first infill (bridge) point
G1 X110.135 Y116.166 ; move to first infill (bridge) point
G1 X110 Y116.168 ; move to first infill (bridge) point
G1 X109.865 Y116.166 ; move to first infill (bridge) point
G1 X109.731 Y116.162 ; move to first infill (bridge) point
G1 X109.597 Y116.155 ; move to first infill (bridge) point
G1 X109.462 Y116.144 ; move to first infill (bridge) point
G1 X109.329 Y116.131 ; move to first infill (bridge) point
G1 X109.195 Y116.115 ; move to first infill (bridge) point
G1 X109.062 Y116.096 ; move to first infill (bridge) point
G1 X108.929 Y116.074 ; move to first infill (bridge) point
G1 X108.797 Y116.049 ; move to first infill (bridge) point
G1 X108.665 Y116.022 ; move to first infill (bridge) point
G1 X108.534 Y115.991 ; move to first infill (bridge) point
G1 X108.404 Y115.958 ; move to first infill (bridge) point
G1 X108.274 Y115.922 ; move to first infill (bridge) point
G1 X108.145 Y115.882 ; move to first infill (bridge) point
G1 X108.017 Y115.841 ; move to first infill (bridge) point
G1 X107.89 Y115.796 ; move to first infill (bridge) point
G1 X107.765 Y115.749 ; move to first infill (bridge) point
G1 X107.64 Y115.698 ; move to first infill (bridge) point
G1 X107.516 Y115.646 ; move to first infill (bridge) point
G1 X107.393 Y115.59 ; move to first infill (bridge) point
G1 X107.272 Y115.532 ; move to first infill (bridge) point
G1 X107.152 Y115.471 ; move to first infill (bridge) point
G1 X107.033 Y115.408 ; move to first infill (bridge) point
G1 X106.916 Y115.342 ; move to first infill (bridge) point
G1 X106.8 Y115.273 ; move to first infill (bridge) point
G1 X106.686 Y115.202 ; move to first infill (bridge) point
G1 X106.573 Y115.128 ; move to first infill (bridge) point
G1 X106.462 Y115.053 ; move to first infill (bridge) point
G1 X106.353 Y114.974 ; move to first infill (bridge) point
G1 X106.245 Y114.893 ; move to first infill (bridge) point
G1 X106.139 Y114.81 ; move to first infill (bridge) point
G1 X106.035 Y114.725 ; move to first infill (bridge) point
G1 X105.933 Y114.637 ; move to first infill (bridge) point
G1 X105.833 Y114.547 ; move to first infill (bridge) point
G1 X105.735 Y114.455 ; move to first infill (bridge) point
G1 X105.639 Y114.361 ; move to first infill (bridge) point
G1 X105.544 Y114.265 ; move to first infill (bridge) point
G1 X105.453 Y114.167 ; move to first infill (bridge) point
G1 X105.363 Y114.067 ; move to first infill (bridge) point
G1 X105.275 Y113.965 ; move to first infill (bridge) point
G1 X105.19 Y113.861 ; move to first infill (bridge) point
G1 X105.107 Y113.755 ; move to first infill (bridge) point
G1 X105.026 Y113.647 ; move to first infill (bridge) point
G1 X104.948 Y113.538 ; move to first infill (bridge) point
G1 X104.872 Y113.427 ; move to first infill (bridge) point
G1 X104.798 Y113.314 ; move to first infill (bridge) point
G1 X104.727 Y113.2 ; move to first infill (bridge) point
G1 X104.658 Y113.084 ; move to first infill (bridge) point
G1 X104.592 Y112.967 ; move to first infill (bridge) point
G1 X104.529 Y112.848 ; move to first infill (bridge) point
G1 X104.468 Y112.728 ; move to first infill (bridge) point
G1 X104.41 Y112.607 ; move to first infill (bridge) point
G1 X104.354 Y112.484 ; move to first infill (bridge) point
G1 X104.302 Y112.36 ; move to first infill (bridge) point
G1 X104.251 Y112.235 ; move to first infill (bridge) point
G1 X104.204 Y112.11 ; move to first infill (bridge) point
G1 X104.159 Y111.983 ; move to first infill (bridge) point
G1 X104.118 Y111.855 ; move to first infill (bridge) point
G1 X104.078 Y111.726 ; move to first infill (bridge) point
G1 X104.042 Y111.596 ; move to first infill (bridge) point
G1 X104.009 Y111.466 ; move to first infill (bridge) point
G1 X103.978 Y111.335 ; move to first infill (bridge) point
G1 X103.951 Y111.203 ; move to first infill (bridge) point
G1 X103.926 Y111.071 ; move to first infill (bridge) point
G1 X103.904 Y110.938 ; move to first infill (bridge) point
G1 X103.885 Y110.805 ; move to first infill (bridge) point
G1 X103.869 Y110.671 ; move to first infill (bridge) point
G1 X103.856 Y110.538 ; move to first infill (bridge) point
G1 X103.845 Y110.403 ; move to first infill (bridge) point
G1 X103.838 Y110.269 ; move to first infill (bridge) point
G1 X103.834 Y110.135 ; move to first infill (bridge) point
G1 X103.832 Y110 ; move to first infill (bridge) point
G1 X103.834 Y109.865 ; move to first infill (bridge) point
G1 X103.838 Y109.731 ; move to first infill (bridge) point
G1 X103.845 Y109.597 ; move to first infill (bridge) point
G1 X103.856 Y109.462 ; move to first infill (bridge) point
G1 X103.869 Y109.329 ; move to first infill (bridge) point
G1 X103.885 Y109.195 ; move to first infill (bridge) point
G1 X103.904 Y109.062 ; move to first infill (bridge) point
G1 X103.926 Y108.929 ; move to first infill (bridge) point
G1 X103.951 Y108.797 ; move to first infill (bridge) point
G1 X103.978 Y108.665 ; move to first infill (bridge) point
G1 X104.009 Y108.534 ; move to first infill (bridge) point
G1 X104.042 Y108.404 ; move to first infill (bridge) point
G1 X104.078 Y108.274 ; move to first infill (bridge) point
G1 X104.118 Y108.145 ; move to first infill (bridge) point
G1 X104.159 Y108.017 ; move to first infill (bridge) point
G1 X104.204 Y107.89 ; move to first infill (bridge) point
G1 X104.251 Y107.764 ; move to first infill (bridge) point
G1 X104.302 Y107.64 ; move to first infill (bridge) point
G1 X104.308 Y107.624 ; move to first infill (bridge) point
G1 X103.846 Y107.426 ; move to first infill (bridge) point
G1 Z.56 F600 ; move to first infill (bridge) point
G1 E1.5 F1500 ;  ; unretract
G1 F1200
G1 X103.846 Y104.61 E1.65144 ; infill (bridge)
G1 X104.302 Y104.64 E1.67602 ; infill (bridge)
G1 X104.302 Y106.152 E1.75733 ; infill (bridge)
G1 X104.758 Y105.559 E1.79756 ; infill (bridge)
G1 X104.758 Y103.198 E1.92453 ; infill (bridge)
G1 X104.925 Y102.887 E1.94351 ; infill (bridge)
G1 X105.123 Y102.64 E1.96053 ; infill (bridge)
G1 X105.214 Y102.55 E1.96741 ; infill (bridge)
G1 X105.214 Y105.074 E2.10315 ; infill (bridge)
G1 X105.67 Y104.66 E2.13627 ; infill (bridge)
G1 X105.67 Y102.238 E2.26652 ; infill (bridge)
G1 X105.883 Y102.149 E2.27893 ; infill (bridge)
G1 X106.125 Y102.083 E2.29242 ; infill (bridge)
G1 X106.125 Y104.322 E2.41283 ; infill (bridge)
G1 X106.581 Y104.029 E2.44198 ; infill (bridge)
G1 X106.581 Y102.047 E2.54857 ; infill (bridge)
G1 X106.806 Y102.07 E2.56073 ; infill (bridge)
G1 X107.037 Y102.124 E2.57349 ; infill (bridge)
G1 X107.037 Y103.801 E2.66368 ; infill (bridge)
G1 X107.493 Y103.604 E2.69039 ; infill (bridge)
G1 X107.493 Y102.327 E2.75907 ; infill (bridge)
G1 X107.949 Y102.67 E2.78976 ; infill (bridge)
G1 X107.949 Y103.449 E2.83165 ; infill (bridge)
G1 X108.166 Y103.375 E2.84398 ; infill (bridge)
G1 X108.405 Y103.328 E2.85708 ; infill (bridge)
G1 X108.405 Y101.981 E2.92952 ; infill (bridge)
G1 X108.618 Y101.708 E2.94814 ; infill (bridge)
G1 X108.86 Y101.49 E2.96566 ; infill (bridge)
G1 X108.86 Y103.239 E3.05972 ; infill (bridge)
G1 X109.316 Y103.161 E3.0846 ; infill (bridge)
G1 X109.316 Y101.236 E3.18813 ; infill (bridge)
G1 X109.557 Y101.161 E3.2017 ; infill (bridge)
G1 X109.772 Y101.12 E3.21347 ; infill (bridge)
G1 X109.772 Y103.133 E3.32173 ; infill (bridge)
G1 X110.228 Y103.136 E3.34625 ; infill (bridge)
G1 X110.228 Y101.12 E3.45467 ; infill (bridge)
G1 X110.532 Y101.185 E3.47139 ; infill (bridge)
G1 X110.684 Y101.236 E3.48001 ; infill (bridge)
G1 X110.684 Y103.161 E3.58354 ; infill (bridge)
G1 X111.14 Y103.227 E3.60832 ; infill (bridge)
G1 X111.14 Y101.49 E3.70173 ; infill (bridge)
G1 X111.382 Y101.708 E3.71925 ; infill (bridge)
G1 X111.595 Y101.981 E3.73787 ; infill (bridge)
G1 X111.595 Y103.317 E3.80972 ; infill (bridge)
G1 X112.051 Y103.443 E3.83516 ; infill (bridge)
G1 X112.051 Y102.669 E3.87679 ; infill (bridge)
G1 X112.507 Y102.327 E3.90744 ; infill (bridge)
G1 X112.507 Y103.603 E3.97606 ; infill (bridge)
G1 X112.963 Y103.801 E4.0028 ; infill (bridge)
G1 X112.963 Y102.124 E4.09299 ; infill (bridge)
G1 X113.194 Y102.07 E4.10575 ; infill (bridge)
G1 X113.419 Y102.047 E4.11791 ; infill (bridge)
G1 X113.419 Y104.044 E4.22531 ; infill (bridge)
G1 X113.875 Y104.322 E4.25403 ; infill (bridge)
G1 X113.875 Y102.083 E4.37444 ; infill (bridge)
G1 X114.116 Y102.149 E4.38788 ; infill (bridge)
G1 X114.33 Y102.238 E4.40034 ; infill (bridge)
G1 X114.33 Y104.659 E4.53054 ; infill (bridge)
G1 X114.786 Y105.067 E4.56345 ; infill (bridge)
G1 X114.786 Y102.55 E4.69881 ; infill (bridge)
G1 X114.824 Y102.586 E4.70163 ; infill (bridge)
G1 X115.067 Y102.875 E4.72194 ; infill (bridge)
G1 X115.242 Y103.198 E4.7417 ; infill (bridge)
G1 X115.242 Y105.562 E4.86883 ; infill (bridge)
G1 X115.359 Y105.69 E4.87816 ; infill (bridge)
G1 X115.698 Y106.152 E4.90898 ; infill (bridge)
G1 X115.698 Y104.64 E4.99029 ; infill (bridge)
G1 X116.154 Y104.61 E5.01487 ; infill (bridge)
G1 X116.154 Y107.422 E5.1661 ; infill (bridge)
G1 E3.6661 F2100 ; retract
G92 E0 ; reset extrusion distance
G1 X116.154 Y107.422 Z.76 F7200 ; move to first infill (bridge) point
G1 X116.61 Y104.479 ; move to first infill (bridge) point
G1 Z.56 F600 ; move to first infill (bridge) point
G1 E1.5 F1500 ;  ; unretract
G1 F1200
G1 X116.61 Y108.106 E1.69506 ; infill (bridge)
G1 X116.734 Y108.611 E1.72303 ; infill (bridge)
G1 X116.855 Y109.502 E1.77139 ; infill (bridge)
G1 X116.852 Y110.585 E1.82963 ; infill (bridge)
G1 X116.754 Y111.292 E1.86802 ; infill (bridge)
G1 X116.61 Y111.89 E1.9011 ; infill (bridge)
G1 X116.61 Y115.311 E2.08508 ; infill (bridge)
G1 X116.845 Y115.223 E2.09858 ; infill (bridge)
G1 X117.065 Y115.104 E2.11203 ; infill (bridge)
G1 X117.065 Y104.896 E2.66101 ; infill (bridge)
G1 X117.314 Y105.082 E2.67772 ; infill (bridge)
G1 X117.521 Y105.295 E2.69369 ; infill (bridge)
G1 X117.521 Y115.003 E3.21578 ; infill (bridge)
G1 E1.71578 F2100 ; retract
G92 E0 ; reset extrusion distance
G1 X117.521 Y115.003 Z.76 F7200 ; move to first infill (bridge) point
G1 X117.977 Y111.853 ; move to first infill (bridge) point
G1 Z.56 F600 ; move to first infill (bridge) point
G1 E1.5 F1500 ;  ; unretract
G1 F1200
G1 X117.977 Y108.38 E1.68678 ; infill (bridge)
G1 X118.229 Y108.562 E1.7035 ; infill (bridge)
G1 X118.433 Y108.765 E1.71898 ; infill (bridge)
G1 X118.433 Y111.235 E1.85182 ; infill (bridge)
G1 X118.576 Y111.05 E1.86439 ; infill (bridge)
G1 X118.704 Y110.822 E1.87845 ; infill (bridge)
G1 X118.789 Y110.62 E1.89024 ; infill (bridge)
G1 X118.853 Y110.384 E1.90339 ; infill (bridge)
G1 X118.889 Y110.118 E1.91783 ; infill (bridge)
G1 X118.889 Y109.094 E1.9729 ; infill (bridge)
G1 E.4729 F2100 ; retract
G92 E0 ; reset extrusion distance
G1 X118.889 Y109.094 Z.76 F7200 ; move to first infill point
G1 X114.725 Y113.965 ; move to first infill point
G1 X114.637 Y114.067 ; move to first infill point
G1 X114.547 Y114.167 ; move to first infill point
G1 X114.455 Y114.265 ; move to first infill point
G1 X114.361 Y114.361 ; move to first infill point
G1 X114.265 Y114.456 ; move to first infill point
G1 X114.167 Y114.547 ; move to first infill point
G1 X114.067 Y114.637 ; move to first infill point
G1 X113.965 Y114.725 ; move to first infill point
G1 X113.861 Y114.81 ; move to first infill point
G1 X113.755 Y114.893 ; move to first infill point
G1 X113.647 Y114.974 ; move to first infill point
G1 X113.538 Y115.052 ; move to first infill point
G1 X113.427 Y115.128 ; move to first infill point
G1 X113.314 Y115.202 ; move to first infill point
G1 X113.2 Y115.273 ; move to first infill point
G1 X113.084 Y115.342 ; move to first infill point
G1 X112.967 Y115.408 ; move to first infill point
G1 X112.848 Y115.471 ; move to first infill point
G1 X112.728 Y115.532 ; move to first infill point
G1 X112.607 Y115.59 ; move to first infill point
G1 X112.484 Y115.646 ; move to first infill point
G1 X112.36 Y115.698 ; move to first infill point
G1 X112.235 Y115.749 ; move to first infill point
G1 X112.11 Y115.796 ; move to first infill point
G1 X111.983 Y115.841 ; move to first infill point
G1 X111.855 Y115.882 ; move to first infill point
G1 X111.726 Y115.922 ; move to first infill point
G1 X111.596 Y115.958 ; move to first infill point
G1 X111.466 Y115.991 ; move to first infill point
G1 X111.335 Y116.022 ; move to first infill point
G1 X111.203 Y116.049 ; move to first infill point
G1 X111.071 Y116.074 ; move to first infill point
G1 X110.938 Y116.096 ; move to first infill point
G1 X110.805 Y116.115 ; move to first infill point
G1 X110.672 Y116.131 ; move to first infill point
G1 X110.538 Y116.144 ; move to first infill point
G1 X110.403 Y116.155 ; move to first infill point
G1 X110.269 Y116.162 ; move to first infill point
G1 X110.135 Y116.166 ; move to first infill point
G1 X110 Y116.168 ; move to first infill point
G1 X109.865 Y116.166 ; move to first infill point
G1 X109.731 Y116.162 ; move to first infill point
G1 X109.597 Y116.155 ; move to first infill point
G1 X109.462 Y116.144 ; move to first infill point
G1 X109.329 Y116.131 ; move to first infill point
G1 X109.195 Y116.115 ; move to first infill point
G1 X109.062 Y116.096 ; move to first infill point
G1 X108.929 Y116.074 ; move to first infill point
G1 X108.797 Y116.049 ; move to first infill point
G1 X108.665 Y116.022 ; move to first infill point
G1 X108.534 Y115.991 ; move to first infill point
G1 X108.404 Y115.958 ; move to first infill point
G1 X108.274 Y115.922 ; move to first infill point
G1 X108.145 Y115.882 ; move to first infill point
G1 X108.017 Y115.841 ; move to first infill point
G1 X107.89 Y115.796 ; move to first infill point
G1 X107.765 Y115.749 ; move to first infill point
G1 X107.64 Y115.698 ; move to first infill point
G1 X107.516 Y115.646 ; move to first infill point
G1 X107.393 Y115.59 ; move to first infill point
G1 X107.272 Y115.532 ; move to first infill point
G1 X107.152 Y115.471 ; move to first infill point
G1 X107.033 Y115.408 ; move to first infill point
G1 X106.916 Y115.342 ; move to first infill point
G1 X106.8 Y115.273 ; move to first infill point
G1 X106.686 Y115.202 ; move to first infill point
G1 X106.573 Y115.128 ; move to first infill point
G1 X106.462 Y115.053 ; move to first infill point
G1 X106.353 Y114.974 ; move to first infill point
G1 X106.257 Y114.902 ; move to first infill point
G1 X101.158 Y117.403 ; move to first infill point
G1 X101.589 Y117.049 ; move to first infill point
G1 Z.56 F600 ; move to first infill point
G1 E1.5 F1500 ;  ; unretract
;TYPE:Solid infill
;WIDTH:0.36146
;HEIGHT:0.1
G1 F1800
G1 X102.595 Y118.078 E1.52034 ; infill
G1 X101.721 Y117.184 E1.53801 ; infill
G1 X101.721 Y117.184 F7200 ; move to first infill point
G1 X100.81 Y115.815 ; move to first infill point
G1 F1800
G1 X100.791 Y115.886 E1.53905 ; infill
G1 X100.862 Y115.867 E1.54009 ; infill
G1 X100.851 Y115.826 E1.54069 ; infill
;WIDTH:0.399999
G1 X101.035 Y116.123 E1.54619 ; infill
G1 X103.877 Y118.965 E1.60944 ; infill
G1 X104.133 Y119.142 E1.61434 ; infill
;WIDTH:0.36146
G1 X104.114 Y119.213 E1.61538 ; infill
G1 X104.185 Y119.194 E1.61642 ; infill
G1 X104.174 Y119.153 E1.61702 ; infill
G1 X104.174 Y119.153 F7200 ; move to first infill point
G1 X105.414 Y119.857 ; move to first infill point
G1 F1800
G1 X105.395 Y119.928 E1.61806 ; infill
G1 X105.466 Y119.909 E1.6191 ; infill
G1 X105.455 Y119.868 E1.6197 ; infill
;WIDTH:0.399999
G1 X105.158 Y119.711 E1.62499 ; infill
G1 X100.289 Y114.842 E1.73336 ; infill
G1 X100.131 Y114.547 E1.73863 ; infill
;WIDTH:0.36146
G1 X100.142 Y114.588 E1.73923 ; infill
G1 X100.071 Y114.607 E1.74027 ; infill
G1 X100.09 Y114.536 E1.74131 ; infill
;WIDTH:0.399999
G1 X99.872 Y113.89 E1.75204 ; infill
G1 X106.11 Y120.128 E1.89088 ; infill
G1 X106.367 Y120.257 E1.89541 ; infill
;WIDTH:0.36146
G1 X106.347 Y120.328 E1.89645 ; infill
G1 X106.419 Y120.309 E1.8975 ; infill
G1 X106.408 Y120.268 E1.8981 ; infill
;WIDTH:0.399999
G1 X106.927 Y120.41 E1.90657 ; infill
G1 X99.588 Y113.071 E2.06991 ; infill
G1 X99.404 Y112.351 E2.08161 ; infill
G1 X107.652 Y120.599 E2.26518 ; infill
G1 E.76518 F2100 ; retract
G92 E0 ; reset extrusion distance
G1 X107.652 Y120.599 Z.76 F7200 ; move to first infill point
G1 X106.076 Y118.312 ; move to first infill point
G1 Z.56 F600 ; move to first infill point
G1 E1.5 F1500 ;  ; unretract
G1 F1800
G1 X106.446 Y118.367 E1.50589 ; infill
G1 X106.946 Y118.324 E1.51379 ; infill
G1 X107.365 Y118.189 E1.52072 ; infill
G1 X107.887 Y117.902 E1.53009 ; infill
G1 X108.018 Y118.178 E1.5349 ; infill
G1 X108.363 Y118.623 E1.54376 ; infill
G1 X108.792 Y118.963 E1.55237 ; infill
G1 X109.291 Y119.193 E1.56102 ; infill
G1 X109.828 Y119.299 E1.56963 ; infill
G1 X110.396 Y119.272 E1.57858 ; infill
G1 X110.92 Y119.113 E1.5872 ; infill
G1 X111.39 Y118.838 E1.59577 ; infill
G1 X111.784 Y118.459 E1.60437 ; infill
G1 X112.121 Y117.898 E1.61467 ; infill
G1 X112.379 Y118.076 E1.6196 ; infill
G1 X112.889 Y118.284 E1.62827 ; infill
G1 X113.446 Y118.367 E1.63713 ; infill
G1 X113.99 Y118.315 E1.64573 ; infill
G1 X114.505 Y118.137 E1.65431 ; infill
G1 X115.002 Y117.802 E1.66374 ; infill
G1 X115.363 Y117.421 E1.672 ; infill
G1 X115.635 Y116.934 E1.68078 ; infill
G1 X115.78 Y116.407 E1.68938 ; infill
G1 X115.787 Y115.778 E1.69928 ; infill
G1 X116.12 Y115.804 E1.70454 ; infill
G1 X116.652 Y115.728 E1.713 ; infill
G1 X117.159 Y115.528 E1.72158 ; infill
G1 X117.605 Y115.212 E1.73018 ; infill
G1 X117.968 Y114.799 E1.73883 ; infill
G1 X118.22 Y114.314 E1.74743 ; infill
G1 X118.351 Y113.783 E1.75604 ; infill
G1 X118.353 Y113.229 E1.76476 ; infill
G1 X118.223 Y112.695 E1.77341 ; infill
G1 X117.9 Y112.112 E1.7839 ; infill
G1 X118.174 Y111.984 E1.78866 ; infill
G1 X118.608 Y111.652 E1.79726 ; infill
G1 X118.96 Y111.216 E1.80608 ; infill
G1 X119.193 Y110.714 E1.81479 ; infill
G1 X119.299 Y110.176 E1.82342 ; infill
G1 X119.275 Y109.623 E1.83213 ; infill
G1 X119.121 Y109.096 E1.84077 ; infill
G1 X118.843 Y108.614 E1.84953 ; infill
G1 X118.45 Y108.208 E1.85842 ; infill
G1 X117.898 Y107.879 E1.86853 ; infill
G1 X118.072 Y107.63 E1.87331 ; infill
G1 X118.286 Y107.109 E1.88217 ; infill
G1 X118.367 Y106.552 E1.89103 ; infill
G1 X118.315 Y106.009 E1.89961 ; infill
G1 X118.134 Y105.49 E1.90826 ; infill
G1 X117.838 Y105.061 E1.91646 ; infill
G1 X118.193 Y105.444 E1.92468 ; infill
G1 X119.948 Y107.199 E1.96374 ; infill
G1 X120.445 Y107.66 E1.97441 ; infill
G1 X120.589 Y107.62 E1.97676 ; infill
G1 X120.648 Y107.875 E1.98088 ; infill
G1 X120.794 Y108.825 E1.99601 ; infill
G1 X120.848 Y109.531 E2.00715 ; infill
G1 X120.848 Y110.469 E2.02191 ; infill
G1 X120.794 Y111.175 E2.03305 ; infill
G1 X120.649 Y112.118 E2.04807 ; infill
G1 X120.422 Y113.048 E2.06314 ; infill
G1 X120.03 Y114.161 E2.08171 ; infill
G1 X119.522 Y115.218 E2.10017 ; infill
G1 X119.028 Y116.032 E2.11516 ; infill
G1 X118.462 Y116.805 E2.13024 ; infill
G1 X117.681 Y117.674 E2.14863 ; infill
G1 X116.972 Y118.325 E2.16378 ; infill
G1 X116.028 Y119.032 E2.18234 ; infill
G1 X115.018 Y119.629 E2.2008 ; infill
G1 X114.155 Y120.031 E2.21578 ; infill
G1 X113.259 Y120.358 E2.23079 ; infill
G1 X112.578 Y120.548 E2.24192 ; infill
G1 X111.17 Y120.795 E2.26442 ; infill
G1 X109.994 Y120.858 E2.28295 ; infill
G1 X108.823 Y120.794 E2.30141 ; infill
G1 X108.055 Y120.676 E2.31364 ; infill
G1 X108.053 Y120.465 E2.31696 ; infill
G1 X105.889 Y118.284 E2.36531 ; infill
G1 X105.889 Y118.284 F7200 ; move to first infill point
G1 X106.837 Y118.713 ; move to first infill point
G1 F1800
G1 X108.321 Y120.198 E2.39835 ; infill
G1 X108.341 Y120.337 E2.40056 ; infill
G1 X108.862 Y120.417 E2.40886 ; infill
G1 X109.995 Y120.479 E2.42672 ; infill
G1 X111.127 Y120.418 E2.44456 ; infill
G1 X112.495 Y120.178 E2.46642 ; infill
G1 X113.143 Y119.997 E2.47701 ; infill
G1 X114.01 Y119.681 E2.49153 ; infill
G1 X114.841 Y119.294 E2.50596 ; infill
G1 X115.817 Y118.716 E2.52381 ; infill
G1 X116.73 Y118.033 E2.54175 ; infill
G1 X117.412 Y117.408 E2.55631 ; infill
G1 X118.167 Y116.566 E2.57411 ; infill
G1 X118.713 Y115.822 E2.58863 ; infill
G1 X119.189 Y115.038 E2.60306 ; infill
G1 X119.679 Y114.015 E2.62091 ; infill
G1 X120.058 Y112.94 E2.63885 ; infill
G1 X120.278 Y112.044 E2.65337 ; infill
G1 X120.418 Y111.132 E2.66789 ; infill
G1 X120.47 Y110.454 E2.67859 ; infill
G1 X120.47 Y109.546 E2.69288 ; infill
G1 X120.418 Y108.868 E2.70358 ; infill
G1 X120.283 Y107.991 E2.71754 ; infill
G1 X120.041 Y107.827 E2.72214 ; infill
G1 X118.744 Y106.53 E2.75101 ; infill
G1 X118.66 Y107.167 E2.76112 ; infill
G1 X118.433 Y107.748 E2.77094 ; infill
G1 X118.759 Y107.976 E2.7772 ; infill
G1 X119.117 Y108.353 E2.78538 ; infill
G1 X119.451 Y108.91 E2.7956 ; infill
G1 X119.64 Y109.52 E2.80565 ; infill
G1 X119.678 Y110.164 E2.8158 ; infill
G1 X119.563 Y110.791 E2.82583 ; infill
G1 X119.302 Y111.378 E2.83594 ; infill
G1 X118.9 Y111.893 E2.84622 ; infill
G1 X118.431 Y112.265 E2.85564 ; infill
G1 X118.617 Y112.692 E2.86297 ; infill
G1 X118.736 Y113.279 E2.8724 ; infill
G1 X118.73 Y113.787 E2.8804 ; infill
G1 X118.586 Y114.409 E2.89045 ; infill
G1 X118.302 Y114.977 E2.90044 ; infill
G1 X117.887 Y115.465 E2.91052 ; infill
G1 X117.447 Y115.788 E2.91911 ; infill
G1 X117.255 Y115.902 E2.92262 ; infill
G1 X116.788 Y116.081 E2.93049 ; infill
G1 X116.171 Y116.182 E2.94033 ; infill
G1 X116.109 Y116.653 E2.94781 ; infill
G1 X115.946 Y117.163 E2.95624 ; infill
G1 X115.692 Y117.608 E2.9643 ; infill
G1 X115.275 Y118.065 E2.97404 ; infill
G1 X114.706 Y118.457 E2.98491 ; infill
G1 X114.11 Y118.674 E2.99489 ; infill
G1 X113.479 Y118.744 E3.00488 ; infill
G1 X112.83 Y118.658 E3.01518 ; infill
G1 X112.252 Y118.434 E3.02494 ; infill
G1 X111.972 Y118.81 E3.03232 ; infill
G1 X111.543 Y119.193 E3.04137 ; infill
G1 X111.109 Y119.442 E3.04924 ; infill
G1 X110.502 Y119.635 E3.05926 ; infill
G1 X109.979 Y119.672 E3.06751 ; infill
G1 X109.705 Y119.666 E3.07182 ; infill
G1 X109.214 Y119.564 E3.07971 ; infill
G1 X108.63 Y119.305 E3.08976 ; infill
G1 X108.125 Y118.917 E3.09978 ; infill
G1 X107.739 Y118.437 E3.10947 ; infill
G1 X107.11 Y118.674 E3.12005 ; infill
G1 X107.024 Y118.686 E3.12142 ; infill
G1 X107.611 Y118.925 E3.13139 ; infill
;WIDTH:0.464286
G1 X108.257 Y119.552 E3.14796 ; infill
;WIDTH:0.512798
G1 X108.392 Y119.654 E3.15142 ; infill
;WIDTH:0.56131
G1 X108.527 Y119.755 E3.1552 ; infill
;WIDTH:0.609822
G1 X108.663 Y119.856 E3.15934 ; infill
G1 X108.91 Y119.953 E3.16583 ; infill
;WIDTH:0.57485
G1 X109.148 Y119.988 E3.17136 ; infill
;WIDTH:0.53108
G1 X109.386 Y120.023 E3.17646 ; infill
;WIDTH:0.487309
G1 X109.624 Y120.058 E3.18112 ; infill
;WIDTH:0.443612
G1 X110.38 Y120.058 E3.19439 ; infill
;WIDTH:0.487582
G1 X110.611 Y120.023 E3.19892 ; infill
;WIDTH:0.531552
G1 X110.842 Y119.989 E3.20387 ; infill
;WIDTH:0.575522
G1 X111.074 Y119.954 E3.20927 ; infill
;WIDTH:0.589762
G1 X111.181 Y119.928 E3.21187 ; infill
G1 X111.255 Y119.869 E3.21411 ; infill
;WIDTH:0.545697
G1 X111.329 Y119.81 E3.21617 ; infill
;WIDTH:0.501631
G1 X111.522 Y119.67 E3.22093 ; infill
;WIDTH:0.467754
G1 X111.716 Y119.529 E3.22538 ; infill
;WIDTH:0.433877
G1 X111.91 Y119.389 E3.22948 ; infill
;WIDTH:0.399999
G1 X112.394 Y118.903 E3.24027 ; infill
G1 X112.552 Y118.97 E3.24297 ; infill
G1 X112.983 Y119.066 E3.24992 ; infill
G1 X113.511 Y119.121 E3.25827 ; infill
;WIDTH:0.43882
G1 X113.757 Y119.11 E3.26254 ; infill
;WIDTH:0.47764
G1 X114.003 Y119.099 E3.26721 ; infill
;WIDTH:0.51646
G1 X114.249 Y119.088 E3.27228 ; infill
G1 X114.121 Y119.169 E3.2754 ; infill
;WIDTH:0.47764
G1 X113.993 Y119.25 E3.27827 ; infill
;WIDTH:0.43882
G1 X113.865 Y119.331 E3.2809 ; infill
;WIDTH:0.399999
G1 X113.027 Y119.636 E3.29493 ; infill
G1 X112.411 Y119.809 E3.305 ; infill
G1 X111.869 Y119.904 E3.31366 ; infill
;WIDTH:0.44744
G1 X111.697 Y119.91 E3.31671 ; infill
;WIDTH:0.494881
G1 X111.525 Y119.916 E3.3201 ; infill
;WIDTH:0.542321
G1 X111.353 Y119.922 E3.32383 ; infill
;WIDTH:0.589762
G1 X111.181 Y119.928 E3.3279 ; infill
G1 X111.181 Y119.928 F7200 ; move to first infill point
G1 X112.49 Y119.323 ; move to first infill point
;WIDTH:0.43291
G1 F1800
G1 X112.453 Y119.359 E3.32878 ; infill
G1 X112.467 Y119.409 E3.32967 ; infill
G1 X112.516 Y119.422 E3.33054 ; infill
G1 X112.553 Y119.386 E3.33142 ; infill
G1 X112.539 Y119.336 E3.33231 ; infill
G1 X112.539 Y119.336 F7200 ; move to first infill point
G1 X114.249 Y119.088 ; move to first infill point
;WIDTH:0.51646
G1 F1800
G1 X114.481 Y118.993 E3.33747 ; infill
;WIDTH:0.484674
G1 X114.713 Y118.899 E3.34229 ; infill
;WIDTH:0.452888
G1 X115.343 Y118.531 E3.35538 ; infill
;WIDTH:0.486914
G1 X115.542 Y118.369 E3.36035 ; infill
;WIDTH:0.528985
G1 X115.741 Y118.206 E3.36578 ; infill
;WIDTH:0.571056
G1 X115.941 Y118.044 E3.37166 ; infill
;WIDTH:0.573514
G1 X115.99 Y117.948 E3.37413 ; infill
;WIDTH:0.531238
G1 X116.027 Y117.861 E3.37613 ; infill
;WIDTH:0.488961
G1 X116.049 Y117.812 E3.37717 ; infill
;WIDTH:0.465132
G1 X116.206 Y117.478 E3.38398 ; infill
;WIDTH:0.432566
G1 X116.362 Y117.143 E3.3903 ; infill
;WIDTH:0.399999
G1 X116.524 Y116.514 E3.40052 ; infill
G1 X116.924 Y116.435 E3.40694 ; infill
G1 X117.39 Y116.255 E3.4148 ; infill
G1 X117.663 Y116.099 E3.41975 ; infill
;WIDTH:0.440627
G1 X117.847 Y115.986 E3.42351 ; infill
;WIDTH:0.481255
G1 X118.031 Y115.872 E3.42765 ; infill
;WIDTH:0.521882
G1 X118.215 Y115.758 E3.43215 ; infill
G1 X118.102 Y115.945 E3.4367 ; infill
;WIDTH:0.481255
G1 X117.99 Y116.133 E3.44088 ; infill
;WIDTH:0.440627
G1 X117.878 Y116.321 E3.44469 ; infill
;WIDTH:0.399999
G1 X117.122 Y117.16 E3.46246 ; infill
G1 X116.48 Y117.747 E3.47615 ; infill
;WIDTH:0.443378
G1 X116.348 Y117.819 E3.47879 ; infill
;WIDTH:0.486757
G1 X116.216 Y117.891 E3.4817 ; infill
;WIDTH:0.530135
G1 X116.084 Y117.962 E3.48487 ; infill
;WIDTH:0.573514
G1 X115.952 Y118.034 E3.48832 ; infill
G1 X115.952 Y118.034 F7200 ; move to first infill point
G1 X116.841 Y116.817 ; move to first infill point
;WIDTH:0.436486
G1 F1800
G1 X116.804 Y116.854 E3.48922 ; infill
G1 X116.818 Y116.904 E3.49012 ; infill
G1 X116.868 Y116.917 E3.49101 ; infill
G1 X116.904 Y116.88 E3.4919 ; infill
G1 X116.891 Y116.83 E3.49279 ; infill
G1 X116.891 Y116.83 F7200 ; move to first infill point
G1 X118.215 Y115.758 ; move to first infill point
;WIDTH:0.521882
G1 F1800
G1 X118.369 Y115.558 E3.49804 ; infill
;WIDTH:0.484943
G1 X118.524 Y115.358 E3.50292 ; infill
;WIDTH:0.453706
G1 X118.832 Y114.845 E3.51367 ; infill
;WIDTH:0.465828
G1 X119.108 Y114.292 E3.52509 ; infill
;WIDTH:0.432914
G1 X119.232 Y114.073 E3.5294 ; infill
;WIDTH:0.399999
G1 X119.695 Y112.832 E3.55025 ; infill
G1 X119.906 Y111.97 E3.56422 ; infill
;WIDTH:0.432893
G1 X119.954 Y111.55 E3.57145 ; infill
;WIDTH:0.465787
G1 X120.002 Y111.13 E3.57926 ; infill
;WIDTH:0.498744
G1 X119.995 Y111.028 E3.58129 ; infill
;WIDTH:0.5317
G1 X119.988 Y110.925 E3.58348 ; infill
G1 X119.873 Y111.131 E3.58848 ; infill
;WIDTH:0.4878
G1 X119.758 Y111.336 E3.59304 ; infill
;WIDTH:0.4439
G1 X119.644 Y111.541 E3.59716 ; infill
;WIDTH:0.399999
G1 X119.192 Y112.133 E3.60888 ; infill
G1 X118.909 Y112.379 E3.61478 ; infill
G1 X119.09 Y113.058 E3.62584 ; infill
G1 X119.108 Y113.792 E3.6374 ; infill
;WIDTH:0.448761
G1 X119.017 Y114.325 E3.64701 ; infill
G1 X119.404 Y112.482 F7200 ; move to first infill point
;WIDTH:0.428172
G1 F1800
G1 X119.417 Y112.531 E3.64787 ; infill
G1 X119.381 Y112.567 E3.64873 ; infill
G1 X119.332 Y112.553 E3.64959 ; infill
G1 X119.319 Y112.504 E3.65045 ; infill
G1 X119.355 Y112.468 E3.65131 ; infill
G1 X119.355 Y112.468 F7200 ; move to first infill point
G1 X119.988 Y110.925 ; move to first infill point
;WIDTH:0.5317
G1 F1800
G1 X120.026 Y110.653 E3.65714 ; infill
;WIDTH:0.493543
G1 X120.064 Y110.381 E3.66253 ; infill
;WIDTH:0.455386
G1 X120.065 Y109.641 E3.67588 ; infill
;WIDTH:0.493183
G1 X120.028 Y109.401 E3.68064 ; infill
;WIDTH:0.533895
G1 X119.992 Y109.161 E3.68581 ; infill
;WIDTH:0.574608
G1 X119.955 Y108.921 E3.69139 ; infill
;WIDTH:0.576162
G1 X119.952 Y108.909 E3.69168 ; infill
G1 X119.952 Y108.909 F7200 ; move to first infill point
G1 X119.515 Y108.288 ; move to first infill point
;WIDTH:0.412119
G1 F1800
G1 X119.661 Y108.499 E3.69585 ; infill
;WIDTH:0.459433
G1 X119.807 Y108.71 E3.70052 ; infill
;WIDTH:0.498343
G1 X119.855 Y108.776 E3.70214 ; infill
;WIDTH:0.537253
G1 X119.904 Y108.842 E3.7039 ; infill
;WIDTH:0.576162
G1 X119.952 Y108.909 E3.7058 ; infill
G1 X119.953 Y108.76 E3.70924 ; infill
;WIDTH:0.529826
G1 X119.953 Y108.611 E3.71239 ; infill
;WIDTH:0.483489
G1 X119.954 Y108.462 E3.71525 ; infill
;WIDTH:0.437153
G1 X119.954 Y108.314 E3.71781 ; infill
;WIDTH:0.390816
G1 X119.941 Y108.226 E3.71918 ; infill
G1 X119.714 Y108.002 E3.72408 ; infill
;WIDTH:0.39693
G1 X119.658 Y107.977 E3.72504 ; infill
;WIDTH:0.4411
G1 X119.601 Y107.952 E3.72613 ; infill
;WIDTH:0.485269
G1 X119.545 Y107.927 E3.72731 ; infill
;WIDTH:0.529439
G1 X119.489 Y107.902 E3.72861 ; infill
;WIDTH:0.573609
G1 X119.433 Y107.877 E3.73002 ; infill
;WIDTH:0.617778
G1 X119.376 Y107.852 E3.73156 ; infill
;WIDTH:0.661948
G1 X119.32 Y107.827 E3.73319 ; infill
G1 X119.35 Y107.899 E3.73527 ; infill
;WIDTH:0.615762
G1 X119.381 Y107.971 E3.73721 ; infill
;WIDTH:0.569576
G1 X119.411 Y108.042 E3.73897 ; infill
;WIDTH:0.523389
G1 X119.441 Y108.114 E3.7406 ; infill
G1 X119.411 Y108.042 E3.74223 ; infill
;WIDTH:0.569576
G1 X119.381 Y107.971 E3.74399 ; infill
;WIDTH:0.615762
G1 X119.35 Y107.899 E3.74593 ; infill
;WIDTH:0.661948
G1 X119.32 Y107.827 E3.74801 ; infill
G1 X119.061 Y107.564 E3.75784 ; infill
G1 E2.25784 F2100 ; retract
G92 E0 ; reset extrusion distance
G1 X119.061 Y107.564 Z.76 F7200 ; move to first infill point
G1 X115.851 Y104.139 ; move to first infill point
G1 Z.56 F600 ; move to first infill point
G1 E1.5 F1500 ;  ; unretract
;WIDTH:0.46218
G1 F1800
G1 X115.866 Y104.192 E1.50101 ; infill
G1 X115.827 Y104.231 E1.50202 ; infill
G1 X115.773 Y104.217 E1.50304 ; infill
G1 X115.759 Y104.164 E1.50404 ; infill
G1 X115.798 Y104.125 E1.50505 ; infill
;WIDTH:0.399999
G1 X115.777 Y103.563 E1.5139 ; infill
G1 X116.437 Y104.223 E1.52859 ; infill
G1 X116.693 Y104.336 E1.53299 ; infill
;WIDTH:0.36146
G1 X116.674 Y104.407 E1.53403 ; infill
G1 X116.745 Y104.388 E1.53507 ; infill
G1 X116.734 Y104.347 E1.53567 ; infill
G1 E.03567 F2100 ; retract
G92 E0 ; reset extrusion distance
G1 X116.734 Y104.347 Z.76 F7200 ; move to first infill point
G1 X110.507 Y103.853 ; move to first infill point
G1 X110.403 Y103.845 ; move to first infill point
G1 X110.269 Y103.838 ; move to first infill point
G1 X110.135 Y103.834 ; move to first infill point
G1 X110 Y103.832 ; move to first infill point
G1 X109.865 Y103.834 ; move to first infill point
G1 X109.731 Y103.838 ; move to first infill point
G1 X109.597 Y103.845 ; move to first infill point
G1 X109.462 Y103.856 ; move to first infill point
G1 X109.329 Y103.869 ; move to first infill point
G1 X109.195 Y103.885 ; move to first infill point
G1 X109.062 Y103.904 ; move to first infill point
G1 X108.929 Y103.926 ; move to first infill point
G1 X108.797 Y103.951 ; move to first infill point
G1 X108.665 Y103.978 ; move to first infill point
G1 X108.534 Y104.009 ; move to first infill point
G1 X108.404 Y104.042 ; move to first infill point
G1 X108.274 Y104.078 ; move to first infill point
G1 X108.145 Y104.118 ; move to first infill point
G1 X108.017 Y104.159 ; move to first infill point
G1 X107.89 Y104.204 ; move to first infill point
G1 X107.765 Y104.251 ; move to first infill point
G1 X107.64 Y104.302 ; move to first infill point
G1 X107.516 Y104.354 ; move to first infill point
G1 X107.393 Y104.41 ; move to first infill point
G1 X107.272 Y104.468 ; move to first infill point
G1 X107.152 Y104.529 ; move to first infill point
G1 X107.033 Y104.592 ; move to first infill point
G1 X106.916 Y104.658 ; move to first infill point
G1 X106.8 Y104.727 ; move to first infill point
G1 X106.686 Y104.798 ; move to first infill point
G1 X106.573 Y104.872 ; move to first infill point
G1 X106.462 Y104.948 ; move to first infill point
G1 X106.353 Y105.026 ; move to first infill point
G1 X106.245 Y105.107 ; move to first infill point
G1 X106.139 Y105.19 ; move to first infill point
G1 X106.035 Y105.275 ; move to first infill point
G1 X105.933 Y105.363 ; move to first infill point
G1 X105.833 Y105.453 ; move to first infill point
G1 X105.735 Y105.544 ; move to first infill point
G1 X105.639 Y105.639 ; move to first infill point
G1 X105.545 Y105.735 ; move to first infill point
G1 X105.453 Y105.833 ; move to first infill point
G1 X105.363 Y105.933 ; move to first infill point
G1 X105.275 Y106.035 ; move to first infill point
G1 X105.19 Y106.139 ; move to first infill point
G1 X105.107 Y106.245 ; move to first infill point
G1 X105.026 Y106.353 ; move to first infill point
G1 X104.948 Y106.462 ; move to first infill point
G1 X104.872 Y106.573 ; move to first infill point
G1 X104.798 Y106.686 ; move to first infill point
G1 X104.727 Y106.8 ; move to first infill point
G1 X104.658 Y106.916 ; move to first infill point
G1 X104.592 Y107.033 ; move to first infill point
G1 X104.529 Y107.152 ; move to first infill point
G1 X104.468 Y107.272 ; move to first infill point
G1 X104.41 Y107.393 ; move to first infill point
G1 X104.354 Y107.516 ; move to first infill point
G1 X104.302 Y107.64 ; move to first infill point
G1 X104.251 Y107.764 ; move to first infill point
G1 X104.204 Y107.89 ; move to first infill point
G1 X104.196 Y107.912 ; move to first infill point
G1 X98.489 Y109.305 ; move to first infill point
G1 X99.166 Y109.342 ; move to first infill point
G1 Z.56 F600 ; move to first infill point
G1 E1.5 F1500 ;  ; unretract
;WIDTH:0.399999
G1 F1800
G1 X99.206 Y108.825 E1.50816 ; infill
G1 X99.352 Y107.871 E1.52335 ; infill
G1 X99.643 Y106.739 E1.54174 ; infill
G1 X99.969 Y105.845 E1.55672 ; infill
G1 X100.373 Y104.977 E1.57179 ; infill
G1 X100.639 Y104.498 E1.58041 ; infill
G1 X100.957 Y103.991 E1.58983 ; infill
G1 X101.79 Y102.901 E1.61142 ; infill
G1 X102.32 Y102.324 E1.62375 ; infill
G1 X103.2 Y101.535 E1.64235 ; infill
G1 X103.976 Y100.966 E1.65749 ; infill
G1 X104.982 Y100.371 E1.67588 ; infill
G1 X105.845 Y99.969 E1.69086 ; infill
G1 X106.745 Y99.641 E1.70594 ; infill
G1 X107.271 Y99.491 E1.71455 ; infill
G1 X107.883 Y99.35 E1.72443 ; infill
G1 X109.06 Y99.182 E1.74314 ; infill
G1 X110.141 Y99.144 E1.76016 ; infill
G1 X110.711 Y99.165 E1.76914 ; infill
G1 X111.792 Y99.308 E1.7863 ; infill
G1 X112.387 Y99.413 E1.79581 ; infill
G1 X112.346 Y99.556 E1.79815 ; infill
G1 X112.396 Y99.647 E1.79978 ; infill
G1 X114.569 Y101.82 E1.84814 ; infill
G1 X114.939 Y102.162 E1.85607 ; infill
G1 X114.485 Y101.854 E1.8647 ; infill
G1 X113.968 Y101.681 E1.87328 ; infill
G1 X113.414 Y101.634 E1.88203 ; infill
G1 X112.852 Y101.726 E1.89099 ; infill
G1 X112.39 Y101.917 E1.89886 ; infill
G1 X112.117 Y102.106 E1.90409 ; infill
G1 X111.968 Y101.803 E1.9094 ; infill
G1 X111.637 Y101.377 E1.91789 ; infill
G1 X111.211 Y101.038 E1.92646 ; infill
G1 X110.708 Y100.806 E1.93518 ; infill
G1 X110.171 Y100.701 E1.94379 ; infill
G1 X109.604 Y100.728 E1.95272 ; infill
G1 X109.08 Y100.887 E1.96134 ; infill
G1 X108.61 Y101.162 E1.96991 ; infill
G1 X108.216 Y101.541 E1.97851 ; infill
G1 X107.879 Y102.102 E1.98881 ; infill
G1 X107.621 Y101.924 E1.99374 ; infill
G1 X107.111 Y101.716 E2.00241 ; infill
G1 X106.554 Y101.633 E2.01127 ; infill
G1 X106.01 Y101.685 E2.01987 ; infill
G1 X105.495 Y101.863 E2.02845 ; infill
G1 X104.998 Y102.197 E2.03787 ; infill
G1 X104.637 Y102.579 E2.04614 ; infill
G1 X104.365 Y103.066 E2.05492 ; infill
G1 X104.22 Y103.593 E2.06352 ; infill
G1 X104.213 Y104.222 E2.07342 ; infill
G1 X103.88 Y104.196 E2.07868 ; infill
G1 X103.348 Y104.272 E2.08714 ; infill
G1 X102.835 Y104.477 E2.09583 ; infill
G1 X102.395 Y104.788 E2.10431 ; infill
G1 X102.032 Y105.201 E2.11296 ; infill
G1 X101.78 Y105.686 E2.12156 ; infill
G1 X101.649 Y106.217 E2.13017 ; infill
G1 X101.657 Y106.813 E2.13955 ; infill
G1 X101.777 Y107.305 E2.14752 ; infill
G1 X102.1 Y107.888 E2.15801 ; infill
G1 X101.825 Y108.017 E2.16279 ; infill
G1 X101.392 Y108.348 E2.17137 ; infill
G1 X101.04 Y108.784 E2.18019 ; infill
G1 X100.807 Y109.286 E2.1889 ; infill
G1 X100.701 Y109.824 E2.19753 ; infill
G1 X100.725 Y110.377 E2.20624 ; infill
G1 X100.889 Y110.923 E2.21521 ; infill
G1 X101.157 Y111.386 E2.22363 ; infill
G1 X101.551 Y111.792 E2.23253 ; infill
G1 X102.102 Y112.121 E2.24263 ; infill
G1 X101.928 Y112.37 E2.24741 ; infill
G1 X101.714 Y112.891 E2.25627 ; infill
G1 X101.633 Y113.448 E2.26513 ; infill
G1 X101.676 Y113.946 E2.273 ; infill
G1 X101.739 Y114.151 E2.27638 ; infill
G1 X99.537 Y111.949 E2.32539 ; infill
G1 X99.325 Y111.948 E2.32873 ; infill
G1 X99.206 Y111.175 E2.34104 ; infill
G1 X99.152 Y110.469 E2.35218 ; infill
G1 X99.152 Y109.531 E2.36694 ; infill
G1 X99.53 Y109.546 E2.37289 ; infill
G1 X99.53 Y110.454 E2.38718 ; infill
G1 X99.582 Y111.132 E2.39788 ; infill
G1 X99.663 Y111.66 E2.40629 ; infill
G1 X99.805 Y111.682 E2.40855 ; infill
G1 X101.289 Y113.165 E2.44157 ; infill
G1 X101.378 Y112.699 E2.44904 ; infill
G1 X101.567 Y112.252 E2.45668 ; infill
G1 X101.242 Y112.024 E2.46293 ; infill
G1 X100.883 Y111.647 E2.47112 ; infill
G1 X100.56 Y111.109 E2.481 ; infill
G1 X100.36 Y110.48 E2.49139 ; infill
G1 X100.322 Y109.836 E2.50154 ; infill
G1 X100.437 Y109.209 E2.51157 ; infill
G1 X100.698 Y108.622 E2.52168 ; infill
G1 X101.1 Y108.107 E2.53196 ; infill
G1 X101.569 Y107.735 E2.54138 ; infill
G1 X101.384 Y107.31 E2.54867 ; infill
G1 X101.264 Y106.721 E2.55813 ; infill
G1 X101.27 Y106.213 E2.56613 ; infill
G1 X101.414 Y105.591 E2.57618 ; infill
G1 X101.666 Y105.084 E2.58509 ; infill
G1 X101.96 Y104.705 E2.59264 ; infill
G1 X102.212 Y104.447 E2.59832 ; infill
G1 X102.626 Y104.161 E2.60624 ; infill
G1 X103.212 Y103.919 E2.61622 ; infill
G1 X103.829 Y103.818 E2.62606 ; infill
G1 X103.891 Y103.347 E2.63354 ; infill
G1 X104.054 Y102.837 E2.64197 ; infill
G1 X104.308 Y102.392 E2.65003 ; infill
G1 X104.726 Y101.934 E2.65979 ; infill
G1 X105.294 Y101.543 E2.67064 ; infill
G1 X105.89 Y101.326 E2.68062 ; infill
G1 X106.521 Y101.256 E2.69061 ; infill
G1 X107.17 Y101.342 E2.70091 ; infill
G1 X107.748 Y101.566 E2.71067 ; infill
G1 X108.028 Y101.19 E2.71805 ; infill
G1 X108.416 Y100.833 E2.72635 ; infill
G1 X108.891 Y100.558 E2.73499 ; infill
G1 X109.497 Y100.365 E2.745 ; infill
G1 X110.156 Y100.323 E2.75539 ; infill
G1 X110.785 Y100.436 E2.76545 ; infill
G1 X111.373 Y100.696 E2.77557 ; infill
G1 X111.876 Y101.083 E2.78556 ; infill
G1 X112.26 Y101.562 E2.79522 ; infill
G1 X112.839 Y101.34 E2.80498 ; infill
G1 X113.47 Y101.257 E2.815 ; infill
G1 X112.128 Y99.915 E2.84487 ; infill
G1 X112.015 Y99.719 E2.84843 ; infill
G1 X110.679 Y99.542 E2.86964 ; infill
G1 X110.141 Y99.523 E2.87811 ; infill
G1 X109.093 Y99.56 E2.89461 ; infill
G1 X107.953 Y99.722 E2.91273 ; infill
G1 X107.365 Y99.857 E2.92222 ; infill
G1 X106.862 Y100.001 E2.93045 ; infill
G1 X105.99 Y100.319 E2.94506 ; infill
G1 X105.159 Y100.706 E2.95949 ; infill
G1 X104.185 Y101.282 E2.9773 ; infill
G1 X103.439 Y101.829 E2.99186 ; infill
G1 X102.583 Y102.596 E3.00995 ; infill
G1 X102.077 Y103.148 E3.02173 ; infill
G1 X101.278 Y104.192 E3.04242 ; infill
G1 X100.965 Y104.691 E3.05169 ; infill
G1 X100.711 Y105.149 E3.05993 ; infill
G1 X100.319 Y105.99 E3.07453 ; infill
G1 X100.005 Y106.852 E3.08897 ; infill
G1 X99.724 Y107.947 E3.10676 ; infill
G1 X99.582 Y108.868 E3.12143 ; infill
G1 X99.545 Y109.357 E3.12915 ; infill
G1 X99.545 Y109.357 F7200 ; move to first infill point
G1 X100.013 Y108.681 ; move to first infill point
;WIDTH:0.437616
G1 F1800
G1 X100.095 Y108.024 E3.14061 ; infill
;WIDTH:0.399999
G1 X100.258 Y107.387 E3.15096 ; infill
G1 X100.484 Y106.643 E3.1632 ; infill
G1 X100.766 Y105.927 E3.17531 ; infill
;WIDTH:0.435948
G1 X100.89 Y105.702 E3.17974 ; infill
;WIDTH:0.471896
G1 X101.011 Y105.487 E3.18436 ; infill
;WIDTH:0.470092
G1 X100.952 Y105.848 E3.19118 ; infill
;WIDTH:0.435046
G1 X100.892 Y106.208 E3.19746 ; infill
;WIDTH:0.399999
G1 X100.885 Y106.717 E3.20547 ; infill
G1 X100.92 Y106.984 E3.20971 ; infill
G1 X101.091 Y107.621 E3.22009 ; infill
G1 X100.808 Y107.867 E3.22599 ; infill
G1 X100.356 Y108.459 E3.23771 ; infill
;WIDTH:0.44163
G1 X100.239 Y108.679 E3.24206 ; infill
;WIDTH:0.483261
G1 X100.122 Y108.899 E3.24684 ; infill
;WIDTH:0.524892
G1 X100.005 Y109.119 E3.25206 ; infill
G1 X99.997 Y108.994 E3.25468 ; infill
;WIDTH:0.486624
G1 X99.989 Y108.869 E3.2571 ; infill
G1 X99.997 Y108.994 E3.25952 ; infill
;WIDTH:0.524892
G1 X100.005 Y109.119 E3.26214 ; infill
G1 X99.966 Y109.484 E3.26982 ; infill
;WIDTH:0.480153
G1 X99.926 Y109.85 E3.27684 ; infill
;WIDTH:0.472486
G1 X99.955 Y110.569 E3.29033 ; infill
;WIDTH:0.506527
G1 X99.985 Y110.739 E3.29381 ; infill
;WIDTH:0.540568
G1 X100.015 Y110.909 E3.29754 ; infill
;WIDTH:0.574608
G1 X100.045 Y111.079 E3.30151 ; infill
;WIDTH:0.599174
G1 X100.143 Y111.344 E3.3083 ; infill
G1 X100.257 Y111.487 E3.31269 ; infill
;WIDTH:0.556824
G1 X100.37 Y111.631 E3.31676 ; infill
;WIDTH:0.514473
G1 X100.484 Y111.774 E3.32051 ; infill
;WIDTH:0.472123
G1 X100.598 Y111.918 E3.32395 ; infill
;WIDTH:0.429772
G1 X101.079 Y112.401 E3.33552 ; infill
G1 E1.83552 F2100 ; retract
G92 E0 ; reset extrusion distance
G1 X101.079 Y112.401 Z.76 F7200 ; move to first infill point
G1 X102.367 Y114.976 ; move to first infill point
G1 Z.56 F600 ; move to first infill point
G1 E1.5 F1500 ;  ; unretract
;WIDTH:0.36146
G1 F1800
G1 X102.64 Y115.242 E1.50539 ; infill
G1 X103.038 Y115.546 E1.51247 ; infill
;WIDTH:0.399999
G1 X103.306 Y115.718 E1.51748 ; infill
G1 X104.281 Y116.693 E1.53918 ; infill
G1 X104.46 Y116.961 E1.54425 ; infill
;WIDTH:0.36146
G1 X104.673 Y117.259 E1.54943 ; infill
G1 X104.175 Y115.83 F7200 ; move to first infill point
;WIDTH:0.57496
G1 F1800
G1 X104.192 Y115.896 E1.551 ; infill
G1 X104.144 Y115.945 E1.55258 ; infill
G1 X104.077 Y115.927 E1.55418 ; infill
G1 X104.059 Y115.861 E1.55575 ; infill
G1 X104.108 Y115.812 E1.55734 ; infill
G1 E.05734 F2100 ; retract
G92 E0 ; reset extrusion distance
G1 X104.108 Y115.812 Z.76 F7200 ; move to first infill point
G1 X100.671 Y107.448 ; move to first infill point
G1 Z.56 F600 ; move to first infill point
G1 E1.5 F1500 ;  ; unretract
;WIDTH:0.421736
G1 F1800
G1 X100.684 Y107.497 E1.50084 ; infill
G1 X100.649 Y107.532 E1.50166 ; infill
G1 X100.6 Y107.519 E1.5025 ; infill
G1 X100.587 Y107.471 E1.50333 ; infill
G1 X100.623 Y107.435 E1.50418 ; infill
G1 X100.623 Y107.435 F7200 ; move to first infill point
G1 X101.015 Y105.478 ; move to first infill point
;WIDTH:0.471896
G1 F1800
G1 X101.311 Y104.895 E1.51642 ; infill
;WIDTH:0.473154
G1 X101.476 Y104.657 E1.52186 ; infill
;WIDTH:0.500278
G1 X101.641 Y104.419 E1.52763 ; infill
;WIDTH:0.521574
G1 X101.785 Y104.242 E1.53237 ; infill
G1 X101.83 Y104.158 E1.53435 ; infill
;WIDTH:0.492982
G1 X101.874 Y104.075 E1.53619 ; infill
;WIDTH:0.464389
G1 X101.898 Y104.028 E1.53716 ; infill
;WIDTH:0.44854
G1 X102.363 Y103.395 E1.55111 ; infill
;WIDTH:0.399999
G1 X102.846 Y102.868 E1.56236 ; infill
G1 X103.672 Y102.129 E1.5798 ; infill
;WIDTH:0.444204
G1 X103.768 Y102.086 E1.58165 ; infill
;WIDTH:0.48841
G1 X103.863 Y102.043 E1.58367 ; infill
;WIDTH:0.532615
G1 X103.959 Y102 E1.58591 ; infill
;WIDTH:0.57682
G1 X104.055 Y101.957 E1.58834 ; infill
G1 X104.019 Y102.048 E1.5906 ; infill
;WIDTH:0.532615
G1 X103.983 Y102.14 E1.5927 ; infill
;WIDTH:0.48841
G1 X103.948 Y102.231 E1.59459 ; infill
;WIDTH:0.444204
G1 X103.912 Y102.322 E1.59631 ; infill
;WIDTH:0.399999
G1 X103.638 Y102.857 E1.60577 ; infill
G1 X103.476 Y103.486 E1.61599 ; infill
G1 X103.302 Y103.509 E1.61875 ; infill
G1 X102.88 Y103.641 E1.62571 ; infill
G1 X102.404 Y103.854 E1.63392 ; infill
;WIDTH:0.440524
G1 X102.198 Y103.984 E1.63816 ; infill
;WIDTH:0.481049
G1 X101.992 Y104.113 E1.6428 ; infill
;WIDTH:0.521574
G1 X101.785 Y104.242 E1.64787 ; infill
G1 X101.785 Y104.242 F7200 ; move to first infill point
G1 X103.132 Y103.083 ; move to first infill point
;WIDTH:0.436412
G1 F1800
G1 X103.096 Y103.12 E1.64876 ; infill
G1 X103.109 Y103.17 E1.64965 ; infill
G1 X103.159 Y103.183 E1.65054 ; infill
G1 X103.196 Y103.146 E1.65144 ; infill
G1 X103.182 Y103.096 E1.65234 ; infill
G1 X103.182 Y103.096 F7200 ; move to first infill point
G1 X104.055 Y101.957 ; move to first infill point
;WIDTH:0.57682
G1 F1800
G1 X104.259 Y101.78 E1.65858 ; infill
;WIDTH:0.528371
G1 X104.463 Y101.604 E1.66426 ; infill
;WIDTH:0.479922
G1 X105.084 Y101.209 E1.67829 ; infill
;WIDTH:0.474089
G1 X105.418 Y101.06 E1.68517 ; infill
;WIDTH:0.516458
G1 X105.751 Y100.912 E1.69267 ; infill
;WIDTH:0.525222
G1 X105.887 Y100.837 E1.69592 ; infill
;WIDTH:0.4956
G1 X105.965 Y100.784 E1.69778 ; infill
;WIDTH:0.465977
G1 X106.048 Y100.729 E1.69962 ; infill
;WIDTH:0.434687
G1 X106.131 Y100.673 E1.70134 ; infill
;WIDTH:0.403397
G1 X106.42 Y100.565 E1.70624 ; infill
;WIDTH:0.399999
G1 X106.989 Y100.359 E1.71576 ; infill
G1 X107.47 Y100.222 E1.72363 ; infill
G1 X108.132 Y100.079 E1.73429 ; infill
;WIDTH:0.432626
G1 X108.382 Y100.06 E1.73858 ; infill
;WIDTH:0.465252
G1 X108.632 Y100.041 E1.74321 ; infill
;WIDTH:0.501183
G1 X108.716 Y100.047 E1.74489 ; infill
;WIDTH:0.537114
G1 X108.8 Y100.053 E1.7467 ; infill
;WIDTH:0.573044
G1 X108.884 Y100.059 E1.74863 ; infill
G1 X108.819 Y100.107 E1.75048 ; infill
;WIDTH:0.537114
G1 X108.753 Y100.154 E1.75222 ; infill
;WIDTH:0.501183
G1 X108.687 Y100.201 E1.75384 ; infill
;WIDTH:0.465252
G1 X108.389 Y100.406 E1.76051 ; infill
;WIDTH:0.432626
G1 X108.091 Y100.611 E1.76669 ; infill
;WIDTH:0.399999
G1 X107.606 Y101.097 E1.7775 ; infill
G1 X107.448 Y101.03 E1.7802 ; infill
G1 X107.024 Y100.935 E1.78704 ; infill
G1 X106.489 Y100.879 E1.79551 ; infill
;WIDTH:0.44174
G1 X106.262 Y100.883 E1.79948 ; infill
;WIDTH:0.483481
G1 X106.035 Y100.886 E1.80384 ; infill
;WIDTH:0.525222
G1 X105.808 Y100.89 E1.8086 ; infill
G1 X105.808 Y100.89 F7200 ; move to first infill point
G1 X107.483 Y100.576 ; move to first infill point
;WIDTH:0.435644
G1 F1800
G1 X107.447 Y100.612 E1.80948 ; infill
G1 X107.46 Y100.662 E1.81037 ; infill
G1 X107.51 Y100.676 E1.81126 ; infill
G1 X107.547 Y100.639 E1.81216 ; infill
G1 X107.533 Y100.589 E1.81305 ; infill
G1 X107.533 Y100.589 F7200 ; move to first infill point
G1 X108.884 Y100.059 ; move to first infill point
;WIDTH:0.573044
G1 F1800
G1 X109.133 Y100.013 E1.81886 ; infill
;WIDTH:0.523676
G1 X109.381 Y99.966 E1.82413 ; infill
;WIDTH:0.474308
G1 X110.141 Y99.923 E1.83846 ; infill
;WIDTH:0.470463
G1 X110.392 Y99.946 E1.84317 ; infill
;WIDTH:0.498606
G1 X110.643 Y99.969 E1.84817 ; infill
;WIDTH:0.528162
G1 X110.974 Y100.028 E1.85525 ; infill
G1 X111.068 Y100.026 E1.85723 ; infill
;WIDTH:0.499418
G1 X111.163 Y100.024 E1.85912 ; infill
;WIDTH:0.470674
G1 X111.473 Y100.043 E1.86492 ; infill
;WIDTH:0.426981
G1 X111.784 Y100.062 E1.87017 ; infill
;WIDTH:0.383288
G1 X111.942 Y100.237 E1.87372 ; infill
;WIDTH:0.361985
G1 X112.304 Y100.581 E1.88079 ; infill
;WIDTH:0.343744
G1 X112.727 Y101.01 E1.88886 ; infill
G1 X112.375 Y101.135 E1.89387 ; infill
G1 X112.094 Y100.814 E1.89959 ; infill
;WIDTH:0.383288
G1 X111.531 Y100.361 E1.91046 ; infill
;WIDTH:0.43158
G1 X111.345 Y100.25 E1.91415 ; infill
;WIDTH:0.479871
G1 X111.159 Y100.139 E1.91828 ; infill
;WIDTH:0.528162
G1 X110.974 Y100.028 E1.92282 ; infill
G1 E.42282 F2100 ; retract
G92 E0 ; reset extrusion distance
G1 X110.974 Y100.028 Z.76 F7200 ; move to first infill point
G1 X114.939 Y102.162 ; move to first infill point
G1 Z.56 F600 ; move to first infill point
G1 E1.5 F1500 ;  ; unretract
;WIDTH:0.36473
G1 F1800
G1 X115.202 Y102.429 E1.50535 ; infill
;WIDTH:0.399999
G1 X115.445 Y102.696 E1.51103 ; infill
G1 X117.307 Y104.559 E1.55248 ; infill
G1 X117.575 Y104.801 E1.55816 ; infill
;WIDTH:0.364776
G1 X117.833 Y105.055 E1.56333 ; infill
G1 E.06333 F2100 ; retract
G92 E0 ; reset extrusion distance
G1 X117.833 Y105.055 Z.76 F7200 ; move to first infill point
G1 X120.493 Y107.209 ; move to first infill point
G1 Z.56 F600 ; move to first infill point
G1 E1.5 F1500 ;  ; unretract
;WIDTH:0.399999
G1 F1800
G1 X112.798 Y99.513 E1.67128 ; infill
G1 X113.3 Y99.556 E1.67921 ; infill
;WIDTH:0.36146
G1 X113.28 Y99.627 E1.68025 ; infill
G1 X113.352 Y99.608 E1.6813 ; infill
G1 X113.341 Y99.567 E1.6819 ; infill
;WIDTH:0.399999
G1 X113.578 Y99.759 E1.6867 ; infill
G1 X120.241 Y106.422 E1.835 ; infill
G1 X120.438 Y106.657 E1.83983 ; infill
;WIDTH:0.36146
G1 X120.449 Y106.698 E1.84043 ; infill
G1 X120.378 Y106.717 E1.84147 ; infill
G1 X120.397 Y106.646 E1.84251 ; infill
G1 X120.397 Y106.646 F7200 ; move to first infill point
G1 X120.109 Y105.781 ; move to first infill point
G1 F1800
G1 X120.12 Y105.822 E1.84311 ; infill
G1 X120.049 Y105.841 E1.84415 ; infill
G1 X120.068 Y105.77 E1.84519 ; infill
;WIDTH:0.399999
G1 X119.901 Y105.546 E1.84959 ; infill
G1 X114.471 Y100.116 E1.97044 ; infill
G1 X114.233 Y99.898 E1.97552 ; infill
;WIDTH:0.36146
G1 X114.244 Y99.939 E1.97612 ; infill
G1 X114.173 Y99.958 E1.97716 ; infill
G1 X114.192 Y99.887 E1.9782 ; infill
G1 X114.192 Y99.887 F7200 ; move to first infill point
G1 X115.295 Y100.44 ; move to first infill point
G1 F1800
G1 X115.276 Y100.511 E1.97924 ; infill
G1 X115.347 Y100.492 E1.98028 ; infill
G1 X115.336 Y100.451 E1.98088 ; infill
;WIDTH:0.399999
G1 X119.524 Y104.638 E2.07408 ; infill
;WIDTH:0.36146
G1 X119.535 Y104.679 E2.07468 ; infill
G1 X119.464 Y104.698 E2.07572 ; infill
G1 X119.483 Y104.627 E2.07676 ; infill
G1 X119.135 Y103.894 F7200 ; move to first infill point
G1 F1800
G1 X118.508 Y103.163 E2.09037 ; infill
G1 X118.024 Y102.641 E2.10043 ; infill
G1 X117.358 Y101.974 E2.11375 ; infill
G1 X116.472 Y101.172 E2.13064 ; infill
; stop printing object anel_mes.stl id:0 copy 0
;LAYER_CHANGE
;Z:0.66
;HEIGHT:0.1
G1 Z.66 F600 ; simple layer change
;AFTER_LAYER_CHANGE
;0.66
; printing object anel_mes.stl id:0 copy 0
G1 E.63064 F2100 ; retract
G1 Z.86 F600 ; lift
G1 X107.307 Y120.811 F7200 ; move to first layer point
G1 Z.66 F600 ; move to first layer point
G1 E2.13064 F1500 ;  ; unretract
;TYPE:Perimeter
;WIDTH:0.399999
G1 X106.654 Y120.628 E2.14131 ; perimeter
G1 X105.736 Y120.294 E2.15668 ; perimeter
G1 X104.85 Y119.881 E2.17206 ; perimeter
G1 X104.268 Y119.553 E2.18257 ; perimeter
G1 X103.809 Y119.265 E2.1911 ; perimeter
G1 X103.371 Y118.955 E2.19954 ; perimeter
G1 X102.862 Y118.551 E2.20977 ; perimeter
G1 X102.156 Y117.912 E2.22476 ; perimeter
G1 X101.788 Y117.532 E2.23309 ; perimeter
G1 X101.314 Y116.978 E2.24456 ; perimeter
G1 X100.772 Y116.24 E2.25897 ; perimeter
G1 X100.477 Y115.785 E2.2675 ; perimeter
G1 X100.119 Y115.15 E2.27897 ; perimeter
G1 X99.706 Y114.264 E2.29435 ; perimeter
G1 X99.372 Y113.346 E2.30972 ; perimeter
G1 X99.176 Y112.643 E2.32121 ; perimeter
G1 X99.063 Y112.112 E2.32975 ; perimeter
G1 X98.915 Y111.098 E2.34588 ; perimeter
G1 X98.858 Y110.048 E2.36243 ; perimeter
G1 X98.868 Y109.519 E2.37076 ; perimeter
G1 X98.923 Y108.792 E2.38223 ; perimeter
G1 X99.073 Y107.818 E2.39774 ; perimeter
G1 X99.19 Y107.298 E2.40613 ; perimeter
G1 X99.372 Y106.655 E2.41665 ; perimeter
G1 X99.706 Y105.736 E2.43204 ; perimeter
G1 X100.119 Y104.85 E2.44742 ; perimeter
G1 X100.447 Y104.268 E2.45793 ; perimeter
G1 X100.735 Y103.809 E2.46646 ; perimeter
G1 X101.045 Y103.371 E2.4749 ; perimeter
G1 X101.449 Y102.862 E2.48513 ; perimeter
G1 X102.088 Y102.156 E2.50012 ; perimeter
G1 X102.468 Y101.788 E2.50845 ; perimeter
G1 X103.022 Y101.314 E2.51992 ; perimeter
G1 X103.817 Y100.731 E2.53544 ; perimeter
G1 X104.267 Y100.446 E2.54382 ; perimeter
G1 X104.85 Y100.12 E2.55433 ; perimeter
G1 X105.827 Y99.673 E2.57124 ; perimeter
G1 X106.76 Y99.342 E2.58682 ; perimeter
G1 X107.779 Y99.082 E2.60337 ; perimeter
G1 X108.3 Y98.988 E2.6117 ; perimeter
G1 X108.974 Y98.907 E2.62238 ; perimeter
G1 X109.512 Y98.868 E2.63087 ; perimeter
G1 X110.055 Y98.858 E2.63942 ; perimeter
G1 X110.675 Y98.88 E2.64918 ; perimeter
G1 X111.203 Y98.923 E2.65752 ; perimeter
G1 X112.112 Y99.063 E2.67199 ; perimeter
G1 X112.643 Y99.176 E2.68053 ; perimeter
G1 X113.346 Y99.372 E2.69202 ; perimeter
G1 X114.264 Y99.706 E2.70739 ; perimeter
G1 X115.15 Y100.119 E2.72277 ; perimeter
G1 X115.732 Y100.447 E2.73328 ; perimeter
G1 X116.191 Y100.735 E2.74181 ; perimeter
G1 X116.629 Y101.045 E2.75025 ; perimeter
G1 X117.138 Y101.449 E2.76048 ; perimeter
G1 X117.844 Y102.088 E2.77547 ; perimeter
G1 X118.212 Y102.468 E2.7838 ; perimeter
G1 X118.686 Y103.022 E2.79527 ; perimeter
G1 X119.264 Y103.81 E2.81065 ; perimeter
G1 X119.771 Y104.645 E2.82602 ; perimeter
G1 X120.074 Y105.242 E2.83656 ; perimeter
G1 X120.29 Y105.726 E2.8449 ; perimeter
G1 X120.605 Y106.591 E2.85939 ; perimeter
G1 X120.762 Y107.111 E2.86794 ; perimeter
G1 X120.927 Y107.821 E2.87941 ; perimeter
G1 X121.077 Y108.792 E2.89487 ; perimeter
G1 X121.132 Y109.519 E2.90634 ; perimeter
G1 X121.142 Y110.048 E2.91467 ; perimeter
G1 X121.132 Y110.481 E2.92149 ; perimeter
G1 X121.077 Y111.208 E2.93296 ; perimeter
G1 X120.928 Y112.174 E2.94834 ; perimeter
G1 X120.712 Y113.058 E2.96266 ; perimeter
G1 X120.553 Y113.577 E2.9712 ; perimeter
G1 X120.314 Y114.212 E2.98188 ; perimeter
G1 X120.101 Y114.704 E2.99032 ; perimeter
G1 X119.771 Y115.355 E3.00181 ; perimeter
G1 X119.264 Y116.19 E3.01718 ; perimeter
G1 X118.726 Y116.924 E3.0315 ; perimeter
G1 X118.381 Y117.343 E3.04004 ; perimeter
G1 X117.882 Y117.875 E3.05152 ; perimeter
G1 X117.208 Y118.493 E3.06591 ; perimeter
G1 X116.787 Y118.837 E3.07447 ; perimeter
G1 X116.235 Y119.232 E3.08515 ; perimeter
G1 X115.785 Y119.523 E3.09358 ; perimeter
G1 X115.15 Y119.881 E3.10505 ; perimeter
G1 X114.264 Y120.294 E3.12043 ; perimeter
G1 X113.346 Y120.628 E3.1358 ; perimeter
G1 X112.702 Y120.808 E3.14632 ; perimeter
G1 X112.184 Y120.926 E3.15468 ; perimeter
G1 X111.274 Y121.066 E3.16917 ; perimeter
G1 X110.734 Y121.118 E3.17771 ; perimeter
G1 X110.055 Y121.141 E3.1884 ; perimeter
G1 X109.519 Y121.132 E3.19684 ; perimeter
G1 X108.792 Y121.077 E3.20831 ; perimeter
G1 X107.888 Y120.937 E3.22271 ; perimeter
G1 X107.365 Y120.826 E3.23112 ; perimeter
G1 X107.365 Y120.826 F7200 ; move to first perimeter point
G1 X107.205 Y121.175 ; move to first perimeter point
G1 F1500
G1 X106.539 Y120.989 E3.242 ; perimeter
G1 X105.591 Y120.644 E3.25788 ; perimeter
G1 X104.677 Y120.218 E3.27375 ; perimeter
G1 X104.082 Y119.883 E3.2845 ; perimeter
G1 X103.599 Y119.58 E3.29347 ; perimeter
G1 X102.744 Y118.948 E3.3102 ; perimeter
G1 X102.266 Y118.537 E3.32012 ; perimeter
G1 X101.894 Y118.186 E3.32817 ; perimeter
G1 X101.508 Y117.786 E3.33692 ; perimeter
G1 X101.017 Y117.214 E3.34878 ; perimeter
G1 X100.467 Y116.464 E3.36342 ; perimeter
G1 X100.152 Y115.98 E3.37251 ; perimeter
G1 X99.782 Y115.323 E3.38438 ; perimeter
G1 X99.356 Y114.409 E3.40025 ; perimeter
G1 X99.011 Y113.461 E3.41613 ; perimeter
G1 X98.827 Y112.803 E3.42688 ; perimeter
G1 X98.701 Y112.254 E3.43574 ; perimeter
G1 X98.547 Y111.251 E3.45171 ; perimeter
G1 X98.495 Y110.57 E3.46246 ; perimeter
G1 X98.48 Y110.057 E3.47054 ; perimeter
G1 X98.49 Y109.501 E3.47929 ; perimeter
G1 X98.547 Y108.749 E3.49116 ; perimeter
G1 X98.701 Y107.747 E3.50711 ; perimeter
G1 X98.823 Y107.205 E3.51585 ; perimeter
G1 X99.011 Y106.539 E3.52674 ; perimeter
G1 X99.356 Y105.591 E3.54262 ; perimeter
G1 X99.782 Y104.677 E3.55849 ; perimeter
G1 X100.117 Y104.082 E3.56924 ; perimeter
G1 X100.42 Y103.599 E3.57821 ; perimeter
G1 X101.052 Y102.744 E3.59494 ; perimeter
G1 X101.463 Y102.266 E3.60486 ; perimeter
G1 X101.814 Y101.894 E3.61291 ; perimeter
G1 X102.214 Y101.508 E3.62166 ; perimeter
G1 X102.786 Y101.017 E3.63352 ; perimeter
G1 X103.604 Y100.418 E3.64948 ; perimeter
G1 X104.073 Y100.121 E3.65822 ; perimeter
G1 X104.677 Y99.782 E3.66912 ; perimeter
G1 X105.591 Y99.356 E3.68499 ; perimeter
G1 X106.539 Y99.011 E3.70087 ; perimeter
G1 X107.197 Y98.827 E3.71162 ; perimeter
G1 X107.697 Y98.712 E3.71969 ; perimeter
G1 X108.244 Y98.613 E3.72844 ; perimeter
G1 X108.929 Y98.531 E3.7393 ; perimeter
G1 X109.496 Y98.49 E3.74825 ; perimeter
G1 X110.058 Y98.479 E3.7571 ; perimeter
G1 X110.688 Y98.501 E3.76702 ; perimeter
G1 X111.248 Y98.547 E3.77586 ; perimeter
G1 X112.17 Y98.689 E3.79054 ; perimeter
G1 X112.735 Y98.808 E3.79963 ; perimeter
G1 X113.461 Y99.011 E3.81149 ; perimeter
G1 X114.409 Y99.356 E3.82737 ; perimeter
G1 X115.323 Y99.782 E3.84324 ; perimeter
G1 X115.918 Y100.117 E3.85399 ; perimeter
G1 X116.401 Y100.42 E3.86296 ; perimeter
G1 X117.256 Y101.052 E3.87969 ; perimeter
G1 X117.734 Y101.463 E3.88961 ; perimeter
G1 X118.106 Y101.814 E3.89766 ; perimeter
G1 X118.492 Y102.214 E3.90641 ; perimeter
G1 X118.983 Y102.786 E3.91827 ; perimeter
G1 X119.579 Y103.599 E3.93413 ; perimeter
G1 X120.102 Y104.461 E3.95 ; perimeter
G1 X120.411 Y105.071 E3.96076 ; perimeter
G1 X120.642 Y105.585 E3.96963 ; perimeter
G1 X120.961 Y106.462 E3.98432 ; perimeter
G1 X121.128 Y107.015 E3.99341 ; perimeter
G1 X121.299 Y107.749 E4.00527 ; perimeter
G1 X121.453 Y108.749 E4.02119 ; perimeter
G1 X121.51 Y109.501 E4.03306 ; perimeter
G1 X121.52 Y110.057 E4.04181 ; perimeter
G1 X121.51 Y110.499 E4.04877 ; perimeter
G1 X121.453 Y111.251 E4.06064 ; perimeter
G1 X121.3 Y112.248 E4.07651 ; perimeter
G1 X121.079 Y113.148 E4.09109 ; perimeter
G1 X120.911 Y113.7 E4.10017 ; perimeter
G1 X120.668 Y114.346 E4.11103 ; perimeter
G1 X120.443 Y114.866 E4.11995 ; perimeter
G1 X120.102 Y115.539 E4.13182 ; perimeter
G1 X119.579 Y116.401 E4.14769 ; perimeter
G1 X119.031 Y117.148 E4.16227 ; perimeter
G1 X118.664 Y117.594 E4.17136 ; perimeter
G1 X118.149 Y118.144 E4.18322 ; perimeter
G1 X117.463 Y118.772 E4.19786 ; perimeter
G1 X117.016 Y119.139 E4.20696 ; perimeter
G1 X116.456 Y119.54 E4.2178 ; perimeter
G1 X115.98 Y119.848 E4.22672 ; perimeter
G1 X115.323 Y120.218 E4.23859 ; perimeter
G1 X114.409 Y120.644 E4.25446 ; perimeter
G1 X113.461 Y120.989 E4.27034 ; perimeter
G1 X112.803 Y121.173 E4.28109 ; perimeter
G1 X112.254 Y121.299 E4.28995 ; perimeter
G1 X111.332 Y121.441 E4.30463 ; perimeter
G1 X110.757 Y121.496 E4.31372 ; perimeter
G1 X110.068 Y121.519 E4.32457 ; perimeter
G1 X109.501 Y121.51 E4.33349 ; perimeter
G1 X108.749 Y121.453 E4.34536 ; perimeter
G1 X107.83 Y121.311 E4.35999 ; perimeter
G1 X107.265 Y121.192 E4.36908 ; perimeter
G1 X107.265 Y121.192 F7200 ; move to first perimeter point
G1 X107.103 Y121.54 ; move to first perimeter point
;TYPE:External perimeter
G1 F900
G1 X106.423 Y121.349 E4.3802 ; perimeter
G1 X105.446 Y120.994 E4.39656 ; perimeter
G1 X104.504 Y120.555 E4.41292 ; perimeter
G1 X103.826 Y120.173 E4.42517 ; perimeter
G1 X103.389 Y119.894 E4.43333 ; perimeter
G1 X102.964 Y119.597 E4.44149 ; perimeter
G1 X102.504 Y119.242 E4.45063 ; perimeter
G1 X101.96 Y118.773 E4.46193 ; perimeter
G1 X101.585 Y118.415 E4.47009 ; perimeter
G1 X101.227 Y118.04 E4.47825 ; perimeter
G1 X100.72 Y117.449 E4.4905 ; perimeter
G1 X100.104 Y116.609 E4.50689 ; perimeter
G1 X99.827 Y116.174 E4.51501 ; perimeter
G1 X99.445 Y115.496 E4.52726 ; perimeter
G1 X99.006 Y114.554 E4.54362 ; perimeter
G1 X98.651 Y113.577 E4.55998 ; perimeter
G1 X98.441 Y112.827 E4.57224 ; perimeter
G1 X98.329 Y112.324 E4.58035 ; perimeter
G1 X98.171 Y111.294 E4.59675 ; perimeter
G1 X98.111 Y110.518 E4.609 ; perimeter
G1 X98.1 Y110 E4.61715 ; perimeter
G1 X98.111 Y109.482 E4.6253 ; perimeter
G1 X98.171 Y108.706 E4.63755 ; perimeter
G1 X98.329 Y107.677 E4.65393 ; perimeter
G1 X98.456 Y107.112 E4.66304 ; perimeter
G1 X98.651 Y106.423 E4.67431 ; perimeter
G1 X99.006 Y105.446 E4.69067 ; perimeter
G1 X99.445 Y104.504 E4.70703 ; perimeter
G1 X99.827 Y103.826 E4.71928 ; perimeter
G1 X100.106 Y103.389 E4.72744 ; perimeter
G1 X100.403 Y102.964 E4.7356 ; perimeter
G1 X100.758 Y102.504 E4.74474 ; perimeter
G1 X101.227 Y101.96 E4.75604 ; perimeter
G1 X101.585 Y101.585 E4.7642 ; perimeter
G1 X101.96 Y101.227 E4.77236 ; perimeter
G1 X102.551 Y100.72 E4.78461 ; perimeter
G1 X103.39 Y100.105 E4.80098 ; perimeter
G1 X103.879 Y99.796 E4.81008 ; perimeter
G1 X104.504 Y99.445 E4.82136 ; perimeter
G1 X105.446 Y99.006 E4.83772 ; perimeter
G1 X106.423 Y98.651 E4.85408 ; perimeter
G1 X107.173 Y98.441 E4.86634 ; perimeter
G1 X107.678 Y98.329 E4.87448 ; perimeter
G1 X108.189 Y98.239 E4.88265 ; perimeter
G1 X108.964 Y98.145 E4.89494 ; perimeter
G1 X109.481 Y98.111 E4.90309 ; perimeter
G1 X110.061 Y98.101 E4.91222 ; perimeter
G1 X110.779 Y98.126 E4.92353 ; perimeter
G1 X111.293 Y98.171 E4.93165 ; perimeter
G1 X112.324 Y98.329 E4.94807 ; perimeter
G1 X112.827 Y98.441 E4.95618 ; perimeter
G1 X113.577 Y98.651 E4.96844 ; perimeter
G1 X114.554 Y99.006 E4.9848 ; perimeter
G1 X115.496 Y99.445 E5.00116 ; perimeter
G1 X116.174 Y99.827 E5.01341 ; perimeter
G1 X116.611 Y100.106 E5.02157 ; perimeter
G1 X117.036 Y100.403 E5.02973 ; perimeter
G1 X117.496 Y100.758 E5.03887 ; perimeter
G1 X118.04 Y101.227 E5.05017 ; perimeter
G1 X118.415 Y101.585 E5.05833 ; perimeter
G1 X118.773 Y101.96 E5.06649 ; perimeter
G1 X119.28 Y102.551 E5.07874 ; perimeter
G1 X119.894 Y103.389 E5.09509 ; perimeter
G1 X120.433 Y104.277 E5.11144 ; perimeter
G1 X120.785 Y104.972 E5.1237 ; perimeter
G1 X120.993 Y105.444 E5.13182 ; perimeter
G1 X121.35 Y106.424 E5.14823 ; perimeter
G1 X121.494 Y106.919 E5.15634 ; perimeter
G1 X121.671 Y107.677 E5.16859 ; perimeter
G1 X121.84 Y108.844 E5.18715 ; perimeter
G1 X121.89 Y109.563 E5.19849 ; perimeter
G1 X121.899 Y110.065 E5.20639 ; perimeter
G1 X121.889 Y110.518 E5.21352 ; perimeter
G1 X121.829 Y111.294 E5.22577 ; perimeter
G1 X121.671 Y112.322 E5.24214 ; perimeter
G1 X121.424 Y113.332 E5.2585 ; perimeter
G1 X121.269 Y113.824 E5.26662 ; perimeter
G1 X120.994 Y114.555 E5.27891 ; perimeter
G1 X120.785 Y115.028 E5.28705 ; perimeter
G1 X120.433 Y115.723 E5.29931 ; perimeter
G1 X119.894 Y116.611 E5.31566 ; perimeter
G1 X119.279 Y117.45 E5.33203 ; perimeter
G1 X118.948 Y117.845 E5.34014 ; perimeter
G1 X118.415 Y118.414 E5.35241 ; perimeter
G1 X117.647 Y119.117 E5.3688 ; perimeter
G1 X117.245 Y119.44 E5.37692 ; perimeter
G1 X116.61 Y119.895 E5.38921 ; perimeter
G1 X116.174 Y120.173 E5.39735 ; perimeter
G1 X115.496 Y120.555 E5.4096 ; perimeter
G1 X114.554 Y120.994 E5.42596 ; perimeter
G1 X113.577 Y121.349 E5.44232 ; perimeter
G1 X112.827 Y121.559 E5.45458 ; perimeter
G1 X112.324 Y121.671 E5.46269 ; perimeter
G1 X111.293 Y121.829 E5.47911 ; perimeter
G1 X110.779 Y121.874 E5.48723 ; perimeter
G1 X109.999 Y121.9 E5.49951 ; perimeter
G1 X109.482 Y121.889 E5.50765 ; perimeter
G1 X108.706 Y121.829 E5.5199 ; perimeter
G1 X107.676 Y121.671 E5.5363 ; perimeter
G1 X107.173 Y121.559 E5.54441 ; perimeter
G1 X107.161 Y121.556 E5.5446 ; perimeter
G1 E4.0446 F2100 ; retract
G92 E0 ; reset extrusion distance
G1 X107.161 Y121.556 Z.86 F7200 ; move to first perimeter point
G1 X103.397 Y108.793 ; move to first perimeter point
G1 Z.66 F600 ; move to first perimeter point
G1 E1.5 F1500 ;  ; unretract
;TYPE:Perimeter
G1 X103.498 Y108.333 E1.50741 ; perimeter
G1 X103.723 Y107.61 E1.51933 ; perimeter
G1 X104.019 Y106.945 E1.53079 ; perimeter
G1 X104.294 Y106.461 E1.53955 ; perimeter
G1 X104.601 Y106.018 E1.54803 ; perimeter
G1 X105.092 Y105.418 E1.56023 ; perimeter
G1 X105.48 Y105.039 E1.56877 ; perimeter
G1 X106.109 Y104.526 E1.58154 ; perimeter
G1 X106.581 Y104.223 E1.59037 ; perimeter
G1 X107.251 Y103.872 E1.60227 ; perimeter
G1 X107.856 Y103.635 E1.6125 ; perimeter
G1 X108.5 Y103.454 E1.62303 ; perimeter
G1 X109.218 Y103.33 E1.6345 ; perimeter
G1 X109.739 Y103.293 E1.64272 ; perimeter
G1 X110.517 Y103.305 E1.65497 ; perimeter
G1 X111.126 Y103.379 E1.66462 ; perimeter
G1 X111.83 Y103.538 E1.67598 ; perimeter
G1 X112.396 Y103.726 E1.68537 ; perimeter
G1 X113.055 Y104.019 E1.69672 ; perimeter
G1 X113.539 Y104.294 E1.70548 ; perimeter
G1 X113.982 Y104.601 E1.71396 ; perimeter
G1 X114.582 Y105.092 E1.72616 ; perimeter
G1 X114.961 Y105.48 E1.7347 ; perimeter
G1 X115.474 Y106.109 E1.74747 ; perimeter
G1 X115.824 Y106.656 E1.75769 ; perimeter
G1 X116.12 Y107.236 E1.76794 ; perimeter
G1 X116.365 Y107.856 E1.77843 ; perimeter
G1 X116.546 Y108.5 E1.78896 ; perimeter
G1 X116.66 Y109.139 E1.79918 ; perimeter
G1 X116.712 Y109.788 E1.80943 ; perimeter
G1 X116.702 Y110.3 E1.81749 ; perimeter
G1 X116.621 Y111.126 E1.83055 ; perimeter
G1 X116.462 Y111.83 E1.84191 ; perimeter
G1 X116.274 Y112.396 E1.8513 ; perimeter
G1 X115.981 Y113.055 E1.86265 ; perimeter
G1 X115.687 Y113.574 E1.87204 ; perimeter
G1 X115.27 Y114.163 E1.8834 ; perimeter
G1 X114.88 Y114.615 E1.8928 ; perimeter
G1 X114.416 Y115.06 E1.90292 ; perimeter
G1 X113.891 Y115.474 E1.91344 ; perimeter
G1 X113.275 Y115.863 E1.92491 ; perimeter
G1 X112.743 Y116.131 E1.93428 ; perimeter
G1 X112.144 Y116.365 E1.9444 ; perimeter
G1 X111.517 Y116.542 E1.95465 ; perimeter
G1 X110.782 Y116.67 E1.96639 ; perimeter
G1 X110.188 Y116.714 E1.97576 ; perimeter
G1 X109.676 Y116.706 E1.98382 ; perimeter
G1 X108.885 Y116.623 E1.99634 ; perimeter
G1 X108.17 Y116.462 E2.00787 ; perimeter
G1 X107.604 Y116.274 E2.01726 ; perimeter
G1 X106.945 Y115.981 E2.02861 ; perimeter
G1 X106.461 Y115.706 E2.03737 ; perimeter
G1 X106.018 Y115.399 E2.04585 ; perimeter
G1 X105.418 Y114.908 E2.05805 ; perimeter
G1 X105.038 Y114.52 E2.0666 ; perimeter
G1 X104.526 Y113.891 E2.07936 ; perimeter
G1 X104.252 Y113.465 E2.08733 ; perimeter
G1 X103.872 Y112.749 E2.10009 ; perimeter
G1 X103.653 Y112.198 E2.10942 ; perimeter
G1 X103.456 Y111.509 E2.1207 ; perimeter
G1 X103.34 Y110.861 E2.13106 ; perimeter
G1 X103.288 Y110.212 E2.14131 ; perimeter
G1 X103.294 Y109.676 E2.14975 ; perimeter
G1 X103.377 Y108.885 E2.16227 ; perimeter
G1 X103.384 Y108.852 E2.1628 ; perimeter
G1 X103.384 Y108.852 F7200 ; move to first perimeter point
G1 X103.766 Y108.874 ; move to first perimeter point
G1 F720
G1 X103.867 Y108.417 E2.17017 ; perimeter
G1 X104.083 Y107.73 E2.1815 ; perimeter
G1 X104.364 Y107.101 E2.19234 ; perimeter
G1 X104.621 Y106.65 E2.20051 ; perimeter
G1 X104.908 Y106.238 E2.20841 ; perimeter
G1 X105.376 Y105.667 E2.22003 ; perimeter
G1 X105.741 Y105.313 E2.22803 ; perimeter
G1 X106.341 Y104.825 E2.2402 ; perimeter
G1 X106.783 Y104.543 E2.24845 ; perimeter
G1 X107.421 Y104.21 E2.25978 ; perimeter
G1 X107.992 Y103.989 E2.26942 ; perimeter
G1 X108.6 Y103.819 E2.27936 ; perimeter
G1 X109.279 Y103.703 E2.2902 ; perimeter
G1 X109.892 Y103.663 E2.29987 ; perimeter
G1 X110.503 Y103.683 E2.30949 ; perimeter
G1 X111.076 Y103.754 E2.31858 ; perimeter
G1 X111.744 Y103.907 E2.32937 ; perimeter
G1 X112.274 Y104.084 E2.33816 ; perimeter
G1 X112.899 Y104.364 E2.34894 ; perimeter
G1 X113.35 Y104.621 E2.35711 ; perimeter
G1 X113.762 Y104.908 E2.36501 ; perimeter
G1 X114.333 Y105.376 E2.37663 ; perimeter
G1 X114.687 Y105.741 E2.38463 ; perimeter
G1 X115.175 Y106.341 E2.3968 ; perimeter
G1 X115.504 Y106.858 E2.40644 ; perimeter
G1 X115.782 Y107.405 E2.4161 ; perimeter
G1 X116.011 Y107.992 E2.42602 ; perimeter
G1 X116.181 Y108.6 E2.43596 ; perimeter
G1 X116.287 Y109.203 E2.4456 ; perimeter
G1 X116.334 Y109.815 E2.45526 ; perimeter
G1 X116.316 Y110.521 E2.46637 ; perimeter
G1 X116.246 Y111.076 E2.47517 ; perimeter
G1 X116.093 Y111.744 E2.48596 ; perimeter
G1 X115.916 Y112.274 E2.49475 ; perimeter
G1 X115.636 Y112.899 E2.50553 ; perimeter
G1 X115.359 Y113.385 E2.51433 ; perimeter
G1 X114.962 Y113.943 E2.52511 ; perimeter
G1 X114.595 Y114.365 E2.53391 ; perimeter
G1 X114.156 Y114.785 E2.54347 ; perimeter
G1 X113.659 Y115.175 E2.55341 ; perimeter
G1 X113.076 Y115.542 E2.56425 ; perimeter
G1 X112.575 Y115.791 E2.57305 ; perimeter
G1 X112.008 Y116.011 E2.58262 ; perimeter
G1 X111.417 Y116.177 E2.59228 ; perimeter
G1 X110.721 Y116.297 E2.6034 ; perimeter
G1 X110.163 Y116.336 E2.6122 ; perimeter
G1 X109.61 Y116.326 E2.6209 ; perimeter
G1 X108.93 Y116.247 E2.63167 ; perimeter
G1 X108.256 Y116.093 E2.64255 ; perimeter
G1 X107.726 Y115.916 E2.65134 ; perimeter
G1 X107.101 Y115.636 E2.66212 ; perimeter
G1 X106.65 Y115.379 E2.67029 ; perimeter
G1 X106.238 Y115.092 E2.67819 ; perimeter
G1 X105.667 Y114.624 E2.68981 ; perimeter
G1 X105.313 Y114.259 E2.69781 ; perimeter
G1 X104.825 Y113.659 E2.70998 ; perimeter
G1 X104.496 Y113.142 E2.71962 ; perimeter
G1 X104.211 Y112.579 E2.72955 ; perimeter
G1 X104.006 Y112.061 E2.73832 ; perimeter
G1 X103.821 Y111.407 E2.74902 ; perimeter
G1 X103.713 Y110.797 E2.75877 ; perimeter
G1 X103.666 Y110.185 E2.76843 ; perimeter
G1 X103.672 Y109.684 E2.77632 ; perimeter
G1 X103.753 Y108.933 E2.78821 ; perimeter
G1 X103.753 Y108.933 F7200 ; move to first perimeter point
G1 X104.133 Y108.957 ; move to first perimeter point
;TYPE:External perimeter
G1 F720
G1 X104.255 Y108.414 E2.79697 ; perimeter
G1 X104.442 Y107.849 E2.80634 ; perimeter
G1 X104.709 Y107.257 E2.81656 ; perimeter
G1 X104.969 Y106.805 E2.82477 ; perimeter
G1 X105.346 Y106.278 E2.83497 ; perimeter
G1 X105.689 Y105.885 E2.84318 ; perimeter
G1 X106.105 Y105.49 E2.85221 ; perimeter
G1 X106.574 Y105.124 E2.86157 ; perimeter
G1 X107.059 Y104.817 E2.8706 ; perimeter
G1 X107.591 Y104.549 E2.87997 ; perimeter
G1 X108.127 Y104.342 E2.88901 ; perimeter
G1 X108.701 Y104.184 E2.89838 ; perimeter
G1 X109.341 Y104.077 E2.90859 ; perimeter
G1 X109.915 Y104.041 E2.91764 ; perimeter
G1 X110.489 Y104.061 E2.92668 ; perimeter
G1 X111.027 Y104.129 E2.93521 ; perimeter
G1 X111.658 Y104.275 E2.9454 ; perimeter
G1 X112.152 Y104.442 E2.95361 ; perimeter
G1 X112.743 Y104.709 E2.96382 ; perimeter
G1 X113.195 Y104.969 E2.97203 ; perimeter
G1 X113.722 Y105.346 E2.98223 ; perimeter
G1 X114.115 Y105.689 E2.99044 ; perimeter
G1 X114.51 Y106.105 E2.99947 ; perimeter
G1 X114.876 Y106.574 E3.00883 ; perimeter
G1 X115.183 Y107.059 E3.01786 ; perimeter
G1 X115.443 Y107.575 E3.02695 ; perimeter
G1 X115.658 Y108.127 E3.03627 ; perimeter
G1 X115.816 Y108.701 E3.04564 ; perimeter
G1 X115.914 Y109.267 E3.05468 ; perimeter
G1 X115.957 Y109.843 E3.06377 ; perimeter
G1 X115.938 Y110.509 E3.07426 ; perimeter
G1 X115.871 Y111.027 E3.08248 ; perimeter
G1 X115.725 Y111.658 E3.09267 ; perimeter
G1 X115.558 Y112.152 E3.10088 ; perimeter
G1 X115.291 Y112.743 E3.11109 ; perimeter
G1 X115.031 Y113.195 E3.1193 ; perimeter
G1 X114.654 Y113.722 E3.1295 ; perimeter
G1 X114.311 Y114.115 E3.13771 ; perimeter
G1 X113.895 Y114.51 E3.14674 ; perimeter
G1 X113.426 Y114.876 E3.1561 ; perimeter
G1 X112.876 Y115.22 E3.16631 ; perimeter
G1 X112.408 Y115.452 E3.17453 ; perimeter
G1 X111.873 Y115.658 E3.18355 ; perimeter
G1 X111.316 Y115.812 E3.19264 ; perimeter
G1 X110.659 Y115.923 E3.20313 ; perimeter
G1 X110.138 Y115.958 E3.21135 ; perimeter
G1 X109.618 Y115.948 E3.21954 ; perimeter
G1 X108.975 Y115.871 E3.22973 ; perimeter
G1 X108.342 Y115.725 E3.23995 ; perimeter
G1 X107.848 Y115.558 E3.24816 ; perimeter
G1 X107.257 Y115.291 E3.25837 ; perimeter
G1 X106.805 Y115.031 E3.26658 ; perimeter
G1 X106.278 Y114.654 E3.27678 ; perimeter
G1 X105.885 Y114.311 E3.28499 ; perimeter
G1 X105.49 Y113.895 E3.29402 ; perimeter
G1 X105.124 Y113.426 E3.30338 ; perimeter
G1 X104.817 Y112.941 E3.31241 ; perimeter
G1 X104.549 Y112.409 E3.32178 ; perimeter
G1 X104.359 Y111.924 E3.32998 ; perimeter
G1 X104.185 Y111.305 E3.3401 ; perimeter
G1 X104.086 Y110.733 E3.34924 ; perimeter
G1 X104.043 Y110.157 E3.35833 ; perimeter
G1 X104.052 Y109.618 E3.36681 ; perimeter
G1 X104.124 Y109.017 E3.37634 ; perimeter
G1 E2.32634 F2100 ; retract
;WIPE_START
G1 F5760
G1 X104.133 Y108.957 E2.30533 ; wipe and retract
G1 X104.255 Y108.414 E2.11257 ; wipe and retract
G1 X104.442 Y107.849 E1.90644 ; wipe and retract
G1 X104.478 Y107.77 E1.87634 ; wipe and retract
;WIPE_END
G92 E0 ; reset extrusion distance
G1 Z.86 F600 ; move to first infill point
G1 X104.133 Y107.631 F7200 ; move to first infill point
G1 X104.102 Y107.707 ; move to first infill point
G1 X104.054 Y107.836 ; move to first infill point
G1 X104.008 Y107.966 ; move to first infill point
G1 X103.965 Y108.097 ; move to first infill point
G1 X103.925 Y108.229 ; move to first infill point
G1 X103.888 Y108.362 ; move to first infill point
G1 X103.853 Y108.496 ; move to first infill point
G1 X103.822 Y108.63 ; move to first infill point
G1 X103.794 Y108.765 ; move to first infill point
G1 X103.768 Y108.901 ; move to first infill point
G1 X103.746 Y109.037 ; move to first infill point
G1 X103.726 Y109.174 ; move to first infill point
G1 X103.71 Y109.311 ; move to first infill point
G1 X103.696 Y109.448 ; move to first infill point
G1 X103.686 Y109.586 ; move to first infill point
G1 X103.678 Y109.724 ; move to first infill point
G1 X103.674 Y109.862 ; move to first infill point
G1 X103.672 Y110 ; move to first infill point
G1 X103.674 Y110.138 ; move to first infill point
G1 X103.678 Y110.276 ; move to first infill point
G1 X103.686 Y110.414 ; move to first infill point
G1 X103.696 Y110.552 ; move to first infill point
G1 X103.71 Y110.689 ; move to first infill point
G1 X103.726 Y110.826 ; move to first infill point
G1 X103.746 Y110.963 ; move to first infill point
G1 X103.768 Y111.099 ; move to first infill point
G1 X103.794 Y111.235 ; move to first infill point
G1 X103.822 Y111.37 ; move to first infill point
G1 X103.853 Y111.504 ; move to first infill point
G1 X103.888 Y111.638 ; move to first infill point
G1 X103.925 Y111.771 ; move to first infill point
G1 X103.965 Y111.903 ; move to first infill point
G1 X104.008 Y112.034 ; move to first infill point
G1 X104.054 Y112.164 ; move to first infill point
G1 X104.102 Y112.294 ; move to first infill point
G1 X104.154 Y112.422 ; move to first infill point
G1 X104.208 Y112.549 ; move to first infill point
G1 X104.265 Y112.674 ; move to first infill point
G1 X104.325 Y112.799 ; move to first infill point
G1 X104.387 Y112.922 ; move to first infill point
G1 X104.452 Y113.044 ; move to first infill point
G1 X104.52 Y113.164 ; move to first infill point
G1 X104.59 Y113.283 ; move to first infill point
G1 X104.663 Y113.4 ; move to first infill point
G1 X104.739 Y113.516 ; move to first infill point
G1 X104.816 Y113.63 ; move to first infill point
G1 X104.897 Y113.742 ; move to first infill point
G1 X104.98 Y113.852 ; move to first infill point
G1 X105.065 Y113.961 ; move to first infill point
G1 X105.152 Y114.068 ; move to first infill point
G1 X105.242 Y114.172 ; move to first infill point
G1 X105.335 Y114.275 ; move to first infill point
G1 X105.429 Y114.376 ; move to first infill point
G1 X105.525 Y114.475 ; move to first infill point
G1 X105.624 Y114.571 ; move to first infill point
G1 X105.725 Y114.665 ; move to first infill point
G1 X105.828 Y114.758 ; move to first infill point
G1 X105.932 Y114.847 ; move to first infill point
G1 X106.039 Y114.935 ; move to first infill point
G1 X106.148 Y115.02 ; move to first infill point
G1 X106.258 Y115.103 ; move to first infill point
G1 X106.37 Y115.184 ; move to first infill point
G1 X106.484 Y115.261 ; move to first infill point
G1 X106.6 Y115.337 ; move to first infill point
G1 X106.717 Y115.41 ; move to first infill point
G1 X106.836 Y115.48 ; move to first infill point
G1 X106.956 Y115.548 ; move to first infill point
G1 X107.078 Y115.613 ; move to first infill point
G1 X107.201 Y115.675 ; move to first infill point
G1 X107.326 Y115.735 ; move to first infill point
G1 X107.451 Y115.792 ; move to first infill point
G1 X107.578 Y115.846 ; move to first infill point
G1 X107.707 Y115.898 ; move to first infill point
G1 X107.836 Y115.946 ; move to first infill point
G1 X107.966 Y115.992 ; move to first infill point
G1 X108.097 Y116.035 ; move to first infill point
G1 X108.229 Y116.075 ; move to first infill point
G1 X108.362 Y116.112 ; move to first infill point
G1 X108.496 Y116.147 ; move to first infill point
G1 X108.63 Y116.178 ; move to first infill point
G1 X108.765 Y116.206 ; move to first infill point
G1 X108.901 Y116.232 ; move to first infill point
G1 X109.037 Y116.254 ; move to first infill point
G1 X109.174 Y116.274 ; move to first infill point
G1 X109.311 Y116.29 ; move to first infill point
G1 X109.448 Y116.304 ; move to first infill point
G1 X109.586 Y116.314 ; move to first infill point
G1 X109.724 Y116.322 ; move to first infill point
G1 X109.862 Y116.326 ; move to first infill point
G1 X110 Y116.328 ; move to first infill point
G1 X110.138 Y116.326 ; move to first infill point
G1 X110.276 Y116.322 ; move to first infill point
G1 X110.414 Y116.314 ; move to first infill point
G1 X113.35 Y116.146 ; move to first infill point
G1 X116.27 Y118.858 ; move to first infill point
G1 X116.37 Y118.997 ; move to first infill point
G1 Z.66 F600 ; move to first infill point
G1 E1.5 F1500 ;  ; unretract
;TYPE:Top solid infill
;WIDTH:0.383682
G1 F1320
G1 X117.727 Y117.641 E1.52889 ; infill
G1 X118.176 Y117.161 E1.53879 ; infill
G1 X118.468 Y116.813 E1.54563 ; infill
G1 X119.036 Y116.038 E1.5601 ; infill
G1 X119.374 Y115.481 E1.56991 ; infill
G1 X115.468 Y119.388 E1.65311 ; infill
G1 X115.024 Y119.637 E1.66078 ; infill
G1 X114.428 Y119.915 E1.67068 ; infill
G1 X119.93 Y114.413 E1.78786 ; infill
G1 X120.264 Y113.566 E1.80157 ; infill
G1 X113.579 Y120.252 E1.94395 ; infill
G1 X113.262 Y120.367 E1.94903 ; infill
G1 X112.831 Y120.488 E1.95577 ; infill
G1 X120.484 Y112.834 E2.11877 ; infill
G1 X120.65 Y112.156 E2.12928 ; infill
G1 X112.154 Y120.653 E2.31023 ; infill
G1 X111.546 Y120.747 E2.31949 ; infill
G1 X120.747 Y111.547 E2.51544 ; infill
G1 X120.821 Y110.961 E2.52433 ; infill
G1 X110.958 Y120.824 E2.73438 ; infill
G1 X110.415 Y120.855 E2.74257 ; infill
G1 X120.86 Y110.41 E2.96502 ; infill
G1 X120.866 Y109.891 E2.97284 ; infill
G1 X109.891 Y120.866 E3.20658 ; infill
G1 X109.397 Y120.848 E3.21402 ; infill
G1 X120.848 Y109.397 E3.45789 ; infill
G1 X120.812 Y108.921 E3.46508 ; infill
G1 X108.921 Y120.812 E3.71833 ; infill
G1 X108.824 Y120.804 E3.7198 ; infill
G1 X108.47 Y120.75 E3.72519 ; infill
G1 X112.827 Y116.393 E3.81798 ; infill
G1 X112.22 Y116.628 E3.82778 ; infill
G1 X112.025 Y116.683 E3.83083 ; infill
G1 X108.026 Y120.682 E3.916 ; infill
G1 X107.598 Y120.598 E3.92257 ; infill
G1 X111.342 Y116.853 E4.00232 ; infill
G1 X110.732 Y116.952 E4.01163 ; infill
G1 X107.19 Y120.493 E4.08705 ; infill
G1 X106.79 Y120.382 E4.0933 ; infill
G1 X110.183 Y116.988 E4.16557 ; infill
G1 X109.68 Y116.978 E4.17315 ; infill
G1 X106.411 Y120.248 E4.24278 ; infill
G1 X106.035 Y120.111 E4.24881 ; infill
G1 X109.21 Y116.937 E4.31642 ; infill
G1 X108.758 Y116.877 E4.32329 ; infill
G1 X105.672 Y119.962 E4.389 ; infill
G1 X105.323 Y119.799 E4.3948 ; infill
G1 X108.341 Y116.781 E4.45908 ; infill
G1 X107.935 Y116.675 E4.4654 ; infill
G1 X104.974 Y119.636 E4.52846 ; infill
G1 X104.646 Y119.452 E4.53412 ; infill
G1 X107.552 Y116.546 E4.59601 ; infill
G1 X107.194 Y116.391 E4.60188 ; infill
G1 X104.32 Y119.265 E4.66309 ; infill
G1 X104.007 Y119.066 E4.66868 ; infill
G1 X106.841 Y116.232 E4.72904 ; infill
G1 X106.511 Y116.05 E4.73472 ; infill
G1 X103.71 Y118.851 E4.79437 ; infill
G1 X103.415 Y118.634 E4.79989 ; infill
G1 X106.19 Y115.858 E4.859 ; infill
G1 X105.892 Y115.645 E4.86452 ; infill
G1 X103.123 Y118.414 E4.92349 ; infill
G1 X102.847 Y118.177 E4.92897 ; infill
G1 X105.597 Y115.427 E4.98754 ; infill
G1 X105.324 Y115.188 E4.993 ; infill
G1 X102.576 Y117.936 E5.05152 ; infill
G1 X102.314 Y117.685 E5.05698 ; infill
G1 X105.06 Y114.939 E5.11546 ; infill
G1 X104.811 Y114.676 E5.12091 ; infill
G1 X102.064 Y117.423 E5.17941 ; infill
G1 X101.823 Y117.152 E5.18487 ; infill
G1 X104.576 Y114.399 E5.2435 ; infill
G1 X104.351 Y114.112 E5.24899 ; infill
G1 X101.587 Y116.876 E5.30786 ; infill
G1 X101.365 Y116.585 E5.31337 ; infill
G1 X104.145 Y113.805 E5.37258 ; infill
G1 X103.947 Y113.491 E5.37817 ; infill
G1 X101.148 Y116.29 E5.43778 ; infill
G1 X100.934 Y115.992 E5.4433 ; infill
G1 X103.771 Y113.155 E5.50372 ; infill
G1 X103.601 Y112.813 E5.50947 ; infill
G1 X100.734 Y115.679 E5.57052 ; infill
G1 X100.548 Y115.353 E5.57617 ; infill
G1 X103.457 Y112.445 E5.63811 ; infill
G1 X103.329 Y112.06 E5.64422 ; infill
G1 X100.364 Y115.026 E5.70738 ; infill
G1 X100.201 Y114.676 E5.71319 ; infill
G1 X103.216 Y111.661 E5.7774 ; infill
G1 X103.127 Y111.238 E5.78391 ; infill
G1 X100.038 Y114.327 E5.8497 ; infill
G1 X99.888 Y113.964 E5.85561 ; infill
G1 X103.059 Y110.793 E5.92314 ; infill
G1 X103.023 Y110.317 E5.93033 ; infill
G1 X99.752 Y113.588 E5.99999 ; infill
G1 X99.633 Y113.262 E6.00522 ; infill
G1 X99.618 Y113.21 E6.00604 ; infill
G1 X103.018 Y109.81 E6.07845 ; infill
G1 X103.025 Y109.53 E6.08267 ; infill
G1 X103.057 Y109.258 E6.08679 ; infill
G1 X99.506 Y112.809 E6.16242 ; infill
G1 X99.402 Y112.401 E6.16876 ; infill
G1 X103.145 Y108.658 E6.24848 ; infill
G1 X103.314 Y107.977 E6.25905 ; infill
G1 X99.318 Y111.973 E6.34415 ; infill
G1 X99.25 Y111.529 E6.35091 ; infill
G1 X103.955 Y106.824 E6.45111 ; infill
G1 E4.95111 F2100 ; retract
G92 E0 ; reset extrusion distance
G1 X103.955 Y106.824 Z.86 F7200 ; move to first infill point
G1 X103.806 Y106.739 ; move to first infill point
G1 X108.485 Y103.165 ; move to first infill point
G1 X113.762 Y104.096 ; move to first infill point
G1 X116.944 Y109.114 ; move to first infill point
G1 X116.216 Y113.221 ; move to first infill point
G1 X116.193 Y113.261 ; move to first infill point
G1 X116.044 Y113.176 ; move to first infill point
G1 Z.66 F600 ; move to first infill point
G1 E1.5 F1500 ;  ; unretract
G1 F1320
G1 X120.75 Y108.47 E1.60022 ; infill
G1 X120.682 Y108.026 E1.60698 ; infill
G1 X116.692 Y112.016 E1.69196 ; infill
G1 X116.854 Y111.342 E1.7024 ; infill
G1 X120.595 Y107.601 E1.78207 ; infill
G1 X120.498 Y107.186 E1.78849 ; infill
G1 X116.947 Y110.736 E1.86411 ; infill
G1 X116.978 Y110.193 E1.8723 ; infill
G1 X120.382 Y106.789 E1.9448 ; infill
G1 X120.369 Y106.745 E1.94549 ; infill
G1 X120.248 Y106.411 E1.95084 ; infill
G1 X116.977 Y109.682 E2.0205 ; infill
G1 X116.941 Y109.206 E2.02769 ; infill
G1 X120.111 Y106.035 E2.09521 ; infill
G1 X119.966 Y105.669 E2.10114 ; infill
G1 X116.873 Y108.762 E2.16701 ; infill
G1 X116.784 Y108.338 E2.17353 ; infill
G1 X119.805 Y105.317 E2.23787 ; infill
G1 X119.632 Y104.977 E2.24361 ; infill
G1 X116.672 Y107.938 E2.30666 ; infill
G1 X116.542 Y107.556 E2.31274 ; infill
G1 X119.451 Y104.646 E2.3747 ; infill
G1 X119.258 Y104.327 E2.38031 ; infill
G1 X116.4 Y107.186 E2.44119 ; infill
G1 X116.228 Y106.845 E2.44694 ; infill
G1 X119.065 Y104.009 E2.50735 ; infill
G1 X118.851 Y103.71 E2.51289 ; infill
G1 X116.054 Y106.507 E2.57246 ; infill
G1 X115.855 Y106.194 E2.57805 ; infill
G1 X118.634 Y103.414 E2.63725 ; infill
G1 X118.413 Y103.124 E2.64274 ; infill
G1 X115.648 Y105.888 E2.70162 ; infill
G1 X115.424 Y105.6 E2.70711 ; infill
G1 X118.176 Y102.848 E2.76572 ; infill
G1 X117.936 Y102.576 E2.77118 ; infill
G1 X115.188 Y105.323 E2.82969 ; infill
G1 X114.939 Y105.06 E2.83514 ; infill
G1 X117.685 Y102.314 E2.89362 ; infill
G1 X117.423 Y102.064 E2.89907 ; infill
G1 X114.676 Y104.811 E2.95757 ; infill
G1 X114.403 Y104.573 E2.96302 ; infill
G1 X117.152 Y101.823 E3.02158 ; infill
G1 X116.877 Y101.586 E3.02705 ; infill
G1 X114.108 Y104.355 E3.08602 ; infill
G1 X113.809 Y104.141 E3.09156 ; infill
G1 X116.584 Y101.366 E3.15066 ; infill
G1 X116.29 Y101.149 E3.15616 ; infill
G1 X113.489 Y103.949 E3.2158 ; infill
G1 X113.158 Y103.768 E3.22148 ; infill
G1 X115.992 Y100.934 E3.28184 ; infill
G1 X115.679 Y100.734 E3.28743 ; infill
G1 X112.805 Y103.608 E3.34864 ; infill
G1 X112.447 Y103.454 E3.35451 ; infill
G1 X115.353 Y100.548 E3.4164 ; infill
G1 X115.026 Y100.364 E3.42205 ; infill
G1 X112.064 Y103.325 E3.48512 ; infill
G1 X111.658 Y103.219 E3.49144 ; infill
G1 X114.676 Y100.201 E3.55572 ; infill
G1 X114.327 Y100.038 E3.56152 ; infill
G1 X111.242 Y103.123 E3.62722 ; infill
G1 X110.793 Y103.059 E3.63405 ; infill
G1 X113.964 Y99.888 E3.70158 ; infill
G1 X113.588 Y99.752 E3.7076 ; infill
G1 X110.314 Y103.026 E3.77733 ; infill
G1 X109.813 Y103.015 E3.78488 ; infill
G1 X113.21 Y99.618 E3.85723 ; infill
G1 X112.809 Y99.506 E3.8635 ; infill
G1 X109.266 Y103.049 E3.93896 ; infill
G1 X108.657 Y103.146 E3.94825 ; infill
G1 X112.401 Y99.402 E4.02799 ; infill
G1 X111.973 Y99.318 E4.03456 ; infill
G1 X107.974 Y103.318 E4.11974 ; infill
G1 X107.78 Y103.372 E4.12277 ; infill
G1 X107.171 Y103.607 E4.1326 ; infill
G1 X111.529 Y99.25 E4.2254 ; infill
G1 X111.17 Y99.195 E4.23087 ; infill
G1 X111.08 Y99.187 E4.23223 ; infill
G1 X99.188 Y111.078 E4.48549 ; infill
G1 X99.152 Y110.603 E4.49266 ; infill
G1 X110.603 Y99.151 E4.73655 ; infill
G1 X110.108 Y99.134 E4.74401 ; infill
G1 X99.134 Y110.109 E4.97774 ; infill
G1 X99.14 Y109.59 E4.98556 ; infill
G1 X109.589 Y99.141 E5.2081 ; infill
G1 X109.044 Y99.174 E5.21632 ; infill
G1 X99.179 Y109.038 E5.42641 ; infill
G1 X99.253 Y108.453 E5.43529 ; infill
G1 X108.461 Y99.244 E5.63141 ; infill
G1 X107.845 Y99.348 E5.64082 ; infill
G1 X99.348 Y107.845 E5.82178 ; infill
G1 X99.511 Y107.17 E5.83224 ; infill
G1 X107.168 Y99.513 E5.99531 ; infill
G1 X106.738 Y99.633 E6.00203 ; infill
G1 X106.42 Y99.749 E6.00713 ; infill
G1 X99.749 Y106.42 E6.1492 ; infill
G1 X99.959 Y105.841 E6.15848 ; infill
G1 X100.085 Y105.571 E6.16297 ; infill
G1 X105.571 Y100.085 E6.27981 ; infill
G1 X104.975 Y100.363 E6.28971 ; infill
G1 X104.533 Y100.611 E6.29734 ; infill
G1 X100.613 Y104.531 E6.38083 ; infill
G1 X100.962 Y103.963 E6.39087 ; infill
G1 X101.558 Y103.156 E6.40598 ; infill
G1 X101.991 Y102.653 E6.41597 ; infill
G1 X102.257 Y102.374 E6.42178 ; infill
G1 X103.61 Y101.022 E6.45058 ; infill
; stop printing object anel_mes.stl id:0 copy 0
;LAYER_CHANGE
;Z:0.76
;HEIGHT:0.1
G1 Z.76 F600 ; simple layer change
;AFTER_LAYER_CHANGE
;0.76
; printing object anel_mes.stl id:0 copy 0
G1 E4.95058 F2100 ; retract
G1 Z.96 F600 ; lift
G1 X102.926 Y109.805 F7200 ; move to first layer point
G1 Z.76 F600 ; move to first layer point
G1 E6.45058 F1500 ;  ; unretract
;TYPE:Perimeter
;WIDTH:0.64974
G1 F720
G1 X102.95 Y109.879 E6.45261 ; perimeter
;WIDTH:0.600559
G1 X102.973 Y109.952 E6.45445 ; perimeter
;WIDTH:0.551378
G1 X102.997 Y110.025 E6.45614 ; perimeter
;WIDTH:0.502197
G1 X103.02 Y110.098 E6.45767 ; perimeter
;WIDTH:0.453015
G1 X103.043 Y110.172 E6.45906 ; perimeter
;WIDTH:0.403834
G1 X103.073 Y110.424 E6.46309 ; perimeter
;WIDTH:0.37703
G1 X103.103 Y110.676 E6.46684 ; perimeter
;WIDTH:0.350226
G1 X102.802 Y110.757 E6.4711 ; perimeter
;WIDTH:0.37703
G1 X102.741 Y110.464 E6.47552 ; perimeter
;WIDTH:0.403834
G1 X102.681 Y110.172 E6.48026 ; perimeter
;WIDTH:0.453015
G1 X102.73 Y110.099 E6.48184 ; perimeter
;WIDTH:0.502197
G1 X102.779 Y110.025 E6.48361 ; perimeter
;WIDTH:0.551378
G1 X102.828 Y109.952 E6.48555 ; perimeter
;WIDTH:0.600559
G1 X102.877 Y109.879 E6.48767 ; perimeter
;WIDTH:0.64974
G1 X102.893 Y109.855 E6.48842 ; perimeter
G1 X102.893 Y109.855 F7200 ; move to first perimeter point
G1 X102.433 Y108.779 ; move to first perimeter point
;WIDTH:0.399999
G1 F720
G1 X103.496 Y109.063 E6.50574 ; perimeter
G1 X103.43 Y109.817 E6.51765 ; perimeter
G1 X103.436 Y110.35 E6.52604 ; perimeter
G1 X103.496 Y110.937 E6.53533 ; perimeter
G1 X102.447 Y111.218 E6.55242 ; perimeter
G1 X102.468 Y110.894 E6.55753 ; perimeter
G1 X102.364 Y110.395 E6.56555 ; perimeter
G1 X102.184 Y110.12 E6.57072 ; perimeter
G1 X102.286 Y110.071 E6.5725 ; perimeter
G1 X102.376 Y109.938 E6.57503 ; perimeter
G1 X102.433 Y109.689 E6.57905 ; perimeter
G1 X102.433 Y108.839 E6.59243 ; perimeter
G1 X102.433 Y108.839 F7200 ; move to first perimeter point
G1 X102.055 Y108.285 ; move to first perimeter point
;TYPE:External perimeter
G1 F720
G1 X103.798 Y108.747 E6.62081 ; perimeter
;WIDTH:0.395499
G1 X104.004 Y108.631 E6.62449 ; perimeter
;WIDTH:0.399999
G1 X103.893 Y108.934 E6.62957 ; perimeter
G1 X103.808 Y109.825 E6.64366 ; perimeter
G1 X103.802 Y110.143 E6.64867 ; perimeter
G1 X103.838 Y110.685 E6.65722 ; perimeter
G1 X103.984 Y111.325 E6.66755 ; perimeter
;WIDTH:0.389726
G1 X103.824 Y111.252 E6.67024 ; perimeter
;WIDTH:0.399999
G1 X101.775 Y111.79 E6.70358 ; perimeter
G1 X101.981 Y111.526 E6.70885 ; perimeter
G1 X102.097 Y111.037 E6.71676 ; perimeter
G1 X102.018 Y110.556 E6.72443 ; perimeter
G1 X101.744 Y110.171 E6.73187 ; perimeter
;WIDTH:0.445135
G1 X101.555 Y110.043 E6.73589 ; perimeter
;WIDTH:0.49027
G1 X101.367 Y109.915 E6.74032 ; perimeter
G1 X101.616 Y109.897 E6.74519 ; perimeter
;WIDTH:0.445135
G1 X101.866 Y109.879 E6.7496 ; perimeter
;WIDTH:0.399999
G1 X102.006 Y109.817 E6.75201 ; perimeter
G1 X102.055 Y109.689 E6.75417 ; perimeter
G1 X102.055 Y108.345 E6.77532 ; perimeter
G1 X102.055 Y108.345 F7200 ; move to first perimeter point
G1 X102.94 Y109.439 ; move to first perimeter point
;TYPE:Perimeter
;WIDTH:0.656082
G1 F1500
G1 X102.926 Y109.805 E6.78498 ; perimeter
G1 X102.926 Y109.805 F7200 ; move to first perimeter point
G1 X103.991 Y111.34 ; move to first perimeter point
;TYPE:External perimeter
;WIDTH:0.36146
G1 F900
G1 X104.125 Y111.817 E6.79198 ; perimeter
G1 E5.29198 F2100 ; retract
G92 E0 ; reset extrusion distance
G1 X104.125 Y111.817 Z.96 F7200 ; move to first perimeter point
G1 X104.12 Y113.944 ; move to first perimeter point
G1 Z.76 F600 ; move to first perimeter point
G1 E1.5 F1500 ;  ; unretract
;TYPE:Perimeter
;WIDTH:0.654604
G1 F720
G1 X104.068 Y113.909 E1.50165 ; perimeter
;WIDTH:0.612372
G1 X104.016 Y113.875 E1.50318 ; perimeter
;WIDTH:0.570139
G1 X103.896 Y113.795 E1.50647 ; perimeter
;WIDTH:0.529304
G1 X103.776 Y113.716 E1.5095 ; perimeter
;WIDTH:0.488469
G1 X103.656 Y113.636 E1.5123 ; perimeter
;WIDTH:0.447634
G1 X103.536 Y113.556 E1.51486 ; perimeter
;WIDTH:0.406799
G1 X103.54 Y113.457 E1.51645 ; perimeter
G1 X103.379 Y112.95 E1.52497 ; perimeter
;WIDTH:0.357945
G1 X103.687 Y112.868 E1.52943 ; perimeter
G1 X103.748 Y112.992 E1.53136 ; perimeter
;WIDTH:0.378288
G1 X103.997 Y113.483 E1.53953 ; perimeter
;WIDTH:0.424341
G1 X104.017 Y113.56 E1.54086 ; perimeter
;WIDTH:0.470394
G1 X104.038 Y113.637 E1.54235 ; perimeter
;WIDTH:0.516446
G1 X104.059 Y113.713 E1.54397 ; perimeter
;WIDTH:0.562499
G1 X104.079 Y113.79 E1.54576 ; perimeter
;WIDTH:0.608552
G1 X104.1 Y113.867 E1.54771 ; perimeter
;WIDTH:0.654604
G1 X104.105 Y113.886 E1.54823 ; perimeter
G1 X104.105 Y113.886 F7200 ; move to first perimeter point
G1 X104.061 Y114.838 ; move to first perimeter point
;WIDTH:0.399999
G1 F720
G1 X103.923 Y114.525 E1.55361 ; perimeter
G1 X103.582 Y114.081 E1.56242 ; perimeter
G1 X103.309 Y113.865 E1.5679 ; perimeter
G1 X103.117 Y113.845 E1.57094 ; perimeter
G1 X103.157 Y113.448 E1.57722 ; perimeter
G1 X102.993 Y112.926 E1.58583 ; perimeter
G1 X102.866 Y112.718 E1.58967 ; perimeter
G1 X103.897 Y112.441 E1.60647 ; perimeter
G1 X103.989 Y112.672 E1.61038 ; perimeter
G1 X104.221 Y113.142 E1.61863 ; perimeter
G1 X104.488 Y113.577 E1.62666 ; perimeter
G1 X104.837 Y114.062 E1.63606 ; perimeter
G1 X104.104 Y114.795 E1.65237 ; perimeter
G1 X104.104 Y114.795 F7200 ; move to first perimeter point
G1 X105.505 Y114.197 ; move to first perimeter point
;TYPE:External perimeter
;WIDTH:0.36146
G1 F900
G1 X105.814 Y114.506 E1.65855 ; perimeter
G1 E.60855 F2100 ; retract
;WIPE_START
G1 F5760
G1 X105.505 Y114.197 E.4572 ; wipe and retract
;WIPE_END
G1 E.15855 F2100 ; retract
G92 E0 ; reset extrusion distance
G1 Z.96 F600 ; move to first perimeter point
G1 X105.404 Y114.313 F7200 ; move to first perimeter point
G1 X104.086 Y115.631 ; move to first perimeter point
G1 X103.92 Y115.797 ; move to first perimeter point
G1 X103.779 Y115.655 ; move to first perimeter point
G1 Z.76 F600 ; move to first perimeter point
G1 E1.5 F1500 ;  ; unretract
;WIDTH:0.399999
G1 F720
G1 X103.802 Y115.236 E1.5066 ; perimeter
G1 X103.619 Y114.751 E1.51476 ; perimeter
G1 X103.206 Y114.245 E1.52504 ; perimeter
G1 X103.034 Y114.197 E1.52785 ; perimeter
;WIDTH:0.449693
G1 X102.873 Y114.258 E1.53092 ; perimeter
;WIDTH:0.499387
G1 X102.713 Y114.319 E1.53432 ; perimeter
;WIDTH:0.549081
G1 X102.552 Y114.379 E1.53809 ; perimeter
G1 X102.6 Y114.25 E1.54111 ; perimeter
;WIDTH:0.499387
G1 X102.648 Y114.121 E1.54384 ; perimeter
;WIDTH:0.449693
G1 X102.695 Y113.991 E1.5463 ; perimeter
;WIDTH:0.399999
G1 X102.779 Y113.531 E1.55366 ; perimeter
G1 X102.635 Y113.05 E1.56156 ; perimeter
G1 X102.326 Y112.672 E1.56924 ; perimeter
G1 X102.059 Y112.542 E1.57391 ; perimeter
G1 X103.537 Y112.146 E1.59799 ; perimeter
G1 X104.078 Y111.966 E1.60696 ; perimeter
;WIDTH:0.37969
G1 X104.125 Y111.817 E1.60929 ; perimeter
;WIDTH:0.392086
G1 X104.172 Y112.08 E1.61341 ; perimeter
;WIDTH:0.399999
G1 X104.408 Y112.666 E1.62335 ; perimeter
G1 X104.661 Y113.138 E1.63178 ; perimeter
G1 X104.927 Y113.564 E1.63968 ; perimeter
G1 X105.284 Y114.009 E1.64866 ; perimeter
;WIDTH:0.394262
G1 X105.505 Y114.197 E1.65316 ; perimeter
;WIDTH:0.380908
G1 X105.342 Y114.143 E1.65573 ; perimeter
;WIDTH:0.394262
G1 X105.275 Y114.169 E1.65684 ; perimeter
;WIDTH:0.399999
G1 X103.822 Y115.613 E1.68908 ; perimeter
G1 E.63908 F2100 ; retract
;WIPE_START
G1 F5760
G1 X103.779 Y115.655 E.61826 ; wipe and retract
G1 X103.802 Y115.236 E.47292 ; wipe and retract
G1 X103.619 Y114.751 E.29338 ; wipe and retract
G1 X103.429 Y114.518 E.18908 ; wipe and retract
;WIPE_END
G92 E0 ; reset extrusion distance
G1 Z.96 F600 ; move to first perimeter point
G1 X103.341 Y114.563 F7200 ; move to first perimeter point
G1 X105.404 Y114.313 ; move to first perimeter point
G1 X105.687 Y114.596 ; move to first perimeter point
G1 X107.056 Y116.619 ; move to first perimeter point
G1 Z.76 F600 ; move to first perimeter point
G1 E1.5 F1500 ;  ; unretract
;TYPE:Perimeter
;WIDTH:0.361463
G1 F720
G1 X106.74 Y116.498 E1.50478 ; perimeter
;WIDTH:0.402175
G1 X106.494 Y116.458 E1.50872 ; perimeter
;WIDTH:0.442887
G1 X106.249 Y116.419 E1.51307 ; perimeter
G1 X106.199 Y116.303 E1.51528 ; perimeter
G1 X105.97 Y116.085 E1.52082 ; perimeter
;WIDTH:0.401116
G1 X105.742 Y115.866 E1.52581 ; perimeter
;WIDTH:0.359344
G1 X105.971 Y115.636 E1.53037 ; perimeter
G1 X106.088 Y115.72 E1.53239 ; perimeter
;WIDTH:0.401116
G1 X106.29 Y115.873 E1.53639 ; perimeter
;WIDTH:0.442887
G1 X106.492 Y116.026 E1.54083 ; perimeter
G1 X106.816 Y116.165 E1.54701 ; perimeter
;WIDTH:0.39519
G1 X107.14 Y116.304 E1.55249 ; perimeter
;WIDTH:0.347492
G1 X107.071 Y116.561 E1.5561 ; perimeter
G1 X107.071 Y116.561 F7200 ; move to first perimeter point
G1 X107.268 Y117.112 ; move to first perimeter point
;WIDTH:0.399999
G1 F720
G1 X106.792 Y116.888 E1.56438 ; perimeter
G1 X106.332 Y116.817 E1.57171 ; perimeter
G1 X105.999 Y116.867 E1.57701 ; perimeter
G1 X105.778 Y116.384 E1.58537 ; perimeter
G1 X105.392 Y116.036 E1.59355 ; perimeter
G1 X105.181 Y115.92 E1.59734 ; perimeter
G1 X105.933 Y115.168 E1.61408 ; perimeter
G1 X106.486 Y115.561 E1.62476 ; perimeter
G1 X106.99 Y115.849 E1.6339 ; perimeter
G1 X107.558 Y116.106 E1.64371 ; perimeter
G1 X107.285 Y117.054 E1.65924 ; perimeter
G1 X107.285 Y117.054 F7200 ; move to first perimeter point
G1 X108.189 Y115.876 ; move to first perimeter point
;TYPE:External perimeter
;WIDTH:0.36146
G1 F900
G1 X108.613 Y115.991 E1.66545 ; perimeter
G1 E.61545 F2100 ; retract
;WIPE_START
G1 F5760
G1 X108.189 Y115.876 E.46329 ; wipe and retract
;WIPE_END
G1 E.16545 F2100 ; retract
G92 E0 ; reset extrusion distance
G1 Z.96 F600 ; move to first perimeter point
G1 X108.176 Y116.033 F7200 ; move to first perimeter point
G1 X107.694 Y117.833 ; move to first perimeter point
G1 X107.685 Y117.868 ; move to first perimeter point
G1 X107.492 Y117.816 ; move to first perimeter point
G1 Z.76 F600 ; move to first perimeter point
G1 E1.5 F1500 ;  ; unretract
;WIDTH:0.399999
G1 F720
G1 X107.408 Y117.697 E1.50229 ; perimeter
G1 X107.044 Y117.417 E1.50952 ; perimeter
G1 X106.64 Y117.235 E1.51649 ; perimeter
G1 X106.264 Y117.191 E1.52245 ; perimeter
G1 X105.932 Y117.301 E1.52795 ; perimeter
;WIDTH:0.411653
G1 X105.632 Y117.592 E1.53473 ; perimeter
G1 X105.666 Y117.127 E1.54229 ; perimeter
;WIDTH:0.399999
G1 X105.509 Y116.667 E1.54994 ; perimeter
G1 X105.144 Y116.322 E1.55784 ; perimeter
G1 X104.688 Y116.15 E1.56551 ; perimeter
G1 X104.396 Y116.17 E1.57012 ; perimeter
G1 X105.829 Y114.724 E1.60216 ; perimeter
;WIDTH:0.392505
G1 X105.814 Y114.506 E1.60553 ; perimeter
;WIDTH:0.399999
G1 X106.128 Y114.842 E1.61277 ; perimeter
G1 X106.676 Y115.233 E1.62336 ; perimeter
G1 X107.147 Y115.504 E1.63191 ; perimeter
G1 X107.743 Y115.774 E1.64221 ; perimeter
G1 X108.189 Y115.876 E1.64941 ; perimeter
;WIDTH:0.392602
G1 X107.994 Y115.974 E1.65278 ; perimeter
;WIDTH:0.399999
G1 X107.507 Y117.758 E1.68188 ; perimeter
G1 X107.507 Y117.758 F7200 ; move to first perimeter point
G1 X109.243 Y117.206 ; move to first perimeter point
;TYPE:Perimeter
;WIDTH:0.35402
G1 F720
G1 X109.327 Y116.894 E1.68635 ; perimeter
;WIDTH:0.354961
G1 X109.496 Y116.915 E1.68871 ; perimeter
;WIDTH:0.382241
G1 X110.02 Y116.948 E1.69659 ; perimeter
;WIDTH:0.426995
G1 X110.085 Y116.968 E1.69774 ; perimeter
;WIDTH:0.471748
G1 X110.151 Y116.988 E1.69903 ; perimeter
;WIDTH:0.516502
G1 X110.216 Y117.008 E1.70043 ; perimeter
;WIDTH:0.561255
G1 X110.281 Y117.027 E1.70195 ; perimeter
;WIDTH:0.606009
G1 X110.346 Y117.047 E1.7036 ; perimeter
;WIDTH:0.650762
G1 X110.411 Y117.067 E1.70538 ; perimeter
G1 X110.311 Y117.132 E1.7085 ; perimeter
;WIDTH:0.603621
G1 X110.21 Y117.198 E1.71142 ; perimeter
;WIDTH:0.55648
G1 X110.11 Y117.263 E1.71407 ; perimeter
;WIDTH:0.509339
G1 X110.009 Y117.329 E1.71652 ; perimeter
;WIDTH:0.462197
G1 X109.909 Y117.394 E1.71871 ; perimeter
;WIDTH:0.415056
G1 X109.808 Y117.328 E1.72068 ; perimeter
G1 X109.526 Y117.267 E1.7254 ; perimeter
;WIDTH:0.384538
G1 X109.302 Y117.219 E1.72886 ; perimeter
G1 X109.302 Y117.219 F7200 ; move to first perimeter point
G1 X108.785 Y117.542 ; move to first perimeter point
;WIDTH:0.399999
G1 F720
G1 X109.063 Y116.504 E1.74577 ; perimeter
G1 X109.594 Y116.566 E1.75418 ; perimeter
G1 X110.403 Y116.561 E1.76691 ; perimeter
G1 X110.937 Y116.504 E1.77536 ; perimeter
G1 X111.245 Y117.653 E1.79408 ; perimeter
G1 X111.111 Y117.567 E1.79659 ; perimeter
G1 X110.372 Y117.583 E1.80822 ; perimeter
G1 X110.131 Y117.708 E1.81249 ; perimeter
G1 X109.984 Y117.938 E1.81679 ; perimeter
G1 X109.625 Y117.668 E1.82386 ; perimeter
G1 X109.055 Y117.532 E1.83308 ; perimeter
G1 X108.845 Y117.54 E1.83639 ; perimeter
G1 E.33639 F2100 ; retract
G92 E0 ; reset extrusion distance
G1 X108.845 Y117.54 Z.96 F7200 ; move to first perimeter point
G1 X111.364 Y116 ; move to first perimeter point
G1 Z.76 F600 ; move to first perimeter point
G1 E1.5 F1500 ;  ; unretract
;TYPE:External perimeter
;WIDTH:0.36146
G1 F900
G1 X111.795 Y115.883 E1.50631 ; perimeter
G1 E.00631 F2100 ; retract
G92 E0 ; reset extrusion distance
G1 X111.795 Y115.883 Z.96 F7200 ; move to first perimeter point
G1 X108.224 Y118.173 ; move to first perimeter point
G1 Z.76 F600 ; move to first perimeter point
G1 E1.5 F1500 ;  ; unretract
;WIDTH:0.399999
G1 F720
G1 X108.749 Y116.203 E1.53209 ; perimeter
;WIDTH:0.397155
G1 X108.613 Y115.991 E1.53602 ; perimeter
;WIDTH:0.399999
G1 X108.934 Y116.107 E1.54139 ; perimeter
G1 X109.603 Y116.187 E1.55199 ; perimeter
G1 X110.143 Y116.198 E1.56049 ; perimeter
G1 X110.685 Y116.162 E1.56904 ; perimeter
G1 X111.364 Y116 E1.58003 ; perimeter
;WIDTH:0.392175
G1 X111.25 Y116.176 E1.58326 ; perimeter
;WIDTH:0.399999
G1 X111.558 Y117.362 E1.60254 ; perimeter
;WIDTH:0.435172
G1 X111.687 Y117.909 E1.61221 ; perimeter
G1 X111.81 Y118.303 E1.61931 ; perimeter
;WIDTH:0.400811
G1 X111.934 Y118.698 E1.62584 ; perimeter
;WIDTH:0.412885
G1 X111.929 Y118.768 E1.62698 ; perimeter
;WIDTH:0.45932
G1 X111.923 Y118.838 E1.62826 ; perimeter
;WIDTH:0.505756
G1 X111.918 Y118.908 E1.62967 ; perimeter
;WIDTH:0.552191
G1 X111.913 Y118.978 E1.63122 ; perimeter
;WIDTH:0.598627
G1 X111.908 Y119.048 E1.6329 ; perimeter
;WIDTH:0.645062
G1 X111.902 Y119.119 E1.63475 ; perimeter
G1 X111.854 Y119.068 E1.63657 ; perimeter
;WIDTH:0.598627
G1 X111.805 Y119.017 E1.63827 ; perimeter
;WIDTH:0.552191
G1 X111.756 Y118.966 E1.63983 ; perimeter
;WIDTH:0.505756
G1 X111.708 Y118.915 E1.64124 ; perimeter
;WIDTH:0.45932
G1 X111.659 Y118.865 E1.64251 ; perimeter
;WIDTH:0.412885
G1 X111.61 Y118.814 E1.64366 ; perimeter
;WIDTH:0.400811
G1 X111.455 Y118.431 E1.65018 ; perimeter
;WIDTH:0.435172
G1 X111.299 Y118.049 E1.65728 ; perimeter
G1 X111.111 Y117.945 E1.66098 ; perimeter
;WIDTH:0.399999
G1 X110.506 Y117.945 E1.6705 ; perimeter
G1 X110.381 Y117.992 E1.6726 ; perimeter
;WIDTH:0.435455
G1 X110.333 Y118.081 E1.67434 ; perimeter
;WIDTH:0.47091
G1 X110.284 Y118.171 E1.67625 ; perimeter
G1 X110.499 Y118.638 E1.68586 ; perimeter
;WIDTH:0.451075
G1 X110.618 Y118.867 E1.69047 ; perimeter
;WIDTH:0.425537
G1 X110.736 Y119.097 E1.69481 ; perimeter
;WIDTH:0.399999
G1 X111.066 Y119.82 E1.70732 ; perimeter
;WIDTH:0.408986
G1 X110.252 Y119.815 E1.72043 ; perimeter
;WIDTH:0.457231
G1 X110.097 Y119.855 E1.72333 ; perimeter
;WIDTH:0.471192
G1 X110.049 Y119.912 E1.72472 ; perimeter
G1 X110.063 Y119.839 E1.72611 ; perimeter
;WIDTH:0.457231
G1 X110.08 Y119.558 E1.73121 ; perimeter
;WIDTH:0.428615
G1 X110.097 Y119.276 E1.73599 ; perimeter
;WIDTH:0.425537
G1 X110.079 Y119.019 E1.74032 ; perimeter
;WIDTH:0.451075
G1 X110.06 Y118.761 E1.74494 ; perimeter
;WIDTH:0.47091
G1 X109.861 Y118.306 E1.75422 ; perimeter
G1 X109.666 Y118.163 E1.75874 ; perimeter
;WIDTH:0.435455
G1 X109.472 Y118.019 E1.7629 ; perimeter
;WIDTH:0.399999
G1 X108.983 Y117.903 E1.77081 ; perimeter
G1 X108.502 Y117.982 E1.77848 ; perimeter
G1 X108.274 Y118.139 E1.78284 ; perimeter
G1 E.73284 F2100 ; retract
;WIPE_START
G1 F5760
G1 X108.224 Y118.173 E.7119 ; wipe and retract
G1 X108.543 Y116.976 E.28284 ; wipe and retract
;WIPE_END
G92 E0 ; reset extrusion distance
G1 Z.96 F600 ; move to first perimeter point
G1 X108.352 Y116.925 F7200 ; move to first perimeter point
G1 X111.824 Y116.033 ; move to first perimeter point
G1 X113.767 Y116.469 ; move to first perimeter point
G1 Z.76 F600 ; move to first perimeter point
G1 E1.5 F1500 ;  ; unretract
;TYPE:Perimeter
;WIDTH:0.461606
G1 F720
G1 X113.526 Y116.454 E1.50442 ; perimeter
;WIDTH:0.433384
G1 X113.239 Y116.538 E1.50954 ; perimeter
;WIDTH:0.396991
G1 X112.952 Y116.622 E1.51421 ; perimeter
;WIDTH:0.360597
G1 X112.869 Y116.313 E1.51872 ; perimeter
;WIDTH:0.36523
G1 X113.053 Y116.223 E1.52165 ; perimeter
;WIDTH:0.409908
G1 X113.291 Y116.125 E1.52581 ; perimeter
;WIDTH:0.454585
G1 X113.528 Y116.027 E1.53043 ; perimeter
G1 X113.781 Y115.835 E1.53615 ; perimeter
;WIDTH:0.408726
G1 X114.033 Y115.644 E1.54124 ; perimeter
;WIDTH:0.362867
G1 X114.265 Y115.875 E1.54589 ; perimeter
;WIDTH:0.408726
G1 X114.053 Y116.086 E1.55071 ; perimeter
;WIDTH:0.454585
G1 X113.842 Y116.298 E1.5561 ; perimeter
;WIDTH:0.461606
G1 X113.791 Y116.414 E1.55842 ; perimeter
G1 X113.791 Y116.414 F7200 ; move to first perimeter point
G1 X114.039 Y116.94 ; move to first perimeter point
;WIDTH:0.399999
G1 F720
G1 X113.569 Y116.854 E1.56594 ; perimeter
G1 X113.305 Y116.88 E1.57011 ; perimeter
G1 X112.912 Y117.015 E1.57665 ; perimeter
G1 X112.717 Y117.131 E1.58022 ; perimeter
G1 X112.441 Y116.101 E1.597 ; perimeter
G1 X112.83 Y115.931 E1.60368 ; perimeter
G1 X113.31 Y115.684 E1.61218 ; perimeter
G1 X114.065 Y115.166 E1.62659 ; perimeter
G1 X114.813 Y115.914 E1.64324 ; perimeter
G1 X114.36 Y116.267 E1.65228 ; perimeter
G1 X114.212 Y116.465 E1.65617 ; perimeter
G1 X114.06 Y116.884 E1.66318 ; perimeter
G1 E.16318 F2100 ; retract
G92 E0 ; reset extrusion distance
G1 X114.06 Y116.884 Z.96 F7200 ; move to first perimeter point
G1 X114.181 Y114.508 ; move to first perimeter point
G1 Z.76 F600 ; move to first perimeter point
G1 E1.5 F1500 ;  ; unretract
;TYPE:External perimeter
;WIDTH:0.36146
G1 F900
G1 X114.495 Y114.197 E1.50625 ; perimeter
G1 E.45625 F2100 ; retract
;WIPE_START
G1 F5760
G1 X114.181 Y114.508 E.30318 ; wipe and retract
;WIPE_END
G1 E.00625 F2100 ; retract
G92 E0 ; reset extrusion distance
G1 Z.96 F600 ; move to first perimeter point
G1 X114.65 Y117.994 F7200 ; move to first perimeter point
G1 Z.76 F600 ; move to first perimeter point
G1 E1.5 F1500 ;  ; unretract
;WIDTH:0.399999
G1 F720
G1 X114.377 Y117.593 E1.50763 ; perimeter
G1 X113.978 Y117.313 E1.5153 ; perimeter
G1 X113.514 Y117.229 E1.52272 ; perimeter
G1 X113.036 Y117.373 E1.53058 ; perimeter
G1 X112.658 Y117.682 E1.53826 ; perimeter
G1 X112.538 Y117.925 E1.54253 ; perimeter
G1 X112.008 Y115.973 E1.57436 ; perimeter
;WIDTH:0.394555
G1 X111.86 Y115.873 E1.57713 ; perimeter
G1 X112.085 Y115.823 E1.58071 ; perimeter
;WIDTH:0.399999
G1 X112.659 Y115.593 E1.59044 ; perimeter
G1 X113.107 Y115.365 E1.59835 ; perimeter
G1 X113.563 Y115.074 E1.60686 ; perimeter
G1 X113.979 Y114.754 E1.61512 ; perimeter
;WIDTH:0.399691
G1 X114.181 Y114.508 E1.62013 ; perimeter
;WIDTH:0.391865
G1 X114.171 Y114.724 E1.62346 ; perimeter
;WIDTH:0.399691
G1 X114.204 Y114.769 E1.62434 ; perimeter
;WIDTH:0.399999
G1 X115.54 Y116.105 E1.65407 ; perimeter
G1 X115.393 Y116.104 E1.65638 ; perimeter
G1 X114.972 Y116.254 E1.66341 ; perimeter
G1 X114.608 Y116.554 E1.67083 ; perimeter
G1 X114.407 Y116.983 E1.67829 ; perimeter
G1 X114.434 Y117.54 E1.68707 ; perimeter
G1 X114.624 Y117.94 E1.69404 ; perimeter
G1 E.64404 F2100 ; retract
;WIPE_START
G1 F5760
G1 X114.65 Y117.994 E.62328 ; wipe and retract
G1 X114.377 Y117.593 E.45526 ; wipe and retract
G1 X113.978 Y117.313 E.28643 ; wipe and retract
G1 X113.716 Y117.265 E.19404 ; wipe and retract
;WIPE_END
G92 E0 ; reset extrusion distance
G1 Z.96 F600 ; move to first perimeter point
G1 X113.689 Y117.455 F7200 ; move to first perimeter point
G1 X114.313 Y114.596 ; move to first perimeter point
G1 X114.596 Y114.313 ; move to first perimeter point
G1 X116.613 Y112.941 ; move to first perimeter point
G1 Z.76 F600 ; move to first perimeter point
G1 E1.5 F1500 ;  ; unretract
;TYPE:Perimeter
;WIDTH:0.360274
G1 F720
G1 X116.481 Y113.3 E1.50539 ; perimeter
;WIDTH:0.388392
G1 X116.405 Y113.55 E1.50938 ; perimeter
;WIDTH:0.41651
G1 X116.329 Y113.799 E1.51366 ; perimeter
G1 X116.247 Y113.84 E1.51517 ; perimeter
G1 X116.056 Y114.049 E1.51982 ; perimeter
;WIDTH:0.38681
G1 X115.864 Y114.258 E1.52413 ; perimeter
;WIDTH:0.35711
G1 X115.637 Y114.031 E1.52861 ; perimeter
G1 X115.718 Y113.916 E1.53057 ; perimeter
;WIDTH:0.40204
G1 X116.017 Y113.483 E1.5389 ; perimeter
G1 X116.16 Y113.17 E1.54434 ; perimeter
;WIDTH:0.373024
G1 X116.303 Y112.858 E1.54936 ; perimeter
;WIDTH:0.344008
G1 X116.555 Y112.925 E1.55286 ; perimeter
G1 X116.555 Y112.925 F7200 ; move to first perimeter point
G1 X117.153 Y112.723 ; move to first perimeter point
;WIDTH:0.399999
G1 F720
G1 X116.972 Y112.99 E1.55794 ; perimeter
G1 X116.885 Y113.189 E1.56136 ; perimeter
G1 X116.718 Y113.782 E1.57106 ; perimeter
G1 X116.76 Y114.037 E1.57513 ; perimeter
G1 X116.385 Y114.215 E1.58166 ; perimeter
G1 X116.042 Y114.597 E1.58974 ; perimeter
G1 X115.922 Y114.821 E1.59374 ; perimeter
G1 X115.168 Y114.067 E1.61052 ; perimeter
G1 X115.561 Y113.513 E1.62121 ; perimeter
G1 X115.849 Y113.01 E1.63033 ; perimeter
G1 X116.106 Y112.442 E1.64014 ; perimeter
G1 X117.095 Y112.707 E1.65625 ; perimeter
G1 X117.095 Y112.707 F7200 ; move to first perimeter point
G1 X115.879 Y111.809 ; move to first perimeter point
;TYPE:External perimeter
;WIDTH:0.36146
G1 F900
G1 X115.989 Y111.387 E1.66241 ; perimeter
G1 E.61241 F2100 ; retract
;WIPE_START
G1 F5760
G1 X115.879 Y111.809 E.46136 ; wipe and retract
;WIPE_END
G1 E.16241 F2100 ; retract
G92 E0 ; reset extrusion distance
G1 Z.96 F600 ; move to first perimeter point
G1 X116.034 Y111.824 F7200 ; move to first perimeter point
G1 X117.833 Y112.306 ; move to first perimeter point
G1 X117.924 Y112.33 ; move to first perimeter point
G1 X117.873 Y112.524 ; move to first perimeter point
G1 Z.76 F600 ; move to first perimeter point
G1 E1.5 F1500 ;  ; unretract
;WIDTH:0.399999
G1 F720
G1 X117.626 Y112.699 E1.50476 ; perimeter
G1 X117.26 Y113.257 E1.51526 ; perimeter
G1 X117.094 Y113.838 E1.52477 ; perimeter
G1 X117.124 Y114.003 E1.52741 ; perimeter
;WIDTH:0.431994
G1 X117.358 Y114.166 E1.53228 ; perimeter
;WIDTH:0.463988
G1 X117.593 Y114.328 E1.53753 ; perimeter
G1 X117.353 Y114.325 E1.54195 ; perimeter
;WIDTH:0.431994
G1 X117.114 Y114.322 E1.54603 ; perimeter
;WIDTH:0.399999
G1 X116.673 Y114.48 E1.5534 ; perimeter
G1 X116.328 Y114.846 E1.56132 ; perimeter
G1 X116.156 Y115.302 E1.56899 ; perimeter
G1 X116.179 Y115.613 E1.5739 ; perimeter
G1 X114.725 Y114.169 E1.60615 ; perimeter
;WIDTH:0.394223
G1 X114.495 Y114.197 E1.60974 ; perimeter
;WIDTH:0.399999
G1 X114.92 Y113.772 E1.6192 ; perimeter
G1 X115.233 Y113.324 E1.6278 ; perimeter
G1 X115.504 Y112.853 E1.63635 ; perimeter
G1 X115.774 Y112.257 E1.64665 ; perimeter
G1 X115.879 Y111.809 E1.65389 ; perimeter
;WIDTH:0.392506
G1 X115.974 Y112.006 E1.65726 ; perimeter
;WIDTH:0.399999
G1 X117.815 Y112.508 E1.68729 ; perimeter
G1 X117.815 Y112.508 F7200 ; move to first perimeter point
G1 X118.402 Y112.524 ; move to first perimeter point
;WIDTH:0.36146
G1 F900
G1 X118.745 Y112.629 E1.69236 ; perimeter
G1 X118.745 Y112.629 F7200 ; move to first perimeter point
G1 X119.291 Y112.169 ; move to first perimeter point
G1 F900
G1 X118.759 Y112.064 E1.70003 ; perimeter
G1 X118.759 Y112.064 F7200 ; move to first perimeter point
G1 X119.441 Y113.095 ; move to first perimeter point
;WIDTH:0.691746
G1 F900
G1 X119.594 Y113.115 E1.70433 ; perimeter
;WIDTH:0.650941
G1 X119.747 Y113.135 E1.70837 ; perimeter
G1 X119.747 Y113.135 F7200 ; move to first perimeter point
G1 X119.284 Y113.585 ; move to first perimeter point
;WIDTH:0.37474
G1 F900
G1 X119.281 Y113.59 E1.70846 ; perimeter
;WIDTH:0.373802
G1 X119.04 Y114.049 E1.71605 ; perimeter
G1 X119.04 Y114.049 F7200 ; move to first perimeter point
G1 X117.909 Y114.168 ; move to first perimeter point
;WIDTH:0.43802
G1 F720
G1 X117.961 Y113.672 E1.72469 ; perimeter
;WIDTH:0.390765
G1 X118.103 Y113.408 E1.72929 ; perimeter
;WIDTH:0.382611
G1 X118.242 Y113.357 E1.73151 ; perimeter
G1 X118.36 Y113.417 E1.7335 ; perimeter
G1 X118.413 Y113.538 E1.73548 ; perimeter
;WIDTH:0.390765
G1 X118.294 Y113.81 E1.74004 ; perimeter
;WIDTH:0.43802
G1 X117.953 Y114.127 E1.7481 ; perimeter
G1 X117.953 Y114.127 F7200 ; move to first perimeter point
G1 X117.845 Y114.375 ; move to first perimeter point
;WIDTH:0.575186
G1 F900
G1 X117.867 Y114.306 E1.74977 ; perimeter
;WIDTH:0.529464
G1 X117.888 Y114.237 E1.75129 ; perimeter
;WIDTH:0.483742
G1 X117.909 Y114.168 E1.75268 ; perimeter
;WIDTH:0.463988
G1 X117.593 Y114.328 E1.7592 ; perimeter
;WIDTH:0.501054
G1 X117.677 Y114.344 E1.76091 ; perimeter
;WIDTH:0.53812
G1 X117.761 Y114.359 E1.76274 ; perimeter
;WIDTH:0.575186
G1 X117.845 Y114.375 E1.76471 ; perimeter
G1 X118.573 Y114.84 E1.7846 ; perimeter
G1 E.7346 F2100 ; retract
;WIPE_START
G1 F5760
G1 X117.845 Y114.375 E.43541 ; wipe and retract
;WIPE_END
G1 E.2846 F2100 ; retract
G92 E0 ; reset extrusion distance
G1 Z.96 F600 ; move to first perimeter point
G1 X117.733 Y114.639 F7200 ; move to first perimeter point
G1 X117.523 Y114.55 ; move to first perimeter point
G1 X117.103 Y114.522 ; move to first perimeter point
G1 X116.75 Y114.664 ; move to first perimeter point
G1 X116.481 Y114.975 ; move to first perimeter point
G1 X116.346 Y115.365 ; move to first perimeter point
G1 X116.399 Y115.742 ; move to first perimeter point
G1 X116.633 Y116.092 ; move to first perimeter point
G1 X116.715 Y116.153 ; move to first perimeter point
G1 X117.043 Y116.4 ; move to first perimeter point
G1 X116.97 Y116.506 ; move to first perimeter point
G1 Z.76 F600 ; move to first perimeter point
G1 E1.5 F1500 ;  ; unretract
;WIDTH:0.36146
G1 F900
G1 X116.558 Y116.144 E1.50775 ; perimeter
G1 X116.558 Y116.144 F7200 ; move to first perimeter point
G1 X116.201 Y116.57 ; move to first perimeter point
G1 F900
G1 X116.468 Y116.947 E1.51428 ; perimeter
;WIDTH:0.407567
G1 X116.494 Y117.016 E1.51546 ; perimeter
;WIDTH:0.453674
G1 X116.521 Y117.085 E1.51679 ; perimeter
;WIDTH:0.499781
G1 X116.547 Y117.153 E1.51824 ; perimeter
;WIDTH:0.545888
G1 X116.573 Y117.222 E1.51985 ; perimeter
;WIDTH:0.591995
G1 X116.599 Y117.291 E1.5216 ; perimeter
;WIDTH:0.638102
G1 X116.625 Y117.359 E1.52347 ; perimeter
G1 X116.567 Y117.425 E1.52572 ; perimeter
;WIDTH:0.596332
G1 X116.509 Y117.49 E1.5278 ; perimeter
;WIDTH:0.554561
G1 X116.451 Y117.555 E1.52973 ; perimeter
;WIDTH:0.512791
G1 X116.393 Y117.621 E1.53152 ; perimeter
;WIDTH:0.471021
G1 X116.335 Y117.686 E1.53315 ; perimeter
;WIDTH:0.42925
G1 X115.967 Y117.946 E1.54079 ; perimeter
G1 E.49079 F2100 ; retract
;WIPE_START
G1 F5760
G1 X116.335 Y117.686 E.33473 ; wipe and retract
G1 X116.393 Y117.621 E.30456 ; wipe and retract
G1 X116.451 Y117.555 E.27413 ; wipe and retract
G1 X116.509 Y117.49 E.24396 ; wipe and retract
G1 X116.567 Y117.425 E.21379 ; wipe and retract
G1 X116.625 Y117.359 E.18336 ; wipe and retract
G1 X116.599 Y117.291 E.15815 ; wipe and retract
G1 X116.573 Y117.222 E.13261 ; wipe and retract
G1 X116.547 Y117.153 E.10707 ; wipe and retract
G1 X116.521 Y117.085 E.08186 ; wipe and retract
G1 X116.494 Y117.016 E.0562 ; wipe and retract
G1 X116.479 Y116.974 E.04079 ; wipe and retract
;WIPE_END
G92 E0 ; reset extrusion distance
G1 Z.96 F600 ; move to first perimeter point
G1 X116.585 Y116.868 F7200 ; move to first perimeter point
G1 X118.202 Y118.485 ; move to first perimeter point
G1 X118.485 Y118.202 ; move to first perimeter point
G1 X117.908 Y117.625 ; move to first perimeter point
G1 X117.854 Y117.571 ; move to first perimeter point
G1 X118.282 Y117.143 ; move to first perimeter point
G1 Z.76 F600 ; move to first perimeter point
G1 E1.5 F1500 ;  ; unretract
;TYPE:Perimeter
;WIDTH:0.453525
G1 F720
G1 X118.519 Y117.047 E1.50459 ; perimeter
G1 X118.731 Y116.873 E1.50952 ; perimeter
;WIDTH:0.417678
G1 X119.113 Y116.369 E1.51994 ; perimeter
;WIDTH:0.456575
G1 X119.189 Y116.165 E1.52388 ; perimeter
;WIDTH:0.496427
G1 X119.264 Y115.961 E1.52817 ; perimeter
;WIDTH:0.536278
G1 X119.34 Y115.757 E1.53283 ; perimeter
G1 X119.31 Y115.525 E1.53784 ; perimeter
G1 X119.496 Y115.508 E1.54184 ; perimeter
G1 X119.628 Y115.363 E1.54604 ; perimeter
;WIDTH:0.492306
G1 X119.759 Y115.218 E1.54987 ; perimeter
;WIDTH:0.448333
G1 X120.066 Y114.67 E1.56102 ; perimeter
;WIDTH:0.431179
G1 X120.291 Y114.242 E1.56926 ; perimeter
;WIDTH:0.399499
G1 X120.515 Y113.814 E1.57685 ; perimeter
;WIDTH:0.368469
G1 X120.451 Y113.59 E1.58021 ; perimeter
G1 X120.922 Y113.716 E1.58724 ; perimeter
G1 X120.839 Y113.936 E1.59063 ; perimeter
;WIDTH:0.404698
G1 X120.641 Y114.411 E1.59883 ; perimeter
;WIDTH:0.431179
G1 X120.427 Y114.865 E1.60738 ; perimeter
;WIDTH:0.448333
G1 X120.135 Y115.422 E1.61854 ; perimeter
;WIDTH:0.492306
G1 X119.976 Y115.65 E1.62398 ; perimeter
;WIDTH:0.536278
G1 X119.817 Y115.878 E1.62993 ; perimeter
G1 X119.698 Y116.102 E1.63536 ; perimeter
;WIDTH:0.496427
G1 X119.579 Y116.326 E1.64037 ; perimeter
;WIDTH:0.456575
G1 X119.459 Y116.55 E1.64497 ; perimeter
;WIDTH:0.417678
G1 X119.041 Y117.12 E1.65661 ; perimeter
;WIDTH:0.453525
G1 X118.677 Y117.538 E1.66657 ; perimeter
G1 X118.324 Y117.185 E1.67554 ; perimeter
G1 X118.6 Y118.295 F7200 ; move to first perimeter point
;TYPE:External perimeter
;WIDTH:0.36146
G1 F900
G1 X118.297 Y118.599 E1.68161 ; perimeter
G1 E.63161 F2100 ; retract
;WIPE_START
G1 F5760
G1 X118.6 Y118.295 E.48295 ; wipe and retract
;WIPE_END
G1 E.18161 F2100 ; retract
G92 E0 ; reset extrusion distance
G1 Z.96 F600 ; move to first perimeter point
G1 X118.485 Y118.202 F7200 ; move to first perimeter point
G1 X117.168 Y116.885 ; move to first perimeter point
G1 X117.146 Y116.863 ; move to first perimeter point
G1 X117.287 Y116.721 ; move to first perimeter point
G1 Z.76 F600 ; move to first perimeter point
G1 E1.5 F1500 ;  ; unretract
;WIDTH:0.399999
G1 F720
G1 X117.439 Y116.786 E1.5026 ; perimeter
G1 X117.925 Y116.829 E1.51028 ; perimeter
G1 X118.381 Y116.664 E1.51791 ; perimeter
G1 X118.721 Y116.292 E1.52584 ; perimeter
G1 X118.893 Y115.778 E1.53437 ; perimeter
G1 X118.808 Y115.3 E1.54201 ; perimeter
;WIDTH:0.438008
G1 X118.749 Y115.185 E1.54425 ; perimeter
;WIDTH:0.476017
G1 X118.691 Y115.07 E1.54668 ; perimeter
;WIDTH:0.514025
G1 X118.632 Y114.955 E1.54933 ; perimeter
;WIDTH:0.552034
G1 X118.573 Y114.84 E1.55218 ; perimeter
G1 X118.661 Y114.87 E1.55423 ; perimeter
;WIDTH:0.517083
G1 X118.825 Y114.942 E1.55792 ; perimeter
;WIDTH:0.478055
G1 X118.988 Y115.014 E1.5613 ; perimeter
;WIDTH:0.439027
G1 X119.152 Y115.086 E1.56441 ; perimeter
;WIDTH:0.399999
G1 X119.305 Y115.103 E1.56683 ; perimeter
G1 X119.411 Y115.017 E1.56898 ; perimeter
G1 X120.176 Y113.686 E1.59314 ; perimeter
G1 X120.093 Y113.456 E1.59699 ; perimeter
;WIDTH:0.442027
G1 X120.024 Y113.392 E1.59864 ; perimeter
;WIDTH:0.484054
G1 X119.955 Y113.327 E1.60046 ; perimeter
;WIDTH:0.526081
G1 X119.886 Y113.263 E1.60243 ; perimeter
;WIDTH:0.568109
G1 X119.817 Y113.199 E1.60457 ; perimeter
;WIDTH:0.610136
G1 X119.747 Y113.135 E1.60689 ; perimeter
G1 X119.842 Y113.138 E1.60922 ; perimeter
;WIDTH:0.568109
G1 X119.936 Y113.142 E1.61136 ; perimeter
;WIDTH:0.526081
G1 X120.03 Y113.145 E1.61333 ; perimeter
;WIDTH:0.484054
G1 X120.125 Y113.149 E1.61516 ; perimeter
;WIDTH:0.442027
G1 X120.219 Y113.152 E1.6168 ; perimeter
;WIDTH:0.399999
G1 X121.309 Y113.429 E1.6345 ; perimeter
;WIDTH:0.388752
G1 X121.469 Y113.345 E1.63726 ; perimeter
;WIDTH:0.399999
G1 X120.994 Y114.555 E1.65772 ; perimeter
G1 X120.785 Y115.028 E1.66586 ; perimeter
G1 X120.433 Y115.723 E1.67812 ; perimeter
G1 X119.908 Y116.588 E1.69404 ; perimeter
G1 X119.267 Y117.465 E1.71114 ; perimeter
G1 X118.6 Y118.295 E1.7279 ; perimeter
;WIDTH:0.389583
G1 X118.624 Y118.079 E1.73123 ; perimeter
;WIDTH:0.399999
G1 X117.329 Y116.764 E1.76028 ; perimeter
G1 E.71028 F2100 ; retract
;WIPE_START
G1 F5760
G1 X117.287 Y116.721 E.68946 ; wipe and retract
G1 X117.439 Y116.786 E.6322 ; wipe and retract
G1 X117.925 Y116.829 E.46321 ; wipe and retract
G1 X118.381 Y116.664 E.29525 ; wipe and retract
G1 X118.449 Y116.59 E.26028 ; wipe and retract
;WIPE_END
G92 E0 ; reset extrusion distance
G1 Z.96 F600 ; move to first perimeter point
G1 X118.376 Y116.434 F7200 ; move to first perimeter point
G1 X118.485 Y118.202 ; move to first perimeter point
G1 X118.202 Y118.485 ; move to first perimeter point
G1 X116.09 Y118.769 ; move to first perimeter point
G1 X115.514 Y118.559 ; move to first perimeter point
G1 X115.317 Y119.089 ; move to first perimeter point
G1 Z.76 F600 ; move to first perimeter point
G1 E1.5 F1500 ;  ; unretract
;TYPE:Perimeter
G1 F720
G1 X115.828 Y119.172 E1.50815 ; perimeter
G1 X116.126 Y119.146 E1.51286 ; perimeter
G1 X116.559 Y118.989 E1.52011 ; perimeter
;WIDTH:0.39587
G1 X116.944 Y118.74 E1.52725 ; perimeter
;WIDTH:0.392561
G1 X117.245 Y118.465 E1.53354 ; perimeter
G1 X117.261 Y118.356 E1.53524 ; perimeter
G1 X117.579 Y118.675 E1.54219 ; perimeter
G1 X117.218 Y118.989 E1.54957 ; perimeter
;WIDTH:0.394705
G1 X116.812 Y119.281 E1.55733 ; perimeter
;WIDTH:0.399999
G1 X116.353 Y119.61 E1.56622 ; perimeter
G1 X115.816 Y119.94 E1.57614 ; perimeter
G1 X115.276 Y120.24 E1.58586 ; perimeter
G1 X114.707 Y120.505 E1.59574 ; perimeter
;WIDTH:0.414608
G1 X114.234 Y120.7 E1.6041 ; perimeter
;WIDTH:0.444124
G1 X113.74 Y120.864 E1.61325 ; perimeter
G1 X113.599 Y120.337 E1.62284 ; perimeter
G1 X113.892 Y120.375 E1.62803 ; perimeter
G1 X114.548 Y120.164 E1.64014 ; perimeter
;WIDTH:0.399999
G1 X114.995 Y119.806 E1.64915 ; perimeter
G1 X115.149 Y119.59 E1.65332 ; perimeter
G1 X115.298 Y119.146 E1.66069 ; perimeter
G1 E.16069 F2100 ; retract
G92 E0 ; reset extrusion distance
G1 X115.298 Y119.146 Z.96 F7200 ; move to first perimeter point
G1 X113.319 Y121.477 ; move to first perimeter point
G1 Z.76 F600 ; move to first perimeter point
G1 E1.5 F1500 ;  ; unretract
;TYPE:External perimeter
;WIDTH:0.36146
G1 F900
G1 X112.867 Y121.601 E1.50663 ; perimeter
G1 E.45663 F2100 ; retract
;WIPE_START
G1 F5760
G1 X113.319 Y121.477 E.29429 ; wipe and retract
;WIPE_END
G1 E.00663 F2100 ; retract
G92 E0 ; reset extrusion distance
G1 Z.96 F600 ; move to first perimeter point
G1 X113.247 Y121.346 F7200 ; move to first perimeter point
G1 X114.506 Y119.749 ; move to first perimeter point
G1 X114.645 Y119.393 ; move to first perimeter point
G1 X114.756 Y119.018 ; move to first perimeter point
G1 X114.728 Y118.598 ; move to first perimeter point
G1 X114.526 Y118.124 ; move to first perimeter point
G1 X114.682 Y118.041 ; move to first perimeter point
G1 Z.76 F600 ; move to first perimeter point
G1 E1.5 F1500 ;  ; unretract
;WIDTH:0.399999
G1 F720
G1 X114.975 Y118.456 E1.50799 ; perimeter
G1 X115.413 Y118.732 E1.51614 ; perimeter
G1 X115.916 Y118.8 E1.52413 ; perimeter
G1 X116.432 Y118.635 E1.53266 ; perimeter
G1 X116.734 Y118.435 E1.53836 ; perimeter
G1 X116.985 Y118.195 E1.54383 ; perimeter
G1 X117.017 Y117.965 E1.54748 ; perimeter
;WIDTH:0.438861
G1 X116.978 Y117.857 E1.54947 ; perimeter
;WIDTH:0.477724
G1 X116.938 Y117.749 E1.55165 ; perimeter
;WIDTH:0.516586
G1 X116.898 Y117.642 E1.554 ; perimeter
;WIDTH:0.555448
G1 X116.858 Y117.534 E1.55656 ; perimeter
G1 X116.952 Y117.6 E1.55911 ; perimeter
;WIDTH:0.516586
G1 X117.046 Y117.666 E1.56147 ; perimeter
;WIDTH:0.477724
G1 X117.14 Y117.733 E1.56366 ; perimeter
;WIDTH:0.438861
G1 X117.233 Y117.799 E1.56564 ; perimeter
;WIDTH:0.399999
G1 X118.049 Y118.605 E1.58369 ; perimeter
;WIDTH:0.394838
G1 X118.297 Y118.599 E1.58754 ; perimeter
G1 X118.043 Y118.78 E1.59238 ; perimeter
;WIDTH:0.399999
G1 X117.449 Y119.28 E1.6046 ; perimeter
G1 X116.609 Y119.896 E1.62099 ; perimeter
G1 X116.174 Y120.173 E1.62911 ; perimeter
G1 X115.496 Y120.555 E1.64136 ; perimeter
G1 X114.577 Y120.983 E1.65731 ; perimeter
G1 X113.319 Y121.477 E1.67858 ; perimeter
;WIDTH:0.392842
G1 X113.425 Y121.274 E1.68212 ; perimeter
;WIDTH:0.399999
G1 X112.968 Y119.53 E1.71049 ; perimeter
G1 X113.027 Y119.609 E1.71204 ; perimeter
G1 X113.427 Y119.89 E1.71973 ; perimeter
G1 X113.907 Y119.975 E1.7274 ; perimeter
G1 X114.432 Y119.793 E1.73614 ; perimeter
G1 X114.798 Y119.448 E1.74406 ; perimeter
G1 X114.956 Y119.007 E1.75143 ; perimeter
G1 X114.903 Y118.498 E1.75948 ; perimeter
G1 X114.708 Y118.095 E1.76653 ; perimeter
G1 E.71653 F2100 ; retract
;WIPE_START
G1 F5760
G1 X114.682 Y118.041 E.69577 ; wipe and retract
G1 X114.975 Y118.456 E.51982 ; wipe and retract
G1 X115.413 Y118.732 E.34051 ; wipe and retract
G1 X115.625 Y118.761 E.26653 ; wipe and retract
;WIPE_END
G92 E0 ; reset extrusion distance
G1 Z.96 F600 ; move to first perimeter point
G1 X115.661 Y118.58 F7200 ; move to first perimeter point
G1 X113.247 Y121.346 ; move to first perimeter point
G1 X112.861 Y121.45 ; move to first perimeter point
G1 X112.663 Y120.713 ; move to first perimeter point
G1 X112.487 Y120.056 ; move to first perimeter point
G1 X112.251 Y120.12 ; move to first perimeter point
G1 Z.76 F600 ; move to first perimeter point
G1 E1.5 F1500 ;  ; unretract
;WIDTH:0.528983
G1 F900
G1 X112.164 Y119.87 E1.50559 ; perimeter
;WIDTH:0.567676
G1 X112.077 Y119.619 E1.51162 ; perimeter
;WIDTH:0.606369
G1 X111.989 Y119.369 E1.51807 ; perimeter
;WIDTH:0.645062
G1 X111.902 Y119.119 E1.52493 ; perimeter
G1 X111.902 Y119.119 F7200 ; move to first perimeter point
G1 X112.773 Y119.126 ; move to first perimeter point
;WIDTH:0.36146
G1 F900
G1 X112.597 Y118.612 E1.53261 ; perimeter
G1 E.48261 F2100 ; retract
;WIPE_START
G1 F5760
G1 X112.773 Y119.126 E.29444 ; wipe and retract
;WIPE_END
G1 E.03261 F2100 ; retract
G92 E0 ; reset extrusion distance
G1 Z.96 F600 ; move to first perimeter point
G1 X112.877 Y119.077 F7200 ; move to first perimeter point
G1 X113.186 Y119.488 ; move to first perimeter point
G1 X113.536 Y119.722 ; move to first perimeter point
G1 X113.913 Y119.775 ; move to first perimeter point
G1 X114.392 Y119.795 ; move to first perimeter point
G1 X114.506 Y119.749 ; move to first perimeter point
G1 X114.637 Y119.414 ; move to first perimeter point
G1 X115.962 Y120.143 ; move to first perimeter point
G1 X115.668 Y119.573 ; move to first perimeter point
G1 Z.76 F600 ; move to first perimeter point
G1 E1.5 F1500 ;  ; unretract
;TYPE:Perimeter
;WIDTH:0.484902
G1 X115.639 Y119.623 E1.50111 ; perimeter
G1 X115.581 Y119.623 E1.50223 ; perimeter
G1 X115.552 Y119.573 E1.50334 ; perimeter
G1 X115.581 Y119.523 E1.50445 ; perimeter
G1 X115.639 Y119.523 E1.50557 ; perimeter
G1 E.45557 F2100 ; retract
;WIPE_START
G1 F5760
G1 X115.581 Y119.523 E.43548 ; wipe and retract
G1 X115.552 Y119.573 E.41546 ; wipe and retract
G1 X115.581 Y119.623 E.39544 ; wipe and retract
G1 X115.639 Y119.623 E.37535 ; wipe and retract
G1 X115.668 Y119.573 E.35533 ; wipe and retract
;WIPE_END
G1 E.00557 F2100 ; retract
G92 E0 ; reset extrusion distance
G1 Z.96 F600 ; move to first perimeter point
G1 X115.962 Y120.143 F7200 ; move to first perimeter point
G1 X113.247 Y121.346 ; move to first perimeter point
G1 X112.861 Y121.45 ; move to first perimeter point
G1 X108.947 Y120.7 ; move to first perimeter point
G1 X108.542 Y120.422 ; move to first perimeter point
G1 X108.242 Y120.188 ; move to first perimeter point
G1 X108.056 Y119.81 ; move to first perimeter point
G1 X107.994 Y119.299 ; move to first perimeter point
G1 X107.859 Y119.288 ; move to first perimeter point
G1 Z.76 F600 ; move to first perimeter point
G1 E1.5 F1500 ;  ; unretract
;TYPE:External perimeter
;WIDTH:0.36146
G1 F900
G1 X107.966 Y118.748 E1.50778 ; perimeter
G1 X107.966 Y118.748 F7200 ; move to first perimeter point
G1 X107.08 Y119.15 ; move to first perimeter point
;WIDTH:0.505524
G1 F900
G1 X107.075 Y119.232 E1.50943 ; perimeter
;WIDTH:0.472162
G1 X106.975 Y119.65 E1.51748 ; perimeter
G1 E.46748 F2100 ; retract
;WIPE_START
G1 F5760
G1 X107.075 Y119.232 E.31862 ; wipe and retract
G1 X107.08 Y119.15 E.29017 ; wipe and retract
;WIPE_END
G1 E.01748 F2100 ; retract
G92 E0 ; reset extrusion distance
G1 Z.96 F600 ; move to first perimeter point
G1 X107.035 Y118.901 F7200 ; move to first perimeter point
G1 X107.074 Y118.894 ; move to first perimeter point
G1 X107.235 Y118.796 ; move to first perimeter point
G1 X107.363 Y118.634 ; move to first perimeter point
G1 X107.465 Y118.344 ; move to first perimeter point
G1 X107.425 Y118.07 ; move to first perimeter point
G1 X107.245 Y117.813 ; move to first perimeter point
G1 X106.926 Y117.578 ; move to first perimeter point
G1 X106.57 Y117.387 ; move to first perimeter point
G1 X106.249 Y117.39 ; move to first perimeter point
G1 X105.99 Y117.493 ; move to first perimeter point
G1 X105.95 Y117.539 ; move to first perimeter point
G1 X105.789 Y117.726 ; move to first perimeter point
G1 X105.63 Y117.596 ; move to first perimeter point
G1 Z.76 F600 ; move to first perimeter point
G1 E1.5 F1500 ;  ; unretract
;WIDTH:0.411782
G1 F900
G1 X105.602 Y117.65 E1.50099 ; perimeter
;WIDTH:0.447404
G1 X105.561 Y117.789 E1.50356 ; perimeter
;WIDTH:0.490966
G1 X105.52 Y117.928 E1.50639 ; perimeter
;WIDTH:0.534528
G1 X105.479 Y118.066 E1.50946 ; perimeter
;WIDTH:0.57809
G1 X105.437 Y118.205 E1.51282 ; perimeter
G1 X105.322 Y118.327 E1.5167 ; perimeter
;WIDTH:0.541805
G1 X105.207 Y118.448 E1.52031 ; perimeter
;WIDTH:0.50552
G1 X105.092 Y118.57 E1.52368 ; perimeter
G1 E.47368 F2100 ; retract
;WIPE_START
G1 F5760
G1 X105.207 Y118.448 E.41561 ; wipe and retract
G1 X105.322 Y118.327 E.35779 ; wipe and retract
G1 X105.437 Y118.205 E.29972 ; wipe and retract
G1 X105.479 Y118.066 E.24943 ; wipe and retract
G1 X105.52 Y117.928 E.19957 ; wipe and retract
G1 X105.561 Y117.789 E.14938 ; wipe and retract
G1 X105.602 Y117.65 E.09919 ; wipe and retract
G1 X105.63 Y117.596 E.07812 ; wipe and retract
;WIPE_END
G1 E.02368 F2100 ; retract
G92 E0 ; reset extrusion distance
G1 Z.96 F600 ; move to first perimeter point
G1 X105.439 Y117.517 F7200 ; move to first perimeter point
G1 X105.467 Y117.097 ; move to first perimeter point
G1 X105.325 Y116.744 ; move to first perimeter point
G1 X105.277 Y116.673 ; move to first perimeter point
G1 X105.014 Y116.474 ; move to first perimeter point
G1 X104.625 Y116.34 ; move to first perimeter point
G1 X104.248 Y116.392 ; move to first perimeter point
G1 X103.898 Y116.627 ; move to first perimeter point
G1 X103.836 Y116.709 ; move to first perimeter point
G1 X103.589 Y117.037 ; move to first perimeter point
G1 X103.489 Y116.967 ; move to first perimeter point
G1 Z.76 F600 ; move to first perimeter point
G1 E1.5 F1500 ;  ; unretract
;WIDTH:0.36146
G1 F900
G1 X103.848 Y116.556 E1.50771 ; perimeter
G1 X103.848 Y116.556 F7200 ; move to first perimeter point
G1 X103.421 Y116.16 ; move to first perimeter point
G1 F900
G1 X103.013 Y116.524 E1.51544 ; perimeter
G1 E.46544 F2100 ; retract
;WIPE_START
G1 F5760
G1 X103.421 Y116.16 E.27606 ; wipe and retract
;WIPE_END
G1 E.01544 F2100 ; retract
G92 E0 ; reset extrusion distance
G1 Z.96 F600 ; move to first perimeter point
G1 X103.343 Y116.104 F7200 ; move to first perimeter point
G1 X102.936 Y116.423 ; move to first perimeter point
G1 X102.477 Y116.617 ; move to first perimeter point
G1 X102.065 Y116.64 ; move to first perimeter point
G1 X101.717 Y116.495 ; move to first perimeter point
G1 X101.272 Y116.293 ; move to first perimeter point
G1 X101.217 Y115.958 ; move to first perimeter point
G1 X101.32 Y115.51 ; move to first perimeter point
G1 X101.456 Y115.222 ; move to first perimeter point
G1 X101.717 Y115.001 ; move to first perimeter point
G1 X102.008 Y114.896 ; move to first perimeter point
G1 X102.297 Y114.917 ; move to first perimeter point
G1 X102.364 Y114.593 ; move to first perimeter point
G1 Z.76 F600 ; move to first perimeter point
G1 E1.5 F1500 ;  ; unretract
;WIDTH:0.662232
G1 F900
G1 X102.418 Y114.525 E1.50231 ; perimeter
;WIDTH:0.628485
G1 X102.472 Y114.458 E1.50448 ; perimeter
;WIDTH:0.594737
G1 X102.525 Y114.39 E1.50653 ; perimeter
G1 X102.525 Y114.39 F7200 ; move to first perimeter point
G1 X101.619 Y114.849 ; move to first perimeter point
;WIDTH:0.406141
G1 F900
G1 X101.736 Y114.808 E1.50851 ; perimeter
;WIDTH:0.450822
G1 X101.853 Y114.768 E1.51072 ; perimeter
;WIDTH:0.495502
G1 X101.971 Y114.727 E1.51318 ; perimeter
;WIDTH:0.540183
G1 X102.088 Y114.686 E1.51585 ; perimeter
;WIDTH:0.584863
G1 X102.206 Y114.645 E1.51878 ; perimeter
;WIDTH:0.629544
G1 X102.323 Y114.604 E1.52191 ; perimeter
;WIDTH:0.662232
G1 X102.364 Y114.593 E1.52304 ; perimeter
G1 X102.406 Y114.638 E1.52468 ; perimeter
;WIDTH:0.615263
G1 X102.448 Y114.684 E1.52622 ; perimeter
;WIDTH:0.568293
G1 X102.489 Y114.729 E1.5276 ; perimeter
;WIDTH:0.521324
G1 X102.531 Y114.774 E1.52888 ; perimeter
;WIDTH:0.474354
G1 X102.827 Y115.032 E1.53627 ; perimeter
;WIDTH:0.45221
G1 X102.965 Y115.268 E1.54117 ; perimeter
G1 E.49117 F2100 ; retract
;WIPE_START
G1 F5760
G1 X102.827 Y115.032 E.39648 ; wipe and retract
G1 X102.531 Y114.774 E.26048 ; wipe and retract
G1 X102.489 Y114.729 E.23916 ; wipe and retract
G1 X102.448 Y114.684 E.21808 ; wipe and retract
G1 X102.406 Y114.638 E.19651 ; wipe and retract
G1 X102.364 Y114.593 E.17519 ; wipe and retract
G1 X102.323 Y114.604 E.16049 ; wipe and retract
G1 X102.206 Y114.645 E.11755 ; wipe and retract
G1 X102.088 Y114.686 E.07428 ; wipe and retract
G1 X101.998 Y114.717 E.04117 ; wipe and retract
;WIPE_END
G92 E0 ; reset extrusion distance
G1 Z.96 F600 ; move to first perimeter point
G1 X101.884 Y114.54 F7200 ; move to first perimeter point
G1 X101.411 Y114.742 ; move to first perimeter point
G1 X100.99 Y114.77 ; move to first perimeter point
G1 X100.637 Y114.627 ; move to first perimeter point
G1 X100.305 Y114.48 ; move to first perimeter point
G1 X100.206 Y114.41 ; move to first perimeter point
G1 X100.233 Y113.927 ; move to first perimeter point
G1 X100.286 Y113.55 ; move to first perimeter point
G1 X100.52 Y113.2 ; move to first perimeter point
G1 X100.931 Y112.891 ; move to first perimeter point
G1 X100.878 Y112.779 ; move to first perimeter point
G1 Z.76 F600 ; move to first perimeter point
G1 E1.5 F1500 ;  ; unretract
;WIDTH:0.36146
G1 F900
G1 X101.396 Y112.603 E1.50773 ; perimeter
G1 X101.396 Y112.603 F7200 ; move to first perimeter point
G1 X101.261 Y112.005 ; move to first perimeter point
G1 F900
G1 X100.719 Y112.113 E1.51554 ; perimeter
G1 E.46554 F2100 ; retract
;WIPE_START
G1 F5760
G1 X101.261 Y112.005 E.27413 ; wipe and retract
;WIPE_END
G1 E.01554 F2100 ; retract
G92 E0 ; reset extrusion distance
G1 Z.96 F600 ; move to first perimeter point
G1 X101.403 Y112.69 F7200 ; move to first perimeter point
G1 X100.931 Y112.891 ; move to first perimeter point
G1 X100.52 Y113.2 ; move to first perimeter point
G1 X100.286 Y113.55 ; move to first perimeter point
G1 X100.233 Y113.927 ; move to first perimeter point
G1 X100.206 Y114.41 ; move to first perimeter point
G1 X100.305 Y114.48 ; move to first perimeter point
G1 X100.637 Y114.627 ; move to first perimeter point
G1 X100.708 Y114.656 ; move to first perimeter point
G1 X100.99 Y114.77 ; move to first perimeter point
G1 X100.775 Y115.309 ; move to first perimeter point
G1 Z.76 F600 ; move to first perimeter point
G1 E1.5 F1500 ;  ; unretract
;TYPE:Perimeter
;WIDTH:0.399999
G1 F720
G1 X100.737 Y115.821 E1.50808 ; perimeter
;WIDTH:0.405416
G1 X100.824 Y116.18 E1.51398 ; perimeter
G1 X101.01 Y116.562 E1.52076 ; perimeter
;WIDTH:0.450506
G1 X101.438 Y117.03 E1.53207 ; perimeter
G1 X101.715 Y117.148 E1.53744 ; perimeter
G1 X101.327 Y117.536 E1.54723 ; perimeter
G1 X101.01 Y117.185 E1.55567 ; perimeter
;WIDTH:0.422291
G1 X100.678 Y116.751 E1.56478 ; perimeter
;WIDTH:0.400754
G1 X100.338 Y116.271 E1.57406 ; perimeter
G1 X100.019 Y115.743 E1.58379 ; perimeter
;WIDTH:0.399999
G1 X99.767 Y115.291 E1.59193 ; perimeter
G1 X99.502 Y114.722 E1.60181 ; perimeter
;WIDTH:0.416008
G1 X99.306 Y114.248 E1.61022 ; perimeter
;WIDTH:0.447825
G1 X99.138 Y113.741 E1.61969 ; perimeter
G1 X99.671 Y113.598 E1.62947 ; perimeter
G1 X99.636 Y113.846 E1.63391 ; perimeter
G1 X99.678 Y114.117 E1.63877 ; perimeter
;WIDTH:0.416008
G1 X99.844 Y114.562 E1.64656 ; perimeter
;WIDTH:0.399999
G1 X100.202 Y115.008 E1.65556 ; perimeter
G1 X100.418 Y115.163 E1.65974 ; perimeter
G1 X100.719 Y115.286 E1.66486 ; perimeter
G1 E.16486 F2100 ; retract
G92 E0 ; reset extrusion distance
G1 X100.719 Y115.286 Z.96 F7200 ; move to first perimeter point
G1 X98.523 Y113.321 ; move to first perimeter point
G1 Z.76 F600 ; move to first perimeter point
G1 E1.5 F1500 ;  ; unretract
;TYPE:External perimeter
;WIDTH:0.36146
G1 F900
G1 X98.405 Y112.884 E1.5064 ; perimeter
G1 E.4564 F2100 ; retract
;WIPE_START
G1 F5760
G1 X98.523 Y113.321 E.29962 ; wipe and retract
;WIPE_END
G1 E.0064 F2100 ; retract
G92 E0 ; reset extrusion distance
G1 Z.96 F600 ; move to first perimeter point
G1 X98.654 Y113.247 F7200 ; move to first perimeter point
G1 X100.206 Y114.41 ; move to first perimeter point
G1 X100.305 Y114.48 ; move to first perimeter point
G1 X100.637 Y114.627 ; move to first perimeter point
G1 X100.99 Y114.77 ; move to first perimeter point
G1 X101.411 Y114.742 ; move to first perimeter point
G1 X101.505 Y114.702 ; move to first perimeter point
G1 X101.528 Y114.692 ; move to first perimeter point
G1 X101.6 Y114.86 ; move to first perimeter point
G1 Z.76 F600 ; move to first perimeter point
G1 E1.5 F1500 ;  ; unretract
;WIDTH:0.397975
G1 F720
G1 X101.325 Y115.072 E1.50544 ; perimeter
;WIDTH:0.399999
G1 X101.138 Y115.427 E1.51175 ; perimeter
G1 X101.116 Y115.826 E1.51804 ; perimeter
G1 X101.265 Y116.26 E1.52526 ; perimeter
G1 X101.567 Y116.628 E1.53275 ; perimeter
G1 X101.991 Y116.825 E1.54011 ; perimeter
G1 X102.49 Y116.816 E1.54796 ; perimeter
G1 X102.691 Y116.743 E1.55133 ; perimeter
G1 X101.395 Y118.049 E1.58029 ; perimeter
;WIDTH:0.394842
G1 X101.401 Y118.297 E1.58414 ; perimeter
G1 X101.22 Y118.043 E1.58898 ; perimeter
;WIDTH:0.399999
G1 X100.72 Y117.449 E1.6012 ; perimeter
G1 X100.104 Y116.609 E1.61759 ; perimeter
G1 X99.827 Y116.174 E1.62571 ; perimeter
G1 X99.445 Y115.496 E1.63796 ; perimeter
G1 X99.017 Y114.577 E1.65391 ; perimeter
G1 X98.523 Y113.321 E1.67515 ; perimeter
;WIDTH:0.39258
G1 X98.725 Y113.425 E1.67866 ; perimeter
;WIDTH:0.399999
G1 X100.512 Y112.957 E1.70773 ; perimeter
G1 X100.399 Y113.041 E1.70995 ; perimeter
G1 X100.118 Y113.441 E1.71764 ; perimeter
G1 X100.035 Y113.902 E1.72501 ; perimeter
G1 X100.18 Y114.384 E1.73293 ; perimeter
G1 X100.488 Y114.76 E1.74058 ; perimeter
G1 X100.918 Y114.956 E1.74802 ; perimeter
G1 X101.425 Y114.933 E1.75601 ; perimeter
;WIDTH:0.382817
G1 X101.545 Y114.883 E1.75796 ; perimeter
G1 X101.545 Y114.883 F7200 ; move to first perimeter point
G1 X100.404 Y115.553 ; move to first perimeter point
;TYPE:Perimeter
;WIDTH:0.414654
G1 F1500
G1 X100.379 Y115.596 E1.75877 ; perimeter
G1 X100.306 Y115.553 E1.76015 ; perimeter
G1 X100.379 Y115.511 E1.76153 ; perimeter
G1 E.71153 F2100 ; retract
;WIPE_START
G1 F5760
G1 X100.306 Y115.553 E.68236 ; wipe and retract
G1 X100.379 Y115.596 E.65302 ; wipe and retract
G1 X100.404 Y115.553 E.63579 ; wipe and retract
;WIPE_END
G1 E.26153 F2100 ; retract
G92 E0 ; reset extrusion distance
G1 Z.96 F600 ; move to first perimeter point
G1 X99.814 Y115.885 F7200 ; move to first perimeter point
G1 X101.612 Y118.72 ; move to first perimeter point
G1 X101.615 Y118.723 ; move to first perimeter point
G1 X101.721 Y118.615 ; move to first perimeter point
G1 Z.76 F600 ; move to first perimeter point
G1 E1.5 F1500 ;  ; unretract
;TYPE:External perimeter
;WIDTH:0.36146
G1 F900
G1 X101.401 Y118.297 E1.50638 ; perimeter
G1 X101.401 Y118.297 F7200 ; move to first perimeter point
G1 X102.852 Y118.284 ; move to first perimeter point
;TYPE:Perimeter
;WIDTH:0.449621
G1 F720
G1 X102.968 Y118.562 E1.51174 ; perimeter
G1 X103.437 Y118.992 E1.52307 ; perimeter
;WIDTH:0.403383
G1 X103.623 Y119.101 E1.52649 ; perimeter
G1 X104.189 Y119.266 E1.53585 ; perimeter
;WIDTH:0.399999
G1 X104.659 Y119.207 E1.5433 ; perimeter
G1 X104.728 Y119.459 E1.54741 ; perimeter
G1 X104.989 Y119.819 E1.55441 ; perimeter
G1 X105.489 Y120.183 E1.56414 ; perimeter
;WIDTH:0.400703
G1 X105.963 Y120.378 E1.57222 ; perimeter
;WIDTH:0.423566
G1 X106.39 Y120.419 E1.57939 ; perimeter
G1 X106.267 Y120.877 E1.58732 ; perimeter
G1 X105.865 Y120.743 E1.5944 ; perimeter
;WIDTH:0.400703
G1 X105.323 Y120.52 E1.60364 ; perimeter
;WIDTH:0.400224
G1 X104.851 Y120.299 E1.61185 ; perimeter
G1 X104.355 Y120.036 E1.62069 ; perimeter
;WIDTH:0.399999
G1 X103.791 Y119.702 E1.63101 ; perimeter
;WIDTH:0.404478
G1 X103.358 Y119.4 E1.63942 ; perimeter
;WIDTH:0.417001
G1 X102.87 Y119.034 E1.64945 ; perimeter
;WIDTH:0.449621
G1 X102.463 Y118.673 E1.65913 ; perimeter
G1 X102.81 Y118.326 E1.66787 ; perimeter
G1 X102.81 Y118.326 F7200 ; move to first perimeter point
G1 X103.255 Y117.31 ; move to first perimeter point
;TYPE:External perimeter
;WIDTH:0.399999
G1 F720
G1 X103.203 Y117.433 E1.66997 ; perimeter
G1 X103.16 Y117.919 E1.67765 ; perimeter
G1 X103.318 Y118.36 E1.68502 ; perimeter
G1 X103.685 Y118.705 E1.69295 ; perimeter
G1 X104.14 Y118.877 E1.70061 ; perimeter
G1 X104.61 Y118.832 E1.70804 ; perimeter
;WIDTH:0.431212
G1 X104.835 Y118.711 E1.71239 ; perimeter
;WIDTH:0.462424
G1 X105.06 Y118.591 E1.71706 ; perimeter
G1 X105.033 Y118.744 E1.71991 ; perimeter
;WIDTH:0.434684
G1 X105.005 Y118.898 E1.7226 ; perimeter
;WIDTH:0.406943
G1 X105.052 Y119.244 E1.7282 ; perimeter
;WIDTH:0.399999
G1 X105.264 Y119.559 E1.73418 ; perimeter
G1 X105.61 Y119.819 E1.74099 ; perimeter
G1 X105.985 Y119.992 E1.74749 ; perimeter
G1 X106.418 Y120.034 E1.75434 ; perimeter
;WIDTH:0.40538
G1 X106.74 Y119.9 E1.75991 ; perimeter
;WIDTH:0.447932
G1 X106.975 Y119.65 E1.76599 ; perimeter
G1 X106.867 Y120.146 E1.77499 ; perimeter
;WIDTH:0.399999
G1 X106.573 Y121.273 E1.79332 ; perimeter
;WIDTH:0.394897
G1 X106.703 Y121.484 E1.79717 ; perimeter
G1 X106.416 Y121.355 E1.80206 ; perimeter
;WIDTH:0.399999
G1 X105.446 Y120.994 E1.81835 ; perimeter
G1 X104.504 Y120.555 E1.83471 ; perimeter
G1 X103.826 Y120.173 E1.84696 ; perimeter
G1 X103.391 Y119.896 E1.85508 ; perimeter
G1 X102.977 Y119.592 E1.86316 ; perimeter
G1 X101.721 Y118.615 E1.8882 ; perimeter
;WIDTH:0.392746
G1 X101.949 Y118.603 E1.89172 ; perimeter
;WIDTH:0.399999
G1 X103.213 Y117.352 E1.91971 ; perimeter
G1 E.86971 F2100 ; retract
;WIPE_START
G1 F5760
G1 X103.255 Y117.31 E.84914 ; wipe and retract
G1 X103.203 Y117.433 E.80289 ; wipe and retract
G1 X103.16 Y117.919 E.6339 ; wipe and retract
G1 X103.318 Y118.36 E.47165 ; wipe and retract
G1 X103.427 Y118.463 E.41971 ; wipe and retract
;WIPE_END
G92 E0 ; reset extrusion distance
G1 Z.96 F600 ; move to first perimeter point
G1 X104.437 Y119.625 F7200 ; move to first perimeter point
G1 Z.76 F600 ; move to first perimeter point
G1 E1.5 F1500 ;  ; unretract
;TYPE:Perimeter
;WIDTH:0.395156
G1 X104.414 Y119.665 E1.50072 ; perimeter
G1 X104.344 Y119.625 E1.50197 ; perimeter
G1 X104.414 Y119.584 E1.50323 ; perimeter
G1 E.45323 F2100 ; retract
;WIPE_START
G1 F5760
G1 X104.344 Y119.625 E.42513 ; wipe and retract
G1 X104.414 Y119.665 E.39721 ; wipe and retract
G1 X104.437 Y119.625 E.38123 ; wipe and retract
;WIPE_END
G1 E.00323 F2100 ; retract
G92 E0 ; reset extrusion distance
G1 Z.96 F600 ; move to first perimeter point
G1 X104.114 Y120.188 F7200 ; move to first perimeter point
G1 X107.095 Y121.746 ; move to first perimeter point
G1 X107.096 Y121.746 ; move to first perimeter point
G1 X107.133 Y121.601 ; move to first perimeter point
G1 Z.76 F600 ; move to first perimeter point
G1 E1.5 F1500 ;  ; unretract
;TYPE:External perimeter
;WIDTH:0.36146
G1 F900
G1 X106.703 Y121.484 E1.5063 ; perimeter
G1 X106.703 Y121.484 F7200 ; move to first perimeter point
G1 X107.958 Y120.734 ; move to first perimeter point
;TYPE:Perimeter
;WIDTH:0.454374
G1 F720
G1 X108.172 Y120.901 E1.51119 ; perimeter
G1 X108.429 Y120.997 E1.51613 ; perimeter
;WIDTH:0.419721
G1 X109.057 Y121.078 E1.52661 ; perimeter
;WIDTH:0.45325
G1 X109.256 Y121.047 E1.53023 ; perimeter
;WIDTH:0.486779
G1 X109.455 Y121.016 E1.53413 ; perimeter
;WIDTH:0.520307
G1 X109.654 Y120.984 E1.53831 ; perimeter
G1 X109.802 Y120.88 E1.54206 ; perimeter
G1 X109.909 Y120.995 E1.54532 ; perimeter
G1 X110.08 Y121.028 E1.54893 ; perimeter
;WIDTH:0.48449
G1 X110.252 Y121.061 E1.5523 ; perimeter
;WIDTH:0.448672
G1 X111.223 Y121.047 E1.56955 ; perimeter
;WIDTH:0.419677
G1 X111.62 Y121.032 E1.57613 ; perimeter
;WIDTH:0.389325
G1 X112.016 Y121.016 E1.58219 ; perimeter
;WIDTH:0.358972
G1 X112.139 Y120.907 E1.5845 ; perimeter
;WIDTH:0.357439
G1 X112.249 Y121.321 E1.59048 ; perimeter
;WIDTH:0.358972
G1 X112.042 Y121.352 E1.59342 ; perimeter
;WIDTH:0.389325
G1 X111.648 Y121.397 E1.59949 ; perimeter
;WIDTH:0.419677
G1 X111.253 Y121.443 E1.60607 ; perimeter
;WIDTH:0.440636
G1 X110.75 Y121.476 E1.61485 ; perimeter
;WIDTH:0.472354
G1 X109.505 Y121.469 E1.63819 ; perimeter
;WIDTH:0.470905
G1 X109.185 Y121.465 E1.64417 ; perimeter
;WIDTH:0.43784
G1 X108.864 Y121.461 E1.64973 ; perimeter
;WIDTH:0.415587
G1 X108.362 Y121.385 E1.65805 ; perimeter
;WIDTH:0.454374
G1 X107.811 Y121.281 E1.66814 ; perimeter
G1 X107.942 Y120.792 E1.67725 ; perimeter
G1 X107.942 Y120.792 F7200 ; move to first perimeter point
G1 X107.833 Y119.632 ; move to first perimeter point
;TYPE:External perimeter
;WIDTH:0.399999
G1 F720
G1 X107.858 Y119.836 E1.68048 ; perimeter
G1 X108.064 Y120.278 E1.68815 ; perimeter
G1 X108.421 Y120.581 E1.69552 ; perimeter
G1 X108.885 Y120.692 E1.70303 ; perimeter
G1 X109.391 Y120.618 E1.71108 ; perimeter
G1 X109.776 Y120.344 E1.71852 ; perimeter
;WIDTH:0.437293
G1 X109.905 Y120.145 E1.72262 ; perimeter
;WIDTH:0.474586
G1 X110.034 Y119.946 E1.72709 ; perimeter
G1 X110.048 Y120.207 E1.73201 ; perimeter
;WIDTH:0.437293
G1 X110.063 Y120.469 E1.73655 ; perimeter
;WIDTH:0.399999
G1 X110.123 Y120.608 E1.73893 ; perimeter
G1 X110.252 Y120.658 E1.74111 ; perimeter
G1 X112.016 Y120.658 E1.76887 ; perimeter
;WIDTH:0.410787
G1 X112.211 Y120.469 E1.77327 ; perimeter
;WIDTH:0.450539
G1 X112.231 Y120.294 E1.77641 ; perimeter
;WIDTH:0.49029
G1 X112.251 Y120.12 E1.77982 ; perimeter
G1 X112.315 Y120.283 E1.78323 ; perimeter
;WIDTH:0.450539
G1 X112.38 Y120.447 E1.78638 ; perimeter
;WIDTH:0.410787
G1 X112.685 Y121.508 E1.80425 ; perimeter
;WIDTH:0.388601
G1 X112.839 Y121.605 E1.80703 ; perimeter
;WIDTH:0.399999
G1 X111.293 Y121.829 E1.83161 ; perimeter
G1 X110.779 Y121.874 E1.83973 ; perimeter
G1 X110 Y121.9 E1.852 ; perimeter
G1 X108.831 Y121.84 E1.87042 ; perimeter
G1 X107.133 Y121.601 E1.89741 ; perimeter
;WIDTH:0.388601
G1 X107.315 Y121.508 E1.90053 ; perimeter
;WIDTH:0.399999
G1 X107.403 Y121.237 E1.90501 ; perimeter
G1 X107.818 Y119.69 E1.93022 ; perimeter
G1 E.88022 F2100 ; retract
;WIPE_START
G1 F5760
G1 X107.833 Y119.632 E.85947 ; wipe and retract
G1 X107.858 Y119.836 E.78829 ; wipe and retract
G1 X108.064 Y120.278 E.61939 ; wipe and retract
G1 X108.421 Y120.581 E.45721 ; wipe and retract
G1 X108.497 Y120.599 E.43022 ; wipe and retract
;WIPE_END
G92 E0 ; reset extrusion distance
G1 Z.96 F600 ; move to first perimeter point
G1 X108.59 Y120.452 F7200 ; move to first perimeter point
G1 X108.947 Y120.7 ; move to first perimeter point
G1 X109.351 Y120.422 ; move to first perimeter point
G1 X109.651 Y120.188 ; move to first perimeter point
G1 X109.837 Y119.81 ; move to first perimeter point
G1 X109.849 Y119.708 ; move to first perimeter point
G1 X109.891 Y119.36 ; move to first perimeter point
G1 X110.518 Y119.436 ; move to first perimeter point
G1 Z.76 F600 ; move to first perimeter point
G1 E1.5 F1500 ;  ; unretract
;TYPE:Perimeter
;WIDTH:0.409772
G1 X110.494 Y119.478 E1.50078 ; perimeter
G1 X110.421 Y119.436 E1.50214 ; perimeter
G1 X110.494 Y119.394 E1.5035 ; perimeter
G1 E.4535 F2100 ; retract
;WIPE_START
G1 F5760
G1 X110.421 Y119.436 E.42433 ; wipe and retract
G1 X110.494 Y119.478 E.39516 ; wipe and retract
G1 X110.518 Y119.436 E.37841 ; wipe and retract
;WIPE_END
G1 E.0035 F2100 ; retract
G92 E0 ; reset extrusion distance
G1 Z.96 F600 ; move to first perimeter point
G1 X111.015 Y119.275 F7200 ; move to first perimeter point
G1 X110.523 Y118.145 ; move to first perimeter point
G1 X111.437 Y116.137 ; move to first perimeter point
G1 X111.824 Y116.033 ; move to first perimeter point
G1 X112.1 Y117.065 ; move to first perimeter point
G1 X115.33 Y113.077 ; move to first perimeter point
G1 X115.722 Y111.804 ; move to first perimeter point
G1 X117.27 Y109.319 ; move to first perimeter point
G1 Z.76 F600 ; move to first perimeter point
G1 E1.5 F1500 ;  ; unretract
;WIDTH:0.533354
G1 F720
G1 X117.302 Y109.423 E1.50232 ; perimeter
G1 X117.448 Y109.591 E1.50706 ; perimeter
G1 X117.543 Y109.636 E1.5093 ; perimeter
G1 X117.543 Y109.776 E1.51228 ; perimeter
G1 X117.468 Y109.934 E1.516 ; perimeter
;WIDTH:0.502986
G1 X117.394 Y110.093 E1.51951 ; perimeter
;WIDTH:0.472617
G1 X117.334 Y110.314 E1.52381 ; perimeter
;WIDTH:0.434789
G1 X117.274 Y110.535 E1.52775 ; perimeter
;WIDTH:0.396961
G1 X117.214 Y110.756 E1.53133 ; perimeter
;WIDTH:0.359133
G1 X116.897 Y110.671 E1.53594 ; perimeter
;WIDTH:0.36719
G1 X116.927 Y110.419 E1.53959 ; perimeter
;WIDTH:0.408753
G1 X116.952 Y110.243 E1.54245 ; perimeter
;WIDTH:0.450315
G1 X116.977 Y110.067 E1.54562 ; perimeter
;WIDTH:0.491877
G1 X117.001 Y109.891 E1.54909 ; perimeter
;WIDTH:0.533354
G1 X116.993 Y109.393 E1.55969 ; perimeter
G1 X117.212 Y109.335 E1.56451 ; perimeter
G1 X117.212 Y109.335 F7200 ; move to first perimeter point
G1 X117.567 Y108.779 ; move to first perimeter point
;WIDTH:0.399999
G1 F720
G1 X117.668 Y109.169 E1.57085 ; perimeter
G1 X117.75 Y109.264 E1.57283 ; perimeter
G1 X117.988 Y109.358 E1.57686 ; perimeter
G1 X118.003 Y109.995 E1.58689 ; perimeter
G1 X117.846 Y110.188 E1.59081 ; perimeter
G1 X117.618 Y110.556 E1.59762 ; perimeter
G1 X117.532 Y110.998 E1.60471 ; perimeter
G1 X117.532 Y111.212 E1.60808 ; perimeter
G1 X116.504 Y110.937 E1.62483 ; perimeter
G1 X116.565 Y110.411 E1.63316 ; perimeter
G1 X116.575 Y109.825 E1.64238 ; perimeter
G1 X116.504 Y109.063 E1.65442 ; perimeter
G1 X117.509 Y108.794 E1.67079 ; perimeter
G1 X117.509 Y108.794 F7200 ; move to first perimeter point
G1 X116 Y108.638 ; move to first perimeter point
;TYPE:External perimeter
;WIDTH:0.36146
G1 F900
G1 X115.881 Y108.206 E1.67712 ; perimeter
G1 E.62712 F2100 ; retract
;WIPE_START
G1 F5760
G1 X116 Y108.638 E.47192 ; wipe and retract
;WIPE_END
G1 E.17712 F2100 ; retract
G92 E0 ; reset extrusion distance
G1 Z.96 F600 ; move to first perimeter point
G1 X116.137 Y108.563 F7200 ; move to first perimeter point
G1 X117.937 Y108.081 ; move to first perimeter point
G1 X118.058 Y108.048 ; move to first perimeter point
G1 X118.089 Y108.162 ; move to first perimeter point
G1 Z.76 F600 ; move to first perimeter point
G1 E1.5 F1500 ;  ; unretract
;WIDTH:0.376707
G1 F720
G1 X117.994 Y108.26 E1.50202 ; perimeter
;WIDTH:0.399999
G1 X117.945 Y108.846 E1.51127 ; perimeter
G1 X117.979 Y108.954 E1.51305 ; perimeter
G1 X118.134 Y109.035 E1.5158 ; perimeter
G1 X118.367 Y109.035 E1.51947 ; perimeter
G1 X118.367 Y109.776 E1.53113 ; perimeter
G1 X118.395 Y109.97 E1.53421 ; perimeter
G1 X118.556 Y110.05 E1.53704 ; perimeter
;WIDTH:0.381391
G1 X118.709 Y110.042 E1.53933 ; perimeter
;WIDTH:0.399999
G1 X118.322 Y110.224 E1.54606 ; perimeter
G1 X118.019 Y110.581 E1.55343 ; perimeter
G1 X117.903 Y111.07 E1.56134 ; perimeter
G1 X117.982 Y111.551 E1.56901 ; perimeter
G1 X118.12 Y111.762 E1.57298 ; perimeter
G1 X116.199 Y111.251 E1.60426 ; perimeter
;WIDTH:0.396733
G1 X115.989 Y111.387 E1.60816 ; perimeter
;WIDTH:0.399999
G1 X116.107 Y111.066 E1.61354 ; perimeter
G1 X116.187 Y110.403 E1.62405 ; perimeter
G1 X116.198 Y109.85 E1.63275 ; perimeter
G1 X116.162 Y109.315 E1.64119 ; perimeter
G1 X116 Y108.638 E1.65215 ; perimeter
;WIDTH:0.392027
G1 X116.176 Y108.749 E1.65536 ; perimeter
;WIDTH:0.399999
G1 X117.404 Y108.43 E1.67533 ; perimeter
G1 X118.033 Y108.184 E1.68596 ; perimeter
G1 X118.033 Y108.184 F7200 ; move to first perimeter point
G1 X118.411 Y108.115 ; move to first perimeter point
;WIDTH:0.36146
G1 F900
G1 X118.089 Y108.162 E1.69056 ; perimeter
G1 X118.089 Y108.162 F7200 ; move to first perimeter point
G1 X119.114 Y107.21 ; move to first perimeter point
G1 F900
G1 X118.593 Y107.387 E1.69834 ; perimeter
G1 X118.593 Y107.387 F7200 ; move to first perimeter point
G1 X120.318 Y106.4 ; move to first perimeter point
;TYPE:Perimeter
;WIDTH:0.455765
G1 F720
G1 X120.355 Y106.133 E1.70321 ; perimeter
G1 X120.311 Y105.862 E1.70817 ; perimeter
;WIDTH:0.419626
G1 X120.065 Y105.278 E1.71866 ; perimeter
;WIDTH:0.468335
G1 X119.882 Y105.048 E1.72412 ; perimeter
;WIDTH:0.517044
G1 X119.699 Y104.818 E1.73018 ; perimeter
;WIDTH:0.548725
G1 X119.424 Y104.677 E1.73695 ; perimeter
G1 X119.479 Y104.552 E1.73994 ; perimeter
G1 X119.446 Y104.418 E1.74297 ; perimeter
;WIDTH:0.515608
G1 X119.412 Y104.284 E1.74581 ; perimeter
;WIDTH:0.48249
G1 X119.275 Y103.977 E1.75225 ; perimeter
;WIDTH:0.447892
G1 X119.137 Y103.669 E1.75823 ; perimeter
;WIDTH:0.413293
G1 X118.82 Y103.198 E1.76748 ; perimeter
;WIDTH:0.432144
G1 X118.535 Y102.913 E1.77436 ; perimeter
G1 X118.329 Y102.795 E1.77841 ; perimeter
G1 X118.674 Y102.45 E1.78674 ; perimeter
G1 X119.13 Y102.984 E1.79873 ; perimeter
;WIDTH:0.429403
G1 X119.572 Y103.615 E1.8118 ; perimeter
;WIDTH:0.455947
G1 X119.699 Y103.85 E1.81663 ; perimeter
;WIDTH:0.48249
G1 X120.182 Y104.698 E1.83534 ; perimeter
;WIDTH:0.470949
G1 X120.311 Y104.92 E1.84014 ; perimeter
;WIDTH:0.441212
G1 X120.44 Y105.141 E1.84461 ; perimeter
;WIDTH:0.419057
G1 X120.685 Y105.726 E1.85509 ; perimeter
;WIDTH:0.455765
G1 X120.864 Y106.254 E1.86516 ; perimeter
G1 X120.376 Y106.385 E1.87428 ; perimeter
G1 X120.376 Y106.385 F7200 ; move to first perimeter point
G1 X119.425 Y107.061 ; move to first perimeter point
;TYPE:External perimeter
;WIDTH:0.399999
G1 F720
G1 X119.589 Y106.937 E1.87752 ; perimeter
G1 X119.869 Y106.538 E1.88519 ; perimeter
G1 X119.953 Y106.076 E1.89258 ; perimeter
G1 X119.808 Y105.594 E1.9005 ; perimeter
G1 X119.5 Y105.218 E1.90815 ; perimeter
G1 X119.07 Y105.022 E1.91559 ; perimeter
;WIDTH:0.448571
G1 X118.906 Y105.003 E1.91852 ; perimeter
;WIDTH:0.497142
G1 X118.741 Y104.983 E1.92181 ; perimeter
;WIDTH:0.545713
G1 X118.576 Y104.963 E1.92543 ; perimeter
G1 X118.696 Y104.861 E1.92886 ; perimeter
;WIDTH:0.497142
G1 X118.815 Y104.758 E1.93197 ; perimeter
;WIDTH:0.448571
G1 X118.934 Y104.655 E1.93476 ; perimeter
;WIDTH:0.399999
G1 X119.028 Y104.509 E1.93749 ; perimeter
G1 X119.018 Y104.427 E1.93879 ; perimeter
G1 X118.814 Y103.88 E1.94798 ; perimeter
G1 X118.504 Y103.405 E1.95691 ; perimeter
G1 X118.146 Y103.134 E1.96398 ; perimeter
;WIDTH:0.407471
G1 X117.797 Y103.081 E1.96965 ; perimeter
;WIDTH:0.444384
G1 X117.627 Y103.124 E1.97273 ; perimeter
;WIDTH:0.481296
G1 X117.456 Y103.167 E1.9761 ; perimeter
G1 X117.63 Y102.965 E1.9812 ; perimeter
;WIDTH:0.440648
G1 X117.803 Y102.762 E1.98585 ; perimeter
;WIDTH:0.399999
G1 X118.603 Y101.949 E2.0038 ; perimeter
;WIDTH:0.392749
G1 X118.615 Y101.721 E2.00732 ; perimeter
G1 X118.782 Y101.956 E2.01177 ; perimeter
;WIDTH:0.399999
G1 X119.28 Y102.551 E2.02398 ; perimeter
G1 X119.894 Y103.389 E2.04033 ; perimeter
G1 X120.552 Y104.511 E2.0608 ; perimeter
G1 X120.875 Y105.176 E2.07243 ; perimeter
G1 X121.16 Y105.887 E2.08449 ; perimeter
G1 X121.418 Y106.608 E2.09654 ; perimeter
;WIDTH:0.390763
G1 X121.308 Y106.569 E2.09833 ; perimeter
;WIDTH:0.399999
G1 X119.483 Y107.045 E2.12801 ; perimeter
G1 E1.07801 F2100 ; retract
;WIPE_START
G1 F5760
G1 X119.425 Y107.061 E1.05717 ; wipe and retract
G1 X119.589 Y106.937 E.98596 ; wipe and retract
G1 X119.869 Y106.538 E.81713 ; wipe and retract
G1 X119.953 Y106.076 E.65449 ; wipe and retract
G1 X119.931 Y106.003 E.62801 ; wipe and retract
;WIPE_END
G92 E0 ; reset extrusion distance
G1 Z.96 F600 ; move to first perimeter point
G1 X121.486 Y106.704 F7200 ; move to first perimeter point
G1 Z.76 F600 ; move to first perimeter point
G1 E1.5 F1500 ;  ; unretract
;WIDTH:0.36146
G1 F900
G1 X121.596 Y107.138 E1.50633 ; perimeter
G1 X121.596 Y107.138 F7200 ; move to first perimeter point
G1 X120.775 Y107.911 ; move to first perimeter point
;TYPE:Perimeter
;WIDTH:0.384208
G1 F720
G1 X121.31 Y107.767 E1.51469 ; perimeter
G1 X121.384 Y108.233 E1.52181 ; perimeter
;WIDTH:0.405317
G1 X121.42 Y108.617 E1.52797 ; perimeter
;WIDTH:0.430512
G1 X121.51 Y109.501 E1.54308 ; perimeter
;WIDTH:0.399999
G1 X121.521 Y110.009 E1.55108 ; perimeter
G1 X121.506 Y110.56 E1.55975 ; perimeter
;WIDTH:0.401977
G1 X121.457 Y111.178 E1.56956 ; perimeter
;WIDTH:0.411533
G1 X121.379 Y111.691 E1.57798 ; perimeter
;WIDTH:0.442191
G1 X121.286 Y112.196 E1.58696 ; perimeter
G1 X120.758 Y112.055 E1.59652 ; perimeter
G1 X120.896 Y111.878 E1.60045 ; perimeter
G1 X120.978 Y111.7 E1.60388 ; perimeter
;WIDTH:0.417079
G1 X121.078 Y111.149 E1.61309 ; perimeter
;WIDTH:0.401977
G1 X120.989 Y110.59 E1.62204 ; perimeter
;WIDTH:0.399999
G1 X120.879 Y110.348 E1.62622 ; perimeter
G1 X120.678 Y110.09 E1.63137 ; perimeter
G1 X120.445 Y109.885 E1.63625 ; perimeter
G1 X120.234 Y109.781 E1.63995 ; perimeter
G1 X120.907 Y109.301 E1.65296 ; perimeter
;WIDTH:0.430512
G1 X121.049 Y108.996 E1.65868 ; perimeter
G1 X121.047 Y108.773 E1.66247 ; perimeter
;WIDTH:0.419351
G1 X120.992 Y108.06 E1.6743 ; perimeter
;WIDTH:0.384208
G1 X120.825 Y107.945 E1.67736 ; perimeter
G1 X120.825 Y107.945 F7200 ; move to first perimeter point
G1 X119.199 Y107.949 ; move to first perimeter point
;TYPE:External perimeter
;WIDTH:0.399999
G1 F720
G1 X121.018 Y107.462 E1.707 ; perimeter
G1 X121.507 Y107.312 E1.71505 ; perimeter
;WIDTH:0.38727
G1 X121.596 Y107.138 E1.71802 ; perimeter
;WIDTH:0.399999
G1 X121.85 Y108.971 E1.74714 ; perimeter
G1 X121.889 Y109.502 E1.75552 ; perimeter
G1 X121.9 Y110.017 E1.76363 ; perimeter
G1 X121.889 Y110.518 E1.77152 ; perimeter
G1 X121.836 Y111.207 E1.7824 ; perimeter
G1 X121.592 Y112.885 E1.80909 ; perimeter
;WIDTH:0.389295
G1 X121.508 Y112.686 E1.81239 ; perimeter
;WIDTH:0.399999
G1 X121.231 Y112.595 E1.81698 ; perimeter
G1 X119.769 Y112.203 E1.8408 ; perimeter
G1 X119.896 Y112.177 E1.84284 ; perimeter
G1 X120.344 Y111.936 E1.85085 ; perimeter
G1 X120.611 Y111.576 E1.8579 ; perimeter
G1 X120.697 Y111.07 E1.86598 ; perimeter
G1 X120.581 Y110.581 E1.87389 ; perimeter
G1 X120.278 Y110.224 E1.88126 ; perimeter
G1 X119.836 Y110.018 E1.88893 ; perimeter
G1 X119.32 Y109.975 E1.89708 ; perimeter
;WIDTH:0.38168
G1 X119.168 Y110.001 E1.89939 ; perimeter
G1 X119.308 Y109.924 E1.90178 ; perimeter
;WIDTH:0.399999
G1 X120.575 Y109.097 E1.92559 ; perimeter
G1 X120.657 Y108.958 E1.92813 ; perimeter
G1 X120.656 Y108.231 E1.93957 ; perimeter
G1 X120.469 Y108.071 E1.94344 ; perimeter
G1 X119.199 Y108.071 E1.96343 ; perimeter
G1 X119.199 Y108.009 E1.96441 ; perimeter
G1 E.91441 F2100 ; retract
;WIPE_START
G1 F5760
G1 X119.199 Y107.949 E.89363 ; wipe and retract
G1 X120.396 Y107.628 E.46441 ; wipe and retract
;WIPE_END
G92 E0 ; reset extrusion distance
G1 Z.96 F600 ; move to first perimeter point
G1 X121.117 Y109.801 F7200 ; move to first perimeter point
G1 Z.76 F600 ; move to first perimeter point
G1 E1.5 F1500 ;  ; unretract
;TYPE:Perimeter
;WIDTH:0.58177
G1 X121.082 Y109.862 E1.50164 ; perimeter
G1 X121.012 Y109.862 E1.50327 ; perimeter
G1 X120.977 Y109.801 E1.50491 ; perimeter
G1 X121.012 Y109.74 E1.50655 ; perimeter
G1 X121.082 Y109.74 E1.50818 ; perimeter
G1 X121.082 Y109.74 F7200 ; move to first perimeter point
G1 X119.124 Y110.014 ; move to first perimeter point
;TYPE:External perimeter
;WIDTH:0.36146
G1 F900
G1 X118.758 Y110.04 E1.51337 ; perimeter
G1 E.46337 F2100 ; retract
;WIPE_START
G1 F5760
G1 X119.124 Y110.014 E.33628 ; wipe and retract
;WIPE_END
G1 E.01337 F2100 ; retract
G92 E0 ; reset extrusion distance
G1 Z.96 F600 ; move to first perimeter point
G1 X119.143 Y110.174 F7200 ; move to first perimeter point
G1 X119.299 Y110.155 ; move to first perimeter point
G1 X119.81 Y110.217 ; move to first perimeter point
G1 X120.65 Y110.599 ; move to first perimeter point
G1 X120.695 Y110.985 ; move to first perimeter point
G1 X120.673 Y111.106 ; move to first perimeter point
G1 X120.422 Y111.511 ; move to first perimeter point
G1 X120.417 Y111.518 ; move to first perimeter point
G1 X121.45 Y112.861 ; move to first perimeter point
G1 X121.592 Y112.885 ; move to first perimeter point
G1 Z.76 F600 ; move to first perimeter point
G1 E1.5 F1500 ;  ; unretract
G1 F900
G1 X121.48 Y113.316 E1.50629 ; perimeter
G1 E.45629 F2100 ; retract
;WIPE_START
G1 F5760
G1 X121.592 Y112.885 E.30205 ; wipe and retract
;WIPE_END
G1 E.00629 F2100 ; retract
G92 E0 ; reset extrusion distance
G1 Z.96 F600 ; move to first perimeter point
G1 X121.45 Y112.861 F7200 ; move to first perimeter point
G1 X121.45 Y107.139 ; move to first perimeter point
G1 X121.346 Y106.753 ; move to first perimeter point
G1 X118.584 Y107.288 ; move to first perimeter point
G1 X118.164 Y107.316 ; move to first perimeter point
G1 X117.811 Y107.173 ; move to first perimeter point
G1 X117.541 Y106.862 ; move to first perimeter point
G1 X117.407 Y106.473 ; move to first perimeter point
G1 X117.46 Y106.096 ; move to first perimeter point
G1 X117.694 Y105.746 ; move to first perimeter point
G1 X117.78 Y105.681 ; move to first perimeter point
G1 X117.614 Y105.46 ; move to first perimeter point
G1 Z.76 F600 ; move to first perimeter point
G1 E1.5 F1500 ;  ; unretract
;WIDTH:0.55427
G1 F720
G1 X117.625 Y105.293 E1.50371 ; perimeter
;WIDTH:0.573882
G1 X117.499 Y105.133 E1.50839 ; perimeter
G1 X117.682 Y105.12 E1.5126 ; perimeter
;WIDTH:0.553732
G1 X117.7 Y105.087 E1.51343 ; perimeter
;WIDTH:0.513911
G1 X117.717 Y105.055 E1.51417 ; perimeter
;WIDTH:0.47409
G1 X117.735 Y105.023 E1.51486 ; perimeter
;WIDTH:0.434269
G1 X117.753 Y104.99 E1.51551 ; perimeter
;WIDTH:0.396015
G1 X117.915 Y104.898 E1.51841 ; perimeter
;WIDTH:0.441402
G1 X117.965 Y104.895 E1.51928 ; perimeter
;WIDTH:0.486789
G1 X118.015 Y104.893 E1.52025 ; perimeter
;WIDTH:0.532175
G1 X118.065 Y104.89 E1.52131 ; perimeter
;WIDTH:0.538711
G1 X118.174 Y104.773 E1.52475 ; perimeter
;WIDTH:0.56926
G1 X118.24 Y104.908 E1.52817 ; perimeter
G1 X118.442 Y104.984 E1.53309 ; perimeter
G1 X118.203 Y105.087 E1.53902 ; perimeter
G1 X118.184 Y105.118 E1.53985 ; perimeter
;WIDTH:0.526733
G1 X118.166 Y105.149 E1.5406 ; perimeter
;WIDTH:0.484206
G1 X118.147 Y105.18 E1.5413 ; perimeter
;WIDTH:0.441678
G1 X118.129 Y105.211 E1.54193 ; perimeter
;WIDTH:0.435937
G1 X118.033 Y105.246 E1.54369 ; perimeter
;WIDTH:0.472722
G1 X117.936 Y105.282 E1.54563 ; perimeter
;WIDTH:0.509507
G1 X117.84 Y105.318 E1.54771 ; perimeter
;WIDTH:0.55427
G1 X117.665 Y105.428 E1.55229 ; perimeter
G1 X117.665 Y105.428 F7200 ; move to first perimeter point
G1 X118.557 Y104.961 ; move to first perimeter point
;WIDTH:0.553296
G1 F900
G1 X118.471 Y104.983 E1.55425 ; perimeter
;WIDTH:0.548924
G1 X118.18 Y104.754 E1.56237 ; perimeter
;WIDTH:0.544708
G1 X118.18 Y104.661 E1.56439 ; perimeter
;WIDTH:0.549248
G1 X118.035 Y104.288 E1.57317 ; perimeter
G1 X118.035 Y104.288 F7200 ; move to first perimeter point
G1 X117.114 Y104.671 ; move to first perimeter point
;WIDTH:0.602102
G1 F900
G1 X117.353 Y105.02 E1.58338 ; perimeter
;WIDTH:0.575008
G1 X117.499 Y105.133 E1.58763 ; perimeter
;WIDTH:0.573882
G1 X117.614 Y105.46 E1.59559 ; perimeter
;WIDTH:0.55427
G1 X117.586 Y105.507 E1.5968 ; perimeter
;WIDTH:0.515876
G1 X117.558 Y105.554 E1.59792 ; perimeter
;WIDTH:0.477481
G1 X117.53 Y105.6 E1.59894 ; perimeter
G1 X117.53 Y105.6 F7200 ; move to first perimeter point
G1 X116.618 Y107.052 ; move to first perimeter point
;TYPE:Perimeter
;WIDTH:0.355452
G1 F720
G1 X116.312 Y107.134 E1.60334 ; perimeter
;WIDTH:0.389711
G1 X116.114 Y106.693 E1.61074 ; perimeter
G1 X115.931 Y106.411 E1.61589 ; perimeter
;WIDTH:0.41269
G1 X115.914 Y106.341 E1.61706 ; perimeter
;WIDTH:0.458658
G1 X115.897 Y106.271 E1.61837 ; perimeter
;WIDTH:0.504626
G1 X115.881 Y106.2 E1.61983 ; perimeter
;WIDTH:0.550594
G1 X115.864 Y106.13 E1.62141 ; perimeter
;WIDTH:0.596562
G1 X115.847 Y106.059 E1.62316 ; perimeter
;WIDTH:0.64253
G1 X115.83 Y105.989 E1.62502 ; perimeter
G1 X115.893 Y106.025 E1.62689 ; perimeter
;WIDTH:0.596562
G1 X115.956 Y106.061 E1.62862 ; perimeter
;WIDTH:0.550594
G1 X116.019 Y106.097 E1.63022 ; perimeter
;WIDTH:0.504626
G1 X116.081 Y106.133 E1.63166 ; perimeter
;WIDTH:0.458658
G1 X116.144 Y106.17 E1.63299 ; perimeter
;WIDTH:0.41269
G1 X116.207 Y106.206 E1.63417 ; perimeter
;WIDTH:0.400208
G1 X116.447 Y106.463 E1.63971 ; perimeter
G1 X116.452 Y106.544 E1.64099 ; perimeter
G1 X116.599 Y106.995 E1.64846 ; perimeter
G1 X116.599 Y106.995 F7200 ; move to first perimeter point
G1 X117.139 Y107.281 ; move to first perimeter point
;WIDTH:0.399999
G1 F720
G1 X116.103 Y107.559 E1.66534 ; perimeter
G1 X115.882 Y107.067 E1.67383 ; perimeter
G1 X115.624 Y106.603 E1.68219 ; perimeter
G1 X115.163 Y105.938 E1.69492 ; perimeter
G1 X115.932 Y105.169 E1.71204 ; perimeter
G1 X116.205 Y105.657 E1.72084 ; perimeter
G1 X116.662 Y106.148 E1.7314 ; perimeter
G1 X116.861 Y106.199 E1.73463 ; perimeter
G1 X116.832 Y106.543 E1.74006 ; perimeter
G1 X116.995 Y107.053 E1.74849 ; perimeter
G1 X117.107 Y107.23 E1.75179 ; perimeter
G1 E.25179 F2100 ; retract
G92 E0 ; reset extrusion distance
G1 X117.107 Y107.23 Z.96 F7200 ; move to first perimeter point
G1 X114.51 Y105.819 ; move to first perimeter point
G1 Z.76 F600 ; move to first perimeter point
G1 E1.5 F1500 ;  ; unretract
;TYPE:External perimeter
;WIDTH:0.36146
G1 F900
G1 X114.197 Y105.505 E1.50627 ; perimeter
G1 E.00627 F2100 ; retract
G92 E0 ; reset extrusion distance
G1 X114.197 Y105.505 Z.96 F7200 ; move to first perimeter point
G1 X117.966 Y107.452 ; move to first perimeter point
G1 Z.76 F600 ; move to first perimeter point
G1 E1.5 F1500 ;  ; unretract
;WIDTH:0.399999
G1 F720
G1 X116.463 Y107.854 E1.52449 ; perimeter
G1 X115.921 Y108.033 E1.53347 ; perimeter
;WIDTH:0.381885
G1 X115.881 Y108.206 E1.53613 ; perimeter
G1 X115.85 Y108.012 E1.53907 ; perimeter
;WIDTH:0.399999
G1 X115.671 Y107.495 E1.54768 ; perimeter
G1 X115.365 Y106.903 E1.55817 ; perimeter
G1 X115.073 Y106.436 E1.56684 ; perimeter
G1 X114.714 Y105.993 E1.57581 ; perimeter
;WIDTH:0.392251
G1 X114.51 Y105.819 E1.57994 ; perimeter
;WIDTH:0.378897
G1 X114.657 Y105.855 E1.58219 ; perimeter
;WIDTH:0.392251
G1 X114.724 Y105.829 E1.5833 ; perimeter
;WIDTH:0.399999
G1 X116.111 Y104.455 E1.61403 ; perimeter
G1 X116.165 Y104.787 E1.61932 ; perimeter
G1 X116.488 Y105.407 E1.63032 ; perimeter
G1 X116.855 Y105.819 E1.639 ; perimeter
G1 X117.031 Y105.861 E1.64185 ; perimeter
;WIDTH:0.436019
G1 X117.504 Y105.616 E1.65103 ; perimeter
G1 X117.292 Y105.987 E1.65839 ; perimeter
;WIDTH:0.399999
G1 X117.209 Y106.448 E1.66576 ; perimeter
G1 X117.353 Y106.929 E1.67366 ; perimeter
G1 X117.662 Y107.306 E1.68133 ; perimeter
G1 X117.912 Y107.426 E1.68569 ; perimeter
G1 E.63569 F2100 ; retract
;WIPE_START
G1 F5760
G1 X117.966 Y107.452 E.61493 ; wipe and retract
G1 X116.769 Y107.772 E.18569 ; wipe and retract
;WIPE_END
G92 E0 ; reset extrusion distance
G1 Z.96 F600 ; move to first perimeter point
G1 X116.821 Y107.965 F7200 ; move to first perimeter point
G1 X114.313 Y105.404 ; move to first perimeter point
G1 X114.256 Y104.14 ; move to first perimeter point
G1 Z.76 F600 ; move to first perimeter point
G1 E1.5 F1500 ;  ; unretract
;TYPE:Perimeter
;WIDTH:0.355439
G1 F720
G1 X114.029 Y104.366 E1.50445 ; perimeter
;WIDTH:0.364465
G1 X113.77 Y104.176 E1.50903 ; perimeter
;WIDTH:0.410265
G1 X113.703 Y104.109 E1.51056 ; perimeter
;WIDTH:0.456065
G1 X113.635 Y104.042 E1.51228 ; perimeter
;WIDTH:0.501865
G1 X113.568 Y103.975 E1.51417 ; perimeter
;WIDTH:0.547664
G1 X113.5 Y103.909 E1.51624 ; perimeter
;WIDTH:0.593464
G1 X113.432 Y103.842 E1.51851 ; perimeter
;WIDTH:0.639264
G1 X113.365 Y103.775 E1.52094 ; perimeter
G1 X113.443 Y103.77 E1.52295 ; perimeter
;WIDTH:0.597515
G1 X113.522 Y103.765 E1.52485 ; perimeter
;WIDTH:0.555766
G1 X113.601 Y103.759 E1.52661 ; perimeter
;WIDTH:0.514017
G1 X113.679 Y103.754 E1.52821 ; perimeter
;WIDTH:0.472268
G1 X113.758 Y103.749 E1.52969 ; perimeter
;WIDTH:0.430519
G1 X113.837 Y103.744 E1.53104 ; perimeter
;WIDTH:0.38877
G1 X114.212 Y104.098 E1.53892 ; perimeter
G1 X114.212 Y104.098 F7200 ; move to first perimeter point
G1 X114.825 Y104.074 ; move to first perimeter point
;WIDTH:0.399999
G1 F720
G1 X114.067 Y104.832 E1.55579 ; perimeter
G1 X113.461 Y104.409 E1.56742 ; perimeter
G1 X113.01 Y104.151 E1.5756 ; perimeter
G1 X112.442 Y103.894 E1.58541 ; perimeter
G1 X112.725 Y102.836 E1.60265 ; perimeter
G1 X113.54 Y103.306 E1.61746 ; perimeter
G1 X113.832 Y103.372 E1.62217 ; perimeter
G1 X114.037 Y103.286 E1.62567 ; perimeter
G1 X114.181 Y103.588 E1.63094 ; perimeter
G1 X114.574 Y103.944 E1.63929 ; perimeter
G1 X114.772 Y104.046 E1.6428 ; perimeter
G1 E.1428 F2100 ; retract
G92 E0 ; reset extrusion distance
G1 X114.772 Y104.046 Z.96 F7200 ; move to first perimeter point
G1 X111.809 Y104.121 ; move to first perimeter point
G1 Z.76 F600 ; move to first perimeter point
G1 E1.5 F1500 ;  ; unretract
;TYPE:External perimeter
;WIDTH:0.36146
G1 F900
G1 X111.387 Y104.011 E1.50616 ; perimeter
G1 E.00616 F2100 ; retract
G92 E0 ; reset extrusion distance
G1 X111.387 Y104.011 Z.96 F7200 ; move to first perimeter point
G1 X115.633 Y103.802 ; move to first perimeter point
G1 Z.76 F600 ; move to first perimeter point
G1 E1.5 F1500 ;  ; unretract
;WIDTH:0.399999
G1 F720
G1 X114.17 Y105.275 E1.53267 ; perimeter
;WIDTH:0.393847
G1 X114.197 Y105.505 E1.53626 ; perimeter
;WIDTH:0.399999
G1 X113.872 Y105.158 E1.54374 ; perimeter
G1 X113.324 Y104.767 E1.55433 ; perimeter
G1 X112.853 Y104.496 E1.56288 ; perimeter
G1 X112.257 Y104.226 E1.57318 ; perimeter
G1 X111.809 Y104.121 E1.58042 ; perimeter
;WIDTH:0.392506
G1 X112.006 Y104.026 E1.58379 ; perimeter
;WIDTH:0.399999
G1 X112.488 Y102.262 E1.61257 ; perimeter
G1 X113.489 Y102.84 E1.63076 ; perimeter
G1 X113.815 Y102.993 E1.63643 ; perimeter
G1 X113.969 Y102.899 E1.63927 ; perimeter
;WIDTH:0.436935
G1 X114.07 Y102.756 E1.64229 ; perimeter
;WIDTH:0.473871
G1 X114.17 Y102.613 E1.64557 ; perimeter
;WIDTH:0.510806
G1 X114.27 Y102.47 E1.64912 ; perimeter
G1 X114.28 Y102.604 E1.65185 ; perimeter
;WIDTH:0.473871
G1 X114.289 Y102.738 E1.65438 ; perimeter
;WIDTH:0.436935
G1 X114.299 Y102.873 E1.65672 ; perimeter
;WIDTH:0.399999
G1 X114.457 Y103.314 E1.66409 ; perimeter
G1 X114.822 Y103.658 E1.67198 ; perimeter
G1 X115.278 Y103.83 E1.67965 ; perimeter
G1 X115.573 Y103.807 E1.68431 ; perimeter
G1 E.18431 F2100 ; retract
G92 E0 ; reset extrusion distance
G1 X115.573 Y103.807 Z.96 F7200 ; move to first perimeter point
G1 X113.365 Y103.775 ; move to first perimeter point
G1 Z.76 F600 ; move to first perimeter point
G1 E1.5 F1500 ;  ; unretract
;TYPE:Perimeter
;WIDTH:0.660612
G1 X113.045 Y103.609 E1.50958 ; perimeter
G1 E.45958 F2100 ; retract
;WIPE_START
G1 F5760
G1 X113.365 Y103.775 E.33472 ; wipe and retract
;WIPE_END
G1 E.00958 F2100 ; retract
G92 E0 ; reset extrusion distance
G1 Z.96 F600 ; move to first perimeter point
G1 X111.824 Y103.967 F7200 ; move to first perimeter point
G1 X111.437 Y103.863 ; move to first perimeter point
G1 X112.255 Y100.812 ; move to first perimeter point
G1 X112.273 Y100.744 ; move to first perimeter point
G1 X112.15 Y100.711 ; move to first perimeter point
G1 Z.76 F600 ; move to first perimeter point
G1 E1.5 F1500 ;  ; unretract
;TYPE:External perimeter
;WIDTH:0.36146
G1 F900
G1 X112.043 Y101.248 E1.50774 ; perimeter
G1 X112.043 Y101.248 F7200 ; move to first perimeter point
G1 X112.866 Y101.36 ; move to first perimeter point
;WIDTH:0.663516
G1 F900
G1 X112.868 Y101.269 E1.51017 ; perimeter
;WIDTH:0.620445
G1 X112.87 Y101.177 E1.51246 ; perimeter
;WIDTH:0.577373
G1 X112.872 Y101.086 E1.51456 ; perimeter
;WIDTH:0.534301
G1 X112.874 Y100.994 E1.51652 ; perimeter
;WIDTH:0.49123
G1 X112.877 Y100.903 E1.5183 ; perimeter
;WIDTH:0.448158
G1 X112.992 Y100.434 E1.52687 ; perimeter
G1 X112.992 Y100.434 F7200 ; move to first perimeter point
G1 X114.485 Y101.509 ; move to first perimeter point
;WIDTH:0.516875
G1 F720
G1 X114.807 Y101.491 E1.53351 ; perimeter
G1 X114.49 Y101.889 E1.54399 ; perimeter
G1 X114.273 Y102.445 E1.55628 ; perimeter
;WIDTH:0.510384
G1 X114.265 Y102.336 E1.5585 ; perimeter
;WIDTH:0.516875
G1 X113.888 Y101.087 E1.58537 ; perimeter
G1 X113.954 Y100.969 E1.58815 ; perimeter
G1 X114.164 Y101.083 E1.59307 ; perimeter
G1 X114.449 Y101.461 E1.60282 ; perimeter
G1 E.55282 F2100 ; retract
;WIPE_START
G1 F5760
G1 X114.485 Y101.509 E.53204 ; wipe and retract
G1 X114.807 Y101.491 E.42034 ; wipe and retract
G1 X114.49 Y101.889 E.24411 ; wipe and retract
G1 X114.342 Y102.269 E.10282 ; wipe and retract
;WIPE_END
G92 E0 ; reset extrusion distance
G1 Z.96 F600 ; move to first perimeter point
G1 X114.568 Y102.365 F7200 ; move to first perimeter point
G1 X114.526 Y102.463 ; move to first perimeter point
G1 X114.498 Y102.884 ; move to first perimeter point
G1 X114.641 Y103.236 ; move to first perimeter point
G1 X114.952 Y103.506 ; move to first perimeter point
G1 X115.341 Y103.641 ; move to first perimeter point
G1 X115.718 Y103.588 ; move to first perimeter point
G1 X116.068 Y103.354 ; move to first perimeter point
G1 X116.13 Y103.272 ; move to first perimeter point
G1 X116.377 Y102.944 ; move to first perimeter point
G1 X116.493 Y103.024 ; move to first perimeter point
G1 Z.76 F600 ; move to first perimeter point
G1 E1.5 F1500 ;  ; unretract
;WIDTH:0.36146
G1 F900
G1 X116.128 Y103.44 E1.50782 ; perimeter
G1 X116.128 Y103.44 F7200 ; move to first perimeter point
G1 X116.338 Y104.034 ; move to first perimeter point
G1 F900
G1 X116.591 Y103.795 E1.51274 ; perimeter
;WIDTH:0.38823
G1 X116.799 Y103.683 E1.51634 ; perimeter
;WIDTH:0.415
G1 X117.006 Y103.57 E1.5202 ; perimeter
;WIDTH:0.452156
G1 X117.044 Y103.559 E1.52091 ; perimeter
;WIDTH:0.489312
G1 X117.081 Y103.548 E1.52166 ; perimeter
;WIDTH:0.526468
G1 X117.118 Y103.537 E1.52247 ; perimeter
G1 X117.216 Y103.415 E1.52576 ; perimeter
;WIDTH:0.49268
G1 X117.314 Y103.293 E1.52883 ; perimeter
;WIDTH:0.481296
G1 X117.456 Y103.167 E1.53246 ; perimeter
G1 X117.456 Y103.167 F7200 ; move to first perimeter point
G1 X117.131 Y101.726 ; move to first perimeter point
;TYPE:Perimeter
;WIDTH:0.458918
G1 F720
G1 X117.026 Y101.467 E1.53754 ; perimeter
G1 X116.85 Y101.255 E1.54255 ; perimeter
;WIDTH:0.419148
G1 X116.345 Y100.873 E1.55302 ; perimeter
;WIDTH:0.466388
G1 X116.076 Y100.765 E1.55838 ; perimeter
;WIDTH:0.514549
G1 X115.806 Y100.658 E1.56433 ; perimeter
;WIDTH:0.551159
G1 X115.501 Y100.669 E1.57105 ; perimeter
G1 X115.48 Y100.549 E1.57373 ; perimeter
G1 X115.336 Y100.402 E1.57826 ; perimeter
;WIDTH:0.507833
G1 X115.026 Y100.169 E1.5861 ; perimeter
;WIDTH:0.459316
G1 X114.715 Y99.935 E1.59318 ; perimeter
;WIDTH:0.410798
G1 X114.054 Y99.637 E1.60492 ; perimeter
;WIDTH:0.434853
G1 X113.609 Y99.607 E1.61259 ; perimeter
G1 X113.737 Y99.13 E1.62108 ; perimeter
G1 X114.415 Y99.362 E1.6334 ; perimeter
;WIDTH:0.428028
G1 X115.075 Y99.683 E1.64581 ; perimeter
;WIDTH:0.467931
G1 X115.347 Y99.847 E1.65171 ; perimeter
;WIDTH:0.507833
G1 X116.156 Y100.308 E1.67054 ; perimeter
;WIDTH:0.47267
G1 X116.437 Y100.481 E1.67673 ; perimeter
;WIDTH:0.436783
G1 X116.717 Y100.654 E1.68241 ; perimeter
;WIDTH:0.423731
G1 X117.155 Y100.988 E1.69162 ; perimeter
;WIDTH:0.458918
G1 X117.53 Y101.327 E1.70081 ; perimeter
G1 X117.173 Y101.684 E1.70999 ; perimeter
G1 X117.173 Y101.684 F7200 ; move to first perimeter point
G1 X118.279 Y101.385 ; move to first perimeter point
;TYPE:External perimeter
;WIDTH:0.36146
G1 F900
G1 X118.615 Y101.721 E1.71671 ; perimeter
G1 E.66671 F2100 ; retract
;WIPE_START
G1 F5760
G1 X118.279 Y101.385 E.50213 ; wipe and retract
;WIPE_END
G1 E.21671 F2100 ; retract
G92 E0 ; reset extrusion distance
G1 Z.96 F600 ; move to first perimeter point
G1 X118.202 Y101.515 F7200 ; move to first perimeter point
G1 X117.653 Y102.064 ; move to first perimeter point
G1 X116.812 Y102.905 ; move to first perimeter point
G1 X116.67 Y102.764 ; move to first perimeter point
G1 Z.76 F600 ; move to first perimeter point
G1 E1.5 F1500 ;  ; unretract
;WIDTH:0.399999
G1 F720
G1 X116.763 Y102.547 E1.50372 ; perimeter
G1 X116.806 Y102.061 E1.5114 ; perimeter
G1 X116.643 Y101.609 E1.51896 ; perimeter
G1 X116.269 Y101.265 E1.52696 ; perimeter
G1 X115.777 Y101.093 E1.53516 ; perimeter
G1 X115.277 Y101.178 E1.54314 ; perimeter
;WIDTH:0.436461
G1 X115.063 Y101.308 E1.54746 ; perimeter
;WIDTH:0.472922
G1 X114.848 Y101.437 E1.55217 ; perimeter
G1 X114.881 Y101.366 E1.55364 ; perimeter
;WIDTH:0.458657
G1 X114.993 Y101.13 E1.55839 ; perimeter
;WIDTH:0.429328
G1 X115.106 Y100.893 E1.56284 ; perimeter
;WIDTH:0.399999
G1 X115.046 Y100.723 E1.56568 ; perimeter
G1 X114.545 Y100.28 E1.5762 ; perimeter
G1 X114.038 Y100.03 E1.5851 ; perimeter
G1 X113.654 Y99.991 E1.59117 ; perimeter
G1 X113.309 Y100.109 E1.59691 ; perimeter
;WIDTH:0.429166
G1 X112.992 Y100.434 E1.60461 ; perimeter
G1 X113.111 Y99.933 E1.61334 ; perimeter
;WIDTH:0.399999
G1 X113.427 Y98.727 E1.63296 ; perimeter
;WIDTH:0.394895
G1 X113.297 Y98.516 E1.63681 ; perimeter
G1 X113.584 Y98.645 E1.6417 ; perimeter
;WIDTH:0.399999
G1 X114.554 Y99.006 E1.65799 ; perimeter
G1 X115.241 Y99.328 E1.66993 ; perimeter
G1 X115.831 Y99.634 E1.68039 ; perimeter
G1 X116.379 Y99.958 E1.69041 ; perimeter
G1 X116.991 Y100.384 E1.70215 ; perimeter
G1 X118.279 Y101.385 E1.72782 ; perimeter
;WIDTH:0.392751
G1 X118.051 Y101.397 E1.73134 ; perimeter
;WIDTH:0.399999
G1 X116.713 Y102.722 E1.76098 ; perimeter
G1 E.71098 F2100 ; retract
;WIPE_START
G1 F5760
G1 X116.67 Y102.764 E.69016 ; wipe and retract
G1 X116.763 Y102.547 E.60839 ; wipe and retract
G1 X116.806 Y102.061 E.4394 ; wipe and retract
G1 X116.643 Y101.609 E.27298 ; wipe and retract
G1 X116.618 Y101.586 E.26098 ; wipe and retract
;WIPE_END
G92 E0 ; reset extrusion distance
G1 Z.96 F600 ; move to first perimeter point
G1 X116.457 Y101.686 F7200 ; move to first perimeter point
G1 X116.257 Y101.245 ; move to first perimeter point
G1 X113.247 Y98.654 ; move to first perimeter point
G1 X113.17 Y98.633 ; move to first perimeter point
G1 X112.861 Y98.55 ; move to first perimeter point
G1 X112.889 Y98.404 ; move to first perimeter point
G1 Z.76 F600 ; move to first perimeter point
G1 E1.5 F1500 ;  ; unretract
;WIDTH:0.36146
G1 F900
G1 X113.297 Y98.516 E1.50598 ; perimeter
G1 X113.297 Y98.516 F7200 ; move to first perimeter point
G1 X112.046 Y99.258 ; move to first perimeter point
;TYPE:Perimeter
;WIDTH:0.450384
G1 F720
G1 X111.804 Y99.072 E1.51142 ; perimeter
G1 X111.12 Y98.921 E1.52391 ; perimeter
;WIDTH:0.404029
G1 X110.554 Y99.011 E1.53303 ; perimeter
;WIDTH:0.399999
G1 X110.312 Y99.121 E1.53721 ; perimeter
G1 X110.061 Y99.317 E1.54222 ; perimeter
G1 X109.904 Y99.153 E1.54579 ; perimeter
G1 X109.735 Y99.089 E1.54863 ; perimeter
;WIDTH:0.444101
G1 X109.192 Y98.953 E1.55847 ; perimeter
G1 X109.01 Y98.948 E1.56167 ; perimeter
;WIDTH:0.430996
G1 X108.494 Y98.963 E1.57046 ; perimeter
;WIDTH:0.43356
G1 X108.169 Y99.044 E1.5762 ; perimeter
G1 X107.982 Y99.395 E1.58301 ; perimeter
G1 X107.798 Y98.709 E1.59518 ; perimeter
G1 X108.471 Y98.586 E1.6069 ; perimeter
;WIDTH:0.444101
G1 X109.784 Y98.49 E1.63003 ; perimeter
;WIDTH:0.399999
G1 X110.513 Y98.495 E1.6415 ; perimeter
;WIDTH:0.404029
G1 X111.153 Y98.54 E1.6517 ; perimeter
;WIDTH:0.414286
G1 X111.655 Y98.617 E1.65999 ; perimeter
;WIDTH:0.450384
G1 X112.191 Y98.717 E1.66971 ; perimeter
G1 X112.062 Y99.2 E1.67863 ; perimeter
G1 X112.062 Y99.2 F7200 ; move to first perimeter point
G1 X112.178 Y100.324 ; move to first perimeter point
;TYPE:External perimeter
;WIDTH:0.399999
G1 F720
G1 X112.159 Y100.164 E1.68117 ; perimeter
G1 X111.953 Y99.722 E1.68884 ; perimeter
G1 X111.596 Y99.419 E1.69621 ; perimeter
G1 X111.116 Y99.305 E1.70397 ; perimeter
G1 X110.626 Y99.382 E1.71178 ; perimeter
G1 X110.241 Y99.656 E1.71922 ; perimeter
;WIDTH:0.447317
G1 X110.157 Y99.757 E1.72155 ; perimeter
;WIDTH:0.494635
G1 X110.072 Y99.858 E1.72415 ; perimeter
;WIDTH:0.541952
G1 X109.988 Y99.958 E1.72698 ; perimeter
;WIDTH:0.58927
G1 X109.903 Y100.059 E1.7301 ; perimeter
G1 X109.875 Y99.934 E1.73312 ; perimeter
;WIDTH:0.541952
G1 X109.846 Y99.808 E1.73592 ; perimeter
;WIDTH:0.494635
G1 X109.817 Y99.683 E1.73844 ; perimeter
;WIDTH:0.447317
G1 X109.788 Y99.557 E1.74073 ; perimeter
;WIDTH:0.399999
G1 X109.658 Y99.459 E1.74329 ; perimeter
G1 X109.01 Y99.342 E1.75365 ; perimeter
G1 X108.429 Y99.353 E1.7628 ; perimeter
G1 X108.304 Y99.531 E1.76622 ; perimeter
G1 X108.304 Y101.243 E1.79316 ; perimeter
G1 X108.068 Y101.243 E1.79687 ; perimeter
G1 X107.318 Y98.491 E1.84176 ; perimeter
;WIDTH:0.39076
G1 X107.229 Y98.416 E1.84355 ; perimeter
;WIDTH:0.399999
G1 X108.189 Y98.239 E1.85891 ; perimeter
G1 X108.962 Y98.146 E1.87116 ; perimeter
G1 X110.031 Y98.1 E1.888 ; perimeter
G1 X110.779 Y98.126 E1.89978 ; perimeter
G1 X111.293 Y98.171 E1.9079 ; perimeter
G1 X112.771 Y98.416 E1.93148 ; perimeter
;WIDTH:0.39076
G1 X112.682 Y98.491 E1.93327 ; perimeter
;WIDTH:0.399999
G1 X112.194 Y100.266 E1.96224 ; perimeter
G1 E.91224 F2100 ; retract
;WIPE_START
G1 F5760
G1 X112.178 Y100.324 E.8914 ; wipe and retract
G1 X112.159 Y100.164 E.83559 ; wipe and retract
G1 X111.953 Y99.722 E.66669 ; wipe and retract
G1 X111.596 Y99.419 E.50451 ; wipe and retract
G1 X111.477 Y99.391 E.46224 ; wipe and retract
;WIPE_END
G92 E0 ; reset extrusion distance
G1 Z.96 F600 ; move to first perimeter point
G1 X110.127 Y98.841 F7200 ; move to first perimeter point
G1 Z.76 F600 ; move to first perimeter point
G1 E1.5 F1500 ;  ; unretract
;TYPE:Perimeter
;WIDTH:0.363194
G1 X110.106 Y98.878 E1.5006 ; perimeter
G1 X110.042 Y98.841 E1.50165 ; perimeter
G1 X110.106 Y98.804 E1.5027 ; perimeter
G1 E.4527 F2100 ; retract
;WIPE_START
G1 F5760
G1 X110.042 Y98.841 E.4271 ; wipe and retract
G1 X110.106 Y98.878 E.4015 ; wipe and retract
G1 X110.127 Y98.841 E.38676 ; wipe and retract
;WIPE_END
G1 E.0027 F2100 ; retract
G92 E0 ; reset extrusion distance
G1 Z.96 F600 ; move to first perimeter point
G1 X110.04 Y98.228 F7200 ; move to first perimeter point
G1 X110.026 Y98.23 ; move to first perimeter point
G1 X106.643 Y98.375 ; move to first perimeter point
G1 X106.64 Y98.376 ; move to first perimeter point
G1 X106.681 Y98.523 ; move to first perimeter point
G1 Z.76 F600 ; move to first perimeter point
G1 E1.5 F1500 ;  ; unretract
;TYPE:External perimeter
;WIDTH:0.36146
G1 F900
G1 X107.111 Y98.404 E1.50631 ; perimeter
G1 E.45631 F2100 ; retract
;WIPE_START
G1 F5760
G1 X106.681 Y98.523 E.30178 ; wipe and retract
;WIPE_END
G1 E.00631 F2100 ; retract
G92 E0 ; reset extrusion distance
G1 Z.96 F600 ; move to first perimeter point
G1 X102.862 Y101.714 F7200 ; move to first perimeter point
G1 Z.76 F600 ; move to first perimeter point
G1 E1.5 F1500 ;  ; unretract
;TYPE:Perimeter
;WIDTH:0.466713
G1 F720
G1 X102.476 Y101.327 E1.51012 ; perimeter
G1 X103.043 Y100.839 E1.52397 ; perimeter
;WIDTH:0.446946
G1 X103.7 Y100.384 E1.53811 ; perimeter
;WIDTH:0.484123
G1 X103.956 Y100.253 E1.54364 ; perimeter
;WIDTH:0.521299
G1 X104.211 Y100.123 E1.54959 ; perimeter
;WIDTH:0.558475
G1 X104.63 Y99.887 E1.56033 ; perimeter
;WIDTH:0.521031
G1 X104.793 Y99.782 E1.56436 ; perimeter
;WIDTH:0.483586
G1 X104.957 Y99.677 E1.5681 ; perimeter
;WIDTH:0.446141
G1 X105.638 Y99.35 E1.58144 ; perimeter
;WIDTH:0.427173
G1 X106.266 Y99.125 E1.59269 ; perimeter
G1 X106.389 Y99.583 E1.60069 ; perimeter
G1 X106.298 Y99.549 E1.60233 ; perimeter
G1 X105.661 Y99.775 E1.61373 ; perimeter
;WIDTH:0.450687
G1 X105.109 Y100.079 E1.62498 ; perimeter
;WIDTH:0.486617
G1 X105.022 Y100.161 E1.62729 ; perimeter
;WIDTH:0.522546
G1 X104.934 Y100.243 E1.6298 ; perimeter
;WIDTH:0.558475
G1 X104.847 Y100.325 E1.63247 ; perimeter
G1 X104.804 Y100.513 E1.63678 ; perimeter
G1 X104.613 Y100.494 E1.64107 ; perimeter
G1 X104.426 Y100.559 E1.64549 ; perimeter
;WIDTH:0.527639
G1 X104.24 Y100.624 E1.64964 ; perimeter
;WIDTH:0.496802
G1 X103.988 Y100.734 E1.65507 ; perimeter
;WIDTH:0.463225
G1 X103.737 Y100.844 E1.6601 ; perimeter
;WIDTH:0.429647
G1 X103.27 Y101.164 E1.66971 ; perimeter
;WIDTH:0.466713
G1 X102.988 Y101.463 E1.67732 ; perimeter
G1 X102.889 Y101.66 E1.6814 ; perimeter
G1 X102.889 Y101.66 F7200 ; move to first perimeter point
G1 X103.275 Y102.622 ; move to first perimeter point
;TYPE:External perimeter
;WIDTH:0.523326
G1 F720
G1 X103.13 Y102.506 E1.68527 ; perimeter
;WIDTH:0.482217
G1 X102.984 Y102.389 E1.68885 ; perimeter
;WIDTH:0.441108
G1 X102.839 Y102.273 E1.69209 ; perimeter
;WIDTH:0.399999
G1 X101.951 Y101.395 E1.71174 ; perimeter
;WIDTH:0.394841
G1 X101.703 Y101.401 E1.71559 ; perimeter
G1 X101.957 Y101.22 E1.72043 ; perimeter
;WIDTH:0.399999
G1 X102.551 Y100.72 E1.73265 ; perimeter
G1 X103.391 Y100.104 E1.74904 ; perimeter
G1 X103.826 Y99.827 E1.75716 ; perimeter
G1 X104.504 Y99.445 E1.76941 ; perimeter
G1 X105.446 Y99.006 E1.78577 ; perimeter
G1 X106.681 Y98.523 E1.80664 ; perimeter
;WIDTH:0.392842
G1 X106.575 Y98.726 E1.81018 ; perimeter
;WIDTH:0.399999
G1 X106.882 Y99.908 E1.8294 ; perimeter
;WIDTH:0.448836
G1 X106.895 Y100.052 E1.83197 ; perimeter
;WIDTH:0.497673
G1 X106.908 Y100.196 E1.83483 ; perimeter
;WIDTH:0.54651
G1 X106.922 Y100.34 E1.83799 ; perimeter
G1 X106.829 Y100.229 E1.84115 ; perimeter
;WIDTH:0.497673
G1 X106.737 Y100.117 E1.84402 ; perimeter
;WIDTH:0.448836
G1 X106.644 Y100.006 E1.84659 ; perimeter
;WIDTH:0.399999
G1 X106.421 Y99.921 E1.85035 ; perimeter
G1 X105.855 Y100.112 E1.85975 ; perimeter
G1 X105.303 Y100.444 E1.86989 ; perimeter
;WIDTH:0.438926
G1 X105.28 Y100.526 E1.87137 ; perimeter
;WIDTH:0.477853
G1 X105.257 Y100.607 E1.87297 ; perimeter
;WIDTH:0.51678
G1 X105.234 Y100.689 E1.87472 ; perimeter
G1 X105.285 Y100.772 E1.87673 ; perimeter
;WIDTH:0.515664
G1 X105.593 Y101.309 E1.88945 ; perimeter
G1 X105.696 Y101.45 E1.89304 ; perimeter
;WIDTH:0.477109
G1 X105.799 Y101.59 E1.89633 ; perimeter
;WIDTH:0.438554
G1 X105.903 Y101.731 E1.89937 ; perimeter
;WIDTH:0.399999
G1 X106.14 Y102.143 E1.90685 ; perimeter
;WIDTH:0.423889
G1 X105.758 Y102.396 E1.91452 ; perimeter
;WIDTH:0.469912
G1 X105.739 Y102.569 E1.91776 ; perimeter
G1 X105.586 Y102.485 E1.92101 ; perimeter
;WIDTH:0.423889
G1 X105.385 Y102.454 E1.92441 ; perimeter
;WIDTH:0.399999
G1 X104.434 Y102.254 E1.9397 ; perimeter
G1 X104.256 Y102.171 E1.94279 ; perimeter
G1 X104.199 Y102.01 E1.94548 ; perimeter
G1 X104.407 Y101.85 E1.94961 ; perimeter
G1 X104.936 Y101.79 E1.95799 ; perimeter
G1 X105.072 Y101.706 E1.96051 ; perimeter
;WIDTH:0.438554
G1 X105.097 Y101.643 E1.96169 ; perimeter
;WIDTH:0.477109
G1 X105.122 Y101.58 E1.96297 ; perimeter
;WIDTH:0.515664
G1 X105.146 Y101.517 E1.96436 ; perimeter
G1 X105.127 Y101.48 E1.96521 ; perimeter
;WIDTH:0.51678
G1 X104.833 Y100.977 E1.97721 ; perimeter
G1 X104.752 Y100.971 E1.97888 ; perimeter
;WIDTH:0.477853
G1 X104.671 Y100.965 E1.98042 ; perimeter
;WIDTH:0.438926
G1 X104.59 Y100.96 E1.98183 ; perimeter
;WIDTH:0.399999
G1 X103.955 Y101.171 E1.99236 ; perimeter
G1 X103.485 Y101.486 E2.00126 ; perimeter
G1 X103.26 Y101.799 E2.00733 ; perimeter
G1 X103.189 Y102.157 E2.01307 ; perimeter
;WIDTH:0.441108
G1 X103.218 Y102.312 E2.01582 ; perimeter
;WIDTH:0.482217
G1 X103.246 Y102.467 E2.01884 ; perimeter
;WIDTH:0.523326
G1 X103.264 Y102.563 E2.02088 ; perimeter
G1 E.97088 F2100 ; retract
;WIPE_START
G1 F5760
G1 X103.275 Y102.622 E.95009 ; wipe and retract
G1 X103.13 Y102.506 E.88578 ; wipe and retract
G1 X102.984 Y102.389 E.82098 ; wipe and retract
G1 X102.839 Y102.273 E.75667 ; wipe and retract
G1 X102.355 Y101.794 E.52088 ; wipe and retract
;WIPE_END
G92 E0 ; reset extrusion distance
G1 Z.96 F600 ; move to first perimeter point
G1 X102.216 Y101.933 F7200 ; move to first perimeter point
G1 X103.968 Y101.129 ; move to first perimeter point
G1 X104.642 Y101.152 ; move to first perimeter point
G1 X106.163 Y102.836 ; move to first perimeter point
G1 X107.564 Y102.027 ; move to first perimeter point
G1 X107.523 Y101.956 ; move to first perimeter point
G1 X107.358 Y101.67 ; move to first perimeter point
G1 X107.248 Y101.447 ; move to first perimeter point
G1 Z.76 F600 ; move to first perimeter point
G1 E1.5 F1500 ;  ; unretract
;WIDTH:0.488953
G1 F720
G1 X106.991 Y101.6 E1.50581 ; perimeter
G1 X106.516 Y100.777 E1.52428 ; perimeter
G1 X106.768 Y100.693 E1.52944 ; perimeter
;WIDTH:0.515214
G1 X106.861 Y100.571 E1.53259 ; perimeter
;WIDTH:0.541474
G1 X106.953 Y100.448 E1.53591 ; perimeter
G1 X107.02 Y100.648 E1.54047 ; perimeter
;WIDTH:0.515214
G1 X107.087 Y100.847 E1.54478 ; perimeter
;WIDTH:0.488953
G1 X107.232 Y101.389 E1.55568 ; perimeter
G1 X107.232 Y101.389 F7200 ; move to first perimeter point
G1 X105.555 Y101.975 ; move to first perimeter point
;TYPE:Perimeter
;WIDTH:0.619604
G1 F1500
G1 X105.517 Y102.04 E1.55755 ; perimeter
G1 X105.443 Y102.04 E1.55939 ; perimeter
G1 X105.405 Y101.975 E1.56126 ; perimeter
G1 X105.443 Y101.91 E1.56313 ; perimeter
G1 X105.517 Y101.91 E1.56497 ; perimeter
G1 X105.517 Y101.91 F7200 ; move to first perimeter point
G1 X105.975 Y102.98 ; move to first perimeter point
;TYPE:External perimeter
;WIDTH:0.4707
G1 F900
G1 X105.739 Y102.569 E1.57382 ; perimeter
G1 E.52382 F2100 ; retract
;WIPE_START
G1 F5760
G1 X105.975 Y102.98 E.35967 ; wipe and retract
;WIPE_END
G1 E.07382 F2100 ; retract
G92 E0 ; reset extrusion distance
G1 Z.96 F600 ; move to first perimeter point
G1 X105.757 Y103.071 F7200 ; move to first perimeter point
G1 X104.301 Y103.911 ; move to first perimeter point
G1 X104.082 Y103.532 ; move to first perimeter point
G1 X103.744 Y102.72 ; move to first perimeter point
G1 X103.593 Y102.937 ; move to first perimeter point
G1 Z.76 F600 ; move to first perimeter point
G1 E1.5 F1500 ;  ; unretract
;WIDTH:0.52817
G1 F900
G1 X103.275 Y102.622 E1.50943 ; perimeter
G1 X103.275 Y102.622 F7200 ; move to first perimeter point
G1 X104.453 Y103.103 ; move to first perimeter point
;WIDTH:0.371329
G1 F720
G1 X104.059 Y103.33 E1.51604 ; perimeter
G1 X103.968 Y103.422 E1.51792 ; perimeter
G1 X103.913 Y103.367 E1.51905 ; perimeter
;WIDTH:0.410539
G1 X103.833 Y103.26 E1.52121 ; perimeter
;WIDTH:0.44975
G1 X103.753 Y103.152 E1.5236 ; perimeter
;WIDTH:0.48896
G1 X103.673 Y103.045 E1.5262 ; perimeter
;WIDTH:0.52817
G1 X103.593 Y102.937 E1.52903 ; perimeter
G1 X103.706 Y102.957 E1.53145 ; perimeter
;WIDTH:0.48021
G1 X103.818 Y102.977 E1.53362 ; perimeter
;WIDTH:0.432249
G1 X103.93 Y102.998 E1.53557 ; perimeter
;WIDTH:0.384288
G1 X104.394 Y103.091 E1.54271 ; perimeter
G1 X104.394 Y103.091 F7200 ; move to first perimeter point
G1 X103.334 Y103.956 ; move to first perimeter point
;WIDTH:0.479103
G1 F720
G1 X103.193 Y104.201 E1.54809 ; perimeter
G1 X102.36 Y103.72 E1.56639 ; perimeter
G1 X102.54 Y103.517 E1.57155 ; perimeter
;WIDTH:0.515178
G1 X102.544 Y103.191 E1.57824 ; perimeter
G1 X102.879 Y103.501 E1.58761 ; perimeter
;WIDTH:0.479103
G1 X103.292 Y103.913 E1.59871 ; perimeter
G1 X103.292 Y103.913 F7200 ; move to first perimeter point
G1 X101.615 Y104.859 ; move to first perimeter point
;TYPE:Perimeter
;WIDTH:0.380697
G1 F720
G1 X102.225 Y105.227 E1.60935 ; perimeter
G1 X102.177 Y105.347 E1.61128 ; perimeter
G1 X102.17 Y105.487 E1.61337 ; perimeter
;WIDTH:0.377228
G1 X102.099 Y105.526 E1.61457 ; perimeter
G1 X101.972 Y105.667 E1.61738 ; perimeter
G1 X101.744 Y105.535 E1.62128 ; perimeter
;WIDTH:0.380697
G1 X101.823 Y105.299 E1.625 ; perimeter
G1 X101.641 Y104.914 E1.63136 ; perimeter
G1 X101.641 Y104.914 F7200 ; move to first perimeter point
G1 X102.975 Y105.952 ; move to first perimeter point
;TYPE:External perimeter
;WIDTH:0.592124
G1 F900
G1 X102.578 Y105.723 E1.64223 ; perimeter
G1 X102.838 Y107.275 F7200 ; move to first perimeter point
;TYPE:Perimeter
;WIDTH:0.399999
G1 F720
G1 X103.265 Y106.535 E1.65568 ; perimeter
G1 X103.392 Y106.178 E1.66164 ; perimeter
G1 X103.587 Y105.977 E1.66605 ; perimeter
G1 X104.059 Y105.16 E1.6809 ; perimeter
G1 X104.832 Y105.933 E1.6981 ; perimeter
G1 X104.439 Y106.486 E1.70878 ; perimeter
G1 X104.151 Y106.99 E1.71792 ; perimeter
G1 X103.894 Y107.558 E1.72773 ; perimeter
G1 X102.896 Y107.291 E1.74399 ; perimeter
G1 X102.896 Y107.291 F7200 ; move to first perimeter point
G1 X104.119 Y108.206 ; move to first perimeter point
;TYPE:External perimeter
;WIDTH:0.36146
G1 F900
G1 X104.004 Y108.631 E1.75021 ; perimeter
G1 E.70021 F2100 ; retract
;WIPE_START
G1 F5760
G1 X104.119 Y108.206 E.54772 ; wipe and retract
;WIPE_END
G1 E.25021 F2100 ; retract
G92 E0 ; reset extrusion distance
G1 Z.96 F600 ; move to first perimeter point
G1 X103.966 Y108.176 F7200 ; move to first perimeter point
G1 X102.63 Y107.818 ; move to first perimeter point
G1 X102.212 Y107.706 ; move to first perimeter point
G1 X102.264 Y107.513 ; move to first perimeter point
G1 Z.76 F600 ; move to first perimeter point
G1 E1.5 F1500 ;  ; unretract
;WIDTH:0.399999
G1 F720
G1 X102.978 Y106.276 E1.52248 ; perimeter
;WIDTH:0.44803
G1 X102.977 Y106.195 E1.52392 ; perimeter
;WIDTH:0.496062
G1 X102.976 Y106.114 E1.52552 ; perimeter
;WIDTH:0.544093
G1 X102.976 Y106.033 E1.52728 ; perimeter
;WIDTH:0.592124
G1 X102.975 Y105.952 E1.5292 ; perimeter
G1 X103.03 Y105.928 E1.53062 ; perimeter
;WIDTH:0.544093
G1 X103.085 Y105.904 E1.53192 ; perimeter
;WIDTH:0.496062
G1 X103.139 Y105.879 E1.53309 ; perimeter
;WIDTH:0.44803
G1 X103.194 Y105.855 E1.53415 ; perimeter
;WIDTH:0.399999
G1 X103.258 Y105.79 E1.53559 ; perimeter
G1 X103.978 Y104.544 E1.55824 ; perimeter
G1 X105.275 Y105.83 E1.58698 ; perimeter
;WIDTH:0.393847
G1 X105.505 Y105.803 E1.59057 ; perimeter
;WIDTH:0.399999
G1 X105.158 Y106.128 E1.59805 ; perimeter
G1 X104.767 Y106.676 E1.60864 ; perimeter
G1 X104.496 Y107.147 E1.61719 ; perimeter
G1 X104.226 Y107.743 E1.62749 ; perimeter
G1 X104.119 Y108.206 E1.63497 ; perimeter
;WIDTH:0.394098
G1 X104.027 Y107.992 E1.63858 ; perimeter
;WIDTH:0.399999
G1 X102.322 Y107.529 E1.66638 ; perimeter
G1 X102.322 Y107.529 F7200 ; move to first perimeter point
G1 X103.609 Y106.956 ; move to first perimeter point
;TYPE:Perimeter
;WIDTH:0.672906
G1 F1500
G1 X103.858 Y106.462 E1.68136 ; perimeter
G1 X104.168 Y105.988 E1.6967 ; perimeter
G1 X104.168 Y105.988 F7200 ; move to first perimeter point
G1 X105.819 Y105.49 ; move to first perimeter point
;TYPE:External perimeter
;WIDTH:0.36146
G1 F900
G1 X105.505 Y105.803 E1.70297 ; perimeter
G1 X105.505 Y105.803 F7200 ; move to first perimeter point
G1 X105.175 Y104.074 ; move to first perimeter point
;TYPE:Perimeter
;WIDTH:0.399999
G1 F720
G1 X106.056 Y103.566 E1.71897 ; perimeter
G1 X106.226 Y103.414 E1.72256 ; perimeter
G1 X106.443 Y103.342 E1.72616 ; perimeter
G1 X107.281 Y102.859 E1.74138 ; perimeter
G1 X107.559 Y103.897 E1.75829 ; perimeter
G1 X107.188 Y104.058 E1.76465 ; perimeter
G1 X106.558 Y104.404 E1.77596 ; perimeter
G1 X105.938 Y104.837 E1.78786 ; perimeter
G1 X105.218 Y104.117 E1.80388 ; perimeter
G1 X105.218 Y104.117 F7200 ; move to first perimeter point
G1 X104.559 Y103.993 ; move to first perimeter point
;TYPE:External perimeter
G1 F720
G1 X105.899 Y103.215 E1.82827 ; perimeter
;WIDTH:0.43535
G1 X105.937 Y103.097 E1.8304 ; perimeter
;WIDTH:0.4707
G1 X105.975 Y102.98 E1.8327 ; perimeter
G1 X106.078 Y103.009 E1.8347 ; perimeter
;WIDTH:0.43535
G1 X106.182 Y103.039 E1.83656 ; perimeter
;WIDTH:0.399999
G1 X106.254 Y103.015 E1.83775 ; perimeter
G1 X107.519 Y102.285 E1.86074 ; perimeter
G1 X107.854 Y103.537 E1.88114 ; perimeter
G1 X108.033 Y104.079 E1.89012 ; perimeter
;WIDTH:0.381885
G1 X108.206 Y104.119 E1.89278 ; perimeter
G1 X108.012 Y104.15 E1.89572 ; perimeter
;WIDTH:0.399999
G1 X107.495 Y104.329 E1.90433 ; perimeter
G1 X106.948 Y104.607 E1.91399 ; perimeter
G1 X106.436 Y104.927 E1.92349 ; perimeter
G1 X105.993 Y105.286 E1.93246 ; perimeter
;WIDTH:0.39225
G1 X105.819 Y105.49 E1.93659 ; perimeter
;WIDTH:0.378896
G1 X105.855 Y105.343 E1.93884 ; perimeter
;WIDTH:0.39225
G1 X105.829 Y105.276 E1.93995 ; perimeter
;WIDTH:0.399999
G1 X104.601 Y104.036 E1.96742 ; perimeter
G1 X104.601 Y104.036 F7200 ; move to first perimeter point
G1 X105.981 Y104.18 ; move to first perimeter point
;TYPE:Perimeter
;WIDTH:0.632288
G1 F1500
G1 X105.991 Y104.174 E1.96772 ; perimeter
;WIDTH:0.636508
G1 X106.486 Y103.864 E1.98265 ; perimeter
G1 X106.968 Y103.613 E1.99655 ; perimeter
G1 X106.968 Y103.613 F7200 ; move to first perimeter point
G1 X108.638 Y104 ; move to first perimeter point
;TYPE:External perimeter
;WIDTH:0.36146
G1 F900
G1 X108.206 Y104.119 E2.00288 ; perimeter
G1 E.50288 F2100 ; retract
G92 E0 ; reset extrusion distance
G1 X108.206 Y104.119 Z.96 F7200 ; move to first perimeter point
G1 X110.757 Y102.792 ; move to first perimeter point
G1 Z.76 F600 ; move to first perimeter point
G1 E1.5 F1500 ;  ; unretract
;TYPE:Perimeter
;WIDTH:0.355356
G1 F720
G1 X110.674 Y103.1 E1.50443 ; perimeter
;WIDTH:0.404919
G1 X110.16 Y103.051 E1.51266 ; perimeter
;WIDTH:0.452974
G1 X110.075 Y103.026 E1.51425 ; perimeter
;WIDTH:0.501028
G1 X109.991 Y103.001 E1.516 ; perimeter
;WIDTH:0.549083
G1 X109.907 Y102.976 E1.51792 ; perimeter
;WIDTH:0.597138
G1 X109.823 Y102.951 E1.52002 ; perimeter
;WIDTH:0.645192
G1 X109.739 Y102.926 E1.52229 ; perimeter
G1 X109.823 Y102.867 E1.52495 ; perimeter
;WIDTH:0.597138
G1 X109.907 Y102.808 E1.52741 ; perimeter
;WIDTH:0.549083
G1 X109.991 Y102.749 E1.52966 ; perimeter
;WIDTH:0.501028
G1 X110.075 Y102.689 E1.53172 ; perimeter
;WIDTH:0.452974
G1 X110.159 Y102.63 E1.53356 ; perimeter
;WIDTH:0.404919
G1 X110.249 Y102.686 E1.53525 ; perimeter
G1 X110.698 Y102.779 E1.54256 ; perimeter
G1 X110.698 Y102.779 F7200 ; move to first perimeter point
G1 X111.214 Y102.461 ; move to first perimeter point
;WIDTH:0.399999
G1 F720
G1 X110.937 Y103.494 E1.55939 ; perimeter
G1 X110.147 Y103.432 E1.57186 ; perimeter
G1 X109.638 Y103.437 E1.57987 ; perimeter
G1 X109.063 Y103.496 E1.58897 ; perimeter
G1 X108.779 Y102.433 E1.60629 ; perimeter
G1 X109.711 Y102.424 E1.62096 ; perimeter
G1 X109.983 Y102.29 E1.62573 ; perimeter
G1 X110.091 Y102.106 E1.62909 ; perimeter
G1 X110.415 Y102.343 E1.63541 ; perimeter
G1 X110.962 Y102.468 E1.64424 ; perimeter
G1 X111.154 Y102.463 E1.64726 ; perimeter
G1 X111.771 Y101.844 F7200 ; move to first perimeter point
;TYPE:External perimeter
G1 F720
G1 X111.251 Y103.801 E1.67913 ; perimeter
;WIDTH:0.39672
G1 X111.387 Y104.011 E1.68303 ; perimeter
;WIDTH:0.399999
G1 X111.069 Y103.893 E1.68837 ; perimeter
G1 X110.423 Y103.819 E1.6986 ; perimeter
G1 X109.862 Y103.802 E1.70743 ; perimeter
G1 X109.315 Y103.838 E1.71606 ; perimeter
G1 X108.638 Y104 E1.72702 ; perimeter
;WIDTH:0.392027
G1 X108.749 Y103.824 E1.73023 ; perimeter
;WIDTH:0.399999
G1 X108.285 Y102.055 E1.75901 ; perimeter
G1 X109.606 Y102.055 E1.7798 ; perimeter
G1 X109.731 Y102.007 E1.78191 ; perimeter
G1 X109.795 Y101.866 E1.78435 ; perimeter
;WIDTH:0.445841
G1 X109.815 Y101.762 E1.78622 ; perimeter
;WIDTH:0.491682
G1 X109.836 Y101.658 E1.78829 ; perimeter
;WIDTH:0.537523
G1 X109.856 Y101.555 E1.79054 ; perimeter
;WIDTH:0.583365
G1 X109.877 Y101.451 E1.79302 ; perimeter
;WIDTH:0.629206
G1 X109.897 Y101.347 E1.7957 ; perimeter
G1 X109.956 Y101.413 E1.79794 ; perimeter
;WIDTH:0.583365
G1 X110.014 Y101.48 E1.80001 ; perimeter
;WIDTH:0.537523
G1 X110.072 Y101.546 E1.8019 ; perimeter
;WIDTH:0.491682
G1 X110.13 Y101.612 E1.80362 ; perimeter
;WIDTH:0.445841
G1 X110.188 Y101.678 E1.80517 ; perimeter
;WIDTH:0.399999
G1 X110.545 Y101.981 E1.81254 ; perimeter
G1 X111.034 Y102.097 E1.82045 ; perimeter
G1 X111.515 Y102.018 E1.82812 ; perimeter
G1 X111.722 Y101.878 E1.83205 ; perimeter
G1 E.33205 F2100 ; retract
G92 E0 ; reset extrusion distance
G1 X111.722 Y101.878 Z.96 F7200 ; move to first perimeter point
G1 X109.739 Y102.926 ; move to first perimeter point
G1 Z.76 F600 ; move to first perimeter point
G1 E1.5 F1500 ;  ; unretract
;TYPE:Perimeter
;WIDTH:0.658252
G1 X109.44 Y102.941 E1.50793 ; perimeter
G1 E.45793 F2100 ; retract
;WIPE_START
G1 F5760
G1 X109.739 Y102.926 E.35424 ; wipe and retract
;WIPE_END
G1 E.00793 F2100 ; retract
G92 E0 ; reset extrusion distance
G1 Z.96 F600 ; move to first perimeter point
G1 X109.595 Y101.443 F7200 ; move to first perimeter point
G1 X109.176 Y99.97 ; move to first perimeter point
G1 X109.393 Y100.015 ; move to first perimeter point
G1 X109.338 Y100.279 ; move to first perimeter point
G1 Z.76 F600 ; move to first perimeter point
G1 E1.5 F1500 ;  ; unretract
;TYPE:External perimeter
;WIDTH:0.540699
G1 F720
G1 X109.567 Y100.327 E1.50505 ; perimeter
;WIDTH:0.585986
G1 X109.89 Y100.154 E1.51365 ; perimeter
G1 X109.851 Y100.732 E1.52725 ; perimeter
;WIDTH:0.573981
G1 X109.854 Y100.905 E1.53122 ; perimeter
;WIDTH:0.610115
G1 X109.857 Y101.078 E1.53545 ; perimeter
;WIDTH:0.64625
G1 X109.86 Y101.251 E1.53994 ; perimeter
G1 X109.733 Y101.21 E1.54341 ; perimeter
;WIDTH:0.596412
G1 X109.606 Y101.17 E1.54659 ; perimeter
;WIDTH:0.546573
G1 X109.341 Y101.17 E1.55238 ; perimeter
G1 X109.339 Y100.339 E1.57052 ; perimeter
G1 E.52052 F2100 ; retract
;WIPE_START
G1 F5760
G1 X109.338 Y100.279 E.49974 ; wipe and retract
G1 X109.567 Y100.327 E.4187 ; wipe and retract
G1 X109.89 Y100.154 E.29179 ; wipe and retract
G1 X109.851 Y100.732 E.09114 ; wipe and retract
G1 X109.852 Y100.791 E.07052 ; wipe and retract
;WIPE_END
G92 E0 ; reset extrusion distance
G1 Z.96 F600 ; move to first perimeter point
G1 X109.595 Y101.443 F7200 ; move to first perimeter point
G1 X109.595 Y101.855 ; move to first perimeter point
G1 X108.563 Y103.863 ; move to first perimeter point
G1 X108.176 Y103.967 ; move to first perimeter point
G1 X107.398 Y101.061 ; move to first perimeter point
G1 X106.475 Y100.113 ; move to first perimeter point
G1 X105.783 Y100.216 ; move to first perimeter point
G1 X101.798 Y101.515 ; move to first perimeter point
G1 X101.741 Y101.571 ; move to first perimeter point
G1 X101.515 Y101.798 ; move to first perimeter point
G1 X101.385 Y101.721 ; move to first perimeter point
G1 Z.76 F600 ; move to first perimeter point
G1 E1.5 F1500 ;  ; unretract
;WIDTH:0.36146
G1 F900
G1 X101.703 Y101.401 E1.50638 ; perimeter
G1 E.45638 F2100 ; retract
;WIPE_START
G1 F5760
G1 X101.385 Y101.721 E.30013 ; wipe and retract
;WIPE_END
G1 E.00638 F2100 ; retract
G92 E0 ; reset extrusion distance
G1 Z.96 F600 ; move to first perimeter point
G1 X100.8 Y103.906 F7200 ; move to first perimeter point
G1 Z.76 F600 ; move to first perimeter point
G1 E1.5 F1500 ;  ; unretract
;TYPE:Perimeter
;WIDTH:0.441312
G1 F720
G1 X100.775 Y104.148 E1.50425 ; perimeter
;WIDTH:0.399999
G1 X100.845 Y104.347 E1.50757 ; perimeter
;WIDTH:0.394444
G1 X101.064 Y104.543 E1.51213 ; perimeter
G1 X100.771 Y104.512 E1.5167 ; perimeter
;WIDTH:0.399999
G1 X100.61 Y104.572 E1.5194 ; perimeter
G1 X100.471 Y104.685 E1.52222 ; perimeter
;WIDTH:0.433105
G1 X100.017 Y105.188 E1.53382 ; perimeter
G1 X99.716 Y105.739 E1.54457 ; perimeter
;WIDTH:0.456404
G1 X99.644 Y106.074 E1.55077 ; perimeter
G1 X99.91 Y106.461 E1.55926 ; perimeter
G1 X99.144 Y106.256 E1.5736 ; perimeter
G1 X99.395 Y105.517 E1.58771 ; perimeter
;WIDTH:0.408259
G1 X99.802 Y104.644 E1.6032 ; perimeter
;WIDTH:0.402719
G1 X100.157 Y104.013 E1.61468 ; perimeter
;WIDTH:0.437734
G1 X100.903 Y102.947 E1.6372 ; perimeter
;WIDTH:0.417299
G1 X101.326 Y102.439 E1.64808 ; perimeter
G1 X101.643 Y102.756 E1.65546 ; perimeter
G1 X101.568 Y102.768 E1.65671 ; perimeter
G1 X101.132 Y103.283 E1.66781 ; perimeter
;WIDTH:0.441312
G1 X100.81 Y103.808 E1.67856 ; perimeter
G1 X100.806 Y103.847 E1.67924 ; perimeter
G1 X100.806 Y103.847 F7200 ; move to first perimeter point
G1 X101.173 Y103.975 ; move to first perimeter point
;TYPE:External perimeter
;WIDTH:0.399999
G1 F720
G1 X101.15 Y104.096 E1.68118 ; perimeter
G1 X101.243 Y104.234 E1.6838 ; perimeter
G1 X102.725 Y105.09 E1.71073 ; perimeter
G1 X102.532 Y105.453 E1.7172 ; perimeter
;WIDTH:0.447488
G1 X102.544 Y105.52 E1.71841 ; perimeter
;WIDTH:0.494978
G1 X102.555 Y105.588 E1.71977 ; perimeter
;WIDTH:0.542467
G1 X102.567 Y105.655 E1.72124 ; perimeter
;WIDTH:0.589956
G1 X102.578 Y105.723 E1.72287 ; perimeter
G1 X102.514 Y105.747 E1.72449 ; perimeter
;WIDTH:0.542467
G1 X102.45 Y105.771 E1.72597 ; perimeter
;WIDTH:0.494978
G1 X102.386 Y105.795 E1.72732 ; perimeter
;WIDTH:0.447488
G1 X102.321 Y105.818 E1.72854 ; perimeter
;WIDTH:0.399999
G1 X102.103 Y106.167 E1.73502 ; perimeter
G1 X101.194 Y105.642 E1.75154 ; perimeter
G1 X101.446 Y105.332 E1.75783 ; perimeter
G1 X101.387 Y105.132 E1.76111 ; perimeter
G1 X100.989 Y104.899 E1.76837 ; perimeter
G1 X100.853 Y104.879 E1.77053 ; perimeter
G1 X100.753 Y104.937 E1.77235 ; perimeter
G1 X100.359 Y105.386 E1.78175 ; perimeter
G1 X100.069 Y105.887 E1.79086 ; perimeter
G1 X100.046 Y106.011 E1.79284 ; perimeter
G1 X100.139 Y106.146 E1.79542 ; perimeter
G1 X101.621 Y107.002 E1.82235 ; perimeter
G1 X101.451 Y107.293 E1.82765 ; perimeter
G1 X98.727 Y106.573 E1.87199 ; perimeter
;WIDTH:0.394895
G1 X98.516 Y106.703 E1.87584 ; perimeter
G1 X98.645 Y106.416 E1.88073 ; perimeter
;WIDTH:0.399999
G1 X99.006 Y105.446 E1.89702 ; perimeter
G1 X99.459 Y104.478 E1.91384 ; perimeter
G1 X99.827 Y103.826 E1.92562 ; perimeter
G1 X100.104 Y103.391 E1.93374 ; perimeter
G1 X100.554 Y102.779 E1.94569 ; perimeter
G1 X101.385 Y101.721 E1.96686 ; perimeter
;WIDTH:0.392768
G1 X101.397 Y101.949 E1.97038 ; perimeter
;WIDTH:0.399999
G1 X102.236 Y102.802 E1.98921 ; perimeter
;WIDTH:0.437444
G1 X102.323 Y102.916 E1.99169 ; perimeter
;WIDTH:0.474889
G1 X102.411 Y103.03 E1.9944 ; perimeter
;WIDTH:0.512334
G1 X102.499 Y103.144 E1.99734 ; perimeter
G1 X102.364 Y103.092 E2.00029 ; perimeter
;WIDTH:0.474889
G1 X102.228 Y103.04 E2.00303 ; perimeter
;WIDTH:0.437444
G1 X102.093 Y102.987 E2.00554 ; perimeter
;WIDTH:0.399999
G1 X101.857 Y103.025 E2.0093 ; perimeter
G1 X101.463 Y103.474 E2.0187 ; perimeter
G1 X101.203 Y103.923 E2.02687 ; perimeter
G1 X101.203 Y103.923 F7200 ; move to first perimeter point
G1 X100.472 Y104.261 ; move to first perimeter point
;TYPE:Perimeter
;WIDTH:0.362488
G1 F1500
G1 X100.451 Y104.298 E2.02747 ; perimeter
G1 X100.387 Y104.261 E2.02852 ; perimeter
G1 X100.451 Y104.224 E2.02957 ; perimeter
G1 X100.451 Y104.224 F7200 ; move to first perimeter point
G1 X101.064 Y104.543 ; move to first perimeter point
;WIDTH:0.357916
G1 F1500
G1 X101.165 Y104.595 E2.03116 ; perimeter
;WIDTH:0.354188
G1 X101.615 Y104.859 E2.03838 ; perimeter
G1 E.98838 F2100 ; retract
;WIPE_START
G1 F5760
G1 X101.165 Y104.595 E.80768 ; wipe and retract
G1 X101.064 Y104.543 E.76833 ; wipe and retract
;WIPE_END
G1 E.53838 F2100 ; retract
G92 E0 ; reset extrusion distance
G1 Z.96 F600 ; move to first perimeter point
G1 X100.897 Y105.077 F7200 ; move to first perimeter point
G1 X100.338 Y105.347 ; move to first perimeter point
G1 X98.654 Y106.753 ; move to first perimeter point
G1 X98.55 Y107.139 ; move to first perimeter point
G1 X99.887 Y107.497 ; move to first perimeter point
G1 X100.195 Y107.58 ; move to first perimeter point
G1 X100.132 Y107.813 ; move to first perimeter point
G1 Z.76 F600 ; move to first perimeter point
G1 E1.5 F1500 ;  ; unretract
;TYPE:External perimeter
;WIDTH:0.483538
G1 F720
G1 X100.556 Y107.917 E1.50839 ; perimeter
;WIDTH:0.465237
G1 X101.21 Y108.093 E1.52089 ; perimeter
G1 X101.21 Y108.355 E1.52572 ; perimeter
G1 X100.233 Y108.355 E1.54375 ; perimeter
G1 X100.288 Y108.089 E1.54876 ; perimeter
;WIDTH:0.483538
G1 X100.162 Y107.865 E1.5537 ; perimeter
G1 E.5037 F2100 ; retract
;WIPE_START
G1 F5760
G1 X100.132 Y107.813 E.48291 ; wipe and retract
G1 X100.556 Y107.917 E.3317 ; wipe and retract
G1 X101.21 Y108.093 E.09713 ; wipe and retract
G1 X101.21 Y108.219 E.0537 ; wipe and retract
;WIPE_END
G92 E0 ; reset extrusion distance
G1 Z.96 F600 ; move to first perimeter point
G1 X101.443 Y108.219 F7200 ; move to first perimeter point
G1 X101.443 Y108.061 ; move to first perimeter point
G1 X101.855 Y108.061 ; move to first perimeter point
G1 X101.949 Y109.395 ; move to first perimeter point
G1 X101.855 Y109.679 ; move to first perimeter point
G1 X100.19 Y110.11 ; move to first perimeter point
G1 X99.809 Y110.293 ; move to first perimeter point
G1 X99.738 Y110.335 ; move to first perimeter point
G1 X99.433 Y110.531 ; move to first perimeter point
G1 X99.371 Y110.641 ; move to first perimeter point
G1 X99.288 Y111.002 ; move to first perimeter point
G1 X99.349 Y111.115 ; move to first perimeter point
G1 X99.576 Y111.406 ; move to first perimeter point
G1 X99.625 Y111.465 ; move to first perimeter point
G1 X99.771 Y111.653 ; move to first perimeter point
G1 X99.289 Y112.029 ; move to first perimeter point
G1 Z.76 F600 ; move to first perimeter point
G1 E1.5 F1500 ;  ; unretract
;TYPE:Perimeter
;WIDTH:0.46705
G1 F720
G1 X98.724 Y112.181 E1.51084 ; perimeter
G1 X98.609 Y111.587 E1.52205 ; perimeter
;WIDTH:0.419585
G1 X98.537 Y111.074 E1.53062 ; perimeter
;WIDTH:0.405969
G1 X98.488 Y110.44 E1.54079 ; perimeter
;WIDTH:0.399999
G1 X98.481 Y109.879 E1.54962 ; perimeter
;WIDTH:0.434234
G1 X98.601 Y108.401 E1.57507 ; perimeter
;WIDTH:0.411505
G1 X98.701 Y107.784 E1.58521 ; perimeter
G1 X99.114 Y107.895 E1.59214 ; perimeter
G1 X99.052 Y108.069 E1.59514 ; perimeter
G1 X98.961 Y108.583 E1.6036 ; perimeter
;WIDTH:0.434234
G1 X98.946 Y109.162 E1.61354 ; perimeter
G1 X99.009 Y109.402 E1.6178 ; perimeter
;WIDTH:0.412156
G1 X99.153 Y109.587 E1.62161 ; perimeter
;WIDTH:0.399999
G1 X99.294 Y109.679 E1.62426 ; perimeter
G1 X99.653 Y109.73 E1.62997 ; perimeter
G1 X99.358 Y109.939 E1.63566 ; perimeter
G1 X99.203 Y110.137 E1.63962 ; perimeter
G1 X99.011 Y110.485 E1.64588 ; perimeter
;WIDTH:0.419725
G1 X98.922 Y110.892 E1.65278 ; perimeter
G1 X98.941 Y111.191 E1.65774 ; perimeter
;WIDTH:0.440113
G1 X99.013 Y111.48 E1.66292 ; perimeter
;WIDTH:0.46705
G1 X99.085 Y111.768 E1.66842 ; perimeter
G1 X99.252 Y111.982 E1.67345 ; perimeter
G1 E.17345 F2100 ; retract
G92 E0 ; reset extrusion distance
G1 X99.252 Y111.982 Z.96 F7200 ; move to first perimeter point
G1 X98.399 Y107.133 ; move to first perimeter point
G1 Z.76 F600 ; move to first perimeter point
G1 E1.5 F1500 ;  ; unretract
;TYPE:External perimeter
;WIDTH:0.36146
G1 F900
G1 X98.516 Y106.703 E1.5063 ; perimeter
G1 E.4563 F2100 ; retract
;WIPE_START
G1 F5760
G1 X98.399 Y107.133 E.30195 ; wipe and retract
;WIPE_END
G1 E.0063 F2100 ; retract
G92 E0 ; reset extrusion distance
G1 Z.96 F600 ; move to first perimeter point
G1 X98.254 Y107.096 F7200 ; move to first perimeter point
G1 X99.288 Y111.002 ; move to first perimeter point
G1 X99.349 Y111.115 ; move to first perimeter point
G1 X99.576 Y111.406 ; move to first perimeter point
G1 X99.812 Y111.705 ; move to first perimeter point
G1 X100.19 Y111.891 ; move to first perimeter point
G1 X100.292 Y111.903 ; move to first perimeter point
G1 X100.701 Y111.953 ; move to first perimeter point
G1 X100.682 Y112.118 ; move to first perimeter point
G1 Z.76 F600 ; move to first perimeter point
G1 E1.5 F1500 ;  ; unretract
;WIDTH:0.399999
G1 F720
G1 X100.174 Y112.219 E1.50815 ; perimeter
G1 X98.492 Y112.684 E1.53561 ; perimeter
;WIDTH:0.389604
G1 X98.405 Y112.884 E1.53895 ; perimeter
;WIDTH:0.399999
G1 X98.156 Y111.103 E1.56725 ; perimeter
G1 X98.11 Y110.449 E1.57757 ; perimeter
G1 X98.103 Y109.871 E1.58667 ; perimeter
G1 X98.139 Y109.117 E1.59855 ; perimeter
G1 X98.227 Y108.343 E1.61081 ; perimeter
G1 X98.399 Y107.133 E1.63004 ; perimeter
;WIDTH:0.3886
G1 X98.492 Y107.315 E1.63316 ; perimeter
;WIDTH:0.399999
G1 X99.671 Y107.646 E1.65243 ; perimeter
;WIDTH:0.441263
G1 X99.872 Y107.724 E1.65619 ; perimeter
;WIDTH:0.482526
G1 X100.072 Y107.801 E1.6603 ; perimeter
G1 X99.858 Y107.824 E1.66443 ; perimeter
;WIDTH:0.441263
G1 X99.644 Y107.847 E1.66819 ; perimeter
;WIDTH:0.399999
G1 X99.459 Y107.998 E1.67195 ; perimeter
G1 X99.342 Y108.583 E1.68134 ; perimeter
G1 X99.342 Y109.162 E1.69045 ; perimeter
G1 X99.405 Y109.304 E1.69289 ; perimeter
G1 X99.544 Y109.352 E1.6952 ; perimeter
;WIDTH:0.445999
G1 X99.837 Y109.375 E1.70039 ; perimeter
;WIDTH:0.491998
G1 X100.131 Y109.398 E1.70616 ; perimeter
G1 X100.701 Y109.381 E1.71732 ; perimeter
;WIDTH:0.474388
G1 X101.206 Y109.389 E1.72683 ; perimeter
G1 X101.206 Y109.615 E1.73109 ; perimeter
;WIDTH:0.484608
G1 X101.257 Y109.841 E1.73555 ; perimeter
;WIDTH:0.487258
G1 X101.316 Y109.891 E1.73705 ; perimeter
G1 X101.241 Y109.87 E1.73856 ; perimeter
;WIDTH:0.484608
G1 X100.674 Y109.82 E1.74952 ; perimeter
;WIDTH:0.491998
G1 X100.159 Y109.867 E1.75964 ; perimeter
G1 X99.94 Y109.992 E1.76457 ; perimeter
;WIDTH:0.445999
G1 X99.722 Y110.118 E1.76901 ; perimeter
;WIDTH:0.399999
G1 X99.419 Y110.476 E1.77639 ; perimeter
G1 X99.3 Y111.016 E1.78509 ; perimeter
G1 X99.416 Y111.523 E1.79328 ; perimeter
G1 X99.722 Y111.883 E1.80072 ; perimeter
G1 X100.164 Y112.089 E1.80839 ; perimeter
G1 X100.622 Y112.114 E1.81561 ; perimeter
G1 E.76561 F2100 ; retract
;WIPE_START
G1 F5760
G1 X100.682 Y112.118 E.74478 ; wipe and retract
G1 X100.174 Y112.219 E.56539 ; wipe and retract
G1 X99.479 Y112.411 E.31561 ; wipe and retract
;WIPE_END
G92 E0 ; reset extrusion distance
G1 Z.96 F600 ; move to first perimeter point
G1 X98.939 Y109.888 F7200 ; move to first perimeter point
G1 Z.76 F600 ; move to first perimeter point
G1 E1.5 F1500 ;  ; unretract
;TYPE:Perimeter
;WIDTH:0.450414
G1 X98.912 Y109.935 E1.50097 ; perimeter
G1 X98.858 Y109.935 E1.50193 ; perimeter
G1 X98.831 Y109.888 E1.5029 ; perimeter
G1 X98.858 Y109.842 E1.50385 ; perimeter
G1 X98.912 Y109.842 E1.50481 ; perimeter
G1 E.45481 F2100 ; retract
;WIPE_START
G1 F5760
G1 X98.858 Y109.842 E.43611 ; wipe and retract
G1 X98.831 Y109.888 E.41764 ; wipe and retract
G1 X98.858 Y109.935 E.39887 ; wipe and retract
G1 X98.912 Y109.935 E.38017 ; wipe and retract
G1 X98.939 Y109.888 E.3614 ; wipe and retract
;WIPE_END
G1 E.00481 F2100 ; retract
G92 E0 ; reset extrusion distance
G1 Z.96 F600 ; move to first perimeter point
G1 X98.226 Y109.958 F7200 ; move to first perimeter point
G1 X99.653 Y108.047 ; move to first perimeter point
G1 X101.738 Y107.993 ; move to first perimeter point
G1 X103.863 Y108.563 ; move to first perimeter point
G1 X104.864 Y105.147 ; move to first perimeter point
G1 X105.404 Y105.687 ; move to first perimeter point
G1 X108.103 Y103.692 ; move to first perimeter point
G1 X108.176 Y103.967 ; move to first perimeter point
G1 X108.563 Y103.863 ; move to first perimeter point
G1 X110.136 Y100.842 ; move to first perimeter point
G1 X110.118 Y100.701 ; move to first perimeter point
G1 X110.18 Y100.19 ; move to first perimeter point
G1 X110.366 Y99.812 ; move to first perimeter point
G1 X110.666 Y99.578 ; move to first perimeter point
G1 X111.07 Y99.309 ; move to first perimeter point
G1 X111.398 Y99.539 ; move to first perimeter point
G1 X111.07 Y100.087 ; move to first perimeter point
G1 Z.76 F600 ; move to first perimeter point
G1 E1.5 F1500 ;  ; unretract
;TYPE:External perimeter
;WIDTH:0.346059
G1 F720
G1 X111.159 Y100.133 E1.50135 ; perimeter
G1 X111.233 Y100.369 E1.50469 ; perimeter
G1 X111.233 Y101.048 E1.51385 ; perimeter
;WIDTH:0.34595
G1 X111.135 Y101.297 E1.51746 ; perimeter
G1 X111.006 Y101.297 E1.5192 ; perimeter
G1 X110.908 Y101.048 E1.52281 ; perimeter
;WIDTH:0.346059
G1 X110.908 Y100.369 E1.53197 ; perimeter
G1 X110.955 Y100.165 E1.5348 ; perimeter
G1 X111.02 Y100.12 E1.53587 ; perimeter
G1 E.48587 F2100 ; retract
;WIPE_START
G1 F5760
G1 X111.07 Y100.087 E.46512 ; wipe and retract
G1 X111.159 Y100.133 E.43042 ; wipe and retract
G1 X111.233 Y100.369 E.34476 ; wipe and retract
G1 X111.233 Y101.048 E.10959 ; wipe and retract
G1 X111.155 Y101.246 E.03587 ; wipe and retract
;WIPE_END
G92 E0 ; reset extrusion distance
G1 Z.96 F600 ; move to first perimeter point
G1 X111.274 Y101.861 F7200 ; move to first perimeter point
G1 X111.437 Y103.863 ; move to first perimeter point
G1 X111.824 Y103.967 ; move to first perimeter point
G1 X113.802 Y102.79 ; move to first perimeter point
G1 X114 Y102.446 ; move to first perimeter point
G1 X114.817 Y103.389 ; move to first perimeter point
G1 X115.198 Y102.951 ; move to first perimeter point
G1 Z.76 F600 ; move to first perimeter point
G1 E1.5 F1500 ;  ; unretract
;WIDTH:0.345946
G1 F720
G1 X115.238 Y102.687 E1.5036 ; perimeter
;WIDTH:0.346056
G1 X115.577 Y102.099 E1.51276 ; perimeter
G1 X115.719 Y101.945 E1.51559 ; perimeter
G1 X115.858 Y101.935 E1.51747 ; perimeter
G1 X115.913 Y102.02 E1.51884 ; perimeter
G1 X115.869 Y102.243 E1.52191 ; perimeter
G1 X115.519 Y102.849 E1.53135 ; perimeter
;WIDTH:0.345946
G1 X115.31 Y103.016 E1.53496 ; perimeter
G1 X115.25 Y102.981 E1.5359 ; perimeter
G1 E.4859 F2100 ; retract
;WIPE_START
G1 F5760
G1 X115.198 Y102.951 E.46511 ; wipe and retract
G1 X115.238 Y102.687 E.37263 ; wipe and retract
G1 X115.577 Y102.099 E.13755 ; wipe and retract
G1 X115.719 Y101.945 E.065 ; wipe and retract
G1 X115.803 Y101.939 E.0359 ; wipe and retract
;WIPE_END
G92 E0 ; reset extrusion distance
G1 Z.96 F600 ; move to first perimeter point
G1 X115.872 Y101.305 F7200 ; move to first perimeter point
G1 X116.257 Y101.245 ; move to first perimeter point
G1 X118.202 Y101.515 ; move to first perimeter point
G1 X118.485 Y101.798 ; move to first perimeter point
G1 X119.793 Y105.562 ; move to first perimeter point
G1 X119.758 Y105.963 ; move to first perimeter point
G1 X119.756 Y106.012 ; move to first perimeter point
G1 X119.12 Y105.985 ; move to first perimeter point
G1 Z.76 F600 ; move to first perimeter point
G1 E1.5 F1500 ;  ; unretract
;WIDTH:0.34606
G1 F720
G1 X119.129 Y106.021 E1.5005 ; perimeter
G1 X118.966 Y106.227 E1.50405 ; perimeter
G1 X118.36 Y106.577 E1.51349 ; perimeter
;WIDTH:0.345947
G1 X118.096 Y106.617 E1.51709 ; perimeter
G1 X118.031 Y106.505 E1.51884 ; perimeter
G1 X118.198 Y106.296 E1.52245 ; perimeter
;WIDTH:0.34606
G1 X118.804 Y105.946 E1.53189 ; perimeter
G1 X119.063 Y105.907 E1.53542 ; perimeter
G1 X119.084 Y105.936 E1.5359 ; perimeter
G1 E.4859 F2100 ; retract
;WIPE_START
G1 F5760
G1 X119.12 Y105.985 E.46484 ; wipe and retract
G1 X119.129 Y106.021 E.45199 ; wipe and retract
G1 X118.966 Y106.227 E.36101 ; wipe and retract
G1 X118.36 Y106.577 E.11863 ; wipe and retract
G1 X118.124 Y106.613 E.0359 ; wipe and retract
;WIPE_END
G92 E0 ; reset extrusion distance
G1 Z.96 F600 ; move to first perimeter point
G1 X117.668 Y107.008 F7200 ; move to first perimeter point
G1 X118.544 Y107.504 ; move to first perimeter point
G1 X121.346 Y106.753 ; move to first perimeter point
G1 X121.45 Y107.139 ; move to first perimeter point
G1 X118.75 Y107.941 ; move to first perimeter point
G1 X119.259 Y109.145 ; move to first perimeter point
G1 X119.276 Y109.059 ; move to first perimeter point
G1 Z.76 F600 ; move to first perimeter point
G1 E1.5 F1500 ;  ; unretract
;WIDTH:0.448006
G1 F900
G1 X119.249 Y109.105 E1.50095 ; perimeter
G1 X119.196 Y109.105 E1.50189 ; perimeter
G1 X119.17 Y109.059 E1.50283 ; perimeter
G1 X119.196 Y109.013 E1.50377 ; perimeter
G1 X119.249 Y109.013 E1.50471 ; perimeter
G1 E.45471 F2100 ; retract
;WIPE_START
G1 F5760
G1 X119.196 Y109.013 E.43635 ; wipe and retract
G1 X119.17 Y109.059 E.41805 ; wipe and retract
G1 X119.196 Y109.105 E.39975 ; wipe and retract
G1 X119.249 Y109.105 E.38139 ; wipe and retract
G1 X119.276 Y109.059 E.36292 ; wipe and retract
;WIPE_END
G1 E.00471 F2100 ; retract
G92 E0 ; reset extrusion distance
G1 Z.96 F600 ; move to first perimeter point
G1 X119.259 Y109.145 F7200 ; move to first perimeter point
G1 X119.044 Y109.86 ; move to first perimeter point
G1 X118.412 Y110.402 ; move to first perimeter point
G1 X118.178 Y110.702 ; move to first perimeter point
G1 X118.152 Y110.781 ; move to first perimeter point
G1 X118.125 Y110.949 ; move to first perimeter point
G1 X118.703 Y111.042 ; move to first perimeter point
G1 Z.76 F600 ; move to first perimeter point
G1 E1.5 F1500 ;  ; unretract
;WIDTH:0.345934
G1 F720
G1 X118.952 Y110.945 E1.5036 ; perimeter
;WIDTH:0.346056
G1 X119.631 Y110.944 E1.51276 ; perimeter
G1 X119.835 Y110.991 E1.51559 ; perimeter
G1 X119.905 Y111.076 E1.51708 ; perimeter
G1 X119.895 Y111.172 E1.51838 ; perimeter
G1 X119.652 Y111.269 E1.52191 ; perimeter
G1 X118.952 Y111.269 E1.53136 ; perimeter
;WIDTH:0.345934
G1 X118.703 Y111.171 E1.53497 ; perimeter
G1 X118.703 Y111.102 E1.5359 ; perimeter
G1 E.4859 F2100 ; retract
;WIPE_START
G1 F5760
G1 X118.703 Y111.042 E.46512 ; wipe and retract
G1 X118.952 Y110.945 E.37256 ; wipe and retract
G1 X119.631 Y110.944 E.13739 ; wipe and retract
G1 X119.835 Y110.991 E.06488 ; wipe and retract
G1 X119.888 Y111.056 E.0359 ; wipe and retract
;WIPE_END
G92 E0 ; reset extrusion distance
G1 Z.96 F600 ; move to first perimeter point
G1 X120.443 Y111.431 F7200 ; move to first perimeter point
G1 X121.45 Y112.861 ; move to first perimeter point
G1 X121.346 Y113.247 ; move to first perimeter point
G1 X118.396 Y112.588 ; move to first perimeter point
G1 X118.081 Y112.628 ; move to first perimeter point
G1 X117.79 Y112.813 ; move to first perimeter point
G1 X117.541 Y113.138 ; move to first perimeter point
G1 X117.318 Y113.474 ; move to first perimeter point
G1 X116.481 Y114.975 ; move to first perimeter point
G1 X116.454 Y115.053 ; move to first perimeter point
G1 X116.422 Y115.144 ; move to first perimeter point
G1 X116.97 Y115.333 ; move to first perimeter point
G1 Z.76 F600 ; move to first perimeter point
G1 E1.5 F1500 ;  ; unretract
;WIDTH:0.345945
G1 F720
G1 X117.035 Y115.221 E1.50175 ; perimeter
G1 X117.299 Y115.261 E1.50535 ; perimeter
;WIDTH:0.346057
G1 X117.888 Y115.601 E1.51453 ; perimeter
G1 X118.041 Y115.743 E1.51735 ; perimeter
G1 X118.059 Y115.852 E1.51884 ; perimeter
G1 X118.003 Y115.93 E1.52014 ; perimeter
G1 X117.743 Y115.892 E1.52369 ; perimeter
G1 X117.137 Y115.542 E1.53313 ; perimeter
;WIDTH:0.345945
G1 X117.008 Y115.38 E1.53592 ; perimeter
G1 E.48592 F2100 ; retract
;WIPE_START
G1 F5760
G1 X116.97 Y115.333 E.46499 ; wipe and retract
G1 X117.035 Y115.221 E.42014 ; wipe and retract
G1 X117.299 Y115.261 E.32766 ; wipe and retract
G1 X117.888 Y115.601 E.09211 ; wipe and retract
G1 X118.007 Y115.711 E.03592 ; wipe and retract
;WIPE_END
G92 E0 ; reset extrusion distance
G1 Z.96 F600 ; move to first perimeter point
G1 X117.928 Y115.542 F7200 ; move to first perimeter point
G1 X117.822 Y115.56 ; move to first perimeter point
G1 X117.805 Y115.569 ; move to first perimeter point
G1 X117.701 Y115.66 ; move to first perimeter point
G1 X117.685 Y115.689 ; move to first perimeter point
G1 X117.591 Y115.945 ; move to first perimeter point
G1 X116.931 Y116.316 ; move to first perimeter point
G1 X116.152 Y115.869 ; move to first perimeter point
G1 X114.596 Y114.313 ; move to first perimeter point
G1 X114.313 Y114.596 ; move to first perimeter point
G1 X116.357 Y116.64 ; move to first perimeter point
G1 X116.235 Y116.708 ; move to first perimeter point
G1 X115.741 Y117.014 ; move to first perimeter point
G1 X115.517 Y117.112 ; move to first perimeter point
G1 Z.76 F600 ; move to first perimeter point
G1 E1.5 F1500 ;  ; unretract
;WIDTH:0.608568
G1 F900
G1 X115.48 Y117.176 E1.5018 ; perimeter
G1 X115.407 Y117.176 E1.50358 ; perimeter
G1 X115.37 Y117.112 E1.50538 ; perimeter
G1 X115.407 Y117.048 E1.50718 ; perimeter
G1 X115.48 Y117.048 E1.50896 ; perimeter
G1 E.45896 F2100 ; retract
;WIPE_START
G1 F5760
G1 X115.407 Y117.048 E.43368 ; wipe and retract
G1 X115.37 Y117.112 E.40808 ; wipe and retract
G1 X115.407 Y117.176 E.38248 ; wipe and retract
G1 X115.48 Y117.176 E.3572 ; wipe and retract
G1 X115.517 Y117.112 E.3316 ; wipe and retract
;WIPE_END
G1 E.00896 F2100 ; retract
G92 E0 ; reset extrusion distance
G1 Z.96 F600 ; move to first perimeter point
G1 X115.741 Y117.014 F7200 ; move to first perimeter point
G1 X114.639 Y117.513 ; move to first perimeter point
G1 X113.492 Y117.427 ; move to first perimeter point
G1 X113.408 Y117.439 ; move to first perimeter point
G1 X113.241 Y117.506 ; move to first perimeter point
G1 X113.46 Y118.052 ; move to first perimeter point
G1 Z.76 F600 ; move to first perimeter point
G1 E1.5 F1500 ;  ; unretract
;WIDTH:0.345945
G1 F720
G1 X113.669 Y118.219 E1.50361 ; perimeter
;WIDTH:0.346056
G1 X114.008 Y118.807 E1.51277 ; perimeter
G1 X114.066 Y119.034 E1.51593 ; perimeter
G1 X114.058 Y119.084 E1.51661 ; perimeter
G1 X113.943 Y119.15 E1.5184 ; perimeter
G1 X113.738 Y118.987 E1.52193 ; perimeter
G1 X113.388 Y118.381 E1.53137 ; perimeter
;WIDTH:0.345945
G1 X113.348 Y118.117 E1.53497 ; perimeter
G1 X113.408 Y118.082 E1.53591 ; perimeter
G1 E.48591 F2100 ; retract
;WIPE_START
G1 F5760
G1 X113.46 Y118.052 E.46512 ; wipe and retract
G1 X113.669 Y118.219 E.37246 ; wipe and retract
G1 X114.008 Y118.807 E.13738 ; wipe and retract
G1 X114.066 Y119.034 E.05623 ; wipe and retract
G1 X114.058 Y119.084 E.03869 ; wipe and retract
G1 X114.051 Y119.088 E.03591 ; wipe and retract
;WIPE_END
G92 E0 ; reset extrusion distance
G1 Z.96 F600 ; move to first perimeter point
G1 X114.642 Y119.3 F7200 ; move to first perimeter point
G1 X114.645 Y119.393 ; move to first perimeter point
G1 X114.506 Y119.749 ; move to first perimeter point
G1 X113.247 Y121.346 ; move to first perimeter point
G1 X112.861 Y121.45 ; move to first perimeter point
G1 X109.351 Y120.422 ; move to first perimeter point
G1 X109.217 Y120.47 ; move to first perimeter point
G1 X109.013 Y119.895 ; move to first perimeter point
G1 Z.76 F600 ; move to first perimeter point
G1 E1.5 F1500 ;  ; unretract
;WIDTH:0.34606
G1 F720
G1 X108.881 Y119.895 E1.50178 ; perimeter
G1 X108.784 Y119.652 E1.50531 ; perimeter
G1 X108.784 Y118.972 E1.51449 ; perimeter
;WIDTH:0.345951
G1 X108.831 Y118.765 E1.51735 ; perimeter
G1 X108.947 Y118.685 E1.51925 ; perimeter
G1 X109.034 Y118.731 E1.52058 ; perimeter
G1 X109.109 Y118.972 E1.52399 ; perimeter
;WIDTH:0.34606
G1 X109.109 Y119.652 E1.53317 ; perimeter
G1 X109.035 Y119.84 E1.5359 ; perimeter
G1 E.4859 F2100 ; retract
;WIPE_START
G1 F5760
G1 X109.013 Y119.895 E.46538 ; wipe and retract
G1 X108.881 Y119.895 E.41966 ; wipe and retract
G1 X108.784 Y119.652 E.32904 ; wipe and retract
G1 X108.784 Y118.972 E.09352 ; wipe and retract
G1 X108.821 Y118.81 E.0359 ; wipe and retract
;WIPE_END
G92 E0 ; reset extrusion distance
G1 Z.96 F600 ; move to first perimeter point
G1 X108.409 Y118.282 F7200 ; move to first perimeter point
G1 X108.563 Y116.137 ; move to first perimeter point
G1 X108.176 Y116.033 ; move to first perimeter point
G1 X104.936 Y116.448 ; move to first perimeter point
G1 X104.909 Y116.438 ; move to first perimeter point
G1 X104.721 Y116.981 ; move to first perimeter point
G1 Z.76 F600 ; move to first perimeter point
G1 E1.5 F1500 ;  ; unretract
;WIDTH:0.345947
G1 F720
G1 X104.774 Y117.064 E1.50133 ; perimeter
G1 X104.728 Y117.293 E1.50448 ; perimeter
;WIDTH:0.346056
G1 X104.378 Y117.899 E1.51392 ; perimeter
G1 X104.174 Y118.062 E1.51744 ; perimeter
G1 X104.059 Y117.996 E1.51923 ; perimeter
G1 X104.097 Y117.737 E1.52276 ; perimeter
G1 X104.437 Y117.148 E1.53194 ; perimeter
;WIDTH:0.345947
G1 X104.581 Y116.993 E1.53479 ; perimeter
G1 X104.662 Y116.986 E1.53589 ; perimeter
G1 E.48589 F2100 ; retract
;WIPE_START
G1 F5760
G1 X104.721 Y116.981 E.46538 ; wipe and retract
G1 X104.774 Y117.064 E.43127 ; wipe and retract
G1 X104.728 Y117.293 E.35037 ; wipe and retract
G1 X104.378 Y117.899 E.10799 ; wipe and retract
G1 X104.215 Y118.029 E.03589 ; wipe and retract
;WIPE_END
G92 E0 ; reset extrusion distance
G1 Z.96 F600 ; move to first perimeter point
G1 X104.447 Y117.922 F7200 ; move to first perimeter point
G1 X104.429 Y117.816 ; move to first perimeter point
G1 X104.42 Y117.799 ; move to first perimeter point
G1 X104.329 Y117.695 ; move to first perimeter point
G1 X104.3 Y117.679 ; move to first perimeter point
G1 X104.164 Y117.651 ; move to first perimeter point
G1 X104.019 Y117.633 ; move to first perimeter point
G1 X103.67 Y116.93 ; move to first perimeter point
G1 X104.131 Y116.152 ; move to first perimeter point
G1 X105.687 Y114.596 ; move to first perimeter point
G1 X105.404 Y114.313 ; move to first perimeter point
G1 X102.554 Y113.428 ; move to first perimeter point
G1 X102.504 Y113.285 ; move to first perimeter point
G1 X101.956 Y113.474 ; move to first perimeter point
G1 Z.76 F600 ; move to first perimeter point
G1 E1.5 F1500 ;  ; unretract
;WIDTH:0.345946
G1 F720
G1 X101.789 Y113.683 E1.50361 ; perimeter
;WIDTH:0.346057
G1 X101.183 Y114.033 E1.51305 ; perimeter
G1 X100.924 Y114.072 E1.51658 ; perimeter
G1 X100.858 Y113.957 E1.51837 ; perimeter
G1 X101.021 Y113.752 E1.5219 ; perimeter
G1 X101.627 Y113.402 E1.53134 ; perimeter
;WIDTH:0.345946
G1 X101.891 Y113.362 E1.53494 ; perimeter
G1 X101.933 Y113.42 E1.53591 ; perimeter
G1 E.48591 F2100 ; retract
;WIPE_START
G1 F5760
G1 X101.956 Y113.474 E.46558 ; wipe and retract
G1 X101.789 Y113.683 E.37292 ; wipe and retract
G1 X101.183 Y114.033 E.13054 ; wipe and retract
G1 X100.924 Y114.072 E.03982 ; wipe and retract
G1 X100.918 Y114.062 E.03591 ; wipe and retract
;WIPE_END
G92 E0 ; reset extrusion distance
G1 Z.96 F600 ; move to first perimeter point
G1 X100.682 Y114.646 F7200 ; move to first perimeter point
G1 X100.637 Y114.627 ; move to first perimeter point
G1 X100.305 Y114.48 ; move to first perimeter point
G1 X100.206 Y114.41 ; move to first perimeter point
G1 X98.654 Y113.247 ; move to first perimeter point
G1 X98.55 Y112.861 ; move to first perimeter point
G1 X101.21 Y111.891 ; move to first perimeter point
G1 X101.588 Y111.705 ; move to first perimeter point
G1 X101.822 Y111.405 ; move to first perimeter point
G1 X101.838 Y111.324 ; move to first perimeter point
G1 X101.873 Y111.141 ; move to first perimeter point
G1 X101.307 Y111.031 ; move to first perimeter point
G1 Z.76 F600 ; move to first perimeter point
G1 E1.5 F1500 ;  ; unretract
;WIDTH:0.345945
G1 F720
G1 X101.297 Y111.066 E1.50049 ; perimeter
G1 X101.048 Y111.163 E1.5041 ; perimeter
;WIDTH:0.346049
G1 X100.348 Y111.163 E1.51355 ; perimeter
G1 X100.104 Y111.067 E1.51709 ; perimeter
G1 X100.105 Y110.935 E1.51887 ; perimeter
G1 X100.348 Y110.839 E1.5224 ; perimeter
G1 X101.048 Y110.838 E1.53185 ; perimeter
;WIDTH:0.345945
G1 X101.297 Y110.936 E1.53546 ; perimeter
G1 X101.3 Y110.971 E1.53593 ; perimeter
; stop printing object anel_mes.stl id:0 copy 0
;LAYER_CHANGE
;Z:0.86
;HEIGHT:0.1
G1 Z.86 F600 ; simple layer change
;AFTER_LAYER_CHANGE
;0.86
; printing object anel_mes.stl id:0 copy 0
G1 E.03593 F2100 ; retract
G1 Z1.06 F600 ; lift
G1 X102.927 Y109.804 F7200 ; move to first layer point
G1 Z.86 F600 ; move to first layer point
G1 E1.53593 F1500 ;  ; unretract
;TYPE:Perimeter
;WIDTH:0.651062
G1 F720
G1 X102.951 Y109.878 E1.53797 ; perimeter
;WIDTH:0.601353
G1 X102.974 Y109.951 E1.53982 ; perimeter
;WIDTH:0.551645
G1 X102.997 Y110.025 E1.54153 ; perimeter
;WIDTH:0.501936
G1 X103.021 Y110.098 E1.54307 ; perimeter
;WIDTH:0.452227
G1 X103.044 Y110.172 E1.54446 ; perimeter
;WIDTH:0.402518
G1 X103.073 Y110.424 E1.54848 ; perimeter
;WIDTH:0.376372
G1 X103.103 Y110.676 E1.55222 ; perimeter
;WIDTH:0.350226
G1 X102.802 Y110.757 E1.55648 ; perimeter
;WIDTH:0.376372
G1 X102.741 Y110.464 E1.5609 ; perimeter
;WIDTH:0.402518
G1 X102.68 Y110.172 E1.56563 ; perimeter
;WIDTH:0.452227
G1 X102.73 Y110.098 E1.56723 ; perimeter
;WIDTH:0.501936
G1 X102.779 Y110.025 E1.56899 ; perimeter
;WIDTH:0.551645
G1 X102.828 Y109.951 E1.57095 ; perimeter
;WIDTH:0.601353
G1 X102.878 Y109.878 E1.57308 ; perimeter
;WIDTH:0.651062
G1 X102.894 Y109.854 E1.57384 ; perimeter
G1 X102.894 Y109.854 F7200 ; move to first perimeter point
G1 X102.433 Y108.779 ; move to first perimeter point
;WIDTH:0.399999
G1 F720
G1 X103.495 Y109.063 E1.59114 ; perimeter
G1 X103.431 Y109.818 E1.60306 ; perimeter
G1 X103.436 Y110.35 E1.61143 ; perimeter
G1 X103.496 Y110.937 E1.62072 ; perimeter
G1 X102.447 Y111.218 E1.63781 ; perimeter
G1 X102.468 Y110.894 E1.64292 ; perimeter
G1 X102.364 Y110.395 E1.65094 ; perimeter
G1 X102.184 Y110.12 E1.65611 ; perimeter
G1 X102.286 Y110.071 E1.65789 ; perimeter
G1 X102.376 Y109.938 E1.66042 ; perimeter
G1 X102.433 Y109.689 E1.66444 ; perimeter
G1 X102.433 Y108.839 E1.67782 ; perimeter
G1 X102.433 Y108.839 F7200 ; move to first perimeter point
G1 X102.055 Y108.285 ; move to first perimeter point
;TYPE:External perimeter
G1 F720
G1 X103.8 Y108.747 E1.70623 ; perimeter
;WIDTH:0.395233
G1 X104.005 Y108.632 E1.70988 ; perimeter
;WIDTH:0.399999
G1 X103.893 Y108.933 E1.71493 ; perimeter
G1 X103.81 Y109.828 E1.72908 ; perimeter
G1 X103.802 Y110.143 E1.73404 ; perimeter
G1 X103.838 Y110.685 E1.74259 ; perimeter
G1 X103.984 Y111.325 E1.75292 ; perimeter
;WIDTH:0.389671
G1 X103.824 Y111.252 E1.75561 ; perimeter
;WIDTH:0.399999
G1 X101.775 Y111.79 E1.78895 ; perimeter
G1 X101.981 Y111.526 E1.79422 ; perimeter
G1 X102.097 Y111.037 E1.80213 ; perimeter
G1 X102.018 Y110.556 E1.8098 ; perimeter
G1 X101.744 Y110.171 E1.81724 ; perimeter
;WIDTH:0.445135
G1 X101.555 Y110.043 E1.82126 ; perimeter
;WIDTH:0.49027
G1 X101.367 Y109.915 E1.82569 ; perimeter
G1 X101.616 Y109.897 E1.83056 ; perimeter
;WIDTH:0.445135
G1 X101.866 Y109.879 E1.83497 ; perimeter
;WIDTH:0.399999
G1 X102.006 Y109.817 E1.83738 ; perimeter
G1 X102.055 Y109.689 E1.83954 ; perimeter
G1 X102.055 Y108.345 E1.86069 ; perimeter
G1 X102.055 Y108.345 F7200 ; move to first perimeter point
G1 X102.939 Y109.437 ; move to first perimeter point
;TYPE:Perimeter
;WIDTH:0.654064
G1 F1500
G1 X102.927 Y109.804 E1.87035 ; perimeter
G1 X102.927 Y109.804 F7200 ; move to first perimeter point
G1 X103.99 Y111.34 ; move to first perimeter point
;TYPE:External perimeter
;WIDTH:0.36146
G1 F900
G1 X104.124 Y111.818 E1.87737 ; perimeter
G1 E.82737 F2100 ; retract
;WIPE_START
G1 F5760
G1 X103.99 Y111.34 E.65543 ; wipe and retract
;WIPE_END
G1 E.37737 F2100 ; retract
G92 E0 ; reset extrusion distance
G1 Z1.06 F600 ; move to first perimeter point
G1 X104.123 Y111.288 F7200 ; move to first perimeter point
G1 X104.295 Y113.22 ; move to first perimeter point
G1 X104.312 Y113.284 ; move to first perimeter point
G1 X104.373 Y113.34 ; move to first perimeter point
G1 X104.411 Y113.366 ; move to first perimeter point
G1 X104.065 Y113.859 ; move to first perimeter point
G1 Z.86 F600 ; move to first perimeter point
G1 E1.5 F1500 ;  ; unretract
;TYPE:Perimeter
;WIDTH:0.659022
G1 F720
G1 X103.977 Y113.809 E1.50268 ; perimeter
;WIDTH:0.616971
G1 X103.889 Y113.758 E1.5052 ; perimeter
;WIDTH:0.574919
G1 X103.8 Y113.708 E1.50755 ; perimeter
;WIDTH:0.532868
G1 X103.712 Y113.657 E1.50971 ; perimeter
;WIDTH:0.490816
G1 X103.624 Y113.607 E1.51169 ; perimeter
;WIDTH:0.448765
G1 X103.536 Y113.556 E1.5135 ; perimeter
;WIDTH:0.406713
G1 X103.54 Y113.457 E1.51509 ; perimeter
G1 X103.379 Y112.95 E1.52361 ; perimeter
;WIDTH:0.357944
G1 X103.687 Y112.868 E1.52807 ; perimeter
;WIDTH:0.406713
G1 X103.901 Y113.354 E1.53658 ; perimeter
;WIDTH:0.448765
G1 X103.928 Y113.438 E1.53815 ; perimeter
;WIDTH:0.490816
G1 X103.956 Y113.522 E1.53988 ; perimeter
;WIDTH:0.532868
G1 X103.983 Y113.606 E1.54176 ; perimeter
;WIDTH:0.574919
G1 X104.01 Y113.691 E1.54381 ; perimeter
;WIDTH:0.616971
G1 X104.038 Y113.775 E1.546 ; perimeter
;WIDTH:0.659022
G1 X104.047 Y113.802 E1.54675 ; perimeter
G1 X104.047 Y113.802 F7200 ; move to first perimeter point
G1 X104.061 Y114.838 ; move to first perimeter point
;WIDTH:0.399999
G1 F720
G1 X104.002 Y114.673 E1.54951 ; perimeter
G1 X103.769 Y114.3 E1.55643 ; perimeter
G1 X103.485 Y113.988 E1.56307 ; perimeter
G1 X103.309 Y113.864 E1.56646 ; perimeter
G1 X103.117 Y113.845 E1.5695 ; perimeter
G1 X103.157 Y113.448 E1.57578 ; perimeter
G1 X102.993 Y112.926 E1.58439 ; perimeter
G1 X102.866 Y112.718 E1.58823 ; perimeter
G1 X103.898 Y112.441 E1.60505 ; perimeter
G1 X103.989 Y112.672 E1.60896 ; perimeter
G1 X104.221 Y113.142 E1.61721 ; perimeter
G1 X104.497 Y113.591 E1.6255 ; perimeter
G1 X104.834 Y114.065 E1.63465 ; perimeter
G1 X104.104 Y114.795 E1.6509 ; perimeter
G1 X104.104 Y114.795 F7200 ; move to first perimeter point
G1 X105.492 Y114.181 ; move to first perimeter point
;TYPE:External perimeter
;WIDTH:0.36146
G1 F900
G1 X105.814 Y114.506 E1.65737 ; perimeter
G1 E.60737 F2100 ; retract
;WIPE_START
G1 F5760
G1 X105.492 Y114.181 E.44891 ; wipe and retract
;WIPE_END
G1 E.15737 F2100 ; retract
G92 E0 ; reset extrusion distance
G1 Z1.06 F600 ; move to first perimeter point
G1 X105.404 Y114.299 F7200 ; move to first perimeter point
G1 X104.592 Y114.573 ; move to first perimeter point
G1 X104.306 Y114.955 ; move to first perimeter point
G1 X104.086 Y115.404 ; move to first perimeter point
G1 X103.912 Y115.727 ; move to first perimeter point
G1 X103.779 Y115.655 ; move to first perimeter point
G1 Z.86 F600 ; move to first perimeter point
G1 E1.5 F1500 ;  ; unretract
;WIDTH:0.399999
G1 F720
G1 X103.812 Y115.318 E1.50533 ; perimeter
G1 X103.646 Y114.8 E1.51389 ; perimeter
G1 X103.457 Y114.514 E1.51929 ; perimeter
G1 X103.212 Y114.251 E1.52495 ; perimeter
G1 X103.034 Y114.197 E1.52788 ; perimeter
;WIDTH:0.449694
G1 X102.874 Y114.258 E1.53093 ; perimeter
;WIDTH:0.499389
G1 X102.713 Y114.319 E1.53435 ; perimeter
;WIDTH:0.549083
G1 X102.552 Y114.379 E1.53812 ; perimeter
G1 X102.6 Y114.25 E1.54114 ; perimeter
;WIDTH:0.499389
G1 X102.648 Y114.121 E1.54387 ; perimeter
;WIDTH:0.449694
G1 X102.695 Y113.991 E1.54633 ; perimeter
;WIDTH:0.399999
G1 X102.779 Y113.531 E1.55369 ; perimeter
G1 X102.635 Y113.05 E1.56159 ; perimeter
G1 X102.326 Y112.672 E1.56927 ; perimeter
G1 X102.059 Y112.542 E1.57394 ; perimeter
G1 X104.026 Y112.006 E1.60603 ; perimeter
;WIDTH:0.392242
G1 X104.105 Y111.928 E1.60774 ; perimeter
;WIDTH:0.373428
G1 X104.124 Y111.818 E1.60937 ; perimeter
;WIDTH:0.392242
G1 X104.175 Y112.082 E1.61351 ; perimeter
;WIDTH:0.399999
G1 X104.408 Y112.666 E1.62341 ; perimeter
G1 X104.655 Y113.128 E1.63165 ; perimeter
G1 X104.926 Y113.563 E1.63972 ; perimeter
G1 X105.246 Y113.979 E1.64798 ; perimeter
;WIDTH:0.399702
G1 X105.492 Y114.181 E1.65299 ; perimeter
;WIDTH:0.391865
G1 X105.276 Y114.171 E1.65632 ; perimeter
;WIDTH:0.399702
G1 X105.231 Y114.204 E1.6572 ; perimeter
;WIDTH:0.399999
G1 X103.821 Y115.613 E1.68857 ; perimeter
G1 X103.821 Y115.613 F7200 ; move to first perimeter point
G1 X104.065 Y113.859 ; move to first perimeter point
;TYPE:Perimeter
;WIDTH:0.659022
G1 F1500
G1 X104.178 Y114.019 E1.69376 ; perimeter
G1 E.64376 F2100 ; retract
;WIPE_START
G1 F5760
G1 X104.065 Y113.859 E.57592 ; wipe and retract
;WIPE_END
G1 E.19376 F2100 ; retract
G92 E0 ; reset extrusion distance
G1 Z1.06 F600 ; move to first perimeter point
G1 X103.647 Y114.344 F7200 ; move to first perimeter point
G1 X103.629 Y114.328 ; move to first perimeter point
G1 X103.451 Y114.24 ; move to first perimeter point
G1 X103.355 Y114.203 ; move to first perimeter point
G1 X103.108 Y114.113 ; move to first perimeter point
G1 X101.698 Y114.968 ; move to first perimeter point
G1 X101.695 Y114.97 ; move to first perimeter point
G1 X101.619 Y114.849 ; move to first perimeter point
G1 Z.86 F600 ; move to first perimeter point
G1 E1.5 F1500 ;  ; unretract
;TYPE:External perimeter
;WIDTH:0.36146
G1 F900
G1 X101.654 Y114.833 E1.50054 ; perimeter
;WIDTH:0.404428
G1 X101.755 Y114.799 E1.50224 ; perimeter
;WIDTH:0.447395
G1 X101.857 Y114.765 E1.50414 ; perimeter
;WIDTH:0.490362
G1 X101.958 Y114.73 E1.50622 ; perimeter
;WIDTH:0.53333
G1 X102.06 Y114.696 E1.50851 ; perimeter
;WIDTH:0.576297
G1 X102.161 Y114.662 E1.51097 ; perimeter
;WIDTH:0.619265
G1 X102.263 Y114.627 E1.51365 ; perimeter
;WIDTH:0.662232
G1 X102.364 Y114.593 E1.51649 ; perimeter
G1 X102.385 Y114.62 E1.5174 ; perimeter
;WIDTH:0.625907
G1 X102.406 Y114.646 E1.51824 ; perimeter
;WIDTH:0.589581
G1 X102.427 Y114.673 E1.51905 ; perimeter
;WIDTH:0.553256
G1 X102.56 Y114.793 E1.52301 ; perimeter
;WIDTH:0.519574
G1 X102.694 Y114.912 E1.52672 ; perimeter
;WIDTH:0.485891
G1 X102.827 Y115.032 E1.53018 ; perimeter
;WIDTH:0.452208
G1 X102.965 Y115.268 E1.53508 ; perimeter
G1 X102.965 Y115.268 F7200 ; move to first perimeter point
G1 X103.421 Y116.16 ; move to first perimeter point
;WIDTH:0.36146
G1 F900
G1 X103.013 Y116.524 E1.54281 ; perimeter
G1 X103.013 Y116.524 F7200 ; move to first perimeter point
G1 X103.489 Y116.967 ; move to first perimeter point
G1 F900
G1 X103.848 Y116.556 E1.55052 ; perimeter
G1 X103.848 Y116.556 F7200 ; move to first perimeter point
G1 X102.853 Y118.28 ; move to first perimeter point
;TYPE:Perimeter
;WIDTH:0.445527
G1 F720
G1 X102.946 Y118.511 E1.55491 ; perimeter
G1 X103.119 Y118.721 E1.55971 ; perimeter
;WIDTH:0.407224
G1 X103.546 Y119.066 E1.56851 ; perimeter
;WIDTH:0.399999
G1 X104.016 Y119.235 E1.57637 ; perimeter
G1 X104.281 Y119.26 E1.58056 ; perimeter
G1 X104.659 Y119.207 E1.58657 ; perimeter
G1 X104.747 Y119.493 E1.59128 ; perimeter
;WIDTH:0.435765
G1 X105.072 Y119.92 E1.60052 ; perimeter
G1 X105.49 Y120.182 E1.60902 ; perimeter
;WIDTH:0.398933
G1 X105.97 Y120.379 E1.61716 ; perimeter
;WIDTH:0.420291
G1 X106.392 Y120.417 E1.62419 ; perimeter
G1 X106.271 Y120.87 E1.63196 ; perimeter
G1 X105.828 Y120.727 E1.63968 ; perimeter
;WIDTH:0.395693
G1 X105.324 Y120.517 E1.64818 ; perimeter
;WIDTH:0.435765
G1 X104.264 Y119.976 E1.66868 ; perimeter
;WIDTH:0.399999
G1 X103.344 Y119.384 E1.6859 ; perimeter
;WIDTH:0.407224
G1 X102.876 Y119.02 E1.69541 ; perimeter
;WIDTH:0.445527
G1 X102.469 Y118.665 E1.70493 ; perimeter
G1 X102.811 Y118.323 E1.71346 ; perimeter
G1 X102.811 Y118.323 F7200 ; move to first perimeter point
G1 X103.255 Y117.31 ; move to first perimeter point
;TYPE:External perimeter
;WIDTH:0.399999
G1 F720
G1 X103.203 Y117.433 E1.71556 ; perimeter
G1 X103.16 Y117.919 E1.72324 ; perimeter
G1 X103.318 Y118.36 E1.73061 ; perimeter
G1 X103.685 Y118.705 E1.73854 ; perimeter
G1 X104.14 Y118.877 E1.7462 ; perimeter
G1 X104.61 Y118.832 E1.75363 ; perimeter
;WIDTH:0.431211
G1 X104.835 Y118.711 E1.75798 ; perimeter
;WIDTH:0.462422
G1 X105.06 Y118.591 E1.76265 ; perimeter
G1 X105.033 Y118.744 E1.7655 ; perimeter
;WIDTH:0.434683
G1 X105.005 Y118.898 E1.76819 ; perimeter
;WIDTH:0.406944
G1 X105.052 Y119.244 E1.77379 ; perimeter
;WIDTH:0.399999
G1 X105.264 Y119.559 E1.77977 ; perimeter
G1 X105.61 Y119.819 E1.78658 ; perimeter
G1 X105.985 Y119.992 E1.79308 ; perimeter
G1 X106.418 Y120.034 E1.79993 ; perimeter
;WIDTH:0.405379
G1 X106.74 Y119.9 E1.8055 ; perimeter
;WIDTH:0.44793
G1 X106.975 Y119.65 E1.81158 ; perimeter
G1 X106.867 Y120.146 E1.82058 ; perimeter
;WIDTH:0.399999
G1 X106.574 Y121.309 E1.83946 ; perimeter
;WIDTH:0.388788
G1 X106.707 Y121.476 E1.84272 ; perimeter
;WIDTH:0.395716
G1 X106.418 Y121.341 E1.84768 ; perimeter
;WIDTH:0.399999
G1 X105.707 Y121.084 E1.85958 ; perimeter
G1 X105.213 Y120.88 E1.86799 ; perimeter
G1 X104.744 Y120.661 E1.87614 ; perimeter
G1 X104.073 Y120.303 E1.88811 ; perimeter
G1 X102.974 Y119.577 E1.90884 ; perimeter
G1 X102.342 Y119.09 E1.9214 ; perimeter
G1 X101.812 Y118.64 E1.93234 ; perimeter
;WIDTH:0.386982
G1 X101.918 Y118.621 E1.93398 ; perimeter
;WIDTH:0.399999
G1 X102.319 Y118.247 E1.94261 ; perimeter
G1 X103.213 Y117.353 E1.96251 ; perimeter
G1 X103.213 Y117.353 F7200 ; move to first perimeter point
G1 X101.722 Y118.609 ; move to first perimeter point
;WIDTH:0.36146
G1 F900
G1 X101.407 Y118.295 E1.9688 ; perimeter
G1 E.9188 F2100 ; retract
;WIPE_START
G1 F5760
G1 X101.722 Y118.609 E.76475 ; wipe and retract
;WIPE_END
G1 E.4688 F2100 ; retract
G92 E0 ; reset extrusion distance
G1 Z1.06 F600 ; move to first perimeter point
G1 X101.625 Y118.71 F7200 ; move to first perimeter point
G1 X102.993 Y119.15 ; move to first perimeter point
G1 X104.034 Y119.853 ; move to first perimeter point
G1 X104.231 Y119.97 ; move to first perimeter point
G1 X104.439 Y119.619 ; move to first perimeter point
G1 Z.86 F600 ; move to first perimeter point
G1 E1.5 F1500 ;  ; unretract
;TYPE:Perimeter
;WIDTH:0.384632
G1 X104.416 Y119.658 E1.50068 ; perimeter
G1 X104.348 Y119.619 E1.50186 ; perimeter
G1 X104.416 Y119.58 E1.50304 ; perimeter
G1 E.45304 F2100 ; retract
;WIPE_START
G1 F5760
G1 X104.348 Y119.619 E.42589 ; wipe and retract
G1 X104.416 Y119.658 E.39874 ; wipe and retract
G1 X104.439 Y119.619 E.38306 ; wipe and retract
;WIPE_END
G1 E.00304 F2100 ; retract
G92 E0 ; reset extrusion distance
G1 Z1.06 F600 ; move to first perimeter point
G1 X105.023 Y119.474 F7200 ; move to first perimeter point
G1 X104.985 Y119.32 ; move to first perimeter point
G1 X105.003 Y119.132 ; move to first perimeter point
G1 X105.029 Y118.948 ; move to first perimeter point
G1 X105.737 Y117.694 ; move to first perimeter point
G1 X105.752 Y117.67 ; move to first perimeter point
G1 X105.63 Y117.596 ; move to first perimeter point
G1 Z.86 F600 ; move to first perimeter point
G1 E1.5 F1500 ;  ; unretract
;TYPE:External perimeter
;WIDTH:0.411782
G1 F900
G1 X105.602 Y117.65 E1.50099 ; perimeter
;WIDTH:0.447404
G1 X105.561 Y117.789 E1.50356 ; perimeter
;WIDTH:0.490966
G1 X105.52 Y117.928 E1.50639 ; perimeter
;WIDTH:0.534528
G1 X105.479 Y118.066 E1.50946 ; perimeter
;WIDTH:0.57809
G1 X105.437 Y118.205 E1.51282 ; perimeter
G1 X105.322 Y118.327 E1.5167 ; perimeter
;WIDTH:0.541804
G1 X105.207 Y118.448 E1.52031 ; perimeter
;WIDTH:0.505518
G1 X105.092 Y118.57 E1.52368 ; perimeter
G1 E.47368 F2100 ; retract
;WIPE_START
G1 F5760
G1 X105.207 Y118.448 E.41561 ; wipe and retract
G1 X105.322 Y118.327 E.35779 ; wipe and retract
G1 X105.437 Y118.205 E.29972 ; wipe and retract
G1 X105.479 Y118.066 E.24943 ; wipe and retract
G1 X105.52 Y117.928 E.19957 ; wipe and retract
G1 X105.561 Y117.789 E.14938 ; wipe and retract
G1 X105.602 Y117.65 E.09919 ; wipe and retract
G1 X105.63 Y117.596 E.07812 ; wipe and retract
;WIPE_END
G1 E.02368 F2100 ; retract
G92 E0 ; reset extrusion distance
G1 Z1.06 F600 ; move to first perimeter point
G1 X105.752 Y117.67 F7200 ; move to first perimeter point
G1 X105.911 Y117.382 ; move to first perimeter point
G1 X106.04 Y117.268 ; move to first perimeter point
G1 X106.211 Y117.128 ; move to first perimeter point
G1 X106.67 Y116.998 ; move to first perimeter point
G1 X106.732 Y117.046 ; move to first perimeter point
G1 X107.056 Y116.619 ; move to first perimeter point
G1 Z.86 F600 ; move to first perimeter point
G1 E1.5 F1500 ;  ; unretract
;TYPE:Perimeter
;WIDTH:0.36147
G1 F720
G1 X106.74 Y116.498 E1.50478 ; perimeter
;WIDTH:0.402179
G1 X106.494 Y116.458 E1.50872 ; perimeter
;WIDTH:0.442887
G1 X106.249 Y116.419 E1.51307 ; perimeter
G1 X106.199 Y116.303 E1.51528 ; perimeter
G1 X105.97 Y116.085 E1.52082 ; perimeter
;WIDTH:0.401115
G1 X105.742 Y115.866 E1.52581 ; perimeter
;WIDTH:0.359343
G1 X105.971 Y115.636 E1.53037 ; perimeter
G1 X106.088 Y115.72 E1.53239 ; perimeter
;WIDTH:0.401115
G1 X106.29 Y115.873 E1.53639 ; perimeter
;WIDTH:0.442887
G1 X106.492 Y116.026 E1.54083 ; perimeter
G1 X106.816 Y116.165 E1.54701 ; perimeter
;WIDTH:0.395189
G1 X107.14 Y116.304 E1.55249 ; perimeter
;WIDTH:0.347491
G1 X107.071 Y116.561 E1.5561 ; perimeter
G1 X107.071 Y116.561 F7200 ; move to first perimeter point
G1 X107.268 Y117.112 ; move to first perimeter point
;WIDTH:0.399999
G1 F720
G1 X106.792 Y116.888 E1.56438 ; perimeter
G1 X106.332 Y116.817 E1.57171 ; perimeter
G1 X105.999 Y116.867 E1.57701 ; perimeter
G1 X105.778 Y116.384 E1.58537 ; perimeter
G1 X105.392 Y116.036 E1.59355 ; perimeter
G1 X105.181 Y115.92 E1.59734 ; perimeter
G1 X105.933 Y115.168 E1.61408 ; perimeter
G1 X106.486 Y115.561 E1.62476 ; perimeter
G1 X106.99 Y115.849 E1.6339 ; perimeter
G1 X107.558 Y116.106 E1.64371 ; perimeter
G1 X107.285 Y117.054 E1.65924 ; perimeter
G1 X107.285 Y117.054 F7200 ; move to first perimeter point
G1 X108.189 Y115.876 ; move to first perimeter point
;TYPE:External perimeter
;WIDTH:0.36146
G1 F900
G1 X108.613 Y115.991 E1.66545 ; perimeter
G1 E.61545 F2100 ; retract
;WIPE_START
G1 F5760
G1 X108.189 Y115.876 E.46329 ; wipe and retract
;WIPE_END
G1 E.16545 F2100 ; retract
G92 E0 ; reset extrusion distance
G1 Z1.06 F600 ; move to first perimeter point
G1 X108.169 Y116.022 F7200 ; move to first perimeter point
G1 X107.603 Y116.664 ; move to first perimeter point
G1 X107.584 Y117.148 ; move to first perimeter point
G1 X107.641 Y117.654 ; move to first perimeter point
G1 X107.631 Y117.824 ; move to first perimeter point
G1 X107.492 Y117.816 ; move to first perimeter point
G1 Z.86 F600 ; move to first perimeter point
G1 E1.5 F1500 ;  ; unretract
;WIDTH:0.399999
G1 F720
G1 X107.408 Y117.697 E1.50229 ; perimeter
G1 X107.044 Y117.417 E1.50952 ; perimeter
G1 X106.64 Y117.235 E1.51649 ; perimeter
G1 X106.264 Y117.191 E1.52245 ; perimeter
G1 X105.932 Y117.301 E1.52795 ; perimeter
;WIDTH:0.411653
G1 X105.632 Y117.592 E1.53473 ; perimeter
G1 X105.666 Y117.127 E1.54229 ; perimeter
;WIDTH:0.399999
G1 X105.509 Y116.667 E1.54994 ; perimeter
G1 X105.144 Y116.322 E1.55784 ; perimeter
G1 X104.688 Y116.15 E1.56551 ; perimeter
G1 X104.396 Y116.17 E1.57012 ; perimeter
G1 X105.829 Y114.724 E1.60216 ; perimeter
;WIDTH:0.392505
G1 X105.814 Y114.506 E1.60553 ; perimeter
;WIDTH:0.399999
G1 X106.128 Y114.842 E1.61277 ; perimeter
G1 X106.676 Y115.233 E1.62336 ; perimeter
G1 X107.146 Y115.504 E1.6319 ; perimeter
G1 X107.743 Y115.774 E1.64221 ; perimeter
G1 X108.189 Y115.876 E1.64941 ; perimeter
;WIDTH:0.392602
G1 X107.994 Y115.974 E1.65278 ; perimeter
;WIDTH:0.399999
G1 X107.507 Y117.758 E1.68188 ; perimeter
G1 X107.507 Y117.758 F7200 ; move to first perimeter point
G1 X109.243 Y117.206 ; move to first perimeter point
;TYPE:Perimeter
;WIDTH:0.354021
G1 F720
G1 X109.327 Y116.894 E1.68635 ; perimeter
;WIDTH:0.35496
G1 X109.496 Y116.915 E1.68871 ; perimeter
;WIDTH:0.382241
G1 X110.02 Y116.948 E1.69659 ; perimeter
;WIDTH:0.426995
G1 X110.085 Y116.968 E1.69774 ; perimeter
;WIDTH:0.471748
G1 X110.151 Y116.988 E1.69903 ; perimeter
;WIDTH:0.516502
G1 X110.216 Y117.008 E1.70043 ; perimeter
;WIDTH:0.561255
G1 X110.281 Y117.027 E1.70195 ; perimeter
;WIDTH:0.606009
G1 X110.346 Y117.047 E1.7036 ; perimeter
;WIDTH:0.650762
G1 X110.411 Y117.067 E1.70538 ; perimeter
G1 X110.311 Y117.132 E1.7085 ; perimeter
;WIDTH:0.603621
G1 X110.21 Y117.198 E1.71142 ; perimeter
;WIDTH:0.55648
G1 X110.11 Y117.263 E1.71407 ; perimeter
;WIDTH:0.509339
G1 X110.009 Y117.329 E1.71652 ; perimeter
;WIDTH:0.462197
G1 X109.909 Y117.394 E1.71871 ; perimeter
;WIDTH:0.415056
G1 X109.808 Y117.328 E1.72068 ; perimeter
G1 X109.526 Y117.267 E1.7254 ; perimeter
;WIDTH:0.384539
G1 X109.302 Y117.219 E1.72886 ; perimeter
G1 X109.302 Y117.219 F7200 ; move to first perimeter point
G1 X108.785 Y117.542 ; move to first perimeter point
;WIDTH:0.399999
G1 F720
G1 X109.063 Y116.504 E1.74577 ; perimeter
G1 X109.594 Y116.566 E1.75418 ; perimeter
G1 X110.403 Y116.561 E1.76691 ; perimeter
G1 X110.937 Y116.504 E1.77536 ; perimeter
G1 X111.245 Y117.653 E1.79408 ; perimeter
G1 X111.111 Y117.567 E1.79659 ; perimeter
G1 X110.372 Y117.583 E1.80822 ; perimeter
G1 X110.131 Y117.708 E1.81249 ; perimeter
G1 X109.984 Y117.938 E1.81679 ; perimeter
G1 X109.625 Y117.668 E1.82386 ; perimeter
G1 X109.055 Y117.532 E1.83308 ; perimeter
G1 X108.845 Y117.54 E1.83639 ; perimeter
G1 E.33639 F2100 ; retract
G92 E0 ; reset extrusion distance
G1 X108.845 Y117.54 Z1.06 F7200 ; move to first perimeter point
G1 X111.364 Y116 ; move to first perimeter point
G1 Z.86 F600 ; move to first perimeter point
G1 E1.5 F1500 ;  ; unretract
;TYPE:External perimeter
;WIDTH:0.36146
G1 F900
G1 X111.795 Y115.883 E1.50631 ; perimeter
G1 E.00631 F2100 ; retract
G92 E0 ; reset extrusion distance
G1 X111.795 Y115.883 Z1.06 F7200 ; move to first perimeter point
G1 X108.224 Y118.173 ; move to first perimeter point
G1 Z.86 F600 ; move to first perimeter point
G1 E1.5 F1500 ;  ; unretract
;WIDTH:0.399999
G1 F720
G1 X108.749 Y116.203 E1.53209 ; perimeter
;WIDTH:0.397154
G1 X108.613 Y115.991 E1.53602 ; perimeter
;WIDTH:0.399999
G1 X108.934 Y116.107 E1.54139 ; perimeter
G1 X109.603 Y116.187 E1.55199 ; perimeter
G1 X110.143 Y116.198 E1.56049 ; perimeter
G1 X110.685 Y116.162 E1.56904 ; perimeter
G1 X111.364 Y116 E1.58003 ; perimeter
;WIDTH:0.392175
G1 X111.25 Y116.176 E1.58326 ; perimeter
;WIDTH:0.399999
G1 X111.558 Y117.362 E1.60254 ; perimeter
;WIDTH:0.435172
G1 X111.687 Y117.909 E1.61221 ; perimeter
G1 X111.81 Y118.303 E1.61931 ; perimeter
;WIDTH:0.400811
G1 X111.934 Y118.698 E1.62584 ; perimeter
;WIDTH:0.412885
G1 X111.929 Y118.768 E1.62698 ; perimeter
;WIDTH:0.45932
G1 X111.923 Y118.838 E1.62826 ; perimeter
;WIDTH:0.505756
G1 X111.918 Y118.908 E1.62967 ; perimeter
;WIDTH:0.552191
G1 X111.913 Y118.978 E1.63122 ; perimeter
;WIDTH:0.598627
G1 X111.908 Y119.048 E1.6329 ; perimeter
;WIDTH:0.645062
G1 X111.902 Y119.119 E1.63475 ; perimeter
G1 X111.854 Y119.068 E1.63657 ; perimeter
;WIDTH:0.598627
G1 X111.805 Y119.017 E1.63827 ; perimeter
;WIDTH:0.552191
G1 X111.756 Y118.966 E1.63983 ; perimeter
;WIDTH:0.505756
G1 X111.708 Y118.915 E1.64124 ; perimeter
;WIDTH:0.45932
G1 X111.659 Y118.865 E1.64251 ; perimeter
;WIDTH:0.412885
G1 X111.61 Y118.814 E1.64366 ; perimeter
;WIDTH:0.400811
G1 X111.455 Y118.431 E1.65018 ; perimeter
;WIDTH:0.435172
G1 X111.299 Y118.049 E1.65728 ; perimeter
G1 X111.111 Y117.945 E1.66098 ; perimeter
;WIDTH:0.399999
G1 X110.506 Y117.945 E1.6705 ; perimeter
G1 X110.381 Y117.992 E1.6726 ; perimeter
;WIDTH:0.435454
G1 X110.333 Y118.081 E1.67434 ; perimeter
;WIDTH:0.470909
G1 X110.284 Y118.171 E1.67625 ; perimeter
G1 X110.499 Y118.638 E1.68586 ; perimeter
;WIDTH:0.451075
G1 X110.618 Y118.867 E1.69047 ; perimeter
;WIDTH:0.425537
G1 X110.736 Y119.097 E1.69481 ; perimeter
;WIDTH:0.399999
G1 X111.066 Y119.82 E1.70732 ; perimeter
;WIDTH:0.408986
G1 X110.252 Y119.815 E1.72043 ; perimeter
;WIDTH:0.457231
G1 X110.097 Y119.855 E1.72333 ; perimeter
;WIDTH:0.471192
G1 X110.049 Y119.912 E1.72472 ; perimeter
G1 X110.063 Y119.839 E1.72611 ; perimeter
;WIDTH:0.457231
G1 X110.08 Y119.558 E1.73121 ; perimeter
;WIDTH:0.428615
G1 X110.097 Y119.276 E1.73599 ; perimeter
;WIDTH:0.425537
G1 X110.079 Y119.019 E1.74032 ; perimeter
;WIDTH:0.451075
G1 X110.06 Y118.761 E1.74494 ; perimeter
;WIDTH:0.470909
G1 X109.861 Y118.306 E1.75422 ; perimeter
G1 X109.666 Y118.163 E1.75874 ; perimeter
;WIDTH:0.435454
G1 X109.472 Y118.019 E1.7629 ; perimeter
;WIDTH:0.399999
G1 X108.983 Y117.903 E1.77081 ; perimeter
G1 X108.502 Y117.982 E1.77848 ; perimeter
G1 X108.274 Y118.139 E1.78284 ; perimeter
G1 E.73284 F2100 ; retract
;WIPE_START
G1 F5760
G1 X108.224 Y118.173 E.7119 ; wipe and retract
G1 X108.543 Y116.976 E.28284 ; wipe and retract
;WIPE_END
G92 E0 ; reset extrusion distance
G1 Z1.06 F600 ; move to first perimeter point
G1 X108.712 Y117.065 F7200 ; move to first perimeter point
G1 X111.425 Y116.13 ; move to first perimeter point
G1 X111.831 Y116.021 ; move to first perimeter point
G1 X112.343 Y116.606 ; move to first perimeter point
G1 X113.5 Y117.02 ; move to first perimeter point
G1 X113.766 Y116.467 ; move to first perimeter point
G1 Z.86 F600 ; move to first perimeter point
G1 E1.5 F1500 ;  ; unretract
;TYPE:Perimeter
;WIDTH:0.464132
G1 F720
G1 X113.502 Y116.458 E1.50486 ; perimeter
;WIDTH:0.425296
G1 X113.227 Y116.54 E1.50968 ; perimeter
;WIDTH:0.39243
G1 X112.952 Y116.623 E1.51411 ; perimeter
;WIDTH:0.359563
G1 X112.869 Y116.313 E1.51862 ; perimeter
G1 X112.993 Y116.252 E1.52056 ; perimeter
;WIDTH:0.39442
G1 X113.166 Y116.18 E1.52347 ; perimeter
;WIDTH:0.429276
G1 X113.338 Y116.108 E1.52663 ; perimeter
;WIDTH:0.464132
G1 X113.511 Y116.037 E1.53007 ; perimeter
G1 X113.685 Y115.906 E1.53408 ; perimeter
;WIDTH:0.430421
G1 X113.859 Y115.775 E1.53778 ; perimeter
;WIDTH:0.39671
G1 X114.033 Y115.644 E1.54118 ; perimeter
;WIDTH:0.362998
G1 X114.264 Y115.875 E1.54582 ; perimeter
;WIDTH:0.39671
G1 X114.12 Y116.02 E1.54901 ; perimeter
;WIDTH:0.430421
G1 X113.975 Y116.166 E1.55251 ; perimeter
;WIDTH:0.464132
G1 X113.831 Y116.312 E1.55628 ; perimeter
G1 X113.789 Y116.412 E1.55828 ; perimeter
G1 X113.789 Y116.412 F7200 ; move to first perimeter point
G1 X114.039 Y116.94 ; move to first perimeter point
;WIDTH:0.399999
G1 F720
G1 X113.951 Y116.908 E1.55975 ; perimeter
G1 X113.441 Y116.851 E1.56783 ; perimeter
G1 X112.912 Y117.015 E1.57655 ; perimeter
G1 X112.717 Y117.131 E1.58012 ; perimeter
G1 X112.441 Y116.101 E1.5969 ; perimeter
G1 X112.835 Y115.931 E1.60365 ; perimeter
G1 X113.294 Y115.688 E1.61182 ; perimeter
G1 X114.065 Y115.166 E1.62647 ; perimeter
G1 X114.813 Y115.914 E1.64312 ; perimeter
G1 X114.36 Y116.267 E1.65216 ; perimeter
G1 X114.208 Y116.474 E1.6562 ; perimeter
G1 X114.059 Y116.884 E1.66307 ; perimeter
G1 E.16307 F2100 ; retract
G92 E0 ; reset extrusion distance
G1 X114.059 Y116.884 Z1.06 F7200 ; move to first perimeter point
G1 X114.181 Y114.508 ; move to first perimeter point
G1 Z.86 F600 ; move to first perimeter point
G1 E1.5 F1500 ;  ; unretract
;TYPE:External perimeter
;WIDTH:0.36146
G1 F900
G1 X114.495 Y114.197 E1.50625 ; perimeter
G1 E.45625 F2100 ; retract
;WIPE_START
G1 F5760
G1 X114.181 Y114.508 E.30318 ; wipe and retract
;WIPE_END
G1 E.00625 F2100 ; retract
G92 E0 ; reset extrusion distance
G1 Z1.06 F600 ; move to first perimeter point
G1 X114.082 Y114.414 F7200 ; move to first perimeter point
G1 X114.354 Y117.011 ; move to first perimeter point
G1 X114.526 Y117.485 ; move to first perimeter point
G1 X114.666 Y117.733 ; move to first perimeter point
G1 X114.774 Y117.923 ; move to first perimeter point
G1 X114.65 Y117.994 ; move to first perimeter point
G1 Z.86 F600 ; move to first perimeter point
G1 E1.5 F1500 ;  ; unretract
;WIDTH:0.399999
G1 F720
G1 X114.377 Y117.593 E1.50763 ; perimeter
G1 X113.978 Y117.313 E1.5153 ; perimeter
G1 X113.514 Y117.229 E1.52272 ; perimeter
G1 X113.036 Y117.373 E1.53058 ; perimeter
G1 X112.658 Y117.682 E1.53826 ; perimeter
G1 X112.538 Y117.925 E1.54253 ; perimeter
G1 X112.008 Y115.973 E1.57436 ; perimeter
;WIDTH:0.394555
G1 X111.86 Y115.873 E1.57713 ; perimeter
;WIDTH:0.399999
G1 X112.504 Y115.671 E1.58775 ; perimeter
G1 X113.094 Y115.366 E1.5982 ; perimeter
G1 X113.563 Y115.074 E1.60689 ; perimeter
G1 X113.979 Y114.754 E1.61515 ; perimeter
;WIDTH:0.3997
G1 X114.181 Y114.508 E1.62016 ; perimeter
;WIDTH:0.391865
G1 X114.171 Y114.724 E1.62349 ; perimeter
;WIDTH:0.3997
G1 X114.204 Y114.769 E1.62437 ; perimeter
;WIDTH:0.399999
G1 X115.54 Y116.105 E1.6541 ; perimeter
G1 X115.393 Y116.104 E1.65641 ; perimeter
G1 X114.972 Y116.254 E1.66344 ; perimeter
G1 X114.608 Y116.554 E1.67086 ; perimeter
G1 X114.407 Y116.983 E1.67832 ; perimeter
G1 X114.434 Y117.54 E1.6871 ; perimeter
G1 X114.624 Y117.94 E1.69407 ; perimeter
G1 E.64407 F2100 ; retract
;WIPE_START
G1 F5760
G1 X114.65 Y117.994 E.62331 ; wipe and retract
G1 X114.377 Y117.593 E.45529 ; wipe and retract
G1 X113.978 Y117.313 E.28646 ; wipe and retract
G1 X113.716 Y117.265 E.19407 ; wipe and retract
;WIPE_END
G92 E0 ; reset extrusion distance
G1 Z1.06 F600 ; move to first perimeter point
G1 X113.776 Y117.158 F7200 ; move to first perimeter point
G1 X114.299 Y114.596 ; move to first perimeter point
G1 X114.596 Y114.299 ; move to first perimeter point
G1 X115.434 Y114.583 ; move to first perimeter point
G1 X115.472 Y114.643 ; move to first perimeter point
G1 X116.999 Y113.246 ; move to first perimeter point
G1 X116.614 Y112.939 ; move to first perimeter point
G1 Z.86 F600 ; move to first perimeter point
G1 E1.5 F1500 ;  ; unretract
;TYPE:Perimeter
;WIDTH:0.350455
G1 F720
G1 X116.472 Y113.281 E1.50507 ; perimeter
;WIDTH:0.383426
G1 X116.4 Y113.54 E1.50912 ; perimeter
;WIDTH:0.416397
G1 X116.328 Y113.799 E1.51353 ; perimeter
G1 X116.247 Y113.84 E1.51502 ; perimeter
G1 X116.056 Y114.049 E1.51967 ; perimeter
;WIDTH:0.387256
G1 X115.864 Y114.257 E1.52397 ; perimeter
;WIDTH:0.358114
G1 X115.635 Y114.029 E1.52849 ; perimeter
;WIDTH:0.383598
G1 X115.814 Y113.78 E1.53311 ; perimeter
;WIDTH:0.409081
G1 X115.993 Y113.531 E1.53805 ; perimeter
G1 X116.147 Y113.193 E1.54404 ; perimeter
;WIDTH:0.374592
G1 X116.301 Y112.855 E1.54949 ; perimeter
;WIDTH:0.340103
G1 X116.556 Y112.923 E1.55299 ; perimeter
G1 X116.556 Y112.923 F7200 ; move to first perimeter point
G1 X117.135 Y112.718 ; move to first perimeter point
;WIDTH:0.399999
G1 F720
G1 X117.081 Y112.787 E1.55437 ; perimeter
G1 X116.852 Y113.257 E1.5626 ; perimeter
G1 X116.718 Y113.782 E1.57113 ; perimeter
G1 X116.759 Y114.037 E1.57519 ; perimeter
G1 X116.385 Y114.215 E1.58171 ; perimeter
G1 X116.042 Y114.597 E1.58979 ; perimeter
G1 X115.922 Y114.821 E1.59379 ; perimeter
G1 X115.168 Y114.067 E1.61057 ; perimeter
G1 X115.561 Y113.514 E1.62125 ; perimeter
G1 X115.849 Y113.01 E1.63039 ; perimeter
G1 X116.106 Y112.442 E1.6402 ; perimeter
G1 X117.077 Y112.702 E1.65602 ; perimeter
G1 X117.077 Y112.702 F7200 ; move to first perimeter point
G1 X115.879 Y111.809 ; move to first perimeter point
;TYPE:External perimeter
;WIDTH:0.36146
G1 F900
G1 X115.989 Y111.387 E1.66218 ; perimeter
G1 E.61218 F2100 ; retract
;WIPE_START
G1 F5760
G1 X115.879 Y111.809 E.46113 ; wipe and retract
;WIPE_END
G1 E.16218 F2100 ; retract
G92 E0 ; reset extrusion distance
G1 Z1.06 F600 ; move to first perimeter point
G1 X116.022 Y111.831 F7200 ; move to first perimeter point
G1 X116.601 Y112.341 ; move to first perimeter point
G1 X117.085 Y112.438 ; move to first perimeter point
G1 X117.608 Y112.384 ; move to first perimeter point
G1 X117.872 Y112.383 ; move to first perimeter point
G1 X117.873 Y112.524 ; move to first perimeter point
G1 Z.86 F600 ; move to first perimeter point
G1 E1.5 F1500 ;  ; unretract
;WIDTH:0.399999
G1 F720
G1 X117.681 Y112.646 E1.50358 ; perimeter
G1 X117.382 Y113.018 E1.51109 ; perimeter
G1 X117.198 Y113.411 E1.51792 ; perimeter
G1 X117.091 Y113.846 E1.52497 ; perimeter
G1 X117.124 Y114.003 E1.52749 ; perimeter
;WIDTH:0.431995
G1 X117.358 Y114.166 E1.53236 ; perimeter
;WIDTH:0.46399
G1 X117.593 Y114.328 E1.53761 ; perimeter
G1 X117.353 Y114.325 E1.54203 ; perimeter
;WIDTH:0.431995
G1 X117.114 Y114.322 E1.54611 ; perimeter
;WIDTH:0.399999
G1 X116.673 Y114.48 E1.55348 ; perimeter
G1 X116.328 Y114.846 E1.5614 ; perimeter
G1 X116.156 Y115.302 E1.56907 ; perimeter
G1 X116.179 Y115.613 E1.57398 ; perimeter
G1 X114.725 Y114.17 E1.60622 ; perimeter
;WIDTH:0.393847
G1 X114.495 Y114.197 E1.60981 ; perimeter
;WIDTH:0.399999
G1 X114.842 Y113.872 E1.61729 ; perimeter
G1 X115.233 Y113.324 E1.62788 ; perimeter
G1 X115.504 Y112.854 E1.63642 ; perimeter
G1 X115.774 Y112.257 E1.64673 ; perimeter
G1 X115.879 Y111.809 E1.65397 ; perimeter
;WIDTH:0.392506
G1 X115.974 Y112.006 E1.65734 ; perimeter
;WIDTH:0.399999
G1 X117.815 Y112.508 E1.68737 ; perimeter
G1 X117.815 Y112.508 F7200 ; move to first perimeter point
G1 X118.402 Y112.524 ; move to first perimeter point
;WIDTH:0.36146
G1 F900
G1 X118.745 Y112.629 E1.69244 ; perimeter
G1 X118.745 Y112.629 F7200 ; move to first perimeter point
G1 X119.291 Y112.169 ; move to first perimeter point
G1 F900
G1 X118.759 Y112.064 E1.70011 ; perimeter
G1 X118.759 Y112.064 F7200 ; move to first perimeter point
G1 X119.441 Y113.095 ; move to first perimeter point
;WIDTH:0.691746
G1 F900
G1 X119.594 Y113.115 E1.70441 ; perimeter
;WIDTH:0.65094
G1 X119.747 Y113.135 E1.70845 ; perimeter
G1 X119.747 Y113.135 F7200 ; move to first perimeter point
G1 X119.284 Y113.585 ; move to first perimeter point
;WIDTH:0.374738
G1 F900
G1 X119.281 Y113.59 E1.70854 ; perimeter
;WIDTH:0.3738
G1 X119.04 Y114.049 E1.71613 ; perimeter
G1 X119.04 Y114.049 F7200 ; move to first perimeter point
G1 X118.242 Y113.357 ; move to first perimeter point
;WIDTH:0.382612
G1 F720
G1 X118.36 Y113.417 E1.71812 ; perimeter
G1 X118.413 Y113.538 E1.7201 ; perimeter
;WIDTH:0.390766
G1 X118.294 Y113.81 E1.72466 ; perimeter
;WIDTH:0.438024
G1 X117.909 Y114.168 E1.73376 ; perimeter
G1 X117.961 Y113.672 E1.7424 ; perimeter
;WIDTH:0.390766
G1 X118.078 Y113.449 E1.74627 ; perimeter
;WIDTH:0.382612
G1 X118.173 Y113.365 E1.74817 ; perimeter
G1 X118.183 Y113.364 E1.74832 ; perimeter
G1 X118.183 Y113.364 F7200 ; move to first perimeter point
G1 X117.593 Y114.328 ; move to first perimeter point
;WIDTH:0.501056
G1 F900
G1 X117.677 Y114.344 E1.75003 ; perimeter
;WIDTH:0.538121
G1 X117.761 Y114.359 E1.75186 ; perimeter
;WIDTH:0.575186
G1 X117.845 Y114.375 E1.75383 ; perimeter
G1 X117.993 Y114.464 E1.75781 ; perimeter
;WIDTH:0.532321
G1 X118.141 Y114.554 E1.76149 ; perimeter
;WIDTH:0.520745
G1 X118.357 Y114.697 E1.76687 ; perimeter
;WIDTH:0.552034
G1 X118.573 Y114.84 E1.77258 ; perimeter
G1 E.72258 F2100 ; retract
;WIPE_START
G1 F5760
G1 X118.357 Y114.697 E.63286 ; wipe and retract
G1 X118.141 Y114.554 E.54314 ; wipe and retract
G1 X117.993 Y114.464 E.48315 ; wipe and retract
G1 X117.845 Y114.375 E.42333 ; wipe and retract
G1 X117.761 Y114.359 E.39371 ; wipe and retract
G1 X117.677 Y114.344 E.36416 ; wipe and retract
G1 X117.593 Y114.328 E.33454 ; wipe and retract
;WIPE_END
G1 E.27258 F2100 ; retract
G92 E0 ; reset extrusion distance
G1 Z1.06 F600 ; move to first perimeter point
G1 X117.554 Y114.464 F7200 ; move to first perimeter point
G1 X117.544 Y114.461 ; move to first perimeter point
G1 X117.308 Y114.398 ; move to first perimeter point
G1 X117.074 Y114.339 ; move to first perimeter point
G1 X116.817 Y114.357 ; move to first perimeter point
G1 X116.552 Y114.387 ; move to first perimeter point
G1 X116.315 Y114.577 ; move to first perimeter point
G1 X116.225 Y114.827 ; move to first perimeter point
G1 X116.228 Y115.12 ; move to first perimeter point
G1 X116.238 Y115.354 ; move to first perimeter point
G1 X116.399 Y115.742 ; move to first perimeter point
G1 X116.633 Y116.092 ; move to first perimeter point
G1 X116.852 Y116.256 ; move to first perimeter point
G1 X117.043 Y116.4 ; move to first perimeter point
G1 X116.97 Y116.506 ; move to first perimeter point
G1 Z.86 F600 ; move to first perimeter point
G1 E1.5 F1500 ;  ; unretract
;WIDTH:0.36146
G1 F900
G1 X116.558 Y116.144 E1.50775 ; perimeter
G1 X116.558 Y116.144 F7200 ; move to first perimeter point
G1 X116.201 Y116.57 ; move to first perimeter point
G1 F900
G1 X116.495 Y117.002 E1.51514 ; perimeter
;WIDTH:0.407568
G1 X116.517 Y117.061 E1.51615 ; perimeter
;WIDTH:0.453676
G1 X116.538 Y117.121 E1.51729 ; perimeter
;WIDTH:0.499783
G1 X116.56 Y117.18 E1.51854 ; perimeter
;WIDTH:0.545891
G1 X116.582 Y117.24 E1.51993 ; perimeter
;WIDTH:0.591998
G1 X116.603 Y117.3 E1.52144 ; perimeter
;WIDTH:0.638106
G1 X116.625 Y117.359 E1.52305 ; perimeter
G1 X116.518 Y117.472 E1.52704 ; perimeter
;WIDTH:0.594748
G1 X116.411 Y117.585 E1.53075 ; perimeter
;WIDTH:0.551389
G1 X116.304 Y117.698 E1.53418 ; perimeter
;WIDTH:0.508031
G1 X116.197 Y117.811 E1.53733 ; perimeter
;WIDTH:0.464672
G1 X115.967 Y117.946 E1.54224 ; perimeter
G1 X115.967 Y117.946 F7200 ; move to first perimeter point
G1 X116.625 Y117.359 ; move to first perimeter point
;WIDTH:0.638106
G1 F900
G1 X116.742 Y117.447 E1.54599 ; perimeter
;WIDTH:0.596777
G1 X116.858 Y117.534 E1.54946 ; perimeter
G1 X116.858 Y117.534 F7200 ; move to first perimeter point
G1 X118.276 Y117.141 ; move to first perimeter point
;TYPE:Perimeter
;WIDTH:0.44689
G1 F720
G1 X118.517 Y117.044 E1.55405 ; perimeter
G1 X118.729 Y116.871 E1.55889 ; perimeter
;WIDTH:0.411917
G1 X119.111 Y116.368 E1.56914 ; perimeter
;WIDTH:0.451992
G1 X119.186 Y116.163 E1.57305 ; perimeter
;WIDTH:0.492067
G1 X119.262 Y115.959 E1.57731 ; perimeter
;WIDTH:0.532141
G1 X119.337 Y115.755 E1.58192 ; perimeter
G1 X119.307 Y115.523 E1.58689 ; perimeter
G1 X119.441 Y115.526 E1.58974 ; perimeter
G1 X119.597 Y115.422 E1.59372 ; perimeter
;WIDTH:0.485415
G1 X119.756 Y115.216 E1.59874 ; perimeter
;WIDTH:0.44023
G1 X120.175 Y114.463 E1.61374 ; perimeter
;WIDTH:0.41304
G1 X120.342 Y114.141 E1.61965 ; perimeter
;WIDTH:0.386193
G1 X120.509 Y113.818 E1.62516 ; perimeter
;WIDTH:0.36051
G1 X120.448 Y113.585 E1.62856 ; perimeter
G1 X120.913 Y113.71 E1.63535 ; perimeter
;WIDTH:0.363587
G1 X120.782 Y114.042 E1.64043 ; perimeter
;WIDTH:0.41304
G1 X120.522 Y114.644 E1.65111 ; perimeter
;WIDTH:0.44023
G1 X120.122 Y115.42 E1.66631 ; perimeter
;WIDTH:0.486186
G1 X119.965 Y115.649 E1.67167 ; perimeter
;WIDTH:0.532141
G1 X119.808 Y115.879 E1.67758 ; perimeter
G1 X119.735 Y116.026 E1.68106 ; perimeter
;WIDTH:0.49654
G1 X119.663 Y116.173 E1.68429 ; perimeter
;WIDTH:0.460939
G1 X119.54 Y116.391 E1.68886 ; perimeter
;WIDTH:0.433034
G1 X119.417 Y116.609 E1.69314 ; perimeter
;WIDTH:0.411182
G1 X119.027 Y117.122 E1.70358 ; perimeter
;WIDTH:0.44689
G1 X118.667 Y117.533 E1.71324 ; perimeter
G1 X118.318 Y117.184 E1.72197 ; perimeter
G1 X118.318 Y117.184 F7200 ; move to first perimeter point
G1 X118.606 Y118.273 ; move to first perimeter point
;TYPE:External perimeter
;WIDTH:0.36146
G1 F900
G1 X118.28 Y118.606 E1.72856 ; perimeter
G1 E.67856 F2100 ; retract
;WIPE_START
G1 F5760
G1 X118.606 Y118.273 E.51716 ; wipe and retract
;WIPE_END
G1 E.22856 F2100 ; retract
G92 E0 ; reset extrusion distance
G1 Z1.06 F600 ; move to first perimeter point
G1 X118.486 Y118.202 F7200 ; move to first perimeter point
G1 X118.385 Y117.901 ; move to first perimeter point
G1 X118.217 Y117.401 ; move to first perimeter point
G1 X117.342 Y116.937 ; move to first perimeter point
G1 X117.204 Y116.841 ; move to first perimeter point
G1 X117.287 Y116.721 ; move to first perimeter point
G1 Z.86 F600 ; move to first perimeter point
G1 E1.5 F1500 ;  ; unretract
;WIDTH:0.399999
G1 F720
G1 X117.439 Y116.786 E1.5026 ; perimeter
G1 X117.925 Y116.829 E1.51028 ; perimeter
G1 X118.379 Y116.665 E1.51788 ; perimeter
G1 X118.741 Y116.259 E1.52644 ; perimeter
G1 X118.893 Y115.778 E1.53438 ; perimeter
G1 X118.808 Y115.3 E1.54202 ; perimeter
;WIDTH:0.438008
G1 X118.749 Y115.185 E1.54426 ; perimeter
;WIDTH:0.476017
G1 X118.691 Y115.07 E1.54669 ; perimeter
;WIDTH:0.514025
G1 X118.632 Y114.955 E1.54934 ; perimeter
;WIDTH:0.552034
G1 X118.573 Y114.84 E1.55219 ; perimeter
G1 X118.661 Y114.87 E1.55424 ; perimeter
;WIDTH:0.517084
G1 X118.825 Y114.942 E1.55793 ; perimeter
;WIDTH:0.478056
G1 X118.988 Y115.014 E1.56131 ; perimeter
;WIDTH:0.439028
G1 X119.152 Y115.086 E1.56442 ; perimeter
;WIDTH:0.399999
G1 X119.305 Y115.103 E1.56684 ; perimeter
G1 X119.411 Y115.017 E1.56899 ; perimeter
G1 X120.175 Y113.688 E1.59312 ; perimeter
G1 X120.093 Y113.456 E1.59699 ; perimeter
;WIDTH:0.442026
G1 X120.024 Y113.392 E1.59864 ; perimeter
;WIDTH:0.484053
G1 X119.955 Y113.327 E1.60046 ; perimeter
;WIDTH:0.52608
G1 X119.886 Y113.263 E1.60243 ; perimeter
;WIDTH:0.568107
G1 X119.817 Y113.199 E1.60457 ; perimeter
;WIDTH:0.610134
G1 X119.747 Y113.135 E1.60689 ; perimeter
G1 X119.842 Y113.138 E1.60922 ; perimeter
;WIDTH:0.568107
G1 X119.936 Y113.142 E1.61136 ; perimeter
;WIDTH:0.52608
G1 X120.03 Y113.145 E1.61333 ; perimeter
;WIDTH:0.484053
G1 X120.125 Y113.149 E1.61516 ; perimeter
;WIDTH:0.442026
G1 X120.219 Y113.152 E1.6168 ; perimeter
;WIDTH:0.399999
G1 X121.31 Y113.423 E1.63449 ; perimeter
;WIDTH:0.386253
G1 X121.47 Y113.319 E1.63738 ; perimeter
;WIDTH:0.399999
G1 X121.261 Y113.803 E1.64568 ; perimeter
G1 X120.879 Y114.789 E1.66232 ; perimeter
G1 X120.661 Y115.256 E1.67043 ; perimeter
G1 X120.295 Y115.942 E1.68267 ; perimeter
G1 X119.632 Y116.96 E1.70179 ; perimeter
G1 X118.606 Y118.273 E1.72801 ; perimeter
;WIDTH:0.385904
G1 X118.618 Y118.085 E1.73086 ; perimeter
;WIDTH:0.399999
G1 X118.405 Y117.84 E1.73597 ; perimeter
G1 X117.329 Y116.764 E1.75992 ; perimeter
G1 E.70992 F2100 ; retract
;WIPE_START
G1 F5760
G1 X117.287 Y116.721 E.6891 ; wipe and retract
G1 X117.439 Y116.786 E.63184 ; wipe and retract
G1 X117.925 Y116.829 E.46285 ; wipe and retract
G1 X118.379 Y116.665 E.29566 ; wipe and retract
G1 X118.448 Y116.588 E.25992 ; wipe and retract
;WIPE_END
G92 E0 ; reset extrusion distance
G1 Z1.06 F600 ; move to first perimeter point
G1 X118.47 Y116.823 F7200 ; move to first perimeter point
G1 X118.486 Y118.202 ; move to first perimeter point
G1 X118.354 Y118.335 ; move to first perimeter point
G1 X118.202 Y118.486 ; move to first perimeter point
G1 X116.354 Y119.053 ; move to first perimeter point
G1 X115.991 Y119.071 ; move to first perimeter point
G1 X115.702 Y118.942 ; move to first perimeter point
G1 X115.457 Y118.816 ; move to first perimeter point
G1 X115.317 Y119.089 ; move to first perimeter point
G1 Z.86 F600 ; move to first perimeter point
G1 E1.5 F1500 ;  ; unretract
;TYPE:Perimeter
G1 F720
G1 X115.454 Y119.135 E1.50227 ; perimeter
G1 X115.997 Y119.176 E1.51084 ; perimeter
G1 X116.558 Y118.988 E1.52015 ; perimeter
;WIDTH:0.392392
G1 X116.8 Y118.84 E1.52452 ; perimeter
;WIDTH:0.386433
G1 X117.243 Y118.463 E1.53335 ; perimeter
G1 X117.259 Y118.351 E1.53507 ; perimeter
G1 X117.578 Y118.669 E1.5419 ; perimeter
G1 X117.204 Y118.983 E1.54931 ; perimeter
;WIDTH:0.390753
G1 X116.791 Y119.285 E1.55717 ; perimeter
;WIDTH:0.399999
G1 X116.353 Y119.586 E1.56553 ; perimeter
G1 X115.81 Y119.921 E1.57557 ; perimeter
G1 X115.272 Y120.228 E1.58532 ; perimeter
G1 X114.715 Y120.497 E1.59505 ; perimeter
;WIDTH:0.410681
G1 X114.24 Y120.691 E1.60335 ; perimeter
;WIDTH:0.441122
G1 X113.736 Y120.856 E1.6126 ; perimeter
G1 X113.597 Y120.336 E1.62199 ; perimeter
G1 X113.833 Y120.369 E1.62615 ; perimeter
G1 X114.054 Y120.344 E1.63003 ; perimeter
;WIDTH:0.41422
G1 X114.553 Y120.16 E1.63871 ; perimeter
;WIDTH:0.399999
G1 X114.995 Y119.806 E1.64762 ; perimeter
G1 X115.149 Y119.59 E1.65179 ; perimeter
G1 X115.298 Y119.146 E1.65916 ; perimeter
G1 E.60916 F2100 ; retract
;WIPE_START
G1 F5760
G1 X115.317 Y119.089 E.58835 ; wipe and retract
G1 X115.454 Y119.135 E.5383 ; wipe and retract
G1 X115.997 Y119.176 E.34969 ; wipe and retract
G1 X116.519 Y119.001 E.15916 ; wipe and retract
;WIPE_END
G92 E0 ; reset extrusion distance
G1 Z1.06 F600 ; move to first perimeter point
G1 X116.755 Y119.33 F7200 ; move to first perimeter point
G1 X114.421 Y120.644 ; move to first perimeter point
G1 X113.381 Y121.6 ; move to first perimeter point
G1 X113.358 Y121.607 ; move to first perimeter point
G1 X113.318 Y121.472 ; move to first perimeter point
G1 Z.86 F600 ; move to first perimeter point
G1 E1.5 F1500 ;  ; unretract
;TYPE:External perimeter
;WIDTH:0.36146
G1 F900
G1 X112.881 Y121.588 E1.50639 ; perimeter
G1 E.45639 F2100 ; retract
;WIPE_START
G1 F5760
G1 X113.318 Y121.472 E.29979 ; wipe and retract
;WIPE_END
G1 E.00639 F2100 ; retract
G92 E0 ; reset extrusion distance
G1 Z1.06 F600 ; move to first perimeter point
G1 X113.357 Y121.607 F7200 ; move to first perimeter point
G1 X114.841 Y119.925 ; move to first perimeter point
G1 X114.983 Y119.635 ; move to first perimeter point
G1 X115.002 Y119.309 ; move to first perimeter point
G1 X115.009 Y119.058 ; move to first perimeter point
G1 X114.826 Y118.574 ; move to first perimeter point
G1 X114.679 Y118.32 ; move to first perimeter point
G1 X114.558 Y118.113 ; move to first perimeter point
G1 X114.682 Y118.041 ; move to first perimeter point
G1 Z.86 F600 ; move to first perimeter point
G1 E1.5 F1500 ;  ; unretract
;WIDTH:0.399999
G1 F720
G1 X114.975 Y118.456 E1.50799 ; perimeter
G1 X115.413 Y118.732 E1.51614 ; perimeter
G1 X115.955 Y118.8 E1.52474 ; perimeter
G1 X116.432 Y118.635 E1.53268 ; perimeter
G1 X116.589 Y118.534 E1.53562 ; perimeter
G1 X116.985 Y118.195 E1.54382 ; perimeter
G1 X117.017 Y117.965 E1.54747 ; perimeter
;WIDTH:0.438861
G1 X116.978 Y117.857 E1.54946 ; perimeter
;WIDTH:0.477724
G1 X116.938 Y117.749 E1.55164 ; perimeter
;WIDTH:0.516586
G1 X116.898 Y117.642 E1.55399 ; perimeter
;WIDTH:0.555448
G1 X116.858 Y117.534 E1.55655 ; perimeter
G1 X116.952 Y117.6 E1.5591 ; perimeter
;WIDTH:0.516586
G1 X117.046 Y117.666 E1.56146 ; perimeter
;WIDTH:0.477724
G1 X117.14 Y117.733 E1.56365 ; perimeter
;WIDTH:0.438861
G1 X117.233 Y117.799 E1.56563 ; perimeter
;WIDTH:0.399999
G1 X118.082 Y118.621 E1.58423 ; perimeter
;WIDTH:0.387466
G1 X118.255 Y118.626 E1.58686 ; perimeter
;WIDTH:0.399999
G1 X117.838 Y118.936 E1.59504 ; perimeter
G1 X117.237 Y119.43 E1.60728 ; perimeter
G1 X116.57 Y119.896 E1.62009 ; perimeter
G1 X115.999 Y120.249 E1.63065 ; perimeter
G1 X115.435 Y120.569 E1.64086 ; perimeter
G1 X114.772 Y120.886 E1.65243 ; perimeter
G1 X113.318 Y121.472 E1.6771 ; perimeter
;WIDTH:0.393177
G1 X113.421 Y121.262 E1.68071 ; perimeter
;WIDTH:0.399999
G1 X112.968 Y119.53 E1.70888 ; perimeter
G1 X113.073 Y119.653 E1.71143 ; perimeter
G1 X113.506 Y119.92 E1.71944 ; perimeter
G1 X113.96 Y119.969 E1.72663 ; perimeter
G1 X114.432 Y119.793 E1.73456 ; perimeter
G1 X114.798 Y119.448 E1.74248 ; perimeter
G1 X114.956 Y119.007 E1.74985 ; perimeter
G1 X114.903 Y118.498 E1.7579 ; perimeter
G1 X114.708 Y118.095 E1.76495 ; perimeter
G1 E.71495 F2100 ; retract
;WIPE_START
G1 F5760
G1 X114.682 Y118.041 E.69419 ; wipe and retract
G1 X114.975 Y118.456 E.51824 ; wipe and retract
G1 X115.413 Y118.732 E.33893 ; wipe and retract
G1 X115.625 Y118.759 E.26495 ; wipe and retract
;WIPE_END
G92 E0 ; reset extrusion distance
G1 Z1.06 F600 ; move to first perimeter point
G1 X115.567 Y118.873 F7200 ; move to first perimeter point
G1 X114.841 Y119.925 ; move to first perimeter point
G1 X113.248 Y121.346 ; move to first perimeter point
G1 X113.067 Y121.396 ; move to first perimeter point
G1 X112.861 Y121.45 ; move to first perimeter point
G1 X112.65 Y121.212 ; move to first perimeter point
G1 X112.46 Y120.746 ; move to first perimeter point
G1 X112.413 Y120.241 ; move to first perimeter point
G1 X112.372 Y120.088 ; move to first perimeter point
G1 X112.251 Y120.12 ; move to first perimeter point
G1 Z.86 F600 ; move to first perimeter point
G1 E1.5 F1500 ;  ; unretract
;WIDTH:0.528983
G1 F900
G1 X112.164 Y119.87 E1.50559 ; perimeter
;WIDTH:0.567676
G1 X112.077 Y119.619 E1.51162 ; perimeter
;WIDTH:0.606369
G1 X111.989 Y119.369 E1.51807 ; perimeter
;WIDTH:0.645062
G1 X111.902 Y119.119 E1.52493 ; perimeter
G1 X111.902 Y119.119 F7200 ; move to first perimeter point
G1 X112.773 Y119.126 ; move to first perimeter point
;WIDTH:0.36146
G1 F900
G1 X112.597 Y118.612 E1.53261 ; perimeter
G1 E.48261 F2100 ; retract
;WIPE_START
G1 F5760
G1 X112.773 Y119.126 E.29444 ; wipe and retract
;WIPE_END
G1 E.03261 F2100 ; retract
G92 E0 ; reset extrusion distance
G1 Z1.06 F600 ; move to first perimeter point
G1 X112.877 Y119.077 F7200 ; move to first perimeter point
G1 X113.138 Y119.539 ; move to first perimeter point
G1 X113.293 Y119.732 ; move to first perimeter point
G1 X113.46 Y119.921 ; move to first perimeter point
G1 X113.695 Y120.049 ; move to first perimeter point
G1 X113.951 Y120.167 ; move to first perimeter point
G1 X114.283 Y120.172 ; move to first perimeter point
G1 X114.592 Y120.141 ; move to first perimeter point
G1 X114.841 Y119.925 ; move to first perimeter point
G1 X114.983 Y119.635 ; move to first perimeter point
G1 X114.99 Y119.526 ; move to first perimeter point
G1 X115.66 Y119.564 ; move to first perimeter point
G1 Z.86 F600 ; move to first perimeter point
G1 E1.5 F1500 ;  ; unretract
;TYPE:Perimeter
;WIDTH:0.467302
G1 X115.632 Y119.612 E1.50103 ; perimeter
G1 X115.576 Y119.612 E1.50207 ; perimeter
G1 X115.548 Y119.564 E1.5031 ; perimeter
G1 X115.576 Y119.516 E1.50413 ; perimeter
G1 X115.632 Y119.516 E1.50517 ; perimeter
G1 E.45517 F2100 ; retract
;WIPE_START
G1 F5760
G1 X115.576 Y119.516 E.43577 ; wipe and retract
G1 X115.548 Y119.564 E.41652 ; wipe and retract
G1 X115.576 Y119.612 E.39727 ; wipe and retract
G1 X115.632 Y119.612 E.37787 ; wipe and retract
G1 X115.66 Y119.564 E.35862 ; wipe and retract
;WIPE_END
G1 E.00517 F2100 ; retract
G92 E0 ; reset extrusion distance
G1 Z1.06 F600 ; move to first perimeter point
G1 X114.99 Y119.526 F7200 ; move to first perimeter point
G1 X114.983 Y119.635 ; move to first perimeter point
G1 X114.841 Y119.925 ; move to first perimeter point
G1 X113.248 Y121.346 ; move to first perimeter point
G1 X113.067 Y121.396 ; move to first perimeter point
G1 X112.861 Y121.45 ; move to first perimeter point
G1 X112.65 Y121.212 ; move to first perimeter point
G1 X111.283 Y117.866 ; move to first perimeter point
G1 X110.807 Y117.723 ; move to first perimeter point
G1 X109.21 Y117.75 ; move to first perimeter point
G1 X108.947 Y117.797 ; move to first perimeter point
G1 X108.694 Y117.946 ; move to first perimeter point
G1 X108.495 Y118.073 ; move to first perimeter point
G1 X108.351 Y118.263 ; move to first perimeter point
G1 X108.242 Y118.412 ; move to first perimeter point
G1 X108.056 Y118.79 ; move to first perimeter point
G1 X108.023 Y119.062 ; move to first perimeter point
G1 X107.994 Y119.299 ; move to first perimeter point
G1 X107.859 Y119.288 ; move to first perimeter point
G1 Z.86 F600 ; move to first perimeter point
G1 E1.5 F1500 ;  ; unretract
;TYPE:External perimeter
;WIDTH:0.36146
G1 F900
G1 X107.966 Y118.748 E1.50778 ; perimeter
G1 X107.966 Y118.748 F7200 ; move to first perimeter point
G1 X107.08 Y119.15 ; move to first perimeter point
;WIDTH:0.505522
G1 F900
G1 X107.075 Y119.232 E1.50943 ; perimeter
;WIDTH:0.472164
G1 X106.975 Y119.65 E1.51748 ; perimeter
G1 X106.975 Y119.65 F7200 ; move to first perimeter point
G1 X107.957 Y120.732 ; move to first perimeter point
;TYPE:Perimeter
;WIDTH:0.452379
G1 F720
G1 X108.203 Y120.923 E1.52306 ; perimeter
G1 X108.501 Y120.992 E1.52854 ; perimeter
;WIDTH:0.427187
G1 X108.8 Y121.062 E1.53372 ; perimeter
;WIDTH:0.409031
G1 X109.056 Y121.073 E1.53785 ; perimeter
;WIDTH:0.443296
G1 X109.251 Y121.044 E1.54131 ; perimeter
;WIDTH:0.477561
G1 X109.447 Y121.015 E1.54507 ; perimeter
;WIDTH:0.511825
G1 X109.642 Y120.986 E1.54909 ; perimeter
;WIDTH:0.515992
G1 X109.803 Y120.877 E1.55309 ; perimeter
G1 X109.908 Y120.992 E1.55629 ; perimeter
G1 X110.08 Y121.024 E1.55989 ; perimeter
;WIDTH:0.477472
G1 X110.252 Y121.056 E1.56321 ; perimeter
;WIDTH:0.438952
G1 X110.759 Y121.053 E1.57201 ; perimeter
;WIDTH:0.433193
G1 X111.482 Y121.036 E1.58439 ; perimeter
;WIDTH:0.397521
G1 X112.016 Y121.017 E1.59274 ; perimeter
;WIDTH:0.360582
G1 X112.138 Y120.911 E1.59502 ; perimeter
G1 X112.242 Y121.299 E1.60068 ; perimeter
G1 X112.001 Y121.352 E1.60416 ; perimeter
;WIDTH:0.397521
G1 X111.5 Y121.411 E1.61205 ; perimeter
;WIDTH:0.433193
G1 X110.764 Y121.465 E1.62468 ; perimeter
;WIDTH:0.438952
G1 X110.257 Y121.474 E1.63348 ; perimeter
;WIDTH:0.462655
G1 X109.191 Y121.453 E1.65304 ; perimeter
;WIDTH:0.429577
G1 X108.886 Y121.45 E1.65822 ; perimeter
;WIDTH:0.411261
G1 X108.365 Y121.379 E1.66674 ; perimeter
;WIDTH:0.452379
G1 X107.814 Y121.269 E1.67681 ; perimeter
G1 X107.942 Y120.79 E1.68569 ; perimeter
G1 X107.942 Y120.79 F7200 ; move to first perimeter point
G1 X107.135 Y121.59 ; move to first perimeter point
;TYPE:External perimeter
;WIDTH:0.36146
G1 F900
G1 X106.707 Y121.476 E1.69195 ; perimeter
G1 E.64195 F2100 ; retract
;WIPE_START
G1 F5760
G1 X107.135 Y121.59 E.48854 ; wipe and retract
;WIPE_END
G1 E.19195 F2100 ; retract
G92 E0 ; reset extrusion distance
G1 Z1.06 F600 ; move to first perimeter point
G1 X107.139 Y121.45 F7200 ; move to first perimeter point
G1 X107.701 Y120.817 ; move to first perimeter point
G1 X107.671 Y119.829 ; move to first perimeter point
G1 X107.687 Y119.62 ; move to first perimeter point
G1 X107.833 Y119.632 ; move to first perimeter point
G1 Z.86 F600 ; move to first perimeter point
G1 E1.5 F1500 ;  ; unretract
;WIDTH:0.399999
G1 F720
G1 X107.858 Y119.836 E1.50323 ; perimeter
G1 X108.064 Y120.278 E1.5109 ; perimeter
G1 X108.421 Y120.581 E1.51827 ; perimeter
G1 X108.872 Y120.689 E1.52557 ; perimeter
G1 X109.391 Y120.618 E1.53381 ; perimeter
G1 X109.776 Y120.344 E1.54125 ; perimeter
;WIDTH:0.437292
G1 X109.905 Y120.145 E1.54535 ; perimeter
;WIDTH:0.474584
G1 X110.034 Y119.946 E1.54982 ; perimeter
G1 X110.048 Y120.207 E1.55474 ; perimeter
;WIDTH:0.437292
G1 X110.063 Y120.469 E1.55928 ; perimeter
;WIDTH:0.399999
G1 X110.123 Y120.608 E1.56166 ; perimeter
G1 X110.252 Y120.658 E1.56384 ; perimeter
G1 X112.016 Y120.658 E1.5916 ; perimeter
;WIDTH:0.410787
G1 X112.211 Y120.469 E1.596 ; perimeter
;WIDTH:0.450539
G1 X112.231 Y120.294 E1.59914 ; perimeter
;WIDTH:0.49029
G1 X112.251 Y120.12 E1.60255 ; perimeter
G1 X112.315 Y120.283 E1.60596 ; perimeter
;WIDTH:0.450539
G1 X112.38 Y120.447 E1.60911 ; perimeter
;WIDTH:0.410787
G1 X112.69 Y121.507 E1.62699 ; perimeter
;WIDTH:0.387611
G1 X112.881 Y121.588 E1.63015 ; perimeter
G1 X112.633 Y121.6 E1.63393 ; perimeter
;WIDTH:0.399999
G1 X111.553 Y121.785 E1.65117 ; perimeter
G1 X110.796 Y121.86 E1.66314 ; perimeter
G1 X110.266 Y121.872 E1.67148 ; perimeter
G1 X109.47 Y121.866 E1.68401 ; perimeter
G1 X108.683 Y121.813 E1.69642 ; perimeter
G1 X107.135 Y121.59 E1.72103 ; perimeter
;WIDTH:0.386857
G1 X107.309 Y121.506 E1.72397 ; perimeter
;WIDTH:0.393975
G1 X107.334 Y121.459 E1.72479 ; perimeter
;WIDTH:0.399999
G1 X107.817 Y119.69 E1.75365 ; perimeter
G1 E.70365 F2100 ; retract
;WIPE_START
G1 F5760
G1 X107.833 Y119.632 E.68281 ; wipe and retract
G1 X107.858 Y119.836 E.61163 ; wipe and retract
G1 X108.064 Y120.278 E.44273 ; wipe and retract
G1 X108.421 Y120.581 E.28055 ; wipe and retract
G1 X108.496 Y120.599 E.25365 ; wipe and retract
;WIPE_END
G92 E0 ; reset extrusion distance
G1 Z1.06 F600 ; move to first perimeter point
G1 X108.318 Y120.725 F7200 ; move to first perimeter point
G1 X108.371 Y120.799 ; move to first perimeter point
G1 X108.66 Y120.971 ; move to first perimeter point
G1 X108.947 Y121.078 ; move to first perimeter point
G1 X109.485 Y120.716 ; move to first perimeter point
G1 X109.655 Y120.481 ; move to first perimeter point
G1 X109.781 Y120.294 ; move to first perimeter point
G1 X110.162 Y119.299 ; move to first perimeter point
G1 X110.518 Y119.436 ; move to first perimeter point
G1 Z.86 F600 ; move to first perimeter point
G1 E1.5 F1500 ;  ; unretract
;TYPE:Perimeter
;WIDTH:0.409772
G1 X110.494 Y119.478 E1.50078 ; perimeter
G1 X110.421 Y119.436 E1.50214 ; perimeter
G1 X110.494 Y119.394 E1.5035 ; perimeter
G1 E.4535 F2100 ; retract
;WIPE_START
G1 F5760
G1 X110.421 Y119.436 E.42433 ; wipe and retract
G1 X110.494 Y119.478 E.39516 ; wipe and retract
G1 X110.518 Y119.436 E.37841 ; wipe and retract
;WIPE_END
G1 E.0035 F2100 ; retract
G92 E0 ; reset extrusion distance
G1 Z1.06 F600 ; move to first perimeter point
G1 X110.162 Y119.299 F7200 ; move to first perimeter point
G1 X110.203 Y118.987 ; move to first perimeter point
G1 X110.132 Y118.702 ; move to first perimeter point
G1 X109.901 Y118.209 ; move to first perimeter point
G1 X108.575 Y116.13 ; move to first perimeter point
G1 X108.169 Y116.021 ; move to first perimeter point
G1 X105.419 Y115.428 ; move to first perimeter point
G1 X105.701 Y114.596 ; move to first perimeter point
G1 X105.404 Y114.299 ; move to first perimeter point
G1 X102.237 Y112.721 ; move to first perimeter point
G1 X101.823 Y112.662 ; move to first perimeter point
G1 X101.403 Y112.69 ; move to first perimeter point
G1 X101.152 Y112.797 ; move to first perimeter point
G1 X100.931 Y112.891 ; move to first perimeter point
G1 X100.878 Y112.779 ; move to first perimeter point
G1 Z.86 F600 ; move to first perimeter point
G1 E1.5 F1500 ;  ; unretract
;TYPE:External perimeter
;WIDTH:0.36146
G1 F900
G1 X101.396 Y112.603 E1.50773 ; perimeter
G1 X101.396 Y112.603 F7200 ; move to first perimeter point
G1 X101.261 Y112.005 ; move to first perimeter point
G1 F900
G1 X100.719 Y112.113 E1.51554 ; perimeter
G1 E.46554 F2100 ; retract
;WIPE_START
G1 F5760
G1 X101.261 Y112.005 E.27413 ; wipe and retract
;WIPE_END
G1 E.01554 F2100 ; retract
G92 E0 ; reset extrusion distance
G1 Z1.06 F600 ; move to first perimeter point
G1 X101.403 Y112.69 F7200 ; move to first perimeter point
G1 X100.931 Y112.891 ; move to first perimeter point
G1 X100.464 Y113.146 ; move to first perimeter point
G1 X100.27 Y113.303 ; move to first perimeter point
G1 X100.079 Y113.471 ; move to first perimeter point
G1 X99.952 Y113.708 ; move to first perimeter point
G1 X99.833 Y113.966 ; move to first perimeter point
G1 X99.829 Y114.3 ; move to first perimeter point
G1 X99.867 Y114.606 ; move to first perimeter point
G1 X100.125 Y114.818 ; move to first perimeter point
G1 X100.42 Y114.932 ; move to first perimeter point
G1 X100.726 Y114.95 ; move to first perimeter point
G1 X100.782 Y114.951 ; move to first perimeter point
G1 X100.775 Y115.309 ; move to first perimeter point
G1 Z.86 F600 ; move to first perimeter point
G1 E1.5 F1500 ;  ; unretract
;TYPE:Perimeter
;WIDTH:0.399999
G1 F720
G1 X100.741 Y115.501 E1.50307 ; perimeter
G1 X100.756 Y115.986 E1.51071 ; perimeter
;WIDTH:0.407664
G1 X100.908 Y116.399 E1.51778 ; perimeter
G1 X101.019 Y116.572 E1.52108 ; perimeter
;WIDTH:0.420683
G1 X101.348 Y116.955 E1.52946 ; perimeter
;WIDTH:0.443957
G1 X101.721 Y117.147 E1.53683 ; perimeter
G1 X101.34 Y117.528 E1.54629 ; perimeter
G1 X100.973 Y117.125 E1.55586 ; perimeter
;WIDTH:0.412213
G1 X100.663 Y116.724 E1.56409 ; perimeter
;WIDTH:0.399999
G1 X100.296 Y116.186 E1.57434 ; perimeter
G1 X99.779 Y115.286 E1.59067 ; perimeter
G1 X99.51 Y114.729 E1.6004 ; perimeter
;WIDTH:0.411736
G1 X99.315 Y114.254 E1.60873 ; perimeter
;WIDTH:0.443766
G1 X99.15 Y113.736 E1.61828 ; perimeter
G1 X99.673 Y113.596 E1.62779 ; perimeter
G1 X99.638 Y113.847 E1.63224 ; perimeter
G1 X99.661 Y114.059 E1.63598 ; perimeter
;WIDTH:0.416173
G1 X99.848 Y114.567 E1.64486 ; perimeter
;WIDTH:0.399999
G1 X100.202 Y115.008 E1.65376 ; perimeter
G1 X100.418 Y115.163 E1.65794 ; perimeter
G1 X100.719 Y115.286 E1.66306 ; perimeter
G1 X100.719 Y115.286 F7200 ; move to first perimeter point
G1 X101.6 Y114.86 ; move to first perimeter point
;TYPE:External perimeter
;WIDTH:0.397974
G1 F720
G1 X101.325 Y115.072 E1.6685 ; perimeter
;WIDTH:0.399999
G1 X101.138 Y115.427 E1.67481 ; perimeter
G1 X101.116 Y115.84 E1.68132 ; perimeter
G1 X101.265 Y116.26 E1.68833 ; perimeter
G1 X101.567 Y116.628 E1.69582 ; perimeter
G1 X101.991 Y116.825 E1.70318 ; perimeter
G1 X102.49 Y116.816 E1.71103 ; perimeter
G1 X102.691 Y116.743 E1.7144 ; perimeter
G1 X101.377 Y118.08 E1.7439 ; perimeter
;WIDTH:0.388994
G1 X101.359 Y118.182 E1.74548 ; perimeter
G1 X101.266 Y118.077 E1.74762 ; perimeter
;WIDTH:0.399999
G1 X100.728 Y117.438 E1.76077 ; perimeter
G1 X100.415 Y117.03 E1.76886 ; perimeter
G1 X99.976 Y116.388 E1.7811 ; perimeter
G1 X99.709 Y115.926 E1.7895 ; perimeter
G1 X99.438 Y115.45 E1.79812 ; perimeter
G1 X99.114 Y114.772 E1.80995 ; perimeter
G1 X98.589 Y113.388 E1.83325 ; perimeter
;WIDTH:0.386797
G1 X98.69 Y113.424 E1.83488 ; perimeter
;WIDTH:0.399999
G1 X99.264 Y113.291 E1.84415 ; perimeter
G1 X100.512 Y112.957 E1.86448 ; perimeter
G1 X100.399 Y113.041 E1.8667 ; perimeter
G1 X100.118 Y113.441 E1.87439 ; perimeter
G1 X100.035 Y113.902 E1.88176 ; perimeter
G1 X100.174 Y114.369 E1.88943 ; perimeter
G1 X100.488 Y114.76 E1.89732 ; perimeter
G1 X100.918 Y114.956 E1.90476 ; perimeter
G1 X101.425 Y114.933 E1.91275 ; perimeter
;WIDTH:0.382816
G1 X101.545 Y114.883 E1.9147 ; perimeter
G1 E.8647 F2100 ; retract
;WIPE_START
G1 F5760
G1 X101.6 Y114.86 E.84405 ; wipe and retract
G1 X101.325 Y115.072 E.72379 ; wipe and retract
G1 X101.138 Y115.427 E.58482 ; wipe and retract
G1 X101.116 Y115.84 E.44157 ; wipe and retract
G1 X101.142 Y115.913 E.4147 ; wipe and retract
;WIPE_END
G92 E0 ; reset extrusion distance
G1 Z1.06 F600 ; move to first perimeter point
G1 X100.933 Y115.829 F7200 ; move to first perimeter point
G1 X98.392 Y113.355 ; move to first perimeter point
G1 X98.526 Y113.316 ; move to first perimeter point
G1 Z.86 F600 ; move to first perimeter point
G1 E1.5 F1500 ;  ; unretract
;WIDTH:0.36146
G1 F900
G1 X98.41 Y112.887 E1.50628 ; perimeter
G1 E.45628 F2100 ; retract
;WIPE_START
G1 F5760
G1 X98.526 Y113.316 E.30236 ; wipe and retract
;WIPE_END
G1 E.00628 F2100 ; retract
G92 E0 ; reset extrusion distance
G1 Z1.06 F600 ; move to first perimeter point
G1 X98.392 Y113.355 F7200 ; move to first perimeter point
G1 X99.356 Y114.421 ; move to first perimeter point
G1 X100.03 Y115.769 ; move to first perimeter point
G1 X100.032 Y115.772 ; move to first perimeter point
G1 X100.41 Y115.548 ; move to first perimeter point
G1 Z.86 F600 ; move to first perimeter point
G1 E1.5 F1500 ;  ; unretract
;TYPE:Perimeter
;WIDTH:0.397564
G1 X100.387 Y115.588 E1.50072 ; perimeter
G1 X100.316 Y115.548 E1.50199 ; perimeter
G1 X100.387 Y115.507 E1.50327 ; perimeter
G1 E.45327 F2100 ; retract
;WIPE_START
G1 F5760
G1 X100.316 Y115.548 E.42487 ; wipe and retract
G1 X100.387 Y115.588 E.39664 ; wipe and retract
G1 X100.41 Y115.548 E.38066 ; wipe and retract
;WIPE_END
G1 E.00327 F2100 ; retract
G92 E0 ; reset extrusion distance
G1 Z1.06 F600 ; move to first perimeter point
G1 X100.447 Y114.934 F7200 ; move to first perimeter point
G1 X100.42 Y114.932 ; move to first perimeter point
G1 X100.125 Y114.818 ; move to first perimeter point
G1 X99.867 Y114.606 ; move to first perimeter point
G1 X98.654 Y113.248 ; move to first perimeter point
G1 X98.604 Y113.067 ; move to first perimeter point
G1 X98.55 Y112.861 ; move to first perimeter point
G1 X99.045 Y108.534 ; move to first perimeter point
G1 X99.528 Y107.893 ; move to first perimeter point
G1 X100.122 Y107.941 ; move to first perimeter point
G1 X100.132 Y107.813 ; move to first perimeter point
G1 Z.86 F600 ; move to first perimeter point
G1 E1.5 F1500 ;  ; unretract
;TYPE:External perimeter
;WIDTH:0.483538
G1 F720
G1 X100.556 Y107.917 E1.50839 ; perimeter
;WIDTH:0.465237
G1 X101.21 Y108.093 E1.52089 ; perimeter
G1 X101.21 Y108.355 E1.52572 ; perimeter
G1 X100.233 Y108.355 E1.54375 ; perimeter
G1 X100.288 Y108.089 E1.54876 ; perimeter
;WIDTH:0.483538
G1 X100.162 Y107.865 E1.5537 ; perimeter
G1 E.5037 F2100 ; retract
;WIPE_START
G1 F5760
G1 X100.132 Y107.813 E.48291 ; wipe and retract
G1 X100.556 Y107.917 E.3317 ; wipe and retract
G1 X101.21 Y108.093 E.09713 ; wipe and retract
G1 X101.21 Y108.219 E.0537 ; wipe and retract
;WIPE_END
G92 E0 ; reset extrusion distance
G1 Z1.06 F600 ; move to first perimeter point
G1 X101.19 Y108.372 F7200 ; move to first perimeter point
G1 X101.443 Y108.061 ; move to first perimeter point
G1 X101.855 Y108.061 ; move to first perimeter point
G1 X102.375 Y109.395 ; move to first perimeter point
G1 X102.049 Y109.873 ; move to first perimeter point
G1 X101.34 Y109.782 ; move to first perimeter point
G1 X100.39 Y109.761 ; move to first perimeter point
G1 X100.093 Y109.782 ; move to first perimeter point
G1 X99.818 Y109.862 ; move to first perimeter point
G1 X99.534 Y109.954 ; move to first perimeter point
G1 X99.285 Y110.142 ; move to first perimeter point
G1 X99.046 Y110.355 ; move to first perimeter point
G1 X98.922 Y111.002 ; move to first perimeter point
G1 X99.025 Y111.317 ; move to first perimeter point
G1 X99.177 Y111.588 ; move to first perimeter point
G1 X99.439 Y111.771 ; move to first perimeter point
G1 X99.453 Y111.78 ; move to first perimeter point
G1 X99.291 Y112.03 ; move to first perimeter point
G1 Z.86 F600 ; move to first perimeter point
G1 E1.5 F1500 ;  ; unretract
;TYPE:Perimeter
;WIDTH:0.464557
G1 F720
G1 X98.738 Y112.178 E1.51055 ; perimeter
G1 X98.678 Y111.88 E1.51615 ; perimeter
;WIDTH:0.438517
G1 X98.619 Y111.581 E1.52143 ; perimeter
;WIDTH:0.412477
G1 X98.537 Y110.99 E1.53113 ; perimeter
;WIDTH:0.404266
G1 X98.502 Y110.439 E1.53992 ; perimeter
;WIDTH:0.399999
G1 X98.496 Y109.739 E1.55094 ; perimeter
;WIDTH:0.425251
G1 X98.608 Y108.404 E1.57343 ; perimeter
;WIDTH:0.408766
G1 X98.714 Y107.787 E1.58351 ; perimeter
G1 X99.116 Y107.894 E1.59021 ; perimeter
G1 X99.049 Y108.088 E1.59351 ; perimeter
;WIDTH:0.408666
G1 X98.963 Y108.583 E1.6016 ; perimeter
;WIDTH:0.425251
G1 X98.95 Y109.162 E1.61132 ; perimeter
G1 X99.102 Y109.535 E1.61808 ; perimeter
;WIDTH:0.399999
G1 X99.294 Y109.679 E1.62186 ; perimeter
G1 X99.653 Y109.73 E1.62757 ; perimeter
G1 X99.358 Y109.939 E1.63326 ; perimeter
G1 X99.207 Y110.132 E1.63712 ; perimeter
G1 X99.011 Y110.485 E1.64347 ; perimeter
;WIDTH:0.404266
G1 X98.919 Y110.984 E1.65155 ; perimeter
;WIDTH:0.412477
G1 X99.004 Y111.519 E1.66036 ; perimeter
;WIDTH:0.438517
G1 X99.046 Y111.644 E1.66265 ; perimeter
;WIDTH:0.464557
G1 X99.088 Y111.77 E1.6651 ; perimeter
G1 X99.254 Y111.983 E1.67007 ; perimeter
G1 E.62007 F2100 ; retract
;WIPE_START
G1 F5760
G1 X99.291 Y112.03 E.59935 ; wipe and retract
G1 X98.738 Y112.178 E.40108 ; wipe and retract
G1 X98.678 Y111.88 E.2958 ; wipe and retract
G1 X98.619 Y111.581 E.19024 ; wipe and retract
G1 X98.611 Y111.523 E.17007 ; wipe and retract
;WIPE_END
G92 E0 ; reset extrusion distance
G1 Z1.06 F600 ; move to first perimeter point
G1 X98.566 Y111.511 F7200 ; move to first perimeter point
G1 X98.572 Y108.507 ; move to first perimeter point
G1 X98.263 Y107.128 ; move to first perimeter point
G1 X98.27 Y107.101 ; move to first perimeter point
G1 X98.41 Y107.135 ; move to first perimeter point
G1 Z.86 F600 ; move to first perimeter point
G1 E1.5 F1500 ;  ; unretract
;TYPE:External perimeter
;WIDTH:0.36146
G1 F900
G1 X98.524 Y106.707 E1.50626 ; perimeter
G1 E.45626 F2100 ; retract
;WIPE_START
G1 F5760
G1 X98.41 Y107.135 E.30285 ; wipe and retract
;WIPE_END
G1 E.00626 F2100 ; retract
G92 E0 ; reset extrusion distance
G1 Z1.06 F600 ; move to first perimeter point
G1 X98.55 Y107.139 F7200 ; move to first perimeter point
G1 X98.922 Y111.002 ; move to first perimeter point
G1 X99.025 Y111.317 ; move to first perimeter point
G1 X99.177 Y111.588 ; move to first perimeter point
G1 X99.439 Y111.771 ; move to first perimeter point
G1 X99.649 Y111.906 ; move to first perimeter point
G1 X99.935 Y111.965 ; move to first perimeter point
G1 X100.157 Y112.002 ; move to first perimeter point
G1 X100.455 Y111.987 ; move to first perimeter point
G1 X100.673 Y111.973 ; move to first perimeter point
G1 X100.682 Y112.118 ; move to first perimeter point
G1 Z.86 F600 ; move to first perimeter point
G1 E1.5 F1500 ;  ; unretract
;WIDTH:0.399999
G1 F720
G1 X100.174 Y112.219 E1.50815 ; perimeter
G1 X98.492 Y112.686 E1.53562 ; perimeter
;WIDTH:0.389178
G1 X98.425 Y112.765 E1.5372 ; perimeter
G1 X98.396 Y112.627 E1.53936 ; perimeter
;WIDTH:0.399999
G1 X98.294 Y112.065 E1.54835 ; perimeter
G1 X98.158 Y111.034 E1.56472 ; perimeter
G1 X98.125 Y110.52 E1.57283 ; perimeter
G1 X98.116 Y109.742 E1.58507 ; perimeter
G1 X98.213 Y108.504 E1.60461 ; perimeter
G1 X98.41 Y107.135 E1.62638 ; perimeter
;WIDTH:0.386858
G1 X98.494 Y107.309 E1.62932 ; perimeter
;WIDTH:0.399999
G1 X99.671 Y107.646 E1.64859 ; perimeter
;WIDTH:0.441263
G1 X99.872 Y107.724 E1.65235 ; perimeter
;WIDTH:0.482526
G1 X100.072 Y107.801 E1.65646 ; perimeter
G1 X99.858 Y107.824 E1.66059 ; perimeter
;WIDTH:0.441263
G1 X99.644 Y107.847 E1.66435 ; perimeter
;WIDTH:0.399999
G1 X99.459 Y107.998 E1.66811 ; perimeter
G1 X99.342 Y108.583 E1.6775 ; perimeter
G1 X99.342 Y109.162 E1.68661 ; perimeter
G1 X99.388 Y109.287 E1.68871 ; perimeter
G1 X99.544 Y109.352 E1.69137 ; perimeter
;WIDTH:0.445999
G1 X99.837 Y109.375 E1.69656 ; perimeter
;WIDTH:0.491998
G1 X100.131 Y109.398 E1.70233 ; perimeter
G1 X100.701 Y109.381 E1.71349 ; perimeter
;WIDTH:0.474389
G1 X101.206 Y109.389 E1.723 ; perimeter
G1 X101.206 Y109.615 E1.72726 ; perimeter
;WIDTH:0.484608
G1 X101.257 Y109.841 E1.73172 ; perimeter
;WIDTH:0.487258
G1 X101.316 Y109.891 E1.73322 ; perimeter
G1 X101.241 Y109.87 E1.73473 ; perimeter
;WIDTH:0.484608
G1 X100.674 Y109.82 E1.74569 ; perimeter
;WIDTH:0.491998
G1 X100.159 Y109.867 E1.75581 ; perimeter
G1 X100.09 Y109.903 E1.75733 ; perimeter
;WIDTH:0.461413
G1 X99.873 Y110.037 E1.76199 ; perimeter
;WIDTH:0.430706
G1 X99.656 Y110.171 E1.76633 ; perimeter
;WIDTH:0.399999
G1 X99.382 Y110.556 E1.77377 ; perimeter
G1 X99.301 Y111.026 E1.78128 ; perimeter
G1 X99.417 Y111.523 E1.78931 ; perimeter
G1 X99.722 Y111.883 E1.79674 ; perimeter
G1 X100.164 Y112.089 E1.80441 ; perimeter
G1 X100.622 Y112.114 E1.81163 ; perimeter
G1 E.76163 F2100 ; retract
;WIPE_START
G1 F5760
G1 X100.682 Y112.118 E.7408 ; wipe and retract
G1 X100.174 Y112.219 E.56141 ; wipe and retract
G1 X99.479 Y112.412 E.31163 ; wipe and retract
;WIPE_END
G92 E0 ; reset extrusion distance
G1 Z1.06 F600 ; move to first perimeter point
G1 X99.649 Y111.906 F7200 ; move to first perimeter point
G1 X99.439 Y111.771 ; move to first perimeter point
G1 X99.177 Y111.588 ; move to first perimeter point
G1 X99.025 Y111.317 ; move to first perimeter point
G1 X98.922 Y111.002 ; move to first perimeter point
G1 X99.046 Y110.355 ; move to first perimeter point
G1 X99.222 Y110.198 ; move to first perimeter point
G1 X98.946 Y109.887 ; move to first perimeter point
G1 Z.86 F600 ; move to first perimeter point
G1 E1.5 F1500 ;  ; unretract
;TYPE:Perimeter
;WIDTH:0.437536
G1 X98.92 Y109.932 E1.5009 ; perimeter
G1 X98.868 Y109.932 E1.5018 ; perimeter
G1 X98.842 Y109.887 E1.5027 ; perimeter
G1 X98.868 Y109.842 E1.5036 ; perimeter
G1 X98.92 Y109.842 E1.5045 ; perimeter
G1 E.4545 F2100 ; retract
;WIPE_START
G1 F5760
G1 X98.868 Y109.842 E.43649 ; wipe and retract
G1 X98.842 Y109.887 E.41849 ; wipe and retract
G1 X98.868 Y109.932 E.40049 ; wipe and retract
G1 X98.92 Y109.932 E.38248 ; wipe and retract
G1 X98.946 Y109.887 E.36448 ; wipe and retract
;WIPE_END
G1 E.0045 F2100 ; retract
G92 E0 ; reset extrusion distance
G1 Z1.06 F600 ; move to first perimeter point
G1 X99.11 Y109.583 F7200 ; move to first perimeter point
G1 X102.049 Y109.873 ; move to first perimeter point
G1 X103.87 Y108.575 ; move to first perimeter point
G1 X103.926 Y108.359 ; move to first perimeter point
G1 X103.979 Y108.169 ; move to first perimeter point
G1 X104.119 Y108.206 ; move to first perimeter point
G1 Z.86 F600 ; move to first perimeter point
G1 E1.5 F1500 ;  ; unretract
;TYPE:External perimeter
;WIDTH:0.36146
G1 F900
G1 X104.005 Y108.632 E1.50623 ; perimeter
G1 X104.005 Y108.632 F7200 ; move to first perimeter point
G1 X103.894 Y107.558 ; move to first perimeter point
;TYPE:Perimeter
;WIDTH:0.399999
G1 F720
G1 X102.838 Y107.275 E1.52344 ; perimeter
G1 X103.265 Y106.535 E1.53689 ; perimeter
G1 X103.392 Y106.178 E1.54285 ; perimeter
G1 X103.587 Y105.977 E1.54726 ; perimeter
G1 X104.059 Y105.16 E1.56211 ; perimeter
G1 X104.832 Y105.933 E1.57931 ; perimeter
G1 X104.439 Y106.486 E1.58999 ; perimeter
G1 X104.151 Y106.99 E1.59913 ; perimeter
G1 X103.919 Y107.503 E1.60799 ; perimeter
G1 X103.919 Y107.503 F7200 ; move to first perimeter point
G1 X104.119 Y108.206 ; move to first perimeter point
;TYPE:External perimeter
;WIDTH:0.394007
G1 F720
G1 X104.027 Y107.993 E1.61158 ; perimeter
;WIDTH:0.399999
G1 X102.264 Y107.513 E1.64034 ; perimeter
G1 X102.978 Y106.276 E1.66282 ; perimeter
;WIDTH:0.44803
G1 X102.977 Y106.195 E1.66426 ; perimeter
;WIDTH:0.496062
G1 X102.976 Y106.114 E1.66586 ; perimeter
;WIDTH:0.544093
G1 X102.976 Y106.033 E1.66762 ; perimeter
;WIDTH:0.592124
G1 X102.975 Y105.952 E1.66954 ; perimeter
G1 X103.03 Y105.928 E1.67096 ; perimeter
;WIDTH:0.544093
G1 X103.085 Y105.904 E1.67226 ; perimeter
;WIDTH:0.496062
G1 X103.139 Y105.879 E1.67343 ; perimeter
;WIDTH:0.44803
G1 X103.194 Y105.855 E1.67449 ; perimeter
;WIDTH:0.399999
G1 X103.258 Y105.79 E1.67593 ; perimeter
G1 X103.978 Y104.544 E1.69858 ; perimeter
G1 X105.275 Y105.83 E1.72732 ; perimeter
;WIDTH:0.393847
G1 X105.505 Y105.803 E1.73091 ; perimeter
;WIDTH:0.399999
G1 X105.158 Y106.128 E1.73839 ; perimeter
G1 X104.767 Y106.676 E1.74898 ; perimeter
G1 X104.496 Y107.146 E1.75752 ; perimeter
G1 X104.226 Y107.743 E1.76783 ; perimeter
G1 X104.132 Y108.147 E1.77436 ; perimeter
G1 X104.132 Y108.147 F7200 ; move to first perimeter point
G1 X103.609 Y106.956 ; move to first perimeter point
;TYPE:Perimeter
;WIDTH:0.672904
G1 F1500
G1 X103.858 Y106.462 E1.78934 ; perimeter
G1 X104.168 Y105.988 E1.80468 ; perimeter
G1 X104.168 Y105.988 F7200 ; move to first perimeter point
G1 X102.578 Y105.723 ; move to first perimeter point
;TYPE:External perimeter
;WIDTH:0.592124
G1 F900
G1 X102.975 Y105.952 E1.81555 ; perimeter
G1 X102.975 Y105.952 F7200 ; move to first perimeter point
G1 X101.615 Y104.859 ; move to first perimeter point
;TYPE:Perimeter
;WIDTH:0.380697
G1 F720
G1 X102.225 Y105.227 E1.82619 ; perimeter
G1 X102.177 Y105.347 E1.82812 ; perimeter
G1 X102.17 Y105.487 E1.83021 ; perimeter
;WIDTH:0.377228
G1 X102.099 Y105.526 E1.83141 ; perimeter
G1 X101.972 Y105.667 E1.83422 ; perimeter
G1 X101.744 Y105.535 E1.83812 ; perimeter
;WIDTH:0.380697
G1 X101.823 Y105.299 E1.84184 ; perimeter
G1 X101.641 Y104.914 E1.8482 ; perimeter
G1 X101.641 Y104.914 F7200 ; move to first perimeter point
G1 X103.334 Y103.956 ; move to first perimeter point
;TYPE:External perimeter
;WIDTH:0.479103
G1 F720
G1 X103.193 Y104.201 E1.85358 ; perimeter
G1 X102.36 Y103.72 E1.87188 ; perimeter
G1 X102.54 Y103.517 E1.87704 ; perimeter
;WIDTH:0.515176
G1 X102.544 Y103.191 E1.88373 ; perimeter
G1 X102.879 Y103.501 E1.8931 ; perimeter
;WIDTH:0.479103
G1 X103.292 Y103.913 E1.9042 ; perimeter
G1 X103.292 Y103.913 F7200 ; move to first perimeter point
G1 X103.593 Y102.937 ; move to first perimeter point
;WIDTH:0.52817
G1 F900
G1 X103.275 Y102.622 E1.91363 ; perimeter
G1 X103.275 Y102.622 F7200 ; move to first perimeter point
G1 X104.453 Y103.103 ; move to first perimeter point
;WIDTH:0.371331
G1 F720
G1 X104.059 Y103.33 E1.92024 ; perimeter
G1 X103.968 Y103.422 E1.92212 ; perimeter
G1 X103.913 Y103.367 E1.92325 ; perimeter
;WIDTH:0.410541
G1 X103.833 Y103.26 E1.92541 ; perimeter
;WIDTH:0.449751
G1 X103.753 Y103.152 E1.9278 ; perimeter
;WIDTH:0.48896
G1 X103.673 Y103.045 E1.9304 ; perimeter
;WIDTH:0.52817
G1 X103.593 Y102.937 E1.93323 ; perimeter
G1 X103.706 Y102.957 E1.93565 ; perimeter
;WIDTH:0.480211
G1 X103.818 Y102.977 E1.93782 ; perimeter
;WIDTH:0.432251
G1 X103.93 Y102.998 E1.93977 ; perimeter
;WIDTH:0.384291
G1 X104.394 Y103.091 E1.94691 ; perimeter
G1 X104.394 Y103.091 F7200 ; move to first perimeter point
G1 X105.739 Y102.569 ; move to first perimeter point
;WIDTH:0.4707
G1 F900
G1 X105.975 Y102.98 E1.95576 ; perimeter
G1 X105.975 Y102.98 F7200 ; move to first perimeter point
G1 X105.175 Y104.074 ; move to first perimeter point
;TYPE:Perimeter
;WIDTH:0.399999
G1 F720
G1 X106.056 Y103.566 E1.97176 ; perimeter
G1 X106.226 Y103.414 E1.97535 ; perimeter
G1 X106.443 Y103.342 E1.97895 ; perimeter
G1 X107.281 Y102.859 E1.99417 ; perimeter
G1 X107.559 Y103.898 E2.0111 ; perimeter
G1 X107.188 Y104.058 E2.01746 ; perimeter
G1 X106.558 Y104.404 E2.02877 ; perimeter
G1 X105.935 Y104.834 E2.04068 ; perimeter
G1 X105.218 Y104.117 E2.05664 ; perimeter
G1 X105.218 Y104.117 F7200 ; move to first perimeter point
G1 X105.819 Y105.492 ; move to first perimeter point
;TYPE:External perimeter
;WIDTH:0.36146
G1 F900
G1 X105.505 Y105.803 E2.06289 ; perimeter
G1 E1.01289 F2100 ; retract
;WIPE_START
G1 F5760
G1 X105.819 Y105.492 E.85982 ; wipe and retract
;WIPE_END
G1 E.56289 F2100 ; retract
G92 E0 ; reset extrusion distance
G1 Z1.06 F600 ; move to first perimeter point
G1 X105.701 Y105.404 F7200 ; move to first perimeter point
G1 X105.427 Y104.592 ; move to first perimeter point
G1 X104.998 Y104.352 ; move to first perimeter point
G1 X104.502 Y104.179 ; move to first perimeter point
G1 X104.442 Y104.126 ; move to first perimeter point
G1 X104.559 Y103.993 ; move to first perimeter point
G1 Z.86 F600 ; move to first perimeter point
G1 E1.5 F1500 ;  ; unretract
;WIDTH:0.399999
G1 F720
G1 X105.899 Y103.215 E1.52439 ; perimeter
;WIDTH:0.43535
G1 X105.937 Y103.097 E1.52652 ; perimeter
;WIDTH:0.4707
G1 X105.975 Y102.98 E1.52882 ; perimeter
G1 X106.078 Y103.009 E1.53082 ; perimeter
;WIDTH:0.43535
G1 X106.182 Y103.039 E1.53268 ; perimeter
;WIDTH:0.399999
G1 X106.254 Y103.015 E1.53387 ; perimeter
G1 X107.519 Y102.285 E1.55686 ; perimeter
G1 X107.992 Y104.027 E1.58527 ; perimeter
;WIDTH:0.394519
G1 X108.07 Y104.107 E1.587 ; perimeter
;WIDTH:0.375705
G1 X108.206 Y104.118 E1.58901 ; perimeter
G1 X108.065 Y104.14 E1.59111 ; perimeter
;WIDTH:0.399999
G1 X107.496 Y104.329 E1.60055 ; perimeter
G1 X106.948 Y104.607 E1.61022 ; perimeter
G1 X106.437 Y104.926 E1.6197 ; perimeter
G1 X106.021 Y105.246 E1.62796 ; perimeter
;WIDTH:0.399701
G1 X105.819 Y105.492 E1.63297 ; perimeter
;WIDTH:0.391865
G1 X105.829 Y105.276 E1.6363 ; perimeter
;WIDTH:0.399701
G1 X105.796 Y105.231 E1.63718 ; perimeter
;WIDTH:0.399999
G1 X104.601 Y104.036 E1.66378 ; perimeter
G1 X104.601 Y104.036 F7200 ; move to first perimeter point
G1 X105.981 Y104.18 ; move to first perimeter point
;TYPE:Perimeter
;WIDTH:0.632292
G1 F1500
G1 X105.991 Y104.174 E1.66408 ; perimeter
;WIDTH:0.63651
G1 X106.486 Y103.864 E1.67901 ; perimeter
G1 X106.968 Y103.613 E1.69291 ; perimeter
G1 X106.968 Y103.613 F7200 ; move to first perimeter point
G1 X108.637 Y104 ; move to first perimeter point
;TYPE:External perimeter
;WIDTH:0.36146
G1 F900
G1 X108.206 Y104.118 E1.69923 ; perimeter
G1 E.19923 F2100 ; retract
G92 E0 ; reset extrusion distance
G1 X108.206 Y104.118 Z1.06 F7200 ; move to first perimeter point
G1 X110.757 Y102.792 ; move to first perimeter point
G1 Z.86 F600 ; move to first perimeter point
G1 E1.5 F1500 ;  ; unretract
;TYPE:Perimeter
;WIDTH:0.355331
G1 F720
G1 X110.674 Y103.1 E1.50443 ; perimeter
;WIDTH:0.404197
G1 X110.159 Y103.05 E1.51266 ; perimeter
;WIDTH:0.452534
G1 X110.076 Y103.025 E1.51421 ; perimeter
;WIDTH:0.500871
G1 X109.993 Y103 E1.51594 ; perimeter
;WIDTH:0.549208
G1 X109.91 Y102.975 E1.51784 ; perimeter
;WIDTH:0.597545
G1 X109.827 Y102.951 E1.51991 ; perimeter
;WIDTH:0.645882
G1 X109.744 Y102.926 E1.52216 ; perimeter
G1 X109.827 Y102.867 E1.5248 ; perimeter
;WIDTH:0.597545
G1 X109.91 Y102.807 E1.52725 ; perimeter
;WIDTH:0.549208
G1 X109.993 Y102.748 E1.52948 ; perimeter
;WIDTH:0.500871
G1 X110.076 Y102.689 E1.53151 ; perimeter
;WIDTH:0.452534
G1 X110.159 Y102.63 E1.53334 ; perimeter
;WIDTH:0.404197
G1 X110.249 Y102.686 E1.53503 ; perimeter
G1 X110.698 Y102.779 E1.54233 ; perimeter
G1 X110.698 Y102.779 F7200 ; move to first perimeter point
G1 X111.214 Y102.461 ; move to first perimeter point
;WIDTH:0.399999
G1 F720
G1 X110.937 Y103.494 E1.55916 ; perimeter
G1 X110.145 Y103.43 E1.57166 ; perimeter
G1 X109.636 Y103.439 E1.57967 ; perimeter
G1 X109.063 Y103.496 E1.58873 ; perimeter
G1 X108.779 Y102.433 E1.60605 ; perimeter
G1 X109.737 Y102.418 E1.62113 ; perimeter
G1 X109.983 Y102.29 E1.62549 ; perimeter
G1 X110.091 Y102.106 E1.62885 ; perimeter
G1 X110.415 Y102.343 E1.63517 ; perimeter
G1 X110.962 Y102.468 E1.644 ; perimeter
G1 X111.154 Y102.463 E1.64702 ; perimeter
G1 X111.771 Y101.844 F7200 ; move to first perimeter point
;TYPE:External perimeter
G1 F720
G1 X111.251 Y103.801 E1.67889 ; perimeter
;WIDTH:0.396717
G1 X111.387 Y104.011 E1.68279 ; perimeter
;WIDTH:0.399999
G1 X111.069 Y103.893 E1.68813 ; perimeter
G1 X110.419 Y103.819 E1.69843 ; perimeter
G1 X109.909 Y103.802 E1.70646 ; perimeter
G1 X109.315 Y103.838 E1.71583 ; perimeter
G1 X108.637 Y104 E1.7268 ; perimeter
;WIDTH:0.392081
G1 X108.749 Y103.824 E1.73001 ; perimeter
;WIDTH:0.399999
G1 X108.285 Y102.055 E1.75879 ; perimeter
G1 X109.606 Y102.055 E1.77958 ; perimeter
G1 X109.731 Y102.007 E1.78169 ; perimeter
G1 X109.795 Y101.866 E1.78413 ; perimeter
;WIDTH:0.445841
G1 X109.815 Y101.762 E1.786 ; perimeter
;WIDTH:0.491682
G1 X109.836 Y101.658 E1.78807 ; perimeter
;WIDTH:0.537523
G1 X109.856 Y101.555 E1.79032 ; perimeter
;WIDTH:0.583365
G1 X109.877 Y101.451 E1.7928 ; perimeter
;WIDTH:0.629206
G1 X109.897 Y101.347 E1.79548 ; perimeter
G1 X109.956 Y101.413 E1.79772 ; perimeter
;WIDTH:0.583365
G1 X110.014 Y101.48 E1.79979 ; perimeter
;WIDTH:0.537523
G1 X110.072 Y101.546 E1.80168 ; perimeter
;WIDTH:0.491682
G1 X110.13 Y101.612 E1.8034 ; perimeter
;WIDTH:0.445841
G1 X110.188 Y101.678 E1.80495 ; perimeter
;WIDTH:0.399999
G1 X110.545 Y101.981 E1.81232 ; perimeter
G1 X111.034 Y102.097 E1.82023 ; perimeter
G1 X111.515 Y102.018 E1.8279 ; perimeter
G1 X111.722 Y101.878 E1.83183 ; perimeter
G1 E.33183 F2100 ; retract
G92 E0 ; reset extrusion distance
G1 X111.722 Y101.878 Z1.06 F7200 ; move to first perimeter point
G1 X109.744 Y102.926 ; move to first perimeter point
G1 Z.86 F600 ; move to first perimeter point
G1 E1.5 F1500 ;  ; unretract
;TYPE:Perimeter
;WIDTH:0.65901
G1 X109.441 Y102.941 E1.50804 ; perimeter
G1 E.45804 F2100 ; retract
;WIPE_START
G1 F5760
G1 X109.744 Y102.926 E.35297 ; wipe and retract
;WIPE_END
G1 E.00804 F2100 ; retract
G92 E0 ; reset extrusion distance
G1 Z1.06 F600 ; move to first perimeter point
G1 X109.921 Y103.457 F7200 ; move to first perimeter point
G1 X110 Y103.432 ; move to first perimeter point
G1 X110.064 Y103.449 ; move to first perimeter point
G1 X110.142 Y103.486 ; move to first perimeter point
G1 X111.737 Y104.247 ; move to first perimeter point
G1 X111.777 Y104.257 ; move to first perimeter point
G1 X111.809 Y104.121 ; move to first perimeter point
G1 Z.86 F600 ; move to first perimeter point
G1 E1.5 F1500 ;  ; unretract
;TYPE:External perimeter
;WIDTH:0.36146
G1 F900
G1 X111.387 Y104.011 E1.50616 ; perimeter
G1 E.00616 F2100 ; retract
G92 E0 ; reset extrusion distance
G1 X111.387 Y104.011 Z1.06 F7200 ; move to first perimeter point
G1 X114.256 Y104.14 ; move to first perimeter point
G1 Z.86 F600 ; move to first perimeter point
G1 E1.5 F1500 ;  ; unretract
;TYPE:Perimeter
;WIDTH:0.35544
G1 F720
G1 X114.029 Y104.366 E1.50445 ; perimeter
;WIDTH:0.364464
G1 X113.77 Y104.176 E1.50903 ; perimeter
;WIDTH:0.410264
G1 X113.703 Y104.109 E1.51056 ; perimeter
;WIDTH:0.456064
G1 X113.635 Y104.042 E1.51228 ; perimeter
;WIDTH:0.501864
G1 X113.568 Y103.975 E1.51417 ; perimeter
;WIDTH:0.547664
G1 X113.5 Y103.909 E1.51624 ; perimeter
;WIDTH:0.593464
G1 X113.432 Y103.842 E1.51851 ; perimeter
;WIDTH:0.639264
G1 X113.365 Y103.775 E1.52094 ; perimeter
G1 X113.443 Y103.77 E1.52295 ; perimeter
;WIDTH:0.597515
G1 X113.522 Y103.765 E1.52485 ; perimeter
;WIDTH:0.555766
G1 X113.601 Y103.759 E1.52661 ; perimeter
;WIDTH:0.514018
G1 X113.679 Y103.754 E1.52821 ; perimeter
;WIDTH:0.472269
G1 X113.758 Y103.749 E1.52969 ; perimeter
;WIDTH:0.43052
G1 X113.837 Y103.744 E1.53104 ; perimeter
;WIDTH:0.388771
G1 X114.212 Y104.098 E1.53892 ; perimeter
G1 X114.212 Y104.098 F7200 ; move to first perimeter point
G1 X114.825 Y104.074 ; move to first perimeter point
;WIDTH:0.399999
G1 F720
G1 X114.067 Y104.832 E1.55579 ; perimeter
G1 X113.461 Y104.409 E1.56742 ; perimeter
G1 X113.01 Y104.151 E1.5756 ; perimeter
G1 X112.442 Y103.894 E1.58541 ; perimeter
G1 X112.725 Y102.836 E1.60265 ; perimeter
G1 X113.54 Y103.306 E1.61746 ; perimeter
G1 X113.832 Y103.372 E1.62217 ; perimeter
G1 X114.037 Y103.286 E1.62567 ; perimeter
G1 X114.181 Y103.588 E1.63094 ; perimeter
G1 X114.574 Y103.944 E1.63929 ; perimeter
G1 X114.772 Y104.046 E1.6428 ; perimeter
G1 X114.772 Y104.046 F7200 ; move to first perimeter point
G1 X115.633 Y103.802 ; move to first perimeter point
;TYPE:External perimeter
G1 F720
G1 X114.17 Y105.275 E1.67547 ; perimeter
;WIDTH:0.393847
G1 X114.197 Y105.505 E1.67906 ; perimeter
;WIDTH:0.399999
G1 X113.872 Y105.158 E1.68654 ; perimeter
G1 X113.324 Y104.767 E1.69713 ; perimeter
G1 X112.854 Y104.496 E1.70567 ; perimeter
G1 X112.257 Y104.226 E1.71598 ; perimeter
G1 X111.809 Y104.121 E1.72322 ; perimeter
;WIDTH:0.392506
G1 X112.006 Y104.026 E1.72659 ; perimeter
;WIDTH:0.399999
G1 X112.488 Y102.262 E1.75537 ; perimeter
G1 X113.489 Y102.84 E1.77356 ; perimeter
G1 X113.815 Y102.993 E1.77923 ; perimeter
G1 X113.969 Y102.899 E1.78207 ; perimeter
;WIDTH:0.436935
G1 X114.07 Y102.756 E1.78509 ; perimeter
;WIDTH:0.473871
G1 X114.17 Y102.613 E1.78837 ; perimeter
;WIDTH:0.510806
G1 X114.27 Y102.47 E1.79192 ; perimeter
G1 X114.28 Y102.604 E1.79465 ; perimeter
;WIDTH:0.473871
G1 X114.289 Y102.738 E1.79718 ; perimeter
;WIDTH:0.436935
G1 X114.299 Y102.873 E1.79952 ; perimeter
;WIDTH:0.399999
G1 X114.457 Y103.314 E1.80689 ; perimeter
G1 X114.822 Y103.658 E1.81478 ; perimeter
G1 X115.278 Y103.83 E1.82245 ; perimeter
G1 X115.573 Y103.807 E1.82711 ; perimeter
G1 E.32711 F2100 ; retract
G92 E0 ; reset extrusion distance
G1 X115.573 Y103.807 Z1.06 F7200 ; move to first perimeter point
G1 X113.365 Y103.775 ; move to first perimeter point
G1 Z.86 F600 ; move to first perimeter point
G1 E1.5 F1500 ;  ; unretract
;TYPE:Perimeter
;WIDTH:0.660612
G1 X113.045 Y103.609 E1.50958 ; perimeter
G1 E.45958 F2100 ; retract
;WIPE_START
G1 F5760
G1 X113.365 Y103.775 E.33472 ; wipe and retract
;WIPE_END
G1 E.00958 F2100 ; retract
G92 E0 ; reset extrusion distance
G1 Z1.06 F600 ; move to first perimeter point
G1 X113.297 Y103.137 F7200 ; move to first perimeter point
G1 X113.878 Y103.075 ; move to first perimeter point
G1 X115.143 Y100.837 ; move to first perimeter point
G1 X115.013 Y100.456 ; move to first perimeter point
G1 X114.876 Y100.065 ; move to first perimeter point
G1 X114.783 Y99.994 ; move to first perimeter point
G1 X114.56 Y99.851 ; move to first perimeter point
G1 X114.325 Y99.775 ; move to first perimeter point
G1 X114.045 Y99.815 ; move to first perimeter point
G1 X113.808 Y99.881 ; move to first perimeter point
G1 X113.604 Y99.939 ; move to first perimeter point
G1 X113.436 Y100.07 ; move to first perimeter point
G1 X113.304 Y100.179 ; move to first perimeter point
G1 X113.204 Y100.346 ; move to first perimeter point
G1 X113.128 Y100.479 ; move to first perimeter point
G1 X113.062 Y100.672 ; move to first perimeter point
G1 X113.025 Y100.872 ; move to first perimeter point
G1 X113.015 Y101.139 ; move to first perimeter point
G1 X113.057 Y101.315 ; move to first perimeter point
G1 X112.866 Y101.36 ; move to first perimeter point
G1 Z.86 F600 ; move to first perimeter point
G1 E1.5 F1500 ;  ; unretract
;TYPE:External perimeter
;WIDTH:0.663516
G1 F900
G1 X112.869 Y101.259 E1.5027 ; perimeter
;WIDTH:0.617551
G1 X112.872 Y101.157 E1.50523 ; perimeter
;WIDTH:0.571587
G1 X112.876 Y101.056 E1.50754 ; perimeter
;WIDTH:0.525622
G1 X112.879 Y100.955 E1.50966 ; perimeter
;WIDTH:0.479657
G1 X112.882 Y100.853 E1.5116 ; perimeter
;WIDTH:0.433692
G1 X112.992 Y100.434 E1.51902 ; perimeter
G1 X112.992 Y100.434 F7200 ; move to first perimeter point
G1 X112.15 Y100.711 ; move to first perimeter point
;WIDTH:0.36146
G1 F900
G1 X112.043 Y101.248 E1.52676 ; perimeter
G1 X112.043 Y101.248 F7200 ; move to first perimeter point
G1 X112.047 Y99.26 ; move to first perimeter point
;TYPE:Perimeter
;WIDTH:0.448394
G1 F720
G1 X111.806 Y99.074 E1.53216 ; perimeter
G1 X111.201 Y98.936 E1.54317 ; perimeter
;WIDTH:0.401332
G1 X110.962 Y98.931 E1.54695 ; perimeter
G1 X110.378 Y99.076 E1.55645 ; perimeter
;WIDTH:0.399999
G1 X110.061 Y99.317 E1.56272 ; perimeter
G1 X109.907 Y99.154 E1.56625 ; perimeter
G1 X109.735 Y99.089 E1.56914 ; perimeter
;WIDTH:0.425044
G1 X109.024 Y98.951 E1.58129 ; perimeter
G1 X108.494 Y98.968 E1.59019 ; perimeter
;WIDTH:0.428816
G1 X108.167 Y99.049 E1.5959 ; perimeter
G1 X107.981 Y99.4 E1.60263 ; perimeter
G1 X107.799 Y98.722 E1.61452 ; perimeter
G1 X108.469 Y98.601 E1.62605 ; perimeter
;WIDTH:0.440239
G1 X109.792 Y98.5 E1.64915 ; perimeter
;WIDTH:0.399999
G1 X110.522 Y98.514 E1.66064 ; perimeter
G1 X111.131 Y98.551 E1.67024 ; perimeter
;WIDTH:0.410059
G1 X111.652 Y98.622 E1.67874 ; perimeter
;WIDTH:0.448394
G1 X112.189 Y98.73 E1.68846 ; perimeter
G1 X112.062 Y99.202 E1.69714 ; perimeter
G1 X112.062 Y99.202 F7200 ; move to first perimeter point
G1 X112.865 Y98.41 ; move to first perimeter point
;TYPE:External perimeter
;WIDTH:0.36146
G1 F900
G1 X113.293 Y98.524 E1.7034 ; perimeter
G1 E.6534 F2100 ; retract
;WIPE_START
G1 F5760
G1 X112.865 Y98.41 E.49999 ; wipe and retract
;WIPE_END
G1 E.2034 F2100 ; retract
G92 E0 ; reset extrusion distance
G1 Z1.06 F600 ; move to first perimeter point
G1 X112.861 Y98.55 F7200 ; move to first perimeter point
G1 X112.65 Y98.788 ; move to first perimeter point
G1 X112.301 Y99.184 ; move to first perimeter point
G1 X112.337 Y100.173 ; move to first perimeter point
G1 X112.324 Y100.336 ; move to first perimeter point
G1 X112.178 Y100.324 ; move to first perimeter point
G1 Z.86 F600 ; move to first perimeter point
G1 E1.5 F1500 ;  ; unretract
;WIDTH:0.399999
G1 F720
G1 X112.159 Y100.164 E1.50254 ; perimeter
G1 X111.953 Y99.722 E1.51021 ; perimeter
G1 X111.596 Y99.419 E1.51758 ; perimeter
G1 X111.129 Y99.308 E1.52513 ; perimeter
G1 X110.626 Y99.382 E1.53313 ; perimeter
G1 X110.241 Y99.656 E1.54057 ; perimeter
;WIDTH:0.447317
G1 X110.157 Y99.757 E1.5429 ; perimeter
;WIDTH:0.494635
G1 X110.072 Y99.858 E1.5455 ; perimeter
;WIDTH:0.541952
G1 X109.988 Y99.958 E1.54833 ; perimeter
;WIDTH:0.58927
G1 X109.903 Y100.059 E1.55145 ; perimeter
G1 X109.875 Y99.934 E1.55447 ; perimeter
;WIDTH:0.541952
G1 X109.846 Y99.808 E1.55727 ; perimeter
;WIDTH:0.494635
G1 X109.817 Y99.683 E1.55979 ; perimeter
;WIDTH:0.447317
G1 X109.788 Y99.557 E1.56208 ; perimeter
;WIDTH:0.399999
G1 X109.658 Y99.459 E1.56464 ; perimeter
G1 X109.073 Y99.342 E1.57403 ; perimeter
G1 X108.494 Y99.342 E1.58314 ; perimeter
G1 X108.387 Y99.374 E1.5849 ; perimeter
G1 X108.304 Y99.531 E1.58769 ; perimeter
G1 X108.304 Y101.243 E1.61463 ; perimeter
G1 X108.068 Y101.243 E1.61834 ; perimeter
G1 X107.328 Y98.523 E1.6627 ; perimeter
;WIDTH:0.393399
G1 X107.115 Y98.413 E1.66641 ; perimeter
G1 X107.412 Y98.388 E1.67102 ; perimeter
;WIDTH:0.399999
G1 X108.421 Y98.23 E1.68709 ; perimeter
G1 X109.195 Y98.143 E1.69935 ; perimeter
G1 X109.788 Y98.121 E1.70869 ; perimeter
G1 X110.547 Y98.136 E1.72064 ; perimeter
G1 X111.317 Y98.187 E1.73278 ; perimeter
G1 X112.865 Y98.41 E1.75739 ; perimeter
;WIDTH:0.386857
G1 X112.691 Y98.494 E1.76033 ; perimeter
;WIDTH:0.393982
G1 X112.666 Y98.541 E1.76115 ; perimeter
;WIDTH:0.399999
G1 X112.194 Y100.266 E1.7893 ; perimeter
G1 E.7393 F2100 ; retract
;WIPE_START
G1 F5760
G1 X112.178 Y100.324 E.71846 ; wipe and retract
G1 X112.159 Y100.164 E.66265 ; wipe and retract
G1 X111.953 Y99.722 E.49375 ; wipe and retract
G1 X111.596 Y99.419 E.33157 ; wipe and retract
G1 X111.477 Y99.391 E.2893 ; wipe and retract
;WIPE_END
G92 E0 ; reset extrusion distance
G1 Z1.06 F600 ; move to first perimeter point
G1 X111.673 Y99.252 F7200 ; move to first perimeter point
G1 X111.643 Y99.209 ; move to first perimeter point
G1 X111.355 Y99.038 ; move to first perimeter point
G1 X111.07 Y98.922 ; move to first perimeter point
G1 X110.763 Y99.067 ; move to first perimeter point
G1 X110.501 Y99.215 ; move to first perimeter point
G1 X110.126 Y98.85 ; move to first perimeter point
G1 Z.86 F600 ; move to first perimeter point
G1 E1.5 F1500 ;  ; unretract
;TYPE:Perimeter
;WIDTH:0.349386
G1 X110.106 Y98.885 E1.50055 ; perimeter
G1 X110.044 Y98.85 E1.50152 ; perimeter
G1 X110.106 Y98.814 E1.5025 ; perimeter
G1 X110.106 Y98.814 F7200 ; move to first perimeter point
G1 X109.338 Y100.279 ; move to first perimeter point
;TYPE:External perimeter
;WIDTH:0.540699
G1 F720
G1 X109.567 Y100.327 E1.50755 ; perimeter
;WIDTH:0.585986
G1 X109.89 Y100.154 E1.51615 ; perimeter
G1 X109.851 Y100.732 E1.52975 ; perimeter
;WIDTH:0.573981
G1 X109.854 Y100.905 E1.53372 ; perimeter
;WIDTH:0.610115
G1 X109.857 Y101.078 E1.53795 ; perimeter
;WIDTH:0.64625
G1 X109.86 Y101.251 E1.54244 ; perimeter
G1 X109.733 Y101.21 E1.54591 ; perimeter
;WIDTH:0.596412
G1 X109.606 Y101.17 E1.54909 ; perimeter
;WIDTH:0.546573
G1 X109.341 Y101.17 E1.55488 ; perimeter
G1 X109.339 Y100.339 E1.57302 ; perimeter
G1 E.52302 F2100 ; retract
;WIPE_START
G1 F5760
G1 X109.338 Y100.279 E.50224 ; wipe and retract
G1 X109.567 Y100.327 E.4212 ; wipe and retract
G1 X109.89 Y100.154 E.29429 ; wipe and retract
G1 X109.851 Y100.732 E.09364 ; wipe and retract
G1 X109.852 Y100.791 E.07302 ; wipe and retract
;WIPE_END
G92 E0 ; reset extrusion distance
G1 Z1.06 F600 ; move to first perimeter point
G1 X109.457 Y100.811 F7200 ; move to first perimeter point
G1 X109.768 Y101.27 ; move to first perimeter point
G1 X109.858 Y102.118 ; move to first perimeter point
G1 X108.575 Y103.87 ; move to first perimeter point
G1 X108.169 Y103.979 ; move to first perimeter point
G1 X107.585 Y103.314 ; move to first perimeter point
G1 X107.563 Y101.678 ; move to first perimeter point
G1 X107.409 Y101.678 ; move to first perimeter point
G1 X107.512 Y101.487 ; move to first perimeter point
G1 X107.417 Y101.339 ; move to first perimeter point
G1 X107.248 Y101.447 ; move to first perimeter point
G1 Z.86 F600 ; move to first perimeter point
G1 E1.5 F1500 ;  ; unretract
;WIDTH:0.488952
G1 F720
G1 X106.991 Y101.6 E1.50581 ; perimeter
G1 X106.516 Y100.777 E1.52428 ; perimeter
G1 X106.768 Y100.693 E1.52944 ; perimeter
;WIDTH:0.515213
G1 X106.861 Y100.571 E1.53259 ; perimeter
;WIDTH:0.541474
G1 X106.953 Y100.448 E1.53591 ; perimeter
G1 X107.02 Y100.648 E1.54047 ; perimeter
;WIDTH:0.515213
G1 X107.087 Y100.847 E1.54478 ; perimeter
;WIDTH:0.488952
G1 X107.232 Y101.389 E1.55568 ; perimeter
G1 E.50568 F2100 ; retract
;WIPE_START
G1 F5760
G1 X107.248 Y101.447 E.48484 ; wipe and retract
G1 X106.991 Y101.6 E.38125 ; wipe and retract
G1 X106.521 Y100.785 E.05568 ; wipe and retract
;WIPE_END
G92 E0 ; reset extrusion distance
G1 Z1.06 F600 ; move to first perimeter point
G1 X106.63 Y100.739 F7200 ; move to first perimeter point
G1 X106.868 Y100.537 ; move to first perimeter point
G1 X106.706 Y100.199 ; move to first perimeter point
G1 X106.559 Y99.895 ; move to first perimeter point
G1 X105.737 Y99.8 ; move to first perimeter point
G1 X105.408 Y99.945 ; move to first perimeter point
G1 X103.591 Y100.944 ; move to first perimeter point
G1 X103.395 Y101.093 ; move to first perimeter point
G1 X103.268 Y101.34 ; move to first perimeter point
G1 X103.202 Y101.585 ; move to first perimeter point
G1 X103.146 Y101.796 ; move to first perimeter point
G1 X102.863 Y101.72 ; move to first perimeter point
G1 Z.86 F600 ; move to first perimeter point
G1 E1.5 F1500 ;  ; unretract
;TYPE:Perimeter
;WIDTH:0.459813
G1 F720
G1 X102.484 Y101.34 E1.50978 ; perimeter
G1 X102.807 Y101.038 E1.51784 ; perimeter
;WIDTH:0.432189
G1 X103.203 Y100.727 E1.52644 ; perimeter
;WIDTH:0.459776
G1 X103.837 Y100.317 E1.5402 ; perimeter
;WIDTH:0.505291
G1 X104.154 Y100.161 E1.54731 ; perimeter
;WIDTH:0.550806
G1 X104.471 Y100.004 E1.5551 ; perimeter
G1 X104.634 Y99.898 E1.55938 ; perimeter
;WIDTH:0.514268
G1 X104.796 Y99.791 E1.56336 ; perimeter
;WIDTH:0.47773
G1 X104.958 Y99.685 E1.56703 ; perimeter
;WIDTH:0.441192
G1 X105.633 Y99.363 E1.58008 ; perimeter
;WIDTH:0.421992
G1 X106.272 Y99.136 E1.59137 ; perimeter
G1 X106.392 Y99.587 E1.59914 ; perimeter
G1 X106.299 Y99.551 E1.6008 ; perimeter
G1 X106.196 Y99.585 E1.60261 ; perimeter
;WIDTH:0.423683
G1 X105.556 Y99.834 E1.61409 ; perimeter
;WIDTH:0.446068
G1 X105.105 Y100.085 E1.6232 ; perimeter
;WIDTH:0.480981
G1 X105.02 Y100.166 E1.62544 ; perimeter
;WIDTH:0.515894
G1 X104.935 Y100.248 E1.62787 ; perimeter
;WIDTH:0.550806
G1 X104.85 Y100.33 E1.63047 ; perimeter
G1 X104.808 Y100.518 E1.63471 ; perimeter
G1 X104.616 Y100.498 E1.63896 ; perimeter
G1 X104.457 Y100.547 E1.64262 ; perimeter
;WIDTH:0.510345
G1 X104.098 Y100.697 E1.65053 ; perimeter
;WIDTH:0.466406
G1 X103.739 Y100.847 E1.65773 ; perimeter
;WIDTH:0.422467
G1 X103.271 Y101.165 E1.66716 ; perimeter
;WIDTH:0.459813
G1 X102.987 Y101.472 E1.67478 ; perimeter
G1 X102.89 Y101.666 E1.67873 ; perimeter
G1 X102.89 Y101.666 F7200 ; move to first perimeter point
G1 X103.275 Y102.622 ; move to first perimeter point
;TYPE:External perimeter
;WIDTH:0.523328
G1 F720
G1 X103.13 Y102.506 E1.6826 ; perimeter
;WIDTH:0.482219
G1 X102.984 Y102.389 E1.68618 ; perimeter
;WIDTH:0.441109
G1 X102.839 Y102.273 E1.68942 ; perimeter
;WIDTH:0.399999
G1 X101.92 Y101.377 E1.70962 ; perimeter
;WIDTH:0.388995
G1 X101.818 Y101.359 E1.7112 ; perimeter
G1 X101.923 Y101.266 E1.71334 ; perimeter
;WIDTH:0.399999
G1 X102.562 Y100.728 E1.72649 ; perimeter
G1 X102.97 Y100.415 E1.73458 ; perimeter
G1 X103.612 Y99.976 E1.74682 ; perimeter
G1 X104.244 Y99.611 E1.75831 ; perimeter
G1 X104.786 Y99.325 E1.76795 ; perimeter
G1 X105.433 Y99.029 E1.77915 ; perimeter
G1 X106.611 Y98.589 E1.79894 ; perimeter
;WIDTH:0.386934
G1 X106.576 Y98.69 E1.80056 ; perimeter
;WIDTH:0.399999
G1 X106.882 Y99.908 E1.82032 ; perimeter
;WIDTH:0.448836
G1 X106.895 Y100.052 E1.82289 ; perimeter
;WIDTH:0.497673
G1 X106.908 Y100.196 E1.82575 ; perimeter
;WIDTH:0.54651
G1 X106.922 Y100.34 E1.82891 ; perimeter
G1 X106.829 Y100.229 E1.83207 ; perimeter
;WIDTH:0.497673
G1 X106.737 Y100.117 E1.83494 ; perimeter
;WIDTH:0.448836
G1 X106.644 Y100.006 E1.83751 ; perimeter
;WIDTH:0.399999
G1 X106.421 Y99.921 E1.84127 ; perimeter
G1 X105.751 Y100.172 E1.85253 ; perimeter
G1 X105.304 Y100.443 E1.86076 ; perimeter
;WIDTH:0.438927
G1 X105.281 Y100.525 E1.86224 ; perimeter
;WIDTH:0.477854
G1 X105.257 Y100.607 E1.86386 ; perimeter
;WIDTH:0.516781
G1 X105.234 Y100.689 E1.86561 ; perimeter
G1 X105.285 Y100.772 E1.86762 ; perimeter
;WIDTH:0.515664
G1 X105.593 Y101.309 E1.88034 ; perimeter
G1 X105.696 Y101.45 E1.88393 ; perimeter
;WIDTH:0.477109
G1 X105.799 Y101.59 E1.88722 ; perimeter
;WIDTH:0.438554
G1 X105.903 Y101.731 E1.89026 ; perimeter
;WIDTH:0.399999
G1 X106.14 Y102.143 E1.89774 ; perimeter
;WIDTH:0.423889
G1 X105.758 Y102.396 E1.90541 ; perimeter
;WIDTH:0.469912
G1 X105.739 Y102.569 E1.90865 ; perimeter
G1 X105.586 Y102.485 E1.9119 ; perimeter
;WIDTH:0.423889
G1 X105.385 Y102.454 E1.9153 ; perimeter
;WIDTH:0.399999
G1 X104.434 Y102.254 E1.93059 ; perimeter
G1 X104.256 Y102.171 E1.93368 ; perimeter
G1 X104.199 Y102.01 E1.93637 ; perimeter
G1 X104.407 Y101.85 E1.9405 ; perimeter
G1 X104.936 Y101.79 E1.94888 ; perimeter
G1 X105.072 Y101.706 E1.9514 ; perimeter
;WIDTH:0.438554
G1 X105.097 Y101.643 E1.95258 ; perimeter
;WIDTH:0.477109
G1 X105.122 Y101.58 E1.95386 ; perimeter
;WIDTH:0.515664
G1 X105.146 Y101.517 E1.95525 ; perimeter
G1 X105.127 Y101.48 E1.9561 ; perimeter
;WIDTH:0.516781
G1 X104.833 Y100.977 E1.9681 ; perimeter
G1 X104.752 Y100.971 E1.96977 ; perimeter
;WIDTH:0.477854
G1 X104.671 Y100.965 E1.97131 ; perimeter
;WIDTH:0.438927
G1 X104.59 Y100.96 E1.97272 ; perimeter
;WIDTH:0.399999
G1 X103.956 Y101.171 E1.98324 ; perimeter
G1 X103.485 Y101.486 E1.99216 ; perimeter
G1 X103.26 Y101.799 E1.99823 ; perimeter
G1 X103.189 Y102.157 E2.00397 ; perimeter
;WIDTH:0.441109
G1 X103.218 Y102.312 E2.00672 ; perimeter
;WIDTH:0.482219
G1 X103.246 Y102.467 E2.00974 ; perimeter
;WIDTH:0.523328
G1 X103.264 Y102.563 E2.01178 ; perimeter
G1 E.96178 F2100 ; retract
;WIPE_START
G1 F5760
G1 X103.275 Y102.622 E.94099 ; wipe and retract
G1 X103.13 Y102.506 E.87668 ; wipe and retract
G1 X102.984 Y102.389 E.81188 ; wipe and retract
G1 X102.839 Y102.273 E.74757 ; wipe and retract
G1 X102.351 Y101.798 E.51178 ; wipe and retract
;WIPE_END
G92 E0 ; reset extrusion distance
G1 Z1.06 F600 ; move to first perimeter point
G1 X102.381 Y101.715 F7200 ; move to first perimeter point
G1 X106.646 Y98.392 ; move to first perimeter point
G1 X106.685 Y98.526 ; move to first perimeter point
G1 Z.86 F600 ; move to first perimeter point
G1 E1.5 F1500 ;  ; unretract
;WIDTH:0.36146
G1 F900
G1 X107.115 Y98.413 E1.50628 ; perimeter
G1 E.45628 F2100 ; retract
;WIPE_START
G1 F5760
G1 X106.685 Y98.526 E.30229 ; wipe and retract
;WIPE_END
G1 E.00628 F2100 ; retract
G92 E0 ; reset extrusion distance
G1 Z1.06 F600 ; move to first perimeter point
G1 X106.646 Y98.392 F7200 ; move to first perimeter point
G1 X104.969 Y100.437 ; move to first perimeter point
G1 X105.624 Y101.647 ; move to first perimeter point
G1 X105.732 Y101.899 ; move to first perimeter point
G1 X105.555 Y101.975 ; move to first perimeter point
G1 Z.86 F600 ; move to first perimeter point
G1 E1.5 F1500 ;  ; unretract
;TYPE:Perimeter
;WIDTH:0.619604
G1 X105.517 Y102.04 E1.50187 ; perimeter
G1 X105.443 Y102.04 E1.50371 ; perimeter
G1 X105.405 Y101.975 E1.50558 ; perimeter
G1 X105.443 Y101.91 E1.50745 ; perimeter
G1 X105.517 Y101.91 E1.50929 ; perimeter
G1 E.45929 F2100 ; retract
;WIPE_START
G1 F5760
G1 X105.443 Y101.91 E.43366 ; wipe and retract
G1 X105.405 Y101.975 E.40758 ; wipe and retract
G1 X105.443 Y102.04 E.3815 ; wipe and retract
G1 X105.517 Y102.04 E.35587 ; wipe and retract
G1 X105.555 Y101.975 E.32979 ; wipe and retract
;WIPE_END
G1 E.00929 F2100 ; retract
G92 E0 ; reset extrusion distance
G1 Z1.06 F600 ; move to first perimeter point
G1 X105.515 Y101.946 F7200 ; move to first perimeter point
G1 X104.819 Y100.739 ; move to first perimeter point
G1 X104.055 Y100.739 ; move to first perimeter point
G1 X103.935 Y100.778 ; move to first perimeter point
G1 X101.798 Y101.514 ; move to first perimeter point
G1 X101.514 Y101.798 ; move to first perimeter point
G1 X101.393 Y101.724 ; move to first perimeter point
G1 Z.86 F600 ; move to first perimeter point
G1 E1.5 F1500 ;  ; unretract
;TYPE:External perimeter
;WIDTH:0.36146
G1 F900
G1 X101.705 Y101.407 E1.50629 ; perimeter
G1 E.45629 F2100 ; retract
;WIPE_START
G1 F5760
G1 X101.393 Y101.724 E.30224 ; wipe and retract
;WIPE_END
G1 E.00629 F2100 ; retract
G92 E0 ; reset extrusion distance
G1 Z1.06 F600 ; move to first perimeter point
G1 X101.29 Y101.625 F7200 ; move to first perimeter point
G1 X100.85 Y102.993 ; move to first perimeter point
G1 X100.416 Y103.61 ; move to first perimeter point
G1 X100.387 Y103.655 ; move to first perimeter point
G1 X100.794 Y103.92 ; move to first perimeter point
G1 Z.86 F600 ; move to first perimeter point
G1 E1.5 F1500 ;  ; unretract
;TYPE:Perimeter
;WIDTH:0.434857
G1 F720
G1 X100.782 Y104.19 E1.50465 ; perimeter
;WIDTH:0.399999
G1 X100.847 Y104.35 E1.50737 ; perimeter
;WIDTH:0.3939
G1 X101.064 Y104.543 E1.51187 ; perimeter
G1 X100.775 Y104.511 E1.51637 ; perimeter
;WIDTH:0.399999
G1 X100.613 Y104.57 E1.51908 ; perimeter
G1 X100.471 Y104.685 E1.52196 ; perimeter
;WIDTH:0.428931
G1 X100.019 Y105.189 E1.53343 ; perimeter
G1 X99.709 Y105.765 E1.54451 ; perimeter
;WIDTH:0.426294
G1 X99.678 Y105.921 E1.54719 ; perimeter
;WIDTH:0.453771
G1 X99.646 Y106.076 E1.55003 ; perimeter
G1 X99.913 Y106.463 E1.55848 ; perimeter
G1 X99.152 Y106.259 E1.57264 ; perimeter
G1 X99.28 Y105.84 E1.58051 ; perimeter
;WIDTH:0.416794
G1 X99.474 Y105.366 E1.58893 ; perimeter
;WIDTH:0.413263
G1 X99.799 Y104.678 E1.60132 ; perimeter
;WIDTH:0.404442
G1 X100.142 Y104.076 E1.61235 ; perimeter
;WIDTH:0.425348
G1 X100.589 Y103.4 E1.62596 ; perimeter
G1 X100.915 Y102.952 E1.63526 ; perimeter
;WIDTH:0.4131
G1 X101.333 Y102.443 E1.64598 ; perimeter
G1 X101.646 Y102.757 E1.6532 ; perimeter
G1 X101.57 Y102.769 E1.65445 ; perimeter
G1 X101.135 Y103.285 E1.66544 ; perimeter
;WIDTH:0.434857
G1 X100.797 Y103.845 E1.67668 ; perimeter
G1 X100.796 Y103.86 E1.67694 ; perimeter
G1 X100.796 Y103.86 F7200 ; move to first perimeter point
G1 X101.173 Y103.975 ; move to first perimeter point
;TYPE:External perimeter
;WIDTH:0.399999
G1 F720
G1 X101.152 Y104.11 E1.67909 ; perimeter
G1 X101.243 Y104.234 E1.68151 ; perimeter
G1 X102.725 Y105.09 E1.70844 ; perimeter
G1 X102.532 Y105.453 E1.71491 ; perimeter
;WIDTH:0.447488
G1 X102.544 Y105.52 E1.71612 ; perimeter
;WIDTH:0.494977
G1 X102.555 Y105.588 E1.71748 ; perimeter
;WIDTH:0.542465
G1 X102.567 Y105.655 E1.71895 ; perimeter
;WIDTH:0.589954
G1 X102.578 Y105.723 E1.72058 ; perimeter
G1 X102.514 Y105.747 E1.7222 ; perimeter
;WIDTH:0.542465
G1 X102.45 Y105.771 E1.72368 ; perimeter
;WIDTH:0.494977
G1 X102.386 Y105.795 E1.72503 ; perimeter
;WIDTH:0.447488
G1 X102.321 Y105.818 E1.72625 ; perimeter
;WIDTH:0.399999
G1 X102.103 Y106.167 E1.73273 ; perimeter
G1 X101.194 Y105.642 E1.74925 ; perimeter
G1 X101.446 Y105.332 E1.75554 ; perimeter
G1 X101.387 Y105.132 E1.75882 ; perimeter
G1 X100.989 Y104.899 E1.76608 ; perimeter
G1 X100.854 Y104.878 E1.76823 ; perimeter
G1 X100.753 Y104.937 E1.77007 ; perimeter
G1 X100.359 Y105.386 E1.77947 ; perimeter
G1 X100.045 Y105.965 E1.78984 ; perimeter
G1 X100.139 Y106.146 E1.79305 ; perimeter
G1 X101.621 Y107.002 E1.81998 ; perimeter
G1 X101.451 Y107.293 E1.82528 ; perimeter
G1 X99.272 Y106.711 E1.86077 ; perimeter
G1 X98.691 Y106.574 E1.87016 ; perimeter
;WIDTH:0.388788
G1 X98.524 Y106.707 E1.87342 ; perimeter
;WIDTH:0.395714
G1 X98.659 Y106.418 E1.87838 ; perimeter
;WIDTH:0.399999
G1 X98.916 Y105.707 E1.89028 ; perimeter
G1 X99.12 Y105.214 E1.89868 ; perimeter
G1 X99.457 Y104.51 E1.91096 ; perimeter
G1 X99.705 Y104.059 E1.91906 ; perimeter
G1 X100.263 Y103.182 E1.93542 ; perimeter
G1 X101.393 Y101.724 E1.96445 ; perimeter
;WIDTH:0.386839
G1 X101.38 Y101.917 E1.96739 ; perimeter
;WIDTH:0.399999
G1 X102.236 Y102.802 E1.98677 ; perimeter
;WIDTH:0.437443
G1 X102.323 Y102.916 E1.98925 ; perimeter
;WIDTH:0.474887
G1 X102.411 Y103.03 E1.99196 ; perimeter
;WIDTH:0.512331
G1 X102.499 Y103.144 E1.9949 ; perimeter
G1 X102.364 Y103.092 E1.99785 ; perimeter
;WIDTH:0.474887
G1 X102.228 Y103.04 E2.00059 ; perimeter
;WIDTH:0.437443
G1 X102.093 Y102.987 E2.0031 ; perimeter
;WIDTH:0.399999
G1 X101.857 Y103.025 E2.00686 ; perimeter
G1 X101.463 Y103.474 E2.01626 ; perimeter
G1 X101.203 Y103.923 E2.02443 ; perimeter
G1 X101.203 Y103.923 F7200 ; move to first perimeter point
G1 X100.479 Y104.265 ; move to first perimeter point
;TYPE:Perimeter
;WIDTH:0.345784
G1 F1500
G1 X100.459 Y104.3 E2.02497 ; perimeter
G1 X100.398 Y104.265 E2.02592 ; perimeter
G1 X100.459 Y104.23 E2.02687 ; perimeter
G1 X100.459 Y104.23 F7200 ; move to first perimeter point
G1 X101.064 Y104.543 ; move to first perimeter point
;WIDTH:0.357916
G1 F1500
G1 X101.536 Y104.809 E2.03445 ; perimeter
;WIDTH:0.354188
G1 X101.615 Y104.859 E2.03574 ; perimeter
G1 E.98574 F2100 ; retract
;WIPE_START
G1 F5760
G1 X101.536 Y104.809 E.95336 ; wipe and retract
G1 X101.064 Y104.543 E.76571 ; wipe and retract
;WIPE_END
G1 E.53574 F2100 ; retract
G92 E0 ; reset extrusion distance
G1 Z1.06 F600 ; move to first perimeter point
G1 X101.137 Y104.416 F7200 ; move to first perimeter point
G1 X102.526 Y105.529 ; move to first perimeter point
G1 X103.148 Y105.888 ; move to first perimeter point
G1 X105.404 Y105.701 ; move to first perimeter point
G1 X106.488 Y104.633 ; move to first perimeter point
G1 X106.534 Y104.56 ; move to first perimeter point
G1 X106.62 Y104.43 ; move to first perimeter point
G1 X106.66 Y104.373 ; move to first perimeter point
G1 X106.716 Y104.312 ; move to first perimeter point
G1 X106.78 Y104.295 ; move to first perimeter point
G1 X109.449 Y103.702 ; move to first perimeter point
G1 X109.582 Y103.628 ; move to first perimeter point
G1 X109.719 Y103.556 ; move to first perimeter point
G1 X109.858 Y103.486 ; move to first perimeter point
G1 X109.921 Y103.457 ; move to first perimeter point
G1 X110 Y103.432 ; move to first perimeter point
G1 X110.064 Y103.449 ; move to first perimeter point
G1 X112.672 Y104.27 ; move to first perimeter point
G1 X112.824 Y104.273 ; move to first perimeter point
G1 X112.978 Y104.278 ; move to first perimeter point
G1 X113.134 Y104.288 ; move to first perimeter point
G1 X113.203 Y104.294 ; move to first perimeter point
G1 X113.284 Y104.312 ; move to first perimeter point
G1 X113.331 Y104.359 ; move to first perimeter point
G1 X113.38 Y104.43 ; move to first perimeter point
G1 X114.381 Y105.886 ; move to first perimeter point
G1 X114.414 Y105.918 ; move to first perimeter point
G1 X114.508 Y105.819 ; move to first perimeter point
G1 Z.86 F600 ; move to first perimeter point
G1 E1.5 F1500 ;  ; unretract
;TYPE:External perimeter
;WIDTH:0.36146
G1 F900
G1 X114.197 Y105.505 E1.50625 ; perimeter
G1 E.00625 F2100 ; retract
G92 E0 ; reset extrusion distance
G1 X114.197 Y105.505 Z1.06 F7200 ; move to first perimeter point
G1 X116.618 Y107.052 ; move to first perimeter point
G1 Z.86 F600 ; move to first perimeter point
G1 E1.5 F1500 ;  ; unretract
;TYPE:Perimeter
;WIDTH:0.35545
G1 F720
G1 X116.312 Y107.134 E1.5044 ; perimeter
;WIDTH:0.400121
G1 X116.073 Y106.609 E1.51348 ; perimeter
;WIDTH:0.442693
G1 X116.048 Y106.528 E1.51496 ; perimeter
;WIDTH:0.485264
G1 X116.023 Y106.448 E1.51658 ; perimeter
;WIDTH:0.527836
G1 X115.998 Y106.367 E1.51836 ; perimeter
;WIDTH:0.570407
G1 X115.973 Y106.286 E1.52029 ; perimeter
;WIDTH:0.612979
G1 X115.948 Y106.206 E1.52235 ; perimeter
;WIDTH:0.65555
G1 X115.923 Y106.125 E1.52458 ; perimeter
G1 X115.985 Y106.159 E1.52644 ; perimeter
;WIDTH:0.612979
G1 X116.047 Y106.194 E1.52819 ; perimeter
;WIDTH:0.570407
G1 X116.11 Y106.229 E1.52983 ; perimeter
;WIDTH:0.527836
G1 X116.172 Y106.263 E1.53132 ; perimeter
;WIDTH:0.485264
G1 X116.235 Y106.298 E1.53271 ; perimeter
;WIDTH:0.442693
G1 X116.297 Y106.332 E1.53395 ; perimeter
;WIDTH:0.400121
G1 X116.448 Y106.463 E1.5371 ; perimeter
G1 X116.452 Y106.545 E1.53839 ; perimeter
G1 X116.599 Y106.995 E1.54584 ; perimeter
G1 X116.599 Y106.995 F7200 ; move to first perimeter point
G1 X117.139 Y107.281 ; move to first perimeter point
;WIDTH:0.399999
G1 F720
G1 X116.101 Y107.559 E1.56275 ; perimeter
G1 X116.011 Y107.328 E1.56665 ; perimeter
G1 X115.767 Y106.834 E1.57532 ; perimeter
G1 X115.493 Y106.392 E1.5835 ; perimeter
G1 X115.166 Y105.935 E1.59234 ; perimeter
G1 X115.925 Y105.176 E1.60923 ; perimeter
G1 X116.001 Y105.345 E1.61215 ; perimeter
G1 X116.3 Y105.787 E1.62055 ; perimeter
G1 X116.662 Y106.148 E1.6286 ; perimeter
G1 X116.861 Y106.199 E1.63183 ; perimeter
G1 X116.832 Y106.543 E1.63726 ; perimeter
G1 X116.995 Y107.053 E1.64569 ; perimeter
G1 X117.107 Y107.23 E1.64899 ; perimeter
G1 X117.107 Y107.23 F7200 ; move to first perimeter point
G1 X117.966 Y107.452 ; move to first perimeter point
;TYPE:External perimeter
G1 F720
G1 X115.973 Y107.992 E1.68149 ; perimeter
;WIDTH:0.394556
G1 X115.873 Y108.14 E1.68426 ; perimeter
;WIDTH:0.399999
G1 X115.671 Y107.496 E1.69488 ; perimeter
G1 X115.387 Y106.939 E1.70472 ; perimeter
G1 X115.074 Y106.437 E1.71403 ; perimeter
G1 X114.754 Y106.021 E1.72229 ; perimeter
;WIDTH:0.399702
G1 X114.508 Y105.819 E1.7273 ; perimeter
;WIDTH:0.391865
G1 X114.724 Y105.829 E1.73063 ; perimeter
;WIDTH:0.399702
G1 X114.769 Y105.796 E1.73151 ; perimeter
;WIDTH:0.399999
G1 X116.111 Y104.455 E1.76137 ; perimeter
G1 X116.146 Y104.727 E1.76569 ; perimeter
G1 X116.346 Y105.19 E1.77363 ; perimeter
G1 X116.545 Y105.484 E1.77922 ; perimeter
G1 X116.844 Y105.809 E1.78617 ; perimeter
G1 X117.031 Y105.861 E1.78922 ; perimeter
;WIDTH:0.436017
G1 X117.504 Y105.616 E1.7984 ; perimeter
G1 X117.292 Y105.987 E1.80576 ; perimeter
;WIDTH:0.399999
G1 X117.209 Y106.448 E1.81313 ; perimeter
G1 X117.353 Y106.929 E1.82103 ; perimeter
G1 X117.662 Y107.306 E1.8287 ; perimeter
G1 X117.912 Y107.426 E1.83306 ; perimeter
G1 E.78306 F2100 ; retract
;WIPE_START
G1 F5760
G1 X117.966 Y107.452 E.7623 ; wipe and retract
G1 X116.77 Y107.776 E.33306 ; wipe and retract
;WIPE_END
G92 E0 ; reset extrusion distance
G1 Z1.06 F600 ; move to first perimeter point
G1 X116.763 Y107.582 F7200 ; move to first perimeter point
G1 X115.574 Y106.623 ; move to first perimeter point
G1 X115.923 Y106.125 ; move to first perimeter point
G1 Z.86 F600 ; move to first perimeter point
G1 E1.5 F1500 ;  ; unretract
;TYPE:Perimeter
;WIDTH:0.65555
G1 X115.824 Y105.982 E1.50459 ; perimeter
G1 X115.824 Y105.982 F7200 ; move to first perimeter point
G1 X117.114 Y104.671 ; move to first perimeter point
;TYPE:External perimeter
;WIDTH:0.602102
G1 F900
G1 X117.353 Y105.02 E1.5148 ; perimeter
;WIDTH:0.575008
G1 X117.499 Y105.133 E1.51905 ; perimeter
;WIDTH:0.573882
G1 X117.614 Y105.46 E1.52701 ; perimeter
;WIDTH:0.554268
G1 X117.586 Y105.507 E1.52822 ; perimeter
;WIDTH:0.515874
G1 X117.558 Y105.554 E1.52934 ; perimeter
;WIDTH:0.477479
G1 X117.53 Y105.6 E1.53036 ; perimeter
G1 X117.53 Y105.6 F7200 ; move to first perimeter point
G1 X117.614 Y105.46 ; move to first perimeter point
;WIDTH:0.554268
G1 F720
G1 X117.625 Y105.293 E1.53407 ; perimeter
;WIDTH:0.573882
G1 X117.499 Y105.133 E1.53875 ; perimeter
G1 X117.682 Y105.12 E1.54296 ; perimeter
;WIDTH:0.55373
G1 X117.7 Y105.087 E1.54379 ; perimeter
;WIDTH:0.51391
G1 X117.717 Y105.055 E1.54453 ; perimeter
;WIDTH:0.47409
G1 X117.735 Y105.023 E1.54522 ; perimeter
;WIDTH:0.434269
G1 X117.753 Y104.99 E1.54587 ; perimeter
;WIDTH:0.396013
G1 X117.915 Y104.898 E1.54877 ; perimeter
;WIDTH:0.441404
G1 X117.965 Y104.895 E1.54964 ; perimeter
;WIDTH:0.486794
G1 X118.015 Y104.893 E1.55061 ; perimeter
;WIDTH:0.532184
G1 X118.065 Y104.89 E1.55167 ; perimeter
;WIDTH:0.538705
G1 X118.174 Y104.773 E1.55511 ; perimeter
;WIDTH:0.569258
G1 X118.24 Y104.908 E1.55853 ; perimeter
G1 X118.442 Y104.984 E1.56345 ; perimeter
G1 X118.202 Y105.087 E1.5694 ; perimeter
G1 X118.184 Y105.118 E1.57022 ; perimeter
;WIDTH:0.526731
G1 X118.166 Y105.149 E1.57097 ; perimeter
;WIDTH:0.484205
G1 X118.147 Y105.18 E1.57167 ; perimeter
;WIDTH:0.441678
G1 X118.129 Y105.211 E1.5723 ; perimeter
;WIDTH:0.435936
G1 X118.033 Y105.246 E1.57406 ; perimeter
;WIDTH:0.472721
G1 X117.936 Y105.282 E1.576 ; perimeter
;WIDTH:0.509505
G1 X117.84 Y105.318 E1.57808 ; perimeter
;WIDTH:0.554268
G1 X117.665 Y105.428 E1.58266 ; perimeter
G1 X117.665 Y105.428 F7200 ; move to first perimeter point
G1 X118.557 Y104.961 ; move to first perimeter point
;WIDTH:0.5533
G1 F900
G1 X118.471 Y104.983 E1.58462 ; perimeter
;WIDTH:0.54892
G1 X118.18 Y104.754 E1.59274 ; perimeter
;WIDTH:0.544696
G1 X118.18 Y104.661 E1.59476 ; perimeter
;WIDTH:0.549252
G1 X118.035 Y104.288 E1.60354 ; perimeter
G1 E.55354 F2100 ; retract
;WIPE_START
G1 F5760
G1 X118.18 Y104.661 E.41493 ; wipe and retract
G1 X118.18 Y104.754 E.38272 ; wipe and retract
G1 X118.471 Y104.983 E.25447 ; wipe and retract
G1 X118.557 Y104.961 E.22372 ; wipe and retract
;WIPE_END
G1 E.10354 F2100 ; retract
G92 E0 ; reset extrusion distance
G1 Z1.06 F600 ; move to first perimeter point
G1 X118.587 Y105.098 F7200 ; move to first perimeter point
G1 X119.032 Y104.992 ; move to first perimeter point
G1 X119.268 Y105.012 ; move to first perimeter point
G1 X119.567 Y105.047 ; move to first perimeter point
G1 X119.822 Y105.196 ; move to first perimeter point
G1 X120.12 Y105.372 ; move to first perimeter point
G1 X120.171 Y105.675 ; move to first perimeter point
G1 X120.167 Y106.011 ; move to first perimeter point
G1 X120.048 Y106.272 ; move to first perimeter point
G1 X119.92 Y106.512 ; move to first perimeter point
G1 X119.727 Y106.682 ; move to first perimeter point
G1 X119.533 Y106.84 ; move to first perimeter point
G1 X119.056 Y107.087 ; move to first perimeter point
G1 X119.114 Y107.21 ; move to first perimeter point
G1 Z.86 F600 ; move to first perimeter point
G1 E1.5 F1500 ;  ; unretract
;WIDTH:0.36146
G1 F900
G1 X118.593 Y107.387 E1.50778 ; perimeter
G1 X118.593 Y107.387 F7200 ; move to first perimeter point
G1 X118.411 Y108.115 ; move to first perimeter point
G1 F900
G1 X118.089 Y108.162 E1.51238 ; perimeter
G1 E.01238 F2100 ; retract
G92 E0 ; reset extrusion distance
G1 X118.089 Y108.162 Z1.06 F7200 ; move to first perimeter point
G1 X117.214 Y110.756 ; move to first perimeter point
G1 Z.86 F600 ; move to first perimeter point
G1 E1.5 F1500 ;  ; unretract
;TYPE:Perimeter
;WIDTH:0.359048
G1 F720
G1 X116.902 Y110.673 E1.50453 ; perimeter
;WIDTH:0.363604
G1 X116.918 Y110.483 E1.50724 ; perimeter
;WIDTH:0.404963
G1 X116.945 Y110.289 E1.51036 ; perimeter
;WIDTH:0.446321
G1 X116.972 Y110.095 E1.51382 ; perimeter
;WIDTH:0.487679
G1 X116.999 Y109.901 E1.51762 ; perimeter
;WIDTH:0.533355
G1 X116.993 Y109.393 E1.52843 ; perimeter
G1 X117.27 Y109.319 E1.53453 ; perimeter
G1 X117.302 Y109.423 E1.53685 ; perimeter
G1 X117.448 Y109.591 E1.54159 ; perimeter
G1 X117.543 Y109.636 E1.54383 ; perimeter
G1 X117.543 Y109.776 E1.54681 ; perimeter
G1 X117.468 Y109.934 E1.55053 ; perimeter
;WIDTH:0.503134
G1 X117.394 Y110.093 E1.55404 ; perimeter
;WIDTH:0.472912
G1 X117.334 Y110.314 E1.55834 ; perimeter
;WIDTH:0.434958
G1 X117.274 Y110.535 E1.56228 ; perimeter
;WIDTH:0.397003
G1 X117.229 Y110.698 E1.56492 ; perimeter
G1 X117.229 Y110.698 F7200 ; move to first perimeter point
G1 X117.532 Y111.212 ; move to first perimeter point
;WIDTH:0.399999
G1 F720
G1 X116.506 Y110.937 E1.58164 ; perimeter
G1 X116.558 Y110.472 E1.589 ; perimeter
G1 X116.575 Y109.825 E1.59919 ; perimeter
G1 X116.504 Y109.063 E1.61123 ; perimeter
G1 X117.567 Y108.779 E1.62855 ; perimeter
G1 X117.668 Y109.169 E1.63489 ; perimeter
G1 X117.75 Y109.264 E1.63687 ; perimeter
G1 X117.988 Y109.358 E1.6409 ; perimeter
G1 X118.003 Y109.995 E1.65093 ; perimeter
G1 X117.828 Y110.211 E1.65531 ; perimeter
G1 X117.611 Y110.59 E1.66218 ; perimeter
G1 X117.532 Y110.998 E1.66872 ; perimeter
G1 X117.532 Y111.152 E1.67114 ; perimeter
G1 E.17114 F2100 ; retract
G92 E0 ; reset extrusion distance
G1 X117.532 Y111.152 Z1.06 F7200 ; move to first perimeter point
G1 X116 Y108.636 ; move to first perimeter point
G1 Z.86 F600 ; move to first perimeter point
G1 E1.5 F1500 ;  ; unretract
;TYPE:External perimeter
;WIDTH:0.36146
G1 F900
G1 X115.883 Y108.205 E1.50631 ; perimeter
G1 E.00631 F2100 ; retract
G92 E0 ; reset extrusion distance
G1 X115.883 Y108.205 Z1.06 F7200 ; move to first perimeter point
G1 X118.12 Y111.762 ; move to first perimeter point
G1 Z.86 F600 ; move to first perimeter point
G1 E1.5 F1500 ;  ; unretract
;WIDTH:0.399999
G1 F720
G1 X116.199 Y111.251 E1.53128 ; perimeter
;WIDTH:0.396723
G1 X115.989 Y111.387 E1.53518 ; perimeter
;WIDTH:0.399999
G1 X116.107 Y111.068 E1.54053 ; perimeter
G1 X116.179 Y110.459 E1.55018 ; perimeter
G1 X116.198 Y109.85 E1.55977 ; perimeter
G1 X116.162 Y109.315 E1.56821 ; perimeter
G1 X116 Y108.636 E1.5792 ; perimeter
;WIDTH:0.392174
G1 X116.176 Y108.75 E1.58243 ; perimeter
;WIDTH:0.399999
G1 X117.404 Y108.43 E1.6024 ; perimeter
G1 X118.089 Y108.162 E1.61398 ; perimeter
;WIDTH:0.376707
G1 X117.994 Y108.26 E1.616 ; perimeter
;WIDTH:0.399999
G1 X117.945 Y108.846 E1.62525 ; perimeter
G1 X117.979 Y108.954 E1.62703 ; perimeter
G1 X118.134 Y109.035 E1.62978 ; perimeter
G1 X118.367 Y109.035 E1.63345 ; perimeter
G1 X118.367 Y109.776 E1.64511 ; perimeter
G1 X118.395 Y109.97 E1.64819 ; perimeter
G1 X118.556 Y110.05 E1.65102 ; perimeter
;WIDTH:0.381391
G1 X118.709 Y110.042 E1.65331 ; perimeter
;WIDTH:0.399999
G1 X118.322 Y110.224 E1.66004 ; perimeter
G1 X118.019 Y110.581 E1.66741 ; perimeter
G1 X117.903 Y111.07 E1.67532 ; perimeter
G1 X117.982 Y111.551 E1.68299 ; perimeter
G1 X118.087 Y111.711 E1.686 ; perimeter
G1 X118.087 Y111.711 F7200 ; move to first perimeter point
G1 X118.758 Y110.04 ; move to first perimeter point
;WIDTH:0.36146
G1 F900
G1 X119.124 Y110.014 E1.69119 ; perimeter
G1 E.64119 F2100 ; retract
;WIPE_START
G1 F5760
G1 X118.758 Y110.04 E.5141 ; wipe and retract
;WIPE_END
G1 E.19119 F2100 ; retract
G92 E0 ; reset extrusion distance
G1 Z1.06 F600 ; move to first perimeter point
G1 X118.747 Y109.907 F7200 ; move to first perimeter point
G1 X119.083 Y109.878 ; move to first perimeter point
G1 X120.477 Y109.472 ; move to first perimeter point
G1 X121.026 Y109.237 ; move to first perimeter point
G1 X120.981 Y108.65 ; move to first perimeter point
G1 X120.735 Y107.994 ; move to first perimeter point
G1 X120.773 Y107.91 ; move to first perimeter point
G1 Z.86 F600 ; move to first perimeter point
G1 E1.5 F1500 ;  ; unretract
;TYPE:Perimeter
;WIDTH:0.381023
G1 F720
G1 X121.294 Y107.77 E1.50806 ; perimeter
G1 X121.376 Y108.237 E1.51515 ; perimeter
;WIDTH:0.419208
G1 X121.497 Y109.504 E1.5362 ; perimeter
;WIDTH:0.399999
G1 X121.485 Y110.559 E1.5528 ; perimeter
G1 X121.447 Y111.167 E1.56239 ; perimeter
;WIDTH:0.407509
G1 X121.374 Y111.687 E1.57082 ; perimeter
;WIDTH:0.440206
G1 X121.273 Y112.194 E1.57982 ; perimeter
G1 X120.756 Y112.055 E1.58914 ; perimeter
G1 X120.895 Y111.877 E1.59307 ; perimeter
G1 X120.993 Y111.624 E1.59779 ; perimeter
;WIDTH:0.407509
G1 X121.072 Y110.998 E1.60792 ; perimeter
;WIDTH:0.407261
G1 X120.917 Y110.403 E1.61778 ; perimeter
;WIDTH:0.399999
G1 X120.673 Y110.084 E1.6241 ; perimeter
G1 X120.445 Y109.884 E1.62887 ; perimeter
G1 X120.234 Y109.781 E1.63257 ; perimeter
G1 X120.909 Y109.298 E1.64563 ; perimeter
;WIDTH:0.419507
G1 X121.047 Y108.94 E1.65198 ; perimeter
G1 X120.997 Y108.083 E1.66619 ; perimeter
;WIDTH:0.381023
G1 X120.82 Y107.946 E1.66954 ; perimeter
G1 X120.82 Y107.946 F7200 ; move to first perimeter point
G1 X119.199 Y107.949 ; move to first perimeter point
;TYPE:External perimeter
;WIDTH:0.399999
G1 F720
G1 X121.015 Y107.463 E1.69913 ; perimeter
G1 X121.507 Y107.311 E1.70723 ; perimeter
;WIDTH:0.386982
G1 X121.577 Y107.229 E1.70887 ; perimeter
G1 X121.607 Y107.373 E1.71111 ; perimeter
;WIDTH:0.399999
G1 X121.739 Y108.189 E1.72412 ; perimeter
G1 X121.843 Y108.986 E1.73677 ; perimeter
G1 X121.875 Y109.5 E1.74487 ; perimeter
G1 X121.862 Y110.584 E1.76193 ; perimeter
G1 X121.811 Y111.329 E1.77368 ; perimeter
G1 X121.589 Y112.884 E1.7984 ; perimeter
;WIDTH:0.388801
G1 X121.507 Y112.687 E1.80166 ; perimeter
;WIDTH:0.395375
G1 X121.463 Y112.665 E1.80242 ; perimeter
;WIDTH:0.399999
G1 X119.769 Y112.203 E1.83005 ; perimeter
G1 X119.836 Y112.195 E1.83111 ; perimeter
G1 X120.278 Y111.989 E1.83878 ; perimeter
G1 X120.593 Y111.615 E1.84648 ; perimeter
G1 X120.7 Y111.118 E1.85448 ; perimeter
G1 X120.594 Y110.6 E1.8628 ; perimeter
G1 X120.278 Y110.224 E1.87053 ; perimeter
G1 X119.836 Y110.018 E1.8782 ; perimeter
G1 X119.32 Y109.975 E1.88635 ; perimeter
;WIDTH:0.38168
G1 X119.168 Y110.001 E1.88866 ; perimeter
G1 X119.308 Y109.924 E1.89105 ; perimeter
;WIDTH:0.399999
G1 X120.575 Y109.097 E1.91486 ; perimeter
G1 X120.658 Y108.94 E1.91765 ; perimeter
G1 X120.649 Y108.2 E1.9293 ; perimeter
G1 X120.469 Y108.071 E1.93279 ; perimeter
G1 X119.199 Y108.071 E1.95278 ; perimeter
G1 X119.199 Y108.009 E1.95376 ; perimeter
G1 E.90376 F2100 ; retract
;WIPE_START
G1 F5760
G1 X119.199 Y107.949 E.88298 ; wipe and retract
G1 X120.396 Y107.628 E.45376 ; wipe and retract
;WIPE_END
G92 E0 ; reset extrusion distance
G1 Z1.06 F600 ; move to first perimeter point
G1 X120.421 Y108.015 F7200 ; move to first perimeter point
G1 X120.735 Y107.994 ; move to first perimeter point
G1 X120.981 Y108.65 ; move to first perimeter point
G1 X121.026 Y109.237 ; move to first perimeter point
G1 X120.89 Y109.295 ; move to first perimeter point
G1 X121.106 Y109.799 ; move to first perimeter point
G1 Z.86 F600 ; move to first perimeter point
G1 E1.5 F1500 ;  ; unretract
;TYPE:Perimeter
;WIDTH:0.568104
G1 X121.072 Y109.858 E1.50155 ; perimeter
G1 X121.003 Y109.858 E1.50312 ; perimeter
G1 X120.969 Y109.799 E1.50467 ; perimeter
G1 X121.003 Y109.74 E1.50622 ; perimeter
G1 X121.072 Y109.74 E1.50779 ; perimeter
G1 E.45779 F2100 ; retract
;WIPE_START
G1 F5760
G1 X121.003 Y109.74 E.43389 ; wipe and retract
G1 X120.969 Y109.799 E.4103 ; wipe and retract
G1 X121.003 Y109.858 E.38671 ; wipe and retract
G1 X121.072 Y109.858 E.36281 ; wipe and retract
G1 X121.106 Y109.799 E.33922 ; wipe and retract
;WIPE_END
G1 E.00779 F2100 ; retract
G92 E0 ; reset extrusion distance
G1 Z1.06 F600 ; move to first perimeter point
G1 X121.516 Y109.795 F7200 ; move to first perimeter point
G1 X121.449 Y108.735 ; move to first perimeter point
G1 X121.434 Y108.488 ; move to first perimeter point
G1 X121.669 Y106.855 ; move to first perimeter point
G1 X121.614 Y106.667 ; move to first perimeter point
G1 X121.48 Y106.706 ; move to first perimeter point
G1 Z.86 F600 ; move to first perimeter point
G1 E1.5 F1500 ;  ; unretract
;TYPE:External perimeter
;WIDTH:0.36146
G1 F900
G1 X121.594 Y107.135 E1.50627 ; perimeter
G1 X121.594 Y107.135 F7200 ; move to first perimeter point
G1 X120.314 Y106.405 ; move to first perimeter point
;TYPE:Perimeter
;WIDTH:0.449697
G1 F720
G1 X120.352 Y106.132 E1.51118 ; perimeter
G1 X120.308 Y105.863 E1.51603 ; perimeter
;WIDTH:0.411775
G1 X120.062 Y105.281 E1.52628 ; perimeter
;WIDTH:0.454682
G1 X119.917 Y105.108 E1.53035 ; perimeter
;WIDTH:0.498979
G1 X119.773 Y104.936 E1.5348 ; perimeter
;WIDTH:0.543276
G1 X119.628 Y104.763 E1.5397 ; perimeter
G1 X119.42 Y104.678 E1.54457 ; perimeter
G1 X119.476 Y104.552 E1.54756 ; perimeter
G1 X119.444 Y104.418 E1.55055 ; perimeter
;WIDTH:0.511699
G1 X119.411 Y104.284 E1.55336 ; perimeter
;WIDTH:0.480122
G1 X119.273 Y103.978 E1.55976 ; perimeter
;WIDTH:0.443628
G1 X119.134 Y103.671 E1.56567 ; perimeter
;WIDTH:0.407133
G1 X118.819 Y103.2 E1.57476 ; perimeter
;WIDTH:0.424746
G1 X118.526 Y102.911 E1.58166 ; perimeter
G1 X118.323 Y102.796 E1.58557 ; perimeter
G1 X118.661 Y102.458 E1.59358 ; perimeter
G1 X118.974 Y102.798 E1.60133 ; perimeter
;WIDTH:0.40375
G1 X119.28 Y103.198 E1.60933 ; perimeter
;WIDTH:0.452082
G1 X119.689 Y103.839 E1.62294 ; perimeter
;WIDTH:0.497679
G1 X119.829 Y104.121 E1.62917 ; perimeter
;WIDTH:0.543276
G1 X119.969 Y104.404 E1.63602 ; perimeter
G1 X120.108 Y104.628 E1.64174 ; perimeter
;WIDTH:0.498979
G1 X120.248 Y104.851 E1.64697 ; perimeter
;WIDTH:0.454682
G1 X120.387 Y105.075 E1.65172 ; perimeter
;WIDTH:0.411775
G1 X120.671 Y105.72 E1.66316 ; perimeter
;WIDTH:0.449697
G1 X120.846 Y106.262 E1.6733 ; perimeter
G1 X120.372 Y106.389 E1.68204 ; perimeter
G1 X120.372 Y106.389 F7200 ; move to first perimeter point
G1 X119.425 Y107.061 ; move to first perimeter point
;TYPE:External perimeter
;WIDTH:0.399999
G1 F720
G1 X119.589 Y106.937 E1.68528 ; perimeter
G1 X119.869 Y106.538 E1.69295 ; perimeter
G1 X119.953 Y106.076 E1.70034 ; perimeter
G1 X119.808 Y105.594 E1.70826 ; perimeter
G1 X119.5 Y105.218 E1.71591 ; perimeter
G1 X119.07 Y105.022 E1.72335 ; perimeter
;WIDTH:0.448575
G1 X118.906 Y105.003 E1.72628 ; perimeter
;WIDTH:0.497151
G1 X118.741 Y104.983 E1.72957 ; perimeter
;WIDTH:0.545726
G1 X118.576 Y104.963 E1.73319 ; perimeter
G1 X118.696 Y104.861 E1.73662 ; perimeter
;WIDTH:0.497151
G1 X118.815 Y104.758 E1.73973 ; perimeter
;WIDTH:0.448575
G1 X118.934 Y104.655 E1.74252 ; perimeter
;WIDTH:0.399999
G1 X119.028 Y104.509 E1.74525 ; perimeter
G1 X119.018 Y104.427 E1.74655 ; perimeter
G1 X118.814 Y103.88 E1.75574 ; perimeter
G1 X118.504 Y103.405 E1.76467 ; perimeter
G1 X118.146 Y103.134 E1.77174 ; perimeter
;WIDTH:0.40747
G1 X117.797 Y103.081 E1.77741 ; perimeter
;WIDTH:0.444382
G1 X117.627 Y103.124 E1.78049 ; perimeter
;WIDTH:0.481294
G1 X117.456 Y103.167 E1.78386 ; perimeter
G1 X117.63 Y102.965 E1.78896 ; perimeter
;WIDTH:0.440647
G1 X117.803 Y102.762 E1.79361 ; perimeter
;WIDTH:0.399999
G1 X118.622 Y101.92 E1.8121 ; perimeter
;WIDTH:0.388997
G1 X118.642 Y101.818 E1.81369 ; perimeter
G1 X118.734 Y101.923 E1.81582 ; perimeter
;WIDTH:0.399999
G1 X119.272 Y102.562 E1.82897 ; perimeter
G1 X119.585 Y102.97 E1.83706 ; perimeter
G1 X120.026 Y103.614 E1.84934 ; perimeter
G1 X120.294 Y104.056 E1.85747 ; perimeter
G1 X120.642 Y104.706 E1.86907 ; perimeter
G1 X120.854 Y105.184 E1.8773 ; perimeter
G1 X121.154 Y105.916 E1.88975 ; perimeter
G1 X121.407 Y106.608 E1.90135 ; perimeter
;WIDTH:0.388994
G1 X121.309 Y106.573 E1.90294 ; perimeter
;WIDTH:0.399999
G1 X119.483 Y107.046 E1.93263 ; perimeter
G1 E.88263 F2100 ; retract
;WIPE_START
G1 F5760
G1 X119.425 Y107.061 E.86188 ; wipe and retract
G1 X119.589 Y106.937 E.79067 ; wipe and retract
G1 X119.869 Y106.538 E.62184 ; wipe and retract
G1 X119.953 Y106.076 E.4592 ; wipe and retract
G1 X119.931 Y106.003 E.43263 ; wipe and retract
;WIPE_END
G92 E0 ; reset extrusion distance
G1 Z1.06 F600 ; move to first perimeter point
G1 X120.129 Y106.094 F7200 ; move to first perimeter point
G1 X120.167 Y106.011 ; move to first perimeter point
G1 X120.171 Y105.675 ; move to first perimeter point
G1 X120.12 Y105.372 ; move to first perimeter point
G1 X119.822 Y105.196 ; move to first perimeter point
G1 X119.567 Y105.047 ; move to first perimeter point
G1 X119.268 Y105.012 ; move to first perimeter point
G1 X117.901 Y104.891 ; move to first perimeter point
G1 X117.525 Y105.443 ; move to first perimeter point
G1 X116.956 Y105.884 ; move to first perimeter point
G1 X116.722 Y105.813 ; move to first perimeter point
G1 X116.609 Y105.77 ; move to first perimeter point
G1 X116.512 Y105.725 ; move to first perimeter point
G1 X116.4 Y105.671 ; move to first perimeter point
G1 X116.304 Y105.617 ; move to first perimeter point
G1 X116.275 Y105.498 ; move to first perimeter point
G1 X116.231 Y105.266 ; move to first perimeter point
G1 X116.225 Y105.014 ; move to first perimeter point
G1 X116.221 Y104.734 ; move to first perimeter point
G1 X116.299 Y104.352 ; move to first perimeter point
G1 X116.342 Y104.221 ; move to first perimeter point
G1 X116.391 Y104.071 ; move to first perimeter point
G1 X116.338 Y104.034 ; move to first perimeter point
G1 Z.86 F600 ; move to first perimeter point
G1 E1.5 F1500 ;  ; unretract
;WIDTH:0.36146
G1 F900
G1 X116.591 Y103.795 E1.50492 ; perimeter
;WIDTH:0.38823
G1 X116.799 Y103.683 E1.50852 ; perimeter
;WIDTH:0.415
G1 X117.006 Y103.57 E1.51238 ; perimeter
;WIDTH:0.452156
G1 X117.044 Y103.559 E1.51309 ; perimeter
;WIDTH:0.489312
G1 X117.081 Y103.548 E1.51384 ; perimeter
;WIDTH:0.526468
G1 X117.118 Y103.537 E1.51465 ; perimeter
G1 X117.216 Y103.415 E1.51794 ; perimeter
;WIDTH:0.492681
G1 X117.314 Y103.293 E1.52101 ; perimeter
;WIDTH:0.481294
G1 X117.456 Y103.167 E1.52464 ; perimeter
G1 X117.456 Y103.167 F7200 ; move to first perimeter point
G1 X116.493 Y103.024 ; move to first perimeter point
;WIDTH:0.36146
G1 F900
G1 X116.128 Y103.44 E1.53246 ; perimeter
G1 E.48246 F2100 ; retract
;WIPE_START
G1 F5760
G1 X116.493 Y103.024 E.29078 ; wipe and retract
;WIPE_END
G1 E.03246 F2100 ; retract
G92 E0 ; reset extrusion distance
G1 Z1.06 F600 ; move to first perimeter point
G1 X116.377 Y102.944 F7200 ; move to first perimeter point
G1 X116.53 Y102.711 ; move to first perimeter point
G1 X116.671 Y102.493 ; move to first perimeter point
G1 X116.761 Y102.258 ; move to first perimeter point
G1 X116.842 Y102.012 ; move to first perimeter point
G1 X116.833 Y101.739 ; move to first perimeter point
G1 X116.805 Y101.453 ; move to first perimeter point
G1 X116.639 Y101.159 ; move to first perimeter point
G1 X116.441 Y100.926 ; move to first perimeter point
G1 X115.796 Y100.948 ; move to first perimeter point
G1 X115.526 Y101.067 ; move to first perimeter point
G1 X115.318 Y101.167 ; move to first perimeter point
G1 X115.123 Y101.357 ; move to first perimeter point
G1 X114.97 Y101.511 ; move to first perimeter point
G1 X114.902 Y101.582 ; move to first perimeter point
G1 X114.807 Y101.491 ; move to first perimeter point
G1 Z.86 F600 ; move to first perimeter point
G1 E1.5 F1500 ;  ; unretract
;WIDTH:0.516877
G1 F720
G1 X114.49 Y101.889 E1.51048 ; perimeter
G1 X114.273 Y102.445 E1.52277 ; perimeter
;WIDTH:0.510385
G1 X114.265 Y102.336 E1.52499 ; perimeter
;WIDTH:0.516877
G1 X113.888 Y101.087 E1.55186 ; perimeter
G1 X113.954 Y100.969 E1.55464 ; perimeter
G1 X114.164 Y101.083 E1.55956 ; perimeter
G1 X114.485 Y101.509 E1.57055 ; perimeter
G1 X114.747 Y101.494 E1.57596 ; perimeter
G1 E.52596 F2100 ; retract
;WIPE_START
G1 F5760
G1 X114.807 Y101.491 E.50515 ; wipe and retract
G1 X114.49 Y101.889 E.32892 ; wipe and retract
G1 X114.273 Y102.445 E.1222 ; wipe and retract
G1 X114.265 Y102.336 E.08435 ; wipe and retract
G1 X114.258 Y102.313 E.07596 ; wipe and retract
;WIPE_END
G92 E0 ; reset extrusion distance
G1 Z1.06 F600 ; move to first perimeter point
G1 X114.433 Y102.346 F7200 ; move to first perimeter point
G1 X114.464 Y102.177 ; move to first perimeter point
G1 X114.55 Y101.889 ; move to first perimeter point
G1 X115.318 Y101.167 ; move to first perimeter point
G1 X115.526 Y101.067 ; move to first perimeter point
G1 X115.796 Y100.948 ; move to first perimeter point
G1 X116.441 Y100.926 ; move to first perimeter point
G1 X116.639 Y101.159 ; move to first perimeter point
G1 X116.805 Y101.453 ; move to first perimeter point
G1 X116.833 Y101.739 ; move to first perimeter point
G1 X116.833 Y101.742 ; move to first perimeter point
G1 X117.13 Y101.731 ; move to first perimeter point
G1 Z.86 F600 ; move to first perimeter point
G1 E1.5 F1500 ;  ; unretract
;TYPE:Perimeter
;WIDTH:0.453319
G1 F720
G1 X117.011 Y101.44 E1.50564 ; perimeter
G1 X116.752 Y101.175 E1.51229 ; perimeter
;WIDTH:0.41246
G1 X116.344 Y100.875 E1.52052 ; perimeter
;WIDTH:0.456311
G1 X116.132 Y100.798 E1.5246 ; perimeter
;WIDTH:0.500161
G1 X115.919 Y100.722 E1.5291 ; perimeter
;WIDTH:0.544011
G1 X115.706 Y100.645 E1.53402 ; perimeter
G1 X115.499 Y100.673 E1.53856 ; perimeter
G1 X115.477 Y100.55 E1.54127 ; perimeter
G1 X115.334 Y100.404 E1.54571 ; perimeter
;WIDTH:0.50236
G1 X115.024 Y100.17 E1.55348 ; perimeter
;WIDTH:0.455611
G1 X114.715 Y99.936 E1.56048 ; perimeter
;WIDTH:0.408861
G1 X114.055 Y99.639 E1.57214 ; perimeter
;WIDTH:0.431738
G1 X113.607 Y99.609 E1.5798 ; perimeter
G1 X113.733 Y99.137 E1.58813 ; perimeter
G1 X114.162 Y99.274 E1.59581 ; perimeter
;WIDTH:0.405968
G1 X114.634 Y99.469 E1.60397 ; perimeter
;WIDTH:0.426742
G1 X115.086 Y99.692 E1.61246 ; perimeter
;WIDTH:0.4727
G1 X115.396 Y99.884 E1.6193 ; perimeter
;WIDTH:0.518658
G1 X115.928 Y100.199 E1.63208 ; perimeter
;WIDTH:0.489978
G1 X116.149 Y100.323 E1.63702 ; perimeter
;WIDTH:0.461297
G1 X116.38 Y100.453 E1.64187 ; perimeter
;WIDTH:0.432663
G1 X116.61 Y100.583 E1.64639 ; perimeter
;WIDTH:0.413375
G1 X117.101 Y100.957 E1.65645 ; perimeter
;WIDTH:0.453319
G1 X117.528 Y101.333 E1.66667 ; perimeter
G1 X117.172 Y101.689 E1.67571 ; perimeter
G1 X117.172 Y101.689 F7200 ; move to first perimeter point
G1 X118.273 Y101.394 ; move to first perimeter point
;TYPE:External perimeter
;WIDTH:0.36146
G1 F900
G1 X118.593 Y101.705 E1.68202 ; perimeter
G1 E.63202 F2100 ; retract
;WIPE_START
G1 F5760
G1 X118.273 Y101.394 E.47747 ; wipe and retract
;WIPE_END
G1 E.18202 F2100 ; retract
G92 E0 ; reset extrusion distance
G1 Z1.06 F600 ; move to first perimeter point
G1 X118.202 Y101.514 F7200 ; move to first perimeter point
G1 X117.399 Y101.782 ; move to first perimeter point
G1 X116.927 Y102.648 ; move to first perimeter point
G1 X116.922 Y102.656 ; move to first perimeter point
G1 X116.763 Y102.547 ; move to first perimeter point
G1 Z.86 F600 ; move to first perimeter point
G1 E1.5 F1500 ;  ; unretract
;WIDTH:0.399999
G1 F720
G1 X116.806 Y102.061 E1.50768 ; perimeter
G1 X116.616 Y101.567 E1.51601 ; perimeter
G1 X116.23 Y101.243 E1.52394 ; perimeter
G1 X115.747 Y101.094 E1.53189 ; perimeter
G1 X115.277 Y101.178 E1.5394 ; perimeter
;WIDTH:0.43646
G1 X115.063 Y101.308 E1.54372 ; perimeter
;WIDTH:0.47292
G1 X114.848 Y101.437 E1.54843 ; perimeter
G1 X114.881 Y101.366 E1.5499 ; perimeter
;WIDTH:0.458655
G1 X114.993 Y101.13 E1.55465 ; perimeter
;WIDTH:0.429327
G1 X115.106 Y100.893 E1.5591 ; perimeter
;WIDTH:0.399999
G1 X115.046 Y100.723 E1.56194 ; perimeter
G1 X114.545 Y100.28 E1.57246 ; perimeter
G1 X114.038 Y100.03 E1.58136 ; perimeter
G1 X113.654 Y99.991 E1.58743 ; perimeter
G1 X113.309 Y100.109 E1.59317 ; perimeter
;WIDTH:0.429166
G1 X112.992 Y100.434 E1.60087 ; perimeter
G1 X113.111 Y99.933 E1.6096 ; perimeter
;WIDTH:0.399999
G1 X113.426 Y98.691 E1.62977 ; perimeter
;WIDTH:0.388788
G1 X113.293 Y98.524 E1.63303 ; perimeter
;WIDTH:0.395714
G1 X113.582 Y98.659 E1.63799 ; perimeter
;WIDTH:0.399999
G1 X114.293 Y98.916 E1.64989 ; perimeter
G1 X114.787 Y99.12 E1.6583 ; perimeter
G1 X115.256 Y99.339 E1.66645 ; perimeter
G1 X115.927 Y99.697 E1.67842 ; perimeter
G1 X116.988 Y100.388 E1.69835 ; perimeter
G1 X118.273 Y101.394 E1.72403 ; perimeter
;WIDTH:0.385904
G1 X118.085 Y101.382 E1.72688 ; perimeter
;WIDTH:0.399999
G1 X117.84 Y101.595 E1.73199 ; perimeter
G1 X116.67 Y102.764 E1.75802 ; perimeter
G1 X116.739 Y102.603 E1.76078 ; perimeter
G1 E.71078 F2100 ; retract
;WIPE_START
G1 F5760
G1 X116.763 Y102.547 E.68968 ; wipe and retract
G1 X116.806 Y102.061 E.52069 ; wipe and retract
G1 X116.616 Y101.567 E.33737 ; wipe and retract
G1 X116.446 Y101.425 E.26078 ; wipe and retract
;WIPE_END
G92 E0 ; reset extrusion distance
G1 Z1.06 F600 ; move to first perimeter point
G1 X116.706 Y101.278 F7200 ; move to first perimeter point
G1 X118.202 Y101.514 ; move to first perimeter point
G1 X118.335 Y101.646 ; move to first perimeter point
G1 X118.486 Y101.798 ; move to first perimeter point
G1 X121.035 Y106.689 ; move to first perimeter point
G1 X121.346 Y106.752 ; move to first perimeter point
G1 X121.396 Y106.933 ; move to first perimeter point
G1 X121.45 Y107.139 ; move to first perimeter point
G1 X121.078 Y111.106 ; move to first perimeter point
G1 X120.945 Y111.388 ; move to first perimeter point
G1 X120.929 Y111.414 ; move to first perimeter point
G1 X121.725 Y112.918 ; move to first perimeter point
G1 X121.589 Y112.884 ; move to first perimeter point
G1 Z.86 F600 ; move to first perimeter point
G1 E1.5 F1500 ;  ; unretract
;WIDTH:0.36146
G1 F900
G1 X121.47 Y113.319 E1.50637 ; perimeter
G1 E.45637 F2100 ; retract
;WIPE_START
G1 F5760
G1 X121.589 Y112.884 E.30017 ; wipe and retract
;WIPE_END
G1 E.00637 F2100 ; retract
G92 E0 ; reset extrusion distance
G1 Z1.06 F600 ; move to first perimeter point
G1 X121.726 Y112.918 F7200 ; move to first perimeter point
G1 X120.954 Y110.46 ; move to first perimeter point
G1 X120.676 Y110.246 ; move to first perimeter point
G1 X120.442 Y110.09 ; move to first perimeter point
G1 X119.11 Y109.868 ; move to first perimeter point
G1 X119.083 Y109.878 ; move to first perimeter point
G1 X118.499 Y109.928 ; move to first perimeter point
G1 X116.13 Y108.575 ; move to first perimeter point
G1 X116.021 Y108.169 ; move to first perimeter point
G1 X115.408 Y105.364 ; move to first perimeter point
G1 X115.328 Y105.454 ; move to first perimeter point
G1 X114.596 Y105.701 ; move to first perimeter point
G1 X114.299 Y105.404 ; move to first perimeter point
G1 X112.616 Y103.088 ; move to first perimeter point
G1 X111.831 Y103.979 ; move to first perimeter point
G1 X111.425 Y103.87 ; move to first perimeter point
G1 X111.252 Y103.002 ; move to first perimeter point
G1 X112.11 Y101.352 ; move to first perimeter point
G1 X111.965 Y101.176 ; move to first perimeter point
G1 X111.173 Y100.468 ; move to first perimeter point
G1 X111.07 Y100.087 ; move to first perimeter point
G1 Z.86 F600 ; move to first perimeter point
G1 E1.5 F1500 ;  ; unretract
;WIDTH:0.346059
G1 F720
G1 X111.159 Y100.133 E1.50135 ; perimeter
G1 X111.233 Y100.369 E1.50469 ; perimeter
G1 X111.233 Y101.048 E1.51385 ; perimeter
;WIDTH:0.34595
G1 X111.135 Y101.297 E1.51746 ; perimeter
G1 X111.006 Y101.297 E1.5192 ; perimeter
G1 X110.908 Y101.048 E1.52281 ; perimeter
;WIDTH:0.346059
G1 X110.908 Y100.369 E1.53197 ; perimeter
G1 X110.955 Y100.165 E1.5348 ; perimeter
G1 X111.02 Y100.12 E1.53587 ; perimeter
G1 E.48587 F2100 ; retract
;WIPE_START
G1 F5760
G1 X111.07 Y100.087 E.46512 ; wipe and retract
G1 X111.159 Y100.133 E.43042 ; wipe and retract
G1 X111.233 Y100.369 E.34476 ; wipe and retract
G1 X111.233 Y101.048 E.10959 ; wipe and retract
G1 X111.155 Y101.246 E.03587 ; wipe and retract
;WIPE_END
G92 E0 ; reset extrusion distance
G1 Z1.06 F600 ; move to first perimeter point
G1 X111.702 Y101.68 F7200 ; move to first perimeter point
G1 X111.252 Y103.002 ; move to first perimeter point
G1 X111.425 Y103.87 ; move to first perimeter point
G1 X111.831 Y103.979 ; move to first perimeter point
G1 X113.878 Y103.075 ; move to first perimeter point
G1 X114.385 Y102.608 ; move to first perimeter point
G1 X115.313 Y102.609 ; move to first perimeter point
G1 X115.198 Y102.951 ; move to first perimeter point
G1 Z.86 F600 ; move to first perimeter point
G1 E1.5 F1500 ;  ; unretract
;WIDTH:0.345945
G1 F720
G1 X115.238 Y102.687 E1.5036 ; perimeter
;WIDTH:0.346057
G1 X115.577 Y102.099 E1.51276 ; perimeter
G1 X115.719 Y101.945 E1.51559 ; perimeter
G1 X115.858 Y101.935 E1.51747 ; perimeter
G1 X115.913 Y102.02 E1.51884 ; perimeter
G1 X115.869 Y102.243 E1.52191 ; perimeter
G1 X115.519 Y102.849 E1.53135 ; perimeter
;WIDTH:0.345945
G1 X115.31 Y103.016 E1.53496 ; perimeter
G1 X115.25 Y102.981 E1.5359 ; perimeter
G1 E.4859 F2100 ; retract
;WIPE_START
G1 F5760
G1 X115.198 Y102.951 E.46511 ; wipe and retract
G1 X115.238 Y102.687 E.37263 ; wipe and retract
G1 X115.577 Y102.099 E.13755 ; wipe and retract
G1 X115.719 Y101.945 E.065 ; wipe and retract
G1 X115.803 Y101.939 E.0359 ; wipe and retract
;WIPE_END
G92 E0 ; reset extrusion distance
G1 Z1.06 F600 ; move to first perimeter point
G1 X115.554 Y102.19 F7200 ; move to first perimeter point
G1 X116.486 Y102.777 ; move to first perimeter point
G1 X117.399 Y101.782 ; move to first perimeter point
G1 X118.202 Y101.514 ; move to first perimeter point
G1 X118.335 Y101.646 ; move to first perimeter point
G1 X118.486 Y101.798 ; move to first perimeter point
G1 X119.198 Y103.832 ; move to first perimeter point
G1 X119.216 Y103.945 ; move to first perimeter point
G1 X119.091 Y104.593 ; move to first perimeter point
G1 X118.41 Y105.138 ; move to first perimeter point
G1 X118.858 Y106.26 ; move to first perimeter point
G1 X119.129 Y106.021 ; move to first perimeter point
G1 Z.86 F600 ; move to first perimeter point
G1 E1.5 F1500 ;  ; unretract
;WIDTH:0.34606
G1 F720
G1 X118.966 Y106.227 E1.50355 ; perimeter
G1 X118.36 Y106.577 E1.51299 ; perimeter
;WIDTH:0.345947
G1 X118.096 Y106.617 E1.51659 ; perimeter
G1 X118.031 Y106.505 E1.51834 ; perimeter
G1 X118.198 Y106.296 E1.52195 ; perimeter
;WIDTH:0.34606
G1 X118.804 Y105.946 E1.53139 ; perimeter
G1 X119.063 Y105.907 E1.53492 ; perimeter
G1 X119.106 Y105.967 E1.53592 ; perimeter
G1 E.48592 F2100 ; retract
;WIPE_START
G1 F5760
G1 X119.129 Y106.021 E.46559 ; wipe and retract
G1 X118.966 Y106.227 E.37461 ; wipe and retract
G1 X118.36 Y106.577 E.13223 ; wipe and retract
G1 X118.096 Y106.617 E.03975 ; wipe and retract
G1 X118.09 Y106.607 E.03592 ; wipe and retract
;WIPE_END
G92 E0 ; reset extrusion distance
G1 Z1.06 F600 ; move to first perimeter point
G1 X118.018 Y107.301 F7200 ; move to first perimeter point
G1 X116.686 Y107.585 ; move to first perimeter point
G1 X116.021 Y108.169 ; move to first perimeter point
G1 X116.13 Y108.575 ; move to first perimeter point
G1 X118.499 Y109.928 ; move to first perimeter point
G1 X119.083 Y109.878 ; move to first perimeter point
G1 X119.361 Y109.772 ; move to first perimeter point
G1 X119.473 Y109.74 ; move to first perimeter point
G1 X119.28 Y109.062 ; move to first perimeter point
G1 Z.86 F600 ; move to first perimeter point
G1 E1.5 F1500 ;  ; unretract
;WIDTH:0.45356
G1 F900
G1 X119.253 Y109.109 E1.50097 ; perimeter
G1 X119.199 Y109.109 E1.50194 ; perimeter
G1 X119.172 Y109.062 E1.50291 ; perimeter
G1 X119.199 Y109.015 E1.50388 ; perimeter
G1 X119.253 Y109.015 E1.50485 ; perimeter
G1 E.45485 F2100 ; retract
;WIPE_START
G1 F5760
G1 X119.199 Y109.015 E.43615 ; wipe and retract
G1 X119.172 Y109.062 E.41738 ; wipe and retract
G1 X119.199 Y109.109 E.39861 ; wipe and retract
G1 X119.253 Y109.109 E.37991 ; wipe and retract
G1 X119.28 Y109.062 E.36114 ; wipe and retract
;WIPE_END
G1 E.00485 F2100 ; retract
G92 E0 ; reset extrusion distance
G1 Z1.06 F600 ; move to first perimeter point
G1 X119.473 Y109.74 F7200 ; move to first perimeter point
G1 X118.957 Y110.17 ; move to first perimeter point
G1 X119.058 Y110.971 ; move to first perimeter point
G1 X118.703 Y111.042 ; move to first perimeter point
G1 Z.86 F600 ; move to first perimeter point
G1 E1.5 F1500 ;  ; unretract
;WIDTH:0.345946
G1 F720
G1 X118.952 Y110.945 E1.50361 ; perimeter
;WIDTH:0.346057
G1 X119.631 Y110.944 E1.51277 ; perimeter
G1 X119.835 Y110.991 E1.5156 ; perimeter
G1 X119.905 Y111.076 E1.51709 ; perimeter
G1 X119.895 Y111.172 E1.51839 ; perimeter
G1 X119.652 Y111.269 E1.52192 ; perimeter
G1 X118.952 Y111.269 E1.53137 ; perimeter
;WIDTH:0.345946
G1 X118.703 Y111.171 E1.53498 ; perimeter
G1 X118.703 Y111.102 E1.53591 ; perimeter
G1 E.48591 F2100 ; retract
;WIPE_START
G1 F5760
G1 X118.703 Y111.042 E.46513 ; wipe and retract
G1 X118.952 Y110.945 E.37257 ; wipe and retract
G1 X119.631 Y110.944 E.1374 ; wipe and retract
G1 X119.835 Y110.991 E.06489 ; wipe and retract
G1 X119.888 Y111.056 E.03591 ; wipe and retract
;WIPE_END
G92 E0 ; reset extrusion distance
G1 Z1.06 F600 ; move to first perimeter point
G1 X119.541 Y110.97 F7200 ; move to first perimeter point
G1 X119.209 Y112.048 ; move to first perimeter point
G1 X120.812 Y112.316 ; move to first perimeter point
G1 X121.212 Y112.65 ; move to first perimeter point
G1 X121.45 Y112.861 ; move to first perimeter point
G1 X121.403 Y113.042 ; move to first perimeter point
G1 X121.346 Y113.248 ; move to first perimeter point
G1 X121.035 Y113.311 ; move to first perimeter point
G1 X120.518 Y113.312 ; move to first perimeter point
G1 X118.396 Y112.588 ; move to first perimeter point
G1 X118.081 Y112.628 ; move to first perimeter point
G1 X117.715 Y112.732 ; move to first perimeter point
G1 X117.491 Y112.859 ; move to first perimeter point
G1 X117.288 Y112.978 ; move to first perimeter point
G1 X117.093 Y113.15 ; move to first perimeter point
G1 X116.999 Y113.246 ; move to first perimeter point
G1 X116.947 Y113.348 ; move to first perimeter point
G1 X116.962 Y113.485 ; move to first perimeter point
G1 X117.085 Y113.978 ; move to first perimeter point
G1 X117.554 Y114.464 ; move to first perimeter point
G1 X117.378 Y115.337 ; move to first perimeter point
G1 X117.035 Y115.221 ; move to first perimeter point
G1 Z.86 F600 ; move to first perimeter point
G1 E1.5 F1500 ;  ; unretract
G1 F720
G1 X117.299 Y115.261 E1.5036 ; perimeter
;WIDTH:0.346057
G1 X117.888 Y115.601 E1.51278 ; perimeter
G1 X118.041 Y115.743 E1.5156 ; perimeter
G1 X118.059 Y115.852 E1.51709 ; perimeter
G1 X118.003 Y115.93 E1.51839 ; perimeter
G1 X117.743 Y115.892 E1.52194 ; perimeter
G1 X117.137 Y115.542 E1.53138 ; perimeter
;WIDTH:0.345946
G1 X116.97 Y115.333 E1.53499 ; perimeter
G1 X117.005 Y115.273 E1.53593 ; perimeter
G1 E.48593 F2100 ; retract
;WIPE_START
G1 F5760
G1 X117.035 Y115.221 E.46514 ; wipe and retract
G1 X117.299 Y115.261 E.37266 ; wipe and retract
G1 X117.888 Y115.601 E.13711 ; wipe and retract
G1 X118.041 Y115.743 E.06481 ; wipe and retract
G1 X118.055 Y115.825 E.03593 ; wipe and retract
;WIPE_END
G92 E0 ; reset extrusion distance
G1 Z1.06 F600 ; move to first perimeter point
G1 X117.797 Y115.578 F7200 ; move to first perimeter point
G1 X116.994 Y116.363 ; move to first perimeter point
G1 X118.217 Y117.401 ; move to first perimeter point
G1 X118.385 Y117.901 ; move to first perimeter point
G1 X118.486 Y118.202 ; move to first perimeter point
G1 X118.354 Y118.335 ; move to first perimeter point
G1 X118.202 Y118.486 ; move to first perimeter point
G1 X117.901 Y118.385 ; move to first perimeter point
G1 X117.463 Y118.126 ; move to first perimeter point
G1 X116.247 Y116.742 ; move to first perimeter point
G1 X115.741 Y117.014 ; move to first perimeter point
G1 X115.517 Y117.112 ; move to first perimeter point
G1 Z.86 F600 ; move to first perimeter point
G1 E1.5 F1500 ;  ; unretract
;WIDTH:0.608568
G1 F900
G1 X115.48 Y117.176 E1.5018 ; perimeter
G1 X115.407 Y117.176 E1.50358 ; perimeter
G1 X115.37 Y117.112 E1.50538 ; perimeter
G1 X115.407 Y117.048 E1.50718 ; perimeter
G1 X115.48 Y117.048 E1.50896 ; perimeter
G1 E.45896 F2100 ; retract
;WIPE_START
G1 F5760
G1 X115.407 Y117.048 E.43368 ; wipe and retract
G1 X115.37 Y117.112 E.40808 ; wipe and retract
G1 X115.407 Y117.176 E.38248 ; wipe and retract
G1 X115.48 Y117.176 E.3572 ; wipe and retract
G1 X115.517 Y117.112 E.3316 ; wipe and retract
;WIPE_END
G1 E.00896 F2100 ; retract
G92 E0 ; reset extrusion distance
G1 Z1.06 F600 ; move to first perimeter point
G1 X115.741 Y117.014 F7200 ; move to first perimeter point
G1 X114.825 Y118.008 ; move to first perimeter point
G1 X114.638 Y118.25 ; move to first perimeter point
G1 X113.705 Y118.878 ; move to first perimeter point
G1 X113.943 Y119.15 ; move to first perimeter point
G1 Z.86 F600 ; move to first perimeter point
G1 E1.5 F1500 ;  ; unretract
;WIDTH:0.346056
G1 F720
G1 X113.738 Y118.987 E1.50353 ; perimeter
G1 X113.388 Y118.381 E1.51297 ; perimeter
;WIDTH:0.345945
G1 X113.348 Y118.117 E1.51657 ; perimeter
G1 X113.46 Y118.052 E1.51832 ; perimeter
G1 X113.669 Y118.219 E1.52193 ; perimeter
;WIDTH:0.346056
G1 X114.008 Y118.807 E1.53109 ; perimeter
G1 X114.066 Y119.034 E1.53425 ; perimeter
G1 X114.058 Y119.084 E1.53493 ; perimeter
G1 X113.995 Y119.12 E1.53591 ; perimeter
G1 E.48591 F2100 ; retract
;WIPE_START
G1 F5760
G1 X113.943 Y119.15 E.46512 ; wipe and retract
G1 X113.738 Y118.987 E.37441 ; wipe and retract
G1 X113.388 Y118.381 E.13203 ; wipe and retract
G1 X113.348 Y118.117 E.03955 ; wipe and retract
G1 X113.357 Y118.112 E.03591 ; wipe and retract
;WIPE_END
G92 E0 ; reset extrusion distance
G1 Z1.06 F600 ; move to first perimeter point
G1 X112.686 Y118.008 F7200 ; move to first perimeter point
G1 X112.415 Y116.686 ; move to first perimeter point
G1 X111.831 Y116.021 ; move to first perimeter point
G1 X111.425 Y116.13 ; move to first perimeter point
G1 X110.044 Y117.837 ; move to first perimeter point
G1 X110.593 Y119.247 ; move to first perimeter point
G1 X110.087 Y119.455 ; move to first perimeter point
G1 X109.083 Y119.541 ; move to first perimeter point
G1 X109.013 Y119.895 ; move to first perimeter point
G1 Z.86 F600 ; move to first perimeter point
G1 E1.5 F1500 ;  ; unretract
;WIDTH:0.34606
G1 F720
G1 X108.881 Y119.895 E1.50178 ; perimeter
G1 X108.784 Y119.652 E1.50531 ; perimeter
G1 X108.784 Y118.972 E1.51449 ; perimeter
;WIDTH:0.345951
G1 X108.831 Y118.765 E1.51735 ; perimeter
G1 X108.947 Y118.685 E1.51925 ; perimeter
G1 X109.034 Y118.731 E1.52058 ; perimeter
G1 X109.109 Y118.972 E1.52399 ; perimeter
;WIDTH:0.34606
G1 X109.109 Y119.652 E1.53317 ; perimeter
G1 X109.035 Y119.84 E1.5359 ; perimeter
G1 E.4859 F2100 ; retract
;WIPE_START
G1 F5760
G1 X109.013 Y119.895 E.46538 ; wipe and retract
G1 X108.881 Y119.895 E.41966 ; wipe and retract
G1 X108.784 Y119.652 E.32904 ; wipe and retract
G1 X108.784 Y118.972 E.09352 ; wipe and retract
G1 X108.821 Y118.81 E.0359 ; wipe and retract
;WIPE_END
G92 E0 ; reset extrusion distance
G1 Z1.06 F600 ; move to first perimeter point
G1 X108.197 Y118.503 F7200 ; move to first perimeter point
G1 X108.748 Y116.998 ; move to first perimeter point
G1 X108.575 Y116.13 ; move to first perimeter point
G1 X108.169 Y116.021 ; move to first perimeter point
G1 X104.634 Y116.238 ; move to first perimeter point
G1 X104.44 Y116.321 ; move to first perimeter point
G1 X104.721 Y116.981 ; move to first perimeter point
G1 Z.86 F600 ; move to first perimeter point
G1 E1.5 F1500 ;  ; unretract
;WIDTH:0.345946
G1 F720
G1 X104.774 Y117.064 E1.50133 ; perimeter
G1 X104.728 Y117.293 E1.50448 ; perimeter
;WIDTH:0.346057
G1 X104.378 Y117.899 E1.51392 ; perimeter
G1 X104.174 Y118.062 E1.51744 ; perimeter
G1 X104.059 Y117.996 E1.51923 ; perimeter
G1 X104.097 Y117.737 E1.52276 ; perimeter
G1 X104.437 Y117.148 E1.53194 ; perimeter
;WIDTH:0.345946
G1 X104.581 Y116.993 E1.53479 ; perimeter
G1 X104.662 Y116.986 E1.53589 ; perimeter
G1 E.48589 F2100 ; retract
;WIPE_START
G1 F5760
G1 X104.721 Y116.981 E.46538 ; wipe and retract
G1 X104.774 Y117.064 E.43127 ; wipe and retract
G1 X104.728 Y117.293 E.35037 ; wipe and retract
G1 X104.378 Y117.899 E.10799 ; wipe and retract
G1 X104.215 Y118.029 E.03589 ; wipe and retract
;WIPE_END
G92 E0 ; reset extrusion distance
G1 Z1.06 F600 ; move to first perimeter point
G1 X104.412 Y117.791 F7200 ; move to first perimeter point
G1 X103.486 Y117.22 ; move to first perimeter point
G1 X102.605 Y118.194 ; move to first perimeter point
G1 X102.099 Y118.385 ; move to first perimeter point
G1 X101.798 Y118.486 ; move to first perimeter point
G1 X101.665 Y118.354 ; move to first perimeter point
G1 X101.514 Y118.202 ; move to first perimeter point
G1 X101.615 Y117.901 ; move to first perimeter point
G1 X101.812 Y117.392 ; move to first perimeter point
G1 X102.825 Y116.487 ; move to first perimeter point
G1 X102.358 Y116.009 ; move to first perimeter point
G1 X102.199 Y115.792 ; move to first perimeter point
G1 Z.86 F600 ; move to first perimeter point
G1 E1.5 F1500 ;  ; unretract
;WIDTH:0.609262
G1 F900
G1 X102.162 Y115.856 E1.50181 ; perimeter
G1 X102.088 Y115.856 E1.50362 ; perimeter
G1 X102.052 Y115.792 E1.50541 ; perimeter
G1 X102.088 Y115.729 E1.50718 ; perimeter
G1 X102.162 Y115.729 E1.50899 ; perimeter
G1 E.45899 F2100 ; retract
;WIPE_START
G1 F5760
G1 X102.088 Y115.729 E.43336 ; wipe and retract
G1 X102.052 Y115.792 E.40823 ; wipe and retract
G1 X102.088 Y115.856 E.3828 ; wipe and retract
G1 X102.162 Y115.856 E.35717 ; wipe and retract
G1 X102.199 Y115.792 E.33157 ; wipe and retract
;WIPE_END
G1 E.00899 F2100 ; retract
G92 E0 ; reset extrusion distance
G1 Z1.06 F600 ; move to first perimeter point
G1 X102.358 Y116.009 F7200 ; move to first perimeter point
G1 X102.099 Y114.833 ; move to first perimeter point
G1 X102.066 Y114.517 ; move to first perimeter point
G1 X101.685 Y113.713 ; move to first perimeter point
G1 X101.956 Y113.474 ; move to first perimeter point
G1 Z.86 F600 ; move to first perimeter point
G1 E1.5 F1500 ;  ; unretract
;WIDTH:0.345946
G1 F720
G1 X101.789 Y113.683 E1.50361 ; perimeter
;WIDTH:0.346057
G1 X101.183 Y114.033 E1.51305 ; perimeter
G1 X100.924 Y114.072 E1.51658 ; perimeter
G1 X100.858 Y113.957 E1.51837 ; perimeter
G1 X101.021 Y113.752 E1.5219 ; perimeter
G1 X101.627 Y113.402 E1.53134 ; perimeter
;WIDTH:0.345946
G1 X101.891 Y113.362 E1.53494 ; perimeter
G1 X101.933 Y113.42 E1.53591 ; perimeter
G1 E.48591 F2100 ; retract
;WIPE_START
G1 F5760
G1 X101.956 Y113.474 E.46558 ; wipe and retract
G1 X101.789 Y113.683 E.37292 ; wipe and retract
G1 X101.183 Y114.033 E.13054 ; wipe and retract
G1 X100.924 Y114.072 E.03982 ; wipe and retract
G1 X100.918 Y114.062 E.03591 ; wipe and retract
;WIPE_END
G92 E0 ; reset extrusion distance
G1 Z1.06 F600 ; move to first perimeter point
G1 X101.266 Y113.955 F7200 ; move to first perimeter point
G1 X101.074 Y112.831 ; move to first perimeter point
G1 X99.482 Y113.412 ; move to first perimeter point
G1 X98.965 Y113.311 ; move to first perimeter point
G1 X98.654 Y113.248 ; move to first perimeter point
G1 X98.604 Y113.067 ; move to first perimeter point
G1 X98.55 Y112.861 ; move to first perimeter point
G1 X99.206 Y112.279 ; move to first perimeter point
G1 X101.21 Y111.891 ; move to first perimeter point
G1 X101.603 Y111.724 ; move to first perimeter point
G1 X101.713 Y111.645 ; move to first perimeter point
G1 X101.297 Y111.066 ; move to first perimeter point
G1 Z.86 F600 ; move to first perimeter point
G1 E1.5 F1500 ;  ; unretract
G1 F720
G1 X101.048 Y111.163 E1.50361 ; perimeter
;WIDTH:0.346059
G1 X100.348 Y111.163 E1.51306 ; perimeter
G1 X100.105 Y111.067 E1.51659 ; perimeter
G1 X100.105 Y110.935 E1.51837 ; perimeter
G1 X100.348 Y110.839 E1.5219 ; perimeter
G1 X101.048 Y110.838 E1.53135 ; perimeter
;WIDTH:0.345946
G1 X101.297 Y110.936 E1.53496 ; perimeter
G1 X101.304 Y111.007 E1.53592 ; perimeter
; stop printing object anel_mes.stl id:0 copy 0
;LAYER_CHANGE
;Z:0.96
;HEIGHT:0.1
G1 Z.96 F600 ; simple layer change
;AFTER_LAYER_CHANGE
;0.96
; printing object anel_mes.stl id:0 copy 0
G1 E.03592 F2100 ; retract
G1 Z1.16 F600 ; lift
G1 X102.925 Y109.831 F7200 ; move to first layer point
G1 Z.96 F600 ; move to first layer point
G1 E1.53592 F1500 ;  ; unretract
;TYPE:Perimeter
;WIDTH:0.651968
G1 F720
G1 X102.948 Y109.895 E1.5377 ; perimeter
;WIDTH:0.606799
G1 X102.971 Y109.959 E1.53935 ; perimeter
;WIDTH:0.56163
G1 X102.994 Y110.024 E1.5409 ; perimeter
;WIDTH:0.516462
G1 X103.017 Y110.088 E1.5423 ; perimeter
;WIDTH:0.471293
G1 X103.04 Y110.152 E1.54357 ; perimeter
;WIDTH:0.426124
G1 X103.063 Y110.217 E1.54473 ; perimeter
;WIDTH:0.380955
G1 X103.103 Y110.675 E1.5516 ; perimeter
;WIDTH:0.351215
G1 X102.803 Y110.756 E1.55586 ; perimeter
;WIDTH:0.390812
G1 X102.749 Y110.464 E1.56042 ; perimeter
;WIDTH:0.430408
G1 X102.696 Y110.172 E1.56547 ; perimeter
;WIDTH:0.47472
G1 X102.741 Y110.104 E1.56701 ; perimeter
;WIDTH:0.519032
G1 X102.787 Y110.036 E1.56871 ; perimeter
;WIDTH:0.563344
G1 X102.833 Y109.967 E1.57058 ; perimeter
;WIDTH:0.607656
G1 X102.879 Y109.899 E1.57258 ; perimeter
;WIDTH:0.651968
G1 X102.891 Y109.881 E1.57315 ; perimeter
G1 X102.891 Y109.881 F7200 ; move to first perimeter point
G1 X102.433 Y108.779 ; move to first perimeter point
;WIDTH:0.399999
G1 F720
G1 X103.494 Y109.063 E1.59044 ; perimeter
G1 X103.464 Y109.259 E1.59356 ; perimeter
G1 X103.433 Y109.775 E1.6017 ; perimeter
G1 X103.44 Y110.355 E1.61083 ; perimeter
G1 X103.494 Y110.937 E1.62003 ; perimeter
G1 X102.447 Y111.218 E1.63709 ; perimeter
G1 X102.468 Y110.894 E1.6422 ; perimeter
G1 X102.367 Y110.406 E1.65004 ; perimeter
G1 X102.184 Y110.12 E1.65538 ; perimeter
G1 X102.286 Y110.071 E1.65716 ; perimeter
G1 X102.377 Y109.937 E1.65971 ; perimeter
G1 X102.433 Y109.689 E1.66371 ; perimeter
G1 X102.433 Y108.839 E1.67709 ; perimeter
G1 X102.433 Y108.839 F7200 ; move to first perimeter point
G1 X104.003 Y108.634 ; move to first perimeter point
;TYPE:External perimeter
;WIDTH:0.36146
G1 F900
G1 X104.118 Y108.206 E1.68335 ; perimeter
G1 E.63335 F2100 ; retract
;WIPE_START
G1 F5760
G1 X104.003 Y108.634 E.47985 ; wipe and retract
;WIPE_END
G1 E.18335 F2100 ; retract
G92 E0 ; reset extrusion distance
G1 Z1.16 F600 ; move to first perimeter point
G1 X103.87 Y108.575 F7200 ; move to first perimeter point
G1 X103.057 Y108.739 ; move to first perimeter point
G1 X102.784 Y108.658 ; move to first perimeter point
G1 X102.392 Y108.319 ; move to first perimeter point
G1 X102.136 Y108.157 ; move to first perimeter point
G1 X102.055 Y108.285 ; move to first perimeter point
G1 Z.96 F600 ; move to first perimeter point
G1 E1.5 F1500 ;  ; unretract
;WIDTH:0.399998
G1 F720
G1 X103.321 Y108.624 E1.52063 ; perimeter
G1 X103.884 Y108.742 E1.52968 ; perimeter
;WIDTH:0.380485
G1 X104.003 Y108.634 E1.53208 ; perimeter
G1 X103.94 Y108.802 E1.53476 ; perimeter
;WIDTH:0.399999
G1 X103.836 Y109.335 E1.54331 ; perimeter
G1 X103.8 Y109.99 E1.55363 ; perimeter
G1 X103.827 Y110.502 E1.5617 ; perimeter
G1 X103.911 Y111.113 E1.57141 ; perimeter
;WIDTH:0.394209
G1 X104.009 Y111.387 E1.57592 ; perimeter
;WIDTH:0.382509
G1 X103.884 Y111.256 E1.57864 ; perimeter
;WIDTH:0.399999
G1 X103.4 Y111.354 E1.58641 ; perimeter
G1 X101.775 Y111.79 E1.61289 ; perimeter
G1 X101.981 Y111.526 E1.61816 ; perimeter
G1 X102.097 Y111.037 E1.62607 ; perimeter
G1 X102.018 Y110.556 E1.63374 ; perimeter
G1 X101.744 Y110.171 E1.64118 ; perimeter
;WIDTH:0.445134
G1 X101.555 Y110.043 E1.6452 ; perimeter
;WIDTH:0.49027
G1 X101.367 Y109.915 E1.64963 ; perimeter
G1 X101.616 Y109.897 E1.6545 ; perimeter
;WIDTH:0.445134
G1 X101.866 Y109.879 E1.65891 ; perimeter
;WIDTH:0.399998
G1 X102.006 Y109.817 E1.66132 ; perimeter
G1 X102.055 Y109.689 E1.66348 ; perimeter
G1 X102.055 Y108.345 E1.68463 ; perimeter
G1 X102.055 Y108.345 F7200 ; move to first perimeter point
G1 X102.925 Y109.831 ; move to first perimeter point
;TYPE:Perimeter
;WIDTH:0.659842
G1 F1500
G1 X102.942 Y109.441 E1.69499 ; perimeter
G1 E.64499 F2100 ; retract
;WIPE_START
G1 F5760
G1 X102.925 Y109.831 E.50978 ; wipe and retract
;WIPE_END
G1 E.19499 F2100 ; retract
G92 E0 ; reset extrusion distance
G1 Z1.16 F600 ; move to first perimeter point
G1 X103.432 Y110 F7200 ; move to first perimeter point
G1 X104.273 Y107.628 ; move to first perimeter point
G1 X104.271 Y107.549 ; move to first perimeter point
G1 X103.895 Y107.558 ; move to first perimeter point
G1 Z.96 F600 ; move to first perimeter point
G1 E1.5 F1500 ;  ; unretract
;WIDTH:0.399999
G1 F720
G1 X102.838 Y107.275 E1.51722 ; perimeter
G1 X103.271 Y106.525 E1.53085 ; perimeter
G1 X103.392 Y106.178 E1.53663 ; perimeter
G1 X103.587 Y105.977 E1.54104 ; perimeter
G1 X104.059 Y105.16 E1.55589 ; perimeter
G1 X104.836 Y105.937 E1.57318 ; perimeter
G1 X104.443 Y106.491 E1.58387 ; perimeter
G1 X104.154 Y106.985 E1.59288 ; perimeter
G1 X103.919 Y107.503 E1.60183 ; perimeter
G1 X103.919 Y107.503 F7200 ; move to first perimeter point
G1 X104.118 Y108.206 ; move to first perimeter point
;TYPE:External perimeter
;WIDTH:0.394237
G1 F720
G1 X104.027 Y107.993 E1.60542 ; perimeter
;WIDTH:0.399999
G1 X102.264 Y107.513 E1.63418 ; perimeter
G1 X102.979 Y106.274 E1.65669 ; perimeter
;WIDTH:0.44803
G1 X102.978 Y106.194 E1.65811 ; perimeter
;WIDTH:0.496062
G1 X102.977 Y106.113 E1.65971 ; perimeter
;WIDTH:0.544093
G1 X102.976 Y106.033 E1.66145 ; perimeter
;WIDTH:0.592124
G1 X102.975 Y105.952 E1.66337 ; perimeter
G1 X103.03 Y105.928 E1.66479 ; perimeter
;WIDTH:0.544093
G1 X103.085 Y105.904 E1.66609 ; perimeter
;WIDTH:0.496062
G1 X103.14 Y105.879 E1.66728 ; perimeter
;WIDTH:0.44803
G1 X103.194 Y105.855 E1.66833 ; perimeter
;WIDTH:0.399999
G1 X103.258 Y105.79 E1.66977 ; perimeter
G1 X103.978 Y104.544 E1.69242 ; perimeter
G1 X105.254 Y105.815 E1.72076 ; perimeter
;WIDTH:0.397153
G1 X105.505 Y105.804 E1.72468 ; perimeter
;WIDTH:0.399999
G1 X105.244 Y106.023 E1.73004 ; perimeter
G1 X104.769 Y106.684 E1.74285 ; perimeter
G1 X104.497 Y107.145 E1.75127 ; perimeter
G1 X104.268 Y107.637 E1.75981 ; perimeter
G1 X104.133 Y108.148 E1.76813 ; perimeter
G1 X104.133 Y108.148 F7200 ; move to first perimeter point
G1 X103.608 Y106.956 ; move to first perimeter point
;TYPE:Perimeter
;WIDTH:0.675574
G1 F1500
G1 X103.859 Y106.463 E1.78317 ; perimeter
G1 X104.145 Y106.018 E1.79756 ; perimeter
;WIDTH:0.654634
G1 X104.168 Y105.984 E1.79864 ; perimeter
G1 X104.168 Y105.984 F7200 ; move to first perimeter point
G1 X102.975 Y105.952 ; move to first perimeter point
;TYPE:External perimeter
;WIDTH:0.592124
G1 F900
G1 X102.578 Y105.723 E1.80951 ; perimeter
G1 X101.615 Y104.859 F7200 ; move to first perimeter point
;TYPE:Perimeter
;WIDTH:0.380699
G1 F720
G1 X102.225 Y105.227 E1.82015 ; perimeter
G1 X102.177 Y105.347 E1.82208 ; perimeter
G1 X102.17 Y105.487 E1.82417 ; perimeter
;WIDTH:0.37723
G1 X102.099 Y105.526 E1.82537 ; perimeter
G1 X101.972 Y105.667 E1.82818 ; perimeter
G1 X101.744 Y105.535 E1.83208 ; perimeter
;WIDTH:0.380699
G1 X101.823 Y105.299 E1.8358 ; perimeter
G1 X101.641 Y104.914 E1.84216 ; perimeter
G1 X101.641 Y104.914 F7200 ; move to first perimeter point
G1 X100.838 Y103.867 ; move to first perimeter point
;WIDTH:0.405101
G1 F720
G1 X100.82 Y103.927 E1.84316 ; perimeter
;WIDTH:0.444835
G1 X100.78 Y104.059 E1.84559 ; perimeter
;WIDTH:0.484569
G1 X100.739 Y104.191 E1.84825 ; perimeter
G1 X100.827 Y104.392 E1.85247 ; perimeter
;WIDTH:0.470861
G1 X100.906 Y104.442 E1.85422 ; perimeter
;WIDTH:0.433212
G1 X100.985 Y104.493 E1.85583 ; perimeter
;WIDTH:0.395563
G1 X101.064 Y104.543 E1.85728 ; perimeter
G1 X100.973 Y104.518 E1.85875 ; perimeter
;WIDTH:0.433212
G1 X100.883 Y104.494 E1.86034 ; perimeter
;WIDTH:0.470861
G1 X100.793 Y104.469 E1.86209 ; perimeter
;WIDTH:0.505451
G1 X100.614 Y104.51 E1.86579 ; perimeter
G1 X100.535 Y104.591 E1.86807 ; perimeter
;WIDTH:0.473807
G1 X100.455 Y104.671 E1.8702 ; perimeter
;WIDTH:0.442163
G1 X100.252 Y104.939 E1.87608 ; perimeter
;WIDTH:0.40119
G1 X100.048 Y105.206 E1.88138 ; perimeter
;WIDTH:0.360216
G1 X99.749 Y105.756 E1.8902 ; perimeter
;WIDTH:0.36945
G1 X99.715 Y105.94 E1.89291 ; perimeter
;WIDTH:0.405279
G1 X99.681 Y106.125 E1.89591 ; perimeter
;WIDTH:0.406333
G1 X99.948 Y106.476 E1.90297 ; perimeter
G1 X100.016 Y106.516 E1.90423 ; perimeter
G1 X99.249 Y106.31 E1.91694 ; perimeter
G1 X99.317 Y106.103 E1.92043 ; perimeter
;WIDTH:0.405279
G1 X99.404 Y105.836 E1.92491 ; perimeter
;WIDTH:0.370109
G1 X99.492 Y105.569 E1.92898 ; perimeter
;WIDTH:0.368625
G1 X99.704 Y105.154 E1.93571 ; perimeter
;WIDTH:0.402312
G1 X99.917 Y104.739 E1.9431 ; perimeter
;WIDTH:0.436692
G1 X100.042 Y104.551 E1.947 ; perimeter
;WIDTH:0.471072
G1 X100.168 Y104.363 E1.95123 ; perimeter
;WIDTH:0.505451
G1 X100.293 Y104.175 E1.95577 ; perimeter
G1 X100.368 Y104.016 E1.95931 ; perimeter
;WIDTH:0.460984
G1 X100.442 Y103.856 E1.96253 ; perimeter
;WIDTH:0.416516
G1 X100.516 Y103.696 E1.96543 ; perimeter
;WIDTH:0.372048
G1 X100.68 Y103.447 E1.96978 ; perimeter
;WIDTH:0.405845
G1 X100.737 Y103.409 E1.97087 ; perimeter
;WIDTH:0.454881
G1 X100.795 Y103.372 E1.97211 ; perimeter
;WIDTH:0.503917
G1 X100.853 Y103.334 E1.9735 ; perimeter
;WIDTH:0.552953
G1 X100.911 Y103.297 E1.97502 ; perimeter
;WIDTH:0.60199
G1 X100.968 Y103.259 E1.97667 ; perimeter
;WIDTH:0.651026
G1 X101.026 Y103.222 E1.97847 ; perimeter
G1 X101.016 Y103.289 E1.98024 ; perimeter
;WIDTH:0.60199
G1 X101.005 Y103.357 E1.9819 ; perimeter
;WIDTH:0.552953
G1 X100.994 Y103.424 E1.9834 ; perimeter
;WIDTH:0.503917
G1 X100.983 Y103.492 E1.98478 ; perimeter
;WIDTH:0.454881
G1 X100.973 Y103.559 E1.986 ; perimeter
;WIDTH:0.405845
G1 X100.962 Y103.627 E1.9871 ; perimeter
;WIDTH:0.365366
G1 X100.86 Y103.795 E1.98991 ; perimeter
;WIDTH:0.405101
G1 X100.856 Y103.81 E1.99016 ; perimeter
G1 E.94016 F2100 ; retract
;WIPE_START
G1 F5760
G1 X100.838 Y103.867 E.91946 ; wipe and retract
G1 X100.82 Y103.927 E.89776 ; wipe and retract
G1 X100.78 Y104.059 E.84999 ; wipe and retract
G1 X100.739 Y104.191 E.80212 ; wipe and retract
G1 X100.827 Y104.392 E.72612 ; wipe and retract
G1 X100.906 Y104.442 E.69374 ; wipe and retract
G1 X100.985 Y104.493 E.66117 ; wipe and retract
G1 X101.064 Y104.543 E.62879 ; wipe and retract
G1 X100.973 Y104.518 E.5961 ; wipe and retract
G1 X100.883 Y104.494 E.56384 ; wipe and retract
G1 X100.793 Y104.469 E.53149 ; wipe and retract
G1 X100.677 Y104.496 E.49016 ; wipe and retract
;WIPE_END
G92 E0 ; reset extrusion distance
G1 Z1.16 F600 ; move to first perimeter point
G1 X100.825 Y104.238 F7200 ; move to first perimeter point
G1 X100.788 Y104.217 ; move to first perimeter point
G1 X100.898 Y103.716 ; move to first perimeter point
G1 X101.217 Y103.272 ; move to first perimeter point
G1 X101.966 Y102.949 ; move to first perimeter point
G1 X102.129 Y103.051 ; move to first perimeter point
G1 X102.536 Y103.338 ; move to first perimeter point
G1 X103.206 Y104.223 ; move to first perimeter point
G1 X103.41 Y104.041 ; move to first perimeter point
G1 X103.334 Y103.956 ; move to first perimeter point
G1 Z.96 F600 ; move to first perimeter point
G1 E1.5 F1500 ;  ; unretract
;TYPE:External perimeter
;WIDTH:0.479102
G1 F720
G1 X103.193 Y104.201 E1.50538 ; perimeter
G1 X102.36 Y103.72 E1.52368 ; perimeter
G1 X102.54 Y103.517 E1.52884 ; perimeter
;WIDTH:0.515178
G1 X102.544 Y103.191 E1.53553 ; perimeter
G1 X102.879 Y103.501 E1.5449 ; perimeter
;WIDTH:0.479102
G1 X103.292 Y103.913 E1.556 ; perimeter
G1 X103.292 Y103.913 F7200 ; move to first perimeter point
G1 X103.275 Y102.622 ; move to first perimeter point
;WIDTH:0.52817
G1 F900
G1 X103.593 Y102.937 E1.56543 ; perimeter
G1 X103.593 Y102.937 F7200 ; move to first perimeter point
G1 X104.453 Y103.103 ; move to first perimeter point
;WIDTH:0.37133
G1 F720
G1 X104.059 Y103.33 E1.57204 ; perimeter
G1 X103.968 Y103.422 E1.57392 ; perimeter
G1 X103.913 Y103.367 E1.57505 ; perimeter
;WIDTH:0.41054
G1 X103.833 Y103.26 E1.57721 ; perimeter
;WIDTH:0.44975
G1 X103.753 Y103.152 E1.5796 ; perimeter
;WIDTH:0.48896
G1 X103.673 Y103.045 E1.5822 ; perimeter
;WIDTH:0.52817
G1 X103.593 Y102.937 E1.58503 ; perimeter
G1 X103.706 Y102.957 E1.58745 ; perimeter
;WIDTH:0.480211
G1 X103.818 Y102.977 E1.58962 ; perimeter
;WIDTH:0.432252
G1 X103.93 Y102.998 E1.59157 ; perimeter
;WIDTH:0.384292
G1 X104.394 Y103.091 E1.59871 ; perimeter
G1 X104.394 Y103.091 F7200 ; move to first perimeter point
G1 X105.975 Y102.98 ; move to first perimeter point
;WIDTH:0.470704
G1 F900
G1 X105.739 Y102.569 E1.60756 ; perimeter
G1 X105.739 Y102.569 F7200 ; move to first perimeter point
G1 X105.175 Y104.074 ; move to first perimeter point
;TYPE:Perimeter
;WIDTH:0.399999
G1 F720
G1 X106.056 Y103.566 E1.62356 ; perimeter
G1 X106.226 Y103.414 E1.62715 ; perimeter
G1 X106.443 Y103.342 E1.63075 ; perimeter
G1 X107.281 Y102.859 E1.64597 ; perimeter
G1 X107.558 Y103.895 E1.66285 ; perimeter
G1 X106.935 Y104.18 E1.67363 ; perimeter
G1 X106.371 Y104.514 E1.68395 ; perimeter
G1 X105.937 Y104.836 E1.69245 ; perimeter
G1 X105.218 Y104.117 E1.70845 ; perimeter
G1 X105.218 Y104.117 F7200 ; move to first perimeter point
G1 X104.559 Y103.993 ; move to first perimeter point
;TYPE:External perimeter
G1 F720
G1 X105.899 Y103.215 E1.73284 ; perimeter
;WIDTH:0.435352
G1 X105.937 Y103.097 E1.73497 ; perimeter
;WIDTH:0.470704
G1 X105.975 Y102.98 E1.73727 ; perimeter
G1 X106.079 Y103.009 E1.73929 ; perimeter
;WIDTH:0.435352
G1 X106.182 Y103.039 E1.74114 ; perimeter
;WIDTH:0.399999
G1 X106.254 Y103.015 E1.74233 ; perimeter
G1 X107.519 Y102.285 E1.76532 ; perimeter
G1 X107.993 Y104.027 E1.79373 ; perimeter
;WIDTH:0.394237
G1 X108.206 Y104.118 E1.79732 ; perimeter
;WIDTH:0.399999
G1 X107.62 Y104.275 E1.80687 ; perimeter
G1 X106.978 Y104.594 E1.81815 ; perimeter
G1 X106.547 Y104.851 E1.82605 ; perimeter
G1 X106.023 Y105.244 E1.83636 ; perimeter
G1 X105.804 Y105.505 E1.84172 ; perimeter
;WIDTH:0.393561
G1 X105.83 Y105.275 E1.8453 ; perimeter
;WIDTH:0.399999
G1 X104.601 Y104.036 E1.87276 ; perimeter
G1 X104.601 Y104.036 F7200 ; move to first perimeter point
G1 X105.983 Y104.181 ; move to first perimeter point
;TYPE:Perimeter
;WIDTH:0.64037
G1 F1500
G1 X106.487 Y103.866 E1.88805 ; perimeter
G1 X106.968 Y103.613 E1.90203 ; perimeter
G1 X106.968 Y103.613 F7200 ; move to first perimeter point
G1 X108.634 Y104.003 ; move to first perimeter point
;TYPE:External perimeter
;WIDTH:0.36146
G1 F900
G1 X108.206 Y104.118 E1.90829 ; perimeter
G1 E.40829 F2100 ; retract
G92 E0 ; reset extrusion distance
G1 X108.206 Y104.118 Z1.16 F7200 ; move to first perimeter point
G1 X110.757 Y102.791 ; move to first perimeter point
G1 Z.96 F600 ; move to first perimeter point
G1 E1.5 F1500 ;  ; unretract
;TYPE:Perimeter
;WIDTH:0.355287
G1 F720
G1 X110.674 Y103.1 E1.50444 ; perimeter
;WIDTH:0.403326
G1 X110.158 Y103.048 E1.51267 ; perimeter
;WIDTH:0.452077
G1 X110.073 Y103.024 E1.51425 ; perimeter
;WIDTH:0.500829
G1 X109.988 Y103 E1.51601 ; perimeter
;WIDTH:0.54958
G1 X109.902 Y102.976 E1.51797 ; perimeter
;WIDTH:0.598331
G1 X109.817 Y102.952 E1.52009 ; perimeter
;WIDTH:0.647082
G1 X109.732 Y102.928 E1.52239 ; perimeter
G1 X109.817 Y102.868 E1.5251 ; perimeter
;WIDTH:0.598331
G1 X109.903 Y102.808 E1.52761 ; perimeter
;WIDTH:0.54958
G1 X109.988 Y102.749 E1.52988 ; perimeter
;WIDTH:0.500829
G1 X110.073 Y102.689 E1.53195 ; perimeter
;WIDTH:0.452077
G1 X110.159 Y102.629 E1.53383 ; perimeter
;WIDTH:0.403326
G1 X110.249 Y102.685 E1.53551 ; perimeter
G1 X110.698 Y102.779 E1.54279 ; perimeter
G1 X110.698 Y102.779 F7200 ; move to first perimeter point
G1 X111.214 Y102.461 ; move to first perimeter point
;WIDTH:0.399999
G1 F720
G1 X110.936 Y103.497 E1.55967 ; perimeter
G1 X110.142 Y103.428 E1.57221 ; perimeter
G1 X109.634 Y103.44 E1.58021 ; perimeter
G1 X109.063 Y103.494 E1.58924 ; perimeter
G1 X108.779 Y102.433 E1.60653 ; perimeter
G1 X109.735 Y102.419 E1.62158 ; perimeter
G1 X109.983 Y102.29 E1.62598 ; perimeter
G1 X110.091 Y102.106 E1.62934 ; perimeter
G1 X110.414 Y102.343 E1.63564 ; perimeter
G1 X110.962 Y102.468 E1.64449 ; perimeter
G1 X111.154 Y102.463 E1.64751 ; perimeter
G1 X111.771 Y101.844 F7200 ; move to first perimeter point
;TYPE:External perimeter
G1 F720
G1 X111.389 Y103.271 E1.67076 ; perimeter
G1 X111.256 Y103.882 E1.6806 ; perimeter
;WIDTH:0.38281
G1 X111.387 Y104.009 E1.68334 ; perimeter
;WIDTH:0.394293
G1 X111.114 Y103.912 E1.68783 ; perimeter
;WIDTH:0.399999
G1 X110.551 Y103.825 E1.6968 ; perimeter
G1 X110.088 Y103.805 E1.70409 ; perimeter
G1 X109.491 Y103.827 E1.71349 ; perimeter
G1 X108.887 Y103.913 E1.72309 ; perimeter
;WIDTH:0.392188
G1 X108.634 Y104.003 E1.72723 ; perimeter
;WIDTH:0.380487
G1 X108.742 Y103.884 E1.72963 ; perimeter
;WIDTH:0.399999
G1 X108.646 Y103.4 E1.7374 ; perimeter
G1 X108.285 Y102.055 E1.75932 ; perimeter
G1 X109.606 Y102.055 E1.78011 ; perimeter
G1 X109.731 Y102.007 E1.78222 ; perimeter
G1 X109.795 Y101.866 E1.78466 ; perimeter
;WIDTH:0.445841
G1 X109.815 Y101.762 E1.78653 ; perimeter
;WIDTH:0.491682
G1 X109.836 Y101.658 E1.7886 ; perimeter
;WIDTH:0.537523
G1 X109.856 Y101.555 E1.79085 ; perimeter
;WIDTH:0.583365
G1 X109.877 Y101.451 E1.79333 ; perimeter
;WIDTH:0.629206
G1 X109.897 Y101.347 E1.79601 ; perimeter
G1 X109.956 Y101.413 E1.79825 ; perimeter
;WIDTH:0.583365
G1 X110.014 Y101.48 E1.80032 ; perimeter
;WIDTH:0.537523
G1 X110.072 Y101.546 E1.80221 ; perimeter
;WIDTH:0.491682
G1 X110.13 Y101.612 E1.80393 ; perimeter
;WIDTH:0.445841
G1 X110.188 Y101.678 E1.80548 ; perimeter
;WIDTH:0.399999
G1 X110.545 Y101.981 E1.81285 ; perimeter
G1 X111.034 Y102.097 E1.82076 ; perimeter
G1 X111.515 Y102.018 E1.82843 ; perimeter
G1 X111.722 Y101.878 E1.83236 ; perimeter
G1 E.33236 F2100 ; retract
G92 E0 ; reset extrusion distance
G1 X111.722 Y101.878 Z1.16 F7200 ; move to first perimeter point
G1 X109.732 Y102.928 ; move to first perimeter point
G1 Z.96 F600 ; move to first perimeter point
G1 E1.5 F1500 ;  ; unretract
;TYPE:Perimeter
;WIDTH:0.659624
G1 X109.441 Y102.942 E1.50773 ; perimeter
G1 E.45773 F2100 ; retract
;WIPE_START
G1 F5760
G1 X109.732 Y102.928 E.35682 ; wipe and retract
;WIPE_END
G1 E.00773 F2100 ; retract
G92 E0 ; reset extrusion distance
G1 Z1.16 F600 ; move to first perimeter point
G1 X109.97 Y103.434 F7200 ; move to first perimeter point
G1 X109.973 Y103.432 ; move to first perimeter point
G1 X110 Y103.432 ; move to first perimeter point
G1 X110.116 Y103.476 ; move to first perimeter point
G1 X110.142 Y103.486 ; move to first perimeter point
G1 X111.681 Y104.231 ; move to first perimeter point
G1 X111.771 Y104.256 ; move to first perimeter point
G1 X111.808 Y104.121 ; move to first perimeter point
G1 Z.96 F600 ; move to first perimeter point
G1 E1.5 F1500 ;  ; unretract
;TYPE:External perimeter
;WIDTH:0.36146
G1 F900
G1 X111.387 Y104.009 E1.50616 ; perimeter
G1 E.00616 F2100 ; retract
G92 E0 ; reset extrusion distance
G1 X111.387 Y104.009 Z1.16 F7200 ; move to first perimeter point
G1 X114.258 Y104.139 ; move to first perimeter point
G1 Z.96 F600 ; move to first perimeter point
G1 E1.5 F1500 ;  ; unretract
;TYPE:Perimeter
;WIDTH:0.352876
G1 F720
G1 X114.03 Y104.367 E1.50444 ; perimeter
;WIDTH:0.391149
G1 X113.644 Y104.088 E1.51176 ; perimeter
;WIDTH:0.440855
G1 X113.587 Y104.025 E1.51324 ; perimeter
;WIDTH:0.490562
G1 X113.529 Y103.961 E1.51492 ; perimeter
;WIDTH:0.540268
G1 X113.471 Y103.898 E1.51677 ; perimeter
;WIDTH:0.589974
G1 X113.413 Y103.834 E1.51881 ; perimeter
;WIDTH:0.63968
G1 X113.355 Y103.771 E1.52101 ; perimeter
G1 X113.451 Y103.766 E1.52348 ; perimeter
;WIDTH:0.589974
G1 X113.548 Y103.761 E1.52578 ; perimeter
;WIDTH:0.540268
G1 X113.644 Y103.755 E1.52785 ; perimeter
;WIDTH:0.490562
G1 X113.74 Y103.75 E1.52972 ; perimeter
;WIDTH:0.440855
G1 X113.836 Y103.745 E1.5314 ; perimeter
;WIDTH:0.391149
G1 X114.214 Y104.098 E1.53935 ; perimeter
G1 X114.214 Y104.098 F7200 ; move to first perimeter point
G1 X114.825 Y104.074 ; move to first perimeter point
;WIDTH:0.399999
G1 F720
G1 X114.063 Y104.836 E1.55631 ; perimeter
G1 X113.454 Y104.41 E1.56801 ; perimeter
G1 X113.015 Y104.154 E1.57601 ; perimeter
G1 X112.442 Y103.895 E1.58591 ; perimeter
G1 X112.725 Y102.836 E1.60316 ; perimeter
G1 X113.546 Y103.309 E1.61807 ; perimeter
G1 X113.832 Y103.372 E1.62268 ; perimeter
G1 X114.037 Y103.286 E1.62618 ; perimeter
G1 X114.182 Y103.589 E1.63147 ; perimeter
G1 X114.574 Y103.944 E1.63979 ; perimeter
G1 X114.772 Y104.046 E1.6433 ; perimeter
G1 X114.772 Y104.046 F7200 ; move to first perimeter point
G1 X115.633 Y103.802 ; move to first perimeter point
;TYPE:External perimeter
G1 F720
G1 X114.185 Y105.254 E1.67557 ; perimeter
;WIDTH:0.397152
G1 X114.196 Y105.505 E1.67949 ; perimeter
;WIDTH:0.399999
G1 X113.977 Y105.244 E1.68485 ; perimeter
G1 X113.436 Y104.839 E1.69549 ; perimeter
G1 X112.855 Y104.497 E1.7061 ; perimeter
G1 X112.363 Y104.268 E1.71464 ; perimeter
G1 X111.808 Y104.121 E1.72368 ; perimeter
;WIDTH:0.393029
G1 X112.006 Y104.026 E1.72707 ; perimeter
;WIDTH:0.399999
G1 X112.488 Y102.262 E1.75585 ; perimeter
G1 X113.488 Y102.84 E1.77403 ; perimeter
G1 X113.814 Y102.993 E1.7797 ; perimeter
G1 X113.969 Y102.899 E1.78255 ; perimeter
;WIDTH:0.436934
G1 X114.07 Y102.756 E1.78557 ; perimeter
;WIDTH:0.473869
G1 X114.17 Y102.613 E1.78885 ; perimeter
;WIDTH:0.510804
G1 X114.27 Y102.47 E1.7924 ; perimeter
G1 X114.28 Y102.604 E1.79513 ; perimeter
;WIDTH:0.473869
G1 X114.289 Y102.738 E1.79766 ; perimeter
;WIDTH:0.436934
G1 X114.299 Y102.873 E1.8 ; perimeter
;WIDTH:0.399999
G1 X114.457 Y103.314 E1.80737 ; perimeter
G1 X114.822 Y103.658 E1.81526 ; perimeter
G1 X115.278 Y103.83 E1.82293 ; perimeter
G1 X115.573 Y103.807 E1.82759 ; perimeter
G1 E.32759 F2100 ; retract
G92 E0 ; reset extrusion distance
G1 X115.573 Y103.807 Z1.16 F7200 ; move to first perimeter point
G1 X113.355 Y103.771 ; move to first perimeter point
G1 Z.96 F600 ; move to first perimeter point
G1 E1.5 F1500 ;  ; unretract
;TYPE:Perimeter
;WIDTH:0.658582
G1 X113.045 Y103.607 E1.50929 ; perimeter
G1 E.45929 F2100 ; retract
;WIPE_START
G1 F5760
G1 X113.355 Y103.771 E.33782 ; wipe and retract
;WIPE_END
G1 E.00929 F2100 ; retract
G92 E0 ; reset extrusion distance
G1 Z1.16 F600 ; move to first perimeter point
G1 X113.331 Y103.156 F7200 ; move to first perimeter point
G1 X112.608 Y102.1 ; move to first perimeter point
G1 X112.362 Y101.958 ; move to first perimeter point
G1 X112.38 Y101.889 ; move to first perimeter point
G1 X112.565 Y101.57 ; move to first perimeter point
G1 X113.134 Y101.436 ; move to first perimeter point
G1 X113.071 Y101.278 ; move to first perimeter point
G1 X112.866 Y101.36 ; move to first perimeter point
G1 Z.96 F600 ; move to first perimeter point
G1 E1.5 F1500 ;  ; unretract
;TYPE:External perimeter
;WIDTH:0.663518
G1 F900
G1 X112.869 Y101.259 E1.5027 ; perimeter
;WIDTH:0.617554
G1 X112.872 Y101.157 E1.50523 ; perimeter
;WIDTH:0.571589
G1 X112.876 Y101.056 E1.50754 ; perimeter
;WIDTH:0.525625
G1 X112.879 Y100.955 E1.50966 ; perimeter
;WIDTH:0.479661
G1 X112.882 Y100.853 E1.5116 ; perimeter
;WIDTH:0.433696
G1 X112.992 Y100.434 E1.51902 ; perimeter
G1 X112.992 Y100.434 F7200 ; move to first perimeter point
G1 X112.15 Y100.711 ; move to first perimeter point
;WIDTH:0.36146
G1 F900
G1 X112.043 Y101.248 E1.52676 ; perimeter
G1 X112.043 Y101.248 F7200 ; move to first perimeter point
G1 X112.063 Y99.307 ; move to first perimeter point
;TYPE:Perimeter
;WIDTH:0.437025
G1 F720
G1 X111.97 Y99.234 E1.5288 ; perimeter
;WIDTH:0.48094
G1 X111.878 Y99.16 E1.53106 ; perimeter
;WIDTH:0.524854
G1 X111.786 Y99.086 E1.53353 ; perimeter
;WIDTH:0.568768
G1 X111.694 Y99.012 E1.53622 ; perimeter
;WIDTH:0.612682
G1 X111.601 Y98.939 E1.53913 ; perimeter
;WIDTH:0.656596
G1 X111.509 Y98.865 E1.54225 ; perimeter
G1 X111.578 Y98.853 E1.5441 ; perimeter
;WIDTH:0.609358
G1 X111.647 Y98.841 E1.54581 ; perimeter
;WIDTH:0.562121
G1 X111.716 Y98.828 E1.54739 ; perimeter
;WIDTH:0.514883
G1 X111.784 Y98.816 E1.54881 ; perimeter
;WIDTH:0.467646
G1 X111.853 Y98.804 E1.55011 ; perimeter
;WIDTH:0.420408
G1 X111.922 Y98.792 E1.55127 ; perimeter
;WIDTH:0.393111
G1 X112.189 Y98.836 E1.55545 ; perimeter
G1 X112.078 Y99.249 E1.56206 ; perimeter
G1 X112.078 Y99.249 F7200 ; move to first perimeter point
G1 X112.859 Y98.473 ; move to first perimeter point
;TYPE:External perimeter
;WIDTH:0.36146
G1 F900
G1 X113.277 Y98.585 E1.56818 ; perimeter
G1 E.51818 F2100 ; retract
;WIPE_START
G1 F5760
G1 X112.859 Y98.473 E.3683 ; wipe and retract
;WIPE_END
G1 E.06818 F2100 ; retract
G92 E0 ; reset extrusion distance
G1 Z1.16 F600 ; move to first perimeter point
G1 X112.878 Y98.399 F7200 ; move to first perimeter point
G1 X111.496 Y98.684 ; move to first perimeter point
G1 X111.304 Y98.683 ; move to first perimeter point
G1 X111.057 Y98.655 ; move to first perimeter point
G1 X111.018 Y98.653 ; move to first perimeter point
G1 X111.01 Y98.799 ; move to first perimeter point
G1 Z.96 F600 ; move to first perimeter point
G1 E1.5 F1500 ;  ; unretract
;TYPE:Perimeter
;WIDTH:0.650388
G1 F720
G1 X110.881 Y98.847 E1.5036 ; perimeter
;WIDTH:0.600637
G1 X110.753 Y98.895 E1.50689 ; perimeter
;WIDTH:0.550886
G1 X110.28 Y99.079 E1.51806 ; perimeter
;WIDTH:0.504993
G1 X110.067 Y99.245 E1.52349 ; perimeter
G1 X109.957 Y99.124 E1.52678 ; perimeter
G1 X109.848 Y99.096 E1.52904 ; perimeter
;WIDTH:0.473373
G1 X109.739 Y99.068 E1.53115 ; perimeter
;WIDTH:0.441753
G1 X109.382 Y99.026 E1.53743 ; perimeter
;WIDTH:0.400056
G1 X109.025 Y98.984 E1.54309 ; perimeter
;WIDTH:0.358358
G1 X108.43 Y99.005 E1.55143 ; perimeter
;WIDTH:0.3501
G1 X108.283 Y99.055 E1.55355 ; perimeter
;WIDTH:0.376246
G1 X108.136 Y99.105 E1.55584 ; perimeter
G1 X107.97 Y99.462 E1.56165 ; perimeter
G1 X107.8 Y98.828 E1.57133 ; perimeter
G1 X108.475 Y98.696 E1.58148 ; perimeter
;WIDTH:0.372357
G1 X109.209 Y98.642 E1.59222 ; perimeter
;WIDTH:0.407055
G1 X109.494 Y98.647 E1.59679 ; perimeter
;WIDTH:0.441753
G1 X109.778 Y98.652 E1.60175 ; perimeter
;WIDTH:0.473373
G1 X110.151 Y98.673 E1.60877 ; perimeter
;WIDTH:0.504993
G1 X110.523 Y98.695 E1.61626 ; perimeter
;WIDTH:0.553458
G1 X110.685 Y98.729 E1.61992 ; perimeter
;WIDTH:0.601923
G1 X110.848 Y98.764 E1.62394 ; perimeter
;WIDTH:0.650388
G1 X110.951 Y98.786 E1.62669 ; perimeter
G1 E.57669 F2100 ; retract
;WIPE_START
G1 F5760
G1 X111.01 Y98.799 E.55576 ; wipe and retract
G1 X110.881 Y98.847 E.50809 ; wipe and retract
G1 X110.753 Y98.895 E.46074 ; wipe and retract
G1 X110.28 Y99.079 E.28496 ; wipe and retract
G1 X110.067 Y99.245 E.19143 ; wipe and retract
G1 X109.957 Y99.124 E.13479 ; wipe and retract
G1 X109.934 Y99.118 E.12669 ; wipe and retract
;WIPE_END
G92 E0 ; reset extrusion distance
G1 Z1.16 F600 ; move to first perimeter point
G1 X109.747 Y99.4 F7200 ; move to first perimeter point
G1 X109.842 Y99.464 ; move to first perimeter point
G1 X109.76 Y100.245 ; move to first perimeter point
G1 X109.476 Y100.235 ; move to first perimeter point
G1 X109.473 Y100.287 ; move to first perimeter point
G1 X109.338 Y100.279 ; move to first perimeter point
G1 Z.96 F600 ; move to first perimeter point
G1 E1.5 F1500 ;  ; unretract
;TYPE:External perimeter
;WIDTH:0.540698
G1 F720
G1 X109.567 Y100.327 E1.50505 ; perimeter
;WIDTH:0.585986
G1 X109.89 Y100.154 E1.51365 ; perimeter
G1 X109.851 Y100.732 E1.52725 ; perimeter
;WIDTH:0.573981
G1 X109.854 Y100.905 E1.53122 ; perimeter
;WIDTH:0.610115
G1 X109.857 Y101.078 E1.53545 ; perimeter
;WIDTH:0.64625
G1 X109.86 Y101.251 E1.53994 ; perimeter
G1 X109.733 Y101.21 E1.54341 ; perimeter
;WIDTH:0.596412
G1 X109.606 Y101.17 E1.54659 ; perimeter
;WIDTH:0.546573
G1 X109.341 Y101.17 E1.55238 ; perimeter
G1 X109.339 Y100.339 E1.57052 ; perimeter
G1 E.52052 F2100 ; retract
;WIPE_START
G1 F5760
G1 X109.338 Y100.279 E.49974 ; wipe and retract
G1 X109.567 Y100.327 E.4187 ; wipe and retract
G1 X109.89 Y100.154 E.29179 ; wipe and retract
G1 X109.851 Y100.732 E.09114 ; wipe and retract
G1 X109.852 Y100.791 E.07052 ; wipe and retract
;WIPE_END
G92 E0 ; reset extrusion distance
G1 Z1.16 F600 ; move to first perimeter point
G1 X109.457 Y100.811 F7200 ; move to first perimeter point
G1 X109.768 Y101.27 ; move to first perimeter point
G1 X109.858 Y102.118 ; move to first perimeter point
G1 X108.575 Y103.87 ; move to first perimeter point
G1 X108.169 Y103.979 ; move to first perimeter point
G1 X107.621 Y103.356 ; move to first perimeter point
G1 X107.566 Y103.077 ; move to first perimeter point
G1 X107.671 Y102.083 ; move to first perimeter point
G1 X107.409 Y101.678 ; move to first perimeter point
G1 X106.991 Y101.6 ; move to first perimeter point
G1 Z.96 F600 ; move to first perimeter point
G1 E1.5 F1500 ;  ; unretract
;WIDTH:0.488953
G1 F720
G1 X106.516 Y100.777 E1.51847 ; perimeter
G1 X106.768 Y100.693 E1.52363 ; perimeter
;WIDTH:0.515213
G1 X106.861 Y100.571 E1.52678 ; perimeter
;WIDTH:0.541472
G1 X106.953 Y100.448 E1.5301 ; perimeter
G1 X107.02 Y100.648 E1.53466 ; perimeter
;WIDTH:0.515213
G1 X107.087 Y100.847 E1.53897 ; perimeter
;WIDTH:0.488953
G1 X107.248 Y101.447 E1.55104 ; perimeter
G1 X107.043 Y101.569 E1.55568 ; perimeter
G1 E.50568 F2100 ; retract
;WIPE_START
G1 F5760
G1 X106.991 Y101.6 E.48471 ; wipe and retract
G1 X106.516 Y100.777 E.15559 ; wipe and retract
G1 X106.768 Y100.693 E.06359 ; wipe and retract
G1 X106.782 Y100.675 E.05568 ; wipe and retract
;WIPE_END
G92 E0 ; reset extrusion distance
G1 Z1.16 F600 ; move to first perimeter point
G1 X106.744 Y100.602 F7200 ; move to first perimeter point
G1 X106.868 Y100.537 ; move to first perimeter point
G1 X106.653 Y100.074 ; move to first perimeter point
G1 X106.559 Y99.895 ; move to first perimeter point
G1 X105.736 Y99.799 ; move to first perimeter point
G1 X105.245 Y100.04 ; move to first perimeter point
G1 X103.591 Y100.944 ; move to first perimeter point
G1 X103.338 Y101.224 ; move to first perimeter point
G1 X103.268 Y101.34 ; move to first perimeter point
G1 X103.187 Y101.698 ; move to first perimeter point
G1 X103.145 Y101.799 ; move to first perimeter point
G1 X102.873 Y101.769 ; move to first perimeter point
G1 Z.96 F600 ; move to first perimeter point
G1 E1.5 F1500 ;  ; unretract
;TYPE:Perimeter
;WIDTH:0.404983
G1 F720
G1 X102.535 Y101.431 E1.50762 ; perimeter
G1 X102.689 Y101.289 E1.51096 ; perimeter
;WIDTH:0.40394
G1 X102.877 Y101.121 E1.51497 ; perimeter
;WIDTH:0.375611
G1 X103.065 Y100.953 E1.51868 ; perimeter
;WIDTH:0.349688
G1 X103.498 Y100.642 E1.52595 ; perimeter
;WIDTH:0.393991
G1 X103.94 Y100.374 E1.53396 ; perimeter
;WIDTH:0.442904
G1 X104.235 Y100.23 E1.53971 ; perimeter
;WIDTH:0.491816
G1 X104.53 Y100.086 E1.54613 ; perimeter
G1 X104.689 Y99.982 E1.54985 ; perimeter
;WIDTH:0.452124
G1 X104.849 Y99.878 E1.55327 ; perimeter
;WIDTH:0.412431
G1 X105.009 Y99.774 E1.55637 ; perimeter
;WIDTH:0.372738
G1 X105.673 Y99.454 E1.56713 ; perimeter
;WIDTH:0.35492
G1 X106.329 Y99.22 E1.57679 ; perimeter
G1 X106.439 Y99.632 E1.5827 ; perimeter
G1 X106.267 Y99.597 E1.58513 ; perimeter
G1 X105.679 Y99.807 E1.59379 ; perimeter
;WIDTH:0.376868
G1 X105.13 Y100.109 E1.60305 ; perimeter
;WIDTH:0.415184
G1 X105.042 Y100.195 E1.60506 ; perimeter
;WIDTH:0.4535
G1 X104.955 Y100.281 E1.60726 ; perimeter
;WIDTH:0.491816
G1 X104.868 Y100.367 E1.60965 ; perimeter
G1 X104.832 Y100.552 E1.61334 ; perimeter
G1 X104.646 Y100.526 E1.61701 ; perimeter
G1 X104.487 Y100.57 E1.62024 ; perimeter
;WIDTH:0.449288
G1 X104.166 Y100.7 E1.6264 ; perimeter
;WIDTH:0.409083
G1 X103.844 Y100.83 E1.632 ; perimeter
;WIDTH:0.368878
G1 X103.309 Y101.177 E1.64121 ; perimeter
;WIDTH:0.375971
G1 X103.143 Y101.356 E1.64481 ; perimeter
;WIDTH:0.40394
G1 X102.977 Y101.536 E1.6487 ; perimeter
;WIDTH:0.404983
G1 X102.898 Y101.714 E1.65181 ; perimeter
G1 E.60181 F2100 ; retract
;WIPE_START
G1 F5760
G1 X102.873 Y101.769 E.58088 ; wipe and retract
G1 X102.535 Y101.431 E.41532 ; wipe and retract
G1 X102.689 Y101.289 E.34277 ; wipe and retract
G1 X102.877 Y101.121 E.25544 ; wipe and retract
G1 X103.065 Y100.953 E.16811 ; wipe and retract
G1 X103.103 Y100.926 E.15181 ; wipe and retract
;WIPE_END
G92 E0 ; reset extrusion distance
G1 Z1.16 F600 ; move to first perimeter point
G1 X103.105 Y100.933 F7200 ; move to first perimeter point
G1 X103.12 Y100.929 ; move to first perimeter point
G1 X105.474 Y99.554 ; move to first perimeter point
G1 X105.637 Y99.452 ; move to first perimeter point
G1 X106.655 Y98.524 ; move to first perimeter point
G1 X106.691 Y98.514 ; move to first perimeter point
G1 X106.712 Y98.589 ; move to first perimeter point
G1 Z.96 F600 ; move to first perimeter point
G1 E1.5 F1500 ;  ; unretract
;TYPE:External perimeter
;WIDTH:0.36146
G1 F900
G1 X107.133 Y98.476 E1.50616 ; perimeter
G1 E.45616 F2100 ; retract
;WIPE_START
G1 F5760
G1 X106.712 Y98.589 E.30518 ; wipe and retract
;WIPE_END
G1 E.00616 F2100 ; retract
G92 E0 ; reset extrusion distance
G1 Z1.16 F600 ; move to first perimeter point
G1 X106.753 Y98.654 F7200 ; move to first perimeter point
G1 X103.591 Y100.944 ; move to first perimeter point
G1 X103.338 Y101.224 ; move to first perimeter point
G1 X103.268 Y101.34 ; move to first perimeter point
G1 X103.145 Y101.799 ; move to first perimeter point
G1 X103.199 Y102.2 ; move to first perimeter point
G1 X103.377 Y102.521 ; move to first perimeter point
G1 X103.384 Y102.528 ; move to first perimeter point
G1 X103.275 Y102.622 ; move to first perimeter point
G1 Z.96 F600 ; move to first perimeter point
G1 E1.5 F1500 ;  ; unretract
;WIDTH:0.523328
G1 F720
G1 X103.13 Y102.506 E1.50387 ; perimeter
;WIDTH:0.482219
G1 X102.984 Y102.389 E1.50745 ; perimeter
;WIDTH:0.441109
G1 X102.839 Y102.273 E1.51069 ; perimeter
;WIDTH:0.399999
G1 X102.408 Y101.842 E1.52028 ; perimeter
G1 X101.87 Y101.427 E1.53097 ; perimeter
;WIDTH:0.37399
G1 X101.756 Y101.454 E1.53269 ; perimeter
G1 X101.871 Y101.406 E1.53452 ; perimeter
;WIDTH:0.399999
G1 X103.293 Y100.354 E1.56236 ; perimeter
G1 X103.738 Y100.057 E1.57078 ; perimeter
G1 X104.321 Y99.716 E1.58141 ; perimeter
G1 X104.855 Y99.443 E1.59085 ; perimeter
G1 X105.553 Y99.123 E1.60293 ; perimeter
G1 X106.461 Y98.783 E1.61819 ; perimeter
;WIDTH:0.397266
G1 X106.712 Y98.589 E1.62315 ; perimeter
;WIDTH:0.373786
G1 X106.639 Y98.673 E1.62478 ; perimeter
;WIDTH:0.397266
G1 X106.61 Y98.861 E1.62775 ; perimeter
;WIDTH:0.399999
G1 X106.882 Y99.908 E1.64477 ; perimeter
;WIDTH:0.448836
G1 X106.895 Y100.052 E1.64734 ; perimeter
;WIDTH:0.497673
G1 X106.908 Y100.196 E1.6502 ; perimeter
;WIDTH:0.54651
G1 X106.922 Y100.34 E1.65336 ; perimeter
G1 X106.829 Y100.229 E1.65652 ; perimeter
;WIDTH:0.497673
G1 X106.737 Y100.117 E1.65939 ; perimeter
;WIDTH:0.448836
G1 X106.644 Y100.006 E1.66196 ; perimeter
;WIDTH:0.399999
G1 X106.379 Y99.935 E1.66628 ; perimeter
G1 X105.855 Y100.112 E1.67498 ; perimeter
G1 X105.299 Y100.449 E1.68521 ; perimeter
;WIDTH:0.438927
G1 X105.277 Y100.529 E1.68665 ; perimeter
;WIDTH:0.477854
G1 X105.255 Y100.609 E1.68822 ; perimeter
;WIDTH:0.516781
G1 X105.234 Y100.689 E1.68992 ; perimeter
G1 X105.285 Y100.772 E1.69193 ; perimeter
;WIDTH:0.515662
G1 X105.593 Y101.309 E1.70465 ; perimeter
G1 X105.696 Y101.45 E1.70824 ; perimeter
;WIDTH:0.477108
G1 X105.799 Y101.59 E1.71153 ; perimeter
;WIDTH:0.438554
G1 X105.903 Y101.731 E1.71457 ; perimeter
;WIDTH:0.399999
G1 X106.14 Y102.143 E1.72205 ; perimeter
;WIDTH:0.423889
G1 X105.758 Y102.396 E1.72972 ; perimeter
;WIDTH:0.469912
G1 X105.739 Y102.569 E1.73296 ; perimeter
G1 X105.586 Y102.485 E1.73621 ; perimeter
;WIDTH:0.423889
G1 X105.385 Y102.454 E1.73961 ; perimeter
;WIDTH:0.399999
G1 X104.434 Y102.254 E1.7549 ; perimeter
G1 X104.256 Y102.171 E1.75799 ; perimeter
G1 X104.199 Y102.01 E1.76068 ; perimeter
G1 X104.407 Y101.85 E1.76481 ; perimeter
G1 X104.936 Y101.79 E1.77319 ; perimeter
G1 X105.072 Y101.706 E1.77571 ; perimeter
;WIDTH:0.438554
G1 X105.097 Y101.643 E1.77689 ; perimeter
;WIDTH:0.477108
G1 X105.122 Y101.58 E1.77817 ; perimeter
;WIDTH:0.515662
G1 X105.146 Y101.517 E1.77956 ; perimeter
G1 X105.127 Y101.48 E1.78041 ; perimeter
;WIDTH:0.516781
G1 X104.833 Y100.977 E1.79241 ; perimeter
G1 X104.79 Y100.971 E1.7933 ; perimeter
;WIDTH:0.477854
G1 X104.747 Y100.965 E1.79412 ; perimeter
;WIDTH:0.438927
G1 X104.704 Y100.96 E1.79487 ; perimeter
;WIDTH:0.399999
G1 X104.363 Y101.023 E1.80033 ; perimeter
G1 X103.81 Y101.245 E1.80971 ; perimeter
G1 X103.522 Y101.458 E1.81535 ; perimeter
G1 X103.26 Y101.799 E1.82212 ; perimeter
G1 X103.189 Y102.157 E1.82786 ; perimeter
;WIDTH:0.441109
G1 X103.218 Y102.312 E1.83061 ; perimeter
;WIDTH:0.482219
G1 X103.246 Y102.467 E1.83363 ; perimeter
;WIDTH:0.523328
G1 X103.264 Y102.563 E1.83567 ; perimeter
G1 E.78567 F2100 ; retract
;WIPE_START
G1 F5760
G1 X103.275 Y102.622 E.76488 ; wipe and retract
G1 X103.13 Y102.506 E.70057 ; wipe and retract
G1 X102.984 Y102.389 E.63577 ; wipe and retract
G1 X102.839 Y102.273 E.57146 ; wipe and retract
G1 X102.408 Y101.842 E.36035 ; wipe and retract
G1 X102.352 Y101.798 E.33567 ; wipe and retract
;WIPE_END
G92 E0 ; reset extrusion distance
G1 Z1.16 F600 ; move to first perimeter point
G1 X102.363 Y101.766 F7200 ; move to first perimeter point
G1 X103.591 Y100.944 ; move to first perimeter point
G1 X103.826 Y100.822 ; move to first perimeter point
G1 X103.874 Y100.803 ; move to first perimeter point
G1 X104.055 Y100.739 ; move to first perimeter point
G1 X104.106 Y100.737 ; move to first perimeter point
G1 X104.819 Y100.739 ; move to first perimeter point
G1 X104.987 Y101.031 ; move to first perimeter point
G1 X105.515 Y101.946 ; move to first perimeter point
G1 X105.555 Y101.975 ; move to first perimeter point
G1 Z.96 F600 ; move to first perimeter point
G1 E1.5 F1500 ;  ; unretract
;TYPE:Perimeter
;WIDTH:0.6196
G1 X105.517 Y102.04 E1.50187 ; perimeter
G1 X105.443 Y102.04 E1.50371 ; perimeter
G1 X105.405 Y101.975 E1.50558 ; perimeter
G1 X105.443 Y101.91 E1.50745 ; perimeter
G1 X105.517 Y101.91 E1.50929 ; perimeter
G1 E.45929 F2100 ; retract
;WIPE_START
G1 F5760
G1 X105.443 Y101.91 E.43366 ; wipe and retract
G1 X105.405 Y101.975 E.40758 ; wipe and retract
G1 X105.443 Y102.04 E.3815 ; wipe and retract
G1 X105.517 Y102.04 E.35587 ; wipe and retract
G1 X105.555 Y101.975 E.32979 ; wipe and retract
;WIPE_END
G1 E.00929 F2100 ; retract
G92 E0 ; reset extrusion distance
G1 Z1.16 F600 ; move to first perimeter point
G1 X105.515 Y101.946 F7200 ; move to first perimeter point
G1 X105.884 Y103.104 ; move to first perimeter point
G1 X105.654 Y103.377 ; move to first perimeter point
G1 X105.901 Y105.604 ; move to first perimeter point
G1 X105.804 Y105.505 ; move to first perimeter point
G1 Z.96 F600 ; move to first perimeter point
G1 E1.5 F1500 ;  ; unretract
;TYPE:External perimeter
;WIDTH:0.36146
G1 F900
G1 X105.505 Y105.804 E1.50598 ; perimeter
G1 E.45598 F2100 ; retract
;WIPE_START
G1 F5760
G1 X105.804 Y105.505 E.30952 ; wipe and retract
;WIPE_END
G1 E.00598 F2100 ; retract
G92 E0 ; reset extrusion distance
G1 Z1.16 F600 ; move to first perimeter point
G1 X105.701 Y105.404 F7200 ; move to first perimeter point
G1 X105.404 Y105.701 ; move to first perimeter point
G1 X104.618 Y105.436 ; move to first perimeter point
G1 X104.423 Y105.229 ; move to first perimeter point
G1 X104.025 Y104.308 ; move to first perimeter point
G1 X102.893 Y103.46 ; move to first perimeter point
G1 X101.849 Y102.524 ; move to first perimeter point
G1 X101.515 Y101.798 ; move to first perimeter point
G1 X101.446 Y101.762 ; move to first perimeter point
G1 Z.96 F600 ; move to first perimeter point
G1 E1.5 F1500 ;  ; unretract
G1 F900
G1 X101.756 Y101.454 E1.50618 ; perimeter
G1 E.45618 F2100 ; retract
;WIPE_START
G1 F5760
G1 X101.446 Y101.762 E.30483 ; wipe and retract
;WIPE_END
G1 E.00618 F2100 ; retract
G92 E0 ; reset extrusion distance
G1 Z1.16 F600 ; move to first perimeter point
G1 X101.391 Y101.708 F7200 ; move to first perimeter point
G1 X100.948 Y103.046 ; move to first perimeter point
G1 X100.856 Y103.216 ; move to first perimeter point
G1 X100.674 Y103.47 ; move to first perimeter point
G1 X100.597 Y103.581 ; move to first perimeter point
G1 X101.173 Y103.975 ; move to first perimeter point
G1 Z.96 F600 ; move to first perimeter point
G1 E1.5 F1500 ;  ; unretract
;WIDTH:0.399999
G1 F720
G1 X101.152 Y104.107 E1.5021 ; perimeter
G1 X101.243 Y104.234 E1.50456 ; perimeter
G1 X102.725 Y105.09 E1.53149 ; perimeter
G1 X102.532 Y105.453 E1.53796 ; perimeter
;WIDTH:0.447488
G1 X102.544 Y105.52 E1.53917 ; perimeter
;WIDTH:0.494977
G1 X102.555 Y105.588 E1.54053 ; perimeter
;WIDTH:0.542465
G1 X102.567 Y105.655 E1.542 ; perimeter
;WIDTH:0.589954
G1 X102.578 Y105.723 E1.54363 ; perimeter
G1 X102.514 Y105.747 E1.54525 ; perimeter
;WIDTH:0.542465
G1 X102.45 Y105.771 E1.54673 ; perimeter
;WIDTH:0.494977
G1 X102.386 Y105.795 E1.54808 ; perimeter
;WIDTH:0.447488
G1 X102.321 Y105.818 E1.5493 ; perimeter
;WIDTH:0.399999
G1 X102.103 Y106.167 E1.55578 ; perimeter
G1 X101.194 Y105.642 E1.5723 ; perimeter
G1 X101.446 Y105.332 E1.57859 ; perimeter
G1 X101.387 Y105.132 E1.58187 ; perimeter
G1 X100.989 Y104.899 E1.58913 ; perimeter
G1 X100.863 Y104.877 E1.59114 ; perimeter
G1 X100.753 Y104.937 E1.59311 ; perimeter
G1 X100.359 Y105.386 E1.60251 ; perimeter
G1 X100.069 Y105.887 E1.61162 ; perimeter
G1 X100.05 Y106.029 E1.61387 ; perimeter
G1 X100.139 Y106.146 E1.61618 ; perimeter
G1 X101.621 Y107.002 E1.64311 ; perimeter
G1 X101.451 Y107.293 E1.64841 ; perimeter
G1 X99.347 Y106.731 E1.68268 ; perimeter
G1 X98.674 Y106.635 E1.69338 ; perimeter
;WIDTH:0.375129
G1 X98.585 Y106.723 E1.69522 ; perimeter
G1 X98.662 Y106.612 E1.69721 ; perimeter
;WIDTH:0.399999
G1 X98.961 Y105.965 E1.70843 ; perimeter
G1 X99.178 Y105.423 E1.71762 ; perimeter
G1 X99.586 Y104.553 E1.73274 ; perimeter
G1 X99.962 Y103.887 E1.74478 ; perimeter
G1 X100.529 Y103.041 E1.76081 ; perimeter
G1 X101.327 Y102.056 E1.78076 ; perimeter
;WIDTH:0.397456
G1 X101.446 Y101.762 E1.78572 ; perimeter
;WIDTH:0.373841
G1 X101.426 Y101.871 E1.78734 ; perimeter
;WIDTH:0.397456
G1 X101.495 Y102.049 E1.79032 ; perimeter
;WIDTH:0.399999
G1 X102.236 Y102.802 E1.80695 ; perimeter
;WIDTH:0.437444
G1 X102.323 Y102.916 E1.80943 ; perimeter
;WIDTH:0.474889
G1 X102.411 Y103.03 E1.81214 ; perimeter
;WIDTH:0.512334
G1 X102.499 Y103.144 E1.81508 ; perimeter
G1 X102.364 Y103.092 E1.81803 ; perimeter
;WIDTH:0.474889
G1 X102.228 Y103.04 E1.82077 ; perimeter
;WIDTH:0.437444
G1 X102.093 Y102.987 E1.82328 ; perimeter
;WIDTH:0.399999
G1 X101.857 Y103.025 E1.82704 ; perimeter
G1 X101.463 Y103.474 E1.83644 ; perimeter
G1 X101.203 Y103.923 E1.84461 ; perimeter
G1 X101.203 Y103.923 F7200 ; move to first perimeter point
G1 X101.026 Y103.222 ; move to first perimeter point
;TYPE:Perimeter
;WIDTH:0.668368
G1 F1500
G1 X101.436 Y102.727 E1.8619 ; perimeter
G1 X101.436 Y102.727 F7200 ; move to first perimeter point
G1 X101.064 Y104.543 ; move to first perimeter point
;WIDTH:0.357914
G1 F1500
G1 X101.165 Y104.595 E1.86349 ; perimeter
;WIDTH:0.354186
G1 X101.615 Y104.859 E1.87071 ; perimeter
G1 E.82071 F2100 ; retract
;WIPE_START
G1 F5760
G1 X101.165 Y104.595 E.64001 ; wipe and retract
G1 X101.064 Y104.543 E.60066 ; wipe and retract
;WIPE_END
G1 E.37071 F2100 ; retract
G92 E0 ; reset extrusion distance
G1 Z1.16 F600 ; move to first perimeter point
G1 X100.996 Y104.661 F7200 ; move to first perimeter point
G1 X100.813 Y104.555 ; move to first perimeter point
G1 X100.156 Y105.054 ; move to first perimeter point
G1 X100.069 Y105.152 ; move to first perimeter point
G1 X98.654 Y106.753 ; move to first perimeter point
G1 X98.55 Y107.139 ; move to first perimeter point
G1 X99.207 Y107.586 ; move to first perimeter point
G1 X100.15 Y107.673 ; move to first perimeter point
G1 X100.191 Y107.693 ; move to first perimeter point
G1 X100.132 Y107.813 ; move to first perimeter point
G1 Z.96 F600 ; move to first perimeter point
G1 E1.5 F1500 ;  ; unretract
;TYPE:External perimeter
;WIDTH:0.483536
G1 F720
G1 X100.556 Y107.917 E1.50839 ; perimeter
;WIDTH:0.465237
G1 X101.21 Y108.093 E1.52089 ; perimeter
G1 X101.21 Y108.355 E1.52572 ; perimeter
G1 X100.233 Y108.355 E1.54375 ; perimeter
G1 X100.288 Y108.089 E1.54876 ; perimeter
;WIDTH:0.483536
G1 X100.162 Y107.865 E1.5537 ; perimeter
G1 E.5037 F2100 ; retract
;WIPE_START
G1 F5760
G1 X100.132 Y107.813 E.48291 ; wipe and retract
G1 X100.556 Y107.917 E.3317 ; wipe and retract
G1 X101.21 Y108.093 E.09713 ; wipe and retract
G1 X101.21 Y108.219 E.0537 ; wipe and retract
;WIPE_END
G92 E0 ; reset extrusion distance
G1 Z1.16 F600 ; move to first perimeter point
G1 X101.19 Y108.372 F7200 ; move to first perimeter point
G1 X101.443 Y108.061 ; move to first perimeter point
G1 X101.855 Y108.061 ; move to first perimeter point
G1 X102.375 Y109.395 ; move to first perimeter point
G1 X102.049 Y109.873 ; move to first perimeter point
G1 X101.34 Y109.782 ; move to first perimeter point
G1 X100.601 Y109.464 ; move to first perimeter point
G1 X99.534 Y109.954 ; move to first perimeter point
G1 X99.167 Y110.212 ; move to first perimeter point
G1 X99.046 Y110.355 ; move to first perimeter point
G1 X98.953 Y110.84 ; move to first perimeter point
G1 X98.929 Y111.002 ; move to first perimeter point
G1 X99.095 Y111.443 ; move to first perimeter point
G1 X99.177 Y111.588 ; move to first perimeter point
G1 X99.499 Y111.794 ; move to first perimeter point
G1 X99.337 Y112.045 ; move to first perimeter point
G1 Z.96 F600 ; move to first perimeter point
G1 E1.5 F1500 ;  ; unretract
;TYPE:Perimeter
;WIDTH:0.410824
G1 F720
G1 X98.843 Y112.178 E1.50828 ; perimeter
G1 X98.78 Y111.873 E1.51332 ; perimeter
;WIDTH:0.37856
G1 X98.717 Y111.568 E1.51794 ; perimeter
;WIDTH:0.346295
G1 X98.646 Y111.066 E1.52479 ; perimeter
;WIDTH:0.366392
G1 X98.641 Y110.759 E1.52919 ; perimeter
;WIDTH:0.400109
G1 X98.635 Y110.453 E1.53401 ; perimeter
;WIDTH:0.438297
G1 X98.653 Y110.308 E1.53654 ; perimeter
;WIDTH:0.476485
G1 X98.67 Y110.163 E1.5393 ; perimeter
;WIDTH:0.514673
G1 X98.687 Y110.018 E1.54229 ; perimeter
;WIDTH:0.552861
G1 X98.705 Y109.873 E1.54552 ; perimeter
G1 X98.685 Y109.753 E1.54821 ; perimeter
;WIDTH:0.507678
G1 X98.665 Y109.633 E1.55067 ; perimeter
;WIDTH:0.462494
G1 X98.645 Y109.513 E1.5529 ; perimeter
;WIDTH:0.41731
G1 X98.648 Y109.26 E1.55706 ; perimeter
;WIDTH:0.386362
G1 X98.652 Y109.008 E1.56088 ; perimeter
;WIDTH:0.403956
G1 X98.683 Y108.943 E1.56203 ; perimeter
;WIDTH:0.452498
G1 X98.715 Y108.879 E1.56331 ; perimeter
;WIDTH:0.501041
G1 X98.746 Y108.815 E1.56473 ; perimeter
;WIDTH:0.549583
G1 X98.777 Y108.75 E1.56631 ; perimeter
;WIDTH:0.598126
G1 X98.808 Y108.686 E1.56801 ; perimeter
;WIDTH:0.646668
G1 X98.84 Y108.621 E1.56989 ; perimeter
G1 X98.864 Y108.688 E1.57174 ; perimeter
;WIDTH:0.598126
G1 X98.888 Y108.754 E1.57342 ; perimeter
;WIDTH:0.549583
G1 X98.913 Y108.821 E1.57499 ; perimeter
;WIDTH:0.501041
G1 X98.937 Y108.888 E1.57641 ; perimeter
;WIDTH:0.452498
G1 X98.961 Y108.954 E1.57767 ; perimeter
;WIDTH:0.403956
G1 X98.985 Y109.021 E1.5788 ; perimeter
;WIDTH:0.386362
G1 X99.002 Y109.224 E1.58189 ; perimeter
;WIDTH:0.41731
G1 X99.018 Y109.426 E1.58522 ; perimeter
;WIDTH:0.462494
G1 X99.057 Y109.508 E1.58688 ; perimeter
;WIDTH:0.507678
G1 X99.095 Y109.589 E1.58869 ; perimeter
;WIDTH:0.552861
G1 X99.134 Y109.67 E1.59068 ; perimeter
G1 X99.262 Y109.748 E1.59399 ; perimeter
G1 X99.427 Y109.784 E1.59772 ; perimeter
G1 X99.297 Y109.892 E1.60145 ; perimeter
G1 X99.121 Y110.151 E1.60837 ; perimeter
;WIDTH:0.512454
G1 X99.084 Y110.262 E1.61076 ; perimeter
;WIDTH:0.475006
G1 X99.047 Y110.373 E1.61297 ; perimeter
;WIDTH:0.437558
G1 X99.01 Y110.485 E1.61501 ; perimeter
;WIDTH:0.400109
G1 X98.984 Y110.692 E1.61829 ; perimeter
;WIDTH:0.372609
G1 X98.958 Y110.899 E1.62134 ; perimeter
;WIDTH:0.346295
G1 X99.037 Y111.512 E1.62969 ; perimeter
;WIDTH:0.393914
G1 X99.123 Y111.757 E1.63371 ; perimeter
;WIDTH:0.410824
G1 X99.302 Y111.997 E1.63856 ; perimeter
G1 X99.302 Y111.997 F7200 ; move to first perimeter point
G1 X100.682 Y112.118 ; move to first perimeter point
;TYPE:External perimeter
;WIDTH:0.399999
G1 F720
G1 X100.174 Y112.219 E1.64671 ; perimeter
G1 X98.899 Y112.56 E1.66748 ; perimeter
G1 X98.51 Y112.752 E1.67431 ; perimeter
;WIDTH:0.374397
G1 X98.476 Y112.867 E1.67607 ; perimeter
;WIDTH:0.399999
G1 X98.473 Y112.294 E1.68509 ; perimeter
G1 X98.317 Y111.278 E1.70127 ; perimeter
G1 X98.258 Y110.512 E1.71336 ; perimeter
G1 X98.247 Y110 E1.72142 ; perimeter
G1 X98.258 Y109.488 E1.72948 ; perimeter
G1 X98.317 Y108.722 E1.74157 ; perimeter
G1 X98.443 Y107.9 E1.75466 ; perimeter
G1 X98.492 Y107.235 E1.76515 ; perimeter
G1 X98.896 Y107.439 E1.77227 ; perimeter
G1 X99.671 Y107.646 E1.78489 ; perimeter
;WIDTH:0.441263
G1 X99.872 Y107.724 E1.78865 ; perimeter
;WIDTH:0.482526
G1 X100.072 Y107.801 E1.79276 ; perimeter
G1 X99.858 Y107.824 E1.79689 ; perimeter
;WIDTH:0.441263
G1 X99.644 Y107.847 E1.80065 ; perimeter
;WIDTH:0.399999
G1 X99.459 Y107.998 E1.80441 ; perimeter
G1 X99.342 Y108.583 E1.8138 ; perimeter
G1 X99.342 Y109.162 E1.82291 ; perimeter
G1 X99.414 Y109.312 E1.82553 ; perimeter
G1 X99.544 Y109.352 E1.82767 ; perimeter
;WIDTH:0.445999
G1 X99.837 Y109.375 E1.83286 ; perimeter
;WIDTH:0.491999
G1 X100.131 Y109.398 E1.83863 ; perimeter
G1 X100.701 Y109.381 E1.84979 ; perimeter
;WIDTH:0.474389
G1 X101.206 Y109.389 E1.8593 ; perimeter
G1 X101.206 Y109.615 E1.86356 ; perimeter
;WIDTH:0.484608
G1 X101.257 Y109.841 E1.86802 ; perimeter
;WIDTH:0.487258
G1 X101.316 Y109.891 E1.86952 ; perimeter
G1 X101.241 Y109.87 E1.87103 ; perimeter
;WIDTH:0.484608
G1 X100.674 Y109.82 E1.88199 ; perimeter
;WIDTH:0.491999
G1 X100.159 Y109.867 E1.89211 ; perimeter
G1 X100.09 Y109.903 E1.89363 ; perimeter
;WIDTH:0.461412
G1 X99.873 Y110.037 E1.89829 ; perimeter
;WIDTH:0.430706
G1 X99.656 Y110.171 E1.90263 ; perimeter
;WIDTH:0.399999
G1 X99.382 Y110.556 E1.91007 ; perimeter
G1 X99.303 Y111.037 E1.91774 ; perimeter
G1 X99.419 Y111.526 E1.92565 ; perimeter
G1 X99.722 Y111.883 E1.93302 ; perimeter
G1 X100.164 Y112.089 E1.94069 ; perimeter
G1 X100.622 Y112.114 E1.94791 ; perimeter
G1 E.89791 F2100 ; retract
;WIPE_START
G1 F5760
G1 X100.682 Y112.118 E.87708 ; wipe and retract
G1 X100.174 Y112.219 E.69769 ; wipe and retract
G1 X99.477 Y112.406 E.44791 ; wipe and retract
;WIPE_END
G92 E0 ; reset extrusion distance
G1 Z1.16 F600 ; move to first perimeter point
G1 X99.483 Y112.29 F7200 ; move to first perimeter point
G1 X99.095 Y111.443 ; move to first perimeter point
G1 X98.929 Y111.002 ; move to first perimeter point
G1 X98.953 Y110.84 ; move to first perimeter point
G1 X99.046 Y110.355 ; move to first perimeter point
G1 X99.078 Y110.317 ; move to first perimeter point
G1 X98.399 Y107.122 ; move to first perimeter point
G1 X98.473 Y107.141 ; move to first perimeter point
G1 Z.96 F600 ; move to first perimeter point
G1 E1.5 F1500 ;  ; unretract
;WIDTH:0.36146
G1 F900
G1 X98.585 Y106.723 E1.50612 ; perimeter
G1 X98.585 Y106.723 F7200 ; move to first perimeter point
G1 X98.84 Y108.621 ; move to first perimeter point
;TYPE:Perimeter
;WIDTH:0.658436
G1 F1500
G1 X98.945 Y107.978 E1.52337 ; perimeter
G1 E.47337 F2100 ; retract
;WIPE_START
G1 F5760
G1 X98.84 Y108.621 E.24771 ; wipe and retract
;WIPE_END
G1 E.02337 F2100 ; retract
G92 E0 ; reset extrusion distance
G1 Z1.16 F600 ; move to first perimeter point
G1 X99.049 Y108.608 F7200 ; move to first perimeter point
G1 X98.929 Y111.002 ; move to first perimeter point
G1 X99.095 Y111.443 ; move to first perimeter point
G1 X99.177 Y111.588 ; move to first perimeter point
G1 X99.649 Y111.906 ; move to first perimeter point
G1 X100.157 Y112.002 ; move to first perimeter point
G1 X100.629 Y111.976 ; move to first perimeter point
G1 X100.701 Y111.971 ; move to first perimeter point
G1 X101.21 Y111.891 ; move to first perimeter point
G1 X101.211 Y111.89 ; move to first perimeter point
G1 X101.261 Y112.005 ; move to first perimeter point
G1 Z.96 F600 ; move to first perimeter point
G1 E1.5 F1500 ;  ; unretract
;TYPE:External perimeter
;WIDTH:0.36146
G1 F900
G1 X100.719 Y112.113 E1.50781 ; perimeter
G1 X100.878 Y112.779 F7200 ; move to first perimeter point
G1 F900
G1 X101.396 Y112.603 E1.51554 ; perimeter
G1 E.46554 F2100 ; retract
;WIPE_START
G1 F5760
G1 X100.878 Y112.779 E.27606 ; wipe and retract
;WIPE_END
G1 E.01554 F2100 ; retract
G92 E0 ; reset extrusion distance
G1 Z1.16 F600 ; move to first perimeter point
G1 X100.931 Y112.891 F7200 ; move to first perimeter point
G1 X101.403 Y112.69 ; move to first perimeter point
G1 X101.823 Y112.662 ; move to first perimeter point
G1 X102.237 Y112.721 ; move to first perimeter point
G1 X102.699 Y112.971 ; move to first perimeter point
G1 X102.76 Y113.066 ; move to first perimeter point
G1 X102.956 Y113.469 ; move to first perimeter point
G1 X102.917 Y113.604 ; move to first perimeter point
G1 X102.735 Y113.962 ; move to first perimeter point
G1 X102.666 Y114.043 ; move to first perimeter point
G1 X102.426 Y114.294 ; move to first perimeter point
G1 X102.525 Y114.39 ; move to first perimeter point
G1 Z.96 F600 ; move to first perimeter point
G1 E1.5 F1500 ;  ; unretract
;WIDTH:0.594737
G1 F900
G1 X102.472 Y114.458 E1.50205 ; perimeter
;WIDTH:0.628485
G1 X102.418 Y114.525 E1.50422 ; perimeter
;WIDTH:0.662232
G1 X102.364 Y114.593 E1.50653 ; perimeter
G1 X102.364 Y114.593 F7200 ; move to first perimeter point
G1 X101.619 Y114.849 ; move to first perimeter point
;WIDTH:0.406141
G1 F900
G1 X101.736 Y114.808 E1.50851 ; perimeter
;WIDTH:0.450822
G1 X101.853 Y114.768 E1.51072 ; perimeter
;WIDTH:0.495502
G1 X101.971 Y114.727 E1.51318 ; perimeter
;WIDTH:0.540183
G1 X102.088 Y114.686 E1.51585 ; perimeter
;WIDTH:0.584863
G1 X102.206 Y114.645 E1.51878 ; perimeter
;WIDTH:0.629544
G1 X102.323 Y114.604 E1.52191 ; perimeter
;WIDTH:0.662232
G1 X102.364 Y114.593 E1.52304 ; perimeter
G1 X102.406 Y114.638 E1.52468 ; perimeter
;WIDTH:0.615263
G1 X102.448 Y114.684 E1.52622 ; perimeter
;WIDTH:0.568293
G1 X102.489 Y114.729 E1.5276 ; perimeter
;WIDTH:0.521324
G1 X102.531 Y114.774 E1.52888 ; perimeter
;WIDTH:0.474354
G1 X102.827 Y115.032 E1.53627 ; perimeter
;WIDTH:0.45221
G1 X102.965 Y115.268 E1.54117 ; perimeter
G1 X102.965 Y115.268 F7200 ; move to first perimeter point
G1 X103.421 Y116.16 ; move to first perimeter point
;WIDTH:0.36146
G1 F900
G1 X103.013 Y116.524 E1.5489 ; perimeter
G1 X103.013 Y116.524 F7200 ; move to first perimeter point
G1 X103.489 Y116.967 ; move to first perimeter point
G1 F900
G1 X103.848 Y116.556 E1.55661 ; perimeter
G1 E.50661 F2100 ; retract
;WIPE_START
G1 F5760
G1 X103.489 Y116.967 E.3176 ; wipe and retract
;WIPE_END
G1 E.05661 F2100 ; retract
G92 E0 ; reset extrusion distance
G1 Z1.16 F600 ; move to first perimeter point
G1 X103.589 Y117.037 F7200 ; move to first perimeter point
G1 X103.898 Y116.627 ; move to first perimeter point
G1 X104.248 Y116.392 ; move to first perimeter point
G1 X104.634 Y116.238 ; move to first perimeter point
G1 X105.159 Y116.224 ; move to first perimeter point
G1 X105.26 Y116.275 ; move to first perimeter point
G1 X105.678 Y116.492 ; move to first perimeter point
G1 X105.655 Y116.756 ; move to first perimeter point
G1 X106.784 Y117.044 ; move to first perimeter point
G1 X107.056 Y116.62 ; move to first perimeter point
G1 Z.96 F600 ; move to first perimeter point
G1 E1.5 F1500 ;  ; unretract
;TYPE:Perimeter
;WIDTH:0.362963
G1 F720
G1 X106.73 Y116.495 E1.50496 ; perimeter
;WIDTH:0.403638
G1 X106.489 Y116.457 E1.50884 ; perimeter
;WIDTH:0.444312
G1 X106.249 Y116.418 E1.51311 ; perimeter
G1 X106.199 Y116.303 E1.51531 ; perimeter
G1 X105.97 Y116.084 E1.52088 ; perimeter
;WIDTH:0.400528
G1 X105.74 Y115.866 E1.52587 ; perimeter
;WIDTH:0.356744
G1 X105.97 Y115.636 E1.5304 ; perimeter
G1 X106.086 Y115.723 E1.53242 ; perimeter
;WIDTH:0.400528
G1 X106.291 Y115.874 E1.53643 ; perimeter
;WIDTH:0.444312
G1 X106.496 Y116.026 E1.54092 ; perimeter
G1 X106.818 Y116.166 E1.54709 ; perimeter
;WIDTH:0.395357
G1 X107.14 Y116.307 E1.55255 ; perimeter
;WIDTH:0.346401
G1 X107.072 Y116.562 E1.55612 ; perimeter
G1 X107.072 Y116.562 F7200 ; move to first perimeter point
G1 X107.268 Y117.112 ; move to first perimeter point
;WIDTH:0.399999
G1 F720
G1 X106.792 Y116.888 E1.5644 ; perimeter
G1 X106.333 Y116.817 E1.57171 ; perimeter
G1 X105.999 Y116.867 E1.57703 ; perimeter
G1 X105.86 Y116.525 E1.58284 ; perimeter
G1 X105.728 Y116.329 E1.58656 ; perimeter
G1 X105.392 Y116.036 E1.59358 ; perimeter
G1 X105.181 Y115.92 E1.59737 ; perimeter
G1 X105.937 Y115.164 E1.6142 ; perimeter
G1 X106.371 Y115.486 E1.6227 ; perimeter
G1 X106.985 Y115.846 E1.6339 ; perimeter
G1 X107.558 Y116.106 E1.6438 ; perimeter
G1 X107.285 Y117.054 E1.65933 ; perimeter
G1 E.15933 F2100 ; retract
G92 E0 ; reset extrusion distance
G1 X107.285 Y117.054 Z1.16 F7200 ; move to first perimeter point
G1 X105.817 Y114.508 ; move to first perimeter point
G1 Z.96 F600 ; move to first perimeter point
G1 E1.5 F1500 ;  ; unretract
;TYPE:External perimeter
;WIDTH:0.36146
G1 F900
G1 X105.492 Y114.183 E1.5065 ; perimeter
G1 E.0065 F2100 ; retract
G92 E0 ; reset extrusion distance
G1 X105.492 Y114.183 Z1.16 F7200 ; move to first perimeter point
G1 X107.492 Y117.816 ; move to first perimeter point
G1 Z.96 F600 ; move to first perimeter point
G1 E1.5 F1500 ;  ; unretract
;WIDTH:0.399999
G1 F720
G1 X107.408 Y117.697 E1.50229 ; perimeter
G1 X107.044 Y117.417 E1.50952 ; perimeter
G1 X106.64 Y117.235 E1.51649 ; perimeter
G1 X106.264 Y117.191 E1.52245 ; perimeter
G1 X105.932 Y117.301 E1.52795 ; perimeter
;WIDTH:0.411652
G1 X105.632 Y117.592 E1.53473 ; perimeter
G1 X105.666 Y117.127 E1.54229 ; perimeter
;WIDTH:0.399999
G1 X105.509 Y116.667 E1.54994 ; perimeter
G1 X105.144 Y116.322 E1.55784 ; perimeter
G1 X104.688 Y116.15 E1.56551 ; perimeter
G1 X104.396 Y116.17 E1.57012 ; perimeter
G1 X104.637 Y115.929 E1.57548 ; perimeter
G1 X105.814 Y114.745 E1.60175 ; perimeter
;WIDTH:0.395526
G1 X105.817 Y114.508 E1.60544 ; perimeter
;WIDTH:0.399999
G1 X106.023 Y114.756 E1.61051 ; perimeter
G1 X106.564 Y115.161 E1.62115 ; perimeter
G1 X107.145 Y115.503 E1.63176 ; perimeter
G1 X107.635 Y115.731 E1.64027 ; perimeter
G1 X108.141 Y115.873 E1.64854 ; perimeter
;WIDTH:0.3895
G1 X107.997 Y115.974 E1.65123 ; perimeter
;WIDTH:0.399999
G1 X107.507 Y117.758 E1.68035 ; perimeter
G1 E.63035 F2100 ; retract
;WIPE_START
G1 F5760
G1 X107.492 Y117.816 E.6096 ; wipe and retract
G1 X107.408 Y117.697 E.55915 ; wipe and retract
G1 X107.044 Y117.417 E.40009 ; wipe and retract
G1 X106.64 Y117.235 E.24662 ; wipe and retract
G1 X106.45 Y117.213 E.18035 ; wipe and retract
;WIPE_END
G92 E0 ; reset extrusion distance
G1 Z1.16 F600 ; move to first perimeter point
G1 X106.411 Y117.079 F7200 ; move to first perimeter point
G1 X105.701 Y114.596 ; move to first perimeter point
G1 X105.404 Y114.299 ; move to first perimeter point
G1 X104.6 Y114.571 ; move to first perimeter point
G1 X104.584 Y114.591 ; move to first perimeter point
G1 X103.664 Y114.3 ; move to first perimeter point
G1 X104.081 Y113.885 ; move to first perimeter point
G1 Z.96 F600 ; move to first perimeter point
G1 E1.5 F1500 ;  ; unretract
;TYPE:Perimeter
;WIDTH:0.647688
G1 F720
G1 X104.055 Y113.869 E1.50079 ; perimeter
;WIDTH:0.629937
G1 X103.951 Y113.806 E1.50387 ; perimeter
;WIDTH:0.585798
G1 X103.848 Y113.744 E1.50669 ; perimeter
;WIDTH:0.541659
G1 X103.744 Y113.681 E1.50932 ; perimeter
;WIDTH:0.49752
G1 X103.641 Y113.618 E1.51171 ; perimeter
;WIDTH:0.45338
G1 X103.537 Y113.555 E1.51389 ; perimeter
;WIDTH:0.409241
G1 X103.541 Y113.456 E1.51549 ; perimeter
G1 X103.46 Y113.203 E1.51977 ; perimeter
;WIDTH:0.383621
G1 X103.379 Y112.95 E1.52377 ; perimeter
;WIDTH:0.358
G1 X103.69 Y112.867 E1.52827 ; perimeter
;WIDTH:0.362473
G1 X103.784 Y113.074 E1.53149 ; perimeter
;WIDTH:0.40347
G1 X103.89 Y113.308 E1.53557 ; perimeter
;WIDTH:0.444466
G1 X103.996 Y113.541 E1.54007 ; perimeter
;WIDTH:0.485111
G1 X104.013 Y113.61 E1.54144 ; perimeter
;WIDTH:0.525755
G1 X104.03 Y113.679 E1.54293 ; perimeter
;WIDTH:0.566399
G1 X104.047 Y113.747 E1.54452 ; perimeter
;WIDTH:0.607044
G1 X104.064 Y113.816 E1.54625 ; perimeter
;WIDTH:0.647688
G1 X104.067 Y113.826 E1.54652 ; perimeter
G1 X104.067 Y113.826 F7200 ; move to first perimeter point
G1 X104.061 Y114.838 ; move to first perimeter point
;WIDTH:0.399999
G1 F720
G1 X104.002 Y114.673 E1.54928 ; perimeter
G1 X103.768 Y114.298 E1.55624 ; perimeter
G1 X103.485 Y113.988 E1.56285 ; perimeter
G1 X103.309 Y113.864 E1.56624 ; perimeter
G1 X103.117 Y113.845 E1.56928 ; perimeter
G1 X103.154 Y113.425 E1.57592 ; perimeter
G1 X102.993 Y112.926 E1.58417 ; perimeter
G1 X102.866 Y112.718 E1.58801 ; perimeter
G1 X103.895 Y112.442 E1.60478 ; perimeter
G1 X104.18 Y113.065 E1.61556 ; perimeter
G1 X104.514 Y113.629 E1.62588 ; perimeter
G1 X104.836 Y114.063 E1.63438 ; perimeter
G1 X104.104 Y114.795 E1.65067 ; perimeter
G1 X104.104 Y114.795 F7200 ; move to first perimeter point
G1 X104.178 Y114.017 ; move to first perimeter point
;WIDTH:0.647688
G1 F1500
G1 X104.081 Y113.885 E1.65493 ; perimeter
G1 X104.081 Y113.885 F7200 ; move to first perimeter point
G1 X103.779 Y115.655 ; move to first perimeter point
;TYPE:External perimeter
;WIDTH:0.399999
G1 F720
G1 X103.812 Y115.318 E1.66026 ; perimeter
G1 X103.646 Y114.8 E1.66882 ; perimeter
G1 X103.456 Y114.513 E1.67424 ; perimeter
G1 X103.212 Y114.251 E1.67987 ; perimeter
G1 X103.034 Y114.197 E1.6828 ; perimeter
;WIDTH:0.449693
G1 X102.874 Y114.258 E1.68585 ; perimeter
;WIDTH:0.499387
G1 X102.713 Y114.319 E1.68927 ; perimeter
;WIDTH:0.549081
G1 X102.552 Y114.379 E1.69304 ; perimeter
G1 X102.6 Y114.25 E1.69606 ; perimeter
;WIDTH:0.499387
G1 X102.648 Y114.121 E1.69879 ; perimeter
;WIDTH:0.449693
G1 X102.695 Y113.991 E1.70125 ; perimeter
;WIDTH:0.399999
G1 X102.779 Y113.531 E1.70861 ; perimeter
G1 X102.635 Y113.05 E1.71651 ; perimeter
G1 X102.326 Y112.672 E1.72419 ; perimeter
G1 X102.059 Y112.542 E1.72886 ; perimeter
G1 X104.026 Y112.006 E1.76095 ; perimeter
;WIDTH:0.393029
G1 X104.121 Y111.808 E1.76434 ; perimeter
;WIDTH:0.399999
G1 X104.275 Y112.38 E1.77366 ; perimeter
G1 X104.557 Y112.959 E1.7838 ; perimeter
G1 X104.851 Y113.453 E1.79285 ; perimeter
G1 X105.244 Y113.977 E1.80316 ; perimeter
G1 X105.492 Y114.183 E1.80823 ; perimeter
;WIDTH:0.391931
G1 X105.277 Y114.171 E1.81155 ; perimeter
;WIDTH:0.399999
G1 X103.822 Y115.613 E1.84379 ; perimeter
G1 E.79379 F2100 ; retract
;WIPE_START
G1 F5760
G1 X103.779 Y115.655 E.77297 ; wipe and retract
G1 X103.812 Y115.318 E.65569 ; wipe and retract
G1 X103.646 Y114.8 E.46729 ; wipe and retract
G1 X103.456 Y114.513 E.34808 ; wipe and retract
G1 X103.448 Y114.504 E.34379 ; wipe and retract
;WIPE_END
G92 E0 ; reset extrusion distance
G1 Z1.16 F600 ; move to first perimeter point
G1 X103.714 Y114.442 F7200 ; move to first perimeter point
G1 X103.737 Y114.53 ; move to first perimeter point
G1 X103.774 Y114.715 ; move to first perimeter point
G1 X103.782 Y114.818 ; move to first perimeter point
G1 X103.757 Y115.283 ; move to first perimeter point
G1 X103.731 Y115.369 ; move to first perimeter point
G1 X103.58 Y115.724 ; move to first perimeter point
G1 X103.343 Y116.104 ; move to first perimeter point
G1 X102.936 Y116.423 ; move to first perimeter point
G1 X102.495 Y116.694 ; move to first perimeter point
G1 X102.028 Y116.858 ; move to first perimeter point
G1 X101.482 Y116.82 ; move to first perimeter point
G1 X101.347 Y116.743 ; move to first perimeter point
G1 X101.191 Y116.634 ; move to first perimeter point
G1 X101.062 Y116.82 ; move to first perimeter point
G1 Z.96 F600 ; move to first perimeter point
G1 E1.5 F1500 ;  ; unretract
;TYPE:Perimeter
;WIDTH:0.660284
G1 F720
G1 X101.12 Y116.851 E1.50175 ; perimeter
;WIDTH:0.613009
G1 X101.178 Y116.882 E1.50337 ; perimeter
;WIDTH:0.565733
G1 X101.236 Y116.913 E1.50486 ; perimeter
;WIDTH:0.518458
G1 X101.412 Y116.988 E1.50881 ; perimeter
;WIDTH:0.47696
G1 X101.589 Y117.063 E1.51245 ; perimeter
;WIDTH:0.435462
G1 X101.765 Y117.138 E1.51574 ; perimeter
;WIDTH:0.393964
G1 X101.431 Y117.473 E1.52307 ; perimeter
G1 X101.198 Y117.22 E1.5284 ; perimeter
;WIDTH:0.410316
G1 X101.175 Y117.154 E1.52953 ; perimeter
;WIDTH:0.46031
G1 X101.152 Y117.087 E1.53082 ; perimeter
;WIDTH:0.510303
G1 X101.13 Y117.02 E1.53225 ; perimeter
;WIDTH:0.560297
G1 X101.107 Y116.953 E1.53384 ; perimeter
;WIDTH:0.61029
G1 X101.084 Y116.887 E1.53555 ; perimeter
;WIDTH:0.660284
G1 X101.081 Y116.877 E1.53583 ; perimeter
G1 X101.081 Y116.877 F7200 ; move to first perimeter point
G1 X101.762 Y118.554 ; move to first perimeter point
;TYPE:External perimeter
;WIDTH:0.36146
G1 F900
G1 X101.454 Y118.244 E1.54201 ; perimeter
G1 X101.454 Y118.244 F7200 ; move to first perimeter point
G1 X103.149 Y118.913 ; move to first perimeter point
;TYPE:Perimeter
;WIDTH:0.658284
G1 F720
G1 X103.089 Y118.894 E1.54368 ; perimeter
;WIDTH:0.614507
G1 X103.028 Y118.874 E1.54526 ; perimeter
;WIDTH:0.57073
G1 X102.967 Y118.855 E1.54672 ; perimeter
;WIDTH:0.526953
G1 X102.906 Y118.836 E1.54806 ; perimeter
;WIDTH:0.483175
G1 X102.845 Y118.816 E1.54929 ; perimeter
;WIDTH:0.439398
G1 X102.524 Y118.571 E1.55631 ; perimeter
;WIDTH:0.391754
G1 X102.863 Y118.233 E1.56368 ; perimeter
;WIDTH:0.439398
G1 X103.023 Y118.641 E1.57129 ; perimeter
;WIDTH:0.483175
G1 X103.048 Y118.695 E1.57243 ; perimeter
;WIDTH:0.526953
G1 X103.074 Y118.75 E1.57371 ; perimeter
;WIDTH:0.57073
G1 X103.099 Y118.804 E1.57507 ; perimeter
;WIDTH:0.614507
G1 X103.124 Y118.859 E1.57656 ; perimeter
G1 E.07656 F2100 ; retract
G92 E0 ; reset extrusion distance
G1 X103.124 Y118.859 Z1.16 F7200 ; move to first perimeter point
G1 X105.351 Y120.245 ; move to first perimeter point
G1 Z.96 F600 ; move to first perimeter point
G1 E1.5 F1500 ;  ; unretract
;WIDTH:0.638158
G1 F720
G1 X105.278 Y120.235 E1.50189 ; perimeter
;WIDTH:0.59292
G1 X105.205 Y120.225 E1.50364 ; perimeter
;WIDTH:0.547682
G1 X105.132 Y120.216 E1.50525 ; perimeter
;WIDTH:0.502445
G1 X105.059 Y120.206 E1.50672 ; perimeter
;WIDTH:0.457207
G1 X104.986 Y120.196 E1.50805 ; perimeter
;WIDTH:0.411969
G1 X104.913 Y120.186 E1.50925 ; perimeter
;WIDTH:0.400189
G1 X104.763 Y120.088 E1.51207 ; perimeter
;WIDTH:0.433646
G1 X104.613 Y119.99 E1.51514 ; perimeter
;WIDTH:0.467103
G1 X104.462 Y119.892 E1.51848 ; perimeter
;WIDTH:0.493334
G1 X104.177 Y119.704 E1.52518 ; perimeter
;WIDTH:0.519564
G1 X103.892 Y119.515 E1.53226 ; perimeter
;WIDTH:0.562859
G1 X103.766 Y119.407 E1.536 ; perimeter
;WIDTH:0.606153
G1 X103.641 Y119.298 E1.54003 ; perimeter
;WIDTH:0.649448
G1 X103.516 Y119.19 E1.54434 ; perimeter
G1 X103.653 Y119.215 E1.54798 ; perimeter
;WIDTH:0.604049
G1 X103.791 Y119.241 E1.55138 ; perimeter
;WIDTH:0.558649
G1 X104.289 Y119.32 E1.56264 ; perimeter
;WIDTH:0.519564
G1 X104.611 Y119.274 E1.56938 ; perimeter
G1 X104.66 Y119.454 E1.57324 ; perimeter
G1 X104.768 Y119.563 E1.57642 ; perimeter
;WIDTH:0.481356
G1 X104.876 Y119.673 E1.57937 ; perimeter
;WIDTH:0.443148
G1 X104.984 Y119.782 E1.58206 ; perimeter
;WIDTH:0.404939
G1 X105.093 Y119.892 E1.58453 ; perimeter
;WIDTH:0.411969
G1 X105.136 Y119.951 E1.58572 ; perimeter
;WIDTH:0.457207
G1 X105.179 Y120.01 E1.58704 ; perimeter
;WIDTH:0.502445
G1 X105.222 Y120.069 E1.5885 ; perimeter
;WIDTH:0.547682
G1 X105.265 Y120.128 E1.5901 ; perimeter
;WIDTH:0.59292
G1 X105.308 Y120.186 E1.59182 ; perimeter
;WIDTH:0.638158
G1 X105.316 Y120.197 E1.59217 ; perimeter
G1 E.54217 F2100 ; retract
;WIPE_START
G1 F5760
G1 X105.351 Y120.245 E.52159 ; wipe and retract
G1 X105.278 Y120.235 E.49607 ; wipe and retract
G1 X105.205 Y120.225 E.47055 ; wipe and retract
G1 X105.132 Y120.216 E.44507 ; wipe and retract
G1 X105.059 Y120.206 E.41955 ; wipe and retract
G1 X104.986 Y120.196 E.39403 ; wipe and retract
G1 X104.913 Y120.186 E.36851 ; wipe and retract
G1 X104.763 Y120.088 E.30645 ; wipe and retract
G1 X104.613 Y119.99 E.24439 ; wipe and retract
G1 X104.462 Y119.892 E.18204 ; wipe and retract
G1 X104.245 Y119.749 E.09217 ; wipe and retract
;WIPE_END
G92 E0 ; reset extrusion distance
G1 Z1.16 F600 ; move to first perimeter point
G1 X104.117 Y119.08 F7200 ; move to first perimeter point
G1 X104.166 Y119.071 ; move to first perimeter point
G1 X104.654 Y118.829 ; move to first perimeter point
G1 X104.994 Y118.467 ; move to first perimeter point
G1 X105.289 Y118.112 ; move to first perimeter point
G1 X105.321 Y118.036 ; move to first perimeter point
G1 X105.468 Y117.603 ; move to first perimeter point
G1 X105.498 Y117.537 ; move to first perimeter point
G1 X105.63 Y117.596 ; move to first perimeter point
G1 Z.96 F600 ; move to first perimeter point
G1 E1.5 F1500 ;  ; unretract
;TYPE:External perimeter
;WIDTH:0.41178
G1 F900
G1 X105.602 Y117.65 E1.50099 ; perimeter
;WIDTH:0.447403
G1 X105.561 Y117.789 E1.50356 ; perimeter
;WIDTH:0.490966
G1 X105.52 Y117.928 E1.50639 ; perimeter
;WIDTH:0.534529
G1 X105.479 Y118.066 E1.50946 ; perimeter
;WIDTH:0.578092
G1 X105.437 Y118.205 E1.51282 ; perimeter
G1 X105.322 Y118.327 E1.5167 ; perimeter
;WIDTH:0.541806
G1 X105.207 Y118.448 E1.52031 ; perimeter
;WIDTH:0.50552
G1 X105.092 Y118.57 E1.52368 ; perimeter
G1 E.47368 F2100 ; retract
;WIPE_START
G1 F5760
G1 X105.207 Y118.448 E.41561 ; wipe and retract
G1 X105.322 Y118.327 E.35779 ; wipe and retract
G1 X105.437 Y118.205 E.29972 ; wipe and retract
G1 X105.479 Y118.066 E.24943 ; wipe and retract
G1 X105.52 Y117.928 E.19957 ; wipe and retract
G1 X105.561 Y117.789 E.14938 ; wipe and retract
G1 X105.602 Y117.65 E.09919 ; wipe and retract
G1 X105.63 Y117.596 E.07812 ; wipe and retract
;WIPE_END
G1 E.02368 F2100 ; retract
G92 E0 ; reset extrusion distance
G1 Z1.16 F600 ; move to first perimeter point
G1 X105.749 Y117.676 F7200 ; move to first perimeter point
G1 X105.911 Y117.382 ; move to first perimeter point
G1 X106.211 Y117.128 ; move to first perimeter point
G1 X106.668 Y117.004 ; move to first perimeter point
G1 X106.784 Y117.044 ; move to first perimeter point
G1 X107.058 Y117.35 ; move to first perimeter point
G1 X107.11 Y117.419 ; move to first perimeter point
G1 X107.301 Y117.759 ; move to first perimeter point
G1 X107.425 Y118.07 ; move to first perimeter point
G1 X107.465 Y118.344 ; move to first perimeter point
G1 X107.363 Y118.634 ; move to first perimeter point
G1 X107.235 Y118.796 ; move to first perimeter point
G1 X106.976 Y119.065 ; move to first perimeter point
G1 X107.08 Y119.15 ; move to first perimeter point
G1 Z.96 F600 ; move to first perimeter point
G1 E1.5 F1500 ;  ; unretract
;WIDTH:0.505522
G1 F900
G1 X107.075 Y119.232 E1.50165 ; perimeter
;WIDTH:0.47216
G1 X106.975 Y119.65 E1.5097 ; perimeter
G1 X106.975 Y119.65 F7200 ; move to first perimeter point
G1 X107.859 Y119.288 ; move to first perimeter point
;WIDTH:0.36146
G1 F900
G1 X107.966 Y118.748 E1.51748 ; perimeter
G1 X107.966 Y118.748 F7200 ; move to first perimeter point
G1 X107.942 Y120.687 ; move to first perimeter point
;TYPE:Perimeter
;WIDTH:0.399654
G1 F720
G1 X108.167 Y120.863 E1.52197 ; perimeter
;WIDTH:0.442464
G1 X108.239 Y120.911 E1.52348 ; perimeter
;WIDTH:0.485273
G1 X108.311 Y120.959 E1.52515 ; perimeter
;WIDTH:0.528082
G1 X108.383 Y121.008 E1.52698 ; perimeter
;WIDTH:0.570891
G1 X108.455 Y121.056 E1.52896 ; perimeter
;WIDTH:0.613701
G1 X108.527 Y121.104 E1.53109 ; perimeter
;WIDTH:0.65651
G1 X108.599 Y121.153 E1.53339 ; perimeter
G1 X108.533 Y121.168 E1.53518 ; perimeter
;WIDTH:0.610313
G1 X108.468 Y121.183 E1.53681 ; perimeter
;WIDTH:0.564115
G1 X108.403 Y121.199 E1.53832 ; perimeter
;WIDTH:0.517918
G1 X108.337 Y121.214 E1.53972 ; perimeter
;WIDTH:0.471721
G1 X108.272 Y121.23 E1.54097 ; perimeter
;WIDTH:0.425523
G1 X107.815 Y121.162 E1.54873 ; perimeter
;WIDTH:0.399654
G1 X107.927 Y120.745 E1.55552 ; perimeter
G1 X107.927 Y120.745 F7200 ; move to first perimeter point
G1 X107.143 Y121.526 ; move to first perimeter point
;TYPE:External perimeter
;WIDTH:0.36146
G1 F900
G1 X106.722 Y121.415 E1.56167 ; perimeter
G1 E.51167 F2100 ; retract
;WIPE_START
G1 F5760
G1 X107.143 Y121.526 E.36087 ; wipe and retract
;WIPE_END
G1 E.06167 F2100 ; retract
G92 E0 ; reset extrusion distance
G1 Z1.16 F600 ; move to first perimeter point
G1 X107.124 Y121.602 F7200 ; move to first perimeter point
G1 X108.504 Y121.316 ; move to first perimeter point
G1 X108.696 Y121.315 ; move to first perimeter point
G1 X108.943 Y121.344 ; move to first perimeter point
G1 X108.976 Y121.346 ; move to first perimeter point
G1 X108.984 Y121.203 ; move to first perimeter point
G1 Z.96 F600 ; move to first perimeter point
G1 E1.5 F1500 ;  ; unretract
;TYPE:Perimeter
;WIDTH:0.649636
G1 F720
G1 X109.074 Y121.168 E1.50252 ; perimeter
;WIDTH:0.602057
G1 X109.222 Y121.111 E1.50635 ; perimeter
;WIDTH:0.564501
G1 X109.369 Y121.053 E1.50992 ; perimeter
;WIDTH:0.526945
G1 X109.517 Y120.996 E1.51325 ; perimeter
;WIDTH:0.489388
G1 X109.664 Y120.939 E1.51632 ; perimeter
;WIDTH:0.451832
G1 X109.813 Y120.828 E1.51964 ; perimeter
G1 X109.902 Y120.949 E1.52233 ; perimeter
G1 X110.077 Y120.986 E1.52553 ; perimeter
;WIDTH:0.412831
G1 X110.252 Y121.024 E1.52844 ; perimeter
;WIDTH:0.373829
G1 X110.947 Y121.016 E1.53862 ; perimeter
;WIDTH:0.407313
G1 X111.014 Y121.041 E1.53977 ; perimeter
;WIDTH:0.455968
G1 X111.08 Y121.065 E1.54104 ; perimeter
;WIDTH:0.504622
G1 X111.147 Y121.089 E1.54247 ; perimeter
;WIDTH:0.553277
G1 X111.213 Y121.114 E1.54403 ; perimeter
;WIDTH:0.601932
G1 X111.28 Y121.138 E1.54575 ; perimeter
;WIDTH:0.650586
G1 X111.346 Y121.162 E1.54759 ; perimeter
G1 X111.281 Y121.194 E1.54949 ; perimeter
;WIDTH:0.601932
G1 X111.216 Y121.226 E1.55124 ; perimeter
;WIDTH:0.553277
G1 X111.15 Y121.258 E1.55286 ; perimeter
;WIDTH:0.504622
G1 X111.085 Y121.29 E1.55432 ; perimeter
;WIDTH:0.455968
G1 X111.02 Y121.321 E1.55562 ; perimeter
;WIDTH:0.407313
G1 X110.954 Y121.353 E1.5568 ; perimeter
;WIDTH:0.400834
G1 X109.992 Y121.373 E1.57198 ; perimeter
;WIDTH:0.426333
G1 X109.741 Y121.35 E1.57622 ; perimeter
;WIDTH:0.451832
G1 X109.491 Y121.326 E1.58071 ; perimeter
;WIDTH:0.501283
G1 X109.365 Y121.295 E1.5833 ; perimeter
;WIDTH:0.550734
G1 X109.238 Y121.264 E1.58618 ; perimeter
;WIDTH:0.600185
G1 X109.111 Y121.233 E1.58933 ; perimeter
;WIDTH:0.649636
G1 X109.043 Y121.217 E1.59115 ; perimeter
G1 X109.043 Y121.217 F7200 ; move to first perimeter point
G1 X107.833 Y119.632 ; move to first perimeter point
;TYPE:External perimeter
;WIDTH:0.399999
G1 F720
G1 X107.858 Y119.836 E1.59438 ; perimeter
G1 X108.064 Y120.278 E1.60205 ; perimeter
G1 X108.421 Y120.581 E1.60942 ; perimeter
G1 X108.911 Y120.697 E1.61734 ; perimeter
G1 X109.391 Y120.618 E1.625 ; perimeter
G1 X109.776 Y120.344 E1.63244 ; perimeter
;WIDTH:0.437292
G1 X109.905 Y120.145 E1.63654 ; perimeter
;WIDTH:0.474584
G1 X110.034 Y119.946 E1.64101 ; perimeter
G1 X110.048 Y120.207 E1.64593 ; perimeter
;WIDTH:0.437292
G1 X110.063 Y120.469 E1.65047 ; perimeter
;WIDTH:0.399999
G1 X110.123 Y120.608 E1.65285 ; perimeter
G1 X110.252 Y120.658 E1.65503 ; perimeter
G1 X112.016 Y120.658 E1.68279 ; perimeter
;WIDTH:0.410787
G1 X112.211 Y120.469 E1.68719 ; perimeter
;WIDTH:0.450539
G1 X112.231 Y120.294 E1.69033 ; perimeter
;WIDTH:0.49029
G1 X112.251 Y120.12 E1.69374 ; perimeter
G1 X112.315 Y120.283 E1.69715 ; perimeter
;WIDTH:0.450539
G1 X112.38 Y120.447 E1.7003 ; perimeter
;WIDTH:0.410787
G1 X112.53 Y120.988 E1.70939 ; perimeter
;WIDTH:0.399999
G1 X112.752 Y121.49 E1.71803 ; perimeter
;WIDTH:0.374397
G1 X112.867 Y121.524 E1.71979 ; perimeter
;WIDTH:0.399999
G1 X112.292 Y121.528 E1.72884 ; perimeter
G1 X111.789 Y121.616 E1.73688 ; perimeter
G1 X111.025 Y121.708 E1.74899 ; perimeter
G1 X110 Y121.753 E1.76514 ; perimeter
G1 X108.757 Y121.682 E1.78473 ; perimeter
G1 X108.197 Y121.614 E1.79361 ; perimeter
G1 X107.699 Y121.525 E1.80157 ; perimeter
G1 X107.143 Y121.526 E1.81032 ; perimeter
;WIDTH:0.373442
G1 X107.245 Y121.489 E1.81191 ; perimeter
;WIDTH:0.399999
G1 X107.441 Y121.095 E1.81884 ; perimeter
G1 X107.818 Y119.69 E1.84173 ; perimeter
G1 X107.818 Y119.69 F7200 ; move to first perimeter point
G1 X108.984 Y121.203 ; move to first perimeter point
;TYPE:Perimeter
;WIDTH:0.65651
G1 F1500
G1 X108.599 Y121.153 E1.85198 ; perimeter
G1 E.35198 F2100 ; retract
G92 E0 ; reset extrusion distance
G1 X108.599 Y121.153 Z1.16 F7200 ; move to first perimeter point
G1 X112.094 Y121.105 ; move to first perimeter point
G1 Z.96 F600 ; move to first perimeter point
G1 E1.5 F1500 ;  ; unretract
;WIDTH:0.580086
G1 X111.845 Y121.124 E1.5058 ; perimeter
;WIDTH:0.615336
G1 X111.596 Y121.143 E1.51197 ; perimeter
;WIDTH:0.650586
G1 X111.346 Y121.162 E1.51853 ; perimeter
G1 X111.346 Y121.162 F7200 ; move to first perimeter point
G1 X113.289 Y121.411 ; move to first perimeter point
;TYPE:External perimeter
;WIDTH:0.36146
G1 F900
G1 X112.867 Y121.524 E1.52471 ; perimeter
G1 X112.867 Y121.524 F7200 ; move to first perimeter point
G1 X114.242 Y120.411 ; move to first perimeter point
;TYPE:Perimeter
;WIDTH:0.659534
G1 F720
G1 X114.187 Y120.455 E1.52658 ; perimeter
;WIDTH:0.611288
G1 X114.133 Y120.499 E1.52829 ; perimeter
;WIDTH:0.563042
G1 X114.079 Y120.544 E1.52987 ; perimeter
;WIDTH:0.514797
G1 X114.024 Y120.588 E1.53131 ; perimeter
;WIDTH:0.466551
G1 X113.97 Y120.632 E1.5326 ; perimeter
;WIDTH:0.418305
G1 X113.915 Y120.676 E1.53376 ; perimeter
;WIDTH:0.385855
G1 X113.682 Y120.76 E1.53751 ; perimeter
G1 X113.559 Y120.302 E1.54469 ; perimeter
;WIDTH:0.431468
G1 X113.673 Y120.32 E1.54666 ; perimeter
;WIDTH:0.477082
G1 X113.787 Y120.338 E1.54885 ; perimeter
;WIDTH:0.522695
G1 X113.901 Y120.357 E1.55126 ; perimeter
;WIDTH:0.568308
G1 X114.014 Y120.375 E1.55386 ; perimeter
;WIDTH:0.613921
G1 X114.128 Y120.393 E1.5567 ; perimeter
;WIDTH:0.659534
G1 X114.183 Y120.401 E1.55817 ; perimeter
G1 X114.183 Y120.401 F7200 ; move to first perimeter point
G1 X115.317 Y119.089 ; move to first perimeter point
;WIDTH:0.399999
G1 F720
G1 X115.776 Y119.167 E1.5655 ; perimeter
G1 X116.157 Y119.135 E1.57152 ; perimeter
;WIDTH:0.445315
G1 X116.264 Y119.12 E1.57342 ; perimeter
;WIDTH:0.490631
G1 X116.37 Y119.104 E1.57551 ; perimeter
;WIDTH:0.535947
G1 X116.477 Y119.088 E1.57782 ; perimeter
;WIDTH:0.581262
G1 X116.583 Y119.073 E1.58031 ; perimeter
;WIDTH:0.626578
G1 X116.69 Y119.057 E1.58303 ; perimeter
G1 X116.663 Y119.094 E1.58418 ; perimeter
;WIDTH:0.601893
G1 X116.588 Y119.171 E1.58677 ; perimeter
;WIDTH:0.561514
G1 X116.513 Y119.247 E1.58917 ; perimeter
;WIDTH:0.521136
G1 X116.438 Y119.324 E1.5914 ; perimeter
;WIDTH:0.480757
G1 X116.363 Y119.401 E1.59345 ; perimeter
;WIDTH:0.440378
G1 X116.288 Y119.478 E1.59532 ; perimeter
;WIDTH:0.399999
G1 X115.745 Y119.814 E1.60537 ; perimeter
G1 X115.199 Y120.111 E1.61515 ; perimeter
;WIDTH:0.443595
G1 X115.124 Y120.125 E1.61649 ; perimeter
;WIDTH:0.487192
G1 X115.049 Y120.138 E1.61796 ; perimeter
;WIDTH:0.530788
G1 X114.974 Y120.151 E1.61957 ; perimeter
;WIDTH:0.574384
G1 X114.899 Y120.165 E1.62132 ; perimeter
;WIDTH:0.61798
G1 X114.824 Y120.178 E1.62321 ; perimeter
;WIDTH:0.661576
G1 X114.749 Y120.192 E1.62524 ; perimeter
G1 X114.761 Y120.172 E1.62586 ; perimeter
;WIDTH:0.64681
G1 X114.839 Y120.055 E1.62952 ; perimeter
;WIDTH:0.597448
G1 X114.916 Y119.939 E1.63285 ; perimeter
;WIDTH:0.548086
G1 X114.994 Y119.823 E1.63591 ; perimeter
;WIDTH:0.498724
G1 X115.071 Y119.706 E1.63869 ; perimeter
;WIDTH:0.449361
G1 X115.149 Y119.59 E1.64118 ; perimeter
;WIDTH:0.399999
G1 X115.298 Y119.146 E1.64855 ; perimeter
G1 X115.298 Y119.146 F7200 ; move to first perimeter point
G1 X115.61 Y119.504 ; move to first perimeter point
;WIDTH:0.355762
G1 F1500
G1 X115.589 Y119.54 E1.64913 ; perimeter
G1 X115.526 Y119.504 E1.65014 ; perimeter
G1 X115.589 Y119.468 E1.65115 ; perimeter
G1 E.60115 F2100 ; retract
;WIPE_START
G1 F5760
G1 X115.526 Y119.504 E.57602 ; wipe and retract
G1 X115.589 Y119.54 E.55089 ; wipe and retract
G1 X115.61 Y119.504 E.53645 ; wipe and retract
;WIPE_END
G1 E.15115 F2100 ; retract
G92 E0 ; reset extrusion distance
G1 Z1.16 F600 ; move to first perimeter point
G1 X115.835 Y119.025 F7200 ; move to first perimeter point
G1 X115.433 Y118.804 ; move to first perimeter point
G1 X115.346 Y118.724 ; move to first perimeter point
G1 X115.067 Y118.404 ; move to first perimeter point
G1 X115.02 Y118.33 ; move to first perimeter point
G1 X114.784 Y117.941 ; move to first perimeter point
G1 X114.526 Y117.485 ; move to first perimeter point
G1 X114.354 Y117.011 ; move to first perimeter point
G1 X114.387 Y116.451 ; move to first perimeter point
G1 X114.501 Y116.347 ; move to first perimeter point
G1 X114.916 Y116.222 ; move to first perimeter point
G1 X115.01 Y116.209 ; move to first perimeter point
G1 X115.379 Y116.224 ; move to first perimeter point
G1 X115.724 Y116.307 ; move to first perimeter point
G1 X116.012 Y116.442 ; move to first perimeter point
G1 X116.042 Y116.477 ; move to first perimeter point
G1 X116.154 Y116.609 ; move to first perimeter point
G1 X116.201 Y116.57 ; move to first perimeter point
G1 Z.96 F600 ; move to first perimeter point
G1 E1.5 F1500 ;  ; unretract
;TYPE:External perimeter
;WIDTH:0.36146
G1 F900
G1 X116.468 Y116.947 E1.50653 ; perimeter
;WIDTH:0.407568
G1 X116.494 Y117.016 E1.50771 ; perimeter
;WIDTH:0.453675
G1 X116.521 Y117.085 E1.50904 ; perimeter
;WIDTH:0.499782
G1 X116.547 Y117.153 E1.51049 ; perimeter
;WIDTH:0.545889
G1 X116.573 Y117.222 E1.5121 ; perimeter
;WIDTH:0.591997
G1 X116.599 Y117.291 E1.51385 ; perimeter
;WIDTH:0.638104
G1 X116.625 Y117.359 E1.51572 ; perimeter
G1 X116.567 Y117.425 E1.51797 ; perimeter
;WIDTH:0.596333
G1 X116.509 Y117.49 E1.52005 ; perimeter
;WIDTH:0.554562
G1 X116.451 Y117.555 E1.52198 ; perimeter
;WIDTH:0.512791
G1 X116.393 Y117.621 E1.52377 ; perimeter
;WIDTH:0.471019
G1 X116.335 Y117.686 E1.5254 ; perimeter
;WIDTH:0.429248
G1 X115.967 Y117.946 E1.53304 ; perimeter
G1 X115.967 Y117.946 F7200 ; move to first perimeter point
G1 X116.97 Y116.506 ; move to first perimeter point
;WIDTH:0.36146
G1 F900
G1 X116.558 Y116.144 E1.54079 ; perimeter
G1 E.49079 F2100 ; retract
;WIPE_START
G1 F5760
G1 X116.97 Y116.506 E.30084 ; wipe and retract
;WIPE_END
G1 E.04079 F2100 ; retract
G92 E0 ; reset extrusion distance
G1 Z1.16 F600 ; move to first perimeter point
G1 X117.043 Y116.4 F7200 ; move to first perimeter point
G1 X116.633 Y116.092 ; move to first perimeter point
G1 X116.399 Y115.742 ; move to first perimeter point
G1 X116.238 Y115.354 ; move to first perimeter point
G1 X116.225 Y114.827 ; move to first perimeter point
G1 X116.277 Y114.725 ; move to first perimeter point
G1 X116.552 Y114.387 ; move to first perimeter point
G1 X116.681 Y114.357 ; move to first perimeter point
G1 X117.074 Y114.339 ; move to first perimeter point
G1 X117.17 Y114.358 ; move to first perimeter point
G1 X117.544 Y114.461 ; move to first perimeter point
G1 X117.593 Y114.328 ; move to first perimeter point
G1 Z.96 F600 ; move to first perimeter point
G1 E1.5 F1500 ;  ; unretract
;WIDTH:0.501054
G1 F900
G1 X117.677 Y114.344 E1.50171 ; perimeter
;WIDTH:0.538119
G1 X117.761 Y114.359 E1.50354 ; perimeter
;WIDTH:0.575184
G1 X117.845 Y114.375 E1.50551 ; perimeter
G1 X117.993 Y114.464 E1.50949 ; perimeter
;WIDTH:0.532322
G1 X118.141 Y114.554 E1.51317 ; perimeter
;WIDTH:0.520747
G1 X118.357 Y114.697 E1.51855 ; perimeter
;WIDTH:0.552034
G1 X118.573 Y114.84 E1.52426 ; perimeter
G1 X118.573 Y114.84 F7200 ; move to first perimeter point
G1 X118.242 Y113.357 ; move to first perimeter point
;WIDTH:0.382612
G1 F720
G1 X118.387 Y113.441 E1.52678 ; perimeter
G1 X118.412 Y113.588 E1.52902 ; perimeter
;WIDTH:0.390766
G1 X118.294 Y113.81 E1.53288 ; perimeter
;WIDTH:0.43802
G1 X117.909 Y114.168 E1.54198 ; perimeter
G1 X117.961 Y113.672 E1.55062 ; perimeter
;WIDTH:0.390766
G1 X118.103 Y113.408 E1.55522 ; perimeter
;WIDTH:0.382612
G1 X118.186 Y113.378 E1.55655 ; perimeter
G1 X118.186 Y113.378 F7200 ; move to first perimeter point
G1 X119.284 Y113.585 ; move to first perimeter point
;WIDTH:0.374738
G1 F900
G1 X119.281 Y113.59 E1.55664 ; perimeter
;WIDTH:0.373798
G1 X119.04 Y114.049 E1.56423 ; perimeter
G1 X119.04 Y114.049 F7200 ; move to first perimeter point
G1 X119.441 Y113.095 ; move to first perimeter point
;WIDTH:0.691744
G1 F900
G1 X119.594 Y113.115 E1.56853 ; perimeter
;WIDTH:0.65094
G1 X119.747 Y113.135 E1.57257 ; perimeter
G1 X119.747 Y113.135 F7200 ; move to first perimeter point
G1 X119.291 Y112.169 ; move to first perimeter point
;WIDTH:0.36146
G1 F900
G1 X118.759 Y112.064 E1.58024 ; perimeter
G1 X118.759 Y112.064 F7200 ; move to first perimeter point
G1 X118.402 Y112.524 ; move to first perimeter point
G1 F900
G1 X118.745 Y112.629 E1.58531 ; perimeter
G1 E.53531 F2100 ; retract
;WIPE_START
G1 F5760
G1 X118.402 Y112.524 E.41107 ; wipe and retract
;WIPE_END
G1 E.08531 F2100 ; retract
G92 E0 ; reset extrusion distance
G1 Z1.16 F600 ; move to first perimeter point
G1 X118.396 Y112.588 F7200 ; move to first perimeter point
G1 X118.081 Y112.628 ; move to first perimeter point
G1 X117.779 Y112.711 ; move to first perimeter point
G1 X117.715 Y112.732 ; move to first perimeter point
G1 X117.358 Y112.929 ; move to first perimeter point
G1 X117.288 Y112.978 ; move to first perimeter point
G1 X117.125 Y113.115 ; move to first perimeter point
G1 X117.093 Y113.15 ; move to first perimeter point
G1 X116.954 Y113.286 ; move to first perimeter point
G1 X116.614 Y112.939 ; move to first perimeter point
G1 Z.96 F600 ; move to first perimeter point
G1 E1.5 F1500 ;  ; unretract
;TYPE:Perimeter
;WIDTH:0.350455
G1 F720
G1 X116.472 Y113.281 E1.50507 ; perimeter
;WIDTH:0.384374
G1 X116.4 Y113.54 E1.50913 ; perimeter
;WIDTH:0.418293
G1 X116.328 Y113.799 E1.51357 ; perimeter
G1 X116.246 Y113.84 E1.51508 ; perimeter
G1 X116.055 Y114.05 E1.51976 ; perimeter
;WIDTH:0.386909
G1 X115.864 Y114.259 E1.52406 ; perimeter
;WIDTH:0.355525
G1 X115.635 Y114.03 E1.52856 ; perimeter
;WIDTH:0.383188
G1 X115.813 Y113.779 E1.53319 ; perimeter
;WIDTH:0.41085
G1 X115.992 Y113.528 E1.53818 ; perimeter
G1 X116.148 Y113.192 E1.54418 ; perimeter
;WIDTH:0.374934
G1 X116.305 Y112.856 E1.54963 ; perimeter
;WIDTH:0.339018
G1 X116.556 Y112.923 E1.55306 ; perimeter
G1 X116.556 Y112.923 F7200 ; move to first perimeter point
G1 X117.135 Y112.718 ; move to first perimeter point
;WIDTH:0.399999
G1 F720
G1 X117.081 Y112.787 E1.55444 ; perimeter
G1 X116.852 Y113.257 E1.56267 ; perimeter
G1 X116.718 Y113.782 E1.5712 ; perimeter
G1 X116.759 Y114.037 E1.57526 ; perimeter
G1 X116.448 Y114.171 E1.58059 ; perimeter
G1 X116.042 Y114.597 E1.58985 ; perimeter
G1 X115.922 Y114.821 E1.59385 ; perimeter
G1 X115.164 Y114.063 E1.61072 ; perimeter
G1 X115.486 Y113.629 E1.61922 ; perimeter
G1 X115.857 Y112.993 E1.63081 ; perimeter
G1 X116.105 Y112.442 E1.64032 ; perimeter
G1 X117.077 Y112.702 E1.65615 ; perimeter
G1 X117.077 Y112.702 F7200 ; move to first perimeter point
G1 X115.879 Y111.808 ; move to first perimeter point
;TYPE:External perimeter
;WIDTH:0.36146
G1 F900
G1 X115.991 Y111.387 E1.66231 ; perimeter
G1 E.61231 F2100 ; retract
;WIPE_START
G1 F5760
G1 X115.879 Y111.808 E.46142 ; wipe and retract
;WIPE_END
G1 E.16231 F2100 ; retract
G92 E0 ; reset extrusion distance
G1 Z1.16 F600 ; move to first perimeter point
G1 X116.022 Y111.831 F7200 ; move to first perimeter point
G1 X116.572 Y112.315 ; move to first perimeter point
G1 X116.823 Y112.477 ; move to first perimeter point
G1 X117.771 Y112.369 ; move to first perimeter point
G1 X117.886 Y112.379 ; move to first perimeter point
G1 X117.873 Y112.524 ; move to first perimeter point
G1 Z.96 F600 ; move to first perimeter point
G1 E1.5 F1500 ;  ; unretract
;WIDTH:0.399999
G1 F720
G1 X117.681 Y112.646 E1.50358 ; perimeter
G1 X117.382 Y113.018 E1.51109 ; perimeter
G1 X117.199 Y113.409 E1.51788 ; perimeter
G1 X117.091 Y113.846 E1.52496 ; perimeter
G1 X117.124 Y114.003 E1.52748 ; perimeter
;WIDTH:0.431994
G1 X117.358 Y114.166 E1.53235 ; perimeter
;WIDTH:0.463988
G1 X117.593 Y114.328 E1.5376 ; perimeter
G1 X117.353 Y114.325 E1.54202 ; perimeter
;WIDTH:0.431994
G1 X117.114 Y114.322 E1.5461 ; perimeter
;WIDTH:0.399999
G1 X116.673 Y114.48 E1.55347 ; perimeter
G1 X116.328 Y114.846 E1.56139 ; perimeter
G1 X116.156 Y115.302 E1.56906 ; perimeter
G1 X116.179 Y115.613 E1.57397 ; perimeter
G1 X114.746 Y114.185 E1.60581 ; perimeter
;WIDTH:0.397158
G1 X114.495 Y114.196 E1.60973 ; perimeter
;WIDTH:0.399999
G1 X114.756 Y113.977 E1.61509 ; perimeter
G1 X115.161 Y113.436 E1.62573 ; perimeter
G1 X115.514 Y112.833 E1.63673 ; perimeter
G1 X115.732 Y112.363 E1.64488 ; perimeter
G1 X115.879 Y111.808 E1.65392 ; perimeter
;WIDTH:0.393029
G1 X115.974 Y112.006 E1.65731 ; perimeter
;WIDTH:0.399999
G1 X117.815 Y112.508 E1.68734 ; perimeter
G1 X117.815 Y112.508 F7200 ; move to first perimeter point
G1 X117.213 Y110.754 ; move to first perimeter point
;TYPE:Perimeter
;WIDTH:0.361848
G1 F720
G1 X116.903 Y110.671 E1.69188 ; perimeter
;WIDTH:0.365568
G1 X116.915 Y110.479 E1.69463 ; perimeter
;WIDTH:0.403383
G1 X116.942 Y110.302 E1.69747 ; perimeter
;WIDTH:0.441197
G1 X116.968 Y110.124 E1.70061 ; perimeter
;WIDTH:0.479011
G1 X116.995 Y109.946 E1.70403 ; perimeter
;WIDTH:0.507363
G1 X116.994 Y109.67 E1.70961 ; perimeter
;WIDTH:0.535715
G1 X116.993 Y109.394 E1.71551 ; perimeter
G1 X117.269 Y109.32 E1.72162 ; perimeter
G1 X117.302 Y109.425 E1.72397 ; perimeter
G1 X117.446 Y109.591 E1.72867 ; perimeter
G1 X117.542 Y109.637 E1.73095 ; perimeter
G1 X117.542 Y109.776 E1.73392 ; perimeter
G1 X117.449 Y109.976 E1.73864 ; perimeter
;WIDTH:0.486335
G1 X117.356 Y110.176 E1.7429 ; perimeter
;WIDTH:0.436954
G1 X117.284 Y110.465 E1.74804 ; perimeter
;WIDTH:0.399401
G1 X117.227 Y110.696 E1.75178 ; perimeter
G1 X117.227 Y110.696 F7200 ; move to first perimeter point
G1 X117.532 Y111.212 ; move to first perimeter point
;WIDTH:0.399999
G1 F720
G1 X116.506 Y110.937 E1.7685 ; perimeter
G1 X116.554 Y110.46 E1.77604 ; perimeter
G1 X116.569 Y109.818 E1.78615 ; perimeter
G1 X116.506 Y109.063 E1.79807 ; perimeter
G1 X117.567 Y108.779 E1.81536 ; perimeter
G1 X117.668 Y109.17 E1.82172 ; perimeter
G1 X117.749 Y109.263 E1.82366 ; perimeter
G1 X117.988 Y109.358 E1.82771 ; perimeter
G1 X118.003 Y109.995 E1.83774 ; perimeter
G1 X117.733 Y110.332 E1.84454 ; perimeter
G1 X117.611 Y110.59 E1.84903 ; perimeter
G1 X117.532 Y110.998 E1.85557 ; perimeter
G1 X117.532 Y111.152 E1.85799 ; perimeter
G1 E.35799 F2100 ; retract
G92 E0 ; reset extrusion distance
G1 X117.532 Y111.152 Z1.16 F7200 ; move to first perimeter point
G1 X115.997 Y108.634 ; move to first perimeter point
G1 Z.96 F600 ; move to first perimeter point
G1 E1.5 F1500 ;  ; unretract
;TYPE:External perimeter
;WIDTH:0.36146
G1 F900
G1 X115.882 Y108.206 E1.50626 ; perimeter
G1 E.00626 F2100 ; retract
G92 E0 ; reset extrusion distance
G1 X115.882 Y108.206 Z1.16 F7200 ; move to first perimeter point
G1 X118.12 Y111.762 ; move to first perimeter point
G1 Z.96 F600 ; move to first perimeter point
G1 E1.5 F1500 ;  ; unretract
;WIDTH:0.399999
G1 F720
G1 X116.679 Y111.376 E1.52348 ; perimeter
G1 X116.116 Y111.256 E1.53254 ; perimeter
;WIDTH:0.382509
G1 X115.991 Y111.387 E1.53526 ; perimeter
;WIDTH:0.394209
G1 X116.089 Y111.113 E1.53977 ; perimeter
;WIDTH:0.399999
G1 X116.176 Y110.439 E1.55047 ; perimeter
G1 X116.177 Y109.573 E1.5641 ; perimeter
G1 X116.087 Y108.887 E1.57499 ; perimeter
;WIDTH:0.392186
G1 X115.997 Y108.634 E1.57913 ; perimeter
;WIDTH:0.38049
G1 X116.116 Y108.742 E1.58153 ; perimeter
;WIDTH:0.399999
G1 X116.6 Y108.646 E1.5893 ; perimeter
G1 X117.404 Y108.43 E1.6024 ; perimeter
G1 X118.089 Y108.162 E1.61398 ; perimeter
;WIDTH:0.376707
G1 X117.994 Y108.26 E1.616 ; perimeter
;WIDTH:0.399999
G1 X117.945 Y108.846 E1.62525 ; perimeter
G1 X117.979 Y108.954 E1.62703 ; perimeter
G1 X118.134 Y109.035 E1.62978 ; perimeter
G1 X118.367 Y109.035 E1.63345 ; perimeter
G1 X118.367 Y109.776 E1.64511 ; perimeter
G1 X118.395 Y109.97 E1.64819 ; perimeter
G1 X118.556 Y110.05 E1.65102 ; perimeter
;WIDTH:0.381391
G1 X118.709 Y110.042 E1.65331 ; perimeter
;WIDTH:0.399999
G1 X118.322 Y110.224 E1.66004 ; perimeter
G1 X118.019 Y110.581 E1.66741 ; perimeter
G1 X117.903 Y111.07 E1.67532 ; perimeter
G1 X117.982 Y111.551 E1.68299 ; perimeter
G1 X118.087 Y111.711 E1.686 ; perimeter
G1 E.636 F2100 ; retract
;WIPE_START
G1 F5760
G1 X118.12 Y111.762 E.61496 ; wipe and retract
G1 X116.924 Y111.441 E.186 ; wipe and retract
;WIPE_END
G92 E0 ; reset extrusion distance
G1 Z1.16 F600 ; move to first perimeter point
G1 X116.89 Y111.272 F7200 ; move to first perimeter point
G1 X118.145 Y108.271 ; move to first perimeter point
G1 X118.421 Y108.25 ; move to first perimeter point
G1 X118.411 Y108.115 ; move to first perimeter point
G1 Z.96 F600 ; move to first perimeter point
G1 E1.5 F1500 ;  ; unretract
;WIDTH:0.36146
G1 F900
G1 X118.089 Y108.162 E1.5046 ; perimeter
G1 X118.089 Y108.162 F7200 ; move to first perimeter point
G1 X119.114 Y107.21 ; move to first perimeter point
G1 F900
G1 X118.593 Y107.387 E1.51238 ; perimeter
G1 E.46238 F2100 ; retract
;WIPE_START
G1 F5760
G1 X119.114 Y107.21 E.2718 ; wipe and retract
;WIPE_END
G1 E.01238 F2100 ; retract
G92 E0 ; reset extrusion distance
G1 Z1.16 F600 ; move to first perimeter point
G1 X119.056 Y107.087 F7200 ; move to first perimeter point
G1 X118.584 Y107.288 ; move to first perimeter point
G1 X118.164 Y107.316 ; move to first perimeter point
G1 X117.744 Y107.267 ; move to first perimeter point
G1 X117.278 Y107.013 ; move to first perimeter point
G1 X117.216 Y106.916 ; move to first perimeter point
G1 X117.085 Y106.504 ; move to first perimeter point
G1 X117.123 Y106.382 ; move to first perimeter point
G1 X117.303 Y106.036 ; move to first perimeter point
G1 X117.365 Y105.965 ; move to first perimeter point
G1 X117.636 Y105.691 ; move to first perimeter point
G1 X117.697 Y105.636 ; move to first perimeter point
G1 X117.752 Y105.565 ; move to first perimeter point
G1 X117.614 Y105.46 ; move to first perimeter point
G1 Z.96 F600 ; move to first perimeter point
G1 E1.5 F1500 ;  ; unretract
;WIDTH:0.55427
G1 F720
G1 X117.625 Y105.293 E1.50371 ; perimeter
;WIDTH:0.573882
G1 X117.499 Y105.133 E1.50839 ; perimeter
G1 X117.682 Y105.12 E1.5126 ; perimeter
;WIDTH:0.553732
G1 X117.7 Y105.087 E1.51343 ; perimeter
;WIDTH:0.513911
G1 X117.717 Y105.055 E1.51417 ; perimeter
;WIDTH:0.474089
G1 X117.735 Y105.023 E1.51486 ; perimeter
;WIDTH:0.434268
G1 X117.753 Y104.99 E1.51551 ; perimeter
;WIDTH:0.396013
G1 X117.915 Y104.898 E1.51841 ; perimeter
;WIDTH:0.441394
G1 X117.965 Y104.895 E1.51928 ; perimeter
;WIDTH:0.486775
G1 X118.015 Y104.893 E1.52025 ; perimeter
;WIDTH:0.532156
G1 X118.065 Y104.89 E1.52131 ; perimeter
;WIDTH:0.53871
G1 X118.174 Y104.773 E1.52475 ; perimeter
;WIDTH:0.569258
G1 X118.24 Y104.908 E1.52817 ; perimeter
G1 X118.442 Y104.984 E1.53309 ; perimeter
G1 X118.203 Y105.087 E1.53902 ; perimeter
G1 X118.184 Y105.118 E1.53985 ; perimeter
;WIDTH:0.52673
G1 X118.166 Y105.149 E1.5406 ; perimeter
;WIDTH:0.484203
G1 X118.147 Y105.18 E1.5413 ; perimeter
;WIDTH:0.441675
G1 X118.129 Y105.211 E1.54193 ; perimeter
;WIDTH:0.435934
G1 X118.033 Y105.246 E1.54369 ; perimeter
;WIDTH:0.472721
G1 X117.936 Y105.282 E1.54563 ; perimeter
;WIDTH:0.509507
G1 X117.84 Y105.318 E1.54771 ; perimeter
;WIDTH:0.55427
G1 X117.665 Y105.428 E1.55229 ; perimeter
G1 X117.665 Y105.428 F7200 ; move to first perimeter point
G1 X118.557 Y104.961 ; move to first perimeter point
;WIDTH:0.5533
G1 F900
G1 X118.471 Y104.983 E1.55425 ; perimeter
;WIDTH:0.548924
G1 X118.18 Y104.754 E1.56237 ; perimeter
;WIDTH:0.544706
G1 X118.18 Y104.661 E1.56439 ; perimeter
;WIDTH:0.549252
G1 X118.035 Y104.288 E1.57317 ; perimeter
G1 X118.035 Y104.288 F7200 ; move to first perimeter point
G1 X117.114 Y104.671 ; move to first perimeter point
;WIDTH:0.602098
G1 F900
G1 X117.353 Y105.02 E1.58338 ; perimeter
;WIDTH:0.575006
G1 X117.499 Y105.133 E1.58763 ; perimeter
;WIDTH:0.573882
G1 X117.614 Y105.46 E1.59559 ; perimeter
;WIDTH:0.55427
G1 X117.586 Y105.507 E1.5968 ; perimeter
;WIDTH:0.515875
G1 X117.558 Y105.554 E1.59792 ; perimeter
;WIDTH:0.47748
G1 X117.53 Y105.6 E1.59894 ; perimeter
G1 X117.53 Y105.6 F7200 ; move to first perimeter point
G1 X116.618 Y107.052 ; move to first perimeter point
;TYPE:Perimeter
;WIDTH:0.355898
G1 F720
G1 X116.309 Y107.134 E1.60339 ; perimeter
G1 X116.25 Y107.008 E1.60532 ; perimeter
;WIDTH:0.402247
G1 X116.027 Y106.538 E1.61356 ; perimeter
;WIDTH:0.451249
G1 X116.004 Y106.452 E1.61515 ; perimeter
;WIDTH:0.50025
G1 X115.982 Y106.367 E1.6169 ; perimeter
;WIDTH:0.549251
G1 X115.96 Y106.281 E1.61885 ; perimeter
;WIDTH:0.598253
G1 X115.938 Y106.196 E1.62096 ; perimeter
;WIDTH:0.647254
G1 X115.915 Y106.11 E1.62328 ; perimeter
G1 X115.961 Y106.137 E1.62467 ; perimeter
;WIDTH:0.615816
G1 X116.058 Y106.202 E1.62756 ; perimeter
;WIDTH:0.573102
G1 X116.155 Y106.267 E1.63024 ; perimeter
;WIDTH:0.530389
G1 X116.252 Y106.333 E1.63272 ; perimeter
;WIDTH:0.487675
G1 X116.349 Y106.398 E1.63498 ; perimeter
;WIDTH:0.444961
G1 X116.447 Y106.463 E1.63705 ; perimeter
;WIDTH:0.402247
G1 X116.451 Y106.546 E1.63837 ; perimeter
G1 X116.599 Y106.995 E1.64585 ; perimeter
G1 X116.599 Y106.995 F7200 ; move to first perimeter point
G1 X117.139 Y107.281 ; move to first perimeter point
;WIDTH:0.399999
G1 F720
G1 X116.105 Y107.558 E1.6627 ; perimeter
G1 X115.81 Y106.916 E1.67382 ; perimeter
G1 X115.485 Y106.368 E1.68385 ; perimeter
G1 X115.164 Y105.937 E1.69231 ; perimeter
G1 X115.925 Y105.176 E1.70925 ; perimeter
G1 X116.001 Y105.345 E1.71217 ; perimeter
G1 X116.296 Y105.783 E1.72048 ; perimeter
G1 X116.661 Y106.148 E1.7286 ; perimeter
G1 X116.861 Y106.199 E1.73185 ; perimeter
G1 X116.834 Y106.555 E1.73747 ; perimeter
G1 X116.995 Y107.053 E1.74571 ; perimeter
G1 X117.107 Y107.23 E1.74901 ; perimeter
G1 E.24901 F2100 ; retract
G92 E0 ; reset extrusion distance
G1 X117.107 Y107.23 Z1.16 F7200 ; move to first perimeter point
G1 X114.508 Y105.817 ; move to first perimeter point
G1 Z.96 F600 ; move to first perimeter point
G1 E1.5 F1500 ;  ; unretract
;TYPE:External perimeter
;WIDTH:0.36146
G1 F900
G1 X114.196 Y105.505 E1.50624 ; perimeter
G1 E.00624 F2100 ; retract
G92 E0 ; reset extrusion distance
G1 X114.196 Y105.505 Z1.16 F7200 ; move to first perimeter point
G1 X117.966 Y107.452 ; move to first perimeter point
G1 Z.96 F600 ; move to first perimeter point
G1 E1.5 F1500 ;  ; unretract
;WIDTH:0.399999
G1 F720
G1 X115.973 Y107.993 E1.5325 ; perimeter
;WIDTH:0.394236
G1 X115.882 Y108.206 E1.53609 ; perimeter
;WIDTH:0.399999
G1 X115.725 Y107.619 E1.54565 ; perimeter
G1 X115.446 Y107.044 E1.55571 ; perimeter
G1 X115.149 Y106.547 E1.56482 ; perimeter
G1 X114.756 Y106.023 E1.57513 ; perimeter
G1 X114.508 Y105.817 E1.5802 ; perimeter
;WIDTH:0.391931
G1 X114.723 Y105.829 E1.58352 ; perimeter
;WIDTH:0.399999
G1 X116.111 Y104.455 E1.61426 ; perimeter
G1 X116.146 Y104.727 E1.61858 ; perimeter
G1 X116.346 Y105.19 E1.62652 ; perimeter
G1 X116.546 Y105.485 E1.63213 ; perimeter
G1 X116.844 Y105.809 E1.63906 ; perimeter
G1 X117.031 Y105.861 E1.64211 ; perimeter
;WIDTH:0.436017
G1 X117.504 Y105.616 E1.65129 ; perimeter
G1 X117.292 Y105.987 E1.65865 ; perimeter
;WIDTH:0.399999
G1 X117.209 Y106.448 E1.66602 ; perimeter
G1 X117.353 Y106.929 E1.67392 ; perimeter
G1 X117.662 Y107.306 E1.68159 ; perimeter
G1 X117.912 Y107.426 E1.68595 ; perimeter
G1 E.63595 F2100 ; retract
;WIPE_START
G1 F5760
G1 X117.966 Y107.452 E.61519 ; wipe and retract
G1 X116.77 Y107.776 E.18595 ; wipe and retract
;WIPE_END
G92 E0 ; reset extrusion distance
G1 Z1.16 F600 ; move to first perimeter point
G1 X116.707 Y107.598 F7200 ; move to first perimeter point
G1 X116.33 Y105.673 ; move to first perimeter point
G1 X115.915 Y106.11 ; move to first perimeter point
G1 Z.96 F600 ; move to first perimeter point
G1 E1.5 F1500 ;  ; unretract
;TYPE:Perimeter
;WIDTH:0.647254
G1 X115.824 Y105.983 E1.50406 ; perimeter
G1 E.45406 F2100 ; retract
;WIPE_START
G1 F5760
G1 X115.915 Y106.11 E.39995 ; wipe and retract
;WIPE_END
G1 E.00406 F2100 ; retract
G92 E0 ; reset extrusion distance
G1 Z1.16 F600 ; move to first perimeter point
G1 X116.33 Y105.673 F7200 ; move to first perimeter point
G1 X116.275 Y105.498 ; move to first perimeter point
G1 X116.263 Y105.457 ; move to first perimeter point
G1 X116.231 Y105.266 ; move to first perimeter point
G1 X116.222 Y105.179 ; move to first perimeter point
G1 X116.221 Y104.734 ; move to first perimeter point
G1 X116.231 Y104.667 ; move to first perimeter point
G1 X116.299 Y104.352 ; move to first perimeter point
G1 X116.311 Y104.314 ; move to first perimeter point
G1 X116.391 Y104.071 ; move to first perimeter point
G1 X116.338 Y104.034 ; move to first perimeter point
G1 Z.96 F600 ; move to first perimeter point
G1 E1.5 F1500 ;  ; unretract
;TYPE:External perimeter
;WIDTH:0.36146
G1 F900
G1 X116.591 Y103.795 E1.50492 ; perimeter
;WIDTH:0.388231
G1 X116.799 Y103.683 E1.50852 ; perimeter
;WIDTH:0.415002
G1 X117.006 Y103.57 E1.51238 ; perimeter
;WIDTH:0.452157
G1 X117.044 Y103.559 E1.51309 ; perimeter
;WIDTH:0.489312
G1 X117.081 Y103.548 E1.51384 ; perimeter
;WIDTH:0.526466
G1 X117.118 Y103.537 E1.51465 ; perimeter
G1 X117.221 Y103.411 E1.51807 ; perimeter
;WIDTH:0.493544
G1 X117.323 Y103.285 E1.52125 ; perimeter
;WIDTH:0.499642
G1 X117.495 Y103.141 E1.52571 ; perimeter
G1 X117.495 Y103.141 F7200 ; move to first perimeter point
G1 X116.493 Y103.024 ; move to first perimeter point
;WIDTH:0.36146
G1 F900
G1 X116.128 Y103.44 E1.53353 ; perimeter
G1 E.48353 F2100 ; retract
;WIPE_START
G1 F5760
G1 X116.493 Y103.024 E.29185 ; wipe and retract
;WIPE_END
G1 E.03353 F2100 ; retract
G92 E0 ; reset extrusion distance
G1 Z1.16 F600 ; move to first perimeter point
G1 X116.377 Y102.944 F7200 ; move to first perimeter point
G1 X116.626 Y102.566 ; move to first perimeter point
G1 X116.671 Y102.493 ; move to first perimeter point
G1 X116.817 Y102.121 ; move to first perimeter point
G1 X116.842 Y102.012 ; move to first perimeter point
G1 X116.839 Y101.6 ; move to first perimeter point
G1 X116.806 Y101.452 ; move to first perimeter point
G1 X116.561 Y101.039 ; move to first perimeter point
G1 X116.427 Y100.949 ; move to first perimeter point
G1 X115.796 Y100.948 ; move to first perimeter point
G1 X115.318 Y101.167 ; move to first perimeter point
G1 X114.97 Y101.511 ; move to first perimeter point
G1 X114.892 Y101.583 ; move to first perimeter point
G1 X114.807 Y101.491 ; move to first perimeter point
G1 Z.96 F600 ; move to first perimeter point
G1 E1.5 F1500 ;  ; unretract
;WIDTH:0.516876
G1 F720
G1 X114.49 Y101.889 E1.51048 ; perimeter
G1 X114.273 Y102.445 E1.52277 ; perimeter
;WIDTH:0.510383
G1 X114.265 Y102.336 E1.52499 ; perimeter
;WIDTH:0.516876
G1 X113.888 Y101.087 E1.55186 ; perimeter
G1 X113.954 Y100.969 E1.55464 ; perimeter
G1 X114.164 Y101.083 E1.55956 ; perimeter
G1 X114.485 Y101.509 E1.57055 ; perimeter
G1 X114.747 Y101.494 E1.57596 ; perimeter
G1 E.52596 F2100 ; retract
;WIPE_START
G1 F5760
G1 X114.807 Y101.491 E.50515 ; wipe and retract
G1 X114.49 Y101.889 E.32892 ; wipe and retract
G1 X114.273 Y102.445 E.1222 ; wipe and retract
G1 X114.265 Y102.336 E.08435 ; wipe and retract
G1 X114.258 Y102.313 E.07596 ; wipe and retract
;WIPE_END
G92 E0 ; reset extrusion distance
G1 Z1.16 F600 ; move to first perimeter point
G1 X114.436 Y102.361 F7200 ; move to first perimeter point
G1 X114.55 Y101.889 ; move to first perimeter point
G1 X115.318 Y101.167 ; move to first perimeter point
G1 X115.796 Y100.948 ; move to first perimeter point
G1 X116.427 Y100.949 ; move to first perimeter point
G1 X116.561 Y101.039 ; move to first perimeter point
G1 X116.806 Y101.452 ; move to first perimeter point
G1 X116.839 Y101.6 ; move to first perimeter point
G1 X116.841 Y101.779 ; move to first perimeter point
G1 X117.121 Y101.777 ; move to first perimeter point
G1 Z.96 F600 ; move to first perimeter point
G1 E1.5 F1500 ;  ; unretract
;TYPE:Perimeter
;WIDTH:0.401933
G1 F720
G1 X117.013 Y101.511 E1.50454 ; perimeter
G1 X116.92 Y101.396 E1.50688 ; perimeter
;WIDTH:0.374299
G1 X116.827 Y101.282 E1.50904 ; perimeter
;WIDTH:0.346664
G1 X116.334 Y100.907 E1.51741 ; perimeter
;WIDTH:0.378982
G1 X116.148 Y100.835 E1.52037 ; perimeter
;WIDTH:0.412483
G1 X115.963 Y100.763 E1.5236 ; perimeter
;WIDTH:0.445984
G1 X115.778 Y100.691 E1.5271 ; perimeter
;WIDTH:0.484046
G1 X115.476 Y100.707 E1.53292 ; perimeter
G1 X115.449 Y100.563 E1.53574 ; perimeter
;WIDTH:0.498747
G1 X115.08 Y100.177 E1.54634 ; perimeter
;WIDTH:0.540256
G1 X115.026 Y100.101 E1.54835 ; perimeter
;WIDTH:0.581766
G1 X114.971 Y100.026 E1.55052 ; perimeter
;WIDTH:0.623275
G1 X114.917 Y99.951 E1.55283 ; perimeter
;WIDTH:0.664784
G1 X114.863 Y99.876 E1.5553 ; perimeter
G1 X114.954 Y99.895 E1.55779 ; perimeter
;WIDTH:0.623275
G1 X115.045 Y99.915 E1.56012 ; perimeter
;WIDTH:0.581766
G1 X115.136 Y99.934 E1.56229 ; perimeter
;WIDTH:0.540256
G1 X115.228 Y99.954 E1.56432 ; perimeter
;WIDTH:0.498747
G1 X115.538 Y100.12 E1.5713 ; perimeter
;WIDTH:0.484046
G1 X115.825 Y100.264 E1.57748 ; perimeter
;WIDTH:0.441191
G1 X116.112 Y100.409 E1.58309 ; perimeter
;WIDTH:0.398335
G1 X116.406 Y100.588 E1.58848 ; perimeter
;WIDTH:0.366069
G1 X116.699 Y100.768 E1.59341 ; perimeter
;WIDTH:0.351445
G1 X117.097 Y101.083 E1.60037 ; perimeter
;WIDTH:0.376689
G1 X117.283 Y101.256 E1.60412 ; perimeter
;WIDTH:0.401933
G1 X117.469 Y101.429 E1.60814 ; perimeter
G1 X117.163 Y101.735 E1.61499 ; perimeter
G1 X117.163 Y101.735 F7200 ; move to first perimeter point
G1 X118.238 Y101.446 ; move to first perimeter point
;TYPE:External perimeter
;WIDTH:0.36146
G1 F900
G1 X118.546 Y101.756 E1.62117 ; perimeter
G1 E.57117 F2100 ; retract
;WIPE_START
G1 F5760
G1 X118.238 Y101.446 E.41982 ; wipe and retract
;WIPE_END
G1 E.12117 F2100 ; retract
G92 E0 ; reset extrusion distance
G1 Z1.16 F600 ; move to first perimeter point
G1 X118.202 Y101.515 F7200 ; move to first perimeter point
G1 X117.425 Y101.836 ; move to first perimeter point
G1 X117.15 Y102.258 ; move to first perimeter point
G1 X116.893 Y102.699 ; move to first perimeter point
G1 X116.79 Y102.847 ; move to first perimeter point
G1 X116.67 Y102.764 ; move to first perimeter point
G1 Z.96 F600 ; move to first perimeter point
G1 E1.5 F1500 ;  ; unretract
;WIDTH:0.399999
G1 F720
G1 X116.763 Y102.547 E1.50372 ; perimeter
G1 X116.806 Y102.061 E1.5114 ; perimeter
G1 X116.648 Y101.62 E1.51877 ; perimeter
G1 X116.266 Y101.263 E1.527 ; perimeter
G1 X115.768 Y101.093 E1.53528 ; perimeter
G1 X115.277 Y101.178 E1.54312 ; perimeter
;WIDTH:0.43646
G1 X115.063 Y101.308 E1.54744 ; perimeter
;WIDTH:0.47292
G1 X114.848 Y101.437 E1.55215 ; perimeter
G1 X114.881 Y101.366 E1.55362 ; perimeter
;WIDTH:0.458655
G1 X114.993 Y101.13 E1.55837 ; perimeter
;WIDTH:0.429327
G1 X115.106 Y100.893 E1.56282 ; perimeter
;WIDTH:0.399999
G1 X115.046 Y100.723 E1.56566 ; perimeter
G1 X114.545 Y100.28 E1.57618 ; perimeter
G1 X114.038 Y100.03 E1.58508 ; perimeter
G1 X113.654 Y99.991 E1.59115 ; perimeter
G1 X113.309 Y100.109 E1.59689 ; perimeter
;WIDTH:0.429166
G1 X112.992 Y100.434 E1.60459 ; perimeter
G1 X113.111 Y99.933 E1.61332 ; perimeter
;WIDTH:0.399999
G1 X113.277 Y99.315 E1.62339 ; perimeter
G1 X113.365 Y98.674 E1.63357 ; perimeter
;WIDTH:0.375129
G1 X113.277 Y98.585 E1.63541 ; perimeter
G1 X113.388 Y98.662 E1.6374 ; perimeter
;WIDTH:0.399999
G1 X114.021 Y98.956 E1.64838 ; perimeter
G1 X114.496 Y99.141 E1.6564 ; perimeter
G1 X115.447 Y99.586 E1.67292 ; perimeter
G1 X116.112 Y99.962 E1.68494 ; perimeter
G1 X116.959 Y100.529 E1.70098 ; perimeter
G1 X117.944 Y101.327 E1.72093 ; perimeter
;WIDTH:0.397452
G1 X118.238 Y101.446 E1.72589 ; perimeter
;WIDTH:0.373841
G1 X118.129 Y101.426 E1.72751 ; perimeter
;WIDTH:0.397452
G1 X117.951 Y101.495 E1.73049 ; perimeter
;WIDTH:0.399999
G1 X116.713 Y102.722 E1.75792 ; perimeter
G1 E.70792 F2100 ; retract
;WIPE_START
G1 F5760
G1 X116.67 Y102.764 E.6871 ; wipe and retract
G1 X116.763 Y102.547 E.60533 ; wipe and retract
G1 X116.806 Y102.061 E.43634 ; wipe and retract
G1 X116.648 Y101.62 E.27409 ; wipe and retract
G1 X116.614 Y101.588 E.25792 ; wipe and retract
;WIPE_END
G92 E0 ; reset extrusion distance
G1 Z1.16 F600 ; move to first perimeter point
G1 X116.953 Y100.948 F7200 ; move to first perimeter point
G1 X118.501 Y101.598 ; move to first perimeter point
G1 X119.052 Y103.047 ; move to first perimeter point
G1 X119.081 Y103.113 ; move to first perimeter point
G1 X120.239 Y105.022 ; move to first perimeter point
G1 X120.294 Y105.128 ; move to first perimeter point
G1 X120.156 Y105.199 ; move to first perimeter point
G1 Z.96 F600 ; move to first perimeter point
G1 E1.5 F1500 ;  ; unretract
;TYPE:Perimeter
;WIDTH:0.659776
G1 F720
G1 X120.014 Y105.094 E1.50469 ; perimeter
;WIDTH:0.61581
G1 X119.873 Y104.989 E1.50903 ; perimeter
;WIDTH:0.571843
G1 X119.731 Y104.884 E1.51307 ; perimeter
;WIDTH:0.527877
G1 X119.589 Y104.779 E1.51679 ; perimeter
;WIDTH:0.48391
G1 X119.382 Y104.695 E1.52109 ; perimeter
G1 X119.447 Y104.549 E1.52416 ; perimeter
G1 X119.431 Y104.451 E1.52607 ; perimeter
;WIDTH:0.450364
G1 X119.329 Y104.194 E1.531 ; perimeter
;WIDTH:0.410521
G1 X119.227 Y103.937 E1.53547 ; perimeter
;WIDTH:0.41852
G1 X119.221 Y103.869 E1.5366 ; perimeter
;WIDTH:0.466362
G1 X119.216 Y103.801 E1.53786 ; perimeter
;WIDTH:0.514205
G1 X119.21 Y103.734 E1.53924 ; perimeter
;WIDTH:0.562047
G1 X119.204 Y103.666 E1.54077 ; perimeter
;WIDTH:0.60989
G1 X119.198 Y103.599 E1.54242 ; perimeter
;WIDTH:0.657732
G1 X119.193 Y103.531 E1.54422 ; perimeter
G1 X119.25 Y103.573 E1.54609 ; perimeter
;WIDTH:0.60989
G1 X119.308 Y103.616 E1.54786 ; perimeter
;WIDTH:0.562047
G1 X119.366 Y103.658 E1.54947 ; perimeter
;WIDTH:0.514205
G1 X119.424 Y103.7 E1.55094 ; perimeter
;WIDTH:0.466362
G1 X119.482 Y103.743 E1.55228 ; perimeter
;WIDTH:0.41852
G1 X119.54 Y103.785 E1.55346 ; perimeter
;WIDTH:0.411504
G1 X119.728 Y104.127 E1.55979 ; perimeter
;WIDTH:0.447707
G1 X119.887 Y104.442 E1.56604 ; perimeter
;WIDTH:0.48391
G1 X120.047 Y104.757 E1.57283 ; perimeter
;WIDTH:0.527877
G1 X120.074 Y104.867 E1.57521 ; perimeter
;WIDTH:0.571843
G1 X120.101 Y104.978 E1.57782 ; perimeter
;WIDTH:0.61581
G1 X120.129 Y105.088 E1.58062 ; perimeter
;WIDTH:0.659776
G1 X120.142 Y105.141 E1.58207 ; perimeter
G1 X120.142 Y105.141 F7200 ; move to first perimeter point
G1 X120.284 Y106.438 ; move to first perimeter point
;WIDTH:0.39997
G1 F720
G1 X120.324 Y106.128 E1.58699 ; perimeter
;WIDTH:0.436333
G1 X120.326 Y106.036 E1.58858 ; perimeter
;WIDTH:0.479583
G1 X120.328 Y105.944 E1.59033 ; perimeter
;WIDTH:0.522833
G1 X120.33 Y105.852 E1.59225 ; perimeter
;WIDTH:0.566083
G1 X120.332 Y105.76 E1.59433 ; perimeter
;WIDTH:0.609334
G1 X120.334 Y105.668 E1.59658 ; perimeter
;WIDTH:0.652584
G1 X120.336 Y105.576 E1.59899 ; perimeter
G1 X120.38 Y105.623 E1.60068 ; perimeter
;WIDTH:0.60776
G1 X120.424 Y105.671 E1.60227 ; perimeter
;WIDTH:0.562935
G1 X120.468 Y105.718 E1.60372 ; perimeter
;WIDTH:0.518111
G1 X120.512 Y105.766 E1.60506 ; perimeter
;WIDTH:0.473287
G1 X120.556 Y105.813 E1.60627 ; perimeter
;WIDTH:0.428463
G1 X120.6 Y105.861 E1.60737 ; perimeter
;WIDTH:0.39997
G1 X120.756 Y106.312 E1.61488 ; perimeter
G1 X120.342 Y106.423 E1.62163 ; perimeter
G1 X120.342 Y106.423 F7200 ; move to first perimeter point
G1 X119.425 Y107.061 ; move to first perimeter point
;TYPE:External perimeter
;WIDTH:0.399999
G1 F720
G1 X119.589 Y106.937 E1.62487 ; perimeter
G1 X119.869 Y106.538 E1.63254 ; perimeter
G1 X119.953 Y106.076 E1.63993 ; perimeter
G1 X119.808 Y105.594 E1.64785 ; perimeter
G1 X119.5 Y105.218 E1.6555 ; perimeter
G1 X119.07 Y105.022 E1.66294 ; perimeter
;WIDTH:0.448572
G1 X118.906 Y105.003 E1.66587 ; perimeter
;WIDTH:0.497145
G1 X118.741 Y104.983 E1.66916 ; perimeter
;WIDTH:0.545718
G1 X118.576 Y104.963 E1.67278 ; perimeter
G1 X118.696 Y104.861 E1.67621 ; perimeter
;WIDTH:0.497145
G1 X118.815 Y104.758 E1.67932 ; perimeter
;WIDTH:0.448572
G1 X118.934 Y104.655 E1.68211 ; perimeter
;WIDTH:0.399999
G1 X119.028 Y104.509 E1.68484 ; perimeter
G1 X119.018 Y104.427 E1.68614 ; perimeter
G1 X118.814 Y103.88 E1.69533 ; perimeter
G1 X118.504 Y103.405 E1.70426 ; perimeter
G1 X118.146 Y103.134 E1.71133 ; perimeter
;WIDTH:0.420915
G1 X117.795 Y103.074 E1.71724 ; perimeter
;WIDTH:0.460279
G1 X117.645 Y103.107 E1.72004 ; perimeter
;WIDTH:0.499642
G1 X117.495 Y103.141 E1.7231 ; perimeter
G1 X117.649 Y102.952 E1.72795 ; perimeter
;WIDTH:0.449821
G1 X117.803 Y102.762 E1.73231 ; perimeter
;WIDTH:0.399999
G1 X118.186 Y102.38 E1.74082 ; perimeter
G1 X118.573 Y101.87 E1.7509 ; perimeter
;WIDTH:0.37399
G1 X118.546 Y101.756 E1.75262 ; perimeter
G1 X118.594 Y101.871 E1.75445 ; perimeter
;WIDTH:0.399999
G1 X119.016 Y102.461 E1.76587 ; perimeter
G1 X119.373 Y102.911 E1.77491 ; perimeter
G1 X119.849 Y103.593 E1.788 ; perimeter
G1 X120.249 Y104.251 E1.80012 ; perimeter
G1 X120.866 Y105.52 E1.82233 ; perimeter
G1 X121.071 Y106.058 E1.83139 ; perimeter
G1 X121.344 Y106.637 E1.84146 ; perimeter
;WIDTH:0.375297
G1 X121.326 Y106.634 E1.84173 ; perimeter
;WIDTH:0.399999
G1 X120.715 Y106.715 E1.85143 ; perimeter
G1 X119.483 Y107.045 E1.8715 ; perimeter
G1 X119.483 Y107.045 F7200 ; move to first perimeter point
G1 X121.416 Y106.723 ; move to first perimeter point
;WIDTH:0.36146
G1 F900
G1 X121.523 Y107.143 E1.87763 ; perimeter
G1 E.82763 F2100 ; retract
;WIPE_START
G1 F5760
G1 X121.416 Y106.723 E.67751 ; wipe and retract
;WIPE_END
G1 E.37763 F2100 ; retract
G92 E0 ; reset extrusion distance
G1 Z1.16 F600 ; move to first perimeter point
G1 X121.489 Y106.703 F7200 ; move to first perimeter point
G1 X120.548 Y105.637 ; move to first perimeter point
G1 X120.451 Y105.472 ; move to first perimeter point
G1 X120.327 Y105.191 ; move to first perimeter point
G1 X120.294 Y105.128 ; move to first perimeter point
G1 X120.156 Y105.199 ; move to first perimeter point
G1 Z.96 F600 ; move to first perimeter point
G1 E1.5 F1500 ;  ; unretract
;TYPE:Perimeter
;WIDTH:0.659776
G1 X120.336 Y105.576 E1.51109 ; perimeter
G1 E.01109 F2100 ; retract
G92 E0 ; reset extrusion distance
G1 X120.336 Y105.576 Z1.16 F7200 ; move to first perimeter point
G1 X118.564 Y102.758 ; move to first perimeter point
G1 Z.96 F600 ; move to first perimeter point
G1 E1.5 F1500 ;  ; unretract
;WIDTH:0.712628
G1 X118.742 Y102.946 E1.50744 ; perimeter
;WIDTH:0.673054
G1 X118.919 Y103.134 E1.51443 ; perimeter
;WIDTH:0.657732
G1 X119.193 Y103.531 E1.52719 ; perimeter
G1 E.47719 F2100 ; retract
;WIPE_START
G1 F5760
G1 X118.919 Y103.134 E.31012 ; wipe and retract
G1 X118.742 Y102.946 E.22069 ; wipe and retract
G1 X118.564 Y102.758 E.13102 ; wipe and retract
;WIPE_END
G1 E.02719 F2100 ; retract
G92 E0 ; reset extrusion distance
G1 Z1.16 F600 ; move to first perimeter point
G1 X118.443 Y103.17 F7200 ; move to first perimeter point
G1 X118.641 Y103.228 ; move to first perimeter point
G1 X118.743 Y103.292 ; move to first perimeter point
G1 X119.043 Y103.545 ; move to first perimeter point
G1 X121.346 Y106.753 ; move to first perimeter point
G1 X121.45 Y107.139 ; move to first perimeter point
G1 X120.819 Y107.619 ; move to first perimeter point
G1 X120.543 Y107.685 ; move to first perimeter point
G1 X118.702 Y107.941 ; move to first perimeter point
G1 X118.566 Y107.941 ; move to first perimeter point
G1 X118.145 Y108.271 ; move to first perimeter point
G1 X117.778 Y109.202 ; move to first perimeter point
G1 X118.499 Y109.928 ; move to first perimeter point
G1 X118.747 Y109.907 ; move to first perimeter point
G1 X118.758 Y110.04 ; move to first perimeter point
G1 Z.96 F600 ; move to first perimeter point
G1 E1.5 F1500 ;  ; unretract
;TYPE:External perimeter
;WIDTH:0.36146
G1 F900
G1 X119.124 Y110.014 E1.50519 ; perimeter
G1 X119.124 Y110.014 F7200 ; move to first perimeter point
G1 X120.367 Y109.692 ; move to first perimeter point
;TYPE:Perimeter
;WIDTH:0.399999
G1 F720
G1 X120.785 Y109.411 E1.51312 ; perimeter
;WIDTH:0.448794
G1 X120.851 Y109.344 E1.51479 ; perimeter
;WIDTH:0.497588
G1 X120.917 Y109.276 E1.51667 ; perimeter
;WIDTH:0.546383
G1 X120.983 Y109.208 E1.51874 ; perimeter
;WIDTH:0.595177
G1 X121.049 Y109.14 E1.521 ; perimeter
;WIDTH:0.643972
G1 X121.115 Y109.072 E1.52345 ; perimeter
;WIDTH:0.692766
G1 X121.18 Y109.004 E1.52608 ; perimeter
G1 X121.21 Y109.069 E1.52808 ; perimeter
;WIDTH:0.644232
G1 X121.24 Y109.134 E1.52993 ; perimeter
;WIDTH:0.595699
G1 X121.269 Y109.198 E1.53161 ; perimeter
;WIDTH:0.547165
G1 X121.299 Y109.263 E1.53317 ; perimeter
;WIDTH:0.498631
G1 X121.329 Y109.328 E1.53459 ; perimeter
;WIDTH:0.450097
G1 X121.352 Y109.67 E1.5407 ; perimeter
;WIDTH:0.425048
G1 X121.374 Y110.011 E1.54643 ; perimeter
;WIDTH:0.399999
G1 X121.363 Y110.498 E1.5541 ; perimeter
;WIDTH:0.443454
G1 X121.336 Y110.578 E1.55558 ; perimeter
;WIDTH:0.486908
G1 X121.308 Y110.657 E1.5572 ; perimeter
;WIDTH:0.530363
G1 X121.28 Y110.736 E1.55897 ; perimeter
;WIDTH:0.573817
G1 X121.252 Y110.815 E1.56089 ; perimeter
;WIDTH:0.617272
G1 X121.224 Y110.894 E1.56297 ; perimeter
;WIDTH:0.660726
G1 X121.196 Y110.973 E1.5652 ; perimeter
G1 X121.144 Y110.869 E1.56829 ; perimeter
;WIDTH:0.617272
G1 X121.091 Y110.765 E1.57118 ; perimeter
;WIDTH:0.573817
G1 X121.038 Y110.661 E1.57386 ; perimeter
;WIDTH:0.530363
G1 X120.985 Y110.557 E1.57633 ; perimeter
;WIDTH:0.486908
G1 X120.932 Y110.452 E1.57861 ; perimeter
;WIDTH:0.443454
G1 X120.879 Y110.348 E1.58066 ; perimeter
;WIDTH:0.399999
G1 X120.642 Y110.044 E1.58673 ; perimeter
G1 X120.445 Y109.884 E1.59072 ; perimeter
G1 X120.234 Y109.781 E1.59442 ; perimeter
G1 X120.318 Y109.725 E1.59601 ; perimeter
G1 E.54601 F2100 ; retract
;WIPE_START
G1 F5760
G1 X120.367 Y109.692 E.52555 ; wipe and retract
G1 X120.785 Y109.411 E.3511 ; wipe and retract
G1 X120.851 Y109.344 E.31853 ; wipe and retract
G1 X120.917 Y109.276 E.28571 ; wipe and retract
G1 X120.983 Y109.208 E.25289 ; wipe and retract
G1 X121.049 Y109.14 E.22007 ; wipe and retract
G1 X121.115 Y109.072 E.18725 ; wipe and retract
G1 X121.18 Y109.004 E.15467 ; wipe and retract
G1 X121.21 Y109.069 E.12987 ; wipe and retract
G1 X121.24 Y109.134 E.10507 ; wipe and retract
G1 X121.251 Y109.158 E.09601 ; wipe and retract
;WIPE_END
G92 E0 ; reset extrusion distance
G1 Z1.16 F600 ; move to first perimeter point
G1 X121.02 Y109.192 F7200 ; move to first perimeter point
G1 X120.94 Y108.65 ; move to first perimeter point
G1 X120.735 Y107.994 ; move to first perimeter point
G1 X120.174 Y108.031 ; move to first perimeter point
G1 X119.729 Y108.089 ; move to first perimeter point
G1 X119.064 Y108.186 ; move to first perimeter point
G1 X119.014 Y107.998 ; move to first perimeter point
G1 X119.199 Y107.949 ; move to first perimeter point
G1 Z.96 F600 ; move to first perimeter point
G1 E1.5 F1500 ;  ; unretract
;TYPE:External perimeter
G1 F720
G1 X120.946 Y107.481 E1.52846 ; perimeter
G1 X121.488 Y107.242 E1.53778 ; perimeter
;WIDTH:0.373011
G1 X121.523 Y107.143 E1.53931 ; perimeter
;WIDTH:0.399999
G1 X121.524 Y107.692 E1.54795 ; perimeter
G1 X121.685 Y108.74 E1.56464 ; perimeter
G1 X121.732 Y109.316 E1.57374 ; perimeter
G1 X121.753 Y110.02 E1.58482 ; perimeter
G1 X121.742 Y110.512 E1.59256 ; perimeter
G1 X121.69 Y111.196 E1.60336 ; perimeter
G1 X121.524 Y112.308 E1.62105 ; perimeter
G1 X121.52 Y112.867 E1.62985 ; perimeter
;WIDTH:0.373917
G1 X121.489 Y112.755 E1.63155 ; perimeter
;WIDTH:0.399999
G1 X121.098 Y112.56 E1.63843 ; perimeter
G1 X119.769 Y112.203 E1.66009 ; perimeter
G1 X119.896 Y112.177 E1.66213 ; perimeter
G1 X120.344 Y111.936 E1.67014 ; perimeter
G1 X120.611 Y111.576 E1.67719 ; perimeter
G1 X120.697 Y111.07 E1.68527 ; perimeter
G1 X120.581 Y110.581 E1.69318 ; perimeter
G1 X120.278 Y110.224 E1.70055 ; perimeter
G1 X119.836 Y110.018 E1.70822 ; perimeter
G1 X119.32 Y109.975 E1.71637 ; perimeter
;WIDTH:0.38168
G1 X119.168 Y110.001 E1.71868 ; perimeter
G1 X119.308 Y109.924 E1.72107 ; perimeter
;WIDTH:0.399999
G1 X120.219 Y109.336 E1.73813 ; perimeter
G1 X120.632 Y109.035 E1.74617 ; perimeter
G1 X120.658 Y108.783 E1.75016 ; perimeter
G1 X120.638 Y108.174 E1.75975 ; perimeter
G1 X120.469 Y108.071 E1.76286 ; perimeter
G1 X119.199 Y108.071 E1.78285 ; perimeter
G1 X119.199 Y108.009 E1.78383 ; perimeter
G1 E.73383 F2100 ; retract
;WIPE_START
G1 F5760
G1 X119.199 Y107.949 E.71305 ; wipe and retract
G1 X120.396 Y107.628 E.28383 ; wipe and retract
;WIPE_END
G92 E0 ; reset extrusion distance
G1 Z1.16 F600 ; move to first perimeter point
G1 X120.421 Y108.015 F7200 ; move to first perimeter point
G1 X120.735 Y107.994 ; move to first perimeter point
G1 X120.94 Y108.65 ; move to first perimeter point
G1 X121.026 Y109.237 ; move to first perimeter point
G1 X120.808 Y109.337 ; move to first perimeter point
G1 X121.014 Y109.787 ; move to first perimeter point
G1 Z.96 F600 ; move to first perimeter point
G1 E1.5 F1500 ;  ; unretract
;TYPE:Perimeter
;WIDTH:0.460114
G1 X120.987 Y109.834 E1.50099 ; perimeter
G1 X120.932 Y109.834 E1.50199 ; perimeter
G1 X120.904 Y109.787 E1.50299 ; perimeter
G1 X120.932 Y109.739 E1.504 ; perimeter
G1 X120.987 Y109.739 E1.505 ; perimeter
G1 X120.987 Y109.739 F7200 ; move to first perimeter point
G1 X121.196 Y110.973 ; move to first perimeter point
;WIDTH:0.660726
G1 F1500
G1 X121.115 Y111.647 E1.52304 ; perimeter
;WIDTH:0.700693
G1 X121.067 Y111.807 E1.52776 ; perimeter
;WIDTH:0.74636
G1 X121.019 Y111.967 E1.53279 ; perimeter
G1 X121.019 Y111.967 F7200 ; move to first perimeter point
G1 X121.52 Y112.867 ; move to first perimeter point
;TYPE:External perimeter
;WIDTH:0.36146
G1 F900
G1 X121.413 Y113.286 E1.5389 ; perimeter
G1 E.4889 F2100 ; retract
;WIPE_START
G1 F5760
G1 X121.52 Y112.867 E.33912 ; wipe and retract
;WIPE_END
G1 E.0389 F2100 ; retract
G92 E0 ; reset extrusion distance
G1 Z1.16 F600 ; move to first perimeter point
G1 X121.45 Y112.861 F7200 ; move to first perimeter point
G1 X121.346 Y113.247 ; move to first perimeter point
G1 X119.055 Y116.062 ; move to first perimeter point
G1 X119.051 Y116.459 ; move to first perimeter point
G1 X118.946 Y116.583 ; move to first perimeter point
G1 X118.528 Y116.821 ; move to first perimeter point
G1 X118.382 Y116.851 ; move to first perimeter point
G1 X118.228 Y116.851 ; move to first perimeter point
G1 X118.23 Y117.132 ; move to first perimeter point
G1 Z.96 F600 ; move to first perimeter point
G1 E1.5 F1500 ;  ; unretract
;TYPE:Perimeter
;WIDTH:0.394955
G1 F720
G1 X118.491 Y117.026 E1.50437 ; perimeter
G1 X118.597 Y116.938 E1.50651 ; perimeter
;WIDTH:0.369902
G1 X118.704 Y116.849 E1.50853 ; perimeter
;WIDTH:0.344848
G1 X119.079 Y116.357 E1.51685 ; perimeter
;WIDTH:0.38744
G1 X119.155 Y116.147 E1.52025 ; perimeter
;WIDTH:0.430599
G1 X119.23 Y115.936 E1.52406 ; perimeter
;WIDTH:0.473758
G1 X119.306 Y115.726 E1.52826 ; perimeter
G1 X119.274 Y115.495 E1.53265 ; perimeter
G1 X119.432 Y115.498 E1.53562 ; perimeter
G1 X119.496 Y115.454 E1.53708 ; perimeter
;WIDTH:0.44816
G1 X119.561 Y115.409 E1.53848 ; perimeter
;WIDTH:0.422561
G1 X119.728 Y115.2 E1.54294 ; perimeter
;WIDTH:0.375659
G1 X119.996 Y114.716 E1.55109 ; perimeter
;WIDTH:0.405276
G1 X120.051 Y114.67 E1.55223 ; perimeter
;WIDTH:0.455122
G1 X120.106 Y114.625 E1.55351 ; perimeter
;WIDTH:0.504968
G1 X120.161 Y114.58 E1.55494 ; perimeter
;WIDTH:0.554814
G1 X120.216 Y114.535 E1.55652 ; perimeter
;WIDTH:0.60466
G1 X120.27 Y114.49 E1.55822 ; perimeter
;WIDTH:0.654506
G1 X120.325 Y114.444 E1.56011 ; perimeter
G1 X120.32 Y114.515 E1.56198 ; perimeter
;WIDTH:0.60466
G1 X120.314 Y114.586 E1.56371 ; perimeter
;WIDTH:0.554814
G1 X120.309 Y114.657 E1.56529 ; perimeter
;WIDTH:0.504968
G1 X120.303 Y114.728 E1.56672 ; perimeter
;WIDTH:0.455122
G1 X120.297 Y114.799 E1.568 ; perimeter
;WIDTH:0.405276
G1 X120.292 Y114.87 E1.56914 ; perimeter
;WIDTH:0.375659
G1 X120.037 Y115.374 E1.57746 ; perimeter
;WIDTH:0.424709
G1 X119.88 Y115.598 E1.58205 ; perimeter
;WIDTH:0.473758
G1 X119.723 Y115.823 E1.58721 ; perimeter
G1 X119.603 Y116.049 E1.59202 ; perimeter
;WIDTH:0.430599
G1 X119.484 Y116.276 E1.59638 ; perimeter
;WIDTH:0.38744
G1 X119.364 Y116.502 E1.60027 ; perimeter
;WIDTH:0.344848
G1 X118.954 Y117.054 E1.60951 ; perimeter
;WIDTH:0.369902
G1 X118.763 Y117.264 E1.61362 ; perimeter
;WIDTH:0.394955
G1 X118.571 Y117.474 E1.61804 ; perimeter
G1 X118.272 Y117.175 E1.62461 ; perimeter
G1 X118.272 Y117.175 F7200 ; move to first perimeter point
G1 X118.554 Y118.238 ; move to first perimeter point
;TYPE:External perimeter
;WIDTH:0.36146
G1 F900
G1 X118.244 Y118.546 E1.63079 ; perimeter
G1 E.58079 F2100 ; retract
;WIPE_START
G1 F5760
G1 X118.554 Y118.238 E.42944 ; wipe and retract
;WIPE_END
G1 E.13079 F2100 ; retract
G92 E0 ; reset extrusion distance
G1 Z1.16 F600 ; move to first perimeter point
G1 X118.485 Y118.202 F7200 ; move to first perimeter point
G1 X118.173 Y117.453 ; move to first perimeter point
G1 X117.783 Y117.184 ; move to first perimeter point
G1 X117.359 Y116.948 ; move to first perimeter point
G1 X117.204 Y116.842 ; move to first perimeter point
G1 X117.287 Y116.721 ; move to first perimeter point
G1 Z.96 F600 ; move to first perimeter point
G1 E1.5 F1500 ;  ; unretract
;WIDTH:0.399999
G1 F720
G1 X117.439 Y116.786 E1.5026 ; perimeter
G1 X117.925 Y116.829 E1.51028 ; perimeter
G1 X118.367 Y116.671 E1.51767 ; perimeter
G1 X118.724 Y116.289 E1.5259 ; perimeter
G1 X118.893 Y115.768 E1.53452 ; perimeter
G1 X118.808 Y115.3 E1.54201 ; perimeter
;WIDTH:0.438008
G1 X118.749 Y115.185 E1.54425 ; perimeter
;WIDTH:0.476017
G1 X118.691 Y115.07 E1.54668 ; perimeter
;WIDTH:0.514025
G1 X118.632 Y114.955 E1.54933 ; perimeter
;WIDTH:0.552034
G1 X118.573 Y114.84 E1.55218 ; perimeter
G1 X118.661 Y114.87 E1.55423 ; perimeter
;WIDTH:0.517083
G1 X118.825 Y114.942 E1.55792 ; perimeter
;WIDTH:0.478055
G1 X118.988 Y115.014 E1.5613 ; perimeter
;WIDTH:0.439027
G1 X119.152 Y115.086 E1.56441 ; perimeter
;WIDTH:0.399999
G1 X119.305 Y115.103 E1.56683 ; perimeter
G1 X119.411 Y115.017 E1.56898 ; perimeter
G1 X120.176 Y113.686 E1.59314 ; perimeter
G1 X120.093 Y113.456 E1.59699 ; perimeter
;WIDTH:0.442027
G1 X120.024 Y113.392 E1.59864 ; perimeter
;WIDTH:0.484054
G1 X119.955 Y113.327 E1.60046 ; perimeter
;WIDTH:0.526081
G1 X119.886 Y113.263 E1.60243 ; perimeter
;WIDTH:0.568109
G1 X119.817 Y113.199 E1.60457 ; perimeter
;WIDTH:0.610136
G1 X119.747 Y113.135 E1.60689 ; perimeter
G1 X119.842 Y113.138 E1.60922 ; perimeter
;WIDTH:0.568109
G1 X119.936 Y113.142 E1.61136 ; perimeter
;WIDTH:0.526081
G1 X120.03 Y113.145 E1.61333 ; perimeter
;WIDTH:0.484054
G1 X120.125 Y113.149 E1.61516 ; perimeter
;WIDTH:0.442027
G1 X120.219 Y113.152 E1.6168 ; perimeter
;WIDTH:0.399999
G1 X120.763 Y113.298 E1.62566 ; perimeter
G1 X121.326 Y113.363 E1.63458 ; perimeter
G1 X121.13 Y113.777 E1.64179 ; perimeter
G1 X120.859 Y114.497 E1.6539 ; perimeter
G1 X120.615 Y115.02 E1.66298 ; perimeter
G1 X120.358 Y115.55 E1.67225 ; perimeter
G1 X120.076 Y116.042 E1.68117 ; perimeter
G1 X119.763 Y116.543 E1.69047 ; perimeter
G1 X119.471 Y116.959 E1.69847 ; perimeter
G1 X118.673 Y117.944 E1.71842 ; perimeter
;WIDTH:0.397456
G1 X118.554 Y118.238 E1.72338 ; perimeter
;WIDTH:0.373841
G1 X118.574 Y118.129 E1.725 ; perimeter
;WIDTH:0.397456
G1 X118.505 Y117.951 E1.72798 ; perimeter
;WIDTH:0.399999
G1 X117.329 Y116.764 E1.75428 ; perimeter
G1 E.70428 F2100 ; retract
;WIPE_START
G1 F5760
G1 X117.287 Y116.721 E.68346 ; wipe and retract
G1 X117.439 Y116.786 E.6262 ; wipe and retract
G1 X117.925 Y116.829 E.45721 ; wipe and retract
G1 X118.367 Y116.671 E.29463 ; wipe and retract
G1 X118.446 Y116.586 E.25428 ; wipe and retract
;WIPE_END
G92 E0 ; reset extrusion distance
G1 Z1.16 F600 ; move to first perimeter point
G1 X119.059 Y116.941 F7200 ; move to first perimeter point
G1 X120.502 Y114.42 ; move to first perimeter point
G1 X120.548 Y114.363 ; move to first perimeter point
G1 X120.911 Y114.043 ; move to first perimeter point
G1 X120.915 Y114.038 ; move to first perimeter point
G1 X120.642 Y113.749 ; move to first perimeter point
G1 Z.96 F600 ; move to first perimeter point
G1 E1.5 F1500 ;  ; unretract
;TYPE:Perimeter
;WIDTH:0.608402
G1 X120.52 Y114.026 E1.50739 ; perimeter
;WIDTH:0.640624
G1 X120.399 Y114.303 E1.51517 ; perimeter
;WIDTH:0.654506
G1 X120.325 Y114.444 E1.51936 ; perimeter
G1 E.46936 F2100 ; retract
;WIPE_START
G1 F5760
G1 X120.399 Y114.303 E.41421 ; wipe and retract
G1 X120.52 Y114.026 E.30952 ; wipe and retract
G1 X120.642 Y113.749 E.20469 ; wipe and retract
;WIPE_END
G1 E.01936 F2100 ; retract
G92 E0 ; reset extrusion distance
G1 Z1.16 F600 ; move to first perimeter point
G1 X120.253 Y113.646 F7200 ; move to first perimeter point
G1 X120.151 Y114.276 ; move to first perimeter point
G1 X120.056 Y114.635 ; move to first perimeter point
G1 X119.876 Y114.946 ; move to first perimeter point
G1 X119.333 Y115.247 ; move to first perimeter point
G1 X117.448 Y114.124 ; move to first perimeter point
G1 X114.596 Y114.299 ; move to first perimeter point
G1 X114.299 Y114.596 ; move to first perimeter point
G1 X114.183 Y114.508 ; move to first perimeter point
G1 Z.96 F600 ; move to first perimeter point
G1 E1.5 F1500 ;  ; unretract
;TYPE:External perimeter
;WIDTH:0.36146
G1 F900
G1 X114.495 Y114.196 E1.50624 ; perimeter
G1 E.45624 F2100 ; retract
;WIPE_START
G1 F5760
G1 X114.183 Y114.508 E.30342 ; wipe and retract
;WIPE_END
G1 E.00624 F2100 ; retract
G92 E0 ; reset extrusion distance
G1 Z1.16 F600 ; move to first perimeter point
G1 X113.766 Y116.467 F7200 ; move to first perimeter point
G1 Z.96 F600 ; move to first perimeter point
G1 E1.5 F1500 ;  ; unretract
;TYPE:Perimeter
;WIDTH:0.465373
G1 F720
G1 X113.627 Y116.447 E1.50259 ; perimeter
G1 X113.499 Y116.465 E1.50498 ; perimeter
;WIDTH:0.427575
G1 X113.372 Y116.483 E1.50715 ; perimeter
;WIDTH:0.389776
G1 X112.952 Y116.623 E1.51393 ; perimeter
;WIDTH:0.359602
G1 X112.868 Y116.31 E1.51849 ; perimeter
G1 X112.996 Y116.25 E1.52048 ; perimeter
;WIDTH:0.394859
G1 X113.169 Y116.178 E1.52339 ; perimeter
;WIDTH:0.430116
G1 X113.341 Y116.105 E1.52656 ; perimeter
;WIDTH:0.465373
G1 X113.514 Y116.032 E1.53003 ; perimeter
G1 X113.686 Y115.901 E1.53402 ; perimeter
;WIDTH:0.431265
G1 X113.858 Y115.771 E1.53769 ; perimeter
;WIDTH:0.397157
G1 X114.03 Y115.64 E1.54107 ; perimeter
;WIDTH:0.363049
G1 X114.264 Y115.875 E1.54578 ; perimeter
;WIDTH:0.397157
G1 X114.12 Y116.02 E1.54897 ; perimeter
;WIDTH:0.431265
G1 X113.975 Y116.166 E1.55248 ; perimeter
;WIDTH:0.465373
G1 X113.831 Y116.311 E1.55625 ; perimeter
G1 X113.789 Y116.411 E1.55825 ; perimeter
G1 X113.789 Y116.411 F7200 ; move to first perimeter point
G1 X114.039 Y116.94 ; move to first perimeter point
;WIDTH:0.399999
G1 F720
G1 X113.932 Y116.905 E1.56002 ; perimeter
G1 X113.419 Y116.853 E1.56813 ; perimeter
G1 X112.912 Y117.015 E1.57651 ; perimeter
G1 X112.717 Y117.131 E1.58008 ; perimeter
G1 X112.442 Y116.106 E1.59678 ; perimeter
G1 X113.065 Y115.82 E1.60757 ; perimeter
G1 X113.659 Y115.467 E1.61844 ; perimeter
G1 X114.063 Y115.164 E1.62639 ; perimeter
G1 X114.813 Y115.914 E1.64308 ; perimeter
G1 X114.36 Y116.267 E1.65212 ; perimeter
G1 X114.208 Y116.474 E1.65616 ; perimeter
G1 X114.059 Y116.884 E1.66303 ; perimeter
G1 X114.059 Y116.884 F7200 ; move to first perimeter point
G1 X114.65 Y117.994 ; move to first perimeter point
;TYPE:External perimeter
G1 F720
G1 X114.377 Y117.593 E1.67066 ; perimeter
G1 X113.978 Y117.313 E1.67833 ; perimeter
G1 X113.514 Y117.229 E1.68575 ; perimeter
G1 X113.036 Y117.373 E1.69361 ; perimeter
G1 X112.658 Y117.682 E1.70129 ; perimeter
G1 X112.538 Y117.925 E1.70556 ; perimeter
G1 X112.003 Y115.974 E1.7374 ; perimeter
;WIDTH:0.389503
G1 X111.859 Y115.873 E1.74009 ; perimeter
;WIDTH:0.399999
G1 X112.38 Y115.725 E1.74861 ; perimeter
G1 X112.872 Y115.494 E1.75716 ; perimeter
G1 X113.453 Y115.149 E1.76779 ; perimeter
G1 X113.977 Y114.756 E1.7781 ; perimeter
G1 X114.183 Y114.508 E1.78317 ; perimeter
;WIDTH:0.39193
G1 X114.171 Y114.723 E1.78649 ; perimeter
;WIDTH:0.399999
G1 X115.54 Y116.105 E1.8171 ; perimeter
G1 X115.393 Y116.104 E1.81941 ; perimeter
G1 X114.972 Y116.254 E1.82644 ; perimeter
G1 X114.608 Y116.554 E1.83386 ; perimeter
G1 X114.407 Y116.983 E1.84132 ; perimeter
G1 X114.434 Y117.54 E1.8501 ; perimeter
G1 X114.624 Y117.94 E1.85707 ; perimeter
G1 E.80707 F2100 ; retract
;WIPE_START
G1 F5760
G1 X114.65 Y117.994 E.78631 ; wipe and retract
G1 X114.377 Y117.593 E.61829 ; wipe and retract
G1 X113.978 Y117.313 E.44946 ; wipe and retract
G1 X113.716 Y117.265 E.35707 ; wipe and retract
;WIPE_END
G92 E0 ; reset extrusion distance
G1 Z1.16 F600 ; move to first perimeter point
G1 X113.782 Y117.154 F7200 ; move to first perimeter point
G1 X112.21 Y116.453 ; move to first perimeter point
G1 X111.831 Y116.021 ; move to first perimeter point
G1 X111.425 Y116.13 ; move to first perimeter point
G1 X111.364 Y115.997 ; move to first perimeter point
G1 Z.96 F600 ; move to first perimeter point
G1 E1.5 F1500 ;  ; unretract
;WIDTH:0.36146
G1 F900
G1 X111.844 Y115.874 E1.507 ; perimeter
G1 E.457 F2100 ; retract
;WIPE_START
G1 F5760
G1 X111.364 Y115.997 E.28538 ; wipe and retract
;WIPE_END
G1 E.007 F2100 ; retract
G92 E0 ; reset extrusion distance
G1 Z1.16 F600 ; move to first perimeter point
G1 X109.909 Y117.395 F7200 ; move to first perimeter point
G1 Z.96 F600 ; move to first perimeter point
G1 E1.5 F1500 ;  ; unretract
;TYPE:Perimeter
;WIDTH:0.413889
G1 F720
G1 X109.808 Y117.329 E1.50197 ; perimeter
G1 X109.527 Y117.267 E1.50666 ; perimeter
;WIDTH:0.385177
G1 X109.245 Y117.205 E1.51103 ; perimeter
;WIDTH:0.356465
G1 X109.327 Y116.9 E1.51543 ; perimeter
;WIDTH:0.385177
G1 X109.619 Y116.93 E1.51987 ; perimeter
;WIDTH:0.413889
G1 X109.912 Y116.961 E1.52468 ; perimeter
G1 X110.051 Y116.943 E1.52697 ; perimeter
;WIDTH:0.420687
G1 X110.117 Y116.962 E1.52811 ; perimeter
;WIDTH:0.467625
G1 X110.183 Y116.982 E1.52939 ; perimeter
;WIDTH:0.514563
G1 X110.249 Y117.002 E1.5308 ; perimeter
;WIDTH:0.5615
G1 X110.315 Y117.022 E1.53235 ; perimeter
;WIDTH:0.608438
G1 X110.381 Y117.042 E1.53403 ; perimeter
;WIDTH:0.655376
G1 X110.448 Y117.062 E1.53587 ; perimeter
G1 X110.34 Y117.129 E1.53922 ; perimeter
;WIDTH:0.607079
G1 X110.232 Y117.195 E1.5423 ; perimeter
;WIDTH:0.558781
G1 X110.124 Y117.262 E1.54514 ; perimeter
;WIDTH:0.510484
G1 X110.016 Y117.328 E1.54771 ; perimeter
;WIDTH:0.462187
G1 X109.96 Y117.363 E1.54892 ; perimeter
G1 X109.96 Y117.363 F7200 ; move to first perimeter point
G1 X109.984 Y117.938 ; move to first perimeter point
;WIDTH:0.399999
G1 F720
G1 X109.625 Y117.668 E1.55599 ; perimeter
G1 X109.055 Y117.532 E1.56521 ; perimeter
G1 X108.785 Y117.542 E1.56946 ; perimeter
G1 X109.063 Y116.506 E1.58634 ; perimeter
G1 X109.593 Y116.557 E1.59472 ; perimeter
G1 X110.42 Y116.556 E1.60774 ; perimeter
G1 X110.937 Y116.506 E1.61591 ; perimeter
G1 X111.245 Y117.653 E1.6346 ; perimeter
G1 X111.111 Y117.567 E1.63711 ; perimeter
G1 X110.378 Y117.581 E1.64865 ; perimeter
G1 X110.131 Y117.708 E1.65302 ; perimeter
G1 X110.016 Y117.888 E1.65638 ; perimeter
G1 E.60638 F2100 ; retract
;WIPE_START
G1 F5760
G1 X109.984 Y117.938 E.58582 ; wipe and retract
G1 X109.625 Y117.668 E.43024 ; wipe and retract
G1 X109.055 Y117.532 E.22728 ; wipe and retract
G1 X108.851 Y117.54 E.15638 ; wipe and retract
;WIPE_END
G92 E0 ; reset extrusion distance
G1 Z1.16 F600 ; move to first perimeter point
G1 X108.947 Y117.797 F7200 ; move to first perimeter point
G1 X109.54 Y117.762 ; move to first perimeter point
G1 X109.653 Y117.874 ; move to first perimeter point
G1 X109.901 Y118.209 ; move to first perimeter point
G1 X110.132 Y118.702 ; move to first perimeter point
G1 X110.157 Y118.82 ; move to first perimeter point
G1 X110.158 Y118.885 ; move to first perimeter point
G1 X110.7 Y119.717 ; move to first perimeter point
G1 X111.066 Y119.82 ; move to first perimeter point
G1 Z.96 F600 ; move to first perimeter point
G1 E1.5 F1500 ;  ; unretract
;TYPE:External perimeter
;WIDTH:0.408986
G1 F720
G1 X110.252 Y119.815 E1.51311 ; perimeter
;WIDTH:0.457231
G1 X110.097 Y119.855 E1.51601 ; perimeter
;WIDTH:0.471192
G1 X110.049 Y119.912 E1.5174 ; perimeter
G1 X110.063 Y119.839 E1.51879 ; perimeter
;WIDTH:0.457231
G1 X110.08 Y119.558 E1.52389 ; perimeter
;WIDTH:0.428615
G1 X110.097 Y119.276 E1.52867 ; perimeter
;WIDTH:0.425537
G1 X110.079 Y119.019 E1.533 ; perimeter
;WIDTH:0.451074
G1 X110.06 Y118.761 E1.53762 ; perimeter
;WIDTH:0.47091
G1 X109.861 Y118.306 E1.5469 ; perimeter
G1 X109.666 Y118.163 E1.55142 ; perimeter
;WIDTH:0.435455
G1 X109.472 Y118.019 E1.55558 ; perimeter
;WIDTH:0.399999
G1 X108.983 Y117.903 E1.56349 ; perimeter
G1 X108.502 Y117.982 E1.57116 ; perimeter
G1 X108.224 Y118.173 E1.57647 ; perimeter
G1 X108.624 Y116.679 E1.60081 ; perimeter
G1 X108.744 Y116.116 E1.60987 ; perimeter
;WIDTH:0.382537
G1 X108.613 Y115.99 E1.6126 ; perimeter
;WIDTH:0.394248
G1 X108.887 Y116.089 E1.61712 ; perimeter
;WIDTH:0.399999
G1 X109.502 Y116.173 E1.62689 ; perimeter
G1 X110.01 Y116.2 E1.6349 ; perimeter
G1 X110.51 Y116.172 E1.64278 ; perimeter
G1 X111.113 Y116.087 E1.65236 ; perimeter
;WIDTH:0.392061
G1 X111.364 Y115.997 E1.65647 ; perimeter
;WIDTH:0.380354
G1 X111.258 Y116.116 E1.65885 ; perimeter
;WIDTH:0.399999
G1 X111.354 Y116.6 E1.66662 ; perimeter
G1 X111.558 Y117.362 E1.67903 ; perimeter
;WIDTH:0.435172
G1 X111.687 Y117.909 E1.6887 ; perimeter
G1 X111.81 Y118.303 E1.6958 ; perimeter
;WIDTH:0.400811
G1 X111.934 Y118.698 E1.70233 ; perimeter
;WIDTH:0.412886
G1 X111.929 Y118.768 E1.70347 ; perimeter
;WIDTH:0.459321
G1 X111.923 Y118.838 E1.70475 ; perimeter
;WIDTH:0.505756
G1 X111.918 Y118.908 E1.70616 ; perimeter
;WIDTH:0.552191
G1 X111.913 Y118.978 E1.70771 ; perimeter
;WIDTH:0.598627
G1 X111.908 Y119.048 E1.70939 ; perimeter
;WIDTH:0.645062
G1 X111.902 Y119.119 E1.71124 ; perimeter
G1 X111.854 Y119.068 E1.71306 ; perimeter
;WIDTH:0.598627
G1 X111.805 Y119.017 E1.71476 ; perimeter
;WIDTH:0.552191
G1 X111.756 Y118.966 E1.71632 ; perimeter
;WIDTH:0.505756
G1 X111.708 Y118.915 E1.71773 ; perimeter
;WIDTH:0.459321
G1 X111.659 Y118.865 E1.719 ; perimeter
;WIDTH:0.412886
G1 X111.61 Y118.814 E1.72015 ; perimeter
;WIDTH:0.400811
G1 X111.455 Y118.431 E1.72667 ; perimeter
;WIDTH:0.435172
G1 X111.299 Y118.049 E1.73377 ; perimeter
G1 X111.111 Y117.945 E1.73747 ; perimeter
;WIDTH:0.399999
G1 X110.559 Y117.945 E1.74616 ; perimeter
G1 X110.381 Y117.992 E1.74906 ; perimeter
;WIDTH:0.435455
G1 X110.333 Y118.081 E1.7508 ; perimeter
;WIDTH:0.47091
G1 X110.284 Y118.171 E1.75271 ; perimeter
G1 X110.499 Y118.638 E1.76232 ; perimeter
;WIDTH:0.451074
G1 X110.618 Y118.867 E1.76693 ; perimeter
;WIDTH:0.425537
G1 X110.736 Y119.097 E1.77127 ; perimeter
;WIDTH:0.399999
G1 X111.041 Y119.765 E1.78283 ; perimeter
G1 X111.041 Y119.765 F7200 ; move to first perimeter point
G1 X111.902 Y119.119 ; move to first perimeter point
;WIDTH:0.645062
G1 F900
G1 X111.984 Y119.345 E1.78906 ; perimeter
;WIDTH:0.605171
G1 X112.065 Y119.571 E1.79489 ; perimeter
;WIDTH:0.565279
G1 X112.146 Y119.797 E1.80032 ; perimeter
;WIDTH:0.525388
G1 X112.227 Y120.024 E1.80537 ; perimeter
;WIDTH:0.49029
G1 X112.251 Y120.12 E1.8073 ; perimeter
G1 X112.251 Y120.12 F7200 ; move to first perimeter point
G1 X112.773 Y119.126 ; move to first perimeter point
;WIDTH:0.36146
G1 F900
G1 X112.597 Y118.612 E1.81498 ; perimeter
G1 E.76498 F2100 ; retract
;WIPE_START
G1 F5760
G1 X112.773 Y119.126 E.57681 ; wipe and retract
;WIPE_END
G1 E.31498 F2100 ; retract
G92 E0 ; reset extrusion distance
G1 Z1.16 F600 ; move to first perimeter point
G1 X112.661 Y119.156 F7200 ; move to first perimeter point
G1 X113.351 Y120.541 ; move to first perimeter point
G1 X113.247 Y121.346 ; move to first perimeter point
G1 X112.861 Y121.45 ; move to first perimeter point
G1 X112.592 Y121.057 ; move to first perimeter point
G1 X112.459 Y120.798 ; move to first perimeter point
G1 X111.283 Y117.866 ; move to first perimeter point
G1 X110.807 Y117.723 ; move to first perimeter point
G1 X110.044 Y117.837 ; move to first perimeter point
G1 X110.61 Y119.309 ; move to first perimeter point
G1 X110.633 Y119.411 ; move to first perimeter point
G1 X110.518 Y119.436 ; move to first perimeter point
G1 Z.96 F600 ; move to first perimeter point
G1 E1.5 F1500 ;  ; unretract
;TYPE:Perimeter
;WIDTH:0.409772
G1 X110.494 Y119.478 E1.50078 ; perimeter
G1 X110.421 Y119.436 E1.50214 ; perimeter
G1 X110.494 Y119.394 E1.5035 ; perimeter
G1 E.4535 F2100 ; retract
;WIPE_START
G1 F5760
G1 X110.421 Y119.436 E.42433 ; wipe and retract
G1 X110.494 Y119.478 E.39516 ; wipe and retract
G1 X110.518 Y119.436 E.37841 ; wipe and retract
;WIPE_END
G1 E.0035 F2100 ; retract
G92 E0 ; reset extrusion distance
G1 Z1.16 F600 ; move to first perimeter point
G1 X110.633 Y119.411 F7200 ; move to first perimeter point
G1 X110.044 Y117.837 ; move to first perimeter point
G1 X110.807 Y117.723 ; move to first perimeter point
G1 X111.283 Y117.866 ; move to first perimeter point
G1 X112.459 Y120.798 ; move to first perimeter point
G1 X112.592 Y121.057 ; move to first perimeter point
G1 X112.861 Y121.45 ; move to first perimeter point
G1 X113.247 Y121.346 ; move to first perimeter point
G1 X113.351 Y120.541 ; move to first perimeter point
G1 X112.676 Y118.605 ; move to first perimeter point
G1 X112.648 Y118.185 ; move to first perimeter point
G1 X112.714 Y117.776 ; move to first perimeter point
G1 X112.961 Y117.316 ; move to first perimeter point
G1 X113.448 Y116.976 ; move to first perimeter point
G1 X113.597 Y117.044 ; move to first perimeter point
G1 X113.954 Y117.257 ; move to first perimeter point
G1 X114.032 Y117.337 ; move to first perimeter point
G1 X114.282 Y117.647 ; move to first perimeter point
G1 X114.326 Y117.719 ; move to first perimeter point
G1 X114.555 Y118.108 ; move to first perimeter point
G1 X114.558 Y118.112 ; move to first perimeter point
G1 X114.682 Y118.041 ; move to first perimeter point
G1 Z.96 F600 ; move to first perimeter point
G1 E1.5 F1500 ;  ; unretract
;TYPE:External perimeter
;WIDTH:0.399999
G1 F720
G1 X114.975 Y118.456 E1.50799 ; perimeter
G1 X115.413 Y118.732 E1.51614 ; perimeter
G1 X115.916 Y118.8 E1.52413 ; perimeter
G1 X116.432 Y118.635 E1.53266 ; perimeter
G1 X116.734 Y118.435 E1.53836 ; perimeter
G1 X116.966 Y118.213 E1.54341 ; perimeter
G1 X117.017 Y117.965 E1.54739 ; perimeter
;WIDTH:0.438861
G1 X116.978 Y117.857 E1.54938 ; perimeter
;WIDTH:0.477724
G1 X116.938 Y117.749 E1.55156 ; perimeter
;WIDTH:0.516586
G1 X116.898 Y117.642 E1.55391 ; perimeter
;WIDTH:0.555448
G1 X116.858 Y117.534 E1.55647 ; perimeter
G1 X116.952 Y117.6 E1.55902 ; perimeter
;WIDTH:0.516586
G1 X117.046 Y117.666 E1.56138 ; perimeter
;WIDTH:0.477724
G1 X117.14 Y117.733 E1.56357 ; perimeter
;WIDTH:0.438861
G1 X117.233 Y117.799 E1.56555 ; perimeter
;WIDTH:0.399999
G1 X117.654 Y118.219 E1.57491 ; perimeter
G1 X118.13 Y118.573 E1.58425 ; perimeter
;WIDTH:0.37399
G1 X118.244 Y118.546 E1.58597 ; perimeter
G1 X118.129 Y118.594 E1.5878 ; perimeter
;WIDTH:0.399999
G1 X116.53 Y119.773 E1.61907 ; perimeter
G1 X116.098 Y120.048 E1.62713 ; perimeter
G1 X115.593 Y120.337 E1.63629 ; perimeter
G1 X114.978 Y120.646 E1.64712 ; perimeter
G1 X114.515 Y120.851 E1.65509 ; perimeter
G1 X113.539 Y121.217 E1.67149 ; perimeter
;WIDTH:0.397199
G1 X113.289 Y121.411 E1.67643 ; perimeter
;WIDTH:0.373842
G1 X113.361 Y121.327 E1.67805 ; perimeter
;WIDTH:0.397199
G1 X113.39 Y121.14 E1.68101 ; perimeter
;WIDTH:0.399999
G1 X112.968 Y119.53 E1.7072 ; perimeter
G1 X113.027 Y119.609 E1.70875 ; perimeter
G1 X113.427 Y119.89 E1.71644 ; perimeter
G1 X113.899 Y119.974 E1.72398 ; perimeter
G1 X114.385 Y119.823 E1.73199 ; perimeter
G1 X114.783 Y119.477 E1.74029 ; perimeter
G1 X114.956 Y119.007 E1.74817 ; perimeter
G1 X114.903 Y118.498 E1.75622 ; perimeter
G1 X114.708 Y118.095 E1.76327 ; perimeter
G1 E.71327 F2100 ; retract
;WIPE_START
G1 F5760
G1 X114.682 Y118.041 E.69251 ; wipe and retract
G1 X114.975 Y118.456 E.51656 ; wipe and retract
G1 X115.413 Y118.732 E.33725 ; wipe and retract
G1 X115.625 Y118.761 E.26327 ; wipe and retract
;WIPE_END
G92 E0 ; reset extrusion distance
G1 Z1.16 F600 ; move to first perimeter point
G1 X115.144 Y118.791 F7200 ; move to first perimeter point
G1 X114.944 Y119.835 ; move to first perimeter point
G1 X114.653 Y120.075 ; move to first perimeter point
G1 X114.749 Y120.192 ; move to first perimeter point
G1 Z.96 F600 ; move to first perimeter point
G1 E1.5 F1500 ;  ; unretract
;TYPE:Perimeter
;WIDTH:0.661576
G1 X114.242 Y120.411 E1.5147 ; perimeter
G1 E.0147 F2100 ; retract
G92 E0 ; reset extrusion distance
G1 X114.242 Y120.411 Z1.16 F7200 ; move to first perimeter point
G1 X117.307 Y118.566 ; move to first perimeter point
G1 Z.96 F600 ; move to first perimeter point
G1 E1.5 F1500 ;  ; unretract
;WIDTH:0.62314
G1 X116.752 Y119.014 E1.51784 ; perimeter
;WIDTH:0.626578
G1 X116.69 Y119.057 E1.51974 ; perimeter
G1 E.46974 F2100 ; retract
;WIPE_START
G1 F5760
G1 X116.752 Y119.014 E.44361 ; wipe and retract
G1 X117.307 Y118.566 E.19657 ; wipe and retract
;WIPE_END
G1 E.01974 F2100 ; retract
G92 E0 ; reset extrusion distance
G1 Z1.16 F600 ; move to first perimeter point
G1 X116.914 Y118.402 F7200 ; move to first perimeter point
G1 X116.847 Y118.548 ; move to first perimeter point
G1 X116.744 Y118.721 ; move to first perimeter point
G1 X116.604 Y118.941 ; move to first perimeter point
G1 X116.493 Y118.991 ; move to first perimeter point
G1 X115.993 Y119.092 ; move to first perimeter point
G1 X115.835 Y119.025 ; move to first perimeter point
G1 X115.433 Y118.804 ; move to first perimeter point
G1 X115.346 Y118.724 ; move to first perimeter point
G1 X114.032 Y117.337 ; move to first perimeter point
G1 X113.954 Y117.257 ; move to first perimeter point
G1 X113.597 Y117.044 ; move to first perimeter point
G1 X111.831 Y116.021 ; move to first perimeter point
G1 X111.425 Y116.13 ; move to first perimeter point
G1 X110.027 Y116.568 ; move to first perimeter point
G1 X110 Y116.568 ; move to first perimeter point
G1 X109.884 Y116.524 ; move to first perimeter point
G1 X109.858 Y116.514 ; move to first perimeter point
G1 X108.192 Y115.736 ; move to first perimeter point
G1 X108.173 Y115.734 ; move to first perimeter point
G1 X108.156 Y115.874 ; move to first perimeter point
G1 Z.96 F600 ; move to first perimeter point
G1 E1.5 F1500 ;  ; unretract
;TYPE:External perimeter
;WIDTH:0.36146
G1 F900
G1 X108.613 Y115.99 E1.50666 ; perimeter
G1 E.45666 F2100 ; retract
;WIPE_START
G1 F5760
G1 X108.156 Y115.874 E.29336 ; wipe and retract
;WIPE_END
G1 E.00666 F2100 ; retract
G92 E0 ; reset extrusion distance
G1 Z1.16 F600 ; move to first perimeter point
G1 X108.173 Y115.733 F7200 ; move to first perimeter point
G1 X107.355 Y115.731 ; move to first perimeter point
G1 X107.203 Y115.729 ; move to first perimeter point
G1 X107.049 Y115.724 ; move to first perimeter point
G1 X106.895 Y115.715 ; move to first perimeter point
G1 X106.74 Y115.701 ; move to first perimeter point
G1 X106.716 Y115.688 ; move to first perimeter point
G1 X104.821 Y113.626 ; move to first perimeter point
G1 X104.713 Y113.563 ; move to first perimeter point
G1 X104.583 Y113.482 ; move to first perimeter point
G1 X104.453 Y113.397 ; move to first perimeter point
G1 X104.326 Y113.307 ; move to first perimeter point
G1 X104.312 Y113.284 ; move to first perimeter point
G1 X104.292 Y113.162 ; move to first perimeter point
G1 X104.288 Y113.134 ; move to first perimeter point
G1 X104.163 Y111.428 ; move to first perimeter point
G1 X104.143 Y111.352 ; move to first perimeter point
G1 X104.009 Y111.387 ; move to first perimeter point
G1 Z.96 F600 ; move to first perimeter point
G1 E1.5 F1500 ;  ; unretract
G1 F900
G1 X104.121 Y111.808 E1.50616 ; perimeter
G1 E.45616 F2100 ; retract
;WIPE_START
G1 F5760
G1 X104.009 Y111.387 E.30527 ; wipe and retract
;WIPE_END
G1 E.00616 F2100 ; retract
G92 E0 ; reset extrusion distance
G1 Z1.16 F600 ; move to first perimeter point
G1 X103.87 Y111.425 F7200 ; move to first perimeter point
G1 X103.979 Y111.831 ; move to first perimeter point
G1 X102.735 Y113.962 ; move to first perimeter point
G1 X102.666 Y114.043 ; move to first perimeter point
G1 X102.394 Y114.327 ; move to first perimeter point
G1 X102.326 Y114.389 ; move to first perimeter point
G1 X101.907 Y114.581 ; move to first perimeter point
G1 X101.424 Y114.797 ; move to first perimeter point
G1 X100.961 Y114.955 ; move to first perimeter point
G1 X100.866 Y114.942 ; move to first perimeter point
G1 X100.714 Y114.939 ; move to first perimeter point
G1 X100.705 Y115.349 ; move to first perimeter point
G1 Z.96 F600 ; move to first perimeter point
G1 E1.5 F1500 ;  ; unretract
;TYPE:Perimeter
;WIDTH:0.530203
G1 F720
G1 X100.672 Y115.835 E1.5103 ; perimeter
;WIDTH:0.573303
G1 X100.712 Y116.038 E1.51505 ; perimeter
;WIDTH:0.616403
G1 X100.751 Y116.241 E1.52016 ; perimeter
;WIDTH:0.659502
G1 X100.791 Y116.444 E1.52565 ; perimeter
G1 X100.704 Y116.356 E1.52893 ; perimeter
;WIDTH:0.619682
G1 X100.617 Y116.268 E1.53201 ; perimeter
;WIDTH:0.579862
G1 X100.331 Y115.866 E1.54346 ; perimeter
;WIDTH:0.530203
G1 X99.968 Y115.221 E1.55911 ; perimeter
;WIDTH:0.567173
G1 X99.91 Y115.053 E1.56314 ; perimeter
;WIDTH:0.604142
G1 X99.852 Y114.885 E1.56745 ; perimeter
;WIDTH:0.641112
G1 X99.794 Y114.717 E1.57203 ; perimeter
G1 X99.914 Y114.828 E1.57624 ; perimeter
;WIDTH:0.604142
G1 X100.033 Y114.94 E1.5802 ; perimeter
;WIDTH:0.567173
G1 X100.153 Y115.051 E1.58391 ; perimeter
;WIDTH:0.530203
G1 X100.394 Y115.223 E1.59017 ; perimeter
G1 X100.649 Y115.326 E1.59599 ; perimeter
G1 X100.649 Y115.326 F7200 ; move to first perimeter point
G1 X99.6 Y114.267 ; move to first perimeter point
;WIDTH:0.662154
G1 F720
G1 X99.555 Y114.212 E1.59788 ; perimeter
;WIDTH:0.613154
G1 X99.511 Y114.158 E1.59959 ; perimeter
;WIDTH:0.564154
G1 X99.466 Y114.103 E1.60119 ; perimeter
;WIDTH:0.515154
G1 X99.422 Y114.049 E1.60262 ; perimeter
;WIDTH:0.466154
G1 X99.378 Y113.995 E1.60391 ; perimeter
;WIDTH:0.417154
G1 X99.333 Y113.94 E1.60508 ; perimeter
;WIDTH:0.389992
G1 X99.243 Y113.683 E1.60925 ; perimeter
G1 X99.706 Y113.559 E1.61659 ; perimeter
;WIDTH:0.435353
G1 X99.688 Y113.677 E1.61864 ; perimeter
;WIDTH:0.480713
G1 X99.67 Y113.795 E1.62092 ; perimeter
;WIDTH:0.526073
G1 X99.653 Y113.913 E1.62342 ; perimeter
;WIDTH:0.571433
G1 X99.635 Y114.031 E1.62615 ; perimeter
;WIDTH:0.616794
G1 X99.617 Y114.149 E1.6291 ; perimeter
;WIDTH:0.662154
G1 X99.609 Y114.207 E1.63066 ; perimeter
G1 X99.609 Y114.207 F7200 ; move to first perimeter point
G1 X98.589 Y113.289 ; move to first perimeter point
;TYPE:External perimeter
;WIDTH:0.36146
G1 F900
G1 X98.476 Y112.867 E1.63684 ; perimeter
G1 E.58684 F2100 ; retract
;WIPE_START
G1 F5760
G1 X98.589 Y113.289 E.43553 ; wipe and retract
;WIPE_END
G1 E.13684 F2100 ; retract
G92 E0 ; reset extrusion distance
G1 Z1.16 F600 ; move to first perimeter point
G1 X98.654 Y113.247 F7200 ; move to first perimeter point
G1 X99.877 Y114.601 ; move to first perimeter point
G1 X100.274 Y114.871 ; move to first perimeter point
G1 X100.42 Y114.932 ; move to first perimeter point
G1 X100.961 Y114.955 ; move to first perimeter point
G1 X101.424 Y114.797 ; move to first perimeter point
G1 X101.546 Y114.741 ; move to first perimeter point
G1 X101.6 Y114.86 ; move to first perimeter point
G1 Z.96 F600 ; move to first perimeter point
G1 E1.5 F1500 ;  ; unretract
;WIDTH:0.397975
G1 F720
G1 X101.325 Y115.072 E1.50544 ; perimeter
;WIDTH:0.399999
G1 X101.138 Y115.427 E1.51175 ; perimeter
G1 X101.116 Y115.84 E1.51826 ; perimeter
G1 X101.265 Y116.26 E1.52527 ; perimeter
G1 X101.567 Y116.628 E1.53276 ; perimeter
G1 X101.991 Y116.825 E1.54012 ; perimeter
G1 X102.49 Y116.816 E1.54797 ; perimeter
G1 X102.691 Y116.743 E1.55134 ; perimeter
G1 X101.834 Y117.601 E1.57043 ; perimeter
G1 X101.427 Y118.13 E1.58093 ; perimeter
;WIDTH:0.37399
G1 X101.454 Y118.244 E1.58265 ; perimeter
G1 X101.406 Y118.129 E1.58448 ; perimeter
;WIDTH:0.399999
G1 X100.983 Y117.538 E1.59592 ; perimeter
G1 X100.634 Y117.1 E1.60473 ; perimeter
G1 X100.227 Y116.529 E1.61577 ; perimeter
G1 X99.953 Y116.098 E1.62381 ; perimeter
G1 X99.575 Y115.428 E1.63592 ; perimeter
G1 X99.142 Y114.498 E1.65206 ; perimeter
G1 X98.783 Y113.539 E1.66818 ; perimeter
;WIDTH:0.397195
G1 X98.589 Y113.289 E1.67312 ; perimeter
;WIDTH:0.373841
G1 X98.673 Y113.361 E1.67474 ; perimeter
;WIDTH:0.397195
G1 X98.86 Y113.39 E1.6777 ; perimeter
;WIDTH:0.399999
G1 X100.512 Y112.957 E1.70458 ; perimeter
G1 X100.399 Y113.041 E1.7068 ; perimeter
G1 X100.118 Y113.441 E1.71449 ; perimeter
G1 X100.035 Y113.902 E1.72186 ; perimeter
G1 X100.18 Y114.384 E1.72978 ; perimeter
G1 X100.488 Y114.76 E1.73743 ; perimeter
G1 X100.918 Y114.956 E1.74487 ; perimeter
G1 X101.425 Y114.933 E1.75286 ; perimeter
;WIDTH:0.382817
G1 X101.545 Y114.883 E1.75481 ; perimeter
G1 X101.545 Y114.883 F7200 ; move to first perimeter point
G1 X99.794 Y114.717 ; move to first perimeter point
;TYPE:Perimeter
;WIDTH:0.662154
G1 F1500
G1 X99.6 Y114.267 E1.76786 ; perimeter
G1 E.26786 F2100 ; retract
G92 E0 ; reset extrusion distance
G1 X99.6 Y114.267 Z1.16 F7200 ; move to first perimeter point
G1 X101.062 Y116.82 ; move to first perimeter point
G1 Z.96 F600 ; move to first perimeter point
G1 E1.5 F1500 ;  ; unretract
;WIDTH:0.660284
G1 X100.791 Y116.444 E1.51231 ; perimeter
G1 E.46231 F2100 ; retract
;WIPE_START
G1 F5760
G1 X101.062 Y116.82 E.30178 ; wipe and retract
;WIPE_END
G1 E.01231 F2100 ; retract
G92 E0 ; reset extrusion distance
G1 Z1.16 F600 ; move to first perimeter point
G1 X100.927 Y116.881 F7200 ; move to first perimeter point
G1 X101.684 Y118.585 ; move to first perimeter point
G1 X103.046 Y119.052 ; move to first perimeter point
G1 X105.578 Y120.507 ; move to first perimeter point
G1 X105.637 Y120.548 ; move to first perimeter point
G1 X106.416 Y121.368 ; move to first perimeter point
G1 X106.546 Y121.434 ; move to first perimeter point
G1 X106.628 Y121.272 ; move to first perimeter point
G1 Z.96 F600 ; move to first perimeter point
G1 E1.5 F1500 ;  ; unretract
;TYPE:External perimeter
;WIDTH:0.398166
G1 F720
G1 X106.636 Y121.326 E1.50085 ; perimeter
;WIDTH:0.374813
G1 X106.722 Y121.415 E1.50267 ; perimeter
;WIDTH:0.398166
G1 X106.469 Y121.217 E1.5077 ; perimeter
;WIDTH:0.399999
G1 X105.5 Y120.858 E1.52396 ; perimeter
G1 X105.034 Y120.653 E1.53197 ; perimeter
G1 X104.552 Y120.408 E1.54048 ; perimeter
G1 X103.982 Y120.083 E1.55081 ; perimeter
G1 X103.454 Y119.761 E1.56054 ; perimeter
G1 X103.041 Y119.471 E1.56848 ; perimeter
G1 X102.056 Y118.673 E1.58843 ; perimeter
;WIDTH:0.397456
G1 X101.762 Y118.554 E1.59339 ; perimeter
;WIDTH:0.373841
G1 X101.871 Y118.574 E1.59501 ; perimeter
;WIDTH:0.397456
G1 X102.049 Y118.505 E1.59799 ; perimeter
;WIDTH:0.399999
G1 X103.255 Y117.31 E1.62471 ; perimeter
G1 X103.203 Y117.433 E1.62681 ; perimeter
G1 X103.16 Y117.919 E1.63449 ; perimeter
G1 X103.315 Y118.351 E1.64171 ; perimeter
G1 X103.675 Y118.697 E1.64957 ; perimeter
G1 X104.14 Y118.877 E1.65742 ; perimeter
G1 X104.61 Y118.832 E1.66485 ; perimeter
;WIDTH:0.431212
G1 X104.835 Y118.711 E1.6692 ; perimeter
;WIDTH:0.462424
G1 X105.06 Y118.591 E1.67387 ; perimeter
G1 X105.033 Y118.744 E1.67672 ; perimeter
;WIDTH:0.434684
G1 X105.005 Y118.898 E1.67941 ; perimeter
;WIDTH:0.406943
G1 X105.052 Y119.244 E1.68501 ; perimeter
;WIDTH:0.399999
G1 X105.264 Y119.559 E1.69099 ; perimeter
G1 X105.552 Y119.777 E1.69667 ; perimeter
G1 X105.985 Y119.992 E1.70428 ; perimeter
G1 X106.418 Y120.034 E1.71113 ; perimeter
;WIDTH:0.40538
G1 X106.74 Y119.9 E1.7167 ; perimeter
;WIDTH:0.447932
G1 X106.975 Y119.65 E1.72278 ; perimeter
G1 X106.867 Y120.146 E1.73178 ; perimeter
;WIDTH:0.399999
G1 X106.607 Y121.139 E1.74793 ; perimeter
;WIDTH:0.398166
G1 X106.619 Y121.213 E1.7491 ; perimeter
G1 E.6991 F2100 ; retract
;WIPE_START
G1 F5760
G1 X106.628 Y121.272 E.67843 ; wipe and retract
G1 X106.636 Y121.326 E.65952 ; wipe and retract
G1 X106.722 Y121.415 E.61665 ; wipe and retract
G1 X106.469 Y121.217 E.50538 ; wipe and retract
G1 X105.775 Y120.96 E.2491 ; wipe and retract
;WIPE_END
G92 E0 ; reset extrusion distance
G1 Z1.16 F600 ; move to first perimeter point
G1 X103.516 Y119.19 F7200 ; move to first perimeter point
G1 Z.96 F600 ; move to first perimeter point
G1 E1.5 F1500 ;  ; unretract
;TYPE:Perimeter
;WIDTH:0.658284
G1 X103.149 Y118.913 E1.51217 ; perimeter
G1 E.01217 F2100 ; retract
G92 E0 ; reset extrusion distance
G1 X103.149 Y118.913 Z1.16 F7200 ; move to first perimeter point
G1 X106.213 Y120.557 ; move to first perimeter point
G1 Z.96 F600 ; move to first perimeter point
G1 E1.5 F1500 ;  ; unretract
;WIDTH:0.694554
G1 X105.949 Y120.478 E1.50771 ; perimeter
;WIDTH:0.663027
G1 X105.684 Y120.399 E1.51509 ; perimeter
;WIDTH:0.638158
G1 X105.351 Y120.245 E1.5245 ; perimeter
G1 E.4745 F2100 ; retract
;WIPE_START
G1 F5760
G1 X105.684 Y120.399 E.34743 ; wipe and retract
G1 X105.949 Y120.478 E.25165 ; wipe and retract
G1 X106.213 Y120.557 E.15621 ; wipe and retract
;WIPE_END
G1 E.0245 F2100 ; retract
G92 E0 ; reset extrusion distance
G1 Z1.16 F600 ; move to first perimeter point
G1 X105.901 Y120.851 F7200 ; move to first perimeter point
G1 X107.159 Y121.611 ; move to first perimeter point
G1 X108.504 Y121.316 ; move to first perimeter point
G1 X108.696 Y121.315 ; move to first perimeter point
G1 X111.424 Y121.305 ; move to first perimeter point
G1 X113.277 Y121.495 ; move to first perimeter point
G1 X114.363 Y120.548 ; move to first perimeter point
G1 X116.954 Y119.052 ; move to first perimeter point
G1 X118.585 Y118.316 ; move to first perimeter point
G1 X119.052 Y116.954 ; move to first perimeter point
G1 X120.502 Y114.42 ; move to first perimeter point
G1 X121.593 Y112.909 ; move to first perimeter point
G1 X121.316 Y111.496 ; move to first perimeter point
G1 X121.305 Y108.576 ; move to first perimeter point
G1 X121.316 Y108.504 ; move to first perimeter point
G1 X121.408 Y108.24 ; move to first perimeter point
G1 X121.412 Y108.239 ; move to first perimeter point
G1 X121.463 Y108.07 ; move to first perimeter point
G1 X121.072 Y107.952 ; move to first perimeter point
G1 Z.96 F600 ; move to first perimeter point
G1 E1.5 F1500 ;  ; unretract
;WIDTH:0.61794
G1 X121.133 Y108.26 E1.50779 ; perimeter
;WIDTH:0.6314
G1 X121.153 Y108.521 E1.51443 ; perimeter
;WIDTH:0.671402
G1 X121.173 Y108.783 E1.52153 ; perimeter
;WIDTH:0.692766
G1 X121.18 Y109.004 E1.5277 ; perimeter
G1 E.4777 F2100 ; retract
;WIPE_START
G1 F5760
G1 X121.173 Y108.783 E.40112 ; wipe and retract
G1 X121.153 Y108.521 E.31011 ; wipe and retract
G1 X121.133 Y108.26 E.21945 ; wipe and retract
G1 X121.072 Y107.952 E.1107 ; wipe and retract
;WIPE_END
G1 E.0277 F2100 ; retract
G92 E0 ; reset extrusion distance
G1 Z1.16 F600 ; move to first perimeter point
G1 X121.463 Y108.07 F7200 ; move to first perimeter point
G1 X121.476 Y106.655 ; move to first perimeter point
G1 X120.548 Y105.637 ; move to first perimeter point
G1 X120.451 Y105.472 ; move to first perimeter point
G1 X119.081 Y103.113 ; move to first perimeter point
G1 X118.316 Y101.415 ; move to first perimeter point
G1 X116.954 Y100.948 ; move to first perimeter point
G1 X116.786 Y100.854 ; move to first perimeter point
G1 X114.42 Y99.496 ; move to first perimeter point
G1 X114.363 Y99.452 ; move to first perimeter point
G1 X114.179 Y99.24 ; move to first perimeter point
G1 X114.181 Y99.236 ; move to first perimeter point
G1 X114.113 Y99.164 ; move to first perimeter point
G1 X113.802 Y99.456 ; move to first perimeter point
G1 Z.96 F600 ; move to first perimeter point
G1 E1.5 F1500 ;  ; unretract
;WIDTH:0.72975
G1 X114.051 Y99.528 E1.50763 ; perimeter
;WIDTH:0.686505
G1 X114.299 Y99.601 E1.51478 ; perimeter
;WIDTH:0.654414
G1 X114.769 Y99.826 E1.52849 ; perimeter
;WIDTH:0.664784
G1 X114.863 Y99.876 E1.53134 ; perimeter
G1 E.48134 F2100 ; retract
;WIPE_START
G1 F5760
G1 X114.769 Y99.826 E.44446 ; wipe and retract
G1 X114.299 Y99.601 E.26398 ; wipe and retract
G1 X114.051 Y99.528 E.17444 ; wipe and retract
G1 X113.802 Y99.456 E.08466 ; wipe and retract
;WIPE_END
G1 E.03134 F2100 ; retract
G92 E0 ; reset extrusion distance
G1 Z1.16 F600 ; move to first perimeter point
G1 X113.347 Y99.44 F7200 ; move to first perimeter point
G1 X113.247 Y98.654 ; move to first perimeter point
G1 X112.861 Y98.55 ; move to first perimeter point
G1 X112.368 Y99.195 ; move to first perimeter point
G1 X112.33 Y99.668 ; move to first perimeter point
G1 X112.339 Y100.153 ; move to first perimeter point
G1 X112.325 Y100.336 ; move to first perimeter point
G1 X112.178 Y100.324 ; move to first perimeter point
G1 Z.96 F600 ; move to first perimeter point
G1 E1.5 F1500 ;  ; unretract
;TYPE:External perimeter
;WIDTH:0.399999
G1 F720
G1 X112.159 Y100.164 E1.50254 ; perimeter
G1 X111.953 Y99.722 E1.51021 ; perimeter
G1 X111.611 Y99.431 E1.51728 ; perimeter
G1 X111.122 Y99.306 E1.52522 ; perimeter
G1 X110.626 Y99.382 E1.53312 ; perimeter
G1 X110.241 Y99.656 E1.54056 ; perimeter
;WIDTH:0.447316
G1 X110.157 Y99.757 E1.54289 ; perimeter
;WIDTH:0.494634
G1 X110.072 Y99.858 E1.54549 ; perimeter
;WIDTH:0.541951
G1 X109.988 Y99.958 E1.54832 ; perimeter
;WIDTH:0.589268
G1 X109.903 Y100.059 E1.55144 ; perimeter
G1 X109.875 Y99.934 E1.55446 ; perimeter
;WIDTH:0.541951
G1 X109.846 Y99.808 E1.55726 ; perimeter
;WIDTH:0.494634
G1 X109.817 Y99.683 E1.55978 ; perimeter
;WIDTH:0.447316
G1 X109.788 Y99.557 E1.56207 ; perimeter
;WIDTH:0.399999
G1 X109.658 Y99.459 E1.56463 ; perimeter
G1 X109.073 Y99.342 E1.57402 ; perimeter
G1 X108.494 Y99.342 E1.58313 ; perimeter
G1 X108.372 Y99.386 E1.58517 ; perimeter
G1 X108.304 Y99.531 E1.58769 ; perimeter
G1 X108.304 Y101.243 E1.61463 ; perimeter
G1 X108.068 Y101.243 E1.61834 ; perimeter
G1 X107.441 Y98.904 E1.65645 ; perimeter
G1 X107.249 Y98.51 E1.66335 ; perimeter
;WIDTH:0.37449
G1 X107.133 Y98.476 E1.66512 ; perimeter
G1 X107.261 Y98.49 E1.66701 ; perimeter
;WIDTH:0.399999
G1 X107.927 Y98.434 E1.67753 ; perimeter
G1 X108.991 Y98.29 E1.69443 ; perimeter
G1 X109.501 Y98.258 E1.70247 ; perimeter
G1 X110.166 Y98.251 E1.71294 ; perimeter
G1 X110.784 Y98.273 E1.72267 ; perimeter
G1 X111.294 Y98.319 E1.73073 ; perimeter
G1 X112.041 Y98.434 E1.74262 ; perimeter
G1 X112.765 Y98.492 E1.75405 ; perimeter
G1 X112.561 Y98.896 E1.76117 ; perimeter
G1 X112.194 Y100.266 E1.78349 ; perimeter
G1 X112.194 Y100.266 F7200 ; move to first perimeter point
G1 X111.01 Y98.799 ; move to first perimeter point
;TYPE:Perimeter
;WIDTH:0.656596
G1 F1500
G1 X111.509 Y98.865 E1.79678 ; perimeter
G1 X111.509 Y98.865 F7200 ; move to first perimeter point
G1 X111.07 Y100.087 ; move to first perimeter point
;TYPE:External perimeter
;WIDTH:0.346059
G1 F720
G1 X111.155 Y100.137 E1.79811 ; perimeter
G1 X111.233 Y100.369 E1.80141 ; perimeter
G1 X111.233 Y101.048 E1.81057 ; perimeter
;WIDTH:0.34595
G1 X111.135 Y101.297 E1.81418 ; perimeter
G1 X111.006 Y101.297 E1.81592 ; perimeter
G1 X110.908 Y101.048 E1.81953 ; perimeter
;WIDTH:0.346059
G1 X110.908 Y100.369 E1.82869 ; perimeter
G1 X110.955 Y100.165 E1.83152 ; perimeter
G1 X111.02 Y100.12 E1.83259 ; perimeter
G1 E.78259 F2100 ; retract
;WIPE_START
G1 F5760
G1 X111.07 Y100.087 E.76184 ; wipe and retract
G1 X111.155 Y100.137 E.72768 ; wipe and retract
G1 X111.233 Y100.369 E.64291 ; wipe and retract
G1 X111.233 Y101.048 E.40774 ; wipe and retract
G1 X111.154 Y101.25 E.33259 ; wipe and retract
;WIPE_END
G92 E0 ; reset extrusion distance
G1 Z1.16 F600 ; move to first perimeter point
G1 X111.71 Y101.66 F7200 ; move to first perimeter point
G1 X111.315 Y102.777 ; move to first perimeter point
G1 X111.261 Y103.057 ; move to first perimeter point
G1 X111.425 Y103.87 ; move to first perimeter point
G1 X111.831 Y103.979 ; move to first perimeter point
G1 X113.878 Y103.075 ; move to first perimeter point
G1 X114.378 Y102.607 ; move to first perimeter point
G1 X115.343 Y102.616 ; move to first perimeter point
G1 X115.198 Y102.951 ; move to first perimeter point
G1 Z.96 F600 ; move to first perimeter point
G1 E1.5 F1500 ;  ; unretract
;WIDTH:0.345946
G1 F720
G1 X115.238 Y102.687 E1.5036 ; perimeter
;WIDTH:0.346056
G1 X115.577 Y102.099 E1.51276 ; perimeter
G1 X115.719 Y101.945 E1.51559 ; perimeter
G1 X115.842 Y101.931 E1.51726 ; perimeter
G1 X115.915 Y102.034 E1.51896 ; perimeter
G1 X115.869 Y102.243 E1.52185 ; perimeter
G1 X115.519 Y102.849 E1.53129 ; perimeter
;WIDTH:0.345946
G1 X115.31 Y103.016 E1.5349 ; perimeter
G1 X115.25 Y102.981 E1.53584 ; perimeter
G1 E.48584 F2100 ; retract
;WIPE_START
G1 F5760
G1 X115.198 Y102.951 E.46505 ; wipe and retract
G1 X115.238 Y102.687 E.37257 ; wipe and retract
G1 X115.577 Y102.099 E.13749 ; wipe and retract
G1 X115.719 Y101.945 E.06494 ; wipe and retract
G1 X115.802 Y101.935 E.03584 ; wipe and retract
;WIPE_END
G92 E0 ; reset extrusion distance
G1 Z1.16 F600 ; move to first perimeter point
G1 X115.569 Y102.204 F7200 ; move to first perimeter point
G1 X116.489 Y102.774 ; move to first perimeter point
G1 X117.425 Y101.836 ; move to first perimeter point
G1 X118.202 Y101.515 ; move to first perimeter point
G1 X118.485 Y101.798 ; move to first perimeter point
G1 X119.175 Y103.78 ; move to first perimeter point
G1 X119.216 Y103.945 ; move to first perimeter point
G1 X119.22 Y103.989 ; move to first perimeter point
G1 X119.206 Y104.173 ; move to first perimeter point
G1 X119.091 Y104.593 ; move to first perimeter point
G1 X118.417 Y105.13 ; move to first perimeter point
G1 X118.837 Y106.239 ; move to first perimeter point
G1 X119.121 Y105.991 ; move to first perimeter point
G1 Z.96 F600 ; move to first perimeter point
G1 E1.5 F1500 ;  ; unretract
;WIDTH:0.34606
G1 F720
G1 X119.129 Y106.021 E1.50042 ; perimeter
G1 X118.966 Y106.227 E1.50397 ; perimeter
G1 X118.36 Y106.577 E1.51341 ; perimeter
;WIDTH:0.345946
G1 X118.096 Y106.617 E1.51701 ; perimeter
G1 X118.031 Y106.505 E1.51876 ; perimeter
G1 X118.198 Y106.296 E1.52237 ; perimeter
;WIDTH:0.34606
G1 X118.804 Y105.946 E1.53181 ; perimeter
G1 X119.047 Y105.904 E1.53514 ; perimeter
G1 X119.082 Y105.945 E1.53587 ; perimeter
G1 E.48587 F2100 ; retract
;WIPE_START
G1 F5760
G1 X119.121 Y105.991 E.46498 ; wipe and retract
G1 X119.129 Y106.021 E.45423 ; wipe and retract
G1 X118.966 Y106.227 E.36325 ; wipe and retract
G1 X118.36 Y106.577 E.12087 ; wipe and retract
G1 X118.118 Y106.614 E.03587 ; wipe and retract
;WIPE_END
G92 E0 ; reset extrusion distance
G1 Z1.16 F600 ; move to first perimeter point
G1 X118.04 Y107.301 F7200 ; move to first perimeter point
G1 X116.912 Y107.526 ; move to first perimeter point
G1 X116.644 Y107.621 ; move to first perimeter point
G1 X116.021 Y108.169 ; move to first perimeter point
G1 X116.13 Y108.575 ; move to first perimeter point
G1 X118.499 Y109.928 ; move to first perimeter point
G1 X119.083 Y109.878 ; move to first perimeter point
G1 X119.361 Y109.772 ; move to first perimeter point
G1 X119.471 Y109.741 ; move to first perimeter point
G1 X119.277 Y109.06 ; move to first perimeter point
G1 Z.96 F600 ; move to first perimeter point
G1 E1.5 F1500 ;  ; unretract
;WIDTH:0.449322
G1 F900
G1 X119.25 Y109.106 E1.50095 ; perimeter
G1 X119.197 Y109.106 E1.50189 ; perimeter
G1 X119.17 Y109.06 E1.50284 ; perimeter
G1 X119.197 Y109.013 E1.5038 ; perimeter
G1 X119.25 Y109.013 E1.50474 ; perimeter
G1 E.45474 F2100 ; retract
;WIPE_START
G1 F5760
G1 X119.197 Y109.013 E.43638 ; wipe and retract
G1 X119.17 Y109.06 E.41761 ; wipe and retract
G1 X119.197 Y109.106 E.39914 ; wipe and retract
G1 X119.25 Y109.106 E.38078 ; wipe and retract
G1 X119.277 Y109.06 E.36231 ; wipe and retract
;WIPE_END
G1 E.00474 F2100 ; retract
G92 E0 ; reset extrusion distance
G1 Z1.16 F600 ; move to first perimeter point
G1 X119.471 Y109.741 F7200 ; move to first perimeter point
G1 X117.731 Y110.499 ; move to first perimeter point
G1 X117.823 Y111.106 ; move to first perimeter point
G1 X118.097 Y111.548 ; move to first perimeter point
G1 X118.247 Y111.665 ; move to first perimeter point
G1 X118.686 Y111.106 ; move to first perimeter point
G1 Z.96 F600 ; move to first perimeter point
G1 E1.5 F1500 ;  ; unretract
;WIDTH:0.347047
G1 F720
G1 X118.765 Y110.992 E1.50188 ; perimeter
;WIDTH:0.353028
G1 X119.189 Y110.934 E1.50778 ; perimeter
;WIDTH:0.402381
G1 X119.258 Y110.965 E1.50898 ; perimeter
;WIDTH:0.451734
G1 X119.326 Y110.995 E1.51031 ; perimeter
;WIDTH:0.501086
G1 X119.394 Y111.026 E1.5118 ; perimeter
;WIDTH:0.550439
G1 X119.462 Y111.056 E1.51343 ; perimeter
;WIDTH:0.599791
G1 X119.53 Y111.087 E1.51523 ; perimeter
;WIDTH:0.649144
G1 X119.598 Y111.117 E1.51717 ; perimeter
G1 X119.531 Y111.142 E1.51904 ; perimeter
;WIDTH:0.599791
G1 X119.465 Y111.167 E1.52074 ; perimeter
;WIDTH:0.550439
G1 X119.398 Y111.191 E1.52231 ; perimeter
;WIDTH:0.501086
G1 X119.332 Y111.216 E1.52372 ; perimeter
;WIDTH:0.451734
G1 X119.265 Y111.241 E1.525 ; perimeter
;WIDTH:0.402381
G1 X119.199 Y111.265 E1.52611 ; perimeter
;WIDTH:0.353028
G1 X118.981 Y111.268 E1.52912 ; perimeter
;WIDTH:0.347047
G1 X118.765 Y111.221 E1.53211 ; perimeter
G1 X118.72 Y111.156 E1.53318 ; perimeter
G1 E.48318 F2100 ; retract
;WIPE_START
G1 F5760
G1 X118.686 Y111.106 E.46224 ; wipe and retract
G1 X118.765 Y110.992 E.4142 ; wipe and retract
G1 X119.189 Y110.934 E.26598 ; wipe and retract
G1 X119.258 Y110.965 E.23978 ; wipe and retract
G1 X119.326 Y110.995 E.21404 ; wipe and retract
G1 X119.394 Y111.026 E.18816 ; wipe and retract
G1 X119.462 Y111.056 E.16242 ; wipe and retract
G1 X119.53 Y111.087 E.13654 ; wipe and retract
G1 X119.598 Y111.117 E.1108 ; wipe and retract
G1 X119.531 Y111.142 E.08603 ; wipe and retract
G1 X119.465 Y111.167 E.06159 ; wipe and retract
G1 X119.398 Y111.191 E.03694 ; wipe and retract
G1 X119.388 Y111.195 E.03318 ; wipe and retract
;WIPE_END
G92 E0 ; reset extrusion distance
G1 Z1.16 F600 ; move to first perimeter point
G1 X119.396 Y111.24 F7200 ; move to first perimeter point
G1 X119.147 Y112.04 ; move to first perimeter point
G1 X120.805 Y112.368 ; move to first perimeter point
G1 X121.45 Y112.861 ; move to first perimeter point
G1 X121.346 Y113.247 ; move to first perimeter point
G1 X120.563 Y113.338 ; move to first perimeter point
G1 X118.396 Y112.588 ; move to first perimeter point
G1 X118.081 Y112.628 ; move to first perimeter point
G1 X117.779 Y112.711 ; move to first perimeter point
G1 X117.715 Y112.732 ; move to first perimeter point
G1 X117.358 Y112.929 ; move to first perimeter point
G1 X117.288 Y112.978 ; move to first perimeter point
G1 X117.125 Y113.115 ; move to first perimeter point
G1 X116.945 Y113.295 ; move to first perimeter point
G1 X116.914 Y113.336 ; move to first perimeter point
G1 X116.93 Y113.545 ; move to first perimeter point
G1 X117.085 Y113.978 ; move to first perimeter point
G1 X118.342 Y114.859 ; move to first perimeter point
G1 X117.945 Y115.539 ; move to first perimeter point
G1 X118.059 Y115.851 ; move to first perimeter point
G1 Z.96 F600 ; move to first perimeter point
G1 E1.5 F1500 ;  ; unretract
;WIDTH:0.347175
G1 F720
G1 X118.002 Y115.929 E1.50131 ; perimeter
G1 X117.763 Y115.897 E1.50458 ; perimeter
;WIDTH:0.353036
G1 X117.535 Y115.768 E1.50819 ; perimeter
;WIDTH:0.402392
G1 X117.49 Y115.713 E1.50932 ; perimeter
;WIDTH:0.451748
G1 X117.445 Y115.659 E1.51058 ; perimeter
;WIDTH:0.501104
G1 X117.399 Y115.604 E1.51201 ; perimeter
;WIDTH:0.55046
G1 X117.354 Y115.549 E1.51357 ; perimeter
;WIDTH:0.599816
G1 X117.309 Y115.495 E1.51526 ; perimeter
;WIDTH:0.649172
G1 X117.263 Y115.44 E1.51713 ; perimeter
G1 X117.338 Y115.448 E1.5191 ; perimeter
;WIDTH:0.599816
G1 X117.412 Y115.455 E1.52089 ; perimeter
;WIDTH:0.55046
G1 X117.486 Y115.463 E1.52253 ; perimeter
;WIDTH:0.501104
G1 X117.56 Y115.47 E1.52401 ; perimeter
;WIDTH:0.451748
G1 X117.634 Y115.478 E1.52534 ; perimeter
;WIDTH:0.402392
G1 X117.709 Y115.485 E1.52653 ; perimeter
;WIDTH:0.353036
G1 X118.041 Y115.743 E1.53233 ; perimeter
;WIDTH:0.347175
G1 X118.049 Y115.792 E1.533 ; perimeter
G1 E.483 F2100 ; retract
;WIPE_START
G1 F5760
G1 X118.059 Y115.851 E.46227 ; wipe and retract
G1 X118.002 Y115.929 E.42881 ; wipe and retract
G1 X117.763 Y115.897 E.34529 ; wipe and retract
G1 X117.535 Y115.768 E.25456 ; wipe and retract
G1 X117.49 Y115.713 E.22995 ; wipe and retract
G1 X117.445 Y115.659 E.2056 ; wipe and retract
G1 X117.399 Y115.604 E.18077 ; wipe and retract
G1 X117.354 Y115.549 E.15616 ; wipe and retract
G1 X117.309 Y115.495 E.13181 ; wipe and retract
G1 X117.263 Y115.44 E.10698 ; wipe and retract
G1 X117.338 Y115.448 E.08086 ; wipe and retract
G1 X117.412 Y115.455 E.05512 ; wipe and retract
G1 X117.475 Y115.462 E.033 ; wipe and retract
;WIPE_END
G92 E0 ; reset extrusion distance
G1 Z1.16 F600 ; move to first perimeter point
G1 X117.352 Y115.463 F7200 ; move to first perimeter point
G1 X116.682 Y116.129 ; move to first perimeter point
G1 X118.173 Y117.453 ; move to first perimeter point
G1 X118.485 Y118.202 ; move to first perimeter point
G1 X118.202 Y118.485 ; move to first perimeter point
G1 X117.484 Y118.167 ; move to first perimeter point
G1 X116.136 Y116.588 ; move to first perimeter point
G1 X115.741 Y117.014 ; move to first perimeter point
G1 X115.511 Y117.114 ; move to first perimeter point
G1 Z.96 F600 ; move to first perimeter point
G1 E1.5 F1500 ;  ; unretract
;WIDTH:0.598944
G1 F900
G1 X115.475 Y117.177 E1.50174 ; perimeter
G1 X115.403 Y117.177 E1.50347 ; perimeter
G1 X115.367 Y117.114 E1.50521 ; perimeter
G1 X115.403 Y117.052 E1.50693 ; perimeter
G1 X115.475 Y117.052 E1.50866 ; perimeter
G1 E.45866 F2100 ; retract
;WIPE_START
G1 F5760
G1 X115.403 Y117.052 E.43372 ; wipe and retract
G1 X115.367 Y117.114 E.40889 ; wipe and retract
G1 X115.403 Y117.177 E.38376 ; wipe and retract
G1 X115.475 Y117.177 E.35882 ; wipe and retract
G1 X115.511 Y117.114 E.33369 ; wipe and retract
;WIPE_END
G1 E.00866 F2100 ; retract
G92 E0 ; reset extrusion distance
G1 Z1.16 F600 ; move to first perimeter point
G1 X115.741 Y117.013 F7200 ; move to first perimeter point
G1 X114.824 Y118.006 ; move to first perimeter point
G1 X114.637 Y118.249 ; move to first perimeter point
G1 X113.725 Y118.858 ; move to first perimeter point
G1 X113.943 Y119.15 ; move to first perimeter point
G1 Z.96 F600 ; move to first perimeter point
G1 E1.5 F1500 ;  ; unretract
;WIDTH:0.346057
G1 F720
G1 X113.738 Y118.987 E1.50353 ; perimeter
G1 X113.388 Y118.381 E1.51297 ; perimeter
;WIDTH:0.345951
G1 X113.348 Y118.117 E1.51657 ; perimeter
G1 X113.46 Y118.052 E1.51832 ; perimeter
G1 X113.67 Y118.221 E1.52196 ; perimeter
;WIDTH:0.346057
G1 X114.008 Y118.807 E1.53109 ; perimeter
G1 X114.066 Y119.034 E1.53425 ; perimeter
G1 X114.058 Y119.084 E1.53493 ; perimeter
G1 X113.995 Y119.12 E1.53591 ; perimeter
G1 E.48591 F2100 ; retract
;WIPE_START
G1 F5760
G1 X113.943 Y119.15 E.46512 ; wipe and retract
G1 X113.738 Y118.987 E.37441 ; wipe and retract
G1 X113.388 Y118.381 E.13203 ; wipe and retract
G1 X113.348 Y118.117 E.03955 ; wipe and retract
G1 X113.357 Y118.112 E.03591 ; wipe and retract
;WIPE_END
G92 E0 ; reset extrusion distance
G1 Z1.16 F600 ; move to first perimeter point
G1 X112.682 Y118.026 F7200 ; move to first perimeter point
G1 X112.47 Y116.913 ; move to first perimeter point
G1 X112.379 Y116.644 ; move to first perimeter point
G1 X111.831 Y116.021 ; move to first perimeter point
G1 X111.425 Y116.13 ; move to first perimeter point
G1 X110.044 Y117.837 ; move to first perimeter point
G1 X110.593 Y119.247 ; move to first perimeter point
G1 X110.099 Y119.45 ; move to first perimeter point
G1 X109.064 Y119.536 ; move to first perimeter point
G1 X109.013 Y119.895 ; move to first perimeter point
G1 Z.96 F600 ; move to first perimeter point
G1 E1.5 F1500 ;  ; unretract
;WIDTH:0.34606
G1 F720
G1 X108.881 Y119.895 E1.50178 ; perimeter
G1 X108.784 Y119.652 E1.50531 ; perimeter
G1 X108.784 Y118.972 E1.51449 ; perimeter
;WIDTH:0.345951
G1 X108.831 Y118.765 E1.51735 ; perimeter
G1 X108.947 Y118.685 E1.51925 ; perimeter
G1 X109.032 Y118.738 E1.5206 ; perimeter
G1 X109.109 Y118.972 E1.52392 ; perimeter
;WIDTH:0.34606
G1 X109.109 Y119.652 E1.5331 ; perimeter
G1 X109.035 Y119.84 E1.53583 ; perimeter
G1 E.48583 F2100 ; retract
;WIPE_START
G1 F5760
G1 X109.013 Y119.895 E.46531 ; wipe and retract
G1 X108.881 Y119.895 E.41959 ; wipe and retract
G1 X108.784 Y119.652 E.32897 ; wipe and retract
G1 X108.784 Y118.972 E.09345 ; wipe and retract
G1 X108.821 Y118.81 E.03583 ; wipe and retract
;WIPE_END
G92 E0 ; reset extrusion distance
G1 Z1.16 F600 ; move to first perimeter point
G1 X108.197 Y118.503 F7200 ; move to first perimeter point
G1 X108.687 Y117.224 ; move to first perimeter point
G1 X108.739 Y116.943 ; move to first perimeter point
G1 X108.575 Y116.13 ; move to first perimeter point
G1 X108.169 Y116.021 ; move to first perimeter point
G1 X104.634 Y116.238 ; move to first perimeter point
G1 X104.423 Y116.331 ; move to first perimeter point
G1 X104.705 Y116.977 ; move to first perimeter point
G1 Z.96 F600 ; move to first perimeter point
G1 E1.5 F1500 ;  ; unretract
;WIDTH:0.345946
G1 F720
G1 X104.776 Y117.078 E1.50167 ; perimeter
G1 X104.728 Y117.293 E1.50464 ; perimeter
;WIDTH:0.346057
G1 X104.378 Y117.899 E1.51408 ; perimeter
G1 X104.174 Y118.062 E1.5176 ; perimeter
G1 X104.059 Y117.996 E1.51939 ; perimeter
G1 X104.097 Y117.737 E1.52292 ; perimeter
G1 X104.437 Y117.148 E1.5321 ; perimeter
;WIDTH:0.345946
G1 X104.581 Y116.993 E1.53495 ; perimeter
G1 X104.645 Y116.985 E1.53582 ; perimeter
G1 E.48582 F2100 ; retract
;WIPE_START
G1 F5760
G1 X104.705 Y116.977 E.46485 ; wipe and retract
G1 X104.776 Y117.078 E.42209 ; wipe and retract
G1 X104.728 Y117.293 E.34579 ; wipe and retract
G1 X104.378 Y117.899 E.10341 ; wipe and retract
G1 X104.225 Y118.021 E.03582 ; wipe and retract
;WIPE_END
G92 E0 ; reset extrusion distance
G1 Z1.16 F600 ; move to first perimeter point
G1 X104.397 Y117.776 F7200 ; move to first perimeter point
G1 X103.486 Y117.208 ; move to first perimeter point
G1 X102.547 Y118.173 ; move to first perimeter point
G1 X101.798 Y118.485 ; move to first perimeter point
G1 X101.515 Y118.202 ; move to first perimeter point
G1 X101.821 Y117.472 ; move to first perimeter point
G1 X102.825 Y116.481 ; move to first perimeter point
G1 X102.358 Y116.009 ; move to first perimeter point
G1 X102.199 Y115.792 ; move to first perimeter point
G1 Z.96 F600 ; move to first perimeter point
G1 E1.5 F1500 ;  ; unretract
;WIDTH:0.609262
G1 F900
G1 X102.162 Y115.856 E1.50181 ; perimeter
G1 X102.088 Y115.856 E1.50362 ; perimeter
G1 X102.052 Y115.792 E1.50541 ; perimeter
G1 X102.088 Y115.729 E1.50718 ; perimeter
G1 X102.162 Y115.729 E1.50899 ; perimeter
G1 E.45899 F2100 ; retract
;WIPE_START
G1 F5760
G1 X102.088 Y115.729 E.43336 ; wipe and retract
G1 X102.052 Y115.792 E.40823 ; wipe and retract
G1 X102.088 Y115.856 E.3828 ; wipe and retract
G1 X102.162 Y115.856 E.35717 ; wipe and retract
G1 X102.199 Y115.792 E.33157 ; wipe and retract
;WIPE_END
G1 E.00899 F2100 ; retract
G92 E0 ; reset extrusion distance
G1 Z1.16 F600 ; move to first perimeter point
G1 X102.358 Y116.009 F7200 ; move to first perimeter point
G1 X102.099 Y114.837 ; move to first perimeter point
G1 X102.065 Y114.509 ; move to first perimeter point
G1 X101.663 Y113.691 ; move to first perimeter point
G1 X101.956 Y113.474 ; move to first perimeter point
G1 Z.96 F600 ; move to first perimeter point
G1 E1.5 F1500 ;  ; unretract
;WIDTH:0.345946
G1 F720
G1 X101.789 Y113.683 E1.50361 ; perimeter
;WIDTH:0.346057
G1 X101.183 Y114.033 E1.51305 ; perimeter
G1 X100.924 Y114.072 E1.51658 ; perimeter
G1 X100.858 Y113.957 E1.51837 ; perimeter
G1 X101.021 Y113.752 E1.5219 ; perimeter
G1 X101.627 Y113.402 E1.53134 ; perimeter
;WIDTH:0.345946
G1 X101.875 Y113.359 E1.53474 ; perimeter
G1 X101.929 Y113.422 E1.53586 ; perimeter
G1 E.48586 F2100 ; retract
;WIPE_START
G1 F5760
G1 X101.956 Y113.474 E.46557 ; wipe and retract
G1 X101.789 Y113.683 E.37291 ; wipe and retract
G1 X101.183 Y114.033 E.13053 ; wipe and retract
G1 X100.924 Y114.072 E.03981 ; wipe and retract
G1 X100.918 Y114.062 E.03586 ; wipe and retract
;WIPE_END
G92 E0 ; reset extrusion distance
G1 Z1.16 F600 ; move to first perimeter point
G1 X101.261 Y113.936 F7200 ; move to first perimeter point
G1 X100.643 Y113.049 ; move to first perimeter point
G1 X99.459 Y113.351 ; move to first perimeter point
G1 X98.654 Y113.247 ; move to first perimeter point
G1 X98.55 Y112.861 ; move to first perimeter point
G1 X99.181 Y112.381 ; move to first perimeter point
G1 X99.45 Y112.288 ; move to first perimeter point
G1 X100.356 Y111.991 ; move to first perimeter point
G1 X100.468 Y111.104 ; move to first perimeter point
G1 X100.087 Y111.001 ; move to first perimeter point
G1 Z.96 F600 ; move to first perimeter point
G1 E1.5 F1500 ;  ; unretract
;WIDTH:0.347194
G1 F720
G1 X100.166 Y110.886 E1.50189 ; perimeter
;WIDTH:0.353085
G1 X100.582 Y110.828 E1.50768 ; perimeter
;WIDTH:0.402423
G1 X100.65 Y110.859 E1.50886 ; perimeter
;WIDTH:0.451762
G1 X100.718 Y110.889 E1.51019 ; perimeter
;WIDTH:0.5011
G1 X100.786 Y110.92 E1.51168 ; perimeter
;WIDTH:0.550438
G1 X100.854 Y110.95 E1.51331 ; perimeter
;WIDTH:0.599776
G1 X100.922 Y110.981 E1.51511 ; perimeter
;WIDTH:0.649114
G1 X100.99 Y111.011 E1.51705 ; perimeter
G1 X100.924 Y111.036 E1.51889 ; perimeter
;WIDTH:0.599776
G1 X100.857 Y111.061 E1.52061 ; perimeter
;WIDTH:0.550438
G1 X100.79 Y111.085 E1.52218 ; perimeter
;WIDTH:0.5011
G1 X100.724 Y111.11 E1.52359 ; perimeter
;WIDTH:0.451762
G1 X100.657 Y111.135 E1.52487 ; perimeter
;WIDTH:0.402423
G1 X100.591 Y111.16 E1.52599 ; perimeter
;WIDTH:0.353085
G1 X100.378 Y111.163 E1.52893 ; perimeter
;WIDTH:0.347194
G1 X100.165 Y111.116 E1.53188 ; perimeter
G1 X100.121 Y111.051 E1.53294 ; perimeter
; stop printing object anel_mes.stl id:0 copy 0
G1 E.48294 F2100 ; retract
;WIPE_START
G1 F5760;_WIPE
G1 X100.087 Y111.001 E.462 ; wipe and retract
G1 X100.166 Y110.886 E.41368 ; wipe and retract
G1 X100.582 Y110.828 E.2682 ; wipe and retract
G1 X100.65 Y110.859 E.24232 ; wipe and retract
G1 X100.718 Y110.889 E.21658 ; wipe and retract
G1 X100.786 Y110.92 E.1907 ; wipe and retract
G1 X100.854 Y110.95 E.16496 ; wipe and retract
G1 X100.922 Y110.981 E.13908 ; wipe and retract
G1 X100.99 Y111.011 E.11334 ; wipe and retract
G1 X100.924 Y111.036 E.0889 ; wipe and retract
G1 X100.857 Y111.061 E.06413 ; wipe and retract
G1 X100.79 Y111.085 E.03948 ; wipe and retract
G1 X100.772 Y111.092 E.03294 ; wipe and retract
;WIPE_END
G92 E0 ; reset extrusion distance
M107 ; disable fan
;TYPE:Custom
; Filament-specific end gcode 
;END gcode for filament
; ---- fim ----
M107 ; ventoinha desligada
M104 S0 ; desliga bico
M140 S0 ; desliga mesa
G92 E0
G91 ; relativo
G1 E-3 F1200 ; recolhe filamento
G1 Z10 F600 ; sobe 10 mm
G90 ; absoluto
G1 X5 Y200 F3000 ; afasta a cabeca
M84 ; desliga motores
; filament used [mm] = 154.96
; filament used [cm3] = 0.37
; filament used [g] = 0.46
; filament cost = 0.04
; total filament used [g] = 0.46
; total filament cost = 0.04
; total filament used for wipe tower [g] = 0.00
; estimated printing time (normal mode) = 10m 48s
; estimated printing time (silent mode) = 11m 11s
; estimated first layer printing time (normal mode) = 1m 46s
; estimated first layer printing time (silent mode) = 1m 47s

; prusaslicer_config = begin
; arc_fitting = disabled
; autoemit_temperature_commands = 1
; avoid_crossing_curled_overhangs = 0
; avoid_crossing_perimeters = 1
; avoid_crossing_perimeters_max_detour = 0
; bed_shape = 0x0,220x0,220x220,0x220
; bed_temperature = 60
; before_layer_gcode = 
; between_objects_gcode = 
; binary_gcode = 0
; bottom_fill_pattern = monotonic
; bottom_solid_layers = 4
; bottom_solid_min_thickness = 0
; bridge_acceleration = 0
; bridge_angle = 0
; bridge_fan_speed = 100
; bridge_flow_ratio = 1
; bridge_speed = 20
; brim_separation = 0.1
; brim_type = outer_only
; brim_width = 3
; color_change_gcode = M600
; complete_objects = 0
; cooling = 1
; cooling_tube_length = 5
; cooling_tube_retraction = 91.5
; default_acceleration = 0
; deretract_speed = 25
; disable_fan_first_layers = 1
; dont_support_bridges = 1
; draft_shield = disabled
; duplicate_distance = 6
; elefant_foot_compensation = 0.1
; enable_dynamic_fan_speeds = 0
; enable_dynamic_overhang_speeds = 0
; end_filament_gcode = "; Filament-specific end gcode \n;END gcode for filament\n"
; end_gcode = ; ---- fim ----\nM107 ; ventoinha desligada\nM104 S0 ; desliga bico\nM140 S0 ; desliga mesa\nG92 E0\nG91 ; relativo\nG1 E-3 F1200 ; recolhe filamento\nG1 Z10 F600 ; sobe 10 mm\nG90 ; absoluto\nG1 X5 Y200 F3000 ; afasta a cabeca\nM84 ; desliga motores
; external_perimeter_acceleration = 0
; external_perimeter_extrusion_width = 0.4
; external_perimeter_speed = 15
; external_perimeters_first = 0
; extra_loading_move = -2
; extra_perimeters = 0
; extra_perimeters_on_overhangs = 0
; extruder_clearance_height = 20
; extruder_clearance_radius = 20
; extruder_colour = ""
; extruder_offset = 0x0
; extrusion_axis = E
; extrusion_multiplier = 1
; extrusion_width = 0.4
; fan_always_on = 1
; fan_below_layer_time = 100
; filament_colour = #29B2B2
; filament_cooling_final_speed = 3.4
; filament_cooling_initial_speed = 2.2
; filament_cooling_moves = 4
; filament_cost = 90
; filament_density = 1.24
; filament_diameter = 1.75
; filament_load_time = 0
; filament_loading_speed = 28
; filament_loading_speed_start = 3
; filament_max_volumetric_speed = 0
; filament_minimal_purge_on_wipe_tower = 15
; filament_multitool_ramming = 0
; filament_multitool_ramming_flow = 10
; filament_multitool_ramming_volume = 10
; filament_notes = ""
; filament_ramming_parameters = "120 100 6.6 6.8 7.2 7.6 7.9 8.2 8.7 9.4 9.9 10.0| 0.05 6.6 0.45 6.8 0.95 7.8 1.45 8.3 1.95 9.7 2.45 10 2.95 7.6 3.45 7.6 3.95 7.6 4.45 7.6 4.95 7.6"
; filament_settings_id = ""
; filament_soluble = 0
; filament_spool_weight = 0
; filament_toolchange_delay = 0
; filament_type = PLA
; filament_unload_time = 0
; filament_unloading_speed = 90
; filament_unloading_speed_start = 100
; fill_angle = 45
; fill_density = 100%
; fill_pattern = rectilinear
; first_layer_acceleration = 0
; first_layer_acceleration_over_raft = 0
; first_layer_bed_temperature = 60
; first_layer_extrusion_width = 0.42
; first_layer_height = 0.16
; first_layer_speed = 15
; first_layer_speed_over_raft = 30
; first_layer_temperature = 210
; full_fan_speed_layer = 3
; fuzzy_skin = none
; fuzzy_skin_point_dist = 0.8
; fuzzy_skin_thickness = 0.3
; gap_fill_enabled = 1
; gap_fill_speed = 20
; gcode_comments = 1
; gcode_flavor = marlin
; gcode_label_objects = octoprint
; gcode_resolution = 0.0125
; gcode_substitutions = 
; high_current_on_filament_swap = 0
; infill_acceleration = 0
; infill_anchor = 600%
; infill_anchor_max = 50
; infill_every_layers = 1
; infill_extruder = 1
; infill_extrusion_width = 0.4
; infill_first = 0
; infill_overlap = 25%
; infill_speed = 35
; interface_shells = 0
; ironing = 0
; ironing_flowrate = 15%
; ironing_spacing = 0.1
; ironing_speed = 15
; ironing_type = top
; layer_gcode = ;AFTER_LAYER_CHANGE\n;[layer_z]
; layer_height = 0.1
; machine_limits_usage = time_estimate_only
; machine_max_acceleration_e = 10000,5000
; machine_max_acceleration_extruding = 1500,1250
; machine_max_acceleration_retracting = 1500,1250
; machine_max_acceleration_travel = 1500,1250
; machine_max_acceleration_x = 9000,1000
; machine_max_acceleration_y = 9000,1000
; machine_max_acceleration_z = 500,200
; machine_max_feedrate_e = 120,120
; machine_max_feedrate_x = 500
; machine_max_feedrate_y = 500
; machine_max_feedrate_z = 12,12
; machine_max_jerk_e = 2.5,2.5
; machine_max_jerk_x = 10,10
; machine_max_jerk_y = 10,10
; machine_max_jerk_z = 0.2,0.4
; machine_min_extruding_rate = 0,0
; machine_min_travel_rate = 0,0
; max_fan_speed = 100
; max_layer_height = 0
; max_print_height = 250
; max_print_speed = 80
; max_volumetric_extrusion_rate_slope_negative = 0
; max_volumetric_extrusion_rate_slope_positive = 0
; max_volumetric_speed = 0
; min_bead_width = 85%
; min_fan_speed = 100
; min_feature_size = 25%
; min_layer_height = 0.07
; min_print_speed = 10
; min_skirt_length = 0
; mmu_segmented_region_interlocking_depth = 0
; mmu_segmented_region_max_width = 0
; notes = 
; nozzle_diameter = 0.4
; only_retract_when_crossing_perimeters = 0
; ooze_prevention = 0
; output_filename_format = [input_filename_base].gcode
; overhang_fan_speed_0 = 0
; overhang_fan_speed_1 = 0
; overhang_fan_speed_2 = 0
; overhang_fan_speed_3 = 0
; overhang_speed_0 = 15
; overhang_speed_1 = 15
; overhang_speed_2 = 20
; overhang_speed_3 = 25
; overhangs = 1
; parking_pos_retraction = 92
; pause_print_gcode = M601
; perimeter_acceleration = 0
; perimeter_extruder = 1
; perimeter_extrusion_width = 0.4
; perimeter_generator = arachne
; perimeter_speed = 25
; perimeters = 3
; physical_printer_settings_id = 
; post_process = 
; print_settings_id = 
; printer_model = 
; printer_notes = 
; printer_settings_id = 
; printer_technology = FFF
; raft_contact_distance = 0.1
; raft_expansion = 1.5
; raft_first_layer_density = 90%
; raft_first_layer_expansion = 3
; raft_layers = 0
; remaining_times = 0
; resolution = 0
; retract_before_travel = 2
; retract_before_wipe = 70%
; retract_layer_change = 0
; retract_length = 1.5
; retract_length_toolchange = 10
; retract_lift = 0.2
; retract_lift_above = 0
; retract_lift_below = 0
; retract_restart_extra = 0
; retract_restart_extra_toolchange = 0
; retract_speed = 35
; seam_position = aligned
; silent_mode = 1
; single_extruder_multi_material = 0
; single_extruder_multi_material_priming = 1
; skirt_distance = 6
; skirt_height = 1
; skirts = 0
; slice_closing_radius = 0.049
; slicing_mode = regular
; slowdown_below_layer_time = 20
; small_perimeter_speed = 12
; solid_infill_acceleration = 0
; solid_infill_below_area = 70
; solid_infill_every_layers = 0
; solid_infill_extruder = 1
; solid_infill_extrusion_width = 0.4
; solid_infill_speed = 30
; spiral_vase = 0
; staggered_inner_seams = 0
; standby_temperature_delta = -5
; start_filament_gcode = "; Filament gcode\n"
; start_gcode = ; ---- Chrono datador · prototipo · perfil generico Marlin 0,40 PLA ----\nG90 ; coordenadas absolutas\nM82 ; extrusora absoluta\nM107 ; ventoinha desligada\nM140 S{first_layer_bed_temperature[0]} ; aquece mesa\nM104 S{first_layer_temperature[0]} ; aquece bico\nG28 ; referencia todos os eixos\nM190 S{first_layer_bed_temperature[0]} ; espera a mesa\nM109 S{first_layer_temperature[0]} ; espera o bico\nG92 E0 ; zera extrusora\nG1 Z{first_layer_height} F600
; support_material = 1
; support_material_angle = 0
; support_material_auto = 1
; support_material_bottom_contact_distance = 0.1
; support_material_bottom_interface_layers = 2
; support_material_buildplate_only = 1
; support_material_closing_radius = 2
; support_material_contact_distance = 0.1
; support_material_enforce_layers = 0
; support_material_extruder = 1
; support_material_extrusion_width = 0.36
; support_material_interface_contact_loops = 0
; support_material_interface_extruder = 1
; support_material_interface_layers = 2
; support_material_interface_pattern = rectilinear
; support_material_interface_spacing = 0
; support_material_interface_speed = 80%
; support_material_pattern = rectilinear
; support_material_spacing = 1.6
; support_material_speed = 40
; support_material_style = snug
; support_material_synchronize_layers = 0
; support_material_threshold = 50
; support_material_with_sheath = 1
; support_material_xy_spacing = 60%
; support_tree_angle = 40
; support_tree_angle_slow = 25
; support_tree_branch_diameter = 2
; support_tree_branch_diameter_angle = 5
; support_tree_branch_diameter_double_wall = 3
; support_tree_branch_distance = 1
; support_tree_tip_diameter = 0.8
; support_tree_top_rate = 15%
; temperature = 205
; template_custom_gcode = 
; thick_bridges = 1
; thin_walls = 1
; thumbnails = 
; thumbnails_format = PNG
; toolchange_gcode = 
; top_fill_pattern = monotonic
; top_infill_extrusion_width = 0.38
; top_solid_infill_acceleration = 0
; top_solid_infill_speed = 22
; top_solid_layers = 5
; top_solid_min_thickness = 0
; travel_acceleration = 0
; travel_lift_before_obstacle = 0
; travel_max_lift = 0
; travel_ramping_lift = 0
; travel_slope = 0
; travel_speed = 120
; travel_speed_z = 10
; use_firmware_retraction = 0
; use_relative_e_distances = 0
; use_volumetric_e = 0
; variable_layer_height = 1
; wall_distribution_count = 1
; wall_transition_angle = 10
; wall_transition_filter_deviation = 25%
; wall_transition_length = 100%
; wipe = 1
; wipe_into_infill = 0
; wipe_into_objects = 0
; wipe_tower = 0
; wipe_tower_bridging = 10
; wipe_tower_brim_width = 2
; wipe_tower_cone_angle = 0
; wipe_tower_extra_spacing = 100%
; wipe_tower_extruder = 0
; wipe_tower_no_sparse_layers = 0
; wipe_tower_rotation_angle = 0
; wipe_tower_width = 60
; wipe_tower_x = 180
; wipe_tower_y = 140
; wiping_volumes_extruders = 70,70,70,70,70,70,70,70,70,70
; wiping_volumes_matrix = 0,140,140,140,140,140,0,140,140,140,140,140,0,140,140,140,140,140,0,140,140,140,140,140,0
; xy_size_compensation = 0
; z_offset = 0
; prusaslicer_config = end
