ISO-10303-21;
HEADER;
FILE_DESCRIPTION(('Open CASCADE Model'),'2;1');
FILE_NAME('Open CASCADE Shape Model','2026-10-06T20:04:21',('Author'),(
    'Open CASCADE'),'Open CASCADE STEP processor 7.9','Open CASCADE 7.9'
  ,'Unknown');
FILE_SCHEMA(('AUTOMOTIVE_DESIGN { 1 0 10303 214 1 1 1 1 }'));
ENDSEC;
DATA;
#1 = APPLICATION_PROTOCOL_DEFINITION('international standard',
  'automotive_design',2000,#2);
#2 = APPLICATION_CONTEXT(
  'core data for automotive mechanical design processes');
#3 = SHAPE_DEFINITION_REPRESENTATION(#4,#10);
#4 = PRODUCT_DEFINITION_SHAPE('','',#5);
#5 = PRODUCT_DEFINITION('design','',#6,#9);
#6 = PRODUCT_DEFINITION_FORMATION('','',#7);
#7 = PRODUCT('Open CASCADE STEP translator 7.9 3',
  'Open CASCADE STEP translator 7.9 3','',(#8));
#8 = PRODUCT_CONTEXT('',#2,'mechanical');
#9 = PRODUCT_DEFINITION_CONTEXT('part definition',#2,'design');
#10 = ADVANCED_BREP_SHAPE_REPRESENTATION('',(#11,#15),#17685);
#11 = AXIS2_PLACEMENT_3D('',#12,#13,#14);
#12 = CARTESIAN_POINT('',(0.,0.,0.));
#13 = DIRECTION('',(0.,0.,1.));
#14 = DIRECTION('',(1.,0.,-0.));
#15 = MANIFOLD_SOLID_BREP('',#16);
#16 = CLOSED_SHELL('',(#17,#137,#222,#302,#382,#457,#510,#563,#640,#1437
    ,#1463,#6398,#6424,#6501,#6527,#6553,#6628,#6654,#6680,#6728,#6756,
    #6836,#6890,#6949,#7012,#7097,#7242,#7296,#7400,#7485,#7630,#7684,
    #7788,#7873,#8018,#8072,#8176,#8261,#8406,#8460,#8564,#8639,#8724,
    #8773,#8800,#8876,#8925,#8974,#9023,#9072,#9121,#9170,#9219,#9268,
    #9317,#9366,#9415,#9464,#9513,#9562,#9611,#9660,#9709,#9758,#9807,
    #9856,#9905,#9954,#10003,#10052,#10101,#10150,#10177,#10253,#10302,
    #10351,#10400,#10449,#10498,#10547,#10596,#10645,#10694,#10743,
    #10792,#10841,#10890,#10939,#10988,#11037,#11086,#11135,#11184,
    #11233,#11282,#11331,#11380,#11429,#11478,#11527,#11554,#11630,
    #11679,#11728,#11777,#11826,#11875,#11924,#11973,#12022,#12071,
    #12120,#12169,#12218,#12267,#12316,#12365,#12414,#12463,#12512,
    #12561,#12610,#12659,#12708,#12757,#12806,#12855,#12904,#12953,
    #13002,#13051,#13100,#13149,#13198,#13247,#13296,#13345,#13394,
    #13443,#13492,#13541,#13590,#13639,#13688,#13737,#13786,#13835,
    #13884,#13911,#13987,#14036,#14085,#14134,#14183,#14232,#14281,
    #14330,#14379,#14428,#14477,#14504,#14580,#14629,#14678,#14727,
    #14776,#14825,#14852,#14878,#14904,#14952,#14980,#15056,#15105,
    #15154,#15203,#15252,#15301,#15350,#15399,#15448,#15497,#15546,
    #15595,#15644,#15693,#15742,#15791,#15840,#15889,#15938,#15987,
    #16036,#16085,#16134,#16183,#16232,#16281,#16330,#16357,#16433,
    #16482,#16531,#16580,#16629,#16678,#16727,#16776,#16825,#16874,
    #16923,#16972,#16999,#17025,#17032,#17077,#17103,#17129,#17136,
    #17164,#17192,#17220,#17227,#17255,#17283,#17311,#17318,#17346,
    #17374,#17402,#17409,#17437,#17465,#17493,#17500,#17531,#17562,
    #17613,#17628,#17638,#17669));
#17 = ADVANCED_FACE('',(#18),#32,.F.);
#18 = FACE_BOUND('',#19,.F.);
#19 = EDGE_LOOP('',(#20,#54,#83,#110));
#20 = ORIENTED_EDGE('',*,*,#21,.F.);
#21 = EDGE_CURVE('',#22,#24,#26,.T.);
#22 = VERTEX_POINT('',#23);
#23 = CARTESIAN_POINT('',(63.915917193196,38.657853084492,111.63));
#24 = VERTEX_POINT('',#25);
#25 = CARTESIAN_POINT('',(63.939484522608,39.557853084492,111.63));
#26 = SURFACE_CURVE('',#27,(#31,#42),.PCURVE_S1.);
#27 = LINE('',#28,#29);
#28 = CARTESIAN_POINT('',(63.9,38.05,111.63));
#29 = VECTOR('',#30,1.);
#30 = DIRECTION('',(2.617694830786E-02,0.999657324976,-4.8086273935E-18)
  );
#31 = PCURVE('',#32,#37);
#32 = CONICAL_SURFACE('',#33,0.7,2.617993877991E-02);
#33 = AXIS2_PLACEMENT_3D('',#34,#35,#36);
#34 = CARTESIAN_POINT('',(63.2,38.05,111.63));
#35 = DIRECTION('',(0.,1.,0.));
#36 = DIRECTION('',(-5.770950752315E-15,0.,-1.));
#37 = DEFINITIONAL_REPRESENTATION('',(#38),#41);
#38 = B_SPLINE_CURVE_WITH_KNOTS('',1,(#39,#40),.UNSPECIFIED.,.F.,.F.,(2,
    2),(-7.466172041417E-21,2.100719864231),.PIECEWISE_BEZIER_KNOTS.);
#39 = CARTESIAN_POINT('',(4.712388980385,0.));
#40 = CARTESIAN_POINT('',(4.712388980385,2.1));
#41 = ( GEOMETRIC_REPRESENTATION_CONTEXT(2) 
PARAMETRIC_REPRESENTATION_CONTEXT() REPRESENTATION_CONTEXT('2D SPACE',''
  ) );
#42 = PCURVE('',#43,#48);
#43 = PLANE('',#44);
#44 = AXIS2_PLACEMENT_3D('',#45,#46,#47);
#45 = CARTESIAN_POINT('',(63.9,38.05,111.63));
#46 = DIRECTION('',(-0.999657324976,2.617694830786E-02,
    6.121135716375E-17));
#47 = DIRECTION('',(2.617694830786E-02,0.999657324976,-4.8086273935E-18)
  );
#48 = DEFINITIONAL_REPRESENTATION('',(#49),#53);
#49 = LINE('',#50,#51);
#50 = CARTESIAN_POINT('',(0.,-0.));
#51 = VECTOR('',#52,1.);
#52 = DIRECTION('',(1.,-7.703719777549E-34));
#53 = ( GEOMETRIC_REPRESENTATION_CONTEXT(2) 
PARAMETRIC_REPRESENTATION_CONTEXT() REPRESENTATION_CONTEXT('2D SPACE',''
  ) );
#54 = ORIENTED_EDGE('',*,*,#55,.T.);
#55 = EDGE_CURVE('',#22,#56,#58,.T.);
#56 = VERTEX_POINT('',#57);
#57 = CARTESIAN_POINT('',(63.2,38.657853084492,110.9140828068));
#58 = SURFACE_CURVE('',#59,(#64,#71),.PCURVE_S1.);
#59 = CIRCLE('',#60,0.715917193196);
#60 = AXIS2_PLACEMENT_3D('',#61,#62,#63);
#61 = CARTESIAN_POINT('',(63.2,38.657853084492,111.63));
#62 = DIRECTION('',(0.,1.,-0.));
#63 = DIRECTION('',(1.,0.,5.018979567439E-15));
#64 = PCURVE('',#32,#65);
#65 = DEFINITIONAL_REPRESENTATION('',(#66),#70);
#66 = LINE('',#67,#68);
#67 = CARTESIAN_POINT('',(4.712388980385,0.607853084492));
#68 = VECTOR('',#69,1.);
#69 = DIRECTION('',(1.,0.));
#70 = ( GEOMETRIC_REPRESENTATION_CONTEXT(2) 
PARAMETRIC_REPRESENTATION_CONTEXT() REPRESENTATION_CONTEXT('2D SPACE',''
  ) );
#71 = PCURVE('',#72,#77);
#72 = TOROIDAL_SURFACE('',#73,1.015814390689,0.3);
#73 = AXIS2_PLACEMENT_3D('',#74,#75,#76);
#74 = CARTESIAN_POINT('',(63.2,38.65,111.63));
#75 = DIRECTION('',(0.,1.,-0.));
#76 = DIRECTION('',(1.,0.,5.018979567439E-15));
#77 = DEFINITIONAL_REPRESENTATION('',(#78),#82);
#78 = LINE('',#79,#80);
#79 = CARTESIAN_POINT('',(0.,3.11541271481));
#80 = VECTOR('',#81,1.);
#81 = DIRECTION('',(1.,0.));
#82 = ( GEOMETRIC_REPRESENTATION_CONTEXT(2) 
PARAMETRIC_REPRESENTATION_CONTEXT() REPRESENTATION_CONTEXT('2D SPACE',''
  ) );
#83 = ORIENTED_EDGE('',*,*,#84,.T.);
#84 = EDGE_CURVE('',#56,#85,#87,.T.);
#85 = VERTEX_POINT('',#86);
#86 = CARTESIAN_POINT('',(63.2,39.557853084492,110.89051547739));
#87 = SURFACE_CURVE('',#88,(#92,#98),.PCURVE_S1.);
#88 = LINE('',#89,#90);
#89 = CARTESIAN_POINT('',(63.2,38.05,110.93));
#90 = VECTOR('',#91,1.);
#91 = DIRECTION('',(-1.446543763392E-16,0.999657324976,
    -2.617694830786E-02));
#92 = PCURVE('',#32,#93);
#93 = DEFINITIONAL_REPRESENTATION('',(#94),#97);
#94 = B_SPLINE_CURVE_WITH_KNOTS('',1,(#95,#96),.UNSPECIFIED.,.F.,.F.,(2,
    2),(0.,2.100719864231),.PIECEWISE_BEZIER_KNOTS.);
#95 = CARTESIAN_POINT('',(6.28318530718,0.));
#96 = CARTESIAN_POINT('',(6.28318530718,2.1));
#97 = ( GEOMETRIC_REPRESENTATION_CONTEXT(2) 
PARAMETRIC_REPRESENTATION_CONTEXT() REPRESENTATION_CONTEXT('2D SPACE',''
  ) );
#98 = PCURVE('',#99,#104);
#99 = PLANE('',#100);
#100 = AXIS2_PLACEMENT_3D('',#101,#102,#103);
#101 = CARTESIAN_POINT('',(60.74,38.05,110.93));
#102 = DIRECTION('',(6.121135716375E-17,2.617694830786E-02,
    0.999657324976));
#103 = DIRECTION('',(-4.8086273935E-18,0.999657324976,
    -2.617694830786E-02));
#104 = DEFINITIONAL_REPRESENTATION('',(#105),#109);
#105 = LINE('',#106,#107);
#106 = CARTESIAN_POINT('',(-1.182922338801E-17,-2.46));
#107 = VECTOR('',#108,1.);
#108 = DIRECTION('',(1.,1.398457489457E-16));
#109 = ( GEOMETRIC_REPRESENTATION_CONTEXT(2) 
PARAMETRIC_REPRESENTATION_CONTEXT() REPRESENTATION_CONTEXT('2D SPACE',''
  ) );
#110 = ORIENTED_EDGE('',*,*,#111,.F.);
#111 = EDGE_CURVE('',#24,#85,#112,.T.);
#112 = SURFACE_CURVE('',#113,(#118,#125),.PCURVE_S1.);
#113 = CIRCLE('',#114,0.739484522608);
#114 = AXIS2_PLACEMENT_3D('',#115,#116,#117);
#115 = CARTESIAN_POINT('',(63.2,39.557853084492,111.63));
#116 = DIRECTION('',(0.,1.,0.));
#117 = DIRECTION('',(1.,-0.,4.755118286695E-15));
#118 = PCURVE('',#32,#119);
#119 = DEFINITIONAL_REPRESENTATION('',(#120),#124);
#120 = LINE('',#121,#122);
#121 = CARTESIAN_POINT('',(4.712388980385,1.507853084492));
#122 = VECTOR('',#123,1.);
#123 = DIRECTION('',(1.,0.));
#124 = ( GEOMETRIC_REPRESENTATION_CONTEXT(2) 
PARAMETRIC_REPRESENTATION_CONTEXT() REPRESENTATION_CONTEXT('2D SPACE',''
  ) );
#125 = PCURVE('',#126,#131);
#126 = TOROIDAL_SURFACE('',#127,1.039381720101,0.3);
#127 = AXIS2_PLACEMENT_3D('',#128,#129,#130);
#128 = CARTESIAN_POINT('',(63.2,39.55,111.63));
#129 = DIRECTION('',(0.,1.,0.));
#130 = DIRECTION('',(1.,-0.,4.755118286695E-15));
#131 = DEFINITIONAL_REPRESENTATION('',(#132),#136);
#132 = LINE('',#133,#134);
#133 = CARTESIAN_POINT('',(0.,3.11541271481));
#134 = VECTOR('',#135,1.);
#135 = DIRECTION('',(1.,0.));
#136 = ( GEOMETRIC_REPRESENTATION_CONTEXT(2) 
PARAMETRIC_REPRESENTATION_CONTEXT() REPRESENTATION_CONTEXT('2D SPACE',''
  ) );
#137 = ADVANCED_FACE('',(#138),#43,.T.);
#138 = FACE_BOUND('',#139,.T.);
#139 = EDGE_LOOP('',(#140,#141,#169,#196));
#140 = ORIENTED_EDGE('',*,*,#21,.F.);
#141 = ORIENTED_EDGE('',*,*,#142,.F.);
#142 = EDGE_CURVE('',#143,#22,#145,.T.);
#143 = VERTEX_POINT('',#144);
#144 = CARTESIAN_POINT('',(63.915917193196,38.657853084492,113.33));
#145 = SURFACE_CURVE('',#146,(#150,#157),.PCURVE_S1.);
#146 = LINE('',#147,#148);
#147 = CARTESIAN_POINT('',(63.915917193196,38.657853084492,113.33));
#148 = VECTOR('',#149,1.);
#149 = DIRECTION('',(-6.123233995737E-17,0.,-1.));
#150 = PCURVE('',#43,#151);
#151 = DEFINITIONAL_REPRESENTATION('',(#152),#156);
#152 = LINE('',#153,#154);
#153 = CARTESIAN_POINT('',(0.608061451965,-1.7));
#154 = VECTOR('',#155,1.);
#155 = DIRECTION('',(3.205751595667E-18,1.));
#156 = ( GEOMETRIC_REPRESENTATION_CONTEXT(2) 
PARAMETRIC_REPRESENTATION_CONTEXT() REPRESENTATION_CONTEXT('2D SPACE',''
  ) );
#157 = PCURVE('',#158,#163);
#158 = CYLINDRICAL_SURFACE('',#159,0.3);
#159 = AXIS2_PLACEMENT_3D('',#160,#161,#162);
#160 = CARTESIAN_POINT('',(64.215814390689,38.65,113.33));
#161 = DIRECTION('',(-6.123233995737E-17,0.,-1.));
#162 = DIRECTION('',(-0.999657324976,2.617694830786E-02,
    6.121135716378E-17));
#163 = DEFINITIONAL_REPRESENTATION('',(#164),#168);
#164 = LINE('',#165,#166);
#165 = CARTESIAN_POINT('',(6.28318530718,0.));
#166 = VECTOR('',#167,1.);
#167 = DIRECTION('',(-0.,1.));
#168 = ( GEOMETRIC_REPRESENTATION_CONTEXT(2) 
PARAMETRIC_REPRESENTATION_CONTEXT() REPRESENTATION_CONTEXT('2D SPACE',''
  ) );
#169 = ORIENTED_EDGE('',*,*,#170,.T.);
#170 = EDGE_CURVE('',#143,#171,#173,.T.);
#171 = VERTEX_POINT('',#172);
#172 = CARTESIAN_POINT('',(63.939484522608,39.557853084492,113.33));
#173 = SURFACE_CURVE('',#174,(#178,#185),.PCURVE_S1.);
#174 = LINE('',#175,#176);
#175 = CARTESIAN_POINT('',(63.9,38.05,113.33));
#176 = VECTOR('',#177,1.);
#177 = DIRECTION('',(2.617694830786E-02,0.999657324976,4.8086273935E-18)
  );
#178 = PCURVE('',#43,#179);
#179 = DEFINITIONAL_REPRESENTATION('',(#180),#184);
#180 = LINE('',#181,#182);
#181 = CARTESIAN_POINT('',(-8.17466656895E-18,-1.7));
#182 = VECTOR('',#183,1.);
#183 = DIRECTION('',(1.,-9.617254787E-18));
#184 = ( GEOMETRIC_REPRESENTATION_CONTEXT(2) 
PARAMETRIC_REPRESENTATION_CONTEXT() REPRESENTATION_CONTEXT('2D SPACE',''
  ) );
#185 = PCURVE('',#186,#191);
#186 = CONICAL_SURFACE('',#187,0.7,2.617993877991E-02);
#187 = AXIS2_PLACEMENT_3D('',#188,#189,#190);
#188 = CARTESIAN_POINT('',(63.2,38.05,113.33));
#189 = DIRECTION('',(0.,1.,-0.));
#190 = DIRECTION('',(1.,-0.,-6.123233995737E-17));
#191 = DEFINITIONAL_REPRESENTATION('',(#192),#195);
#192 = B_SPLINE_CURVE_WITH_KNOTS('',1,(#193,#194),.UNSPECIFIED.,.F.,.F.,
  (2,2),(0.,2.100719864231),.PIECEWISE_BEZIER_KNOTS.);
#193 = CARTESIAN_POINT('',(6.28318530718,0.));
#194 = CARTESIAN_POINT('',(6.28318530718,2.1));
#195 = ( GEOMETRIC_REPRESENTATION_CONTEXT(2) 
PARAMETRIC_REPRESENTATION_CONTEXT() REPRESENTATION_CONTEXT('2D SPACE',''
  ) );
#196 = ORIENTED_EDGE('',*,*,#197,.T.);
#197 = EDGE_CURVE('',#171,#24,#198,.T.);
#198 = SURFACE_CURVE('',#199,(#203,#210),.PCURVE_S1.);
#199 = LINE('',#200,#201);
#200 = CARTESIAN_POINT('',(63.939484522608,39.557853084492,113.33));
#201 = VECTOR('',#202,1.);
#202 = DIRECTION('',(-6.123233995737E-17,0.,-1.));
#203 = PCURVE('',#43,#204);
#204 = DEFINITIONAL_REPRESENTATION('',(#205),#209);
#205 = LINE('',#206,#207);
#206 = CARTESIAN_POINT('',(1.508369965207,-1.7));
#207 = VECTOR('',#208,1.);
#208 = DIRECTION('',(3.205751595667E-18,1.));
#209 = ( GEOMETRIC_REPRESENTATION_CONTEXT(2) 
PARAMETRIC_REPRESENTATION_CONTEXT() REPRESENTATION_CONTEXT('2D SPACE',''
  ) );
#210 = PCURVE('',#211,#216);
#211 = CYLINDRICAL_SURFACE('',#212,0.3);
#212 = AXIS2_PLACEMENT_3D('',#213,#214,#215);
#213 = CARTESIAN_POINT('',(64.239381720101,39.55,113.33));
#214 = DIRECTION('',(-6.123233995737E-17,0.,-1.));
#215 = DIRECTION('',(0.,1.,0.));
#216 = DEFINITIONAL_REPRESENTATION('',(#217),#221);
#217 = LINE('',#218,#219);
#218 = CARTESIAN_POINT('',(4.738568919165,0.));
#219 = VECTOR('',#220,1.);
#220 = DIRECTION('',(-0.,1.));
#221 = ( GEOMETRIC_REPRESENTATION_CONTEXT(2) 
PARAMETRIC_REPRESENTATION_CONTEXT() REPRESENTATION_CONTEXT('2D SPACE',''
  ) );
#222 = ADVANCED_FACE('',(#223),#72,.T.);
#223 = FACE_BOUND('',#224,.T.);
#224 = EDGE_LOOP('',(#225,#247,#248,#275));
#225 = ORIENTED_EDGE('',*,*,#226,.F.);
#226 = EDGE_CURVE('',#22,#227,#229,.T.);
#227 = VERTEX_POINT('',#228);
#228 = CARTESIAN_POINT('',(64.215814390689,38.35,111.63));
#229 = SURFACE_CURVE('',#230,(#235,#241),.PCURVE_S1.);
#230 = CIRCLE('',#231,0.3);
#231 = AXIS2_PLACEMENT_3D('',#232,#233,#234);
#232 = CARTESIAN_POINT('',(64.215814390689,38.65,111.63));
#233 = DIRECTION('',(-5.907157987139E-15,0.,1.));
#234 = DIRECTION('',(1.,0.,5.907157987139E-15));
#235 = PCURVE('',#72,#236);
#236 = DEFINITIONAL_REPRESENTATION('',(#237),#240);
#237 = B_SPLINE_CURVE_WITH_KNOTS('',1,(#238,#239),.UNSPECIFIED.,.F.,.F.,
  (2,2),(3.11541271481,4.712388980385),.PIECEWISE_BEZIER_KNOTS.);
#238 = CARTESIAN_POINT('',(-8.881784197001E-16,3.11541271481));
#239 = CARTESIAN_POINT('',(-8.881784197001E-16,4.712388980385));
#240 = ( GEOMETRIC_REPRESENTATION_CONTEXT(2) 
PARAMETRIC_REPRESENTATION_CONTEXT() REPRESENTATION_CONTEXT('2D SPACE',''
  ) );
#241 = PCURVE('',#158,#242);
#242 = DEFINITIONAL_REPRESENTATION('',(#243),#246);
#243 = B_SPLINE_CURVE_WITH_KNOTS('',1,(#244,#245),.UNSPECIFIED.,.F.,.F.,
  (2,2),(3.11541271481,4.712388980385),.PIECEWISE_BEZIER_KNOTS.);
#244 = CARTESIAN_POINT('',(6.28318530718,1.7));
#245 = CARTESIAN_POINT('',(4.686209041605,1.7));
#246 = ( GEOMETRIC_REPRESENTATION_CONTEXT(2) 
PARAMETRIC_REPRESENTATION_CONTEXT() REPRESENTATION_CONTEXT('2D SPACE',''
  ) );
#247 = ORIENTED_EDGE('',*,*,#55,.T.);
#248 = ORIENTED_EDGE('',*,*,#249,.T.);
#249 = EDGE_CURVE('',#56,#250,#252,.T.);
#250 = VERTEX_POINT('',#251);
#251 = CARTESIAN_POINT('',(63.2,38.35,110.61418560931));
#252 = SURFACE_CURVE('',#253,(#258,#264),.PCURVE_S1.);
#253 = CIRCLE('',#254,0.3);
#254 = AXIS2_PLACEMENT_3D('',#255,#256,#257);
#255 = CARTESIAN_POINT('',(63.2,38.65,110.61418560931));
#256 = DIRECTION('',(1.,-0.,-4.689750709305E-15));
#257 = DIRECTION('',(-4.689750709305E-15,-0.,-1.));
#258 = PCURVE('',#72,#259);
#259 = DEFINITIONAL_REPRESENTATION('',(#260),#263);
#260 = B_SPLINE_CURVE_WITH_KNOTS('',1,(#261,#262),.UNSPECIFIED.,.F.,.F.,
  (2,2),(3.11541271481,4.712388980385),.PIECEWISE_BEZIER_KNOTS.);
#261 = CARTESIAN_POINT('',(1.570796326795,3.11541271481));
#262 = CARTESIAN_POINT('',(1.570796326795,4.712388980385));
#263 = ( GEOMETRIC_REPRESENTATION_CONTEXT(2) 
PARAMETRIC_REPRESENTATION_CONTEXT() REPRESENTATION_CONTEXT('2D SPACE',''
  ) );
#264 = PCURVE('',#265,#270);
#265 = CYLINDRICAL_SURFACE('',#266,0.3);
#266 = AXIS2_PLACEMENT_3D('',#267,#268,#269);
#267 = CARTESIAN_POINT('',(63.2,38.65,110.61418560931));
#268 = DIRECTION('',(-1.,-0.,6.123233995737E-17));
#269 = DIRECTION('',(6.121135716378E-17,2.617694830786E-02,
    0.999657324976));
#270 = DEFINITIONAL_REPRESENTATION('',(#271),#274);
#271 = B_SPLINE_CURVE_WITH_KNOTS('',1,(#272,#273),.UNSPECIFIED.,.F.,.F.,
  (2,2),(3.11541271481,4.712388980385),.PIECEWISE_BEZIER_KNOTS.);
#272 = CARTESIAN_POINT('',(6.28318530718,0.));
#273 = CARTESIAN_POINT('',(4.686209041605,0.));
#274 = ( GEOMETRIC_REPRESENTATION_CONTEXT(2) 
PARAMETRIC_REPRESENTATION_CONTEXT() REPRESENTATION_CONTEXT('2D SPACE',''
  ) );
#275 = ORIENTED_EDGE('',*,*,#276,.F.);
#276 = EDGE_CURVE('',#227,#250,#277,.T.);
#277 = SURFACE_CURVE('',#278,(#283,#290),.PCURVE_S1.);
#278 = CIRCLE('',#279,1.015814390689);
#279 = AXIS2_PLACEMENT_3D('',#280,#281,#282);
#280 = CARTESIAN_POINT('',(63.2,38.35,111.63));
#281 = DIRECTION('',(0.,1.,-0.));
#282 = DIRECTION('',(1.,0.,5.018979567439E-15));
#283 = PCURVE('',#72,#284);
#284 = DEFINITIONAL_REPRESENTATION('',(#285),#289);
#285 = LINE('',#286,#287);
#286 = CARTESIAN_POINT('',(0.,4.712388980385));
#287 = VECTOR('',#288,1.);
#288 = DIRECTION('',(1.,0.));
#289 = ( GEOMETRIC_REPRESENTATION_CONTEXT(2) 
PARAMETRIC_REPRESENTATION_CONTEXT() REPRESENTATION_CONTEXT('2D SPACE',''
  ) );
#290 = PCURVE('',#291,#296);
#291 = PLANE('',#292);
#292 = AXIS2_PLACEMENT_3D('',#293,#294,#295);
#293 = CARTESIAN_POINT('',(61.97,38.35,105.24755626412));
#294 = DIRECTION('',(0.,1.,0.));
#295 = DIRECTION('',(-1.,0.,6.123233995737E-17));
#296 = DEFINITIONAL_REPRESENTATION('',(#297),#301);
#297 = CIRCLE('',#298,1.015814390689);
#298 = AXIS2_PLACEMENT_2D('',#299,#300);
#299 = CARTESIAN_POINT('',(-1.23,6.38244373588));
#300 = DIRECTION('',(-1.,5.080211907396E-15));
#301 = ( GEOMETRIC_REPRESENTATION_CONTEXT(2) 
PARAMETRIC_REPRESENTATION_CONTEXT() REPRESENTATION_CONTEXT('2D SPACE',''
  ) );
#302 = ADVANCED_FACE('',(#303),#126,.T.);
#303 = FACE_BOUND('',#304,.T.);
#304 = EDGE_LOOP('',(#305,#327,#356,#381));
#305 = ORIENTED_EDGE('',*,*,#306,.F.);
#306 = EDGE_CURVE('',#307,#24,#309,.T.);
#307 = VERTEX_POINT('',#308);
#308 = CARTESIAN_POINT('',(64.239381720101,39.85,111.63));
#309 = SURFACE_CURVE('',#310,(#315,#321),.PCURVE_S1.);
#310 = CIRCLE('',#311,0.3);
#311 = AXIS2_PLACEMENT_3D('',#312,#313,#314);
#312 = CARTESIAN_POINT('',(64.239381720101,39.55,111.63));
#313 = DIRECTION('',(-5.643296706396E-15,0.,1.));
#314 = DIRECTION('',(1.,0.,5.643296706396E-15));
#315 = PCURVE('',#126,#316);
#316 = DEFINITIONAL_REPRESENTATION('',(#317),#320);
#317 = B_SPLINE_CURVE_WITH_KNOTS('',1,(#318,#319),.UNSPECIFIED.,.F.,.F.,
  (2,2),(1.570796326795,3.11541271481),.PIECEWISE_BEZIER_KNOTS.);
#318 = CARTESIAN_POINT('',(-8.881784197001E-16,1.570796326795));
#319 = CARTESIAN_POINT('',(-8.881784197001E-16,3.11541271481));
#320 = ( GEOMETRIC_REPRESENTATION_CONTEXT(2) 
PARAMETRIC_REPRESENTATION_CONTEXT() REPRESENTATION_CONTEXT('2D SPACE',''
  ) );
#321 = PCURVE('',#211,#322);
#322 = DEFINITIONAL_REPRESENTATION('',(#323),#326);
#323 = B_SPLINE_CURVE_WITH_KNOTS('',1,(#324,#325),.UNSPECIFIED.,.F.,.F.,
  (2,2),(1.570796326795,3.11541271481),.PIECEWISE_BEZIER_KNOTS.);
#324 = CARTESIAN_POINT('',(6.28318530718,1.7));
#325 = CARTESIAN_POINT('',(4.738568919165,1.7));
#326 = ( GEOMETRIC_REPRESENTATION_CONTEXT(2) 
PARAMETRIC_REPRESENTATION_CONTEXT() REPRESENTATION_CONTEXT('2D SPACE',''
  ) );
#327 = ORIENTED_EDGE('',*,*,#328,.T.);
#328 = EDGE_CURVE('',#307,#329,#331,.T.);
#329 = VERTEX_POINT('',#330);
#330 = CARTESIAN_POINT('',(63.2,39.85,110.59061827989));
#331 = SURFACE_CURVE('',#332,(#337,#344),.PCURVE_S1.);
#332 = CIRCLE('',#333,1.039381720101);
#333 = AXIS2_PLACEMENT_3D('',#334,#335,#336);
#334 = CARTESIAN_POINT('',(63.2,39.85,111.63));
#335 = DIRECTION('',(0.,1.,0.));
#336 = DIRECTION('',(1.,-0.,4.755118286695E-15));
#337 = PCURVE('',#126,#338);
#338 = DEFINITIONAL_REPRESENTATION('',(#339),#343);
#339 = LINE('',#340,#341);
#340 = CARTESIAN_POINT('',(0.,1.570796326795));
#341 = VECTOR('',#342,1.);
#342 = DIRECTION('',(1.,0.));
#343 = ( GEOMETRIC_REPRESENTATION_CONTEXT(2) 
PARAMETRIC_REPRESENTATION_CONTEXT() REPRESENTATION_CONTEXT('2D SPACE',''
  ) );
#344 = PCURVE('',#345,#350);
#345 = PLANE('',#346);
#346 = AXIS2_PLACEMENT_3D('',#347,#348,#349);
#347 = CARTESIAN_POINT('',(61.97,39.85,102.68));
#348 = DIRECTION('',(0.,1.,0.));
#349 = DIRECTION('',(0.,-0.,1.));
#350 = DEFINITIONAL_REPRESENTATION('',(#351),#355);
#351 = CIRCLE('',#352,1.039381720101);
#352 = AXIS2_PLACEMENT_2D('',#353,#354);
#353 = CARTESIAN_POINT('',(8.95,1.23));
#354 = DIRECTION('',(4.755118286695E-15,1.));
#355 = ( GEOMETRIC_REPRESENTATION_CONTEXT(2) 
PARAMETRIC_REPRESENTATION_CONTEXT() REPRESENTATION_CONTEXT('2D SPACE',''
  ) );
#356 = ORIENTED_EDGE('',*,*,#357,.T.);
#357 = EDGE_CURVE('',#329,#85,#358,.T.);
#358 = SURFACE_CURVE('',#359,(#364,#370),.PCURVE_S1.);
#359 = CIRCLE('',#360,0.3);
#360 = AXIS2_PLACEMENT_3D('',#361,#362,#363);
#361 = CARTESIAN_POINT('',(63.2,39.55,110.59061827989));
#362 = DIRECTION('',(1.,0.,-4.953611990049E-15));
#363 = DIRECTION('',(-4.953611990049E-15,0.,-1.));
#364 = PCURVE('',#126,#365);
#365 = DEFINITIONAL_REPRESENTATION('',(#366),#369);
#366 = B_SPLINE_CURVE_WITH_KNOTS('',1,(#367,#368),.UNSPECIFIED.,.F.,.F.,
  (2,2),(1.570796326795,3.11541271481),.PIECEWISE_BEZIER_KNOTS.);
#367 = CARTESIAN_POINT('',(1.570796326795,1.570796326795));
#368 = CARTESIAN_POINT('',(1.570796326795,3.11541271481));
#369 = ( GEOMETRIC_REPRESENTATION_CONTEXT(2) 
PARAMETRIC_REPRESENTATION_CONTEXT() REPRESENTATION_CONTEXT('2D SPACE',''
  ) );
#370 = PCURVE('',#371,#376);
#371 = CYLINDRICAL_SURFACE('',#372,0.3);
#372 = AXIS2_PLACEMENT_3D('',#373,#374,#375);
#373 = CARTESIAN_POINT('',(63.2,39.55,110.59061827989));
#374 = DIRECTION('',(-1.,-0.,6.123233995737E-17));
#375 = DIRECTION('',(0.,1.,0.));
#376 = DEFINITIONAL_REPRESENTATION('',(#377),#380);
#377 = B_SPLINE_CURVE_WITH_KNOTS('',1,(#378,#379),.UNSPECIFIED.,.F.,.F.,
  (2,2),(1.570796326795,3.11541271481),.PIECEWISE_BEZIER_KNOTS.);
#378 = CARTESIAN_POINT('',(6.28318530718,0.));
#379 = CARTESIAN_POINT('',(4.738568919165,0.));
#380 = ( GEOMETRIC_REPRESENTATION_CONTEXT(2) 
PARAMETRIC_REPRESENTATION_CONTEXT() REPRESENTATION_CONTEXT('2D SPACE',''
  ) );
#381 = ORIENTED_EDGE('',*,*,#111,.F.);
#382 = ADVANCED_FACE('',(#383),#99,.T.);
#383 = FACE_BOUND('',#384,.T.);
#384 = EDGE_LOOP('',(#385,#414,#435,#436));
#385 = ORIENTED_EDGE('',*,*,#386,.F.);
#386 = EDGE_CURVE('',#387,#389,#391,.T.);
#387 = VERTEX_POINT('',#388);
#388 = CARTESIAN_POINT('',(60.74,38.657853084492,110.9140828068));
#389 = VERTEX_POINT('',#390);
#390 = CARTESIAN_POINT('',(60.74,39.557853084492,110.89051547739));
#391 = SURFACE_CURVE('',#392,(#396,#403),.PCURVE_S1.);
#392 = LINE('',#393,#394);
#393 = CARTESIAN_POINT('',(60.74,38.05,110.93));
#394 = VECTOR('',#395,1.);
#395 = DIRECTION('',(-4.8086273935E-18,0.999657324976,
    -2.617694830786E-02));
#396 = PCURVE('',#99,#397);
#397 = DEFINITIONAL_REPRESENTATION('',(#398),#402);
#398 = LINE('',#399,#400);
#399 = CARTESIAN_POINT('',(0.,0.));
#400 = VECTOR('',#401,1.);
#401 = DIRECTION('',(1.,-1.155557966632E-33));
#402 = ( GEOMETRIC_REPRESENTATION_CONTEXT(2) 
PARAMETRIC_REPRESENTATION_CONTEXT() REPRESENTATION_CONTEXT('2D SPACE',''
  ) );
#403 = PCURVE('',#404,#409);
#404 = CONICAL_SURFACE('',#405,0.7,2.617993877991E-02);
#405 = AXIS2_PLACEMENT_3D('',#406,#407,#408);
#406 = CARTESIAN_POINT('',(60.74,38.05,111.63));
#407 = DIRECTION('',(0.,1.,0.));
#408 = DIRECTION('',(-1.,0.,-2.159213709293E-15));
#409 = DEFINITIONAL_REPRESENTATION('',(#410),#413);
#410 = B_SPLINE_CURVE_WITH_KNOTS('',1,(#411,#412),.UNSPECIFIED.,.F.,.F.,
  (2,2),(-1.080399013052E-20,2.100719864231),.PIECEWISE_BEZIER_KNOTS.);
#411 = CARTESIAN_POINT('',(4.712388980385,0.));
#412 = CARTESIAN_POINT('',(4.712388980385,2.1));
#413 = ( GEOMETRIC_REPRESENTATION_CONTEXT(2) 
PARAMETRIC_REPRESENTATION_CONTEXT() REPRESENTATION_CONTEXT('2D SPACE',''
  ) );
#414 = ORIENTED_EDGE('',*,*,#415,.F.);
#415 = EDGE_CURVE('',#56,#387,#416,.T.);
#416 = SURFACE_CURVE('',#417,(#421,#428),.PCURVE_S1.);
#417 = LINE('',#418,#419);
#418 = CARTESIAN_POINT('',(63.2,38.657853084492,110.9140828068));
#419 = VECTOR('',#420,1.);
#420 = DIRECTION('',(-1.,-0.,6.123233995737E-17));
#421 = PCURVE('',#99,#422);
#422 = DEFINITIONAL_REPRESENTATION('',(#423),#427);
#423 = LINE('',#424,#425);
#424 = CARTESIAN_POINT('',(0.608061451965,-2.46));
#425 = VECTOR('',#426,1.);
#426 = DIRECTION('',(3.205751595667E-18,1.));
#427 = ( GEOMETRIC_REPRESENTATION_CONTEXT(2) 
PARAMETRIC_REPRESENTATION_CONTEXT() REPRESENTATION_CONTEXT('2D SPACE',''
  ) );
#428 = PCURVE('',#265,#429);
#429 = DEFINITIONAL_REPRESENTATION('',(#430),#434);
#430 = LINE('',#431,#432);
#431 = CARTESIAN_POINT('',(6.28318530718,0.));
#432 = VECTOR('',#433,1.);
#433 = DIRECTION('',(-0.,1.));
#434 = ( GEOMETRIC_REPRESENTATION_CONTEXT(2) 
PARAMETRIC_REPRESENTATION_CONTEXT() REPRESENTATION_CONTEXT('2D SPACE',''
  ) );
#435 = ORIENTED_EDGE('',*,*,#84,.T.);
#436 = ORIENTED_EDGE('',*,*,#437,.T.);
#437 = EDGE_CURVE('',#85,#389,#438,.T.);
#438 = SURFACE_CURVE('',#439,(#443,#450),.PCURVE_S1.);
#439 = LINE('',#440,#441);
#440 = CARTESIAN_POINT('',(63.2,39.557853084492,110.89051547739));
#441 = VECTOR('',#442,1.);
#442 = DIRECTION('',(-1.,-0.,6.123233995737E-17));
#443 = PCURVE('',#99,#444);
#444 = DEFINITIONAL_REPRESENTATION('',(#445),#449);
#445 = LINE('',#446,#447);
#446 = CARTESIAN_POINT('',(1.508369965207,-2.46));
#447 = VECTOR('',#448,1.);
#448 = DIRECTION('',(3.205751595667E-18,1.));
#449 = ( GEOMETRIC_REPRESENTATION_CONTEXT(2) 
PARAMETRIC_REPRESENTATION_CONTEXT() REPRESENTATION_CONTEXT('2D SPACE',''
  ) );
#450 = PCURVE('',#371,#451);
#451 = DEFINITIONAL_REPRESENTATION('',(#452),#456);
#452 = LINE('',#453,#454);
#453 = CARTESIAN_POINT('',(4.738568919165,0.));
#454 = VECTOR('',#455,1.);
#455 = DIRECTION('',(-0.,1.));
#456 = ( GEOMETRIC_REPRESENTATION_CONTEXT(2) 
PARAMETRIC_REPRESENTATION_CONTEXT() REPRESENTATION_CONTEXT('2D SPACE',''
  ) );
#457 = ADVANCED_FACE('',(#458),#158,.T.);
#458 = FACE_BOUND('',#459,.T.);
#459 = EDGE_LOOP('',(#460,#461,#462,#485));
#460 = ORIENTED_EDGE('',*,*,#142,.T.);
#461 = ORIENTED_EDGE('',*,*,#226,.T.);
#462 = ORIENTED_EDGE('',*,*,#463,.F.);
#463 = EDGE_CURVE('',#464,#227,#466,.T.);
#464 = VERTEX_POINT('',#465);
#465 = CARTESIAN_POINT('',(64.215814390689,38.35,113.33));
#466 = SURFACE_CURVE('',#467,(#471,#478),.PCURVE_S1.);
#467 = LINE('',#468,#469);
#468 = CARTESIAN_POINT('',(64.215814390689,38.35,113.33));
#469 = VECTOR('',#470,1.);
#470 = DIRECTION('',(-6.123233995737E-17,0.,-1.));
#471 = PCURVE('',#158,#472);
#472 = DEFINITIONAL_REPRESENTATION('',(#473),#477);
#473 = LINE('',#474,#475);
#474 = CARTESIAN_POINT('',(4.686209041605,0.));
#475 = VECTOR('',#476,1.);
#476 = DIRECTION('',(-0.,1.));
#477 = ( GEOMETRIC_REPRESENTATION_CONTEXT(2) 
PARAMETRIC_REPRESENTATION_CONTEXT() REPRESENTATION_CONTEXT('2D SPACE',''
  ) );
#478 = PCURVE('',#291,#479);
#479 = DEFINITIONAL_REPRESENTATION('',(#480),#484);
#480 = LINE('',#481,#482);
#481 = CARTESIAN_POINT('',(-2.245814390689,8.08244373588));
#482 = VECTOR('',#483,1.);
#483 = DIRECTION('',(0.,-1.));
#484 = ( GEOMETRIC_REPRESENTATION_CONTEXT(2) 
PARAMETRIC_REPRESENTATION_CONTEXT() REPRESENTATION_CONTEXT('2D SPACE',''
  ) );
#485 = ORIENTED_EDGE('',*,*,#486,.F.);
#486 = EDGE_CURVE('',#143,#464,#487,.T.);
#487 = SURFACE_CURVE('',#488,(#493,#499),.PCURVE_S1.);
#488 = CIRCLE('',#489,0.3);
#489 = AXIS2_PLACEMENT_3D('',#490,#491,#492);
#490 = CARTESIAN_POINT('',(64.215814390689,38.65,113.33));
#491 = DIRECTION('',(-1.669928383468E-16,0.,1.));
#492 = DIRECTION('',(1.,0.,1.669928383468E-16));
#493 = PCURVE('',#158,#494);
#494 = DEFINITIONAL_REPRESENTATION('',(#495),#498);
#495 = B_SPLINE_CURVE_WITH_KNOTS('',1,(#496,#497),.UNSPECIFIED.,.F.,.F.,
  (2,2),(3.11541271481,4.712388980385),.PIECEWISE_BEZIER_KNOTS.);
#496 = CARTESIAN_POINT('',(6.28318530718,0.));
#497 = CARTESIAN_POINT('',(4.686209041605,0.));
#498 = ( GEOMETRIC_REPRESENTATION_CONTEXT(2) 
PARAMETRIC_REPRESENTATION_CONTEXT() REPRESENTATION_CONTEXT('2D SPACE',''
  ) );
#499 = PCURVE('',#500,#505);
#500 = TOROIDAL_SURFACE('',#501,1.015814390689,0.3);
#501 = AXIS2_PLACEMENT_3D('',#502,#503,#504);
#502 = CARTESIAN_POINT('',(63.2,38.65,113.33));
#503 = DIRECTION('',(0.,1.,-0.));
#504 = DIRECTION('',(-1.88211733779E-15,0.,1.));
#505 = DEFINITIONAL_REPRESENTATION('',(#506),#509);
#506 = B_SPLINE_CURVE_WITH_KNOTS('',1,(#507,#508),.UNSPECIFIED.,.F.,.F.,
  (2,2),(3.11541271481,4.712388980385),.PIECEWISE_BEZIER_KNOTS.);
#507 = CARTESIAN_POINT('',(1.570796326795,3.11541271481));
#508 = CARTESIAN_POINT('',(1.570796326795,4.712388980385));
#509 = ( GEOMETRIC_REPRESENTATION_CONTEXT(2) 
PARAMETRIC_REPRESENTATION_CONTEXT() REPRESENTATION_CONTEXT('2D SPACE',''
  ) );
#510 = ADVANCED_FACE('',(#511),#211,.T.);
#511 = FACE_BOUND('',#512,.T.);
#512 = EDGE_LOOP('',(#513,#536,#537,#538));
#513 = ORIENTED_EDGE('',*,*,#514,.T.);
#514 = EDGE_CURVE('',#515,#307,#517,.T.);
#515 = VERTEX_POINT('',#516);
#516 = CARTESIAN_POINT('',(64.239381720101,39.85,113.33));
#517 = SURFACE_CURVE('',#518,(#522,#529),.PCURVE_S1.);
#518 = LINE('',#519,#520);
#519 = CARTESIAN_POINT('',(64.239381720101,39.85,113.33));
#520 = VECTOR('',#521,1.);
#521 = DIRECTION('',(-6.123233995737E-17,0.,-1.));
#522 = PCURVE('',#211,#523);
#523 = DEFINITIONAL_REPRESENTATION('',(#524),#528);
#524 = LINE('',#525,#526);
#525 = CARTESIAN_POINT('',(6.28318530718,0.));
#526 = VECTOR('',#527,1.);
#527 = DIRECTION('',(-0.,1.));
#528 = ( GEOMETRIC_REPRESENTATION_CONTEXT(2) 
PARAMETRIC_REPRESENTATION_CONTEXT() REPRESENTATION_CONTEXT('2D SPACE',''
  ) );
#529 = PCURVE('',#345,#530);
#530 = DEFINITIONAL_REPRESENTATION('',(#531),#535);
#531 = LINE('',#532,#533);
#532 = CARTESIAN_POINT('',(10.65,2.269381720101));
#533 = VECTOR('',#534,1.);
#534 = DIRECTION('',(-1.,-6.123233995737E-17));
#535 = ( GEOMETRIC_REPRESENTATION_CONTEXT(2) 
PARAMETRIC_REPRESENTATION_CONTEXT() REPRESENTATION_CONTEXT('2D SPACE',''
  ) );
#536 = ORIENTED_EDGE('',*,*,#306,.T.);
#537 = ORIENTED_EDGE('',*,*,#197,.F.);
#538 = ORIENTED_EDGE('',*,*,#539,.F.);
#539 = EDGE_CURVE('',#515,#171,#540,.T.);
#540 = SURFACE_CURVE('',#541,(#546,#552),.PCURVE_S1.);
#541 = CIRCLE('',#542,0.3);
#542 = AXIS2_PLACEMENT_3D('',#543,#544,#545);
#543 = CARTESIAN_POINT('',(64.239381720101,39.55,113.33));
#544 = DIRECTION('',(-3.652397509864E-16,0.,1.));
#545 = DIRECTION('',(1.,0.,3.652397509864E-16));
#546 = PCURVE('',#211,#547);
#547 = DEFINITIONAL_REPRESENTATION('',(#548),#551);
#548 = B_SPLINE_CURVE_WITH_KNOTS('',1,(#549,#550),.UNSPECIFIED.,.F.,.F.,
  (2,2),(1.570796326795,3.11541271481),.PIECEWISE_BEZIER_KNOTS.);
#549 = CARTESIAN_POINT('',(6.28318530718,0.));
#550 = CARTESIAN_POINT('',(4.738568919165,0.));
#551 = ( GEOMETRIC_REPRESENTATION_CONTEXT(2) 
PARAMETRIC_REPRESENTATION_CONTEXT() REPRESENTATION_CONTEXT('2D SPACE',''
  ) );
#552 = PCURVE('',#553,#558);
#553 = TOROIDAL_SURFACE('',#554,1.039381720101,0.3);
#554 = AXIS2_PLACEMENT_3D('',#555,#556,#557);
#555 = CARTESIAN_POINT('',(63.2,39.55,113.33));
#556 = DIRECTION('',(0.,1.,0.));
#557 = DIRECTION('',(-2.080364250429E-15,0.,1.));
#558 = DEFINITIONAL_REPRESENTATION('',(#559),#562);
#559 = B_SPLINE_CURVE_WITH_KNOTS('',1,(#560,#561),.UNSPECIFIED.,.F.,.F.,
  (2,2),(1.570796326795,3.11541271481),.PIECEWISE_BEZIER_KNOTS.);
#560 = CARTESIAN_POINT('',(1.570796326795,1.570796326795));
#561 = CARTESIAN_POINT('',(1.570796326795,3.11541271481));
#562 = ( GEOMETRIC_REPRESENTATION_CONTEXT(2) 
PARAMETRIC_REPRESENTATION_CONTEXT() REPRESENTATION_CONTEXT('2D SPACE',''
  ) );
#563 = ADVANCED_FACE('',(#564),#186,.F.);
#564 = FACE_BOUND('',#565,.F.);
#565 = EDGE_LOOP('',(#566,#595,#617,#618));
#566 = ORIENTED_EDGE('',*,*,#567,.F.);
#567 = EDGE_CURVE('',#568,#570,#572,.T.);
#568 = VERTEX_POINT('',#569);
#569 = CARTESIAN_POINT('',(63.2,38.657853084492,114.04591719319));
#570 = VERTEX_POINT('',#571);
#571 = CARTESIAN_POINT('',(63.2,39.557853084492,114.0694845226));
#572 = SURFACE_CURVE('',#573,(#577,#583),.PCURVE_S1.);
#573 = LINE('',#574,#575);
#574 = CARTESIAN_POINT('',(63.2,38.05,114.03));
#575 = VECTOR('',#576,1.);
#576 = DIRECTION('',(4.8086273935E-18,0.999657324976,2.617694830786E-02)
  );
#577 = PCURVE('',#186,#578);
#578 = DEFINITIONAL_REPRESENTATION('',(#579),#582);
#579 = B_SPLINE_CURVE_WITH_KNOTS('',1,(#580,#581),.UNSPECIFIED.,.F.,.F.,
  (2,2),(-1.080399013052E-20,2.100719864231),.PIECEWISE_BEZIER_KNOTS.);
#580 = CARTESIAN_POINT('',(4.712388980385,0.));
#581 = CARTESIAN_POINT('',(4.712388980385,2.1));
#582 = ( GEOMETRIC_REPRESENTATION_CONTEXT(2) 
PARAMETRIC_REPRESENTATION_CONTEXT() REPRESENTATION_CONTEXT('2D SPACE',''
  ) );
#583 = PCURVE('',#584,#589);
#584 = PLANE('',#585);
#585 = AXIS2_PLACEMENT_3D('',#586,#587,#588);
#586 = CARTESIAN_POINT('',(63.2,38.05,114.03));
#587 = DIRECTION('',(-6.121135716375E-17,2.617694830786E-02,
    -0.999657324976));
#588 = DIRECTION('',(4.8086273935E-18,0.999657324976,2.617694830786E-02)
  );
#589 = DEFINITIONAL_REPRESENTATION('',(#590),#594);
#590 = LINE('',#591,#592);
#591 = CARTESIAN_POINT('',(0.,0.));
#592 = VECTOR('',#593,1.);
#593 = DIRECTION('',(1.,-1.155557966632E-33));
#594 = ( GEOMETRIC_REPRESENTATION_CONTEXT(2) 
PARAMETRIC_REPRESENTATION_CONTEXT() REPRESENTATION_CONTEXT('2D SPACE',''
  ) );
#595 = ORIENTED_EDGE('',*,*,#596,.T.);
#596 = EDGE_CURVE('',#568,#143,#597,.T.);
#597 = SURFACE_CURVE('',#598,(#603,#610),.PCURVE_S1.);
#598 = CIRCLE('',#599,0.715917193196);
#599 = AXIS2_PLACEMENT_3D('',#600,#601,#602);
#600 = CARTESIAN_POINT('',(63.2,38.657853084492,113.33));
#601 = DIRECTION('',(0.,1.,-0.));
#602 = DIRECTION('',(-1.88211733779E-15,0.,1.));
#603 = PCURVE('',#186,#604);
#604 = DEFINITIONAL_REPRESENTATION('',(#605),#609);
#605 = LINE('',#606,#607);
#606 = CARTESIAN_POINT('',(4.712388980385,0.607853084492));
#607 = VECTOR('',#608,1.);
#608 = DIRECTION('',(1.,0.));
#609 = ( GEOMETRIC_REPRESENTATION_CONTEXT(2) 
PARAMETRIC_REPRESENTATION_CONTEXT() REPRESENTATION_CONTEXT('2D SPACE',''
  ) );
#610 = PCURVE('',#500,#611);
#611 = DEFINITIONAL_REPRESENTATION('',(#612),#616);
#612 = LINE('',#613,#614);
#613 = CARTESIAN_POINT('',(0.,3.11541271481));
#614 = VECTOR('',#615,1.);
#615 = DIRECTION('',(1.,0.));
#616 = ( GEOMETRIC_REPRESENTATION_CONTEXT(2) 
PARAMETRIC_REPRESENTATION_CONTEXT() REPRESENTATION_CONTEXT('2D SPACE',''
  ) );
#617 = ORIENTED_EDGE('',*,*,#170,.T.);
#618 = ORIENTED_EDGE('',*,*,#619,.F.);
#619 = EDGE_CURVE('',#570,#171,#620,.T.);
#620 = SURFACE_CURVE('',#621,(#626,#633),.PCURVE_S1.);
#621 = CIRCLE('',#622,0.739484522608);
#622 = AXIS2_PLACEMENT_3D('',#623,#624,#625);
#623 = CARTESIAN_POINT('',(63.2,39.557853084492,113.33));
#624 = DIRECTION('',(0.,1.,0.));
#625 = DIRECTION('',(-2.080364250429E-15,0.,1.));
#626 = PCURVE('',#186,#627);
#627 = DEFINITIONAL_REPRESENTATION('',(#628),#632);
#628 = LINE('',#629,#630);
#629 = CARTESIAN_POINT('',(4.712388980385,1.507853084492));
#630 = VECTOR('',#631,1.);
#631 = DIRECTION('',(1.,0.));
#632 = ( GEOMETRIC_REPRESENTATION_CONTEXT(2) 
PARAMETRIC_REPRESENTATION_CONTEXT() REPRESENTATION_CONTEXT('2D SPACE',''
  ) );
#633 = PCURVE('',#553,#634);
#634 = DEFINITIONAL_REPRESENTATION('',(#635),#639);
#635 = LINE('',#636,#637);
#636 = CARTESIAN_POINT('',(0.,3.11541271481));
#637 = VECTOR('',#638,1.);
#638 = DIRECTION('',(1.,0.));
#639 = ( GEOMETRIC_REPRESENTATION_CONTEXT(2) 
PARAMETRIC_REPRESENTATION_CONTEXT() REPRESENTATION_CONTEXT('2D SPACE',''
  ) );
#640 = ADVANCED_FACE('',(#641,#804,#969,#1089,#1205,#1321),#291,.F.);
#641 = FACE_BOUND('',#642,.F.);
#642 = EDGE_LOOP('',(#643,#644,#645,#669,#697,#726,#754,#783));
#643 = ORIENTED_EDGE('',*,*,#276,.F.);
#644 = ORIENTED_EDGE('',*,*,#463,.F.);
#645 = ORIENTED_EDGE('',*,*,#646,.F.);
#646 = EDGE_CURVE('',#647,#464,#649,.T.);
#647 = VERTEX_POINT('',#648);
#648 = CARTESIAN_POINT('',(63.2,38.35,114.34581439068));
#649 = SURFACE_CURVE('',#650,(#655,#662),.PCURVE_S1.);
#650 = CIRCLE('',#651,1.015814390689);
#651 = AXIS2_PLACEMENT_3D('',#652,#653,#654);
#652 = CARTESIAN_POINT('',(63.2,38.35,113.33));
#653 = DIRECTION('',(0.,1.,-0.));
#654 = DIRECTION('',(-1.88211733779E-15,0.,1.));
#655 = PCURVE('',#291,#656);
#656 = DEFINITIONAL_REPRESENTATION('',(#657),#661);
#657 = CIRCLE('',#658,1.015814390689);
#658 = AXIS2_PLACEMENT_2D('',#659,#660);
#659 = CARTESIAN_POINT('',(-1.23,8.08244373588));
#660 = DIRECTION('',(1.943349677747E-15,1.));
#661 = ( GEOMETRIC_REPRESENTATION_CONTEXT(2) 
PARAMETRIC_REPRESENTATION_CONTEXT() REPRESENTATION_CONTEXT('2D SPACE',''
  ) );
#662 = PCURVE('',#500,#663);
#663 = DEFINITIONAL_REPRESENTATION('',(#664),#668);
#664 = LINE('',#665,#666);
#665 = CARTESIAN_POINT('',(0.,4.712388980385));
#666 = VECTOR('',#667,1.);
#667 = DIRECTION('',(1.,0.));
#668 = ( GEOMETRIC_REPRESENTATION_CONTEXT(2) 
PARAMETRIC_REPRESENTATION_CONTEXT() REPRESENTATION_CONTEXT('2D SPACE',''
  ) );
#669 = ORIENTED_EDGE('',*,*,#670,.F.);
#670 = EDGE_CURVE('',#671,#647,#673,.T.);
#671 = VERTEX_POINT('',#672);
#672 = CARTESIAN_POINT('',(60.74,38.35,114.34581439068));
#673 = SURFACE_CURVE('',#674,(#678,#685),.PCURVE_S1.);
#674 = LINE('',#675,#676);
#675 = CARTESIAN_POINT('',(60.74,38.35,114.34581439068));
#676 = VECTOR('',#677,1.);
#677 = DIRECTION('',(1.,-0.,-6.123233995737E-17));
#678 = PCURVE('',#291,#679);
#679 = DEFINITIONAL_REPRESENTATION('',(#680),#684);
#680 = LINE('',#681,#682);
#681 = CARTESIAN_POINT('',(1.23,9.09825812656));
#682 = VECTOR('',#683,1.);
#683 = DIRECTION('',(-1.,0.));
#684 = ( GEOMETRIC_REPRESENTATION_CONTEXT(2) 
PARAMETRIC_REPRESENTATION_CONTEXT() REPRESENTATION_CONTEXT('2D SPACE',''
  ) );
#685 = PCURVE('',#686,#691);
#686 = CYLINDRICAL_SURFACE('',#687,0.3);
#687 = AXIS2_PLACEMENT_3D('',#688,#689,#690);
#688 = CARTESIAN_POINT('',(60.74,38.65,114.34581439068));
#689 = DIRECTION('',(1.,-0.,-6.123233995737E-17));
#690 = DIRECTION('',(-6.121135716378E-17,2.617694830786E-02,
    -0.999657324976));
#691 = DEFINITIONAL_REPRESENTATION('',(#692),#696);
#692 = LINE('',#693,#694);
#693 = CARTESIAN_POINT('',(4.686209041605,0.));
#694 = VECTOR('',#695,1.);
#695 = DIRECTION('',(-0.,1.));
#696 = ( GEOMETRIC_REPRESENTATION_CONTEXT(2) 
PARAMETRIC_REPRESENTATION_CONTEXT() REPRESENTATION_CONTEXT('2D SPACE',''
  ) );
#697 = ORIENTED_EDGE('',*,*,#698,.F.);
#698 = EDGE_CURVE('',#699,#671,#701,.T.);
#699 = VERTEX_POINT('',#700);
#700 = CARTESIAN_POINT('',(59.724185609311,38.35,113.33));
#701 = SURFACE_CURVE('',#702,(#707,#714),.PCURVE_S1.);
#702 = CIRCLE('',#703,1.015814390689);
#703 = AXIS2_PLACEMENT_3D('',#704,#705,#706);
#704 = CARTESIAN_POINT('',(60.74,38.35,113.33));
#705 = DIRECTION('',(0.,1.,0.));
#706 = DIRECTION('',(-1.,0.,-2.50948978372E-15));
#707 = PCURVE('',#291,#708);
#708 = DEFINITIONAL_REPRESENTATION('',(#709),#713);
#709 = CIRCLE('',#710,1.015814390689);
#710 = AXIS2_PLACEMENT_2D('',#711,#712);
#711 = CARTESIAN_POINT('',(1.23,8.08244373588));
#712 = DIRECTION('',(1.,-2.570722123677E-15));
#713 = ( GEOMETRIC_REPRESENTATION_CONTEXT(2) 
PARAMETRIC_REPRESENTATION_CONTEXT() REPRESENTATION_CONTEXT('2D SPACE',''
  ) );
#714 = PCURVE('',#715,#720);
#715 = TOROIDAL_SURFACE('',#716,1.015814390689,0.3);
#716 = AXIS2_PLACEMENT_3D('',#717,#718,#719);
#717 = CARTESIAN_POINT('',(60.74,38.65,113.33));
#718 = DIRECTION('',(0.,1.,-0.));
#719 = DIRECTION('',(-1.,0.,-2.50948978372E-15));
#720 = DEFINITIONAL_REPRESENTATION('',(#721),#725);
#721 = LINE('',#722,#723);
#722 = CARTESIAN_POINT('',(0.,4.712388980385));
#723 = VECTOR('',#724,1.);
#724 = DIRECTION('',(1.,0.));
#725 = ( GEOMETRIC_REPRESENTATION_CONTEXT(2) 
PARAMETRIC_REPRESENTATION_CONTEXT() REPRESENTATION_CONTEXT('2D SPACE',''
  ) );
#726 = ORIENTED_EDGE('',*,*,#727,.F.);
#727 = EDGE_CURVE('',#728,#699,#730,.T.);
#728 = VERTEX_POINT('',#729);
#729 = CARTESIAN_POINT('',(59.724185609311,38.35,111.63));
#730 = SURFACE_CURVE('',#731,(#735,#742),.PCURVE_S1.);
#731 = LINE('',#732,#733);
#732 = CARTESIAN_POINT('',(59.724185609311,38.35,111.63));
#733 = VECTOR('',#734,1.);
#734 = DIRECTION('',(-3.828568698927E-16,-0.,1.));
#735 = PCURVE('',#291,#736);
#736 = DEFINITIONAL_REPRESENTATION('',(#737),#741);
#737 = LINE('',#738,#739);
#738 = CARTESIAN_POINT('',(2.245814390689,6.38244373588));
#739 = VECTOR('',#740,1.);
#740 = DIRECTION('',(4.440892098501E-16,1.));
#741 = ( GEOMETRIC_REPRESENTATION_CONTEXT(2) 
PARAMETRIC_REPRESENTATION_CONTEXT() REPRESENTATION_CONTEXT('2D SPACE',''
  ) );
#742 = PCURVE('',#743,#748);
#743 = CYLINDRICAL_SURFACE('',#744,0.3);
#744 = AXIS2_PLACEMENT_3D('',#745,#746,#747);
#745 = CARTESIAN_POINT('',(59.724185609311,38.65,111.63));
#746 = DIRECTION('',(-3.828568698927E-16,-0.,1.));
#747 = DIRECTION('',(0.999657324976,2.617694830786E-02,
    3.827256744055E-16));
#748 = DEFINITIONAL_REPRESENTATION('',(#749),#753);
#749 = LINE('',#750,#751);
#750 = CARTESIAN_POINT('',(4.686209041605,0.));
#751 = VECTOR('',#752,1.);
#752 = DIRECTION('',(-0.,1.));
#753 = ( GEOMETRIC_REPRESENTATION_CONTEXT(2) 
PARAMETRIC_REPRESENTATION_CONTEXT() REPRESENTATION_CONTEXT('2D SPACE',''
  ) );
#754 = ORIENTED_EDGE('',*,*,#755,.F.);
#755 = EDGE_CURVE('',#756,#728,#758,.T.);
#756 = VERTEX_POINT('',#757);
#757 = CARTESIAN_POINT('',(60.74,38.35,110.61418560931));
#758 = SURFACE_CURVE('',#759,(#764,#771),.PCURVE_S1.);
#759 = CIRCLE('',#760,1.015814390689);
#760 = AXIS2_PLACEMENT_3D('',#761,#762,#763);
#761 = CARTESIAN_POINT('',(60.74,38.35,111.63));
#762 = DIRECTION('',(0.,1.,0.));
#763 = DIRECTION('',(-1.568431114825E-15,0.,-1.));
#764 = PCURVE('',#291,#765);
#765 = DEFINITIONAL_REPRESENTATION('',(#766),#770);
#766 = CIRCLE('',#767,1.015814390689);
#767 = AXIS2_PLACEMENT_2D('',#768,#769);
#768 = CARTESIAN_POINT('',(1.23,6.38244373588));
#769 = DIRECTION('',(1.507198774868E-15,-1.));
#770 = ( GEOMETRIC_REPRESENTATION_CONTEXT(2) 
PARAMETRIC_REPRESENTATION_CONTEXT() REPRESENTATION_CONTEXT('2D SPACE',''
  ) );
#771 = PCURVE('',#772,#777);
#772 = TOROIDAL_SURFACE('',#773,1.015814390689,0.3);
#773 = AXIS2_PLACEMENT_3D('',#774,#775,#776);
#774 = CARTESIAN_POINT('',(60.74,38.65,111.63));
#775 = DIRECTION('',(0.,1.,-0.));
#776 = DIRECTION('',(-1.568431114825E-15,0.,-1.));
#777 = DEFINITIONAL_REPRESENTATION('',(#778),#782);
#778 = LINE('',#779,#780);
#779 = CARTESIAN_POINT('',(0.,4.712388980385));
#780 = VECTOR('',#781,1.);
#781 = DIRECTION('',(1.,0.));
#782 = ( GEOMETRIC_REPRESENTATION_CONTEXT(2) 
PARAMETRIC_REPRESENTATION_CONTEXT() REPRESENTATION_CONTEXT('2D SPACE',''
  ) );
#783 = ORIENTED_EDGE('',*,*,#784,.F.);
#784 = EDGE_CURVE('',#250,#756,#785,.T.);
#785 = SURFACE_CURVE('',#786,(#790,#797),.PCURVE_S1.);
#786 = LINE('',#787,#788);
#787 = CARTESIAN_POINT('',(63.2,38.35,110.61418560931));
#788 = VECTOR('',#789,1.);
#789 = DIRECTION('',(-1.,-0.,6.123233995737E-17));
#790 = PCURVE('',#291,#791);
#791 = DEFINITIONAL_REPRESENTATION('',(#792),#796);
#792 = LINE('',#793,#794);
#793 = CARTESIAN_POINT('',(-1.23,5.36662934519));
#794 = VECTOR('',#795,1.);
#795 = DIRECTION('',(1.,0.));
#796 = ( GEOMETRIC_REPRESENTATION_CONTEXT(2) 
PARAMETRIC_REPRESENTATION_CONTEXT() REPRESENTATION_CONTEXT('2D SPACE',''
  ) );
#797 = PCURVE('',#265,#798);
#798 = DEFINITIONAL_REPRESENTATION('',(#799),#803);
#799 = LINE('',#800,#801);
#800 = CARTESIAN_POINT('',(4.686209041605,0.));
#801 = VECTOR('',#802,1.);
#802 = DIRECTION('',(-0.,1.));
#803 = ( GEOMETRIC_REPRESENTATION_CONTEXT(2) 
PARAMETRIC_REPRESENTATION_CONTEXT() REPRESENTATION_CONTEXT('2D SPACE',''
  ) );
#804 = FACE_BOUND('',#805,.F.);
#805 = EDGE_LOOP('',(#806,#836,#865,#893));
#806 = ORIENTED_EDGE('',*,*,#807,.T.);
#807 = EDGE_CURVE('',#808,#810,#812,.T.);
#808 = VERTEX_POINT('',#809);
#809 = CARTESIAN_POINT('',(54.809311745553,38.35,105.34919510425));
#810 = VERTEX_POINT('',#811);
#811 = CARTESIAN_POINT('',(61.039076705692,38.35,117.50701269382));
#812 = SURFACE_CURVE('',#813,(#817,#824),.PCURVE_S1.);
#813 = LINE('',#814,#815);
#814 = CARTESIAN_POINT('',(54.809311745553,38.35,105.34919510425));
#815 = VECTOR('',#816,1.);
#816 = DIRECTION('',(0.456026058632,0.,0.889966422877));
#817 = PCURVE('',#291,#818);
#818 = DEFINITIONAL_REPRESENTATION('',(#819),#823);
#819 = LINE('',#820,#821);
#820 = CARTESIAN_POINT('',(7.160688254447,0.10163884013));
#821 = VECTOR('',#822,1.);
#822 = DIRECTION('',(-0.456026058632,0.889966422877));
#823 = ( GEOMETRIC_REPRESENTATION_CONTEXT(2) 
PARAMETRIC_REPRESENTATION_CONTEXT() REPRESENTATION_CONTEXT('2D SPACE',''
  ) );
#824 = PCURVE('',#825,#830);
#825 = CYLINDRICAL_SURFACE('',#826,0.15);
#826 = AXIS2_PLACEMENT_3D('',#827,#828,#829);
#827 = CARTESIAN_POINT('',(54.809311745553,38.5,105.34919510425));
#828 = DIRECTION('',(0.456026058632,0.,0.889966422877));
#829 = DIRECTION('',(-0.889661453611,2.617694830788E-02,0.455869789891)
  );
#830 = DEFINITIONAL_REPRESENTATION('',(#831),#835);
#831 = LINE('',#832,#833);
#832 = CARTESIAN_POINT('',(1.596976265575,0.));
#833 = VECTOR('',#834,1.);
#834 = DIRECTION('',(0.,1.));
#835 = ( GEOMETRIC_REPRESENTATION_CONTEXT(2) 
PARAMETRIC_REPRESENTATION_CONTEXT() REPRESENTATION_CONTEXT('2D SPACE',''
  ) );
#836 = ORIENTED_EDGE('',*,*,#837,.T.);
#837 = EDGE_CURVE('',#810,#838,#840,.T.);
#838 = VERTEX_POINT('',#839);
#839 = CARTESIAN_POINT('',(62.900923294308,38.35,117.50701269382));
#840 = SURFACE_CURVE('',#841,(#846,#853),.PCURVE_S1.);
#841 = CIRCLE('',#842,1.046020692891);
#842 = AXIS2_PLACEMENT_3D('',#843,#844,#845);
#843 = CARTESIAN_POINT('',(61.97,38.35,117.03));
#844 = DIRECTION('',(0.,1.,-0.));
#845 = DIRECTION('',(-0.889966422877,0.,0.456026058632));
#846 = PCURVE('',#291,#847);
#847 = DEFINITIONAL_REPRESENTATION('',(#848),#852);
#848 = CIRCLE('',#849,1.046020692891);
#849 = AXIS2_PLACEMENT_2D('',#850,#851);
#850 = CARTESIAN_POINT('',(7.21466600364E-16,11.78244373588));
#851 = DIRECTION('',(0.889966422877,0.456026058632));
#852 = ( GEOMETRIC_REPRESENTATION_CONTEXT(2) 
PARAMETRIC_REPRESENTATION_CONTEXT() REPRESENTATION_CONTEXT('2D SPACE',''
  ) );
#853 = PCURVE('',#854,#859);
#854 = TOROIDAL_SURFACE('',#855,1.046020692891,0.15);
#855 = AXIS2_PLACEMENT_3D('',#856,#857,#858);
#856 = CARTESIAN_POINT('',(61.97,38.5,117.03));
#857 = DIRECTION('',(0.,-1.,-0.));
#858 = DIRECTION('',(-0.889966422877,-0.,0.456026058632));
#859 = DEFINITIONAL_REPRESENTATION('',(#860),#864);
#860 = LINE('',#861,#862);
#861 = CARTESIAN_POINT('',(6.28318530718,1.570796326794));
#862 = VECTOR('',#863,1.);
#863 = DIRECTION('',(-1.,0.));
#864 = ( GEOMETRIC_REPRESENTATION_CONTEXT(2) 
PARAMETRIC_REPRESENTATION_CONTEXT() REPRESENTATION_CONTEXT('2D SPACE',''
  ) );
#865 = ORIENTED_EDGE('',*,*,#866,.T.);
#866 = EDGE_CURVE('',#838,#867,#869,.T.);
#867 = VERTEX_POINT('',#868);
#868 = CARTESIAN_POINT('',(69.130688254447,38.35,105.34919510425));
#869 = SURFACE_CURVE('',#870,(#874,#881),.PCURVE_S1.);
#870 = LINE('',#871,#872);
#871 = CARTESIAN_POINT('',(62.900923294308,38.35,117.50701269382));
#872 = VECTOR('',#873,1.);
#873 = DIRECTION('',(0.456026058632,0.,-0.889966422877));
#874 = PCURVE('',#291,#875);
#875 = DEFINITIONAL_REPRESENTATION('',(#876),#880);
#876 = LINE('',#877,#878);
#877 = CARTESIAN_POINT('',(-0.930923294308,12.2594564297));
#878 = VECTOR('',#879,1.);
#879 = DIRECTION('',(-0.456026058632,-0.889966422877));
#880 = ( GEOMETRIC_REPRESENTATION_CONTEXT(2) 
PARAMETRIC_REPRESENTATION_CONTEXT() REPRESENTATION_CONTEXT('2D SPACE',''
  ) );
#881 = PCURVE('',#882,#887);
#882 = CYLINDRICAL_SURFACE('',#883,0.15);
#883 = AXIS2_PLACEMENT_3D('',#884,#885,#886);
#884 = CARTESIAN_POINT('',(62.900923294308,38.5,117.50701269382));
#885 = DIRECTION('',(0.456026058632,0.,-0.889966422877));
#886 = DIRECTION('',(0.889661453611,2.617694830788E-02,0.455869789891));
#887 = DEFINITIONAL_REPRESENTATION('',(#888),#892);
#888 = LINE('',#889,#890);
#889 = CARTESIAN_POINT('',(1.596976265575,0.));
#890 = VECTOR('',#891,1.);
#891 = DIRECTION('',(0.,1.));
#892 = ( GEOMETRIC_REPRESENTATION_CONTEXT(2) 
PARAMETRIC_REPRESENTATION_CONTEXT() REPRESENTATION_CONTEXT('2D SPACE',''
  ) );
#893 = ORIENTED_EDGE('',*,*,#894,.T.);
#894 = EDGE_CURVE('',#867,#808,#895,.T.);
#895 = SURFACE_CURVE('',#896,(#909,#925),.PCURVE_S1.);
#896 = ( BOUNDED_CURVE() B_SPLINE_CURVE(11,(#897,#898,#899,#900,#901,
    #902,#903,#904,#905,#906,#907,#908),.UNSPECIFIED.,.F.,.F.) 
B_SPLINE_CURVE_WITH_KNOTS((12,12),(63.482287219626,97.009153574369),
.PIECEWISE_BEZIER_KNOTS.) CURVE() GEOMETRIC_REPRESENTATION_ITEM() 
RATIONAL_B_SPLINE_CURVE((1.,1.,1.,1.000000000001,0.999999999998,
    1.000000000002,0.999999999998,1.000000000001,0.999999999999,1.,1.,1.
)) REPRESENTATION_ITEM('') );
#897 = CARTESIAN_POINT('',(69.130688254447,38.35,105.34919510425));
#898 = CARTESIAN_POINT('',(70.492750828974,38.35,102.69103569813));
#899 = CARTESIAN_POINT('',(70.772953473473,38.35,99.46981298533));
#900 = CARTESIAN_POINT('',(69.705108103517,38.35,96.180765493115));
#901 = CARTESIAN_POINT('',(67.288797379426,38.35,93.469218224564));
#902 = CARTESIAN_POINT('',(63.884888035689,38.35,91.906362158422));
#903 = CARTESIAN_POINT('',(60.055111964304,38.35,91.906362158403));
#904 = CARTESIAN_POINT('',(56.651202620588,38.35,93.469218224573));
#905 = CARTESIAN_POINT('',(54.234891896472,38.35,96.180765493115));
#906 = CARTESIAN_POINT('',(53.167046526532,38.35,99.469812985328));
#907 = CARTESIAN_POINT('',(53.447249171025,38.35,102.69103569813));
#908 = CARTESIAN_POINT('',(54.809311745553,38.35,105.34919510425));
#909 = PCURVE('',#291,#910);
#910 = DEFINITIONAL_REPRESENTATION('',(#911),#924);
#911 = ( BOUNDED_CURVE() B_SPLINE_CURVE(11,(#912,#913,#914,#915,#916,
    #917,#918,#919,#920,#921,#922,#923),.UNSPECIFIED.,.F.,.F.) 
B_SPLINE_CURVE_WITH_KNOTS((12,12),(63.482287219626,97.009153574369),
.PIECEWISE_BEZIER_KNOTS.) CURVE() GEOMETRIC_REPRESENTATION_ITEM() 
RATIONAL_B_SPLINE_CURVE((1.,1.,1.,1.000000000001,0.999999999998,
    1.000000000002,0.999999999998,1.000000000001,0.999999999999,1.,1.,1.
)) REPRESENTATION_ITEM('') );
#912 = CARTESIAN_POINT('',(-7.160688254447,0.10163884013));
#913 = CARTESIAN_POINT('',(-8.522750828974,-2.55652056599));
#914 = CARTESIAN_POINT('',(-8.802953473473,-5.77774327879));
#915 = CARTESIAN_POINT('',(-7.735108103517,-9.066790771005));
#916 = CARTESIAN_POINT('',(-5.318797379426,-11.77833803955));
#917 = CARTESIAN_POINT('',(-1.914888035689,-13.34119410569));
#918 = CARTESIAN_POINT('',(1.914888035696,-13.34119410571));
#919 = CARTESIAN_POINT('',(5.318797379412,-11.77833803954));
#920 = CARTESIAN_POINT('',(7.735108103528,-9.066790771005));
#921 = CARTESIAN_POINT('',(8.802953473468,-5.777743278792));
#922 = CARTESIAN_POINT('',(8.522750828975,-2.55652056599));
#923 = CARTESIAN_POINT('',(7.160688254447,0.10163884013));
#924 = ( GEOMETRIC_REPRESENTATION_CONTEXT(2) 
PARAMETRIC_REPRESENTATION_CONTEXT() REPRESENTATION_CONTEXT('2D SPACE',''
  ) );
#925 = PCURVE('',#926,#963);
#926 = ( BOUNDED_SURFACE() B_SPLINE_SURFACE(2,11,(
    (#927,#928,#929,#930,#931,#932,#933,#934,#935,#936,#937,#938)
    ,(#939,#940,#941,#942,#943,#944,#945,#946,#947,#948,#949,#950)
    ,(#951,#952,#953,#954,#955,#956,#957,#958,#959,#960,#961,#962
)),.UNSPECIFIED.,.F.,.F.,.F.) B_SPLINE_SURFACE_WITH_KNOTS((3,3),(12,12),
  (0.,33.526866354744),(63.482287219626,97.009153574369),
.PIECEWISE_BEZIER_KNOTS.) GEOMETRIC_REPRESENTATION_ITEM() 
RATIONAL_B_SPLINE_SURFACE((
    (1.,1.,1.,1.000000000001,0.999999999998,1.000000000002
      ,0.999999999998,1.000000000001,0.999999999999,1.,1.,1.)
    ,(0.697790459842,0.697790459842,0.697790459841,0.697790459842
      ,0.697790459841,0.697790459843,0.69779045984,0.697790459843
      ,0.697790459841,0.697790459842,0.697790459842,0.697790459842)
    ,(1.,1.,1.,1.000000000001,0.999999999998,1.000000000002
      ,0.999999999998,1.000000000001,0.999999999999,1.,1.,1.
))) REPRESENTATION_ITEM('') SURFACE() );
#927 = CARTESIAN_POINT('',(69.264137472489,38.503926542246,
    105.41757557273));
#928 = CARTESIAN_POINT('',(70.651583945747,38.503926542246,
    102.70987773098));
#929 = CARTESIAN_POINT('',(70.93700854971,38.503926542246,
    99.428623127826));
#930 = CARTESIAN_POINT('',(69.849262420979,38.503926542246,
    96.078279737737));
#931 = CARTESIAN_POINT('',(67.38792044218,38.503926542246,
    93.316199077733));
#932 = CARTESIAN_POINT('',(63.920574592891,38.503926542246,
    91.724217051545));
#933 = CARTESIAN_POINT('',(60.019425407103,38.503926542246,
    91.724217051536));
#934 = CARTESIAN_POINT('',(56.552079557834,38.503926542246,
    93.316199077736));
#935 = CARTESIAN_POINT('',(54.090737579009,38.503926542246,
    96.07827973774));
#936 = CARTESIAN_POINT('',(53.002991450296,38.503926542246,
    99.428623127822));
#937 = CARTESIAN_POINT('',(53.288416054252,38.503926542246,
    102.70987773098));
#938 = CARTESIAN_POINT('',(54.675862527511,38.503926542246,
    105.41757557273));
#939 = CARTESIAN_POINT('',(69.267724667592,38.35,105.41941368078));
#940 = CARTESIAN_POINT('',(70.655853475288,38.35,102.71038421613));
#941 = CARTESIAN_POINT('',(70.941418448657,38.35,99.427515919726));
#942 = CARTESIAN_POINT('',(69.853137375583,38.35,96.075524859102));
#943 = CARTESIAN_POINT('',(67.390584929619,38.35,93.312085831193));
#944 = CARTESIAN_POINT('',(63.921533868975,38.35,91.719320881716));
#945 = CARTESIAN_POINT('',(60.018466131018,38.35,91.719320881702));
#946 = CARTESIAN_POINT('',(56.549415070395,38.35,93.312085831198));
#947 = CARTESIAN_POINT('',(54.086862624405,38.35,96.075524859103));
#948 = CARTESIAN_POINT('',(52.998581551349,38.35,99.427515919723));
#949 = CARTESIAN_POINT('',(53.284146524711,38.35,102.71038421614));
#950 = CARTESIAN_POINT('',(54.672275332408,38.35,105.41941368078));
#951 = CARTESIAN_POINT('',(69.130688254447,38.35,105.34919510425));
#952 = CARTESIAN_POINT('',(70.492750828974,38.35,102.69103569813));
#953 = CARTESIAN_POINT('',(70.772953473473,38.35,99.46981298533));
#954 = CARTESIAN_POINT('',(69.705108103517,38.35,96.180765493115));
#955 = CARTESIAN_POINT('',(67.288797379426,38.35,93.469218224564));
#956 = CARTESIAN_POINT('',(63.884888035689,38.35,91.906362158422));
#957 = CARTESIAN_POINT('',(60.055111964304,38.35,91.906362158403));
#958 = CARTESIAN_POINT('',(56.651202620588,38.35,93.469218224573));
#959 = CARTESIAN_POINT('',(54.234891896472,38.35,96.180765493115));
#960 = CARTESIAN_POINT('',(53.167046526532,38.35,99.469812985328));
#961 = CARTESIAN_POINT('',(53.447249171025,38.35,102.69103569813));
#962 = CARTESIAN_POINT('',(54.809311745553,38.35,105.34919510425));
#963 = DEFINITIONAL_REPRESENTATION('',(#964),#968);
#964 = LINE('',#965,#966);
#965 = CARTESIAN_POINT('',(33.526866354744,0.));
#966 = VECTOR('',#967,1.);
#967 = DIRECTION('',(0.,1.));
#968 = ( GEOMETRIC_REPRESENTATION_CONTEXT(2) 
PARAMETRIC_REPRESENTATION_CONTEXT() REPRESENTATION_CONTEXT('2D SPACE',''
  ) );
#969 = FACE_BOUND('',#970,.F.);
#970 = EDGE_LOOP('',(#971,#1002,#1030,#1063));
#971 = ORIENTED_EDGE('',*,*,#972,.F.);
#972 = EDGE_CURVE('',#973,#975,#977,.T.);
#973 = VERTEX_POINT('',#974);
#974 = CARTESIAN_POINT('',(64.182444194583,38.35,104.55485751081));
#975 = VERTEX_POINT('',#976);
#976 = CARTESIAN_POINT('',(64.182444194583,38.35,100.80514248918));
#977 = SURFACE_CURVE('',#978,(#983,#990),.PCURVE_S1.);
#978 = CIRCLE('',#979,2.9);
#979 = AXIS2_PLACEMENT_3D('',#980,#981,#982);
#980 = CARTESIAN_POINT('',(61.97,38.35,102.68));
#981 = DIRECTION('',(0.,1.,0.));
#982 = DIRECTION('',(0.762911791235,-0.,0.646502589936));
#983 = PCURVE('',#291,#984);
#984 = DEFINITIONAL_REPRESENTATION('',(#985),#989);
#985 = CIRCLE('',#986,2.9);
#986 = AXIS2_PLACEMENT_2D('',#987,#988);
#987 = CARTESIAN_POINT('',(-1.572174780243E-16,-2.56755626412));
#988 = DIRECTION('',(-0.762911791235,0.646502589936));
#989 = ( GEOMETRIC_REPRESENTATION_CONTEXT(2) 
PARAMETRIC_REPRESENTATION_CONTEXT() REPRESENTATION_CONTEXT('2D SPACE',''
  ) );
#990 = PCURVE('',#991,#996);
#991 = CONICAL_SURFACE('',#992,2.9,2.617993877992E-02);
#992 = AXIS2_PLACEMENT_3D('',#993,#994,#995);
#993 = CARTESIAN_POINT('',(61.97,38.35,102.68));
#994 = DIRECTION('',(0.,1.,0.));
#995 = DIRECTION('',(1.,-0.,0.));
#996 = DEFINITIONAL_REPRESENTATION('',(#997),#1001);
#997 = LINE('',#998,#999);
#998 = CARTESIAN_POINT('',(5.580194117463,-0.));
#999 = VECTOR('',#1000,1.);
#1000 = DIRECTION('',(1.,-0.));
#1001 = ( GEOMETRIC_REPRESENTATION_CONTEXT(2) 
PARAMETRIC_REPRESENTATION_CONTEXT() REPRESENTATION_CONTEXT('2D SPACE',''
  ) );
#1002 = ORIENTED_EDGE('',*,*,#1003,.F.);
#1003 = EDGE_CURVE('',#1004,#973,#1006,.T.);
#1004 = VERTEX_POINT('',#1005);
#1005 = CARTESIAN_POINT('',(63.587830166261,38.35,103.96024348249));
#1006 = SURFACE_CURVE('',#1007,(#1011,#1018),.PCURVE_S1.);
#1007 = LINE('',#1008,#1009);
#1008 = CARTESIAN_POINT('',(62.138793341884,38.35,102.51120665811));
#1009 = VECTOR('',#1010,1.);
#1010 = DIRECTION('',(0.707106781187,0.,0.707106781187));
#1011 = PCURVE('',#291,#1012);
#1012 = DEFINITIONAL_REPRESENTATION('',(#1013),#1017);
#1013 = LINE('',#1014,#1015);
#1014 = CARTESIAN_POINT('',(-0.168793341884,-2.73634960601));
#1015 = VECTOR('',#1016,1.);
#1016 = DIRECTION('',(-0.707106781187,0.707106781187));
#1017 = ( GEOMETRIC_REPRESENTATION_CONTEXT(2) 
PARAMETRIC_REPRESENTATION_CONTEXT() REPRESENTATION_CONTEXT('2D SPACE',''
  ) );
#1018 = PCURVE('',#1019,#1024);
#1019 = PLANE('',#1020);
#1020 = AXIS2_PLACEMENT_3D('',#1021,#1022,#1023);
#1021 = CARTESIAN_POINT('',(62.217487373415,34.1,102.43251262658));
#1022 = DIRECTION('',(0.706864473353,2.617694830787E-02,-0.706864473353)
  );
#1023 = DIRECTION('',(-1.850989765927E-02,0.999657324976,
    1.850989765927E-02));
#1024 = DEFINITIONAL_REPRESENTATION('',(#1025),#1029);
#1025 = LINE('',#1026,#1027);
#1026 = CARTESIAN_POINT('',(4.251456868086,-7.033956750391E-13));
#1027 = VECTOR('',#1028,1.);
#1028 = DIRECTION('',(0.,1.));
#1029 = ( GEOMETRIC_REPRESENTATION_CONTEXT(2) 
PARAMETRIC_REPRESENTATION_CONTEXT() REPRESENTATION_CONTEXT('2D SPACE',''
  ) );
#1030 = ORIENTED_EDGE('',*,*,#1031,.F.);
#1031 = EDGE_CURVE('',#1032,#1004,#1034,.T.);
#1032 = VERTEX_POINT('',#1033);
#1033 = CARTESIAN_POINT('',(63.587830166261,38.35,101.3997565175));
#1034 = SURFACE_CURVE('',#1035,(#1040,#1051),.PCURVE_S1.);
#1035 = CIRCLE('',#1036,2.063103928872);
#1036 = AXIS2_PLACEMENT_3D('',#1037,#1038,#1039);
#1037 = CARTESIAN_POINT('',(61.97,38.35,102.68));
#1038 = DIRECTION('',(0.,-1.,0.));
#1039 = DIRECTION('',(0.784172888055,0.,-0.620542409219));
#1040 = PCURVE('',#291,#1041);
#1041 = DEFINITIONAL_REPRESENTATION('',(#1042),#1050);
#1042 = ( BOUNDED_CURVE() B_SPLINE_CURVE(2,(#1043,#1044,#1045,#1046,
#1047,#1048,#1049),.UNSPECIFIED.,.T.,.F.) B_SPLINE_CURVE_WITH_KNOTS((1,2
    ,2,2,2,1),(-2.094395102393,0.,2.094395102393,4.188790204786,
6.28318530718,8.377580409573),.UNSPECIFIED.) CURVE() 
GEOMETRIC_REPRESENTATION_ITEM() RATIONAL_B_SPLINE_CURVE((1.,0.5,1.,0.5,
1.,0.5,1.)) REPRESENTATION_ITEM('') );
#1043 = CARTESIAN_POINT('',(-1.617830166261,-3.847799746612));
#1044 = CARTESIAN_POINT('',(-3.835276923996,-1.045635700629));
#1045 = CARTESIAN_POINT('',(-0.299808295736,-0.526352499883));
#1046 = CARTESIAN_POINT('',(3.235660332523,-7.069299136972E-03));
#1047 = CARTESIAN_POINT('',(1.917638461998,-3.328516545865));
#1048 = CARTESIAN_POINT('',(0.599616591473,-6.649963792594));
#1049 = CARTESIAN_POINT('',(-1.617830166261,-3.847799746612));
#1050 = ( GEOMETRIC_REPRESENTATION_CONTEXT(2) 
PARAMETRIC_REPRESENTATION_CONTEXT() REPRESENTATION_CONTEXT('2D SPACE',''
  ) );
#1051 = PCURVE('',#1052,#1057);
#1052 = CONICAL_SURFACE('',#1053,2.321195486274,8.726646259972E-02);
#1053 = AXIS2_PLACEMENT_3D('',#1054,#1055,#1056);
#1054 = CARTESIAN_POINT('',(61.97,35.4,102.68));
#1055 = DIRECTION('',(-0.,-1.,-0.));
#1056 = DIRECTION('',(1.,-0.,0.));
#1057 = DEFINITIONAL_REPRESENTATION('',(#1058),#1062);
#1058 = LINE('',#1059,#1060);
#1059 = CARTESIAN_POINT('',(-0.669434210017,-2.95));
#1060 = VECTOR('',#1061,1.);
#1061 = DIRECTION('',(1.,-0.));
#1062 = ( GEOMETRIC_REPRESENTATION_CONTEXT(2) 
PARAMETRIC_REPRESENTATION_CONTEXT() REPRESENTATION_CONTEXT('2D SPACE',''
  ) );
#1063 = ORIENTED_EDGE('',*,*,#1064,.F.);
#1064 = EDGE_CURVE('',#975,#1032,#1065,.T.);
#1065 = SURFACE_CURVE('',#1066,(#1070,#1077),.PCURVE_S1.);
#1066 = LINE('',#1067,#1068);
#1067 = CARTESIAN_POINT('',(64.861154449452,38.35,100.12643223431));
#1068 = VECTOR('',#1069,1.);
#1069 = DIRECTION('',(-0.707106781187,6.980096086222E-19,0.707106781187)
  );
#1070 = PCURVE('',#291,#1071);
#1071 = DEFINITIONAL_REPRESENTATION('',(#1072),#1076);
#1072 = LINE('',#1073,#1074);
#1073 = CARTESIAN_POINT('',(-2.891154449452,-5.12112402981));
#1074 = VECTOR('',#1075,1.);
#1075 = DIRECTION('',(0.707106781187,0.707106781187));
#1076 = ( GEOMETRIC_REPRESENTATION_CONTEXT(2) 
PARAMETRIC_REPRESENTATION_CONTEXT() REPRESENTATION_CONTEXT('2D SPACE',''
  ) );
#1077 = PCURVE('',#1078,#1083);
#1078 = PLANE('',#1079);
#1079 = AXIS2_PLACEMENT_3D('',#1080,#1081,#1082);
#1080 = CARTESIAN_POINT('',(64.939848480983,34.1,100.20512626584));
#1081 = DIRECTION('',(0.706864473353,2.617694830787E-02,0.706864473353)
  );
#1082 = DIRECTION('',(-1.850989765927E-02,0.999657324976,
    -1.850989765927E-02));
#1083 = DEFINITIONAL_REPRESENTATION('',(#1084),#1088);
#1084 = LINE('',#1085,#1086);
#1085 = CARTESIAN_POINT('',(4.251456868086,7.134501323058E-13));
#1086 = VECTOR('',#1087,1.);
#1087 = DIRECTION('',(0.,1.));
#1088 = ( GEOMETRIC_REPRESENTATION_CONTEXT(2) 
PARAMETRIC_REPRESENTATION_CONTEXT() REPRESENTATION_CONTEXT('2D SPACE',''
  ) );
#1089 = FACE_BOUND('',#1090,.F.);
#1090 = EDGE_LOOP('',(#1091,#1122,#1150,#1179));
#1091 = ORIENTED_EDGE('',*,*,#1092,.F.);
#1092 = EDGE_CURVE('',#1093,#1095,#1097,.T.);
#1093 = VERTEX_POINT('',#1094);
#1094 = CARTESIAN_POINT('',(63.844857510814,38.35,100.46755580541));
#1095 = VERTEX_POINT('',#1096);
#1096 = CARTESIAN_POINT('',(60.095142489186,38.35,100.46755580541));
#1097 = SURFACE_CURVE('',#1098,(#1103,#1110),.PCURVE_S1.);
#1098 = CIRCLE('',#1099,2.9);
#1099 = AXIS2_PLACEMENT_3D('',#1100,#1101,#1102);
#1100 = CARTESIAN_POINT('',(61.97,38.35,102.68));
#1101 = DIRECTION('',(-0.,1.,0.));
#1102 = DIRECTION('',(1.,0.,0.));
#1103 = PCURVE('',#291,#1104);
#1104 = DEFINITIONAL_REPRESENTATION('',(#1105),#1109);
#1105 = CIRCLE('',#1106,2.9);
#1106 = AXIS2_PLACEMENT_2D('',#1107,#1108);
#1107 = CARTESIAN_POINT('',(-1.572174780243E-16,-2.56755626412));
#1108 = DIRECTION('',(-1.,6.123233995737E-17));
#1109 = ( GEOMETRIC_REPRESENTATION_CONTEXT(2) 
PARAMETRIC_REPRESENTATION_CONTEXT() REPRESENTATION_CONTEXT('2D SPACE',''
  ) );
#1110 = PCURVE('',#1111,#1116);
#1111 = CONICAL_SURFACE('',#1112,2.9,2.617993877992E-02);
#1112 = AXIS2_PLACEMENT_3D('',#1113,#1114,#1115);
#1113 = CARTESIAN_POINT('',(61.97,38.35,102.68));
#1114 = DIRECTION('',(0.,1.,0.));
#1115 = DIRECTION('',(1.,-0.,0.));
#1116 = DEFINITIONAL_REPRESENTATION('',(#1117),#1121);
#1117 = LINE('',#1118,#1119);
#1118 = CARTESIAN_POINT('',(0.,-0.));
#1119 = VECTOR('',#1120,1.);
#1120 = DIRECTION('',(1.,-0.));
#1121 = ( GEOMETRIC_REPRESENTATION_CONTEXT(2) 
PARAMETRIC_REPRESENTATION_CONTEXT() REPRESENTATION_CONTEXT('2D SPACE',''
  ) );
#1122 = ORIENTED_EDGE('',*,*,#1123,.F.);
#1123 = EDGE_CURVE('',#1124,#1093,#1126,.T.);
#1124 = VERTEX_POINT('',#1125);
#1125 = CARTESIAN_POINT('',(63.250243482493,38.35,101.06216983373));
#1126 = SURFACE_CURVE('',#1127,(#1131,#1138),.PCURVE_S1.);
#1127 = LINE('',#1128,#1129);
#1128 = CARTESIAN_POINT('',(61.801206658116,38.35,102.51120665811));
#1129 = VECTOR('',#1130,1.);
#1130 = DIRECTION('',(0.707106781187,0.,-0.707106781187));
#1131 = PCURVE('',#291,#1132);
#1132 = DEFINITIONAL_REPRESENTATION('',(#1133),#1137);
#1133 = LINE('',#1134,#1135);
#1134 = CARTESIAN_POINT('',(0.168793341884,-2.73634960601));
#1135 = VECTOR('',#1136,1.);
#1136 = DIRECTION('',(-0.707106781187,-0.707106781187));
#1137 = ( GEOMETRIC_REPRESENTATION_CONTEXT(2) 
PARAMETRIC_REPRESENTATION_CONTEXT() REPRESENTATION_CONTEXT('2D SPACE',''
  ) );
#1138 = PCURVE('',#1139,#1144);
#1139 = PLANE('',#1140);
#1140 = AXIS2_PLACEMENT_3D('',#1141,#1142,#1143);
#1141 = CARTESIAN_POINT('',(61.722512626585,34.1,102.43251262658));
#1142 = DIRECTION('',(-0.706864473353,2.617694830787E-02,-0.706864473353
    ));
#1143 = DIRECTION('',(1.850989765927E-02,0.999657324976,
    1.850989765927E-02));
#1144 = DEFINITIONAL_REPRESENTATION('',(#1145),#1149);
#1145 = LINE('',#1146,#1147);
#1146 = CARTESIAN_POINT('',(4.251456868086,7.184738914923E-13));
#1147 = VECTOR('',#1148,1.);
#1148 = DIRECTION('',(0.,1.));
#1149 = ( GEOMETRIC_REPRESENTATION_CONTEXT(2) 
PARAMETRIC_REPRESENTATION_CONTEXT() REPRESENTATION_CONTEXT('2D SPACE',''
  ) );
#1150 = ORIENTED_EDGE('',*,*,#1151,.T.);
#1151 = EDGE_CURVE('',#1124,#1152,#1154,.T.);
#1152 = VERTEX_POINT('',#1153);
#1153 = CARTESIAN_POINT('',(60.689756517507,38.35,101.06216983373));
#1154 = SURFACE_CURVE('',#1155,(#1160,#1167),.PCURVE_S1.);
#1155 = CIRCLE('',#1156,2.063103928872);
#1156 = AXIS2_PLACEMENT_3D('',#1157,#1158,#1159);
#1157 = CARTESIAN_POINT('',(61.97,38.35,102.68));
#1158 = DIRECTION('',(-0.,1.,0.));
#1159 = DIRECTION('',(1.,0.,0.));
#1160 = PCURVE('',#291,#1161);
#1161 = DEFINITIONAL_REPRESENTATION('',(#1162),#1166);
#1162 = CIRCLE('',#1163,2.063103928872);
#1163 = AXIS2_PLACEMENT_2D('',#1164,#1165);
#1164 = CARTESIAN_POINT('',(-1.572174780243E-16,-2.56755626412));
#1165 = DIRECTION('',(-1.,6.123233995737E-17));
#1166 = ( GEOMETRIC_REPRESENTATION_CONTEXT(2) 
PARAMETRIC_REPRESENTATION_CONTEXT() REPRESENTATION_CONTEXT('2D SPACE',''
  ) );
#1167 = PCURVE('',#1168,#1173);
#1168 = CONICAL_SURFACE('',#1169,2.321195486274,8.726646259972E-02);
#1169 = AXIS2_PLACEMENT_3D('',#1170,#1171,#1172);
#1170 = CARTESIAN_POINT('',(61.97,35.4,102.68));
#1171 = DIRECTION('',(-0.,-1.,-0.));
#1172 = DIRECTION('',(1.,-0.,0.));
#1173 = DEFINITIONAL_REPRESENTATION('',(#1174),#1178);
#1174 = LINE('',#1175,#1176);
#1175 = CARTESIAN_POINT('',(6.28318530718,-2.95));
#1176 = VECTOR('',#1177,1.);
#1177 = DIRECTION('',(-1.,-0.));
#1178 = ( GEOMETRIC_REPRESENTATION_CONTEXT(2) 
PARAMETRIC_REPRESENTATION_CONTEXT() REPRESENTATION_CONTEXT('2D SPACE',''
  ) );
#1179 = ORIENTED_EDGE('',*,*,#1180,.F.);
#1180 = EDGE_CURVE('',#1095,#1152,#1181,.T.);
#1181 = SURFACE_CURVE('',#1182,(#1186,#1193),.PCURVE_S1.);
#1182 = LINE('',#1183,#1184);
#1183 = CARTESIAN_POINT('',(59.416432234316,38.35,99.788845550548));
#1184 = VECTOR('',#1185,1.);
#1185 = DIRECTION('',(0.707106781187,6.980096086222E-19,0.707106781187)
  );
#1186 = PCURVE('',#291,#1187);
#1187 = DEFINITIONAL_REPRESENTATION('',(#1188),#1192);
#1188 = LINE('',#1189,#1190);
#1189 = CARTESIAN_POINT('',(2.553567765684,-5.458710713572));
#1190 = VECTOR('',#1191,1.);
#1191 = DIRECTION('',(-0.707106781187,0.707106781187));
#1192 = ( GEOMETRIC_REPRESENTATION_CONTEXT(2) 
PARAMETRIC_REPRESENTATION_CONTEXT() REPRESENTATION_CONTEXT('2D SPACE',''
  ) );
#1193 = PCURVE('',#1194,#1199);
#1194 = PLANE('',#1195);
#1195 = AXIS2_PLACEMENT_3D('',#1196,#1197,#1198);
#1196 = CARTESIAN_POINT('',(59.495126265847,34.1,99.710151519017));
#1197 = DIRECTION('',(0.706864473353,2.617694830787E-02,-0.706864473353)
  );
#1198 = DIRECTION('',(-1.850989765927E-02,0.999657324976,
    1.850989765927E-02));
#1199 = DEFINITIONAL_REPRESENTATION('',(#1200),#1204);
#1200 = LINE('',#1201,#1202);
#1201 = CARTESIAN_POINT('',(4.251456868086,0.));
#1202 = VECTOR('',#1203,1.);
#1203 = DIRECTION('',(0.,1.));
#1204 = ( GEOMETRIC_REPRESENTATION_CONTEXT(2) 
PARAMETRIC_REPRESENTATION_CONTEXT() REPRESENTATION_CONTEXT('2D SPACE',''
  ) );
#1205 = FACE_BOUND('',#1206,.F.);
#1206 = EDGE_LOOP('',(#1207,#1238,#1266,#1295));
#1207 = ORIENTED_EDGE('',*,*,#1208,.F.);
#1208 = EDGE_CURVE('',#1209,#1211,#1213,.T.);
#1209 = VERTEX_POINT('',#1210);
#1210 = CARTESIAN_POINT('',(60.095142489186,38.35,104.89244419458));
#1211 = VERTEX_POINT('',#1212);
#1212 = CARTESIAN_POINT('',(63.844857510814,38.35,104.89244419458));
#1213 = SURFACE_CURVE('',#1214,(#1219,#1226),.PCURVE_S1.);
#1214 = CIRCLE('',#1215,2.9);
#1215 = AXIS2_PLACEMENT_3D('',#1216,#1217,#1218);
#1216 = CARTESIAN_POINT('',(61.97,38.35,102.68));
#1217 = DIRECTION('',(-0.,1.,0.));
#1218 = DIRECTION('',(1.,0.,0.));
#1219 = PCURVE('',#291,#1220);
#1220 = DEFINITIONAL_REPRESENTATION('',(#1221),#1225);
#1221 = CIRCLE('',#1222,2.9);
#1222 = AXIS2_PLACEMENT_2D('',#1223,#1224);
#1223 = CARTESIAN_POINT('',(-1.572174780243E-16,-2.56755626412));
#1224 = DIRECTION('',(-1.,6.123233995737E-17));
#1225 = ( GEOMETRIC_REPRESENTATION_CONTEXT(2) 
PARAMETRIC_REPRESENTATION_CONTEXT() REPRESENTATION_CONTEXT('2D SPACE',''
  ) );
#1226 = PCURVE('',#1227,#1232);
#1227 = CONICAL_SURFACE('',#1228,2.9,2.617993877992E-02);
#1228 = AXIS2_PLACEMENT_3D('',#1229,#1230,#1231);
#1229 = CARTESIAN_POINT('',(61.97,38.35,102.68));
#1230 = DIRECTION('',(0.,1.,0.));
#1231 = DIRECTION('',(1.,-0.,0.));
#1232 = DEFINITIONAL_REPRESENTATION('',(#1233),#1237);
#1233 = LINE('',#1234,#1235);
#1234 = CARTESIAN_POINT('',(0.,-0.));
#1235 = VECTOR('',#1236,1.);
#1236 = DIRECTION('',(1.,-0.));
#1237 = ( GEOMETRIC_REPRESENTATION_CONTEXT(2) 
PARAMETRIC_REPRESENTATION_CONTEXT() REPRESENTATION_CONTEXT('2D SPACE',''
  ) );
#1238 = ORIENTED_EDGE('',*,*,#1239,.F.);
#1239 = EDGE_CURVE('',#1240,#1209,#1242,.T.);
#1240 = VERTEX_POINT('',#1241);
#1241 = CARTESIAN_POINT('',(60.689756517507,38.35,104.29783016626));
#1242 = SURFACE_CURVE('',#1243,(#1247,#1254),.PCURVE_S1.);
#1243 = LINE('',#1244,#1245);
#1244 = CARTESIAN_POINT('',(62.138793341884,38.35,102.84879334188));
#1245 = VECTOR('',#1246,1.);
#1246 = DIRECTION('',(-0.707106781187,0.,0.707106781187));
#1247 = PCURVE('',#291,#1248);
#1248 = DEFINITIONAL_REPRESENTATION('',(#1249),#1253);
#1249 = LINE('',#1250,#1251);
#1250 = CARTESIAN_POINT('',(-0.168793341884,-2.39876292224));
#1251 = VECTOR('',#1252,1.);
#1252 = DIRECTION('',(0.707106781187,0.707106781187));
#1253 = ( GEOMETRIC_REPRESENTATION_CONTEXT(2) 
PARAMETRIC_REPRESENTATION_CONTEXT() REPRESENTATION_CONTEXT('2D SPACE',''
  ) );
#1254 = PCURVE('',#1255,#1260);
#1255 = PLANE('',#1256);
#1256 = AXIS2_PLACEMENT_3D('',#1257,#1258,#1259);
#1257 = CARTESIAN_POINT('',(62.217487373415,34.1,102.92748737341));
#1258 = DIRECTION('',(0.706864473353,2.617694830787E-02,0.706864473353)
  );
#1259 = DIRECTION('',(-1.850989765927E-02,0.999657324976,
    -1.850989765927E-02));
#1260 = DEFINITIONAL_REPRESENTATION('',(#1261),#1265);
#1261 = LINE('',#1262,#1263);
#1262 = CARTESIAN_POINT('',(4.251456868086,6.983719158526E-13));
#1263 = VECTOR('',#1264,1.);
#1264 = DIRECTION('',(0.,1.));
#1265 = ( GEOMETRIC_REPRESENTATION_CONTEXT(2) 
PARAMETRIC_REPRESENTATION_CONTEXT() REPRESENTATION_CONTEXT('2D SPACE',''
  ) );
#1266 = ORIENTED_EDGE('',*,*,#1267,.T.);
#1267 = EDGE_CURVE('',#1240,#1268,#1270,.T.);
#1268 = VERTEX_POINT('',#1269);
#1269 = CARTESIAN_POINT('',(63.250243482493,38.35,104.29783016626));
#1270 = SURFACE_CURVE('',#1271,(#1276,#1283),.PCURVE_S1.);
#1271 = CIRCLE('',#1272,2.063103928872);
#1272 = AXIS2_PLACEMENT_3D('',#1273,#1274,#1275);
#1273 = CARTESIAN_POINT('',(61.97,38.35,102.68));
#1274 = DIRECTION('',(-0.,1.,0.));
#1275 = DIRECTION('',(1.,0.,0.));
#1276 = PCURVE('',#291,#1277);
#1277 = DEFINITIONAL_REPRESENTATION('',(#1278),#1282);
#1278 = CIRCLE('',#1279,2.063103928872);
#1279 = AXIS2_PLACEMENT_2D('',#1280,#1281);
#1280 = CARTESIAN_POINT('',(-1.572174780243E-16,-2.56755626412));
#1281 = DIRECTION('',(-1.,6.123233995737E-17));
#1282 = ( GEOMETRIC_REPRESENTATION_CONTEXT(2) 
PARAMETRIC_REPRESENTATION_CONTEXT() REPRESENTATION_CONTEXT('2D SPACE',''
  ) );
#1283 = PCURVE('',#1284,#1289);
#1284 = CONICAL_SURFACE('',#1285,2.321195486274,8.726646259972E-02);
#1285 = AXIS2_PLACEMENT_3D('',#1286,#1287,#1288);
#1286 = CARTESIAN_POINT('',(61.97,35.4,102.68));
#1287 = DIRECTION('',(-0.,-1.,-0.));
#1288 = DIRECTION('',(1.,-0.,0.));
#1289 = DEFINITIONAL_REPRESENTATION('',(#1290),#1294);
#1290 = LINE('',#1291,#1292);
#1291 = CARTESIAN_POINT('',(6.28318530718,-2.95));
#1292 = VECTOR('',#1293,1.);
#1293 = DIRECTION('',(-1.,-0.));
#1294 = ( GEOMETRIC_REPRESENTATION_CONTEXT(2) 
PARAMETRIC_REPRESENTATION_CONTEXT() REPRESENTATION_CONTEXT('2D SPACE',''
  ) );
#1295 = ORIENTED_EDGE('',*,*,#1296,.F.);
#1296 = EDGE_CURVE('',#1211,#1268,#1297,.T.);
#1297 = SURFACE_CURVE('',#1298,(#1302,#1309),.PCURVE_S1.);
#1298 = LINE('',#1299,#1300);
#1299 = CARTESIAN_POINT('',(64.523567765684,38.35,105.57115444945));
#1300 = VECTOR('',#1301,1.);
#1301 = DIRECTION('',(-0.707106781187,6.980096086222E-19,-0.707106781187
    ));
#1302 = PCURVE('',#291,#1303);
#1303 = DEFINITIONAL_REPRESENTATION('',(#1304),#1308);
#1304 = LINE('',#1305,#1306);
#1305 = CARTESIAN_POINT('',(-2.553567765684,0.32359818533));
#1306 = VECTOR('',#1307,1.);
#1307 = DIRECTION('',(0.707106781187,-0.707106781187));
#1308 = ( GEOMETRIC_REPRESENTATION_CONTEXT(2) 
PARAMETRIC_REPRESENTATION_CONTEXT() REPRESENTATION_CONTEXT('2D SPACE',''
  ) );
#1309 = PCURVE('',#1310,#1315);
#1310 = PLANE('',#1311);
#1311 = AXIS2_PLACEMENT_3D('',#1312,#1313,#1314);
#1312 = CARTESIAN_POINT('',(64.444873734153,34.1,105.64984848098));
#1313 = DIRECTION('',(-0.706864473353,2.617694830787E-02,0.706864473353)
  );
#1314 = DIRECTION('',(1.850989765927E-02,0.999657324976,
    -1.850989765927E-02));
#1315 = DEFINITIONAL_REPRESENTATION('',(#1316),#1320);
#1316 = LINE('',#1317,#1318);
#1317 = CARTESIAN_POINT('',(4.251456868086,-7.134501323058E-13));
#1318 = VECTOR('',#1319,1.);
#1319 = DIRECTION('',(0.,1.));
#1320 = ( GEOMETRIC_REPRESENTATION_CONTEXT(2) 
PARAMETRIC_REPRESENTATION_CONTEXT() REPRESENTATION_CONTEXT('2D SPACE',''
  ) );
#1321 = FACE_BOUND('',#1322,.F.);
#1322 = EDGE_LOOP('',(#1323,#1354,#1382,#1411));
#1323 = ORIENTED_EDGE('',*,*,#1324,.F.);
#1324 = EDGE_CURVE('',#1325,#1327,#1329,.T.);
#1325 = VERTEX_POINT('',#1326);
#1326 = CARTESIAN_POINT('',(59.757555805417,38.35,100.80514248918));
#1327 = VERTEX_POINT('',#1328);
#1328 = CARTESIAN_POINT('',(59.757555805417,38.35,104.55485751081));
#1329 = SURFACE_CURVE('',#1330,(#1335,#1342),.PCURVE_S1.);
#1330 = CIRCLE('',#1331,2.9);
#1331 = AXIS2_PLACEMENT_3D('',#1332,#1333,#1334);
#1332 = CARTESIAN_POINT('',(61.97,38.35,102.68));
#1333 = DIRECTION('',(-0.,1.,0.));
#1334 = DIRECTION('',(1.,0.,0.));
#1335 = PCURVE('',#291,#1336);
#1336 = DEFINITIONAL_REPRESENTATION('',(#1337),#1341);
#1337 = CIRCLE('',#1338,2.9);
#1338 = AXIS2_PLACEMENT_2D('',#1339,#1340);
#1339 = CARTESIAN_POINT('',(-1.572174780243E-16,-2.56755626412));
#1340 = DIRECTION('',(-1.,6.123233995737E-17));
#1341 = ( GEOMETRIC_REPRESENTATION_CONTEXT(2) 
PARAMETRIC_REPRESENTATION_CONTEXT() REPRESENTATION_CONTEXT('2D SPACE',''
  ) );
#1342 = PCURVE('',#1343,#1348);
#1343 = CONICAL_SURFACE('',#1344,2.9,2.617993877992E-02);
#1344 = AXIS2_PLACEMENT_3D('',#1345,#1346,#1347);
#1345 = CARTESIAN_POINT('',(61.97,38.35,102.68));
#1346 = DIRECTION('',(0.,1.,0.));
#1347 = DIRECTION('',(1.,-0.,0.));
#1348 = DEFINITIONAL_REPRESENTATION('',(#1349),#1353);
#1349 = LINE('',#1350,#1351);
#1350 = CARTESIAN_POINT('',(0.,-0.));
#1351 = VECTOR('',#1352,1.);
#1352 = DIRECTION('',(1.,-0.));
#1353 = ( GEOMETRIC_REPRESENTATION_CONTEXT(2) 
PARAMETRIC_REPRESENTATION_CONTEXT() REPRESENTATION_CONTEXT('2D SPACE',''
  ) );
#1354 = ORIENTED_EDGE('',*,*,#1355,.F.);
#1355 = EDGE_CURVE('',#1356,#1325,#1358,.T.);
#1356 = VERTEX_POINT('',#1357);
#1357 = CARTESIAN_POINT('',(60.352169833739,38.35,101.3997565175));
#1358 = SURFACE_CURVE('',#1359,(#1363,#1370),.PCURVE_S1.);
#1359 = LINE('',#1360,#1361);
#1360 = CARTESIAN_POINT('',(61.801206658116,38.35,102.84879334188));
#1361 = VECTOR('',#1362,1.);
#1362 = DIRECTION('',(-0.707106781187,0.,-0.707106781187));
#1363 = PCURVE('',#291,#1364);
#1364 = DEFINITIONAL_REPRESENTATION('',(#1365),#1369);
#1365 = LINE('',#1366,#1367);
#1366 = CARTESIAN_POINT('',(0.168793341884,-2.39876292224));
#1367 = VECTOR('',#1368,1.);
#1368 = DIRECTION('',(0.707106781187,-0.707106781187));
#1369 = ( GEOMETRIC_REPRESENTATION_CONTEXT(2) 
PARAMETRIC_REPRESENTATION_CONTEXT() REPRESENTATION_CONTEXT('2D SPACE',''
  ) );
#1370 = PCURVE('',#1371,#1376);
#1371 = PLANE('',#1372);
#1372 = AXIS2_PLACEMENT_3D('',#1373,#1374,#1375);
#1373 = CARTESIAN_POINT('',(61.722512626585,34.1,102.92748737341));
#1374 = DIRECTION('',(-0.706864473353,2.617694830787E-02,0.706864473353)
  );
#1375 = DIRECTION('',(1.850989765927E-02,0.999657324976,
    -1.850989765927E-02));
#1376 = DEFINITIONAL_REPRESENTATION('',(#1377),#1381);
#1377 = LINE('',#1378,#1379);
#1378 = CARTESIAN_POINT('',(4.251456868086,-7.033956750391E-13));
#1379 = VECTOR('',#1380,1.);
#1380 = DIRECTION('',(0.,1.));
#1381 = ( GEOMETRIC_REPRESENTATION_CONTEXT(2) 
PARAMETRIC_REPRESENTATION_CONTEXT() REPRESENTATION_CONTEXT('2D SPACE',''
  ) );
#1382 = ORIENTED_EDGE('',*,*,#1383,.T.);
#1383 = EDGE_CURVE('',#1356,#1384,#1386,.T.);
#1384 = VERTEX_POINT('',#1385);
#1385 = CARTESIAN_POINT('',(60.352169833739,38.35,103.96024348249));
#1386 = SURFACE_CURVE('',#1387,(#1392,#1399),.PCURVE_S1.);
#1387 = CIRCLE('',#1388,2.063103928872);
#1388 = AXIS2_PLACEMENT_3D('',#1389,#1390,#1391);
#1389 = CARTESIAN_POINT('',(61.97,38.35,102.68));
#1390 = DIRECTION('',(-0.,1.,0.));
#1391 = DIRECTION('',(1.,0.,0.));
#1392 = PCURVE('',#291,#1393);
#1393 = DEFINITIONAL_REPRESENTATION('',(#1394),#1398);
#1394 = CIRCLE('',#1395,2.063103928872);
#1395 = AXIS2_PLACEMENT_2D('',#1396,#1397);
#1396 = CARTESIAN_POINT('',(-1.572174780243E-16,-2.56755626412));
#1397 = DIRECTION('',(-1.,6.123233995737E-17));
#1398 = ( GEOMETRIC_REPRESENTATION_CONTEXT(2) 
PARAMETRIC_REPRESENTATION_CONTEXT() REPRESENTATION_CONTEXT('2D SPACE',''
  ) );
#1399 = PCURVE('',#1400,#1405);
#1400 = CONICAL_SURFACE('',#1401,2.321195486274,8.726646259972E-02);
#1401 = AXIS2_PLACEMENT_3D('',#1402,#1403,#1404);
#1402 = CARTESIAN_POINT('',(61.97,35.4,102.68));
#1403 = DIRECTION('',(-0.,-1.,-0.));
#1404 = DIRECTION('',(1.,-0.,0.));
#1405 = DEFINITIONAL_REPRESENTATION('',(#1406),#1410);
#1406 = LINE('',#1407,#1408);
#1407 = CARTESIAN_POINT('',(6.28318530718,-2.95));
#1408 = VECTOR('',#1409,1.);
#1409 = DIRECTION('',(-1.,-0.));
#1410 = ( GEOMETRIC_REPRESENTATION_CONTEXT(2) 
PARAMETRIC_REPRESENTATION_CONTEXT() REPRESENTATION_CONTEXT('2D SPACE',''
  ) );
#1411 = ORIENTED_EDGE('',*,*,#1412,.F.);
#1412 = EDGE_CURVE('',#1327,#1384,#1413,.T.);
#1413 = SURFACE_CURVE('',#1414,(#1418,#1425),.PCURVE_S1.);
#1414 = LINE('',#1415,#1416);
#1415 = CARTESIAN_POINT('',(59.078845550548,38.35,105.23356776568));
#1416 = VECTOR('',#1417,1.);
#1417 = DIRECTION('',(0.707106781187,6.980096086222E-19,-0.707106781187)
  );
#1418 = PCURVE('',#291,#1419);
#1419 = DEFINITIONAL_REPRESENTATION('',(#1420),#1424);
#1420 = LINE('',#1421,#1422);
#1421 = CARTESIAN_POINT('',(2.891154449452,-1.398849844001E-02));
#1422 = VECTOR('',#1423,1.);
#1423 = DIRECTION('',(-0.707106781187,-0.707106781187));
#1424 = ( GEOMETRIC_REPRESENTATION_CONTEXT(2) 
PARAMETRIC_REPRESENTATION_CONTEXT() REPRESENTATION_CONTEXT('2D SPACE',''
  ) );
#1425 = PCURVE('',#1426,#1431);
#1426 = PLANE('',#1427);
#1427 = AXIS2_PLACEMENT_3D('',#1428,#1429,#1430);
#1428 = CARTESIAN_POINT('',(59.000151519016,34.1,105.15487373415));
#1429 = DIRECTION('',(-0.706864473353,2.617694830787E-02,-0.706864473353
    ));
#1430 = DIRECTION('',(1.850989765927E-02,0.999657324976,
    1.850989765927E-02));
#1431 = DEFINITIONAL_REPRESENTATION('',(#1432),#1436);
#1432 = LINE('',#1433,#1434);
#1433 = CARTESIAN_POINT('',(4.251456868086,1.421876505425E-12));
#1434 = VECTOR('',#1435,1.);
#1435 = DIRECTION('',(0.,1.));
#1436 = ( GEOMETRIC_REPRESENTATION_CONTEXT(2) 
PARAMETRIC_REPRESENTATION_CONTEXT() REPRESENTATION_CONTEXT('2D SPACE',''
  ) );
#1437 = ADVANCED_FACE('',(#1438),#265,.T.);
#1438 = FACE_BOUND('',#1439,.T.);
#1439 = EDGE_LOOP('',(#1440,#1441,#1461,#1462));
#1440 = ORIENTED_EDGE('',*,*,#415,.T.);
#1441 = ORIENTED_EDGE('',*,*,#1442,.T.);
#1442 = EDGE_CURVE('',#387,#756,#1443,.T.);
#1443 = SURFACE_CURVE('',#1444,(#1449,#1455),.PCURVE_S1.);
#1444 = CIRCLE('',#1445,0.3);
#1445 = AXIS2_PLACEMENT_3D('',#1446,#1447,#1448);
#1446 = CARTESIAN_POINT('',(60.74,38.65,110.61418560931));
#1447 = DIRECTION('',(1.,0.,-6.123233995737E-17));
#1448 = DIRECTION('',(6.121135716378E-17,2.617694830786E-02,
    0.999657324976));
#1449 = PCURVE('',#265,#1450);
#1450 = DEFINITIONAL_REPRESENTATION('',(#1451),#1454);
#1451 = B_SPLINE_CURVE_WITH_KNOTS('',1,(#1452,#1453),.UNSPECIFIED.,.F.,
  .F.,(2,2),(0.,1.596976265575),.PIECEWISE_BEZIER_KNOTS.);
#1452 = CARTESIAN_POINT('',(6.28318530718,2.46));
#1453 = CARTESIAN_POINT('',(4.686209041605,2.46));
#1454 = ( GEOMETRIC_REPRESENTATION_CONTEXT(2) 
PARAMETRIC_REPRESENTATION_CONTEXT() REPRESENTATION_CONTEXT('2D SPACE',''
  ) );
#1455 = PCURVE('',#772,#1456);
#1456 = DEFINITIONAL_REPRESENTATION('',(#1457),#1460);
#1457 = B_SPLINE_CURVE_WITH_KNOTS('',1,(#1458,#1459),.UNSPECIFIED.,.F.,
  .F.,(2,2),(0.,1.596976265575),.PIECEWISE_BEZIER_KNOTS.);
#1458 = CARTESIAN_POINT('',(0.,3.11541271481));
#1459 = CARTESIAN_POINT('',(0.,4.712388980385));
#1460 = ( GEOMETRIC_REPRESENTATION_CONTEXT(2) 
PARAMETRIC_REPRESENTATION_CONTEXT() REPRESENTATION_CONTEXT('2D SPACE',''
  ) );
#1461 = ORIENTED_EDGE('',*,*,#784,.F.);
#1462 = ORIENTED_EDGE('',*,*,#249,.F.);
#1463 = ADVANCED_FACE('',(#1464,#1629,#2415,#3201,#4547,#4885,#5083,
    #5246,#6032),#345,.T.);
#1464 = FACE_BOUND('',#1465,.T.);
#1465 = EDGE_LOOP('',(#1466,#1496,#1525,#1553));
#1466 = ORIENTED_EDGE('',*,*,#1467,.T.);
#1467 = EDGE_CURVE('',#1468,#1470,#1472,.T.);
#1468 = VERTEX_POINT('',#1469);
#1469 = CARTESIAN_POINT('',(54.967322290551,39.85,105.26822921137));
#1470 = VERTEX_POINT('',#1471);
#1471 = CARTESIAN_POINT('',(61.197087250691,39.85,117.42604680095));
#1472 = SURFACE_CURVE('',#1473,(#1477,#1484),.PCURVE_S1.);
#1473 = LINE('',#1474,#1475);
#1474 = CARTESIAN_POINT('',(54.967322290551,39.85,105.26822921137));
#1475 = VECTOR('',#1476,1.);
#1476 = DIRECTION('',(0.456026058632,-6.938893903907E-18,0.889966422877)
  );
#1477 = PCURVE('',#345,#1478);
#1478 = DEFINITIONAL_REPRESENTATION('',(#1479),#1483);
#1479 = LINE('',#1480,#1481);
#1480 = CARTESIAN_POINT('',(2.58822921137,-7.002677709449));
#1481 = VECTOR('',#1482,1.);
#1482 = DIRECTION('',(0.889966422877,0.456026058632));
#1483 = ( GEOMETRIC_REPRESENTATION_CONTEXT(2) 
PARAMETRIC_REPRESENTATION_CONTEXT() REPRESENTATION_CONTEXT('2D SPACE',''
  ) );
#1484 = PCURVE('',#1485,#1490);
#1485 = CYLINDRICAL_SURFACE('',#1486,0.3);
#1486 = AXIS2_PLACEMENT_3D('',#1487,#1488,#1489);
#1487 = CARTESIAN_POINT('',(54.967322290551,39.55,105.26822921137));
#1488 = DIRECTION('',(0.456026058632,-6.938893903907E-18,0.889966422877)
  );
#1489 = DIRECTION('',(-0.889661453611,2.617694830788E-02,0.455869789891)
  );
#1490 = DEFINITIONAL_REPRESENTATION('',(#1491),#1495);
#1491 = LINE('',#1492,#1493);
#1492 = CARTESIAN_POINT('',(4.738568919165,0.));
#1493 = VECTOR('',#1494,1.);
#1494 = DIRECTION('',(-0.,1.));
#1495 = ( GEOMETRIC_REPRESENTATION_CONTEXT(2) 
PARAMETRIC_REPRESENTATION_CONTEXT() REPRESENTATION_CONTEXT('2D SPACE',''
  ) );
#1496 = ORIENTED_EDGE('',*,*,#1497,.T.);
#1497 = EDGE_CURVE('',#1470,#1498,#1500,.T.);
#1498 = VERTEX_POINT('',#1499);
#1499 = CARTESIAN_POINT('',(62.742912749309,39.85,117.42604680095));
#1500 = SURFACE_CURVE('',#1501,(#1506,#1513),.PCURVE_S1.);
#1501 = CIRCLE('',#1502,0.86847405637);
#1502 = AXIS2_PLACEMENT_3D('',#1503,#1504,#1505);
#1503 = CARTESIAN_POINT('',(61.97,39.85,117.03));
#1504 = DIRECTION('',(0.,1.,-0.));
#1505 = DIRECTION('',(-0.889966422877,0.,0.456026058632));
#1506 = PCURVE('',#345,#1507);
#1507 = DEFINITIONAL_REPRESENTATION('',(#1508),#1512);
#1508 = CIRCLE('',#1509,0.86847405637);
#1509 = AXIS2_PLACEMENT_2D('',#1510,#1511);
#1510 = CARTESIAN_POINT('',(14.35,0.));
#1511 = DIRECTION('',(0.456026058632,-0.889966422877));
#1512 = ( GEOMETRIC_REPRESENTATION_CONTEXT(2) 
PARAMETRIC_REPRESENTATION_CONTEXT() REPRESENTATION_CONTEXT('2D SPACE',''
  ) );
#1513 = PCURVE('',#1514,#1519);
#1514 = TOROIDAL_SURFACE('',#1515,0.86847405637,0.3);
#1515 = AXIS2_PLACEMENT_3D('',#1516,#1517,#1518);
#1516 = CARTESIAN_POINT('',(61.97,39.55,117.03));
#1517 = DIRECTION('',(0.,1.,0.));
#1518 = DIRECTION('',(-0.889966422877,0.,0.456026058632));
#1519 = DEFINITIONAL_REPRESENTATION('',(#1520),#1524);
#1520 = LINE('',#1521,#1522);
#1521 = CARTESIAN_POINT('',(0.,1.570796326795));
#1522 = VECTOR('',#1523,1.);
#1523 = DIRECTION('',(1.,0.));
#1524 = ( GEOMETRIC_REPRESENTATION_CONTEXT(2) 
PARAMETRIC_REPRESENTATION_CONTEXT() REPRESENTATION_CONTEXT('2D SPACE',''
  ) );
#1525 = ORIENTED_EDGE('',*,*,#1526,.T.);
#1526 = EDGE_CURVE('',#1498,#1527,#1529,.T.);
#1527 = VERTEX_POINT('',#1528);
#1528 = CARTESIAN_POINT('',(68.972677709449,39.85,105.26822921137));
#1529 = SURFACE_CURVE('',#1530,(#1534,#1541),.PCURVE_S1.);
#1530 = LINE('',#1531,#1532);
#1531 = CARTESIAN_POINT('',(62.742912749309,39.85,117.42604680095));
#1532 = VECTOR('',#1533,1.);
#1533 = DIRECTION('',(0.456026058632,1.734723475977E-18,-0.889966422877)
  );
#1534 = PCURVE('',#345,#1535);
#1535 = DEFINITIONAL_REPRESENTATION('',(#1536),#1540);
#1536 = LINE('',#1537,#1538);
#1537 = CARTESIAN_POINT('',(14.74604680095,0.772912749309));
#1538 = VECTOR('',#1539,1.);
#1539 = DIRECTION('',(-0.889966422877,0.456026058632));
#1540 = ( GEOMETRIC_REPRESENTATION_CONTEXT(2) 
PARAMETRIC_REPRESENTATION_CONTEXT() REPRESENTATION_CONTEXT('2D SPACE',''
  ) );
#1541 = PCURVE('',#1542,#1547);
#1542 = CYLINDRICAL_SURFACE('',#1543,0.3);
#1543 = AXIS2_PLACEMENT_3D('',#1544,#1545,#1546);
#1544 = CARTESIAN_POINT('',(62.742912749309,39.55,117.42604680095));
#1545 = DIRECTION('',(0.456026058632,1.734723475977E-18,-0.889966422877)
  );
#1546 = DIRECTION('',(0.889661453611,2.617694830788E-02,0.455869789891)
  );
#1547 = DEFINITIONAL_REPRESENTATION('',(#1548),#1552);
#1548 = LINE('',#1549,#1550);
#1549 = CARTESIAN_POINT('',(4.738568919165,0.));
#1550 = VECTOR('',#1551,1.);
#1551 = DIRECTION('',(-0.,1.));
#1552 = ( GEOMETRIC_REPRESENTATION_CONTEXT(2) 
PARAMETRIC_REPRESENTATION_CONTEXT() REPRESENTATION_CONTEXT('2D SPACE',''
  ) );
#1553 = ORIENTED_EDGE('',*,*,#1554,.T.);
#1554 = EDGE_CURVE('',#1527,#1468,#1555,.T.);
#1555 = SURFACE_CURVE('',#1556,(#1569,#1585),.PCURVE_S1.);
#1556 = ( BOUNDED_CURVE() B_SPLINE_CURVE(11,(#1557,#1558,#1559,#1560,
    #1561,#1562,#1563,#1564,#1565,#1566,#1567,#1568),.UNSPECIFIED.,.F.,
.F.) B_SPLINE_CURVE_WITH_KNOTS((12,12),(63.235490723138,96.601759780413)
,.PIECEWISE_BEZIER_KNOTS.) CURVE() GEOMETRIC_REPRESENTATION_ITEM() 
RATIONAL_B_SPLINE_CURVE((1.,1.,1.,1.,1.000000000001,0.999999999999,
1.000000000001,0.999999999999,1.,1.,1.,1.)) REPRESENTATION_ITEM('') );
#1557 = CARTESIAN_POINT('',(68.972677709449,39.85,105.26822921137));
#1558 = CARTESIAN_POINT('',(70.304684478993,39.85,102.66872578936));
#1559 = CARTESIAN_POINT('',(70.578704062447,39.85,99.518583835605));
#1560 = CARTESIAN_POINT('',(69.534422185685,39.85,96.302113750522));
#1561 = CARTESIAN_POINT('',(67.171430718174,39.85,93.650400543518));
#1562 = CARTESIAN_POINT('',(63.842633368063,39.85,92.122031069985));
#1563 = CARTESIAN_POINT('',(60.09736663194,39.85,92.122031069991));
#1564 = CARTESIAN_POINT('',(56.768569281819,39.85,93.650400543515));
#1565 = CARTESIAN_POINT('',(54.40557781432,39.85,96.302113750522));
#1566 = CARTESIAN_POINT('',(53.36129593755,39.85,99.518583835605));
#1567 = CARTESIAN_POINT('',(53.635315521008,39.85,102.66872578936));
#1568 = CARTESIAN_POINT('',(54.967322290551,39.85,105.26822921137));
#1569 = PCURVE('',#345,#1570);
#1570 = DEFINITIONAL_REPRESENTATION('',(#1571),#1584);
#1571 = ( BOUNDED_CURVE() B_SPLINE_CURVE(11,(#1572,#1573,#1574,#1575,
    #1576,#1577,#1578,#1579,#1580,#1581,#1582,#1583),.UNSPECIFIED.,.F.,
.F.) B_SPLINE_CURVE_WITH_KNOTS((12,12),(63.235490723138,96.601759780413)
,.PIECEWISE_BEZIER_KNOTS.) CURVE() GEOMETRIC_REPRESENTATION_ITEM() 
RATIONAL_B_SPLINE_CURVE((1.,1.,1.,1.,1.000000000001,0.999999999999,
1.000000000001,0.999999999999,1.,1.,1.,1.)) REPRESENTATION_ITEM('') );
#1572 = CARTESIAN_POINT('',(2.58822921137,7.002677709449));
#1573 = CARTESIAN_POINT('',(-1.127421064001E-02,8.334684478993));
#1574 = CARTESIAN_POINT('',(-3.161416164395,8.608704062447));
#1575 = CARTESIAN_POINT('',(-6.377886249478,7.564422185685));
#1576 = CARTESIAN_POINT('',(-9.029599456482,5.201430718174));
#1577 = CARTESIAN_POINT('',(-10.55796893001,1.872633368063));
#1578 = CARTESIAN_POINT('',(-10.55796893,-1.87263336806));
#1579 = CARTESIAN_POINT('',(-9.029599456485,-5.201430718181));
#1580 = CARTESIAN_POINT('',(-6.377886249478,-7.56442218568));
#1581 = CARTESIAN_POINT('',(-3.161416164395,-8.60870406245));
#1582 = CARTESIAN_POINT('',(-1.127421064001E-02,-8.334684478992));
#1583 = CARTESIAN_POINT('',(2.58822921137,-7.002677709449));
#1584 = ( GEOMETRIC_REPRESENTATION_CONTEXT(2) 
PARAMETRIC_REPRESENTATION_CONTEXT() REPRESENTATION_CONTEXT('2D SPACE',''
  ) );
#1585 = PCURVE('',#1586,#1623);
#1586 = ( BOUNDED_SURFACE() B_SPLINE_SURFACE(2,11,(
    (#1587,#1588,#1589,#1590,#1591,#1592,#1593,#1594,#1595,#1596,#1597
      ,#1598)
    ,(#1599,#1600,#1601,#1602,#1603,#1604,#1605,#1606,#1607,#1608,#1609
      ,#1610)
    ,(#1611,#1612,#1613,#1614,#1615,#1616,#1617,#1618,#1619,#1620,#1621
,#1622
    )),.UNSPECIFIED.,.F.,.F.,.F.) B_SPLINE_SURFACE_WITH_KNOTS((3,3),(12,
    12),(0.,33.366269057275),(63.235490723138,96.601759780413),
.PIECEWISE_BEZIER_KNOTS.) GEOMETRIC_REPRESENTATION_ITEM() 
RATIONAL_B_SPLINE_SURFACE((
    (1.,1.,1.,1.,1.000000000001,0.999999999999,1.000000000001
      ,0.999999999999,1.,1.,1.,1.)
    ,(0.716301943425,0.716301943425,0.716301943425,0.716301943425
      ,0.716301943425,0.716301943425,0.716301943425,0.716301943425
      ,0.716301943425,0.716301943425,0.716301943425,0.716301943425)
    ,(1.,1.,1.,1.,1.000000000001,0.999999999999,1.000000000001
,0.999999999999,1.,1.,1.,1.))) REPRESENTATION_ITEM('') SURFACE() );
#1587 = CARTESIAN_POINT('',(69.239576145532,39.557853084492,
    105.40499014834));
#1588 = CARTESIAN_POINT('',(70.622350712538,39.557853084492,
    102.70640985506));
#1589 = CARTESIAN_POINT('',(70.906814214922,39.557853084492,
    99.436204120596));
#1590 = CARTESIAN_POINT('',(69.822730820609,39.557853084492,
    96.097142239769));
#1591 = CARTESIAN_POINT('',(67.369676843685,39.557853084492,
    93.344362249851));
#1592 = CARTESIAN_POINT('',(63.914006482463,39.557853084492,
    91.757740856239));
#1593 = CARTESIAN_POINT('',(60.02599351754,39.557853084492,
    91.757740856249));
#1594 = CARTESIAN_POINT('',(56.570323156308,39.557853084492,
    93.344362249845));
#1595 = CARTESIAN_POINT('',(54.117269179397,39.557853084492,
    96.09714223977));
#1596 = CARTESIAN_POINT('',(53.033185785075,39.557853084492,
    99.436204120596));
#1597 = CARTESIAN_POINT('',(53.317649287463,39.557853084492,
    102.70640985506));
#1598 = CARTESIAN_POINT('',(54.700423854468,39.557853084492,
    105.40499014834));
#1599 = CARTESIAN_POINT('',(69.232767781169,39.85,105.40150148687));
#1600 = CARTESIAN_POINT('',(70.614247302508,39.85,102.70544856487));
#1601 = CARTESIAN_POINT('',(70.898444388924,39.85,99.438305560844));
#1602 = CARTESIAN_POINT('',(69.815376299299,39.85,96.102370898094));
#1603 = CARTESIAN_POINT('',(67.364619744529,39.85,93.352169040484));
#1604 = CARTESIAN_POINT('',(63.912185811742,39.85,91.767033606499));
#1605 = CARTESIAN_POINT('',(60.02781418826,39.85,91.767033606492));
#1606 = CARTESIAN_POINT('',(56.575380255468,39.85,93.352169040489));
#1607 = CARTESIAN_POINT('',(54.124623700704,39.85,96.102370898091));
#1608 = CARTESIAN_POINT('',(53.041555611074,39.85,99.438305560846));
#1609 = CARTESIAN_POINT('',(53.325752697492,39.85,102.70544856487));
#1610 = CARTESIAN_POINT('',(54.707232218831,39.85,105.40150148687));
#1611 = CARTESIAN_POINT('',(68.972677709449,39.85,105.26822921137));
#1612 = CARTESIAN_POINT('',(70.304684478993,39.85,102.66872578936));
#1613 = CARTESIAN_POINT('',(70.578704062447,39.85,99.518583835605));
#1614 = CARTESIAN_POINT('',(69.534422185685,39.85,96.302113750522));
#1615 = CARTESIAN_POINT('',(67.171430718174,39.85,93.650400543518));
#1616 = CARTESIAN_POINT('',(63.842633368063,39.85,92.122031069985));
#1617 = CARTESIAN_POINT('',(60.09736663194,39.85,92.122031069991));
#1618 = CARTESIAN_POINT('',(56.768569281819,39.85,93.650400543515));
#1619 = CARTESIAN_POINT('',(54.40557781432,39.85,96.302113750522));
#1620 = CARTESIAN_POINT('',(53.36129593755,39.85,99.518583835605));
#1621 = CARTESIAN_POINT('',(53.635315521008,39.85,102.66872578936));
#1622 = CARTESIAN_POINT('',(54.967322290551,39.85,105.26822921137));
#1623 = DEFINITIONAL_REPRESENTATION('',(#1624),#1628);
#1624 = LINE('',#1625,#1626);
#1625 = CARTESIAN_POINT('',(33.366269057275,0.));
#1626 = VECTOR('',#1627,1.);
#1627 = DIRECTION('',(0.,1.));
#1628 = ( GEOMETRIC_REPRESENTATION_CONTEXT(2) 
PARAMETRIC_REPRESENTATION_CONTEXT() REPRESENTATION_CONTEXT('2D SPACE',''
  ) );
#1629 = FACE_BOUND('',#1630,.T.);
#1630 = EDGE_LOOP('',(#1631,#1661,#1689,#1717,#1745,#1773,#1801,#1829,
    #1857,#1885,#1913,#1941,#1969,#1997,#2025,#2053,#2081,#2109,#2137,
    #2165,#2193,#2221,#2249,#2277,#2305,#2333,#2361,#2389));
#1631 = ORIENTED_EDGE('',*,*,#1632,.T.);
#1632 = EDGE_CURVE('',#1633,#1635,#1637,.T.);
#1633 = VERTEX_POINT('',#1634);
#1634 = CARTESIAN_POINT('',(61.11566,39.85,104.99142));
#1635 = VERTEX_POINT('',#1636);
#1636 = CARTESIAN_POINT('',(60.71157,39.85,106.15222));
#1637 = SURFACE_CURVE('',#1638,(#1642,#1649),.PCURVE_S1.);
#1638 = LINE('',#1639,#1640);
#1639 = CARTESIAN_POINT('',(61.318619217196,39.85,104.40839379464));
#1640 = VECTOR('',#1641,1.);
#1641 = DIRECTION('',(-0.3287626462,0.,0.944412580636));
#1642 = PCURVE('',#345,#1643);
#1643 = DEFINITIONAL_REPRESENTATION('',(#1644),#1648);
#1644 = LINE('',#1645,#1646);
#1645 = CARTESIAN_POINT('',(1.72839379464,-0.651380782804));
#1646 = VECTOR('',#1647,1.);
#1647 = DIRECTION('',(0.944412580636,-0.3287626462));
#1648 = ( GEOMETRIC_REPRESENTATION_CONTEXT(2) 
PARAMETRIC_REPRESENTATION_CONTEXT() REPRESENTATION_CONTEXT('2D SPACE',''
  ) );
#1649 = PCURVE('',#1650,#1655);
#1650 = PLANE('',#1651);
#1651 = AXIS2_PLACEMENT_3D('',#1652,#1653,#1654);
#1652 = CARTESIAN_POINT('',(60.71157,39.75,106.15222));
#1653 = DIRECTION('',(-0.944412580636,0.,-0.3287626462));
#1654 = DIRECTION('',(0.3287626462,0.,-0.944412580636));
#1655 = DEFINITIONAL_REPRESENTATION('',(#1656),#1660);
#1656 = LINE('',#1657,#1658);
#1657 = CARTESIAN_POINT('',(1.846466513804,-0.1));
#1658 = VECTOR('',#1659,1.);
#1659 = DIRECTION('',(-1.,-0.));
#1660 = ( GEOMETRIC_REPRESENTATION_CONTEXT(2) 
PARAMETRIC_REPRESENTATION_CONTEXT() REPRESENTATION_CONTEXT('2D SPACE',''
  ) );
#1661 = ORIENTED_EDGE('',*,*,#1662,.T.);
#1662 = EDGE_CURVE('',#1635,#1663,#1665,.T.);
#1663 = VERTEX_POINT('',#1664);
#1664 = CARTESIAN_POINT('',(60.57369,39.85,106.11872));
#1665 = SURFACE_CURVE('',#1666,(#1670,#1677),.PCURVE_S1.);
#1666 = LINE('',#1667,#1668);
#1667 = CARTESIAN_POINT('',(60.838470375143,39.85,106.18305233657));
#1668 = VECTOR('',#1669,1.);
#1669 = DIRECTION('',(-0.971729686115,0.,-0.23609620311));
#1670 = PCURVE('',#345,#1671);
#1671 = DEFINITIONAL_REPRESENTATION('',(#1672),#1676);
#1672 = LINE('',#1673,#1674);
#1673 = CARTESIAN_POINT('',(3.50305233657,-1.131529624857));
#1674 = VECTOR('',#1675,1.);
#1675 = DIRECTION('',(-0.23609620311,-0.971729686115));
#1676 = ( GEOMETRIC_REPRESENTATION_CONTEXT(2) 
PARAMETRIC_REPRESENTATION_CONTEXT() REPRESENTATION_CONTEXT('2D SPACE',''
  ) );
#1677 = PCURVE('',#1678,#1683);
#1678 = PLANE('',#1679);
#1679 = AXIS2_PLACEMENT_3D('',#1680,#1681,#1682);
#1680 = CARTESIAN_POINT('',(60.57369,39.75,106.11872));
#1681 = DIRECTION('',(0.23609620311,0.,-0.971729686115));
#1682 = DIRECTION('',(0.971729686115,0.,0.23609620311));
#1683 = DEFINITIONAL_REPRESENTATION('',(#1684),#1688);
#1684 = LINE('',#1685,#1686);
#1685 = CARTESIAN_POINT('',(0.272483571228,-0.1));
#1686 = VECTOR('',#1687,1.);
#1687 = DIRECTION('',(-1.,-0.));
#1688 = ( GEOMETRIC_REPRESENTATION_CONTEXT(2) 
PARAMETRIC_REPRESENTATION_CONTEXT() REPRESENTATION_CONTEXT('2D SPACE',''
  ) );
#1689 = ORIENTED_EDGE('',*,*,#1690,.T.);
#1690 = EDGE_CURVE('',#1663,#1691,#1693,.T.);
#1691 = VERTEX_POINT('',#1692);
#1692 = CARTESIAN_POINT('',(58.91851,39.85,103.96839));
#1693 = SURFACE_CURVE('',#1694,(#1698,#1705),.PCURVE_S1.);
#1694 = LINE('',#1695,#1696);
#1695 = CARTESIAN_POINT('',(59.174793631839,39.85,104.30134132979));
#1696 = VECTOR('',#1697,1.);
#1697 = DIRECTION('',(-0.609960773601,0.,-0.792431608827));
#1698 = PCURVE('',#345,#1699);
#1699 = DEFINITIONAL_REPRESENTATION('',(#1700),#1704);
#1700 = LINE('',#1701,#1702);
#1701 = CARTESIAN_POINT('',(1.62134132979,-2.795206368161));
#1702 = VECTOR('',#1703,1.);
#1703 = DIRECTION('',(-0.792431608827,-0.609960773601));
#1704 = ( GEOMETRIC_REPRESENTATION_CONTEXT(2) 
PARAMETRIC_REPRESENTATION_CONTEXT() REPRESENTATION_CONTEXT('2D SPACE',''
  ) );
#1705 = PCURVE('',#1706,#1711);
#1706 = PLANE('',#1707);
#1707 = AXIS2_PLACEMENT_3D('',#1708,#1709,#1710);
#1708 = CARTESIAN_POINT('',(58.91851,39.75,103.96839));
#1709 = DIRECTION('',(0.792431608827,0.,-0.609960773601));
#1710 = DIRECTION('',(0.609960773601,0.,0.792431608827));
#1711 = DEFINITIONAL_REPRESENTATION('',(#1712),#1716);
#1712 = LINE('',#1713,#1714);
#1713 = CARTESIAN_POINT('',(0.420164120264,-0.1));
#1714 = VECTOR('',#1715,1.);
#1715 = DIRECTION('',(-1.,-0.));
#1716 = ( GEOMETRIC_REPRESENTATION_CONTEXT(2) 
PARAMETRIC_REPRESENTATION_CONTEXT() REPRESENTATION_CONTEXT('2D SPACE',''
  ) );
#1717 = ORIENTED_EDGE('',*,*,#1718,.T.);
#1718 = EDGE_CURVE('',#1691,#1719,#1721,.T.);
#1719 = VERTEX_POINT('',#1720);
#1720 = CARTESIAN_POINT('',(58.8587,39.85,103.87487));
#1721 = SURFACE_CURVE('',#1722,(#1726,#1733),.PCURVE_S1.);
#1722 = LINE('',#1723,#1724);
#1723 = CARTESIAN_POINT('',(59.039108578061,39.85,104.15696012239));
#1724 = VECTOR('',#1725,1.);
#1725 = DIRECTION('',(-0.538780150158,0.,-0.84244640767));
#1726 = PCURVE('',#345,#1727);
#1727 = DEFINITIONAL_REPRESENTATION('',(#1728),#1732);
#1728 = LINE('',#1729,#1730);
#1729 = CARTESIAN_POINT('',(1.47696012239,-2.930891421939));
#1730 = VECTOR('',#1731,1.);
#1731 = DIRECTION('',(-0.84244640767,-0.538780150158));
#1732 = ( GEOMETRIC_REPRESENTATION_CONTEXT(2) 
PARAMETRIC_REPRESENTATION_CONTEXT() REPRESENTATION_CONTEXT('2D SPACE',''
  ) );
#1733 = PCURVE('',#1734,#1739);
#1734 = PLANE('',#1735);
#1735 = AXIS2_PLACEMENT_3D('',#1736,#1737,#1738);
#1736 = CARTESIAN_POINT('',(58.8587,39.75,103.87487));
#1737 = DIRECTION('',(0.84244640767,0.,-0.538780150158));
#1738 = DIRECTION('',(0.538780150158,0.,0.84244640767));
#1739 = DEFINITIONAL_REPRESENTATION('',(#1740),#1744);
#1740 = LINE('',#1741,#1742);
#1741 = CARTESIAN_POINT('',(0.334846371024,-0.1));
#1742 = VECTOR('',#1743,1.);
#1743 = DIRECTION('',(-1.,-0.));
#1744 = ( GEOMETRIC_REPRESENTATION_CONTEXT(2) 
PARAMETRIC_REPRESENTATION_CONTEXT() REPRESENTATION_CONTEXT('2D SPACE',''
  ) );
#1745 = ORIENTED_EDGE('',*,*,#1746,.T.);
#1746 = EDGE_CURVE('',#1719,#1747,#1749,.T.);
#1747 = VERTEX_POINT('',#1748);
#1748 = CARTESIAN_POINT('',(58.8074,39.85,103.77737));
#1749 = SURFACE_CURVE('',#1750,(#1754,#1761),.PCURVE_S1.);
#1750 = LINE('',#1751,#1752);
#1751 = CARTESIAN_POINT('',(58.924150140324,39.85,103.99926354155));
#1752 = VECTOR('',#1753,1.);
#1753 = DIRECTION('',(-0.465634201032,0.,-0.884977282663));
#1754 = PCURVE('',#345,#1755);
#1755 = DEFINITIONAL_REPRESENTATION('',(#1756),#1760);
#1756 = LINE('',#1757,#1758);
#1757 = CARTESIAN_POINT('',(1.31926354155,-3.045849859676));
#1758 = VECTOR('',#1759,1.);
#1759 = DIRECTION('',(-0.884977282663,-0.465634201032));
#1760 = ( GEOMETRIC_REPRESENTATION_CONTEXT(2) 
PARAMETRIC_REPRESENTATION_CONTEXT() REPRESENTATION_CONTEXT('2D SPACE',''
  ) );
#1761 = PCURVE('',#1762,#1767);
#1762 = PLANE('',#1763);
#1763 = AXIS2_PLACEMENT_3D('',#1764,#1765,#1766);
#1764 = CARTESIAN_POINT('',(58.8074,39.75,103.77737));
#1765 = DIRECTION('',(0.884977282663,0.,-0.465634201032));
#1766 = DIRECTION('',(0.465634201032,0.,0.884977282663));
#1767 = DEFINITIONAL_REPRESENTATION('',(#1768),#1772);
#1768 = LINE('',#1769,#1770);
#1769 = CARTESIAN_POINT('',(0.250733601751,-0.1));
#1770 = VECTOR('',#1771,1.);
#1771 = DIRECTION('',(-1.,-0.));
#1772 = ( GEOMETRIC_REPRESENTATION_CONTEXT(2) 
PARAMETRIC_REPRESENTATION_CONTEXT() REPRESENTATION_CONTEXT('2D SPACE',''
  ) );
#1773 = ORIENTED_EDGE('',*,*,#1774,.T.);
#1774 = EDGE_CURVE('',#1747,#1775,#1777,.T.);
#1775 = VERTEX_POINT('',#1776);
#1776 = CARTESIAN_POINT('',(58.7647,39.85,103.67646));
#1777 = SURFACE_CURVE('',#1778,(#1782,#1789),.PCURVE_S1.);
#1778 = LINE('',#1779,#1780);
#1779 = CARTESIAN_POINT('',(58.82927490164,39.85,103.82906546427));
#1780 = VECTOR('',#1781,1.);
#1781 = DIRECTION('',(-0.389696557646,0.,-0.920943316909));
#1782 = PCURVE('',#345,#1783);
#1783 = DEFINITIONAL_REPRESENTATION('',(#1784),#1788);
#1784 = LINE('',#1785,#1786);
#1785 = CARTESIAN_POINT('',(1.14906546427,-3.14072509836));
#1786 = VECTOR('',#1787,1.);
#1787 = DIRECTION('',(-0.920943316909,-0.389696557646));
#1788 = ( GEOMETRIC_REPRESENTATION_CONTEXT(2) 
PARAMETRIC_REPRESENTATION_CONTEXT() REPRESENTATION_CONTEXT('2D SPACE',''
  ) );
#1789 = PCURVE('',#1790,#1795);
#1790 = PLANE('',#1791);
#1791 = AXIS2_PLACEMENT_3D('',#1792,#1793,#1794);
#1792 = CARTESIAN_POINT('',(58.7647,39.75,103.67646));
#1793 = DIRECTION('',(0.920943316909,0.,-0.389696557646));
#1794 = DIRECTION('',(0.389696557646,0.,0.920943316909));
#1795 = DEFINITIONAL_REPRESENTATION('',(#1796),#1800);
#1796 = LINE('',#1797,#1798);
#1797 = CARTESIAN_POINT('',(0.165705599323,-0.1));
#1798 = VECTOR('',#1799,1.);
#1799 = DIRECTION('',(-1.,-0.));
#1800 = ( GEOMETRIC_REPRESENTATION_CONTEXT(2) 
PARAMETRIC_REPRESENTATION_CONTEXT() REPRESENTATION_CONTEXT('2D SPACE',''
  ) );
#1801 = ORIENTED_EDGE('',*,*,#1802,.T.);
#1802 = EDGE_CURVE('',#1775,#1803,#1805,.T.);
#1803 = VERTEX_POINT('',#1804);
#1804 = CARTESIAN_POINT('',(58.73071,39.85,103.57271));
#1805 = SURFACE_CURVE('',#1806,(#1810,#1817),.PCURVE_S1.);
#1806 = LINE('',#1807,#1808);
#1807 = CARTESIAN_POINT('',(58.755640339444,39.85,103.64880657891));
#1808 = VECTOR('',#1809,1.);
#1809 = DIRECTION('',(-0.311332374784,0.,-0.950301085136));
#1810 = PCURVE('',#345,#1811);
#1811 = DEFINITIONAL_REPRESENTATION('',(#1812),#1816);
#1812 = LINE('',#1813,#1814);
#1813 = CARTESIAN_POINT('',(0.96880657891,-3.214359660556));
#1814 = VECTOR('',#1815,1.);
#1815 = DIRECTION('',(-0.950301085136,-0.311332374784));
#1816 = ( GEOMETRIC_REPRESENTATION_CONTEXT(2) 
PARAMETRIC_REPRESENTATION_CONTEXT() REPRESENTATION_CONTEXT('2D SPACE',''
  ) );
#1817 = PCURVE('',#1818,#1823);
#1818 = PLANE('',#1819);
#1819 = AXIS2_PLACEMENT_3D('',#1820,#1821,#1822);
#1820 = CARTESIAN_POINT('',(58.73071,39.75,103.57271));
#1821 = DIRECTION('',(0.950301085136,0.,-0.311332374784));
#1822 = DIRECTION('',(0.311332374784,0.,0.950301085136));
#1823 = DEFINITIONAL_REPRESENTATION('',(#1824),#1828);
#1824 = LINE('',#1825,#1826);
#1825 = CARTESIAN_POINT('',(8.00762832966E-02,-0.1));
#1826 = VECTOR('',#1827,1.);
#1827 = DIRECTION('',(-1.,-0.));
#1828 = ( GEOMETRIC_REPRESENTATION_CONTEXT(2) 
PARAMETRIC_REPRESENTATION_CONTEXT() REPRESENTATION_CONTEXT('2D SPACE',''
  ) );
#1829 = ORIENTED_EDGE('',*,*,#1830,.T.);
#1830 = EDGE_CURVE('',#1803,#1831,#1833,.T.);
#1831 = VERTEX_POINT('',#1832);
#1832 = CARTESIAN_POINT('',(58.70553,39.85,103.4667));
#1833 = SURFACE_CURVE('',#1834,(#1838,#1845),.PCURVE_S1.);
#1834 = LINE('',#1835,#1836);
#1835 = CARTESIAN_POINT('',(58.704258807677,39.85,103.46134816925));
#1836 = VECTOR('',#1837,1.);
#1837 = DIRECTION('',(-0.231095235918,0.,-0.972931134221));
#1838 = PCURVE('',#345,#1839);
#1839 = DEFINITIONAL_REPRESENTATION('',(#1840),#1844);
#1840 = LINE('',#1841,#1842);
#1841 = CARTESIAN_POINT('',(0.78134816925,-3.265741192323));
#1842 = VECTOR('',#1843,1.);
#1843 = DIRECTION('',(-0.972931134221,-0.231095235918));
#1844 = ( GEOMETRIC_REPRESENTATION_CONTEXT(2) 
PARAMETRIC_REPRESENTATION_CONTEXT() REPRESENTATION_CONTEXT('2D SPACE',''
  ) );
#1845 = PCURVE('',#1846,#1851);
#1846 = PLANE('',#1847);
#1847 = AXIS2_PLACEMENT_3D('',#1848,#1849,#1850);
#1848 = CARTESIAN_POINT('',(58.70553,39.75,103.4667));
#1849 = DIRECTION('',(0.972931134221,0.,-0.231095235918));
#1850 = DIRECTION('',(0.231095235918,0.,0.972931134221));
#1851 = DEFINITIONAL_REPRESENTATION('',(#1852),#1856);
#1852 = LINE('',#1853,#1854);
#1853 = CARTESIAN_POINT('',(-5.500729251543E-03,-0.1));
#1854 = VECTOR('',#1855,1.);
#1855 = DIRECTION('',(-1.,-0.));
#1856 = ( GEOMETRIC_REPRESENTATION_CONTEXT(2) 
PARAMETRIC_REPRESENTATION_CONTEXT() REPRESENTATION_CONTEXT('2D SPACE',''
  ) );
#1857 = ORIENTED_EDGE('',*,*,#1858,.T.);
#1858 = EDGE_CURVE('',#1831,#1859,#1861,.T.);
#1859 = VERTEX_POINT('',#1860);
#1860 = CARTESIAN_POINT('',(58.68925,39.85,103.35899));
#1861 = SURFACE_CURVE('',#1862,(#1866,#1873),.PCURVE_S1.);
#1862 = LINE('',#1863,#1864);
#1863 = CARTESIAN_POINT('',(58.675720422081,39.85,103.26947704928));
#1864 = VECTOR('',#1865,1.);
#1865 = DIRECTION('',(-0.149449132689,0.,-0.988769415353));
#1866 = PCURVE('',#345,#1867);
#1867 = DEFINITIONAL_REPRESENTATION('',(#1868),#1872);
#1868 = LINE('',#1869,#1870);
#1869 = CARTESIAN_POINT('',(0.58947704928,-3.294279577919));
#1870 = VECTOR('',#1871,1.);
#1871 = DIRECTION('',(-0.988769415353,-0.149449132689));
#1872 = ( GEOMETRIC_REPRESENTATION_CONTEXT(2) 
PARAMETRIC_REPRESENTATION_CONTEXT() REPRESENTATION_CONTEXT('2D SPACE',''
  ) );
#1873 = PCURVE('',#1874,#1879);
#1874 = PLANE('',#1875);
#1875 = AXIS2_PLACEMENT_3D('',#1876,#1877,#1878);
#1876 = CARTESIAN_POINT('',(58.68925,39.75,103.35899));
#1877 = DIRECTION('',(0.988769415353,0.,-0.149449132689));
#1878 = DIRECTION('',(0.149449132689,0.,0.988769415353));
#1879 = DEFINITIONAL_REPRESENTATION('',(#1880),#1884);
#1880 = LINE('',#1881,#1882);
#1881 = CARTESIAN_POINT('',(-9.052965163563E-02,-0.1));
#1882 = VECTOR('',#1883,1.);
#1883 = DIRECTION('',(-1.,-0.));
#1884 = ( GEOMETRIC_REPRESENTATION_CONTEXT(2) 
PARAMETRIC_REPRESENTATION_CONTEXT() REPRESENTATION_CONTEXT('2D SPACE',''
  ) );
#1885 = ORIENTED_EDGE('',*,*,#1886,.T.);
#1886 = EDGE_CURVE('',#1859,#1887,#1889,.T.);
#1887 = VERTEX_POINT('',#1888);
#1888 = CARTESIAN_POINT('',(58.68199,39.85,103.25018));
#1889 = SURFACE_CURVE('',#1890,(#1894,#1901),.PCURVE_S1.);
#1890 = LINE('',#1891,#1892);
#1891 = CARTESIAN_POINT('',(58.670338928854,39.85,103.07555836758));
#1892 = VECTOR('',#1893,1.);
#1893 = DIRECTION('',(-6.657378663209E-02,0.,-0.997781504606));
#1894 = PCURVE('',#345,#1895);
#1895 = DEFINITIONAL_REPRESENTATION('',(#1896),#1900);
#1896 = LINE('',#1897,#1898);
#1897 = CARTESIAN_POINT('',(0.39555836758,-3.299661071146));
#1898 = VECTOR('',#1899,1.);
#1899 = DIRECTION('',(-0.997781504606,-6.657378663209E-02));
#1900 = ( GEOMETRIC_REPRESENTATION_CONTEXT(2) 
PARAMETRIC_REPRESENTATION_CONTEXT() REPRESENTATION_CONTEXT('2D SPACE',''
  ) );
#1901 = PCURVE('',#1902,#1907);
#1902 = PLANE('',#1903);
#1903 = AXIS2_PLACEMENT_3D('',#1904,#1905,#1906);
#1904 = CARTESIAN_POINT('',(58.68199,39.75,103.25018));
#1905 = DIRECTION('',(0.997781504606,0.,-6.657378663209E-02));
#1906 = DIRECTION('',(6.657378663209E-02,0.,0.997781504606));
#1907 = DEFINITIONAL_REPRESENTATION('',(#1908),#1912);
#1908 = LINE('',#1909,#1910);
#1909 = CARTESIAN_POINT('',(-0.175009891057,-0.1));
#1910 = VECTOR('',#1911,1.);
#1911 = DIRECTION('',(-1.,-0.));
#1912 = ( GEOMETRIC_REPRESENTATION_CONTEXT(2) 
PARAMETRIC_REPRESENTATION_CONTEXT() REPRESENTATION_CONTEXT('2D SPACE',''
  ) );
#1913 = ORIENTED_EDGE('',*,*,#1914,.T.);
#1914 = EDGE_CURVE('',#1887,#1915,#1917,.T.);
#1915 = VERTEX_POINT('',#1916);
#1916 = CARTESIAN_POINT('',(58.68383,39.85,103.14082));
#1917 = SURFACE_CURVE('',#1918,(#1922,#1929),.PCURVE_S1.);
#1918 = LINE('',#1919,#1920);
#1919 = CARTESIAN_POINT('',(58.688170592042,39.85,102.8828378556));
#1920 = VECTOR('',#1921,1.);
#1921 = DIRECTION('',(1.682278361386E-02,0.,-0.999858486963));
#1922 = PCURVE('',#345,#1923);
#1923 = DEFINITIONAL_REPRESENTATION('',(#1924),#1928);
#1924 = LINE('',#1925,#1926);
#1925 = CARTESIAN_POINT('',(0.2028378556,-3.281829407958));
#1926 = VECTOR('',#1927,1.);
#1927 = DIRECTION('',(-0.999858486963,1.682278361386E-02));
#1928 = ( GEOMETRIC_REPRESENTATION_CONTEXT(2) 
PARAMETRIC_REPRESENTATION_CONTEXT() REPRESENTATION_CONTEXT('2D SPACE',''
  ) );
#1929 = PCURVE('',#1930,#1935);
#1930 = PLANE('',#1931);
#1931 = AXIS2_PLACEMENT_3D('',#1932,#1933,#1934);
#1932 = CARTESIAN_POINT('',(58.68383,39.75,103.14082));
#1933 = DIRECTION('',(0.999858486963,0.,1.682278361386E-02));
#1934 = DIRECTION('',(-1.682278361386E-02,0.,0.999858486963));
#1935 = DEFINITIONAL_REPRESENTATION('',(#1936),#1940);
#1936 = LINE('',#1937,#1938);
#1937 = CARTESIAN_POINT('',(-0.258018657404,-0.1));
#1938 = VECTOR('',#1939,1.);
#1939 = DIRECTION('',(-1.,0.));
#1940 = ( GEOMETRIC_REPRESENTATION_CONTEXT(2) 
PARAMETRIC_REPRESENTATION_CONTEXT() REPRESENTATION_CONTEXT('2D SPACE',''
  ) );
#1941 = ORIENTED_EDGE('',*,*,#1942,.T.);
#1942 = EDGE_CURVE('',#1915,#1943,#1945,.T.);
#1943 = VERTEX_POINT('',#1944);
#1944 = CARTESIAN_POINT('',(58.69488,39.85,103.0315));
#1945 = SURFACE_CURVE('',#1946,(#1950,#1957),.PCURVE_S1.);
#1946 = LINE('',#1947,#1948);
#1947 = CARTESIAN_POINT('',(58.729026848998,39.85,102.69367796086));
#1948 = VECTOR('',#1949,1.);
#1949 = DIRECTION('',(0.100566956947,0.,-0.994930292619));
#1950 = PCURVE('',#345,#1951);
#1951 = DEFINITIONAL_REPRESENTATION('',(#1952),#1956);
#1952 = LINE('',#1953,#1954);
#1953 = CARTESIAN_POINT('',(1.367796085999E-02,-3.240973151002));
#1954 = VECTOR('',#1955,1.);
#1955 = DIRECTION('',(-0.994930292619,0.100566956947));
#1956 = ( GEOMETRIC_REPRESENTATION_CONTEXT(2) 
PARAMETRIC_REPRESENTATION_CONTEXT() REPRESENTATION_CONTEXT('2D SPACE',''
  ) );
#1957 = PCURVE('',#1958,#1963);
#1958 = PLANE('',#1959);
#1959 = AXIS2_PLACEMENT_3D('',#1960,#1961,#1962);
#1960 = CARTESIAN_POINT('',(58.69488,39.75,103.0315));
#1961 = DIRECTION('',(0.994930292619,0.,0.100566956947));
#1962 = DIRECTION('',(-0.100566956947,0.,0.994930292619));
#1963 = DEFINITIONAL_REPRESENTATION('',(#1964),#1968);
#1964 = LINE('',#1965,#1966);
#1965 = CARTESIAN_POINT('',(-0.339543424948,-0.1));
#1966 = VECTOR('',#1967,1.);
#1967 = DIRECTION('',(-1.,0.));
#1968 = ( GEOMETRIC_REPRESENTATION_CONTEXT(2) 
PARAMETRIC_REPRESENTATION_CONTEXT() REPRESENTATION_CONTEXT('2D SPACE',''
  ) );
#1969 = ORIENTED_EDGE('',*,*,#1970,.T.);
#1970 = EDGE_CURVE('',#1943,#1971,#1973,.T.);
#1971 = VERTEX_POINT('',#1972);
#1972 = CARTESIAN_POINT('',(58.71525,39.85,102.9228));
#1973 = SURFACE_CURVE('',#1974,(#1978,#1985),.PCURVE_S1.);
#1974 = LINE('',#1975,#1976);
#1975 = CARTESIAN_POINT('',(58.79243853105,39.85,102.51090047495));
#1976 = VECTOR('',#1977,1.);
#1977 = DIRECTION('',(0.184190263835,0.,-0.982890607702));
#1978 = PCURVE('',#345,#1979);
#1979 = DEFINITIONAL_REPRESENTATION('',(#1980),#1984);
#1980 = LINE('',#1981,#1982);
#1981 = CARTESIAN_POINT('',(-0.16909952505,-3.17756146895));
#1982 = VECTOR('',#1983,1.);
#1983 = DIRECTION('',(-0.982890607702,0.184190263835));
#1984 = ( GEOMETRIC_REPRESENTATION_CONTEXT(2) 
PARAMETRIC_REPRESENTATION_CONTEXT() REPRESENTATION_CONTEXT('2D SPACE',''
  ) );
#1985 = PCURVE('',#1986,#1991);
#1986 = PLANE('',#1987);
#1987 = AXIS2_PLACEMENT_3D('',#1988,#1989,#1990);
#1988 = CARTESIAN_POINT('',(58.71525,39.75,102.9228));
#1989 = DIRECTION('',(0.982890607702,0.,0.184190263835));
#1990 = DIRECTION('',(-0.184190263835,0.,0.982890607702));
#1991 = DEFINITIONAL_REPRESENTATION('',(#1992),#1996);
#1992 = LINE('',#1993,#1994);
#1993 = CARTESIAN_POINT('',(-0.419069550388,-0.1));
#1994 = VECTOR('',#1995,1.);
#1995 = DIRECTION('',(-1.,0.));
#1996 = ( GEOMETRIC_REPRESENTATION_CONTEXT(2) 
PARAMETRIC_REPRESENTATION_CONTEXT() REPRESENTATION_CONTEXT('2D SPACE',''
  ) );
#1997 = ORIENTED_EDGE('',*,*,#1998,.T.);
#1998 = EDGE_CURVE('',#1971,#1999,#2001,.T.);
#1999 = VERTEX_POINT('',#2000);
#2000 = CARTESIAN_POINT('',(58.74446,39.85,102.8168));
#2001 = SURFACE_CURVE('',#2002,(#2006,#2013),.PCURVE_S1.);
#2002 = LINE('',#2003,#2004);
#2003 = CARTESIAN_POINT('',(58.875803285774,39.85,102.34016911016));
#2004 = VECTOR('',#2005,1.);
#2005 = DIRECTION('',(0.265663777023,0.,-0.96406574339));
#2006 = PCURVE('',#345,#2007);
#2007 = DEFINITIONAL_REPRESENTATION('',(#2008),#2012);
#2008 = LINE('',#2009,#2010);
#2009 = CARTESIAN_POINT('',(-0.33983088984,-3.094196714226));
#2010 = VECTOR('',#2011,1.);
#2011 = DIRECTION('',(-0.96406574339,0.265663777023));
#2012 = ( GEOMETRIC_REPRESENTATION_CONTEXT(2) 
PARAMETRIC_REPRESENTATION_CONTEXT() REPRESENTATION_CONTEXT('2D SPACE',''
  ) );
#2013 = PCURVE('',#2014,#2019);
#2014 = PLANE('',#2015);
#2015 = AXIS2_PLACEMENT_3D('',#2016,#2017,#2018);
#2016 = CARTESIAN_POINT('',(58.74446,39.75,102.8168));
#2017 = DIRECTION('',(0.96406574339,0.,0.265663777023));
#2018 = DIRECTION('',(-0.265663777023,0.,0.96406574339));
#2019 = DEFINITIONAL_REPRESENTATION('',(#2020),#2024);
#2020 = LINE('',#2021,#2022);
#2021 = CARTESIAN_POINT('',(-0.494396666522,-0.1));
#2022 = VECTOR('',#2023,1.);
#2023 = DIRECTION('',(-1.,0.));
#2024 = ( GEOMETRIC_REPRESENTATION_CONTEXT(2) 
PARAMETRIC_REPRESENTATION_CONTEXT() REPRESENTATION_CONTEXT('2D SPACE',''
  ) );
#2025 = ORIENTED_EDGE('',*,*,#2026,.T.);
#2026 = EDGE_CURVE('',#1999,#2027,#2029,.T.);
#2027 = VERTEX_POINT('',#2028);
#2028 = CARTESIAN_POINT('',(59.14857,39.85,101.65613));
#2029 = SURFACE_CURVE('',#2030,(#2034,#2041),.PCURVE_S1.);
#2030 = LINE('',#2031,#2032);
#2031 = CARTESIAN_POINT('',(59.1421213086,39.85,101.67465169619));
#2032 = VECTOR('',#2033,1.);
#2033 = DIRECTION('',(0.32881000244,0.,-0.944396093965));
#2034 = PCURVE('',#345,#2035);
#2035 = DEFINITIONAL_REPRESENTATION('',(#2036),#2040);
#2036 = LINE('',#2037,#2038);
#2037 = CARTESIAN_POINT('',(-1.00534830381,-2.8278786914));
#2038 = VECTOR('',#2039,1.);
#2039 = DIRECTION('',(-0.944396093965,0.32881000244));
#2040 = ( GEOMETRIC_REPRESENTATION_CONTEXT(2) 
PARAMETRIC_REPRESENTATION_CONTEXT() REPRESENTATION_CONTEXT('2D SPACE',''
  ) );
#2041 = PCURVE('',#2042,#2047);
#2042 = PLANE('',#2043);
#2043 = AXIS2_PLACEMENT_3D('',#2044,#2045,#2046);
#2044 = CARTESIAN_POINT('',(59.14857,39.75,101.65613));
#2045 = DIRECTION('',(0.944396093965,0.,0.32881000244));
#2046 = DIRECTION('',(-0.32881000244,0.,0.944396093965));
#2047 = DEFINITIONAL_REPRESENTATION('',(#2048),#2052);
#2048 = LINE('',#2049,#2050);
#2049 = CARTESIAN_POINT('',(1.961221177039E-02,-0.1));
#2050 = VECTOR('',#2051,1.);
#2051 = DIRECTION('',(-1.,0.));
#2052 = ( GEOMETRIC_REPRESENTATION_CONTEXT(2) 
PARAMETRIC_REPRESENTATION_CONTEXT() REPRESENTATION_CONTEXT('2D SPACE',''
  ) );
#2053 = ORIENTED_EDGE('',*,*,#2054,.T.);
#2054 = EDGE_CURVE('',#2027,#2055,#2057,.T.);
#2055 = VERTEX_POINT('',#2056);
#2056 = CARTESIAN_POINT('',(59.28645,39.85,101.68963));
#2057 = SURFACE_CURVE('',#2058,(#2062,#2069),.PCURVE_S1.);
#2058 = LINE('',#2059,#2060);
#2059 = CARTESIAN_POINT('',(60.667038739276,39.85,102.02506460085));
#2060 = VECTOR('',#2061,1.);
#2061 = DIRECTION('',(0.971729686115,-0.,0.23609620311));
#2062 = PCURVE('',#345,#2063);
#2063 = DEFINITIONAL_REPRESENTATION('',(#2064),#2068);
#2064 = LINE('',#2065,#2066);
#2065 = CARTESIAN_POINT('',(-0.65493539915,-1.302961260724));
#2066 = VECTOR('',#2067,1.);
#2067 = DIRECTION('',(0.23609620311,0.971729686115));
#2068 = ( GEOMETRIC_REPRESENTATION_CONTEXT(2) 
PARAMETRIC_REPRESENTATION_CONTEXT() REPRESENTATION_CONTEXT('2D SPACE',''
  ) );
#2069 = PCURVE('',#2070,#2075);
#2070 = PLANE('',#2071);
#2071 = AXIS2_PLACEMENT_3D('',#2072,#2073,#2074);
#2072 = CARTESIAN_POINT('',(59.28645,39.75,101.68963));
#2073 = DIRECTION('',(-0.23609620311,0.,0.971729686115));
#2074 = DIRECTION('',(-0.971729686115,0.,-0.23609620311));
#2075 = DEFINITIONAL_REPRESENTATION('',(#2076),#2080);
#2076 = LINE('',#2077,#2078);
#2077 = CARTESIAN_POINT('',(-1.420753897923,-0.1));
#2078 = VECTOR('',#2079,1.);
#2079 = DIRECTION('',(-1.,0.));
#2080 = ( GEOMETRIC_REPRESENTATION_CONTEXT(2) 
PARAMETRIC_REPRESENTATION_CONTEXT() REPRESENTATION_CONTEXT('2D SPACE',''
  ) );
#2081 = ORIENTED_EDGE('',*,*,#2082,.T.);
#2082 = EDGE_CURVE('',#2055,#2083,#2085,.T.);
#2083 = VERTEX_POINT('',#2084);
#2084 = CARTESIAN_POINT('',(60.94161,39.85,103.83987));
#2085 = SURFACE_CURVE('',#2086,(#2090,#2097),.PCURVE_S1.);
#2086 = LINE('',#2087,#2088);
#2087 = CARTESIAN_POINT('',(60.852609514018,39.85,103.72424830483));
#2088 = VECTOR('',#2089,1.);
#2089 = DIRECTION('',(0.609972176793,-0.,0.792422831283));
#2090 = PCURVE('',#345,#2091);
#2091 = DEFINITIONAL_REPRESENTATION('',(#2092),#2096);
#2092 = LINE('',#2093,#2094);
#2093 = CARTESIAN_POINT('',(1.04424830483,-1.117390485982));
#2094 = VECTOR('',#2095,1.);
#2095 = DIRECTION('',(0.792422831283,0.609972176793));
#2096 = ( GEOMETRIC_REPRESENTATION_CONTEXT(2) 
PARAMETRIC_REPRESENTATION_CONTEXT() REPRESENTATION_CONTEXT('2D SPACE',''
  ) );
#2097 = PCURVE('',#2098,#2103);
#2098 = PLANE('',#2099);
#2099 = AXIS2_PLACEMENT_3D('',#2100,#2101,#2102);
#2100 = CARTESIAN_POINT('',(60.94161,39.75,103.83987));
#2101 = DIRECTION('',(-0.792422831283,0.,0.609972176793));
#2102 = DIRECTION('',(-0.609972176793,0.,-0.792422831283));
#2103 = DEFINITIONAL_REPRESENTATION('',(#2104),#2108);
#2104 = LINE('',#2105,#2106);
#2105 = CARTESIAN_POINT('',(0.145909091214,-0.1));
#2106 = VECTOR('',#2107,1.);
#2107 = DIRECTION('',(-1.,0.));
#2108 = ( GEOMETRIC_REPRESENTATION_CONTEXT(2) 
PARAMETRIC_REPRESENTATION_CONTEXT() REPRESENTATION_CONTEXT('2D SPACE',''
  ) );
#2109 = ORIENTED_EDGE('',*,*,#2110,.T.);
#2110 = EDGE_CURVE('',#2083,#2111,#2113,.T.);
#2111 = VERTEX_POINT('',#2112);
#2112 = CARTESIAN_POINT('',(61.00142,39.85,103.9334));
#2113 = SURFACE_CURVE('',#2114,(#2118,#2125),.PCURVE_S1.);
#2114 = LINE('',#2115,#2116);
#2115 = CARTESIAN_POINT('',(60.857538090475,39.85,103.70839958204));
#2116 = VECTOR('',#2117,1.);
#2117 = DIRECTION('',(0.538739265023,-0.,0.842472554047));
#2118 = PCURVE('',#345,#2119);
#2119 = DEFINITIONAL_REPRESENTATION('',(#2120),#2124);
#2120 = LINE('',#2121,#2122);
#2121 = CARTESIAN_POINT('',(1.02839958204,-1.112461909525));
#2122 = VECTOR('',#2123,1.);
#2123 = DIRECTION('',(0.842472554047,0.538739265023));
#2124 = ( GEOMETRIC_REPRESENTATION_CONTEXT(2) 
PARAMETRIC_REPRESENTATION_CONTEXT() REPRESENTATION_CONTEXT('2D SPACE',''
  ) );
#2125 = PCURVE('',#2126,#2131);
#2126 = PLANE('',#2127);
#2127 = AXIS2_PLACEMENT_3D('',#2128,#2129,#2130);
#2128 = CARTESIAN_POINT('',(61.00142,39.75,103.9334));
#2129 = DIRECTION('',(-0.842472554047,0.,0.538739265023));
#2130 = DIRECTION('',(-0.538739265023,0.,-0.842472554047));
#2131 = DEFINITIONAL_REPRESENTATION('',(#2132),#2136);
#2132 = LINE('',#2133,#2134);
#2133 = CARTESIAN_POINT('',(0.267071510968,-0.1));
#2134 = VECTOR('',#2135,1.);
#2135 = DIRECTION('',(-1.,0.));
#2136 = ( GEOMETRIC_REPRESENTATION_CONTEXT(2) 
PARAMETRIC_REPRESENTATION_CONTEXT() REPRESENTATION_CONTEXT('2D SPACE',''
  ) );
#2137 = ORIENTED_EDGE('',*,*,#2138,.T.);
#2138 = EDGE_CURVE('',#2111,#2139,#2141,.T.);
#2139 = VERTEX_POINT('',#2140);
#2140 = CARTESIAN_POINT('',(61.05272,39.85,104.03091));
#2141 = SURFACE_CURVE('',#2142,(#2146,#2153),.PCURVE_S1.);
#2142 = LINE('',#2143,#2144);
#2143 = CARTESIAN_POINT('',(60.873821736904,39.85,103.69086380829));
#2144 = VECTOR('',#2145,1.);
#2145 = DIRECTION('',(0.465596800787,-0.,0.884996959937));
#2146 = PCURVE('',#345,#2147);
#2147 = DEFINITIONAL_REPRESENTATION('',(#2148),#2152);
#2148 = LINE('',#2149,#2150);
#2149 = CARTESIAN_POINT('',(1.01086380829,-1.096178263096));
#2150 = VECTOR('',#2151,1.);
#2151 = DIRECTION('',(0.884996959937,0.465596800787));
#2152 = ( GEOMETRIC_REPRESENTATION_CONTEXT(2) 
PARAMETRIC_REPRESENTATION_CONTEXT() REPRESENTATION_CONTEXT('2D SPACE',''
  ) );
#2153 = PCURVE('',#2154,#2159);
#2154 = PLANE('',#2155);
#2155 = AXIS2_PLACEMENT_3D('',#2156,#2157,#2158);
#2156 = CARTESIAN_POINT('',(61.05272,39.75,104.03091));
#2157 = DIRECTION('',(-0.884996959937,0.,0.465596800787));
#2158 = DIRECTION('',(-0.465596800787,0.,-0.884996959937));
#2159 = DEFINITIONAL_REPRESENTATION('',(#2160),#2164);
#2160 = LINE('',#2161,#2162);
#2161 = CARTESIAN_POINT('',(0.384234304865,-0.1));
#2162 = VECTOR('',#2163,1.);
#2163 = DIRECTION('',(-1.,0.));
#2164 = ( GEOMETRIC_REPRESENTATION_CONTEXT(2) 
PARAMETRIC_REPRESENTATION_CONTEXT() REPRESENTATION_CONTEXT('2D SPACE',''
  ) );
#2165 = ORIENTED_EDGE('',*,*,#2166,.T.);
#2166 = EDGE_CURVE('',#2139,#2167,#2169,.T.);
#2167 = VERTEX_POINT('',#2168);
#2168 = CARTESIAN_POINT('',(61.09541,39.85,104.13182));
#2169 = SURFACE_CURVE('',#2170,(#2174,#2181),.PCURVE_S1.);
#2170 = LINE('',#2171,#2172);
#2171 = CARTESIAN_POINT('',(60.901314506896,39.85,103.6730199014));
#2172 = VECTOR('',#2173,1.);
#2173 = DIRECTION('',(0.389619149322,-0.,0.920976068355));
#2174 = PCURVE('',#345,#2175);
#2175 = DEFINITIONAL_REPRESENTATION('',(#2176),#2180);
#2176 = LINE('',#2177,#2178);
#2177 = CARTESIAN_POINT('',(0.9930199014,-1.068685493104));
#2178 = VECTOR('',#2179,1.);
#2179 = DIRECTION('',(0.920976068355,0.389619149322));
#2180 = ( GEOMETRIC_REPRESENTATION_CONTEXT(2) 
PARAMETRIC_REPRESENTATION_CONTEXT() REPRESENTATION_CONTEXT('2D SPACE',''
  ) );
#2181 = PCURVE('',#2182,#2187);
#2182 = PLANE('',#2183);
#2183 = AXIS2_PLACEMENT_3D('',#2184,#2185,#2186);
#2184 = CARTESIAN_POINT('',(61.09541,39.75,104.13182));
#2185 = DIRECTION('',(-0.920976068355,0.,0.389619149322));
#2186 = DIRECTION('',(-0.389619149322,0.,-0.920976068355));
#2187 = DEFINITIONAL_REPRESENTATION('',(#2188),#2192);
#2188 = LINE('',#2189,#2190);
#2189 = CARTESIAN_POINT('',(0.49816723188,-0.1));
#2190 = VECTOR('',#2191,1.);
#2191 = DIRECTION('',(-1.,0.));
#2192 = ( GEOMETRIC_REPRESENTATION_CONTEXT(2) 
PARAMETRIC_REPRESENTATION_CONTEXT() REPRESENTATION_CONTEXT('2D SPACE',''
  ) );
#2193 = ORIENTED_EDGE('',*,*,#2194,.T.);
#2194 = EDGE_CURVE('',#2167,#2195,#2197,.T.);
#2195 = VERTEX_POINT('',#2196);
#2196 = CARTESIAN_POINT('',(61.12939,39.85,104.23556));
#2197 = SURFACE_CURVE('',#2198,(#2202,#2209),.PCURVE_S1.);
#2198 = LINE('',#2199,#2200);
#2199 = CARTESIAN_POINT('',(60.940037807959,39.85,103.65747299581));
#2200 = VECTOR('',#2201,1.);
#2201 = DIRECTION('',(0.311276750006,-0.,0.950319306815));
#2202 = PCURVE('',#345,#2203);
#2203 = DEFINITIONAL_REPRESENTATION('',(#2204),#2208);
#2204 = LINE('',#2205,#2206);
#2205 = CARTESIAN_POINT('',(0.97747299581,-1.029962192041));
#2206 = VECTOR('',#2207,1.);
#2207 = DIRECTION('',(0.950319306815,0.311276750006));
#2208 = ( GEOMETRIC_REPRESENTATION_CONTEXT(2) 
PARAMETRIC_REPRESENTATION_CONTEXT() REPRESENTATION_CONTEXT('2D SPACE',''
  ) );
#2209 = PCURVE('',#2210,#2215);
#2210 = PLANE('',#2211);
#2211 = AXIS2_PLACEMENT_3D('',#2212,#2213,#2214);
#2212 = CARTESIAN_POINT('',(61.12939,39.75,104.23556));
#2213 = DIRECTION('',(-0.950319306815,0.,0.311276750006));
#2214 = DIRECTION('',(-0.311276750006,0.,-0.950319306815));
#2215 = DEFINITIONAL_REPRESENTATION('',(#2216),#2220);
#2216 = LINE('',#2217,#2218);
#2217 = CARTESIAN_POINT('',(0.608308176046,-0.1));
#2218 = VECTOR('',#2219,1.);
#2219 = DIRECTION('',(-1.,0.));
#2220 = ( GEOMETRIC_REPRESENTATION_CONTEXT(2) 
PARAMETRIC_REPRESENTATION_CONTEXT() REPRESENTATION_CONTEXT('2D SPACE',''
  ) );
#2221 = ORIENTED_EDGE('',*,*,#2222,.T.);
#2222 = EDGE_CURVE('',#2195,#2223,#2225,.T.);
#2223 = VERTEX_POINT('',#2224);
#2224 = CARTESIAN_POINT('',(61.15457,39.85,104.34157));
#2225 = SURFACE_CURVE('',#2226,(#2230,#2237),.PCURVE_S1.);
#2226 = LINE('',#2227,#2228);
#2227 = CARTESIAN_POINT('',(60.989550531163,39.85,103.64682361829));
#2228 = VECTOR('',#2229,1.);
#2229 = DIRECTION('',(0.231095235918,-0.,0.972931134221));
#2230 = PCURVE('',#345,#2231);
#2231 = DEFINITIONAL_REPRESENTATION('',(#2232),#2236);
#2232 = LINE('',#2233,#2234);
#2233 = CARTESIAN_POINT('',(0.96682361829,-0.980449468837));
#2234 = VECTOR('',#2235,1.);
#2235 = DIRECTION('',(0.972931134221,0.231095235918));
#2236 = ( GEOMETRIC_REPRESENTATION_CONTEXT(2) 
PARAMETRIC_REPRESENTATION_CONTEXT() REPRESENTATION_CONTEXT('2D SPACE',''
  ) );
#2237 = PCURVE('',#2238,#2243);
#2238 = PLANE('',#2239);
#2239 = AXIS2_PLACEMENT_3D('',#2240,#2241,#2242);
#2240 = CARTESIAN_POINT('',(61.15457,39.75,104.34157));
#2241 = DIRECTION('',(-0.972931134221,0.,0.231095235918));
#2242 = DIRECTION('',(-0.231095235918,0.,-0.972931134221));
#2243 = DEFINITIONAL_REPRESENTATION('',(#2244),#2248);
#2244 = LINE('',#2245,#2246);
#2245 = CARTESIAN_POINT('',(0.714075598235,-0.1));
#2246 = VECTOR('',#2247,1.);
#2247 = DIRECTION('',(-1.,0.));
#2248 = ( GEOMETRIC_REPRESENTATION_CONTEXT(2) 
PARAMETRIC_REPRESENTATION_CONTEXT() REPRESENTATION_CONTEXT('2D SPACE',''
  ) );
#2249 = ORIENTED_EDGE('',*,*,#2250,.T.);
#2250 = EDGE_CURVE('',#2223,#2251,#2253,.T.);
#2251 = VERTEX_POINT('',#2252);
#2252 = CARTESIAN_POINT('',(61.17084,39.85,104.44926));
#2253 = SURFACE_CURVE('',#2254,(#2258,#2265),.PCURVE_S1.);
#2254 = LINE('',#2255,#2256);
#2255 = CARTESIAN_POINT('',(61.049088267881,39.85,103.64339374112));
#2256 = VECTOR('',#2257,1.);
#2257 = DIRECTION('',(0.149386501755,-0.,0.988778879777));
#2258 = PCURVE('',#345,#2259);
#2259 = DEFINITIONAL_REPRESENTATION('',(#2260),#2264);
#2260 = LINE('',#2261,#2262);
#2261 = CARTESIAN_POINT('',(0.96339374112,-0.920911732119));
#2262 = VECTOR('',#2263,1.);
#2263 = DIRECTION('',(0.988778879777,0.149386501755));
#2264 = ( GEOMETRIC_REPRESENTATION_CONTEXT(2) 
PARAMETRIC_REPRESENTATION_CONTEXT() REPRESENTATION_CONTEXT('2D SPACE',''
  ) );
#2265 = PCURVE('',#2266,#2271);
#2266 = PLANE('',#2267);
#2267 = AXIS2_PLACEMENT_3D('',#2268,#2269,#2270);
#2268 = CARTESIAN_POINT('',(61.17084,39.75,104.44926));
#2269 = DIRECTION('',(-0.988778879777,0.,0.149386501755));
#2270 = DIRECTION('',(-0.149386501755,0.,-0.988778879777));
#2271 = DEFINITIONAL_REPRESENTATION('',(#2272),#2276);
#2272 = LINE('',#2273,#2274);
#2273 = CARTESIAN_POINT('',(0.815011602049,-0.1));
#2274 = VECTOR('',#2275,1.);
#2275 = DIRECTION('',(-1.,0.));
#2276 = ( GEOMETRIC_REPRESENTATION_CONTEXT(2) 
PARAMETRIC_REPRESENTATION_CONTEXT() REPRESENTATION_CONTEXT('2D SPACE',''
  ) );
#2277 = ORIENTED_EDGE('',*,*,#2278,.T.);
#2278 = EDGE_CURVE('',#2251,#2279,#2281,.T.);
#2279 = VERTEX_POINT('',#2280);
#2280 = CARTESIAN_POINT('',(61.1781,39.85,104.55806));
#2281 = SURFACE_CURVE('',#2282,(#2286,#2293),.PCURVE_S1.);
#2282 = LINE('',#2283,#2284);
#2283 = CARTESIAN_POINT('',(61.117473422545,39.85,103.649496415));
#2284 = VECTOR('',#2285,1.);
#2285 = DIRECTION('',(6.657987842312E-02,-0.,0.997781098132));
#2286 = PCURVE('',#345,#2287);
#2287 = DEFINITIONAL_REPRESENTATION('',(#2288),#2292);
#2288 = LINE('',#2289,#2290);
#2289 = CARTESIAN_POINT('',(0.969496415,-0.852526577455));
#2290 = VECTOR('',#2291,1.);
#2291 = DIRECTION('',(0.997781098132,6.657987842312E-02));
#2292 = ( GEOMETRIC_REPRESENTATION_CONTEXT(2) 
PARAMETRIC_REPRESENTATION_CONTEXT() REPRESENTATION_CONTEXT('2D SPACE',''
  ) );
#2293 = PCURVE('',#2294,#2299);
#2294 = PLANE('',#2295);
#2295 = AXIS2_PLACEMENT_3D('',#2296,#2297,#2298);
#2296 = CARTESIAN_POINT('',(61.1781,39.75,104.55806));
#2297 = DIRECTION('',(-0.997781098132,0.,6.657987842312E-02));
#2298 = DIRECTION('',(-6.657987842312E-02,0.,-0.997781098132));
#2299 = DEFINITIONAL_REPRESENTATION('',(#2300),#2304);
#2300 = LINE('',#2301,#2302);
#2301 = CARTESIAN_POINT('',(0.91058408172,-0.1));
#2302 = VECTOR('',#2303,1.);
#2303 = DIRECTION('',(-1.,0.));
#2304 = ( GEOMETRIC_REPRESENTATION_CONTEXT(2) 
PARAMETRIC_REPRESENTATION_CONTEXT() REPRESENTATION_CONTEXT('2D SPACE',''
  ) );
#2305 = ORIENTED_EDGE('',*,*,#2306,.T.);
#2306 = EDGE_CURVE('',#2279,#2307,#2309,.T.);
#2307 = VERTEX_POINT('',#2308);
#2308 = CARTESIAN_POINT('',(61.17626,39.85,104.66741));
#2309 = SURFACE_CURVE('',#2310,(#2314,#2321),.PCURVE_S1.);
#2310 = LINE('',#2311,#2312);
#2311 = CARTESIAN_POINT('',(61.193088383351,39.85,103.66731015249));
#2312 = VECTOR('',#2313,1.);
#2313 = DIRECTION('',(-1.682432161314E-02,0.,0.999858461084));
#2314 = PCURVE('',#345,#2315);
#2315 = DEFINITIONAL_REPRESENTATION('',(#2316),#2320);
#2316 = LINE('',#2317,#2318);
#2317 = CARTESIAN_POINT('',(0.98731015249,-0.776911616649));
#2318 = VECTOR('',#2319,1.);
#2319 = DIRECTION('',(0.999858461084,-1.682432161314E-02));
#2320 = ( GEOMETRIC_REPRESENTATION_CONTEXT(2) 
PARAMETRIC_REPRESENTATION_CONTEXT() REPRESENTATION_CONTEXT('2D SPACE',''
  ) );
#2321 = PCURVE('',#2322,#2327);
#2322 = PLANE('',#2323);
#2323 = AXIS2_PLACEMENT_3D('',#2324,#2325,#2326);
#2324 = CARTESIAN_POINT('',(61.17626,39.75,104.66741));
#2325 = DIRECTION('',(-0.999858461084,0.,-1.682432161314E-02));
#2326 = DIRECTION('',(1.682432161314E-02,0.,-0.999858461084));
#2327 = DEFINITIONAL_REPRESENTATION('',(#2328),#2332);
#2328 = LINE('',#2329,#2330);
#2329 = CARTESIAN_POINT('',(1.000241420596,-0.1));
#2330 = VECTOR('',#2331,1.);
#2331 = DIRECTION('',(-1.,-0.));
#2332 = ( GEOMETRIC_REPRESENTATION_CONTEXT(2) 
PARAMETRIC_REPRESENTATION_CONTEXT() REPRESENTATION_CONTEXT('2D SPACE',''
  ) );
#2333 = ORIENTED_EDGE('',*,*,#2334,.T.);
#2334 = EDGE_CURVE('',#2307,#2335,#2337,.T.);
#2335 = VERTEX_POINT('',#2336);
#2336 = CARTESIAN_POINT('',(61.16521,39.85,104.77671));
#2337 = SURFACE_CURVE('',#2338,(#2342,#2349),.PCURVE_S1.);
#2338 = LINE('',#2339,#2340);
#2339 = CARTESIAN_POINT('',(61.27419536114,39.85,103.69869190293));
#2340 = VECTOR('',#2341,1.);
#2341 = DIRECTION('',(-0.100585172789,0.,0.994928451204));
#2342 = PCURVE('',#345,#2343);
#2343 = DEFINITIONAL_REPRESENTATION('',(#2344),#2348);
#2344 = LINE('',#2345,#2346);
#2345 = CARTESIAN_POINT('',(1.01869190293,-0.69580463886));
#2346 = VECTOR('',#2347,1.);
#2347 = DIRECTION('',(0.994928451204,-0.100585172789));
#2348 = ( GEOMETRIC_REPRESENTATION_CONTEXT(2) 
PARAMETRIC_REPRESENTATION_CONTEXT() REPRESENTATION_CONTEXT('2D SPACE',''
  ) );
#2349 = PCURVE('',#2350,#2355);
#2350 = PLANE('',#2351);
#2351 = AXIS2_PLACEMENT_3D('',#2352,#2353,#2354);
#2352 = CARTESIAN_POINT('',(61.16521,39.75,104.77671));
#2353 = DIRECTION('',(-0.994928451204,0.,-0.100585172789));
#2354 = DIRECTION('',(0.100585172789,0.,-0.994928451204));
#2355 = DEFINITIONAL_REPRESENTATION('',(#2356),#2360);
#2356 = LINE('',#2357,#2358);
#2357 = CARTESIAN_POINT('',(1.083513187069,-0.1));
#2358 = VECTOR('',#2359,1.);
#2359 = DIRECTION('',(-1.,-0.));
#2360 = ( GEOMETRIC_REPRESENTATION_CONTEXT(2) 
PARAMETRIC_REPRESENTATION_CONTEXT() REPRESENTATION_CONTEXT('2D SPACE',''
  ) );
#2361 = ORIENTED_EDGE('',*,*,#2362,.T.);
#2362 = EDGE_CURVE('',#2335,#2363,#2365,.T.);
#2363 = VERTEX_POINT('',#2364);
#2364 = CARTESIAN_POINT('',(61.14486,39.85,104.88541));
#2365 = SURFACE_CURVE('',#2366,(#2370,#2377),.PCURVE_S1.);
#2366 = LINE('',#2367,#2368);
#2367 = CARTESIAN_POINT('',(61.358280083223,39.85,103.74542164391));
#2368 = VECTOR('',#2369,1.);
#2369 = DIRECTION('',(-0.184015545815,0.,0.982923333174));
#2370 = PCURVE('',#345,#2371);
#2371 = DEFINITIONAL_REPRESENTATION('',(#2372),#2376);
#2372 = LINE('',#2373,#2374);
#2373 = CARTESIAN_POINT('',(1.06542164391,-0.611719916777));
#2374 = VECTOR('',#2375,1.);
#2375 = DIRECTION('',(0.982923333174,-0.184015545815));
#2376 = ( GEOMETRIC_REPRESENTATION_CONTEXT(2) 
PARAMETRIC_REPRESENTATION_CONTEXT() REPRESENTATION_CONTEXT('2D SPACE',''
  ) );
#2377 = PCURVE('',#2378,#2383);
#2378 = PLANE('',#2379);
#2379 = AXIS2_PLACEMENT_3D('',#2380,#2381,#2382);
#2380 = CARTESIAN_POINT('',(61.14486,39.75,104.88541));
#2381 = DIRECTION('',(-0.982923333174,0.,-0.184015545815));
#2382 = DIRECTION('',(0.184015545815,0.,-0.982923333174));
#2383 = DEFINITIONAL_REPRESENTATION('',(#2384),#2388);
#2384 = LINE('',#2385,#2386);
#2385 = CARTESIAN_POINT('',(1.15979376785,-0.1));
#2386 = VECTOR('',#2387,1.);
#2387 = DIRECTION('',(-1.,-0.));
#2388 = ( GEOMETRIC_REPRESENTATION_CONTEXT(2) 
PARAMETRIC_REPRESENTATION_CONTEXT() REPRESENTATION_CONTEXT('2D SPACE',''
  ) );
#2389 = ORIENTED_EDGE('',*,*,#2390,.T.);
#2390 = EDGE_CURVE('',#2363,#1633,#2391,.T.);
#2391 = SURFACE_CURVE('',#2392,(#2396,#2403),.PCURVE_S1.);
#2392 = LINE('',#2393,#2394);
#2393 = CARTESIAN_POINT('',(61.441670379457,39.85,103.80784601622));
#2394 = VECTOR('',#2395,1.);
#2395 = DIRECTION('',(-0.265555957814,0.,0.964095448215));
#2396 = PCURVE('',#345,#2397);
#2397 = DEFINITIONAL_REPRESENTATION('',(#2398),#2402);
#2398 = LINE('',#2399,#2400);
#2399 = CARTESIAN_POINT('',(1.12784601622,-0.528329620543));
#2400 = VECTOR('',#2401,1.);
#2401 = DIRECTION('',(0.964095448215,-0.265555957814));
#2402 = ( GEOMETRIC_REPRESENTATION_CONTEXT(2) 
PARAMETRIC_REPRESENTATION_CONTEXT() REPRESENTATION_CONTEXT('2D SPACE',''
  ) );
#2403 = PCURVE('',#2404,#2409);
#2404 = PLANE('',#2405);
#2405 = AXIS2_PLACEMENT_3D('',#2406,#2407,#2408);
#2406 = CARTESIAN_POINT('',(61.11566,39.75,104.99142));
#2407 = DIRECTION('',(-0.964095448215,0.,-0.265555957814));
#2408 = DIRECTION('',(0.265555957814,0.,-0.964095448215));
#2409 = DEFINITIONAL_REPRESENTATION('',(#2410),#2414);
#2410 = LINE('',#2411,#2412);
#2411 = CARTESIAN_POINT('',(1.227652288962,-0.1));
#2412 = VECTOR('',#2413,1.);
#2413 = DIRECTION('',(-1.,-0.));
#2414 = ( GEOMETRIC_REPRESENTATION_CONTEXT(2) 
PARAMETRIC_REPRESENTATION_CONTEXT() REPRESENTATION_CONTEXT('2D SPACE',''
  ) );
#2415 = FACE_BOUND('',#2416,.T.);
#2416 = EDGE_LOOP('',(#2417,#2447,#2475,#2503,#2531,#2559,#2587,#2615,
    #2643,#2671,#2699,#2727,#2755,#2783,#2811,#2839,#2867,#2895,#2923,
    #2951,#2979,#3007,#3035,#3063,#3091,#3119,#3147,#3175));
#2417 = ORIENTED_EDGE('',*,*,#2418,.T.);
#2418 = EDGE_CURVE('',#2419,#2421,#2423,.T.);
#2419 = VERTEX_POINT('',#2420);
#2420 = CARTESIAN_POINT('',(64.22693,39.85,105.46488));
#2421 = VERTEX_POINT('',#2422);
#2422 = CARTESIAN_POINT('',(63.84774,39.85,106.54774));
#2423 = SURFACE_CURVE('',#2424,(#2428,#2435),.PCURVE_S1.);
#2424 = LINE('',#2425,#2426);
#2425 = CARTESIAN_POINT('',(64.348412192776,39.85,105.11796102199));
#2426 = VECTOR('',#2427,1.);
#2427 = DIRECTION('',(-0.330497173512,0.,0.943806981485));
#2428 = PCURVE('',#345,#2429);
#2429 = DEFINITIONAL_REPRESENTATION('',(#2430),#2434);
#2430 = LINE('',#2431,#2432);
#2431 = CARTESIAN_POINT('',(2.43796102199,2.378412192776));
#2432 = VECTOR('',#2433,1.);
#2433 = DIRECTION('',(0.943806981485,-0.330497173512));
#2434 = ( GEOMETRIC_REPRESENTATION_CONTEXT(2) 
PARAMETRIC_REPRESENTATION_CONTEXT() REPRESENTATION_CONTEXT('2D SPACE',''
  ) );
#2435 = PCURVE('',#2436,#2441);
#2436 = PLANE('',#2437);
#2437 = AXIS2_PLACEMENT_3D('',#2438,#2439,#2440);
#2438 = CARTESIAN_POINT('',(63.84774,39.75,106.54774));
#2439 = DIRECTION('',(-0.943806981485,0.,-0.330497173512));
#2440 = DIRECTION('',(0.330497173512,0.,-0.943806981485));
#2441 = DEFINITIONAL_REPRESENTATION('',(#2442),#2446);
#2442 = LINE('',#2443,#2444);
#2443 = CARTESIAN_POINT('',(1.514906125995,-0.1));
#2444 = VECTOR('',#2445,1.);
#2445 = DIRECTION('',(-1.,-0.));
#2446 = ( GEOMETRIC_REPRESENTATION_CONTEXT(2) 
PARAMETRIC_REPRESENTATION_CONTEXT() REPRESENTATION_CONTEXT('2D SPACE',''
  ) );
#2447 = ORIENTED_EDGE('',*,*,#2448,.T.);
#2448 = EDGE_CURVE('',#2421,#2449,#2451,.T.);
#2449 = VERTEX_POINT('',#2450);
#2450 = CARTESIAN_POINT('',(63.70983,39.85,106.51406));
#2451 = SURFACE_CURVE('',#2452,(#2456,#2463),.PCURVE_S1.);
#2452 = LINE('',#2453,#2454);
#2453 = CARTESIAN_POINT('',(62.447057569779,39.85,106.20566919839));
#2454 = VECTOR('',#2455,1.);
#2455 = DIRECTION('',(-0.971449894596,0.,-0.237244815097));
#2456 = PCURVE('',#345,#2457);
#2457 = DEFINITIONAL_REPRESENTATION('',(#2458),#2462);
#2458 = LINE('',#2459,#2460);
#2459 = CARTESIAN_POINT('',(3.52566919839,0.477057569779));
#2460 = VECTOR('',#2461,1.);
#2461 = DIRECTION('',(-0.237244815097,-0.971449894596));
#2462 = ( GEOMETRIC_REPRESENTATION_CONTEXT(2) 
PARAMETRIC_REPRESENTATION_CONTEXT() REPRESENTATION_CONTEXT('2D SPACE',''
  ) );
#2463 = PCURVE('',#2464,#2469);
#2464 = PLANE('',#2465);
#2465 = AXIS2_PLACEMENT_3D('',#2466,#2467,#2468);
#2466 = CARTESIAN_POINT('',(63.70983,39.75,106.51406));
#2467 = DIRECTION('',(0.237244815097,0.,-0.971449894596));
#2468 = DIRECTION('',(0.971449894596,0.,0.237244815097));
#2469 = DEFINITIONAL_REPRESENTATION('',(#2470),#2474);
#2470 = LINE('',#2471,#2472);
#2471 = CARTESIAN_POINT('',(-1.299884262942,-0.1));
#2472 = VECTOR('',#2473,1.);
#2473 = DIRECTION('',(-1.,-0.));
#2474 = ( GEOMETRIC_REPRESENTATION_CONTEXT(2) 
PARAMETRIC_REPRESENTATION_CONTEXT() REPRESENTATION_CONTEXT('2D SPACE',''
  ) );
#2475 = ORIENTED_EDGE('',*,*,#2476,.T.);
#2476 = EDGE_CURVE('',#2449,#2477,#2479,.T.);
#2477 = VERTEX_POINT('',#2478);
#2478 = CARTESIAN_POINT('',(59.93853,39.85,101.59932));
#2479 = SURFACE_CURVE('',#2480,(#2484,#2491),.PCURVE_S1.);
#2480 = LINE('',#2481,#2482);
#2481 = CARTESIAN_POINT('',(60.575928440094,39.85,102.42997457785));
#2482 = VECTOR('',#2483,1.);
#2483 = DIRECTION('',(-0.608770304696,0.,-0.793346529658));
#2484 = PCURVE('',#345,#2485);
#2485 = DEFINITIONAL_REPRESENTATION('',(#2486),#2490);
#2486 = LINE('',#2487,#2488);
#2487 = CARTESIAN_POINT('',(-0.25002542215,-1.394071559906));
#2488 = VECTOR('',#2489,1.);
#2489 = DIRECTION('',(-0.793346529658,-0.608770304696));
#2490 = ( GEOMETRIC_REPRESENTATION_CONTEXT(2) 
PARAMETRIC_REPRESENTATION_CONTEXT() REPRESENTATION_CONTEXT('2D SPACE',''
  ) );
#2491 = PCURVE('',#2492,#2497);
#2492 = PLANE('',#2493);
#2493 = AXIS2_PLACEMENT_3D('',#2494,#2495,#2496);
#2494 = CARTESIAN_POINT('',(59.93853,39.75,101.59932));
#2495 = DIRECTION('',(0.793346529658,0.,-0.608770304696));
#2496 = DIRECTION('',(0.608770304696,0.,0.793346529658));
#2497 = DEFINITIONAL_REPRESENTATION('',(#2498),#2502);
#2498 = LINE('',#2499,#2500);
#2499 = CARTESIAN_POINT('',(1.047026169271,-0.1));
#2500 = VECTOR('',#2501,1.);
#2501 = DIRECTION('',(-1.,-0.));
#2502 = ( GEOMETRIC_REPRESENTATION_CONTEXT(2) 
PARAMETRIC_REPRESENTATION_CONTEXT() REPRESENTATION_CONTEXT('2D SPACE',''
  ) );
#2503 = ORIENTED_EDGE('',*,*,#2504,.T.);
#2504 = EDGE_CURVE('',#2477,#2505,#2507,.T.);
#2505 = VERTEX_POINT('',#2506);
#2506 = CARTESIAN_POINT('',(59.85017,39.85,101.46097));
#2507 = SURFACE_CURVE('',#2508,(#2512,#2519),.PCURVE_S1.);
#2508 = LINE('',#2509,#2510);
#2509 = CARTESIAN_POINT('',(60.433746973757,39.85,102.37470782615));
#2510 = VECTOR('',#2511,1.);
#2511 = DIRECTION('',(-0.538258291755,0.,-0.842779930561));
#2512 = PCURVE('',#345,#2513);
#2513 = DEFINITIONAL_REPRESENTATION('',(#2514),#2518);
#2514 = LINE('',#2515,#2516);
#2515 = CARTESIAN_POINT('',(-0.30529217385,-1.536253026243));
#2516 = VECTOR('',#2517,1.);
#2517 = DIRECTION('',(-0.842779930561,-0.538258291755));
#2518 = ( GEOMETRIC_REPRESENTATION_CONTEXT(2) 
PARAMETRIC_REPRESENTATION_CONTEXT() REPRESENTATION_CONTEXT('2D SPACE',''
  ) );
#2519 = PCURVE('',#2520,#2525);
#2520 = PLANE('',#2521);
#2521 = AXIS2_PLACEMENT_3D('',#2522,#2523,#2524);
#2522 = CARTESIAN_POINT('',(59.85017,39.75,101.46097));
#2523 = DIRECTION('',(0.842779930561,0.,-0.538258291755));
#2524 = DIRECTION('',(0.538258291755,0.,0.842779930561));
#2525 = DEFINITIONAL_REPRESENTATION('',(#2526),#2530);
#2526 = LINE('',#2527,#2528);
#2527 = CARTESIAN_POINT('',(1.084195046676,-0.1));
#2528 = VECTOR('',#2529,1.);
#2529 = DIRECTION('',(-1.,-0.));
#2530 = ( GEOMETRIC_REPRESENTATION_CONTEXT(2) 
PARAMETRIC_REPRESENTATION_CONTEXT() REPRESENTATION_CONTEXT('2D SPACE',''
  ) );
#2531 = ORIENTED_EDGE('',*,*,#2532,.T.);
#2532 = EDGE_CURVE('',#2505,#2533,#2535,.T.);
#2533 = VERTEX_POINT('',#2534);
#2534 = CARTESIAN_POINT('',(59.77439,39.85,101.31673));
#2535 = SURFACE_CURVE('',#2536,(#2540,#2547),.PCURVE_S1.);
#2536 = LINE('',#2537,#2538);
#2537 = CARTESIAN_POINT('',(60.292507800476,39.85,102.30291780074));
#2538 = VECTOR('',#2539,1.);
#2539 = DIRECTION('',(-0.465093689408,0.,-0.885261464242));
#2540 = PCURVE('',#345,#2541);
#2541 = DEFINITIONAL_REPRESENTATION('',(#2542),#2546);
#2542 = LINE('',#2543,#2544);
#2543 = CARTESIAN_POINT('',(-0.37708219926,-1.677492199524));
#2544 = VECTOR('',#2545,1.);
#2545 = DIRECTION('',(-0.885261464242,-0.465093689408));
#2546 = ( GEOMETRIC_REPRESENTATION_CONTEXT(2) 
PARAMETRIC_REPRESENTATION_CONTEXT() REPRESENTATION_CONTEXT('2D SPACE',''
  ) );
#2547 = PCURVE('',#2548,#2553);
#2548 = PLANE('',#2549);
#2549 = AXIS2_PLACEMENT_3D('',#2550,#2551,#2552);
#2550 = CARTESIAN_POINT('',(59.77439,39.75,101.31673));
#2551 = DIRECTION('',(0.885261464242,0.,-0.465093689408));
#2552 = DIRECTION('',(0.465093689408,0.,0.885261464242));
#2553 = DEFINITIONAL_REPRESENTATION('',(#2554),#2558);
#2554 = LINE('',#2555,#2556);
#2555 = CARTESIAN_POINT('',(1.114007375873,-0.1));
#2556 = VECTOR('',#2557,1.);
#2557 = DIRECTION('',(-1.,-0.));
#2558 = ( GEOMETRIC_REPRESENTATION_CONTEXT(2) 
PARAMETRIC_REPRESENTATION_CONTEXT() REPRESENTATION_CONTEXT('2D SPACE',''
  ) );
#2559 = ORIENTED_EDGE('',*,*,#2560,.T.);
#2560 = EDGE_CURVE('',#2533,#2561,#2563,.T.);
#2561 = VERTEX_POINT('',#2562);
#2562 = CARTESIAN_POINT('',(59.71131,39.85,101.16744));
#2563 = SURFACE_CURVE('',#2564,(#2568,#2575),.PCURVE_S1.);
#2564 = LINE('',#2565,#2566);
#2565 = CARTESIAN_POINT('',(60.153537601991,39.85,102.21404999843));
#2566 = VECTOR('',#2567,1.);
#2567 = DIRECTION('',(-0.389215236331,0.,-0.921146839439));
#2568 = PCURVE('',#345,#2569);
#2569 = DEFINITIONAL_REPRESENTATION('',(#2570),#2574);
#2570 = LINE('',#2571,#2572);
#2571 = CARTESIAN_POINT('',(-0.46595000157,-1.816462398009));
#2572 = VECTOR('',#2573,1.);
#2573 = DIRECTION('',(-0.921146839439,-0.389215236331));
#2574 = ( GEOMETRIC_REPRESENTATION_CONTEXT(2) 
PARAMETRIC_REPRESENTATION_CONTEXT() REPRESENTATION_CONTEXT('2D SPACE',''
  ) );
#2575 = PCURVE('',#2576,#2581);
#2576 = PLANE('',#2577);
#2577 = AXIS2_PLACEMENT_3D('',#2578,#2579,#2580);
#2578 = CARTESIAN_POINT('',(59.71131,39.75,101.16744));
#2579 = DIRECTION('',(0.921146839439,0.,-0.389215236331));
#2580 = DIRECTION('',(0.389215236331,0.,0.921146839439));
#2581 = DEFINITIONAL_REPRESENTATION('',(#2582),#2586);
#2582 = LINE('',#2583,#2584);
#2583 = CARTESIAN_POINT('',(1.1362032128,-0.1));
#2584 = VECTOR('',#2585,1.);
#2585 = DIRECTION('',(-1.,-0.));
#2586 = ( GEOMETRIC_REPRESENTATION_CONTEXT(2) 
PARAMETRIC_REPRESENTATION_CONTEXT() REPRESENTATION_CONTEXT('2D SPACE',''
  ) );
#2587 = ORIENTED_EDGE('',*,*,#2588,.T.);
#2588 = EDGE_CURVE('',#2561,#2589,#2591,.T.);
#2589 = VERTEX_POINT('',#2590);
#2590 = CARTESIAN_POINT('',(59.66109,39.85,101.01395));
#2591 = SURFACE_CURVE('',#2592,(#2596,#2603),.PCURVE_S1.);
#2592 = LINE('',#2593,#2594);
#2593 = CARTESIAN_POINT('',(60.01892479945,39.85,102.10761912321));
#2594 = VECTOR('',#2595,1.);
#2595 = DIRECTION('',(-0.310965841803,0.,-0.950421088377));
#2596 = PCURVE('',#345,#2597);
#2597 = DEFINITIONAL_REPRESENTATION('',(#2598),#2602);
#2598 = LINE('',#2599,#2600);
#2599 = CARTESIAN_POINT('',(-0.57238087679,-1.95107520055));
#2600 = VECTOR('',#2601,1.);
#2601 = DIRECTION('',(-0.950421088377,-0.310965841803));
#2602 = ( GEOMETRIC_REPRESENTATION_CONTEXT(2) 
PARAMETRIC_REPRESENTATION_CONTEXT() REPRESENTATION_CONTEXT('2D SPACE',''
  ) );
#2603 = PCURVE('',#2604,#2609);
#2604 = PLANE('',#2605);
#2605 = AXIS2_PLACEMENT_3D('',#2606,#2607,#2608);
#2606 = CARTESIAN_POINT('',(59.66109,39.75,101.01395));
#2607 = DIRECTION('',(0.950421088377,0.,-0.310965841803));
#2608 = DIRECTION('',(0.310965841803,0.,0.950421088377));
#2609 = DEFINITIONAL_REPRESENTATION('',(#2610),#2614);
#2610 = LINE('',#2611,#2612);
#2611 = CARTESIAN_POINT('',(1.150720598043,-0.1));
#2612 = VECTOR('',#2613,1.);
#2613 = DIRECTION('',(-1.,-0.));
#2614 = ( GEOMETRIC_REPRESENTATION_CONTEXT(2) 
PARAMETRIC_REPRESENTATION_CONTEXT() REPRESENTATION_CONTEXT('2D SPACE',''
  ) );
#2615 = ORIENTED_EDGE('',*,*,#2616,.T.);
#2616 = EDGE_CURVE('',#2589,#2617,#2619,.T.);
#2617 = VERTEX_POINT('',#2618);
#2618 = CARTESIAN_POINT('',(59.62388,39.85,100.85712));
#2619 = SURFACE_CURVE('',#2620,(#2624,#2631),.PCURVE_S1.);
#2620 = LINE('',#2621,#2622);
#2621 = CARTESIAN_POINT('',(59.891123171573,39.85,101.98347707062));
#2622 = VECTOR('',#2623,1.);
#2623 = DIRECTION('',(-0.230854396136,0.,-0.972988308144));
#2624 = PCURVE('',#345,#2625);
#2625 = DEFINITIONAL_REPRESENTATION('',(#2626),#2630);
#2626 = LINE('',#2627,#2628);
#2627 = CARTESIAN_POINT('',(-0.69652292938,-2.078876828427));
#2628 = VECTOR('',#2629,1.);
#2629 = DIRECTION('',(-0.972988308144,-0.230854396136));
#2630 = ( GEOMETRIC_REPRESENTATION_CONTEXT(2) 
PARAMETRIC_REPRESENTATION_CONTEXT() REPRESENTATION_CONTEXT('2D SPACE',''
  ) );
#2631 = PCURVE('',#2632,#2637);
#2632 = PLANE('',#2633);
#2633 = AXIS2_PLACEMENT_3D('',#2634,#2635,#2636);
#2634 = CARTESIAN_POINT('',(59.62388,39.75,100.85712));
#2635 = DIRECTION('',(0.972988308144,0.,-0.230854396136));
#2636 = DIRECTION('',(0.230854396136,0.,0.972988308144));
#2637 = DEFINITIONAL_REPRESENTATION('',(#2638),#2642);
#2638 = LINE('',#2639,#2640);
#2639 = CARTESIAN_POINT('',(1.157626521503,-0.1));
#2640 = VECTOR('',#2641,1.);
#2641 = DIRECTION('',(-1.,-0.));
#2642 = ( GEOMETRIC_REPRESENTATION_CONTEXT(2) 
PARAMETRIC_REPRESENTATION_CONTEXT() REPRESENTATION_CONTEXT('2D SPACE',''
  ) );
#2643 = ORIENTED_EDGE('',*,*,#2644,.T.);
#2644 = EDGE_CURVE('',#2617,#2645,#2647,.T.);
#2645 = VERTEX_POINT('',#2646);
#2646 = CARTESIAN_POINT('',(59.59982,39.85,100.6978));
#2647 = SURFACE_CURVE('',#2648,(#2652,#2659),.PCURVE_S1.);
#2648 = LINE('',#2649,#2650);
#2649 = CARTESIAN_POINT('',(59.772580049984,39.85,101.84177885135));
#2650 = VECTOR('',#2651,1.);
#2651 = DIRECTION('',(-0.149323676684,0.,-0.988788369461));
#2652 = PCURVE('',#345,#2653);
#2653 = DEFINITIONAL_REPRESENTATION('',(#2654),#2658);
#2654 = LINE('',#2655,#2656);
#2655 = CARTESIAN_POINT('',(-0.83822114865,-2.197419950016));
#2656 = VECTOR('',#2657,1.);
#2657 = DIRECTION('',(-0.988788369461,-0.149323676684));
#2658 = ( GEOMETRIC_REPRESENTATION_CONTEXT(2) 
PARAMETRIC_REPRESENTATION_CONTEXT() REPRESENTATION_CONTEXT('2D SPACE',''
  ) );
#2659 = PCURVE('',#2660,#2665);
#2660 = PLANE('',#2661);
#2661 = AXIS2_PLACEMENT_3D('',#2662,#2663,#2664);
#2662 = CARTESIAN_POINT('',(59.59982,39.75,100.6978));
#2663 = DIRECTION('',(0.988788369461,0.,-0.149323676684));
#2664 = DIRECTION('',(0.149323676684,0.,0.988788369461));
#2665 = DEFINITIONAL_REPRESENTATION('',(#2666),#2670);
#2666 = LINE('',#2667,#2668);
#2667 = CARTESIAN_POINT('',(1.156950148972,-0.1));
#2668 = VECTOR('',#2669,1.);
#2669 = DIRECTION('',(-1.,-0.));
#2670 = ( GEOMETRIC_REPRESENTATION_CONTEXT(2) 
PARAMETRIC_REPRESENTATION_CONTEXT() REPRESENTATION_CONTEXT('2D SPACE',''
  ) );
#2671 = ORIENTED_EDGE('',*,*,#2672,.T.);
#2672 = EDGE_CURVE('',#2645,#2673,#2675,.T.);
#2673 = VERTEX_POINT('',#2674);
#2674 = CARTESIAN_POINT('',(59.58906,39.85,100.53683));
#2675 = SURFACE_CURVE('',#2676,(#2680,#2687),.PCURVE_S1.);
#2676 = LINE('',#2677,#2678);
#2677 = CARTESIAN_POINT('',(59.66566682232,39.85,101.68287090974));
#2678 = VECTOR('',#2679,1.);
#2679 = DIRECTION('',(-6.669591371366E-02,0.,-0.997773348559));
#2680 = PCURVE('',#345,#2681);
#2681 = DEFINITIONAL_REPRESENTATION('',(#2682),#2686);
#2682 = LINE('',#2683,#2684);
#2683 = CARTESIAN_POINT('',(-0.99712909026,-2.30433317768));
#2684 = VECTOR('',#2685,1.);
#2685 = DIRECTION('',(-0.997773348559,-6.669591371366E-02));
#2686 = ( GEOMETRIC_REPRESENTATION_CONTEXT(2) 
PARAMETRIC_REPRESENTATION_CONTEXT() REPRESENTATION_CONTEXT('2D SPACE',''
  ) );
#2687 = PCURVE('',#2688,#2693);
#2688 = PLANE('',#2689);
#2689 = AXIS2_PLACEMENT_3D('',#2690,#2691,#2692);
#2690 = CARTESIAN_POINT('',(59.58906,39.75,100.53683));
#2691 = DIRECTION('',(0.997773348559,0.,-6.669591371366E-02));
#2692 = DIRECTION('',(6.669591371366E-02,0.,0.997773348559));
#2693 = DEFINITIONAL_REPRESENTATION('',(#2694),#2698);
#2694 = LINE('',#2695,#2696);
#2695 = CARTESIAN_POINT('',(1.148598438108,-0.1));
#2696 = VECTOR('',#2697,1.);
#2697 = DIRECTION('',(-1.,-0.));
#2698 = ( GEOMETRIC_REPRESENTATION_CONTEXT(2) 
PARAMETRIC_REPRESENTATION_CONTEXT() REPRESENTATION_CONTEXT('2D SPACE',''
  ) );
#2699 = ORIENTED_EDGE('',*,*,#2700,.T.);
#2700 = EDGE_CURVE('',#2673,#2701,#2703,.T.);
#2701 = VERTEX_POINT('',#2702);
#2702 = CARTESIAN_POINT('',(59.59175,39.85,100.37506));
#2703 = SURFACE_CURVE('',#2704,(#2708,#2715),.PCURVE_S1.);
#2704 = LINE('',#2705,#2706);
#2705 = CARTESIAN_POINT('',(59.572920108656,39.85,101.50744346567));
#2706 = VECTOR('',#2707,1.);
#2707 = DIRECTION('',(1.662624821096E-02,0.,-0.999861774382));
#2708 = PCURVE('',#345,#2709);
#2709 = DEFINITIONAL_REPRESENTATION('',(#2710),#2714);
#2710 = LINE('',#2711,#2712);
#2711 = CARTESIAN_POINT('',(-1.17255653433,-2.397079891344));
#2712 = VECTOR('',#2713,1.);
#2713 = DIRECTION('',(-0.999861774382,1.662624821096E-02));
#2714 = ( GEOMETRIC_REPRESENTATION_CONTEXT(2) 
PARAMETRIC_REPRESENTATION_CONTEXT() REPRESENTATION_CONTEXT('2D SPACE',''
  ) );
#2715 = PCURVE('',#2716,#2721);
#2716 = PLANE('',#2717);
#2717 = AXIS2_PLACEMENT_3D('',#2718,#2719,#2720);
#2718 = CARTESIAN_POINT('',(59.59175,39.75,100.37506));
#2719 = DIRECTION('',(0.999861774382,0.,1.662624821096E-02));
#2720 = DIRECTION('',(-1.662624821096E-02,0.,0.999861774382));
#2721 = DEFINITIONAL_REPRESENTATION('',(#2722),#2726);
#2722 = LINE('',#2723,#2724);
#2723 = CARTESIAN_POINT('',(1.132540011713,-0.1));
#2724 = VECTOR('',#2725,1.);
#2725 = DIRECTION('',(-1.,0.));
#2726 = ( GEOMETRIC_REPRESENTATION_CONTEXT(2) 
PARAMETRIC_REPRESENTATION_CONTEXT() REPRESENTATION_CONTEXT('2D SPACE',''
  ) );
#2727 = ORIENTED_EDGE('',*,*,#2728,.T.);
#2728 = EDGE_CURVE('',#2701,#2729,#2731,.T.);
#2729 = VERTEX_POINT('',#2730);
#2730 = CARTESIAN_POINT('',(59.60804,39.85,100.21335));
#2731 = SURFACE_CURVE('',#2732,(#2736,#2743),.PCURVE_S1.);
#2732 = LINE('',#2733,#2734);
#2733 = CARTESIAN_POINT('',(59.496911864081,39.85,101.31651334312));
#2734 = VECTOR('',#2735,1.);
#2735 = DIRECTION('',(0.100228622938,0.,-0.994964433105));
#2736 = PCURVE('',#345,#2737);
#2737 = DEFINITIONAL_REPRESENTATION('',(#2738),#2742);
#2738 = LINE('',#2739,#2740);
#2739 = CARTESIAN_POINT('',(-1.36348665688,-2.473088135919));
#2740 = VECTOR('',#2741,1.);
#2741 = DIRECTION('',(-0.994964433105,0.100228622938));
#2742 = ( GEOMETRIC_REPRESENTATION_CONTEXT(2) 
PARAMETRIC_REPRESENTATION_CONTEXT() REPRESENTATION_CONTEXT('2D SPACE',''
  ) );
#2743 = PCURVE('',#2744,#2749);
#2744 = PLANE('',#2745);
#2745 = AXIS2_PLACEMENT_3D('',#2746,#2747,#2748);
#2746 = CARTESIAN_POINT('',(59.60804,39.75,100.21335));
#2747 = DIRECTION('',(0.994964433105,0.,0.100228622938));
#2748 = DIRECTION('',(-0.100228622938,0.,0.994964433105));
#2749 = DEFINITIONAL_REPRESENTATION('',(#2750),#2754);
#2750 = LINE('',#2751,#2752);
#2751 = CARTESIAN_POINT('',(1.108746510342,-0.1));
#2752 = VECTOR('',#2753,1.);
#2753 = DIRECTION('',(-1.,0.));
#2754 = ( GEOMETRIC_REPRESENTATION_CONTEXT(2) 
PARAMETRIC_REPRESENTATION_CONTEXT() REPRESENTATION_CONTEXT('2D SPACE',''
  ) );
#2755 = ORIENTED_EDGE('',*,*,#2756,.T.);
#2756 = EDGE_CURVE('',#2729,#2757,#2759,.T.);
#2757 = VERTEX_POINT('',#2758);
#2758 = CARTESIAN_POINT('',(59.63807,39.85,100.05256));
#2759 = SURFACE_CURVE('',#2760,(#2764,#2771),.PCURVE_S1.);
#2760 = LINE('',#2761,#2762);
#2761 = CARTESIAN_POINT('',(59.440282096187,39.85,101.11157821692));
#2762 = VECTOR('',#2763,1.);
#2763 = DIRECTION('',(0.183590848248,0.,-0.983002746914));
#2764 = PCURVE('',#345,#2765);
#2765 = DEFINITIONAL_REPRESENTATION('',(#2766),#2770);
#2766 = LINE('',#2767,#2768);
#2767 = CARTESIAN_POINT('',(-1.56842178308,-2.529717903813));
#2768 = VECTOR('',#2769,1.);
#2769 = DIRECTION('',(-0.983002746914,0.183590848248));
#2770 = ( GEOMETRIC_REPRESENTATION_CONTEXT(2) 
PARAMETRIC_REPRESENTATION_CONTEXT() REPRESENTATION_CONTEXT('2D SPACE',''
  ) );
#2771 = PCURVE('',#2772,#2777);
#2772 = PLANE('',#2773);
#2773 = AXIS2_PLACEMENT_3D('',#2774,#2775,#2776);
#2774 = CARTESIAN_POINT('',(59.63807,39.75,100.05256));
#2775 = DIRECTION('',(0.983002746914,0.,0.183590848248));
#2776 = DIRECTION('',(-0.183590848248,0.,0.983002746914));
#2777 = DEFINITIONAL_REPRESENTATION('',(#2778),#2782);
#2778 = LINE('',#2779,#2780);
#2779 = CARTESIAN_POINT('',(1.077329865298,-0.1));
#2780 = VECTOR('',#2781,1.);
#2781 = DIRECTION('',(-1.,0.));
#2782 = ( GEOMETRIC_REPRESENTATION_CONTEXT(2) 
PARAMETRIC_REPRESENTATION_CONTEXT() REPRESENTATION_CONTEXT('2D SPACE',''
  ) );
#2783 = ORIENTED_EDGE('',*,*,#2784,.T.);
#2784 = EDGE_CURVE('',#2757,#2785,#2787,.T.);
#2785 = VERTEX_POINT('',#2786);
#2786 = CARTESIAN_POINT('',(59.68144,39.85,99.89505));
#2787 = SURFACE_CURVE('',#2788,(#2792,#2799),.PCURVE_S1.);
#2788 = LINE('',#2789,#2790);
#2789 = CARTESIAN_POINT('',(59.405687001529,39.85,100.89652232624));
#2790 = VECTOR('',#2791,1.);
#2791 = DIRECTION('',(0.265468032298,0.,-0.964119662608));
#2792 = PCURVE('',#345,#2793);
#2793 = DEFINITIONAL_REPRESENTATION('',(#2794),#2798);
#2794 = LINE('',#2795,#2796);
#2795 = CARTESIAN_POINT('',(-1.78347767376,-2.564312998471));
#2796 = VECTOR('',#2797,1.);
#2797 = DIRECTION('',(-0.964119662608,0.265468032298));
#2798 = ( GEOMETRIC_REPRESENTATION_CONTEXT(2) 
PARAMETRIC_REPRESENTATION_CONTEXT() REPRESENTATION_CONTEXT('2D SPACE',''
  ) );
#2799 = PCURVE('',#2800,#2805);
#2800 = PLANE('',#2801);
#2801 = AXIS2_PLACEMENT_3D('',#2802,#2803,#2804);
#2802 = CARTESIAN_POINT('',(59.68144,39.75,99.89505));
#2803 = DIRECTION('',(0.964119662608,0.,0.265468032298));
#2804 = DIRECTION('',(-0.265468032298,0.,0.964119662608));
#2805 = DEFINITIONAL_REPRESENTATION('',(#2806),#2810);
#2806 = LINE('',#2807,#2808);
#2807 = CARTESIAN_POINT('',(1.03874276719,-0.1));
#2808 = VECTOR('',#2809,1.);
#2809 = DIRECTION('',(-1.,0.));
#2810 = ( GEOMETRIC_REPRESENTATION_CONTEXT(2) 
PARAMETRIC_REPRESENTATION_CONTEXT() REPRESENTATION_CONTEXT('2D SPACE',''
  ) );
#2811 = ORIENTED_EDGE('',*,*,#2812,.T.);
#2812 = EDGE_CURVE('',#2785,#2813,#2815,.T.);
#2813 = VERTEX_POINT('',#2814);
#2814 = CARTESIAN_POINT('',(60.06048,39.85,98.81227));
#2815 = SURFACE_CURVE('',#2816,(#2820,#2827),.PCURVE_S1.);
#2816 = LINE('',#2817,#2818);
#2817 = CARTESIAN_POINT('',(59.561636930355,39.85,100.23728397992));
#2818 = VECTOR('',#2819,1.);
#2819 = DIRECTION('',(0.330402453369,0.,-0.943840144732));
#2820 = PCURVE('',#345,#2821);
#2821 = DEFINITIONAL_REPRESENTATION('',(#2822),#2826);
#2822 = LINE('',#2823,#2824);
#2823 = CARTESIAN_POINT('',(-2.44271602008,-2.408363069645));
#2824 = VECTOR('',#2825,1.);
#2825 = DIRECTION('',(-0.943840144732,0.330402453369));
#2826 = ( GEOMETRIC_REPRESENTATION_CONTEXT(2) 
PARAMETRIC_REPRESENTATION_CONTEXT() REPRESENTATION_CONTEXT('2D SPACE',''
  ) );
#2827 = PCURVE('',#2828,#2833);
#2828 = PLANE('',#2829);
#2829 = AXIS2_PLACEMENT_3D('',#2830,#2831,#2832);
#2830 = CARTESIAN_POINT('',(60.06048,39.75,98.81227));
#2831 = DIRECTION('',(0.943840144732,0.,0.330402453369));
#2832 = DIRECTION('',(-0.330402453369,0.,0.943840144732));
#2833 = DEFINITIONAL_REPRESENTATION('',(#2834),#2838);
#2834 = LINE('',#2835,#2836);
#2835 = CARTESIAN_POINT('',(1.50980437511,-0.1));
#2836 = VECTOR('',#2837,1.);
#2837 = DIRECTION('',(-1.,0.));
#2838 = ( GEOMETRIC_REPRESENTATION_CONTEXT(2) 
PARAMETRIC_REPRESENTATION_CONTEXT() REPRESENTATION_CONTEXT('2D SPACE',''
  ) );
#2839 = ORIENTED_EDGE('',*,*,#2840,.T.);
#2840 = EDGE_CURVE('',#2813,#2841,#2843,.T.);
#2841 = VERTEX_POINT('',#2842);
#2842 = CARTESIAN_POINT('',(60.19841,39.85,98.84595));
#2843 = SURFACE_CURVE('',#2844,(#2848,#2855),.PCURVE_S1.);
#2844 = LINE('',#2845,#2846);
#2845 = CARTESIAN_POINT('',(61.476124260492,39.85,99.157944608086));
#2846 = VECTOR('',#2847,1.);
#2847 = DIRECTION('',(0.97145782251,-0.,0.237212350193));
#2848 = PCURVE('',#345,#2849);
#2849 = DEFINITIONAL_REPRESENTATION('',(#2850),#2854);
#2850 = LINE('',#2851,#2852);
#2851 = CARTESIAN_POINT('',(-3.522055391914,-0.493875739508));
#2852 = VECTOR('',#2853,1.);
#2853 = DIRECTION('',(0.237212350193,0.97145782251));
#2854 = ( GEOMETRIC_REPRESENTATION_CONTEXT(2) 
PARAMETRIC_REPRESENTATION_CONTEXT() REPRESENTATION_CONTEXT('2D SPACE',''
  ) );
#2855 = PCURVE('',#2856,#2861);
#2856 = PLANE('',#2857);
#2857 = AXIS2_PLACEMENT_3D('',#2858,#2859,#2860);
#2858 = CARTESIAN_POINT('',(60.19841,39.75,98.84595));
#2859 = DIRECTION('',(-0.237212350193,0.,0.97145782251));
#2860 = DIRECTION('',(-0.97145782251,0.,-0.237212350193));
#2861 = DEFINITIONAL_REPRESENTATION('',(#2862),#2866);
#2862 = LINE('',#2863,#2864);
#2863 = CARTESIAN_POINT('',(-1.315254487519,-0.1));
#2864 = VECTOR('',#2865,1.);
#2865 = DIRECTION('',(-1.,0.));
#2866 = ( GEOMETRIC_REPRESENTATION_CONTEXT(2) 
PARAMETRIC_REPRESENTATION_CONTEXT() REPRESENTATION_CONTEXT('2D SPACE',''
  ) );
#2867 = ORIENTED_EDGE('',*,*,#2868,.T.);
#2868 = EDGE_CURVE('',#2841,#2869,#2871,.T.);
#2869 = VERTEX_POINT('',#2870);
#2870 = CARTESIAN_POINT('',(63.96987,39.85,103.76064));
#2871 = SURFACE_CURVE('',#2872,(#2876,#2883),.PCURVE_S1.);
#2872 = LINE('',#2873,#2874);
#2873 = CARTESIAN_POINT('',(63.338308631122,39.85,102.93763555503));
#2874 = VECTOR('',#2875,1.);
#2875 = DIRECTION('',(0.608790458169,-0.,0.79333106459));
#2876 = PCURVE('',#345,#2877);
#2877 = DEFINITIONAL_REPRESENTATION('',(#2878),#2882);
#2878 = LINE('',#2879,#2880);
#2879 = CARTESIAN_POINT('',(0.25763555503,1.368308631122));
#2880 = VECTOR('',#2881,1.);
#2881 = DIRECTION('',(0.79333106459,0.608790458169));
#2882 = ( GEOMETRIC_REPRESENTATION_CONTEXT(2) 
PARAMETRIC_REPRESENTATION_CONTEXT() REPRESENTATION_CONTEXT('2D SPACE',''
  ) );
#2883 = PCURVE('',#2884,#2889);
#2884 = PLANE('',#2885);
#2885 = AXIS2_PLACEMENT_3D('',#2886,#2887,#2888);
#2886 = CARTESIAN_POINT('',(63.96987,39.75,103.76064));
#2887 = DIRECTION('',(-0.79333106459,0.,0.608790458169));
#2888 = DIRECTION('',(-0.608790458169,0.,-0.79333106459));
#2889 = DEFINITIONAL_REPRESENTATION('',(#2890),#2894);
#2890 = LINE('',#2891,#2892);
#2891 = CARTESIAN_POINT('',(1.037403527611,-0.1));
#2892 = VECTOR('',#2893,1.);
#2893 = DIRECTION('',(-1.,0.));
#2894 = ( GEOMETRIC_REPRESENTATION_CONTEXT(2) 
PARAMETRIC_REPRESENTATION_CONTEXT() REPRESENTATION_CONTEXT('2D SPACE',''
  ) );
#2895 = ORIENTED_EDGE('',*,*,#2896,.T.);
#2896 = EDGE_CURVE('',#2869,#2897,#2899,.T.);
#2897 = VERTEX_POINT('',#2898);
#2898 = CARTESIAN_POINT('',(64.05819,39.85,103.899));
#2899 = SURFACE_CURVE('',#2900,(#2904,#2911),.PCURVE_S1.);
#2900 = LINE('',#2901,#2902);
#2901 = CARTESIAN_POINT('',(63.479489894383,39.85,102.99242225302));
#2902 = VECTOR('',#2903,1.);
#2903 = DIRECTION('',(0.538057556084,-0.,0.842908100768));
#2904 = PCURVE('',#345,#2905);
#2905 = DEFINITIONAL_REPRESENTATION('',(#2906),#2910);
#2906 = LINE('',#2907,#2908);
#2907 = CARTESIAN_POINT('',(0.31242225302,1.509489894383));
#2908 = VECTOR('',#2909,1.);
#2909 = DIRECTION('',(0.842908100768,0.538057556084));
#2910 = ( GEOMETRIC_REPRESENTATION_CONTEXT(2) 
PARAMETRIC_REPRESENTATION_CONTEXT() REPRESENTATION_CONTEXT('2D SPACE',''
  ) );
#2911 = PCURVE('',#2912,#2917);
#2912 = PLANE('',#2913);
#2913 = AXIS2_PLACEMENT_3D('',#2914,#2915,#2916);
#2914 = CARTESIAN_POINT('',(64.05819,39.75,103.899));
#2915 = DIRECTION('',(-0.842908100768,0.,0.538057556084));
#2916 = DIRECTION('',(-0.538057556084,0.,-0.842908100768));
#2917 = DEFINITIONAL_REPRESENTATION('',(#2918),#2922);
#2918 = LINE('',#2919,#2920);
#2919 = CARTESIAN_POINT('',(1.07553569144,-0.1));
#2920 = VECTOR('',#2921,1.);
#2921 = DIRECTION('',(-1.,0.));
#2922 = ( GEOMETRIC_REPRESENTATION_CONTEXT(2) 
PARAMETRIC_REPRESENTATION_CONTEXT() REPRESENTATION_CONTEXT('2D SPACE',''
  ) );
#2923 = ORIENTED_EDGE('',*,*,#2924,.T.);
#2924 = EDGE_CURVE('',#2897,#2925,#2927,.T.);
#2925 = VERTEX_POINT('',#2926);
#2926 = CARTESIAN_POINT('',(64.13395,39.85,104.04325));
#2927 = SURFACE_CURVE('',#2928,(#2932,#2939),.PCURVE_S1.);
#2928 = LINE('',#2929,#2930);
#2929 = CARTESIAN_POINT('',(63.619435849597,39.85,103.06359495517));
#2930 = VECTOR('',#2931,1.);
#2931 = DIRECTION('',(0.464972218695,-0.,0.885325271209));
#2932 = PCURVE('',#345,#2933);
#2933 = DEFINITIONAL_REPRESENTATION('',(#2934),#2938);
#2934 = LINE('',#2935,#2936);
#2935 = CARTESIAN_POINT('',(0.38359495517,1.649435849597));
#2936 = VECTOR('',#2937,1.);
#2937 = DIRECTION('',(0.885325271209,0.464972218695));
#2938 = ( GEOMETRIC_REPRESENTATION_CONTEXT(2) 
PARAMETRIC_REPRESENTATION_CONTEXT() REPRESENTATION_CONTEXT('2D SPACE',''
  ) );
#2939 = PCURVE('',#2940,#2945);
#2940 = PLANE('',#2941);
#2941 = AXIS2_PLACEMENT_3D('',#2942,#2943,#2944);
#2942 = CARTESIAN_POINT('',(64.13395,39.75,104.04325));
#2943 = DIRECTION('',(-0.885325271209,0.,0.464972218695));
#2944 = DIRECTION('',(-0.464972218695,0.,-0.885325271209));
#2945 = DEFINITIONAL_REPRESENTATION('',(#2946),#2950);
#2946 = LINE('',#2947,#2948);
#2947 = CARTESIAN_POINT('',(1.106548154319,-0.1));
#2948 = VECTOR('',#2949,1.);
#2949 = DIRECTION('',(-1.,0.));
#2950 = ( GEOMETRIC_REPRESENTATION_CONTEXT(2) 
PARAMETRIC_REPRESENTATION_CONTEXT() REPRESENTATION_CONTEXT('2D SPACE',''
  ) );
#2951 = ORIENTED_EDGE('',*,*,#2952,.T.);
#2952 = EDGE_CURVE('',#2925,#2953,#2955,.T.);
#2953 = VERTEX_POINT('',#2954);
#2954 = CARTESIAN_POINT('',(64.19701,39.85,104.19254));
#2955 = SURFACE_CURVE('',#2956,(#2960,#2967),.PCURVE_S1.);
#2956 = LINE('',#2957,#2958);
#2957 = CARTESIAN_POINT('',(63.757336247285,39.85,103.15164411445));
#2958 = VECTOR('',#2959,1.);
#2959 = DIRECTION('',(0.389110519337,-0.,0.921191078844));
#2960 = PCURVE('',#345,#2961);
#2961 = DEFINITIONAL_REPRESENTATION('',(#2962),#2966);
#2962 = LINE('',#2963,#2964);
#2963 = CARTESIAN_POINT('',(0.47164411445,1.787336247285));
#2964 = VECTOR('',#2965,1.);
#2965 = DIRECTION('',(0.921191078844,0.389110519337));
#2966 = ( GEOMETRIC_REPRESENTATION_CONTEXT(2) 
PARAMETRIC_REPRESENTATION_CONTEXT() REPRESENTATION_CONTEXT('2D SPACE',''
  ) );
#2967 = PCURVE('',#2968,#2973);
#2968 = PLANE('',#2969);
#2969 = AXIS2_PLACEMENT_3D('',#2970,#2971,#2972);
#2970 = CARTESIAN_POINT('',(64.19701,39.75,104.19254));
#2971 = DIRECTION('',(-0.921191078844,0.,0.389110519337));
#2972 = DIRECTION('',(-0.389110519337,0.,-0.921191078844));
#2973 = DEFINITIONAL_REPRESENTATION('',(#2974),#2978);
#2974 = LINE('',#2975,#2976);
#2975 = CARTESIAN_POINT('',(1.129945686032,-0.1));
#2976 = VECTOR('',#2977,1.);
#2977 = DIRECTION('',(-1.,0.));
#2978 = ( GEOMETRIC_REPRESENTATION_CONTEXT(2) 
PARAMETRIC_REPRESENTATION_CONTEXT() REPRESENTATION_CONTEXT('2D SPACE',''
  ) );
#2979 = ORIENTED_EDGE('',*,*,#2980,.T.);
#2980 = EDGE_CURVE('',#2953,#2981,#2983,.T.);
#2981 = VERTEX_POINT('',#2982);
#2982 = CARTESIAN_POINT('',(64.24721,39.85,104.34603));
#2983 = SURFACE_CURVE('',#2984,(#2988,#2995),.PCURVE_S1.);
#2984 = LINE('',#2985,#2986);
#2985 = CARTESIAN_POINT('',(63.891069148373,39.85,103.25710451561));
#2986 = VECTOR('',#2987,1.);
#2987 = DIRECTION('',(0.310853969343,-0.,0.950457684352));
#2988 = PCURVE('',#345,#2989);
#2989 = DEFINITIONAL_REPRESENTATION('',(#2990),#2994);
#2990 = LINE('',#2991,#2992);
#2991 = CARTESIAN_POINT('',(0.57710451561,1.921069148373));
#2992 = VECTOR('',#2993,1.);
#2993 = DIRECTION('',(0.950457684352,0.310853969343));
#2994 = ( GEOMETRIC_REPRESENTATION_CONTEXT(2) 
PARAMETRIC_REPRESENTATION_CONTEXT() REPRESENTATION_CONTEXT('2D SPACE',''
  ) );
#2995 = PCURVE('',#2996,#3001);
#2996 = PLANE('',#2997);
#2997 = AXIS2_PLACEMENT_3D('',#2998,#2999,#3000);
#2998 = CARTESIAN_POINT('',(64.24721,39.75,104.34603));
#2999 = DIRECTION('',(-0.950457684352,0.,0.310853969343));
#3000 = DIRECTION('',(-0.310853969343,0.,-0.950457684352));
#3001 = DEFINITIONAL_REPRESENTATION('',(#3002),#3006);
#3002 = LINE('',#3003,#3004);
#3003 = CARTESIAN_POINT('',(1.145685391699,-0.1));
#3004 = VECTOR('',#3005,1.);
#3005 = DIRECTION('',(-1.,0.));
#3006 = ( GEOMETRIC_REPRESENTATION_CONTEXT(2) 
PARAMETRIC_REPRESENTATION_CONTEXT() REPRESENTATION_CONTEXT('2D SPACE',''
  ) );
#3007 = ORIENTED_EDGE('',*,*,#3008,.T.);
#3008 = EDGE_CURVE('',#2981,#3009,#3011,.T.);
#3009 = VERTEX_POINT('',#3010);
#3010 = CARTESIAN_POINT('',(64.28442,39.85,104.50286));
#3011 = SURFACE_CURVE('',#3012,(#3016,#3023),.PCURVE_S1.);
#3012 = LINE('',#3013,#3014);
#3013 = CARTESIAN_POINT('',(64.018023780585,39.85,103.38007260169));
#3014 = VECTOR('',#3015,1.);
#3015 = DIRECTION('',(0.230854396136,-0.,0.972988308144));
#3016 = PCURVE('',#345,#3017);
#3017 = DEFINITIONAL_REPRESENTATION('',(#3018),#3022);
#3018 = LINE('',#3019,#3020);
#3019 = CARTESIAN_POINT('',(0.70007260169,2.048023780585));
#3020 = VECTOR('',#3021,1.);
#3021 = DIRECTION('',(0.972988308144,0.230854396136));
#3022 = ( GEOMETRIC_REPRESENTATION_CONTEXT(2) 
PARAMETRIC_REPRESENTATION_CONTEXT() REPRESENTATION_CONTEXT('2D SPACE',''
  ) );
#3023 = PCURVE('',#3024,#3029);
#3024 = PLANE('',#3025);
#3025 = AXIS2_PLACEMENT_3D('',#3026,#3027,#3028);
#3026 = CARTESIAN_POINT('',(64.28442,39.75,104.50286));
#3027 = DIRECTION('',(-0.972988308144,0.,0.230854396136));
#3028 = DIRECTION('',(-0.230854396136,0.,-0.972988308144));
#3029 = DEFINITIONAL_REPRESENTATION('',(#3030),#3034);
#3030 = LINE('',#3031,#3032);
#3031 = CARTESIAN_POINT('',(1.153957749453,-0.1));
#3032 = VECTOR('',#3033,1.);
#3033 = DIRECTION('',(-1.,0.));
#3034 = ( GEOMETRIC_REPRESENTATION_CONTEXT(2) 
PARAMETRIC_REPRESENTATION_CONTEXT() REPRESENTATION_CONTEXT('2D SPACE',''
  ) );
#3035 = ORIENTED_EDGE('',*,*,#3036,.T.);
#3036 = EDGE_CURVE('',#3009,#3037,#3039,.T.);
#3037 = VERTEX_POINT('',#3038);
#3038 = CARTESIAN_POINT('',(64.30848,39.85,104.66218));
#3039 = SURFACE_CURVE('',#3040,(#3044,#3051),.PCURVE_S1.);
#3040 = LINE('',#3041,#3042);
#3041 = CARTESIAN_POINT('',(64.136074842843,39.85,103.52055117048));
#3042 = VECTOR('',#3043,1.);
#3043 = DIRECTION('',(0.149323676684,-0.,0.988788369461));
#3044 = PCURVE('',#345,#3045);
#3045 = DEFINITIONAL_REPRESENTATION('',(#3046),#3050);
#3046 = LINE('',#3047,#3048);
#3047 = CARTESIAN_POINT('',(0.84055117048,2.166074842843));
#3048 = VECTOR('',#3049,1.);
#3049 = DIRECTION('',(0.988788369461,0.149323676684));
#3050 = ( GEOMETRIC_REPRESENTATION_CONTEXT(2) 
PARAMETRIC_REPRESENTATION_CONTEXT() REPRESENTATION_CONTEXT('2D SPACE',''
  ) );
#3051 = PCURVE('',#3052,#3057);
#3052 = PLANE('',#3053);
#3053 = AXIS2_PLACEMENT_3D('',#3054,#3055,#3056);
#3054 = CARTESIAN_POINT('',(64.30848,39.75,104.66218));
#3055 = DIRECTION('',(-0.988788369461,0.,0.149323676684));
#3056 = DIRECTION('',(-0.149323676684,0.,-0.988788369461));
#3057 = DEFINITIONAL_REPRESENTATION('',(#3058),#3062);
#3058 = LINE('',#3059,#3060);
#3059 = CARTESIAN_POINT('',(1.154573480817,-0.1));
#3060 = VECTOR('',#3061,1.);
#3061 = DIRECTION('',(-1.,0.));
#3062 = ( GEOMETRIC_REPRESENTATION_CONTEXT(2) 
PARAMETRIC_REPRESENTATION_CONTEXT() REPRESENTATION_CONTEXT('2D SPACE',''
  ) );
#3063 = ORIENTED_EDGE('',*,*,#3064,.T.);
#3064 = EDGE_CURVE('',#3037,#3065,#3067,.T.);
#3065 = VERTEX_POINT('',#3066);
#3066 = CARTESIAN_POINT('',(64.31924,39.85,104.82315));
#3067 = SURFACE_CURVE('',#3068,(#3072,#3079),.PCURVE_S1.);
#3068 = LINE('',#3069,#3070);
#3069 = CARTESIAN_POINT('',(64.242704349421,39.85,103.67817382214));
#3070 = VECTOR('',#3071,1.);
#3071 = DIRECTION('',(6.669591371366E-02,-0.,0.997773348559));
#3072 = PCURVE('',#345,#3073);
#3073 = DEFINITIONAL_REPRESENTATION('',(#3074),#3078);
#3074 = LINE('',#3075,#3076);
#3075 = CARTESIAN_POINT('',(0.99817382214,2.272704349421));
#3076 = VECTOR('',#3077,1.);
#3077 = DIRECTION('',(0.997773348559,6.669591371366E-02));
#3078 = ( GEOMETRIC_REPRESENTATION_CONTEXT(2) 
PARAMETRIC_REPRESENTATION_CONTEXT() REPRESENTATION_CONTEXT('2D SPACE',''
  ) );
#3079 = PCURVE('',#3080,#3085);
#3080 = PLANE('',#3081);
#3081 = AXIS2_PLACEMENT_3D('',#3082,#3083,#3084);
#3082 = CARTESIAN_POINT('',(64.31924,39.75,104.82315));
#3083 = DIRECTION('',(-0.997773348559,0.,6.669591371366E-02));
#3084 = DIRECTION('',(-6.669591371366E-02,0.,-0.997773348559));
#3085 = DEFINITIONAL_REPRESENTATION('',(#3086),#3090);
#3086 = LINE('',#3087,#3088);
#3087 = CARTESIAN_POINT('',(1.14753133015,-0.1));
#3088 = VECTOR('',#3089,1.);
#3089 = DIRECTION('',(-1.,0.));
#3090 = ( GEOMETRIC_REPRESENTATION_CONTEXT(2) 
PARAMETRIC_REPRESENTATION_CONTEXT() REPRESENTATION_CONTEXT('2D SPACE',''
  ) );
#3091 = ORIENTED_EDGE('',*,*,#3092,.T.);
#3092 = EDGE_CURVE('',#3065,#3093,#3095,.T.);
#3093 = VERTEX_POINT('',#3094);
#3094 = CARTESIAN_POINT('',(64.31656,39.85,104.9849));
#3095 = SURFACE_CURVE('',#3096,(#3100,#3107),.PCURVE_S1.);
#3096 = LINE('',#3097,#3098);
#3097 = CARTESIAN_POINT('',(64.335327443182,39.85,103.85220077062));
#3098 = VECTOR('',#3099,1.);
#3099 = DIRECTION('',(-1.656650518071E-02,0.,0.999862766036));
#3100 = PCURVE('',#345,#3101);
#3101 = DEFINITIONAL_REPRESENTATION('',(#3102),#3106);
#3102 = LINE('',#3103,#3104);
#3103 = CARTESIAN_POINT('',(1.17220077062,2.365327443182));
#3104 = VECTOR('',#3105,1.);
#3105 = DIRECTION('',(0.999862766036,-1.656650518071E-02));
#3106 = ( GEOMETRIC_REPRESENTATION_CONTEXT(2) 
PARAMETRIC_REPRESENTATION_CONTEXT() REPRESENTATION_CONTEXT('2D SPACE',''
  ) );
#3107 = PCURVE('',#3108,#3113);
#3108 = PLANE('',#3109);
#3109 = AXIS2_PLACEMENT_3D('',#3110,#3111,#3112);
#3110 = CARTESIAN_POINT('',(64.31656,39.75,104.9849));
#3111 = DIRECTION('',(-0.999862766036,0.,-1.656650518071E-02));
#3112 = DIRECTION('',(1.656650518071E-02,0.,-0.999862766036));
#3113 = DEFINITIONAL_REPRESENTATION('',(#3114),#3118);
#3114 = LINE('',#3115,#3116);
#3115 = CARTESIAN_POINT('',(1.13285469552,-0.1));
#3116 = VECTOR('',#3117,1.);
#3117 = DIRECTION('',(-1.,-0.));
#3118 = ( GEOMETRIC_REPRESENTATION_CONTEXT(2) 
PARAMETRIC_REPRESENTATION_CONTEXT() REPRESENTATION_CONTEXT('2D SPACE',''
  ) );
#3119 = ORIENTED_EDGE('',*,*,#3120,.T.);
#3120 = EDGE_CURVE('',#3093,#3121,#3123,.T.);
#3121 = VERTEX_POINT('',#3122);
#3122 = CARTESIAN_POINT('',(64.30029,39.85,105.14659));
#3123 = SURFACE_CURVE('',#3124,(#3128,#3135),.PCURVE_S1.);
#3124 = LINE('',#3125,#3126);
#3125 = CARTESIAN_POINT('',(64.41146671377,39.85,104.04172442843));
#3126 = VECTOR('',#3127,1.);
#3127 = DIRECTION('',(-0.100119059919,0.,0.994975463939));
#3128 = PCURVE('',#345,#3129);
#3129 = DEFINITIONAL_REPRESENTATION('',(#3130),#3134);
#3130 = LINE('',#3131,#3132);
#3131 = CARTESIAN_POINT('',(1.36172442843,2.44146671377));
#3132 = VECTOR('',#3133,1.);
#3133 = DIRECTION('',(0.994975463939,-0.100119059919));
#3134 = ( GEOMETRIC_REPRESENTATION_CONTEXT(2) 
PARAMETRIC_REPRESENTATION_CONTEXT() REPRESENTATION_CONTEXT('2D SPACE',''
  ) );
#3135 = PCURVE('',#3136,#3141);
#3136 = PLANE('',#3137);
#3137 = AXIS2_PLACEMENT_3D('',#3138,#3139,#3140);
#3138 = CARTESIAN_POINT('',(64.30029,39.75,105.14659));
#3139 = DIRECTION('',(-0.994975463939,0.,-0.100119059919));
#3140 = DIRECTION('',(0.100119059919,0.,-0.994975463939));
#3141 = DEFINITIONAL_REPRESENTATION('',(#3142),#3146);
#3142 = LINE('',#3143,#3144);
#3143 = CARTESIAN_POINT('',(1.110445042731,-0.1));
#3144 = VECTOR('',#3145,1.);
#3145 = DIRECTION('',(-1.,-0.));
#3146 = ( GEOMETRIC_REPRESENTATION_CONTEXT(2) 
PARAMETRIC_REPRESENTATION_CONTEXT() REPRESENTATION_CONTEXT('2D SPACE',''
  ) );
#3147 = ORIENTED_EDGE('',*,*,#3148,.T.);
#3148 = EDGE_CURVE('',#3121,#3149,#3151,.T.);
#3149 = VERTEX_POINT('',#3150);
#3150 = CARTESIAN_POINT('',(64.27028,39.85,105.30737));
#3151 = SURFACE_CURVE('',#3152,(#3156,#3163),.PCURVE_S1.);
#3152 = LINE('',#3153,#3154);
#3153 = CARTESIAN_POINT('',(64.468506688092,39.85,104.24536110591));
#3154 = VECTOR('',#3155,1.);
#3155 = DIRECTION('',(-0.183483721126,0.,0.983022748507));
#3156 = PCURVE('',#345,#3157);
#3157 = DEFINITIONAL_REPRESENTATION('',(#3158),#3162);
#3158 = LINE('',#3159,#3160);
#3159 = CARTESIAN_POINT('',(1.56536110591,2.498506688092));
#3160 = VECTOR('',#3161,1.);
#3161 = DIRECTION('',(0.983022748507,-0.183483721126));
#3162 = ( GEOMETRIC_REPRESENTATION_CONTEXT(2) 
PARAMETRIC_REPRESENTATION_CONTEXT() REPRESENTATION_CONTEXT('2D SPACE',''
  ) );
#3163 = PCURVE('',#3164,#3169);
#3164 = PLANE('',#3165);
#3165 = AXIS2_PLACEMENT_3D('',#3166,#3167,#3168);
#3166 = CARTESIAN_POINT('',(64.27028,39.75,105.30737));
#3167 = DIRECTION('',(-0.983022748507,0.,-0.183483721126));
#3168 = DIRECTION('',(0.183483721126,0.,-0.983022748507));
#3169 = DEFINITIONAL_REPRESENTATION('',(#3170),#3174);
#3170 = LINE('',#3171,#3172);
#3171 = CARTESIAN_POINT('',(1.080350272365,-0.1));
#3172 = VECTOR('',#3173,1.);
#3173 = DIRECTION('',(-1.,-0.));
#3174 = ( GEOMETRIC_REPRESENTATION_CONTEXT(2) 
PARAMETRIC_REPRESENTATION_CONTEXT() REPRESENTATION_CONTEXT('2D SPACE',''
  ) );
#3175 = ORIENTED_EDGE('',*,*,#3176,.T.);
#3176 = EDGE_CURVE('',#3149,#2419,#3177,.T.);
#3177 = SURFACE_CURVE('',#3178,(#3182,#3189),.PCURVE_S1.);
#3178 = LINE('',#3179,#3180);
#3179 = CARTESIAN_POINT('',(64.503715545286,39.85,104.45919392761));
#3180 = VECTOR('',#3181,1.);
#3181 = DIRECTION('',(-0.265354233978,0.,0.964150989477));
#3182 = PCURVE('',#345,#3183);
#3183 = DEFINITIONAL_REPRESENTATION('',(#3184),#3188);
#3184 = LINE('',#3185,#3186);
#3185 = CARTESIAN_POINT('',(1.77919392761,2.533715545286));
#3186 = VECTOR('',#3187,1.);
#3187 = DIRECTION('',(0.964150989477,-0.265354233978));
#3188 = ( GEOMETRIC_REPRESENTATION_CONTEXT(2) 
PARAMETRIC_REPRESENTATION_CONTEXT() REPRESENTATION_CONTEXT('2D SPACE',''
  ) );
#3189 = PCURVE('',#3190,#3195);
#3190 = PLANE('',#3191);
#3191 = AXIS2_PLACEMENT_3D('',#3192,#3193,#3194);
#3192 = CARTESIAN_POINT('',(64.22693,39.75,105.46488));
#3193 = DIRECTION('',(-0.964150989477,0.,-0.265354233978));
#3194 = DIRECTION('',(0.265354233978,0.,-0.964150989477));
#3195 = DEFINITIONAL_REPRESENTATION('',(#3196),#3200);
#3196 = LINE('',#3197,#3198);
#3197 = CARTESIAN_POINT('',(1.043079438144,-0.1));
#3198 = VECTOR('',#3199,1.);
#3199 = DIRECTION('',(-1.,-0.));
#3200 = ( GEOMETRIC_REPRESENTATION_CONTEXT(2) 
PARAMETRIC_REPRESENTATION_CONTEXT() REPRESENTATION_CONTEXT('2D SPACE',''
  ) );
#3201 = FACE_BOUND('',#3202,.T.);
#3202 = EDGE_LOOP('',(#3203,#3233,#3261,#3289,#3317,#3345,#3373,#3401,
    #3429,#3457,#3485,#3513,#3541,#3569,#3597,#3625,#3653,#3681,#3709,
    #3737,#3765,#3793,#3821,#3849,#3877,#3905,#3933,#3961,#3989,#4017,
    #4045,#4073,#4101,#4129,#4157,#4185,#4213,#4241,#4269,#4297,#4325,
    #4353,#4381,#4409,#4437,#4465,#4493,#4521));
#3203 = ORIENTED_EDGE('',*,*,#3204,.T.);
#3204 = EDGE_CURVE('',#3205,#3207,#3209,.T.);
#3205 = VERTEX_POINT('',#3206);
#3206 = CARTESIAN_POINT('',(60.69456088372,39.85,108.93471943603));
#3207 = VERTEX_POINT('',#3208);
#3208 = CARTESIAN_POINT('',(60.786780124078,39.85,108.89083479643));
#3209 = SURFACE_CURVE('',#3210,(#3214,#3221),.PCURVE_S1.);
#3210 = LINE('',#3211,#3212);
#3211 = CARTESIAN_POINT('',(62.474077195013,39.85,108.08789580474));
#3212 = VECTOR('',#3213,1.);
#3213 = DIRECTION('',(0.902971792525,0.,-0.429699827675));
#3214 = PCURVE('',#345,#3215);
#3215 = DEFINITIONAL_REPRESENTATION('',(#3216),#3220);
#3216 = LINE('',#3217,#3218);
#3217 = CARTESIAN_POINT('',(5.40789580474,0.504077195013));
#3218 = VECTOR('',#3219,1.);
#3219 = DIRECTION('',(-0.429699827675,0.902971792525));
#3220 = ( GEOMETRIC_REPRESENTATION_CONTEXT(2) 
PARAMETRIC_REPRESENTATION_CONTEXT() REPRESENTATION_CONTEXT('2D SPACE',''
  ) );
#3221 = PCURVE('',#3222,#3227);
#3222 = PLANE('',#3223);
#3223 = AXIS2_PLACEMENT_3D('',#3224,#3225,#3226);
#3224 = CARTESIAN_POINT('',(60.786780124078,39.75,108.89083479643));
#3225 = DIRECTION('',(0.429699827675,0.,0.902971792525));
#3226 = DIRECTION('',(-0.902971792525,0.,0.429699827675));
#3227 = DEFINITIONAL_REPRESENTATION('',(#3228),#3232);
#3228 = LINE('',#3229,#3230);
#3229 = CARTESIAN_POINT('',(-1.868604407027,-0.1));
#3230 = VECTOR('',#3231,1.);
#3231 = DIRECTION('',(-1.,0.));
#3232 = ( GEOMETRIC_REPRESENTATION_CONTEXT(2) 
PARAMETRIC_REPRESENTATION_CONTEXT() REPRESENTATION_CONTEXT('2D SPACE',''
  ) );
#3233 = ORIENTED_EDGE('',*,*,#3234,.T.);
#3234 = EDGE_CURVE('',#3207,#3235,#3237,.T.);
#3235 = VERTEX_POINT('',#3236);
#3236 = CARTESIAN_POINT('',(60.847654438472,39.85,108.77413211751));
#3237 = SURFACE_CURVE('',#3238,(#3242,#3249),.PCURVE_S1.);
#3238 = LINE('',#3239,#3240);
#3239 = CARTESIAN_POINT('',(62.217132694367,39.85,106.14869341191));
#3240 = VECTOR('',#3241,1.);
#3241 = DIRECTION('',(0.462482162319,0.,-0.886628586014));
#3242 = PCURVE('',#345,#3243);
#3243 = DEFINITIONAL_REPRESENTATION('',(#3244),#3248);
#3244 = LINE('',#3245,#3246);
#3245 = CARTESIAN_POINT('',(3.46869341191,0.247132694367));
#3246 = VECTOR('',#3247,1.);
#3247 = DIRECTION('',(-0.886628586014,0.462482162319));
#3248 = ( GEOMETRIC_REPRESENTATION_CONTEXT(2) 
PARAMETRIC_REPRESENTATION_CONTEXT() REPRESENTATION_CONTEXT('2D SPACE',''
  ) );
#3249 = PCURVE('',#3250,#3255);
#3250 = PLANE('',#3251);
#3251 = AXIS2_PLACEMENT_3D('',#3252,#3253,#3254);
#3252 = CARTESIAN_POINT('',(60.847654438472,39.75,108.77413211751));
#3253 = DIRECTION('',(0.886628586014,0.,0.462482162319));
#3254 = DIRECTION('',(-0.462482162319,0.,0.886628586014));
#3255 = DEFINITIONAL_REPRESENTATION('',(#3256),#3260);
#3256 = LINE('',#3257,#3258);
#3257 = CARTESIAN_POINT('',(-2.961148272247,-0.1));
#3258 = VECTOR('',#3259,1.);
#3259 = DIRECTION('',(-1.,0.));
#3260 = ( GEOMETRIC_REPRESENTATION_CONTEXT(2) 
PARAMETRIC_REPRESENTATION_CONTEXT() REPRESENTATION_CONTEXT('2D SPACE',''
  ) );
#3261 = ORIENTED_EDGE('',*,*,#3262,.T.);
#3262 = EDGE_CURVE('',#3235,#3263,#3265,.T.);
#3263 = VERTEX_POINT('',#3264);
#3264 = CARTESIAN_POINT('',(60.797043272966,39.85,108.65256930373));
#3265 = SURFACE_CURVE('',#3266,(#3270,#3277),.PCURVE_S1.);
#3266 = LINE('',#3267,#3268);
#3267 = CARTESIAN_POINT('',(59.824054161662,39.85,106.3155495382));
#3268 = VECTOR('',#3269,1.);
#3269 = DIRECTION('',(-0.384356489444,0.,-0.923184753461));
#3270 = PCURVE('',#345,#3271);
#3271 = DEFINITIONAL_REPRESENTATION('',(#3272),#3276);
#3272 = LINE('',#3273,#3274);
#3273 = CARTESIAN_POINT('',(3.6355495382,-2.145945838338));
#3274 = VECTOR('',#3275,1.);
#3275 = DIRECTION('',(-0.923184753461,-0.384356489444));
#3276 = ( GEOMETRIC_REPRESENTATION_CONTEXT(2) 
PARAMETRIC_REPRESENTATION_CONTEXT() REPRESENTATION_CONTEXT('2D SPACE',''
  ) );
#3277 = PCURVE('',#3278,#3283);
#3278 = PLANE('',#3279);
#3279 = AXIS2_PLACEMENT_3D('',#3280,#3281,#3282);
#3280 = CARTESIAN_POINT('',(60.797043272966,39.75,108.65256930373));
#3281 = DIRECTION('',(0.923184753461,0.,-0.384356489444));
#3282 = DIRECTION('',(0.384356489444,0.,0.923184753461));
#3283 = DEFINITIONAL_REPRESENTATION('',(#3284),#3288);
#3284 = LINE('',#3285,#3286);
#3285 = CARTESIAN_POINT('',(-2.531475695162,-0.1));
#3286 = VECTOR('',#3287,1.);
#3287 = DIRECTION('',(-1.,-0.));
#3288 = ( GEOMETRIC_REPRESENTATION_CONTEXT(2) 
PARAMETRIC_REPRESENTATION_CONTEXT() REPRESENTATION_CONTEXT('2D SPACE',''
  ) );
#3289 = ORIENTED_EDGE('',*,*,#3290,.T.);
#3290 = EDGE_CURVE('',#3263,#3291,#3293,.T.);
#3291 = VERTEX_POINT('',#3292);
#3292 = CARTESIAN_POINT('',(60.704012170486,39.85,108.60794758591));
#3293 = SURFACE_CURVE('',#3294,(#3298,#3305),.PCURVE_S1.);
#3294 = LINE('',#3295,#3296);
#3295 = CARTESIAN_POINT('',(60.062858854446,39.85,108.3004228809));
#3296 = VECTOR('',#3297,1.);
#3297 = DIRECTION('',(-0.901648590948,0.,-0.432469442205));
#3298 = PCURVE('',#345,#3299);
#3299 = DEFINITIONAL_REPRESENTATION('',(#3300),#3304);
#3300 = LINE('',#3301,#3302);
#3301 = CARTESIAN_POINT('',(5.6204228809,-1.907141145554));
#3302 = VECTOR('',#3303,1.);
#3303 = DIRECTION('',(-0.432469442205,-0.901648590948));
#3304 = ( GEOMETRIC_REPRESENTATION_CONTEXT(2) 
PARAMETRIC_REPRESENTATION_CONTEXT() REPRESENTATION_CONTEXT('2D SPACE',''
  ) );
#3305 = PCURVE('',#3306,#3311);
#3306 = PLANE('',#3307);
#3307 = AXIS2_PLACEMENT_3D('',#3308,#3309,#3310);
#3308 = CARTESIAN_POINT('',(60.704012170486,39.75,108.60794758591));
#3309 = DIRECTION('',(0.432469442205,0.,-0.901648590948));
#3310 = DIRECTION('',(0.901648590948,0.,0.432469442205));
#3311 = DEFINITIONAL_REPRESENTATION('',(#3312),#3316);
#3312 = LINE('',#3313,#3314);
#3313 = CARTESIAN_POINT('',(-0.711090021629,-0.1));
#3314 = VECTOR('',#3315,1.);
#3315 = DIRECTION('',(-1.,-0.));
#3316 = ( GEOMETRIC_REPRESENTATION_CONTEXT(2) 
PARAMETRIC_REPRESENTATION_CONTEXT() REPRESENTATION_CONTEXT('2D SPACE',''
  ) );
#3317 = ORIENTED_EDGE('',*,*,#3318,.T.);
#3318 = EDGE_CURVE('',#3291,#3319,#3321,.T.);
#3319 = VERTEX_POINT('',#3320);
#3320 = CARTESIAN_POINT('',(60.573377964072,39.85,108.57509937953));
#3321 = SURFACE_CURVE('',#3322,(#3326,#3333),.PCURVE_S1.);
#3322 = LINE('',#3323,#3324);
#3323 = CARTESIAN_POINT('',(60.533070845104,39.85,108.56496408191));
#3324 = VECTOR('',#3325,1.);
#3325 = DIRECTION('',(-0.969810307859,0.,-0.243860547795));
#3326 = PCURVE('',#345,#3327);
#3327 = DEFINITIONAL_REPRESENTATION('',(#3328),#3332);
#3328 = LINE('',#3329,#3330);
#3329 = CARTESIAN_POINT('',(5.88496408191,-1.436929154896));
#3330 = VECTOR('',#3331,1.);
#3331 = DIRECTION('',(-0.243860547795,-0.969810307859));
#3332 = ( GEOMETRIC_REPRESENTATION_CONTEXT(2) 
PARAMETRIC_REPRESENTATION_CONTEXT() REPRESENTATION_CONTEXT('2D SPACE',''
  ) );
#3333 = PCURVE('',#3334,#3339);
#3334 = PLANE('',#3335);
#3335 = AXIS2_PLACEMENT_3D('',#3336,#3337,#3338);
#3336 = CARTESIAN_POINT('',(60.573377964072,39.75,108.57509937953));
#3337 = DIRECTION('',(0.243860547795,0.,-0.969810307859));
#3338 = DIRECTION('',(0.969810307859,0.,0.243860547795));
#3339 = DEFINITIONAL_REPRESENTATION('',(#3340),#3344);
#3340 = LINE('',#3341,#3342);
#3341 = CARTESIAN_POINT('',(-4.156185868493E-02,-0.1));
#3342 = VECTOR('',#3343,1.);
#3343 = DIRECTION('',(-1.,-0.));
#3344 = ( GEOMETRIC_REPRESENTATION_CONTEXT(2) 
PARAMETRIC_REPRESENTATION_CONTEXT() REPRESENTATION_CONTEXT('2D SPACE',''
  ) );
#3345 = ORIENTED_EDGE('',*,*,#3346,.T.);
#3346 = EDGE_CURVE('',#3319,#3347,#3349,.T.);
#3347 = VERTEX_POINT('',#3348);
#3348 = CARTESIAN_POINT('',(60.346772496225,39.85,108.53151594644));
#3349 = SURFACE_CURVE('',#3350,(#3354,#3361),.PCURVE_S1.);
#3350 = LINE('',#3351,#3352);
#3351 = CARTESIAN_POINT('',(60.586791347211,39.85,108.5776791994));
#3352 = VECTOR('',#3353,1.);
#3353 = DIRECTION('',(-0.982002059977,0.,-0.188870204638));
#3354 = PCURVE('',#345,#3355);
#3355 = DEFINITIONAL_REPRESENTATION('',(#3356),#3360);
#3356 = LINE('',#3357,#3358);
#3357 = CARTESIAN_POINT('',(5.8976791994,-1.383208652789));
#3358 = VECTOR('',#3359,1.);
#3359 = DIRECTION('',(-0.188870204638,-0.982002059977));
#3360 = ( GEOMETRIC_REPRESENTATION_CONTEXT(2) 
PARAMETRIC_REPRESENTATION_CONTEXT() REPRESENTATION_CONTEXT('2D SPACE',''
  ) );
#3361 = PCURVE('',#3362,#3367);
#3362 = PLANE('',#3363);
#3363 = AXIS2_PLACEMENT_3D('',#3364,#3365,#3366);
#3364 = CARTESIAN_POINT('',(60.346772496225,39.75,108.53151594644));
#3365 = DIRECTION('',(0.188870204638,0.,-0.982002059977));
#3366 = DIRECTION('',(0.982002059977,0.,0.188870204638));
#3367 = DEFINITIONAL_REPRESENTATION('',(#3368),#3372);
#3368 = LINE('',#3369,#3370);
#3369 = CARTESIAN_POINT('',(0.244417869135,-0.1));
#3370 = VECTOR('',#3371,1.);
#3371 = DIRECTION('',(-1.,-0.));
#3372 = ( GEOMETRIC_REPRESENTATION_CONTEXT(2) 
PARAMETRIC_REPRESENTATION_CONTEXT() REPRESENTATION_CONTEXT('2D SPACE',''
  ) );
#3373 = ORIENTED_EDGE('',*,*,#3374,.T.);
#3374 = EDGE_CURVE('',#3347,#3375,#3377,.T.);
#3375 = VERTEX_POINT('',#3376);
#3376 = CARTESIAN_POINT('',(60.176870623555,39.85,108.47958678572));
#3377 = SURFACE_CURVE('',#3378,(#3382,#3389),.PCURVE_S1.);
#3378 = LINE('',#3379,#3380);
#3379 = CARTESIAN_POINT('',(60.186259375705,39.85,108.4824563834));
#3380 = VECTOR('',#3381,1.);
#3381 = DIRECTION('',(-0.956328445265,0.,-0.292294209278));
#3382 = PCURVE('',#345,#3383);
#3383 = DEFINITIONAL_REPRESENTATION('',(#3384),#3388);
#3384 = LINE('',#3385,#3386);
#3385 = CARTESIAN_POINT('',(5.8024563834,-1.783740624295));
#3386 = VECTOR('',#3387,1.);
#3387 = DIRECTION('',(-0.292294209278,-0.956328445265));
#3388 = ( GEOMETRIC_REPRESENTATION_CONTEXT(2) 
PARAMETRIC_REPRESENTATION_CONTEXT() REPRESENTATION_CONTEXT('2D SPACE',''
  ) );
#3389 = PCURVE('',#3390,#3395);
#3390 = PLANE('',#3391);
#3391 = AXIS2_PLACEMENT_3D('',#3392,#3393,#3394);
#3392 = CARTESIAN_POINT('',(60.176870623555,39.75,108.47958678572));
#3393 = DIRECTION('',(0.292294209278,0.,-0.956328445265));
#3394 = DIRECTION('',(0.956328445265,0.,0.292294209278));
#3395 = DEFINITIONAL_REPRESENTATION('',(#3396),#3400);
#3396 = LINE('',#3397,#3398);
#3397 = CARTESIAN_POINT('',(9.817497531411E-03,-0.1));
#3398 = VECTOR('',#3399,1.);
#3399 = DIRECTION('',(-1.,-0.));
#3400 = ( GEOMETRIC_REPRESENTATION_CONTEXT(2) 
PARAMETRIC_REPRESENTATION_CONTEXT() REPRESENTATION_CONTEXT('2D SPACE',''
  ) );
#3401 = ORIENTED_EDGE('',*,*,#3402,.T.);
#3402 = EDGE_CURVE('',#3375,#3403,#3405,.T.);
#3403 = VERTEX_POINT('',#3404);
#3404 = CARTESIAN_POINT('',(60.059147566915,39.85,108.40272021379));
#3405 = SURFACE_CURVE('',#3406,(#3410,#3417),.PCURVE_S1.);
#3406 = LINE('',#3407,#3408);
#3407 = CARTESIAN_POINT('',(59.419128716231,39.85,107.98482369944));
#3408 = VECTOR('',#3409,1.);
#3409 = DIRECTION('',(-0.83731541009,0.,-0.546720133181));
#3410 = PCURVE('',#345,#3411);
#3411 = DEFINITIONAL_REPRESENTATION('',(#3412),#3416);
#3412 = LINE('',#3413,#3414);
#3413 = CARTESIAN_POINT('',(5.30482369944,-2.550871283769));
#3414 = VECTOR('',#3415,1.);
#3415 = DIRECTION('',(-0.546720133181,-0.83731541009));
#3416 = ( GEOMETRIC_REPRESENTATION_CONTEXT(2) 
PARAMETRIC_REPRESENTATION_CONTEXT() REPRESENTATION_CONTEXT('2D SPACE',''
  ) );
#3417 = PCURVE('',#3418,#3423);
#3418 = PLANE('',#3419);
#3419 = AXIS2_PLACEMENT_3D('',#3420,#3421,#3422);
#3420 = CARTESIAN_POINT('',(60.059147566915,39.75,108.40272021379));
#3421 = DIRECTION('',(0.546720133181,0.,-0.83731541009));
#3422 = DIRECTION('',(0.83731541009,0.,0.546720133181));
#3423 = DEFINITIONAL_REPRESENTATION('',(#3424),#3428);
#3424 = LINE('',#3425,#3426);
#3425 = CARTESIAN_POINT('',(-0.764370084407,-0.1));
#3426 = VECTOR('',#3427,1.);
#3427 = DIRECTION('',(-1.,-0.));
#3428 = ( GEOMETRIC_REPRESENTATION_CONTEXT(2) 
PARAMETRIC_REPRESENTATION_CONTEXT() REPRESENTATION_CONTEXT('2D SPACE',''
  ) );
#3429 = ORIENTED_EDGE('',*,*,#3430,.T.);
#3430 = EDGE_CURVE('',#3403,#3431,#3433,.T.);
#3431 = VERTEX_POINT('',#3432);
#3432 = CARTESIAN_POINT('',(59.985304200726,39.85,108.29081861931));
#3433 = SURFACE_CURVE('',#3434,(#3438,#3445),.PCURVE_S1.);
#3434 = LINE('',#3435,#3436);
#3435 = CARTESIAN_POINT('',(58.996669844384,39.85,106.79265071965));
#3436 = VECTOR('',#3437,1.);
#3437 = DIRECTION('',(-0.55078149042,0.,-0.834649477212));
#3438 = PCURVE('',#345,#3439);
#3439 = DEFINITIONAL_REPRESENTATION('',(#3440),#3444);
#3440 = LINE('',#3441,#3442);
#3441 = CARTESIAN_POINT('',(4.11265071965,-2.973330155616));
#3442 = VECTOR('',#3443,1.);
#3443 = DIRECTION('',(-0.834649477212,-0.55078149042));
#3444 = ( GEOMETRIC_REPRESENTATION_CONTEXT(2) 
PARAMETRIC_REPRESENTATION_CONTEXT() REPRESENTATION_CONTEXT('2D SPACE',''
  ) );
#3445 = PCURVE('',#3446,#3451);
#3446 = PLANE('',#3447);
#3447 = AXIS2_PLACEMENT_3D('',#3448,#3449,#3450);
#3448 = CARTESIAN_POINT('',(59.985304200726,39.75,108.29081861931));
#3449 = DIRECTION('',(0.834649477212,0.,-0.55078149042));
#3450 = DIRECTION('',(0.55078149042,0.,0.834649477212));
#3451 = DEFINITIONAL_REPRESENTATION('',(#3452),#3456);
#3452 = LINE('',#3453,#3454);
#3453 = CARTESIAN_POINT('',(-1.794966558494,-0.1));
#3454 = VECTOR('',#3455,1.);
#3455 = DIRECTION('',(-1.,-0.));
#3456 = ( GEOMETRIC_REPRESENTATION_CONTEXT(2) 
PARAMETRIC_REPRESENTATION_CONTEXT() REPRESENTATION_CONTEXT('2D SPACE',''
  ) );
#3457 = ORIENTED_EDGE('',*,*,#3458,.T.);
#3458 = EDGE_CURVE('',#3431,#3459,#3461,.T.);
#3459 = VERTEX_POINT('',#3460);
#3460 = CARTESIAN_POINT('',(59.957646851434,39.85,108.13747153255));
#3461 = SURFACE_CURVE('',#3462,(#3466,#3473),.PCURVE_S1.);
#3462 = LINE('',#3463,#3464);
#3463 = CARTESIAN_POINT('',(59.512701438595,39.85,105.670456993));
#3464 = VECTOR('',#3465,1.);
#3465 = DIRECTION('',(-0.177494093704,0.,-0.984121865777));
#3466 = PCURVE('',#345,#3467);
#3467 = DEFINITIONAL_REPRESENTATION('',(#3468),#3472);
#3468 = LINE('',#3469,#3470);
#3469 = CARTESIAN_POINT('',(2.990456993,-2.457298561405));
#3470 = VECTOR('',#3471,1.);
#3471 = DIRECTION('',(-0.984121865777,-0.177494093704));
#3472 = ( GEOMETRIC_REPRESENTATION_CONTEXT(2) 
PARAMETRIC_REPRESENTATION_CONTEXT() REPRESENTATION_CONTEXT('2D SPACE',''
  ) );
#3473 = PCURVE('',#3474,#3479);
#3474 = PLANE('',#3475);
#3475 = AXIS2_PLACEMENT_3D('',#3476,#3477,#3478);
#3476 = CARTESIAN_POINT('',(59.957646851434,39.75,108.13747153255));
#3477 = DIRECTION('',(0.984121865777,0.,-0.177494093704));
#3478 = DIRECTION('',(0.177494093704,0.,0.984121865777));
#3479 = DEFINITIONAL_REPRESENTATION('',(#3480),#3484);
#3480 = LINE('',#3481,#3482);
#3481 = CARTESIAN_POINT('',(-2.50681813436,-0.1));
#3482 = VECTOR('',#3483,1.);
#3483 = DIRECTION('',(-1.,-0.));
#3484 = ( GEOMETRIC_REPRESENTATION_CONTEXT(2) 
PARAMETRIC_REPRESENTATION_CONTEXT() REPRESENTATION_CONTEXT('2D SPACE',''
  ) );
#3485 = ORIENTED_EDGE('',*,*,#3486,.T.);
#3486 = EDGE_CURVE('',#3459,#3487,#3489,.T.);
#3487 = VERTEX_POINT('',#3488);
#3488 = CARTESIAN_POINT('',(59.992949479809,39.85,107.94282005546));
#3489 = SURFACE_CURVE('',#3490,(#3494,#3501),.PCURVE_S1.);
#3490 = LINE('',#3491,#3492);
#3491 = CARTESIAN_POINT('',(60.486472534081,39.85,105.22163480907));
#3492 = VECTOR('',#3493,1.);
#3493 = DIRECTION('',(0.178452134424,0.,-0.983948594043));
#3494 = PCURVE('',#345,#3495);
#3495 = DEFINITIONAL_REPRESENTATION('',(#3496),#3500);
#3496 = LINE('',#3497,#3498);
#3497 = CARTESIAN_POINT('',(2.54163480907,-1.483527465919));
#3498 = VECTOR('',#3499,1.);
#3499 = DIRECTION('',(-0.983948594043,0.178452134424));
#3500 = ( GEOMETRIC_REPRESENTATION_CONTEXT(2) 
PARAMETRIC_REPRESENTATION_CONTEXT() REPRESENTATION_CONTEXT('2D SPACE',''
  ) );
#3501 = PCURVE('',#3502,#3507);
#3502 = PLANE('',#3503);
#3503 = AXIS2_PLACEMENT_3D('',#3504,#3505,#3506);
#3504 = CARTESIAN_POINT('',(59.992949479809,39.75,107.94282005546));
#3505 = DIRECTION('',(0.983948594043,0.,0.178452134424));
#3506 = DIRECTION('',(-0.178452134424,0.,0.983948594043));
#3507 = DEFINITIONAL_REPRESENTATION('',(#3508),#3512);
#3508 = LINE('',#3509,#3510);
#3509 = CARTESIAN_POINT('',(-2.765576639739,-0.1));
#3510 = VECTOR('',#3511,1.);
#3511 = DIRECTION('',(-1.,0.));
#3512 = ( GEOMETRIC_REPRESENTATION_CONTEXT(2) 
PARAMETRIC_REPRESENTATION_CONTEXT() REPRESENTATION_CONTEXT('2D SPACE',''
  ) );
#3513 = ORIENTED_EDGE('',*,*,#3514,.T.);
#3514 = EDGE_CURVE('',#3487,#3515,#3517,.T.);
#3515 = VERTEX_POINT('',#3516);
#3516 = CARTESIAN_POINT('',(60.106560537716,39.85,107.78928282931));
#3517 = SURFACE_CURVE('',#3518,(#3522,#3529),.PCURVE_S1.);
#3518 = LINE('',#3519,#3520);
#3519 = CARTESIAN_POINT('',(61.657720491106,39.85,105.69300099769));
#3520 = VECTOR('',#3521,1.);
#3521 = DIRECTION('',(0.594821051142,0.,-0.803858144898));
#3522 = PCURVE('',#345,#3523);
#3523 = DEFINITIONAL_REPRESENTATION('',(#3524),#3528);
#3524 = LINE('',#3525,#3526);
#3525 = CARTESIAN_POINT('',(3.01300099769,-0.312279508894));
#3526 = VECTOR('',#3527,1.);
#3527 = DIRECTION('',(-0.803858144898,0.594821051142));
#3528 = ( GEOMETRIC_REPRESENTATION_CONTEXT(2) 
PARAMETRIC_REPRESENTATION_CONTEXT() REPRESENTATION_CONTEXT('2D SPACE',''
  ) );
#3529 = PCURVE('',#3530,#3535);
#3530 = PLANE('',#3531);
#3531 = AXIS2_PLACEMENT_3D('',#3532,#3533,#3534);
#3532 = CARTESIAN_POINT('',(60.106560537716,39.75,107.78928282931));
#3533 = DIRECTION('',(0.803858144898,0.,0.594821051142));
#3534 = DIRECTION('',(-0.594821051142,0.,0.803858144898));
#3535 = DEFINITIONAL_REPRESENTATION('',(#3536),#3540);
#3536 = LINE('',#3537,#3538);
#3537 = CARTESIAN_POINT('',(-2.607775818314,-0.1));
#3538 = VECTOR('',#3539,1.);
#3539 = DIRECTION('',(-1.,0.));
#3540 = ( GEOMETRIC_REPRESENTATION_CONTEXT(2) 
PARAMETRIC_REPRESENTATION_CONTEXT() REPRESENTATION_CONTEXT('2D SPACE',''
  ) );
#3541 = ORIENTED_EDGE('',*,*,#3542,.T.);
#3542 = EDGE_CURVE('',#3515,#3543,#3545,.T.);
#3543 = VERTEX_POINT('',#3544);
#3544 = CARTESIAN_POINT('',(60.295305231708,39.85,107.68926418025));
#3545 = SURFACE_CURVE('',#3546,(#3550,#3557),.PCURVE_S1.);
#3546 = LINE('',#3547,#3548);
#3547 = CARTESIAN_POINT('',(61.985321449692,39.85,106.7936991954));
#3548 = VECTOR('',#3549,1.);
#3549 = DIRECTION('',(0.883603966089,0.,-0.468235016965));
#3550 = PCURVE('',#345,#3551);
#3551 = DEFINITIONAL_REPRESENTATION('',(#3552),#3556);
#3552 = LINE('',#3553,#3554);
#3553 = CARTESIAN_POINT('',(4.1136991954,1.5321449692E-02));
#3554 = VECTOR('',#3555,1.);
#3555 = DIRECTION('',(-0.468235016965,0.883603966089));
#3556 = ( GEOMETRIC_REPRESENTATION_CONTEXT(2) 
PARAMETRIC_REPRESENTATION_CONTEXT() REPRESENTATION_CONTEXT('2D SPACE',''
  ) );
#3557 = PCURVE('',#3558,#3563);
#3558 = PLANE('',#3559);
#3559 = AXIS2_PLACEMENT_3D('',#3560,#3561,#3562);
#3560 = CARTESIAN_POINT('',(60.295305231708,39.75,107.68926418025));
#3561 = DIRECTION('',(0.468235016965,0.,0.883603966089));
#3562 = DIRECTION('',(-0.883603966089,0.,0.468235016965));
#3563 = DEFINITIONAL_REPRESENTATION('',(#3564),#3568);
#3564 = LINE('',#3565,#3566);
#3565 = CARTESIAN_POINT('',(-1.912639918839,-0.1));
#3566 = VECTOR('',#3567,1.);
#3567 = DIRECTION('',(-1.,0.));
#3568 = ( GEOMETRIC_REPRESENTATION_CONTEXT(2) 
PARAMETRIC_REPRESENTATION_CONTEXT() REPRESENTATION_CONTEXT('2D SPACE',''
  ) );
#3569 = ORIENTED_EDGE('',*,*,#3570,.T.);
#3570 = EDGE_CURVE('',#3543,#3571,#3573,.T.);
#3571 = VERTEX_POINT('',#3572);
#3572 = CARTESIAN_POINT('',(60.548877488149,39.85,107.65428533528));
#3573 = SURFACE_CURVE('',#3574,(#3578,#3585),.PCURVE_S1.);
#3574 = LINE('',#3575,#3576);
#3575 = CARTESIAN_POINT('',(61.582850781961,39.85,107.51165462303));
#3576 = VECTOR('',#3577,1.);
#3577 = DIRECTION('',(0.990619351732,0.,-0.136650283475));
#3578 = PCURVE('',#345,#3579);
#3579 = DEFINITIONAL_REPRESENTATION('',(#3580),#3584);
#3580 = LINE('',#3581,#3582);
#3581 = CARTESIAN_POINT('',(4.83165462303,-0.387149218039));
#3582 = VECTOR('',#3583,1.);
#3583 = DIRECTION('',(-0.136650283475,0.990619351732));
#3584 = ( GEOMETRIC_REPRESENTATION_CONTEXT(2) 
PARAMETRIC_REPRESENTATION_CONTEXT() REPRESENTATION_CONTEXT('2D SPACE',''
  ) );
#3585 = PCURVE('',#3586,#3591);
#3586 = PLANE('',#3587);
#3587 = AXIS2_PLACEMENT_3D('',#3588,#3589,#3590);
#3588 = CARTESIAN_POINT('',(60.548877488149,39.75,107.65428533528));
#3589 = DIRECTION('',(0.136650283475,0.,0.990619351732));
#3590 = DIRECTION('',(-0.990619351732,0.,0.136650283475));
#3591 = DEFINITIONAL_REPRESENTATION('',(#3592),#3596);
#3592 = LINE('',#3593,#3594);
#3593 = CARTESIAN_POINT('',(-1.043764481286,-0.1));
#3594 = VECTOR('',#3595,1.);
#3595 = DIRECTION('',(-1.,0.));
#3596 = ( GEOMETRIC_REPRESENTATION_CONTEXT(2) 
PARAMETRIC_REPRESENTATION_CONTEXT() REPRESENTATION_CONTEXT('2D SPACE',''
  ) );
#3597 = ORIENTED_EDGE('',*,*,#3598,.T.);
#3598 = EDGE_CURVE('',#3571,#3599,#3601,.T.);
#3599 = VERTEX_POINT('',#3600);
#3600 = CARTESIAN_POINT('',(60.795865208599,39.85,107.68316109271));
#3601 = SURFACE_CURVE('',#3602,(#3606,#3613),.PCURVE_S1.);
#3602 = LINE('',#3603,#3604);
#3603 = CARTESIAN_POINT('',(61.086496093787,39.85,107.71713924727));
#3604 = VECTOR('',#3605,1.);
#3605 = DIRECTION('',(0.993235096054,-0.,0.116120816247));
#3606 = PCURVE('',#345,#3607);
#3607 = DEFINITIONAL_REPRESENTATION('',(#3608),#3612);
#3608 = LINE('',#3609,#3610);
#3609 = CARTESIAN_POINT('',(5.03713924727,-0.883503906213));
#3610 = VECTOR('',#3611,1.);
#3611 = DIRECTION('',(0.116120816247,0.993235096054));
#3612 = ( GEOMETRIC_REPRESENTATION_CONTEXT(2) 
PARAMETRIC_REPRESENTATION_CONTEXT() REPRESENTATION_CONTEXT('2D SPACE',''
  ) );
#3613 = PCURVE('',#3614,#3619);
#3614 = PLANE('',#3615);
#3615 = AXIS2_PLACEMENT_3D('',#3616,#3617,#3618);
#3616 = CARTESIAN_POINT('',(60.795865208599,39.75,107.68316109271));
#3617 = DIRECTION('',(-0.116120816247,0.,0.993235096054));
#3618 = DIRECTION('',(-0.993235096054,0.,-0.116120816247));
#3619 = DEFINITIONAL_REPRESENTATION('',(#3620),#3624);
#3620 = LINE('',#3621,#3622);
#3621 = CARTESIAN_POINT('',(-0.292610366208,-0.1));
#3622 = VECTOR('',#3623,1.);
#3623 = DIRECTION('',(-1.,0.));
#3624 = ( GEOMETRIC_REPRESENTATION_CONTEXT(2) 
PARAMETRIC_REPRESENTATION_CONTEXT() REPRESENTATION_CONTEXT('2D SPACE',''
  ) );
#3625 = ORIENTED_EDGE('',*,*,#3626,.T.);
#3626 = EDGE_CURVE('',#3599,#3627,#3629,.T.);
#3627 = VERTEX_POINT('',#3628);
#3628 = CARTESIAN_POINT('',(60.981054766261,39.85,107.7716486725));
#3629 = SURFACE_CURVE('',#3630,(#3634,#3641),.PCURVE_S1.);
#3630 = LINE('',#3631,#3632);
#3631 = CARTESIAN_POINT('',(60.393275385303,39.85,107.49079495953));
#3632 = VECTOR('',#3633,1.);
#3633 = DIRECTION('',(0.902288417597,-0.,0.43113293944));
#3634 = PCURVE('',#345,#3635);
#3635 = DEFINITIONAL_REPRESENTATION('',(#3636),#3640);
#3636 = LINE('',#3637,#3638);
#3637 = CARTESIAN_POINT('',(4.81079495953,-1.576724614697));
#3638 = VECTOR('',#3639,1.);
#3639 = DIRECTION('',(0.43113293944,0.902288417597));
#3640 = ( GEOMETRIC_REPRESENTATION_CONTEXT(2) 
PARAMETRIC_REPRESENTATION_CONTEXT() REPRESENTATION_CONTEXT('2D SPACE',''
  ) );
#3641 = PCURVE('',#3642,#3647);
#3642 = PLANE('',#3643);
#3643 = AXIS2_PLACEMENT_3D('',#3644,#3645,#3646);
#3644 = CARTESIAN_POINT('',(60.981054766261,39.75,107.7716486725));
#3645 = DIRECTION('',(-0.43113293944,0.,0.902288417597));
#3646 = DIRECTION('',(-0.902288417597,0.,-0.43113293944));
#3647 = DEFINITIONAL_REPRESENTATION('',(#3648),#3652);
#3648 = LINE('',#3649,#3650);
#3649 = CARTESIAN_POINT('',(0.651431814366,-0.1));
#3650 = VECTOR('',#3651,1.);
#3651 = DIRECTION('',(-1.,0.));
#3652 = ( GEOMETRIC_REPRESENTATION_CONTEXT(2) 
PARAMETRIC_REPRESENTATION_CONTEXT() REPRESENTATION_CONTEXT('2D SPACE',''
  ) );
#3653 = ORIENTED_EDGE('',*,*,#3654,.T.);
#3654 = EDGE_CURVE('',#3627,#3655,#3657,.T.);
#3655 = VERTEX_POINT('',#3656);
#3656 = CARTESIAN_POINT('',(61.105071199163,39.85,107.91942057175));
#3657 = SURFACE_CURVE('',#3658,(#3662,#3669),.PCURVE_S1.);
#3658 = LINE('',#3659,#3660);
#3659 = CARTESIAN_POINT('',(59.99379716099,39.85,106.5952809286));
#3660 = VECTOR('',#3661,1.);
#3661 = DIRECTION('',(0.642851750401,-0.,0.765990618093));
#3662 = PCURVE('',#345,#3663);
#3663 = DEFINITIONAL_REPRESENTATION('',(#3664),#3668);
#3664 = LINE('',#3665,#3666);
#3665 = CARTESIAN_POINT('',(3.9152809286,-1.97620283901));
#3666 = VECTOR('',#3667,1.);
#3667 = DIRECTION('',(0.765990618093,0.642851750401));
#3668 = ( GEOMETRIC_REPRESENTATION_CONTEXT(2) 
PARAMETRIC_REPRESENTATION_CONTEXT() REPRESENTATION_CONTEXT('2D SPACE',''
  ) );
#3669 = PCURVE('',#3670,#3675);
#3670 = PLANE('',#3671);
#3671 = AXIS2_PLACEMENT_3D('',#3672,#3673,#3674);
#3672 = CARTESIAN_POINT('',(61.105071199163,39.75,107.91942057175));
#3673 = DIRECTION('',(-0.765990618093,0.,0.642851750401));
#3674 = DIRECTION('',(-0.642851750401,0.,-0.765990618093));
#3675 = DEFINITIONAL_REPRESENTATION('',(#3676),#3680);
#3676 = LINE('',#3677,#3678);
#3677 = CARTESIAN_POINT('',(1.728663004312,-0.1));
#3678 = VECTOR('',#3679,1.);
#3679 = DIRECTION('',(-1.,0.));
#3680 = ( GEOMETRIC_REPRESENTATION_CONTEXT(2) 
PARAMETRIC_REPRESENTATION_CONTEXT() REPRESENTATION_CONTEXT('2D SPACE',''
  ) );
#3681 = ORIENTED_EDGE('',*,*,#3682,.T.);
#3682 = EDGE_CURVE('',#3655,#3683,#3685,.T.);
#3683 = VERTEX_POINT('',#3684);
#3684 = CARTESIAN_POINT('',(61.148848588509,39.85,108.07893706261));
#3685 = SURFACE_CURVE('',#3686,(#3690,#3697),.PCURVE_S1.);
#3686 = LINE('',#3687,#3688);
#3687 = CARTESIAN_POINT('',(60.488657883064,39.85,105.6733275413));
#3688 = VECTOR('',#3689,1.);
#3689 = DIRECTION('',(0.264652604555,-0.,0.964343817786));
#3690 = PCURVE('',#345,#3691);
#3691 = DEFINITIONAL_REPRESENTATION('',(#3692),#3696);
#3692 = LINE('',#3693,#3694);
#3693 = CARTESIAN_POINT('',(2.9933275413,-1.481342116936));
#3694 = VECTOR('',#3695,1.);
#3695 = DIRECTION('',(0.964343817786,0.264652604555));
#3696 = ( GEOMETRIC_REPRESENTATION_CONTEXT(2) 
PARAMETRIC_REPRESENTATION_CONTEXT() REPRESENTATION_CONTEXT('2D SPACE',''
  ) );
#3697 = PCURVE('',#3698,#3703);
#3698 = PLANE('',#3699);
#3699 = AXIS2_PLACEMENT_3D('',#3700,#3701,#3702);
#3700 = CARTESIAN_POINT('',(61.148848588509,39.75,108.07893706261));
#3701 = DIRECTION('',(-0.964343817786,0.,0.264652604555));
#3702 = DIRECTION('',(-0.264652604555,0.,-0.964343817786));
#3703 = DEFINITIONAL_REPRESENTATION('',(#3704),#3708);
#3704 = LINE('',#3705,#3706);
#3705 = CARTESIAN_POINT('',(2.494555859582,-0.1));
#3706 = VECTOR('',#3707,1.);
#3707 = DIRECTION('',(-1.,0.));
#3708 = ( GEOMETRIC_REPRESENTATION_CONTEXT(2) 
PARAMETRIC_REPRESENTATION_CONTEXT() REPRESENTATION_CONTEXT('2D SPACE',''
  ) );
#3709 = ORIENTED_EDGE('',*,*,#3710,.T.);
#3710 = EDGE_CURVE('',#3683,#3711,#3713,.T.);
#3711 = VERTEX_POINT('',#3712);
#3712 = CARTESIAN_POINT('',(60.907247933565,39.85,108.1371533152));
#3713 = SURFACE_CURVE('',#3714,(#3718,#3725),.PCURVE_S1.);
#3714 = LINE('',#3715,#3716);
#3715 = CARTESIAN_POINT('',(62.030864143937,39.85,107.86640601472));
#3716 = VECTOR('',#3717,1.);
#3717 = DIRECTION('',(-0.972174966015,0.,0.234255918715));
#3718 = PCURVE('',#345,#3719);
#3719 = DEFINITIONAL_REPRESENTATION('',(#3720),#3724);
#3720 = LINE('',#3721,#3722);
#3721 = CARTESIAN_POINT('',(5.18640601472,6.0864143937E-02));
#3722 = VECTOR('',#3723,1.);
#3723 = DIRECTION('',(0.234255918715,-0.972174966015));
#3724 = ( GEOMETRIC_REPRESENTATION_CONTEXT(2) 
PARAMETRIC_REPRESENTATION_CONTEXT() REPRESENTATION_CONTEXT('2D SPACE',''
  ) );
#3725 = PCURVE('',#3726,#3731);
#3726 = PLANE('',#3727);
#3727 = AXIS2_PLACEMENT_3D('',#3728,#3729,#3730);
#3728 = CARTESIAN_POINT('',(60.907247933565,39.75,108.1371533152));
#3729 = DIRECTION('',(-0.234255918715,0.,-0.972174966015));
#3730 = DIRECTION('',(0.972174966015,0.,-0.234255918715));
#3731 = DEFINITIONAL_REPRESENTATION('',(#3732),#3736);
#3732 = LINE('',#3733,#3734);
#3733 = CARTESIAN_POINT('',(1.155775708746,-0.1));
#3734 = VECTOR('',#3735,1.);
#3735 = DIRECTION('',(-1.,-0.));
#3736 = ( GEOMETRIC_REPRESENTATION_CONTEXT(2) 
PARAMETRIC_REPRESENTATION_CONTEXT() REPRESENTATION_CONTEXT('2D SPACE',''
  ) );
#3737 = ORIENTED_EDGE('',*,*,#3738,.T.);
#3738 = EDGE_CURVE('',#3711,#3739,#3741,.T.);
#3739 = VERTEX_POINT('',#3740);
#3740 = CARTESIAN_POINT('',(60.844813555989,39.85,108.0417397352));
#3741 = SURFACE_CURVE('',#3742,(#3746,#3753),.PCURVE_S1.);
#3742 = LINE('',#3743,#3744);
#3743 = CARTESIAN_POINT('',(59.785179039853,39.85,106.42238311456));
#3744 = VECTOR('',#3745,1.);
#3745 = DIRECTION('',(-0.547547751524,0.,-0.836774437827));
#3746 = PCURVE('',#345,#3747);
#3747 = DEFINITIONAL_REPRESENTATION('',(#3748),#3752);
#3748 = LINE('',#3749,#3750);
#3749 = CARTESIAN_POINT('',(3.74238311456,-2.184820960147));
#3750 = VECTOR('',#3751,1.);
#3751 = DIRECTION('',(-0.836774437827,-0.547547751524));
#3752 = ( GEOMETRIC_REPRESENTATION_CONTEXT(2) 
PARAMETRIC_REPRESENTATION_CONTEXT() REPRESENTATION_CONTEXT('2D SPACE',''
  ) );
#3753 = PCURVE('',#3754,#3759);
#3754 = PLANE('',#3755);
#3755 = AXIS2_PLACEMENT_3D('',#3756,#3757,#3758);
#3756 = CARTESIAN_POINT('',(60.844813555989,39.75,108.0417397352));
#3757 = DIRECTION('',(0.836774437827,0.,-0.547547751524));
#3758 = DIRECTION('',(0.547547751524,0.,0.836774437827));
#3759 = DEFINITIONAL_REPRESENTATION('',(#3760),#3764);
#3760 = LINE('',#3761,#3762);
#3761 = CARTESIAN_POINT('',(-1.935236722625,-0.1));
#3762 = VECTOR('',#3763,1.);
#3763 = DIRECTION('',(-1.,-0.));
#3764 = ( GEOMETRIC_REPRESENTATION_CONTEXT(2) 
PARAMETRIC_REPRESENTATION_CONTEXT() REPRESENTATION_CONTEXT('2D SPACE',''
  ) );
#3765 = ORIENTED_EDGE('',*,*,#3766,.T.);
#3766 = EDGE_CURVE('',#3739,#3767,#3769,.T.);
#3767 = VERTEX_POINT('',#3768);
#3768 = CARTESIAN_POINT('',(60.782866505123,39.85,107.96311823216));
#3769 = SURFACE_CURVE('',#3770,(#3774,#3781),.PCURVE_S1.);
#3770 = LINE('',#3771,#3772);
#3771 = CARTESIAN_POINT('',(59.72609131558,39.85,106.62188805872));
#3772 = VECTOR('',#3773,1.);
#3773 = DIRECTION('',(-0.61888971024,0.,-0.785477896926));
#3774 = PCURVE('',#345,#3775);
#3775 = DEFINITIONAL_REPRESENTATION('',(#3776),#3780);
#3776 = LINE('',#3777,#3778);
#3777 = CARTESIAN_POINT('',(3.94188805872,-2.24390868442));
#3778 = VECTOR('',#3779,1.);
#3779 = DIRECTION('',(-0.785477896926,-0.61888971024));
#3780 = ( GEOMETRIC_REPRESENTATION_CONTEXT(2) 
PARAMETRIC_REPRESENTATION_CONTEXT() REPRESENTATION_CONTEXT('2D SPACE',''
  ) );
#3781 = PCURVE('',#3782,#3787);
#3782 = PLANE('',#3783);
#3783 = AXIS2_PLACEMENT_3D('',#3784,#3785,#3786);
#3784 = CARTESIAN_POINT('',(60.782866505123,39.75,107.96311823216));
#3785 = DIRECTION('',(0.785477896926,0.,-0.61888971024));
#3786 = DIRECTION('',(0.61888971024,0.,0.785477896926));
#3787 = DEFINITIONAL_REPRESENTATION('',(#3788),#3792);
#3788 = LINE('',#3789,#3790);
#3789 = CARTESIAN_POINT('',(-1.707533946772,-0.1));
#3790 = VECTOR('',#3791,1.);
#3791 = DIRECTION('',(-1.,-0.));
#3792 = ( GEOMETRIC_REPRESENTATION_CONTEXT(2) 
PARAMETRIC_REPRESENTATION_CONTEXT() REPRESENTATION_CONTEXT('2D SPACE',''
  ) );
#3793 = ORIENTED_EDGE('',*,*,#3794,.T.);
#3794 = EDGE_CURVE('',#3767,#3795,#3797,.T.);
#3795 = VERTEX_POINT('',#3796);
#3796 = CARTESIAN_POINT('',(60.681536614902,39.85,107.91251198215));
#3797 = SURFACE_CURVE('',#3798,(#3802,#3809),.PCURVE_S1.);
#3798 = LINE('',#3799,#3800);
#3799 = CARTESIAN_POINT('',(60.151386412371,39.85,107.64774396916));
#3800 = VECTOR('',#3801,1.);
#3801 = DIRECTION('',(-0.894634380879,0.,-0.446798975547));
#3802 = PCURVE('',#345,#3803);
#3803 = DEFINITIONAL_REPRESENTATION('',(#3804),#3808);
#3804 = LINE('',#3805,#3806);
#3805 = CARTESIAN_POINT('',(4.96774396916,-1.818613587629));
#3806 = VECTOR('',#3807,1.);
#3807 = DIRECTION('',(-0.446798975547,-0.894634380879));
#3808 = ( GEOMETRIC_REPRESENTATION_CONTEXT(2) 
PARAMETRIC_REPRESENTATION_CONTEXT() REPRESENTATION_CONTEXT('2D SPACE',''
  ) );
#3809 = PCURVE('',#3810,#3815);
#3810 = PLANE('',#3811);
#3811 = AXIS2_PLACEMENT_3D('',#3812,#3813,#3814);
#3812 = CARTESIAN_POINT('',(60.681536614902,39.75,107.91251198215));
#3813 = DIRECTION('',(0.446798975547,0.,-0.894634380879));
#3814 = DIRECTION('',(0.894634380879,0.,0.446798975547));
#3815 = DEFINITIONAL_REPRESENTATION('',(#3816),#3820);
#3816 = LINE('',#3817,#3818);
#3817 = CARTESIAN_POINT('',(-0.592588675176,-0.1));
#3818 = VECTOR('',#3819,1.);
#3819 = DIRECTION('',(-1.,-0.));
#3820 = ( GEOMETRIC_REPRESENTATION_CONTEXT(2) 
PARAMETRIC_REPRESENTATION_CONTEXT() REPRESENTATION_CONTEXT('2D SPACE',''
  ) );
#3821 = ORIENTED_EDGE('',*,*,#3822,.T.);
#3822 = EDGE_CURVE('',#3795,#3823,#3825,.T.);
#3823 = VERTEX_POINT('',#3824);
#3824 = CARTESIAN_POINT('',(60.544673252185,39.85,107.89482098158));
#3825 = SURFACE_CURVE('',#3826,(#3830,#3837),.PCURVE_S1.);
#3826 = LINE('',#3827,#3828);
#3827 = CARTESIAN_POINT('',(60.914128989652,39.85,107.9425769444));
#3828 = VECTOR('',#3829,1.);
#3829 = DIRECTION('',(-0.991749136458,0.,-0.128193799904));
#3830 = PCURVE('',#345,#3831);
#3831 = DEFINITIONAL_REPRESENTATION('',(#3832),#3836);
#3832 = LINE('',#3833,#3834);
#3833 = CARTESIAN_POINT('',(5.2625769444,-1.055871010348));
#3834 = VECTOR('',#3835,1.);
#3835 = DIRECTION('',(-0.128193799904,-0.991749136458));
#3836 = ( GEOMETRIC_REPRESENTATION_CONTEXT(2) 
PARAMETRIC_REPRESENTATION_CONTEXT() REPRESENTATION_CONTEXT('2D SPACE',''
  ) );
#3837 = PCURVE('',#3838,#3843);
#3838 = PLANE('',#3839);
#3839 = AXIS2_PLACEMENT_3D('',#3840,#3841,#3842);
#3840 = CARTESIAN_POINT('',(60.544673252185,39.75,107.89482098158));
#3841 = DIRECTION('',(0.128193799904,0.,-0.991749136458));
#3842 = DIRECTION('',(0.991749136458,0.,0.128193799904));
#3843 = DEFINITIONAL_REPRESENTATION('',(#3844),#3848);
#3844 = LINE('',#3845,#3846);
#3845 = CARTESIAN_POINT('',(0.372529426935,-0.1));
#3846 = VECTOR('',#3847,1.);
#3847 = DIRECTION('',(-1.,-0.));
#3848 = ( GEOMETRIC_REPRESENTATION_CONTEXT(2) 
PARAMETRIC_REPRESENTATION_CONTEXT() REPRESENTATION_CONTEXT('2D SPACE',''
  ) );
#3849 = ORIENTED_EDGE('',*,*,#3850,.T.);
#3850 = EDGE_CURVE('',#3823,#3851,#3853,.T.);
#3851 = VERTEX_POINT('',#3852);
#3852 = CARTESIAN_POINT('',(60.423863555072,39.85,107.9067207011));
#3853 = SURFACE_CURVE('',#3854,(#3858,#3865),.PCURVE_S1.);
#3854 = LINE('',#3855,#3856);
#3855 = CARTESIAN_POINT('',(61.444445122786,39.85,107.80619371781));
#3856 = VECTOR('',#3857,1.);
#3857 = DIRECTION('',(-0.995183920759,0.,9.802532256037E-02));
#3858 = PCURVE('',#345,#3859);
#3859 = DEFINITIONAL_REPRESENTATION('',(#3860),#3864);
#3860 = LINE('',#3861,#3862);
#3861 = CARTESIAN_POINT('',(5.12619371781,-0.525554877214));
#3862 = VECTOR('',#3863,1.);
#3863 = DIRECTION('',(9.802532256037E-02,-0.995183920759));
#3864 = ( GEOMETRIC_REPRESENTATION_CONTEXT(2) 
PARAMETRIC_REPRESENTATION_CONTEXT() REPRESENTATION_CONTEXT('2D SPACE',''
  ) );
#3865 = PCURVE('',#3866,#3871);
#3866 = PLANE('',#3867);
#3867 = AXIS2_PLACEMENT_3D('',#3868,#3869,#3870);
#3868 = CARTESIAN_POINT('',(60.423863555072,39.75,107.9067207011));
#3869 = DIRECTION('',(-9.802532256037E-02,0.,-0.995183920759));
#3870 = DIRECTION('',(0.995183920759,0.,-9.802532256037E-02));
#3871 = DEFINITIONAL_REPRESENTATION('',(#3872),#3876);
#3872 = LINE('',#3873,#3874);
#3873 = CARTESIAN_POINT('',(1.025520555975,-0.1));
#3874 = VECTOR('',#3875,1.);
#3875 = DIRECTION('',(-1.,-0.));
#3876 = ( GEOMETRIC_REPRESENTATION_CONTEXT(2) 
PARAMETRIC_REPRESENTATION_CONTEXT() REPRESENTATION_CONTEXT('2D SPACE',''
  ) );
#3877 = ORIENTED_EDGE('',*,*,#3878,.T.);
#3878 = EDGE_CURVE('',#3851,#3879,#3881,.T.);
#3879 = VERTEX_POINT('',#3880);
#3880 = CARTESIAN_POINT('',(60.318631470093,39.85,107.95246526682));
#3881 = SURFACE_CURVE('',#3882,(#3886,#3893),.PCURVE_S1.);
#3882 = LINE('',#3883,#3884);
#3883 = CARTESIAN_POINT('',(61.976929338002,39.85,107.23160037271));
#3884 = VECTOR('',#3885,1.);
#3885 = DIRECTION('',(-0.917097188155,0.,0.398663702234));
#3886 = PCURVE('',#345,#3887);
#3887 = DEFINITIONAL_REPRESENTATION('',(#3888),#3892);
#3888 = LINE('',#3889,#3890);
#3889 = CARTESIAN_POINT('',(4.55160037271,6.929338002003E-03));
#3890 = VECTOR('',#3891,1.);
#3891 = DIRECTION('',(0.398663702234,-0.917097188155));
#3892 = ( GEOMETRIC_REPRESENTATION_CONTEXT(2) 
PARAMETRIC_REPRESENTATION_CONTEXT() REPRESENTATION_CONTEXT('2D SPACE',''
  ) );
#3893 = PCURVE('',#3894,#3899);
#3894 = PLANE('',#3895);
#3895 = AXIS2_PLACEMENT_3D('',#3896,#3897,#3898);
#3896 = CARTESIAN_POINT('',(60.318631470093,39.75,107.95246526682));
#3897 = DIRECTION('',(-0.398663702234,0.,-0.917097188155));
#3898 = DIRECTION('',(0.917097188155,0.,-0.398663702234));
#3899 = DEFINITIONAL_REPRESENTATION('',(#3900),#3904);
#3900 = LINE('',#3901,#3902);
#3901 = CARTESIAN_POINT('',(1.808202979279,-0.1));
#3902 = VECTOR('',#3903,1.);
#3903 = DIRECTION('',(-1.,-0.));
#3904 = ( GEOMETRIC_REPRESENTATION_CONTEXT(2) 
PARAMETRIC_REPRESENTATION_CONTEXT() REPRESENTATION_CONTEXT('2D SPACE',''
  ) );
#3905 = ORIENTED_EDGE('',*,*,#3906,.T.);
#3906 = EDGE_CURVE('',#3879,#3907,#3909,.T.);
#3907 = VERTEX_POINT('',#3908);
#3908 = CARTESIAN_POINT('',(60.24711122394,39.85,108.08247473242));
#3909 = SURFACE_CURVE('',#3910,(#3914,#3921),.PCURVE_S1.);
#3910 = LINE('',#3911,#3912);
#3911 = CARTESIAN_POINT('',(61.588008691661,39.85,105.6449920253));
#3912 = VECTOR('',#3913,1.);
#3913 = DIRECTION('',(-0.481996567133,0.,0.876173104627));
#3914 = PCURVE('',#345,#3915);
#3915 = DEFINITIONAL_REPRESENTATION('',(#3916),#3920);
#3916 = LINE('',#3917,#3918);
#3917 = CARTESIAN_POINT('',(2.9649920253,-0.381991308339));
#3918 = VECTOR('',#3919,1.);
#3919 = DIRECTION('',(0.876173104627,-0.481996567133));
#3920 = ( GEOMETRIC_REPRESENTATION_CONTEXT(2) 
PARAMETRIC_REPRESENTATION_CONTEXT() REPRESENTATION_CONTEXT('2D SPACE',''
  ) );
#3921 = PCURVE('',#3922,#3927);
#3922 = PLANE('',#3923);
#3923 = AXIS2_PLACEMENT_3D('',#3924,#3925,#3926);
#3924 = CARTESIAN_POINT('',(60.24711122394,39.75,108.08247473242));
#3925 = DIRECTION('',(-0.876173104627,0.,-0.481996567133));
#3926 = DIRECTION('',(0.481996567133,0.,-0.876173104627));
#3927 = DEFINITIONAL_REPRESENTATION('',(#3928),#3932);
#3928 = LINE('',#3929,#3930);
#3929 = CARTESIAN_POINT('',(2.781964767291,-0.1));
#3930 = VECTOR('',#3931,1.);
#3931 = DIRECTION('',(-1.,-0.));
#3932 = ( GEOMETRIC_REPRESENTATION_CONTEXT(2) 
PARAMETRIC_REPRESENTATION_CONTEXT() REPRESENTATION_CONTEXT('2D SPACE',''
  ) );
#3933 = ORIENTED_EDGE('',*,*,#3934,.T.);
#3934 = EDGE_CURVE('',#3907,#3935,#3937,.T.);
#3935 = VERTEX_POINT('',#3936);
#3936 = CARTESIAN_POINT('',(60.302151351202,39.85,108.22089492189));
#3937 = SURFACE_CURVE('',#3938,(#3942,#3949),.PCURVE_S1.);
#3938 = LINE('',#3939,#3940);
#3939 = CARTESIAN_POINT('',(59.464784428564,39.85,106.11500429534));
#3940 = VECTOR('',#3941,1.);
#3941 = DIRECTION('',(0.36949200055,-0.,0.929233911095));
#3942 = PCURVE('',#345,#3943);
#3943 = DEFINITIONAL_REPRESENTATION('',(#3944),#3948);
#3944 = LINE('',#3945,#3946);
#3945 = CARTESIAN_POINT('',(3.43500429534,-2.505215571436));
#3946 = VECTOR('',#3947,1.);
#3947 = DIRECTION('',(0.929233911095,0.36949200055));
#3948 = ( GEOMETRIC_REPRESENTATION_CONTEXT(2) 
PARAMETRIC_REPRESENTATION_CONTEXT() REPRESENTATION_CONTEXT('2D SPACE',''
  ) );
#3949 = PCURVE('',#3950,#3955);
#3950 = PLANE('',#3951);
#3951 = AXIS2_PLACEMENT_3D('',#3952,#3953,#3954);
#3952 = CARTESIAN_POINT('',(60.302151351202,39.75,108.22089492189));
#3953 = DIRECTION('',(-0.929233911095,0.,0.36949200055));
#3954 = DIRECTION('',(-0.36949200055,0.,-0.929233911095));
#3955 = DEFINITIONAL_REPRESENTATION('',(#3956),#3960);
#3956 = LINE('',#3957,#3958);
#3957 = CARTESIAN_POINT('',(2.266265362688,-0.1));
#3958 = VECTOR('',#3959,1.);
#3959 = DIRECTION('',(-1.,0.));
#3960 = ( GEOMETRIC_REPRESENTATION_CONTEXT(2) 
PARAMETRIC_REPRESENTATION_CONTEXT() REPRESENTATION_CONTEXT('2D SPACE',''
  ) );
#3961 = ORIENTED_EDGE('',*,*,#3962,.T.);
#3962 = EDGE_CURVE('',#3935,#3963,#3965,.T.);
#3963 = VERTEX_POINT('',#3964);
#3964 = CARTESIAN_POINT('',(60.396048127893,39.85,108.2718409866));
#3965 = SURFACE_CURVE('',#3966,(#3970,#3977),.PCURVE_S1.);
#3966 = LINE('',#3967,#3968);
#3967 = CARTESIAN_POINT('',(59.832058563293,39.85,107.96583422188));
#3968 = VECTOR('',#3969,1.);
#3969 = DIRECTION('',(0.878957309346,-0.,0.476900459579));
#3970 = PCURVE('',#345,#3971);
#3971 = DEFINITIONAL_REPRESENTATION('',(#3972),#3976);
#3972 = LINE('',#3973,#3974);
#3973 = CARTESIAN_POINT('',(5.28583422188,-2.137941436707));
#3974 = VECTOR('',#3975,1.);
#3975 = DIRECTION('',(0.476900459579,0.878957309346));
#3976 = ( GEOMETRIC_REPRESENTATION_CONTEXT(2) 
PARAMETRIC_REPRESENTATION_CONTEXT() REPRESENTATION_CONTEXT('2D SPACE',''
  ) );
#3977 = PCURVE('',#3978,#3983);
#3978 = PLANE('',#3979);
#3979 = AXIS2_PLACEMENT_3D('',#3980,#3981,#3982);
#3980 = CARTESIAN_POINT('',(60.396048127893,39.75,108.2718409866));
#3981 = DIRECTION('',(-0.476900459579,0.,0.878957309346));
#3982 = DIRECTION('',(-0.878957309346,0.,-0.476900459579));
#3983 = DEFINITIONAL_REPRESENTATION('',(#3984),#3988);
#3984 = LINE('',#3985,#3986);
#3985 = CARTESIAN_POINT('',(0.641657516929,-0.1));
#3986 = VECTOR('',#3987,1.);
#3987 = DIRECTION('',(-1.,0.));
#3988 = ( GEOMETRIC_REPRESENTATION_CONTEXT(2) 
PARAMETRIC_REPRESENTATION_CONTEXT() REPRESENTATION_CONTEXT('2D SPACE',''
  ) );
#3989 = ORIENTED_EDGE('',*,*,#3990,.T.);
#3990 = EDGE_CURVE('',#3963,#3991,#3993,.T.);
#3991 = VERTEX_POINT('',#3992);
#3992 = CARTESIAN_POINT('',(60.519074921028,39.85,108.3034614261));
#3993 = SURFACE_CURVE('',#3994,(#3998,#4005),.PCURVE_S1.);
#3994 = LINE('',#3995,#3996);
#3995 = CARTESIAN_POINT('',(60.52169145663,39.85,108.30413393006));
#3996 = VECTOR('',#3997,1.);
#3997 = DIRECTION('',(0.968521449082,-0.,0.248930116034));
#3998 = PCURVE('',#345,#3999);
#3999 = DEFINITIONAL_REPRESENTATION('',(#4000),#4004);
#4000 = LINE('',#4001,#4002);
#4001 = CARTESIAN_POINT('',(5.62413393006,-1.44830854337));
#4002 = VECTOR('',#4003,1.);
#4003 = DIRECTION('',(0.248930116034,0.968521449082));
#4004 = ( GEOMETRIC_REPRESENTATION_CONTEXT(2) 
PARAMETRIC_REPRESENTATION_CONTEXT() REPRESENTATION_CONTEXT('2D SPACE',''
  ) );
#4005 = PCURVE('',#4006,#4011);
#4006 = PLANE('',#4007);
#4007 = AXIS2_PLACEMENT_3D('',#4008,#4009,#4010);
#4008 = CARTESIAN_POINT('',(60.519074921028,39.75,108.3034614261));
#4009 = DIRECTION('',(-0.248930116034,0.,0.968521449082));
#4010 = DIRECTION('',(-0.968521449082,0.,-0.248930116034));
#4011 = DEFINITIONAL_REPRESENTATION('',(#4012),#4016);
#4012 = LINE('',#4013,#4014);
#4013 = CARTESIAN_POINT('',(-2.701577341619E-03,-0.1));
#4014 = VECTOR('',#4015,1.);
#4015 = DIRECTION('',(-1.,0.));
#4016 = ( GEOMETRIC_REPRESENTATION_CONTEXT(2) 
PARAMETRIC_REPRESENTATION_CONTEXT() REPRESENTATION_CONTEXT('2D SPACE',''
  ) );
#4017 = ORIENTED_EDGE('',*,*,#4018,.T.);
#4018 = EDGE_CURVE('',#3991,#4019,#4021,.T.);
#4019 = VERTEX_POINT('',#4020);
#4020 = CARTESIAN_POINT('',(60.722594070736,39.85,108.34342347291));
#4021 = SURFACE_CURVE('',#4022,(#4026,#4033),.PCURVE_S1.);
#4022 = LINE('',#4023,#4024);
#4023 = CARTESIAN_POINT('',(60.78776304874,39.85,108.35621974172));
#4024 = VECTOR('',#4025,1.);
#4025 = DIRECTION('',(0.98126243172,-0.,0.192675997712));
#4026 = PCURVE('',#345,#4027);
#4027 = DEFINITIONAL_REPRESENTATION('',(#4028),#4032);
#4028 = LINE('',#4029,#4030);
#4029 = CARTESIAN_POINT('',(5.67621974172,-1.18223695126));
#4030 = VECTOR('',#4031,1.);
#4031 = DIRECTION('',(0.192675997712,0.98126243172));
#4032 = ( GEOMETRIC_REPRESENTATION_CONTEXT(2) 
PARAMETRIC_REPRESENTATION_CONTEXT() REPRESENTATION_CONTEXT('2D SPACE',''
  ) );
#4033 = PCURVE('',#4034,#4039);
#4034 = PLANE('',#4035);
#4035 = AXIS2_PLACEMENT_3D('',#4036,#4037,#4038);
#4036 = CARTESIAN_POINT('',(60.722594070736,39.75,108.34342347291));
#4037 = DIRECTION('',(-0.192675997712,0.,0.98126243172));
#4038 = DIRECTION('',(-0.98126243172,0.,-0.192675997712));
#4039 = DEFINITIONAL_REPRESENTATION('',(#4040),#4044);
#4040 = LINE('',#4041,#4042);
#4041 = CARTESIAN_POINT('',(-6.641340368889E-02,-0.1));
#4042 = VECTOR('',#4043,1.);
#4043 = DIRECTION('',(-1.,0.));
#4044 = ( GEOMETRIC_REPRESENTATION_CONTEXT(2) 
PARAMETRIC_REPRESENTATION_CONTEXT() REPRESENTATION_CONTEXT('2D SPACE',''
  ) );
#4045 = ORIENTED_EDGE('',*,*,#4046,.T.);
#4046 = EDGE_CURVE('',#4019,#4047,#4049,.T.);
#4047 = VERTEX_POINT('',#4048);
#4048 = CARTESIAN_POINT('',(60.907723873096,39.85,108.39597735923));
#4049 = SURFACE_CURVE('',#4050,(#4054,#4061),.PCURVE_S1.);
#4050 = LINE('',#4051,#4052);
#4051 = CARTESIAN_POINT('',(60.6484422195,39.85,108.32237355058));
#4052 = VECTOR('',#4053,1.);
#4053 = DIRECTION('',(0.961989714581,-0.,0.273085680766));
#4054 = PCURVE('',#345,#4055);
#4055 = DEFINITIONAL_REPRESENTATION('',(#4056),#4060);
#4056 = LINE('',#4057,#4058);
#4057 = CARTESIAN_POINT('',(5.64237355058,-1.3215577805));
#4058 = VECTOR('',#4059,1.);
#4059 = DIRECTION('',(0.273085680766,0.961989714581));
#4060 = ( GEOMETRIC_REPRESENTATION_CONTEXT(2) 
PARAMETRIC_REPRESENTATION_CONTEXT() REPRESENTATION_CONTEXT('2D SPACE',''
  ) );
#4061 = PCURVE('',#4062,#4067);
#4062 = PLANE('',#4063);
#4063 = AXIS2_PLACEMENT_3D('',#4064,#4065,#4066);
#4064 = CARTESIAN_POINT('',(60.907723873096,39.75,108.39597735923));
#4065 = DIRECTION('',(-0.273085680766,0.,0.961989714581));
#4066 = DIRECTION('',(-0.961989714581,0.,-0.273085680766));
#4067 = DEFINITIONAL_REPRESENTATION('',(#4068),#4072);
#4068 = LINE('',#4069,#4070);
#4069 = CARTESIAN_POINT('',(0.269526430131,-0.1));
#4070 = VECTOR('',#4071,1.);
#4071 = DIRECTION('',(-1.,0.));
#4072 = ( GEOMETRIC_REPRESENTATION_CONTEXT(2) 
PARAMETRIC_REPRESENTATION_CONTEXT() REPRESENTATION_CONTEXT('2D SPACE',''
  ) );
#4073 = ORIENTED_EDGE('',*,*,#4074,.T.);
#4074 = EDGE_CURVE('',#4047,#4075,#4077,.T.);
#4075 = VERTEX_POINT('',#4076);
#4076 = CARTESIAN_POINT('',(61.030745711751,39.85,108.46948752282));
#4077 = SURFACE_CURVE('',#4078,(#4082,#4089),.PCURVE_S1.);
#4078 = LINE('',#4079,#4080);
#4079 = CARTESIAN_POINT('',(60.102194926868,39.85,107.91464359556));
#4080 = VECTOR('',#4081,1.);
#4081 = DIRECTION('',(0.858424101291,-0.,0.512940603114));
#4082 = PCURVE('',#345,#4083);
#4083 = DEFINITIONAL_REPRESENTATION('',(#4084),#4088);
#4084 = LINE('',#4085,#4086);
#4085 = CARTESIAN_POINT('',(5.23464359556,-1.867805073132));
#4086 = VECTOR('',#4087,1.);
#4087 = DIRECTION('',(0.512940603114,0.858424101291));
#4088 = ( GEOMETRIC_REPRESENTATION_CONTEXT(2) 
PARAMETRIC_REPRESENTATION_CONTEXT() REPRESENTATION_CONTEXT('2D SPACE',''
  ) );
#4089 = PCURVE('',#4090,#4095);
#4090 = PLANE('',#4091);
#4091 = AXIS2_PLACEMENT_3D('',#4092,#4093,#4094);
#4092 = CARTESIAN_POINT('',(61.030745711751,39.75,108.46948752282));
#4093 = DIRECTION('',(-0.512940603114,0.,0.858424101291));
#4094 = DIRECTION('',(-0.858424101291,0.,-0.512940603114));
#4095 = DEFINITIONAL_REPRESENTATION('',(#4096),#4100);
#4096 = LINE('',#4097,#4098);
#4097 = CARTESIAN_POINT('',(1.081692351699,-0.1));
#4098 = VECTOR('',#4099,1.);
#4099 = DIRECTION('',(-1.,0.));
#4100 = ( GEOMETRIC_REPRESENTATION_CONTEXT(2) 
PARAMETRIC_REPRESENTATION_CONTEXT() REPRESENTATION_CONTEXT('2D SPACE',''
  ) );
#4101 = ORIENTED_EDGE('',*,*,#4102,.T.);
#4102 = EDGE_CURVE('',#4075,#4103,#4105,.T.);
#4103 = VERTEX_POINT('',#4104);
#4104 = CARTESIAN_POINT('',(61.106301901902,39.85,108.57647105232));
#4105 = SURFACE_CURVE('',#4106,(#4110,#4117),.PCURVE_S1.);
#4106 = LINE('',#4107,#4108);
#4107 = CARTESIAN_POINT('',(59.860773238012,39.85,106.81286899296));
#4108 = VECTOR('',#4109,1.);
#4109 = DIRECTION('',(0.576878888831,-0.,0.816829693156));
#4110 = PCURVE('',#345,#4111);
#4111 = DEFINITIONAL_REPRESENTATION('',(#4112),#4116);
#4112 = LINE('',#4113,#4114);
#4113 = CARTESIAN_POINT('',(4.13286899296,-2.109226761988));
#4114 = VECTOR('',#4115,1.);
#4115 = DIRECTION('',(0.816829693156,0.576878888831));
#4116 = ( GEOMETRIC_REPRESENTATION_CONTEXT(2) 
PARAMETRIC_REPRESENTATION_CONTEXT() REPRESENTATION_CONTEXT('2D SPACE',''
  ) );
#4117 = PCURVE('',#4118,#4123);
#4118 = PLANE('',#4119);
#4119 = AXIS2_PLACEMENT_3D('',#4120,#4121,#4122);
#4120 = CARTESIAN_POINT('',(61.106301901902,39.75,108.57647105232));
#4121 = DIRECTION('',(-0.816829693156,0.,0.576878888831));
#4122 = DIRECTION('',(-0.576878888831,0.,-0.816829693156));
#4123 = DEFINITIONAL_REPRESENTATION('',(#4124),#4128);
#4124 = LINE('',#4125,#4126);
#4125 = CARTESIAN_POINT('',(2.159081720628,-0.1));
#4126 = VECTOR('',#4127,1.);
#4127 = DIRECTION('',(-1.,0.));
#4128 = ( GEOMETRIC_REPRESENTATION_CONTEXT(2) 
PARAMETRIC_REPRESENTATION_CONTEXT() REPRESENTATION_CONTEXT('2D SPACE',''
  ) );
#4129 = ORIENTED_EDGE('',*,*,#4130,.T.);
#4130 = EDGE_CURVE('',#4103,#4131,#4133,.T.);
#4131 = VERTEX_POINT('',#4132);
#4132 = CARTESIAN_POINT('',(61.135090005228,39.85,108.72737582859));
#4133 = SURFACE_CURVE('',#4134,(#4138,#4145),.PCURVE_S1.);
#4134 = LINE('',#4135,#4136);
#4135 = CARTESIAN_POINT('',(60.593175592682,39.85,105.88670681126));
#4136 = VECTOR('',#4137,1.);
#4137 = DIRECTION('',(0.187390595571,-0.,0.982285480241));
#4138 = PCURVE('',#345,#4139);
#4139 = DEFINITIONAL_REPRESENTATION('',(#4140),#4144);
#4140 = LINE('',#4141,#4142);
#4141 = CARTESIAN_POINT('',(3.20670681126,-1.376824407318));
#4142 = VECTOR('',#4143,1.);
#4143 = DIRECTION('',(0.982285480241,0.187390595571));
#4144 = ( GEOMETRIC_REPRESENTATION_CONTEXT(2) 
PARAMETRIC_REPRESENTATION_CONTEXT() REPRESENTATION_CONTEXT('2D SPACE',''
  ) );
#4145 = PCURVE('',#4146,#4151);
#4146 = PLANE('',#4147);
#4147 = AXIS2_PLACEMENT_3D('',#4148,#4149,#4150);
#4148 = CARTESIAN_POINT('',(61.135090005228,39.75,108.72737582859));
#4149 = DIRECTION('',(-0.982285480241,0.,0.187390595571));
#4150 = DIRECTION('',(-0.187390595571,0.,-0.982285480241));
#4151 = DEFINITIONAL_REPRESENTATION('',(#4152),#4156);
#4152 = LINE('',#4153,#4154);
#4153 = CARTESIAN_POINT('',(2.891897594408,-0.1));
#4154 = VECTOR('',#4155,1.);
#4155 = DIRECTION('',(-1.,0.));
#4156 = ( GEOMETRIC_REPRESENTATION_CONTEXT(2) 
PARAMETRIC_REPRESENTATION_CONTEXT() REPRESENTATION_CONTEXT('2D SPACE',''
  ) );
#4157 = ORIENTED_EDGE('',*,*,#4158,.T.);
#4158 = EDGE_CURVE('',#4131,#4159,#4161,.T.);
#4159 = VERTEX_POINT('',#4160);
#4160 = CARTESIAN_POINT('',(61.102976511772,39.85,108.91420284898));
#4161 = SURFACE_CURVE('',#4162,(#4166,#4173),.PCURVE_S1.);
#4162 = LINE('',#4163,#4164);
#4163 = CARTESIAN_POINT('',(61.635836368086,39.85,105.8141782635));
#4164 = VECTOR('',#4165,1.);
#4165 = DIRECTION('',(-0.169404534066,0.,0.985546601556));
#4166 = PCURVE('',#345,#4167);
#4167 = DEFINITIONAL_REPRESENTATION('',(#4168),#4172);
#4168 = LINE('',#4169,#4170);
#4169 = CARTESIAN_POINT('',(3.1341782635,-0.334163631914));
#4170 = VECTOR('',#4171,1.);
#4171 = DIRECTION('',(0.985546601556,-0.169404534066));
#4172 = ( GEOMETRIC_REPRESENTATION_CONTEXT(2) 
PARAMETRIC_REPRESENTATION_CONTEXT() REPRESENTATION_CONTEXT('2D SPACE',''
  ) );
#4173 = PCURVE('',#4174,#4179);
#4174 = PLANE('',#4175);
#4175 = AXIS2_PLACEMENT_3D('',#4176,#4177,#4178);
#4176 = CARTESIAN_POINT('',(61.102976511772,39.75,108.91420284898));
#4177 = DIRECTION('',(-0.985546601556,0.,-0.169404534066));
#4178 = DIRECTION('',(0.169404534066,0.,-0.985546601556));
#4179 = DEFINITIONAL_REPRESENTATION('',(#4180),#4184);
#4180 = LINE('',#4181,#4182);
#4181 = CARTESIAN_POINT('',(3.14548757064,-0.1));
#4182 = VECTOR('',#4183,1.);
#4183 = DIRECTION('',(-1.,-0.));
#4184 = ( GEOMETRIC_REPRESENTATION_CONTEXT(2) 
PARAMETRIC_REPRESENTATION_CONTEXT() REPRESENTATION_CONTEXT('2D SPACE',''
  ) );
#4185 = ORIENTED_EDGE('',*,*,#4186,.T.);
#4186 = EDGE_CURVE('',#4159,#4187,#4189,.T.);
#4187 = VERTEX_POINT('',#4188);
#4188 = CARTESIAN_POINT('',(60.999440196715,39.85,109.05911411791));
#4189 = SURFACE_CURVE('',#4190,(#4194,#4201),.PCURVE_S1.);
#4190 = LINE('',#4191,#4192);
#4191 = CARTESIAN_POINT('',(62.672153227118,39.85,106.71795519555));
#4192 = VECTOR('',#4193,1.);
#4193 = DIRECTION('',(-0.581343279981,0.,0.813658399343));
#4194 = PCURVE('',#345,#4195);
#4195 = DEFINITIONAL_REPRESENTATION('',(#4196),#4200);
#4196 = LINE('',#4197,#4198);
#4197 = CARTESIAN_POINT('',(4.03795519555,0.702153227118));
#4198 = VECTOR('',#4199,1.);
#4199 = DIRECTION('',(0.813658399343,-0.581343279981));
#4200 = ( GEOMETRIC_REPRESENTATION_CONTEXT(2) 
PARAMETRIC_REPRESENTATION_CONTEXT() REPRESENTATION_CONTEXT('2D SPACE',''
  ) );
#4201 = PCURVE('',#4202,#4207);
#4202 = PLANE('',#4203);
#4203 = AXIS2_PLACEMENT_3D('',#4204,#4205,#4206);
#4204 = CARTESIAN_POINT('',(60.999440196715,39.75,109.05911411791));
#4205 = DIRECTION('',(-0.813658399343,0.,-0.581343279981));
#4206 = DIRECTION('',(0.581343279981,0.,-0.813658399343));
#4207 = DEFINITIONAL_REPRESENTATION('',(#4208),#4212);
#4208 = LINE('',#4209,#4210);
#4209 = CARTESIAN_POINT('',(2.877324100936,-0.1));
#4210 = VECTOR('',#4211,1.);
#4211 = DIRECTION('',(-1.,-0.));
#4212 = ( GEOMETRIC_REPRESENTATION_CONTEXT(2) 
PARAMETRIC_REPRESENTATION_CONTEXT() REPRESENTATION_CONTEXT('2D SPACE',''
  ) );
#4213 = ORIENTED_EDGE('',*,*,#4214,.T.);
#4214 = EDGE_CURVE('',#4187,#4215,#4217,.T.);
#4215 = VERTEX_POINT('',#4216);
#4216 = CARTESIAN_POINT('',(60.825346759997,39.85,109.15328022721));
#4217 = SURFACE_CURVE('',#4218,(#4222,#4229),.PCURVE_S1.);
#4218 = LINE('',#4219,#4220);
#4219 = CARTESIAN_POINT('',(62.622551210175,39.85,108.18118297945));
#4220 = VECTOR('',#4221,1.);
#4221 = DIRECTION('',(-0.879576399195,0.,0.475757667284));
#4222 = PCURVE('',#345,#4223);
#4223 = DEFINITIONAL_REPRESENTATION('',(#4224),#4228);
#4224 = LINE('',#4225,#4226);
#4225 = CARTESIAN_POINT('',(5.50118297945,0.652551210175));
#4226 = VECTOR('',#4227,1.);
#4227 = DIRECTION('',(0.475757667284,-0.879576399195));
#4228 = ( GEOMETRIC_REPRESENTATION_CONTEXT(2) 
PARAMETRIC_REPRESENTATION_CONTEXT() REPRESENTATION_CONTEXT('2D SPACE',''
  ) );
#4229 = PCURVE('',#4230,#4235);
#4230 = PLANE('',#4231);
#4231 = AXIS2_PLACEMENT_3D('',#4232,#4233,#4234);
#4232 = CARTESIAN_POINT('',(60.825346759997,39.75,109.15328022721));
#4233 = DIRECTION('',(-0.475757667284,0.,-0.879576399195));
#4234 = DIRECTION('',(0.879576399195,0.,-0.475757667284));
#4235 = DEFINITIONAL_REPRESENTATION('',(#4236),#4240);
#4236 = LINE('',#4237,#4238);
#4237 = CARTESIAN_POINT('',(2.043261337872,-0.1));
#4238 = VECTOR('',#4239,1.);
#4239 = DIRECTION('',(-1.,-0.));
#4240 = ( GEOMETRIC_REPRESENTATION_CONTEXT(2) 
PARAMETRIC_REPRESENTATION_CONTEXT() REPRESENTATION_CONTEXT('2D SPACE',''
  ) );
#4241 = ORIENTED_EDGE('',*,*,#4242,.T.);
#4242 = EDGE_CURVE('',#4215,#4243,#4245,.T.);
#4243 = VERTEX_POINT('',#4244);
#4244 = CARTESIAN_POINT('',(60.587038140958,39.85,109.1866554435));
#4245 = SURFACE_CURVE('',#4246,(#4250,#4257),.PCURVE_S1.);
#4246 = LINE('',#4247,#4248);
#4247 = CARTESIAN_POINT('',(61.712082163086,39.85,109.02909258349));
#4248 = VECTOR('',#4249,1.);
#4249 = DIRECTION('',(-0.99033489263,0.,0.138696793181));
#4250 = PCURVE('',#345,#4251);
#4251 = DEFINITIONAL_REPRESENTATION('',(#4252),#4256);
#4252 = LINE('',#4253,#4254);
#4253 = CARTESIAN_POINT('',(6.34909258349,-0.257917836914));
#4254 = VECTOR('',#4255,1.);
#4255 = DIRECTION('',(0.138696793181,-0.99033489263));
#4256 = ( GEOMETRIC_REPRESENTATION_CONTEXT(2) 
PARAMETRIC_REPRESENTATION_CONTEXT() REPRESENTATION_CONTEXT('2D SPACE',''
  ) );
#4257 = PCURVE('',#4258,#4263);
#4258 = PLANE('',#4259);
#4259 = AXIS2_PLACEMENT_3D('',#4260,#4261,#4262);
#4260 = CARTESIAN_POINT('',(60.587038140958,39.75,109.1866554435));
#4261 = DIRECTION('',(-0.138696793181,0.,-0.99033489263));
#4262 = DIRECTION('',(0.99033489263,0.,-0.138696793181));
#4263 = DEFINITIONAL_REPRESENTATION('',(#4264),#4268);
#4264 = LINE('',#4265,#4266);
#4265 = CARTESIAN_POINT('',(1.136023814266,-0.1));
#4266 = VECTOR('',#4267,1.);
#4267 = DIRECTION('',(-1.,-0.));
#4268 = ( GEOMETRIC_REPRESENTATION_CONTEXT(2) 
PARAMETRIC_REPRESENTATION_CONTEXT() REPRESENTATION_CONTEXT('2D SPACE',''
  ) );
#4269 = ORIENTED_EDGE('',*,*,#4270,.T.);
#4270 = EDGE_CURVE('',#4243,#4271,#4273,.T.);
#4271 = VERTEX_POINT('',#4272);
#4272 = CARTESIAN_POINT('',(60.437896269337,39.85,109.17752305937));
#4273 = SURFACE_CURVE('',#4274,(#4278,#4285),.PCURVE_S1.);
#4274 = LINE('',#4275,#4276);
#4275 = CARTESIAN_POINT('',(61.002898701486,39.85,109.21211977717));
#4276 = VECTOR('',#4277,1.);
#4277 = DIRECTION('',(-0.998130523617,0.,-6.111839186884E-02));
#4278 = PCURVE('',#345,#4279);
#4279 = DEFINITIONAL_REPRESENTATION('',(#4280),#4284);
#4280 = LINE('',#4281,#4282);
#4281 = CARTESIAN_POINT('',(6.53211977717,-0.967101298514));
#4282 = VECTOR('',#4283,1.);
#4283 = DIRECTION('',(-6.111839186884E-02,-0.998130523617));
#4284 = ( GEOMETRIC_REPRESENTATION_CONTEXT(2) 
PARAMETRIC_REPRESENTATION_CONTEXT() REPRESENTATION_CONTEXT('2D SPACE',''
  ) );
#4285 = PCURVE('',#4286,#4291);
#4286 = PLANE('',#4287);
#4287 = AXIS2_PLACEMENT_3D('',#4288,#4289,#4290);
#4288 = CARTESIAN_POINT('',(60.437896269337,39.75,109.17752305937));
#4289 = DIRECTION('',(6.111839186884E-02,0.,-0.998130523617));
#4290 = DIRECTION('',(0.998130523617,0.,6.111839186884E-02));
#4291 = DEFINITIONAL_REPRESENTATION('',(#4292),#4296);
#4292 = LINE('',#4293,#4294);
#4293 = CARTESIAN_POINT('',(0.566060669201,-0.1));
#4294 = VECTOR('',#4295,1.);
#4295 = DIRECTION('',(-1.,-0.));
#4296 = ( GEOMETRIC_REPRESENTATION_CONTEXT(2) 
PARAMETRIC_REPRESENTATION_CONTEXT() REPRESENTATION_CONTEXT('2D SPACE',''
  ) );
#4297 = ORIENTED_EDGE('',*,*,#4298,.T.);
#4298 = EDGE_CURVE('',#4271,#4299,#4301,.T.);
#4299 = VERTEX_POINT('',#4300);
#4300 = CARTESIAN_POINT('',(60.286894484161,39.85,109.1372882425));
#4301 = SURFACE_CURVE('',#4302,(#4306,#4313),.PCURVE_S1.);
#4302 = LINE('',#4303,#4304);
#4303 = CARTESIAN_POINT('',(60.269408129653,39.85,109.13262895804));
#4304 = VECTOR('',#4305,1.);
#4305 = DIRECTION('',(-0.966286420371,0.,-0.257469520152));
#4306 = PCURVE('',#345,#4307);
#4307 = DEFINITIONAL_REPRESENTATION('',(#4308),#4312);
#4308 = LINE('',#4309,#4310);
#4309 = CARTESIAN_POINT('',(6.45262895804,-1.700591870347));
#4310 = VECTOR('',#4311,1.);
#4311 = DIRECTION('',(-0.257469520152,-0.966286420371));
#4312 = ( GEOMETRIC_REPRESENTATION_CONTEXT(2) 
PARAMETRIC_REPRESENTATION_CONTEXT() REPRESENTATION_CONTEXT('2D SPACE',''
  ) );
#4313 = PCURVE('',#4314,#4319);
#4314 = PLANE('',#4315);
#4315 = AXIS2_PLACEMENT_3D('',#4316,#4317,#4318);
#4316 = CARTESIAN_POINT('',(60.286894484161,39.75,109.1372882425));
#4317 = DIRECTION('',(0.257469520152,0.,-0.966286420371));
#4318 = DIRECTION('',(0.966286420371,0.,0.257469520152));
#4319 = DEFINITIONAL_REPRESENTATION('',(#4320),#4324);
#4320 = LINE('',#4321,#4322);
#4321 = CARTESIAN_POINT('',(-1.809645063703E-02,-0.1));
#4322 = VECTOR('',#4323,1.);
#4323 = DIRECTION('',(-1.,-0.));
#4324 = ( GEOMETRIC_REPRESENTATION_CONTEXT(2) 
PARAMETRIC_REPRESENTATION_CONTEXT() REPRESENTATION_CONTEXT('2D SPACE',''
  ) );
#4325 = ORIENTED_EDGE('',*,*,#4326,.T.);
#4326 = EDGE_CURVE('',#4299,#4327,#4329,.T.);
#4327 = VERTEX_POINT('',#4328);
#4328 = CARTESIAN_POINT('',(60.15035050708,39.85,109.05957583885));
#4329 = SURFACE_CURVE('',#4330,(#4334,#4341),.PCURVE_S1.);
#4330 = LINE('',#4331,#4332);
#4331 = CARTESIAN_POINT('',(59.466316154747,39.85,108.67026570715));
#4332 = VECTOR('',#4333,1.);
#4333 = DIRECTION('',(-0.869099289291,0.,-0.494637670779));
#4334 = PCURVE('',#345,#4335);
#4335 = DEFINITIONAL_REPRESENTATION('',(#4336),#4340);
#4336 = LINE('',#4337,#4338);
#4337 = CARTESIAN_POINT('',(5.99026570715,-2.503683845253));
#4338 = VECTOR('',#4339,1.);
#4339 = DIRECTION('',(-0.494637670779,-0.869099289291));
#4340 = ( GEOMETRIC_REPRESENTATION_CONTEXT(2) 
PARAMETRIC_REPRESENTATION_CONTEXT() REPRESENTATION_CONTEXT('2D SPACE',''
  ) );
#4341 = PCURVE('',#4342,#4347);
#4342 = PLANE('',#4343);
#4343 = AXIS2_PLACEMENT_3D('',#4344,#4345,#4346);
#4344 = CARTESIAN_POINT('',(60.15035050708,39.75,109.05957583885));
#4345 = DIRECTION('',(0.494637670779,0.,-0.869099289291));
#4346 = DIRECTION('',(0.869099289291,0.,0.494637670779));
#4347 = DEFINITIONAL_REPRESENTATION('',(#4348),#4352);
#4348 = LINE('',#4349,#4350);
#4349 = CARTESIAN_POINT('',(-0.787061226218,-0.1));
#4350 = VECTOR('',#4351,1.);
#4351 = DIRECTION('',(-1.,-0.));
#4352 = ( GEOMETRIC_REPRESENTATION_CONTEXT(2) 
PARAMETRIC_REPRESENTATION_CONTEXT() REPRESENTATION_CONTEXT('2D SPACE',''
  ) );
#4353 = ORIENTED_EDGE('',*,*,#4354,.T.);
#4354 = EDGE_CURVE('',#4327,#4355,#4357,.T.);
#4355 = VERTEX_POINT('',#4356);
#4356 = CARTESIAN_POINT('',(60.050531576264,39.85,108.92486200498));
#4357 = SURFACE_CURVE('',#4358,(#4362,#4369),.PCURVE_S1.);
#4358 = LINE('',#4359,#4360);
#4359 = CARTESIAN_POINT('',(58.897105882662,39.85,107.36821943238));
#4360 = VECTOR('',#4361,1.);
#4361 = DIRECTION('',(-0.595346566735,0.,-0.803469019612));
#4362 = PCURVE('',#345,#4363);
#4363 = DEFINITIONAL_REPRESENTATION('',(#4364),#4368);
#4364 = LINE('',#4365,#4366);
#4365 = CARTESIAN_POINT('',(4.68821943238,-3.072894117338));
#4366 = VECTOR('',#4367,1.);
#4367 = DIRECTION('',(-0.803469019612,-0.595346566735));
#4368 = ( GEOMETRIC_REPRESENTATION_CONTEXT(2) 
PARAMETRIC_REPRESENTATION_CONTEXT() REPRESENTATION_CONTEXT('2D SPACE',''
  ) );
#4369 = PCURVE('',#4370,#4375);
#4370 = PLANE('',#4371);
#4371 = AXIS2_PLACEMENT_3D('',#4372,#4373,#4374);
#4372 = CARTESIAN_POINT('',(60.050531576264,39.75,108.92486200498));
#4373 = DIRECTION('',(0.803469019612,0.,-0.595346566735));
#4374 = DIRECTION('',(0.595346566735,0.,0.803469019612));
#4375 = DEFINITIONAL_REPRESENTATION('',(#4376),#4380);
#4376 = LINE('',#4377,#4378);
#4377 = CARTESIAN_POINT('',(-1.937402108364,-0.1));
#4378 = VECTOR('',#4379,1.);
#4379 = DIRECTION('',(-1.,-0.));
#4380 = ( GEOMETRIC_REPRESENTATION_CONTEXT(2) 
PARAMETRIC_REPRESENTATION_CONTEXT() REPRESENTATION_CONTEXT('2D SPACE',''
  ) );
#4381 = ORIENTED_EDGE('',*,*,#4382,.T.);
#4382 = EDGE_CURVE('',#4355,#4383,#4385,.T.);
#4383 = VERTEX_POINT('',#4384);
#4384 = CARTESIAN_POINT('',(60.017397190913,39.85,108.81890608069));
#4385 = SURFACE_CURVE('',#4386,(#4390,#4397),.PCURVE_S1.);
#4386 = LINE('',#4387,#4388);
#4387 = CARTESIAN_POINT('',(59.229999479683,39.85,106.30099450944));
#4388 = VECTOR('',#4389,1.);
#4389 = DIRECTION('',(-0.298465037346,0.,-0.954420568451));
#4390 = PCURVE('',#345,#4391);
#4391 = DEFINITIONAL_REPRESENTATION('',(#4392),#4396);
#4392 = LINE('',#4393,#4394);
#4393 = CARTESIAN_POINT('',(3.62099450944,-2.740000520317));
#4394 = VECTOR('',#4395,1.);
#4395 = DIRECTION('',(-0.954420568451,-0.298465037346));
#4396 = ( GEOMETRIC_REPRESENTATION_CONTEXT(2) 
PARAMETRIC_REPRESENTATION_CONTEXT() REPRESENTATION_CONTEXT('2D SPACE',''
  ) );
#4397 = PCURVE('',#4398,#4403);
#4398 = PLANE('',#4399);
#4399 = AXIS2_PLACEMENT_3D('',#4400,#4401,#4402);
#4400 = CARTESIAN_POINT('',(60.017397190913,39.75,108.81890608069));
#4401 = DIRECTION('',(0.954420568451,0.,-0.298465037346));
#4402 = DIRECTION('',(0.298465037346,0.,0.954420568451));
#4403 = DEFINITIONAL_REPRESENTATION('',(#4404),#4408);
#4404 = LINE('',#4405,#4406);
#4405 = CARTESIAN_POINT('',(-2.63815728043,-0.1));
#4406 = VECTOR('',#4407,1.);
#4407 = DIRECTION('',(-1.,-0.));
#4408 = ( GEOMETRIC_REPRESENTATION_CONTEXT(2) 
PARAMETRIC_REPRESENTATION_CONTEXT() REPRESENTATION_CONTEXT('2D SPACE',''
  ) );
#4409 = ORIENTED_EDGE('',*,*,#4410,.T.);
#4410 = EDGE_CURVE('',#4383,#4411,#4413,.T.);
#4411 = VERTEX_POINT('',#4412);
#4412 = CARTESIAN_POINT('',(60.060408520411,39.85,108.71757582095));
#4413 = SURFACE_CURVE('',#4414,(#4418,#4425),.PCURVE_S1.);
#4414 = LINE('',#4415,#4416);
#4415 = CARTESIAN_POINT('',(61.291926164136,39.85,105.81624716717));
#4416 = VECTOR('',#4417,1.);
#4417 = DIRECTION('',(0.39072486377,0.,-0.920507512643));
#4418 = PCURVE('',#345,#4419);
#4419 = DEFINITIONAL_REPRESENTATION('',(#4420),#4424);
#4420 = LINE('',#4421,#4422);
#4421 = CARTESIAN_POINT('',(3.13624716717,-0.678073835864));
#4422 = VECTOR('',#4423,1.);
#4423 = DIRECTION('',(-0.920507512643,0.39072486377));
#4424 = ( GEOMETRIC_REPRESENTATION_CONTEXT(2) 
PARAMETRIC_REPRESENTATION_CONTEXT() REPRESENTATION_CONTEXT('2D SPACE',''
  ) );
#4425 = PCURVE('',#4426,#4431);
#4426 = PLANE('',#4427);
#4427 = AXIS2_PLACEMENT_3D('',#4428,#4429,#4430);
#4428 = CARTESIAN_POINT('',(60.060408520411,39.75,108.71757582095));
#4429 = DIRECTION('',(0.920507512643,0.,0.39072486377));
#4430 = DIRECTION('',(-0.39072486377,0.,0.920507512643));
#4431 = DEFINITIONAL_REPRESENTATION('',(#4432),#4436);
#4432 = LINE('',#4433,#4434);
#4433 = CARTESIAN_POINT('',(-3.151879386025,-0.1));
#4434 = VECTOR('',#4435,1.);
#4435 = DIRECTION('',(-1.,0.));
#4436 = ( GEOMETRIC_REPRESENTATION_CONTEXT(2) 
PARAMETRIC_REPRESENTATION_CONTEXT() REPRESENTATION_CONTEXT('2D SPACE',''
  ) );
#4437 = ORIENTED_EDGE('',*,*,#4438,.T.);
#4438 = EDGE_CURVE('',#4411,#4439,#4441,.T.);
#4439 = VERTEX_POINT('',#4440);
#4440 = CARTESIAN_POINT('',(60.253023754738,39.85,108.71757582095));
#4441 = SURFACE_CURVE('',#4442,(#4446,#4453),.PCURVE_S1.);
#4442 = LINE('',#4443,#4444);
#4443 = CARTESIAN_POINT('',(61.111511877369,39.85,108.71757582095));
#4444 = VECTOR('',#4445,1.);
#4445 = DIRECTION('',(1.,0.,-6.123233995737E-17));
#4446 = PCURVE('',#345,#4447);
#4447 = DEFINITIONAL_REPRESENTATION('',(#4448),#4452);
#4448 = LINE('',#4449,#4450);
#4449 = CARTESIAN_POINT('',(6.03757582095,-0.858488122631));
#4450 = VECTOR('',#4451,1.);
#4451 = DIRECTION('',(-6.123233995737E-17,1.));
#4452 = ( GEOMETRIC_REPRESENTATION_CONTEXT(2) 
PARAMETRIC_REPRESENTATION_CONTEXT() REPRESENTATION_CONTEXT('2D SPACE',''
  ) );
#4453 = PCURVE('',#4454,#4459);
#4454 = PLANE('',#4455);
#4455 = AXIS2_PLACEMENT_3D('',#4456,#4457,#4458);
#4456 = CARTESIAN_POINT('',(60.253023754738,39.75,108.71757582095));
#4457 = DIRECTION('',(6.123233995737E-17,0.,1.));
#4458 = DIRECTION('',(-1.,0.,6.123233995737E-17));
#4459 = DEFINITIONAL_REPRESENTATION('',(#4460),#4464);
#4460 = LINE('',#4461,#4462);
#4461 = CARTESIAN_POINT('',(-0.858488122631,-0.1));
#4462 = VECTOR('',#4463,1.);
#4463 = DIRECTION('',(-1.,0.));
#4464 = ( GEOMETRIC_REPRESENTATION_CONTEXT(2) 
PARAMETRIC_REPRESENTATION_CONTEXT() REPRESENTATION_CONTEXT('2D SPACE',''
  ) );
#4465 = ORIENTED_EDGE('',*,*,#4466,.T.);
#4466 = EDGE_CURVE('',#4439,#4467,#4469,.T.);
#4467 = VERTEX_POINT('',#4468);
#4468 = CARTESIAN_POINT('',(60.365944189416,39.85,108.87266774721));
#4469 = SURFACE_CURVE('',#4470,(#4474,#4481),.PCURVE_S1.);
#4470 = LINE('',#4471,#4472);
#4471 = CARTESIAN_POINT('',(59.170450993419,39.85,107.23070326906));
#4472 = VECTOR('',#4473,1.);
#4473 = DIRECTION('',(0.588602228813,-0.,0.80842279547));
#4474 = PCURVE('',#345,#4475);
#4475 = DEFINITIONAL_REPRESENTATION('',(#4476),#4480);
#4476 = LINE('',#4477,#4478);
#4477 = CARTESIAN_POINT('',(4.55070326906,-2.799549006581));
#4478 = VECTOR('',#4479,1.);
#4479 = DIRECTION('',(0.80842279547,0.588602228813));
#4480 = ( GEOMETRIC_REPRESENTATION_CONTEXT(2) 
PARAMETRIC_REPRESENTATION_CONTEXT() REPRESENTATION_CONTEXT('2D SPACE',''
  ) );
#4481 = PCURVE('',#4482,#4487);
#4482 = PLANE('',#4483);
#4483 = AXIS2_PLACEMENT_3D('',#4484,#4485,#4486);
#4484 = CARTESIAN_POINT('',(60.365944189416,39.75,108.87266774721));
#4485 = DIRECTION('',(-0.80842279547,0.,0.588602228813));
#4486 = DIRECTION('',(-0.588602228813,0.,-0.80842279547));
#4487 = DEFINITIONAL_REPRESENTATION('',(#4488),#4492);
#4488 = LINE('',#4489,#4490);
#4489 = CARTESIAN_POINT('',(2.031071473184,-0.1));
#4490 = VECTOR('',#4491,1.);
#4491 = DIRECTION('',(-1.,0.));
#4492 = ( GEOMETRIC_REPRESENTATION_CONTEXT(2) 
PARAMETRIC_REPRESENTATION_CONTEXT() REPRESENTATION_CONTEXT('2D SPACE',''
  ) );
#4493 = ORIENTED_EDGE('',*,*,#4494,.T.);
#4494 = EDGE_CURVE('',#4467,#4495,#4497,.T.);
#4495 = VERTEX_POINT('',#4496);
#4496 = CARTESIAN_POINT('',(60.589206203921,39.85,108.9444340619));
#4497 = SURFACE_CURVE('',#4498,(#4502,#4509),.PCURVE_S1.);
#4498 = LINE('',#4499,#4500);
#4499 = CARTESIAN_POINT('',(60.302403885126,39.85,108.85224307496));
#4500 = VECTOR('',#4501,1.);
#4501 = DIRECTION('',(0.95202418303,-0.,0.306022801317));
#4502 = PCURVE('',#345,#4503);
#4503 = DEFINITIONAL_REPRESENTATION('',(#4504),#4508);
#4504 = LINE('',#4505,#4506);
#4505 = CARTESIAN_POINT('',(6.17224307496,-1.667596114874));
#4506 = VECTOR('',#4507,1.);
#4507 = DIRECTION('',(0.306022801317,0.95202418303));
#4508 = ( GEOMETRIC_REPRESENTATION_CONTEXT(2) 
PARAMETRIC_REPRESENTATION_CONTEXT() REPRESENTATION_CONTEXT('2D SPACE',''
  ) );
#4509 = PCURVE('',#4510,#4515);
#4510 = PLANE('',#4511);
#4511 = AXIS2_PLACEMENT_3D('',#4512,#4513,#4514);
#4512 = CARTESIAN_POINT('',(60.589206203921,39.75,108.9444340619));
#4513 = DIRECTION('',(-0.306022801317,0.,0.95202418303));
#4514 = DIRECTION('',(-0.95202418303,0.,-0.306022801317));
#4515 = DEFINITIONAL_REPRESENTATION('',(#4516),#4520);
#4516 = LINE('',#4517,#4518);
#4517 = CARTESIAN_POINT('',(0.301255287322,-0.1));
#4518 = VECTOR('',#4519,1.);
#4519 = DIRECTION('',(-1.,0.));
#4520 = ( GEOMETRIC_REPRESENTATION_CONTEXT(2) 
PARAMETRIC_REPRESENTATION_CONTEXT() REPRESENTATION_CONTEXT('2D SPACE',''
  ) );
#4521 = ORIENTED_EDGE('',*,*,#4522,.T.);
#4522 = EDGE_CURVE('',#4495,#3205,#4523,.T.);
#4523 = SURFACE_CURVE('',#4524,(#4528,#4535),.PCURVE_S1.);
#4524 = LINE('',#4525,#4526);
#4525 = CARTESIAN_POINT('',(61.612842794075,39.85,108.85004578685));
#4526 = VECTOR('',#4527,1.);
#4527 = DIRECTION('',(0.995775689754,0.,-9.181925557736E-02));
#4528 = PCURVE('',#345,#4529);
#4529 = DEFINITIONAL_REPRESENTATION('',(#4530),#4534);
#4530 = LINE('',#4531,#4532);
#4531 = CARTESIAN_POINT('',(6.17004578685,-0.357157205925));
#4532 = VECTOR('',#4533,1.);
#4533 = DIRECTION('',(-9.181925557736E-02,0.995775689754));
#4534 = ( GEOMETRIC_REPRESENTATION_CONTEXT(2) 
PARAMETRIC_REPRESENTATION_CONTEXT() REPRESENTATION_CONTEXT('2D SPACE',''
  ) );
#4535 = PCURVE('',#4536,#4541);
#4536 = PLANE('',#4537);
#4537 = AXIS2_PLACEMENT_3D('',#4538,#4539,#4540);
#4538 = CARTESIAN_POINT('',(60.69456088372,39.75,108.93471943603));
#4539 = DIRECTION('',(9.181925557736E-02,0.,0.995775689754));
#4540 = DIRECTION('',(-0.995775689754,0.,9.181925557736E-02));
#4541 = DEFINITIONAL_REPRESENTATION('',(#4542),#4546);
#4542 = LINE('',#4543,#4544);
#4543 = CARTESIAN_POINT('',(-0.922177474107,-0.1));
#4544 = VECTOR('',#4545,1.);
#4545 = DIRECTION('',(-1.,0.));
#4546 = ( GEOMETRIC_REPRESENTATION_CONTEXT(2) 
PARAMETRIC_REPRESENTATION_CONTEXT() REPRESENTATION_CONTEXT('2D SPACE',''
  ) );
#4547 = FACE_BOUND('',#4548,.T.);
#4548 = EDGE_LOOP('',(#4549,#4579,#4607,#4635,#4663,#4691,#4719,#4747,
    #4775,#4803,#4831,#4859));
#4549 = ORIENTED_EDGE('',*,*,#4550,.T.);
#4550 = EDGE_CURVE('',#4551,#4553,#4555,.T.);
#4551 = VERTEX_POINT('',#4552);
#4552 = CARTESIAN_POINT('',(61.363177159828,39.85,108.58109809663));
#4553 = VERTEX_POINT('',#4554);
#4554 = CARTESIAN_POINT('',(61.315220665133,39.85,108.37806107532));
#4555 = SURFACE_CURVE('',#4556,(#4560,#4567),.PCURVE_S1.);
#4556 = LINE('',#4557,#4558);
#4557 = CARTESIAN_POINT('',(60.695148987848,39.85,105.75281694203));
#4558 = VECTOR('',#4559,1.);
#4559 = DIRECTION('',(-0.229870765524,0.,-0.97322116251));
#4560 = PCURVE('',#345,#4561);
#4561 = DEFINITIONAL_REPRESENTATION('',(#4562),#4566);
#4562 = LINE('',#4563,#4564);
#4563 = CARTESIAN_POINT('',(3.07281694203,-1.274851012152));
#4564 = VECTOR('',#4565,1.);
#4565 = DIRECTION('',(-0.97322116251,-0.229870765524));
#4566 = ( GEOMETRIC_REPRESENTATION_CONTEXT(2) 
PARAMETRIC_REPRESENTATION_CONTEXT() REPRESENTATION_CONTEXT('2D SPACE',''
  ) );
#4567 = PCURVE('',#4568,#4573);
#4568 = PLANE('',#4569);
#4569 = AXIS2_PLACEMENT_3D('',#4570,#4571,#4572);
#4570 = CARTESIAN_POINT('',(61.315220665133,39.75,108.37806107532));
#4571 = DIRECTION('',(0.97322116251,0.,-0.229870765524));
#4572 = DIRECTION('',(0.229870765524,0.,0.97322116251));
#4573 = DEFINITIONAL_REPRESENTATION('',(#4574),#4578);
#4574 = LINE('',#4575,#4576);
#4575 = CARTESIAN_POINT('',(-2.69747949841,-0.1));
#4576 = VECTOR('',#4577,1.);
#4577 = DIRECTION('',(-1.,-0.));
#4578 = ( GEOMETRIC_REPRESENTATION_CONTEXT(2) 
PARAMETRIC_REPRESENTATION_CONTEXT() REPRESENTATION_CONTEXT('2D SPACE',''
  ) );
#4579 = ORIENTED_EDGE('',*,*,#4580,.T.);
#4580 = EDGE_CURVE('',#4553,#4581,#4583,.T.);
#4581 = VERTEX_POINT('',#4582);
#4582 = CARTESIAN_POINT('',(61.976120058565,39.85,108.33010458063));
#4583 = SURFACE_CURVE('',#4584,(#4588,#4595),.PCURVE_S1.);
#4584 = LINE('',#4585,#4586);
#4585 = CARTESIAN_POINT('',(62.176995141026,39.85,108.31552858779));
#4586 = VECTOR('',#4587,1.);
#4587 = DIRECTION('',(0.997377694634,0.,-7.237219249575E-02));
#4588 = PCURVE('',#345,#4589);
#4589 = DEFINITIONAL_REPRESENTATION('',(#4590),#4594);
#4590 = LINE('',#4591,#4592);
#4591 = CARTESIAN_POINT('',(5.63552858779,0.206995141026));
#4592 = VECTOR('',#4593,1.);
#4593 = DIRECTION('',(-7.237219249575E-02,0.997377694634));
#4594 = ( GEOMETRIC_REPRESENTATION_CONTEXT(2) 
PARAMETRIC_REPRESENTATION_CONTEXT() REPRESENTATION_CONTEXT('2D SPACE',''
  ) );
#4595 = PCURVE('',#4596,#4601);
#4596 = PLANE('',#4597);
#4597 = AXIS2_PLACEMENT_3D('',#4598,#4599,#4600);
#4598 = CARTESIAN_POINT('',(61.976120058565,39.75,108.33010458063));
#4599 = DIRECTION('',(7.237219249575E-02,0.,0.997377694634));
#4600 = DIRECTION('',(-0.997377694634,0.,7.237219249575E-02));
#4601 = DEFINITIONAL_REPRESENTATION('',(#4602),#4606);
#4602 = LINE('',#4603,#4604);
#4603 = CARTESIAN_POINT('',(-0.201403223214,-0.1));
#4604 = VECTOR('',#4605,1.);
#4605 = DIRECTION('',(-1.,0.));
#4606 = ( GEOMETRIC_REPRESENTATION_CONTEXT(2) 
PARAMETRIC_REPRESENTATION_CONTEXT() REPRESENTATION_CONTEXT('2D SPACE',''
  ) );
#4607 = ORIENTED_EDGE('',*,*,#4608,.T.);
#4608 = EDGE_CURVE('',#4581,#4609,#4611,.T.);
#4609 = VERTEX_POINT('',#4610);
#4610 = CARTESIAN_POINT('',(62.016120058565,39.85,107.99047688768));
#4611 = SURFACE_CURVE('',#4612,(#4616,#4623),.PCURVE_S1.);
#4612 = LINE('',#4613,#4614);
#4613 = CARTESIAN_POINT('',(62.324249497793,39.85,105.37424462329));
#4614 = VECTOR('',#4615,1.);
#4615 = DIRECTION('',(0.116967579988,0.,-0.993135733539));
#4616 = PCURVE('',#345,#4617);
#4617 = DEFINITIONAL_REPRESENTATION('',(#4618),#4622);
#4618 = LINE('',#4619,#4620);
#4619 = CARTESIAN_POINT('',(2.69424462329,0.354249497793));
#4620 = VECTOR('',#4621,1.);
#4621 = DIRECTION('',(-0.993135733539,0.116967579988));
#4622 = ( GEOMETRIC_REPRESENTATION_CONTEXT(2) 
PARAMETRIC_REPRESENTATION_CONTEXT() REPRESENTATION_CONTEXT('2D SPACE',''
  ) );
#4623 = PCURVE('',#4624,#4629);
#4624 = PLANE('',#4625);
#4625 = AXIS2_PLACEMENT_3D('',#4626,#4627,#4628);
#4626 = CARTESIAN_POINT('',(62.016120058565,39.75,107.99047688768));
#4627 = DIRECTION('',(0.993135733539,0.,0.116967579988));
#4628 = DIRECTION('',(-0.116967579988,0.,0.993135733539));
#4629 = DEFINITIONAL_REPRESENTATION('',(#4630),#4634);
#4630 = LINE('',#4631,#4632);
#4631 = CARTESIAN_POINT('',(-2.634314903833,-0.1));
#4632 = VECTOR('',#4633,1.);
#4633 = DIRECTION('',(-1.,0.));
#4634 = ( GEOMETRIC_REPRESENTATION_CONTEXT(2) 
PARAMETRIC_REPRESENTATION_CONTEXT() REPRESENTATION_CONTEXT('2D SPACE',''
  ) );
#4635 = ORIENTED_EDGE('',*,*,#4636,.T.);
#4636 = EDGE_CURVE('',#4609,#4637,#4639,.T.);
#4637 = VERTEX_POINT('',#4638);
#4638 = CARTESIAN_POINT('',(61.270937042698,39.85,107.95047688768));
#4639 = SURFACE_CURVE('',#4640,(#4644,#4651),.PCURVE_S1.);
#4640 = LINE('',#4641,#4642);
#4641 = CARTESIAN_POINT('',(61.478416141252,39.85,107.96161396912));
#4642 = VECTOR('',#4643,1.);
#4643 = DIRECTION('',(-0.998562437231,0.,-5.360092304672E-02));
#4644 = PCURVE('',#345,#4645);
#4645 = DEFINITIONAL_REPRESENTATION('',(#4646),#4650);
#4646 = LINE('',#4647,#4648);
#4647 = CARTESIAN_POINT('',(5.28161396912,-0.491583858748));
#4648 = VECTOR('',#4649,1.);
#4649 = DIRECTION('',(-5.360092304672E-02,-0.998562437231));
#4650 = ( GEOMETRIC_REPRESENTATION_CONTEXT(2) 
PARAMETRIC_REPRESENTATION_CONTEXT() REPRESENTATION_CONTEXT('2D SPACE',''
  ) );
#4651 = PCURVE('',#4652,#4657);
#4652 = PLANE('',#4653);
#4653 = AXIS2_PLACEMENT_3D('',#4654,#4655,#4656);
#4654 = CARTESIAN_POINT('',(61.270937042698,39.75,107.95047688768));
#4655 = DIRECTION('',(5.360092304672E-02,0.,-0.998562437231));
#4656 = DIRECTION('',(0.998562437231,0.,5.360092304672E-02));
#4657 = DEFINITIONAL_REPRESENTATION('',(#4658),#4662);
#4658 = LINE('',#4659,#4660);
#4659 = CARTESIAN_POINT('',(0.207777792172,-0.1));
#4660 = VECTOR('',#4661,1.);
#4661 = DIRECTION('',(-1.,-0.));
#4662 = ( GEOMETRIC_REPRESENTATION_CONTEXT(2) 
PARAMETRIC_REPRESENTATION_CONTEXT() REPRESENTATION_CONTEXT('2D SPACE',''
  ) );
#4663 = ORIENTED_EDGE('',*,*,#4664,.T.);
#4664 = EDGE_CURVE('',#4637,#4665,#4667,.T.);
#4665 = VERTEX_POINT('',#4666);
#4666 = CARTESIAN_POINT('',(61.222980548003,39.85,107.74743986637));
#4667 = SURFACE_CURVE('',#4668,(#4672,#4679),.PCURVE_S1.);
#4668 = LINE('',#4669,#4670);
#4669 = CARTESIAN_POINT('',(60.675885622257,39.85,105.43116289907));
#4670 = VECTOR('',#4671,1.);
#4671 = DIRECTION('',(-0.229870765524,0.,-0.97322116251));
#4672 = PCURVE('',#345,#4673);
#4673 = DEFINITIONAL_REPRESENTATION('',(#4674),#4678);
#4674 = LINE('',#4675,#4676);
#4675 = CARTESIAN_POINT('',(2.75116289907,-1.294114377743));
#4676 = VECTOR('',#4677,1.);
#4677 = DIRECTION('',(-0.97322116251,-0.229870765524));
#4678 = ( GEOMETRIC_REPRESENTATION_CONTEXT(2) 
PARAMETRIC_REPRESENTATION_CONTEXT() REPRESENTATION_CONTEXT('2D SPACE',''
  ) );
#4679 = PCURVE('',#4680,#4685);
#4680 = PLANE('',#4681);
#4681 = AXIS2_PLACEMENT_3D('',#4682,#4683,#4684);
#4682 = CARTESIAN_POINT('',(61.222980548003,39.75,107.74743986637));
#4683 = DIRECTION('',(0.97322116251,0.,-0.229870765524));
#4684 = DIRECTION('',(0.229870765524,0.,0.97322116251));
#4685 = DEFINITIONAL_REPRESENTATION('',(#4686),#4690);
#4686 = LINE('',#4687,#4688);
#4687 = CARTESIAN_POINT('',(-2.380010892206,-0.1));
#4688 = VECTOR('',#4689,1.);
#4689 = DIRECTION('',(-1.,-0.));
#4690 = ( GEOMETRIC_REPRESENTATION_CONTEXT(2) 
PARAMETRIC_REPRESENTATION_CONTEXT() REPRESENTATION_CONTEXT('2D SPACE',''
  ) );
#4691 = ORIENTED_EDGE('',*,*,#4692,.T.);
#4692 = EDGE_CURVE('',#4665,#4693,#4695,.T.);
#4693 = VERTEX_POINT('',#4694);
#4694 = CARTESIAN_POINT('',(62.269355783071,39.85,107.69948337168));
#4695 = SURFACE_CURVE('',#4696,(#4700,#4707),.PCURVE_S1.);
#4696 = LINE('',#4697,#4698);
#4697 = CARTESIAN_POINT('',(62.234774670915,39.85,107.70106826098));
#4698 = VECTOR('',#4699,1.);
#4699 = DIRECTION('',(0.998951408223,0.,-4.57830100557E-02));
#4700 = PCURVE('',#345,#4701);
#4701 = DEFINITIONAL_REPRESENTATION('',(#4702),#4706);
#4702 = LINE('',#4703,#4704);
#4703 = CARTESIAN_POINT('',(5.02106826098,0.264774670915));
#4704 = VECTOR('',#4705,1.);
#4705 = DIRECTION('',(-4.57830100557E-02,0.998951408223));
#4706 = ( GEOMETRIC_REPRESENTATION_CONTEXT(2) 
PARAMETRIC_REPRESENTATION_CONTEXT() REPRESENTATION_CONTEXT('2D SPACE',''
  ) );
#4707 = PCURVE('',#4708,#4713);
#4708 = PLANE('',#4709);
#4709 = AXIS2_PLACEMENT_3D('',#4710,#4711,#4712);
#4710 = CARTESIAN_POINT('',(62.269355783071,39.75,107.69948337168));
#4711 = DIRECTION('',(4.57830100557E-02,0.,0.998951408223));
#4712 = DIRECTION('',(-0.998951408223,0.,4.57830100557E-02));
#4713 = DEFINITIONAL_REPRESENTATION('',(#4714),#4718);
#4714 = LINE('',#4715,#4716);
#4715 = CARTESIAN_POINT('',(3.46174116889E-02,-0.1));
#4716 = VECTOR('',#4717,1.);
#4717 = DIRECTION('',(-1.,0.));
#4718 = ( GEOMETRIC_REPRESENTATION_CONTEXT(2) 
PARAMETRIC_REPRESENTATION_CONTEXT() REPRESENTATION_CONTEXT('2D SPACE',''
  ) );
#4719 = ORIENTED_EDGE('',*,*,#4720,.T.);
#4720 = EDGE_CURVE('',#4693,#4721,#4723,.T.);
#4721 = VERTEX_POINT('',#4722);
#4722 = CARTESIAN_POINT('',(62.317312277766,39.85,109.11544655905));
#4723 = SURFACE_CURVE('',#4724,(#4728,#4735),.PCURVE_S1.);
#4724 = LINE('',#4725,#4726);
#4725 = CARTESIAN_POINT('',(62.20825883677,39.85,105.89553528554));
#4726 = VECTOR('',#4727,1.);
#4727 = DIRECTION('',(3.384905340034E-02,-0.,0.999426956603));
#4728 = PCURVE('',#345,#4729);
#4729 = DEFINITIONAL_REPRESENTATION('',(#4730),#4734);
#4730 = LINE('',#4731,#4732);
#4731 = CARTESIAN_POINT('',(3.21553528554,0.23825883677));
#4732 = VECTOR('',#4733,1.);
#4733 = DIRECTION('',(0.999426956603,3.384905340034E-02));
#4734 = ( GEOMETRIC_REPRESENTATION_CONTEXT(2) 
PARAMETRIC_REPRESENTATION_CONTEXT() REPRESENTATION_CONTEXT('2D SPACE',''
  ) );
#4735 = PCURVE('',#4736,#4741);
#4736 = PLANE('',#4737);
#4737 = AXIS2_PLACEMENT_3D('',#4738,#4739,#4740);
#4738 = CARTESIAN_POINT('',(62.317312277766,39.75,109.11544655905));
#4739 = DIRECTION('',(-0.999426956603,0.,3.384905340034E-02));
#4740 = DIRECTION('',(-3.384905340034E-02,0.,-0.999426956603));
#4741 = DEFINITIONAL_REPRESENTATION('',(#4742),#4746);
#4742 = LINE('',#4743,#4744);
#4743 = CARTESIAN_POINT('',(3.221757480362,-0.1));
#4744 = VECTOR('',#4745,1.);
#4745 = DIRECTION('',(-1.,0.));
#4746 = ( GEOMETRIC_REPRESENTATION_CONTEXT(2) 
PARAMETRIC_REPRESENTATION_CONTEXT() REPRESENTATION_CONTEXT('2D SPACE',''
  ) );
#4747 = ORIENTED_EDGE('',*,*,#4748,.T.);
#4748 = EDGE_CURVE('',#4721,#4749,#4751,.T.);
#4749 = VERTEX_POINT('',#4750);
#4750 = CARTESIAN_POINT('',(61.307017360623,39.85,109.16340305375));
#4751 = SURFACE_CURVE('',#4752,(#4756,#4763),.PCURVE_S1.);
#4752 = LINE('',#4753,#4754);
#4753 = CARTESIAN_POINT('',(61.791294007522,39.85,109.14041549828));
#4754 = VECTOR('',#4755,1.);
#4755 = DIRECTION('',(-0.998875303416,0.,4.741443055549E-02));
#4756 = PCURVE('',#345,#4757);
#4757 = DEFINITIONAL_REPRESENTATION('',(#4758),#4762);
#4758 = LINE('',#4759,#4760);
#4759 = CARTESIAN_POINT('',(6.46041549828,-0.178705992478));
#4760 = VECTOR('',#4761,1.);
#4761 = DIRECTION('',(4.741443055549E-02,-0.998875303416));
#4762 = ( GEOMETRIC_REPRESENTATION_CONTEXT(2) 
PARAMETRIC_REPRESENTATION_CONTEXT() REPRESENTATION_CONTEXT('2D SPACE',''
  ) );
#4763 = PCURVE('',#4764,#4769);
#4764 = PLANE('',#4765);
#4765 = AXIS2_PLACEMENT_3D('',#4766,#4767,#4768);
#4766 = CARTESIAN_POINT('',(61.307017360623,39.75,109.16340305375));
#4767 = DIRECTION('',(-4.741443055549E-02,0.,-0.998875303416));
#4768 = DIRECTION('',(0.998875303416,0.,-4.741443055549E-02));
#4769 = DEFINITIONAL_REPRESENTATION('',(#4770),#4774);
#4770 = LINE('',#4771,#4772);
#4771 = CARTESIAN_POINT('',(0.484821924461,-0.1));
#4772 = VECTOR('',#4773,1.);
#4773 = DIRECTION('',(-1.,-0.));
#4774 = ( GEOMETRIC_REPRESENTATION_CONTEXT(2) 
PARAMETRIC_REPRESENTATION_CONTEXT() REPRESENTATION_CONTEXT('2D SPACE',''
  ) );
#4775 = ORIENTED_EDGE('',*,*,#4776,.T.);
#4776 = EDGE_CURVE('',#4749,#4777,#4779,.T.);
#4777 = VERTEX_POINT('',#4778);
#4778 = CARTESIAN_POINT('',(61.259060865928,39.85,108.96036603244));
#4779 = SURFACE_CURVE('',#4780,(#4784,#4791),.PCURVE_S1.);
#4780 = LINE('',#4781,#4782);
#4781 = CARTESIAN_POINT('',(60.575337742503,39.85,106.06563598055));
#4782 = VECTOR('',#4783,1.);
#4783 = DIRECTION('',(-0.229870765524,0.,-0.97322116251));
#4784 = PCURVE('',#345,#4785);
#4785 = DEFINITIONAL_REPRESENTATION('',(#4786),#4790);
#4786 = LINE('',#4787,#4788);
#4787 = CARTESIAN_POINT('',(3.38563598055,-1.394662257497));
#4788 = VECTOR('',#4789,1.);
#4789 = DIRECTION('',(-0.97322116251,-0.229870765524));
#4790 = ( GEOMETRIC_REPRESENTATION_CONTEXT(2) 
PARAMETRIC_REPRESENTATION_CONTEXT() REPRESENTATION_CONTEXT('2D SPACE',''
  ) );
#4791 = PCURVE('',#4792,#4797);
#4792 = PLANE('',#4793);
#4793 = AXIS2_PLACEMENT_3D('',#4794,#4795,#4796);
#4794 = CARTESIAN_POINT('',(61.259060865928,39.75,108.96036603244));
#4795 = DIRECTION('',(0.97322116251,0.,-0.229870765524));
#4796 = DIRECTION('',(0.229870765524,0.,0.97322116251));
#4797 = DEFINITIONAL_REPRESENTATION('',(#4798),#4802);
#4798 = LINE('',#4799,#4800);
#4799 = CARTESIAN_POINT('',(-2.974380504041,-0.1));
#4800 = VECTOR('',#4801,1.);
#4801 = DIRECTION('',(-1.,-0.));
#4802 = ( GEOMETRIC_REPRESENTATION_CONTEXT(2) 
PARAMETRIC_REPRESENTATION_CONTEXT() REPRESENTATION_CONTEXT('2D SPACE',''
  ) );
#4803 = ORIENTED_EDGE('',*,*,#4804,.T.);
#4804 = EDGE_CURVE('',#4777,#4805,#4807,.T.);
#4805 = VERTEX_POINT('',#4806);
#4806 = CARTESIAN_POINT('',(61.976120058565,39.85,108.91240953775));
#4807 = SURFACE_CURVE('',#4808,(#4812,#4819),.PCURVE_S1.);
#4808 = LINE('',#4809,#4810);
#4809 = CARTESIAN_POINT('',(62.180555550757,39.85,108.89873701295));
#4810 = VECTOR('',#4811,1.);
#4811 = DIRECTION('',(0.997771046914,0.,-6.67303374807E-02));
#4812 = PCURVE('',#345,#4813);
#4813 = DEFINITIONAL_REPRESENTATION('',(#4814),#4818);
#4814 = LINE('',#4815,#4816);
#4815 = CARTESIAN_POINT('',(6.21873701295,0.210555550757));
#4816 = VECTOR('',#4817,1.);
#4817 = DIRECTION('',(-6.67303374807E-02,0.997771046914));
#4818 = ( GEOMETRIC_REPRESENTATION_CONTEXT(2) 
PARAMETRIC_REPRESENTATION_CONTEXT() REPRESENTATION_CONTEXT('2D SPACE',''
  ) );
#4819 = PCURVE('',#4820,#4825);
#4820 = PLANE('',#4821);
#4821 = AXIS2_PLACEMENT_3D('',#4822,#4823,#4824);
#4822 = CARTESIAN_POINT('',(61.976120058565,39.75,108.91240953775));
#4823 = DIRECTION('',(6.67303374807E-02,0.,0.997771046914));
#4824 = DIRECTION('',(-0.997771046914,0.,6.67303374807E-02));
#4825 = DEFINITIONAL_REPRESENTATION('',(#4826),#4830);
#4826 = LINE('',#4827,#4828);
#4827 = CARTESIAN_POINT('',(-0.204892187265,-0.1));
#4828 = VECTOR('',#4829,1.);
#4829 = DIRECTION('',(-1.,0.));
#4830 = ( GEOMETRIC_REPRESENTATION_CONTEXT(2) 
PARAMETRIC_REPRESENTATION_CONTEXT() REPRESENTATION_CONTEXT('2D SPACE',''
  ) );
#4831 = ORIENTED_EDGE('',*,*,#4832,.T.);
#4832 = EDGE_CURVE('',#4805,#4833,#4835,.T.);
#4833 = VERTEX_POINT('',#4834);
#4834 = CARTESIAN_POINT('',(62.016120058565,39.85,108.62109809663));
#4835 = SURFACE_CURVE('',#4836,(#4840,#4847),.PCURVE_S1.);
#4836 = LINE('',#4837,#4838);
#4837 = CARTESIAN_POINT('',(62.416031680559,39.85,105.70862732353));
#4838 = VECTOR('',#4839,1.);
#4839 = DIRECTION('',(0.136033683919,0.,-0.990704212588));
#4840 = PCURVE('',#345,#4841);
#4841 = DEFINITIONAL_REPRESENTATION('',(#4842),#4846);
#4842 = LINE('',#4843,#4844);
#4843 = CARTESIAN_POINT('',(3.02862732353,0.446031680559));
#4844 = VECTOR('',#4845,1.);
#4845 = DIRECTION('',(-0.990704212588,0.136033683919));
#4846 = ( GEOMETRIC_REPRESENTATION_CONTEXT(2) 
PARAMETRIC_REPRESENTATION_CONTEXT() REPRESENTATION_CONTEXT('2D SPACE',''
  ) );
#4847 = PCURVE('',#4848,#4853);
#4848 = PLANE('',#4849);
#4849 = AXIS2_PLACEMENT_3D('',#4850,#4851,#4852);
#4850 = CARTESIAN_POINT('',(62.016120058565,39.75,108.62109809663));
#4851 = DIRECTION('',(0.990704212588,0.,0.136033683919));
#4852 = DIRECTION('',(-0.136033683919,0.,0.990704212588));
#4853 = DEFINITIONAL_REPRESENTATION('',(#4854),#4858);
#4854 = LINE('',#4855,#4856);
#4855 = CARTESIAN_POINT('',(-2.939798515131,-0.1));
#4856 = VECTOR('',#4857,1.);
#4857 = DIRECTION('',(-1.,0.));
#4858 = ( GEOMETRIC_REPRESENTATION_CONTEXT(2) 
PARAMETRIC_REPRESENTATION_CONTEXT() REPRESENTATION_CONTEXT('2D SPACE',''
  ) );
#4859 = ORIENTED_EDGE('',*,*,#4860,.T.);
#4860 = EDGE_CURVE('',#4833,#4551,#4861,.T.);
#4861 = SURFACE_CURVE('',#4862,(#4866,#4873),.PCURVE_S1.);
#4862 = LINE('',#4863,#4864);
#4863 = CARTESIAN_POINT('',(61.485376097454,39.85,108.58858413793));
#4864 = VECTOR('',#4865,1.);
#4865 = DIRECTION('',(-0.998128804029,0.,-6.114646814966E-02));
#4866 = PCURVE('',#345,#4867);
#4867 = DEFINITIONAL_REPRESENTATION('',(#4868),#4872);
#4868 = LINE('',#4869,#4870);
#4869 = CARTESIAN_POINT('',(5.90858413793,-0.484623902546));
#4870 = VECTOR('',#4871,1.);
#4871 = DIRECTION('',(-6.114646814966E-02,-0.998128804029));
#4872 = ( GEOMETRIC_REPRESENTATION_CONTEXT(2) 
PARAMETRIC_REPRESENTATION_CONTEXT() REPRESENTATION_CONTEXT('2D SPACE',''
  ) );
#4873 = PCURVE('',#4874,#4879);
#4874 = PLANE('',#4875);
#4875 = AXIS2_PLACEMENT_3D('',#4876,#4877,#4878);
#4876 = CARTESIAN_POINT('',(61.363177159828,39.75,108.58109809663));
#4877 = DIRECTION('',(6.114646814966E-02,0.,-0.998128804029));
#4878 = DIRECTION('',(0.998128804029,0.,6.114646814966E-02));
#4879 = DEFINITIONAL_REPRESENTATION('',(#4880),#4884);
#4880 = LINE('',#4881,#4882);
#4881 = CARTESIAN_POINT('',(0.122428024452,-0.1));
#4882 = VECTOR('',#4883,1.);
#4883 = DIRECTION('',(-1.,-0.));
#4884 = ( GEOMETRIC_REPRESENTATION_CONTEXT(2) 
PARAMETRIC_REPRESENTATION_CONTEXT() REPRESENTATION_CONTEXT('2D SPACE',''
  ) );
#4885 = FACE_BOUND('',#4886,.T.);
#4886 = EDGE_LOOP('',(#4887,#4917,#4945,#4973,#5001,#5029,#5057));
#4887 = ORIENTED_EDGE('',*,*,#4888,.T.);
#4888 = EDGE_CURVE('',#4889,#4891,#4893,.T.);
#4889 = VERTEX_POINT('',#4890);
#4890 = CARTESIAN_POINT('',(61.913326671177,39.85,109.27943891292));
#4891 = VERTEX_POINT('',#4892);
#4892 = CARTESIAN_POINT('',(62.038203606338,39.85,109.27916514633));
#4893 = SURFACE_CURVE('',#4894,(#4898,#4905),.PCURVE_S1.);
#4894 = LINE('',#4895,#4896);
#4895 = CARTESIAN_POINT('',(62.011335577721,39.85,109.27922404887));
#4896 = VECTOR('',#4897,1.);
#4897 = DIRECTION('',(0.999997596939,0.,-2.192285804879E-03));
#4898 = PCURVE('',#345,#4899);
#4899 = DEFINITIONAL_REPRESENTATION('',(#4900),#4904);
#4900 = LINE('',#4901,#4902);
#4901 = CARTESIAN_POINT('',(6.59922404887,4.1335577721E-02));
#4902 = VECTOR('',#4903,1.);
#4903 = DIRECTION('',(-2.192285804879E-03,0.999997596939));
#4904 = ( GEOMETRIC_REPRESENTATION_CONTEXT(2) 
PARAMETRIC_REPRESENTATION_CONTEXT() REPRESENTATION_CONTEXT('2D SPACE',''
  ) );
#4905 = PCURVE('',#4906,#4911);
#4906 = PLANE('',#4907);
#4907 = AXIS2_PLACEMENT_3D('',#4908,#4909,#4910);
#4908 = CARTESIAN_POINT('',(62.038203606338,39.75,109.27916514633));
#4909 = DIRECTION('',(2.192285804879E-03,0.,0.999997596939));
#4910 = DIRECTION('',(-0.999997596939,0.,2.192285804879E-03));
#4911 = DEFINITIONAL_REPRESENTATION('',(#4912),#4916);
#4912 = LINE('',#4913,#4914);
#4913 = CARTESIAN_POINT('',(2.686809318268E-02,-0.1));
#4914 = VECTOR('',#4915,1.);
#4915 = DIRECTION('',(-1.,0.));
#4916 = ( GEOMETRIC_REPRESENTATION_CONTEXT(2) 
PARAMETRIC_REPRESENTATION_CONTEXT() REPRESENTATION_CONTEXT('2D SPACE',''
  ) );
#4917 = ORIENTED_EDGE('',*,*,#4918,.T.);
#4918 = EDGE_CURVE('',#4891,#4919,#4921,.T.);
#4919 = VERTEX_POINT('',#4920);
#4920 = CARTESIAN_POINT('',(61.903210471706,39.85,109.48706764514));
#4921 = SURFACE_CURVE('',#4922,(#4926,#4933),.PCURVE_S1.);
#4922 = LINE('',#4923,#4924);
#4923 = CARTESIAN_POINT('',(63.467660532059,39.85,107.07766306541));
#4924 = VECTOR('',#4925,1.);
#4925 = DIRECTION('',(-0.544581356861,0.,0.838708021757));
#4926 = PCURVE('',#345,#4927);
#4927 = DEFINITIONAL_REPRESENTATION('',(#4928),#4932);
#4928 = LINE('',#4929,#4930);
#4929 = CARTESIAN_POINT('',(4.39766306541,1.497660532059));
#4930 = VECTOR('',#4931,1.);
#4931 = DIRECTION('',(0.838708021757,-0.544581356861));
#4932 = ( GEOMETRIC_REPRESENTATION_CONTEXT(2) 
PARAMETRIC_REPRESENTATION_CONTEXT() REPRESENTATION_CONTEXT('2D SPACE',''
  ) );
#4933 = PCURVE('',#4934,#4939);
#4934 = PLANE('',#4935);
#4935 = AXIS2_PLACEMENT_3D('',#4936,#4937,#4938);
#4936 = CARTESIAN_POINT('',(61.903210471706,39.75,109.48706764514));
#4937 = DIRECTION('',(-0.838708021757,0.,-0.544581356861));
#4938 = DIRECTION('',(0.544581356861,0.,-0.838708021757));
#4939 = DEFINITIONAL_REPRESENTATION('',(#4940),#4944);
#4940 = LINE('',#4941,#4942);
#4941 = CARTESIAN_POINT('',(2.872757285286,-0.1));
#4942 = VECTOR('',#4943,1.);
#4943 = DIRECTION('',(-1.,-0.));
#4944 = ( GEOMETRIC_REPRESENTATION_CONTEXT(2) 
PARAMETRIC_REPRESENTATION_CONTEXT() REPRESENTATION_CONTEXT('2D SPACE',''
  ) );
#4945 = ORIENTED_EDGE('',*,*,#4946,.T.);
#4946 = EDGE_CURVE('',#4919,#4947,#4949,.T.);
#4947 = VERTEX_POINT('',#4948);
#4948 = CARTESIAN_POINT('',(61.697826776077,39.85,109.50663668688));
#4949 = SURFACE_CURVE('',#4950,(#4954,#4961),.PCURVE_S1.);
#4950 = LINE('',#4951,#4952);
#4951 = CARTESIAN_POINT('',(62.154985493453,39.85,109.46307841905));
#4952 = VECTOR('',#4953,1.);
#4953 = DIRECTION('',(-0.995491496423,0.,9.485083314754E-02));
#4954 = PCURVE('',#345,#4955);
#4955 = DEFINITIONAL_REPRESENTATION('',(#4956),#4960);
#4956 = LINE('',#4957,#4958);
#4957 = CARTESIAN_POINT('',(6.78307841905,0.184985493453));
#4958 = VECTOR('',#4959,1.);
#4959 = DIRECTION('',(9.485083314754E-02,-0.995491496423));
#4960 = ( GEOMETRIC_REPRESENTATION_CONTEXT(2) 
PARAMETRIC_REPRESENTATION_CONTEXT() REPRESENTATION_CONTEXT('2D SPACE',''
  ) );
#4961 = PCURVE('',#4962,#4967);
#4962 = PLANE('',#4963);
#4963 = AXIS2_PLACEMENT_3D('',#4964,#4965,#4966);
#4964 = CARTESIAN_POINT('',(61.697826776077,39.75,109.50663668688));
#4965 = DIRECTION('',(-9.485083314754E-02,0.,-0.995491496423));
#4966 = DIRECTION('',(0.995491496423,0.,-9.485083314754E-02));
#4967 = DEFINITIONAL_REPRESENTATION('',(#4968),#4972);
#4968 = LINE('',#4969,#4970);
#4969 = CARTESIAN_POINT('',(0.459229153658,-0.1));
#4970 = VECTOR('',#4971,1.);
#4971 = DIRECTION('',(-1.,-0.));
#4972 = ( GEOMETRIC_REPRESENTATION_CONTEXT(2) 
PARAMETRIC_REPRESENTATION_CONTEXT() REPRESENTATION_CONTEXT('2D SPACE',''
  ) );
#4973 = ORIENTED_EDGE('',*,*,#4974,.T.);
#4974 = EDGE_CURVE('',#4947,#4975,#4977,.T.);
#4975 = VERTEX_POINT('',#4976);
#4976 = CARTESIAN_POINT('',(61.525617700194,39.85,109.33756884992));
#4977 = SURFACE_CURVE('',#4978,(#4982,#4989),.PCURVE_S1.);
#4978 = LINE('',#4979,#4980);
#4979 = CARTESIAN_POINT('',(59.97464801107,39.85,107.81489015725));
#4980 = VECTOR('',#4981,1.);
#4981 = DIRECTION('',(-0.713585026541,0.,-0.700568633252));
#4982 = PCURVE('',#345,#4983);
#4983 = DEFINITIONAL_REPRESENTATION('',(#4984),#4988);
#4984 = LINE('',#4985,#4986);
#4985 = CARTESIAN_POINT('',(5.13489015725,-1.99535198893));
#4986 = VECTOR('',#4987,1.);
#4987 = DIRECTION('',(-0.700568633252,-0.713585026541));
#4988 = ( GEOMETRIC_REPRESENTATION_CONTEXT(2) 
PARAMETRIC_REPRESENTATION_CONTEXT() REPRESENTATION_CONTEXT('2D SPACE',''
  ) );
#4989 = PCURVE('',#4990,#4995);
#4990 = PLANE('',#4991);
#4991 = AXIS2_PLACEMENT_3D('',#4992,#4993,#4994);
#4992 = CARTESIAN_POINT('',(61.525617700194,39.75,109.33756884992));
#4993 = DIRECTION('',(0.700568633252,0.,-0.713585026541));
#4994 = DIRECTION('',(0.713585026541,0.,0.700568633252));
#4995 = DEFINITIONAL_REPRESENTATION('',(#4996),#5000);
#4996 = LINE('',#4997,#4998);
#4997 = CARTESIAN_POINT('',(-2.173489677383,-0.1));
#4998 = VECTOR('',#4999,1.);
#4999 = DIRECTION('',(-1.,-0.));
#5000 = ( GEOMETRIC_REPRESENTATION_CONTEXT(2) 
PARAMETRIC_REPRESENTATION_CONTEXT() REPRESENTATION_CONTEXT('2D SPACE',''
  ) );
#5001 = ORIENTED_EDGE('',*,*,#5002,.T.);
#5002 = EDGE_CURVE('',#4975,#5003,#5005,.T.);
#5003 = VERTEX_POINT('',#5004);
#5004 = CARTESIAN_POINT('',(61.61907794468,39.85,109.26568291152));
#5005 = SURFACE_CURVE('',#5006,(#5010,#5017),.PCURVE_S1.);
#5006 = LINE('',#5007,#5008);
#5007 = CARTESIAN_POINT('',(63.320618081265,39.85,107.95692526684));
#5008 = VECTOR('',#5009,1.);
#5009 = DIRECTION('',(0.792650864975,0.,-0.609675820625));
#5010 = PCURVE('',#345,#5011);
#5011 = DEFINITIONAL_REPRESENTATION('',(#5012),#5016);
#5012 = LINE('',#5013,#5014);
#5013 = CARTESIAN_POINT('',(5.27692526684,1.350618081265));
#5014 = VECTOR('',#5015,1.);
#5015 = DIRECTION('',(-0.609675820625,0.792650864975));
#5016 = ( GEOMETRIC_REPRESENTATION_CONTEXT(2) 
PARAMETRIC_REPRESENTATION_CONTEXT() REPRESENTATION_CONTEXT('2D SPACE',''
  ) );
#5017 = PCURVE('',#5018,#5023);
#5018 = PLANE('',#5019);
#5019 = AXIS2_PLACEMENT_3D('',#5020,#5021,#5022);
#5020 = CARTESIAN_POINT('',(61.61907794468,39.75,109.26568291152));
#5021 = DIRECTION('',(0.609675820625,0.,0.792650864975));
#5022 = DIRECTION('',(-0.792650864975,0.,0.609675820625));
#5023 = DEFINITIONAL_REPRESENTATION('',(#5024),#5028);
#5024 = LINE('',#5025,#5026);
#5025 = CARTESIAN_POINT('',(-2.146645152073,-0.1));
#5026 = VECTOR('',#5027,1.);
#5027 = DIRECTION('',(-1.,0.));
#5028 = ( GEOMETRIC_REPRESENTATION_CONTEXT(2) 
PARAMETRIC_REPRESENTATION_CONTEXT() REPRESENTATION_CONTEXT('2D SPACE',''
  ) );
#5029 = ORIENTED_EDGE('',*,*,#5030,.T.);
#5030 = EDGE_CURVE('',#5003,#5031,#5033,.T.);
#5031 = VERTEX_POINT('',#5032);
#5032 = CARTESIAN_POINT('',(61.759605206027,39.85,109.36483503989));
#5033 = SURFACE_CURVE('',#5034,(#5038,#5045),.PCURVE_S1.);
#5034 = LINE('',#5035,#5036);
#5035 = CARTESIAN_POINT('',(60.255351533925,39.85,108.3034754733));
#5036 = VECTOR('',#5037,1.);
#5037 = DIRECTION('',(0.817087242467,-0.,0.576514039896));
#5038 = PCURVE('',#345,#5039);
#5039 = DEFINITIONAL_REPRESENTATION('',(#5040),#5044);
#5040 = LINE('',#5041,#5042);
#5041 = CARTESIAN_POINT('',(5.6234754733,-1.714648466075));
#5042 = VECTOR('',#5043,1.);
#5043 = DIRECTION('',(0.576514039896,0.817087242467));
#5044 = ( GEOMETRIC_REPRESENTATION_CONTEXT(2) 
PARAMETRIC_REPRESENTATION_CONTEXT() REPRESENTATION_CONTEXT('2D SPACE',''
  ) );
#5045 = PCURVE('',#5046,#5051);
#5046 = PLANE('',#5047);
#5047 = AXIS2_PLACEMENT_3D('',#5048,#5049,#5050);
#5048 = CARTESIAN_POINT('',(61.759605206027,39.75,109.36483503989));
#5049 = DIRECTION('',(-0.576514039896,0.,0.817087242467));
#5050 = DIRECTION('',(-0.817087242467,0.,-0.576514039896));
#5051 = DEFINITIONAL_REPRESENTATION('',(#5052),#5056);
#5052 = LINE('',#5053,#5054);
#5053 = CARTESIAN_POINT('',(1.840995176426,-0.1));
#5054 = VECTOR('',#5055,1.);
#5055 = DIRECTION('',(-1.,0.));
#5056 = ( GEOMETRIC_REPRESENTATION_CONTEXT(2) 
PARAMETRIC_REPRESENTATION_CONTEXT() REPRESENTATION_CONTEXT('2D SPACE',''
  ) );
#5057 = ORIENTED_EDGE('',*,*,#5058,.T.);
#5058 = EDGE_CURVE('',#5031,#4889,#5059,.T.);
#5059 = SURFACE_CURVE('',#5060,(#5064,#5071),.PCURVE_S1.);
#5060 = LINE('',#5061,#5062);
#5061 = CARTESIAN_POINT('',(63.335764399937,39.85,108.4892391007));
#5062 = VECTOR('',#5063,1.);
#5063 = DIRECTION('',(0.874168591086,0.,-0.485622563683));
#5064 = PCURVE('',#345,#5065);
#5065 = DEFINITIONAL_REPRESENTATION('',(#5066),#5070);
#5066 = LINE('',#5067,#5068);
#5067 = CARTESIAN_POINT('',(5.8092391007,1.365764399937));
#5068 = VECTOR('',#5069,1.);
#5069 = DIRECTION('',(-0.485622563683,0.874168591086));
#5070 = ( GEOMETRIC_REPRESENTATION_CONTEXT(2) 
PARAMETRIC_REPRESENTATION_CONTEXT() REPRESENTATION_CONTEXT('2D SPACE',''
  ) );
#5071 = PCURVE('',#5072,#5077);
#5072 = PLANE('',#5073);
#5073 = AXIS2_PLACEMENT_3D('',#5074,#5075,#5076);
#5074 = CARTESIAN_POINT('',(61.913326671177,39.75,109.27943891292));
#5075 = DIRECTION('',(0.485622563683,0.,0.874168591086));
#5076 = DIRECTION('',(-0.874168591086,0.,0.485622563683));
#5077 = DEFINITIONAL_REPRESENTATION('',(#5078),#5082);
#5078 = LINE('',#5079,#5080);
#5079 = CARTESIAN_POINT('',(-1.62718924389,-0.1));
#5080 = VECTOR('',#5081,1.);
#5081 = DIRECTION('',(-1.,0.));
#5082 = ( GEOMETRIC_REPRESENTATION_CONTEXT(2) 
PARAMETRIC_REPRESENTATION_CONTEXT() REPRESENTATION_CONTEXT('2D SPACE',''
  ) );
#5083 = FACE_BOUND('',#5084,.T.);
#5084 = EDGE_LOOP('',(#5085,#5086,#5087,#5111,#5139,#5168,#5196,#5225));
#5085 = ORIENTED_EDGE('',*,*,#328,.F.);
#5086 = ORIENTED_EDGE('',*,*,#514,.F.);
#5087 = ORIENTED_EDGE('',*,*,#5088,.F.);
#5088 = EDGE_CURVE('',#5089,#515,#5091,.T.);
#5089 = VERTEX_POINT('',#5090);
#5090 = CARTESIAN_POINT('',(63.2,39.85,114.3693817201));
#5091 = SURFACE_CURVE('',#5092,(#5097,#5104),.PCURVE_S1.);
#5092 = CIRCLE('',#5093,1.039381720101);
#5093 = AXIS2_PLACEMENT_3D('',#5094,#5095,#5096);
#5094 = CARTESIAN_POINT('',(63.2,39.85,113.33));
#5095 = DIRECTION('',(0.,1.,0.));
#5096 = DIRECTION('',(-2.080364250429E-15,0.,1.));
#5097 = PCURVE('',#345,#5098);
#5098 = DEFINITIONAL_REPRESENTATION('',(#5099),#5103);
#5099 = CIRCLE('',#5100,1.039381720101);
#5100 = AXIS2_PLACEMENT_2D('',#5101,#5102);
#5101 = CARTESIAN_POINT('',(10.65,1.23));
#5102 = DIRECTION('',(1.,-2.080364250429E-15));
#5103 = ( GEOMETRIC_REPRESENTATION_CONTEXT(2) 
PARAMETRIC_REPRESENTATION_CONTEXT() REPRESENTATION_CONTEXT('2D SPACE',''
  ) );
#5104 = PCURVE('',#553,#5105);
#5105 = DEFINITIONAL_REPRESENTATION('',(#5106),#5110);
#5106 = LINE('',#5107,#5108);
#5107 = CARTESIAN_POINT('',(0.,1.570796326795));
#5108 = VECTOR('',#5109,1.);
#5109 = DIRECTION('',(1.,0.));
#5110 = ( GEOMETRIC_REPRESENTATION_CONTEXT(2) 
PARAMETRIC_REPRESENTATION_CONTEXT() REPRESENTATION_CONTEXT('2D SPACE',''
  ) );
#5111 = ORIENTED_EDGE('',*,*,#5112,.F.);
#5112 = EDGE_CURVE('',#5113,#5089,#5115,.T.);
#5113 = VERTEX_POINT('',#5114);
#5114 = CARTESIAN_POINT('',(60.74,39.85,114.3693817201));
#5115 = SURFACE_CURVE('',#5116,(#5120,#5127),.PCURVE_S1.);
#5116 = LINE('',#5117,#5118);
#5117 = CARTESIAN_POINT('',(60.74,39.85,114.3693817201));
#5118 = VECTOR('',#5119,1.);
#5119 = DIRECTION('',(1.,-0.,-6.123233995737E-17));
#5120 = PCURVE('',#345,#5121);
#5121 = DEFINITIONAL_REPRESENTATION('',(#5122),#5126);
#5122 = LINE('',#5123,#5124);
#5123 = CARTESIAN_POINT('',(11.6893817201,-1.23));
#5124 = VECTOR('',#5125,1.);
#5125 = DIRECTION('',(-6.123233995737E-17,1.));
#5126 = ( GEOMETRIC_REPRESENTATION_CONTEXT(2) 
PARAMETRIC_REPRESENTATION_CONTEXT() REPRESENTATION_CONTEXT('2D SPACE',''
  ) );
#5127 = PCURVE('',#5128,#5133);
#5128 = CYLINDRICAL_SURFACE('',#5129,0.3);
#5129 = AXIS2_PLACEMENT_3D('',#5130,#5131,#5132);
#5130 = CARTESIAN_POINT('',(60.74,39.55,114.3693817201));
#5131 = DIRECTION('',(1.,-0.,-6.123233995737E-17));
#5132 = DIRECTION('',(0.,1.,0.));
#5133 = DEFINITIONAL_REPRESENTATION('',(#5134),#5138);
#5134 = LINE('',#5135,#5136);
#5135 = CARTESIAN_POINT('',(6.28318530718,0.));
#5136 = VECTOR('',#5137,1.);
#5137 = DIRECTION('',(-0.,1.));
#5138 = ( GEOMETRIC_REPRESENTATION_CONTEXT(2) 
PARAMETRIC_REPRESENTATION_CONTEXT() REPRESENTATION_CONTEXT('2D SPACE',''
  ) );
#5139 = ORIENTED_EDGE('',*,*,#5140,.F.);
#5140 = EDGE_CURVE('',#5141,#5113,#5143,.T.);
#5141 = VERTEX_POINT('',#5142);
#5142 = CARTESIAN_POINT('',(59.700618279899,39.85,113.33));
#5143 = SURFACE_CURVE('',#5144,(#5149,#5156),.PCURVE_S1.);
#5144 = CIRCLE('',#5145,1.039381720101);
#5145 = AXIS2_PLACEMENT_3D('',#5146,#5147,#5148);
#5146 = CARTESIAN_POINT('',(60.74,39.85,113.33));
#5147 = DIRECTION('',(0.,1.,0.));
#5148 = DIRECTION('',(-1.,0.,0.));
#5149 = PCURVE('',#345,#5150);
#5150 = DEFINITIONAL_REPRESENTATION('',(#5151),#5155);
#5151 = CIRCLE('',#5152,1.039381720101);
#5152 = AXIS2_PLACEMENT_2D('',#5153,#5154);
#5153 = CARTESIAN_POINT('',(10.65,-1.23));
#5154 = DIRECTION('',(0.,-1.));
#5155 = ( GEOMETRIC_REPRESENTATION_CONTEXT(2) 
PARAMETRIC_REPRESENTATION_CONTEXT() REPRESENTATION_CONTEXT('2D SPACE',''
  ) );
#5156 = PCURVE('',#5157,#5162);
#5157 = TOROIDAL_SURFACE('',#5158,1.039381720101,0.3);
#5158 = AXIS2_PLACEMENT_3D('',#5159,#5160,#5161);
#5159 = CARTESIAN_POINT('',(60.74,39.55,113.33));
#5160 = DIRECTION('',(0.,1.,0.));
#5161 = DIRECTION('',(-1.,0.,0.));
#5162 = DEFINITIONAL_REPRESENTATION('',(#5163),#5167);
#5163 = LINE('',#5164,#5165);
#5164 = CARTESIAN_POINT('',(0.,1.570796326795));
#5165 = VECTOR('',#5166,1.);
#5166 = DIRECTION('',(1.,0.));
#5167 = ( GEOMETRIC_REPRESENTATION_CONTEXT(2) 
PARAMETRIC_REPRESENTATION_CONTEXT() REPRESENTATION_CONTEXT('2D SPACE',''
  ) );
#5168 = ORIENTED_EDGE('',*,*,#5169,.F.);
#5169 = EDGE_CURVE('',#5170,#5141,#5172,.T.);
#5170 = VERTEX_POINT('',#5171);
#5171 = CARTESIAN_POINT('',(59.700618279899,39.85,111.63));
#5172 = SURFACE_CURVE('',#5173,(#5177,#5184),.PCURVE_S1.);
#5173 = LINE('',#5174,#5175);
#5174 = CARTESIAN_POINT('',(59.700618279899,39.85,111.63));
#5175 = VECTOR('',#5176,1.);
#5176 = DIRECTION('',(-3.828568698927E-16,-0.,1.));
#5177 = PCURVE('',#345,#5178);
#5178 = DEFINITIONAL_REPRESENTATION('',(#5179),#5183);
#5179 = LINE('',#5180,#5181);
#5180 = CARTESIAN_POINT('',(8.95,-2.269381720101));
#5181 = VECTOR('',#5182,1.);
#5182 = DIRECTION('',(1.,-3.828568698927E-16));
#5183 = ( GEOMETRIC_REPRESENTATION_CONTEXT(2) 
PARAMETRIC_REPRESENTATION_CONTEXT() REPRESENTATION_CONTEXT('2D SPACE',''
  ) );
#5184 = PCURVE('',#5185,#5190);
#5185 = CYLINDRICAL_SURFACE('',#5186,0.3);
#5186 = AXIS2_PLACEMENT_3D('',#5187,#5188,#5189);
#5187 = CARTESIAN_POINT('',(59.700618279899,39.55,111.63));
#5188 = DIRECTION('',(-3.828568698927E-16,-0.,1.));
#5189 = DIRECTION('',(0.,1.,0.));
#5190 = DEFINITIONAL_REPRESENTATION('',(#5191),#5195);
#5191 = LINE('',#5192,#5193);
#5192 = CARTESIAN_POINT('',(6.28318530718,0.));
#5193 = VECTOR('',#5194,1.);
#5194 = DIRECTION('',(-0.,1.));
#5195 = ( GEOMETRIC_REPRESENTATION_CONTEXT(2) 
PARAMETRIC_REPRESENTATION_CONTEXT() REPRESENTATION_CONTEXT('2D SPACE',''
  ) );
#5196 = ORIENTED_EDGE('',*,*,#5197,.F.);
#5197 = EDGE_CURVE('',#5198,#5170,#5200,.T.);
#5198 = VERTEX_POINT('',#5199);
#5199 = CARTESIAN_POINT('',(60.74,39.85,110.59061827989));
#5200 = SURFACE_CURVE('',#5201,(#5206,#5213),.PCURVE_S1.);
#5201 = CIRCLE('',#5202,1.039381720101);
#5202 = AXIS2_PLACEMENT_3D('',#5203,#5204,#5205);
#5203 = CARTESIAN_POINT('',(60.74,39.85,111.63));
#5204 = DIRECTION('',(0.,1.,0.));
#5205 = DIRECTION('',(-1.188779571674E-15,0.,-1.));
#5206 = PCURVE('',#345,#5207);
#5207 = DEFINITIONAL_REPRESENTATION('',(#5208),#5212);
#5208 = CIRCLE('',#5209,1.039381720101);
#5209 = AXIS2_PLACEMENT_2D('',#5210,#5211);
#5210 = CARTESIAN_POINT('',(8.95,-1.23));
#5211 = DIRECTION('',(-1.,-1.188779571674E-15));
#5212 = ( GEOMETRIC_REPRESENTATION_CONTEXT(2) 
PARAMETRIC_REPRESENTATION_CONTEXT() REPRESENTATION_CONTEXT('2D SPACE',''
  ) );
#5213 = PCURVE('',#5214,#5219);
#5214 = TOROIDAL_SURFACE('',#5215,1.039381720101,0.3);
#5215 = AXIS2_PLACEMENT_3D('',#5216,#5217,#5218);
#5216 = CARTESIAN_POINT('',(60.74,39.55,111.63));
#5217 = DIRECTION('',(0.,1.,0.));
#5218 = DIRECTION('',(-1.188779571674E-15,0.,-1.));
#5219 = DEFINITIONAL_REPRESENTATION('',(#5220),#5224);
#5220 = LINE('',#5221,#5222);
#5221 = CARTESIAN_POINT('',(0.,1.570796326795));
#5222 = VECTOR('',#5223,1.);
#5223 = DIRECTION('',(1.,0.));
#5224 = ( GEOMETRIC_REPRESENTATION_CONTEXT(2) 
PARAMETRIC_REPRESENTATION_CONTEXT() REPRESENTATION_CONTEXT('2D SPACE',''
  ) );
#5225 = ORIENTED_EDGE('',*,*,#5226,.F.);
#5226 = EDGE_CURVE('',#329,#5198,#5227,.T.);
#5227 = SURFACE_CURVE('',#5228,(#5232,#5239),.PCURVE_S1.);
#5228 = LINE('',#5229,#5230);
#5229 = CARTESIAN_POINT('',(63.2,39.85,110.59061827989));
#5230 = VECTOR('',#5231,1.);
#5231 = DIRECTION('',(-1.,-0.,6.123233995737E-17));
#5232 = PCURVE('',#345,#5233);
#5233 = DEFINITIONAL_REPRESENTATION('',(#5234),#5238);
#5234 = LINE('',#5235,#5236);
#5235 = CARTESIAN_POINT('',(7.91061827989,1.23));
#5236 = VECTOR('',#5237,1.);
#5237 = DIRECTION('',(6.123233995737E-17,-1.));
#5238 = ( GEOMETRIC_REPRESENTATION_CONTEXT(2) 
PARAMETRIC_REPRESENTATION_CONTEXT() REPRESENTATION_CONTEXT('2D SPACE',''
  ) );
#5239 = PCURVE('',#371,#5240);
#5240 = DEFINITIONAL_REPRESENTATION('',(#5241),#5245);
#5241 = LINE('',#5242,#5243);
#5242 = CARTESIAN_POINT('',(6.28318530718,0.));
#5243 = VECTOR('',#5244,1.);
#5244 = DIRECTION('',(-0.,1.));
#5245 = ( GEOMETRIC_REPRESENTATION_CONTEXT(2) 
PARAMETRIC_REPRESENTATION_CONTEXT() REPRESENTATION_CONTEXT('2D SPACE',''
  ) );
#5246 = FACE_BOUND('',#5247,.T.);
#5247 = EDGE_LOOP('',(#5248,#5278,#5306,#5334,#5362,#5390,#5418,#5446,
    #5474,#5502,#5530,#5558,#5586,#5614,#5642,#5670,#5698,#5726,#5754,
    #5782,#5810,#5838,#5866,#5894,#5922,#5950,#5978,#6006));
#5248 = ORIENTED_EDGE('',*,*,#5249,.T.);
#5249 = EDGE_CURVE('',#5250,#5252,#5254,.T.);
#5250 = VERTEX_POINT('',#5251);
#5251 = CARTESIAN_POINT('',(65.1955,39.85,102.44422));
#5252 = VERTEX_POINT('',#5253);
#5253 = CARTESIAN_POINT('',(64.7914,39.85,103.60505));
#5254 = SURFACE_CURVE('',#5255,(#5259,#5266),.PCURVE_S1.);
#5255 = LINE('',#5256,#5257);
#5256 = CARTESIAN_POINT('',(64.78253310572,39.85,103.63052131127));
#5257 = VECTOR('',#5258,1.);
#5258 = DIRECTION('',(-0.328762324454,0.,0.94441269264));
#5259 = PCURVE('',#345,#5260);
#5260 = DEFINITIONAL_REPRESENTATION('',(#5261),#5265);
#5261 = LINE('',#5262,#5263);
#5262 = CARTESIAN_POINT('',(0.95052131127,2.81253310572));
#5263 = VECTOR('',#5264,1.);
#5264 = DIRECTION('',(0.94441269264,-0.328762324454));
#5265 = ( GEOMETRIC_REPRESENTATION_CONTEXT(2) 
PARAMETRIC_REPRESENTATION_CONTEXT() REPRESENTATION_CONTEXT('2D SPACE',''
  ) );
#5266 = PCURVE('',#5267,#5272);
#5267 = PLANE('',#5268);
#5268 = AXIS2_PLACEMENT_3D('',#5269,#5270,#5271);
#5269 = CARTESIAN_POINT('',(64.7914,39.75,103.60505));
#5270 = DIRECTION('',(-0.94441269264,0.,-0.328762324454));
#5271 = DIRECTION('',(0.328762324454,0.,-0.94441269264));
#5272 = DEFINITIONAL_REPRESENTATION('',(#5273),#5277);
#5273 = LINE('',#5274,#5275);
#5274 = CARTESIAN_POINT('',(-2.697053043574E-02,-0.1));
#5275 = VECTOR('',#5276,1.);
#5276 = DIRECTION('',(-1.,-0.));
#5277 = ( GEOMETRIC_REPRESENTATION_CONTEXT(2) 
PARAMETRIC_REPRESENTATION_CONTEXT() REPRESENTATION_CONTEXT('2D SPACE',''
  ) );
#5278 = ORIENTED_EDGE('',*,*,#5279,.T.);
#5279 = EDGE_CURVE('',#5252,#5280,#5282,.T.);
#5280 = VERTEX_POINT('',#5281);
#5281 = CARTESIAN_POINT('',(64.65352,39.85,103.57155));
#5282 = SURFACE_CURVE('',#5283,(#5287,#5294),.PCURVE_S1.);
#5283 = LINE('',#5284,#5285);
#5284 = CARTESIAN_POINT('',(63.284281150273,39.85,103.23887302389));
#5285 = VECTOR('',#5286,1.);
#5286 = DIRECTION('',(-0.971729686115,0.,-0.23609620311));
#5287 = PCURVE('',#345,#5288);
#5288 = DEFINITIONAL_REPRESENTATION('',(#5289),#5293);
#5289 = LINE('',#5290,#5291);
#5290 = CARTESIAN_POINT('',(0.55887302389,1.314281150273));
#5291 = VECTOR('',#5292,1.);
#5292 = DIRECTION('',(-0.23609620311,-0.971729686115));
#5293 = ( GEOMETRIC_REPRESENTATION_CONTEXT(2) 
PARAMETRIC_REPRESENTATION_CONTEXT() REPRESENTATION_CONTEXT('2D SPACE',''
  ) );
#5294 = PCURVE('',#5295,#5300);
#5295 = PLANE('',#5296);
#5296 = AXIS2_PLACEMENT_3D('',#5297,#5298,#5299);
#5297 = CARTESIAN_POINT('',(64.65352,39.75,103.57155));
#5298 = DIRECTION('',(0.23609620311,0.,-0.971729686115));
#5299 = DIRECTION('',(0.971729686115,0.,0.23609620311));
#5300 = DEFINITIONAL_REPRESENTATION('',(#5301),#5305);
#5301 = LINE('',#5302,#5303);
#5302 = CARTESIAN_POINT('',(-1.409073808583,-0.1));
#5303 = VECTOR('',#5304,1.);
#5304 = DIRECTION('',(-1.,-0.));
#5305 = ( GEOMETRIC_REPRESENTATION_CONTEXT(2) 
PARAMETRIC_REPRESENTATION_CONTEXT() REPRESENTATION_CONTEXT('2D SPACE',''
  ) );
#5306 = ORIENTED_EDGE('',*,*,#5307,.T.);
#5307 = EDGE_CURVE('',#5280,#5308,#5310,.T.);
#5308 = VERTEX_POINT('',#5309);
#5309 = CARTESIAN_POINT('',(62.9983,39.85,101.42122));
#5310 = SURFACE_CURVE('',#5311,(#5315,#5322),.PCURVE_S1.);
#5311 = LINE('',#5312,#5313);
#5312 = CARTESIAN_POINT('',(63.111222504289,39.85,101.56791992426));
#5313 = VECTOR('',#5314,1.);
#5314 = DIRECTION('',(-0.609970029837,0.,-0.792424483911));
#5315 = PCURVE('',#345,#5316);
#5316 = DEFINITIONAL_REPRESENTATION('',(#5317),#5321);
#5317 = LINE('',#5318,#5319);
#5318 = CARTESIAN_POINT('',(-1.11208007574,1.141222504289));
#5319 = VECTOR('',#5320,1.);
#5320 = DIRECTION('',(-0.792424483911,-0.609970029837));
#5321 = ( GEOMETRIC_REPRESENTATION_CONTEXT(2) 
PARAMETRIC_REPRESENTATION_CONTEXT() REPRESENTATION_CONTEXT('2D SPACE',''
  ) );
#5322 = PCURVE('',#5323,#5328);
#5323 = PLANE('',#5324);
#5324 = AXIS2_PLACEMENT_3D('',#5325,#5326,#5327);
#5325 = CARTESIAN_POINT('',(62.9983,39.75,101.42122));
#5326 = DIRECTION('',(0.792424483911,0.,-0.609970029837));
#5327 = DIRECTION('',(0.609970029837,0.,0.792424483911));
#5328 = DEFINITIONAL_REPRESENTATION('',(#5329),#5333);
#5329 = LINE('',#5330,#5331);
#5330 = CARTESIAN_POINT('',(0.185127955082,-0.1));
#5331 = VECTOR('',#5332,1.);
#5332 = DIRECTION('',(-1.,-0.));
#5333 = ( GEOMETRIC_REPRESENTATION_CONTEXT(2) 
PARAMETRIC_REPRESENTATION_CONTEXT() REPRESENTATION_CONTEXT('2D SPACE',''
  ) );
#5334 = ORIENTED_EDGE('',*,*,#5335,.T.);
#5335 = EDGE_CURVE('',#5308,#5336,#5338,.T.);
#5336 = VERTEX_POINT('',#5337);
#5337 = CARTESIAN_POINT('',(62.93849,39.85,101.3277));
#5338 = SURFACE_CURVE('',#5339,(#5343,#5350),.PCURVE_S1.);
#5339 = LINE('',#5340,#5341);
#5340 = CARTESIAN_POINT('',(63.104821423888,39.85,101.58777882899));
#5341 = VECTOR('',#5342,1.);
#5342 = DIRECTION('',(-0.538780150158,0.,-0.84244640767));
#5343 = PCURVE('',#345,#5344);
#5344 = DEFINITIONAL_REPRESENTATION('',(#5345),#5349);
#5345 = LINE('',#5346,#5347);
#5346 = CARTESIAN_POINT('',(-1.09222117101,1.134821423888));
#5347 = VECTOR('',#5348,1.);
#5348 = DIRECTION('',(-0.84244640767,-0.538780150158));
#5349 = ( GEOMETRIC_REPRESENTATION_CONTEXT(2) 
PARAMETRIC_REPRESENTATION_CONTEXT() REPRESENTATION_CONTEXT('2D SPACE',''
  ) );
#5350 = PCURVE('',#5351,#5356);
#5351 = PLANE('',#5352);
#5352 = AXIS2_PLACEMENT_3D('',#5353,#5354,#5355);
#5353 = CARTESIAN_POINT('',(62.93849,39.75,101.3277));
#5354 = DIRECTION('',(0.84244640767,0.,-0.538780150158));
#5355 = DIRECTION('',(0.538780150158,0.,0.84244640767));
#5356 = DEFINITIONAL_REPRESENTATION('',(#5357),#5361);
#5357 = LINE('',#5358,#5359);
#5358 = CARTESIAN_POINT('',(0.308718544732,-0.1));
#5359 = VECTOR('',#5360,1.);
#5360 = DIRECTION('',(-1.,-0.));
#5361 = ( GEOMETRIC_REPRESENTATION_CONTEXT(2) 
PARAMETRIC_REPRESENTATION_CONTEXT() REPRESENTATION_CONTEXT('2D SPACE',''
  ) );
#5362 = ORIENTED_EDGE('',*,*,#5363,.T.);
#5363 = EDGE_CURVE('',#5336,#5364,#5366,.T.);
#5364 = VERTEX_POINT('',#5365);
#5365 = CARTESIAN_POINT('',(62.8872,39.85,101.2302));
#5366 = SURFACE_CURVE('',#5367,(#5371,#5378),.PCURVE_S1.);
#5367 = LINE('',#5368,#5369);
#5368 = CARTESIAN_POINT('',(63.086479587984,39.85,101.6090215993));
#5369 = VECTOR('',#5370,1.);
#5370 = DIRECTION('',(-0.465563109269,0.,-0.885014684222));
#5371 = PCURVE('',#345,#5372);
#5372 = DEFINITIONAL_REPRESENTATION('',(#5373),#5377);
#5373 = LINE('',#5374,#5375);
#5374 = CARTESIAN_POINT('',(-1.0709784007,1.116479587984));
#5375 = VECTOR('',#5376,1.);
#5376 = DIRECTION('',(-0.885014684222,-0.465563109269));
#5377 = ( GEOMETRIC_REPRESENTATION_CONTEXT(2) 
PARAMETRIC_REPRESENTATION_CONTEXT() REPRESENTATION_CONTEXT('2D SPACE',''
  ) );
#5378 = PCURVE('',#5379,#5384);
#5379 = PLANE('',#5380);
#5380 = AXIS2_PLACEMENT_3D('',#5381,#5382,#5383);
#5381 = CARTESIAN_POINT('',(62.8872,39.75,101.2302));
#5382 = DIRECTION('',(0.885014684222,0.,-0.465563109269));
#5383 = DIRECTION('',(0.465563109269,0.,0.885014684222));
#5384 = DEFINITIONAL_REPRESENTATION('',(#5385),#5389);
#5385 = LINE('',#5386,#5387);
#5386 = CARTESIAN_POINT('',(0.428039902676,-0.1));
#5387 = VECTOR('',#5388,1.);
#5388 = DIRECTION('',(-1.,-0.));
#5389 = ( GEOMETRIC_REPRESENTATION_CONTEXT(2) 
PARAMETRIC_REPRESENTATION_CONTEXT() REPRESENTATION_CONTEXT('2D SPACE',''
  ) );
#5390 = ORIENTED_EDGE('',*,*,#5391,.T.);
#5391 = EDGE_CURVE('',#5364,#5392,#5394,.T.);
#5392 = VERTEX_POINT('',#5393);
#5393 = CARTESIAN_POINT('',(62.84451,39.85,101.1293));
#5394 = SURFACE_CURVE('',#5395,(#5399,#5406),.PCURVE_S1.);
#5395 = LINE('',#5396,#5397);
#5396 = CARTESIAN_POINT('',(63.056360157387,39.85,101.6300186901));
#5397 = VECTOR('',#5398,1.);
#5398 = DIRECTION('',(-0.389651901185,0.,-0.920962211984));
#5399 = PCURVE('',#345,#5400);
#5400 = DEFINITIONAL_REPRESENTATION('',(#5401),#5405);
#5401 = LINE('',#5402,#5403);
#5402 = CARTESIAN_POINT('',(-1.0499813099,1.086360157387));
#5403 = VECTOR('',#5404,1.);
#5404 = DIRECTION('',(-0.920962211984,-0.389651901185));
#5405 = ( GEOMETRIC_REPRESENTATION_CONTEXT(2) 
PARAMETRIC_REPRESENTATION_CONTEXT() REPRESENTATION_CONTEXT('2D SPACE',''
  ) );
#5406 = PCURVE('',#5407,#5412);
#5407 = PLANE('',#5408);
#5408 = AXIS2_PLACEMENT_3D('',#5409,#5410,#5411);
#5409 = CARTESIAN_POINT('',(62.84451,39.75,101.1293));
#5410 = DIRECTION('',(0.920962211984,0.,-0.389651901185));
#5411 = DIRECTION('',(0.389651901185,0.,0.920962211984));
#5412 = DEFINITIONAL_REPRESENTATION('',(#5413),#5417);
#5413 = LINE('',#5414,#5415);
#5414 = CARTESIAN_POINT('',(0.543690809009,-0.1));
#5415 = VECTOR('',#5416,1.);
#5416 = DIRECTION('',(-1.,-0.));
#5417 = ( GEOMETRIC_REPRESENTATION_CONTEXT(2) 
PARAMETRIC_REPRESENTATION_CONTEXT() REPRESENTATION_CONTEXT('2D SPACE',''
  ) );
#5418 = ORIENTED_EDGE('',*,*,#5419,.T.);
#5419 = EDGE_CURVE('',#5392,#5420,#5422,.T.);
#5420 = VERTEX_POINT('',#5421);
#5421 = CARTESIAN_POINT('',(62.81054,39.85,101.02556));
#5422 = SURFACE_CURVE('',#5423,(#5427,#5434),.PCURVE_S1.);
#5423 = LINE('',#5424,#5425);
#5424 = CARTESIAN_POINT('',(63.014484123598,39.85,101.64837905746));
#5425 = VECTOR('',#5426,1.);
#5426 = DIRECTION('',(-0.311194016584,0.,-0.950346402131));
#5427 = PCURVE('',#345,#5428);
#5428 = DEFINITIONAL_REPRESENTATION('',(#5429),#5433);
#5429 = LINE('',#5430,#5431);
#5430 = CARTESIAN_POINT('',(-1.03162094254,1.044484123598));
#5431 = VECTOR('',#5432,1.);
#5432 = DIRECTION('',(-0.950346402131,-0.311194016584));
#5433 = ( GEOMETRIC_REPRESENTATION_CONTEXT(2) 
PARAMETRIC_REPRESENTATION_CONTEXT() REPRESENTATION_CONTEXT('2D SPACE',''
  ) );
#5434 = PCURVE('',#5435,#5440);
#5435 = PLANE('',#5436);
#5436 = AXIS2_PLACEMENT_3D('',#5437,#5438,#5439);
#5437 = CARTESIAN_POINT('',(62.81054,39.75,101.02556));
#5438 = DIRECTION('',(0.950346402131,0.,-0.311194016584));
#5439 = DIRECTION('',(0.311194016584,0.,0.950346402131));
#5440 = DEFINITIONAL_REPRESENTATION('',(#5441),#5445);
#5441 = LINE('',#5442,#5443);
#5442 = CARTESIAN_POINT('',(0.655360041417,-0.1));
#5443 = VECTOR('',#5444,1.);
#5444 = DIRECTION('',(-1.,-0.));
#5445 = ( GEOMETRIC_REPRESENTATION_CONTEXT(2) 
PARAMETRIC_REPRESENTATION_CONTEXT() REPRESENTATION_CONTEXT('2D SPACE',''
  ) );
#5446 = ORIENTED_EDGE('',*,*,#5447,.T.);
#5447 = EDGE_CURVE('',#5420,#5448,#5450,.T.);
#5448 = VERTEX_POINT('',#5449);
#5449 = CARTESIAN_POINT('',(62.78537,39.85,100.91956));
#5450 = SURFACE_CURVE('',#5451,(#5455,#5462),.PCURVE_S1.);
#5451 = LINE('',#5452,#5453);
#5452 = CARTESIAN_POINT('',(62.961464969936,39.85,101.66115979393));
#5453 = VECTOR('',#5454,1.);
#5454 = DIRECTION('',(-0.231028987316,0.,-0.972946867521));
#5455 = PCURVE('',#345,#5456);
#5456 = DEFINITIONAL_REPRESENTATION('',(#5457),#5461);
#5457 = LINE('',#5458,#5459);
#5458 = CARTESIAN_POINT('',(-1.01884020607,0.991464969936));
#5459 = VECTOR('',#5460,1.);
#5460 = DIRECTION('',(-0.972946867521,-0.231028987316));
#5461 = ( GEOMETRIC_REPRESENTATION_CONTEXT(2) 
PARAMETRIC_REPRESENTATION_CONTEXT() REPRESENTATION_CONTEXT('2D SPACE',''
  ) );
#5462 = PCURVE('',#5463,#5468);
#5463 = PLANE('',#5464);
#5464 = AXIS2_PLACEMENT_3D('',#5465,#5466,#5467);
#5465 = CARTESIAN_POINT('',(62.78537,39.75,100.91956));
#5466 = DIRECTION('',(0.972946867521,0.,-0.231028987316));
#5467 = DIRECTION('',(0.231028987316,0.,0.972946867521));
#5468 = DEFINITIONAL_REPRESENTATION('',(#5469),#5473);
#5469 = LINE('',#5470,#5471);
#5470 = CARTESIAN_POINT('',(0.762220239034,-0.1));
#5471 = VECTOR('',#5472,1.);
#5472 = DIRECTION('',(-1.,-0.));
#5473 = ( GEOMETRIC_REPRESENTATION_CONTEXT(2) 
PARAMETRIC_REPRESENTATION_CONTEXT() REPRESENTATION_CONTEXT('2D SPACE',''
  ) );
#5474 = ORIENTED_EDGE('',*,*,#5475,.T.);
#5475 = EDGE_CURVE('',#5448,#5476,#5478,.T.);
#5476 = VERTEX_POINT('',#5477);
#5477 = CARTESIAN_POINT('',(62.7691,39.85,100.81186));
#5478 = SURFACE_CURVE('',#5479,(#5483,#5490),.PCURVE_S1.);
#5479 = LINE('',#5480,#5481);
#5480 = CARTESIAN_POINT('',(62.89814457452,39.85,101.66607639064));
#5481 = VECTOR('',#5482,1.);
#5482 = DIRECTION('',(-0.149372940641,0.,-0.98878092852));
#5483 = PCURVE('',#345,#5484);
#5484 = DEFINITIONAL_REPRESENTATION('',(#5485),#5489);
#5485 = LINE('',#5486,#5487);
#5486 = CARTESIAN_POINT('',(-1.01392360936,0.92814457452));
#5487 = VECTOR('',#5488,1.);
#5488 = DIRECTION('',(-0.98878092852,-0.149372940641));
#5489 = ( GEOMETRIC_REPRESENTATION_CONTEXT(2) 
PARAMETRIC_REPRESENTATION_CONTEXT() REPRESENTATION_CONTEXT('2D SPACE',''
  ) );
#5490 = PCURVE('',#5491,#5496);
#5491 = PLANE('',#5492);
#5492 = AXIS2_PLACEMENT_3D('',#5493,#5494,#5495);
#5493 = CARTESIAN_POINT('',(62.7691,39.75,100.81186));
#5494 = DIRECTION('',(0.98878092852,0.,-0.149372940641));
#5495 = DIRECTION('',(0.149372940641,0.,0.98878092852));
#5496 = DEFINITIONAL_REPRESENTATION('',(#5497),#5501);
#5497 = LINE('',#5498,#5499);
#5498 = CARTESIAN_POINT('',(0.863908643464,-0.1));
#5499 = VECTOR('',#5500,1.);
#5500 = DIRECTION('',(-1.,-0.));
#5501 = ( GEOMETRIC_REPRESENTATION_CONTEXT(2) 
PARAMETRIC_REPRESENTATION_CONTEXT() REPRESENTATION_CONTEXT('2D SPACE',''
  ) );
#5502 = ORIENTED_EDGE('',*,*,#5503,.T.);
#5503 = EDGE_CURVE('',#5476,#5504,#5506,.T.);
#5504 = VERTEX_POINT('',#5505);
#5505 = CARTESIAN_POINT('',(62.76185,39.85,100.70305));
#5506 = SURFACE_CURVE('',#5507,(#5511,#5518),.PCURVE_S1.);
#5507 = LINE('',#5508,#5509);
#5508 = CARTESIAN_POINT('',(62.82567093325,39.85,101.66089217198));
#5509 = VECTOR('',#5510,1.);
#5510 = DIRECTION('',(-6.648249278409E-02,0.,-0.997787591701));
#5511 = PCURVE('',#345,#5512);
#5512 = DEFINITIONAL_REPRESENTATION('',(#5513),#5517);
#5513 = LINE('',#5514,#5515);
#5514 = CARTESIAN_POINT('',(-1.01910782802,0.85567093325));
#5515 = VECTOR('',#5516,1.);
#5516 = DIRECTION('',(-0.997787591701,-6.648249278409E-02));
#5517 = ( GEOMETRIC_REPRESENTATION_CONTEXT(2) 
PARAMETRIC_REPRESENTATION_CONTEXT() REPRESENTATION_CONTEXT('2D SPACE',''
  ) );
#5518 = PCURVE('',#5519,#5524);
#5519 = PLANE('',#5520);
#5520 = AXIS2_PLACEMENT_3D('',#5521,#5522,#5523);
#5521 = CARTESIAN_POINT('',(62.76185,39.75,100.70305));
#5522 = DIRECTION('',(0.997787591701,0.,-6.648249278409E-02));
#5523 = DIRECTION('',(6.648249278409E-02,0.,0.997787591701));
#5524 = DEFINITIONAL_REPRESENTATION('',(#5525),#5529);
#5525 = LINE('',#5526,#5527);
#5526 = CARTESIAN_POINT('',(0.959966008744,-0.1));
#5527 = VECTOR('',#5528,1.);
#5528 = DIRECTION('',(-1.,-0.));
#5529 = ( GEOMETRIC_REPRESENTATION_CONTEXT(2) 
PARAMETRIC_REPRESENTATION_CONTEXT() REPRESENTATION_CONTEXT('2D SPACE',''
  ) );
#5530 = ORIENTED_EDGE('',*,*,#5531,.T.);
#5531 = EDGE_CURVE('',#5504,#5532,#5534,.T.);
#5532 = VERTEX_POINT('',#5533);
#5533 = CARTESIAN_POINT('',(62.76369,39.85,100.59369));
#5534 = SURFACE_CURVE('',#5535,(#5539,#5546),.PCURVE_S1.);
#5535 = LINE('',#5536,#5537);
#5536 = CARTESIAN_POINT('',(62.746031403004,39.85,101.64322487364));
#5537 = VECTOR('',#5538,1.);
#5538 = DIRECTION('',(1.682278361386E-02,0.,-0.999858486963));
#5539 = PCURVE('',#345,#5540);
#5540 = DEFINITIONAL_REPRESENTATION('',(#5541),#5545);
#5541 = LINE('',#5542,#5543);
#5542 = CARTESIAN_POINT('',(-1.03677512636,0.776031403004));
#5543 = VECTOR('',#5544,1.);
#5544 = DIRECTION('',(-0.999858486963,1.682278361386E-02));
#5545 = ( GEOMETRIC_REPRESENTATION_CONTEXT(2) 
PARAMETRIC_REPRESENTATION_CONTEXT() REPRESENTATION_CONTEXT('2D SPACE',''
  ) );
#5546 = PCURVE('',#5547,#5552);
#5547 = PLANE('',#5548);
#5548 = AXIS2_PLACEMENT_3D('',#5549,#5550,#5551);
#5549 = CARTESIAN_POINT('',(62.76369,39.75,100.59369));
#5550 = DIRECTION('',(0.999858486963,0.,1.682278361386E-02));
#5551 = DIRECTION('',(-1.682278361386E-02,0.,0.999858486963));
#5552 = DEFINITIONAL_REPRESENTATION('',(#5553),#5557);
#5553 = LINE('',#5554,#5555);
#5554 = CARTESIAN_POINT('',(1.049683417529,-0.1));
#5555 = VECTOR('',#5556,1.);
#5556 = DIRECTION('',(-1.,0.));
#5557 = ( GEOMETRIC_REPRESENTATION_CONTEXT(2) 
PARAMETRIC_REPRESENTATION_CONTEXT() REPRESENTATION_CONTEXT('2D SPACE',''
  ) );
#5558 = ORIENTED_EDGE('',*,*,#5559,.T.);
#5559 = EDGE_CURVE('',#5532,#5560,#5562,.T.);
#5560 = VERTEX_POINT('',#5561);
#5561 = CARTESIAN_POINT('',(62.77474,39.85,100.48437));
#5562 = SURFACE_CURVE('',#5563,(#5567,#5574),.PCURVE_S1.);
#5563 = LINE('',#5564,#5565);
#5564 = CARTESIAN_POINT('',(62.660826347065,39.85,101.61134199446));
#5565 = VECTOR('',#5566,1.);
#5566 = DIRECTION('',(0.100566956947,0.,-0.994930292619));
#5567 = PCURVE('',#345,#5568);
#5568 = DEFINITIONAL_REPRESENTATION('',(#5569),#5573);
#5569 = LINE('',#5570,#5571);
#5570 = CARTESIAN_POINT('',(-1.06865800554,0.690826347065));
#5571 = VECTOR('',#5572,1.);
#5572 = DIRECTION('',(-0.994930292619,0.100566956947));
#5573 = ( GEOMETRIC_REPRESENTATION_CONTEXT(2) 
PARAMETRIC_REPRESENTATION_CONTEXT() REPRESENTATION_CONTEXT('2D SPACE',''
  ) );
#5574 = PCURVE('',#5575,#5580);
#5575 = PLANE('',#5576);
#5576 = AXIS2_PLACEMENT_3D('',#5577,#5578,#5579);
#5577 = CARTESIAN_POINT('',(62.77474,39.75,100.48437));
#5578 = DIRECTION('',(0.994930292619,0.,0.100566956947));
#5579 = DIRECTION('',(-0.100566956947,0.,0.994930292619));
#5580 = DEFINITIONAL_REPRESENTATION('',(#5581),#5585);
#5581 = LINE('',#5582,#5583);
#5582 = CARTESIAN_POINT('',(1.132714525652,-0.1));
#5583 = VECTOR('',#5584,1.);
#5584 = DIRECTION('',(-1.,0.));
#5585 = ( GEOMETRIC_REPRESENTATION_CONTEXT(2) 
PARAMETRIC_REPRESENTATION_CONTEXT() REPRESENTATION_CONTEXT('2D SPACE',''
  ) );
#5586 = ORIENTED_EDGE('',*,*,#5587,.T.);
#5587 = EDGE_CURVE('',#5560,#5588,#5590,.T.);
#5588 = VERTEX_POINT('',#5589);
#5589 = CARTESIAN_POINT('',(62.7951,39.85,100.37565));
#5590 = SURFACE_CURVE('',#5591,(#5595,#5602),.PCURVE_S1.);
#5591 = LINE('',#5592,#5593);
#5592 = CARTESIAN_POINT('',(62.572664789027,39.85,101.56342780633));
#5593 = VECTOR('',#5594,1.);
#5594 = DIRECTION('',(0.184070187248,0.,-0.982913102042));
#5595 = PCURVE('',#345,#5596);
#5596 = DEFINITIONAL_REPRESENTATION('',(#5597),#5601);
#5597 = LINE('',#5598,#5599);
#5598 = CARTESIAN_POINT('',(-1.11657219367,0.602664789027));
#5599 = VECTOR('',#5600,1.);
#5600 = DIRECTION('',(-0.982913102042,0.184070187248));
#5601 = ( GEOMETRIC_REPRESENTATION_CONTEXT(2) 
PARAMETRIC_REPRESENTATION_CONTEXT() REPRESENTATION_CONTEXT('2D SPACE',''
  ) );
#5602 = PCURVE('',#5603,#5608);
#5603 = PLANE('',#5604);
#5604 = AXIS2_PLACEMENT_3D('',#5605,#5606,#5607);
#5605 = CARTESIAN_POINT('',(62.7951,39.75,100.37565));
#5606 = DIRECTION('',(0.982913102042,0.,0.184070187248));
#5607 = DIRECTION('',(-0.184070187248,0.,0.982913102042));
#5608 = DEFINITIONAL_REPRESENTATION('',(#5609),#5613);
#5609 = LINE('',#5610,#5611);
#5610 = CARTESIAN_POINT('',(1.208426059091,-0.1));
#5611 = VECTOR('',#5612,1.);
#5612 = DIRECTION('',(-1.,0.));
#5613 = ( GEOMETRIC_REPRESENTATION_CONTEXT(2) 
PARAMETRIC_REPRESENTATION_CONTEXT() REPRESENTATION_CONTEXT('2D SPACE',''
  ) );
#5614 = ORIENTED_EDGE('',*,*,#5615,.T.);
#5615 = EDGE_CURVE('',#5588,#5616,#5618,.T.);
#5616 = VERTEX_POINT('',#5617);
#5617 = CARTESIAN_POINT('',(62.8243,39.85,100.26961));
#5618 = SURFACE_CURVE('',#5619,(#5623,#5630),.PCURVE_S1.);
#5619 = LINE('',#5620,#5621);
#5620 = CARTESIAN_POINT('',(62.485712644826,39.85,101.4991922994));
#5621 = VECTOR('',#5622,1.);
#5622 = DIRECTION('',(0.265486124823,0.,-0.964114680692));
#5623 = PCURVE('',#345,#5624);
#5624 = DEFINITIONAL_REPRESENTATION('',(#5625),#5629);
#5625 = LINE('',#5626,#5627);
#5626 = CARTESIAN_POINT('',(-1.1808077006,0.515712644826));
#5627 = VECTOR('',#5628,1.);
#5628 = DIRECTION('',(-0.964114680692,0.265486124823));
#5629 = ( GEOMETRIC_REPRESENTATION_CONTEXT(2) 
PARAMETRIC_REPRESENTATION_CONTEXT() REPRESENTATION_CONTEXT('2D SPACE',''
  ) );
#5630 = PCURVE('',#5631,#5636);
#5631 = PLANE('',#5632);
#5632 = AXIS2_PLACEMENT_3D('',#5633,#5634,#5635);
#5633 = CARTESIAN_POINT('',(62.8243,39.75,100.26961));
#5634 = DIRECTION('',(0.964114680692,0.,0.265486124823));
#5635 = DIRECTION('',(-0.265486124823,0.,0.964114680692));
#5636 = DEFINITIONAL_REPRESENTATION('',(#5637),#5641);
#5637 = LINE('',#5638,#5639);
#5638 = CARTESIAN_POINT('',(1.27534859081,-0.1));
#5639 = VECTOR('',#5640,1.);
#5640 = DIRECTION('',(-1.,0.));
#5641 = ( GEOMETRIC_REPRESENTATION_CONTEXT(2) 
PARAMETRIC_REPRESENTATION_CONTEXT() REPRESENTATION_CONTEXT('2D SPACE',''
  ) );
#5642 = ORIENTED_EDGE('',*,*,#5643,.T.);
#5643 = EDGE_CURVE('',#5616,#5644,#5646,.T.);
#5644 = VERTEX_POINT('',#5645);
#5645 = CARTESIAN_POINT('',(63.2284,39.85,99.10896));
#5646 = SURFACE_CURVE('',#5647,(#5651,#5658),.PCURVE_S1.);
#5647 = LINE('',#5648,#5649);
#5648 = CARTESIAN_POINT('',(62.605925620706,39.85,100.89682163901));
#5649 = VECTOR('',#5650,1.);
#5650 = DIRECTION('',(0.32880779875,0.,-0.94439686122));
#5651 = PCURVE('',#345,#5652);
#5652 = DEFINITIONAL_REPRESENTATION('',(#5653),#5657);
#5653 = LINE('',#5654,#5655);
#5654 = CARTESIAN_POINT('',(-1.78317836099,0.635925620706));
#5655 = VECTOR('',#5656,1.);
#5656 = DIRECTION('',(-0.94439686122,0.32880779875));
#5657 = ( GEOMETRIC_REPRESENTATION_CONTEXT(2) 
PARAMETRIC_REPRESENTATION_CONTEXT() REPRESENTATION_CONTEXT('2D SPACE',''
  ) );
#5658 = PCURVE('',#5659,#5664);
#5659 = PLANE('',#5660);
#5660 = AXIS2_PLACEMENT_3D('',#5661,#5662,#5663);
#5661 = CARTESIAN_POINT('',(63.2284,39.75,99.10896));
#5662 = DIRECTION('',(0.94439686122,0.,0.32880779875));
#5663 = DIRECTION('',(-0.32880779875,0.,0.94439686122));
#5664 = DEFINITIONAL_REPRESENTATION('',(#5665),#5669);
#5665 = LINE('',#5666,#5667);
#5666 = CARTESIAN_POINT('',(1.89312535061,-0.1));
#5667 = VECTOR('',#5668,1.);
#5668 = DIRECTION('',(-1.,0.));
#5669 = ( GEOMETRIC_REPRESENTATION_CONTEXT(2) 
PARAMETRIC_REPRESENTATION_CONTEXT() REPRESENTATION_CONTEXT('2D SPACE',''
  ) );
#5670 = ORIENTED_EDGE('',*,*,#5671,.T.);
#5671 = EDGE_CURVE('',#5644,#5672,#5674,.T.);
#5672 = VERTEX_POINT('',#5673);
#5673 = CARTESIAN_POINT('',(63.36629,39.85,99.14247));
#5674 = SURFACE_CURVE('',#5675,(#5679,#5686),.PCURVE_S1.);
#5675 = LINE('',#5676,#5677);
#5676 = CARTESIAN_POINT('',(63.112951723323,39.85,99.080903783078));
#5677 = VECTOR('',#5678,1.);
#5678 = DIRECTION('',(0.971717445477,-0.,0.236146577692));
#5679 = PCURVE('',#345,#5680);
#5680 = DEFINITIONAL_REPRESENTATION('',(#5681),#5685);
#5681 = LINE('',#5682,#5683);
#5682 = CARTESIAN_POINT('',(-3.599096216922,1.142951723323));
#5683 = VECTOR('',#5684,1.);
#5684 = DIRECTION('',(0.236146577692,0.971717445477));
#5685 = ( GEOMETRIC_REPRESENTATION_CONTEXT(2) 
PARAMETRIC_REPRESENTATION_CONTEXT() REPRESENTATION_CONTEXT('2D SPACE',''
  ) );
#5686 = PCURVE('',#5687,#5692);
#5687 = PLANE('',#5688);
#5688 = AXIS2_PLACEMENT_3D('',#5689,#5690,#5691);
#5689 = CARTESIAN_POINT('',(63.36629,39.75,99.14247));
#5690 = DIRECTION('',(-0.236146577692,0.,0.971717445477));
#5691 = DIRECTION('',(-0.971717445477,0.,-0.236146577692));
#5692 = DEFINITIONAL_REPRESENTATION('',(#5693),#5697);
#5693 = LINE('',#5694,#5695);
#5694 = CARTESIAN_POINT('',(0.260711874482,-0.1));
#5695 = VECTOR('',#5696,1.);
#5696 = DIRECTION('',(-1.,0.));
#5697 = ( GEOMETRIC_REPRESENTATION_CONTEXT(2) 
PARAMETRIC_REPRESENTATION_CONTEXT() REPRESENTATION_CONTEXT('2D SPACE',''
  ) );
#5698 = ORIENTED_EDGE('',*,*,#5699,.T.);
#5699 = EDGE_CURVE('',#5672,#5700,#5702,.T.);
#5700 = VERTEX_POINT('',#5701);
#5701 = CARTESIAN_POINT('',(65.02142,39.85,101.29279));
#5702 = SURFACE_CURVE('',#5703,(#5707,#5714),.PCURVE_S1.);
#5703 = LINE('',#5704,#5705);
#5704 = CARTESIAN_POINT('',(64.789047849651,39.85,100.99089559754));
#5705 = VECTOR('',#5706,1.);
#5706 = DIRECTION('',(0.609950984197,-0.,0.792439143958));
#5707 = PCURVE('',#345,#5708);
#5708 = DEFINITIONAL_REPRESENTATION('',(#5709),#5713);
#5709 = LINE('',#5710,#5711);
#5710 = CARTESIAN_POINT('',(-1.68910440246,2.819047849651));
#5711 = VECTOR('',#5712,1.);
#5712 = DIRECTION('',(0.792439143958,0.609950984197));
#5713 = ( GEOMETRIC_REPRESENTATION_CONTEXT(2) 
PARAMETRIC_REPRESENTATION_CONTEXT() REPRESENTATION_CONTEXT('2D SPACE',''
  ) );
#5714 = PCURVE('',#5715,#5720);
#5715 = PLANE('',#5716);
#5716 = AXIS2_PLACEMENT_3D('',#5717,#5718,#5719);
#5717 = CARTESIAN_POINT('',(65.02142,39.75,101.29279));
#5718 = DIRECTION('',(-0.792439143958,0.,0.609950984197));
#5719 = DIRECTION('',(-0.609950984197,0.,-0.792439143958));
#5720 = DEFINITIONAL_REPRESENTATION('',(#5721),#5725);
#5721 = LINE('',#5722,#5723);
#5722 = CARTESIAN_POINT('',(0.380968563657,-0.1));
#5723 = VECTOR('',#5724,1.);
#5724 = DIRECTION('',(-1.,0.));
#5725 = ( GEOMETRIC_REPRESENTATION_CONTEXT(2) 
PARAMETRIC_REPRESENTATION_CONTEXT() REPRESENTATION_CONTEXT('2D SPACE',''
  ) );
#5726 = ORIENTED_EDGE('',*,*,#5727,.T.);
#5727 = EDGE_CURVE('',#5700,#5728,#5730,.T.);
#5728 = VERTEX_POINT('',#5729);
#5729 = CARTESIAN_POINT('',(65.08125,39.85,101.3863));
#5730 = SURFACE_CURVE('',#5731,(#5735,#5742),.PCURVE_S1.);
#5731 = LINE('',#5732,#5733);
#5732 = CARTESIAN_POINT('',(64.923049246483,39.85,101.13904356574));
#5733 = VECTOR('',#5734,1.);
#5734 = DIRECTION('',(0.53894888857,-0.,0.842338468497));
#5735 = PCURVE('',#345,#5736);
#5736 = DEFINITIONAL_REPRESENTATION('',(#5737),#5741);
#5737 = LINE('',#5738,#5739);
#5738 = CARTESIAN_POINT('',(-1.54095643426,2.953049246483));
#5739 = VECTOR('',#5740,1.);
#5740 = DIRECTION('',(0.842338468497,0.53894888857));
#5741 = ( GEOMETRIC_REPRESENTATION_CONTEXT(2) 
PARAMETRIC_REPRESENTATION_CONTEXT() REPRESENTATION_CONTEXT('2D SPACE',''
  ) );
#5742 = PCURVE('',#5743,#5748);
#5743 = PLANE('',#5744);
#5744 = AXIS2_PLACEMENT_3D('',#5745,#5746,#5747);
#5745 = CARTESIAN_POINT('',(65.08125,39.75,101.3863));
#5746 = DIRECTION('',(-0.842338468497,0.,0.53894888857));
#5747 = DIRECTION('',(-0.53894888857,0.,-0.842338468497));
#5748 = DEFINITIONAL_REPRESENTATION('',(#5749),#5753);
#5749 = LINE('',#5750,#5751);
#5750 = CARTESIAN_POINT('',(0.293535726439,-0.1));
#5751 = VECTOR('',#5752,1.);
#5752 = DIRECTION('',(-1.,0.));
#5753 = ( GEOMETRIC_REPRESENTATION_CONTEXT(2) 
PARAMETRIC_REPRESENTATION_CONTEXT() REPRESENTATION_CONTEXT('2D SPACE',''
  ) );
#5754 = ORIENTED_EDGE('',*,*,#5755,.T.);
#5755 = EDGE_CURVE('',#5728,#5756,#5758,.T.);
#5756 = VERTEX_POINT('',#5757);
#5757 = CARTESIAN_POINT('',(65.13258,39.85,101.48378));
#5758 = SURFACE_CURVE('',#5759,(#5763,#5770),.PCURVE_S1.);
#5759 = LINE('',#5760,#5761);
#5760 = CARTESIAN_POINT('',(65.035884767767,39.85,101.30014759715));
#5761 = VECTOR('',#5762,1.);
#5762 = DIRECTION('',(0.465922253536,-0.,0.884825662862));
#5763 = PCURVE('',#345,#5764);
#5764 = DEFINITIONAL_REPRESENTATION('',(#5765),#5769);
#5765 = LINE('',#5766,#5767);
#5766 = CARTESIAN_POINT('',(-1.37985240285,3.065884767767));
#5767 = VECTOR('',#5768,1.);
#5768 = DIRECTION('',(0.884825662862,0.465922253536));
#5769 = ( GEOMETRIC_REPRESENTATION_CONTEXT(2) 
PARAMETRIC_REPRESENTATION_CONTEXT() REPRESENTATION_CONTEXT('2D SPACE',''
  ) );
#5770 = PCURVE('',#5771,#5776);
#5771 = PLANE('',#5772);
#5772 = AXIS2_PLACEMENT_3D('',#5773,#5774,#5775);
#5773 = CARTESIAN_POINT('',(65.13258,39.75,101.48378));
#5774 = DIRECTION('',(-0.884825662862,0.,0.465922253536));
#5775 = DIRECTION('',(-0.465922253536,0.,-0.884825662862));
#5776 = DEFINITIONAL_REPRESENTATION('',(#5777),#5781);
#5777 = LINE('',#5778,#5779);
#5778 = CARTESIAN_POINT('',(0.207535123083,-0.1));
#5779 = VECTOR('',#5780,1.);
#5780 = DIRECTION('',(-1.,0.));
#5781 = ( GEOMETRIC_REPRESENTATION_CONTEXT(2) 
PARAMETRIC_REPRESENTATION_CONTEXT() REPRESENTATION_CONTEXT('2D SPACE',''
  ) );
#5782 = ORIENTED_EDGE('',*,*,#5783,.T.);
#5783 = EDGE_CURVE('',#5756,#5784,#5786,.T.);
#5784 = VERTEX_POINT('',#5785);
#5785 = CARTESIAN_POINT('',(65.17529,39.85,101.58468));
#5786 = SURFACE_CURVE('',#5787,(#5791,#5798),.PCURVE_S1.);
#5787 = LINE('',#5788,#5789);
#5788 = CARTESIAN_POINT('',(65.128363701598,39.85,101.47381922948));
#5789 = VECTOR('',#5790,1.);
#5790 = DIRECTION('',(0.389806717926,-0.,0.92089669489));
#5791 = PCURVE('',#345,#5792);
#5792 = DEFINITIONAL_REPRESENTATION('',(#5793),#5797);
#5793 = LINE('',#5794,#5795);
#5794 = CARTESIAN_POINT('',(-1.20618077052,3.158363701598));
#5795 = VECTOR('',#5796,1.);
#5796 = DIRECTION('',(0.92089669489,0.389806717926));
#5797 = ( GEOMETRIC_REPRESENTATION_CONTEXT(2) 
PARAMETRIC_REPRESENTATION_CONTEXT() REPRESENTATION_CONTEXT('2D SPACE',''
  ) );
#5798 = PCURVE('',#5799,#5804);
#5799 = PLANE('',#5800);
#5800 = AXIS2_PLACEMENT_3D('',#5801,#5802,#5803);
#5801 = CARTESIAN_POINT('',(65.17529,39.75,101.58468));
#5802 = DIRECTION('',(-0.92089669489,0.,0.389806717926));
#5803 = DIRECTION('',(-0.389806717926,0.,-0.92089669489));
#5804 = DEFINITIONAL_REPRESENTATION('',(#5805),#5809);
#5805 = LINE('',#5806,#5807);
#5806 = CARTESIAN_POINT('',(0.120383503529,-0.1));
#5807 = VECTOR('',#5808,1.);
#5808 = DIRECTION('',(-1.,0.));
#5809 = ( GEOMETRIC_REPRESENTATION_CONTEXT(2) 
PARAMETRIC_REPRESENTATION_CONTEXT() REPRESENTATION_CONTEXT('2D SPACE',''
  ) );
#5810 = ORIENTED_EDGE('',*,*,#5811,.T.);
#5811 = EDGE_CURVE('',#5784,#5812,#5814,.T.);
#5812 = VERTEX_POINT('',#5813);
#5813 = CARTESIAN_POINT('',(65.20929,39.85,101.68841));
#5814 = SURFACE_CURVE('',#5815,(#5819,#5826),.PCURVE_S1.);
#5815 = LINE('',#5816,#5817);
#5816 = CARTESIAN_POINT('',(65.198906414694,39.85,101.65673090282));
#5817 = VECTOR('',#5818,1.);
#5818 = DIRECTION('',(0.311469307304,-0.,0.950256213138));
#5819 = PCURVE('',#345,#5820);
#5820 = DEFINITIONAL_REPRESENTATION('',(#5821),#5825);
#5821 = LINE('',#5822,#5823);
#5822 = CARTESIAN_POINT('',(-1.02326909718,3.228906414694));
#5823 = VECTOR('',#5824,1.);
#5824 = DIRECTION('',(0.950256213138,0.311469307304));
#5825 = ( GEOMETRIC_REPRESENTATION_CONTEXT(2) 
PARAMETRIC_REPRESENTATION_CONTEXT() REPRESENTATION_CONTEXT('2D SPACE',''
  ) );
#5826 = PCURVE('',#5827,#5832);
#5827 = PLANE('',#5828);
#5828 = AXIS2_PLACEMENT_3D('',#5829,#5830,#5831);
#5829 = CARTESIAN_POINT('',(65.20929,39.75,101.68841));
#5830 = DIRECTION('',(-0.950256213138,0.,0.311469307304));
#5831 = DIRECTION('',(-0.311469307304,0.,-0.950256213138));
#5832 = DEFINITIONAL_REPRESENTATION('',(#5833),#5837);
#5833 = LINE('',#5834,#5835);
#5834 = CARTESIAN_POINT('',(3.333742704449E-02,-0.1));
#5835 = VECTOR('',#5836,1.);
#5836 = DIRECTION('',(-1.,0.));
#5837 = ( GEOMETRIC_REPRESENTATION_CONTEXT(2) 
PARAMETRIC_REPRESENTATION_CONTEXT() REPRESENTATION_CONTEXT('2D SPACE',''
  ) );
#5838 = ORIENTED_EDGE('',*,*,#5839,.T.);
#5839 = EDGE_CURVE('',#5812,#5840,#5842,.T.);
#5840 = VERTEX_POINT('',#5841);
#5841 = CARTESIAN_POINT('',(65.23447,39.85,101.79441));
#5842 = SURFACE_CURVE('',#5843,(#5847,#5854),.PCURVE_S1.);
#5843 = LINE('',#5844,#5845);
#5844 = CARTESIAN_POINT('',(65.246851213398,39.85,101.84653107308));
#5845 = VECTOR('',#5846,1.);
#5846 = DIRECTION('',(0.231115872894,-0.,0.972926232197));
#5847 = PCURVE('',#345,#5848);
#5848 = DEFINITIONAL_REPRESENTATION('',(#5849),#5853);
#5849 = LINE('',#5850,#5851);
#5850 = CARTESIAN_POINT('',(-0.83346892692,3.276851213398));
#5851 = VECTOR('',#5852,1.);
#5852 = DIRECTION('',(0.972926232197,0.231115872894));
#5853 = ( GEOMETRIC_REPRESENTATION_CONTEXT(2) 
PARAMETRIC_REPRESENTATION_CONTEXT() REPRESENTATION_CONTEXT('2D SPACE',''
  ) );
#5854 = PCURVE('',#5855,#5860);
#5855 = PLANE('',#5856);
#5856 = AXIS2_PLACEMENT_3D('',#5857,#5858,#5859);
#5857 = CARTESIAN_POINT('',(65.23447,39.75,101.79441));
#5858 = DIRECTION('',(-0.972926232197,0.,0.231115872894));
#5859 = DIRECTION('',(-0.231115872894,0.,-0.972926232197));
#5860 = DEFINITIONAL_REPRESENTATION('',(#5861),#5865);
#5861 = LINE('',#5862,#5863);
#5862 = CARTESIAN_POINT('',(-5.357145419174E-02,-0.1));
#5863 = VECTOR('',#5864,1.);
#5864 = DIRECTION('',(-1.,0.));
#5865 = ( GEOMETRIC_REPRESENTATION_CONTEXT(2) 
PARAMETRIC_REPRESENTATION_CONTEXT() REPRESENTATION_CONTEXT('2D SPACE',''
  ) );
#5866 = ORIENTED_EDGE('',*,*,#5867,.T.);
#5867 = EDGE_CURVE('',#5840,#5868,#5870,.T.);
#5868 = VERTEX_POINT('',#5869);
#5869 = CARTESIAN_POINT('',(65.25075,39.85,101.90209));
#5870 = SURFACE_CURVE('',#5871,(#5875,#5882),.PCURVE_S1.);
#5871 = LINE('',#5872,#5873);
#5872 = CARTESIAN_POINT('',(65.271583654342,39.85,102.03988901102));
#5873 = VECTOR('',#5874,1.);
#5874 = DIRECTION('',(0.149489839362,-0.,0.988763261821));
#5875 = PCURVE('',#345,#5876);
#5876 = DEFINITIONAL_REPRESENTATION('',(#5877),#5881);
#5877 = LINE('',#5878,#5879);
#5878 = CARTESIAN_POINT('',(-0.64011098898,3.301583654342));
#5879 = VECTOR('',#5880,1.);
#5880 = DIRECTION('',(0.988763261821,0.149489839362));
#5881 = ( GEOMETRIC_REPRESENTATION_CONTEXT(2) 
PARAMETRIC_REPRESENTATION_CONTEXT() REPRESENTATION_CONTEXT('2D SPACE',''
  ) );
#5882 = PCURVE('',#5883,#5888);
#5883 = PLANE('',#5884);
#5884 = AXIS2_PLACEMENT_3D('',#5885,#5886,#5887);
#5885 = CARTESIAN_POINT('',(65.25075,39.75,101.90209));
#5886 = DIRECTION('',(-0.988763261821,0.,0.149489839362));
#5887 = DIRECTION('',(-0.149489839362,0.,-0.988763261821));
#5888 = DEFINITIONAL_REPRESENTATION('',(#5889),#5893);
#5889 = LINE('',#5890,#5891);
#5890 = CARTESIAN_POINT('',(-0.139365019253,-0.1));
#5891 = VECTOR('',#5892,1.);
#5892 = DIRECTION('',(-1.,0.));
#5893 = ( GEOMETRIC_REPRESENTATION_CONTEXT(2) 
PARAMETRIC_REPRESENTATION_CONTEXT() REPRESENTATION_CONTEXT('2D SPACE',''
  ) );
#5894 = ORIENTED_EDGE('',*,*,#5895,.T.);
#5895 = EDGE_CURVE('',#5868,#5896,#5898,.T.);
#5896 = VERTEX_POINT('',#5897);
#5897 = CARTESIAN_POINT('',(65.25802,39.85,102.01089));
#5898 = SURFACE_CURVE('',#5899,(#5903,#5910),.PCURVE_S1.);
#5899 = LINE('',#5900,#5901);
#5900 = CARTESIAN_POINT('',(65.272967847042,39.85,102.23459368062));
#5901 = VECTOR('',#5902,1.);
#5902 = DIRECTION('',(6.667117887826E-02,-0.,0.997775001645));
#5903 = PCURVE('',#345,#5904);
#5904 = DEFINITIONAL_REPRESENTATION('',(#5905),#5909);
#5905 = LINE('',#5906,#5907);
#5906 = CARTESIAN_POINT('',(-0.44540631938,3.302967847042));
#5907 = VECTOR('',#5908,1.);
#5908 = DIRECTION('',(0.997775001645,6.667117887826E-02));
#5909 = ( GEOMETRIC_REPRESENTATION_CONTEXT(2) 
PARAMETRIC_REPRESENTATION_CONTEXT() REPRESENTATION_CONTEXT('2D SPACE',''
  ) );
#5910 = PCURVE('',#5911,#5916);
#5911 = PLANE('',#5912);
#5912 = AXIS2_PLACEMENT_3D('',#5913,#5914,#5915);
#5913 = CARTESIAN_POINT('',(65.25802,39.75,102.01089));
#5914 = DIRECTION('',(-0.997775001645,0.,6.667117887826E-02));
#5915 = DIRECTION('',(-6.667117887826E-02,0.,-0.997775001645));
#5916 = DEFINITIONAL_REPRESENTATION('',(#5917),#5921);
#5917 = LINE('',#5918,#5919);
#5918 = CARTESIAN_POINT('',(-0.224202530883,-0.1));
#5919 = VECTOR('',#5920,1.);
#5920 = DIRECTION('',(-1.,0.));
#5921 = ( GEOMETRIC_REPRESENTATION_CONTEXT(2) 
PARAMETRIC_REPRESENTATION_CONTEXT() REPRESENTATION_CONTEXT('2D SPACE',''
  ) );
#5922 = ORIENTED_EDGE('',*,*,#5923,.T.);
#5923 = EDGE_CURVE('',#5896,#5924,#5926,.T.);
#5924 = VERTEX_POINT('',#5925);
#5925 = CARTESIAN_POINT('',(65.25617,39.85,102.12023));
#5926 = SURFACE_CURVE('',#5927,(#5931,#5938),.PCURVE_S1.);
#5927 = LINE('',#5928,#5929);
#5928 = CARTESIAN_POINT('',(65.250965543463,39.85,102.42782744746));
#5929 = VECTOR('',#5930,1.);
#5930 = DIRECTION('',(-1.691727868403E-02,0.,0.999856892601));
#5931 = PCURVE('',#345,#5932);
#5932 = DEFINITIONAL_REPRESENTATION('',(#5933),#5937);
#5933 = LINE('',#5934,#5935);
#5934 = CARTESIAN_POINT('',(-0.25217255254,3.280965543463));
#5935 = VECTOR('',#5936,1.);
#5936 = DIRECTION('',(0.999856892601,-1.691727868403E-02));
#5937 = ( GEOMETRIC_REPRESENTATION_CONTEXT(2) 
PARAMETRIC_REPRESENTATION_CONTEXT() REPRESENTATION_CONTEXT('2D SPACE',''
  ) );
#5938 = PCURVE('',#5939,#5944);
#5939 = PLANE('',#5940);
#5940 = AXIS2_PLACEMENT_3D('',#5941,#5942,#5943);
#5941 = CARTESIAN_POINT('',(65.25617,39.75,102.12023));
#5942 = DIRECTION('',(-0.999856892601,0.,-1.691727868403E-02));
#5943 = DIRECTION('',(1.691727868403E-02,0.,-0.999856892601));
#5944 = DEFINITIONAL_REPRESENTATION('',(#5945),#5949);
#5945 = LINE('',#5946,#5947);
#5946 = CARTESIAN_POINT('',(-0.307641473231,-0.1));
#5947 = VECTOR('',#5948,1.);
#5948 = DIRECTION('',(-1.,-0.));
#5949 = ( GEOMETRIC_REPRESENTATION_CONTEXT(2) 
PARAMETRIC_REPRESENTATION_CONTEXT() REPRESENTATION_CONTEXT('2D SPACE',''
  ) );
#5950 = ORIENTED_EDGE('',*,*,#5951,.T.);
#5951 = EDGE_CURVE('',#5924,#5952,#5954,.T.);
#5952 = VERTEX_POINT('',#5953);
#5953 = CARTESIAN_POINT('',(65.2451,39.85,102.22954));
#5954 = SURFACE_CURVE('',#5955,(#5959,#5966),.PCURVE_S1.);
#5955 = LINE('',#5956,#5957);
#5956 = CARTESIAN_POINT('',(65.205898033796,39.85,102.61663728326));
#5957 = VECTOR('',#5958,1.);
#5958 = DIRECTION('',(-0.100756255806,0.,0.994911140211));
#5959 = PCURVE('',#345,#5960);
#5960 = DEFINITIONAL_REPRESENTATION('',(#5961),#5965);
#5961 = LINE('',#5962,#5963);
#5962 = CARTESIAN_POINT('',(-6.336271674E-02,3.235898033796));
#5963 = VECTOR('',#5964,1.);
#5964 = DIRECTION('',(0.994911140211,-0.100756255806));
#5965 = ( GEOMETRIC_REPRESENTATION_CONTEXT(2) 
PARAMETRIC_REPRESENTATION_CONTEXT() REPRESENTATION_CONTEXT('2D SPACE',''
  ) );
#5966 = PCURVE('',#5967,#5972);
#5967 = PLANE('',#5968);
#5968 = AXIS2_PLACEMENT_3D('',#5969,#5970,#5971);
#5969 = CARTESIAN_POINT('',(65.2451,39.75,102.22954));
#5970 = DIRECTION('',(-0.994911140211,0.,-0.100756255806));
#5971 = DIRECTION('',(0.100756255806,0.,-0.994911140211));
#5972 = DEFINITIONAL_REPRESENTATION('',(#5973),#5977);
#5973 = LINE('',#5974,#5975);
#5974 = CARTESIAN_POINT('',(-0.389077242796,-0.1));
#5975 = VECTOR('',#5976,1.);
#5976 = DIRECTION('',(-1.,-0.));
#5977 = ( GEOMETRIC_REPRESENTATION_CONTEXT(2) 
PARAMETRIC_REPRESENTATION_CONTEXT() REPRESENTATION_CONTEXT('2D SPACE',''
  ) );
#5978 = ORIENTED_EDGE('',*,*,#5979,.T.);
#5979 = EDGE_CURVE('',#5952,#5980,#5982,.T.);
#5980 = VERTEX_POINT('',#5981);
#5981 = CARTESIAN_POINT('',(65.22473,39.85,102.33823));
#5982 = SURFACE_CURVE('',#5983,(#5987,#5994),.PCURVE_S1.);
#5983 = LINE('',#5984,#5985);
#5984 = CARTESIAN_POINT('',(65.138570631124,39.85,102.79795811993));
#5985 = VECTOR('',#5986,1.);
#5986 = DIRECTION('',(-0.18420663522,0.,0.98288753962));
#5987 = PCURVE('',#345,#5988);
#5988 = DEFINITIONAL_REPRESENTATION('',(#5989),#5993);
#5989 = LINE('',#5990,#5991);
#5990 = CARTESIAN_POINT('',(0.11795811993,3.168570631124));
#5991 = VECTOR('',#5992,1.);
#5992 = DIRECTION('',(0.98288753962,-0.18420663522));
#5993 = ( GEOMETRIC_REPRESENTATION_CONTEXT(2) 
PARAMETRIC_REPRESENTATION_CONTEXT() REPRESENTATION_CONTEXT('2D SPACE',''
  ) );
#5994 = PCURVE('',#5995,#6000);
#5995 = PLANE('',#5996);
#5996 = AXIS2_PLACEMENT_3D('',#5997,#5998,#5999);
#5997 = CARTESIAN_POINT('',(65.22473,39.75,102.33823));
#5998 = DIRECTION('',(-0.98288753962,0.,-0.18420663522));
#5999 = DIRECTION('',(0.18420663522,0.,-0.98288753962));
#6000 = DEFINITIONAL_REPRESENTATION('',(#6001),#6005);
#6001 = LINE('',#6002,#6003);
#6002 = CARTESIAN_POINT('',(-0.467732168126,-0.1));
#6003 = VECTOR('',#6004,1.);
#6004 = DIRECTION('',(-1.,-0.));
#6005 = ( GEOMETRIC_REPRESENTATION_CONTEXT(2) 
PARAMETRIC_REPRESENTATION_CONTEXT() REPRESENTATION_CONTEXT('2D SPACE',''
  ) );
#6006 = ORIENTED_EDGE('',*,*,#6007,.T.);
#6007 = EDGE_CURVE('',#5980,#5250,#6008,.T.);
#6008 = SURFACE_CURVE('',#6009,(#6013,#6020),.PCURVE_S1.);
#6009 = LINE('',#6010,#6011);
#6010 = CARTESIAN_POINT('',(65.051297787788,39.85,102.96710718687));
#6011 = VECTOR('',#6012,1.);
#6012 = DIRECTION('',(-0.265856134324,0.,0.964012715602));
#6013 = PCURVE('',#345,#6014);
#6014 = DEFINITIONAL_REPRESENTATION('',(#6015),#6019);
#6015 = LINE('',#6016,#6017);
#6016 = CARTESIAN_POINT('',(0.28710718687,3.081297787788));
#6017 = VECTOR('',#6018,1.);
#6018 = DIRECTION('',(0.964012715602,-0.265856134324));
#6019 = ( GEOMETRIC_REPRESENTATION_CONTEXT(2) 
PARAMETRIC_REPRESENTATION_CONTEXT() REPRESENTATION_CONTEXT('2D SPACE',''
  ) );
#6020 = PCURVE('',#6021,#6026);
#6021 = PLANE('',#6022);
#6022 = AXIS2_PLACEMENT_3D('',#6023,#6024,#6025);
#6023 = CARTESIAN_POINT('',(65.1955,39.75,102.44422));
#6024 = DIRECTION('',(-0.964012715602,0.,-0.265856134324));
#6025 = DIRECTION('',(0.265856134324,0.,-0.964012715602));
#6026 = DEFINITIONAL_REPRESENTATION('',(#6027),#6031);
#6027 = LINE('',#6028,#6029);
#6028 = CARTESIAN_POINT('',(-0.542406939668,-0.1));
#6029 = VECTOR('',#6030,1.);
#6030 = DIRECTION('',(-1.,-0.));
#6031 = ( GEOMETRIC_REPRESENTATION_CONTEXT(2) 
PARAMETRIC_REPRESENTATION_CONTEXT() REPRESENTATION_CONTEXT('2D SPACE',''
  ) );
#6032 = FACE_BOUND('',#6033,.T.);
#6033 = EDGE_LOOP('',(#6034,#6064,#6092,#6120,#6148,#6176,#6204,#6232,
    #6260,#6288,#6316,#6344,#6372));
#6034 = ORIENTED_EDGE('',*,*,#6035,.T.);
#6035 = EDGE_CURVE('',#6036,#6038,#6040,.T.);
#6036 = VERTEX_POINT('',#6037);
#6037 = CARTESIAN_POINT('',(63.110026703769,39.85,107.7372520507));
#6038 = VERTEX_POINT('',#6039);
#6039 = CARTESIAN_POINT('',(63.381188505823,39.85,107.69948337168));
#6040 = SURFACE_CURVE('',#6041,(#6045,#6052),.PCURVE_S1.);
#6041 = LINE('',#6042,#6043);
#6042 = CARTESIAN_POINT('',(63.031938296326,39.85,107.74812856787));
#6043 = VECTOR('',#6044,1.);
#6044 = DIRECTION('',(0.990438786395,0.,-0.137952928221));
#6045 = PCURVE('',#345,#6046);
#6046 = DEFINITIONAL_REPRESENTATION('',(#6047),#6051);
#6047 = LINE('',#6048,#6049);
#6048 = CARTESIAN_POINT('',(5.06812856787,1.061938296326));
#6049 = VECTOR('',#6050,1.);
#6050 = DIRECTION('',(-0.137952928221,0.990438786395));
#6051 = ( GEOMETRIC_REPRESENTATION_CONTEXT(2) 
PARAMETRIC_REPRESENTATION_CONTEXT() REPRESENTATION_CONTEXT('2D SPACE',''
  ) );
#6052 = PCURVE('',#6053,#6058);
#6053 = PLANE('',#6054);
#6054 = AXIS2_PLACEMENT_3D('',#6055,#6056,#6057);
#6055 = CARTESIAN_POINT('',(63.381188505823,39.75,107.69948337168));
#6056 = DIRECTION('',(0.137952928221,0.,0.990438786395));
#6057 = DIRECTION('',(-0.990438786395,0.,0.137952928221));
#6058 = DEFINITIONAL_REPRESENTATION('',(#6059),#6063);
#6059 = LINE('',#6060,#6061);
#6060 = CARTESIAN_POINT('',(0.352621700901,-0.1));
#6061 = VECTOR('',#6062,1.);
#6062 = DIRECTION('',(-1.,0.));
#6063 = ( GEOMETRIC_REPRESENTATION_CONTEXT(2) 
PARAMETRIC_REPRESENTATION_CONTEXT() REPRESENTATION_CONTEXT('2D SPACE',''
  ) );
#6064 = ORIENTED_EDGE('',*,*,#6065,.T.);
#6065 = EDGE_CURVE('',#6038,#6066,#6068,.T.);
#6066 = VERTEX_POINT('',#6067);
#6067 = CARTESIAN_POINT('',(63.603739369987,39.85,108.49735317601));
#6068 = SURFACE_CURVE('',#6069,(#6073,#6080),.PCURVE_S1.);
#6069 = LINE('',#6070,#6071);
#6070 = CARTESIAN_POINT('',(62.792017876202,39.85,105.58724059632));
#6071 = VECTOR('',#6072,1.);
#6072 = DIRECTION('',(0.268675228994,-0.,0.96323082453));
#6073 = PCURVE('',#345,#6074);
#6074 = DEFINITIONAL_REPRESENTATION('',(#6075),#6079);
#6075 = LINE('',#6076,#6077);
#6076 = CARTESIAN_POINT('',(2.90724059632,0.822017876202));
#6077 = VECTOR('',#6078,1.);
#6078 = DIRECTION('',(0.96323082453,0.268675228994));
#6079 = ( GEOMETRIC_REPRESENTATION_CONTEXT(2) 
PARAMETRIC_REPRESENTATION_CONTEXT() REPRESENTATION_CONTEXT('2D SPACE',''
  ) );
#6080 = PCURVE('',#6081,#6086);
#6081 = PLANE('',#6082);
#6082 = AXIS2_PLACEMENT_3D('',#6083,#6084,#6085);
#6083 = CARTESIAN_POINT('',(63.603739369987,39.75,108.49735317601));
#6084 = DIRECTION('',(-0.96323082453,0.,0.268675228994));
#6085 = DIRECTION('',(-0.268675228994,0.,-0.96323082453));
#6086 = DEFINITIONAL_REPRESENTATION('',(#6087),#6091);
#6087 = LINE('',#6088,#6089);
#6088 = CARTESIAN_POINT('',(3.021199597832,-0.1));
#6089 = VECTOR('',#6090,1.);
#6090 = DIRECTION('',(-1.,0.));
#6091 = ( GEOMETRIC_REPRESENTATION_CONTEXT(2) 
PARAMETRIC_REPRESENTATION_CONTEXT() REPRESENTATION_CONTEXT('2D SPACE',''
  ) );
#6092 = ORIENTED_EDGE('',*,*,#6093,.T.);
#6093 = EDGE_CURVE('',#6066,#6094,#6096,.T.);
#6094 = VERTEX_POINT('',#6095);
#6095 = CARTESIAN_POINT('',(63.682717004811,39.85,107.74743986637));
#6096 = SURFACE_CURVE('',#6097,(#6101,#6108),.PCURVE_S1.);
#6097 = LINE('',#6098,#6099);
#6098 = CARTESIAN_POINT('',(63.937236275499,39.85,105.33071278818));
#6099 = VECTOR('',#6100,1.);
#6100 = DIRECTION('',(0.104736451327,0.,-0.994500012953));
#6101 = PCURVE('',#345,#6102);
#6102 = DEFINITIONAL_REPRESENTATION('',(#6103),#6107);
#6103 = LINE('',#6104,#6105);
#6104 = CARTESIAN_POINT('',(2.65071278818,1.967236275499));
#6105 = VECTOR('',#6106,1.);
#6106 = DIRECTION('',(-0.994500012953,0.104736451327));
#6107 = ( GEOMETRIC_REPRESENTATION_CONTEXT(2) 
PARAMETRIC_REPRESENTATION_CONTEXT() REPRESENTATION_CONTEXT('2D SPACE',''
  ) );
#6108 = PCURVE('',#6109,#6114);
#6109 = PLANE('',#6110);
#6110 = AXIS2_PLACEMENT_3D('',#6111,#6112,#6113);
#6111 = CARTESIAN_POINT('',(63.682717004811,39.75,107.74743986637));
#6112 = DIRECTION('',(0.994500012953,0.,0.104736451327));
#6113 = DIRECTION('',(-0.104736451327,0.,0.994500012953));
#6114 = DEFINITIONAL_REPRESENTATION('',(#6115),#6119);
#6115 = LINE('',#6116,#6117);
#6116 = CARTESIAN_POINT('',(-2.43009255577,-0.1));
#6117 = VECTOR('',#6118,1.);
#6118 = DIRECTION('',(-1.,0.));
#6119 = ( GEOMETRIC_REPRESENTATION_CONTEXT(2) 
PARAMETRIC_REPRESENTATION_CONTEXT() REPRESENTATION_CONTEXT('2D SPACE',''
  ) );
#6120 = ORIENTED_EDGE('',*,*,#6121,.T.);
#6121 = EDGE_CURVE('',#6094,#6122,#6124,.T.);
#6122 = VERTEX_POINT('',#6123);
#6123 = CARTESIAN_POINT('',(63.935952729317,39.85,107.69948337168));
#6124 = SURFACE_CURVE('',#6125,(#6129,#6136),.PCURVE_S1.);
#6125 = LINE('',#6126,#6127);
#6126 = CARTESIAN_POINT('',(63.44583549748,39.85,107.79229928252));
#6127 = VECTOR('',#6128,1.);
#6128 = DIRECTION('',(0.982536898552,0.,-0.186067845108));
#6129 = PCURVE('',#345,#6130);
#6130 = DEFINITIONAL_REPRESENTATION('',(#6131),#6135);
#6131 = LINE('',#6132,#6133);
#6132 = CARTESIAN_POINT('',(5.11229928252,1.47583549748));
#6133 = VECTOR('',#6134,1.);
#6134 = DIRECTION('',(-0.186067845108,0.982536898552));
#6135 = ( GEOMETRIC_REPRESENTATION_CONTEXT(2) 
PARAMETRIC_REPRESENTATION_CONTEXT() REPRESENTATION_CONTEXT('2D SPACE',''
  ) );
#6136 = PCURVE('',#6137,#6142);
#6137 = PLANE('',#6138);
#6138 = AXIS2_PLACEMENT_3D('',#6139,#6140,#6141);
#6139 = CARTESIAN_POINT('',(63.935952729317,39.75,107.69948337168));
#6140 = DIRECTION('',(0.186067845108,0.,0.982536898552));
#6141 = DIRECTION('',(-0.982536898552,0.,0.186067845108));
#6142 = DEFINITIONAL_REPRESENTATION('',(#6143),#6147);
#6143 = LINE('',#6144,#6145);
#6144 = CARTESIAN_POINT('',(0.498828321418,-0.1));
#6145 = VECTOR('',#6146,1.);
#6146 = DIRECTION('',(-1.,0.));
#6147 = ( GEOMETRIC_REPRESENTATION_CONTEXT(2) 
PARAMETRIC_REPRESENTATION_CONTEXT() REPRESENTATION_CONTEXT('2D SPACE',''
  ) );
#6148 = ORIENTED_EDGE('',*,*,#6149,.T.);
#6149 = EDGE_CURVE('',#6122,#6150,#6152,.T.);
#6150 = VERTEX_POINT('',#6151);
#6151 = CARTESIAN_POINT('',(63.983909224012,39.85,109.11544655905));
#6152 = SURFACE_CURVE('',#6153,(#6157,#6164),.PCURVE_S1.);
#6153 = LINE('',#6154,#6155);
#6154 = CARTESIAN_POINT('',(63.873901024277,39.85,105.86734508449));
#6155 = VECTOR('',#6156,1.);
#6156 = DIRECTION('',(3.384905340034E-02,-0.,0.999426956603));
#6157 = PCURVE('',#345,#6158);
#6158 = DEFINITIONAL_REPRESENTATION('',(#6159),#6163);
#6159 = LINE('',#6160,#6161);
#6160 = CARTESIAN_POINT('',(3.18734508449,1.903901024277));
#6161 = VECTOR('',#6162,1.);
#6162 = DIRECTION('',(0.999426956603,3.384905340034E-02));
#6163 = ( GEOMETRIC_REPRESENTATION_CONTEXT(2) 
PARAMETRIC_REPRESENTATION_CONTEXT() REPRESENTATION_CONTEXT('2D SPACE',''
  ) );
#6164 = PCURVE('',#6165,#6170);
#6165 = PLANE('',#6166);
#6166 = AXIS2_PLACEMENT_3D('',#6167,#6168,#6169);
#6167 = CARTESIAN_POINT('',(63.983909224012,39.75,109.11544655905));
#6168 = DIRECTION('',(-0.999426956603,0.,3.384905340034E-02));
#6169 = DIRECTION('',(-3.384905340034E-02,0.,-0.999426956603));
#6170 = DEFINITIONAL_REPRESENTATION('',(#6171),#6175);
#6171 = LINE('',#6172,#6173);
#6172 = CARTESIAN_POINT('',(3.249963844883,-0.1));
#6173 = VECTOR('',#6174,1.);
#6174 = DIRECTION('',(-1.,0.));
#6175 = ( GEOMETRIC_REPRESENTATION_CONTEXT(2) 
PARAMETRIC_REPRESENTATION_CONTEXT() REPRESENTATION_CONTEXT('2D SPACE',''
  ) );
#6176 = ORIENTED_EDGE('',*,*,#6177,.T.);
#6177 = EDGE_CURVE('',#6150,#6178,#6180,.T.);
#6178 = VERTEX_POINT('',#6179);
#6179 = CARTESIAN_POINT('',(63.572729980948,39.85,109.16340305375));
#6180 = SURFACE_CURVE('',#6181,(#6185,#6192),.PCURVE_S1.);
#6181 = LINE('',#6182,#6183);
#6182 = CARTESIAN_POINT('',(63.155130417676,39.85,109.21210836069));
#6183 = VECTOR('',#6184,1.);
#6184 = DIRECTION('',(-0.993267147022,0.,0.115846340667));
#6185 = PCURVE('',#345,#6186);
#6186 = DEFINITIONAL_REPRESENTATION('',(#6187),#6191);
#6187 = LINE('',#6188,#6189);
#6188 = CARTESIAN_POINT('',(6.53210836069,1.185130417676));
#6189 = VECTOR('',#6190,1.);
#6190 = DIRECTION('',(0.115846340667,-0.993267147022));
#6191 = ( GEOMETRIC_REPRESENTATION_CONTEXT(2) 
PARAMETRIC_REPRESENTATION_CONTEXT() REPRESENTATION_CONTEXT('2D SPACE',''
  ) );
#6192 = PCURVE('',#6193,#6198);
#6193 = PLANE('',#6194);
#6194 = AXIS2_PLACEMENT_3D('',#6195,#6196,#6197);
#6195 = CARTESIAN_POINT('',(63.572729980948,39.75,109.16340305375));
#6196 = DIRECTION('',(-0.115846340667,0.,-0.993267147022));
#6197 = DIRECTION('',(0.993267147022,0.,-0.115846340667));
#6198 = DEFINITIONAL_REPRESENTATION('',(#6199),#6203);
#6199 = LINE('',#6200,#6201);
#6200 = CARTESIAN_POINT('',(-0.420430258389,-0.1));
#6201 = VECTOR('',#6202,1.);
#6202 = DIRECTION('',(-1.,-0.));
#6203 = ( GEOMETRIC_REPRESENTATION_CONTEXT(2) 
PARAMETRIC_REPRESENTATION_CONTEXT() REPRESENTATION_CONTEXT('2D SPACE',''
  ) );
#6204 = ORIENTED_EDGE('',*,*,#6205,.T.);
#6205 = EDGE_CURVE('',#6178,#6206,#6208,.T.);
#6206 = VERTEX_POINT('',#6207);
#6207 = CARTESIAN_POINT('',(63.308772633971,39.85,108.17281489593));
#6208 = SURFACE_CURVE('',#6209,(#6213,#6220),.PCURVE_S1.);
#6209 = LINE('',#6210,#6211);
#6210 = CARTESIAN_POINT('',(62.581089693554,39.85,105.44194147382));
#6211 = VECTOR('',#6212,1.);
#6212 = DIRECTION('',(-0.257480965176,0.,-0.966283370742));
#6213 = PCURVE('',#345,#6214);
#6214 = DEFINITIONAL_REPRESENTATION('',(#6215),#6219);
#6215 = LINE('',#6216,#6217);
#6216 = CARTESIAN_POINT('',(2.76194147382,0.611089693554));
#6217 = VECTOR('',#6218,1.);
#6218 = DIRECTION('',(-0.966283370742,-0.257480965176));
#6219 = ( GEOMETRIC_REPRESENTATION_CONTEXT(2) 
PARAMETRIC_REPRESENTATION_CONTEXT() REPRESENTATION_CONTEXT('2D SPACE',''
  ) );
#6220 = PCURVE('',#6221,#6226);
#6221 = PLANE('',#6222);
#6222 = AXIS2_PLACEMENT_3D('',#6223,#6224,#6225);
#6223 = CARTESIAN_POINT('',(63.308772633971,39.75,108.17281489593));
#6224 = DIRECTION('',(0.966283370742,0.,-0.257480965176));
#6225 = DIRECTION('',(0.257480965176,0.,0.966283370742));
#6226 = DEFINITIONAL_REPRESENTATION('',(#6227),#6231);
#6227 = LINE('',#6228,#6229);
#6228 = CARTESIAN_POINT('',(-2.826162081226,-0.1));
#6229 = VECTOR('',#6230,1.);
#6230 = DIRECTION('',(-1.,-0.));
#6231 = ( GEOMETRIC_REPRESENTATION_CONTEXT(2) 
PARAMETRIC_REPRESENTATION_CONTEXT() REPRESENTATION_CONTEXT('2D SPACE',''
  ) );
#6232 = ORIENTED_EDGE('',*,*,#6233,.T.);
#6233 = EDGE_CURVE('',#6206,#6234,#6236,.T.);
#6234 = VERTEX_POINT('',#6235);
#6235 = CARTESIAN_POINT('',(63.02034076999,39.85,109.12535986717));
#6236 = SURFACE_CURVE('',#6237,(#6241,#6248),.PCURVE_S1.);
#6237 = LINE('',#6238,#6239);
#6238 = CARTESIAN_POINT('',(63.870106462817,39.85,106.31901237746));
#6239 = VECTOR('',#6240,1.);
#6240 = DIRECTION('',(-0.289806654795,0.,0.957085211899));
#6241 = PCURVE('',#345,#6242);
#6242 = DEFINITIONAL_REPRESENTATION('',(#6243),#6247);
#6243 = LINE('',#6244,#6245);
#6244 = CARTESIAN_POINT('',(3.63901237746,1.900106462817));
#6245 = VECTOR('',#6246,1.);
#6246 = DIRECTION('',(0.957085211899,-0.289806654795));
#6247 = ( GEOMETRIC_REPRESENTATION_CONTEXT(2) 
PARAMETRIC_REPRESENTATION_CONTEXT() REPRESENTATION_CONTEXT('2D SPACE',''
  ) );
#6248 = PCURVE('',#6249,#6254);
#6249 = PLANE('',#6250);
#6250 = AXIS2_PLACEMENT_3D('',#6251,#6252,#6253);
#6251 = CARTESIAN_POINT('',(63.02034076999,39.75,109.12535986717));
#6252 = DIRECTION('',(-0.957085211899,0.,-0.289806654795));
#6253 = DIRECTION('',(0.289806654795,0.,-0.957085211899));
#6254 = DEFINITIONAL_REPRESENTATION('',(#6255),#6259);
#6255 = LINE('',#6256,#6257);
#6256 = CARTESIAN_POINT('',(2.93218143465,-0.1));
#6257 = VECTOR('',#6258,1.);
#6258 = DIRECTION('',(-1.,-0.));
#6259 = ( GEOMETRIC_REPRESENTATION_CONTEXT(2) 
PARAMETRIC_REPRESENTATION_CONTEXT() REPRESENTATION_CONTEXT('2D SPACE',''
  ) );
#6260 = ORIENTED_EDGE('',*,*,#6261,.T.);
#6261 = EDGE_CURVE('',#6234,#6262,#6264,.T.);
#6262 = VERTEX_POINT('',#6263);
#6263 = CARTESIAN_POINT('',(62.606222547822,39.85,109.16340305375));
#6264 = SURFACE_CURVE('',#6265,(#6269,#6276),.PCURVE_S1.);
#6265 = LINE('',#6266,#6267);
#6266 = CARTESIAN_POINT('',(62.586081849209,39.85,109.16525328954));
#6267 = VECTOR('',#6268,1.);
#6268 = DIRECTION('',(-0.9958068845,0.,9.148031909809E-02));
#6269 = PCURVE('',#345,#6270);
#6270 = DEFINITIONAL_REPRESENTATION('',(#6271),#6275);
#6271 = LINE('',#6272,#6273);
#6272 = CARTESIAN_POINT('',(6.48525328954,0.616081849209));
#6273 = VECTOR('',#6274,1.);
#6274 = DIRECTION('',(9.148031909809E-02,-0.9958068845));
#6275 = ( GEOMETRIC_REPRESENTATION_CONTEXT(2) 
PARAMETRIC_REPRESENTATION_CONTEXT() REPRESENTATION_CONTEXT('2D SPACE',''
  ) );
#6276 = PCURVE('',#6277,#6282);
#6277 = PLANE('',#6278);
#6278 = AXIS2_PLACEMENT_3D('',#6279,#6280,#6281);
#6279 = CARTESIAN_POINT('',(62.606222547822,39.75,109.16340305375));
#6280 = DIRECTION('',(-9.148031909809E-02,0.,-0.9958068845));
#6281 = DIRECTION('',(0.9958068845,0.,-9.148031909809E-02));
#6282 = DEFINITIONAL_REPRESENTATION('',(#6283),#6287);
#6283 = LINE('',#6284,#6285);
#6284 = CARTESIAN_POINT('',(-2.022550649794E-02,-0.1));
#6285 = VECTOR('',#6286,1.);
#6286 = DIRECTION('',(-1.,-0.));
#6287 = ( GEOMETRIC_REPRESENTATION_CONTEXT(2) 
PARAMETRIC_REPRESENTATION_CONTEXT() REPRESENTATION_CONTEXT('2D SPACE',''
  ) );
#6288 = ORIENTED_EDGE('',*,*,#6289,.T.);
#6289 = EDGE_CURVE('',#6262,#6290,#6292,.T.);
#6290 = VERTEX_POINT('',#6291);
#6291 = CARTESIAN_POINT('',(62.558266053127,39.85,107.74743986637));
#6292 = SURFACE_CURVE('',#6293,(#6297,#6304),.PCURVE_S1.);
#6293 = LINE('',#6294,#6295);
#6294 = CARTESIAN_POINT('',(62.472214172922,39.85,105.20667254489));
#6295 = VECTOR('',#6296,1.);
#6296 = DIRECTION('',(-3.384905340033E-02,0.,-0.999426956603));
#6297 = PCURVE('',#345,#6298);
#6298 = DEFINITIONAL_REPRESENTATION('',(#6299),#6303);
#6299 = LINE('',#6300,#6301);
#6300 = CARTESIAN_POINT('',(2.52667254489,0.502214172922));
#6301 = VECTOR('',#6302,1.);
#6302 = DIRECTION('',(-0.999426956603,-3.384905340033E-02));
#6303 = ( GEOMETRIC_REPRESENTATION_CONTEXT(2) 
PARAMETRIC_REPRESENTATION_CONTEXT() REPRESENTATION_CONTEXT('2D SPACE',''
  ) );
#6304 = PCURVE('',#6305,#6310);
#6305 = PLANE('',#6306);
#6306 = AXIS2_PLACEMENT_3D('',#6307,#6308,#6309);
#6307 = CARTESIAN_POINT('',(62.558266053127,39.75,107.74743986637));
#6308 = DIRECTION('',(0.999426956603,0.,-3.384905340033E-02));
#6309 = DIRECTION('',(3.384905340033E-02,0.,0.999426956603));
#6310 = DEFINITIONAL_REPRESENTATION('',(#6311),#6315);
#6311 = LINE('',#6312,#6313);
#6312 = CARTESIAN_POINT('',(-2.54222412623,-0.1));
#6313 = VECTOR('',#6314,1.);
#6314 = DIRECTION('',(-1.,-0.));
#6315 = ( GEOMETRIC_REPRESENTATION_CONTEXT(2) 
PARAMETRIC_REPRESENTATION_CONTEXT() REPRESENTATION_CONTEXT('2D SPACE',''
  ) );
#6316 = ORIENTED_EDGE('',*,*,#6317,.T.);
#6317 = EDGE_CURVE('',#6290,#6318,#6320,.T.);
#6318 = VERTEX_POINT('',#6319);
#6319 = CARTESIAN_POINT('',(62.811501777633,39.85,107.69948337168));
#6320 = SURFACE_CURVE('',#6321,(#6325,#6332),.PCURVE_S1.);
#6321 = LINE('',#6322,#6323);
#6322 = CARTESIAN_POINT('',(62.864145076827,39.85,107.68951405118));
#6323 = VECTOR('',#6324,1.);
#6324 = DIRECTION('',(0.982536898552,0.,-0.186067845108));
#6325 = PCURVE('',#345,#6326);
#6326 = DEFINITIONAL_REPRESENTATION('',(#6327),#6331);
#6327 = LINE('',#6328,#6329);
#6328 = CARTESIAN_POINT('',(5.00951405118,0.894145076827));
#6329 = VECTOR('',#6330,1.);
#6330 = DIRECTION('',(-0.186067845108,0.982536898552));
#6331 = ( GEOMETRIC_REPRESENTATION_CONTEXT(2) 
PARAMETRIC_REPRESENTATION_CONTEXT() REPRESENTATION_CONTEXT('2D SPACE',''
  ) );
#6332 = PCURVE('',#6333,#6338);
#6333 = PLANE('',#6334);
#6334 = AXIS2_PLACEMENT_3D('',#6335,#6336,#6337);
#6335 = CARTESIAN_POINT('',(62.811501777633,39.75,107.69948337168));
#6336 = DIRECTION('',(0.186067845108,0.,0.982536898552));
#6337 = DIRECTION('',(-0.982536898552,0.,0.186067845108));
#6338 = DEFINITIONAL_REPRESENTATION('',(#6339),#6343);
#6339 = LINE('',#6340,#6341);
#6340 = CARTESIAN_POINT('',(-5.357895390227E-02,-0.1));
#6341 = VECTOR('',#6342,1.);
#6342 = DIRECTION('',(-1.,0.));
#6343 = ( GEOMETRIC_REPRESENTATION_CONTEXT(2) 
PARAMETRIC_REPRESENTATION_CONTEXT() REPRESENTATION_CONTEXT('2D SPACE',''
  ) );
#6344 = ORIENTED_EDGE('',*,*,#6345,.T.);
#6345 = EDGE_CURVE('',#6318,#6346,#6348,.T.);
#6346 = VERTEX_POINT('',#6347);
#6347 = CARTESIAN_POINT('',(62.859458272328,39.85,108.48338954428));
#6348 = SURFACE_CURVE('',#6349,(#6353,#6360),.PCURVE_S1.);
#6349 = LINE('',#6350,#6351);
#6350 = CARTESIAN_POINT('',(62.680946933718,39.85,105.56540854702));
#6351 = VECTOR('',#6352,1.);
#6352 = DIRECTION('',(6.106216263568E-02,-0.,0.998133965104));
#6353 = PCURVE('',#345,#6354);
#6354 = DEFINITIONAL_REPRESENTATION('',(#6355),#6359);
#6355 = LINE('',#6356,#6357);
#6356 = CARTESIAN_POINT('',(2.88540854702,0.710946933718));
#6357 = VECTOR('',#6358,1.);
#6358 = DIRECTION('',(0.998133965104,6.106216263568E-02));
#6359 = ( GEOMETRIC_REPRESENTATION_CONTEXT(2) 
PARAMETRIC_REPRESENTATION_CONTEXT() REPRESENTATION_CONTEXT('2D SPACE',''
  ) );
#6360 = PCURVE('',#6361,#6366);
#6361 = PLANE('',#6362);
#6362 = AXIS2_PLACEMENT_3D('',#6363,#6364,#6365);
#6363 = CARTESIAN_POINT('',(62.859458272328,39.75,108.48338954428));
#6364 = DIRECTION('',(-0.998133965104,0.,6.106216263568E-02));
#6365 = DIRECTION('',(-6.106216263568E-02,0.,-0.998133965104));
#6366 = DEFINITIONAL_REPRESENTATION('',(#6367),#6371);
#6367 = LINE('',#6368,#6369);
#6368 = CARTESIAN_POINT('',(2.923436231284,-0.1));
#6369 = VECTOR('',#6370,1.);
#6370 = DIRECTION('',(-1.,0.));
#6371 = ( GEOMETRIC_REPRESENTATION_CONTEXT(2) 
PARAMETRIC_REPRESENTATION_CONTEXT() REPRESENTATION_CONTEXT('2D SPACE',''
  ) );
#6372 = ORIENTED_EDGE('',*,*,#6373,.T.);
#6373 = EDGE_CURVE('',#6346,#6036,#6374,.T.);
#6374 = SURFACE_CURVE('',#6375,(#6379,#6386),.PCURVE_S1.);
#6375 = LINE('',#6376,#6377);
#6376 = CARTESIAN_POINT('',(63.815363407183,39.85,105.6369150011));
#6377 = VECTOR('',#6378,1.);
#6378 = DIRECTION('',(0.318349155144,0.,-0.94797353097));
#6379 = PCURVE('',#345,#6380);
#6380 = DEFINITIONAL_REPRESENTATION('',(#6381),#6385);
#6381 = LINE('',#6382,#6383);
#6382 = CARTESIAN_POINT('',(2.9569150011,1.845363407183));
#6383 = VECTOR('',#6384,1.);
#6384 = DIRECTION('',(-0.94797353097,0.318349155144));
#6385 = ( GEOMETRIC_REPRESENTATION_CONTEXT(2) 
PARAMETRIC_REPRESENTATION_CONTEXT() REPRESENTATION_CONTEXT('2D SPACE',''
  ) );
#6386 = PCURVE('',#6387,#6392);
#6387 = PLANE('',#6388);
#6388 = AXIS2_PLACEMENT_3D('',#6389,#6390,#6391);
#6389 = CARTESIAN_POINT('',(63.110026703769,39.75,107.7372520507));
#6390 = DIRECTION('',(0.94797353097,0.,0.318349155144));
#6391 = DIRECTION('',(-0.318349155144,0.,0.94797353097));
#6392 = DEFINITIONAL_REPRESENTATION('',(#6393),#6397);
#6393 = LINE('',#6394,#6395);
#6394 = CARTESIAN_POINT('',(-2.21560727276,-0.1));
#6395 = VECTOR('',#6396,1.);
#6396 = DIRECTION('',(-1.,0.));
#6397 = ( GEOMETRIC_REPRESENTATION_CONTEXT(2) 
PARAMETRIC_REPRESENTATION_CONTEXT() REPRESENTATION_CONTEXT('2D SPACE',''
  ) );
#6398 = ADVANCED_FACE('',(#6399),#371,.T.);
#6399 = FACE_BOUND('',#6400,.T.);
#6400 = EDGE_LOOP('',(#6401,#6402,#6422,#6423));
#6401 = ORIENTED_EDGE('',*,*,#5226,.T.);
#6402 = ORIENTED_EDGE('',*,*,#6403,.T.);
#6403 = EDGE_CURVE('',#5198,#389,#6404,.T.);
#6404 = SURFACE_CURVE('',#6405,(#6410,#6416),.PCURVE_S1.);
#6405 = CIRCLE('',#6406,0.3);
#6406 = AXIS2_PLACEMENT_3D('',#6407,#6408,#6409);
#6407 = CARTESIAN_POINT('',(60.74,39.55,110.59061827989));
#6408 = DIRECTION('',(1.,0.,-6.123233995737E-17));
#6409 = DIRECTION('',(0.,1.,0.));
#6410 = PCURVE('',#371,#6411);
#6411 = DEFINITIONAL_REPRESENTATION('',(#6412),#6415);
#6412 = B_SPLINE_CURVE_WITH_KNOTS('',1,(#6413,#6414),.UNSPECIFIED.,.F.,
  .F.,(2,2),(0.,1.544616388015),.PIECEWISE_BEZIER_KNOTS.);
#6413 = CARTESIAN_POINT('',(6.28318530718,2.46));
#6414 = CARTESIAN_POINT('',(4.738568919165,2.46));
#6415 = ( GEOMETRIC_REPRESENTATION_CONTEXT(2) 
PARAMETRIC_REPRESENTATION_CONTEXT() REPRESENTATION_CONTEXT('2D SPACE',''
  ) );
#6416 = PCURVE('',#5214,#6417);
#6417 = DEFINITIONAL_REPRESENTATION('',(#6418),#6421);
#6418 = B_SPLINE_CURVE_WITH_KNOTS('',1,(#6419,#6420),.UNSPECIFIED.,.F.,
  .F.,(2,2),(0.,1.544616388015),.PIECEWISE_BEZIER_KNOTS.);
#6419 = CARTESIAN_POINT('',(0.,1.570796326795));
#6420 = CARTESIAN_POINT('',(0.,3.11541271481));
#6421 = ( GEOMETRIC_REPRESENTATION_CONTEXT(2) 
PARAMETRIC_REPRESENTATION_CONTEXT() REPRESENTATION_CONTEXT('2D SPACE',''
  ) );
#6422 = ORIENTED_EDGE('',*,*,#437,.F.);
#6423 = ORIENTED_EDGE('',*,*,#357,.F.);
#6424 = ADVANCED_FACE('',(#6425),#404,.F.);
#6425 = FACE_BOUND('',#6426,.F.);
#6426 = EDGE_LOOP('',(#6427,#6428,#6452,#6479));
#6427 = ORIENTED_EDGE('',*,*,#386,.F.);
#6428 = ORIENTED_EDGE('',*,*,#6429,.T.);
#6429 = EDGE_CURVE('',#387,#6430,#6432,.T.);
#6430 = VERTEX_POINT('',#6431);
#6431 = CARTESIAN_POINT('',(60.024082806804,38.657853084492,111.63));
#6432 = SURFACE_CURVE('',#6433,(#6438,#6445),.PCURVE_S1.);
#6433 = CIRCLE('',#6434,0.715917193196);
#6434 = AXIS2_PLACEMENT_3D('',#6435,#6436,#6437);
#6435 = CARTESIAN_POINT('',(60.74,38.657853084492,111.63));
#6436 = DIRECTION('',(0.,1.,0.));
#6437 = DIRECTION('',(-1.568431114825E-15,0.,-1.));
#6438 = PCURVE('',#404,#6439);
#6439 = DEFINITIONAL_REPRESENTATION('',(#6440),#6444);
#6440 = LINE('',#6441,#6442);
#6441 = CARTESIAN_POINT('',(4.712388980385,0.607853084492));
#6442 = VECTOR('',#6443,1.);
#6443 = DIRECTION('',(1.,0.));
#6444 = ( GEOMETRIC_REPRESENTATION_CONTEXT(2) 
PARAMETRIC_REPRESENTATION_CONTEXT() REPRESENTATION_CONTEXT('2D SPACE',''
  ) );
#6445 = PCURVE('',#772,#6446);
#6446 = DEFINITIONAL_REPRESENTATION('',(#6447),#6451);
#6447 = LINE('',#6448,#6449);
#6448 = CARTESIAN_POINT('',(0.,3.11541271481));
#6449 = VECTOR('',#6450,1.);
#6450 = DIRECTION('',(1.,0.));
#6451 = ( GEOMETRIC_REPRESENTATION_CONTEXT(2) 
PARAMETRIC_REPRESENTATION_CONTEXT() REPRESENTATION_CONTEXT('2D SPACE',''
  ) );
#6452 = ORIENTED_EDGE('',*,*,#6453,.T.);
#6453 = EDGE_CURVE('',#6430,#6454,#6456,.T.);
#6454 = VERTEX_POINT('',#6455);
#6455 = CARTESIAN_POINT('',(60.000515477392,39.557853084492,111.63));
#6456 = SURFACE_CURVE('',#6457,(#6461,#6467),.PCURVE_S1.);
#6457 = LINE('',#6458,#6459);
#6458 = CARTESIAN_POINT('',(60.04,38.05,111.63));
#6459 = VECTOR('',#6460,1.);
#6460 = DIRECTION('',(-2.617694830786E-02,0.999657324976,
    -6.293312884512E-17));
#6461 = PCURVE('',#404,#6462);
#6462 = DEFINITIONAL_REPRESENTATION('',(#6463),#6466);
#6463 = B_SPLINE_CURVE_WITH_KNOTS('',1,(#6464,#6465),.UNSPECIFIED.,.F.,
  .F.,(2,2),(0.,2.100719864231),.PIECEWISE_BEZIER_KNOTS.);
#6464 = CARTESIAN_POINT('',(6.28318530718,0.));
#6465 = CARTESIAN_POINT('',(6.28318530718,2.1));
#6466 = ( GEOMETRIC_REPRESENTATION_CONTEXT(2) 
PARAMETRIC_REPRESENTATION_CONTEXT() REPRESENTATION_CONTEXT('2D SPACE',''
  ) );
#6467 = PCURVE('',#6468,#6473);
#6468 = PLANE('',#6469);
#6469 = AXIS2_PLACEMENT_3D('',#6470,#6471,#6472);
#6470 = CARTESIAN_POINT('',(60.04,38.05,113.33));
#6471 = DIRECTION('',(0.999657324976,2.617694830786E-02,
    3.827256744052E-16));
#6472 = DIRECTION('',(-2.617694830786E-02,0.999657324976,
    -5.448637568551E-18));
#6473 = DEFINITIONAL_REPRESENTATION('',(#6474),#6478);
#6474 = LINE('',#6475,#6476);
#6475 = CARTESIAN_POINT('',(9.262683866536E-18,-1.7));
#6476 = VECTOR('',#6477,1.);
#6477 = DIRECTION('',(1.,-5.748449127657E-17));
#6478 = ( GEOMETRIC_REPRESENTATION_CONTEXT(2) 
PARAMETRIC_REPRESENTATION_CONTEXT() REPRESENTATION_CONTEXT('2D SPACE',''
  ) );
#6479 = ORIENTED_EDGE('',*,*,#6480,.F.);
#6480 = EDGE_CURVE('',#389,#6454,#6481,.T.);
#6481 = SURFACE_CURVE('',#6482,(#6487,#6494),.PCURVE_S1.);
#6482 = CIRCLE('',#6483,0.739484522608);
#6483 = AXIS2_PLACEMENT_3D('',#6484,#6485,#6486);
#6484 = CARTESIAN_POINT('',(60.74,39.557853084492,111.63));
#6485 = DIRECTION('',(0.,1.,0.));
#6486 = DIRECTION('',(-1.188779571674E-15,0.,-1.));
#6487 = PCURVE('',#404,#6488);
#6488 = DEFINITIONAL_REPRESENTATION('',(#6489),#6493);
#6489 = LINE('',#6490,#6491);
#6490 = CARTESIAN_POINT('',(4.712388980385,1.507853084492));
#6491 = VECTOR('',#6492,1.);
#6492 = DIRECTION('',(1.,0.));
#6493 = ( GEOMETRIC_REPRESENTATION_CONTEXT(2) 
PARAMETRIC_REPRESENTATION_CONTEXT() REPRESENTATION_CONTEXT('2D SPACE',''
  ) );
#6494 = PCURVE('',#5214,#6495);
#6495 = DEFINITIONAL_REPRESENTATION('',(#6496),#6500);
#6496 = LINE('',#6497,#6498);
#6497 = CARTESIAN_POINT('',(0.,3.11541271481));
#6498 = VECTOR('',#6499,1.);
#6499 = DIRECTION('',(1.,0.));
#6500 = ( GEOMETRIC_REPRESENTATION_CONTEXT(2) 
PARAMETRIC_REPRESENTATION_CONTEXT() REPRESENTATION_CONTEXT('2D SPACE',''
  ) );
#6501 = ADVANCED_FACE('',(#6502),#500,.T.);
#6502 = FACE_BOUND('',#6503,.T.);
#6503 = EDGE_LOOP('',(#6504,#6524,#6525,#6526));
#6504 = ORIENTED_EDGE('',*,*,#6505,.F.);
#6505 = EDGE_CURVE('',#568,#647,#6506,.T.);
#6506 = SURFACE_CURVE('',#6507,(#6512,#6518),.PCURVE_S1.);
#6507 = CIRCLE('',#6508,0.3);
#6508 = AXIS2_PLACEMENT_3D('',#6509,#6510,#6511);
#6509 = CARTESIAN_POINT('',(63.2,38.65,114.34581439068));
#6510 = DIRECTION('',(-1.,0.,6.123233995737E-17));
#6511 = DIRECTION('',(-6.121135716378E-17,2.617694830786E-02,
    -0.999657324976));
#6512 = PCURVE('',#500,#6513);
#6513 = DEFINITIONAL_REPRESENTATION('',(#6514),#6517);
#6514 = B_SPLINE_CURVE_WITH_KNOTS('',1,(#6515,#6516),.UNSPECIFIED.,.F.,
  .F.,(2,2),(0.,1.596976265575),.PIECEWISE_BEZIER_KNOTS.);
#6515 = CARTESIAN_POINT('',(0.,3.11541271481));
#6516 = CARTESIAN_POINT('',(0.,4.712388980385));
#6517 = ( GEOMETRIC_REPRESENTATION_CONTEXT(2) 
PARAMETRIC_REPRESENTATION_CONTEXT() REPRESENTATION_CONTEXT('2D SPACE',''
  ) );
#6518 = PCURVE('',#686,#6519);
#6519 = DEFINITIONAL_REPRESENTATION('',(#6520),#6523);
#6520 = B_SPLINE_CURVE_WITH_KNOTS('',1,(#6521,#6522),.UNSPECIFIED.,.F.,
  .F.,(2,2),(0.,1.596976265575),.PIECEWISE_BEZIER_KNOTS.);
#6521 = CARTESIAN_POINT('',(6.28318530718,2.46));
#6522 = CARTESIAN_POINT('',(4.686209041605,2.46));
#6523 = ( GEOMETRIC_REPRESENTATION_CONTEXT(2) 
PARAMETRIC_REPRESENTATION_CONTEXT() REPRESENTATION_CONTEXT('2D SPACE',''
  ) );
#6524 = ORIENTED_EDGE('',*,*,#596,.T.);
#6525 = ORIENTED_EDGE('',*,*,#486,.T.);
#6526 = ORIENTED_EDGE('',*,*,#646,.F.);
#6527 = ADVANCED_FACE('',(#6528),#553,.T.);
#6528 = FACE_BOUND('',#6529,.T.);
#6529 = EDGE_LOOP('',(#6530,#6550,#6551,#6552));
#6530 = ORIENTED_EDGE('',*,*,#6531,.F.);
#6531 = EDGE_CURVE('',#5089,#570,#6532,.T.);
#6532 = SURFACE_CURVE('',#6533,(#6538,#6544),.PCURVE_S1.);
#6533 = CIRCLE('',#6534,0.3);
#6534 = AXIS2_PLACEMENT_3D('',#6535,#6536,#6537);
#6535 = CARTESIAN_POINT('',(63.2,39.55,114.3693817201));
#6536 = DIRECTION('',(-1.,0.,6.123233995737E-17));
#6537 = DIRECTION('',(0.,1.,0.));
#6538 = PCURVE('',#553,#6539);
#6539 = DEFINITIONAL_REPRESENTATION('',(#6540),#6543);
#6540 = B_SPLINE_CURVE_WITH_KNOTS('',1,(#6541,#6542),.UNSPECIFIED.,.F.,
  .F.,(2,2),(0.,1.544616388015),.PIECEWISE_BEZIER_KNOTS.);
#6541 = CARTESIAN_POINT('',(0.,1.570796326795));
#6542 = CARTESIAN_POINT('',(0.,3.11541271481));
#6543 = ( GEOMETRIC_REPRESENTATION_CONTEXT(2) 
PARAMETRIC_REPRESENTATION_CONTEXT() REPRESENTATION_CONTEXT('2D SPACE',''
  ) );
#6544 = PCURVE('',#5128,#6545);
#6545 = DEFINITIONAL_REPRESENTATION('',(#6546),#6549);
#6546 = B_SPLINE_CURVE_WITH_KNOTS('',1,(#6547,#6548),.UNSPECIFIED.,.F.,
  .F.,(2,2),(0.,1.544616388015),.PIECEWISE_BEZIER_KNOTS.);
#6547 = CARTESIAN_POINT('',(6.28318530718,2.46));
#6548 = CARTESIAN_POINT('',(4.738568919165,2.46));
#6549 = ( GEOMETRIC_REPRESENTATION_CONTEXT(2) 
PARAMETRIC_REPRESENTATION_CONTEXT() REPRESENTATION_CONTEXT('2D SPACE',''
  ) );
#6550 = ORIENTED_EDGE('',*,*,#5088,.T.);
#6551 = ORIENTED_EDGE('',*,*,#539,.T.);
#6552 = ORIENTED_EDGE('',*,*,#619,.F.);
#6553 = ADVANCED_FACE('',(#6554),#584,.T.);
#6554 = FACE_BOUND('',#6555,.T.);
#6555 = EDGE_LOOP('',(#6556,#6557,#6580,#6607));
#6556 = ORIENTED_EDGE('',*,*,#567,.F.);
#6557 = ORIENTED_EDGE('',*,*,#6558,.F.);
#6558 = EDGE_CURVE('',#6559,#568,#6561,.T.);
#6559 = VERTEX_POINT('',#6560);
#6560 = CARTESIAN_POINT('',(60.74,38.657853084492,114.04591719319));
#6561 = SURFACE_CURVE('',#6562,(#6566,#6573),.PCURVE_S1.);
#6562 = LINE('',#6563,#6564);
#6563 = CARTESIAN_POINT('',(60.74,38.657853084492,114.04591719319));
#6564 = VECTOR('',#6565,1.);
#6565 = DIRECTION('',(1.,-0.,-6.123233995737E-17));
#6566 = PCURVE('',#584,#6567);
#6567 = DEFINITIONAL_REPRESENTATION('',(#6568),#6572);
#6568 = LINE('',#6569,#6570);
#6569 = CARTESIAN_POINT('',(0.608061451965,-2.46));
#6570 = VECTOR('',#6571,1.);
#6571 = DIRECTION('',(3.205751595667E-18,1.));
#6572 = ( GEOMETRIC_REPRESENTATION_CONTEXT(2) 
PARAMETRIC_REPRESENTATION_CONTEXT() REPRESENTATION_CONTEXT('2D SPACE',''
  ) );
#6573 = PCURVE('',#686,#6574);
#6574 = DEFINITIONAL_REPRESENTATION('',(#6575),#6579);
#6575 = LINE('',#6576,#6577);
#6576 = CARTESIAN_POINT('',(6.28318530718,0.));
#6577 = VECTOR('',#6578,1.);
#6578 = DIRECTION('',(-0.,1.));
#6579 = ( GEOMETRIC_REPRESENTATION_CONTEXT(2) 
PARAMETRIC_REPRESENTATION_CONTEXT() REPRESENTATION_CONTEXT('2D SPACE',''
  ) );
#6580 = ORIENTED_EDGE('',*,*,#6581,.T.);
#6581 = EDGE_CURVE('',#6559,#6582,#6584,.T.);
#6582 = VERTEX_POINT('',#6583);
#6583 = CARTESIAN_POINT('',(60.74,39.557853084492,114.0694845226));
#6584 = SURFACE_CURVE('',#6585,(#6589,#6596),.PCURVE_S1.);
#6585 = LINE('',#6586,#6587);
#6586 = CARTESIAN_POINT('',(60.74,38.05,114.03));
#6587 = VECTOR('',#6588,1.);
#6588 = DIRECTION('',(6.992287447287E-17,0.999657324976,
    2.617694830786E-02));
#6589 = PCURVE('',#584,#6590);
#6590 = DEFINITIONAL_REPRESENTATION('',(#6591),#6595);
#6591 = LINE('',#6592,#6593);
#6592 = CARTESIAN_POINT('',(-1.182922338801E-17,-2.46));
#6593 = VECTOR('',#6594,1.);
#6594 = DIRECTION('',(1.,6.511424707937E-17));
#6595 = ( GEOMETRIC_REPRESENTATION_CONTEXT(2) 
PARAMETRIC_REPRESENTATION_CONTEXT() REPRESENTATION_CONTEXT('2D SPACE',''
  ) );
#6596 = PCURVE('',#6597,#6602);
#6597 = CONICAL_SURFACE('',#6598,0.7,2.617993877991E-02);
#6598 = AXIS2_PLACEMENT_3D('',#6599,#6600,#6601);
#6599 = CARTESIAN_POINT('',(60.74,38.05,113.33));
#6600 = DIRECTION('',(0.,1.,0.));
#6601 = DIRECTION('',(2.916091546136E-15,-0.,1.));
#6602 = DEFINITIONAL_REPRESENTATION('',(#6603),#6606);
#6603 = B_SPLINE_CURVE_WITH_KNOTS('',1,(#6604,#6605),.UNSPECIFIED.,.F.,
  .F.,(2,2),(0.,2.100719864231),.PIECEWISE_BEZIER_KNOTS.);
#6604 = CARTESIAN_POINT('',(6.28318530718,0.));
#6605 = CARTESIAN_POINT('',(6.28318530718,2.1));
#6606 = ( GEOMETRIC_REPRESENTATION_CONTEXT(2) 
PARAMETRIC_REPRESENTATION_CONTEXT() REPRESENTATION_CONTEXT('2D SPACE',''
  ) );
#6607 = ORIENTED_EDGE('',*,*,#6608,.T.);
#6608 = EDGE_CURVE('',#6582,#570,#6609,.T.);
#6609 = SURFACE_CURVE('',#6610,(#6614,#6621),.PCURVE_S1.);
#6610 = LINE('',#6611,#6612);
#6611 = CARTESIAN_POINT('',(60.74,39.557853084492,114.0694845226));
#6612 = VECTOR('',#6613,1.);
#6613 = DIRECTION('',(1.,-0.,-6.123233995737E-17));
#6614 = PCURVE('',#584,#6615);
#6615 = DEFINITIONAL_REPRESENTATION('',(#6616),#6620);
#6616 = LINE('',#6617,#6618);
#6617 = CARTESIAN_POINT('',(1.508369965206,-2.46));
#6618 = VECTOR('',#6619,1.);
#6619 = DIRECTION('',(3.205751595667E-18,1.));
#6620 = ( GEOMETRIC_REPRESENTATION_CONTEXT(2) 
PARAMETRIC_REPRESENTATION_CONTEXT() REPRESENTATION_CONTEXT('2D SPACE',''
  ) );
#6621 = PCURVE('',#5128,#6622);
#6622 = DEFINITIONAL_REPRESENTATION('',(#6623),#6627);
#6623 = LINE('',#6624,#6625);
#6624 = CARTESIAN_POINT('',(4.738568919165,0.));
#6625 = VECTOR('',#6626,1.);
#6626 = DIRECTION('',(-0.,1.));
#6627 = ( GEOMETRIC_REPRESENTATION_CONTEXT(2) 
PARAMETRIC_REPRESENTATION_CONTEXT() REPRESENTATION_CONTEXT('2D SPACE',''
  ) );
#6628 = ADVANCED_FACE('',(#6629),#772,.T.);
#6629 = FACE_BOUND('',#6630,.T.);
#6630 = EDGE_LOOP('',(#6631,#6632,#6633,#6653));
#6631 = ORIENTED_EDGE('',*,*,#1442,.F.);
#6632 = ORIENTED_EDGE('',*,*,#6429,.T.);
#6633 = ORIENTED_EDGE('',*,*,#6634,.T.);
#6634 = EDGE_CURVE('',#6430,#728,#6635,.T.);
#6635 = SURFACE_CURVE('',#6636,(#6641,#6647),.PCURVE_S1.);
#6636 = CIRCLE('',#6637,0.3);
#6637 = AXIS2_PLACEMENT_3D('',#6638,#6639,#6640);
#6638 = CARTESIAN_POINT('',(59.724185609311,38.65,111.63));
#6639 = DIRECTION('',(2.045514903933E-15,0.,-1.));
#6640 = DIRECTION('',(-1.,0.,-2.045514903933E-15));
#6641 = PCURVE('',#772,#6642);
#6642 = DEFINITIONAL_REPRESENTATION('',(#6643),#6646);
#6643 = B_SPLINE_CURVE_WITH_KNOTS('',1,(#6644,#6645),.UNSPECIFIED.,.F.,
  .F.,(2,2),(3.11541271481,4.712388980385),.PIECEWISE_BEZIER_KNOTS.);
#6644 = CARTESIAN_POINT('',(1.570796326795,3.11541271481));
#6645 = CARTESIAN_POINT('',(1.570796326795,4.712388980385));
#6646 = ( GEOMETRIC_REPRESENTATION_CONTEXT(2) 
PARAMETRIC_REPRESENTATION_CONTEXT() REPRESENTATION_CONTEXT('2D SPACE',''
  ) );
#6647 = PCURVE('',#743,#6648);
#6648 = DEFINITIONAL_REPRESENTATION('',(#6649),#6652);
#6649 = B_SPLINE_CURVE_WITH_KNOTS('',1,(#6650,#6651),.UNSPECIFIED.,.F.,
  .F.,(2,2),(3.11541271481,4.712388980385),.PIECEWISE_BEZIER_KNOTS.);
#6650 = CARTESIAN_POINT('',(6.28318530718,0.));
#6651 = CARTESIAN_POINT('',(4.686209041605,0.));
#6652 = ( GEOMETRIC_REPRESENTATION_CONTEXT(2) 
PARAMETRIC_REPRESENTATION_CONTEXT() REPRESENTATION_CONTEXT('2D SPACE',''
  ) );
#6653 = ORIENTED_EDGE('',*,*,#755,.F.);
#6654 = ADVANCED_FACE('',(#6655),#686,.T.);
#6655 = FACE_BOUND('',#6656,.T.);
#6656 = EDGE_LOOP('',(#6657,#6658,#6659,#6660));
#6657 = ORIENTED_EDGE('',*,*,#6558,.T.);
#6658 = ORIENTED_EDGE('',*,*,#6505,.T.);
#6659 = ORIENTED_EDGE('',*,*,#670,.F.);
#6660 = ORIENTED_EDGE('',*,*,#6661,.F.);
#6661 = EDGE_CURVE('',#6559,#671,#6662,.T.);
#6662 = SURFACE_CURVE('',#6663,(#6668,#6674),.PCURVE_S1.);
#6663 = CIRCLE('',#6664,0.3);
#6664 = AXIS2_PLACEMENT_3D('',#6665,#6666,#6667);
#6665 = CARTESIAN_POINT('',(60.74,38.65,114.34581439068));
#6666 = DIRECTION('',(-1.,0.,9.381313542343E-17));
#6667 = DIRECTION('',(9.381313542343E-17,0.,1.));
#6668 = PCURVE('',#686,#6669);
#6669 = DEFINITIONAL_REPRESENTATION('',(#6670),#6673);
#6670 = B_SPLINE_CURVE_WITH_KNOTS('',1,(#6671,#6672),.UNSPECIFIED.,.F.,
  .F.,(2,2),(3.11541271481,4.712388980385),.PIECEWISE_BEZIER_KNOTS.);
#6671 = CARTESIAN_POINT('',(6.28318530718,0.));
#6672 = CARTESIAN_POINT('',(4.686209041605,0.));
#6673 = ( GEOMETRIC_REPRESENTATION_CONTEXT(2) 
PARAMETRIC_REPRESENTATION_CONTEXT() REPRESENTATION_CONTEXT('2D SPACE',''
  ) );
#6674 = PCURVE('',#715,#6675);
#6675 = DEFINITIONAL_REPRESENTATION('',(#6676),#6679);
#6676 = B_SPLINE_CURVE_WITH_KNOTS('',1,(#6677,#6678),.UNSPECIFIED.,.F.,
  .F.,(2,2),(3.11541271481,4.712388980385),.PIECEWISE_BEZIER_KNOTS.);
#6677 = CARTESIAN_POINT('',(1.570796326795,3.11541271481));
#6678 = CARTESIAN_POINT('',(1.570796326795,4.712388980385));
#6679 = ( GEOMETRIC_REPRESENTATION_CONTEXT(2) 
PARAMETRIC_REPRESENTATION_CONTEXT() REPRESENTATION_CONTEXT('2D SPACE',''
  ) );
#6680 = ADVANCED_FACE('',(#6681),#743,.T.);
#6681 = FACE_BOUND('',#6682,.T.);
#6682 = EDGE_LOOP('',(#6683,#6706,#6726,#6727));
#6683 = ORIENTED_EDGE('',*,*,#6684,.T.);
#6684 = EDGE_CURVE('',#6430,#6685,#6687,.T.);
#6685 = VERTEX_POINT('',#6686);
#6686 = CARTESIAN_POINT('',(60.024082806804,38.657853084492,113.33));
#6687 = SURFACE_CURVE('',#6688,(#6692,#6699),.PCURVE_S1.);
#6688 = LINE('',#6689,#6690);
#6689 = CARTESIAN_POINT('',(60.024082806804,38.657853084492,111.63));
#6690 = VECTOR('',#6691,1.);
#6691 = DIRECTION('',(-3.828568698927E-16,-0.,1.));
#6692 = PCURVE('',#743,#6693);
#6693 = DEFINITIONAL_REPRESENTATION('',(#6694),#6698);
#6694 = LINE('',#6695,#6696);
#6695 = CARTESIAN_POINT('',(6.28318530718,0.));
#6696 = VECTOR('',#6697,1.);
#6697 = DIRECTION('',(-0.,1.));
#6698 = ( GEOMETRIC_REPRESENTATION_CONTEXT(2) 
PARAMETRIC_REPRESENTATION_CONTEXT() REPRESENTATION_CONTEXT('2D SPACE',''
  ) );
#6699 = PCURVE('',#6468,#6700);
#6700 = DEFINITIONAL_REPRESENTATION('',(#6701),#6705);
#6701 = LINE('',#6702,#6703);
#6702 = CARTESIAN_POINT('',(0.608061451965,-1.7));
#6703 = VECTOR('',#6704,1.);
#6704 = DIRECTION('',(4.573386923939E-18,1.));
#6705 = ( GEOMETRIC_REPRESENTATION_CONTEXT(2) 
PARAMETRIC_REPRESENTATION_CONTEXT() REPRESENTATION_CONTEXT('2D SPACE',''
  ) );
#6706 = ORIENTED_EDGE('',*,*,#6707,.T.);
#6707 = EDGE_CURVE('',#6685,#699,#6708,.T.);
#6708 = SURFACE_CURVE('',#6709,(#6714,#6720),.PCURVE_S1.);
#6709 = CIRCLE('',#6710,0.3);
#6710 = AXIS2_PLACEMENT_3D('',#6711,#6712,#6713);
#6711 = CARTESIAN_POINT('',(59.724185609311,38.65,113.33));
#6712 = DIRECTION('',(3.828568698927E-16,1.54074395551E-33,-1.));
#6713 = DIRECTION('',(0.999657324976,2.617694830786E-02,
    3.827256744055E-16));
#6714 = PCURVE('',#743,#6715);
#6715 = DEFINITIONAL_REPRESENTATION('',(#6716),#6719);
#6716 = B_SPLINE_CURVE_WITH_KNOTS('',1,(#6717,#6718),.UNSPECIFIED.,.F.,
  .F.,(2,2),(0.,1.596976265575),.PIECEWISE_BEZIER_KNOTS.);
#6717 = CARTESIAN_POINT('',(6.28318530718,1.7));
#6718 = CARTESIAN_POINT('',(4.686209041605,1.7));
#6719 = ( GEOMETRIC_REPRESENTATION_CONTEXT(2) 
PARAMETRIC_REPRESENTATION_CONTEXT() REPRESENTATION_CONTEXT('2D SPACE',''
  ) );
#6720 = PCURVE('',#715,#6721);
#6721 = DEFINITIONAL_REPRESENTATION('',(#6722),#6725);
#6722 = B_SPLINE_CURVE_WITH_KNOTS('',1,(#6723,#6724),.UNSPECIFIED.,.F.,
  .F.,(2,2),(0.,1.596976265575),.PIECEWISE_BEZIER_KNOTS.);
#6723 = CARTESIAN_POINT('',(0.,3.11541271481));
#6724 = CARTESIAN_POINT('',(0.,4.712388980385));
#6725 = ( GEOMETRIC_REPRESENTATION_CONTEXT(2) 
PARAMETRIC_REPRESENTATION_CONTEXT() REPRESENTATION_CONTEXT('2D SPACE',''
  ) );
#6726 = ORIENTED_EDGE('',*,*,#727,.F.);
#6727 = ORIENTED_EDGE('',*,*,#6634,.F.);
#6728 = ADVANCED_FACE('',(#6729),#715,.T.);
#6729 = FACE_BOUND('',#6730,.T.);
#6730 = EDGE_LOOP('',(#6731,#6732,#6754,#6755));
#6731 = ORIENTED_EDGE('',*,*,#6707,.F.);
#6732 = ORIENTED_EDGE('',*,*,#6733,.T.);
#6733 = EDGE_CURVE('',#6685,#6559,#6734,.T.);
#6734 = SURFACE_CURVE('',#6735,(#6740,#6747),.PCURVE_S1.);
#6735 = CIRCLE('',#6736,0.715917193196);
#6736 = AXIS2_PLACEMENT_3D('',#6737,#6738,#6739);
#6737 = CARTESIAN_POINT('',(60.74,38.657853084492,113.33));
#6738 = DIRECTION('',(0.,1.,0.));
#6739 = DIRECTION('',(-1.,0.,-2.50948978372E-15));
#6740 = PCURVE('',#715,#6741);
#6741 = DEFINITIONAL_REPRESENTATION('',(#6742),#6746);
#6742 = LINE('',#6743,#6744);
#6743 = CARTESIAN_POINT('',(0.,3.11541271481));
#6744 = VECTOR('',#6745,1.);
#6745 = DIRECTION('',(1.,0.));
#6746 = ( GEOMETRIC_REPRESENTATION_CONTEXT(2) 
PARAMETRIC_REPRESENTATION_CONTEXT() REPRESENTATION_CONTEXT('2D SPACE',''
  ) );
#6747 = PCURVE('',#6597,#6748);
#6748 = DEFINITIONAL_REPRESENTATION('',(#6749),#6753);
#6749 = LINE('',#6750,#6751);
#6750 = CARTESIAN_POINT('',(4.712388980385,0.607853084492));
#6751 = VECTOR('',#6752,1.);
#6752 = DIRECTION('',(1.,0.));
#6753 = ( GEOMETRIC_REPRESENTATION_CONTEXT(2) 
PARAMETRIC_REPRESENTATION_CONTEXT() REPRESENTATION_CONTEXT('2D SPACE',''
  ) );
#6754 = ORIENTED_EDGE('',*,*,#6661,.T.);
#6755 = ORIENTED_EDGE('',*,*,#698,.F.);
#6756 = ADVANCED_FACE('',(#6757),#825,.T.);
#6757 = FACE_BOUND('',#6758,.T.);
#6758 = EDGE_LOOP('',(#6759,#6787,#6788,#6810));
#6759 = ORIENTED_EDGE('',*,*,#6760,.T.);
#6760 = EDGE_CURVE('',#6761,#808,#6763,.T.);
#6761 = VERTEX_POINT('',#6762);
#6762 = CARTESIAN_POINT('',(54.675862527511,38.503926542246,
    105.41757557273));
#6763 = SURFACE_CURVE('',#6764,(#6769,#6775),.PCURVE_S1.);
#6764 = CIRCLE('',#6765,0.15);
#6765 = AXIS2_PLACEMENT_3D('',#6766,#6767,#6768);
#6766 = CARTESIAN_POINT('',(54.809311745553,38.5,105.34919510425));
#6767 = DIRECTION('',(0.456026058632,-1.734723475977E-18,0.889966422877)
  );
#6768 = DIRECTION('',(-0.889661453611,2.617694830788E-02,0.455869789891)
  );
#6769 = PCURVE('',#825,#6770);
#6770 = DEFINITIONAL_REPRESENTATION('',(#6771),#6774);
#6771 = B_SPLINE_CURVE_WITH_KNOTS('',1,(#6772,#6773),.UNSPECIFIED.,.F.,
  .F.,(2,2),(0.,1.596976265575),.PIECEWISE_BEZIER_KNOTS.);
#6772 = CARTESIAN_POINT('',(0.,-1.561251128379E-16));
#6773 = CARTESIAN_POINT('',(1.596976265575,-1.561251128379E-16));
#6774 = ( GEOMETRIC_REPRESENTATION_CONTEXT(2) 
PARAMETRIC_REPRESENTATION_CONTEXT() REPRESENTATION_CONTEXT('2D SPACE',''
  ) );
#6775 = PCURVE('',#926,#6776);
#6776 = DEFINITIONAL_REPRESENTATION('',(#6777),#6786);
#6777 = B_SPLINE_CURVE_WITH_KNOTS('',7,(#6778,#6779,#6780,#6781,#6782,
    #6783,#6784,#6785),.UNSPECIFIED.,.F.,.F.,(8,8),(0.,1.596976265575),
  .PIECEWISE_BEZIER_KNOTS.);
#6778 = CARTESIAN_POINT('',(0.,97.009153574369));
#6779 = CARTESIAN_POINT('',(5.33909022177,97.009153574369));
#6780 = CARTESIAN_POINT('',(10.078736340178,97.009153574368));
#6781 = CARTESIAN_POINT('',(14.566045861485,97.009153574372));
#6782 = CARTESIAN_POINT('',(18.960820493269,97.009153574366));
#6783 = CARTESIAN_POINT('',(23.448130014532,97.009153574371));
#6784 = CARTESIAN_POINT('',(28.187776132974,97.009153574369));
#6785 = CARTESIAN_POINT('',(33.526866354744,97.009153574369));
#6786 = ( GEOMETRIC_REPRESENTATION_CONTEXT(2) 
PARAMETRIC_REPRESENTATION_CONTEXT() REPRESENTATION_CONTEXT('2D SPACE',''
  ) );
#6787 = ORIENTED_EDGE('',*,*,#807,.T.);
#6788 = ORIENTED_EDGE('',*,*,#6789,.F.);
#6789 = EDGE_CURVE('',#6790,#810,#6792,.T.);
#6790 = VERTEX_POINT('',#6791);
#6791 = CARTESIAN_POINT('',(60.905627487651,38.503926542246,
    117.57539316231));
#6792 = SURFACE_CURVE('',#6793,(#6798,#6804),.PCURVE_S1.);
#6793 = CIRCLE('',#6794,0.15);
#6794 = AXIS2_PLACEMENT_3D('',#6795,#6796,#6797);
#6795 = CARTESIAN_POINT('',(61.039076705692,38.5,117.50701269382));
#6796 = DIRECTION('',(0.456026058632,-1.734723475977E-18,0.889966422877)
  );
#6797 = DIRECTION('',(-0.889661453611,2.617694830788E-02,0.455869789891)
  );
#6798 = PCURVE('',#825,#6799);
#6799 = DEFINITIONAL_REPRESENTATION('',(#6800),#6803);
#6800 = B_SPLINE_CURVE_WITH_KNOTS('',1,(#6801,#6802),.UNSPECIFIED.,.F.,
  .F.,(2,2),(0.,1.596976265575),.PIECEWISE_BEZIER_KNOTS.);
#6801 = CARTESIAN_POINT('',(0.,13.660984591163));
#6802 = CARTESIAN_POINT('',(1.596976265575,13.660984591163));
#6803 = ( GEOMETRIC_REPRESENTATION_CONTEXT(2) 
PARAMETRIC_REPRESENTATION_CONTEXT() REPRESENTATION_CONTEXT('2D SPACE',''
  ) );
#6804 = PCURVE('',#854,#6805);
#6805 = DEFINITIONAL_REPRESENTATION('',(#6806),#6809);
#6806 = B_SPLINE_CURVE_WITH_KNOTS('',1,(#6807,#6808),.UNSPECIFIED.,.F.,
  .F.,(2,2),(0.,1.596976265575),.PIECEWISE_BEZIER_KNOTS.);
#6807 = CARTESIAN_POINT('',(6.28318530718,-2.617993877959E-02));
#6808 = CARTESIAN_POINT('',(6.28318530718,1.570796326794));
#6809 = ( GEOMETRIC_REPRESENTATION_CONTEXT(2) 
PARAMETRIC_REPRESENTATION_CONTEXT() REPRESENTATION_CONTEXT('2D SPACE',''
  ) );
#6810 = ORIENTED_EDGE('',*,*,#6811,.F.);
#6811 = EDGE_CURVE('',#6761,#6790,#6812,.T.);
#6812 = SURFACE_CURVE('',#6813,(#6817,#6824),.PCURVE_S1.);
#6813 = LINE('',#6814,#6815);
#6814 = CARTESIAN_POINT('',(54.675862527511,38.503926542246,
    105.41757557273));
#6815 = VECTOR('',#6816,1.);
#6816 = DIRECTION('',(0.456026058632,0.,0.889966422877));
#6817 = PCURVE('',#825,#6818);
#6818 = DEFINITIONAL_REPRESENTATION('',(#6819),#6823);
#6819 = LINE('',#6820,#6821);
#6820 = CARTESIAN_POINT('',(0.,0.));
#6821 = VECTOR('',#6822,1.);
#6822 = DIRECTION('',(0.,1.));
#6823 = ( GEOMETRIC_REPRESENTATION_CONTEXT(2) 
PARAMETRIC_REPRESENTATION_CONTEXT() REPRESENTATION_CONTEXT('2D SPACE',''
  ) );
#6824 = PCURVE('',#6825,#6830);
#6825 = PLANE('',#6826);
#6826 = AXIS2_PLACEMENT_3D('',#6827,#6828,#6829);
#6827 = CARTESIAN_POINT('',(54.672275332408,38.35,105.41941368078));
#6828 = DIRECTION('',(0.889661453611,-2.617694830788E-02,-0.455869789891
    ));
#6829 = DIRECTION('',(2.32966050474E-02,0.999657324976,
    -1.193737056385E-02));
#6830 = DEFINITIONAL_REPRESENTATION('',(#6831),#6835);
#6831 = LINE('',#6832,#6833);
#6832 = CARTESIAN_POINT('',(0.153979307109,-1.75078007647E-12));
#6833 = VECTOR('',#6834,1.);
#6834 = DIRECTION('',(5.391520563336E-15,1.));
#6835 = ( GEOMETRIC_REPRESENTATION_CONTEXT(2) 
PARAMETRIC_REPRESENTATION_CONTEXT() REPRESENTATION_CONTEXT('2D SPACE',''
  ) );
#6836 = ADVANCED_FACE('',(#6837),#854,.T.);
#6837 = FACE_BOUND('',#6838,.T.);
#6838 = EDGE_LOOP('',(#6839,#6840,#6862,#6889));
#6839 = ORIENTED_EDGE('',*,*,#837,.T.);
#6840 = ORIENTED_EDGE('',*,*,#6841,.F.);
#6841 = EDGE_CURVE('',#6842,#838,#6844,.T.);
#6842 = VERTEX_POINT('',#6843);
#6843 = CARTESIAN_POINT('',(63.034372512349,38.503926542246,
    117.57539316231));
#6844 = SURFACE_CURVE('',#6845,(#6850,#6856),.PCURVE_S1.);
#6845 = CIRCLE('',#6846,0.15);
#6846 = AXIS2_PLACEMENT_3D('',#6847,#6848,#6849);
#6847 = CARTESIAN_POINT('',(62.900923294308,38.5,117.50701269382));
#6848 = DIRECTION('',(0.456026058632,0.,-0.889966422877));
#6849 = DIRECTION('',(0.889966422877,0.,0.456026058632));
#6850 = PCURVE('',#854,#6851);
#6851 = DEFINITIONAL_REPRESENTATION('',(#6852),#6855);
#6852 = B_SPLINE_CURVE_WITH_KNOTS('',1,(#6853,#6854),.UNSPECIFIED.,.F.,
  .F.,(2,2),(6.2570053684,7.853981633974),.PIECEWISE_BEZIER_KNOTS.);
#6853 = CARTESIAN_POINT('',(4.088642238384,-2.617993877959E-02));
#6854 = CARTESIAN_POINT('',(4.088642238384,1.570796326794));
#6855 = ( GEOMETRIC_REPRESENTATION_CONTEXT(2) 
PARAMETRIC_REPRESENTATION_CONTEXT() REPRESENTATION_CONTEXT('2D SPACE',''
  ) );
#6856 = PCURVE('',#882,#6857);
#6857 = DEFINITIONAL_REPRESENTATION('',(#6858),#6861);
#6858 = B_SPLINE_CURVE_WITH_KNOTS('',1,(#6859,#6860),.UNSPECIFIED.,.F.,
  .F.,(2,2),(6.2570053684,7.853981633974),.PIECEWISE_BEZIER_KNOTS.);
#6859 = CARTESIAN_POINT('',(0.,-6.357761539455E-16));
#6860 = CARTESIAN_POINT('',(1.596976265575,-6.357761539455E-16));
#6861 = ( GEOMETRIC_REPRESENTATION_CONTEXT(2) 
PARAMETRIC_REPRESENTATION_CONTEXT() REPRESENTATION_CONTEXT('2D SPACE',''
  ) );
#6862 = ORIENTED_EDGE('',*,*,#6863,.F.);
#6863 = EDGE_CURVE('',#6790,#6842,#6864,.T.);
#6864 = SURFACE_CURVE('',#6865,(#6870,#6877),.PCURVE_S1.);
#6865 = CIRCLE('',#6866,1.195969291637);
#6866 = AXIS2_PLACEMENT_3D('',#6867,#6868,#6869);
#6867 = CARTESIAN_POINT('',(61.97,38.503926542246,117.03));
#6868 = DIRECTION('',(0.,1.,-0.));
#6869 = DIRECTION('',(-0.889966422877,0.,0.456026058632));
#6870 = PCURVE('',#854,#6871);
#6871 = DEFINITIONAL_REPRESENTATION('',(#6872),#6876);
#6872 = LINE('',#6873,#6874);
#6873 = CARTESIAN_POINT('',(6.28318530718,-2.617993877959E-02));
#6874 = VECTOR('',#6875,1.);
#6875 = DIRECTION('',(-1.,0.));
#6876 = ( GEOMETRIC_REPRESENTATION_CONTEXT(2) 
PARAMETRIC_REPRESENTATION_CONTEXT() REPRESENTATION_CONTEXT('2D SPACE',''
  ) );
#6877 = PCURVE('',#6878,#6883);
#6878 = CONICAL_SURFACE('',#6879,1.2,2.617993877991E-02);
#6879 = AXIS2_PLACEMENT_3D('',#6880,#6881,#6882);
#6880 = CARTESIAN_POINT('',(61.97,38.35,117.03));
#6881 = DIRECTION('',(0.,-1.,0.));
#6882 = DIRECTION('',(-0.889966422877,0.,0.456026058632));
#6883 = DEFINITIONAL_REPRESENTATION('',(#6884),#6888);
#6884 = LINE('',#6885,#6886);
#6885 = CARTESIAN_POINT('',(6.28318530718,-0.153926542246));
#6886 = VECTOR('',#6887,1.);
#6887 = DIRECTION('',(-1.,-0.));
#6888 = ( GEOMETRIC_REPRESENTATION_CONTEXT(2) 
PARAMETRIC_REPRESENTATION_CONTEXT() REPRESENTATION_CONTEXT('2D SPACE',''
  ) );
#6889 = ORIENTED_EDGE('',*,*,#6789,.T.);
#6890 = ADVANCED_FACE('',(#6891),#882,.T.);
#6891 = FACE_BOUND('',#6892,.T.);
#6892 = EDGE_LOOP('',(#6893,#6894,#6895,#6923));
#6893 = ORIENTED_EDGE('',*,*,#6841,.T.);
#6894 = ORIENTED_EDGE('',*,*,#866,.T.);
#6895 = ORIENTED_EDGE('',*,*,#6896,.F.);
#6896 = EDGE_CURVE('',#6897,#867,#6899,.T.);
#6897 = VERTEX_POINT('',#6898);
#6898 = CARTESIAN_POINT('',(69.264137472489,38.503926542246,
    105.41757557273));
#6899 = SURFACE_CURVE('',#6900,(#6905,#6911),.PCURVE_S1.);
#6900 = CIRCLE('',#6901,0.15);
#6901 = AXIS2_PLACEMENT_3D('',#6902,#6903,#6904);
#6902 = CARTESIAN_POINT('',(69.130688254447,38.5,105.34919510425));
#6903 = DIRECTION('',(0.456026058632,3.469446951954E-18,-0.889966422877)
  );
#6904 = DIRECTION('',(0.889661453611,2.617694830788E-02,0.455869789891)
  );
#6905 = PCURVE('',#882,#6906);
#6906 = DEFINITIONAL_REPRESENTATION('',(#6907),#6910);
#6907 = B_SPLINE_CURVE_WITH_KNOTS('',1,(#6908,#6909),.UNSPECIFIED.,.F.,
  .F.,(2,2),(0.,1.596976265575),.PIECEWISE_BEZIER_KNOTS.);
#6908 = CARTESIAN_POINT('',(0.,13.660984591163));
#6909 = CARTESIAN_POINT('',(1.596976265575,13.660984591163));
#6910 = ( GEOMETRIC_REPRESENTATION_CONTEXT(2) 
PARAMETRIC_REPRESENTATION_CONTEXT() REPRESENTATION_CONTEXT('2D SPACE',''
  ) );
#6911 = PCURVE('',#926,#6912);
#6912 = DEFINITIONAL_REPRESENTATION('',(#6913),#6922);
#6913 = B_SPLINE_CURVE_WITH_KNOTS('',7,(#6914,#6915,#6916,#6917,#6918,
    #6919,#6920,#6921),.UNSPECIFIED.,.F.,.F.,(8,8),(0.,1.596976265575),
  .PIECEWISE_BEZIER_KNOTS.);
#6914 = CARTESIAN_POINT('',(0.,63.482287219626));
#6915 = CARTESIAN_POINT('',(5.33909022177,63.482287219626));
#6916 = CARTESIAN_POINT('',(10.078736340175,63.482287219625));
#6917 = CARTESIAN_POINT('',(14.566045861514,63.482287219627));
#6918 = CARTESIAN_POINT('',(18.960820493229,63.482287219624));
#6919 = CARTESIAN_POINT('',(23.448130014569,63.482287219627));
#6920 = CARTESIAN_POINT('',(28.187776132974,63.482287219625));
#6921 = CARTESIAN_POINT('',(33.526866354744,63.482287219626));
#6922 = ( GEOMETRIC_REPRESENTATION_CONTEXT(2) 
PARAMETRIC_REPRESENTATION_CONTEXT() REPRESENTATION_CONTEXT('2D SPACE',''
  ) );
#6923 = ORIENTED_EDGE('',*,*,#6924,.F.);
#6924 = EDGE_CURVE('',#6842,#6897,#6925,.T.);
#6925 = SURFACE_CURVE('',#6926,(#6930,#6937),.PCURVE_S1.);
#6926 = LINE('',#6927,#6928);
#6927 = CARTESIAN_POINT('',(63.034372512349,38.503926542246,
    117.57539316231));
#6928 = VECTOR('',#6929,1.);
#6929 = DIRECTION('',(0.456026058632,0.,-0.889966422877));
#6930 = PCURVE('',#882,#6931);
#6931 = DEFINITIONAL_REPRESENTATION('',(#6932),#6936);
#6932 = LINE('',#6933,#6934);
#6933 = CARTESIAN_POINT('',(0.,0.));
#6934 = VECTOR('',#6935,1.);
#6935 = DIRECTION('',(0.,1.));
#6936 = ( GEOMETRIC_REPRESENTATION_CONTEXT(2) 
PARAMETRIC_REPRESENTATION_CONTEXT() REPRESENTATION_CONTEXT('2D SPACE',''
  ) );
#6937 = PCURVE('',#6938,#6943);
#6938 = PLANE('',#6939);
#6939 = AXIS2_PLACEMENT_3D('',#6940,#6941,#6942);
#6940 = CARTESIAN_POINT('',(63.037959707453,38.35,117.57723127035));
#6941 = DIRECTION('',(-0.889661453611,-2.617694830788E-02,
    -0.455869789891));
#6942 = DIRECTION('',(-2.32966050474E-02,0.999657324976,
    -1.193737056385E-02));
#6943 = DEFINITIONAL_REPRESENTATION('',(#6944),#6948);
#6944 = LINE('',#6945,#6946);
#6945 = CARTESIAN_POINT('',(0.153979307109,-7.588738014722E-12));
#6946 = VECTOR('',#6947,1.);
#6947 = DIRECTION('',(-5.391520563336E-15,1.));
#6948 = ( GEOMETRIC_REPRESENTATION_CONTEXT(2) 
PARAMETRIC_REPRESENTATION_CONTEXT() REPRESENTATION_CONTEXT('2D SPACE',''
  ) );
#6949 = ADVANCED_FACE('',(#6950),#926,.T.);
#6950 = FACE_BOUND('',#6951,.T.);
#6951 = EDGE_LOOP('',(#6952,#6953,#6954,#6955));
#6952 = ORIENTED_EDGE('',*,*,#6896,.T.);
#6953 = ORIENTED_EDGE('',*,*,#894,.T.);
#6954 = ORIENTED_EDGE('',*,*,#6760,.F.);
#6955 = ORIENTED_EDGE('',*,*,#6956,.F.);
#6956 = EDGE_CURVE('',#6897,#6761,#6957,.T.);
#6957 = SURFACE_CURVE('',#6958,(#6971,#6978),.PCURVE_S1.);
#6958 = ( BOUNDED_CURVE() B_SPLINE_CURVE(11,(#6959,#6960,#6961,#6962,
    #6963,#6964,#6965,#6966,#6967,#6968,#6969,#6970),.UNSPECIFIED.,.F.,
.F.) B_SPLINE_CURVE_WITH_KNOTS((12,12),(63.482287219626,97.009153574369)
,.PIECEWISE_BEZIER_KNOTS.) CURVE() GEOMETRIC_REPRESENTATION_ITEM() 
RATIONAL_B_SPLINE_CURVE((1.,1.,1.,1.000000000001,0.999999999998,
    1.000000000002,0.999999999998,1.000000000001,0.999999999999,1.,1.,1.
)) REPRESENTATION_ITEM('') );
#6959 = CARTESIAN_POINT('',(69.264137472489,38.503926542246,
    105.41757557273));
#6960 = CARTESIAN_POINT('',(70.651583945747,38.503926542246,
    102.70987773098));
#6961 = CARTESIAN_POINT('',(70.93700854971,38.503926542246,
    99.428623127826));
#6962 = CARTESIAN_POINT('',(69.849262420979,38.503926542246,
    96.078279737737));
#6963 = CARTESIAN_POINT('',(67.38792044218,38.503926542246,
    93.316199077733));
#6964 = CARTESIAN_POINT('',(63.920574592891,38.503926542246,
    91.724217051545));
#6965 = CARTESIAN_POINT('',(60.019425407103,38.503926542246,
    91.724217051536));
#6966 = CARTESIAN_POINT('',(56.552079557834,38.503926542246,
    93.316199077736));
#6967 = CARTESIAN_POINT('',(54.090737579009,38.503926542246,
    96.07827973774));
#6968 = CARTESIAN_POINT('',(53.002991450296,38.503926542246,
    99.428623127822));
#6969 = CARTESIAN_POINT('',(53.288416054252,38.503926542246,
    102.70987773098));
#6970 = CARTESIAN_POINT('',(54.675862527511,38.503926542246,
    105.41757557273));
#6971 = PCURVE('',#926,#6972);
#6972 = DEFINITIONAL_REPRESENTATION('',(#6973),#6977);
#6973 = LINE('',#6974,#6975);
#6974 = CARTESIAN_POINT('',(0.,0.));
#6975 = VECTOR('',#6976,1.);
#6976 = DIRECTION('',(0.,1.));
#6977 = ( GEOMETRIC_REPRESENTATION_CONTEXT(2) 
PARAMETRIC_REPRESENTATION_CONTEXT() REPRESENTATION_CONTEXT('2D SPACE',''
  ) );
#6978 = PCURVE('',#6979,#6984);
#6979 = CONICAL_SURFACE('',#6980,8.2,2.617993877991E-02);
#6980 = AXIS2_PLACEMENT_3D('',#6981,#6982,#6983);
#6981 = CARTESIAN_POINT('',(61.97,38.35,101.68));
#6982 = DIRECTION('',(0.,-1.,-0.));
#6983 = DIRECTION('',(0.889966422877,0.,0.456026058632));
#6984 = DEFINITIONAL_REPRESENTATION('',(#6985),#7011);
#6985 = B_SPLINE_CURVE_WITH_KNOTS('',3,(#6986,#6987,#6988,#6989,#6990,
    #6991,#6992,#6993,#6994,#6995,#6996,#6997,#6998,#6999,#7000,#7001,
    #7002,#7003,#7004,#7005,#7006,#7007,#7008,#7009,#7010),
  .UNSPECIFIED.,.F.,.F.,(4,1,1,1,1,1,1,1,1,1,1,1,1,1,1,1,1,1,1,1,1,1,4),
  (63.482287219626,65.006235690296,66.530184160966,68.054132631636,
    69.578081102307,71.102029572977,72.625978043647,74.149926514317,
    75.673874984987,77.197823455657,78.721771926327,80.245720396997,
    81.769668867668,83.293617338338,84.817565809008,86.341514279678,
    87.865462750348,89.389411221018,90.913359691688,92.437308162359,
    93.961256633029,95.485205103699,97.009153574369),
  .QUASI_UNIFORM_KNOTS.);
#6986 = CARTESIAN_POINT('',(6.28318530718,-0.153926542246));
#6987 = CARTESIAN_POINT('',(6.221313718621,-0.153926535786));
#6988 = CARTESIAN_POINT('',(6.097505883342,-0.153926530499));
#6989 = CARTESIAN_POINT('',(5.911667345507,-0.153926537547));
#6990 = CARTESIAN_POINT('',(5.725781033395,-0.153926505546));
#6991 = CARTESIAN_POINT('',(5.539884583893,-0.153926541855));
#6992 = CARTESIAN_POINT('',(5.353996637542,-0.153926602911));
#6993 = CARTESIAN_POINT('',(5.168122348259,-0.153926590926));
#6994 = CARTESIAN_POINT('',(4.982260618015,-0.153926508317));
#6995 = CARTESIAN_POINT('',(4.79640754919,-0.153926452894));
#6996 = CARTESIAN_POINT('',(4.610558881387,-0.153926493563));
#6997 = CARTESIAN_POINT('',(4.42471152759,-0.153926590339));
#6998 = CARTESIAN_POINT('',(4.238864187988,-0.153926640382));
#6999 = CARTESIAN_POINT('',(4.053016848386,-0.153926590339));
#7000 = CARTESIAN_POINT('',(3.867169494588,-0.153926493563));
#7001 = CARTESIAN_POINT('',(3.681320826786,-0.153926452894));
#7002 = CARTESIAN_POINT('',(3.495467757961,-0.153926508317));
#7003 = CARTESIAN_POINT('',(3.309606027717,-0.153926590926));
#7004 = CARTESIAN_POINT('',(3.123731738434,-0.153926602911));
#7005 = CARTESIAN_POINT('',(2.937843792083,-0.153926541855));
#7006 = CARTESIAN_POINT('',(2.75194734258,-0.153926505546));
#7007 = CARTESIAN_POINT('',(2.566061030469,-0.153926537547));
#7008 = CARTESIAN_POINT('',(2.380222492634,-0.153926530499));
#7009 = CARTESIAN_POINT('',(2.256414657355,-0.153926535786));
#7010 = CARTESIAN_POINT('',(2.194543068797,-0.153926542246));
#7011 = ( GEOMETRIC_REPRESENTATION_CONTEXT(2) 
PARAMETRIC_REPRESENTATION_CONTEXT() REPRESENTATION_CONTEXT('2D SPACE',''
  ) );
#7012 = ADVANCED_FACE('',(#7013),#991,.T.);
#7013 = FACE_BOUND('',#7014,.F.);
#7014 = EDGE_LOOP('',(#7015,#7046,#7071,#7072));
#7015 = ORIENTED_EDGE('',*,*,#7016,.F.);
#7016 = EDGE_CURVE('',#7017,#7019,#7021,.T.);
#7017 = VERTEX_POINT('',#7018);
#7018 = CARTESIAN_POINT('',(64.176859798713,35.4,104.44002728293));
#7019 = VERTEX_POINT('',#7020);
#7020 = CARTESIAN_POINT('',(64.176859798713,35.4,100.91997271706));
#7021 = SURFACE_CURVE('',#7022,(#7027,#7034),.PCURVE_S1.);
#7022 = CIRCLE('',#7023,2.822751531371);
#7023 = AXIS2_PLACEMENT_3D('',#7024,#7025,#7026);
#7024 = CARTESIAN_POINT('',(61.97,35.4,102.68));
#7025 = DIRECTION('',(0.,1.,0.));
#7026 = DIRECTION('',(0.781811567255,-0.,0.623514773928));
#7027 = PCURVE('',#991,#7028);
#7028 = DEFINITIONAL_REPRESENTATION('',(#7029),#7033);
#7029 = LINE('',#7030,#7031);
#7030 = CARTESIAN_POINT('',(5.609954940529,-2.95));
#7031 = VECTOR('',#7032,1.);
#7032 = DIRECTION('',(1.,-0.));
#7033 = ( GEOMETRIC_REPRESENTATION_CONTEXT(2) 
PARAMETRIC_REPRESENTATION_CONTEXT() REPRESENTATION_CONTEXT('2D SPACE',''
  ) );
#7034 = PCURVE('',#7035,#7040);
#7035 = PLANE('',#7036);
#7036 = AXIS2_PLACEMENT_3D('',#7037,#7038,#7039);
#7037 = CARTESIAN_POINT('',(61.97,35.4,102.68));
#7038 = DIRECTION('',(0.,1.,0.));
#7039 = DIRECTION('',(1.,0.,0.));
#7040 = DEFINITIONAL_REPRESENTATION('',(#7041),#7045);
#7041 = CIRCLE('',#7042,2.822751531371);
#7042 = AXIS2_PLACEMENT_2D('',#7043,#7044);
#7043 = CARTESIAN_POINT('',(0.,0.));
#7044 = DIRECTION('',(0.781811567255,-0.623514773928));
#7045 = ( GEOMETRIC_REPRESENTATION_CONTEXT(2) 
PARAMETRIC_REPRESENTATION_CONTEXT() REPRESENTATION_CONTEXT('2D SPACE',''
  ) );
#7046 = ORIENTED_EDGE('',*,*,#7047,.T.);
#7047 = EDGE_CURVE('',#7017,#973,#7048,.T.);
#7048 = SURFACE_CURVE('',#7049,(#7054,#7064),.PCURVE_S1.);
#7049 = PARABOLA('',#7050,4.108092253026E-02);
#7050 = AXIS2_PLACEMENT_3D('',#7051,#7052,#7053);
#7051 = CARTESIAN_POINT('',(63.079701503663,-12.4652856037,
    101.57029849633));
#7052 = DIRECTION('',(0.706864473353,2.617694830787E-02,-0.706864473353)
  );
#7053 = DIRECTION('',(-1.850989765927E-02,0.999657324976,
    1.850989765927E-02));
#7054 = PCURVE('',#991,#7055);
#7055 = DEFINITIONAL_REPRESENTATION('',(#7056),#7063);
#7056 = B_SPLINE_CURVE_WITH_KNOTS('',5,(#7057,#7058,#7059,#7060,#7061,
    #7062),.UNSPECIFIED.,.F.,.F.,(6,6),(2.805012755636,2.890158752642),
  .PIECEWISE_BEZIER_KNOTS.);
#7057 = CARTESIAN_POINT('',(5.609954940529,-2.95));
#7058 = CARTESIAN_POINT('',(5.603922103698,-2.368820829743));
#7059 = CARTESIAN_POINT('',(5.59792992401,-1.783231244615));
#7060 = CARTESIAN_POINT('',(5.591978082174,-1.193231244615));
#7061 = CARTESIAN_POINT('',(5.586066255188,-0.598820829743));
#7062 = CARTESIAN_POINT('',(5.580194117463,2.841385486464E-14));
#7063 = ( GEOMETRIC_REPRESENTATION_CONTEXT(2) 
PARAMETRIC_REPRESENTATION_CONTEXT() REPRESENTATION_CONTEXT('2D SPACE',''
  ) );
#7064 = PCURVE('',#1019,#7065);
#7065 = DEFINITIONAL_REPRESENTATION('',(#7066),#7070);
#7066 = PARABOLA('',#7067,4.108092253026E-02);
#7067 = AXIS2_PLACEMENT_2D('',#7068,#7069);
#7068 = CARTESIAN_POINT('',(-46.58124783394,-1.421862627637E-12));
#7069 = DIRECTION('',(1.,0.));
#7070 = ( GEOMETRIC_REPRESENTATION_CONTEXT(2) 
PARAMETRIC_REPRESENTATION_CONTEXT() REPRESENTATION_CONTEXT('2D SPACE',''
  ) );
#7071 = ORIENTED_EDGE('',*,*,#972,.T.);
#7072 = ORIENTED_EDGE('',*,*,#7073,.T.);
#7073 = EDGE_CURVE('',#975,#7019,#7074,.T.);
#7074 = SURFACE_CURVE('',#7075,(#7080,#7090),.PCURVE_S1.);
#7075 = PARABOLA('',#7076,4.108092253026E-02);
#7076 = AXIS2_PLACEMENT_3D('',#7077,#7078,#7079);
#7077 = CARTESIAN_POINT('',(63.079701503663,-12.4652856037,
    103.78970150366));
#7078 = DIRECTION('',(0.706864473353,2.617694830787E-02,0.706864473353)
  );
#7079 = DIRECTION('',(-1.850989765927E-02,0.999657324976,
    -1.850989765927E-02));
#7080 = PCURVE('',#991,#7081);
#7081 = DEFINITIONAL_REPRESENTATION('',(#7082),#7089);
#7082 = B_SPLINE_CURVE_WITH_KNOTS('',5,(#7083,#7084,#7085,#7086,#7087,
    #7088),.UNSPECIFIED.,.F.,.F.,(6,6),(-2.890158752642,-2.805012755636)
  ,.PIECEWISE_BEZIER_KNOTS.);
#7083 = CARTESIAN_POINT('',(6.986176496896,4.976201399248E-14));
#7084 = CARTESIAN_POINT('',(6.980304359171,-0.598820829743));
#7085 = CARTESIAN_POINT('',(6.974392532185,-1.193231244615));
#7086 = CARTESIAN_POINT('',(6.968440690349,-1.783231244615));
#7087 = CARTESIAN_POINT('',(6.962448510661,-2.368820829743));
#7088 = CARTESIAN_POINT('',(6.956415673831,-2.95));
#7089 = ( GEOMETRIC_REPRESENTATION_CONTEXT(2) 
PARAMETRIC_REPRESENTATION_CONTEXT() REPRESENTATION_CONTEXT('2D SPACE',''
  ) );
#7090 = PCURVE('',#1078,#7091);
#7091 = DEFINITIONAL_REPRESENTATION('',(#7092),#7096);
#7092 = PARABOLA('',#7093,4.108092253026E-02);
#7093 = AXIS2_PLACEMENT_2D('',#7094,#7095);
#7094 = CARTESIAN_POINT('',(-46.58124783394,3.850000000003));
#7095 = DIRECTION('',(1.,0.));
#7096 = ( GEOMETRIC_REPRESENTATION_CONTEXT(2) 
PARAMETRIC_REPRESENTATION_CONTEXT() REPRESENTATION_CONTEXT('2D SPACE',''
  ) );
#7097 = ADVANCED_FACE('',(#7098),#1019,.F.);
#7098 = FACE_BOUND('',#7099,.F.);
#7099 = EDGE_LOOP('',(#7100,#7127,#7128,#7129,#7152,#7184,#7212));
#7100 = ORIENTED_EDGE('',*,*,#7101,.T.);
#7101 = EDGE_CURVE('',#7102,#1004,#7104,.T.);
#7102 = VERTEX_POINT('',#7103);
#7103 = CARTESIAN_POINT('',(63.819472658651,35.4,104.08264014287));
#7104 = SURFACE_CURVE('',#7105,(#7110,#7117),.PCURVE_S1.);
#7105 = HYPERBOLA('',#7106,4.757254814202,0.396989669662);
#7106 = AXIS2_PLACEMENT_3D('',#7107,#7108,#7109);
#7107 = CARTESIAN_POINT('',(61.675798859902,63.354774951019,
    102.97420114009));
#7108 = DIRECTION('',(0.706864473353,2.617694830787E-02,-0.706864473353)
  );
#7109 = DIRECTION('',(1.850989765927E-02,-0.999657324976,
    -1.850989765927E-02));
#7110 = PCURVE('',#1019,#7111);
#7111 = DEFINITIONAL_REPRESENTATION('',(#7112),#7116);
#7112 = HYPERBOLA('',#7113,4.757254814202,0.396989669662);
#7113 = AXIS2_PLACEMENT_2D('',#7114,#7115);
#7114 = CARTESIAN_POINT('',(29.264803268194,-2.120248421278E-12));
#7115 = DIRECTION('',(-1.,0.));
#7116 = ( GEOMETRIC_REPRESENTATION_CONTEXT(2) 
PARAMETRIC_REPRESENTATION_CONTEXT() REPRESENTATION_CONTEXT('2D SPACE',''
  ) );
#7117 = PCURVE('',#1052,#7118);
#7118 = DEFINITIONAL_REPRESENTATION('',(#7119),#7126);
#7119 = B_SPLINE_CURVE_WITH_KNOTS('',5,(#7120,#7121,#7122,#7123,#7124,
    #7125),.UNSPECIFIED.,.F.,.F.,(6,6),(-2.457092273023,-2.343717818352)
  ,.PIECEWISE_BEZIER_KNOTS.);
#7120 = CARTESIAN_POINT('',(0.648855495604,7.051453653916E-15));
#7121 = CARTESIAN_POINT('',(0.652733539274,-0.624631915912));
#7122 = CARTESIAN_POINT('',(0.656725709552,-1.231297625393));
#7123 = CARTESIAN_POINT('',(0.66083658601,-1.820666189882));
#7124 = CARTESIAN_POINT('',(0.665071028244,-2.393368232853));
#7125 = CARTESIAN_POINT('',(0.669434210018,-2.95));
#7126 = ( GEOMETRIC_REPRESENTATION_CONTEXT(2) 
PARAMETRIC_REPRESENTATION_CONTEXT() REPRESENTATION_CONTEXT('2D SPACE',''
  ) );
#7127 = ORIENTED_EDGE('',*,*,#1003,.T.);
#7128 = ORIENTED_EDGE('',*,*,#7047,.F.);
#7129 = ORIENTED_EDGE('',*,*,#7130,.T.);
#7130 = EDGE_CURVE('',#7017,#7131,#7133,.T.);
#7131 = VERTEX_POINT('',#7132);
#7132 = CARTESIAN_POINT('',(64.587175889871,35.4,104.85034337409));
#7133 = SURFACE_CURVE('',#7134,(#7138,#7145),.PCURVE_S1.);
#7134 = LINE('',#7135,#7136);
#7135 = CARTESIAN_POINT('',(62.193416257888,35.4,102.45658374211));
#7136 = VECTOR('',#7137,1.);
#7137 = DIRECTION('',(0.707106781187,-0.,0.707106781187));
#7138 = PCURVE('',#1019,#7139);
#7139 = DEFINITIONAL_REPRESENTATION('',(#7140),#7144);
#7140 = LINE('',#7141,#7142);
#7141 = CARTESIAN_POINT('',(1.300445630238,2.115228131538E-12));
#7142 = VECTOR('',#7143,1.);
#7143 = DIRECTION('',(0.,1.));
#7144 = ( GEOMETRIC_REPRESENTATION_CONTEXT(2) 
PARAMETRIC_REPRESENTATION_CONTEXT() REPRESENTATION_CONTEXT('2D SPACE',''
  ) );
#7145 = PCURVE('',#7035,#7146);
#7146 = DEFINITIONAL_REPRESENTATION('',(#7147),#7151);
#7147 = LINE('',#7148,#7149);
#7148 = CARTESIAN_POINT('',(0.223416257888,0.22341625789));
#7149 = VECTOR('',#7150,1.);
#7150 = DIRECTION('',(0.707106781187,-0.707106781187));
#7151 = ( GEOMETRIC_REPRESENTATION_CONTEXT(2) 
PARAMETRIC_REPRESENTATION_CONTEXT() REPRESENTATION_CONTEXT('2D SPACE',''
  ) );
#7152 = ORIENTED_EDGE('',*,*,#7153,.F.);
#7153 = EDGE_CURVE('',#7154,#7131,#7156,.T.);
#7154 = VERTEX_POINT('',#7155);
#7155 = CARTESIAN_POINT('',(64.15361555063,34.3,104.37604730088));
#7156 = SURFACE_CURVE('',#7157,(#7162,#7169),.PCURVE_S1.);
#7157 = HYPERBOLA('',#7158,0.816310624584,0.470650819272);
#7158 = AXIS2_PLACEMENT_3D('',#7159,#7160,#7161);
#7159 = CARTESIAN_POINT('',(62.30314321798,29.474015890172,
    102.34685678202));
#7160 = DIRECTION('',(0.706864473353,2.617694830787E-02,-0.706864473353)
  );
#7161 = DIRECTION('',(-1.850989765927E-02,0.999657324976,
    1.850989765927E-02));
#7162 = PCURVE('',#1019,#7163);
#7163 = DEFINITIONAL_REPRESENTATION('',(#7164),#7168);
#7164 = HYPERBOLA('',#7165,0.816310624584,0.470650819272);
#7165 = AXIS2_PLACEMENT_2D('',#7166,#7167);
#7166 = CARTESIAN_POINT('',(-4.627569862444,3.527053649144E-12));
#7167 = DIRECTION('',(1.,0.));
#7168 = ( GEOMETRIC_REPRESENTATION_CONTEXT(2) 
PARAMETRIC_REPRESENTATION_CONTEXT() REPRESENTATION_CONTEXT('2D SPACE',''
  ) );
#7169 = PCURVE('',#7170,#7175);
#7170 = CONICAL_SURFACE('',#7171,3.4,0.523598775598);
#7171 = AXIS2_PLACEMENT_3D('',#7172,#7173,#7174);
#7172 = CARTESIAN_POINT('',(61.97,35.4,102.68));
#7173 = DIRECTION('',(0.,1.,0.));
#7174 = DIRECTION('',(1.,-0.,0.));
#7175 = DEFINITIONAL_REPRESENTATION('',(#7176),#7183);
#7176 = B_SPLINE_CURVE_WITH_KNOTS('',5,(#7177,#7178,#7179,#7180,#7181,
    #7182),.UNSPECIFIED.,.F.,.F.,(6,6),(2.463239088647,2.671022353359),
  .PIECEWISE_BEZIER_KNOTS.);
#7177 = CARTESIAN_POINT('',(5.622804572232,-1.1));
#7178 = CARTESIAN_POINT('',(5.615730692982,-0.90233611247));
#7179 = CARTESIAN_POINT('',(5.60902177999,-0.694254413709));
#7180 = CARTESIAN_POINT('',(5.602653266947,-0.475043659375));
#7181 = CARTESIAN_POINT('',(5.596602881712,-0.243918016992));
#7182 = CARTESIAN_POINT('',(5.590850330902,0.));
#7183 = ( GEOMETRIC_REPRESENTATION_CONTEXT(2) 
PARAMETRIC_REPRESENTATION_CONTEXT() REPRESENTATION_CONTEXT('2D SPACE',''
  ) );
#7184 = ORIENTED_EDGE('',*,*,#7185,.T.);
#7185 = EDGE_CURVE('',#7154,#7186,#7188,.T.);
#7186 = VERTEX_POINT('',#7187);
#7187 = CARTESIAN_POINT('',(63.857505299665,34.3,104.07993704991));
#7188 = SURFACE_CURVE('',#7189,(#7193,#7200),.PCURVE_S1.);
#7189 = LINE('',#7190,#7191);
#7190 = CARTESIAN_POINT('',(62.213784124873,34.3,102.43621587512));
#7191 = VECTOR('',#7192,1.);
#7192 = DIRECTION('',(-0.707106781187,0.,-0.707106781187));
#7193 = PCURVE('',#1019,#7194);
#7194 = DEFINITIONAL_REPRESENTATION('',(#7195),#7199);
#7195 = LINE('',#7196,#7197);
#7196 = CARTESIAN_POINT('',(0.200068558498,-1.411826818648E-12));
#7197 = VECTOR('',#7198,1.);
#7198 = DIRECTION('',(0.,-1.));
#7199 = ( GEOMETRIC_REPRESENTATION_CONTEXT(2) 
PARAMETRIC_REPRESENTATION_CONTEXT() REPRESENTATION_CONTEXT('2D SPACE',''
  ) );
#7200 = PCURVE('',#7201,#7206);
#7201 = PLANE('',#7202);
#7202 = AXIS2_PLACEMENT_3D('',#7203,#7204,#7205);
#7203 = CARTESIAN_POINT('',(61.97,34.3,102.68));
#7204 = DIRECTION('',(0.,1.,0.));
#7205 = DIRECTION('',(1.,0.,0.));
#7206 = DEFINITIONAL_REPRESENTATION('',(#7207),#7211);
#7207 = LINE('',#7208,#7209);
#7208 = CARTESIAN_POINT('',(0.243784124873,0.24378412488));
#7209 = VECTOR('',#7210,1.);
#7210 = DIRECTION('',(-0.707106781187,0.707106781187));
#7211 = ( GEOMETRIC_REPRESENTATION_CONTEXT(2) 
PARAMETRIC_REPRESENTATION_CONTEXT() REPRESENTATION_CONTEXT('2D SPACE',''
  ) );
#7212 = ORIENTED_EDGE('',*,*,#7213,.T.);
#7213 = EDGE_CURVE('',#7186,#7102,#7214,.T.);
#7214 = SURFACE_CURVE('',#7215,(#7220,#7227),.PCURVE_S1.);
#7215 = PARABOLA('',#7216,2.62454950594E-02);
#7216 = AXIS2_PLACEMENT_3D('',#7217,#7218,#7219);
#7217 = CARTESIAN_POINT('',(61.261041594542,85.754420050984,
    103.38895840545));
#7218 = DIRECTION('',(0.706864473353,2.617694830787E-02,-0.706864473353)
  );
#7219 = DIRECTION('',(1.850989765927E-02,-0.999657324976,
    -1.850989765927E-02));
#7220 = PCURVE('',#1019,#7221);
#7221 = DEFINITIONAL_REPRESENTATION('',(#7222),#7226);
#7222 = PARABOLA('',#7223,2.62454950594E-02);
#7223 = AXIS2_PLACEMENT_2D('',#7224,#7225);
#7224 = CARTESIAN_POINT('',(51.672126798298,-2.12529993604E-12));
#7225 = DIRECTION('',(-1.,0.));
#7226 = ( GEOMETRIC_REPRESENTATION_CONTEXT(2) 
PARAMETRIC_REPRESENTATION_CONTEXT() REPRESENTATION_CONTEXT('2D SPACE',''
  ) );
#7227 = PCURVE('',#7228,#7233);
#7228 = CONICAL_SURFACE('',#7229,2.35,2.617993877991E-02);
#7229 = AXIS2_PLACEMENT_3D('',#7230,#7231,#7232);
#7230 = CARTESIAN_POINT('',(61.97,34.3,102.68));
#7231 = DIRECTION('',(-0.,-1.,-0.));
#7232 = DIRECTION('',(1.,-0.,0.));
#7233 = DEFINITIONAL_REPRESENTATION('',(#7234),#7241);
#7234 = B_SPLINE_CURVE_WITH_KNOTS('',5,(#7235,#7236,#7237,#7238,#7239,
    #7240),.UNSPECIFIED.,.F.,.F.,(6,6),(-2.324572778151,-2.299591015142)
  ,.PIECEWISE_BEZIER_KNOTS.);
#7235 = CARTESIAN_POINT('',(6.921344458709,3.551441335161E-14));
#7236 = CARTESIAN_POINT('',(6.923470566199,-0.221188536589));
#7237 = CARTESIAN_POINT('',(6.925603223939,-0.441782804884));
#7238 = CARTESIAN_POINT('',(6.927742462278,-0.661782804883));
#7239 = CARTESIAN_POINT('',(6.929888311693,-0.881188536589));
#7240 = CARTESIAN_POINT('',(6.932040802783,-1.1));
#7241 = ( GEOMETRIC_REPRESENTATION_CONTEXT(2) 
PARAMETRIC_REPRESENTATION_CONTEXT() REPRESENTATION_CONTEXT('2D SPACE',''
  ) );
#7242 = ADVANCED_FACE('',(#7243),#1052,.F.);
#7243 = FACE_BOUND('',#7244,.F.);
#7244 = EDGE_LOOP('',(#7245,#7246,#7247,#7271));
#7245 = ORIENTED_EDGE('',*,*,#1031,.T.);
#7246 = ORIENTED_EDGE('',*,*,#7101,.F.);
#7247 = ORIENTED_EDGE('',*,*,#7248,.T.);
#7248 = EDGE_CURVE('',#7102,#7249,#7251,.T.);
#7249 = VERTEX_POINT('',#7250);
#7250 = CARTESIAN_POINT('',(63.819472658651,35.4,101.27735985712));
#7251 = SURFACE_CURVE('',#7252,(#7257,#7264),.PCURVE_S1.);
#7252 = CIRCLE('',#7253,2.321195486274);
#7253 = AXIS2_PLACEMENT_3D('',#7254,#7255,#7256);
#7254 = CARTESIAN_POINT('',(61.97,35.4,102.68));
#7255 = DIRECTION('',(0.,1.,0.));
#7256 = DIRECTION('',(0.796775915509,-0.,0.604274888164));
#7257 = PCURVE('',#1052,#7258);
#7258 = DEFINITIONAL_REPRESENTATION('',(#7259),#7263);
#7259 = LINE('',#7260,#7261);
#7260 = CARTESIAN_POINT('',(0.648855495604,0.));
#7261 = VECTOR('',#7262,1.);
#7262 = DIRECTION('',(-1.,-0.));
#7263 = ( GEOMETRIC_REPRESENTATION_CONTEXT(2) 
PARAMETRIC_REPRESENTATION_CONTEXT() REPRESENTATION_CONTEXT('2D SPACE',''
  ) );
#7264 = PCURVE('',#7228,#7265);
#7265 = DEFINITIONAL_REPRESENTATION('',(#7266),#7270);
#7266 = LINE('',#7267,#7268);
#7267 = CARTESIAN_POINT('',(6.932040802783,-1.1));
#7268 = VECTOR('',#7269,1.);
#7269 = DIRECTION('',(-1.,-0.));
#7270 = ( GEOMETRIC_REPRESENTATION_CONTEXT(2) 
PARAMETRIC_REPRESENTATION_CONTEXT() REPRESENTATION_CONTEXT('2D SPACE',''
  ) );
#7271 = ORIENTED_EDGE('',*,*,#7272,.F.);
#7272 = EDGE_CURVE('',#1032,#7249,#7273,.T.);
#7273 = SURFACE_CURVE('',#7274,(#7279,#7289),.PCURVE_S1.);
#7274 = HYPERBOLA('',#7275,4.757254814202,0.396989669662);
#7275 = AXIS2_PLACEMENT_3D('',#7276,#7277,#7278);
#7276 = CARTESIAN_POINT('',(61.675798859902,63.354774951019,
    102.3857988599));
#7277 = DIRECTION('',(0.706864473353,2.617694830787E-02,0.706864473353)
  );
#7278 = DIRECTION('',(1.850989765927E-02,-0.999657324976,
    1.850989765927E-02));
#7279 = PCURVE('',#1052,#7280);
#7280 = DEFINITIONAL_REPRESENTATION('',(#7281),#7288);
#7281 = B_SPLINE_CURVE_WITH_KNOTS('',5,(#7282,#7283,#7284,#7285,#7286,
    #7287),.UNSPECIFIED.,.F.,.F.,(6,6),(2.343717818352,2.457092273023),
  .PIECEWISE_BEZIER_KNOTS.);
#7282 = CARTESIAN_POINT('',(-0.669434210017,-2.95));
#7283 = CARTESIAN_POINT('',(-0.665071028243,-2.393368232853));
#7284 = CARTESIAN_POINT('',(-0.660836586009,-1.820666189882));
#7285 = CARTESIAN_POINT('',(-0.656725709551,-1.231297625393));
#7286 = CARTESIAN_POINT('',(-0.652733539273,-0.624631915912));
#7287 = CARTESIAN_POINT('',(-0.648855495603,5.675864800038E-14));
#7288 = ( GEOMETRIC_REPRESENTATION_CONTEXT(2) 
PARAMETRIC_REPRESENTATION_CONTEXT() REPRESENTATION_CONTEXT('2D SPACE',''
  ) );
#7289 = PCURVE('',#1078,#7290);
#7290 = DEFINITIONAL_REPRESENTATION('',(#7291),#7295);
#7291 = HYPERBOLA('',#7292,4.757254814202,0.396989669662);
#7292 = AXIS2_PLACEMENT_2D('',#7293,#7294);
#7293 = CARTESIAN_POINT('',(29.264803268194,3.850000000003));
#7294 = DIRECTION('',(-1.,0.));
#7295 = ( GEOMETRIC_REPRESENTATION_CONTEXT(2) 
PARAMETRIC_REPRESENTATION_CONTEXT() REPRESENTATION_CONTEXT('2D SPACE',''
  ) );
#7296 = ADVANCED_FACE('',(#7297),#1078,.F.);
#7297 = FACE_BOUND('',#7298,.F.);
#7298 = EDGE_LOOP('',(#7299,#7300,#7301,#7328,#7351,#7378,#7399));
#7299 = ORIENTED_EDGE('',*,*,#1064,.T.);
#7300 = ORIENTED_EDGE('',*,*,#7272,.T.);
#7301 = ORIENTED_EDGE('',*,*,#7302,.T.);
#7302 = EDGE_CURVE('',#7249,#7303,#7305,.T.);
#7303 = VERTEX_POINT('',#7304);
#7304 = CARTESIAN_POINT('',(63.857505299665,34.3,101.28006295008));
#7305 = SURFACE_CURVE('',#7306,(#7311,#7318),.PCURVE_S1.);
#7306 = PARABOLA('',#7307,2.62454950594E-02);
#7307 = AXIS2_PLACEMENT_3D('',#7308,#7309,#7310);
#7308 = CARTESIAN_POINT('',(61.261041594542,85.754420050984,
    101.97104159454));
#7309 = DIRECTION('',(0.706864473353,2.617694830787E-02,0.706864473353)
  );
#7310 = DIRECTION('',(1.850989765927E-02,-0.999657324976,
    1.850989765927E-02));
#7311 = PCURVE('',#1078,#7312);
#7312 = DEFINITIONAL_REPRESENTATION('',(#7313),#7317);
#7313 = PARABOLA('',#7314,2.62454950594E-02);
#7314 = AXIS2_PLACEMENT_2D('',#7315,#7316);
#7315 = CARTESIAN_POINT('',(51.672126798298,3.850000000003));
#7316 = DIRECTION('',(-1.,0.));
#7317 = ( GEOMETRIC_REPRESENTATION_CONTEXT(2) 
PARAMETRIC_REPRESENTATION_CONTEXT() REPRESENTATION_CONTEXT('2D SPACE',''
  ) );
#7318 = PCURVE('',#7228,#7319);
#7319 = DEFINITIONAL_REPRESENTATION('',(#7320),#7327);
#7320 = B_SPLINE_CURVE_WITH_KNOTS('',5,(#7321,#7322,#7323,#7324,#7325,
    #7326),.UNSPECIFIED.,.F.,.F.,(6,6),(2.299591015142,2.324572778151),
  .PIECEWISE_BEZIER_KNOTS.);
#7321 = CARTESIAN_POINT('',(5.634329811576,-1.1));
#7322 = CARTESIAN_POINT('',(5.636482302666,-0.881188536589));
#7323 = CARTESIAN_POINT('',(5.638628152081,-0.661782804883));
#7324 = CARTESIAN_POINT('',(5.64076739042,-0.441782804883));
#7325 = CARTESIAN_POINT('',(5.642900048159,-0.221188536589));
#7326 = CARTESIAN_POINT('',(5.64502615565,1.349919576697E-13));
#7327 = ( GEOMETRIC_REPRESENTATION_CONTEXT(2) 
PARAMETRIC_REPRESENTATION_CONTEXT() REPRESENTATION_CONTEXT('2D SPACE',''
  ) );
#7328 = ORIENTED_EDGE('',*,*,#7329,.T.);
#7329 = EDGE_CURVE('',#7303,#7330,#7332,.T.);
#7330 = VERTEX_POINT('',#7331);
#7331 = CARTESIAN_POINT('',(64.15361555063,34.3,100.98395269911));
#7332 = SURFACE_CURVE('',#7333,(#7337,#7344),.PCURVE_S1.);
#7333 = LINE('',#7334,#7335);
#7334 = CARTESIAN_POINT('',(63.574964678657,34.3,101.56260357108));
#7335 = VECTOR('',#7336,1.);
#7336 = DIRECTION('',(0.707106781187,0.,-0.707106781187));
#7337 = PCURVE('',#1078,#7338);
#7338 = DEFINITIONAL_REPRESENTATION('',(#7339),#7343);
#7339 = LINE('',#7340,#7341);
#7340 = CARTESIAN_POINT('',(0.200068558498,1.924999999998));
#7341 = VECTOR('',#7342,1.);
#7342 = DIRECTION('',(0.,-1.));
#7343 = ( GEOMETRIC_REPRESENTATION_CONTEXT(2) 
PARAMETRIC_REPRESENTATION_CONTEXT() REPRESENTATION_CONTEXT('2D SPACE',''
  ) );
#7344 = PCURVE('',#7201,#7345);
#7345 = DEFINITIONAL_REPRESENTATION('',(#7346),#7350);
#7346 = LINE('',#7347,#7348);
#7347 = CARTESIAN_POINT('',(1.604964678657,1.11739642892));
#7348 = VECTOR('',#7349,1.);
#7349 = DIRECTION('',(0.707106781187,0.707106781187));
#7350 = ( GEOMETRIC_REPRESENTATION_CONTEXT(2) 
PARAMETRIC_REPRESENTATION_CONTEXT() REPRESENTATION_CONTEXT('2D SPACE',''
  ) );
#7351 = ORIENTED_EDGE('',*,*,#7352,.F.);
#7352 = EDGE_CURVE('',#7353,#7330,#7355,.T.);
#7353 = VERTEX_POINT('',#7354);
#7354 = CARTESIAN_POINT('',(64.587175889871,35.4,100.5096566259));
#7355 = SURFACE_CURVE('',#7356,(#7361,#7368),.PCURVE_S1.);
#7356 = HYPERBOLA('',#7357,0.816310624584,0.470650819272);
#7357 = AXIS2_PLACEMENT_3D('',#7358,#7359,#7360);
#7358 = CARTESIAN_POINT('',(62.30314321798,29.474015890172,
    103.01314321798));
#7359 = DIRECTION('',(0.706864473353,2.617694830787E-02,0.706864473353)
  );
#7360 = DIRECTION('',(-1.850989765927E-02,0.999657324976,
    -1.850989765927E-02));
#7361 = PCURVE('',#1078,#7362);
#7362 = DEFINITIONAL_REPRESENTATION('',(#7363),#7367);
#7363 = HYPERBOLA('',#7364,0.816310624584,0.470650819272);
#7364 = AXIS2_PLACEMENT_2D('',#7365,#7366);
#7365 = CARTESIAN_POINT('',(-4.627569862444,3.850000000005));
#7366 = DIRECTION('',(1.,0.));
#7367 = ( GEOMETRIC_REPRESENTATION_CONTEXT(2) 
PARAMETRIC_REPRESENTATION_CONTEXT() REPRESENTATION_CONTEXT('2D SPACE',''
  ) );
#7368 = PCURVE('',#7170,#7369);
#7369 = DEFINITIONAL_REPRESENTATION('',(#7370),#7377);
#7370 = B_SPLINE_CURVE_WITH_KNOTS('',5,(#7371,#7372,#7373,#7374,#7375,
    #7376),.UNSPECIFIED.,.F.,.F.,(6,6),(-2.671022353359,-2.463239088647)
  ,.PIECEWISE_BEZIER_KNOTS.);
#7371 = CARTESIAN_POINT('',(6.975520283457,5.768888059151E-16));
#7372 = CARTESIAN_POINT('',(6.969767732647,-0.243918016992));
#7373 = CARTESIAN_POINT('',(6.963717347412,-0.475043659375));
#7374 = CARTESIAN_POINT('',(6.957348834369,-0.694254413709));
#7375 = CARTESIAN_POINT('',(6.950639921377,-0.90233611247));
#7376 = CARTESIAN_POINT('',(6.943566042127,-1.1));
#7377 = ( GEOMETRIC_REPRESENTATION_CONTEXT(2) 
PARAMETRIC_REPRESENTATION_CONTEXT() REPRESENTATION_CONTEXT('2D SPACE',''
  ) );
#7378 = ORIENTED_EDGE('',*,*,#7379,.T.);
#7379 = EDGE_CURVE('',#7353,#7019,#7380,.T.);
#7380 = SURFACE_CURVE('',#7381,(#7385,#7392),.PCURVE_S1.);
#7381 = LINE('',#7382,#7383);
#7382 = CARTESIAN_POINT('',(63.554596811672,35.4,101.5422357041));
#7383 = VECTOR('',#7384,1.);
#7384 = DIRECTION('',(-0.707106781187,0.,0.707106781187));
#7385 = PCURVE('',#1078,#7386);
#7386 = DEFINITIONAL_REPRESENTATION('',(#7387),#7391);
#7387 = LINE('',#7388,#7389);
#7388 = CARTESIAN_POINT('',(1.300445630238,1.925000000002));
#7389 = VECTOR('',#7390,1.);
#7390 = DIRECTION('',(0.,1.));
#7391 = ( GEOMETRIC_REPRESENTATION_CONTEXT(2) 
PARAMETRIC_REPRESENTATION_CONTEXT() REPRESENTATION_CONTEXT('2D SPACE',''
  ) );
#7392 = PCURVE('',#7035,#7393);
#7393 = DEFINITIONAL_REPRESENTATION('',(#7394),#7398);
#7394 = LINE('',#7395,#7396);
#7395 = CARTESIAN_POINT('',(1.584596811672,1.1377642959));
#7396 = VECTOR('',#7397,1.);
#7397 = DIRECTION('',(-0.707106781187,-0.707106781187));
#7398 = ( GEOMETRIC_REPRESENTATION_CONTEXT(2) 
PARAMETRIC_REPRESENTATION_CONTEXT() REPRESENTATION_CONTEXT('2D SPACE',''
  ) );
#7399 = ORIENTED_EDGE('',*,*,#7073,.F.);
#7400 = ADVANCED_FACE('',(#7401),#1111,.T.);
#7401 = FACE_BOUND('',#7402,.F.);
#7402 = EDGE_LOOP('',(#7403,#7430,#7431,#7458));
#7403 = ORIENTED_EDGE('',*,*,#7404,.T.);
#7404 = EDGE_CURVE('',#7405,#1093,#7407,.T.);
#7405 = VERTEX_POINT('',#7406);
#7406 = CARTESIAN_POINT('',(63.730027282937,35.4,100.47314020128));
#7407 = SURFACE_CURVE('',#7408,(#7413,#7423),.PCURVE_S1.);
#7408 = PARABOLA('',#7409,4.108092253026E-02);
#7409 = AXIS2_PLACEMENT_3D('',#7410,#7411,#7412);
#7410 = CARTESIAN_POINT('',(60.860298496337,-12.4652856037,
    101.57029849633));
#7411 = DIRECTION('',(-0.706864473353,2.617694830787E-02,-0.706864473353
    ));
#7412 = DIRECTION('',(1.850989765927E-02,0.999657324976,
    1.850989765927E-02));
#7413 = PCURVE('',#1111,#7414);
#7414 = DEFINITIONAL_REPRESENTATION('',(#7415),#7422);
#7415 = B_SPLINE_CURVE_WITH_KNOTS('',5,(#7416,#7417,#7418,#7419,#7420,
    #7421),.UNSPECIFIED.,.F.,.F.,(6,6),(2.805012755636,2.890158752642),
  .PIECEWISE_BEZIER_KNOTS.);
#7416 = CARTESIAN_POINT('',(0.897565960144,-2.95));
#7417 = CARTESIAN_POINT('',(0.891533123314,-2.368820829743));
#7418 = CARTESIAN_POINT('',(0.885540943625,-1.783231244615));
#7419 = CARTESIAN_POINT('',(0.879589101789,-1.193231244615));
#7420 = CARTESIAN_POINT('',(0.873677274803,-0.598820829743));
#7421 = CARTESIAN_POINT('',(0.867805137079,4.973877215902E-14));
#7422 = ( GEOMETRIC_REPRESENTATION_CONTEXT(2) 
PARAMETRIC_REPRESENTATION_CONTEXT() REPRESENTATION_CONTEXT('2D SPACE',''
  ) );
#7423 = PCURVE('',#1139,#7424);
#7424 = DEFINITIONAL_REPRESENTATION('',(#7425),#7429);
#7425 = PARABOLA('',#7426,4.108092253026E-02);
#7426 = AXIS2_PLACEMENT_2D('',#7427,#7428);
#7427 = CARTESIAN_POINT('',(-46.58124783394,1.421862627637E-12));
#7428 = DIRECTION('',(1.,0.));
#7429 = ( GEOMETRIC_REPRESENTATION_CONTEXT(2) 
PARAMETRIC_REPRESENTATION_CONTEXT() REPRESENTATION_CONTEXT('2D SPACE',''
  ) );
#7430 = ORIENTED_EDGE('',*,*,#1092,.T.);
#7431 = ORIENTED_EDGE('',*,*,#7432,.T.);
#7432 = EDGE_CURVE('',#1095,#7433,#7435,.T.);
#7433 = VERTEX_POINT('',#7434);
#7434 = CARTESIAN_POINT('',(60.209972717063,35.4,100.47314020128));
#7435 = SURFACE_CURVE('',#7436,(#7441,#7451),.PCURVE_S1.);
#7436 = PARABOLA('',#7437,4.108092253026E-02);
#7437 = AXIS2_PLACEMENT_3D('',#7438,#7439,#7440);
#7438 = CARTESIAN_POINT('',(63.079701503663,-12.4652856037,
    101.57029849633));
#7439 = DIRECTION('',(0.706864473353,2.617694830787E-02,-0.706864473353)
  );
#7440 = DIRECTION('',(-1.850989765927E-02,0.999657324976,
    1.850989765927E-02));
#7441 = PCURVE('',#1111,#7442);
#7442 = DEFINITIONAL_REPRESENTATION('',(#7443),#7450);
#7443 = B_SPLINE_CURVE_WITH_KNOTS('',5,(#7444,#7445,#7446,#7447,#7448,
    #7449),.UNSPECIFIED.,.F.,.F.,(6,6),(-2.890158752642,-2.805012755636)
  ,.PIECEWISE_BEZIER_KNOTS.);
#7444 = CARTESIAN_POINT('',(2.273787516511,2.131329637766E-14));
#7445 = CARTESIAN_POINT('',(2.267915378786,-0.598820829743));
#7446 = CARTESIAN_POINT('',(2.262003551801,-1.193231244615));
#7447 = CARTESIAN_POINT('',(2.256051709964,-1.783231244615));
#7448 = CARTESIAN_POINT('',(2.250059530276,-2.368820829743));
#7449 = CARTESIAN_POINT('',(2.244026693446,-2.95));
#7450 = ( GEOMETRIC_REPRESENTATION_CONTEXT(2) 
PARAMETRIC_REPRESENTATION_CONTEXT() REPRESENTATION_CONTEXT('2D SPACE',''
  ) );
#7451 = PCURVE('',#1194,#7452);
#7452 = DEFINITIONAL_REPRESENTATION('',(#7453),#7457);
#7453 = PARABOLA('',#7454,4.108092253026E-02);
#7454 = AXIS2_PLACEMENT_2D('',#7455,#7456);
#7455 = CARTESIAN_POINT('',(-46.58124783394,3.849999999995));
#7456 = DIRECTION('',(1.,0.));
#7457 = ( GEOMETRIC_REPRESENTATION_CONTEXT(2) 
PARAMETRIC_REPRESENTATION_CONTEXT() REPRESENTATION_CONTEXT('2D SPACE',''
  ) );
#7458 = ORIENTED_EDGE('',*,*,#7459,.F.);
#7459 = EDGE_CURVE('',#7405,#7433,#7460,.T.);
#7460 = SURFACE_CURVE('',#7461,(#7466,#7473),.PCURVE_S1.);
#7461 = CIRCLE('',#7462,2.822751531371);
#7462 = AXIS2_PLACEMENT_3D('',#7463,#7464,#7465);
#7463 = CARTESIAN_POINT('',(61.97,35.4,102.68));
#7464 = DIRECTION('',(-0.,1.,0.));
#7465 = DIRECTION('',(1.,0.,0.));
#7466 = PCURVE('',#1111,#7467);
#7467 = DEFINITIONAL_REPRESENTATION('',(#7468),#7472);
#7468 = LINE('',#7469,#7470);
#7469 = CARTESIAN_POINT('',(0.,-2.95));
#7470 = VECTOR('',#7471,1.);
#7471 = DIRECTION('',(1.,-0.));
#7472 = ( GEOMETRIC_REPRESENTATION_CONTEXT(2) 
PARAMETRIC_REPRESENTATION_CONTEXT() REPRESENTATION_CONTEXT('2D SPACE',''
  ) );
#7473 = PCURVE('',#7474,#7479);
#7474 = PLANE('',#7475);
#7475 = AXIS2_PLACEMENT_3D('',#7476,#7477,#7478);
#7476 = CARTESIAN_POINT('',(61.97,35.4,102.68));
#7477 = DIRECTION('',(0.,1.,0.));
#7478 = DIRECTION('',(1.,0.,0.));
#7479 = DEFINITIONAL_REPRESENTATION('',(#7480),#7484);
#7480 = CIRCLE('',#7481,2.822751531371);
#7481 = AXIS2_PLACEMENT_2D('',#7482,#7483);
#7482 = CARTESIAN_POINT('',(0.,0.));
#7483 = DIRECTION('',(1.,0.));
#7484 = ( GEOMETRIC_REPRESENTATION_CONTEXT(2) 
PARAMETRIC_REPRESENTATION_CONTEXT() REPRESENTATION_CONTEXT('2D SPACE',''
  ) );
#7485 = ADVANCED_FACE('',(#7486),#1139,.F.);
#7486 = FACE_BOUND('',#7487,.F.);
#7487 = EDGE_LOOP('',(#7488,#7515,#7516,#7517,#7540,#7572,#7600));
#7488 = ORIENTED_EDGE('',*,*,#7489,.T.);
#7489 = EDGE_CURVE('',#7490,#1124,#7492,.T.);
#7490 = VERTEX_POINT('',#7491);
#7491 = CARTESIAN_POINT('',(63.372640142874,35.4,100.83052734134));
#7492 = SURFACE_CURVE('',#7493,(#7498,#7505),.PCURVE_S1.);
#7493 = HYPERBOLA('',#7494,4.757254814202,0.396989669662);
#7494 = AXIS2_PLACEMENT_3D('',#7495,#7496,#7497);
#7495 = CARTESIAN_POINT('',(62.264201140098,63.354774951019,
    102.97420114009));
#7496 = DIRECTION('',(-0.706864473353,2.617694830787E-02,-0.706864473353
    ));
#7497 = DIRECTION('',(-1.850989765927E-02,-0.999657324976,
    -1.850989765927E-02));
#7498 = PCURVE('',#1139,#7499);
#7499 = DEFINITIONAL_REPRESENTATION('',(#7500),#7504);
#7500 = HYPERBOLA('',#7501,4.757254814202,0.396989669662);
#7501 = AXIS2_PLACEMENT_2D('',#7502,#7503);
#7502 = CARTESIAN_POINT('',(29.264803268194,2.120248421278E-12));
#7503 = DIRECTION('',(-1.,0.));
#7504 = ( GEOMETRIC_REPRESENTATION_CONTEXT(2) 
PARAMETRIC_REPRESENTATION_CONTEXT() REPRESENTATION_CONTEXT('2D SPACE',''
  ) );
#7505 = PCURVE('',#1168,#7506);
#7506 = DEFINITIONAL_REPRESENTATION('',(#7507),#7514);
#7507 = B_SPLINE_CURVE_WITH_KNOTS('',5,(#7508,#7509,#7510,#7511,#7512,
    #7513),.UNSPECIFIED.,.F.,.F.,(6,6),(-2.457092273023,-2.343717818352)
  ,.PIECEWISE_BEZIER_KNOTS.);
#7508 = CARTESIAN_POINT('',(5.361244475989,4.261718305154E-14));
#7509 = CARTESIAN_POINT('',(5.365122519658,-0.624631915912));
#7510 = CARTESIAN_POINT('',(5.369114689936,-1.231297625393));
#7511 = CARTESIAN_POINT('',(5.373225566395,-1.820666189882));
#7512 = CARTESIAN_POINT('',(5.377460008628,-2.393368232853));
#7513 = CARTESIAN_POINT('',(5.381823190403,-2.95));
#7514 = ( GEOMETRIC_REPRESENTATION_CONTEXT(2) 
PARAMETRIC_REPRESENTATION_CONTEXT() REPRESENTATION_CONTEXT('2D SPACE',''
  ) );
#7515 = ORIENTED_EDGE('',*,*,#1123,.T.);
#7516 = ORIENTED_EDGE('',*,*,#7404,.F.);
#7517 = ORIENTED_EDGE('',*,*,#7518,.T.);
#7518 = EDGE_CURVE('',#7405,#7519,#7521,.T.);
#7519 = VERTEX_POINT('',#7520);
#7520 = CARTESIAN_POINT('',(64.140343374095,35.4,100.06282411012));
#7521 = SURFACE_CURVE('',#7522,(#7526,#7533),.PCURVE_S1.);
#7522 = LINE('',#7523,#7524);
#7523 = CARTESIAN_POINT('',(61.746583742112,35.4,102.45658374211));
#7524 = VECTOR('',#7525,1.);
#7525 = DIRECTION('',(0.707106781187,0.,-0.707106781187));
#7526 = PCURVE('',#1139,#7527);
#7527 = DEFINITIONAL_REPRESENTATION('',(#7528),#7532);
#7528 = LINE('',#7529,#7530);
#7529 = CARTESIAN_POINT('',(1.300445630238,-2.115228131538E-12));
#7530 = VECTOR('',#7531,1.);
#7531 = DIRECTION('',(0.,1.));
#7532 = ( GEOMETRIC_REPRESENTATION_CONTEXT(2) 
PARAMETRIC_REPRESENTATION_CONTEXT() REPRESENTATION_CONTEXT('2D SPACE',''
  ) );
#7533 = PCURVE('',#7474,#7534);
#7534 = DEFINITIONAL_REPRESENTATION('',(#7535),#7539);
#7535 = LINE('',#7536,#7537);
#7536 = CARTESIAN_POINT('',(-0.223416257888,0.22341625789));
#7537 = VECTOR('',#7538,1.);
#7538 = DIRECTION('',(0.707106781187,0.707106781187));
#7539 = ( GEOMETRIC_REPRESENTATION_CONTEXT(2) 
PARAMETRIC_REPRESENTATION_CONTEXT() REPRESENTATION_CONTEXT('2D SPACE',''
  ) );
#7540 = ORIENTED_EDGE('',*,*,#7541,.F.);
#7541 = EDGE_CURVE('',#7542,#7519,#7544,.T.);
#7542 = VERTEX_POINT('',#7543);
#7543 = CARTESIAN_POINT('',(63.666047300885,34.3,100.49638444937));
#7544 = SURFACE_CURVE('',#7545,(#7550,#7557),.PCURVE_S1.);
#7545 = HYPERBOLA('',#7546,0.816310624584,0.470650819272);
#7546 = AXIS2_PLACEMENT_3D('',#7547,#7548,#7549);
#7547 = CARTESIAN_POINT('',(61.63685678202,29.474015890172,
    102.34685678202));
#7548 = DIRECTION('',(-0.706864473353,2.617694830787E-02,-0.706864473353
    ));
#7549 = DIRECTION('',(1.850989765927E-02,0.999657324976,
    1.850989765927E-02));
#7550 = PCURVE('',#1139,#7551);
#7551 = DEFINITIONAL_REPRESENTATION('',(#7552),#7556);
#7552 = HYPERBOLA('',#7553,0.816310624584,0.470650819272);
#7553 = AXIS2_PLACEMENT_2D('',#7554,#7555);
#7554 = CARTESIAN_POINT('',(-4.627569862444,-3.527053649144E-12));
#7555 = DIRECTION('',(1.,0.));
#7556 = ( GEOMETRIC_REPRESENTATION_CONTEXT(2) 
PARAMETRIC_REPRESENTATION_CONTEXT() REPRESENTATION_CONTEXT('2D SPACE',''
  ) );
#7557 = PCURVE('',#7558,#7563);
#7558 = CONICAL_SURFACE('',#7559,3.4,0.523598775598);
#7559 = AXIS2_PLACEMENT_3D('',#7560,#7561,#7562);
#7560 = CARTESIAN_POINT('',(61.97,35.4,102.68));
#7561 = DIRECTION('',(0.,1.,0.));
#7562 = DIRECTION('',(1.,-0.,0.));
#7563 = DEFINITIONAL_REPRESENTATION('',(#7564),#7571);
#7564 = B_SPLINE_CURVE_WITH_KNOTS('',5,(#7565,#7566,#7567,#7568,#7569,
    #7570),.UNSPECIFIED.,.F.,.F.,(6,6),(2.463239088647,2.671022353359),
  .PIECEWISE_BEZIER_KNOTS.);
#7565 = CARTESIAN_POINT('',(0.910415591848,-1.1));
#7566 = CARTESIAN_POINT('',(0.903341712597,-0.90233611247));
#7567 = CARTESIAN_POINT('',(0.896632799605,-0.694254413709));
#7568 = CARTESIAN_POINT('',(0.890264286562,-0.475043659375));
#7569 = CARTESIAN_POINT('',(0.884213901328,-0.243918016992));
#7570 = CARTESIAN_POINT('',(0.878461350518,3.845925372767E-16));
#7571 = ( GEOMETRIC_REPRESENTATION_CONTEXT(2) 
PARAMETRIC_REPRESENTATION_CONTEXT() REPRESENTATION_CONTEXT('2D SPACE',''
  ) );
#7572 = ORIENTED_EDGE('',*,*,#7573,.T.);
#7573 = EDGE_CURVE('',#7542,#7574,#7576,.T.);
#7574 = VERTEX_POINT('',#7575);
#7575 = CARTESIAN_POINT('',(63.369937049919,34.3,100.79249470033));
#7576 = SURFACE_CURVE('',#7577,(#7581,#7588),.PCURVE_S1.);
#7577 = LINE('',#7578,#7579);
#7578 = CARTESIAN_POINT('',(61.726215875127,34.3,102.43621587512));
#7579 = VECTOR('',#7580,1.);
#7580 = DIRECTION('',(-0.707106781187,0.,0.707106781187));
#7581 = PCURVE('',#1139,#7582);
#7582 = DEFINITIONAL_REPRESENTATION('',(#7583),#7587);
#7583 = LINE('',#7584,#7585);
#7584 = CARTESIAN_POINT('',(0.200068558498,1.411826818648E-12));
#7585 = VECTOR('',#7586,1.);
#7586 = DIRECTION('',(0.,-1.));
#7587 = ( GEOMETRIC_REPRESENTATION_CONTEXT(2) 
PARAMETRIC_REPRESENTATION_CONTEXT() REPRESENTATION_CONTEXT('2D SPACE',''
  ) );
#7588 = PCURVE('',#7589,#7594);
#7589 = PLANE('',#7590);
#7590 = AXIS2_PLACEMENT_3D('',#7591,#7592,#7593);
#7591 = CARTESIAN_POINT('',(61.97,34.3,102.68));
#7592 = DIRECTION('',(0.,1.,0.));
#7593 = DIRECTION('',(1.,0.,0.));
#7594 = DEFINITIONAL_REPRESENTATION('',(#7595),#7599);
#7595 = LINE('',#7596,#7597);
#7596 = CARTESIAN_POINT('',(-0.243784124873,0.24378412488));
#7597 = VECTOR('',#7598,1.);
#7598 = DIRECTION('',(-0.707106781187,-0.707106781187));
#7599 = ( GEOMETRIC_REPRESENTATION_CONTEXT(2) 
PARAMETRIC_REPRESENTATION_CONTEXT() REPRESENTATION_CONTEXT('2D SPACE',''
  ) );
#7600 = ORIENTED_EDGE('',*,*,#7601,.T.);
#7601 = EDGE_CURVE('',#7574,#7490,#7602,.T.);
#7602 = SURFACE_CURVE('',#7603,(#7608,#7615),.PCURVE_S1.);
#7603 = PARABOLA('',#7604,2.62454950594E-02);
#7604 = AXIS2_PLACEMENT_3D('',#7605,#7606,#7607);
#7605 = CARTESIAN_POINT('',(62.678958405458,85.754420050984,
    103.38895840545));
#7606 = DIRECTION('',(-0.706864473353,2.617694830787E-02,-0.706864473353
    ));
#7607 = DIRECTION('',(-1.850989765927E-02,-0.999657324976,
    -1.850989765927E-02));
#7608 = PCURVE('',#1139,#7609);
#7609 = DEFINITIONAL_REPRESENTATION('',(#7610),#7614);
#7610 = PARABOLA('',#7611,2.62454950594E-02);
#7611 = AXIS2_PLACEMENT_2D('',#7612,#7613);
#7612 = CARTESIAN_POINT('',(51.672126798298,2.12529993604E-12));
#7613 = DIRECTION('',(-1.,0.));
#7614 = ( GEOMETRIC_REPRESENTATION_CONTEXT(2) 
PARAMETRIC_REPRESENTATION_CONTEXT() REPRESENTATION_CONTEXT('2D SPACE',''
  ) );
#7615 = PCURVE('',#7616,#7621);
#7616 = CONICAL_SURFACE('',#7617,2.35,2.617993877991E-02);
#7617 = AXIS2_PLACEMENT_3D('',#7618,#7619,#7620);
#7618 = CARTESIAN_POINT('',(61.97,34.3,102.68));
#7619 = DIRECTION('',(-0.,-1.,-0.));
#7620 = DIRECTION('',(1.,-0.,0.));
#7621 = DEFINITIONAL_REPRESENTATION('',(#7622),#7629);
#7622 = B_SPLINE_CURVE_WITH_KNOTS('',5,(#7623,#7624,#7625,#7626,#7627,
    #7628),.UNSPECIFIED.,.F.,.F.,(6,6),(-2.324572778151,-2.299591015142)
  ,.PIECEWISE_BEZIER_KNOTS.);
#7623 = CARTESIAN_POINT('',(5.350548131915,9.947754431805E-14));
#7624 = CARTESIAN_POINT('',(5.352674239405,-0.221188536589));
#7625 = CARTESIAN_POINT('',(5.354806897145,-0.441782804883));
#7626 = CARTESIAN_POINT('',(5.356946135484,-0.661782804884));
#7627 = CARTESIAN_POINT('',(5.359091984899,-0.881188536589));
#7628 = CARTESIAN_POINT('',(5.361244475989,-1.1));
#7629 = ( GEOMETRIC_REPRESENTATION_CONTEXT(2) 
PARAMETRIC_REPRESENTATION_CONTEXT() REPRESENTATION_CONTEXT('2D SPACE',''
  ) );
#7630 = ADVANCED_FACE('',(#7631),#1168,.F.);
#7631 = FACE_BOUND('',#7632,.F.);
#7632 = EDGE_LOOP('',(#7633,#7634,#7658,#7683));
#7633 = ORIENTED_EDGE('',*,*,#7489,.F.);
#7634 = ORIENTED_EDGE('',*,*,#7635,.T.);
#7635 = EDGE_CURVE('',#7490,#7636,#7638,.T.);
#7636 = VERTEX_POINT('',#7637);
#7637 = CARTESIAN_POINT('',(60.567359857126,35.4,100.83052734134));
#7638 = SURFACE_CURVE('',#7639,(#7644,#7651),.PCURVE_S1.);
#7639 = CIRCLE('',#7640,2.321195486274);
#7640 = AXIS2_PLACEMENT_3D('',#7641,#7642,#7643);
#7641 = CARTESIAN_POINT('',(61.97,35.4,102.68));
#7642 = DIRECTION('',(-0.,1.,0.));
#7643 = DIRECTION('',(1.,0.,0.));
#7644 = PCURVE('',#1168,#7645);
#7645 = DEFINITIONAL_REPRESENTATION('',(#7646),#7650);
#7646 = LINE('',#7647,#7648);
#7647 = CARTESIAN_POINT('',(6.28318530718,0.));
#7648 = VECTOR('',#7649,1.);
#7649 = DIRECTION('',(-1.,-0.));
#7650 = ( GEOMETRIC_REPRESENTATION_CONTEXT(2) 
PARAMETRIC_REPRESENTATION_CONTEXT() REPRESENTATION_CONTEXT('2D SPACE',''
  ) );
#7651 = PCURVE('',#7616,#7652);
#7652 = DEFINITIONAL_REPRESENTATION('',(#7653),#7657);
#7653 = LINE('',#7654,#7655);
#7654 = CARTESIAN_POINT('',(6.28318530718,-1.1));
#7655 = VECTOR('',#7656,1.);
#7656 = DIRECTION('',(-1.,-0.));
#7657 = ( GEOMETRIC_REPRESENTATION_CONTEXT(2) 
PARAMETRIC_REPRESENTATION_CONTEXT() REPRESENTATION_CONTEXT('2D SPACE',''
  ) );
#7658 = ORIENTED_EDGE('',*,*,#7659,.F.);
#7659 = EDGE_CURVE('',#1152,#7636,#7660,.T.);
#7660 = SURFACE_CURVE('',#7661,(#7666,#7676),.PCURVE_S1.);
#7661 = HYPERBOLA('',#7662,4.757254814202,0.396989669662);
#7662 = AXIS2_PLACEMENT_3D('',#7663,#7664,#7665);
#7663 = CARTESIAN_POINT('',(61.675798859902,63.354774951019,
    102.97420114009));
#7664 = DIRECTION('',(0.706864473353,2.617694830787E-02,-0.706864473353)
  );
#7665 = DIRECTION('',(1.850989765927E-02,-0.999657324976,
    -1.850989765927E-02));
#7666 = PCURVE('',#1168,#7667);
#7667 = DEFINITIONAL_REPRESENTATION('',(#7668),#7675);
#7668 = B_SPLINE_CURVE_WITH_KNOTS('',5,(#7669,#7670,#7671,#7672,#7673,
    #7674),.UNSPECIFIED.,.F.,.F.,(6,6),(2.343717818352,2.457092273023),
  .PIECEWISE_BEZIER_KNOTS.);
#7669 = CARTESIAN_POINT('',(4.042954770367,-2.95));
#7670 = CARTESIAN_POINT('',(4.047317952142,-2.393368232853));
#7671 = CARTESIAN_POINT('',(4.051552394376,-1.820666189882));
#7672 = CARTESIAN_POINT('',(4.055663270834,-1.231297625393));
#7673 = CARTESIAN_POINT('',(4.059655441112,-0.624631915912));
#7674 = CARTESIAN_POINT('',(4.063533484782,3.54114988336E-14));
#7675 = ( GEOMETRIC_REPRESENTATION_CONTEXT(2) 
PARAMETRIC_REPRESENTATION_CONTEXT() REPRESENTATION_CONTEXT('2D SPACE',''
  ) );
#7676 = PCURVE('',#1194,#7677);
#7677 = DEFINITIONAL_REPRESENTATION('',(#7678),#7682);
#7678 = HYPERBOLA('',#7679,4.757254814202,0.396989669662);
#7679 = AXIS2_PLACEMENT_2D('',#7680,#7681);
#7680 = CARTESIAN_POINT('',(29.264803268194,3.849999999994));
#7681 = DIRECTION('',(-1.,0.));
#7682 = ( GEOMETRIC_REPRESENTATION_CONTEXT(2) 
PARAMETRIC_REPRESENTATION_CONTEXT() REPRESENTATION_CONTEXT('2D SPACE',''
  ) );
#7683 = ORIENTED_EDGE('',*,*,#1151,.F.);
#7684 = ADVANCED_FACE('',(#7685),#1194,.F.);
#7685 = FACE_BOUND('',#7686,.F.);
#7686 = EDGE_LOOP('',(#7687,#7688,#7689,#7716,#7739,#7766,#7787));
#7687 = ORIENTED_EDGE('',*,*,#1180,.T.);
#7688 = ORIENTED_EDGE('',*,*,#7659,.T.);
#7689 = ORIENTED_EDGE('',*,*,#7690,.T.);
#7690 = EDGE_CURVE('',#7636,#7691,#7693,.T.);
#7691 = VERTEX_POINT('',#7692);
#7692 = CARTESIAN_POINT('',(60.570062950081,34.3,100.79249470033));
#7693 = SURFACE_CURVE('',#7694,(#7699,#7706),.PCURVE_S1.);
#7694 = PARABOLA('',#7695,2.62454950594E-02);
#7695 = AXIS2_PLACEMENT_3D('',#7696,#7697,#7698);
#7696 = CARTESIAN_POINT('',(61.261041594542,85.754420050984,
    103.38895840545));
#7697 = DIRECTION('',(0.706864473353,2.617694830787E-02,-0.706864473353)
  );
#7698 = DIRECTION('',(1.850989765927E-02,-0.999657324976,
    -1.850989765927E-02));
#7699 = PCURVE('',#1194,#7700);
#7700 = DEFINITIONAL_REPRESENTATION('',(#7701),#7705);
#7701 = PARABOLA('',#7702,2.62454950594E-02);
#7702 = AXIS2_PLACEMENT_2D('',#7703,#7704);
#7703 = CARTESIAN_POINT('',(51.672126798297,3.849999999994));
#7704 = DIRECTION('',(-1.,0.));
#7705 = ( GEOMETRIC_REPRESENTATION_CONTEXT(2) 
PARAMETRIC_REPRESENTATION_CONTEXT() REPRESENTATION_CONTEXT('2D SPACE',''
  ) );
#7706 = PCURVE('',#7616,#7707);
#7707 = DEFINITIONAL_REPRESENTATION('',(#7708),#7715);
#7708 = B_SPLINE_CURVE_WITH_KNOTS('',5,(#7709,#7710,#7711,#7712,#7713,
    #7714),.UNSPECIFIED.,.F.,.F.,(6,6),(2.299591015142,2.324572778151),
  .PIECEWISE_BEZIER_KNOTS.);
#7709 = CARTESIAN_POINT('',(4.063533484782,-1.1));
#7710 = CARTESIAN_POINT('',(4.065685975871,-0.881188536589));
#7711 = CARTESIAN_POINT('',(4.067831825287,-0.661782804883));
#7712 = CARTESIAN_POINT('',(4.069971063625,-0.441782804884));
#7713 = CARTESIAN_POINT('',(4.072103721365,-0.221188536589));
#7714 = CARTESIAN_POINT('',(4.074229828855,7.815262702366E-14));
#7715 = ( GEOMETRIC_REPRESENTATION_CONTEXT(2) 
PARAMETRIC_REPRESENTATION_CONTEXT() REPRESENTATION_CONTEXT('2D SPACE',''
  ) );
#7716 = ORIENTED_EDGE('',*,*,#7717,.T.);
#7717 = EDGE_CURVE('',#7691,#7718,#7720,.T.);
#7718 = VERTEX_POINT('',#7719);
#7719 = CARTESIAN_POINT('',(60.273952699115,34.3,100.49638444937));
#7720 = SURFACE_CURVE('',#7721,(#7725,#7732),.PCURVE_S1.);
#7721 = LINE('',#7722,#7723);
#7722 = CARTESIAN_POINT('',(60.852603571089,34.3,101.07503532134));
#7723 = VECTOR('',#7724,1.);
#7724 = DIRECTION('',(-0.707106781187,0.,-0.707106781187));
#7725 = PCURVE('',#1194,#7726);
#7726 = DEFINITIONAL_REPRESENTATION('',(#7727),#7731);
#7727 = LINE('',#7728,#7729);
#7728 = CARTESIAN_POINT('',(0.200068558498,1.924999999998));
#7729 = VECTOR('',#7730,1.);
#7730 = DIRECTION('',(0.,-1.));
#7731 = ( GEOMETRIC_REPRESENTATION_CONTEXT(2) 
PARAMETRIC_REPRESENTATION_CONTEXT() REPRESENTATION_CONTEXT('2D SPACE',''
  ) );
#7732 = PCURVE('',#7589,#7733);
#7733 = DEFINITIONAL_REPRESENTATION('',(#7734),#7738);
#7734 = LINE('',#7735,#7736);
#7735 = CARTESIAN_POINT('',(-1.117396428911,1.60496467866));
#7736 = VECTOR('',#7737,1.);
#7737 = DIRECTION('',(-0.707106781187,0.707106781187));
#7738 = ( GEOMETRIC_REPRESENTATION_CONTEXT(2) 
PARAMETRIC_REPRESENTATION_CONTEXT() REPRESENTATION_CONTEXT('2D SPACE',''
  ) );
#7739 = ORIENTED_EDGE('',*,*,#7740,.F.);
#7740 = EDGE_CURVE('',#7741,#7718,#7743,.T.);
#7741 = VERTEX_POINT('',#7742);
#7742 = CARTESIAN_POINT('',(59.799656625905,35.4,100.06282411012));
#7743 = SURFACE_CURVE('',#7744,(#7749,#7756),.PCURVE_S1.);
#7744 = HYPERBOLA('',#7745,0.816310624584,0.470650819272);
#7745 = AXIS2_PLACEMENT_3D('',#7746,#7747,#7748);
#7746 = CARTESIAN_POINT('',(62.30314321798,29.474015890172,
    102.34685678202));
#7747 = DIRECTION('',(0.706864473353,2.617694830787E-02,-0.706864473353)
  );
#7748 = DIRECTION('',(-1.850989765927E-02,0.999657324976,
    1.850989765927E-02));
#7749 = PCURVE('',#1194,#7750);
#7750 = DEFINITIONAL_REPRESENTATION('',(#7751),#7755);
#7751 = HYPERBOLA('',#7752,0.816310624584,0.470650819272);
#7752 = AXIS2_PLACEMENT_2D('',#7753,#7754);
#7753 = CARTESIAN_POINT('',(-4.627569862444,3.85));
#7754 = DIRECTION('',(1.,0.));
#7755 = ( GEOMETRIC_REPRESENTATION_CONTEXT(2) 
PARAMETRIC_REPRESENTATION_CONTEXT() REPRESENTATION_CONTEXT('2D SPACE',''
  ) );
#7756 = PCURVE('',#7558,#7757);
#7757 = DEFINITIONAL_REPRESENTATION('',(#7758),#7765);
#7758 = B_SPLINE_CURVE_WITH_KNOTS('',5,(#7759,#7760,#7761,#7762,#7763,
    #7764),.UNSPECIFIED.,.F.,.F.,(6,6),(-2.671022353359,-2.463239088647)
  ,.PIECEWISE_BEZIER_KNOTS.);
#7759 = CARTESIAN_POINT('',(2.263131303072,-1.922962686384E-16));
#7760 = CARTESIAN_POINT('',(2.257378752262,-0.243918016992));
#7761 = CARTESIAN_POINT('',(2.251328367028,-0.475043659375));
#7762 = CARTESIAN_POINT('',(2.244959853985,-0.694254413709));
#7763 = CARTESIAN_POINT('',(2.238250940993,-0.90233611247));
#7764 = CARTESIAN_POINT('',(2.231177061742,-1.1));
#7765 = ( GEOMETRIC_REPRESENTATION_CONTEXT(2) 
PARAMETRIC_REPRESENTATION_CONTEXT() REPRESENTATION_CONTEXT('2D SPACE',''
  ) );
#7766 = ORIENTED_EDGE('',*,*,#7767,.T.);
#7767 = EDGE_CURVE('',#7741,#7433,#7768,.T.);
#7768 = SURFACE_CURVE('',#7769,(#7773,#7780),.PCURVE_S1.);
#7769 = LINE('',#7770,#7771);
#7770 = CARTESIAN_POINT('',(60.832235704104,35.4,101.09540318832));
#7771 = VECTOR('',#7772,1.);
#7772 = DIRECTION('',(0.707106781187,-0.,0.707106781187));
#7773 = PCURVE('',#1194,#7774);
#7774 = DEFINITIONAL_REPRESENTATION('',(#7775),#7779);
#7775 = LINE('',#7776,#7777);
#7776 = CARTESIAN_POINT('',(1.300445630238,1.924999999994));
#7777 = VECTOR('',#7778,1.);
#7778 = DIRECTION('',(0.,1.));
#7779 = ( GEOMETRIC_REPRESENTATION_CONTEXT(2) 
PARAMETRIC_REPRESENTATION_CONTEXT() REPRESENTATION_CONTEXT('2D SPACE',''
  ) );
#7780 = PCURVE('',#7474,#7781);
#7781 = DEFINITIONAL_REPRESENTATION('',(#7782),#7786);
#7782 = LINE('',#7783,#7784);
#7783 = CARTESIAN_POINT('',(-1.137764295896,1.58459681168));
#7784 = VECTOR('',#7785,1.);
#7785 = DIRECTION('',(0.707106781187,-0.707106781187));
#7786 = ( GEOMETRIC_REPRESENTATION_CONTEXT(2) 
PARAMETRIC_REPRESENTATION_CONTEXT() REPRESENTATION_CONTEXT('2D SPACE',''
  ) );
#7787 = ORIENTED_EDGE('',*,*,#7432,.F.);
#7788 = ADVANCED_FACE('',(#7789),#1227,.T.);
#7789 = FACE_BOUND('',#7790,.F.);
#7790 = EDGE_LOOP('',(#7791,#7818,#7819,#7846));
#7791 = ORIENTED_EDGE('',*,*,#7792,.T.);
#7792 = EDGE_CURVE('',#7793,#1209,#7795,.T.);
#7793 = VERTEX_POINT('',#7794);
#7794 = CARTESIAN_POINT('',(60.209972717063,35.4,104.88685979871));
#7795 = SURFACE_CURVE('',#7796,(#7801,#7811),.PCURVE_S1.);
#7796 = PARABOLA('',#7797,4.108092253026E-02);
#7797 = AXIS2_PLACEMENT_3D('',#7798,#7799,#7800);
#7798 = CARTESIAN_POINT('',(63.079701503663,-12.4652856037,
    103.78970150366));
#7799 = DIRECTION('',(0.706864473353,2.617694830787E-02,0.706864473353)
  );
#7800 = DIRECTION('',(-1.850989765927E-02,0.999657324976,
    -1.850989765927E-02));
#7801 = PCURVE('',#1227,#7802);
#7802 = DEFINITIONAL_REPRESENTATION('',(#7803),#7810);
#7803 = B_SPLINE_CURVE_WITH_KNOTS('',5,(#7804,#7805,#7806,#7807,#7808,
    #7809),.UNSPECIFIED.,.F.,.F.,(6,6),(2.805012755636,2.890158752642),
  .PIECEWISE_BEZIER_KNOTS.);
#7804 = CARTESIAN_POINT('',(4.039158613734,-2.95));
#7805 = CARTESIAN_POINT('',(4.033125776903,-2.368820829743));
#7806 = CARTESIAN_POINT('',(4.027133597215,-1.783231244615));
#7807 = CARTESIAN_POINT('',(4.021181755379,-1.193231244615));
#7808 = CARTESIAN_POINT('',(4.015269928393,-0.598820829743));
#7809 = CARTESIAN_POINT('',(4.009397790669,2.841385486464E-14));
#7810 = ( GEOMETRIC_REPRESENTATION_CONTEXT(2) 
PARAMETRIC_REPRESENTATION_CONTEXT() REPRESENTATION_CONTEXT('2D SPACE',''
  ) );
#7811 = PCURVE('',#1255,#7812);
#7812 = DEFINITIONAL_REPRESENTATION('',(#7813),#7817);
#7813 = PARABOLA('',#7814,4.108092253026E-02);
#7814 = AXIS2_PLACEMENT_2D('',#7815,#7816);
#7815 = CARTESIAN_POINT('',(-46.58124783394,1.406763594503E-12));
#7816 = DIRECTION('',(1.,0.));
#7817 = ( GEOMETRIC_REPRESENTATION_CONTEXT(2) 
PARAMETRIC_REPRESENTATION_CONTEXT() REPRESENTATION_CONTEXT('2D SPACE',''
  ) );
#7818 = ORIENTED_EDGE('',*,*,#1208,.T.);
#7819 = ORIENTED_EDGE('',*,*,#7820,.T.);
#7820 = EDGE_CURVE('',#1211,#7821,#7823,.T.);
#7821 = VERTEX_POINT('',#7822);
#7822 = CARTESIAN_POINT('',(63.730027282937,35.4,104.88685979871));
#7823 = SURFACE_CURVE('',#7824,(#7829,#7839),.PCURVE_S1.);
#7824 = PARABOLA('',#7825,4.108092253026E-02);
#7825 = AXIS2_PLACEMENT_3D('',#7826,#7827,#7828);
#7826 = CARTESIAN_POINT('',(60.860298496337,-12.4652856037,
    103.78970150366));
#7827 = DIRECTION('',(-0.706864473353,2.617694830787E-02,0.706864473353)
  );
#7828 = DIRECTION('',(1.850989765927E-02,0.999657324976,
    -1.850989765927E-02));
#7829 = PCURVE('',#1227,#7830);
#7830 = DEFINITIONAL_REPRESENTATION('',(#7831),#7838);
#7831 = B_SPLINE_CURVE_WITH_KNOTS('',5,(#7832,#7833,#7834,#7835,#7836,
    #7837),.UNSPECIFIED.,.F.,.F.,(6,6),(-2.890158752642,-2.805012755636)
  ,.PIECEWISE_BEZIER_KNOTS.);
#7832 = CARTESIAN_POINT('',(5.415380170101,-7.112179403705E-15));
#7833 = CARTESIAN_POINT('',(5.409508032376,-0.598820829743));
#7834 = CARTESIAN_POINT('',(5.403596205391,-1.193231244615));
#7835 = CARTESIAN_POINT('',(5.397644363554,-1.783231244615));
#7836 = CARTESIAN_POINT('',(5.391652183866,-2.368820829743));
#7837 = CARTESIAN_POINT('',(5.385619347036,-2.95));
#7838 = ( GEOMETRIC_REPRESENTATION_CONTEXT(2) 
PARAMETRIC_REPRESENTATION_CONTEXT() REPRESENTATION_CONTEXT('2D SPACE',''
  ) );
#7839 = PCURVE('',#1310,#7840);
#7840 = DEFINITIONAL_REPRESENTATION('',(#7841),#7845);
#7841 = PARABOLA('',#7842,4.108092253026E-02);
#7842 = AXIS2_PLACEMENT_2D('',#7843,#7844);
#7843 = CARTESIAN_POINT('',(-46.58124783394,3.85));
#7844 = DIRECTION('',(1.,0.));
#7845 = ( GEOMETRIC_REPRESENTATION_CONTEXT(2) 
PARAMETRIC_REPRESENTATION_CONTEXT() REPRESENTATION_CONTEXT('2D SPACE',''
  ) );
#7846 = ORIENTED_EDGE('',*,*,#7847,.F.);
#7847 = EDGE_CURVE('',#7793,#7821,#7848,.T.);
#7848 = SURFACE_CURVE('',#7849,(#7854,#7861),.PCURVE_S1.);
#7849 = CIRCLE('',#7850,2.822751531371);
#7850 = AXIS2_PLACEMENT_3D('',#7851,#7852,#7853);
#7851 = CARTESIAN_POINT('',(61.97,35.4,102.68));
#7852 = DIRECTION('',(-0.,1.,0.));
#7853 = DIRECTION('',(1.,0.,0.));
#7854 = PCURVE('',#1227,#7855);
#7855 = DEFINITIONAL_REPRESENTATION('',(#7856),#7860);
#7856 = LINE('',#7857,#7858);
#7857 = CARTESIAN_POINT('',(0.,-2.95));
#7858 = VECTOR('',#7859,1.);
#7859 = DIRECTION('',(1.,-0.));
#7860 = ( GEOMETRIC_REPRESENTATION_CONTEXT(2) 
PARAMETRIC_REPRESENTATION_CONTEXT() REPRESENTATION_CONTEXT('2D SPACE',''
  ) );
#7861 = PCURVE('',#7862,#7867);
#7862 = PLANE('',#7863);
#7863 = AXIS2_PLACEMENT_3D('',#7864,#7865,#7866);
#7864 = CARTESIAN_POINT('',(61.97,35.4,102.68));
#7865 = DIRECTION('',(0.,1.,0.));
#7866 = DIRECTION('',(1.,0.,0.));
#7867 = DEFINITIONAL_REPRESENTATION('',(#7868),#7872);
#7868 = CIRCLE('',#7869,2.822751531371);
#7869 = AXIS2_PLACEMENT_2D('',#7870,#7871);
#7870 = CARTESIAN_POINT('',(0.,0.));
#7871 = DIRECTION('',(1.,0.));
#7872 = ( GEOMETRIC_REPRESENTATION_CONTEXT(2) 
PARAMETRIC_REPRESENTATION_CONTEXT() REPRESENTATION_CONTEXT('2D SPACE',''
  ) );
#7873 = ADVANCED_FACE('',(#7874),#1255,.F.);
#7874 = FACE_BOUND('',#7875,.F.);
#7875 = EDGE_LOOP('',(#7876,#7903,#7904,#7905,#7928,#7960,#7988));
#7876 = ORIENTED_EDGE('',*,*,#7877,.T.);
#7877 = EDGE_CURVE('',#7878,#1240,#7880,.T.);
#7878 = VERTEX_POINT('',#7879);
#7879 = CARTESIAN_POINT('',(60.567359857126,35.4,104.52947265865));
#7880 = SURFACE_CURVE('',#7881,(#7886,#7893),.PCURVE_S1.);
#7881 = HYPERBOLA('',#7882,4.757254814202,0.396989669662);
#7882 = AXIS2_PLACEMENT_3D('',#7883,#7884,#7885);
#7883 = CARTESIAN_POINT('',(61.675798859902,63.354774951019,
    102.3857988599));
#7884 = DIRECTION('',(0.706864473353,2.617694830787E-02,0.706864473353)
  );
#7885 = DIRECTION('',(1.850989765927E-02,-0.999657324976,
    1.850989765927E-02));
#7886 = PCURVE('',#1255,#7887);
#7887 = DEFINITIONAL_REPRESENTATION('',(#7888),#7892);
#7888 = HYPERBOLA('',#7889,4.757254814202,0.396989669662);
#7889 = AXIS2_PLACEMENT_2D('',#7890,#7891);
#7890 = CARTESIAN_POINT('',(29.264803268194,2.120248421278E-12));
#7891 = DIRECTION('',(-1.,0.));
#7892 = ( GEOMETRIC_REPRESENTATION_CONTEXT(2) 
PARAMETRIC_REPRESENTATION_CONTEXT() REPRESENTATION_CONTEXT('2D SPACE',''
  ) );
#7893 = PCURVE('',#1284,#7894);
#7894 = DEFINITIONAL_REPRESENTATION('',(#7895),#7902);
#7895 = B_SPLINE_CURVE_WITH_KNOTS('',5,(#7896,#7897,#7898,#7899,#7900,
    #7901),.UNSPECIFIED.,.F.,.F.,(6,6),(-2.457092273023,-2.343717818352)
  ,.PIECEWISE_BEZIER_KNOTS.);
#7896 = CARTESIAN_POINT('',(2.219651822399,2.119291860275E-14));
#7897 = CARTESIAN_POINT('',(2.223529866069,-0.624631915912));
#7898 = CARTESIAN_POINT('',(2.227522036347,-1.231297625393));
#7899 = CARTESIAN_POINT('',(2.231632912805,-1.820666189882));
#7900 = CARTESIAN_POINT('',(2.235867355039,-2.393368232853));
#7901 = CARTESIAN_POINT('',(2.240230536813,-2.95));
#7902 = ( GEOMETRIC_REPRESENTATION_CONTEXT(2) 
PARAMETRIC_REPRESENTATION_CONTEXT() REPRESENTATION_CONTEXT('2D SPACE',''
  ) );
#7903 = ORIENTED_EDGE('',*,*,#1239,.T.);
#7904 = ORIENTED_EDGE('',*,*,#7792,.F.);
#7905 = ORIENTED_EDGE('',*,*,#7906,.T.);
#7906 = EDGE_CURVE('',#7793,#7907,#7909,.T.);
#7907 = VERTEX_POINT('',#7908);
#7908 = CARTESIAN_POINT('',(59.799656625905,35.4,105.29717588987));
#7909 = SURFACE_CURVE('',#7910,(#7914,#7921),.PCURVE_S1.);
#7910 = LINE('',#7911,#7912);
#7911 = CARTESIAN_POINT('',(62.193416257888,35.4,102.90341625788));
#7912 = VECTOR('',#7913,1.);
#7913 = DIRECTION('',(-0.707106781187,0.,0.707106781187));
#7914 = PCURVE('',#1255,#7915);
#7915 = DEFINITIONAL_REPRESENTATION('',(#7916),#7920);
#7916 = LINE('',#7917,#7918);
#7917 = CARTESIAN_POINT('',(1.300445630238,-2.130302878545E-12));
#7918 = VECTOR('',#7919,1.);
#7919 = DIRECTION('',(0.,1.));
#7920 = ( GEOMETRIC_REPRESENTATION_CONTEXT(2) 
PARAMETRIC_REPRESENTATION_CONTEXT() REPRESENTATION_CONTEXT('2D SPACE',''
  ) );
#7921 = PCURVE('',#7862,#7922);
#7922 = DEFINITIONAL_REPRESENTATION('',(#7923),#7927);
#7923 = LINE('',#7924,#7925);
#7924 = CARTESIAN_POINT('',(0.223416257888,-0.22341625788));
#7925 = VECTOR('',#7926,1.);
#7926 = DIRECTION('',(-0.707106781187,-0.707106781187));
#7927 = ( GEOMETRIC_REPRESENTATION_CONTEXT(2) 
PARAMETRIC_REPRESENTATION_CONTEXT() REPRESENTATION_CONTEXT('2D SPACE',''
  ) );
#7928 = ORIENTED_EDGE('',*,*,#7929,.F.);
#7929 = EDGE_CURVE('',#7930,#7907,#7932,.T.);
#7930 = VERTEX_POINT('',#7931);
#7931 = CARTESIAN_POINT('',(60.273952699115,34.3,104.86361555063));
#7932 = SURFACE_CURVE('',#7933,(#7938,#7945),.PCURVE_S1.);
#7933 = HYPERBOLA('',#7934,0.816310624584,0.470650819272);
#7934 = AXIS2_PLACEMENT_3D('',#7935,#7936,#7937);
#7935 = CARTESIAN_POINT('',(62.30314321798,29.474015890172,
    103.01314321798));
#7936 = DIRECTION('',(0.706864473353,2.617694830787E-02,0.706864473353)
  );
#7937 = DIRECTION('',(-1.850989765927E-02,0.999657324976,
    -1.850989765927E-02));
#7938 = PCURVE('',#1255,#7939);
#7939 = DEFINITIONAL_REPRESENTATION('',(#7940),#7944);
#7940 = HYPERBOLA('',#7941,0.816310624584,0.470650819272);
#7941 = AXIS2_PLACEMENT_2D('',#7942,#7943);
#7942 = CARTESIAN_POINT('',(-4.627569862444,3.527053649144E-12));
#7943 = DIRECTION('',(1.,0.));
#7944 = ( GEOMETRIC_REPRESENTATION_CONTEXT(2) 
PARAMETRIC_REPRESENTATION_CONTEXT() REPRESENTATION_CONTEXT('2D SPACE',''
  ) );
#7945 = PCURVE('',#7946,#7951);
#7946 = CONICAL_SURFACE('',#7947,3.4,0.523598775598);
#7947 = AXIS2_PLACEMENT_3D('',#7948,#7949,#7950);
#7948 = CARTESIAN_POINT('',(61.97,35.4,102.68));
#7949 = DIRECTION('',(0.,1.,0.));
#7950 = DIRECTION('',(1.,-0.,0.));
#7951 = DEFINITIONAL_REPRESENTATION('',(#7952),#7959);
#7952 = B_SPLINE_CURVE_WITH_KNOTS('',5,(#7953,#7954,#7955,#7956,#7957,
    #7958),.UNSPECIFIED.,.F.,.F.,(6,6),(2.463239088647,2.671022353359),
  .PIECEWISE_BEZIER_KNOTS.);
#7953 = CARTESIAN_POINT('',(4.052008245437,-1.1));
#7954 = CARTESIAN_POINT('',(4.044934366187,-0.90233611247));
#7955 = CARTESIAN_POINT('',(4.038225453195,-0.694254413709));
#7956 = CARTESIAN_POINT('',(4.031856940152,-0.475043659375));
#7957 = CARTESIAN_POINT('',(4.025806554917,-0.243918016992));
#7958 = CARTESIAN_POINT('',(4.020054004108,1.922962686384E-16));
#7959 = ( GEOMETRIC_REPRESENTATION_CONTEXT(2) 
PARAMETRIC_REPRESENTATION_CONTEXT() REPRESENTATION_CONTEXT('2D SPACE',''
  ) );
#7960 = ORIENTED_EDGE('',*,*,#7961,.T.);
#7961 = EDGE_CURVE('',#7930,#7962,#7964,.T.);
#7962 = VERTEX_POINT('',#7963);
#7963 = CARTESIAN_POINT('',(60.570062950081,34.3,104.56750529966));
#7964 = SURFACE_CURVE('',#7965,(#7969,#7976),.PCURVE_S1.);
#7965 = LINE('',#7966,#7967);
#7966 = CARTESIAN_POINT('',(62.213784124873,34.3,102.92378412487));
#7967 = VECTOR('',#7968,1.);
#7968 = DIRECTION('',(0.707106781187,0.,-0.707106781187));
#7969 = PCURVE('',#1255,#7970);
#7970 = DEFINITIONAL_REPRESENTATION('',(#7971),#7975);
#7971 = LINE('',#7972,#7973);
#7972 = CARTESIAN_POINT('',(0.200068558498,1.406802625781E-12));
#7973 = VECTOR('',#7974,1.);
#7974 = DIRECTION('',(0.,-1.));
#7975 = ( GEOMETRIC_REPRESENTATION_CONTEXT(2) 
PARAMETRIC_REPRESENTATION_CONTEXT() REPRESENTATION_CONTEXT('2D SPACE',''
  ) );
#7976 = PCURVE('',#7977,#7982);
#7977 = PLANE('',#7978);
#7978 = AXIS2_PLACEMENT_3D('',#7979,#7980,#7981);
#7979 = CARTESIAN_POINT('',(61.97,34.3,102.68));
#7980 = DIRECTION('',(0.,1.,0.));
#7981 = DIRECTION('',(1.,0.,0.));
#7982 = DEFINITIONAL_REPRESENTATION('',(#7983),#7987);
#7983 = LINE('',#7984,#7985);
#7984 = CARTESIAN_POINT('',(0.243784124873,-0.24378412487));
#7985 = VECTOR('',#7986,1.);
#7986 = DIRECTION('',(0.707106781187,0.707106781187));
#7987 = ( GEOMETRIC_REPRESENTATION_CONTEXT(2) 
PARAMETRIC_REPRESENTATION_CONTEXT() REPRESENTATION_CONTEXT('2D SPACE',''
  ) );
#7988 = ORIENTED_EDGE('',*,*,#7989,.T.);
#7989 = EDGE_CURVE('',#7962,#7878,#7990,.T.);
#7990 = SURFACE_CURVE('',#7991,(#7996,#8003),.PCURVE_S1.);
#7991 = PARABOLA('',#7992,2.62454950594E-02);
#7992 = AXIS2_PLACEMENT_3D('',#7993,#7994,#7995);
#7993 = CARTESIAN_POINT('',(61.261041594542,85.754420050984,
    101.97104159454));
#7994 = DIRECTION('',(0.706864473353,2.617694830787E-02,0.706864473353)
  );
#7995 = DIRECTION('',(1.850989765927E-02,-0.999657324976,
    1.850989765927E-02));
#7996 = PCURVE('',#1255,#7997);
#7997 = DEFINITIONAL_REPRESENTATION('',(#7998),#8002);
#7998 = PARABOLA('',#7999,2.62454950594E-02);
#7999 = AXIS2_PLACEMENT_2D('',#8000,#8001);
#8000 = CARTESIAN_POINT('',(51.672126798298,2.110200902905E-12));
#8001 = DIRECTION('',(-1.,0.));
#8002 = ( GEOMETRIC_REPRESENTATION_CONTEXT(2) 
PARAMETRIC_REPRESENTATION_CONTEXT() REPRESENTATION_CONTEXT('2D SPACE',''
  ) );
#8003 = PCURVE('',#8004,#8009);
#8004 = CONICAL_SURFACE('',#8005,2.35,2.617993877991E-02);
#8005 = AXIS2_PLACEMENT_3D('',#8006,#8007,#8008);
#8006 = CARTESIAN_POINT('',(61.97,34.3,102.68));
#8007 = DIRECTION('',(-0.,-1.,-0.));
#8008 = DIRECTION('',(1.,-0.,0.));
#8009 = DEFINITIONAL_REPRESENTATION('',(#8010),#8017);
#8010 = B_SPLINE_CURVE_WITH_KNOTS('',5,(#8011,#8012,#8013,#8014,#8015,
    #8016),.UNSPECIFIED.,.F.,.F.,(6,6),(-2.324572778151,-2.299591015142)
  ,.PIECEWISE_BEZIER_KNOTS.);
#8011 = CARTESIAN_POINT('',(2.208955478325,4.971553032557E-14));
#8012 = CARTESIAN_POINT('',(2.211081585815,-0.221188536589));
#8013 = CARTESIAN_POINT('',(2.213214243555,-0.441782804884));
#8014 = CARTESIAN_POINT('',(2.215353481894,-0.661782804883));
#8015 = CARTESIAN_POINT('',(2.217499331309,-0.881188536589));
#8016 = CARTESIAN_POINT('',(2.219651822399,-1.1));
#8017 = ( GEOMETRIC_REPRESENTATION_CONTEXT(2) 
PARAMETRIC_REPRESENTATION_CONTEXT() REPRESENTATION_CONTEXT('2D SPACE',''
  ) );
#8018 = ADVANCED_FACE('',(#8019),#1284,.F.);
#8019 = FACE_BOUND('',#8020,.F.);
#8020 = EDGE_LOOP('',(#8021,#8022,#8046,#8071));
#8021 = ORIENTED_EDGE('',*,*,#7877,.F.);
#8022 = ORIENTED_EDGE('',*,*,#8023,.T.);
#8023 = EDGE_CURVE('',#7878,#8024,#8026,.T.);
#8024 = VERTEX_POINT('',#8025);
#8025 = CARTESIAN_POINT('',(63.372640142874,35.4,104.52947265865));
#8026 = SURFACE_CURVE('',#8027,(#8032,#8039),.PCURVE_S1.);
#8027 = CIRCLE('',#8028,2.321195486274);
#8028 = AXIS2_PLACEMENT_3D('',#8029,#8030,#8031);
#8029 = CARTESIAN_POINT('',(61.97,35.4,102.68));
#8030 = DIRECTION('',(-0.,1.,0.));
#8031 = DIRECTION('',(1.,0.,0.));
#8032 = PCURVE('',#1284,#8033);
#8033 = DEFINITIONAL_REPRESENTATION('',(#8034),#8038);
#8034 = LINE('',#8035,#8036);
#8035 = CARTESIAN_POINT('',(6.28318530718,0.));
#8036 = VECTOR('',#8037,1.);
#8037 = DIRECTION('',(-1.,-0.));
#8038 = ( GEOMETRIC_REPRESENTATION_CONTEXT(2) 
PARAMETRIC_REPRESENTATION_CONTEXT() REPRESENTATION_CONTEXT('2D SPACE',''
  ) );
#8039 = PCURVE('',#8004,#8040);
#8040 = DEFINITIONAL_REPRESENTATION('',(#8041),#8045);
#8041 = LINE('',#8042,#8043);
#8042 = CARTESIAN_POINT('',(6.28318530718,-1.1));
#8043 = VECTOR('',#8044,1.);
#8044 = DIRECTION('',(-1.,-0.));
#8045 = ( GEOMETRIC_REPRESENTATION_CONTEXT(2) 
PARAMETRIC_REPRESENTATION_CONTEXT() REPRESENTATION_CONTEXT('2D SPACE',''
  ) );
#8046 = ORIENTED_EDGE('',*,*,#8047,.F.);
#8047 = EDGE_CURVE('',#1268,#8024,#8048,.T.);
#8048 = SURFACE_CURVE('',#8049,(#8054,#8064),.PCURVE_S1.);
#8049 = HYPERBOLA('',#8050,4.757254814202,0.396989669662);
#8050 = AXIS2_PLACEMENT_3D('',#8051,#8052,#8053);
#8051 = CARTESIAN_POINT('',(62.264201140098,63.354774951019,
    102.3857988599));
#8052 = DIRECTION('',(-0.706864473353,2.617694830787E-02,0.706864473353)
  );
#8053 = DIRECTION('',(-1.850989765927E-02,-0.999657324976,
    1.850989765927E-02));
#8054 = PCURVE('',#1284,#8055);
#8055 = DEFINITIONAL_REPRESENTATION('',(#8056),#8063);
#8056 = B_SPLINE_CURVE_WITH_KNOTS('',5,(#8057,#8058,#8059,#8060,#8061,
    #8062),.UNSPECIFIED.,.F.,.F.,(6,6),(2.343717818352,2.457092273023),
  .PIECEWISE_BEZIER_KNOTS.);
#8057 = CARTESIAN_POINT('',(0.901362116777,-2.95));
#8058 = CARTESIAN_POINT('',(0.905725298552,-2.393368232853));
#8059 = CARTESIAN_POINT('',(0.909959740786,-1.820666189882));
#8060 = CARTESIAN_POINT('',(0.914070617244,-1.231297625393));
#8061 = CARTESIAN_POINT('',(0.918062787522,-0.624631915912));
#8062 = CARTESIAN_POINT('',(0.921940831192,7.01289601291E-15));
#8063 = ( GEOMETRIC_REPRESENTATION_CONTEXT(2) 
PARAMETRIC_REPRESENTATION_CONTEXT() REPRESENTATION_CONTEXT('2D SPACE',''
  ) );
#8064 = PCURVE('',#1310,#8065);
#8065 = DEFINITIONAL_REPRESENTATION('',(#8066),#8070);
#8066 = HYPERBOLA('',#8067,4.757254814202,0.396989669662);
#8067 = AXIS2_PLACEMENT_2D('',#8068,#8069);
#8068 = CARTESIAN_POINT('',(29.264803268194,3.849999999999));
#8069 = DIRECTION('',(-1.,0.));
#8070 = ( GEOMETRIC_REPRESENTATION_CONTEXT(2) 
PARAMETRIC_REPRESENTATION_CONTEXT() REPRESENTATION_CONTEXT('2D SPACE',''
  ) );
#8071 = ORIENTED_EDGE('',*,*,#1267,.F.);
#8072 = ADVANCED_FACE('',(#8073),#1310,.F.);
#8073 = FACE_BOUND('',#8074,.F.);
#8074 = EDGE_LOOP('',(#8075,#8076,#8077,#8104,#8127,#8154,#8175));
#8075 = ORIENTED_EDGE('',*,*,#1296,.T.);
#8076 = ORIENTED_EDGE('',*,*,#8047,.T.);
#8077 = ORIENTED_EDGE('',*,*,#8078,.T.);
#8078 = EDGE_CURVE('',#8024,#8079,#8081,.T.);
#8079 = VERTEX_POINT('',#8080);
#8080 = CARTESIAN_POINT('',(63.369937049919,34.3,104.56750529966));
#8081 = SURFACE_CURVE('',#8082,(#8087,#8094),.PCURVE_S1.);
#8082 = PARABOLA('',#8083,2.62454950594E-02);
#8083 = AXIS2_PLACEMENT_3D('',#8084,#8085,#8086);
#8084 = CARTESIAN_POINT('',(62.678958405458,85.754420050984,
    101.97104159454));
#8085 = DIRECTION('',(-0.706864473353,2.617694830787E-02,0.706864473353)
  );
#8086 = DIRECTION('',(-1.850989765927E-02,-0.999657324976,
    1.850989765927E-02));
#8087 = PCURVE('',#1310,#8088);
#8088 = DEFINITIONAL_REPRESENTATION('',(#8089),#8093);
#8089 = PARABOLA('',#8090,2.62454950594E-02);
#8090 = AXIS2_PLACEMENT_2D('',#8091,#8092);
#8091 = CARTESIAN_POINT('',(51.672126798298,3.849999999999));
#8092 = DIRECTION('',(-1.,0.));
#8093 = ( GEOMETRIC_REPRESENTATION_CONTEXT(2) 
PARAMETRIC_REPRESENTATION_CONTEXT() REPRESENTATION_CONTEXT('2D SPACE',''
  ) );
#8094 = PCURVE('',#8004,#8095);
#8095 = DEFINITIONAL_REPRESENTATION('',(#8096),#8103);
#8096 = B_SPLINE_CURVE_WITH_KNOTS('',5,(#8097,#8098,#8099,#8100,#8101,
    #8102),.UNSPECIFIED.,.F.,.F.,(6,6),(2.299591015142,2.324572778151),
  .PIECEWISE_BEZIER_KNOTS.);
#8097 = CARTESIAN_POINT('',(0.921940831192,-1.1));
#8098 = CARTESIAN_POINT('',(0.924093322282,-0.881188536589));
#8099 = CARTESIAN_POINT('',(0.926239171697,-0.661782804884));
#8100 = CARTESIAN_POINT('',(0.928378410036,-0.441782804884));
#8101 = CARTESIAN_POINT('',(0.930511067775,-0.221188536589));
#8102 = CARTESIAN_POINT('',(0.932637175266,1.420111697395E-14));
#8103 = ( GEOMETRIC_REPRESENTATION_CONTEXT(2) 
PARAMETRIC_REPRESENTATION_CONTEXT() REPRESENTATION_CONTEXT('2D SPACE',''
  ) );
#8104 = ORIENTED_EDGE('',*,*,#8105,.T.);
#8105 = EDGE_CURVE('',#8079,#8106,#8108,.T.);
#8106 = VERTEX_POINT('',#8107);
#8107 = CARTESIAN_POINT('',(63.666047300885,34.3,104.86361555063));
#8108 = SURFACE_CURVE('',#8109,(#8113,#8120),.PCURVE_S1.);
#8109 = LINE('',#8110,#8111);
#8110 = CARTESIAN_POINT('',(63.087396428911,34.3,104.28496467865));
#8111 = VECTOR('',#8112,1.);
#8112 = DIRECTION('',(0.707106781187,-0.,0.707106781187));
#8113 = PCURVE('',#1310,#8114);
#8114 = DEFINITIONAL_REPRESENTATION('',(#8115),#8119);
#8115 = LINE('',#8116,#8117);
#8116 = CARTESIAN_POINT('',(0.200068558498,1.925000000003));
#8117 = VECTOR('',#8118,1.);
#8118 = DIRECTION('',(0.,-1.));
#8119 = ( GEOMETRIC_REPRESENTATION_CONTEXT(2) 
PARAMETRIC_REPRESENTATION_CONTEXT() REPRESENTATION_CONTEXT('2D SPACE',''
  ) );
#8120 = PCURVE('',#7977,#8121);
#8121 = DEFINITIONAL_REPRESENTATION('',(#8122),#8126);
#8122 = LINE('',#8123,#8124);
#8123 = CARTESIAN_POINT('',(1.117396428911,-1.60496467865));
#8124 = VECTOR('',#8125,1.);
#8125 = DIRECTION('',(0.707106781187,-0.707106781187));
#8126 = ( GEOMETRIC_REPRESENTATION_CONTEXT(2) 
PARAMETRIC_REPRESENTATION_CONTEXT() REPRESENTATION_CONTEXT('2D SPACE',''
  ) );
#8127 = ORIENTED_EDGE('',*,*,#8128,.F.);
#8128 = EDGE_CURVE('',#8129,#8106,#8131,.T.);
#8129 = VERTEX_POINT('',#8130);
#8130 = CARTESIAN_POINT('',(64.140343374095,35.4,105.29717588987));
#8131 = SURFACE_CURVE('',#8132,(#8137,#8144),.PCURVE_S1.);
#8132 = HYPERBOLA('',#8133,0.816310624584,0.470650819272);
#8133 = AXIS2_PLACEMENT_3D('',#8134,#8135,#8136);
#8134 = CARTESIAN_POINT('',(61.63685678202,29.474015890172,
    103.01314321798));
#8135 = DIRECTION('',(-0.706864473353,2.617694830787E-02,0.706864473353)
  );
#8136 = DIRECTION('',(1.850989765927E-02,0.999657324976,
    -1.850989765927E-02));
#8137 = PCURVE('',#1310,#8138);
#8138 = DEFINITIONAL_REPRESENTATION('',(#8139),#8143);
#8139 = HYPERBOLA('',#8140,0.816310624584,0.470650819272);
#8140 = AXIS2_PLACEMENT_2D('',#8141,#8142);
#8141 = CARTESIAN_POINT('',(-4.627569862444,3.849999999998));
#8142 = DIRECTION('',(1.,0.));
#8143 = ( GEOMETRIC_REPRESENTATION_CONTEXT(2) 
PARAMETRIC_REPRESENTATION_CONTEXT() REPRESENTATION_CONTEXT('2D SPACE',''
  ) );
#8144 = PCURVE('',#7946,#8145);
#8145 = DEFINITIONAL_REPRESENTATION('',(#8146),#8153);
#8146 = B_SPLINE_CURVE_WITH_KNOTS('',5,(#8147,#8148,#8149,#8150,#8151,
    #8152),.UNSPECIFIED.,.F.,.F.,(6,6),(-2.671022353359,-2.463239088647)
  ,.PIECEWISE_BEZIER_KNOTS.);
#8147 = CARTESIAN_POINT('',(5.404723956662,1.922962686384E-16));
#8148 = CARTESIAN_POINT('',(5.398971405852,-0.243918016992));
#8149 = CARTESIAN_POINT('',(5.392921020617,-0.475043659375));
#8150 = CARTESIAN_POINT('',(5.386552507574,-0.694254413709));
#8151 = CARTESIAN_POINT('',(5.379843594583,-0.90233611247));
#8152 = CARTESIAN_POINT('',(5.372769715332,-1.1));
#8153 = ( GEOMETRIC_REPRESENTATION_CONTEXT(2) 
PARAMETRIC_REPRESENTATION_CONTEXT() REPRESENTATION_CONTEXT('2D SPACE',''
  ) );
#8154 = ORIENTED_EDGE('',*,*,#8155,.T.);
#8155 = EDGE_CURVE('',#8129,#7821,#8156,.T.);
#8156 = SURFACE_CURVE('',#8157,(#8161,#8168),.PCURVE_S1.);
#8157 = LINE('',#8158,#8159);
#8158 = CARTESIAN_POINT('',(63.107764295896,35.4,104.26459681167));
#8159 = VECTOR('',#8160,1.);
#8160 = DIRECTION('',(-0.707106781187,0.,-0.707106781187));
#8161 = PCURVE('',#1310,#8162);
#8162 = DEFINITIONAL_REPRESENTATION('',(#8163),#8167);
#8163 = LINE('',#8164,#8165);
#8164 = CARTESIAN_POINT('',(1.300445630238,1.924999999999));
#8165 = VECTOR('',#8166,1.);
#8166 = DIRECTION('',(0.,1.));
#8167 = ( GEOMETRIC_REPRESENTATION_CONTEXT(2) 
PARAMETRIC_REPRESENTATION_CONTEXT() REPRESENTATION_CONTEXT('2D SPACE',''
  ) );
#8168 = PCURVE('',#7862,#8169);
#8169 = DEFINITIONAL_REPRESENTATION('',(#8170),#8174);
#8170 = LINE('',#8171,#8172);
#8171 = CARTESIAN_POINT('',(1.137764295896,-1.58459681167));
#8172 = VECTOR('',#8173,1.);
#8173 = DIRECTION('',(-0.707106781187,0.707106781187));
#8174 = ( GEOMETRIC_REPRESENTATION_CONTEXT(2) 
PARAMETRIC_REPRESENTATION_CONTEXT() REPRESENTATION_CONTEXT('2D SPACE',''
  ) );
#8175 = ORIENTED_EDGE('',*,*,#7820,.F.);
#8176 = ADVANCED_FACE('',(#8177),#1343,.T.);
#8177 = FACE_BOUND('',#8178,.F.);
#8178 = EDGE_LOOP('',(#8179,#8206,#8207,#8234));
#8179 = ORIENTED_EDGE('',*,*,#8180,.T.);
#8180 = EDGE_CURVE('',#8181,#1325,#8183,.T.);
#8181 = VERTEX_POINT('',#8182);
#8182 = CARTESIAN_POINT('',(59.763140201287,35.4,100.91997271706));
#8183 = SURFACE_CURVE('',#8184,(#8189,#8199),.PCURVE_S1.);
#8184 = PARABOLA('',#8185,4.108092253026E-02);
#8185 = AXIS2_PLACEMENT_3D('',#8186,#8187,#8188);
#8186 = CARTESIAN_POINT('',(60.860298496337,-12.4652856037,
    103.78970150366));
#8187 = DIRECTION('',(-0.706864473353,2.617694830787E-02,0.706864473353)
  );
#8188 = DIRECTION('',(1.850989765927E-02,0.999657324976,
    -1.850989765927E-02));
#8189 = PCURVE('',#1343,#8190);
#8190 = DEFINITIONAL_REPRESENTATION('',(#8191),#8198);
#8191 = B_SPLINE_CURVE_WITH_KNOTS('',5,(#8192,#8193,#8194,#8195,#8196,
    #8197),.UNSPECIFIED.,.F.,.F.,(6,6),(2.805012755636,2.890158752642),
  .PIECEWISE_BEZIER_KNOTS.);
#8192 = CARTESIAN_POINT('',(2.468362286939,-2.95));
#8193 = CARTESIAN_POINT('',(2.462329450108,-2.368820829743));
#8194 = CARTESIAN_POINT('',(2.45633727042,-1.783231244615));
#8195 = CARTESIAN_POINT('',(2.450385428584,-1.193231244615));
#8196 = CARTESIAN_POINT('',(2.444473601598,-0.598820829743));
#8197 = CARTESIAN_POINT('',(2.438601463874,-7.08893757025E-15));
#8198 = ( GEOMETRIC_REPRESENTATION_CONTEXT(2) 
PARAMETRIC_REPRESENTATION_CONTEXT() REPRESENTATION_CONTEXT('2D SPACE',''
  ) );
#8199 = PCURVE('',#1371,#8200);
#8200 = DEFINITIONAL_REPRESENTATION('',(#8201),#8205);
#8201 = PARABOLA('',#8202,4.108092253026E-02);
#8202 = AXIS2_PLACEMENT_2D('',#8203,#8204);
#8203 = CARTESIAN_POINT('',(-46.58124783394,-1.406763594503E-12));
#8204 = DIRECTION('',(1.,0.));
#8205 = ( GEOMETRIC_REPRESENTATION_CONTEXT(2) 
PARAMETRIC_REPRESENTATION_CONTEXT() REPRESENTATION_CONTEXT('2D SPACE',''
  ) );
#8206 = ORIENTED_EDGE('',*,*,#1324,.T.);
#8207 = ORIENTED_EDGE('',*,*,#8208,.T.);
#8208 = EDGE_CURVE('',#1327,#8209,#8211,.T.);
#8209 = VERTEX_POINT('',#8210);
#8210 = CARTESIAN_POINT('',(59.763140201287,35.4,104.44002728293));
#8211 = SURFACE_CURVE('',#8212,(#8217,#8227),.PCURVE_S1.);
#8212 = PARABOLA('',#8213,4.108092253026E-02);
#8213 = AXIS2_PLACEMENT_3D('',#8214,#8215,#8216);
#8214 = CARTESIAN_POINT('',(60.860298496337,-12.4652856037,
    101.57029849633));
#8215 = DIRECTION('',(-0.706864473353,2.617694830787E-02,-0.706864473353
    ));
#8216 = DIRECTION('',(1.850989765927E-02,0.999657324976,
    1.850989765927E-02));
#8217 = PCURVE('',#1343,#8218);
#8218 = DEFINITIONAL_REPRESENTATION('',(#8219),#8226);
#8219 = B_SPLINE_CURVE_WITH_KNOTS('',5,(#8220,#8221,#8222,#8223,#8224,
    #8225),.UNSPECIFIED.,.F.,.F.,(6,6),(-2.890158752642,-2.805012755636)
  ,.PIECEWISE_BEZIER_KNOTS.);
#8220 = CARTESIAN_POINT('',(3.844583843306,-7.100558486977E-15));
#8221 = CARTESIAN_POINT('',(3.838711705581,-0.598820829743));
#8222 = CARTESIAN_POINT('',(3.832799878596,-1.193231244615));
#8223 = CARTESIAN_POINT('',(3.826848036759,-1.783231244615));
#8224 = CARTESIAN_POINT('',(3.820855857071,-2.368820829743));
#8225 = CARTESIAN_POINT('',(3.814823020241,-2.95));
#8226 = ( GEOMETRIC_REPRESENTATION_CONTEXT(2) 
PARAMETRIC_REPRESENTATION_CONTEXT() REPRESENTATION_CONTEXT('2D SPACE',''
  ) );
#8227 = PCURVE('',#1426,#8228);
#8228 = DEFINITIONAL_REPRESENTATION('',(#8229),#8233);
#8229 = PARABOLA('',#8230,4.108092253026E-02);
#8230 = AXIS2_PLACEMENT_2D('',#8231,#8232);
#8231 = CARTESIAN_POINT('',(-46.58124783394,3.850000000003));
#8232 = DIRECTION('',(1.,0.));
#8233 = ( GEOMETRIC_REPRESENTATION_CONTEXT(2) 
PARAMETRIC_REPRESENTATION_CONTEXT() REPRESENTATION_CONTEXT('2D SPACE',''
  ) );
#8234 = ORIENTED_EDGE('',*,*,#8235,.F.);
#8235 = EDGE_CURVE('',#8181,#8209,#8236,.T.);
#8236 = SURFACE_CURVE('',#8237,(#8242,#8249),.PCURVE_S1.);
#8237 = CIRCLE('',#8238,2.822751531371);
#8238 = AXIS2_PLACEMENT_3D('',#8239,#8240,#8241);
#8239 = CARTESIAN_POINT('',(61.97,35.4,102.68));
#8240 = DIRECTION('',(-0.,1.,0.));
#8241 = DIRECTION('',(1.,0.,0.));
#8242 = PCURVE('',#1343,#8243);
#8243 = DEFINITIONAL_REPRESENTATION('',(#8244),#8248);
#8244 = LINE('',#8245,#8246);
#8245 = CARTESIAN_POINT('',(0.,-2.95));
#8246 = VECTOR('',#8247,1.);
#8247 = DIRECTION('',(1.,-0.));
#8248 = ( GEOMETRIC_REPRESENTATION_CONTEXT(2) 
PARAMETRIC_REPRESENTATION_CONTEXT() REPRESENTATION_CONTEXT('2D SPACE',''
  ) );
#8249 = PCURVE('',#8250,#8255);
#8250 = PLANE('',#8251);
#8251 = AXIS2_PLACEMENT_3D('',#8252,#8253,#8254);
#8252 = CARTESIAN_POINT('',(61.97,35.4,102.68));
#8253 = DIRECTION('',(0.,1.,0.));
#8254 = DIRECTION('',(1.,0.,0.));
#8255 = DEFINITIONAL_REPRESENTATION('',(#8256),#8260);
#8256 = CIRCLE('',#8257,2.822751531371);
#8257 = AXIS2_PLACEMENT_2D('',#8258,#8259);
#8258 = CARTESIAN_POINT('',(0.,0.));
#8259 = DIRECTION('',(1.,0.));
#8260 = ( GEOMETRIC_REPRESENTATION_CONTEXT(2) 
PARAMETRIC_REPRESENTATION_CONTEXT() REPRESENTATION_CONTEXT('2D SPACE',''
  ) );
#8261 = ADVANCED_FACE('',(#8262),#1371,.F.);
#8262 = FACE_BOUND('',#8263,.F.);
#8263 = EDGE_LOOP('',(#8264,#8291,#8292,#8293,#8316,#8348,#8376));
#8264 = ORIENTED_EDGE('',*,*,#8265,.T.);
#8265 = EDGE_CURVE('',#8266,#1356,#8268,.T.);
#8266 = VERTEX_POINT('',#8267);
#8267 = CARTESIAN_POINT('',(60.120527341349,35.4,101.27735985712));
#8268 = SURFACE_CURVE('',#8269,(#8274,#8281),.PCURVE_S1.);
#8269 = HYPERBOLA('',#8270,4.757254814202,0.396989669662);
#8270 = AXIS2_PLACEMENT_3D('',#8271,#8272,#8273);
#8271 = CARTESIAN_POINT('',(62.264201140098,63.354774951019,
    102.3857988599));
#8272 = DIRECTION('',(-0.706864473353,2.617694830787E-02,0.706864473353)
  );
#8273 = DIRECTION('',(-1.850989765927E-02,-0.999657324976,
    1.850989765927E-02));
#8274 = PCURVE('',#1371,#8275);
#8275 = DEFINITIONAL_REPRESENTATION('',(#8276),#8280);
#8276 = HYPERBOLA('',#8277,4.757254814202,0.396989669662);
#8277 = AXIS2_PLACEMENT_2D('',#8278,#8279);
#8278 = CARTESIAN_POINT('',(29.264803268194,-2.120248421278E-12));
#8279 = DIRECTION('',(-1.,0.));
#8280 = ( GEOMETRIC_REPRESENTATION_CONTEXT(2) 
PARAMETRIC_REPRESENTATION_CONTEXT() REPRESENTATION_CONTEXT('2D SPACE',''
  ) );
#8281 = PCURVE('',#1400,#8282);
#8282 = DEFINITIONAL_REPRESENTATION('',(#8283),#8290);
#8283 = B_SPLINE_CURVE_WITH_KNOTS('',5,(#8284,#8285,#8286,#8287,#8288,
    #8289),.UNSPECIFIED.,.F.,.F.,(6,6),(-2.457092273023,-2.343717818352)
  ,.PIECEWISE_BEZIER_KNOTS.);
#8284 = CARTESIAN_POINT('',(3.790448149194,3.53729411926E-14));
#8285 = CARTESIAN_POINT('',(3.794326192863,-0.624631915912));
#8286 = CARTESIAN_POINT('',(3.798318363141,-1.231297625393));
#8287 = CARTESIAN_POINT('',(3.8024292396,-1.820666189882));
#8288 = CARTESIAN_POINT('',(3.806663681834,-2.393368232853));
#8289 = CARTESIAN_POINT('',(3.811026863608,-2.95));
#8290 = ( GEOMETRIC_REPRESENTATION_CONTEXT(2) 
PARAMETRIC_REPRESENTATION_CONTEXT() REPRESENTATION_CONTEXT('2D SPACE',''
  ) );
#8291 = ORIENTED_EDGE('',*,*,#1355,.T.);
#8292 = ORIENTED_EDGE('',*,*,#8180,.F.);
#8293 = ORIENTED_EDGE('',*,*,#8294,.T.);
#8294 = EDGE_CURVE('',#8181,#8295,#8297,.T.);
#8295 = VERTEX_POINT('',#8296);
#8296 = CARTESIAN_POINT('',(59.352824110129,35.4,100.5096566259));
#8297 = SURFACE_CURVE('',#8298,(#8302,#8309),.PCURVE_S1.);
#8298 = LINE('',#8299,#8300);
#8299 = CARTESIAN_POINT('',(61.746583742112,35.4,102.90341625788));
#8300 = VECTOR('',#8301,1.);
#8301 = DIRECTION('',(-0.707106781187,0.,-0.707106781187));
#8302 = PCURVE('',#1371,#8303);
#8303 = DEFINITIONAL_REPRESENTATION('',(#8304),#8308);
#8304 = LINE('',#8305,#8306);
#8305 = CARTESIAN_POINT('',(1.300445630238,2.130302878545E-12));
#8306 = VECTOR('',#8307,1.);
#8307 = DIRECTION('',(0.,1.));
#8308 = ( GEOMETRIC_REPRESENTATION_CONTEXT(2) 
PARAMETRIC_REPRESENTATION_CONTEXT() REPRESENTATION_CONTEXT('2D SPACE',''
  ) );
#8309 = PCURVE('',#8250,#8310);
#8310 = DEFINITIONAL_REPRESENTATION('',(#8311),#8315);
#8311 = LINE('',#8312,#8313);
#8312 = CARTESIAN_POINT('',(-0.223416257888,-0.22341625788));
#8313 = VECTOR('',#8314,1.);
#8314 = DIRECTION('',(-0.707106781187,0.707106781187));
#8315 = ( GEOMETRIC_REPRESENTATION_CONTEXT(2) 
PARAMETRIC_REPRESENTATION_CONTEXT() REPRESENTATION_CONTEXT('2D SPACE',''
  ) );
#8316 = ORIENTED_EDGE('',*,*,#8317,.F.);
#8317 = EDGE_CURVE('',#8318,#8295,#8320,.T.);
#8318 = VERTEX_POINT('',#8319);
#8319 = CARTESIAN_POINT('',(59.78638444937,34.3,100.98395269911));
#8320 = SURFACE_CURVE('',#8321,(#8326,#8333),.PCURVE_S1.);
#8321 = HYPERBOLA('',#8322,0.816310624584,0.470650819272);
#8322 = AXIS2_PLACEMENT_3D('',#8323,#8324,#8325);
#8323 = CARTESIAN_POINT('',(61.63685678202,29.474015890172,
    103.01314321798));
#8324 = DIRECTION('',(-0.706864473353,2.617694830787E-02,0.706864473353)
  );
#8325 = DIRECTION('',(1.850989765927E-02,0.999657324976,
    -1.850989765927E-02));
#8326 = PCURVE('',#1371,#8327);
#8327 = DEFINITIONAL_REPRESENTATION('',(#8328),#8332);
#8328 = HYPERBOLA('',#8329,0.816310624584,0.470650819272);
#8329 = AXIS2_PLACEMENT_2D('',#8330,#8331);
#8330 = CARTESIAN_POINT('',(-4.627569862444,-3.527053649144E-12));
#8331 = DIRECTION('',(1.,0.));
#8332 = ( GEOMETRIC_REPRESENTATION_CONTEXT(2) 
PARAMETRIC_REPRESENTATION_CONTEXT() REPRESENTATION_CONTEXT('2D SPACE',''
  ) );
#8333 = PCURVE('',#8334,#8339);
#8334 = CONICAL_SURFACE('',#8335,3.4,0.523598775598);
#8335 = AXIS2_PLACEMENT_3D('',#8336,#8337,#8338);
#8336 = CARTESIAN_POINT('',(61.97,35.4,102.68));
#8337 = DIRECTION('',(0.,1.,0.));
#8338 = DIRECTION('',(1.,-0.,0.));
#8339 = DEFINITIONAL_REPRESENTATION('',(#8340),#8347);
#8340 = B_SPLINE_CURVE_WITH_KNOTS('',5,(#8341,#8342,#8343,#8344,#8345,
    #8346),.UNSPECIFIED.,.F.,.F.,(6,6),(2.463239088647,2.671022353359),
  .PIECEWISE_BEZIER_KNOTS.);
#8341 = CARTESIAN_POINT('',(2.481211918643,-1.1));
#8342 = CARTESIAN_POINT('',(2.474138039392,-0.90233611247));
#8343 = CARTESIAN_POINT('',(2.4674291264,-0.694254413709));
#8344 = CARTESIAN_POINT('',(2.461060613357,-0.475043659375));
#8345 = CARTESIAN_POINT('',(2.455010228123,-0.243918016992));
#8346 = CARTESIAN_POINT('',(2.449257677313,0.));
#8347 = ( GEOMETRIC_REPRESENTATION_CONTEXT(2) 
PARAMETRIC_REPRESENTATION_CONTEXT() REPRESENTATION_CONTEXT('2D SPACE',''
  ) );
#8348 = ORIENTED_EDGE('',*,*,#8349,.T.);
#8349 = EDGE_CURVE('',#8318,#8350,#8352,.T.);
#8350 = VERTEX_POINT('',#8351);
#8351 = CARTESIAN_POINT('',(60.082494700335,34.3,101.28006295008));
#8352 = SURFACE_CURVE('',#8353,(#8357,#8364),.PCURVE_S1.);
#8353 = LINE('',#8354,#8355);
#8354 = CARTESIAN_POINT('',(61.726215875127,34.3,102.92378412487));
#8355 = VECTOR('',#8356,1.);
#8356 = DIRECTION('',(0.707106781187,-0.,0.707106781187));
#8357 = PCURVE('',#1371,#8358);
#8358 = DEFINITIONAL_REPRESENTATION('',(#8359),#8363);
#8359 = LINE('',#8360,#8361);
#8360 = CARTESIAN_POINT('',(0.200068558498,-1.406802625781E-12));
#8361 = VECTOR('',#8362,1.);
#8362 = DIRECTION('',(0.,-1.));
#8363 = ( GEOMETRIC_REPRESENTATION_CONTEXT(2) 
PARAMETRIC_REPRESENTATION_CONTEXT() REPRESENTATION_CONTEXT('2D SPACE',''
  ) );
#8364 = PCURVE('',#8365,#8370);
#8365 = PLANE('',#8366);
#8366 = AXIS2_PLACEMENT_3D('',#8367,#8368,#8369);
#8367 = CARTESIAN_POINT('',(61.97,34.3,102.68));
#8368 = DIRECTION('',(0.,1.,0.));
#8369 = DIRECTION('',(1.,0.,0.));
#8370 = DEFINITIONAL_REPRESENTATION('',(#8371),#8375);
#8371 = LINE('',#8372,#8373);
#8372 = CARTESIAN_POINT('',(-0.243784124873,-0.24378412487));
#8373 = VECTOR('',#8374,1.);
#8374 = DIRECTION('',(0.707106781187,-0.707106781187));
#8375 = ( GEOMETRIC_REPRESENTATION_CONTEXT(2) 
PARAMETRIC_REPRESENTATION_CONTEXT() REPRESENTATION_CONTEXT('2D SPACE',''
  ) );
#8376 = ORIENTED_EDGE('',*,*,#8377,.T.);
#8377 = EDGE_CURVE('',#8350,#8266,#8378,.T.);
#8378 = SURFACE_CURVE('',#8379,(#8384,#8391),.PCURVE_S1.);
#8379 = PARABOLA('',#8380,2.62454950594E-02);
#8380 = AXIS2_PLACEMENT_3D('',#8381,#8382,#8383);
#8381 = CARTESIAN_POINT('',(62.678958405458,85.754420050984,
    101.97104159454));
#8382 = DIRECTION('',(-0.706864473353,2.617694830787E-02,0.706864473353)
  );
#8383 = DIRECTION('',(-1.850989765927E-02,-0.999657324976,
    1.850989765927E-02));
#8384 = PCURVE('',#1371,#8385);
#8385 = DEFINITIONAL_REPRESENTATION('',(#8386),#8390);
#8386 = PARABOLA('',#8387,2.62454950594E-02);
#8387 = AXIS2_PLACEMENT_2D('',#8388,#8389);
#8388 = CARTESIAN_POINT('',(51.672126798298,-2.110200902905E-12));
#8389 = DIRECTION('',(-1.,0.));
#8390 = ( GEOMETRIC_REPRESENTATION_CONTEXT(2) 
PARAMETRIC_REPRESENTATION_CONTEXT() REPRESENTATION_CONTEXT('2D SPACE',''
  ) );
#8391 = PCURVE('',#8392,#8397);
#8392 = CONICAL_SURFACE('',#8393,2.35,2.617993877991E-02);
#8393 = AXIS2_PLACEMENT_3D('',#8394,#8395,#8396);
#8394 = CARTESIAN_POINT('',(61.97,34.3,102.68));
#8395 = DIRECTION('',(-0.,-1.,-0.));
#8396 = DIRECTION('',(1.,-0.,0.));
#8397 = DEFINITIONAL_REPRESENTATION('',(#8398),#8405);
#8398 = B_SPLINE_CURVE_WITH_KNOTS('',5,(#8399,#8400,#8401,#8402,#8403,
    #8404),.UNSPECIFIED.,.F.,.F.,(6,6),(-2.324572778151,-2.299591015142)
  ,.PIECEWISE_BEZIER_KNOTS.);
#8399 = CARTESIAN_POINT('',(3.77975180512,7.814100610693E-14));
#8400 = CARTESIAN_POINT('',(3.78187791261,-0.221188536589));
#8401 = CARTESIAN_POINT('',(3.78401057035,-0.441782804884));
#8402 = CARTESIAN_POINT('',(3.786149808689,-0.661782804883));
#8403 = CARTESIAN_POINT('',(3.788295658104,-0.881188536589));
#8404 = CARTESIAN_POINT('',(3.790448149194,-1.1));
#8405 = ( GEOMETRIC_REPRESENTATION_CONTEXT(2) 
PARAMETRIC_REPRESENTATION_CONTEXT() REPRESENTATION_CONTEXT('2D SPACE',''
  ) );
#8406 = ADVANCED_FACE('',(#8407),#1400,.F.);
#8407 = FACE_BOUND('',#8408,.F.);
#8408 = EDGE_LOOP('',(#8409,#8410,#8434,#8459));
#8409 = ORIENTED_EDGE('',*,*,#8265,.F.);
#8410 = ORIENTED_EDGE('',*,*,#8411,.T.);
#8411 = EDGE_CURVE('',#8266,#8412,#8414,.T.);
#8412 = VERTEX_POINT('',#8413);
#8413 = CARTESIAN_POINT('',(60.120527341349,35.4,104.08264014287));
#8414 = SURFACE_CURVE('',#8415,(#8420,#8427),.PCURVE_S1.);
#8415 = CIRCLE('',#8416,2.321195486274);
#8416 = AXIS2_PLACEMENT_3D('',#8417,#8418,#8419);
#8417 = CARTESIAN_POINT('',(61.97,35.4,102.68));
#8418 = DIRECTION('',(-0.,1.,0.));
#8419 = DIRECTION('',(1.,0.,0.));
#8420 = PCURVE('',#1400,#8421);
#8421 = DEFINITIONAL_REPRESENTATION('',(#8422),#8426);
#8422 = LINE('',#8423,#8424);
#8423 = CARTESIAN_POINT('',(6.28318530718,0.));
#8424 = VECTOR('',#8425,1.);
#8425 = DIRECTION('',(-1.,-0.));
#8426 = ( GEOMETRIC_REPRESENTATION_CONTEXT(2) 
PARAMETRIC_REPRESENTATION_CONTEXT() REPRESENTATION_CONTEXT('2D SPACE',''
  ) );
#8427 = PCURVE('',#8392,#8428);
#8428 = DEFINITIONAL_REPRESENTATION('',(#8429),#8433);
#8429 = LINE('',#8430,#8431);
#8430 = CARTESIAN_POINT('',(6.28318530718,-1.1));
#8431 = VECTOR('',#8432,1.);
#8432 = DIRECTION('',(-1.,-0.));
#8433 = ( GEOMETRIC_REPRESENTATION_CONTEXT(2) 
PARAMETRIC_REPRESENTATION_CONTEXT() REPRESENTATION_CONTEXT('2D SPACE',''
  ) );
#8434 = ORIENTED_EDGE('',*,*,#8435,.F.);
#8435 = EDGE_CURVE('',#1384,#8412,#8436,.T.);
#8436 = SURFACE_CURVE('',#8437,(#8442,#8452),.PCURVE_S1.);
#8437 = HYPERBOLA('',#8438,4.757254814202,0.396989669662);
#8438 = AXIS2_PLACEMENT_3D('',#8439,#8440,#8441);
#8439 = CARTESIAN_POINT('',(62.264201140098,63.354774951019,
    102.97420114009));
#8440 = DIRECTION('',(-0.706864473353,2.617694830787E-02,-0.706864473353
    ));
#8441 = DIRECTION('',(-1.850989765927E-02,-0.999657324976,
    -1.850989765927E-02));
#8442 = PCURVE('',#1400,#8443);
#8443 = DEFINITIONAL_REPRESENTATION('',(#8444),#8451);
#8444 = B_SPLINE_CURVE_WITH_KNOTS('',5,(#8445,#8446,#8447,#8448,#8449,
    #8450),.UNSPECIFIED.,.F.,.F.,(6,6),(2.343717818352,2.457092273023),
  .PIECEWISE_BEZIER_KNOTS.);
#8445 = CARTESIAN_POINT('',(2.472158443572,-2.95));
#8446 = CARTESIAN_POINT('',(2.476521625347,-2.393368232853));
#8447 = CARTESIAN_POINT('',(2.480756067581,-1.820666189882));
#8448 = CARTESIAN_POINT('',(2.484866944039,-1.231297625393));
#8449 = CARTESIAN_POINT('',(2.488859114317,-0.624631915912));
#8450 = CARTESIAN_POINT('',(2.492737157987,2.119291860275E-14));
#8451 = ( GEOMETRIC_REPRESENTATION_CONTEXT(2) 
PARAMETRIC_REPRESENTATION_CONTEXT() REPRESENTATION_CONTEXT('2D SPACE',''
  ) );
#8452 = PCURVE('',#1426,#8453);
#8453 = DEFINITIONAL_REPRESENTATION('',(#8454),#8458);
#8454 = HYPERBOLA('',#8455,4.757254814202,0.396989669662);
#8455 = AXIS2_PLACEMENT_2D('',#8456,#8457);
#8456 = CARTESIAN_POINT('',(29.264803268194,3.850000000004));
#8457 = DIRECTION('',(-1.,0.));
#8458 = ( GEOMETRIC_REPRESENTATION_CONTEXT(2) 
PARAMETRIC_REPRESENTATION_CONTEXT() REPRESENTATION_CONTEXT('2D SPACE',''
  ) );
#8459 = ORIENTED_EDGE('',*,*,#1383,.F.);
#8460 = ADVANCED_FACE('',(#8461),#1426,.F.);
#8461 = FACE_BOUND('',#8462,.F.);
#8462 = EDGE_LOOP('',(#8463,#8464,#8465,#8492,#8515,#8542,#8563));
#8463 = ORIENTED_EDGE('',*,*,#1412,.T.);
#8464 = ORIENTED_EDGE('',*,*,#8435,.T.);
#8465 = ORIENTED_EDGE('',*,*,#8466,.T.);
#8466 = EDGE_CURVE('',#8412,#8467,#8469,.T.);
#8467 = VERTEX_POINT('',#8468);
#8468 = CARTESIAN_POINT('',(60.082494700335,34.3,104.07993704991));
#8469 = SURFACE_CURVE('',#8470,(#8475,#8482),.PCURVE_S1.);
#8470 = PARABOLA('',#8471,2.62454950594E-02);
#8471 = AXIS2_PLACEMENT_3D('',#8472,#8473,#8474);
#8472 = CARTESIAN_POINT('',(62.678958405458,85.754420050984,
    103.38895840545));
#8473 = DIRECTION('',(-0.706864473353,2.617694830787E-02,-0.706864473353
    ));
#8474 = DIRECTION('',(-1.850989765927E-02,-0.999657324976,
    -1.850989765927E-02));
#8475 = PCURVE('',#1426,#8476);
#8476 = DEFINITIONAL_REPRESENTATION('',(#8477),#8481);
#8477 = PARABOLA('',#8478,2.62454950594E-02);
#8478 = AXIS2_PLACEMENT_2D('',#8479,#8480);
#8479 = CARTESIAN_POINT('',(51.672126798298,3.850000000004));
#8480 = DIRECTION('',(-1.,0.));
#8481 = ( GEOMETRIC_REPRESENTATION_CONTEXT(2) 
PARAMETRIC_REPRESENTATION_CONTEXT() REPRESENTATION_CONTEXT('2D SPACE',''
  ) );
#8482 = PCURVE('',#8392,#8483);
#8483 = DEFINITIONAL_REPRESENTATION('',(#8484),#8491);
#8484 = B_SPLINE_CURVE_WITH_KNOTS('',5,(#8485,#8486,#8487,#8488,#8489,
    #8490),.UNSPECIFIED.,.F.,.F.,(6,6),(2.299591015142,2.324572778151),
  .PIECEWISE_BEZIER_KNOTS.);
#8485 = CARTESIAN_POINT('',(2.492737157987,-1.1));
#8486 = CARTESIAN_POINT('',(2.494889649076,-0.881188536589));
#8487 = CARTESIAN_POINT('',(2.497035498492,-0.661782804883));
#8488 = CARTESIAN_POINT('',(2.499174736831,-0.441782804884));
#8489 = CARTESIAN_POINT('',(2.50130739457,-0.221188536589));
#8490 = CARTESIAN_POINT('',(2.50343350206,4.97271512423E-14));
#8491 = ( GEOMETRIC_REPRESENTATION_CONTEXT(2) 
PARAMETRIC_REPRESENTATION_CONTEXT() REPRESENTATION_CONTEXT('2D SPACE',''
  ) );
#8492 = ORIENTED_EDGE('',*,*,#8493,.T.);
#8493 = EDGE_CURVE('',#8467,#8494,#8496,.T.);
#8494 = VERTEX_POINT('',#8495);
#8495 = CARTESIAN_POINT('',(59.78638444937,34.3,104.37604730088));
#8496 = SURFACE_CURVE('',#8497,(#8501,#8508),.PCURVE_S1.);
#8497 = LINE('',#8498,#8499);
#8498 = CARTESIAN_POINT('',(60.365035321343,34.3,103.79739642891));
#8499 = VECTOR('',#8500,1.);
#8500 = DIRECTION('',(-0.707106781187,0.,0.707106781187));
#8501 = PCURVE('',#1426,#8502);
#8502 = DEFINITIONAL_REPRESENTATION('',(#8503),#8507);
#8503 = LINE('',#8504,#8505);
#8504 = CARTESIAN_POINT('',(0.200068558498,1.924999999999));
#8505 = VECTOR('',#8506,1.);
#8506 = DIRECTION('',(0.,-1.));
#8507 = ( GEOMETRIC_REPRESENTATION_CONTEXT(2) 
PARAMETRIC_REPRESENTATION_CONTEXT() REPRESENTATION_CONTEXT('2D SPACE',''
  ) );
#8508 = PCURVE('',#8365,#8509);
#8509 = DEFINITIONAL_REPRESENTATION('',(#8510),#8514);
#8510 = LINE('',#8511,#8512);
#8511 = CARTESIAN_POINT('',(-1.604964678657,-1.11739642891));
#8512 = VECTOR('',#8513,1.);
#8513 = DIRECTION('',(-0.707106781187,-0.707106781187));
#8514 = ( GEOMETRIC_REPRESENTATION_CONTEXT(2) 
PARAMETRIC_REPRESENTATION_CONTEXT() REPRESENTATION_CONTEXT('2D SPACE',''
  ) );
#8515 = ORIENTED_EDGE('',*,*,#8516,.F.);
#8516 = EDGE_CURVE('',#8517,#8494,#8519,.T.);
#8517 = VERTEX_POINT('',#8518);
#8518 = CARTESIAN_POINT('',(59.352824110129,35.4,104.85034337409));
#8519 = SURFACE_CURVE('',#8520,(#8525,#8532),.PCURVE_S1.);
#8520 = HYPERBOLA('',#8521,0.816310624584,0.470650819272);
#8521 = AXIS2_PLACEMENT_3D('',#8522,#8523,#8524);
#8522 = CARTESIAN_POINT('',(61.63685678202,29.474015890172,
    102.34685678202));
#8523 = DIRECTION('',(-0.706864473353,2.617694830787E-02,-0.706864473353
    ));
#8524 = DIRECTION('',(1.850989765927E-02,0.999657324976,
    1.850989765927E-02));
#8525 = PCURVE('',#1426,#8526);
#8526 = DEFINITIONAL_REPRESENTATION('',(#8527),#8531);
#8527 = HYPERBOLA('',#8528,0.816310624584,0.470650819272);
#8528 = AXIS2_PLACEMENT_2D('',#8529,#8530);
#8529 = CARTESIAN_POINT('',(-4.627569862444,3.849999999998));
#8530 = DIRECTION('',(1.,0.));
#8531 = ( GEOMETRIC_REPRESENTATION_CONTEXT(2) 
PARAMETRIC_REPRESENTATION_CONTEXT() REPRESENTATION_CONTEXT('2D SPACE',''
  ) );
#8532 = PCURVE('',#8334,#8533);
#8533 = DEFINITIONAL_REPRESENTATION('',(#8534),#8541);
#8534 = B_SPLINE_CURVE_WITH_KNOTS('',5,(#8535,#8536,#8537,#8538,#8539,
    #8540),.UNSPECIFIED.,.F.,.F.,(6,6),(-2.671022353359,-2.463239088647)
  ,.PIECEWISE_BEZIER_KNOTS.);
#8535 = CARTESIAN_POINT('',(3.833927629867,1.922962686384E-16));
#8536 = CARTESIAN_POINT('',(3.828175079057,-0.243918016992));
#8537 = CARTESIAN_POINT('',(3.822124693823,-0.475043659375));
#8538 = CARTESIAN_POINT('',(3.815756180779,-0.694254413709));
#8539 = CARTESIAN_POINT('',(3.809047267788,-0.90233611247));
#8540 = CARTESIAN_POINT('',(3.801973388537,-1.1));
#8541 = ( GEOMETRIC_REPRESENTATION_CONTEXT(2) 
PARAMETRIC_REPRESENTATION_CONTEXT() REPRESENTATION_CONTEXT('2D SPACE',''
  ) );
#8542 = ORIENTED_EDGE('',*,*,#8543,.T.);
#8543 = EDGE_CURVE('',#8517,#8209,#8544,.T.);
#8544 = SURFACE_CURVE('',#8545,(#8549,#8556),.PCURVE_S1.);
#8545 = LINE('',#8546,#8547);
#8546 = CARTESIAN_POINT('',(60.385403188328,35.4,103.81776429589));
#8547 = VECTOR('',#8548,1.);
#8548 = DIRECTION('',(0.707106781187,0.,-0.707106781187));
#8549 = PCURVE('',#1426,#8550);
#8550 = DEFINITIONAL_REPRESENTATION('',(#8551),#8555);
#8551 = LINE('',#8552,#8553);
#8552 = CARTESIAN_POINT('',(1.300445630238,1.925000000003));
#8553 = VECTOR('',#8554,1.);
#8554 = DIRECTION('',(0.,1.));
#8555 = ( GEOMETRIC_REPRESENTATION_CONTEXT(2) 
PARAMETRIC_REPRESENTATION_CONTEXT() REPRESENTATION_CONTEXT('2D SPACE',''
  ) );
#8556 = PCURVE('',#8250,#8557);
#8557 = DEFINITIONAL_REPRESENTATION('',(#8558),#8562);
#8558 = LINE('',#8559,#8560);
#8559 = CARTESIAN_POINT('',(-1.584596811672,-1.13776429589));
#8560 = VECTOR('',#8561,1.);
#8561 = DIRECTION('',(0.707106781187,0.707106781187));
#8562 = ( GEOMETRIC_REPRESENTATION_CONTEXT(2) 
PARAMETRIC_REPRESENTATION_CONTEXT() REPRESENTATION_CONTEXT('2D SPACE',''
  ) );
#8563 = ORIENTED_EDGE('',*,*,#8208,.F.);
#8564 = ADVANCED_FACE('',(#8565),#1485,.T.);
#8565 = FACE_BOUND('',#8566,.T.);
#8566 = EDGE_LOOP('',(#8567,#8592,#8612,#8613));
#8567 = ORIENTED_EDGE('',*,*,#8568,.T.);
#8568 = EDGE_CURVE('',#8569,#8571,#8573,.T.);
#8569 = VERTEX_POINT('',#8570);
#8570 = CARTESIAN_POINT('',(54.700423854468,39.557853084492,
    105.40499014834));
#8571 = VERTEX_POINT('',#8572);
#8572 = CARTESIAN_POINT('',(60.930188814608,39.557853084492,
    117.56280773791));
#8573 = SURFACE_CURVE('',#8574,(#8578,#8585),.PCURVE_S1.);
#8574 = LINE('',#8575,#8576);
#8575 = CARTESIAN_POINT('',(54.700423854468,39.557853084492,
    105.40499014834));
#8576 = VECTOR('',#8577,1.);
#8577 = DIRECTION('',(0.456026058632,-6.938893903907E-18,0.889966422877)
  );
#8578 = PCURVE('',#1485,#8579);
#8579 = DEFINITIONAL_REPRESENTATION('',(#8580),#8584);
#8580 = LINE('',#8581,#8582);
#8581 = CARTESIAN_POINT('',(6.28318530718,0.));
#8582 = VECTOR('',#8583,1.);
#8583 = DIRECTION('',(-0.,1.));
#8584 = ( GEOMETRIC_REPRESENTATION_CONTEXT(2) 
PARAMETRIC_REPRESENTATION_CONTEXT() REPRESENTATION_CONTEXT('2D SPACE',''
  ) );
#8585 = PCURVE('',#6825,#8586);
#8586 = DEFINITIONAL_REPRESENTATION('',(#8587),#8591);
#8587 = LINE('',#8588,#8589);
#8588 = CARTESIAN_POINT('',(1.208267127459,4.629231026287E-13));
#8589 = VECTOR('',#8590,1.);
#8590 = DIRECTION('',(5.384581669432E-15,1.));
#8591 = ( GEOMETRIC_REPRESENTATION_CONTEXT(2) 
PARAMETRIC_REPRESENTATION_CONTEXT() REPRESENTATION_CONTEXT('2D SPACE',''
  ) );
#8592 = ORIENTED_EDGE('',*,*,#8593,.T.);
#8593 = EDGE_CURVE('',#8571,#1470,#8594,.T.);
#8594 = SURFACE_CURVE('',#8595,(#8600,#8606),.PCURVE_S1.);
#8595 = CIRCLE('',#8596,0.3);
#8596 = AXIS2_PLACEMENT_3D('',#8597,#8598,#8599);
#8597 = CARTESIAN_POINT('',(61.197087250691,39.55,117.42604680095));
#8598 = DIRECTION('',(-0.456026058632,8.673617379884E-18,-0.889966422877
    ));
#8599 = DIRECTION('',(-0.889661453611,2.617694830788E-02,0.455869789891)
  );
#8600 = PCURVE('',#1485,#8601);
#8601 = DEFINITIONAL_REPRESENTATION('',(#8602),#8605);
#8602 = B_SPLINE_CURVE_WITH_KNOTS('',1,(#8603,#8604),.UNSPECIFIED.,.F.,
  .F.,(2,2),(0.,1.544616388015),.PIECEWISE_BEZIER_KNOTS.);
#8603 = CARTESIAN_POINT('',(6.28318530718,13.660984591163));
#8604 = CARTESIAN_POINT('',(4.738568919165,13.660984591163));
#8605 = ( GEOMETRIC_REPRESENTATION_CONTEXT(2) 
PARAMETRIC_REPRESENTATION_CONTEXT() REPRESENTATION_CONTEXT('2D SPACE',''
  ) );
#8606 = PCURVE('',#1514,#8607);
#8607 = DEFINITIONAL_REPRESENTATION('',(#8608),#8611);
#8608 = B_SPLINE_CURVE_WITH_KNOTS('',1,(#8609,#8610),.UNSPECIFIED.,.F.,
  .F.,(2,2),(0.,1.544616388015),.PIECEWISE_BEZIER_KNOTS.);
#8609 = CARTESIAN_POINT('',(0.,2.617993877992E-02));
#8610 = CARTESIAN_POINT('',(0.,1.570796326795));
#8611 = ( GEOMETRIC_REPRESENTATION_CONTEXT(2) 
PARAMETRIC_REPRESENTATION_CONTEXT() REPRESENTATION_CONTEXT('2D SPACE',''
  ) );
#8612 = ORIENTED_EDGE('',*,*,#1467,.F.);
#8613 = ORIENTED_EDGE('',*,*,#8614,.F.);
#8614 = EDGE_CURVE('',#8569,#1468,#8615,.T.);
#8615 = SURFACE_CURVE('',#8616,(#8621,#8627),.PCURVE_S1.);
#8616 = CIRCLE('',#8617,0.3);
#8617 = AXIS2_PLACEMENT_3D('',#8618,#8619,#8620);
#8618 = CARTESIAN_POINT('',(54.967322290551,39.55,105.26822921137));
#8619 = DIRECTION('',(-0.456026058632,8.673617379884E-18,-0.889966422877
    ));
#8620 = DIRECTION('',(-0.889661453611,2.617694830788E-02,0.455869789891)
  );
#8621 = PCURVE('',#1485,#8622);
#8622 = DEFINITIONAL_REPRESENTATION('',(#8623),#8626);
#8623 = B_SPLINE_CURVE_WITH_KNOTS('',1,(#8624,#8625),.UNSPECIFIED.,.F.,
  .F.,(2,2),(0.,1.544616388015),.PIECEWISE_BEZIER_KNOTS.);
#8624 = CARTESIAN_POINT('',(6.28318530718,-7.705641680289E-15));
#8625 = CARTESIAN_POINT('',(4.738568919165,-7.705641680289E-15));
#8626 = ( GEOMETRIC_REPRESENTATION_CONTEXT(2) 
PARAMETRIC_REPRESENTATION_CONTEXT() REPRESENTATION_CONTEXT('2D SPACE',''
  ) );
#8627 = PCURVE('',#1586,#8628);
#8628 = DEFINITIONAL_REPRESENTATION('',(#8629),#8638);
#8629 = B_SPLINE_CURVE_WITH_KNOTS('',7,(#8630,#8631,#8632,#8633,#8634,
    #8635,#8636,#8637),.UNSPECIFIED.,.F.,.F.,(8,8),(0.,1.544616388015),
  .PIECEWISE_BEZIER_KNOTS.);
#8630 = CARTESIAN_POINT('',(0.,96.601759780413));
#8631 = CARTESIAN_POINT('',(5.275640852789,96.601759780413));
#8632 = CARTESIAN_POINT('',(9.999189329031,96.601759780413));
#8633 = CARTESIAN_POINT('',(14.483682123355,96.601759780414));
#8634 = CARTESIAN_POINT('',(18.882586933925,96.601759780412));
#8635 = CARTESIAN_POINT('',(23.367079728229,96.601759780414));
#8636 = CARTESIAN_POINT('',(28.090628204486,96.601759780413));
#8637 = CARTESIAN_POINT('',(33.366269057275,96.601759780413));
#8638 = ( GEOMETRIC_REPRESENTATION_CONTEXT(2) 
PARAMETRIC_REPRESENTATION_CONTEXT() REPRESENTATION_CONTEXT('2D SPACE',''
  ) );
#8639 = ADVANCED_FACE('',(#8640),#1586,.F.);
#8640 = FACE_BOUND('',#8641,.F.);
#8641 = EDGE_LOOP('',(#8642,#8670,#8671,#8672));
#8642 = ORIENTED_EDGE('',*,*,#8643,.T.);
#8643 = EDGE_CURVE('',#8644,#1527,#8646,.T.);
#8644 = VERTEX_POINT('',#8645);
#8645 = CARTESIAN_POINT('',(69.239576145532,39.557853084492,
    105.40499014834));
#8646 = SURFACE_CURVE('',#8647,(#8652,#8664),.PCURVE_S1.);
#8647 = CIRCLE('',#8648,0.3);
#8648 = AXIS2_PLACEMENT_3D('',#8649,#8650,#8651);
#8649 = CARTESIAN_POINT('',(68.972677709449,39.55,105.26822921137));
#8650 = DIRECTION('',(-0.456026058632,-6.938893903907E-18,0.889966422877
    ));
#8651 = DIRECTION('',(0.889661453611,2.617694830788E-02,0.455869789891)
  );
#8652 = PCURVE('',#1586,#8653);
#8653 = DEFINITIONAL_REPRESENTATION('',(#8654),#8663);
#8654 = B_SPLINE_CURVE_WITH_KNOTS('',7,(#8655,#8656,#8657,#8658,#8659,
    #8660,#8661,#8662),.UNSPECIFIED.,.F.,.F.,(8,8),(0.,1.544616388015),
  .PIECEWISE_BEZIER_KNOTS.);
#8655 = CARTESIAN_POINT('',(3.552713678801E-15,63.235490723138));
#8656 = CARTESIAN_POINT('',(5.275640852789,63.235490723138));
#8657 = CARTESIAN_POINT('',(9.999189329031,63.235490723137));
#8658 = CARTESIAN_POINT('',(14.483682123367,63.235490723139));
#8659 = CARTESIAN_POINT('',(18.882586933908,63.235490723137));
#8660 = CARTESIAN_POINT('',(23.367079728246,63.235490723139));
#8661 = CARTESIAN_POINT('',(28.090628204486,63.235490723138));
#8662 = CARTESIAN_POINT('',(33.366269057275,63.235490723138));
#8663 = ( GEOMETRIC_REPRESENTATION_CONTEXT(2) 
PARAMETRIC_REPRESENTATION_CONTEXT() REPRESENTATION_CONTEXT('2D SPACE',''
  ) );
#8664 = PCURVE('',#1542,#8665);
#8665 = DEFINITIONAL_REPRESENTATION('',(#8666),#8669);
#8666 = B_SPLINE_CURVE_WITH_KNOTS('',1,(#8667,#8668),.UNSPECIFIED.,.F.,
  .F.,(2,2),(0.,1.544616388015),.PIECEWISE_BEZIER_KNOTS.);
#8667 = CARTESIAN_POINT('',(6.28318530718,13.660984591163));
#8668 = CARTESIAN_POINT('',(4.738568919165,13.660984591163));
#8669 = ( GEOMETRIC_REPRESENTATION_CONTEXT(2) 
PARAMETRIC_REPRESENTATION_CONTEXT() REPRESENTATION_CONTEXT('2D SPACE',''
  ) );
#8670 = ORIENTED_EDGE('',*,*,#1554,.T.);
#8671 = ORIENTED_EDGE('',*,*,#8614,.F.);
#8672 = ORIENTED_EDGE('',*,*,#8673,.F.);
#8673 = EDGE_CURVE('',#8644,#8569,#8674,.T.);
#8674 = SURFACE_CURVE('',#8675,(#8688,#8695),.PCURVE_S1.);
#8675 = ( BOUNDED_CURVE() B_SPLINE_CURVE(11,(#8676,#8677,#8678,#8679,
    #8680,#8681,#8682,#8683,#8684,#8685,#8686,#8687),.UNSPECIFIED.,.F.,
.F.) B_SPLINE_CURVE_WITH_KNOTS((12,12),(63.235490723138,96.601759780413)
,.PIECEWISE_BEZIER_KNOTS.) CURVE() GEOMETRIC_REPRESENTATION_ITEM() 
RATIONAL_B_SPLINE_CURVE((1.,1.,1.,1.,1.000000000001,0.999999999999,
1.000000000001,0.999999999999,1.,1.,1.,1.)) REPRESENTATION_ITEM('') );
#8676 = CARTESIAN_POINT('',(69.239576145532,39.557853084492,
    105.40499014834));
#8677 = CARTESIAN_POINT('',(70.622350712538,39.557853084492,
    102.70640985506));
#8678 = CARTESIAN_POINT('',(70.906814214922,39.557853084492,
    99.436204120596));
#8679 = CARTESIAN_POINT('',(69.822730820609,39.557853084492,
    96.097142239769));
#8680 = CARTESIAN_POINT('',(67.369676843685,39.557853084492,
    93.344362249851));
#8681 = CARTESIAN_POINT('',(63.914006482463,39.557853084492,
    91.757740856239));
#8682 = CARTESIAN_POINT('',(60.02599351754,39.557853084492,
    91.757740856249));
#8683 = CARTESIAN_POINT('',(56.570323156308,39.557853084492,
    93.344362249845));
#8684 = CARTESIAN_POINT('',(54.117269179397,39.557853084492,
    96.09714223977));
#8685 = CARTESIAN_POINT('',(53.033185785075,39.557853084492,
    99.436204120596));
#8686 = CARTESIAN_POINT('',(53.317649287463,39.557853084492,
    102.70640985506));
#8687 = CARTESIAN_POINT('',(54.700423854468,39.557853084492,
    105.40499014834));
#8688 = PCURVE('',#1586,#8689);
#8689 = DEFINITIONAL_REPRESENTATION('',(#8690),#8694);
#8690 = LINE('',#8691,#8692);
#8691 = CARTESIAN_POINT('',(0.,0.));
#8692 = VECTOR('',#8693,1.);
#8693 = DIRECTION('',(0.,1.));
#8694 = ( GEOMETRIC_REPRESENTATION_CONTEXT(2) 
PARAMETRIC_REPRESENTATION_CONTEXT() REPRESENTATION_CONTEXT('2D SPACE',''
  ) );
#8695 = PCURVE('',#6979,#8696);
#8696 = DEFINITIONAL_REPRESENTATION('',(#8697),#8723);
#8697 = B_SPLINE_CURVE_WITH_KNOTS('',3,(#8698,#8699,#8700,#8701,#8702,
    #8703,#8704,#8705,#8706,#8707,#8708,#8709,#8710,#8711,#8712,#8713,
    #8714,#8715,#8716,#8717,#8718,#8719,#8720,#8721,#8722),
  .UNSPECIFIED.,.F.,.F.,(4,1,1,1,1,1,1,1,1,1,1,1,1,1,1,1,1,1,1,1,1,1,4),
  (63.235490723138,64.75213931665,66.268787910163,67.785436503675,
    69.302085097188,70.8187336907,72.335382284213,73.852030877725,
    75.368679471238,76.88532806475,78.401976658263,79.918625251775,
    81.435273845288,82.9519224388,84.468571032313,85.985219625826,
    87.501868219338,89.018516812851,90.535165406363,92.051813999876,
    93.568462593388,95.085111186901,96.601759780413),
  .QUASI_UNIFORM_KNOTS.);
#8698 = CARTESIAN_POINT('',(6.28318530718,-1.207853084492));
#8699 = CARTESIAN_POINT('',(6.221313718621,-1.207853078054));
#8700 = CARTESIAN_POINT('',(6.097505883342,-1.207853072784));
#8701 = CARTESIAN_POINT('',(5.911667345507,-1.207853079809));
#8702 = CARTESIAN_POINT('',(5.725781033395,-1.207853047916));
#8703 = CARTESIAN_POINT('',(5.539884583893,-1.207853084102));
#8704 = CARTESIAN_POINT('',(5.353996637542,-1.207853144953));
#8705 = CARTESIAN_POINT('',(5.168122348258,-1.207853133008));
#8706 = CARTESIAN_POINT('',(4.982260618015,-1.207853050678));
#8707 = CARTESIAN_POINT('',(4.79640754919,-1.20785299544));
#8708 = CARTESIAN_POINT('',(4.610558881387,-1.207853035973));
#8709 = CARTESIAN_POINT('',(4.42471152759,-1.207853132423));
#8710 = CARTESIAN_POINT('',(4.238864187988,-1.207853182297));
#8711 = CARTESIAN_POINT('',(4.053016848386,-1.207853132423));
#8712 = CARTESIAN_POINT('',(3.867169494588,-1.207853035973));
#8713 = CARTESIAN_POINT('',(3.681320826786,-1.20785299544));
#8714 = CARTESIAN_POINT('',(3.495467757961,-1.207853050678));
#8715 = CARTESIAN_POINT('',(3.309606027717,-1.207853133008));
#8716 = CARTESIAN_POINT('',(3.123731738434,-1.207853144953));
#8717 = CARTESIAN_POINT('',(2.937843792083,-1.207853084102));
#8718 = CARTESIAN_POINT('',(2.75194734258,-1.207853047916));
#8719 = CARTESIAN_POINT('',(2.566061030469,-1.207853079809));
#8720 = CARTESIAN_POINT('',(2.380222492634,-1.207853072784));
#8721 = CARTESIAN_POINT('',(2.256414657355,-1.207853078054));
#8722 = CARTESIAN_POINT('',(2.194543068796,-1.207853084492));
#8723 = ( GEOMETRIC_REPRESENTATION_CONTEXT(2) 
PARAMETRIC_REPRESENTATION_CONTEXT() REPRESENTATION_CONTEXT('2D SPACE',''
  ) );
#8724 = ADVANCED_FACE('',(#8725),#1514,.T.);
#8725 = FACE_BOUND('',#8726,.T.);
#8726 = EDGE_LOOP('',(#8727,#8728,#8752,#8772));
#8727 = ORIENTED_EDGE('',*,*,#8593,.F.);
#8728 = ORIENTED_EDGE('',*,*,#8729,.T.);
#8729 = EDGE_CURVE('',#8571,#8730,#8732,.T.);
#8730 = VERTEX_POINT('',#8731);
#8731 = CARTESIAN_POINT('',(63.009811185392,39.557853084492,
    117.56280773791));
#8732 = SURFACE_CURVE('',#8733,(#8738,#8745),.PCURVE_S1.);
#8733 = CIRCLE('',#8734,1.168371253862);
#8734 = AXIS2_PLACEMENT_3D('',#8735,#8736,#8737);
#8735 = CARTESIAN_POINT('',(61.97,39.557853084492,117.03));
#8736 = DIRECTION('',(0.,1.,-0.));
#8737 = DIRECTION('',(-0.889966422877,0.,0.456026058632));
#8738 = PCURVE('',#1514,#8739);
#8739 = DEFINITIONAL_REPRESENTATION('',(#8740),#8744);
#8740 = LINE('',#8741,#8742);
#8741 = CARTESIAN_POINT('',(0.,2.617993877992E-02));
#8742 = VECTOR('',#8743,1.);
#8743 = DIRECTION('',(1.,0.));
#8744 = ( GEOMETRIC_REPRESENTATION_CONTEXT(2) 
PARAMETRIC_REPRESENTATION_CONTEXT() REPRESENTATION_CONTEXT('2D SPACE',''
  ) );
#8745 = PCURVE('',#6878,#8746);
#8746 = DEFINITIONAL_REPRESENTATION('',(#8747),#8751);
#8747 = LINE('',#8748,#8749);
#8748 = CARTESIAN_POINT('',(6.28318530718,-1.207853084492));
#8749 = VECTOR('',#8750,1.);
#8750 = DIRECTION('',(-1.,-0.));
#8751 = ( GEOMETRIC_REPRESENTATION_CONTEXT(2) 
PARAMETRIC_REPRESENTATION_CONTEXT() REPRESENTATION_CONTEXT('2D SPACE',''
  ) );
#8752 = ORIENTED_EDGE('',*,*,#8753,.T.);
#8753 = EDGE_CURVE('',#8730,#1498,#8754,.T.);
#8754 = SURFACE_CURVE('',#8755,(#8760,#8766),.PCURVE_S1.);
#8755 = CIRCLE('',#8756,0.3);
#8756 = AXIS2_PLACEMENT_3D('',#8757,#8758,#8759);
#8757 = CARTESIAN_POINT('',(62.742912749309,39.55,117.42604680095));
#8758 = DIRECTION('',(-0.456026058632,0.,0.889966422877));
#8759 = DIRECTION('',(0.889966422877,0.,0.456026058632));
#8760 = PCURVE('',#1514,#8761);
#8761 = DEFINITIONAL_REPRESENTATION('',(#8762),#8765);
#8762 = B_SPLINE_CURVE_WITH_KNOTS('',1,(#8763,#8764),.UNSPECIFIED.,.F.,
  .F.,(2,2),(2.617993877992E-02,1.570796326795),
  .PIECEWISE_BEZIER_KNOTS.);
#8763 = CARTESIAN_POINT('',(2.194543068796,2.617993877992E-02));
#8764 = CARTESIAN_POINT('',(2.194543068796,1.570796326795));
#8765 = ( GEOMETRIC_REPRESENTATION_CONTEXT(2) 
PARAMETRIC_REPRESENTATION_CONTEXT() REPRESENTATION_CONTEXT('2D SPACE',''
  ) );
#8766 = PCURVE('',#1542,#8767);
#8767 = DEFINITIONAL_REPRESENTATION('',(#8768),#8771);
#8768 = B_SPLINE_CURVE_WITH_KNOTS('',1,(#8769,#8770),.UNSPECIFIED.,.F.,
  .F.,(2,2),(2.617993877992E-02,1.570796326795),
  .PIECEWISE_BEZIER_KNOTS.);
#8769 = CARTESIAN_POINT('',(6.28318530718,-4.188489832746E-15));
#8770 = CARTESIAN_POINT('',(4.738568919165,-4.188489832746E-15));
#8771 = ( GEOMETRIC_REPRESENTATION_CONTEXT(2) 
PARAMETRIC_REPRESENTATION_CONTEXT() REPRESENTATION_CONTEXT('2D SPACE',''
  ) );
#8772 = ORIENTED_EDGE('',*,*,#1497,.F.);
#8773 = ADVANCED_FACE('',(#8774),#1542,.T.);
#8774 = FACE_BOUND('',#8775,.T.);
#8775 = EDGE_LOOP('',(#8776,#8797,#8798,#8799));
#8776 = ORIENTED_EDGE('',*,*,#8777,.T.);
#8777 = EDGE_CURVE('',#8730,#8644,#8778,.T.);
#8778 = SURFACE_CURVE('',#8779,(#8783,#8790),.PCURVE_S1.);
#8779 = LINE('',#8780,#8781);
#8780 = CARTESIAN_POINT('',(63.009811185392,39.557853084492,
    117.56280773791));
#8781 = VECTOR('',#8782,1.);
#8782 = DIRECTION('',(0.456026058632,1.734723475977E-18,-0.889966422877)
  );
#8783 = PCURVE('',#1542,#8784);
#8784 = DEFINITIONAL_REPRESENTATION('',(#8785),#8789);
#8785 = LINE('',#8786,#8787);
#8786 = CARTESIAN_POINT('',(6.28318530718,0.));
#8787 = VECTOR('',#8788,1.);
#8788 = DIRECTION('',(-0.,1.));
#8789 = ( GEOMETRIC_REPRESENTATION_CONTEXT(2) 
PARAMETRIC_REPRESENTATION_CONTEXT() REPRESENTATION_CONTEXT('2D SPACE',''
  ) );
#8790 = PCURVE('',#6938,#8791);
#8791 = DEFINITIONAL_REPRESENTATION('',(#8792),#8796);
#8792 = LINE('',#8793,#8794);
#8793 = CARTESIAN_POINT('',(1.208267127459,-9.142513135441E-13));
#8794 = VECTOR('',#8795,1.);
#8795 = DIRECTION('',(-5.38978583986E-15,1.));
#8796 = ( GEOMETRIC_REPRESENTATION_CONTEXT(2) 
PARAMETRIC_REPRESENTATION_CONTEXT() REPRESENTATION_CONTEXT('2D SPACE',''
  ) );
#8797 = ORIENTED_EDGE('',*,*,#8643,.T.);
#8798 = ORIENTED_EDGE('',*,*,#1526,.F.);
#8799 = ORIENTED_EDGE('',*,*,#8753,.F.);
#8800 = ADVANCED_FACE('',(#8801),#1650,.F.);
#8801 = FACE_BOUND('',#8802,.F.);
#8802 = EDGE_LOOP('',(#8803,#8804,#8827,#8855));
#8803 = ORIENTED_EDGE('',*,*,#1632,.T.);
#8804 = ORIENTED_EDGE('',*,*,#8805,.T.);
#8805 = EDGE_CURVE('',#1635,#8806,#8808,.T.);
#8806 = VERTEX_POINT('',#8807);
#8807 = CARTESIAN_POINT('',(60.71157,39.95,106.15222));
#8808 = SURFACE_CURVE('',#8809,(#8813,#8820),.PCURVE_S1.);
#8809 = LINE('',#8810,#8811);
#8810 = CARTESIAN_POINT('',(60.71157,39.75,106.15222));
#8811 = VECTOR('',#8812,1.);
#8812 = DIRECTION('',(0.,1.,0.));
#8813 = PCURVE('',#1650,#8814);
#8814 = DEFINITIONAL_REPRESENTATION('',(#8815),#8819);
#8815 = LINE('',#8816,#8817);
#8816 = CARTESIAN_POINT('',(0.,0.));
#8817 = VECTOR('',#8818,1.);
#8818 = DIRECTION('',(0.,-1.));
#8819 = ( GEOMETRIC_REPRESENTATION_CONTEXT(2) 
PARAMETRIC_REPRESENTATION_CONTEXT() REPRESENTATION_CONTEXT('2D SPACE',''
  ) );
#8820 = PCURVE('',#1678,#8821);
#8821 = DEFINITIONAL_REPRESENTATION('',(#8822),#8826);
#8822 = LINE('',#8823,#8824);
#8823 = CARTESIAN_POINT('',(0.141891311926,0.));
#8824 = VECTOR('',#8825,1.);
#8825 = DIRECTION('',(0.,-1.));
#8826 = ( GEOMETRIC_REPRESENTATION_CONTEXT(2) 
PARAMETRIC_REPRESENTATION_CONTEXT() REPRESENTATION_CONTEXT('2D SPACE',''
  ) );
#8827 = ORIENTED_EDGE('',*,*,#8828,.T.);
#8828 = EDGE_CURVE('',#8806,#8829,#8831,.T.);
#8829 = VERTEX_POINT('',#8830);
#8830 = CARTESIAN_POINT('',(61.11566,39.95,104.99142));
#8831 = SURFACE_CURVE('',#8832,(#8836,#8843),.PCURVE_S1.);
#8832 = LINE('',#8833,#8834);
#8833 = CARTESIAN_POINT('',(60.71157,39.95,106.15222));
#8834 = VECTOR('',#8835,1.);
#8835 = DIRECTION('',(0.3287626462,0.,-0.944412580636));
#8836 = PCURVE('',#1650,#8837);
#8837 = DEFINITIONAL_REPRESENTATION('',(#8838),#8842);
#8838 = LINE('',#8839,#8840);
#8839 = CARTESIAN_POINT('',(0.,-0.2));
#8840 = VECTOR('',#8841,1.);
#8841 = DIRECTION('',(1.,0.));
#8842 = ( GEOMETRIC_REPRESENTATION_CONTEXT(2) 
PARAMETRIC_REPRESENTATION_CONTEXT() REPRESENTATION_CONTEXT('2D SPACE',''
  ) );
#8843 = PCURVE('',#8844,#8849);
#8844 = PLANE('',#8845);
#8845 = AXIS2_PLACEMENT_3D('',#8846,#8847,#8848);
#8846 = CARTESIAN_POINT('',(59.93006459969,39.95,103.90416806113));
#8847 = DIRECTION('',(0.,1.,0.));
#8848 = DIRECTION('',(1.,0.,0.));
#8849 = DEFINITIONAL_REPRESENTATION('',(#8850),#8854);
#8850 = LINE('',#8851,#8852);
#8851 = CARTESIAN_POINT('',(0.78150540031,-2.24805193887));
#8852 = VECTOR('',#8853,1.);
#8853 = DIRECTION('',(0.3287626462,0.944412580636));
#8854 = ( GEOMETRIC_REPRESENTATION_CONTEXT(2) 
PARAMETRIC_REPRESENTATION_CONTEXT() REPRESENTATION_CONTEXT('2D SPACE',''
  ) );
#8855 = ORIENTED_EDGE('',*,*,#8856,.F.);
#8856 = EDGE_CURVE('',#1633,#8829,#8857,.T.);
#8857 = SURFACE_CURVE('',#8858,(#8862,#8869),.PCURVE_S1.);
#8858 = LINE('',#8859,#8860);
#8859 = CARTESIAN_POINT('',(61.11566,39.75,104.99142));
#8860 = VECTOR('',#8861,1.);
#8861 = DIRECTION('',(0.,1.,0.));
#8862 = PCURVE('',#1650,#8863);
#8863 = DEFINITIONAL_REPRESENTATION('',(#8864),#8868);
#8864 = LINE('',#8865,#8866);
#8865 = CARTESIAN_POINT('',(1.229123821305,0.));
#8866 = VECTOR('',#8867,1.);
#8867 = DIRECTION('',(0.,-1.));
#8868 = ( GEOMETRIC_REPRESENTATION_CONTEXT(2) 
PARAMETRIC_REPRESENTATION_CONTEXT() REPRESENTATION_CONTEXT('2D SPACE',''
  ) );
#8869 = PCURVE('',#2404,#8870);
#8870 = DEFINITIONAL_REPRESENTATION('',(#8871),#8875);
#8871 = LINE('',#8872,#8873);
#8872 = CARTESIAN_POINT('',(0.,0.));
#8873 = VECTOR('',#8874,1.);
#8874 = DIRECTION('',(0.,-1.));
#8875 = ( GEOMETRIC_REPRESENTATION_CONTEXT(2) 
PARAMETRIC_REPRESENTATION_CONTEXT() REPRESENTATION_CONTEXT('2D SPACE',''
  ) );
#8876 = ADVANCED_FACE('',(#8877),#2404,.F.);
#8877 = FACE_BOUND('',#8878,.F.);
#8878 = EDGE_LOOP('',(#8879,#8880,#8881,#8904));
#8879 = ORIENTED_EDGE('',*,*,#2390,.T.);
#8880 = ORIENTED_EDGE('',*,*,#8856,.T.);
#8881 = ORIENTED_EDGE('',*,*,#8882,.T.);
#8882 = EDGE_CURVE('',#8829,#8883,#8885,.T.);
#8883 = VERTEX_POINT('',#8884);
#8884 = CARTESIAN_POINT('',(61.14486,39.95,104.88541));
#8885 = SURFACE_CURVE('',#8886,(#8890,#8897),.PCURVE_S1.);
#8886 = LINE('',#8887,#8888);
#8887 = CARTESIAN_POINT('',(61.11566,39.95,104.99142));
#8888 = VECTOR('',#8889,1.);
#8889 = DIRECTION('',(0.265555957814,0.,-0.964095448215));
#8890 = PCURVE('',#2404,#8891);
#8891 = DEFINITIONAL_REPRESENTATION('',(#8892),#8896);
#8892 = LINE('',#8893,#8894);
#8893 = CARTESIAN_POINT('',(0.,-0.2));
#8894 = VECTOR('',#8895,1.);
#8895 = DIRECTION('',(1.,0.));
#8896 = ( GEOMETRIC_REPRESENTATION_CONTEXT(2) 
PARAMETRIC_REPRESENTATION_CONTEXT() REPRESENTATION_CONTEXT('2D SPACE',''
  ) );
#8897 = PCURVE('',#8844,#8898);
#8898 = DEFINITIONAL_REPRESENTATION('',(#8899),#8903);
#8899 = LINE('',#8900,#8901);
#8900 = CARTESIAN_POINT('',(1.18559540031,-1.08725193887));
#8901 = VECTOR('',#8902,1.);
#8902 = DIRECTION('',(0.265555957814,0.964095448215));
#8903 = ( GEOMETRIC_REPRESENTATION_CONTEXT(2) 
PARAMETRIC_REPRESENTATION_CONTEXT() REPRESENTATION_CONTEXT('2D SPACE',''
  ) );
#8904 = ORIENTED_EDGE('',*,*,#8905,.F.);
#8905 = EDGE_CURVE('',#2363,#8883,#8906,.T.);
#8906 = SURFACE_CURVE('',#8907,(#8911,#8918),.PCURVE_S1.);
#8907 = LINE('',#8908,#8909);
#8908 = CARTESIAN_POINT('',(61.14486,39.75,104.88541));
#8909 = VECTOR('',#8910,1.);
#8910 = DIRECTION('',(0.,1.,0.));
#8911 = PCURVE('',#2404,#8912);
#8912 = DEFINITIONAL_REPRESENTATION('',(#8913),#8917);
#8913 = LINE('',#8914,#8915);
#8914 = CARTESIAN_POINT('',(0.109957992433,0.));
#8915 = VECTOR('',#8916,1.);
#8916 = DIRECTION('',(0.,-1.));
#8917 = ( GEOMETRIC_REPRESENTATION_CONTEXT(2) 
PARAMETRIC_REPRESENTATION_CONTEXT() REPRESENTATION_CONTEXT('2D SPACE',''
  ) );
#8918 = PCURVE('',#2378,#8919);
#8919 = DEFINITIONAL_REPRESENTATION('',(#8920),#8924);
#8920 = LINE('',#8921,#8922);
#8921 = CARTESIAN_POINT('',(0.,0.));
#8922 = VECTOR('',#8923,1.);
#8923 = DIRECTION('',(0.,-1.));
#8924 = ( GEOMETRIC_REPRESENTATION_CONTEXT(2) 
PARAMETRIC_REPRESENTATION_CONTEXT() REPRESENTATION_CONTEXT('2D SPACE',''
  ) );
#8925 = ADVANCED_FACE('',(#8926),#1678,.F.);
#8926 = FACE_BOUND('',#8927,.F.);
#8927 = EDGE_LOOP('',(#8928,#8929,#8952,#8973));
#8928 = ORIENTED_EDGE('',*,*,#1662,.T.);
#8929 = ORIENTED_EDGE('',*,*,#8930,.T.);
#8930 = EDGE_CURVE('',#1663,#8931,#8933,.T.);
#8931 = VERTEX_POINT('',#8932);
#8932 = CARTESIAN_POINT('',(60.57369,39.95,106.11872));
#8933 = SURFACE_CURVE('',#8934,(#8938,#8945),.PCURVE_S1.);
#8934 = LINE('',#8935,#8936);
#8935 = CARTESIAN_POINT('',(60.57369,39.75,106.11872));
#8936 = VECTOR('',#8937,1.);
#8937 = DIRECTION('',(0.,1.,0.));
#8938 = PCURVE('',#1678,#8939);
#8939 = DEFINITIONAL_REPRESENTATION('',(#8940),#8944);
#8940 = LINE('',#8941,#8942);
#8941 = CARTESIAN_POINT('',(0.,0.));
#8942 = VECTOR('',#8943,1.);
#8943 = DIRECTION('',(0.,-1.));
#8944 = ( GEOMETRIC_REPRESENTATION_CONTEXT(2) 
PARAMETRIC_REPRESENTATION_CONTEXT() REPRESENTATION_CONTEXT('2D SPACE',''
  ) );
#8945 = PCURVE('',#1706,#8946);
#8946 = DEFINITIONAL_REPRESENTATION('',(#8947),#8951);
#8947 = LINE('',#8948,#8949);
#8948 = CARTESIAN_POINT('',(2.713584334658,0.));
#8949 = VECTOR('',#8950,1.);
#8950 = DIRECTION('',(0.,-1.));
#8951 = ( GEOMETRIC_REPRESENTATION_CONTEXT(2) 
PARAMETRIC_REPRESENTATION_CONTEXT() REPRESENTATION_CONTEXT('2D SPACE',''
  ) );
#8952 = ORIENTED_EDGE('',*,*,#8953,.T.);
#8953 = EDGE_CURVE('',#8931,#8806,#8954,.T.);
#8954 = SURFACE_CURVE('',#8955,(#8959,#8966),.PCURVE_S1.);
#8955 = LINE('',#8956,#8957);
#8956 = CARTESIAN_POINT('',(60.57369,39.95,106.11872));
#8957 = VECTOR('',#8958,1.);
#8958 = DIRECTION('',(0.971729686115,0.,0.23609620311));
#8959 = PCURVE('',#1678,#8960);
#8960 = DEFINITIONAL_REPRESENTATION('',(#8961),#8965);
#8961 = LINE('',#8962,#8963);
#8962 = CARTESIAN_POINT('',(0.,-0.2));
#8963 = VECTOR('',#8964,1.);
#8964 = DIRECTION('',(1.,0.));
#8965 = ( GEOMETRIC_REPRESENTATION_CONTEXT(2) 
PARAMETRIC_REPRESENTATION_CONTEXT() REPRESENTATION_CONTEXT('2D SPACE',''
  ) );
#8966 = PCURVE('',#8844,#8967);
#8967 = DEFINITIONAL_REPRESENTATION('',(#8968),#8972);
#8968 = LINE('',#8969,#8970);
#8969 = CARTESIAN_POINT('',(0.64362540031,-2.21455193887));
#8970 = VECTOR('',#8971,1.);
#8971 = DIRECTION('',(0.971729686115,-0.23609620311));
#8972 = ( GEOMETRIC_REPRESENTATION_CONTEXT(2) 
PARAMETRIC_REPRESENTATION_CONTEXT() REPRESENTATION_CONTEXT('2D SPACE',''
  ) );
#8973 = ORIENTED_EDGE('',*,*,#8805,.F.);
#8974 = ADVANCED_FACE('',(#8975),#2378,.F.);
#8975 = FACE_BOUND('',#8976,.F.);
#8976 = EDGE_LOOP('',(#8977,#8978,#8979,#9002));
#8977 = ORIENTED_EDGE('',*,*,#2362,.T.);
#8978 = ORIENTED_EDGE('',*,*,#8905,.T.);
#8979 = ORIENTED_EDGE('',*,*,#8980,.T.);
#8980 = EDGE_CURVE('',#8883,#8981,#8983,.T.);
#8981 = VERTEX_POINT('',#8982);
#8982 = CARTESIAN_POINT('',(61.16521,39.95,104.77671));
#8983 = SURFACE_CURVE('',#8984,(#8988,#8995),.PCURVE_S1.);
#8984 = LINE('',#8985,#8986);
#8985 = CARTESIAN_POINT('',(61.14486,39.95,104.88541));
#8986 = VECTOR('',#8987,1.);
#8987 = DIRECTION('',(0.184015545815,0.,-0.982923333174));
#8988 = PCURVE('',#2378,#8989);
#8989 = DEFINITIONAL_REPRESENTATION('',(#8990),#8994);
#8990 = LINE('',#8991,#8992);
#8991 = CARTESIAN_POINT('',(0.,-0.2));
#8992 = VECTOR('',#8993,1.);
#8993 = DIRECTION('',(1.,0.));
#8994 = ( GEOMETRIC_REPRESENTATION_CONTEXT(2) 
PARAMETRIC_REPRESENTATION_CONTEXT() REPRESENTATION_CONTEXT('2D SPACE',''
  ) );
#8995 = PCURVE('',#8844,#8996);
#8996 = DEFINITIONAL_REPRESENTATION('',(#8997),#9001);
#8997 = LINE('',#8998,#8999);
#8998 = CARTESIAN_POINT('',(1.21479540031,-0.98124193887));
#8999 = VECTOR('',#9000,1.);
#9000 = DIRECTION('',(0.184015545815,0.982923333174));
#9001 = ( GEOMETRIC_REPRESENTATION_CONTEXT(2) 
PARAMETRIC_REPRESENTATION_CONTEXT() REPRESENTATION_CONTEXT('2D SPACE',''
  ) );
#9002 = ORIENTED_EDGE('',*,*,#9003,.F.);
#9003 = EDGE_CURVE('',#2335,#8981,#9004,.T.);
#9004 = SURFACE_CURVE('',#9005,(#9009,#9016),.PCURVE_S1.);
#9005 = LINE('',#9006,#9007);
#9006 = CARTESIAN_POINT('',(61.16521,39.75,104.77671));
#9007 = VECTOR('',#9008,1.);
#9008 = DIRECTION('',(0.,1.,0.));
#9009 = PCURVE('',#2378,#9010);
#9010 = DEFINITIONAL_REPRESENTATION('',(#9011),#9015);
#9011 = LINE('',#9012,#9013);
#9012 = CARTESIAN_POINT('',(0.110588482673,0.));
#9013 = VECTOR('',#9014,1.);
#9014 = DIRECTION('',(0.,-1.));
#9015 = ( GEOMETRIC_REPRESENTATION_CONTEXT(2) 
PARAMETRIC_REPRESENTATION_CONTEXT() REPRESENTATION_CONTEXT('2D SPACE',''
  ) );
#9016 = PCURVE('',#2350,#9017);
#9017 = DEFINITIONAL_REPRESENTATION('',(#9018),#9022);
#9018 = LINE('',#9019,#9020);
#9019 = CARTESIAN_POINT('',(0.,0.));
#9020 = VECTOR('',#9021,1.);
#9021 = DIRECTION('',(0.,-1.));
#9022 = ( GEOMETRIC_REPRESENTATION_CONTEXT(2) 
PARAMETRIC_REPRESENTATION_CONTEXT() REPRESENTATION_CONTEXT('2D SPACE',''
  ) );
#9023 = ADVANCED_FACE('',(#9024),#1706,.F.);
#9024 = FACE_BOUND('',#9025,.F.);
#9025 = EDGE_LOOP('',(#9026,#9027,#9050,#9071));
#9026 = ORIENTED_EDGE('',*,*,#1690,.T.);
#9027 = ORIENTED_EDGE('',*,*,#9028,.T.);
#9028 = EDGE_CURVE('',#1691,#9029,#9031,.T.);
#9029 = VERTEX_POINT('',#9030);
#9030 = CARTESIAN_POINT('',(58.91851,39.95,103.96839));
#9031 = SURFACE_CURVE('',#9032,(#9036,#9043),.PCURVE_S1.);
#9032 = LINE('',#9033,#9034);
#9033 = CARTESIAN_POINT('',(58.91851,39.75,103.96839));
#9034 = VECTOR('',#9035,1.);
#9035 = DIRECTION('',(0.,1.,0.));
#9036 = PCURVE('',#1706,#9037);
#9037 = DEFINITIONAL_REPRESENTATION('',(#9038),#9042);
#9038 = LINE('',#9039,#9040);
#9039 = CARTESIAN_POINT('',(0.,0.));
#9040 = VECTOR('',#9041,1.);
#9041 = DIRECTION('',(0.,-1.));
#9042 = ( GEOMETRIC_REPRESENTATION_CONTEXT(2) 
PARAMETRIC_REPRESENTATION_CONTEXT() REPRESENTATION_CONTEXT('2D SPACE',''
  ) );
#9043 = PCURVE('',#1734,#9044);
#9044 = DEFINITIONAL_REPRESENTATION('',(#9045),#9049);
#9045 = LINE('',#9046,#9047);
#9046 = CARTESIAN_POINT('',(0.111010028826,0.));
#9047 = VECTOR('',#9048,1.);
#9048 = DIRECTION('',(0.,-1.));
#9049 = ( GEOMETRIC_REPRESENTATION_CONTEXT(2) 
PARAMETRIC_REPRESENTATION_CONTEXT() REPRESENTATION_CONTEXT('2D SPACE',''
  ) );
#9050 = ORIENTED_EDGE('',*,*,#9051,.T.);
#9051 = EDGE_CURVE('',#9029,#8931,#9052,.T.);
#9052 = SURFACE_CURVE('',#9053,(#9057,#9064),.PCURVE_S1.);
#9053 = LINE('',#9054,#9055);
#9054 = CARTESIAN_POINT('',(58.91851,39.95,103.96839));
#9055 = VECTOR('',#9056,1.);
#9056 = DIRECTION('',(0.609960773601,0.,0.792431608827));
#9057 = PCURVE('',#1706,#9058);
#9058 = DEFINITIONAL_REPRESENTATION('',(#9059),#9063);
#9059 = LINE('',#9060,#9061);
#9060 = CARTESIAN_POINT('',(0.,-0.2));
#9061 = VECTOR('',#9062,1.);
#9062 = DIRECTION('',(1.,0.));
#9063 = ( GEOMETRIC_REPRESENTATION_CONTEXT(2) 
PARAMETRIC_REPRESENTATION_CONTEXT() REPRESENTATION_CONTEXT('2D SPACE',''
  ) );
#9064 = PCURVE('',#8844,#9065);
#9065 = DEFINITIONAL_REPRESENTATION('',(#9066),#9070);
#9066 = LINE('',#9067,#9068);
#9067 = CARTESIAN_POINT('',(-1.01155459969,-6.422193887001E-02));
#9068 = VECTOR('',#9069,1.);
#9069 = DIRECTION('',(0.609960773601,-0.792431608827));
#9070 = ( GEOMETRIC_REPRESENTATION_CONTEXT(2) 
PARAMETRIC_REPRESENTATION_CONTEXT() REPRESENTATION_CONTEXT('2D SPACE',''
  ) );
#9071 = ORIENTED_EDGE('',*,*,#8930,.F.);
#9072 = ADVANCED_FACE('',(#9073),#2350,.F.);
#9073 = FACE_BOUND('',#9074,.F.);
#9074 = EDGE_LOOP('',(#9075,#9076,#9077,#9100));
#9075 = ORIENTED_EDGE('',*,*,#2334,.T.);
#9076 = ORIENTED_EDGE('',*,*,#9003,.T.);
#9077 = ORIENTED_EDGE('',*,*,#9078,.T.);
#9078 = EDGE_CURVE('',#8981,#9079,#9081,.T.);
#9079 = VERTEX_POINT('',#9080);
#9080 = CARTESIAN_POINT('',(61.17626,39.95,104.66741));
#9081 = SURFACE_CURVE('',#9082,(#9086,#9093),.PCURVE_S1.);
#9082 = LINE('',#9083,#9084);
#9083 = CARTESIAN_POINT('',(61.16521,39.95,104.77671));
#9084 = VECTOR('',#9085,1.);
#9085 = DIRECTION('',(0.100585172789,0.,-0.994928451204));
#9086 = PCURVE('',#2350,#9087);
#9087 = DEFINITIONAL_REPRESENTATION('',(#9088),#9092);
#9088 = LINE('',#9089,#9090);
#9089 = CARTESIAN_POINT('',(0.,-0.2));
#9090 = VECTOR('',#9091,1.);
#9091 = DIRECTION('',(1.,0.));
#9092 = ( GEOMETRIC_REPRESENTATION_CONTEXT(2) 
PARAMETRIC_REPRESENTATION_CONTEXT() REPRESENTATION_CONTEXT('2D SPACE',''
  ) );
#9093 = PCURVE('',#8844,#9094);
#9094 = DEFINITIONAL_REPRESENTATION('',(#9095),#9099);
#9095 = LINE('',#9096,#9097);
#9096 = CARTESIAN_POINT('',(1.23514540031,-0.87254193887));
#9097 = VECTOR('',#9098,1.);
#9098 = DIRECTION('',(0.100585172789,0.994928451204));
#9099 = ( GEOMETRIC_REPRESENTATION_CONTEXT(2) 
PARAMETRIC_REPRESENTATION_CONTEXT() REPRESENTATION_CONTEXT('2D SPACE',''
  ) );
#9100 = ORIENTED_EDGE('',*,*,#9101,.F.);
#9101 = EDGE_CURVE('',#2307,#9079,#9102,.T.);
#9102 = SURFACE_CURVE('',#9103,(#9107,#9114),.PCURVE_S1.);
#9103 = LINE('',#9104,#9105);
#9104 = CARTESIAN_POINT('',(61.17626,39.75,104.66741));
#9105 = VECTOR('',#9106,1.);
#9106 = DIRECTION('',(0.,1.,0.));
#9107 = PCURVE('',#2350,#9108);
#9108 = DEFINITIONAL_REPRESENTATION('',(#9109),#9113);
#9109 = LINE('',#9110,#9111);
#9110 = CARTESIAN_POINT('',(0.109857145876,0.));
#9111 = VECTOR('',#9112,1.);
#9112 = DIRECTION('',(0.,-1.));
#9113 = ( GEOMETRIC_REPRESENTATION_CONTEXT(2) 
PARAMETRIC_REPRESENTATION_CONTEXT() REPRESENTATION_CONTEXT('2D SPACE',''
  ) );
#9114 = PCURVE('',#2322,#9115);
#9115 = DEFINITIONAL_REPRESENTATION('',(#9116),#9120);
#9116 = LINE('',#9117,#9118);
#9117 = CARTESIAN_POINT('',(0.,0.));
#9118 = VECTOR('',#9119,1.);
#9119 = DIRECTION('',(0.,-1.));
#9120 = ( GEOMETRIC_REPRESENTATION_CONTEXT(2) 
PARAMETRIC_REPRESENTATION_CONTEXT() REPRESENTATION_CONTEXT('2D SPACE',''
  ) );
#9121 = ADVANCED_FACE('',(#9122),#1734,.F.);
#9122 = FACE_BOUND('',#9123,.F.);
#9123 = EDGE_LOOP('',(#9124,#9125,#9148,#9169));
#9124 = ORIENTED_EDGE('',*,*,#1718,.T.);
#9125 = ORIENTED_EDGE('',*,*,#9126,.T.);
#9126 = EDGE_CURVE('',#1719,#9127,#9129,.T.);
#9127 = VERTEX_POINT('',#9128);
#9128 = CARTESIAN_POINT('',(58.8587,39.95,103.87487));
#9129 = SURFACE_CURVE('',#9130,(#9134,#9141),.PCURVE_S1.);
#9130 = LINE('',#9131,#9132);
#9131 = CARTESIAN_POINT('',(58.8587,39.75,103.87487));
#9132 = VECTOR('',#9133,1.);
#9133 = DIRECTION('',(0.,1.,0.));
#9134 = PCURVE('',#1734,#9135);
#9135 = DEFINITIONAL_REPRESENTATION('',(#9136),#9140);
#9136 = LINE('',#9137,#9138);
#9137 = CARTESIAN_POINT('',(0.,0.));
#9138 = VECTOR('',#9139,1.);
#9139 = DIRECTION('',(0.,-1.));
#9140 = ( GEOMETRIC_REPRESENTATION_CONTEXT(2) 
PARAMETRIC_REPRESENTATION_CONTEXT() REPRESENTATION_CONTEXT('2D SPACE',''
  ) );
#9141 = PCURVE('',#1762,#9142);
#9142 = DEFINITIONAL_REPRESENTATION('',(#9143),#9147);
#9143 = LINE('',#9144,#9145);
#9144 = CARTESIAN_POINT('',(0.110172319573,0.));
#9145 = VECTOR('',#9146,1.);
#9146 = DIRECTION('',(0.,-1.));
#9147 = ( GEOMETRIC_REPRESENTATION_CONTEXT(2) 
PARAMETRIC_REPRESENTATION_CONTEXT() REPRESENTATION_CONTEXT('2D SPACE',''
  ) );
#9148 = ORIENTED_EDGE('',*,*,#9149,.T.);
#9149 = EDGE_CURVE('',#9127,#9029,#9150,.T.);
#9150 = SURFACE_CURVE('',#9151,(#9155,#9162),.PCURVE_S1.);
#9151 = LINE('',#9152,#9153);
#9152 = CARTESIAN_POINT('',(58.8587,39.95,103.87487));
#9153 = VECTOR('',#9154,1.);
#9154 = DIRECTION('',(0.538780150158,0.,0.84244640767));
#9155 = PCURVE('',#1734,#9156);
#9156 = DEFINITIONAL_REPRESENTATION('',(#9157),#9161);
#9157 = LINE('',#9158,#9159);
#9158 = CARTESIAN_POINT('',(0.,-0.2));
#9159 = VECTOR('',#9160,1.);
#9160 = DIRECTION('',(1.,0.));
#9161 = ( GEOMETRIC_REPRESENTATION_CONTEXT(2) 
PARAMETRIC_REPRESENTATION_CONTEXT() REPRESENTATION_CONTEXT('2D SPACE',''
  ) );
#9162 = PCURVE('',#8844,#9163);
#9163 = DEFINITIONAL_REPRESENTATION('',(#9164),#9168);
#9164 = LINE('',#9165,#9166);
#9165 = CARTESIAN_POINT('',(-1.07136459969,2.929806112999E-02));
#9166 = VECTOR('',#9167,1.);
#9167 = DIRECTION('',(0.538780150158,-0.84244640767));
#9168 = ( GEOMETRIC_REPRESENTATION_CONTEXT(2) 
PARAMETRIC_REPRESENTATION_CONTEXT() REPRESENTATION_CONTEXT('2D SPACE',''
  ) );
#9169 = ORIENTED_EDGE('',*,*,#9028,.F.);
#9170 = ADVANCED_FACE('',(#9171),#2322,.F.);
#9171 = FACE_BOUND('',#9172,.F.);
#9172 = EDGE_LOOP('',(#9173,#9174,#9175,#9198));
#9173 = ORIENTED_EDGE('',*,*,#2306,.T.);
#9174 = ORIENTED_EDGE('',*,*,#9101,.T.);
#9175 = ORIENTED_EDGE('',*,*,#9176,.T.);
#9176 = EDGE_CURVE('',#9079,#9177,#9179,.T.);
#9177 = VERTEX_POINT('',#9178);
#9178 = CARTESIAN_POINT('',(61.1781,39.95,104.55806));
#9179 = SURFACE_CURVE('',#9180,(#9184,#9191),.PCURVE_S1.);
#9180 = LINE('',#9181,#9182);
#9181 = CARTESIAN_POINT('',(61.17626,39.95,104.66741));
#9182 = VECTOR('',#9183,1.);
#9183 = DIRECTION('',(1.682432161314E-02,0.,-0.999858461084));
#9184 = PCURVE('',#2322,#9185);
#9185 = DEFINITIONAL_REPRESENTATION('',(#9186),#9190);
#9186 = LINE('',#9187,#9188);
#9187 = CARTESIAN_POINT('',(0.,-0.2));
#9188 = VECTOR('',#9189,1.);
#9189 = DIRECTION('',(1.,0.));
#9190 = ( GEOMETRIC_REPRESENTATION_CONTEXT(2) 
PARAMETRIC_REPRESENTATION_CONTEXT() REPRESENTATION_CONTEXT('2D SPACE',''
  ) );
#9191 = PCURVE('',#8844,#9192);
#9192 = DEFINITIONAL_REPRESENTATION('',(#9193),#9197);
#9193 = LINE('',#9194,#9195);
#9194 = CARTESIAN_POINT('',(1.24619540031,-0.76324193887));
#9195 = VECTOR('',#9196,1.);
#9196 = DIRECTION('',(1.682432161314E-02,0.999858461084));
#9197 = ( GEOMETRIC_REPRESENTATION_CONTEXT(2) 
PARAMETRIC_REPRESENTATION_CONTEXT() REPRESENTATION_CONTEXT('2D SPACE',''
  ) );
#9198 = ORIENTED_EDGE('',*,*,#9199,.F.);
#9199 = EDGE_CURVE('',#2279,#9177,#9200,.T.);
#9200 = SURFACE_CURVE('',#9201,(#9205,#9212),.PCURVE_S1.);
#9201 = LINE('',#9202,#9203);
#9202 = CARTESIAN_POINT('',(61.1781,39.75,104.55806));
#9203 = VECTOR('',#9204,1.);
#9204 = DIRECTION('',(0.,1.,0.));
#9205 = PCURVE('',#2322,#9206);
#9206 = DEFINITIONAL_REPRESENTATION('',(#9207),#9211);
#9207 = LINE('',#9208,#9209);
#9208 = CARTESIAN_POINT('',(0.109365479471,0.));
#9209 = VECTOR('',#9210,1.);
#9210 = DIRECTION('',(0.,-1.));
#9211 = ( GEOMETRIC_REPRESENTATION_CONTEXT(2) 
PARAMETRIC_REPRESENTATION_CONTEXT() REPRESENTATION_CONTEXT('2D SPACE',''
  ) );
#9212 = PCURVE('',#2294,#9213);
#9213 = DEFINITIONAL_REPRESENTATION('',(#9214),#9218);
#9214 = LINE('',#9215,#9216);
#9215 = CARTESIAN_POINT('',(0.,0.));
#9216 = VECTOR('',#9217,1.);
#9217 = DIRECTION('',(0.,-1.));
#9218 = ( GEOMETRIC_REPRESENTATION_CONTEXT(2) 
PARAMETRIC_REPRESENTATION_CONTEXT() REPRESENTATION_CONTEXT('2D SPACE',''
  ) );
#9219 = ADVANCED_FACE('',(#9220),#1762,.F.);
#9220 = FACE_BOUND('',#9221,.F.);
#9221 = EDGE_LOOP('',(#9222,#9223,#9246,#9267));
#9222 = ORIENTED_EDGE('',*,*,#1746,.T.);
#9223 = ORIENTED_EDGE('',*,*,#9224,.T.);
#9224 = EDGE_CURVE('',#1747,#9225,#9227,.T.);
#9225 = VERTEX_POINT('',#9226);
#9226 = CARTESIAN_POINT('',(58.8074,39.95,103.77737));
#9227 = SURFACE_CURVE('',#9228,(#9232,#9239),.PCURVE_S1.);
#9228 = LINE('',#9229,#9230);
#9229 = CARTESIAN_POINT('',(58.8074,39.75,103.77737));
#9230 = VECTOR('',#9231,1.);
#9231 = DIRECTION('',(0.,1.,0.));
#9232 = PCURVE('',#1762,#9233);
#9233 = DEFINITIONAL_REPRESENTATION('',(#9234),#9238);
#9234 = LINE('',#9235,#9236);
#9235 = CARTESIAN_POINT('',(0.,0.));
#9236 = VECTOR('',#9237,1.);
#9237 = DIRECTION('',(0.,-1.));
#9238 = ( GEOMETRIC_REPRESENTATION_CONTEXT(2) 
PARAMETRIC_REPRESENTATION_CONTEXT() REPRESENTATION_CONTEXT('2D SPACE',''
  ) );
#9239 = PCURVE('',#1790,#9240);
#9240 = DEFINITIONAL_REPRESENTATION('',(#9241),#9245);
#9241 = LINE('',#9242,#9243);
#9242 = CARTESIAN_POINT('',(0.109572433121,0.));
#9243 = VECTOR('',#9244,1.);
#9244 = DIRECTION('',(0.,-1.));
#9245 = ( GEOMETRIC_REPRESENTATION_CONTEXT(2) 
PARAMETRIC_REPRESENTATION_CONTEXT() REPRESENTATION_CONTEXT('2D SPACE',''
  ) );
#9246 = ORIENTED_EDGE('',*,*,#9247,.T.);
#9247 = EDGE_CURVE('',#9225,#9127,#9248,.T.);
#9248 = SURFACE_CURVE('',#9249,(#9253,#9260),.PCURVE_S1.);
#9249 = LINE('',#9250,#9251);
#9250 = CARTESIAN_POINT('',(58.8074,39.95,103.77737));
#9251 = VECTOR('',#9252,1.);
#9252 = DIRECTION('',(0.465634201032,0.,0.884977282663));
#9253 = PCURVE('',#1762,#9254);
#9254 = DEFINITIONAL_REPRESENTATION('',(#9255),#9259);
#9255 = LINE('',#9256,#9257);
#9256 = CARTESIAN_POINT('',(0.,-0.2));
#9257 = VECTOR('',#9258,1.);
#9258 = DIRECTION('',(1.,0.));
#9259 = ( GEOMETRIC_REPRESENTATION_CONTEXT(2) 
PARAMETRIC_REPRESENTATION_CONTEXT() REPRESENTATION_CONTEXT('2D SPACE',''
  ) );
#9260 = PCURVE('',#8844,#9261);
#9261 = DEFINITIONAL_REPRESENTATION('',(#9262),#9266);
#9262 = LINE('',#9263,#9264);
#9263 = CARTESIAN_POINT('',(-1.12266459969,0.12679806113));
#9264 = VECTOR('',#9265,1.);
#9265 = DIRECTION('',(0.465634201032,-0.884977282663));
#9266 = ( GEOMETRIC_REPRESENTATION_CONTEXT(2) 
PARAMETRIC_REPRESENTATION_CONTEXT() REPRESENTATION_CONTEXT('2D SPACE',''
  ) );
#9267 = ORIENTED_EDGE('',*,*,#9126,.F.);
#9268 = ADVANCED_FACE('',(#9269),#2294,.F.);
#9269 = FACE_BOUND('',#9270,.F.);
#9270 = EDGE_LOOP('',(#9271,#9272,#9273,#9296));
#9271 = ORIENTED_EDGE('',*,*,#2278,.T.);
#9272 = ORIENTED_EDGE('',*,*,#9199,.T.);
#9273 = ORIENTED_EDGE('',*,*,#9274,.T.);
#9274 = EDGE_CURVE('',#9177,#9275,#9277,.T.);
#9275 = VERTEX_POINT('',#9276);
#9276 = CARTESIAN_POINT('',(61.17084,39.95,104.44926));
#9277 = SURFACE_CURVE('',#9278,(#9282,#9289),.PCURVE_S1.);
#9278 = LINE('',#9279,#9280);
#9279 = CARTESIAN_POINT('',(61.1781,39.95,104.55806));
#9280 = VECTOR('',#9281,1.);
#9281 = DIRECTION('',(-6.657987842312E-02,0.,-0.997781098132));
#9282 = PCURVE('',#2294,#9283);
#9283 = DEFINITIONAL_REPRESENTATION('',(#9284),#9288);
#9284 = LINE('',#9285,#9286);
#9285 = CARTESIAN_POINT('',(0.,-0.2));
#9286 = VECTOR('',#9287,1.);
#9287 = DIRECTION('',(1.,0.));
#9288 = ( GEOMETRIC_REPRESENTATION_CONTEXT(2) 
PARAMETRIC_REPRESENTATION_CONTEXT() REPRESENTATION_CONTEXT('2D SPACE',''
  ) );
#9289 = PCURVE('',#8844,#9290);
#9290 = DEFINITIONAL_REPRESENTATION('',(#9291),#9295);
#9291 = LINE('',#9292,#9293);
#9292 = CARTESIAN_POINT('',(1.24803540031,-0.65389193887));
#9293 = VECTOR('',#9294,1.);
#9294 = DIRECTION('',(-6.657987842312E-02,0.997781098132));
#9295 = ( GEOMETRIC_REPRESENTATION_CONTEXT(2) 
PARAMETRIC_REPRESENTATION_CONTEXT() REPRESENTATION_CONTEXT('2D SPACE',''
  ) );
#9296 = ORIENTED_EDGE('',*,*,#9297,.F.);
#9297 = EDGE_CURVE('',#2251,#9275,#9298,.T.);
#9298 = SURFACE_CURVE('',#9299,(#9303,#9310),.PCURVE_S1.);
#9299 = LINE('',#9300,#9301);
#9300 = CARTESIAN_POINT('',(61.17084,39.75,104.44926));
#9301 = VECTOR('',#9302,1.);
#9302 = DIRECTION('',(0.,1.,0.));
#9303 = PCURVE('',#2294,#9304);
#9304 = DEFINITIONAL_REPRESENTATION('',(#9305),#9309);
#9305 = LINE('',#9306,#9307);
#9306 = CARTESIAN_POINT('',(0.109041953394,0.));
#9307 = VECTOR('',#9308,1.);
#9308 = DIRECTION('',(0.,-1.));
#9309 = ( GEOMETRIC_REPRESENTATION_CONTEXT(2) 
PARAMETRIC_REPRESENTATION_CONTEXT() REPRESENTATION_CONTEXT('2D SPACE',''
  ) );
#9310 = PCURVE('',#2266,#9311);
#9311 = DEFINITIONAL_REPRESENTATION('',(#9312),#9316);
#9312 = LINE('',#9313,#9314);
#9313 = CARTESIAN_POINT('',(0.,0.));
#9314 = VECTOR('',#9315,1.);
#9315 = DIRECTION('',(0.,-1.));
#9316 = ( GEOMETRIC_REPRESENTATION_CONTEXT(2) 
PARAMETRIC_REPRESENTATION_CONTEXT() REPRESENTATION_CONTEXT('2D SPACE',''
  ) );
#9317 = ADVANCED_FACE('',(#9318),#1790,.F.);
#9318 = FACE_BOUND('',#9319,.F.);
#9319 = EDGE_LOOP('',(#9320,#9321,#9344,#9365));
#9320 = ORIENTED_EDGE('',*,*,#1774,.T.);
#9321 = ORIENTED_EDGE('',*,*,#9322,.T.);
#9322 = EDGE_CURVE('',#1775,#9323,#9325,.T.);
#9323 = VERTEX_POINT('',#9324);
#9324 = CARTESIAN_POINT('',(58.7647,39.95,103.67646));
#9325 = SURFACE_CURVE('',#9326,(#9330,#9337),.PCURVE_S1.);
#9326 = LINE('',#9327,#9328);
#9327 = CARTESIAN_POINT('',(58.7647,39.75,103.67646));
#9328 = VECTOR('',#9329,1.);
#9329 = DIRECTION('',(0.,1.,0.));
#9330 = PCURVE('',#1790,#9331);
#9331 = DEFINITIONAL_REPRESENTATION('',(#9332),#9336);
#9332 = LINE('',#9333,#9334);
#9333 = CARTESIAN_POINT('',(0.,0.));
#9334 = VECTOR('',#9335,1.);
#9335 = DIRECTION('',(0.,-1.));
#9336 = ( GEOMETRIC_REPRESENTATION_CONTEXT(2) 
PARAMETRIC_REPRESENTATION_CONTEXT() REPRESENTATION_CONTEXT('2D SPACE',''
  ) );
#9337 = PCURVE('',#1818,#9338);
#9338 = DEFINITIONAL_REPRESENTATION('',(#9339),#9343);
#9339 = LINE('',#9340,#9341);
#9340 = CARTESIAN_POINT('',(0.109175925002,0.));
#9341 = VECTOR('',#9342,1.);
#9342 = DIRECTION('',(0.,-1.));
#9343 = ( GEOMETRIC_REPRESENTATION_CONTEXT(2) 
PARAMETRIC_REPRESENTATION_CONTEXT() REPRESENTATION_CONTEXT('2D SPACE',''
  ) );
#9344 = ORIENTED_EDGE('',*,*,#9345,.T.);
#9345 = EDGE_CURVE('',#9323,#9225,#9346,.T.);
#9346 = SURFACE_CURVE('',#9347,(#9351,#9358),.PCURVE_S1.);
#9347 = LINE('',#9348,#9349);
#9348 = CARTESIAN_POINT('',(58.7647,39.95,103.67646));
#9349 = VECTOR('',#9350,1.);
#9350 = DIRECTION('',(0.389696557646,0.,0.920943316909));
#9351 = PCURVE('',#1790,#9352);
#9352 = DEFINITIONAL_REPRESENTATION('',(#9353),#9357);
#9353 = LINE('',#9354,#9355);
#9354 = CARTESIAN_POINT('',(0.,-0.2));
#9355 = VECTOR('',#9356,1.);
#9356 = DIRECTION('',(1.,0.));
#9357 = ( GEOMETRIC_REPRESENTATION_CONTEXT(2) 
PARAMETRIC_REPRESENTATION_CONTEXT() REPRESENTATION_CONTEXT('2D SPACE',''
  ) );
#9358 = PCURVE('',#8844,#9359);
#9359 = DEFINITIONAL_REPRESENTATION('',(#9360),#9364);
#9360 = LINE('',#9361,#9362);
#9361 = CARTESIAN_POINT('',(-1.16536459969,0.22770806113));
#9362 = VECTOR('',#9363,1.);
#9363 = DIRECTION('',(0.389696557646,-0.920943316909));
#9364 = ( GEOMETRIC_REPRESENTATION_CONTEXT(2) 
PARAMETRIC_REPRESENTATION_CONTEXT() REPRESENTATION_CONTEXT('2D SPACE',''
  ) );
#9365 = ORIENTED_EDGE('',*,*,#9224,.F.);
#9366 = ADVANCED_FACE('',(#9367),#2266,.F.);
#9367 = FACE_BOUND('',#9368,.F.);
#9368 = EDGE_LOOP('',(#9369,#9370,#9371,#9394));
#9369 = ORIENTED_EDGE('',*,*,#2250,.T.);
#9370 = ORIENTED_EDGE('',*,*,#9297,.T.);
#9371 = ORIENTED_EDGE('',*,*,#9372,.T.);
#9372 = EDGE_CURVE('',#9275,#9373,#9375,.T.);
#9373 = VERTEX_POINT('',#9374);
#9374 = CARTESIAN_POINT('',(61.15457,39.95,104.34157));
#9375 = SURFACE_CURVE('',#9376,(#9380,#9387),.PCURVE_S1.);
#9376 = LINE('',#9377,#9378);
#9377 = CARTESIAN_POINT('',(61.17084,39.95,104.44926));
#9378 = VECTOR('',#9379,1.);
#9379 = DIRECTION('',(-0.149386501755,0.,-0.988778879777));
#9380 = PCURVE('',#2266,#9381);
#9381 = DEFINITIONAL_REPRESENTATION('',(#9382),#9386);
#9382 = LINE('',#9383,#9384);
#9383 = CARTESIAN_POINT('',(0.,-0.2));
#9384 = VECTOR('',#9385,1.);
#9385 = DIRECTION('',(1.,0.));
#9386 = ( GEOMETRIC_REPRESENTATION_CONTEXT(2) 
PARAMETRIC_REPRESENTATION_CONTEXT() REPRESENTATION_CONTEXT('2D SPACE',''
  ) );
#9387 = PCURVE('',#8844,#9388);
#9388 = DEFINITIONAL_REPRESENTATION('',(#9389),#9393);
#9389 = LINE('',#9390,#9391);
#9390 = CARTESIAN_POINT('',(1.24077540031,-0.54509193887));
#9391 = VECTOR('',#9392,1.);
#9392 = DIRECTION('',(-0.149386501755,0.988778879777));
#9393 = ( GEOMETRIC_REPRESENTATION_CONTEXT(2) 
PARAMETRIC_REPRESENTATION_CONTEXT() REPRESENTATION_CONTEXT('2D SPACE',''
  ) );
#9394 = ORIENTED_EDGE('',*,*,#9395,.F.);
#9395 = EDGE_CURVE('',#2223,#9373,#9396,.T.);
#9396 = SURFACE_CURVE('',#9397,(#9401,#9408),.PCURVE_S1.);
#9397 = LINE('',#9398,#9399);
#9398 = CARTESIAN_POINT('',(61.15457,39.75,104.34157));
#9399 = VECTOR('',#9400,1.);
#9400 = DIRECTION('',(0.,1.,0.));
#9401 = PCURVE('',#2266,#9402);
#9402 = DEFINITIONAL_REPRESENTATION('',(#9403),#9407);
#9403 = LINE('',#9404,#9405);
#9404 = CARTESIAN_POINT('',(0.108912115947,0.));
#9405 = VECTOR('',#9406,1.);
#9406 = DIRECTION('',(0.,-1.));
#9407 = ( GEOMETRIC_REPRESENTATION_CONTEXT(2) 
PARAMETRIC_REPRESENTATION_CONTEXT() REPRESENTATION_CONTEXT('2D SPACE',''
  ) );
#9408 = PCURVE('',#2238,#9409);
#9409 = DEFINITIONAL_REPRESENTATION('',(#9410),#9414);
#9410 = LINE('',#9411,#9412);
#9411 = CARTESIAN_POINT('',(0.,0.));
#9412 = VECTOR('',#9413,1.);
#9413 = DIRECTION('',(0.,-1.));
#9414 = ( GEOMETRIC_REPRESENTATION_CONTEXT(2) 
PARAMETRIC_REPRESENTATION_CONTEXT() REPRESENTATION_CONTEXT('2D SPACE',''
  ) );
#9415 = ADVANCED_FACE('',(#9416),#1818,.F.);
#9416 = FACE_BOUND('',#9417,.F.);
#9417 = EDGE_LOOP('',(#9418,#9419,#9442,#9463));
#9418 = ORIENTED_EDGE('',*,*,#1802,.T.);
#9419 = ORIENTED_EDGE('',*,*,#9420,.T.);
#9420 = EDGE_CURVE('',#1803,#9421,#9423,.T.);
#9421 = VERTEX_POINT('',#9422);
#9422 = CARTESIAN_POINT('',(58.73071,39.95,103.57271));
#9423 = SURFACE_CURVE('',#9424,(#9428,#9435),.PCURVE_S1.);
#9424 = LINE('',#9425,#9426);
#9425 = CARTESIAN_POINT('',(58.73071,39.75,103.57271));
#9426 = VECTOR('',#9427,1.);
#9427 = DIRECTION('',(0.,1.,0.));
#9428 = PCURVE('',#1818,#9429);
#9429 = DEFINITIONAL_REPRESENTATION('',(#9430),#9434);
#9430 = LINE('',#9431,#9432);
#9431 = CARTESIAN_POINT('',(0.,0.));
#9432 = VECTOR('',#9433,1.);
#9433 = DIRECTION('',(0.,-1.));
#9434 = ( GEOMETRIC_REPRESENTATION_CONTEXT(2) 
PARAMETRIC_REPRESENTATION_CONTEXT() REPRESENTATION_CONTEXT('2D SPACE',''
  ) );
#9435 = PCURVE('',#1846,#9436);
#9436 = DEFINITIONAL_REPRESENTATION('',(#9437),#9441);
#9437 = LINE('',#9438,#9439);
#9438 = CARTESIAN_POINT('',(0.108959407579,0.));
#9439 = VECTOR('',#9440,1.);
#9440 = DIRECTION('',(0.,-1.));
#9441 = ( GEOMETRIC_REPRESENTATION_CONTEXT(2) 
PARAMETRIC_REPRESENTATION_CONTEXT() REPRESENTATION_CONTEXT('2D SPACE',''
  ) );
#9442 = ORIENTED_EDGE('',*,*,#9443,.T.);
#9443 = EDGE_CURVE('',#9421,#9323,#9444,.T.);
#9444 = SURFACE_CURVE('',#9445,(#9449,#9456),.PCURVE_S1.);
#9445 = LINE('',#9446,#9447);
#9446 = CARTESIAN_POINT('',(58.73071,39.95,103.57271));
#9447 = VECTOR('',#9448,1.);
#9448 = DIRECTION('',(0.311332374784,0.,0.950301085136));
#9449 = PCURVE('',#1818,#9450);
#9450 = DEFINITIONAL_REPRESENTATION('',(#9451),#9455);
#9451 = LINE('',#9452,#9453);
#9452 = CARTESIAN_POINT('',(0.,-0.2));
#9453 = VECTOR('',#9454,1.);
#9454 = DIRECTION('',(1.,0.));
#9455 = ( GEOMETRIC_REPRESENTATION_CONTEXT(2) 
PARAMETRIC_REPRESENTATION_CONTEXT() REPRESENTATION_CONTEXT('2D SPACE',''
  ) );
#9456 = PCURVE('',#8844,#9457);
#9457 = DEFINITIONAL_REPRESENTATION('',(#9458),#9462);
#9458 = LINE('',#9459,#9460);
#9459 = CARTESIAN_POINT('',(-1.19935459969,0.33145806113));
#9460 = VECTOR('',#9461,1.);
#9461 = DIRECTION('',(0.311332374784,-0.950301085136));
#9462 = ( GEOMETRIC_REPRESENTATION_CONTEXT(2) 
PARAMETRIC_REPRESENTATION_CONTEXT() REPRESENTATION_CONTEXT('2D SPACE',''
  ) );
#9463 = ORIENTED_EDGE('',*,*,#9322,.F.);
#9464 = ADVANCED_FACE('',(#9465),#2238,.F.);
#9465 = FACE_BOUND('',#9466,.F.);
#9466 = EDGE_LOOP('',(#9467,#9468,#9469,#9492));
#9467 = ORIENTED_EDGE('',*,*,#2222,.T.);
#9468 = ORIENTED_EDGE('',*,*,#9395,.T.);
#9469 = ORIENTED_EDGE('',*,*,#9470,.T.);
#9470 = EDGE_CURVE('',#9373,#9471,#9473,.T.);
#9471 = VERTEX_POINT('',#9472);
#9472 = CARTESIAN_POINT('',(61.12939,39.95,104.23556));
#9473 = SURFACE_CURVE('',#9474,(#9478,#9485),.PCURVE_S1.);
#9474 = LINE('',#9475,#9476);
#9475 = CARTESIAN_POINT('',(61.15457,39.95,104.34157));
#9476 = VECTOR('',#9477,1.);
#9477 = DIRECTION('',(-0.231095235918,0.,-0.972931134221));
#9478 = PCURVE('',#2238,#9479);
#9479 = DEFINITIONAL_REPRESENTATION('',(#9480),#9484);
#9480 = LINE('',#9481,#9482);
#9481 = CARTESIAN_POINT('',(0.,-0.2));
#9482 = VECTOR('',#9483,1.);
#9483 = DIRECTION('',(1.,0.));
#9484 = ( GEOMETRIC_REPRESENTATION_CONTEXT(2) 
PARAMETRIC_REPRESENTATION_CONTEXT() REPRESENTATION_CONTEXT('2D SPACE',''
  ) );
#9485 = PCURVE('',#8844,#9486);
#9486 = DEFINITIONAL_REPRESENTATION('',(#9487),#9491);
#9487 = LINE('',#9488,#9489);
#9488 = CARTESIAN_POINT('',(1.22450540031,-0.43740193887));
#9489 = VECTOR('',#9490,1.);
#9490 = DIRECTION('',(-0.231095235918,0.972931134221));
#9491 = ( GEOMETRIC_REPRESENTATION_CONTEXT(2) 
PARAMETRIC_REPRESENTATION_CONTEXT() REPRESENTATION_CONTEXT('2D SPACE',''
  ) );
#9492 = ORIENTED_EDGE('',*,*,#9493,.F.);
#9493 = EDGE_CURVE('',#2195,#9471,#9494,.T.);
#9494 = SURFACE_CURVE('',#9495,(#9499,#9506),.PCURVE_S1.);
#9495 = LINE('',#9496,#9497);
#9496 = CARTESIAN_POINT('',(61.12939,39.75,104.23556));
#9497 = VECTOR('',#9498,1.);
#9498 = DIRECTION('',(0.,1.,0.));
#9499 = PCURVE('',#2238,#9500);
#9500 = DEFINITIONAL_REPRESENTATION('',(#9501),#9505);
#9501 = LINE('',#9502,#9503);
#9502 = CARTESIAN_POINT('',(0.108959407579,0.));
#9503 = VECTOR('',#9504,1.);
#9504 = DIRECTION('',(0.,-1.));
#9505 = ( GEOMETRIC_REPRESENTATION_CONTEXT(2) 
PARAMETRIC_REPRESENTATION_CONTEXT() REPRESENTATION_CONTEXT('2D SPACE',''
  ) );
#9506 = PCURVE('',#2210,#9507);
#9507 = DEFINITIONAL_REPRESENTATION('',(#9508),#9512);
#9508 = LINE('',#9509,#9510);
#9509 = CARTESIAN_POINT('',(0.,0.));
#9510 = VECTOR('',#9511,1.);
#9511 = DIRECTION('',(0.,-1.));
#9512 = ( GEOMETRIC_REPRESENTATION_CONTEXT(2) 
PARAMETRIC_REPRESENTATION_CONTEXT() REPRESENTATION_CONTEXT('2D SPACE',''
  ) );
#9513 = ADVANCED_FACE('',(#9514),#1846,.F.);
#9514 = FACE_BOUND('',#9515,.F.);
#9515 = EDGE_LOOP('',(#9516,#9517,#9540,#9561));
#9516 = ORIENTED_EDGE('',*,*,#1830,.T.);
#9517 = ORIENTED_EDGE('',*,*,#9518,.T.);
#9518 = EDGE_CURVE('',#1831,#9519,#9521,.T.);
#9519 = VERTEX_POINT('',#9520);
#9520 = CARTESIAN_POINT('',(58.70553,39.95,103.4667));
#9521 = SURFACE_CURVE('',#9522,(#9526,#9533),.PCURVE_S1.);
#9522 = LINE('',#9523,#9524);
#9523 = CARTESIAN_POINT('',(58.70553,39.75,103.4667));
#9524 = VECTOR('',#9525,1.);
#9525 = DIRECTION('',(0.,1.,0.));
#9526 = PCURVE('',#1846,#9527);
#9527 = DEFINITIONAL_REPRESENTATION('',(#9528),#9532);
#9528 = LINE('',#9529,#9530);
#9529 = CARTESIAN_POINT('',(0.,0.));
#9530 = VECTOR('',#9531,1.);
#9531 = DIRECTION('',(0.,-1.));
#9532 = ( GEOMETRIC_REPRESENTATION_CONTEXT(2) 
PARAMETRIC_REPRESENTATION_CONTEXT() REPRESENTATION_CONTEXT('2D SPACE',''
  ) );
#9533 = PCURVE('',#1874,#9534);
#9534 = DEFINITIONAL_REPRESENTATION('',(#9535),#9539);
#9535 = LINE('',#9536,#9537);
#9536 = CARTESIAN_POINT('',(0.108933385608,0.));
#9537 = VECTOR('',#9538,1.);
#9538 = DIRECTION('',(0.,-1.));
#9539 = ( GEOMETRIC_REPRESENTATION_CONTEXT(2) 
PARAMETRIC_REPRESENTATION_CONTEXT() REPRESENTATION_CONTEXT('2D SPACE',''
  ) );
#9540 = ORIENTED_EDGE('',*,*,#9541,.T.);
#9541 = EDGE_CURVE('',#9519,#9421,#9542,.T.);
#9542 = SURFACE_CURVE('',#9543,(#9547,#9554),.PCURVE_S1.);
#9543 = LINE('',#9544,#9545);
#9544 = CARTESIAN_POINT('',(58.70553,39.95,103.4667));
#9545 = VECTOR('',#9546,1.);
#9546 = DIRECTION('',(0.231095235918,0.,0.972931134221));
#9547 = PCURVE('',#1846,#9548);
#9548 = DEFINITIONAL_REPRESENTATION('',(#9549),#9553);
#9549 = LINE('',#9550,#9551);
#9550 = CARTESIAN_POINT('',(0.,-0.2));
#9551 = VECTOR('',#9552,1.);
#9552 = DIRECTION('',(1.,0.));
#9553 = ( GEOMETRIC_REPRESENTATION_CONTEXT(2) 
PARAMETRIC_REPRESENTATION_CONTEXT() REPRESENTATION_CONTEXT('2D SPACE',''
  ) );
#9554 = PCURVE('',#8844,#9555);
#9555 = DEFINITIONAL_REPRESENTATION('',(#9556),#9560);
#9556 = LINE('',#9557,#9558);
#9557 = CARTESIAN_POINT('',(-1.22453459969,0.43746806113));
#9558 = VECTOR('',#9559,1.);
#9559 = DIRECTION('',(0.231095235918,-0.972931134221));
#9560 = ( GEOMETRIC_REPRESENTATION_CONTEXT(2) 
PARAMETRIC_REPRESENTATION_CONTEXT() REPRESENTATION_CONTEXT('2D SPACE',''
  ) );
#9561 = ORIENTED_EDGE('',*,*,#9420,.F.);
#9562 = ADVANCED_FACE('',(#9563),#2210,.F.);
#9563 = FACE_BOUND('',#9564,.F.);
#9564 = EDGE_LOOP('',(#9565,#9566,#9567,#9590));
#9565 = ORIENTED_EDGE('',*,*,#2194,.T.);
#9566 = ORIENTED_EDGE('',*,*,#9493,.T.);
#9567 = ORIENTED_EDGE('',*,*,#9568,.T.);
#9568 = EDGE_CURVE('',#9471,#9569,#9571,.T.);
#9569 = VERTEX_POINT('',#9570);
#9570 = CARTESIAN_POINT('',(61.09541,39.95,104.13182));
#9571 = SURFACE_CURVE('',#9572,(#9576,#9583),.PCURVE_S1.);
#9572 = LINE('',#9573,#9574);
#9573 = CARTESIAN_POINT('',(61.12939,39.95,104.23556));
#9574 = VECTOR('',#9575,1.);
#9575 = DIRECTION('',(-0.311276750006,0.,-0.950319306815));
#9576 = PCURVE('',#2210,#9577);
#9577 = DEFINITIONAL_REPRESENTATION('',(#9578),#9582);
#9578 = LINE('',#9579,#9580);
#9579 = CARTESIAN_POINT('',(0.,-0.2));
#9580 = VECTOR('',#9581,1.);
#9581 = DIRECTION('',(1.,0.));
#9582 = ( GEOMETRIC_REPRESENTATION_CONTEXT(2) 
PARAMETRIC_REPRESENTATION_CONTEXT() REPRESENTATION_CONTEXT('2D SPACE',''
  ) );
#9583 = PCURVE('',#8844,#9584);
#9584 = DEFINITIONAL_REPRESENTATION('',(#9585),#9589);
#9585 = LINE('',#9586,#9587);
#9586 = CARTESIAN_POINT('',(1.19932540031,-0.33139193887));
#9587 = VECTOR('',#9588,1.);
#9588 = DIRECTION('',(-0.311276750006,0.950319306815));
#9589 = ( GEOMETRIC_REPRESENTATION_CONTEXT(2) 
PARAMETRIC_REPRESENTATION_CONTEXT() REPRESENTATION_CONTEXT('2D SPACE',''
  ) );
#9590 = ORIENTED_EDGE('',*,*,#9591,.F.);
#9591 = EDGE_CURVE('',#2167,#9569,#9592,.T.);
#9592 = SURFACE_CURVE('',#9593,(#9597,#9604),.PCURVE_S1.);
#9593 = LINE('',#9594,#9595);
#9594 = CARTESIAN_POINT('',(61.09541,39.75,104.13182));
#9595 = VECTOR('',#9596,1.);
#9596 = DIRECTION('',(0.,1.,0.));
#9597 = PCURVE('',#2210,#9598);
#9598 = DEFINITIONAL_REPRESENTATION('',(#9599),#9603);
#9599 = LINE('',#9600,#9601);
#9600 = CARTESIAN_POINT('',(0.109163308854,0.));
#9601 = VECTOR('',#9602,1.);
#9602 = DIRECTION('',(0.,-1.));
#9603 = ( GEOMETRIC_REPRESENTATION_CONTEXT(2) 
PARAMETRIC_REPRESENTATION_CONTEXT() REPRESENTATION_CONTEXT('2D SPACE',''
  ) );
#9604 = PCURVE('',#2182,#9605);
#9605 = DEFINITIONAL_REPRESENTATION('',(#9606),#9610);
#9606 = LINE('',#9607,#9608);
#9607 = CARTESIAN_POINT('',(0.,0.));
#9608 = VECTOR('',#9609,1.);
#9609 = DIRECTION('',(0.,-1.));
#9610 = ( GEOMETRIC_REPRESENTATION_CONTEXT(2) 
PARAMETRIC_REPRESENTATION_CONTEXT() REPRESENTATION_CONTEXT('2D SPACE',''
  ) );
#9611 = ADVANCED_FACE('',(#9612),#1874,.F.);
#9612 = FACE_BOUND('',#9613,.F.);
#9613 = EDGE_LOOP('',(#9614,#9615,#9638,#9659));
#9614 = ORIENTED_EDGE('',*,*,#1858,.T.);
#9615 = ORIENTED_EDGE('',*,*,#9616,.T.);
#9616 = EDGE_CURVE('',#1859,#9617,#9619,.T.);
#9617 = VERTEX_POINT('',#9618);
#9618 = CARTESIAN_POINT('',(58.68925,39.95,103.35899));
#9619 = SURFACE_CURVE('',#9620,(#9624,#9631),.PCURVE_S1.);
#9620 = LINE('',#9621,#9622);
#9621 = CARTESIAN_POINT('',(58.68925,39.75,103.35899));
#9622 = VECTOR('',#9623,1.);
#9623 = DIRECTION('',(0.,1.,0.));
#9624 = PCURVE('',#1874,#9625);
#9625 = DEFINITIONAL_REPRESENTATION('',(#9626),#9630);
#9626 = LINE('',#9627,#9628);
#9627 = CARTESIAN_POINT('',(0.,0.));
#9628 = VECTOR('',#9629,1.);
#9629 = DIRECTION('',(0.,-1.));
#9630 = ( GEOMETRIC_REPRESENTATION_CONTEXT(2) 
PARAMETRIC_REPRESENTATION_CONTEXT() REPRESENTATION_CONTEXT('2D SPACE',''
  ) );
#9631 = PCURVE('',#1902,#9632);
#9632 = DEFINITIONAL_REPRESENTATION('',(#9633),#9637);
#9633 = LINE('',#9634,#9635);
#9634 = CARTESIAN_POINT('',(0.109051931207,0.));
#9635 = VECTOR('',#9636,1.);
#9636 = DIRECTION('',(0.,-1.));
#9637 = ( GEOMETRIC_REPRESENTATION_CONTEXT(2) 
PARAMETRIC_REPRESENTATION_CONTEXT() REPRESENTATION_CONTEXT('2D SPACE',''
  ) );
#9638 = ORIENTED_EDGE('',*,*,#9639,.T.);
#9639 = EDGE_CURVE('',#9617,#9519,#9640,.T.);
#9640 = SURFACE_CURVE('',#9641,(#9645,#9652),.PCURVE_S1.);
#9641 = LINE('',#9642,#9643);
#9642 = CARTESIAN_POINT('',(58.68925,39.95,103.35899));
#9643 = VECTOR('',#9644,1.);
#9644 = DIRECTION('',(0.149449132689,0.,0.988769415353));
#9645 = PCURVE('',#1874,#9646);
#9646 = DEFINITIONAL_REPRESENTATION('',(#9647),#9651);
#9647 = LINE('',#9648,#9649);
#9648 = CARTESIAN_POINT('',(0.,-0.2));
#9649 = VECTOR('',#9650,1.);
#9650 = DIRECTION('',(1.,0.));
#9651 = ( GEOMETRIC_REPRESENTATION_CONTEXT(2) 
PARAMETRIC_REPRESENTATION_CONTEXT() REPRESENTATION_CONTEXT('2D SPACE',''
  ) );
#9652 = PCURVE('',#8844,#9653);
#9653 = DEFINITIONAL_REPRESENTATION('',(#9654),#9658);
#9654 = LINE('',#9655,#9656);
#9655 = CARTESIAN_POINT('',(-1.24081459969,0.54517806113));
#9656 = VECTOR('',#9657,1.);
#9657 = DIRECTION('',(0.149449132689,-0.988769415353));
#9658 = ( GEOMETRIC_REPRESENTATION_CONTEXT(2) 
PARAMETRIC_REPRESENTATION_CONTEXT() REPRESENTATION_CONTEXT('2D SPACE',''
  ) );
#9659 = ORIENTED_EDGE('',*,*,#9518,.F.);
#9660 = ADVANCED_FACE('',(#9661),#2182,.F.);
#9661 = FACE_BOUND('',#9662,.F.);
#9662 = EDGE_LOOP('',(#9663,#9664,#9665,#9688));
#9663 = ORIENTED_EDGE('',*,*,#2166,.T.);
#9664 = ORIENTED_EDGE('',*,*,#9591,.T.);
#9665 = ORIENTED_EDGE('',*,*,#9666,.T.);
#9666 = EDGE_CURVE('',#9569,#9667,#9669,.T.);
#9667 = VERTEX_POINT('',#9668);
#9668 = CARTESIAN_POINT('',(61.05272,39.95,104.03091));
#9669 = SURFACE_CURVE('',#9670,(#9674,#9681),.PCURVE_S1.);
#9670 = LINE('',#9671,#9672);
#9671 = CARTESIAN_POINT('',(61.09541,39.95,104.13182));
#9672 = VECTOR('',#9673,1.);
#9673 = DIRECTION('',(-0.389619149322,0.,-0.920976068355));
#9674 = PCURVE('',#2182,#9675);
#9675 = DEFINITIONAL_REPRESENTATION('',(#9676),#9680);
#9676 = LINE('',#9677,#9678);
#9677 = CARTESIAN_POINT('',(0.,-0.2));
#9678 = VECTOR('',#9679,1.);
#9679 = DIRECTION('',(1.,0.));
#9680 = ( GEOMETRIC_REPRESENTATION_CONTEXT(2) 
PARAMETRIC_REPRESENTATION_CONTEXT() REPRESENTATION_CONTEXT('2D SPACE',''
  ) );
#9681 = PCURVE('',#8844,#9682);
#9682 = DEFINITIONAL_REPRESENTATION('',(#9683),#9687);
#9683 = LINE('',#9684,#9685);
#9684 = CARTESIAN_POINT('',(1.16534540031,-0.22765193887));
#9685 = VECTOR('',#9686,1.);
#9686 = DIRECTION('',(-0.389619149322,0.920976068355));
#9687 = ( GEOMETRIC_REPRESENTATION_CONTEXT(2) 
PARAMETRIC_REPRESENTATION_CONTEXT() REPRESENTATION_CONTEXT('2D SPACE',''
  ) );
#9688 = ORIENTED_EDGE('',*,*,#9689,.F.);
#9689 = EDGE_CURVE('',#2139,#9667,#9690,.T.);
#9690 = SURFACE_CURVE('',#9691,(#9695,#9702),.PCURVE_S1.);
#9691 = LINE('',#9692,#9693);
#9692 = CARTESIAN_POINT('',(61.05272,39.75,104.03091));
#9693 = VECTOR('',#9694,1.);
#9694 = DIRECTION('',(0.,1.,0.));
#9695 = PCURVE('',#2182,#9696);
#9696 = DEFINITIONAL_REPRESENTATION('',(#9697),#9701);
#9697 = LINE('',#9698,#9699);
#9698 = CARTESIAN_POINT('',(0.109568536542,0.));
#9699 = VECTOR('',#9700,1.);
#9700 = DIRECTION('',(0.,-1.));
#9701 = ( GEOMETRIC_REPRESENTATION_CONTEXT(2) 
PARAMETRIC_REPRESENTATION_CONTEXT() REPRESENTATION_CONTEXT('2D SPACE',''
  ) );
#9702 = PCURVE('',#2154,#9703);
#9703 = DEFINITIONAL_REPRESENTATION('',(#9704),#9708);
#9704 = LINE('',#9705,#9706);
#9705 = CARTESIAN_POINT('',(0.,0.));
#9706 = VECTOR('',#9707,1.);
#9707 = DIRECTION('',(0.,-1.));
#9708 = ( GEOMETRIC_REPRESENTATION_CONTEXT(2) 
PARAMETRIC_REPRESENTATION_CONTEXT() REPRESENTATION_CONTEXT('2D SPACE',''
  ) );
#9709 = ADVANCED_FACE('',(#9710),#1902,.F.);
#9710 = FACE_BOUND('',#9711,.F.);
#9711 = EDGE_LOOP('',(#9712,#9713,#9736,#9757));
#9712 = ORIENTED_EDGE('',*,*,#1886,.T.);
#9713 = ORIENTED_EDGE('',*,*,#9714,.T.);
#9714 = EDGE_CURVE('',#1887,#9715,#9717,.T.);
#9715 = VERTEX_POINT('',#9716);
#9716 = CARTESIAN_POINT('',(58.68199,39.95,103.25018));
#9717 = SURFACE_CURVE('',#9718,(#9722,#9729),.PCURVE_S1.);
#9718 = LINE('',#9719,#9720);
#9719 = CARTESIAN_POINT('',(58.68199,39.75,103.25018));
#9720 = VECTOR('',#9721,1.);
#9721 = DIRECTION('',(0.,1.,0.));
#9722 = PCURVE('',#1902,#9723);
#9723 = DEFINITIONAL_REPRESENTATION('',(#9724),#9728);
#9724 = LINE('',#9725,#9726);
#9725 = CARTESIAN_POINT('',(0.,0.));
#9726 = VECTOR('',#9727,1.);
#9727 = DIRECTION('',(0.,-1.));
#9728 = ( GEOMETRIC_REPRESENTATION_CONTEXT(2) 
PARAMETRIC_REPRESENTATION_CONTEXT() REPRESENTATION_CONTEXT('2D SPACE',''
  ) );
#9729 = PCURVE('',#1930,#9730);
#9730 = DEFINITIONAL_REPRESENTATION('',(#9731),#9735);
#9731 = LINE('',#9732,#9733);
#9732 = CARTESIAN_POINT('',(0.109375478056,0.));
#9733 = VECTOR('',#9734,1.);
#9734 = DIRECTION('',(0.,-1.));
#9735 = ( GEOMETRIC_REPRESENTATION_CONTEXT(2) 
PARAMETRIC_REPRESENTATION_CONTEXT() REPRESENTATION_CONTEXT('2D SPACE',''
  ) );
#9736 = ORIENTED_EDGE('',*,*,#9737,.T.);
#9737 = EDGE_CURVE('',#9715,#9617,#9738,.T.);
#9738 = SURFACE_CURVE('',#9739,(#9743,#9750),.PCURVE_S1.);
#9739 = LINE('',#9740,#9741);
#9740 = CARTESIAN_POINT('',(58.68199,39.95,103.25018));
#9741 = VECTOR('',#9742,1.);
#9742 = DIRECTION('',(6.657378663209E-02,0.,0.997781504606));
#9743 = PCURVE('',#1902,#9744);
#9744 = DEFINITIONAL_REPRESENTATION('',(#9745),#9749);
#9745 = LINE('',#9746,#9747);
#9746 = CARTESIAN_POINT('',(0.,-0.2));
#9747 = VECTOR('',#9748,1.);
#9748 = DIRECTION('',(1.,0.));
#9749 = ( GEOMETRIC_REPRESENTATION_CONTEXT(2) 
PARAMETRIC_REPRESENTATION_CONTEXT() REPRESENTATION_CONTEXT('2D SPACE',''
  ) );
#9750 = PCURVE('',#8844,#9751);
#9751 = DEFINITIONAL_REPRESENTATION('',(#9752),#9756);
#9752 = LINE('',#9753,#9754);
#9753 = CARTESIAN_POINT('',(-1.24807459969,0.65398806113));
#9754 = VECTOR('',#9755,1.);
#9755 = DIRECTION('',(6.657378663209E-02,-0.997781504606));
#9756 = ( GEOMETRIC_REPRESENTATION_CONTEXT(2) 
PARAMETRIC_REPRESENTATION_CONTEXT() REPRESENTATION_CONTEXT('2D SPACE',''
  ) );
#9757 = ORIENTED_EDGE('',*,*,#9616,.F.);
#9758 = ADVANCED_FACE('',(#9759),#2154,.F.);
#9759 = FACE_BOUND('',#9760,.F.);
#9760 = EDGE_LOOP('',(#9761,#9762,#9763,#9786));
#9761 = ORIENTED_EDGE('',*,*,#2138,.T.);
#9762 = ORIENTED_EDGE('',*,*,#9689,.T.);
#9763 = ORIENTED_EDGE('',*,*,#9764,.T.);
#9764 = EDGE_CURVE('',#9667,#9765,#9767,.T.);
#9765 = VERTEX_POINT('',#9766);
#9766 = CARTESIAN_POINT('',(61.00142,39.95,103.9334));
#9767 = SURFACE_CURVE('',#9768,(#9772,#9779),.PCURVE_S1.);
#9768 = LINE('',#9769,#9770);
#9769 = CARTESIAN_POINT('',(61.05272,39.95,104.03091));
#9770 = VECTOR('',#9771,1.);
#9771 = DIRECTION('',(-0.465596800787,0.,-0.884996959937));
#9772 = PCURVE('',#2154,#9773);
#9773 = DEFINITIONAL_REPRESENTATION('',(#9774),#9778);
#9774 = LINE('',#9775,#9776);
#9775 = CARTESIAN_POINT('',(0.,-0.2));
#9776 = VECTOR('',#9777,1.);
#9777 = DIRECTION('',(1.,0.));
#9778 = ( GEOMETRIC_REPRESENTATION_CONTEXT(2) 
PARAMETRIC_REPRESENTATION_CONTEXT() REPRESENTATION_CONTEXT('2D SPACE',''
  ) );
#9779 = PCURVE('',#8844,#9780);
#9780 = DEFINITIONAL_REPRESENTATION('',(#9781),#9785);
#9781 = LINE('',#9782,#9783);
#9782 = CARTESIAN_POINT('',(1.12265540031,-0.12674193887));
#9783 = VECTOR('',#9784,1.);
#9784 = DIRECTION('',(-0.465596800787,0.884996959937));
#9785 = ( GEOMETRIC_REPRESENTATION_CONTEXT(2) 
PARAMETRIC_REPRESENTATION_CONTEXT() REPRESENTATION_CONTEXT('2D SPACE',''
  ) );
#9786 = ORIENTED_EDGE('',*,*,#9787,.F.);
#9787 = EDGE_CURVE('',#2111,#9765,#9788,.T.);
#9788 = SURFACE_CURVE('',#9789,(#9793,#9800),.PCURVE_S1.);
#9789 = LINE('',#9790,#9791);
#9790 = CARTESIAN_POINT('',(61.00142,39.75,103.9334));
#9791 = VECTOR('',#9792,1.);
#9792 = DIRECTION('',(0.,1.,0.));
#9793 = PCURVE('',#2154,#9794);
#9794 = DEFINITIONAL_REPRESENTATION('',(#9795),#9799);
#9795 = LINE('',#9796,#9797);
#9796 = CARTESIAN_POINT('',(0.110181169444,0.));
#9797 = VECTOR('',#9798,1.);
#9798 = DIRECTION('',(0.,-1.));
#9799 = ( GEOMETRIC_REPRESENTATION_CONTEXT(2) 
PARAMETRIC_REPRESENTATION_CONTEXT() REPRESENTATION_CONTEXT('2D SPACE',''
  ) );
#9800 = PCURVE('',#2126,#9801);
#9801 = DEFINITIONAL_REPRESENTATION('',(#9802),#9806);
#9802 = LINE('',#9803,#9804);
#9803 = CARTESIAN_POINT('',(0.,0.));
#9804 = VECTOR('',#9805,1.);
#9805 = DIRECTION('',(0.,-1.));
#9806 = ( GEOMETRIC_REPRESENTATION_CONTEXT(2) 
PARAMETRIC_REPRESENTATION_CONTEXT() REPRESENTATION_CONTEXT('2D SPACE',''
  ) );
#9807 = ADVANCED_FACE('',(#9808),#1930,.F.);
#9808 = FACE_BOUND('',#9809,.F.);
#9809 = EDGE_LOOP('',(#9810,#9811,#9834,#9855));
#9810 = ORIENTED_EDGE('',*,*,#1914,.T.);
#9811 = ORIENTED_EDGE('',*,*,#9812,.T.);
#9812 = EDGE_CURVE('',#1915,#9813,#9815,.T.);
#9813 = VERTEX_POINT('',#9814);
#9814 = CARTESIAN_POINT('',(58.68383,39.95,103.14082));
#9815 = SURFACE_CURVE('',#9816,(#9820,#9827),.PCURVE_S1.);
#9816 = LINE('',#9817,#9818);
#9817 = CARTESIAN_POINT('',(58.68383,39.75,103.14082));
#9818 = VECTOR('',#9819,1.);
#9819 = DIRECTION('',(0.,1.,0.));
#9820 = PCURVE('',#1930,#9821);
#9821 = DEFINITIONAL_REPRESENTATION('',(#9822),#9826);
#9822 = LINE('',#9823,#9824);
#9823 = CARTESIAN_POINT('',(0.,0.));
#9824 = VECTOR('',#9825,1.);
#9825 = DIRECTION('',(0.,-1.));
#9826 = ( GEOMETRIC_REPRESENTATION_CONTEXT(2) 
PARAMETRIC_REPRESENTATION_CONTEXT() REPRESENTATION_CONTEXT('2D SPACE',''
  ) );
#9827 = PCURVE('',#1958,#9828);
#9828 = DEFINITIONAL_REPRESENTATION('',(#9829),#9833);
#9829 = LINE('',#9830,#9831);
#9830 = CARTESIAN_POINT('',(0.109877044463,0.));
#9831 = VECTOR('',#9832,1.);
#9832 = DIRECTION('',(0.,-1.));
#9833 = ( GEOMETRIC_REPRESENTATION_CONTEXT(2) 
PARAMETRIC_REPRESENTATION_CONTEXT() REPRESENTATION_CONTEXT('2D SPACE',''
  ) );
#9834 = ORIENTED_EDGE('',*,*,#9835,.T.);
#9835 = EDGE_CURVE('',#9813,#9715,#9836,.T.);
#9836 = SURFACE_CURVE('',#9837,(#9841,#9848),.PCURVE_S1.);
#9837 = LINE('',#9838,#9839);
#9838 = CARTESIAN_POINT('',(58.68383,39.95,103.14082));
#9839 = VECTOR('',#9840,1.);
#9840 = DIRECTION('',(-1.682278361386E-02,0.,0.999858486963));
#9841 = PCURVE('',#1930,#9842);
#9842 = DEFINITIONAL_REPRESENTATION('',(#9843),#9847);
#9843 = LINE('',#9844,#9845);
#9844 = CARTESIAN_POINT('',(0.,-0.2));
#9845 = VECTOR('',#9846,1.);
#9846 = DIRECTION('',(1.,0.));
#9847 = ( GEOMETRIC_REPRESENTATION_CONTEXT(2) 
PARAMETRIC_REPRESENTATION_CONTEXT() REPRESENTATION_CONTEXT('2D SPACE',''
  ) );
#9848 = PCURVE('',#8844,#9849);
#9849 = DEFINITIONAL_REPRESENTATION('',(#9850),#9854);
#9850 = LINE('',#9851,#9852);
#9851 = CARTESIAN_POINT('',(-1.24623459969,0.76334806113));
#9852 = VECTOR('',#9853,1.);
#9853 = DIRECTION('',(-1.682278361386E-02,-0.999858486963));
#9854 = ( GEOMETRIC_REPRESENTATION_CONTEXT(2) 
PARAMETRIC_REPRESENTATION_CONTEXT() REPRESENTATION_CONTEXT('2D SPACE',''
  ) );
#9855 = ORIENTED_EDGE('',*,*,#9714,.F.);
#9856 = ADVANCED_FACE('',(#9857),#2126,.F.);
#9857 = FACE_BOUND('',#9858,.F.);
#9858 = EDGE_LOOP('',(#9859,#9860,#9861,#9884));
#9859 = ORIENTED_EDGE('',*,*,#2110,.T.);
#9860 = ORIENTED_EDGE('',*,*,#9787,.T.);
#9861 = ORIENTED_EDGE('',*,*,#9862,.T.);
#9862 = EDGE_CURVE('',#9765,#9863,#9865,.T.);
#9863 = VERTEX_POINT('',#9864);
#9864 = CARTESIAN_POINT('',(60.94161,39.95,103.83987));
#9865 = SURFACE_CURVE('',#9866,(#9870,#9877),.PCURVE_S1.);
#9866 = LINE('',#9867,#9868);
#9867 = CARTESIAN_POINT('',(61.00142,39.95,103.9334));
#9868 = VECTOR('',#9869,1.);
#9869 = DIRECTION('',(-0.538739265023,0.,-0.842472554047));
#9870 = PCURVE('',#2126,#9871);
#9871 = DEFINITIONAL_REPRESENTATION('',(#9872),#9876);
#9872 = LINE('',#9873,#9874);
#9873 = CARTESIAN_POINT('',(0.,-0.2));
#9874 = VECTOR('',#9875,1.);
#9875 = DIRECTION('',(1.,0.));
#9876 = ( GEOMETRIC_REPRESENTATION_CONTEXT(2) 
PARAMETRIC_REPRESENTATION_CONTEXT() REPRESENTATION_CONTEXT('2D SPACE',''
  ) );
#9877 = PCURVE('',#8844,#9878);
#9878 = DEFINITIONAL_REPRESENTATION('',(#9879),#9883);
#9879 = LINE('',#9880,#9881);
#9880 = CARTESIAN_POINT('',(1.07135540031,-2.923193887001E-02));
#9881 = VECTOR('',#9882,1.);
#9882 = DIRECTION('',(-0.538739265023,0.842472554047));
#9883 = ( GEOMETRIC_REPRESENTATION_CONTEXT(2) 
PARAMETRIC_REPRESENTATION_CONTEXT() REPRESENTATION_CONTEXT('2D SPACE',''
  ) );
#9884 = ORIENTED_EDGE('',*,*,#9885,.F.);
#9885 = EDGE_CURVE('',#2083,#9863,#9886,.T.);
#9886 = SURFACE_CURVE('',#9887,(#9891,#9898),.PCURVE_S1.);
#9887 = LINE('',#9888,#9889);
#9888 = CARTESIAN_POINT('',(60.94161,39.75,103.83987));
#9889 = VECTOR('',#9890,1.);
#9890 = DIRECTION('',(0.,1.,0.));
#9891 = PCURVE('',#2126,#9892);
#9892 = DEFINITIONAL_REPRESENTATION('',(#9893),#9897);
#9893 = LINE('',#9894,#9895);
#9894 = CARTESIAN_POINT('',(0.111018453421,0.));
#9895 = VECTOR('',#9896,1.);
#9896 = DIRECTION('',(0.,-1.));
#9897 = ( GEOMETRIC_REPRESENTATION_CONTEXT(2) 
PARAMETRIC_REPRESENTATION_CONTEXT() REPRESENTATION_CONTEXT('2D SPACE',''
  ) );
#9898 = PCURVE('',#2098,#9899);
#9899 = DEFINITIONAL_REPRESENTATION('',(#9900),#9904);
#9900 = LINE('',#9901,#9902);
#9901 = CARTESIAN_POINT('',(0.,0.));
#9902 = VECTOR('',#9903,1.);
#9903 = DIRECTION('',(0.,-1.));
#9904 = ( GEOMETRIC_REPRESENTATION_CONTEXT(2) 
PARAMETRIC_REPRESENTATION_CONTEXT() REPRESENTATION_CONTEXT('2D SPACE',''
  ) );
#9905 = ADVANCED_FACE('',(#9906),#1958,.F.);
#9906 = FACE_BOUND('',#9907,.F.);
#9907 = EDGE_LOOP('',(#9908,#9909,#9932,#9953));
#9908 = ORIENTED_EDGE('',*,*,#1942,.T.);
#9909 = ORIENTED_EDGE('',*,*,#9910,.T.);
#9910 = EDGE_CURVE('',#1943,#9911,#9913,.T.);
#9911 = VERTEX_POINT('',#9912);
#9912 = CARTESIAN_POINT('',(58.69488,39.95,103.0315));
#9913 = SURFACE_CURVE('',#9914,(#9918,#9925),.PCURVE_S1.);
#9914 = LINE('',#9915,#9916);
#9915 = CARTESIAN_POINT('',(58.69488,39.75,103.0315));
#9916 = VECTOR('',#9917,1.);
#9917 = DIRECTION('',(0.,1.,0.));
#9918 = PCURVE('',#1958,#9919);
#9919 = DEFINITIONAL_REPRESENTATION('',(#9920),#9924);
#9920 = LINE('',#9921,#9922);
#9921 = CARTESIAN_POINT('',(0.,0.));
#9922 = VECTOR('',#9923,1.);
#9923 = DIRECTION('',(0.,-1.));
#9924 = ( GEOMETRIC_REPRESENTATION_CONTEXT(2) 
PARAMETRIC_REPRESENTATION_CONTEXT() REPRESENTATION_CONTEXT('2D SPACE',''
  ) );
#9925 = PCURVE('',#1986,#9926);
#9926 = DEFINITIONAL_REPRESENTATION('',(#9927),#9931);
#9927 = LINE('',#9928,#9929);
#9928 = CARTESIAN_POINT('',(0.110592164731,0.));
#9929 = VECTOR('',#9930,1.);
#9930 = DIRECTION('',(0.,-1.));
#9931 = ( GEOMETRIC_REPRESENTATION_CONTEXT(2) 
PARAMETRIC_REPRESENTATION_CONTEXT() REPRESENTATION_CONTEXT('2D SPACE',''
  ) );
#9932 = ORIENTED_EDGE('',*,*,#9933,.T.);
#9933 = EDGE_CURVE('',#9911,#9813,#9934,.T.);
#9934 = SURFACE_CURVE('',#9935,(#9939,#9946),.PCURVE_S1.);
#9935 = LINE('',#9936,#9937);
#9936 = CARTESIAN_POINT('',(58.69488,39.95,103.0315));
#9937 = VECTOR('',#9938,1.);
#9938 = DIRECTION('',(-0.100566956947,0.,0.994930292619));
#9939 = PCURVE('',#1958,#9940);
#9940 = DEFINITIONAL_REPRESENTATION('',(#9941),#9945);
#9941 = LINE('',#9942,#9943);
#9942 = CARTESIAN_POINT('',(0.,-0.2));
#9943 = VECTOR('',#9944,1.);
#9944 = DIRECTION('',(1.,0.));
#9945 = ( GEOMETRIC_REPRESENTATION_CONTEXT(2) 
PARAMETRIC_REPRESENTATION_CONTEXT() REPRESENTATION_CONTEXT('2D SPACE',''
  ) );
#9946 = PCURVE('',#8844,#9947);
#9947 = DEFINITIONAL_REPRESENTATION('',(#9948),#9952);
#9948 = LINE('',#9949,#9950);
#9949 = CARTESIAN_POINT('',(-1.23518459969,0.87266806113));
#9950 = VECTOR('',#9951,1.);
#9951 = DIRECTION('',(-0.100566956947,-0.994930292619));
#9952 = ( GEOMETRIC_REPRESENTATION_CONTEXT(2) 
PARAMETRIC_REPRESENTATION_CONTEXT() REPRESENTATION_CONTEXT('2D SPACE',''
  ) );
#9953 = ORIENTED_EDGE('',*,*,#9812,.F.);
#9954 = ADVANCED_FACE('',(#9955),#2098,.F.);
#9955 = FACE_BOUND('',#9956,.F.);
#9956 = EDGE_LOOP('',(#9957,#9958,#9959,#9982));
#9957 = ORIENTED_EDGE('',*,*,#2082,.T.);
#9958 = ORIENTED_EDGE('',*,*,#9885,.T.);
#9959 = ORIENTED_EDGE('',*,*,#9960,.T.);
#9960 = EDGE_CURVE('',#9863,#9961,#9963,.T.);
#9961 = VERTEX_POINT('',#9962);
#9962 = CARTESIAN_POINT('',(59.28645,39.95,101.68963));
#9963 = SURFACE_CURVE('',#9964,(#9968,#9975),.PCURVE_S1.);
#9964 = LINE('',#9965,#9966);
#9965 = CARTESIAN_POINT('',(60.94161,39.95,103.83987));
#9966 = VECTOR('',#9967,1.);
#9967 = DIRECTION('',(-0.609972176793,0.,-0.792422831283));
#9968 = PCURVE('',#2098,#9969);
#9969 = DEFINITIONAL_REPRESENTATION('',(#9970),#9974);
#9970 = LINE('',#9971,#9972);
#9971 = CARTESIAN_POINT('',(0.,-0.2));
#9972 = VECTOR('',#9973,1.);
#9973 = DIRECTION('',(1.,0.));
#9974 = ( GEOMETRIC_REPRESENTATION_CONTEXT(2) 
PARAMETRIC_REPRESENTATION_CONTEXT() REPRESENTATION_CONTEXT('2D SPACE',''
  ) );
#9975 = PCURVE('',#8844,#9976);
#9976 = DEFINITIONAL_REPRESENTATION('',(#9977),#9981);
#9977 = LINE('',#9978,#9979);
#9978 = CARTESIAN_POINT('',(1.01154540031,6.429806112999E-02));
#9979 = VECTOR('',#9980,1.);
#9980 = DIRECTION('',(-0.609972176793,0.792422831283));
#9981 = ( GEOMETRIC_REPRESENTATION_CONTEXT(2) 
PARAMETRIC_REPRESENTATION_CONTEXT() REPRESENTATION_CONTEXT('2D SPACE',''
  ) );
#9982 = ORIENTED_EDGE('',*,*,#9983,.F.);
#9983 = EDGE_CURVE('',#2055,#9961,#9984,.T.);
#9984 = SURFACE_CURVE('',#9985,(#9989,#9996),.PCURVE_S1.);
#9985 = LINE('',#9986,#9987);
#9986 = CARTESIAN_POINT('',(59.28645,39.75,101.68963));
#9987 = VECTOR('',#9988,1.);
#9988 = DIRECTION('',(0.,1.,0.));
#9989 = PCURVE('',#2098,#9990);
#9990 = DEFINITIONAL_REPRESENTATION('',(#9991),#9995);
#9991 = LINE('',#9992,#9993);
#9992 = CARTESIAN_POINT('',(2.713500816878,0.));
#9993 = VECTOR('',#9994,1.);
#9994 = DIRECTION('',(0.,-1.));
#9995 = ( GEOMETRIC_REPRESENTATION_CONTEXT(2) 
PARAMETRIC_REPRESENTATION_CONTEXT() REPRESENTATION_CONTEXT('2D SPACE',''
  ) );
#9996 = PCURVE('',#2070,#9997);
#9997 = DEFINITIONAL_REPRESENTATION('',(#9998),#10002);
#9998 = LINE('',#9999,#10000);
#9999 = CARTESIAN_POINT('',(0.,0.));
#10000 = VECTOR('',#10001,1.);
#10001 = DIRECTION('',(0.,-1.));
#10002 = ( GEOMETRIC_REPRESENTATION_CONTEXT(2) 
PARAMETRIC_REPRESENTATION_CONTEXT() REPRESENTATION_CONTEXT('2D SPACE',''
  ) );
#10003 = ADVANCED_FACE('',(#10004),#1986,.F.);
#10004 = FACE_BOUND('',#10005,.F.);
#10005 = EDGE_LOOP('',(#10006,#10007,#10030,#10051));
#10006 = ORIENTED_EDGE('',*,*,#1970,.T.);
#10007 = ORIENTED_EDGE('',*,*,#10008,.T.);
#10008 = EDGE_CURVE('',#1971,#10009,#10011,.T.);
#10009 = VERTEX_POINT('',#10010);
#10010 = CARTESIAN_POINT('',(58.71525,39.95,102.9228));
#10011 = SURFACE_CURVE('',#10012,(#10016,#10023),.PCURVE_S1.);
#10012 = LINE('',#10013,#10014);
#10013 = CARTESIAN_POINT('',(58.71525,39.75,102.9228));
#10014 = VECTOR('',#10015,1.);
#10015 = DIRECTION('',(0.,1.,0.));
#10016 = PCURVE('',#1986,#10017);
#10017 = DEFINITIONAL_REPRESENTATION('',(#10018),#10022);
#10018 = LINE('',#10019,#10020);
#10019 = CARTESIAN_POINT('',(0.,0.));
#10020 = VECTOR('',#10021,1.);
#10021 = DIRECTION('',(0.,-1.));
#10022 = ( GEOMETRIC_REPRESENTATION_CONTEXT(2) 
PARAMETRIC_REPRESENTATION_CONTEXT() REPRESENTATION_CONTEXT('2D SPACE',''
  ) );
#10023 = PCURVE('',#2014,#10024);
#10024 = DEFINITIONAL_REPRESENTATION('',(#10025),#10029);
#10025 = LINE('',#10026,#10027);
#10026 = CARTESIAN_POINT('',(0.109951007726,0.));
#10027 = VECTOR('',#10028,1.);
#10028 = DIRECTION('',(0.,-1.));
#10029 = ( GEOMETRIC_REPRESENTATION_CONTEXT(2) 
PARAMETRIC_REPRESENTATION_CONTEXT() REPRESENTATION_CONTEXT('2D SPACE',''
  ) );
#10030 = ORIENTED_EDGE('',*,*,#10031,.T.);
#10031 = EDGE_CURVE('',#10009,#9911,#10032,.T.);
#10032 = SURFACE_CURVE('',#10033,(#10037,#10044),.PCURVE_S1.);
#10033 = LINE('',#10034,#10035);
#10034 = CARTESIAN_POINT('',(58.71525,39.95,102.9228));
#10035 = VECTOR('',#10036,1.);
#10036 = DIRECTION('',(-0.184190263835,0.,0.982890607702));
#10037 = PCURVE('',#1986,#10038);
#10038 = DEFINITIONAL_REPRESENTATION('',(#10039),#10043);
#10039 = LINE('',#10040,#10041);
#10040 = CARTESIAN_POINT('',(0.,-0.2));
#10041 = VECTOR('',#10042,1.);
#10042 = DIRECTION('',(1.,0.));
#10043 = ( GEOMETRIC_REPRESENTATION_CONTEXT(2) 
PARAMETRIC_REPRESENTATION_CONTEXT() REPRESENTATION_CONTEXT('2D SPACE',''
  ) );
#10044 = PCURVE('',#8844,#10045);
#10045 = DEFINITIONAL_REPRESENTATION('',(#10046),#10050);
#10046 = LINE('',#10047,#10048);
#10047 = CARTESIAN_POINT('',(-1.21481459969,0.98136806113));
#10048 = VECTOR('',#10049,1.);
#10049 = DIRECTION('',(-0.184190263835,-0.982890607702));
#10050 = ( GEOMETRIC_REPRESENTATION_CONTEXT(2) 
PARAMETRIC_REPRESENTATION_CONTEXT() REPRESENTATION_CONTEXT('2D SPACE',''
  ) );
#10051 = ORIENTED_EDGE('',*,*,#9910,.F.);
#10052 = ADVANCED_FACE('',(#10053),#2070,.F.);
#10053 = FACE_BOUND('',#10054,.F.);
#10054 = EDGE_LOOP('',(#10055,#10056,#10057,#10080));
#10055 = ORIENTED_EDGE('',*,*,#2054,.T.);
#10056 = ORIENTED_EDGE('',*,*,#9983,.T.);
#10057 = ORIENTED_EDGE('',*,*,#10058,.T.);
#10058 = EDGE_CURVE('',#9961,#10059,#10061,.T.);
#10059 = VERTEX_POINT('',#10060);
#10060 = CARTESIAN_POINT('',(59.14857,39.95,101.65613));
#10061 = SURFACE_CURVE('',#10062,(#10066,#10073),.PCURVE_S1.);
#10062 = LINE('',#10063,#10064);
#10063 = CARTESIAN_POINT('',(59.28645,39.95,101.68963));
#10064 = VECTOR('',#10065,1.);
#10065 = DIRECTION('',(-0.971729686115,0.,-0.23609620311));
#10066 = PCURVE('',#2070,#10067);
#10067 = DEFINITIONAL_REPRESENTATION('',(#10068),#10072);
#10068 = LINE('',#10069,#10070);
#10069 = CARTESIAN_POINT('',(0.,-0.2));
#10070 = VECTOR('',#10071,1.);
#10071 = DIRECTION('',(1.,0.));
#10072 = ( GEOMETRIC_REPRESENTATION_CONTEXT(2) 
PARAMETRIC_REPRESENTATION_CONTEXT() REPRESENTATION_CONTEXT('2D SPACE',''
  ) );
#10073 = PCURVE('',#8844,#10074);
#10074 = DEFINITIONAL_REPRESENTATION('',(#10075),#10079);
#10075 = LINE('',#10076,#10077);
#10076 = CARTESIAN_POINT('',(-0.64361459969,2.21453806113));
#10077 = VECTOR('',#10078,1.);
#10078 = DIRECTION('',(-0.971729686115,0.23609620311));
#10079 = ( GEOMETRIC_REPRESENTATION_CONTEXT(2) 
PARAMETRIC_REPRESENTATION_CONTEXT() REPRESENTATION_CONTEXT('2D SPACE',''
  ) );
#10080 = ORIENTED_EDGE('',*,*,#10081,.F.);
#10081 = EDGE_CURVE('',#2027,#10059,#10082,.T.);
#10082 = SURFACE_CURVE('',#10083,(#10087,#10094),.PCURVE_S1.);
#10083 = LINE('',#10084,#10085);
#10084 = CARTESIAN_POINT('',(59.14857,39.75,101.65613));
#10085 = VECTOR('',#10086,1.);
#10086 = DIRECTION('',(0.,1.,0.));
#10087 = PCURVE('',#2070,#10088);
#10088 = DEFINITIONAL_REPRESENTATION('',(#10089),#10093);
#10089 = LINE('',#10090,#10091);
#10090 = CARTESIAN_POINT('',(0.141891311926,0.));
#10091 = VECTOR('',#10092,1.);
#10092 = DIRECTION('',(0.,-1.));
#10093 = ( GEOMETRIC_REPRESENTATION_CONTEXT(2) 
PARAMETRIC_REPRESENTATION_CONTEXT() REPRESENTATION_CONTEXT('2D SPACE',''
  ) );
#10094 = PCURVE('',#2042,#10095);
#10095 = DEFINITIONAL_REPRESENTATION('',(#10096),#10100);
#10096 = LINE('',#10097,#10098);
#10097 = CARTESIAN_POINT('',(0.,0.));
#10098 = VECTOR('',#10099,1.);
#10099 = DIRECTION('',(0.,-1.));
#10100 = ( GEOMETRIC_REPRESENTATION_CONTEXT(2) 
PARAMETRIC_REPRESENTATION_CONTEXT() REPRESENTATION_CONTEXT('2D SPACE',''
  ) );
#10101 = ADVANCED_FACE('',(#10102),#2014,.F.);
#10102 = FACE_BOUND('',#10103,.F.);
#10103 = EDGE_LOOP('',(#10104,#10105,#10128,#10149));
#10104 = ORIENTED_EDGE('',*,*,#1998,.T.);
#10105 = ORIENTED_EDGE('',*,*,#10106,.T.);
#10106 = EDGE_CURVE('',#1999,#10107,#10109,.T.);
#10107 = VERTEX_POINT('',#10108);
#10108 = CARTESIAN_POINT('',(58.74446,39.95,102.8168));
#10109 = SURFACE_CURVE('',#10110,(#10114,#10121),.PCURVE_S1.);
#10110 = LINE('',#10111,#10112);
#10111 = CARTESIAN_POINT('',(58.74446,39.75,102.8168));
#10112 = VECTOR('',#10113,1.);
#10113 = DIRECTION('',(0.,1.,0.));
#10114 = PCURVE('',#2014,#10115);
#10115 = DEFINITIONAL_REPRESENTATION('',(#10116),#10120);
#10116 = LINE('',#10117,#10118);
#10117 = CARTESIAN_POINT('',(0.,0.));
#10118 = VECTOR('',#10119,1.);
#10119 = DIRECTION('',(0.,-1.));
#10120 = ( GEOMETRIC_REPRESENTATION_CONTEXT(2) 
PARAMETRIC_REPRESENTATION_CONTEXT() REPRESENTATION_CONTEXT('2D SPACE',''
  ) );
#10121 = PCURVE('',#2042,#10122);
#10122 = DEFINITIONAL_REPRESENTATION('',(#10123),#10127);
#10123 = LINE('',#10124,#10125);
#10124 = CARTESIAN_POINT('',(1.229007624468,0.));
#10125 = VECTOR('',#10126,1.);
#10126 = DIRECTION('',(0.,-1.));
#10127 = ( GEOMETRIC_REPRESENTATION_CONTEXT(2) 
PARAMETRIC_REPRESENTATION_CONTEXT() REPRESENTATION_CONTEXT('2D SPACE',''
  ) );
#10128 = ORIENTED_EDGE('',*,*,#10129,.T.);
#10129 = EDGE_CURVE('',#10107,#10009,#10130,.T.);
#10130 = SURFACE_CURVE('',#10131,(#10135,#10142),.PCURVE_S1.);
#10131 = LINE('',#10132,#10133);
#10132 = CARTESIAN_POINT('',(58.74446,39.95,102.8168));
#10133 = VECTOR('',#10134,1.);
#10134 = DIRECTION('',(-0.265663777023,0.,0.96406574339));
#10135 = PCURVE('',#2014,#10136);
#10136 = DEFINITIONAL_REPRESENTATION('',(#10137),#10141);
#10137 = LINE('',#10138,#10139);
#10138 = CARTESIAN_POINT('',(0.,-0.2));
#10139 = VECTOR('',#10140,1.);
#10140 = DIRECTION('',(1.,0.));
#10141 = ( GEOMETRIC_REPRESENTATION_CONTEXT(2) 
PARAMETRIC_REPRESENTATION_CONTEXT() REPRESENTATION_CONTEXT('2D SPACE',''
  ) );
#10142 = PCURVE('',#8844,#10143);
#10143 = DEFINITIONAL_REPRESENTATION('',(#10144),#10148);
#10144 = LINE('',#10145,#10146);
#10145 = CARTESIAN_POINT('',(-1.18560459969,1.08736806113));
#10146 = VECTOR('',#10147,1.);
#10147 = DIRECTION('',(-0.265663777023,-0.96406574339));
#10148 = ( GEOMETRIC_REPRESENTATION_CONTEXT(2) 
PARAMETRIC_REPRESENTATION_CONTEXT() REPRESENTATION_CONTEXT('2D SPACE',''
  ) );
#10149 = ORIENTED_EDGE('',*,*,#10008,.F.);
#10150 = ADVANCED_FACE('',(#10151),#2042,.F.);
#10151 = FACE_BOUND('',#10152,.F.);
#10152 = EDGE_LOOP('',(#10153,#10154,#10155,#10176));
#10153 = ORIENTED_EDGE('',*,*,#2026,.T.);
#10154 = ORIENTED_EDGE('',*,*,#10081,.T.);
#10155 = ORIENTED_EDGE('',*,*,#10156,.T.);
#10156 = EDGE_CURVE('',#10059,#10107,#10157,.T.);
#10157 = SURFACE_CURVE('',#10158,(#10162,#10169),.PCURVE_S1.);
#10158 = LINE('',#10159,#10160);
#10159 = CARTESIAN_POINT('',(59.14857,39.95,101.65613));
#10160 = VECTOR('',#10161,1.);
#10161 = DIRECTION('',(-0.32881000244,0.,0.944396093965));
#10162 = PCURVE('',#2042,#10163);
#10163 = DEFINITIONAL_REPRESENTATION('',(#10164),#10168);
#10164 = LINE('',#10165,#10166);
#10165 = CARTESIAN_POINT('',(0.,-0.2));
#10166 = VECTOR('',#10167,1.);
#10167 = DIRECTION('',(1.,0.));
#10168 = ( GEOMETRIC_REPRESENTATION_CONTEXT(2) 
PARAMETRIC_REPRESENTATION_CONTEXT() REPRESENTATION_CONTEXT('2D SPACE',''
  ) );
#10169 = PCURVE('',#8844,#10170);
#10170 = DEFINITIONAL_REPRESENTATION('',(#10171),#10175);
#10171 = LINE('',#10172,#10173);
#10172 = CARTESIAN_POINT('',(-0.78149459969,2.24803806113));
#10173 = VECTOR('',#10174,1.);
#10174 = DIRECTION('',(-0.32881000244,-0.944396093965));
#10175 = ( GEOMETRIC_REPRESENTATION_CONTEXT(2) 
PARAMETRIC_REPRESENTATION_CONTEXT() REPRESENTATION_CONTEXT('2D SPACE',''
  ) );
#10176 = ORIENTED_EDGE('',*,*,#10106,.F.);
#10177 = ADVANCED_FACE('',(#10178),#2436,.F.);
#10178 = FACE_BOUND('',#10179,.F.);
#10179 = EDGE_LOOP('',(#10180,#10181,#10204,#10232));
#10180 = ORIENTED_EDGE('',*,*,#2418,.T.);
#10181 = ORIENTED_EDGE('',*,*,#10182,.T.);
#10182 = EDGE_CURVE('',#2421,#10183,#10185,.T.);
#10183 = VERTEX_POINT('',#10184);
#10184 = CARTESIAN_POINT('',(63.84774,39.95,106.54774));
#10185 = SURFACE_CURVE('',#10186,(#10190,#10197),.PCURVE_S1.);
#10186 = LINE('',#10187,#10188);
#10187 = CARTESIAN_POINT('',(63.84774,39.75,106.54774));
#10188 = VECTOR('',#10189,1.);
#10189 = DIRECTION('',(0.,1.,0.));
#10190 = PCURVE('',#2436,#10191);
#10191 = DEFINITIONAL_REPRESENTATION('',(#10192),#10196);
#10192 = LINE('',#10193,#10194);
#10193 = CARTESIAN_POINT('',(0.,0.));
#10194 = VECTOR('',#10195,1.);
#10195 = DIRECTION('',(0.,-1.));
#10196 = ( GEOMETRIC_REPRESENTATION_CONTEXT(2) 
PARAMETRIC_REPRESENTATION_CONTEXT() REPRESENTATION_CONTEXT('2D SPACE',''
  ) );
#10197 = PCURVE('',#2464,#10198);
#10198 = DEFINITIONAL_REPRESENTATION('',(#10199),#10203);
#10199 = LINE('',#10200,#10201);
#10200 = CARTESIAN_POINT('',(0.141963060336,0.));
#10201 = VECTOR('',#10202,1.);
#10202 = DIRECTION('',(0.,-1.));
#10203 = ( GEOMETRIC_REPRESENTATION_CONTEXT(2) 
PARAMETRIC_REPRESENTATION_CONTEXT() REPRESENTATION_CONTEXT('2D SPACE',''
  ) );
#10204 = ORIENTED_EDGE('',*,*,#10205,.T.);
#10205 = EDGE_CURVE('',#10183,#10206,#10208,.T.);
#10206 = VERTEX_POINT('',#10207);
#10207 = CARTESIAN_POINT('',(64.22693,39.95,105.46488));
#10208 = SURFACE_CURVE('',#10209,(#10213,#10220),.PCURVE_S1.);
#10209 = LINE('',#10210,#10211);
#10210 = CARTESIAN_POINT('',(63.84774,39.95,106.54774));
#10211 = VECTOR('',#10212,1.);
#10212 = DIRECTION('',(0.330497173512,0.,-0.943806981485));
#10213 = PCURVE('',#2436,#10214);
#10214 = DEFINITIONAL_REPRESENTATION('',(#10215),#10219);
#10215 = LINE('',#10216,#10217);
#10216 = CARTESIAN_POINT('',(0.,-0.2));
#10217 = VECTOR('',#10218,1.);
#10218 = DIRECTION('',(1.,0.));
#10219 = ( GEOMETRIC_REPRESENTATION_CONTEXT(2) 
PARAMETRIC_REPRESENTATION_CONTEXT() REPRESENTATION_CONTEXT('2D SPACE',''
  ) );
#10220 = PCURVE('',#10221,#10226);
#10221 = PLANE('',#10222);
#10222 = AXIS2_PLACEMENT_3D('',#10223,#10224,#10225);
#10223 = CARTESIAN_POINT('',(61.954160079013,39.95,102.67999418709));
#10224 = DIRECTION('',(0.,1.,0.));
#10225 = DIRECTION('',(1.,0.,0.));
#10226 = DEFINITIONAL_REPRESENTATION('',(#10227),#10231);
#10227 = LINE('',#10228,#10229);
#10228 = CARTESIAN_POINT('',(1.893579920987,-3.86774581291));
#10229 = VECTOR('',#10230,1.);
#10230 = DIRECTION('',(0.330497173512,0.943806981485));
#10231 = ( GEOMETRIC_REPRESENTATION_CONTEXT(2) 
PARAMETRIC_REPRESENTATION_CONTEXT() REPRESENTATION_CONTEXT('2D SPACE',''
  ) );
#10232 = ORIENTED_EDGE('',*,*,#10233,.F.);
#10233 = EDGE_CURVE('',#2419,#10206,#10234,.T.);
#10234 = SURFACE_CURVE('',#10235,(#10239,#10246),.PCURVE_S1.);
#10235 = LINE('',#10236,#10237);
#10236 = CARTESIAN_POINT('',(64.22693,39.75,105.46488));
#10237 = VECTOR('',#10238,1.);
#10238 = DIRECTION('',(0.,1.,0.));
#10239 = PCURVE('',#2436,#10240);
#10240 = DEFINITIONAL_REPRESENTATION('',(#10241),#10245);
#10241 = LINE('',#10242,#10243);
#10242 = CARTESIAN_POINT('',(1.147332051195,0.));
#10243 = VECTOR('',#10244,1.);
#10244 = DIRECTION('',(0.,-1.));
#10245 = ( GEOMETRIC_REPRESENTATION_CONTEXT(2) 
PARAMETRIC_REPRESENTATION_CONTEXT() REPRESENTATION_CONTEXT('2D SPACE',''
  ) );
#10246 = PCURVE('',#3190,#10247);
#10247 = DEFINITIONAL_REPRESENTATION('',(#10248),#10252);
#10248 = LINE('',#10249,#10250);
#10249 = CARTESIAN_POINT('',(0.,0.));
#10250 = VECTOR('',#10251,1.);
#10251 = DIRECTION('',(0.,-1.));
#10252 = ( GEOMETRIC_REPRESENTATION_CONTEXT(2) 
PARAMETRIC_REPRESENTATION_CONTEXT() REPRESENTATION_CONTEXT('2D SPACE',''
  ) );
#10253 = ADVANCED_FACE('',(#10254),#3190,.F.);
#10254 = FACE_BOUND('',#10255,.F.);
#10255 = EDGE_LOOP('',(#10256,#10257,#10258,#10281));
#10256 = ORIENTED_EDGE('',*,*,#3176,.T.);
#10257 = ORIENTED_EDGE('',*,*,#10233,.T.);
#10258 = ORIENTED_EDGE('',*,*,#10259,.T.);
#10259 = EDGE_CURVE('',#10206,#10260,#10262,.T.);
#10260 = VERTEX_POINT('',#10261);
#10261 = CARTESIAN_POINT('',(64.27028,39.95,105.30737));
#10262 = SURFACE_CURVE('',#10263,(#10267,#10274),.PCURVE_S1.);
#10263 = LINE('',#10264,#10265);
#10264 = CARTESIAN_POINT('',(64.22693,39.95,105.46488));
#10265 = VECTOR('',#10266,1.);
#10266 = DIRECTION('',(0.265354233978,0.,-0.964150989477));
#10267 = PCURVE('',#3190,#10268);
#10268 = DEFINITIONAL_REPRESENTATION('',(#10269),#10273);
#10269 = LINE('',#10270,#10271);
#10270 = CARTESIAN_POINT('',(0.,-0.2));
#10271 = VECTOR('',#10272,1.);
#10272 = DIRECTION('',(1.,0.));
#10273 = ( GEOMETRIC_REPRESENTATION_CONTEXT(2) 
PARAMETRIC_REPRESENTATION_CONTEXT() REPRESENTATION_CONTEXT('2D SPACE',''
  ) );
#10274 = PCURVE('',#10221,#10275);
#10275 = DEFINITIONAL_REPRESENTATION('',(#10276),#10280);
#10276 = LINE('',#10277,#10278);
#10277 = CARTESIAN_POINT('',(2.272769920987,-2.78488581291));
#10278 = VECTOR('',#10279,1.);
#10279 = DIRECTION('',(0.265354233978,0.964150989477));
#10280 = ( GEOMETRIC_REPRESENTATION_CONTEXT(2) 
PARAMETRIC_REPRESENTATION_CONTEXT() REPRESENTATION_CONTEXT('2D SPACE',''
  ) );
#10281 = ORIENTED_EDGE('',*,*,#10282,.F.);
#10282 = EDGE_CURVE('',#3149,#10260,#10283,.T.);
#10283 = SURFACE_CURVE('',#10284,(#10288,#10295),.PCURVE_S1.);
#10284 = LINE('',#10285,#10286);
#10285 = CARTESIAN_POINT('',(64.27028,39.75,105.30737));
#10286 = VECTOR('',#10287,1.);
#10287 = DIRECTION('',(0.,1.,0.));
#10288 = PCURVE('',#3190,#10289);
#10289 = DEFINITIONAL_REPRESENTATION('',(#10290),#10294);
#10290 = LINE('',#10291,#10292);
#10291 = CARTESIAN_POINT('',(0.163366528395,0.));
#10292 = VECTOR('',#10293,1.);
#10293 = DIRECTION('',(0.,-1.));
#10294 = ( GEOMETRIC_REPRESENTATION_CONTEXT(2) 
PARAMETRIC_REPRESENTATION_CONTEXT() REPRESENTATION_CONTEXT('2D SPACE',''
  ) );
#10295 = PCURVE('',#3164,#10296);
#10296 = DEFINITIONAL_REPRESENTATION('',(#10297),#10301);
#10297 = LINE('',#10298,#10299);
#10298 = CARTESIAN_POINT('',(0.,0.));
#10299 = VECTOR('',#10300,1.);
#10300 = DIRECTION('',(0.,-1.));
#10301 = ( GEOMETRIC_REPRESENTATION_CONTEXT(2) 
PARAMETRIC_REPRESENTATION_CONTEXT() REPRESENTATION_CONTEXT('2D SPACE',''
  ) );
#10302 = ADVANCED_FACE('',(#10303),#2464,.F.);
#10303 = FACE_BOUND('',#10304,.F.);
#10304 = EDGE_LOOP('',(#10305,#10306,#10329,#10350));
#10305 = ORIENTED_EDGE('',*,*,#2448,.T.);
#10306 = ORIENTED_EDGE('',*,*,#10307,.T.);
#10307 = EDGE_CURVE('',#2449,#10308,#10310,.T.);
#10308 = VERTEX_POINT('',#10309);
#10309 = CARTESIAN_POINT('',(63.70983,39.95,106.51406));
#10310 = SURFACE_CURVE('',#10311,(#10315,#10322),.PCURVE_S1.);
#10311 = LINE('',#10312,#10313);
#10312 = CARTESIAN_POINT('',(63.70983,39.75,106.51406));
#10313 = VECTOR('',#10314,1.);
#10314 = DIRECTION('',(0.,1.,0.));
#10315 = PCURVE('',#2464,#10316);
#10316 = DEFINITIONAL_REPRESENTATION('',(#10317),#10321);
#10317 = LINE('',#10318,#10319);
#10318 = CARTESIAN_POINT('',(0.,0.));
#10319 = VECTOR('',#10320,1.);
#10320 = DIRECTION('',(0.,-1.));
#10321 = ( GEOMETRIC_REPRESENTATION_CONTEXT(2) 
PARAMETRIC_REPRESENTATION_CONTEXT() REPRESENTATION_CONTEXT('2D SPACE',''
  ) );
#10322 = PCURVE('',#2492,#10323);
#10323 = DEFINITIONAL_REPRESENTATION('',(#10324),#10328);
#10324 = LINE('',#10325,#10326);
#10325 = CARTESIAN_POINT('',(6.194947373271,0.));
#10326 = VECTOR('',#10327,1.);
#10327 = DIRECTION('',(0.,-1.));
#10328 = ( GEOMETRIC_REPRESENTATION_CONTEXT(2) 
PARAMETRIC_REPRESENTATION_CONTEXT() REPRESENTATION_CONTEXT('2D SPACE',''
  ) );
#10329 = ORIENTED_EDGE('',*,*,#10330,.T.);
#10330 = EDGE_CURVE('',#10308,#10183,#10331,.T.);
#10331 = SURFACE_CURVE('',#10332,(#10336,#10343),.PCURVE_S1.);
#10332 = LINE('',#10333,#10334);
#10333 = CARTESIAN_POINT('',(63.70983,39.95,106.51406));
#10334 = VECTOR('',#10335,1.);
#10335 = DIRECTION('',(0.971449894596,0.,0.237244815097));
#10336 = PCURVE('',#2464,#10337);
#10337 = DEFINITIONAL_REPRESENTATION('',(#10338),#10342);
#10338 = LINE('',#10339,#10340);
#10339 = CARTESIAN_POINT('',(0.,-0.2));
#10340 = VECTOR('',#10341,1.);
#10341 = DIRECTION('',(1.,0.));
#10342 = ( GEOMETRIC_REPRESENTATION_CONTEXT(2) 
PARAMETRIC_REPRESENTATION_CONTEXT() REPRESENTATION_CONTEXT('2D SPACE',''
  ) );
#10343 = PCURVE('',#10221,#10344);
#10344 = DEFINITIONAL_REPRESENTATION('',(#10345),#10349);
#10345 = LINE('',#10346,#10347);
#10346 = CARTESIAN_POINT('',(1.755669920987,-3.83406581291));
#10347 = VECTOR('',#10348,1.);
#10348 = DIRECTION('',(0.971449894596,-0.237244815097));
#10349 = ( GEOMETRIC_REPRESENTATION_CONTEXT(2) 
PARAMETRIC_REPRESENTATION_CONTEXT() REPRESENTATION_CONTEXT('2D SPACE',''
  ) );
#10350 = ORIENTED_EDGE('',*,*,#10182,.F.);
#10351 = ADVANCED_FACE('',(#10352),#3164,.F.);
#10352 = FACE_BOUND('',#10353,.F.);
#10353 = EDGE_LOOP('',(#10354,#10355,#10356,#10379));
#10354 = ORIENTED_EDGE('',*,*,#3148,.T.);
#10355 = ORIENTED_EDGE('',*,*,#10282,.T.);
#10356 = ORIENTED_EDGE('',*,*,#10357,.T.);
#10357 = EDGE_CURVE('',#10260,#10358,#10360,.T.);
#10358 = VERTEX_POINT('',#10359);
#10359 = CARTESIAN_POINT('',(64.30029,39.95,105.14659));
#10360 = SURFACE_CURVE('',#10361,(#10365,#10372),.PCURVE_S1.);
#10361 = LINE('',#10362,#10363);
#10362 = CARTESIAN_POINT('',(64.27028,39.95,105.30737));
#10363 = VECTOR('',#10364,1.);
#10364 = DIRECTION('',(0.183483721126,0.,-0.983022748507));
#10365 = PCURVE('',#3164,#10366);
#10366 = DEFINITIONAL_REPRESENTATION('',(#10367),#10371);
#10367 = LINE('',#10368,#10369);
#10368 = CARTESIAN_POINT('',(0.,-0.2));
#10369 = VECTOR('',#10370,1.);
#10370 = DIRECTION('',(1.,0.));
#10371 = ( GEOMETRIC_REPRESENTATION_CONTEXT(2) 
PARAMETRIC_REPRESENTATION_CONTEXT() REPRESENTATION_CONTEXT('2D SPACE',''
  ) );
#10372 = PCURVE('',#10221,#10373);
#10373 = DEFINITIONAL_REPRESENTATION('',(#10374),#10378);
#10374 = LINE('',#10375,#10376);
#10375 = CARTESIAN_POINT('',(2.316119920987,-2.62737581291));
#10376 = VECTOR('',#10377,1.);
#10377 = DIRECTION('',(0.183483721126,0.983022748507));
#10378 = ( GEOMETRIC_REPRESENTATION_CONTEXT(2) 
PARAMETRIC_REPRESENTATION_CONTEXT() REPRESENTATION_CONTEXT('2D SPACE',''
  ) );
#10379 = ORIENTED_EDGE('',*,*,#10380,.F.);
#10380 = EDGE_CURVE('',#3121,#10358,#10381,.T.);
#10381 = SURFACE_CURVE('',#10382,(#10386,#10393),.PCURVE_S1.);
#10382 = LINE('',#10383,#10384);
#10383 = CARTESIAN_POINT('',(64.30029,39.75,105.14659));
#10384 = VECTOR('',#10385,1.);
#10385 = DIRECTION('',(0.,1.,0.));
#10386 = PCURVE('',#3164,#10387);
#10387 = DEFINITIONAL_REPRESENTATION('',(#10388),#10392);
#10388 = LINE('',#10389,#10390);
#10389 = CARTESIAN_POINT('',(0.163556743976,0.));
#10390 = VECTOR('',#10391,1.);
#10391 = DIRECTION('',(0.,-1.));
#10392 = ( GEOMETRIC_REPRESENTATION_CONTEXT(2) 
PARAMETRIC_REPRESENTATION_CONTEXT() REPRESENTATION_CONTEXT('2D SPACE',''
  ) );
#10393 = PCURVE('',#3136,#10394);
#10394 = DEFINITIONAL_REPRESENTATION('',(#10395),#10399);
#10395 = LINE('',#10396,#10397);
#10396 = CARTESIAN_POINT('',(0.,0.));
#10397 = VECTOR('',#10398,1.);
#10398 = DIRECTION('',(0.,-1.));
#10399 = ( GEOMETRIC_REPRESENTATION_CONTEXT(2) 
PARAMETRIC_REPRESENTATION_CONTEXT() REPRESENTATION_CONTEXT('2D SPACE',''
  ) );
#10400 = ADVANCED_FACE('',(#10401),#2492,.F.);
#10401 = FACE_BOUND('',#10402,.F.);
#10402 = EDGE_LOOP('',(#10403,#10404,#10427,#10448));
#10403 = ORIENTED_EDGE('',*,*,#2476,.T.);
#10404 = ORIENTED_EDGE('',*,*,#10405,.T.);
#10405 = EDGE_CURVE('',#2477,#10406,#10408,.T.);
#10406 = VERTEX_POINT('',#10407);
#10407 = CARTESIAN_POINT('',(59.93853,39.95,101.59932));
#10408 = SURFACE_CURVE('',#10409,(#10413,#10420),.PCURVE_S1.);
#10409 = LINE('',#10410,#10411);
#10410 = CARTESIAN_POINT('',(59.93853,39.75,101.59932));
#10411 = VECTOR('',#10412,1.);
#10412 = DIRECTION('',(0.,1.,0.));
#10413 = PCURVE('',#2492,#10414);
#10414 = DEFINITIONAL_REPRESENTATION('',(#10415),#10419);
#10415 = LINE('',#10416,#10417);
#10416 = CARTESIAN_POINT('',(0.,0.));
#10417 = VECTOR('',#10418,1.);
#10418 = DIRECTION('',(0.,-1.));
#10419 = ( GEOMETRIC_REPRESENTATION_CONTEXT(2) 
PARAMETRIC_REPRESENTATION_CONTEXT() REPRESENTATION_CONTEXT('2D SPACE',''
  ) );
#10420 = PCURVE('',#2520,#10421);
#10421 = DEFINITIONAL_REPRESENTATION('',(#10422),#10426);
#10422 = LINE('',#10423,#10424);
#10423 = CARTESIAN_POINT('',(0.164159106053,0.));
#10424 = VECTOR('',#10425,1.);
#10425 = DIRECTION('',(0.,-1.));
#10426 = ( GEOMETRIC_REPRESENTATION_CONTEXT(2) 
PARAMETRIC_REPRESENTATION_CONTEXT() REPRESENTATION_CONTEXT('2D SPACE',''
  ) );
#10427 = ORIENTED_EDGE('',*,*,#10428,.T.);
#10428 = EDGE_CURVE('',#10406,#10308,#10429,.T.);
#10429 = SURFACE_CURVE('',#10430,(#10434,#10441),.PCURVE_S1.);
#10430 = LINE('',#10431,#10432);
#10431 = CARTESIAN_POINT('',(59.93853,39.95,101.59932));
#10432 = VECTOR('',#10433,1.);
#10433 = DIRECTION('',(0.608770304696,0.,0.793346529658));
#10434 = PCURVE('',#2492,#10435);
#10435 = DEFINITIONAL_REPRESENTATION('',(#10436),#10440);
#10436 = LINE('',#10437,#10438);
#10437 = CARTESIAN_POINT('',(0.,-0.2));
#10438 = VECTOR('',#10439,1.);
#10439 = DIRECTION('',(1.,0.));
#10440 = ( GEOMETRIC_REPRESENTATION_CONTEXT(2) 
PARAMETRIC_REPRESENTATION_CONTEXT() REPRESENTATION_CONTEXT('2D SPACE',''
  ) );
#10441 = PCURVE('',#10221,#10442);
#10442 = DEFINITIONAL_REPRESENTATION('',(#10443),#10447);
#10443 = LINE('',#10444,#10445);
#10444 = CARTESIAN_POINT('',(-2.015630079013,1.08067418709));
#10445 = VECTOR('',#10446,1.);
#10446 = DIRECTION('',(0.608770304696,-0.793346529658));
#10447 = ( GEOMETRIC_REPRESENTATION_CONTEXT(2) 
PARAMETRIC_REPRESENTATION_CONTEXT() REPRESENTATION_CONTEXT('2D SPACE',''
  ) );
#10448 = ORIENTED_EDGE('',*,*,#10307,.F.);
#10449 = ADVANCED_FACE('',(#10450),#3136,.F.);
#10450 = FACE_BOUND('',#10451,.F.);
#10451 = EDGE_LOOP('',(#10452,#10453,#10454,#10477));
#10452 = ORIENTED_EDGE('',*,*,#3120,.T.);
#10453 = ORIENTED_EDGE('',*,*,#10380,.T.);
#10454 = ORIENTED_EDGE('',*,*,#10455,.T.);
#10455 = EDGE_CURVE('',#10358,#10456,#10458,.T.);
#10456 = VERTEX_POINT('',#10457);
#10457 = CARTESIAN_POINT('',(64.31656,39.95,104.9849));
#10458 = SURFACE_CURVE('',#10459,(#10463,#10470),.PCURVE_S1.);
#10459 = LINE('',#10460,#10461);
#10460 = CARTESIAN_POINT('',(64.30029,39.95,105.14659));
#10461 = VECTOR('',#10462,1.);
#10462 = DIRECTION('',(0.100119059919,0.,-0.994975463939));
#10463 = PCURVE('',#3136,#10464);
#10464 = DEFINITIONAL_REPRESENTATION('',(#10465),#10469);
#10465 = LINE('',#10466,#10467);
#10466 = CARTESIAN_POINT('',(0.,-0.2));
#10467 = VECTOR('',#10468,1.);
#10468 = DIRECTION('',(1.,0.));
#10469 = ( GEOMETRIC_REPRESENTATION_CONTEXT(2) 
PARAMETRIC_REPRESENTATION_CONTEXT() REPRESENTATION_CONTEXT('2D SPACE',''
  ) );
#10470 = PCURVE('',#10221,#10471);
#10471 = DEFINITIONAL_REPRESENTATION('',(#10472),#10476);
#10472 = LINE('',#10473,#10474);
#10473 = CARTESIAN_POINT('',(2.346129920987,-2.46659581291));
#10474 = VECTOR('',#10475,1.);
#10475 = DIRECTION('',(0.100119059919,0.994975463939));
#10476 = ( GEOMETRIC_REPRESENTATION_CONTEXT(2) 
PARAMETRIC_REPRESENTATION_CONTEXT() REPRESENTATION_CONTEXT('2D SPACE',''
  ) );
#10477 = ORIENTED_EDGE('',*,*,#10478,.F.);
#10478 = EDGE_CURVE('',#3093,#10456,#10479,.T.);
#10479 = SURFACE_CURVE('',#10480,(#10484,#10491),.PCURVE_S1.);
#10480 = LINE('',#10481,#10482);
#10481 = CARTESIAN_POINT('',(64.31656,39.75,104.9849));
#10482 = VECTOR('',#10483,1.);
#10483 = DIRECTION('',(0.,1.,0.));
#10484 = PCURVE('',#3136,#10485);
#10485 = DEFINITIONAL_REPRESENTATION('',(#10486),#10490);
#10486 = LINE('',#10487,#10488);
#10487 = CARTESIAN_POINT('',(0.162506519869,0.));
#10488 = VECTOR('',#10489,1.);
#10489 = DIRECTION('',(0.,-1.));
#10490 = ( GEOMETRIC_REPRESENTATION_CONTEXT(2) 
PARAMETRIC_REPRESENTATION_CONTEXT() REPRESENTATION_CONTEXT('2D SPACE',''
  ) );
#10491 = PCURVE('',#3108,#10492);
#10492 = DEFINITIONAL_REPRESENTATION('',(#10493),#10497);
#10493 = LINE('',#10494,#10495);
#10494 = CARTESIAN_POINT('',(0.,0.));
#10495 = VECTOR('',#10496,1.);
#10496 = DIRECTION('',(0.,-1.));
#10497 = ( GEOMETRIC_REPRESENTATION_CONTEXT(2) 
PARAMETRIC_REPRESENTATION_CONTEXT() REPRESENTATION_CONTEXT('2D SPACE',''
  ) );
#10498 = ADVANCED_FACE('',(#10499),#2520,.F.);
#10499 = FACE_BOUND('',#10500,.F.);
#10500 = EDGE_LOOP('',(#10501,#10502,#10525,#10546));
#10501 = ORIENTED_EDGE('',*,*,#2504,.T.);
#10502 = ORIENTED_EDGE('',*,*,#10503,.T.);
#10503 = EDGE_CURVE('',#2505,#10504,#10506,.T.);
#10504 = VERTEX_POINT('',#10505);
#10505 = CARTESIAN_POINT('',(59.85017,39.95,101.46097));
#10506 = SURFACE_CURVE('',#10507,(#10511,#10518),.PCURVE_S1.);
#10507 = LINE('',#10508,#10509);
#10508 = CARTESIAN_POINT('',(59.85017,39.75,101.46097));
#10509 = VECTOR('',#10510,1.);
#10510 = DIRECTION('',(0.,1.,0.));
#10511 = PCURVE('',#2520,#10512);
#10512 = DEFINITIONAL_REPRESENTATION('',(#10513),#10517);
#10513 = LINE('',#10514,#10515);
#10514 = CARTESIAN_POINT('',(0.,0.));
#10515 = VECTOR('',#10516,1.);
#10516 = DIRECTION('',(0.,-1.));
#10517 = ( GEOMETRIC_REPRESENTATION_CONTEXT(2) 
PARAMETRIC_REPRESENTATION_CONTEXT() REPRESENTATION_CONTEXT('2D SPACE',''
  ) );
#10518 = PCURVE('',#2548,#10519);
#10519 = DEFINITIONAL_REPRESENTATION('',(#10520),#10524);
#10520 = LINE('',#10521,#10522);
#10521 = CARTESIAN_POINT('',(0.162934913386,0.));
#10522 = VECTOR('',#10523,1.);
#10523 = DIRECTION('',(0.,-1.));
#10524 = ( GEOMETRIC_REPRESENTATION_CONTEXT(2) 
PARAMETRIC_REPRESENTATION_CONTEXT() REPRESENTATION_CONTEXT('2D SPACE',''
  ) );
#10525 = ORIENTED_EDGE('',*,*,#10526,.T.);
#10526 = EDGE_CURVE('',#10504,#10406,#10527,.T.);
#10527 = SURFACE_CURVE('',#10528,(#10532,#10539),.PCURVE_S1.);
#10528 = LINE('',#10529,#10530);
#10529 = CARTESIAN_POINT('',(59.85017,39.95,101.46097));
#10530 = VECTOR('',#10531,1.);
#10531 = DIRECTION('',(0.538258291755,0.,0.842779930561));
#10532 = PCURVE('',#2520,#10533);
#10533 = DEFINITIONAL_REPRESENTATION('',(#10534),#10538);
#10534 = LINE('',#10535,#10536);
#10535 = CARTESIAN_POINT('',(0.,-0.2));
#10536 = VECTOR('',#10537,1.);
#10537 = DIRECTION('',(1.,0.));
#10538 = ( GEOMETRIC_REPRESENTATION_CONTEXT(2) 
PARAMETRIC_REPRESENTATION_CONTEXT() REPRESENTATION_CONTEXT('2D SPACE',''
  ) );
#10539 = PCURVE('',#10221,#10540);
#10540 = DEFINITIONAL_REPRESENTATION('',(#10541),#10545);
#10541 = LINE('',#10542,#10543);
#10542 = CARTESIAN_POINT('',(-2.103990079013,1.21902418709));
#10543 = VECTOR('',#10544,1.);
#10544 = DIRECTION('',(0.538258291755,-0.842779930561));
#10545 = ( GEOMETRIC_REPRESENTATION_CONTEXT(2) 
PARAMETRIC_REPRESENTATION_CONTEXT() REPRESENTATION_CONTEXT('2D SPACE',''
  ) );
#10546 = ORIENTED_EDGE('',*,*,#10405,.F.);
#10547 = ADVANCED_FACE('',(#10548),#3108,.F.);
#10548 = FACE_BOUND('',#10549,.F.);
#10549 = EDGE_LOOP('',(#10550,#10551,#10552,#10575));
#10550 = ORIENTED_EDGE('',*,*,#3092,.T.);
#10551 = ORIENTED_EDGE('',*,*,#10478,.T.);
#10552 = ORIENTED_EDGE('',*,*,#10553,.T.);
#10553 = EDGE_CURVE('',#10456,#10554,#10556,.T.);
#10554 = VERTEX_POINT('',#10555);
#10555 = CARTESIAN_POINT('',(64.31924,39.95,104.82315));
#10556 = SURFACE_CURVE('',#10557,(#10561,#10568),.PCURVE_S1.);
#10557 = LINE('',#10558,#10559);
#10558 = CARTESIAN_POINT('',(64.31656,39.95,104.9849));
#10559 = VECTOR('',#10560,1.);
#10560 = DIRECTION('',(1.656650518071E-02,0.,-0.999862766036));
#10561 = PCURVE('',#3108,#10562);
#10562 = DEFINITIONAL_REPRESENTATION('',(#10563),#10567);
#10563 = LINE('',#10564,#10565);
#10564 = CARTESIAN_POINT('',(0.,-0.2));
#10565 = VECTOR('',#10566,1.);
#10566 = DIRECTION('',(1.,0.));
#10567 = ( GEOMETRIC_REPRESENTATION_CONTEXT(2) 
PARAMETRIC_REPRESENTATION_CONTEXT() REPRESENTATION_CONTEXT('2D SPACE',''
  ) );
#10568 = PCURVE('',#10221,#10569);
#10569 = DEFINITIONAL_REPRESENTATION('',(#10570),#10574);
#10570 = LINE('',#10571,#10572);
#10571 = CARTESIAN_POINT('',(2.362399920987,-2.30490581291));
#10572 = VECTOR('',#10573,1.);
#10573 = DIRECTION('',(1.656650518071E-02,0.999862766036));
#10574 = ( GEOMETRIC_REPRESENTATION_CONTEXT(2) 
PARAMETRIC_REPRESENTATION_CONTEXT() REPRESENTATION_CONTEXT('2D SPACE',''
  ) );
#10575 = ORIENTED_EDGE('',*,*,#10576,.F.);
#10576 = EDGE_CURVE('',#3065,#10554,#10577,.T.);
#10577 = SURFACE_CURVE('',#10578,(#10582,#10589),.PCURVE_S1.);
#10578 = LINE('',#10579,#10580);
#10579 = CARTESIAN_POINT('',(64.31924,39.75,104.82315));
#10580 = VECTOR('',#10581,1.);
#10581 = DIRECTION('',(0.,1.,0.));
#10582 = PCURVE('',#3108,#10583);
#10583 = DEFINITIONAL_REPRESENTATION('',(#10584),#10588);
#10584 = LINE('',#10585,#10586);
#10585 = CARTESIAN_POINT('',(0.16177220064,0.));
#10586 = VECTOR('',#10587,1.);
#10587 = DIRECTION('',(0.,-1.));
#10588 = ( GEOMETRIC_REPRESENTATION_CONTEXT(2) 
PARAMETRIC_REPRESENTATION_CONTEXT() REPRESENTATION_CONTEXT('2D SPACE',''
  ) );
#10589 = PCURVE('',#3080,#10590);
#10590 = DEFINITIONAL_REPRESENTATION('',(#10591),#10595);
#10591 = LINE('',#10592,#10593);
#10592 = CARTESIAN_POINT('',(0.,0.));
#10593 = VECTOR('',#10594,1.);
#10594 = DIRECTION('',(0.,-1.));
#10595 = ( GEOMETRIC_REPRESENTATION_CONTEXT(2) 
PARAMETRIC_REPRESENTATION_CONTEXT() REPRESENTATION_CONTEXT('2D SPACE',''
  ) );
#10596 = ADVANCED_FACE('',(#10597),#2548,.F.);
#10597 = FACE_BOUND('',#10598,.F.);
#10598 = EDGE_LOOP('',(#10599,#10600,#10623,#10644));
#10599 = ORIENTED_EDGE('',*,*,#2532,.T.);
#10600 = ORIENTED_EDGE('',*,*,#10601,.T.);
#10601 = EDGE_CURVE('',#2533,#10602,#10604,.T.);
#10602 = VERTEX_POINT('',#10603);
#10603 = CARTESIAN_POINT('',(59.77439,39.95,101.31673));
#10604 = SURFACE_CURVE('',#10605,(#10609,#10616),.PCURVE_S1.);
#10605 = LINE('',#10606,#10607);
#10606 = CARTESIAN_POINT('',(59.77439,39.75,101.31673));
#10607 = VECTOR('',#10608,1.);
#10608 = DIRECTION('',(0.,1.,0.));
#10609 = PCURVE('',#2548,#10610);
#10610 = DEFINITIONAL_REPRESENTATION('',(#10611),#10615);
#10611 = LINE('',#10612,#10613);
#10612 = CARTESIAN_POINT('',(0.,0.));
#10613 = VECTOR('',#10614,1.);
#10614 = DIRECTION('',(0.,-1.));
#10615 = ( GEOMETRIC_REPRESENTATION_CONTEXT(2) 
PARAMETRIC_REPRESENTATION_CONTEXT() REPRESENTATION_CONTEXT('2D SPACE',''
  ) );
#10616 = PCURVE('',#2576,#10617);
#10617 = DEFINITIONAL_REPRESENTATION('',(#10618),#10622);
#10618 = LINE('',#10619,#10620);
#10619 = CARTESIAN_POINT('',(0.162069708768,0.));
#10620 = VECTOR('',#10621,1.);
#10621 = DIRECTION('',(0.,-1.));
#10622 = ( GEOMETRIC_REPRESENTATION_CONTEXT(2) 
PARAMETRIC_REPRESENTATION_CONTEXT() REPRESENTATION_CONTEXT('2D SPACE',''
  ) );
#10623 = ORIENTED_EDGE('',*,*,#10624,.T.);
#10624 = EDGE_CURVE('',#10602,#10504,#10625,.T.);
#10625 = SURFACE_CURVE('',#10626,(#10630,#10637),.PCURVE_S1.);
#10626 = LINE('',#10627,#10628);
#10627 = CARTESIAN_POINT('',(59.77439,39.95,101.31673));
#10628 = VECTOR('',#10629,1.);
#10629 = DIRECTION('',(0.465093689408,0.,0.885261464242));
#10630 = PCURVE('',#2548,#10631);
#10631 = DEFINITIONAL_REPRESENTATION('',(#10632),#10636);
#10632 = LINE('',#10633,#10634);
#10633 = CARTESIAN_POINT('',(0.,-0.2));
#10634 = VECTOR('',#10635,1.);
#10635 = DIRECTION('',(1.,0.));
#10636 = ( GEOMETRIC_REPRESENTATION_CONTEXT(2) 
PARAMETRIC_REPRESENTATION_CONTEXT() REPRESENTATION_CONTEXT('2D SPACE',''
  ) );
#10637 = PCURVE('',#10221,#10638);
#10638 = DEFINITIONAL_REPRESENTATION('',(#10639),#10643);
#10639 = LINE('',#10640,#10641);
#10640 = CARTESIAN_POINT('',(-2.179770079013,1.36326418709));
#10641 = VECTOR('',#10642,1.);
#10642 = DIRECTION('',(0.465093689408,-0.885261464242));
#10643 = ( GEOMETRIC_REPRESENTATION_CONTEXT(2) 
PARAMETRIC_REPRESENTATION_CONTEXT() REPRESENTATION_CONTEXT('2D SPACE',''
  ) );
#10644 = ORIENTED_EDGE('',*,*,#10503,.F.);
#10645 = ADVANCED_FACE('',(#10646),#3080,.F.);
#10646 = FACE_BOUND('',#10647,.F.);
#10647 = EDGE_LOOP('',(#10648,#10649,#10650,#10673));
#10648 = ORIENTED_EDGE('',*,*,#3064,.T.);
#10649 = ORIENTED_EDGE('',*,*,#10576,.T.);
#10650 = ORIENTED_EDGE('',*,*,#10651,.T.);
#10651 = EDGE_CURVE('',#10554,#10652,#10654,.T.);
#10652 = VERTEX_POINT('',#10653);
#10653 = CARTESIAN_POINT('',(64.30848,39.95,104.66218));
#10654 = SURFACE_CURVE('',#10655,(#10659,#10666),.PCURVE_S1.);
#10655 = LINE('',#10656,#10657);
#10656 = CARTESIAN_POINT('',(64.31924,39.95,104.82315));
#10657 = VECTOR('',#10658,1.);
#10658 = DIRECTION('',(-6.669591371366E-02,0.,-0.997773348559));
#10659 = PCURVE('',#3080,#10660);
#10660 = DEFINITIONAL_REPRESENTATION('',(#10661),#10665);
#10661 = LINE('',#10662,#10663);
#10662 = CARTESIAN_POINT('',(0.,-0.2));
#10663 = VECTOR('',#10664,1.);
#10664 = DIRECTION('',(1.,0.));
#10665 = ( GEOMETRIC_REPRESENTATION_CONTEXT(2) 
PARAMETRIC_REPRESENTATION_CONTEXT() REPRESENTATION_CONTEXT('2D SPACE',''
  ) );
#10666 = PCURVE('',#10221,#10667);
#10667 = DEFINITIONAL_REPRESENTATION('',(#10668),#10672);
#10668 = LINE('',#10669,#10670);
#10669 = CARTESIAN_POINT('',(2.365079920987,-2.14315581291));
#10670 = VECTOR('',#10671,1.);
#10671 = DIRECTION('',(-6.669591371366E-02,0.997773348559));
#10672 = ( GEOMETRIC_REPRESENTATION_CONTEXT(2) 
PARAMETRIC_REPRESENTATION_CONTEXT() REPRESENTATION_CONTEXT('2D SPACE',''
  ) );
#10673 = ORIENTED_EDGE('',*,*,#10674,.F.);
#10674 = EDGE_CURVE('',#3037,#10652,#10675,.T.);
#10675 = SURFACE_CURVE('',#10676,(#10680,#10687),.PCURVE_S1.);
#10676 = LINE('',#10677,#10678);
#10677 = CARTESIAN_POINT('',(64.30848,39.75,104.66218));
#10678 = VECTOR('',#10679,1.);
#10679 = DIRECTION('',(0.,1.,0.));
#10680 = PCURVE('',#3080,#10681);
#10681 = DEFINITIONAL_REPRESENTATION('',(#10682),#10686);
#10682 = LINE('',#10683,#10684);
#10683 = CARTESIAN_POINT('',(0.161329223949,0.));
#10684 = VECTOR('',#10685,1.);
#10685 = DIRECTION('',(0.,-1.));
#10686 = ( GEOMETRIC_REPRESENTATION_CONTEXT(2) 
PARAMETRIC_REPRESENTATION_CONTEXT() REPRESENTATION_CONTEXT('2D SPACE',''
  ) );
#10687 = PCURVE('',#3052,#10688);
#10688 = DEFINITIONAL_REPRESENTATION('',(#10689),#10693);
#10689 = LINE('',#10690,#10691);
#10690 = CARTESIAN_POINT('',(0.,0.));
#10691 = VECTOR('',#10692,1.);
#10692 = DIRECTION('',(0.,-1.));
#10693 = ( GEOMETRIC_REPRESENTATION_CONTEXT(2) 
PARAMETRIC_REPRESENTATION_CONTEXT() REPRESENTATION_CONTEXT('2D SPACE',''
  ) );
#10694 = ADVANCED_FACE('',(#10695),#2576,.F.);
#10695 = FACE_BOUND('',#10696,.F.);
#10696 = EDGE_LOOP('',(#10697,#10698,#10721,#10742));
#10697 = ORIENTED_EDGE('',*,*,#2560,.T.);
#10698 = ORIENTED_EDGE('',*,*,#10699,.T.);
#10699 = EDGE_CURVE('',#2561,#10700,#10702,.T.);
#10700 = VERTEX_POINT('',#10701);
#10701 = CARTESIAN_POINT('',(59.71131,39.95,101.16744));
#10702 = SURFACE_CURVE('',#10703,(#10707,#10714),.PCURVE_S1.);
#10703 = LINE('',#10704,#10705);
#10704 = CARTESIAN_POINT('',(59.71131,39.75,101.16744));
#10705 = VECTOR('',#10706,1.);
#10706 = DIRECTION('',(0.,1.,0.));
#10707 = PCURVE('',#2576,#10708);
#10708 = DEFINITIONAL_REPRESENTATION('',(#10709),#10713);
#10709 = LINE('',#10710,#10711);
#10710 = CARTESIAN_POINT('',(0.,0.));
#10711 = VECTOR('',#10712,1.);
#10712 = DIRECTION('',(0.,-1.));
#10713 = ( GEOMETRIC_REPRESENTATION_CONTEXT(2) 
PARAMETRIC_REPRESENTATION_CONTEXT() REPRESENTATION_CONTEXT('2D SPACE',''
  ) );
#10714 = PCURVE('',#2604,#10715);
#10715 = DEFINITIONAL_REPRESENTATION('',(#10716),#10720);
#10716 = LINE('',#10717,#10718);
#10717 = CARTESIAN_POINT('',(0.16149683743,0.));
#10718 = VECTOR('',#10719,1.);
#10719 = DIRECTION('',(0.,-1.));
#10720 = ( GEOMETRIC_REPRESENTATION_CONTEXT(2) 
PARAMETRIC_REPRESENTATION_CONTEXT() REPRESENTATION_CONTEXT('2D SPACE',''
  ) );
#10721 = ORIENTED_EDGE('',*,*,#10722,.T.);
#10722 = EDGE_CURVE('',#10700,#10602,#10723,.T.);
#10723 = SURFACE_CURVE('',#10724,(#10728,#10735),.PCURVE_S1.);
#10724 = LINE('',#10725,#10726);
#10725 = CARTESIAN_POINT('',(59.71131,39.95,101.16744));
#10726 = VECTOR('',#10727,1.);
#10727 = DIRECTION('',(0.389215236331,0.,0.921146839439));
#10728 = PCURVE('',#2576,#10729);
#10729 = DEFINITIONAL_REPRESENTATION('',(#10730),#10734);
#10730 = LINE('',#10731,#10732);
#10731 = CARTESIAN_POINT('',(0.,-0.2));
#10732 = VECTOR('',#10733,1.);
#10733 = DIRECTION('',(1.,0.));
#10734 = ( GEOMETRIC_REPRESENTATION_CONTEXT(2) 
PARAMETRIC_REPRESENTATION_CONTEXT() REPRESENTATION_CONTEXT('2D SPACE',''
  ) );
#10735 = PCURVE('',#10221,#10736);
#10736 = DEFINITIONAL_REPRESENTATION('',(#10737),#10741);
#10737 = LINE('',#10738,#10739);
#10738 = CARTESIAN_POINT('',(-2.242850079013,1.51255418709));
#10739 = VECTOR('',#10740,1.);
#10740 = DIRECTION('',(0.389215236331,-0.921146839439));
#10741 = ( GEOMETRIC_REPRESENTATION_CONTEXT(2) 
PARAMETRIC_REPRESENTATION_CONTEXT() REPRESENTATION_CONTEXT('2D SPACE',''
  ) );
#10742 = ORIENTED_EDGE('',*,*,#10601,.F.);
#10743 = ADVANCED_FACE('',(#10744),#3052,.F.);
#10744 = FACE_BOUND('',#10745,.F.);
#10745 = EDGE_LOOP('',(#10746,#10747,#10748,#10771));
#10746 = ORIENTED_EDGE('',*,*,#3036,.T.);
#10747 = ORIENTED_EDGE('',*,*,#10674,.T.);
#10748 = ORIENTED_EDGE('',*,*,#10749,.T.);
#10749 = EDGE_CURVE('',#10652,#10750,#10752,.T.);
#10750 = VERTEX_POINT('',#10751);
#10751 = CARTESIAN_POINT('',(64.28442,39.95,104.50286));
#10752 = SURFACE_CURVE('',#10753,(#10757,#10764),.PCURVE_S1.);
#10753 = LINE('',#10754,#10755);
#10754 = CARTESIAN_POINT('',(64.30848,39.95,104.66218));
#10755 = VECTOR('',#10756,1.);
#10756 = DIRECTION('',(-0.149323676684,0.,-0.988788369461));
#10757 = PCURVE('',#3052,#10758);
#10758 = DEFINITIONAL_REPRESENTATION('',(#10759),#10763);
#10759 = LINE('',#10760,#10761);
#10760 = CARTESIAN_POINT('',(0.,-0.2));
#10761 = VECTOR('',#10762,1.);
#10762 = DIRECTION('',(1.,0.));
#10763 = ( GEOMETRIC_REPRESENTATION_CONTEXT(2) 
PARAMETRIC_REPRESENTATION_CONTEXT() REPRESENTATION_CONTEXT('2D SPACE',''
  ) );
#10764 = PCURVE('',#10221,#10765);
#10765 = DEFINITIONAL_REPRESENTATION('',(#10766),#10770);
#10766 = LINE('',#10767,#10768);
#10767 = CARTESIAN_POINT('',(2.354319920987,-1.98218581291));
#10768 = VECTOR('',#10769,1.);
#10769 = DIRECTION('',(-0.149323676684,0.988788369461));
#10770 = ( GEOMETRIC_REPRESENTATION_CONTEXT(2) 
PARAMETRIC_REPRESENTATION_CONTEXT() REPRESENTATION_CONTEXT('2D SPACE',''
  ) );
#10771 = ORIENTED_EDGE('',*,*,#10772,.F.);
#10772 = EDGE_CURVE('',#3009,#10750,#10773,.T.);
#10773 = SURFACE_CURVE('',#10774,(#10778,#10785),.PCURVE_S1.);
#10774 = LINE('',#10775,#10776);
#10775 = CARTESIAN_POINT('',(64.28442,39.75,104.50286));
#10776 = VECTOR('',#10777,1.);
#10777 = DIRECTION('',(0.,1.,0.));
#10778 = PCURVE('',#3052,#10779);
#10779 = DEFINITIONAL_REPRESENTATION('',(#10780),#10784);
#10780 = LINE('',#10781,#10782);
#10781 = CARTESIAN_POINT('',(0.161126490684,0.));
#10782 = VECTOR('',#10783,1.);
#10783 = DIRECTION('',(0.,-1.));
#10784 = ( GEOMETRIC_REPRESENTATION_CONTEXT(2) 
PARAMETRIC_REPRESENTATION_CONTEXT() REPRESENTATION_CONTEXT('2D SPACE',''
  ) );
#10785 = PCURVE('',#3024,#10786);
#10786 = DEFINITIONAL_REPRESENTATION('',(#10787),#10791);
#10787 = LINE('',#10788,#10789);
#10788 = CARTESIAN_POINT('',(0.,0.));
#10789 = VECTOR('',#10790,1.);
#10790 = DIRECTION('',(0.,-1.));
#10791 = ( GEOMETRIC_REPRESENTATION_CONTEXT(2) 
PARAMETRIC_REPRESENTATION_CONTEXT() REPRESENTATION_CONTEXT('2D SPACE',''
  ) );
#10792 = ADVANCED_FACE('',(#10793),#2604,.F.);
#10793 = FACE_BOUND('',#10794,.F.);
#10794 = EDGE_LOOP('',(#10795,#10796,#10819,#10840));
#10795 = ORIENTED_EDGE('',*,*,#2588,.T.);
#10796 = ORIENTED_EDGE('',*,*,#10797,.T.);
#10797 = EDGE_CURVE('',#2589,#10798,#10800,.T.);
#10798 = VERTEX_POINT('',#10799);
#10799 = CARTESIAN_POINT('',(59.66109,39.95,101.01395));
#10800 = SURFACE_CURVE('',#10801,(#10805,#10812),.PCURVE_S1.);
#10801 = LINE('',#10802,#10803);
#10802 = CARTESIAN_POINT('',(59.66109,39.75,101.01395));
#10803 = VECTOR('',#10804,1.);
#10804 = DIRECTION('',(0.,1.,0.));
#10805 = PCURVE('',#2604,#10806);
#10806 = DEFINITIONAL_REPRESENTATION('',(#10807),#10811);
#10807 = LINE('',#10808,#10809);
#10808 = CARTESIAN_POINT('',(0.,0.));
#10809 = VECTOR('',#10810,1.);
#10810 = DIRECTION('',(0.,-1.));
#10811 = ( GEOMETRIC_REPRESENTATION_CONTEXT(2) 
PARAMETRIC_REPRESENTATION_CONTEXT() REPRESENTATION_CONTEXT('2D SPACE',''
  ) );
#10812 = PCURVE('',#2632,#10813);
#10813 = DEFINITIONAL_REPRESENTATION('',(#10814),#10818);
#10814 = LINE('',#10815,#10816);
#10815 = CARTESIAN_POINT('',(0.161183848446,0.));
#10816 = VECTOR('',#10817,1.);
#10817 = DIRECTION('',(0.,-1.));
#10818 = ( GEOMETRIC_REPRESENTATION_CONTEXT(2) 
PARAMETRIC_REPRESENTATION_CONTEXT() REPRESENTATION_CONTEXT('2D SPACE',''
  ) );
#10819 = ORIENTED_EDGE('',*,*,#10820,.T.);
#10820 = EDGE_CURVE('',#10798,#10700,#10821,.T.);
#10821 = SURFACE_CURVE('',#10822,(#10826,#10833),.PCURVE_S1.);
#10822 = LINE('',#10823,#10824);
#10823 = CARTESIAN_POINT('',(59.66109,39.95,101.01395));
#10824 = VECTOR('',#10825,1.);
#10825 = DIRECTION('',(0.310965841803,0.,0.950421088377));
#10826 = PCURVE('',#2604,#10827);
#10827 = DEFINITIONAL_REPRESENTATION('',(#10828),#10832);
#10828 = LINE('',#10829,#10830);
#10829 = CARTESIAN_POINT('',(0.,-0.2));
#10830 = VECTOR('',#10831,1.);
#10831 = DIRECTION('',(1.,0.));
#10832 = ( GEOMETRIC_REPRESENTATION_CONTEXT(2) 
PARAMETRIC_REPRESENTATION_CONTEXT() REPRESENTATION_CONTEXT('2D SPACE',''
  ) );
#10833 = PCURVE('',#10221,#10834);
#10834 = DEFINITIONAL_REPRESENTATION('',(#10835),#10839);
#10835 = LINE('',#10836,#10837);
#10836 = CARTESIAN_POINT('',(-2.293070079013,1.66604418709));
#10837 = VECTOR('',#10838,1.);
#10838 = DIRECTION('',(0.310965841803,-0.950421088377));
#10839 = ( GEOMETRIC_REPRESENTATION_CONTEXT(2) 
PARAMETRIC_REPRESENTATION_CONTEXT() REPRESENTATION_CONTEXT('2D SPACE',''
  ) );
#10840 = ORIENTED_EDGE('',*,*,#10699,.F.);
#10841 = ADVANCED_FACE('',(#10842),#3024,.F.);
#10842 = FACE_BOUND('',#10843,.F.);
#10843 = EDGE_LOOP('',(#10844,#10845,#10846,#10869));
#10844 = ORIENTED_EDGE('',*,*,#3008,.T.);
#10845 = ORIENTED_EDGE('',*,*,#10772,.T.);
#10846 = ORIENTED_EDGE('',*,*,#10847,.T.);
#10847 = EDGE_CURVE('',#10750,#10848,#10850,.T.);
#10848 = VERTEX_POINT('',#10849);
#10849 = CARTESIAN_POINT('',(64.24721,39.95,104.34603));
#10850 = SURFACE_CURVE('',#10851,(#10855,#10862),.PCURVE_S1.);
#10851 = LINE('',#10852,#10853);
#10852 = CARTESIAN_POINT('',(64.28442,39.95,104.50286));
#10853 = VECTOR('',#10854,1.);
#10854 = DIRECTION('',(-0.230854396136,0.,-0.972988308144));
#10855 = PCURVE('',#3024,#10856);
#10856 = DEFINITIONAL_REPRESENTATION('',(#10857),#10861);
#10857 = LINE('',#10858,#10859);
#10858 = CARTESIAN_POINT('',(0.,-0.2));
#10859 = VECTOR('',#10860,1.);
#10860 = DIRECTION('',(1.,0.));
#10861 = ( GEOMETRIC_REPRESENTATION_CONTEXT(2) 
PARAMETRIC_REPRESENTATION_CONTEXT() REPRESENTATION_CONTEXT('2D SPACE',''
  ) );
#10862 = PCURVE('',#10221,#10863);
#10863 = DEFINITIONAL_REPRESENTATION('',(#10864),#10868);
#10864 = LINE('',#10865,#10866);
#10865 = CARTESIAN_POINT('',(2.330259920987,-1.82286581291));
#10866 = VECTOR('',#10867,1.);
#10867 = DIRECTION('',(-0.230854396136,0.972988308144));
#10868 = ( GEOMETRIC_REPRESENTATION_CONTEXT(2) 
PARAMETRIC_REPRESENTATION_CONTEXT() REPRESENTATION_CONTEXT('2D SPACE',''
  ) );
#10869 = ORIENTED_EDGE('',*,*,#10870,.F.);
#10870 = EDGE_CURVE('',#2981,#10848,#10871,.T.);
#10871 = SURFACE_CURVE('',#10872,(#10876,#10883),.PCURVE_S1.);
#10872 = LINE('',#10873,#10874);
#10873 = CARTESIAN_POINT('',(64.24721,39.75,104.34603));
#10874 = VECTOR('',#10875,1.);
#10875 = DIRECTION('',(0.,1.,0.));
#10876 = PCURVE('',#3024,#10877);
#10877 = DEFINITIONAL_REPRESENTATION('',(#10878),#10882);
#10878 = LINE('',#10879,#10880);
#10879 = CARTESIAN_POINT('',(0.161183848446,0.));
#10880 = VECTOR('',#10881,1.);
#10881 = DIRECTION('',(0.,-1.));
#10882 = ( GEOMETRIC_REPRESENTATION_CONTEXT(2) 
PARAMETRIC_REPRESENTATION_CONTEXT() REPRESENTATION_CONTEXT('2D SPACE',''
  ) );
#10883 = PCURVE('',#2996,#10884);
#10884 = DEFINITIONAL_REPRESENTATION('',(#10885),#10889);
#10885 = LINE('',#10886,#10887);
#10886 = CARTESIAN_POINT('',(0.,0.));
#10887 = VECTOR('',#10888,1.);
#10888 = DIRECTION('',(0.,-1.));
#10889 = ( GEOMETRIC_REPRESENTATION_CONTEXT(2) 
PARAMETRIC_REPRESENTATION_CONTEXT() REPRESENTATION_CONTEXT('2D SPACE',''
  ) );
#10890 = ADVANCED_FACE('',(#10891),#2632,.F.);
#10891 = FACE_BOUND('',#10892,.F.);
#10892 = EDGE_LOOP('',(#10893,#10894,#10917,#10938));
#10893 = ORIENTED_EDGE('',*,*,#2616,.T.);
#10894 = ORIENTED_EDGE('',*,*,#10895,.T.);
#10895 = EDGE_CURVE('',#2617,#10896,#10898,.T.);
#10896 = VERTEX_POINT('',#10897);
#10897 = CARTESIAN_POINT('',(59.62388,39.95,100.85712));
#10898 = SURFACE_CURVE('',#10899,(#10903,#10910),.PCURVE_S1.);
#10899 = LINE('',#10900,#10901);
#10900 = CARTESIAN_POINT('',(59.62388,39.75,100.85712));
#10901 = VECTOR('',#10902,1.);
#10902 = DIRECTION('',(0.,1.,0.));
#10903 = PCURVE('',#2632,#10904);
#10904 = DEFINITIONAL_REPRESENTATION('',(#10905),#10909);
#10905 = LINE('',#10906,#10907);
#10906 = CARTESIAN_POINT('',(0.,0.));
#10907 = VECTOR('',#10908,1.);
#10908 = DIRECTION('',(0.,-1.));
#10909 = ( GEOMETRIC_REPRESENTATION_CONTEXT(2) 
PARAMETRIC_REPRESENTATION_CONTEXT() REPRESENTATION_CONTEXT('2D SPACE',''
  ) );
#10910 = PCURVE('',#2660,#10911);
#10911 = DEFINITIONAL_REPRESENTATION('',(#10912),#10916);
#10912 = LINE('',#10913,#10914);
#10913 = CARTESIAN_POINT('',(0.161126490684,0.));
#10914 = VECTOR('',#10915,1.);
#10915 = DIRECTION('',(0.,-1.));
#10916 = ( GEOMETRIC_REPRESENTATION_CONTEXT(2) 
PARAMETRIC_REPRESENTATION_CONTEXT() REPRESENTATION_CONTEXT('2D SPACE',''
  ) );
#10917 = ORIENTED_EDGE('',*,*,#10918,.T.);
#10918 = EDGE_CURVE('',#10896,#10798,#10919,.T.);
#10919 = SURFACE_CURVE('',#10920,(#10924,#10931),.PCURVE_S1.);
#10920 = LINE('',#10921,#10922);
#10921 = CARTESIAN_POINT('',(59.62388,39.95,100.85712));
#10922 = VECTOR('',#10923,1.);
#10923 = DIRECTION('',(0.230854396136,0.,0.972988308144));
#10924 = PCURVE('',#2632,#10925);
#10925 = DEFINITIONAL_REPRESENTATION('',(#10926),#10930);
#10926 = LINE('',#10927,#10928);
#10927 = CARTESIAN_POINT('',(0.,-0.2));
#10928 = VECTOR('',#10929,1.);
#10929 = DIRECTION('',(1.,0.));
#10930 = ( GEOMETRIC_REPRESENTATION_CONTEXT(2) 
PARAMETRIC_REPRESENTATION_CONTEXT() REPRESENTATION_CONTEXT('2D SPACE',''
  ) );
#10931 = PCURVE('',#10221,#10932);
#10932 = DEFINITIONAL_REPRESENTATION('',(#10933),#10937);
#10933 = LINE('',#10934,#10935);
#10934 = CARTESIAN_POINT('',(-2.330280079013,1.82287418709));
#10935 = VECTOR('',#10936,1.);
#10936 = DIRECTION('',(0.230854396136,-0.972988308144));
#10937 = ( GEOMETRIC_REPRESENTATION_CONTEXT(2) 
PARAMETRIC_REPRESENTATION_CONTEXT() REPRESENTATION_CONTEXT('2D SPACE',''
  ) );
#10938 = ORIENTED_EDGE('',*,*,#10797,.F.);
#10939 = ADVANCED_FACE('',(#10940),#2996,.F.);
#10940 = FACE_BOUND('',#10941,.F.);
#10941 = EDGE_LOOP('',(#10942,#10943,#10944,#10967));
#10942 = ORIENTED_EDGE('',*,*,#2980,.T.);
#10943 = ORIENTED_EDGE('',*,*,#10870,.T.);
#10944 = ORIENTED_EDGE('',*,*,#10945,.T.);
#10945 = EDGE_CURVE('',#10848,#10946,#10948,.T.);
#10946 = VERTEX_POINT('',#10947);
#10947 = CARTESIAN_POINT('',(64.19701,39.95,104.19254));
#10948 = SURFACE_CURVE('',#10949,(#10953,#10960),.PCURVE_S1.);
#10949 = LINE('',#10950,#10951);
#10950 = CARTESIAN_POINT('',(64.24721,39.95,104.34603));
#10951 = VECTOR('',#10952,1.);
#10952 = DIRECTION('',(-0.310853969343,0.,-0.950457684352));
#10953 = PCURVE('',#2996,#10954);
#10954 = DEFINITIONAL_REPRESENTATION('',(#10955),#10959);
#10955 = LINE('',#10956,#10957);
#10956 = CARTESIAN_POINT('',(0.,-0.2));
#10957 = VECTOR('',#10958,1.);
#10958 = DIRECTION('',(1.,0.));
#10959 = ( GEOMETRIC_REPRESENTATION_CONTEXT(2) 
PARAMETRIC_REPRESENTATION_CONTEXT() REPRESENTATION_CONTEXT('2D SPACE',''
  ) );
#10960 = PCURVE('',#10221,#10961);
#10961 = DEFINITIONAL_REPRESENTATION('',(#10962),#10966);
#10962 = LINE('',#10963,#10964);
#10963 = CARTESIAN_POINT('',(2.293049920987,-1.66603581291));
#10964 = VECTOR('',#10965,1.);
#10965 = DIRECTION('',(-0.310853969343,0.950457684352));
#10966 = ( GEOMETRIC_REPRESENTATION_CONTEXT(2) 
PARAMETRIC_REPRESENTATION_CONTEXT() REPRESENTATION_CONTEXT('2D SPACE',''
  ) );
#10967 = ORIENTED_EDGE('',*,*,#10968,.F.);
#10968 = EDGE_CURVE('',#2953,#10946,#10969,.T.);
#10969 = SURFACE_CURVE('',#10970,(#10974,#10981),.PCURVE_S1.);
#10970 = LINE('',#10971,#10972);
#10971 = CARTESIAN_POINT('',(64.19701,39.75,104.19254));
#10972 = VECTOR('',#10973,1.);
#10973 = DIRECTION('',(0.,1.,0.));
#10974 = PCURVE('',#2996,#10975);
#10975 = DEFINITIONAL_REPRESENTATION('',(#10976),#10980);
#10976 = LINE('',#10977,#10978);
#10977 = CARTESIAN_POINT('',(0.161490619232,0.));
#10978 = VECTOR('',#10979,1.);
#10979 = DIRECTION('',(0.,-1.));
#10980 = ( GEOMETRIC_REPRESENTATION_CONTEXT(2) 
PARAMETRIC_REPRESENTATION_CONTEXT() REPRESENTATION_CONTEXT('2D SPACE',''
  ) );
#10981 = PCURVE('',#2968,#10982);
#10982 = DEFINITIONAL_REPRESENTATION('',(#10983),#10987);
#10983 = LINE('',#10984,#10985);
#10984 = CARTESIAN_POINT('',(0.,0.));
#10985 = VECTOR('',#10986,1.);
#10986 = DIRECTION('',(0.,-1.));
#10987 = ( GEOMETRIC_REPRESENTATION_CONTEXT(2) 
PARAMETRIC_REPRESENTATION_CONTEXT() REPRESENTATION_CONTEXT('2D SPACE',''
  ) );
#10988 = ADVANCED_FACE('',(#10989),#2660,.F.);
#10989 = FACE_BOUND('',#10990,.F.);
#10990 = EDGE_LOOP('',(#10991,#10992,#11015,#11036));
#10991 = ORIENTED_EDGE('',*,*,#2644,.T.);
#10992 = ORIENTED_EDGE('',*,*,#10993,.T.);
#10993 = EDGE_CURVE('',#2645,#10994,#10996,.T.);
#10994 = VERTEX_POINT('',#10995);
#10995 = CARTESIAN_POINT('',(59.59982,39.95,100.6978));
#10996 = SURFACE_CURVE('',#10997,(#11001,#11008),.PCURVE_S1.);
#10997 = LINE('',#10998,#10999);
#10998 = CARTESIAN_POINT('',(59.59982,39.75,100.6978));
#10999 = VECTOR('',#11000,1.);
#11000 = DIRECTION('',(0.,1.,0.));
#11001 = PCURVE('',#2660,#11002);
#11002 = DEFINITIONAL_REPRESENTATION('',(#11003),#11007);
#11003 = LINE('',#11004,#11005);
#11004 = CARTESIAN_POINT('',(0.,0.));
#11005 = VECTOR('',#11006,1.);
#11006 = DIRECTION('',(0.,-1.));
#11007 = ( GEOMETRIC_REPRESENTATION_CONTEXT(2) 
PARAMETRIC_REPRESENTATION_CONTEXT() REPRESENTATION_CONTEXT('2D SPACE',''
  ) );
#11008 = PCURVE('',#2688,#11009);
#11009 = DEFINITIONAL_REPRESENTATION('',(#11010),#11014);
#11010 = LINE('',#11011,#11012);
#11011 = CARTESIAN_POINT('',(0.161329223949,0.));
#11012 = VECTOR('',#11013,1.);
#11013 = DIRECTION('',(0.,-1.));
#11014 = ( GEOMETRIC_REPRESENTATION_CONTEXT(2) 
PARAMETRIC_REPRESENTATION_CONTEXT() REPRESENTATION_CONTEXT('2D SPACE',''
  ) );
#11015 = ORIENTED_EDGE('',*,*,#11016,.T.);
#11016 = EDGE_CURVE('',#10994,#10896,#11017,.T.);
#11017 = SURFACE_CURVE('',#11018,(#11022,#11029),.PCURVE_S1.);
#11018 = LINE('',#11019,#11020);
#11019 = CARTESIAN_POINT('',(59.59982,39.95,100.6978));
#11020 = VECTOR('',#11021,1.);
#11021 = DIRECTION('',(0.149323676684,0.,0.988788369461));
#11022 = PCURVE('',#2660,#11023);
#11023 = DEFINITIONAL_REPRESENTATION('',(#11024),#11028);
#11024 = LINE('',#11025,#11026);
#11025 = CARTESIAN_POINT('',(0.,-0.2));
#11026 = VECTOR('',#11027,1.);
#11027 = DIRECTION('',(1.,0.));
#11028 = ( GEOMETRIC_REPRESENTATION_CONTEXT(2) 
PARAMETRIC_REPRESENTATION_CONTEXT() REPRESENTATION_CONTEXT('2D SPACE',''
  ) );
#11029 = PCURVE('',#10221,#11030);
#11030 = DEFINITIONAL_REPRESENTATION('',(#11031),#11035);
#11031 = LINE('',#11032,#11033);
#11032 = CARTESIAN_POINT('',(-2.354340079013,1.98219418709));
#11033 = VECTOR('',#11034,1.);
#11034 = DIRECTION('',(0.149323676684,-0.988788369461));
#11035 = ( GEOMETRIC_REPRESENTATION_CONTEXT(2) 
PARAMETRIC_REPRESENTATION_CONTEXT() REPRESENTATION_CONTEXT('2D SPACE',''
  ) );
#11036 = ORIENTED_EDGE('',*,*,#10895,.F.);
#11037 = ADVANCED_FACE('',(#11038),#2968,.F.);
#11038 = FACE_BOUND('',#11039,.F.);
#11039 = EDGE_LOOP('',(#11040,#11041,#11042,#11065));
#11040 = ORIENTED_EDGE('',*,*,#2952,.T.);
#11041 = ORIENTED_EDGE('',*,*,#10968,.T.);
#11042 = ORIENTED_EDGE('',*,*,#11043,.T.);
#11043 = EDGE_CURVE('',#10946,#11044,#11046,.T.);
#11044 = VERTEX_POINT('',#11045);
#11045 = CARTESIAN_POINT('',(64.13395,39.95,104.04325));
#11046 = SURFACE_CURVE('',#11047,(#11051,#11058),.PCURVE_S1.);
#11047 = LINE('',#11048,#11049);
#11048 = CARTESIAN_POINT('',(64.19701,39.95,104.19254));
#11049 = VECTOR('',#11050,1.);
#11050 = DIRECTION('',(-0.389110519337,0.,-0.921191078844));
#11051 = PCURVE('',#2968,#11052);
#11052 = DEFINITIONAL_REPRESENTATION('',(#11053),#11057);
#11053 = LINE('',#11054,#11055);
#11054 = CARTESIAN_POINT('',(0.,-0.2));
#11055 = VECTOR('',#11056,1.);
#11056 = DIRECTION('',(1.,0.));
#11057 = ( GEOMETRIC_REPRESENTATION_CONTEXT(2) 
PARAMETRIC_REPRESENTATION_CONTEXT() REPRESENTATION_CONTEXT('2D SPACE',''
  ) );
#11058 = PCURVE('',#10221,#11059);
#11059 = DEFINITIONAL_REPRESENTATION('',(#11060),#11064);
#11060 = LINE('',#11061,#11062);
#11061 = CARTESIAN_POINT('',(2.242849920987,-1.51254581291));
#11062 = VECTOR('',#11063,1.);
#11063 = DIRECTION('',(-0.389110519337,0.921191078844));
#11064 = ( GEOMETRIC_REPRESENTATION_CONTEXT(2) 
PARAMETRIC_REPRESENTATION_CONTEXT() REPRESENTATION_CONTEXT('2D SPACE',''
  ) );
#11065 = ORIENTED_EDGE('',*,*,#11066,.F.);
#11066 = EDGE_CURVE('',#2925,#11044,#11067,.T.);
#11067 = SURFACE_CURVE('',#11068,(#11072,#11079),.PCURVE_S1.);
#11068 = LINE('',#11069,#11070);
#11069 = CARTESIAN_POINT('',(64.13395,39.75,104.04325));
#11070 = VECTOR('',#11071,1.);
#11071 = DIRECTION('',(0.,1.,0.));
#11072 = PCURVE('',#2968,#11073);
#11073 = DEFINITIONAL_REPRESENTATION('',(#11074),#11078);
#11074 = LINE('',#11075,#11076);
#11075 = CARTESIAN_POINT('',(0.16206192551,0.));
#11076 = VECTOR('',#11077,1.);
#11077 = DIRECTION('',(0.,-1.));
#11078 = ( GEOMETRIC_REPRESENTATION_CONTEXT(2) 
PARAMETRIC_REPRESENTATION_CONTEXT() REPRESENTATION_CONTEXT('2D SPACE',''
  ) );
#11079 = PCURVE('',#2940,#11080);
#11080 = DEFINITIONAL_REPRESENTATION('',(#11081),#11085);
#11081 = LINE('',#11082,#11083);
#11082 = CARTESIAN_POINT('',(0.,0.));
#11083 = VECTOR('',#11084,1.);
#11084 = DIRECTION('',(0.,-1.));
#11085 = ( GEOMETRIC_REPRESENTATION_CONTEXT(2) 
PARAMETRIC_REPRESENTATION_CONTEXT() REPRESENTATION_CONTEXT('2D SPACE',''
  ) );
#11086 = ADVANCED_FACE('',(#11087),#2688,.F.);
#11087 = FACE_BOUND('',#11088,.F.);
#11088 = EDGE_LOOP('',(#11089,#11090,#11113,#11134));
#11089 = ORIENTED_EDGE('',*,*,#2672,.T.);
#11090 = ORIENTED_EDGE('',*,*,#11091,.T.);
#11091 = EDGE_CURVE('',#2673,#11092,#11094,.T.);
#11092 = VERTEX_POINT('',#11093);
#11093 = CARTESIAN_POINT('',(59.58906,39.95,100.53683));
#11094 = SURFACE_CURVE('',#11095,(#11099,#11106),.PCURVE_S1.);
#11095 = LINE('',#11096,#11097);
#11096 = CARTESIAN_POINT('',(59.58906,39.75,100.53683));
#11097 = VECTOR('',#11098,1.);
#11098 = DIRECTION('',(0.,1.,0.));
#11099 = PCURVE('',#2688,#11100);
#11100 = DEFINITIONAL_REPRESENTATION('',(#11101),#11105);
#11101 = LINE('',#11102,#11103);
#11102 = CARTESIAN_POINT('',(0.,0.));
#11103 = VECTOR('',#11104,1.);
#11104 = DIRECTION('',(0.,-1.));
#11105 = ( GEOMETRIC_REPRESENTATION_CONTEXT(2) 
PARAMETRIC_REPRESENTATION_CONTEXT() REPRESENTATION_CONTEXT('2D SPACE',''
  ) );
#11106 = PCURVE('',#2716,#11107);
#11107 = DEFINITIONAL_REPRESENTATION('',(#11108),#11112);
#11108 = LINE('',#11109,#11110);
#11109 = CARTESIAN_POINT('',(0.161792363849,0.));
#11110 = VECTOR('',#11111,1.);
#11111 = DIRECTION('',(0.,-1.));
#11112 = ( GEOMETRIC_REPRESENTATION_CONTEXT(2) 
PARAMETRIC_REPRESENTATION_CONTEXT() REPRESENTATION_CONTEXT('2D SPACE',''
  ) );
#11113 = ORIENTED_EDGE('',*,*,#11114,.T.);
#11114 = EDGE_CURVE('',#11092,#10994,#11115,.T.);
#11115 = SURFACE_CURVE('',#11116,(#11120,#11127),.PCURVE_S1.);
#11116 = LINE('',#11117,#11118);
#11117 = CARTESIAN_POINT('',(59.58906,39.95,100.53683));
#11118 = VECTOR('',#11119,1.);
#11119 = DIRECTION('',(6.669591371366E-02,0.,0.997773348559));
#11120 = PCURVE('',#2688,#11121);
#11121 = DEFINITIONAL_REPRESENTATION('',(#11122),#11126);
#11122 = LINE('',#11123,#11124);
#11123 = CARTESIAN_POINT('',(0.,-0.2));
#11124 = VECTOR('',#11125,1.);
#11125 = DIRECTION('',(1.,0.));
#11126 = ( GEOMETRIC_REPRESENTATION_CONTEXT(2) 
PARAMETRIC_REPRESENTATION_CONTEXT() REPRESENTATION_CONTEXT('2D SPACE',''
  ) );
#11127 = PCURVE('',#10221,#11128);
#11128 = DEFINITIONAL_REPRESENTATION('',(#11129),#11133);
#11129 = LINE('',#11130,#11131);
#11130 = CARTESIAN_POINT('',(-2.365100079013,2.14316418709));
#11131 = VECTOR('',#11132,1.);
#11132 = DIRECTION('',(6.669591371366E-02,-0.997773348559));
#11133 = ( GEOMETRIC_REPRESENTATION_CONTEXT(2) 
PARAMETRIC_REPRESENTATION_CONTEXT() REPRESENTATION_CONTEXT('2D SPACE',''
  ) );
#11134 = ORIENTED_EDGE('',*,*,#10993,.F.);
#11135 = ADVANCED_FACE('',(#11136),#2940,.F.);
#11136 = FACE_BOUND('',#11137,.F.);
#11137 = EDGE_LOOP('',(#11138,#11139,#11140,#11163));
#11138 = ORIENTED_EDGE('',*,*,#2924,.T.);
#11139 = ORIENTED_EDGE('',*,*,#11066,.T.);
#11140 = ORIENTED_EDGE('',*,*,#11141,.T.);
#11141 = EDGE_CURVE('',#11044,#11142,#11144,.T.);
#11142 = VERTEX_POINT('',#11143);
#11143 = CARTESIAN_POINT('',(64.05819,39.95,103.899));
#11144 = SURFACE_CURVE('',#11145,(#11149,#11156),.PCURVE_S1.);
#11145 = LINE('',#11146,#11147);
#11146 = CARTESIAN_POINT('',(64.13395,39.95,104.04325));
#11147 = VECTOR('',#11148,1.);
#11148 = DIRECTION('',(-0.464972218695,0.,-0.885325271209));
#11149 = PCURVE('',#2940,#11150);
#11150 = DEFINITIONAL_REPRESENTATION('',(#11151),#11155);
#11151 = LINE('',#11152,#11153);
#11152 = CARTESIAN_POINT('',(0.,-0.2));
#11153 = VECTOR('',#11154,1.);
#11154 = DIRECTION('',(1.,0.));
#11155 = ( GEOMETRIC_REPRESENTATION_CONTEXT(2) 
PARAMETRIC_REPRESENTATION_CONTEXT() REPRESENTATION_CONTEXT('2D SPACE',''
  ) );
#11156 = PCURVE('',#10221,#11157);
#11157 = DEFINITIONAL_REPRESENTATION('',(#11158),#11162);
#11158 = LINE('',#11159,#11160);
#11159 = CARTESIAN_POINT('',(2.179789920987,-1.36325581291));
#11160 = VECTOR('',#11161,1.);
#11161 = DIRECTION('',(-0.464972218695,0.885325271209));
#11162 = ( GEOMETRIC_REPRESENTATION_CONTEXT(2) 
PARAMETRIC_REPRESENTATION_CONTEXT() REPRESENTATION_CONTEXT('2D SPACE',''
  ) );
#11163 = ORIENTED_EDGE('',*,*,#11164,.F.);
#11164 = EDGE_CURVE('',#2897,#11142,#11165,.T.);
#11165 = SURFACE_CURVE('',#11166,(#11170,#11177),.PCURVE_S1.);
#11166 = LINE('',#11167,#11168);
#11167 = CARTESIAN_POINT('',(64.05819,39.75,103.899));
#11168 = VECTOR('',#11169,1.);
#11169 = DIRECTION('',(0.,1.,0.));
#11170 = PCURVE('',#2940,#11171);
#11171 = DEFINITIONAL_REPRESENTATION('',(#11172),#11176);
#11172 = LINE('',#11173,#11174);
#11173 = CARTESIAN_POINT('',(0.16293446566,0.));
#11174 = VECTOR('',#11175,1.);
#11175 = DIRECTION('',(0.,-1.));
#11176 = ( GEOMETRIC_REPRESENTATION_CONTEXT(2) 
PARAMETRIC_REPRESENTATION_CONTEXT() REPRESENTATION_CONTEXT('2D SPACE',''
  ) );
#11177 = PCURVE('',#2912,#11178);
#11178 = DEFINITIONAL_REPRESENTATION('',(#11179),#11183);
#11179 = LINE('',#11180,#11181);
#11180 = CARTESIAN_POINT('',(0.,0.));
#11181 = VECTOR('',#11182,1.);
#11182 = DIRECTION('',(0.,-1.));
#11183 = ( GEOMETRIC_REPRESENTATION_CONTEXT(2) 
PARAMETRIC_REPRESENTATION_CONTEXT() REPRESENTATION_CONTEXT('2D SPACE',''
  ) );
#11184 = ADVANCED_FACE('',(#11185),#2716,.F.);
#11185 = FACE_BOUND('',#11186,.F.);
#11186 = EDGE_LOOP('',(#11187,#11188,#11211,#11232));
#11187 = ORIENTED_EDGE('',*,*,#2700,.T.);
#11188 = ORIENTED_EDGE('',*,*,#11189,.T.);
#11189 = EDGE_CURVE('',#2701,#11190,#11192,.T.);
#11190 = VERTEX_POINT('',#11191);
#11191 = CARTESIAN_POINT('',(59.59175,39.95,100.37506));
#11192 = SURFACE_CURVE('',#11193,(#11197,#11204),.PCURVE_S1.);
#11193 = LINE('',#11194,#11195);
#11194 = CARTESIAN_POINT('',(59.59175,39.75,100.37506));
#11195 = VECTOR('',#11196,1.);
#11196 = DIRECTION('',(0.,1.,0.));
#11197 = PCURVE('',#2716,#11198);
#11198 = DEFINITIONAL_REPRESENTATION('',(#11199),#11203);
#11199 = LINE('',#11200,#11201);
#11200 = CARTESIAN_POINT('',(0.,0.));
#11201 = VECTOR('',#11202,1.);
#11202 = DIRECTION('',(0.,-1.));
#11203 = ( GEOMETRIC_REPRESENTATION_CONTEXT(2) 
PARAMETRIC_REPRESENTATION_CONTEXT() REPRESENTATION_CONTEXT('2D SPACE',''
  ) );
#11204 = PCURVE('',#2744,#11205);
#11205 = DEFINITIONAL_REPRESENTATION('',(#11206),#11210);
#11206 = LINE('',#11207,#11208);
#11207 = CARTESIAN_POINT('',(0.162528422745,0.));
#11208 = VECTOR('',#11209,1.);
#11209 = DIRECTION('',(0.,-1.));
#11210 = ( GEOMETRIC_REPRESENTATION_CONTEXT(2) 
PARAMETRIC_REPRESENTATION_CONTEXT() REPRESENTATION_CONTEXT('2D SPACE',''
  ) );
#11211 = ORIENTED_EDGE('',*,*,#11212,.T.);
#11212 = EDGE_CURVE('',#11190,#11092,#11213,.T.);
#11213 = SURFACE_CURVE('',#11214,(#11218,#11225),.PCURVE_S1.);
#11214 = LINE('',#11215,#11216);
#11215 = CARTESIAN_POINT('',(59.59175,39.95,100.37506));
#11216 = VECTOR('',#11217,1.);
#11217 = DIRECTION('',(-1.662624821096E-02,0.,0.999861774382));
#11218 = PCURVE('',#2716,#11219);
#11219 = DEFINITIONAL_REPRESENTATION('',(#11220),#11224);
#11220 = LINE('',#11221,#11222);
#11221 = CARTESIAN_POINT('',(0.,-0.2));
#11222 = VECTOR('',#11223,1.);
#11223 = DIRECTION('',(1.,0.));
#11224 = ( GEOMETRIC_REPRESENTATION_CONTEXT(2) 
PARAMETRIC_REPRESENTATION_CONTEXT() REPRESENTATION_CONTEXT('2D SPACE',''
  ) );
#11225 = PCURVE('',#10221,#11226);
#11226 = DEFINITIONAL_REPRESENTATION('',(#11227),#11231);
#11227 = LINE('',#11228,#11229);
#11228 = CARTESIAN_POINT('',(-2.362410079013,2.30493418709));
#11229 = VECTOR('',#11230,1.);
#11230 = DIRECTION('',(-1.662624821096E-02,-0.999861774382));
#11231 = ( GEOMETRIC_REPRESENTATION_CONTEXT(2) 
PARAMETRIC_REPRESENTATION_CONTEXT() REPRESENTATION_CONTEXT('2D SPACE',''
  ) );
#11232 = ORIENTED_EDGE('',*,*,#11091,.F.);
#11233 = ADVANCED_FACE('',(#11234),#2912,.F.);
#11234 = FACE_BOUND('',#11235,.F.);
#11235 = EDGE_LOOP('',(#11236,#11237,#11238,#11261));
#11236 = ORIENTED_EDGE('',*,*,#2896,.T.);
#11237 = ORIENTED_EDGE('',*,*,#11164,.T.);
#11238 = ORIENTED_EDGE('',*,*,#11239,.T.);
#11239 = EDGE_CURVE('',#11142,#11240,#11242,.T.);
#11240 = VERTEX_POINT('',#11241);
#11241 = CARTESIAN_POINT('',(63.96987,39.95,103.76064));
#11242 = SURFACE_CURVE('',#11243,(#11247,#11254),.PCURVE_S1.);
#11243 = LINE('',#11244,#11245);
#11244 = CARTESIAN_POINT('',(64.05819,39.95,103.899));
#11245 = VECTOR('',#11246,1.);
#11246 = DIRECTION('',(-0.538057556084,0.,-0.842908100768));
#11247 = PCURVE('',#2912,#11248);
#11248 = DEFINITIONAL_REPRESENTATION('',(#11249),#11253);
#11249 = LINE('',#11250,#11251);
#11250 = CARTESIAN_POINT('',(0.,-0.2));
#11251 = VECTOR('',#11252,1.);
#11252 = DIRECTION('',(1.,0.));
#11253 = ( GEOMETRIC_REPRESENTATION_CONTEXT(2) 
PARAMETRIC_REPRESENTATION_CONTEXT() REPRESENTATION_CONTEXT('2D SPACE',''
  ) );
#11254 = PCURVE('',#10221,#11255);
#11255 = DEFINITIONAL_REPRESENTATION('',(#11256),#11260);
#11256 = LINE('',#11257,#11258);
#11257 = CARTESIAN_POINT('',(2.104029920987,-1.21900581291));
#11258 = VECTOR('',#11259,1.);
#11259 = DIRECTION('',(-0.538057556084,0.842908100768));
#11260 = ( GEOMETRIC_REPRESENTATION_CONTEXT(2) 
PARAMETRIC_REPRESENTATION_CONTEXT() REPRESENTATION_CONTEXT('2D SPACE',''
  ) );
#11261 = ORIENTED_EDGE('',*,*,#11262,.F.);
#11262 = EDGE_CURVE('',#2869,#11240,#11263,.T.);
#11263 = SURFACE_CURVE('',#11264,(#11268,#11275),.PCURVE_S1.);
#11264 = LINE('',#11265,#11266);
#11265 = CARTESIAN_POINT('',(63.96987,39.75,103.76064));
#11266 = VECTOR('',#11267,1.);
#11267 = DIRECTION('',(0.,1.,0.));
#11268 = PCURVE('',#2912,#11269);
#11269 = DEFINITIONAL_REPRESENTATION('',(#11270),#11274);
#11270 = LINE('',#11271,#11272);
#11271 = CARTESIAN_POINT('',(0.164146008176,0.));
#11272 = VECTOR('',#11273,1.);
#11273 = DIRECTION('',(0.,-1.));
#11274 = ( GEOMETRIC_REPRESENTATION_CONTEXT(2) 
PARAMETRIC_REPRESENTATION_CONTEXT() REPRESENTATION_CONTEXT('2D SPACE',''
  ) );
#11275 = PCURVE('',#2884,#11276);
#11276 = DEFINITIONAL_REPRESENTATION('',(#11277),#11281);
#11277 = LINE('',#11278,#11279);
#11278 = CARTESIAN_POINT('',(0.,0.));
#11279 = VECTOR('',#11280,1.);
#11280 = DIRECTION('',(0.,-1.));
#11281 = ( GEOMETRIC_REPRESENTATION_CONTEXT(2) 
PARAMETRIC_REPRESENTATION_CONTEXT() REPRESENTATION_CONTEXT('2D SPACE',''
  ) );
#11282 = ADVANCED_FACE('',(#11283),#2744,.F.);
#11283 = FACE_BOUND('',#11284,.F.);
#11284 = EDGE_LOOP('',(#11285,#11286,#11309,#11330));
#11285 = ORIENTED_EDGE('',*,*,#2728,.T.);
#11286 = ORIENTED_EDGE('',*,*,#11287,.T.);
#11287 = EDGE_CURVE('',#2729,#11288,#11290,.T.);
#11288 = VERTEX_POINT('',#11289);
#11289 = CARTESIAN_POINT('',(59.60804,39.95,100.21335));
#11290 = SURFACE_CURVE('',#11291,(#11295,#11302),.PCURVE_S1.);
#11291 = LINE('',#11292,#11293);
#11292 = CARTESIAN_POINT('',(59.60804,39.75,100.21335));
#11293 = VECTOR('',#11294,1.);
#11294 = DIRECTION('',(0.,1.,0.));
#11295 = PCURVE('',#2744,#11296);
#11296 = DEFINITIONAL_REPRESENTATION('',(#11297),#11301);
#11297 = LINE('',#11298,#11299);
#11298 = CARTESIAN_POINT('',(0.,0.));
#11299 = VECTOR('',#11300,1.);
#11300 = DIRECTION('',(0.,-1.));
#11301 = ( GEOMETRIC_REPRESENTATION_CONTEXT(2) 
PARAMETRIC_REPRESENTATION_CONTEXT() REPRESENTATION_CONTEXT('2D SPACE',''
  ) );
#11302 = PCURVE('',#2772,#11303);
#11303 = DEFINITIONAL_REPRESENTATION('',(#11304),#11308);
#11304 = LINE('',#11305,#11306);
#11305 = CARTESIAN_POINT('',(0.163570244849,0.));
#11306 = VECTOR('',#11307,1.);
#11307 = DIRECTION('',(0.,-1.));
#11308 = ( GEOMETRIC_REPRESENTATION_CONTEXT(2) 
PARAMETRIC_REPRESENTATION_CONTEXT() REPRESENTATION_CONTEXT('2D SPACE',''
  ) );
#11309 = ORIENTED_EDGE('',*,*,#11310,.T.);
#11310 = EDGE_CURVE('',#11288,#11190,#11311,.T.);
#11311 = SURFACE_CURVE('',#11312,(#11316,#11323),.PCURVE_S1.);
#11312 = LINE('',#11313,#11314);
#11313 = CARTESIAN_POINT('',(59.60804,39.95,100.21335));
#11314 = VECTOR('',#11315,1.);
#11315 = DIRECTION('',(-0.100228622938,0.,0.994964433105));
#11316 = PCURVE('',#2744,#11317);
#11317 = DEFINITIONAL_REPRESENTATION('',(#11318),#11322);
#11318 = LINE('',#11319,#11320);
#11319 = CARTESIAN_POINT('',(0.,-0.2));
#11320 = VECTOR('',#11321,1.);
#11321 = DIRECTION('',(1.,0.));
#11322 = ( GEOMETRIC_REPRESENTATION_CONTEXT(2) 
PARAMETRIC_REPRESENTATION_CONTEXT() REPRESENTATION_CONTEXT('2D SPACE',''
  ) );
#11323 = PCURVE('',#10221,#11324);
#11324 = DEFINITIONAL_REPRESENTATION('',(#11325),#11329);
#11325 = LINE('',#11326,#11327);
#11326 = CARTESIAN_POINT('',(-2.346120079013,2.46664418709));
#11327 = VECTOR('',#11328,1.);
#11328 = DIRECTION('',(-0.100228622938,-0.994964433105));
#11329 = ( GEOMETRIC_REPRESENTATION_CONTEXT(2) 
PARAMETRIC_REPRESENTATION_CONTEXT() REPRESENTATION_CONTEXT('2D SPACE',''
  ) );
#11330 = ORIENTED_EDGE('',*,*,#11189,.F.);
#11331 = ADVANCED_FACE('',(#11332),#2884,.F.);
#11332 = FACE_BOUND('',#11333,.F.);
#11333 = EDGE_LOOP('',(#11334,#11335,#11336,#11359));
#11334 = ORIENTED_EDGE('',*,*,#2868,.T.);
#11335 = ORIENTED_EDGE('',*,*,#11262,.T.);
#11336 = ORIENTED_EDGE('',*,*,#11337,.T.);
#11337 = EDGE_CURVE('',#11240,#11338,#11340,.T.);
#11338 = VERTEX_POINT('',#11339);
#11339 = CARTESIAN_POINT('',(60.19841,39.95,98.84595));
#11340 = SURFACE_CURVE('',#11341,(#11345,#11352),.PCURVE_S1.);
#11341 = LINE('',#11342,#11343);
#11342 = CARTESIAN_POINT('',(63.96987,39.95,103.76064));
#11343 = VECTOR('',#11344,1.);
#11344 = DIRECTION('',(-0.608790458169,0.,-0.79333106459));
#11345 = PCURVE('',#2884,#11346);
#11346 = DEFINITIONAL_REPRESENTATION('',(#11347),#11351);
#11347 = LINE('',#11348,#11349);
#11348 = CARTESIAN_POINT('',(0.,-0.2));
#11349 = VECTOR('',#11350,1.);
#11350 = DIRECTION('',(1.,0.));
#11351 = ( GEOMETRIC_REPRESENTATION_CONTEXT(2) 
PARAMETRIC_REPRESENTATION_CONTEXT() REPRESENTATION_CONTEXT('2D SPACE',''
  ) );
#11352 = PCURVE('',#10221,#11353);
#11353 = DEFINITIONAL_REPRESENTATION('',(#11354),#11358);
#11354 = LINE('',#11355,#11356);
#11355 = CARTESIAN_POINT('',(2.015709920987,-1.08064581291));
#11356 = VECTOR('',#11357,1.);
#11357 = DIRECTION('',(-0.608790458169,0.79333106459));
#11358 = ( GEOMETRIC_REPRESENTATION_CONTEXT(2) 
PARAMETRIC_REPRESENTATION_CONTEXT() REPRESENTATION_CONTEXT('2D SPACE',''
  ) );
#11359 = ORIENTED_EDGE('',*,*,#11360,.F.);
#11360 = EDGE_CURVE('',#2841,#11338,#11361,.T.);
#11361 = SURFACE_CURVE('',#11362,(#11366,#11373),.PCURVE_S1.);
#11362 = LINE('',#11363,#11364);
#11363 = CARTESIAN_POINT('',(60.19841,39.75,98.84595));
#11364 = VECTOR('',#11365,1.);
#11365 = DIRECTION('',(0.,1.,0.));
#11366 = PCURVE('',#2884,#11367);
#11367 = DEFINITIONAL_REPRESENTATION('',(#11368),#11372);
#11368 = LINE('',#11369,#11370);
#11369 = CARTESIAN_POINT('',(6.195005111192,0.));
#11370 = VECTOR('',#11371,1.);
#11371 = DIRECTION('',(0.,-1.));
#11372 = ( GEOMETRIC_REPRESENTATION_CONTEXT(2) 
PARAMETRIC_REPRESENTATION_CONTEXT() REPRESENTATION_CONTEXT('2D SPACE',''
  ) );
#11373 = PCURVE('',#2856,#11374);
#11374 = DEFINITIONAL_REPRESENTATION('',(#11375),#11379);
#11375 = LINE('',#11376,#11377);
#11376 = CARTESIAN_POINT('',(0.,0.));
#11377 = VECTOR('',#11378,1.);
#11378 = DIRECTION('',(0.,-1.));
#11379 = ( GEOMETRIC_REPRESENTATION_CONTEXT(2) 
PARAMETRIC_REPRESENTATION_CONTEXT() REPRESENTATION_CONTEXT('2D SPACE',''
  ) );
#11380 = ADVANCED_FACE('',(#11381),#2772,.F.);
#11381 = FACE_BOUND('',#11382,.F.);
#11382 = EDGE_LOOP('',(#11383,#11384,#11407,#11428));
#11383 = ORIENTED_EDGE('',*,*,#2756,.T.);
#11384 = ORIENTED_EDGE('',*,*,#11385,.T.);
#11385 = EDGE_CURVE('',#2757,#11386,#11388,.T.);
#11386 = VERTEX_POINT('',#11387);
#11387 = CARTESIAN_POINT('',(59.63807,39.95,100.05256));
#11388 = SURFACE_CURVE('',#11389,(#11393,#11400),.PCURVE_S1.);
#11389 = LINE('',#11390,#11391);
#11390 = CARTESIAN_POINT('',(59.63807,39.75,100.05256));
#11391 = VECTOR('',#11392,1.);
#11392 = DIRECTION('',(0.,1.,0.));
#11393 = PCURVE('',#2772,#11394);
#11394 = DEFINITIONAL_REPRESENTATION('',(#11395),#11399);
#11395 = LINE('',#11396,#11397);
#11396 = CARTESIAN_POINT('',(0.,0.));
#11397 = VECTOR('',#11398,1.);
#11398 = DIRECTION('',(0.,-1.));
#11399 = ( GEOMETRIC_REPRESENTATION_CONTEXT(2) 
PARAMETRIC_REPRESENTATION_CONTEXT() REPRESENTATION_CONTEXT('2D SPACE',''
  ) );
#11400 = PCURVE('',#2800,#11401);
#11401 = DEFINITIONAL_REPRESENTATION('',(#11402),#11406);
#11402 = LINE('',#11403,#11404);
#11403 = CARTESIAN_POINT('',(0.163371836618,0.));
#11404 = VECTOR('',#11405,1.);
#11405 = DIRECTION('',(0.,-1.));
#11406 = ( GEOMETRIC_REPRESENTATION_CONTEXT(2) 
PARAMETRIC_REPRESENTATION_CONTEXT() REPRESENTATION_CONTEXT('2D SPACE',''
  ) );
#11407 = ORIENTED_EDGE('',*,*,#11408,.T.);
#11408 = EDGE_CURVE('',#11386,#11288,#11409,.T.);
#11409 = SURFACE_CURVE('',#11410,(#11414,#11421),.PCURVE_S1.);
#11410 = LINE('',#11411,#11412);
#11411 = CARTESIAN_POINT('',(59.63807,39.95,100.05256));
#11412 = VECTOR('',#11413,1.);
#11413 = DIRECTION('',(-0.183590848248,0.,0.983002746914));
#11414 = PCURVE('',#2772,#11415);
#11415 = DEFINITIONAL_REPRESENTATION('',(#11416),#11420);
#11416 = LINE('',#11417,#11418);
#11417 = CARTESIAN_POINT('',(0.,-0.2));
#11418 = VECTOR('',#11419,1.);
#11419 = DIRECTION('',(1.,0.));
#11420 = ( GEOMETRIC_REPRESENTATION_CONTEXT(2) 
PARAMETRIC_REPRESENTATION_CONTEXT() REPRESENTATION_CONTEXT('2D SPACE',''
  ) );
#11421 = PCURVE('',#10221,#11422);
#11422 = DEFINITIONAL_REPRESENTATION('',(#11423),#11427);
#11423 = LINE('',#11424,#11425);
#11424 = CARTESIAN_POINT('',(-2.316090079013,2.62743418709));
#11425 = VECTOR('',#11426,1.);
#11426 = DIRECTION('',(-0.183590848248,-0.983002746914));
#11427 = ( GEOMETRIC_REPRESENTATION_CONTEXT(2) 
PARAMETRIC_REPRESENTATION_CONTEXT() REPRESENTATION_CONTEXT('2D SPACE',''
  ) );
#11428 = ORIENTED_EDGE('',*,*,#11287,.F.);
#11429 = ADVANCED_FACE('',(#11430),#2856,.F.);
#11430 = FACE_BOUND('',#11431,.F.);
#11431 = EDGE_LOOP('',(#11432,#11433,#11434,#11457));
#11432 = ORIENTED_EDGE('',*,*,#2840,.T.);
#11433 = ORIENTED_EDGE('',*,*,#11360,.T.);
#11434 = ORIENTED_EDGE('',*,*,#11435,.T.);
#11435 = EDGE_CURVE('',#11338,#11436,#11438,.T.);
#11436 = VERTEX_POINT('',#11437);
#11437 = CARTESIAN_POINT('',(60.06048,39.95,98.81227));
#11438 = SURFACE_CURVE('',#11439,(#11443,#11450),.PCURVE_S1.);
#11439 = LINE('',#11440,#11441);
#11440 = CARTESIAN_POINT('',(60.19841,39.95,98.84595));
#11441 = VECTOR('',#11442,1.);
#11442 = DIRECTION('',(-0.97145782251,0.,-0.237212350193));
#11443 = PCURVE('',#2856,#11444);
#11444 = DEFINITIONAL_REPRESENTATION('',(#11445),#11449);
#11445 = LINE('',#11446,#11447);
#11446 = CARTESIAN_POINT('',(0.,-0.2));
#11447 = VECTOR('',#11448,1.);
#11448 = DIRECTION('',(1.,0.));
#11449 = ( GEOMETRIC_REPRESENTATION_CONTEXT(2) 
PARAMETRIC_REPRESENTATION_CONTEXT() REPRESENTATION_CONTEXT('2D SPACE',''
  ) );
#11450 = PCURVE('',#10221,#11451);
#11451 = DEFINITIONAL_REPRESENTATION('',(#11452),#11456);
#11452 = LINE('',#11453,#11454);
#11453 = CARTESIAN_POINT('',(-1.755750079013,3.83404418709));
#11454 = VECTOR('',#11455,1.);
#11455 = DIRECTION('',(-0.97145782251,0.237212350193));
#11456 = ( GEOMETRIC_REPRESENTATION_CONTEXT(2) 
PARAMETRIC_REPRESENTATION_CONTEXT() REPRESENTATION_CONTEXT('2D SPACE',''
  ) );
#11457 = ORIENTED_EDGE('',*,*,#11458,.F.);
#11458 = EDGE_CURVE('',#2813,#11436,#11459,.T.);
#11459 = SURFACE_CURVE('',#11460,(#11464,#11471),.PCURVE_S1.);
#11460 = LINE('',#11461,#11462);
#11461 = CARTESIAN_POINT('',(60.06048,39.75,98.81227));
#11462 = VECTOR('',#11463,1.);
#11463 = DIRECTION('',(0.,1.,0.));
#11464 = PCURVE('',#2856,#11465);
#11465 = DEFINITIONAL_REPRESENTATION('',(#11466),#11470);
#11466 = LINE('',#11467,#11468);
#11467 = CARTESIAN_POINT('',(0.141982489413,0.));
#11468 = VECTOR('',#11469,1.);
#11469 = DIRECTION('',(0.,-1.));
#11470 = ( GEOMETRIC_REPRESENTATION_CONTEXT(2) 
PARAMETRIC_REPRESENTATION_CONTEXT() REPRESENTATION_CONTEXT('2D SPACE',''
  ) );
#11471 = PCURVE('',#2828,#11472);
#11472 = DEFINITIONAL_REPRESENTATION('',(#11473),#11477);
#11473 = LINE('',#11474,#11475);
#11474 = CARTESIAN_POINT('',(0.,0.));
#11475 = VECTOR('',#11476,1.);
#11476 = DIRECTION('',(0.,-1.));
#11477 = ( GEOMETRIC_REPRESENTATION_CONTEXT(2) 
PARAMETRIC_REPRESENTATION_CONTEXT() REPRESENTATION_CONTEXT('2D SPACE',''
  ) );
#11478 = ADVANCED_FACE('',(#11479),#2800,.F.);
#11479 = FACE_BOUND('',#11480,.F.);
#11480 = EDGE_LOOP('',(#11481,#11482,#11505,#11526));
#11481 = ORIENTED_EDGE('',*,*,#2784,.T.);
#11482 = ORIENTED_EDGE('',*,*,#11483,.T.);
#11483 = EDGE_CURVE('',#2785,#11484,#11486,.T.);
#11484 = VERTEX_POINT('',#11485);
#11485 = CARTESIAN_POINT('',(59.68144,39.95,99.89505));
#11486 = SURFACE_CURVE('',#11487,(#11491,#11498),.PCURVE_S1.);
#11487 = LINE('',#11488,#11489);
#11488 = CARTESIAN_POINT('',(59.68144,39.75,99.89505));
#11489 = VECTOR('',#11490,1.);
#11490 = DIRECTION('',(0.,1.,0.));
#11491 = PCURVE('',#2800,#11492);
#11492 = DEFINITIONAL_REPRESENTATION('',(#11493),#11497);
#11493 = LINE('',#11494,#11495);
#11494 = CARTESIAN_POINT('',(0.,0.));
#11495 = VECTOR('',#11496,1.);
#11496 = DIRECTION('',(0.,-1.));
#11497 = ( GEOMETRIC_REPRESENTATION_CONTEXT(2) 
PARAMETRIC_REPRESENTATION_CONTEXT() REPRESENTATION_CONTEXT('2D SPACE',''
  ) );
#11498 = PCURVE('',#2828,#11499);
#11499 = DEFINITIONAL_REPRESENTATION('',(#11500),#11504);
#11500 = LINE('',#11501,#11502);
#11501 = CARTESIAN_POINT('',(1.147206977838,0.));
#11502 = VECTOR('',#11503,1.);
#11503 = DIRECTION('',(0.,-1.));
#11504 = ( GEOMETRIC_REPRESENTATION_CONTEXT(2) 
PARAMETRIC_REPRESENTATION_CONTEXT() REPRESENTATION_CONTEXT('2D SPACE',''
  ) );
#11505 = ORIENTED_EDGE('',*,*,#11506,.T.);
#11506 = EDGE_CURVE('',#11484,#11386,#11507,.T.);
#11507 = SURFACE_CURVE('',#11508,(#11512,#11519),.PCURVE_S1.);
#11508 = LINE('',#11509,#11510);
#11509 = CARTESIAN_POINT('',(59.68144,39.95,99.89505));
#11510 = VECTOR('',#11511,1.);
#11511 = DIRECTION('',(-0.265468032298,0.,0.964119662608));
#11512 = PCURVE('',#2800,#11513);
#11513 = DEFINITIONAL_REPRESENTATION('',(#11514),#11518);
#11514 = LINE('',#11515,#11516);
#11515 = CARTESIAN_POINT('',(0.,-0.2));
#11516 = VECTOR('',#11517,1.);
#11517 = DIRECTION('',(1.,0.));
#11518 = ( GEOMETRIC_REPRESENTATION_CONTEXT(2) 
PARAMETRIC_REPRESENTATION_CONTEXT() REPRESENTATION_CONTEXT('2D SPACE',''
  ) );
#11519 = PCURVE('',#10221,#11520);
#11520 = DEFINITIONAL_REPRESENTATION('',(#11521),#11525);
#11521 = LINE('',#11522,#11523);
#11522 = CARTESIAN_POINT('',(-2.272720079013,2.78494418709));
#11523 = VECTOR('',#11524,1.);
#11524 = DIRECTION('',(-0.265468032298,-0.964119662608));
#11525 = ( GEOMETRIC_REPRESENTATION_CONTEXT(2) 
PARAMETRIC_REPRESENTATION_CONTEXT() REPRESENTATION_CONTEXT('2D SPACE',''
  ) );
#11526 = ORIENTED_EDGE('',*,*,#11385,.F.);
#11527 = ADVANCED_FACE('',(#11528),#2828,.F.);
#11528 = FACE_BOUND('',#11529,.F.);
#11529 = EDGE_LOOP('',(#11530,#11531,#11532,#11553));
#11530 = ORIENTED_EDGE('',*,*,#2812,.T.);
#11531 = ORIENTED_EDGE('',*,*,#11458,.T.);
#11532 = ORIENTED_EDGE('',*,*,#11533,.T.);
#11533 = EDGE_CURVE('',#11436,#11484,#11534,.T.);
#11534 = SURFACE_CURVE('',#11535,(#11539,#11546),.PCURVE_S1.);
#11535 = LINE('',#11536,#11537);
#11536 = CARTESIAN_POINT('',(60.06048,39.95,98.81227));
#11537 = VECTOR('',#11538,1.);
#11538 = DIRECTION('',(-0.330402453369,0.,0.943840144732));
#11539 = PCURVE('',#2828,#11540);
#11540 = DEFINITIONAL_REPRESENTATION('',(#11541),#11545);
#11541 = LINE('',#11542,#11543);
#11542 = CARTESIAN_POINT('',(0.,-0.2));
#11543 = VECTOR('',#11544,1.);
#11544 = DIRECTION('',(1.,0.));
#11545 = ( GEOMETRIC_REPRESENTATION_CONTEXT(2) 
PARAMETRIC_REPRESENTATION_CONTEXT() REPRESENTATION_CONTEXT('2D SPACE',''
  ) );
#11546 = PCURVE('',#10221,#11547);
#11547 = DEFINITIONAL_REPRESENTATION('',(#11548),#11552);
#11548 = LINE('',#11549,#11550);
#11549 = CARTESIAN_POINT('',(-1.893680079013,3.86772418709));
#11550 = VECTOR('',#11551,1.);
#11551 = DIRECTION('',(-0.330402453369,-0.943840144732));
#11552 = ( GEOMETRIC_REPRESENTATION_CONTEXT(2) 
PARAMETRIC_REPRESENTATION_CONTEXT() REPRESENTATION_CONTEXT('2D SPACE',''
  ) );
#11553 = ORIENTED_EDGE('',*,*,#11483,.F.);
#11554 = ADVANCED_FACE('',(#11555),#3222,.F.);
#11555 = FACE_BOUND('',#11556,.F.);
#11556 = EDGE_LOOP('',(#11557,#11558,#11581,#11609));
#11557 = ORIENTED_EDGE('',*,*,#3204,.T.);
#11558 = ORIENTED_EDGE('',*,*,#11559,.T.);
#11559 = EDGE_CURVE('',#3207,#11560,#11562,.T.);
#11560 = VERTEX_POINT('',#11561);
#11561 = CARTESIAN_POINT('',(60.786780124078,39.95,108.89083479643));
#11562 = SURFACE_CURVE('',#11563,(#11567,#11574),.PCURVE_S1.);
#11563 = LINE('',#11564,#11565);
#11564 = CARTESIAN_POINT('',(60.786780124078,39.75,108.89083479643));
#11565 = VECTOR('',#11566,1.);
#11566 = DIRECTION('',(0.,1.,0.));
#11567 = PCURVE('',#3222,#11568);
#11568 = DEFINITIONAL_REPRESENTATION('',(#11569),#11573);
#11569 = LINE('',#11570,#11571);
#11570 = CARTESIAN_POINT('',(0.,0.));
#11571 = VECTOR('',#11572,1.);
#11572 = DIRECTION('',(0.,-1.));
#11573 = ( GEOMETRIC_REPRESENTATION_CONTEXT(2) 
PARAMETRIC_REPRESENTATION_CONTEXT() REPRESENTATION_CONTEXT('2D SPACE',''
  ) );
#11574 = PCURVE('',#3250,#11575);
#11575 = DEFINITIONAL_REPRESENTATION('',(#11576),#11580);
#11576 = LINE('',#11577,#11578);
#11577 = CARTESIAN_POINT('',(0.131625215745,0.));
#11578 = VECTOR('',#11579,1.);
#11579 = DIRECTION('',(0.,-1.));
#11580 = ( GEOMETRIC_REPRESENTATION_CONTEXT(2) 
PARAMETRIC_REPRESENTATION_CONTEXT() REPRESENTATION_CONTEXT('2D SPACE',''
  ) );
#11581 = ORIENTED_EDGE('',*,*,#11582,.T.);
#11582 = EDGE_CURVE('',#11560,#11583,#11585,.T.);
#11583 = VERTEX_POINT('',#11584);
#11584 = CARTESIAN_POINT('',(60.69456088372,39.95,108.93471943603));
#11585 = SURFACE_CURVE('',#11586,(#11590,#11597),.PCURVE_S1.);
#11586 = LINE('',#11587,#11588);
#11587 = CARTESIAN_POINT('',(60.786780124078,39.95,108.89083479643));
#11588 = VECTOR('',#11589,1.);
#11589 = DIRECTION('',(-0.902971792525,0.,0.429699827675));
#11590 = PCURVE('',#3222,#11591);
#11591 = DEFINITIONAL_REPRESENTATION('',(#11592),#11596);
#11592 = LINE('',#11593,#11594);
#11593 = CARTESIAN_POINT('',(0.,-0.2));
#11594 = VECTOR('',#11595,1.);
#11595 = DIRECTION('',(1.,0.));
#11596 = ( GEOMETRIC_REPRESENTATION_CONTEXT(2) 
PARAMETRIC_REPRESENTATION_CONTEXT() REPRESENTATION_CONTEXT('2D SPACE',''
  ) );
#11597 = PCURVE('',#11598,#11603);
#11598 = PLANE('',#11599);
#11599 = AXIS2_PLACEMENT_3D('',#11600,#11601,#11602);
#11600 = CARTESIAN_POINT('',(60.557125784914,39.95,108.41537918803));
#11601 = DIRECTION('',(0.,1.,0.));
#11602 = DIRECTION('',(-1.,0.,6.123233995737E-17));
#11603 = DEFINITIONAL_REPRESENTATION('',(#11604),#11608);
#11604 = LINE('',#11605,#11606);
#11605 = CARTESIAN_POINT('',(-0.229654339164,0.4754556084));
#11606 = VECTOR('',#11607,1.);
#11607 = DIRECTION('',(0.902971792525,0.429699827675));
#11608 = ( GEOMETRIC_REPRESENTATION_CONTEXT(2) 
PARAMETRIC_REPRESENTATION_CONTEXT() REPRESENTATION_CONTEXT('2D SPACE',''
  ) );
#11609 = ORIENTED_EDGE('',*,*,#11610,.F.);
#11610 = EDGE_CURVE('',#3205,#11583,#11611,.T.);
#11611 = SURFACE_CURVE('',#11612,(#11616,#11623),.PCURVE_S1.);
#11612 = LINE('',#11613,#11614);
#11613 = CARTESIAN_POINT('',(60.69456088372,39.75,108.93471943603));
#11614 = VECTOR('',#11615,1.);
#11615 = DIRECTION('',(0.,1.,0.));
#11616 = PCURVE('',#3222,#11617);
#11617 = DEFINITIONAL_REPRESENTATION('',(#11618),#11622);
#11618 = LINE('',#11619,#11620);
#11619 = CARTESIAN_POINT('',(0.102128594845,0.));
#11620 = VECTOR('',#11621,1.);
#11621 = DIRECTION('',(0.,-1.));
#11622 = ( GEOMETRIC_REPRESENTATION_CONTEXT(2) 
PARAMETRIC_REPRESENTATION_CONTEXT() REPRESENTATION_CONTEXT('2D SPACE',''
  ) );
#11623 = PCURVE('',#4536,#11624);
#11624 = DEFINITIONAL_REPRESENTATION('',(#11625),#11629);
#11625 = LINE('',#11626,#11627);
#11626 = CARTESIAN_POINT('',(0.,0.));
#11627 = VECTOR('',#11628,1.);
#11628 = DIRECTION('',(0.,-1.));
#11629 = ( GEOMETRIC_REPRESENTATION_CONTEXT(2) 
PARAMETRIC_REPRESENTATION_CONTEXT() REPRESENTATION_CONTEXT('2D SPACE',''
  ) );
#11630 = ADVANCED_FACE('',(#11631),#4536,.F.);
#11631 = FACE_BOUND('',#11632,.F.);
#11632 = EDGE_LOOP('',(#11633,#11634,#11635,#11658));
#11633 = ORIENTED_EDGE('',*,*,#4522,.T.);
#11634 = ORIENTED_EDGE('',*,*,#11610,.T.);
#11635 = ORIENTED_EDGE('',*,*,#11636,.T.);
#11636 = EDGE_CURVE('',#11583,#11637,#11639,.T.);
#11637 = VERTEX_POINT('',#11638);
#11638 = CARTESIAN_POINT('',(60.589206203921,39.95,108.9444340619));
#11639 = SURFACE_CURVE('',#11640,(#11644,#11651),.PCURVE_S1.);
#11640 = LINE('',#11641,#11642);
#11641 = CARTESIAN_POINT('',(60.69456088372,39.95,108.93471943603));
#11642 = VECTOR('',#11643,1.);
#11643 = DIRECTION('',(-0.995775689754,0.,9.181925557736E-02));
#11644 = PCURVE('',#4536,#11645);
#11645 = DEFINITIONAL_REPRESENTATION('',(#11646),#11650);
#11646 = LINE('',#11647,#11648);
#11647 = CARTESIAN_POINT('',(0.,-0.2));
#11648 = VECTOR('',#11649,1.);
#11649 = DIRECTION('',(1.,0.));
#11650 = ( GEOMETRIC_REPRESENTATION_CONTEXT(2) 
PARAMETRIC_REPRESENTATION_CONTEXT() REPRESENTATION_CONTEXT('2D SPACE',''
  ) );
#11651 = PCURVE('',#11598,#11652);
#11652 = DEFINITIONAL_REPRESENTATION('',(#11653),#11657);
#11653 = LINE('',#11654,#11655);
#11654 = CARTESIAN_POINT('',(-0.137435098806,0.519340248));
#11655 = VECTOR('',#11656,1.);
#11656 = DIRECTION('',(0.995775689754,9.181925557736E-02));
#11657 = ( GEOMETRIC_REPRESENTATION_CONTEXT(2) 
PARAMETRIC_REPRESENTATION_CONTEXT() REPRESENTATION_CONTEXT('2D SPACE',''
  ) );
#11658 = ORIENTED_EDGE('',*,*,#11659,.F.);
#11659 = EDGE_CURVE('',#4495,#11637,#11660,.T.);
#11660 = SURFACE_CURVE('',#11661,(#11665,#11672),.PCURVE_S1.);
#11661 = LINE('',#11662,#11663);
#11662 = CARTESIAN_POINT('',(60.589206203921,39.75,108.9444340619));
#11663 = VECTOR('',#11664,1.);
#11664 = DIRECTION('',(0.,1.,0.));
#11665 = PCURVE('',#4536,#11666);
#11666 = DEFINITIONAL_REPRESENTATION('',(#11667),#11671);
#11667 = LINE('',#11668,#11669);
#11668 = CARTESIAN_POINT('',(0.105801618661,0.));
#11669 = VECTOR('',#11670,1.);
#11670 = DIRECTION('',(0.,-1.));
#11671 = ( GEOMETRIC_REPRESENTATION_CONTEXT(2) 
PARAMETRIC_REPRESENTATION_CONTEXT() REPRESENTATION_CONTEXT('2D SPACE',''
  ) );
#11672 = PCURVE('',#4510,#11673);
#11673 = DEFINITIONAL_REPRESENTATION('',(#11674),#11678);
#11674 = LINE('',#11675,#11676);
#11675 = CARTESIAN_POINT('',(0.,0.));
#11676 = VECTOR('',#11677,1.);
#11677 = DIRECTION('',(0.,-1.));
#11678 = ( GEOMETRIC_REPRESENTATION_CONTEXT(2) 
PARAMETRIC_REPRESENTATION_CONTEXT() REPRESENTATION_CONTEXT('2D SPACE',''
  ) );
#11679 = ADVANCED_FACE('',(#11680),#3250,.F.);
#11680 = FACE_BOUND('',#11681,.F.);
#11681 = EDGE_LOOP('',(#11682,#11683,#11706,#11727));
#11682 = ORIENTED_EDGE('',*,*,#3234,.T.);
#11683 = ORIENTED_EDGE('',*,*,#11684,.T.);
#11684 = EDGE_CURVE('',#3235,#11685,#11687,.T.);
#11685 = VERTEX_POINT('',#11686);
#11686 = CARTESIAN_POINT('',(60.847654438472,39.95,108.77413211751));
#11687 = SURFACE_CURVE('',#11688,(#11692,#11699),.PCURVE_S1.);
#11688 = LINE('',#11689,#11690);
#11689 = CARTESIAN_POINT('',(60.847654438472,39.75,108.77413211751));
#11690 = VECTOR('',#11691,1.);
#11691 = DIRECTION('',(0.,1.,0.));
#11692 = PCURVE('',#3250,#11693);
#11693 = DEFINITIONAL_REPRESENTATION('',(#11694),#11698);
#11694 = LINE('',#11695,#11696);
#11695 = CARTESIAN_POINT('',(0.,0.));
#11696 = VECTOR('',#11697,1.);
#11697 = DIRECTION('',(0.,-1.));
#11698 = ( GEOMETRIC_REPRESENTATION_CONTEXT(2) 
PARAMETRIC_REPRESENTATION_CONTEXT() REPRESENTATION_CONTEXT('2D SPACE',''
  ) );
#11699 = PCURVE('',#3278,#11700);
#11700 = DEFINITIONAL_REPRESENTATION('',(#11701),#11705);
#11701 = LINE('',#11702,#11703);
#11702 = CARTESIAN_POINT('',(0.13167766617,0.));
#11703 = VECTOR('',#11704,1.);
#11704 = DIRECTION('',(0.,-1.));
#11705 = ( GEOMETRIC_REPRESENTATION_CONTEXT(2) 
PARAMETRIC_REPRESENTATION_CONTEXT() REPRESENTATION_CONTEXT('2D SPACE',''
  ) );
#11706 = ORIENTED_EDGE('',*,*,#11707,.T.);
#11707 = EDGE_CURVE('',#11685,#11560,#11708,.T.);
#11708 = SURFACE_CURVE('',#11709,(#11713,#11720),.PCURVE_S1.);
#11709 = LINE('',#11710,#11711);
#11710 = CARTESIAN_POINT('',(60.847654438472,39.95,108.77413211751));
#11711 = VECTOR('',#11712,1.);
#11712 = DIRECTION('',(-0.462482162319,0.,0.886628586014));
#11713 = PCURVE('',#3250,#11714);
#11714 = DEFINITIONAL_REPRESENTATION('',(#11715),#11719);
#11715 = LINE('',#11716,#11717);
#11716 = CARTESIAN_POINT('',(0.,-0.2));
#11717 = VECTOR('',#11718,1.);
#11718 = DIRECTION('',(1.,0.));
#11719 = ( GEOMETRIC_REPRESENTATION_CONTEXT(2) 
PARAMETRIC_REPRESENTATION_CONTEXT() REPRESENTATION_CONTEXT('2D SPACE',''
  ) );
#11720 = PCURVE('',#11598,#11721);
#11721 = DEFINITIONAL_REPRESENTATION('',(#11722),#11726);
#11722 = LINE('',#11723,#11724);
#11723 = CARTESIAN_POINT('',(-0.290528653558,0.35875292948));
#11724 = VECTOR('',#11725,1.);
#11725 = DIRECTION('',(0.462482162319,0.886628586014));
#11726 = ( GEOMETRIC_REPRESENTATION_CONTEXT(2) 
PARAMETRIC_REPRESENTATION_CONTEXT() REPRESENTATION_CONTEXT('2D SPACE',''
  ) );
#11727 = ORIENTED_EDGE('',*,*,#11559,.F.);
#11728 = ADVANCED_FACE('',(#11729),#4510,.F.);
#11729 = FACE_BOUND('',#11730,.F.);
#11730 = EDGE_LOOP('',(#11731,#11732,#11733,#11756));
#11731 = ORIENTED_EDGE('',*,*,#4494,.T.);
#11732 = ORIENTED_EDGE('',*,*,#11659,.T.);
#11733 = ORIENTED_EDGE('',*,*,#11734,.T.);
#11734 = EDGE_CURVE('',#11637,#11735,#11737,.T.);
#11735 = VERTEX_POINT('',#11736);
#11736 = CARTESIAN_POINT('',(60.365944189416,39.95,108.87266774721));
#11737 = SURFACE_CURVE('',#11738,(#11742,#11749),.PCURVE_S1.);
#11738 = LINE('',#11739,#11740);
#11739 = CARTESIAN_POINT('',(60.589206203921,39.95,108.9444340619));
#11740 = VECTOR('',#11741,1.);
#11741 = DIRECTION('',(-0.95202418303,0.,-0.306022801317));
#11742 = PCURVE('',#4510,#11743);
#11743 = DEFINITIONAL_REPRESENTATION('',(#11744),#11748);
#11744 = LINE('',#11745,#11746);
#11745 = CARTESIAN_POINT('',(0.,-0.2));
#11746 = VECTOR('',#11747,1.);
#11747 = DIRECTION('',(1.,0.));
#11748 = ( GEOMETRIC_REPRESENTATION_CONTEXT(2) 
PARAMETRIC_REPRESENTATION_CONTEXT() REPRESENTATION_CONTEXT('2D SPACE',''
  ) );
#11749 = PCURVE('',#11598,#11750);
#11750 = DEFINITIONAL_REPRESENTATION('',(#11751),#11755);
#11751 = LINE('',#11752,#11753);
#11752 = CARTESIAN_POINT('',(-3.2080419007E-02,0.52905487387));
#11753 = VECTOR('',#11754,1.);
#11754 = DIRECTION('',(0.95202418303,-0.306022801317));
#11755 = ( GEOMETRIC_REPRESENTATION_CONTEXT(2) 
PARAMETRIC_REPRESENTATION_CONTEXT() REPRESENTATION_CONTEXT('2D SPACE',''
  ) );
#11756 = ORIENTED_EDGE('',*,*,#11757,.F.);
#11757 = EDGE_CURVE('',#4467,#11735,#11758,.T.);
#11758 = SURFACE_CURVE('',#11759,(#11763,#11770),.PCURVE_S1.);
#11759 = LINE('',#11760,#11761);
#11760 = CARTESIAN_POINT('',(60.365944189416,39.75,108.87266774721));
#11761 = VECTOR('',#11762,1.);
#11762 = DIRECTION('',(0.,1.,0.));
#11763 = PCURVE('',#4510,#11764);
#11764 = DEFINITIONAL_REPRESENTATION('',(#11765),#11769);
#11765 = LINE('',#11766,#11767);
#11766 = CARTESIAN_POINT('',(0.234512965622,0.));
#11767 = VECTOR('',#11768,1.);
#11768 = DIRECTION('',(0.,-1.));
#11769 = ( GEOMETRIC_REPRESENTATION_CONTEXT(2) 
PARAMETRIC_REPRESENTATION_CONTEXT() REPRESENTATION_CONTEXT('2D SPACE',''
  ) );
#11770 = PCURVE('',#4482,#11771);
#11771 = DEFINITIONAL_REPRESENTATION('',(#11772),#11776);
#11772 = LINE('',#11773,#11774);
#11773 = CARTESIAN_POINT('',(0.,0.));
#11774 = VECTOR('',#11775,1.);
#11775 = DIRECTION('',(0.,-1.));
#11776 = ( GEOMETRIC_REPRESENTATION_CONTEXT(2) 
PARAMETRIC_REPRESENTATION_CONTEXT() REPRESENTATION_CONTEXT('2D SPACE',''
  ) );
#11777 = ADVANCED_FACE('',(#11778),#3278,.F.);
#11778 = FACE_BOUND('',#11779,.F.);
#11779 = EDGE_LOOP('',(#11780,#11781,#11804,#11825));
#11780 = ORIENTED_EDGE('',*,*,#3262,.T.);
#11781 = ORIENTED_EDGE('',*,*,#11782,.T.);
#11782 = EDGE_CURVE('',#3263,#11783,#11785,.T.);
#11783 = VERTEX_POINT('',#11784);
#11784 = CARTESIAN_POINT('',(60.797043272966,39.95,108.65256930373));
#11785 = SURFACE_CURVE('',#11786,(#11790,#11797),.PCURVE_S1.);
#11786 = LINE('',#11787,#11788);
#11787 = CARTESIAN_POINT('',(60.797043272966,39.75,108.65256930373));
#11788 = VECTOR('',#11789,1.);
#11789 = DIRECTION('',(0.,1.,0.));
#11790 = PCURVE('',#3278,#11791);
#11791 = DEFINITIONAL_REPRESENTATION('',(#11792),#11796);
#11792 = LINE('',#11793,#11794);
#11793 = CARTESIAN_POINT('',(0.,0.));
#11794 = VECTOR('',#11795,1.);
#11795 = DIRECTION('',(0.,-1.));
#11796 = ( GEOMETRIC_REPRESENTATION_CONTEXT(2) 
PARAMETRIC_REPRESENTATION_CONTEXT() REPRESENTATION_CONTEXT('2D SPACE',''
  ) );
#11797 = PCURVE('',#3306,#11798);
#11798 = DEFINITIONAL_REPRESENTATION('',(#11799),#11803);
#11799 = LINE('',#11800,#11801);
#11800 = CARTESIAN_POINT('',(0.103178891881,0.));
#11801 = VECTOR('',#11802,1.);
#11802 = DIRECTION('',(0.,-1.));
#11803 = ( GEOMETRIC_REPRESENTATION_CONTEXT(2) 
PARAMETRIC_REPRESENTATION_CONTEXT() REPRESENTATION_CONTEXT('2D SPACE',''
  ) );
#11804 = ORIENTED_EDGE('',*,*,#11805,.T.);
#11805 = EDGE_CURVE('',#11783,#11685,#11806,.T.);
#11806 = SURFACE_CURVE('',#11807,(#11811,#11818),.PCURVE_S1.);
#11807 = LINE('',#11808,#11809);
#11808 = CARTESIAN_POINT('',(60.797043272966,39.95,108.65256930373));
#11809 = VECTOR('',#11810,1.);
#11810 = DIRECTION('',(0.384356489444,0.,0.923184753461));
#11811 = PCURVE('',#3278,#11812);
#11812 = DEFINITIONAL_REPRESENTATION('',(#11813),#11817);
#11813 = LINE('',#11814,#11815);
#11814 = CARTESIAN_POINT('',(0.,-0.2));
#11815 = VECTOR('',#11816,1.);
#11816 = DIRECTION('',(1.,0.));
#11817 = ( GEOMETRIC_REPRESENTATION_CONTEXT(2) 
PARAMETRIC_REPRESENTATION_CONTEXT() REPRESENTATION_CONTEXT('2D SPACE',''
  ) );
#11818 = PCURVE('',#11598,#11819);
#11819 = DEFINITIONAL_REPRESENTATION('',(#11820),#11824);
#11820 = LINE('',#11821,#11822);
#11821 = CARTESIAN_POINT('',(-0.239917488052,0.2371901157));
#11822 = VECTOR('',#11823,1.);
#11823 = DIRECTION('',(-0.384356489444,0.923184753461));
#11824 = ( GEOMETRIC_REPRESENTATION_CONTEXT(2) 
PARAMETRIC_REPRESENTATION_CONTEXT() REPRESENTATION_CONTEXT('2D SPACE',''
  ) );
#11825 = ORIENTED_EDGE('',*,*,#11684,.F.);
#11826 = ADVANCED_FACE('',(#11827),#4482,.F.);
#11827 = FACE_BOUND('',#11828,.F.);
#11828 = EDGE_LOOP('',(#11829,#11830,#11831,#11854));
#11829 = ORIENTED_EDGE('',*,*,#4466,.T.);
#11830 = ORIENTED_EDGE('',*,*,#11757,.T.);
#11831 = ORIENTED_EDGE('',*,*,#11832,.T.);
#11832 = EDGE_CURVE('',#11735,#11833,#11835,.T.);
#11833 = VERTEX_POINT('',#11834);
#11834 = CARTESIAN_POINT('',(60.253023754738,39.95,108.71757582095));
#11835 = SURFACE_CURVE('',#11836,(#11840,#11847),.PCURVE_S1.);
#11836 = LINE('',#11837,#11838);
#11837 = CARTESIAN_POINT('',(60.365944189416,39.95,108.87266774721));
#11838 = VECTOR('',#11839,1.);
#11839 = DIRECTION('',(-0.588602228813,0.,-0.80842279547));
#11840 = PCURVE('',#4482,#11841);
#11841 = DEFINITIONAL_REPRESENTATION('',(#11842),#11846);
#11842 = LINE('',#11843,#11844);
#11843 = CARTESIAN_POINT('',(0.,-0.2));
#11844 = VECTOR('',#11845,1.);
#11845 = DIRECTION('',(1.,0.));
#11846 = ( GEOMETRIC_REPRESENTATION_CONTEXT(2) 
PARAMETRIC_REPRESENTATION_CONTEXT() REPRESENTATION_CONTEXT('2D SPACE',''
  ) );
#11847 = PCURVE('',#11598,#11848);
#11848 = DEFINITIONAL_REPRESENTATION('',(#11849),#11853);
#11849 = LINE('',#11850,#11851);
#11850 = CARTESIAN_POINT('',(0.191181595498,0.45728855918));
#11851 = VECTOR('',#11852,1.);
#11852 = DIRECTION('',(0.588602228813,-0.80842279547));
#11853 = ( GEOMETRIC_REPRESENTATION_CONTEXT(2) 
PARAMETRIC_REPRESENTATION_CONTEXT() REPRESENTATION_CONTEXT('2D SPACE',''
  ) );
#11854 = ORIENTED_EDGE('',*,*,#11855,.F.);
#11855 = EDGE_CURVE('',#4439,#11833,#11856,.T.);
#11856 = SURFACE_CURVE('',#11857,(#11861,#11868),.PCURVE_S1.);
#11857 = LINE('',#11858,#11859);
#11858 = CARTESIAN_POINT('',(60.253023754738,39.75,108.71757582095));
#11859 = VECTOR('',#11860,1.);
#11860 = DIRECTION('',(0.,1.,0.));
#11861 = PCURVE('',#4482,#11862);
#11862 = DEFINITIONAL_REPRESENTATION('',(#11863),#11867);
#11863 = LINE('',#11864,#11865);
#11864 = CARTESIAN_POINT('',(0.191845068112,0.));
#11865 = VECTOR('',#11866,1.);
#11866 = DIRECTION('',(0.,-1.));
#11867 = ( GEOMETRIC_REPRESENTATION_CONTEXT(2) 
PARAMETRIC_REPRESENTATION_CONTEXT() REPRESENTATION_CONTEXT('2D SPACE',''
  ) );
#11868 = PCURVE('',#4454,#11869);
#11869 = DEFINITIONAL_REPRESENTATION('',(#11870),#11874);
#11870 = LINE('',#11871,#11872);
#11871 = CARTESIAN_POINT('',(0.,0.));
#11872 = VECTOR('',#11873,1.);
#11873 = DIRECTION('',(0.,-1.));
#11874 = ( GEOMETRIC_REPRESENTATION_CONTEXT(2) 
PARAMETRIC_REPRESENTATION_CONTEXT() REPRESENTATION_CONTEXT('2D SPACE',''
  ) );
#11875 = ADVANCED_FACE('',(#11876),#3306,.F.);
#11876 = FACE_BOUND('',#11877,.F.);
#11877 = EDGE_LOOP('',(#11878,#11879,#11902,#11923));
#11878 = ORIENTED_EDGE('',*,*,#3290,.T.);
#11879 = ORIENTED_EDGE('',*,*,#11880,.T.);
#11880 = EDGE_CURVE('',#3291,#11881,#11883,.T.);
#11881 = VERTEX_POINT('',#11882);
#11882 = CARTESIAN_POINT('',(60.704012170486,39.95,108.60794758591));
#11883 = SURFACE_CURVE('',#11884,(#11888,#11895),.PCURVE_S1.);
#11884 = LINE('',#11885,#11886);
#11885 = CARTESIAN_POINT('',(60.704012170486,39.75,108.60794758591));
#11886 = VECTOR('',#11887,1.);
#11887 = DIRECTION('',(0.,1.,0.));
#11888 = PCURVE('',#3306,#11889);
#11889 = DEFINITIONAL_REPRESENTATION('',(#11890),#11894);
#11890 = LINE('',#11891,#11892);
#11891 = CARTESIAN_POINT('',(0.,0.));
#11892 = VECTOR('',#11893,1.);
#11893 = DIRECTION('',(0.,-1.));
#11894 = ( GEOMETRIC_REPRESENTATION_CONTEXT(2) 
PARAMETRIC_REPRESENTATION_CONTEXT() REPRESENTATION_CONTEXT('2D SPACE',''
  ) );
#11895 = PCURVE('',#3334,#11896);
#11896 = DEFINITIONAL_REPRESENTATION('',(#11897),#11901);
#11897 = LINE('',#11898,#11899);
#11898 = CARTESIAN_POINT('',(0.134700781541,0.));
#11899 = VECTOR('',#11900,1.);
#11900 = DIRECTION('',(0.,-1.));
#11901 = ( GEOMETRIC_REPRESENTATION_CONTEXT(2) 
PARAMETRIC_REPRESENTATION_CONTEXT() REPRESENTATION_CONTEXT('2D SPACE',''
  ) );
#11902 = ORIENTED_EDGE('',*,*,#11903,.T.);
#11903 = EDGE_CURVE('',#11881,#11783,#11904,.T.);
#11904 = SURFACE_CURVE('',#11905,(#11909,#11916),.PCURVE_S1.);
#11905 = LINE('',#11906,#11907);
#11906 = CARTESIAN_POINT('',(60.704012170486,39.95,108.60794758591));
#11907 = VECTOR('',#11908,1.);
#11908 = DIRECTION('',(0.901648590948,0.,0.432469442205));
#11909 = PCURVE('',#3306,#11910);
#11910 = DEFINITIONAL_REPRESENTATION('',(#11911),#11915);
#11911 = LINE('',#11912,#11913);
#11912 = CARTESIAN_POINT('',(0.,-0.2));
#11913 = VECTOR('',#11914,1.);
#11914 = DIRECTION('',(1.,0.));
#11915 = ( GEOMETRIC_REPRESENTATION_CONTEXT(2) 
PARAMETRIC_REPRESENTATION_CONTEXT() REPRESENTATION_CONTEXT('2D SPACE',''
  ) );
#11916 = PCURVE('',#11598,#11917);
#11917 = DEFINITIONAL_REPRESENTATION('',(#11918),#11922);
#11918 = LINE('',#11919,#11920);
#11919 = CARTESIAN_POINT('',(-0.146886385572,0.19256839788));
#11920 = VECTOR('',#11921,1.);
#11921 = DIRECTION('',(-0.901648590948,0.432469442205));
#11922 = ( GEOMETRIC_REPRESENTATION_CONTEXT(2) 
PARAMETRIC_REPRESENTATION_CONTEXT() REPRESENTATION_CONTEXT('2D SPACE',''
  ) );
#11923 = ORIENTED_EDGE('',*,*,#11782,.F.);
#11924 = ADVANCED_FACE('',(#11925),#4454,.F.);
#11925 = FACE_BOUND('',#11926,.F.);
#11926 = EDGE_LOOP('',(#11927,#11928,#11929,#11952));
#11927 = ORIENTED_EDGE('',*,*,#4438,.T.);
#11928 = ORIENTED_EDGE('',*,*,#11855,.T.);
#11929 = ORIENTED_EDGE('',*,*,#11930,.T.);
#11930 = EDGE_CURVE('',#11833,#11931,#11933,.T.);
#11931 = VERTEX_POINT('',#11932);
#11932 = CARTESIAN_POINT('',(60.060408520411,39.95,108.71757582095));
#11933 = SURFACE_CURVE('',#11934,(#11938,#11945),.PCURVE_S1.);
#11934 = LINE('',#11935,#11936);
#11935 = CARTESIAN_POINT('',(60.253023754738,39.95,108.71757582095));
#11936 = VECTOR('',#11937,1.);
#11937 = DIRECTION('',(-1.,0.,6.123233995737E-17));
#11938 = PCURVE('',#4454,#11939);
#11939 = DEFINITIONAL_REPRESENTATION('',(#11940),#11944);
#11940 = LINE('',#11941,#11942);
#11941 = CARTESIAN_POINT('',(0.,-0.2));
#11942 = VECTOR('',#11943,1.);
#11943 = DIRECTION('',(1.,0.));
#11944 = ( GEOMETRIC_REPRESENTATION_CONTEXT(2) 
PARAMETRIC_REPRESENTATION_CONTEXT() REPRESENTATION_CONTEXT('2D SPACE',''
  ) );
#11945 = PCURVE('',#11598,#11946);
#11946 = DEFINITIONAL_REPRESENTATION('',(#11947),#11951);
#11947 = LINE('',#11948,#11949);
#11948 = CARTESIAN_POINT('',(0.304102030176,0.30219663292));
#11949 = VECTOR('',#11950,1.);
#11950 = DIRECTION('',(1.,0.));
#11951 = ( GEOMETRIC_REPRESENTATION_CONTEXT(2) 
PARAMETRIC_REPRESENTATION_CONTEXT() REPRESENTATION_CONTEXT('2D SPACE',''
  ) );
#11952 = ORIENTED_EDGE('',*,*,#11953,.F.);
#11953 = EDGE_CURVE('',#4411,#11931,#11954,.T.);
#11954 = SURFACE_CURVE('',#11955,(#11959,#11966),.PCURVE_S1.);
#11955 = LINE('',#11956,#11957);
#11956 = CARTESIAN_POINT('',(60.060408520411,39.75,108.71757582095));
#11957 = VECTOR('',#11958,1.);
#11958 = DIRECTION('',(0.,1.,0.));
#11959 = PCURVE('',#4454,#11960);
#11960 = DEFINITIONAL_REPRESENTATION('',(#11961),#11965);
#11961 = LINE('',#11962,#11963);
#11962 = CARTESIAN_POINT('',(0.192615234327,0.));
#11963 = VECTOR('',#11964,1.);
#11964 = DIRECTION('',(0.,-1.));
#11965 = ( GEOMETRIC_REPRESENTATION_CONTEXT(2) 
PARAMETRIC_REPRESENTATION_CONTEXT() REPRESENTATION_CONTEXT('2D SPACE',''
  ) );
#11966 = PCURVE('',#4426,#11967);
#11967 = DEFINITIONAL_REPRESENTATION('',(#11968),#11972);
#11968 = LINE('',#11969,#11970);
#11969 = CARTESIAN_POINT('',(0.,0.));
#11970 = VECTOR('',#11971,1.);
#11971 = DIRECTION('',(0.,-1.));
#11972 = ( GEOMETRIC_REPRESENTATION_CONTEXT(2) 
PARAMETRIC_REPRESENTATION_CONTEXT() REPRESENTATION_CONTEXT('2D SPACE',''
  ) );
#11973 = ADVANCED_FACE('',(#11974),#3334,.F.);
#11974 = FACE_BOUND('',#11975,.F.);
#11975 = EDGE_LOOP('',(#11976,#11977,#12000,#12021));
#11976 = ORIENTED_EDGE('',*,*,#3318,.T.);
#11977 = ORIENTED_EDGE('',*,*,#11978,.T.);
#11978 = EDGE_CURVE('',#3319,#11979,#11981,.T.);
#11979 = VERTEX_POINT('',#11980);
#11980 = CARTESIAN_POINT('',(60.573377964072,39.95,108.57509937953));
#11981 = SURFACE_CURVE('',#11982,(#11986,#11993),.PCURVE_S1.);
#11982 = LINE('',#11983,#11984);
#11983 = CARTESIAN_POINT('',(60.573377964072,39.75,108.57509937953));
#11984 = VECTOR('',#11985,1.);
#11985 = DIRECTION('',(0.,1.,0.));
#11986 = PCURVE('',#3334,#11987);
#11987 = DEFINITIONAL_REPRESENTATION('',(#11988),#11992);
#11988 = LINE('',#11989,#11990);
#11989 = CARTESIAN_POINT('',(0.,0.));
#11990 = VECTOR('',#11991,1.);
#11991 = DIRECTION('',(0.,-1.));
#11992 = ( GEOMETRIC_REPRESENTATION_CONTEXT(2) 
PARAMETRIC_REPRESENTATION_CONTEXT() REPRESENTATION_CONTEXT('2D SPACE',''
  ) );
#11993 = PCURVE('',#3362,#11994);
#11994 = DEFINITIONAL_REPRESENTATION('',(#11995),#11999);
#11995 = LINE('',#11996,#11997);
#11996 = CARTESIAN_POINT('',(0.230758648154,0.));
#11997 = VECTOR('',#11998,1.);
#11998 = DIRECTION('',(0.,-1.));
#11999 = ( GEOMETRIC_REPRESENTATION_CONTEXT(2) 
PARAMETRIC_REPRESENTATION_CONTEXT() REPRESENTATION_CONTEXT('2D SPACE',''
  ) );
#12000 = ORIENTED_EDGE('',*,*,#12001,.T.);
#12001 = EDGE_CURVE('',#11979,#11881,#12002,.T.);
#12002 = SURFACE_CURVE('',#12003,(#12007,#12014),.PCURVE_S1.);
#12003 = LINE('',#12004,#12005);
#12004 = CARTESIAN_POINT('',(60.573377964072,39.95,108.57509937953));
#12005 = VECTOR('',#12006,1.);
#12006 = DIRECTION('',(0.969810307859,0.,0.243860547795));
#12007 = PCURVE('',#3334,#12008);
#12008 = DEFINITIONAL_REPRESENTATION('',(#12009),#12013);
#12009 = LINE('',#12010,#12011);
#12010 = CARTESIAN_POINT('',(0.,-0.2));
#12011 = VECTOR('',#12012,1.);
#12012 = DIRECTION('',(1.,0.));
#12013 = ( GEOMETRIC_REPRESENTATION_CONTEXT(2) 
PARAMETRIC_REPRESENTATION_CONTEXT() REPRESENTATION_CONTEXT('2D SPACE',''
  ) );
#12014 = PCURVE('',#11598,#12015);
#12015 = DEFINITIONAL_REPRESENTATION('',(#12016),#12020);
#12016 = LINE('',#12017,#12018);
#12017 = CARTESIAN_POINT('',(-1.6252179158E-02,0.1597201915));
#12018 = VECTOR('',#12019,1.);
#12019 = DIRECTION('',(-0.969810307859,0.243860547795));
#12020 = ( GEOMETRIC_REPRESENTATION_CONTEXT(2) 
PARAMETRIC_REPRESENTATION_CONTEXT() REPRESENTATION_CONTEXT('2D SPACE',''
  ) );
#12021 = ORIENTED_EDGE('',*,*,#11880,.F.);
#12022 = ADVANCED_FACE('',(#12023),#4426,.F.);
#12023 = FACE_BOUND('',#12024,.F.);
#12024 = EDGE_LOOP('',(#12025,#12026,#12027,#12050));
#12025 = ORIENTED_EDGE('',*,*,#4410,.T.);
#12026 = ORIENTED_EDGE('',*,*,#11953,.T.);
#12027 = ORIENTED_EDGE('',*,*,#12028,.T.);
#12028 = EDGE_CURVE('',#11931,#12029,#12031,.T.);
#12029 = VERTEX_POINT('',#12030);
#12030 = CARTESIAN_POINT('',(60.017397190913,39.95,108.81890608069));
#12031 = SURFACE_CURVE('',#12032,(#12036,#12043),.PCURVE_S1.);
#12032 = LINE('',#12033,#12034);
#12033 = CARTESIAN_POINT('',(60.060408520411,39.95,108.71757582095));
#12034 = VECTOR('',#12035,1.);
#12035 = DIRECTION('',(-0.39072486377,0.,0.920507512643));
#12036 = PCURVE('',#4426,#12037);
#12037 = DEFINITIONAL_REPRESENTATION('',(#12038),#12042);
#12038 = LINE('',#12039,#12040);
#12039 = CARTESIAN_POINT('',(0.,-0.2));
#12040 = VECTOR('',#12041,1.);
#12041 = DIRECTION('',(1.,0.));
#12042 = ( GEOMETRIC_REPRESENTATION_CONTEXT(2) 
PARAMETRIC_REPRESENTATION_CONTEXT() REPRESENTATION_CONTEXT('2D SPACE',''
  ) );
#12043 = PCURVE('',#11598,#12044);
#12044 = DEFINITIONAL_REPRESENTATION('',(#12045),#12049);
#12045 = LINE('',#12046,#12047);
#12046 = CARTESIAN_POINT('',(0.496717264503,0.30219663292));
#12047 = VECTOR('',#12048,1.);
#12048 = DIRECTION('',(0.39072486377,0.920507512643));
#12049 = ( GEOMETRIC_REPRESENTATION_CONTEXT(2) 
PARAMETRIC_REPRESENTATION_CONTEXT() REPRESENTATION_CONTEXT('2D SPACE',''
  ) );
#12050 = ORIENTED_EDGE('',*,*,#12051,.F.);
#12051 = EDGE_CURVE('',#4383,#12029,#12052,.T.);
#12052 = SURFACE_CURVE('',#12053,(#12057,#12064),.PCURVE_S1.);
#12053 = LINE('',#12054,#12055);
#12054 = CARTESIAN_POINT('',(60.017397190913,39.75,108.81890608069));
#12055 = VECTOR('',#12056,1.);
#12056 = DIRECTION('',(0.,1.,0.));
#12057 = PCURVE('',#4426,#12058);
#12058 = DEFINITIONAL_REPRESENTATION('',(#12059),#12063);
#12059 = LINE('',#12060,#12061);
#12060 = CARTESIAN_POINT('',(0.110080861207,0.));
#12061 = VECTOR('',#12062,1.);
#12062 = DIRECTION('',(0.,-1.));
#12063 = ( GEOMETRIC_REPRESENTATION_CONTEXT(2) 
PARAMETRIC_REPRESENTATION_CONTEXT() REPRESENTATION_CONTEXT('2D SPACE',''
  ) );
#12064 = PCURVE('',#4398,#12065);
#12065 = DEFINITIONAL_REPRESENTATION('',(#12066),#12070);
#12066 = LINE('',#12067,#12068);
#12067 = CARTESIAN_POINT('',(0.,0.));
#12068 = VECTOR('',#12069,1.);
#12069 = DIRECTION('',(0.,-1.));
#12070 = ( GEOMETRIC_REPRESENTATION_CONTEXT(2) 
PARAMETRIC_REPRESENTATION_CONTEXT() REPRESENTATION_CONTEXT('2D SPACE',''
  ) );
#12071 = ADVANCED_FACE('',(#12072),#3362,.F.);
#12072 = FACE_BOUND('',#12073,.F.);
#12073 = EDGE_LOOP('',(#12074,#12075,#12098,#12119));
#12074 = ORIENTED_EDGE('',*,*,#3346,.T.);
#12075 = ORIENTED_EDGE('',*,*,#12076,.T.);
#12076 = EDGE_CURVE('',#3347,#12077,#12079,.T.);
#12077 = VERTEX_POINT('',#12078);
#12078 = CARTESIAN_POINT('',(60.346772496225,39.95,108.53151594644));
#12079 = SURFACE_CURVE('',#12080,(#12084,#12091),.PCURVE_S1.);
#12080 = LINE('',#12081,#12082);
#12081 = CARTESIAN_POINT('',(60.346772496225,39.75,108.53151594644));
#12082 = VECTOR('',#12083,1.);
#12083 = DIRECTION('',(0.,1.,0.));
#12084 = PCURVE('',#3362,#12085);
#12085 = DEFINITIONAL_REPRESENTATION('',(#12086),#12090);
#12086 = LINE('',#12087,#12088);
#12087 = CARTESIAN_POINT('',(0.,0.));
#12088 = VECTOR('',#12089,1.);
#12089 = DIRECTION('',(0.,-1.));
#12090 = ( GEOMETRIC_REPRESENTATION_CONTEXT(2) 
PARAMETRIC_REPRESENTATION_CONTEXT() REPRESENTATION_CONTEXT('2D SPACE',''
  ) );
#12091 = PCURVE('',#3390,#12092);
#12092 = DEFINITIONAL_REPRESENTATION('',(#12093),#12097);
#12093 = LINE('',#12094,#12095);
#12094 = CARTESIAN_POINT('',(0.177660586709,0.));
#12095 = VECTOR('',#12096,1.);
#12096 = DIRECTION('',(0.,-1.));
#12097 = ( GEOMETRIC_REPRESENTATION_CONTEXT(2) 
PARAMETRIC_REPRESENTATION_CONTEXT() REPRESENTATION_CONTEXT('2D SPACE',''
  ) );
#12098 = ORIENTED_EDGE('',*,*,#12099,.T.);
#12099 = EDGE_CURVE('',#12077,#11979,#12100,.T.);
#12100 = SURFACE_CURVE('',#12101,(#12105,#12112),.PCURVE_S1.);
#12101 = LINE('',#12102,#12103);
#12102 = CARTESIAN_POINT('',(60.346772496225,39.95,108.53151594644));
#12103 = VECTOR('',#12104,1.);
#12104 = DIRECTION('',(0.982002059977,0.,0.188870204638));
#12105 = PCURVE('',#3362,#12106);
#12106 = DEFINITIONAL_REPRESENTATION('',(#12107),#12111);
#12107 = LINE('',#12108,#12109);
#12108 = CARTESIAN_POINT('',(0.,-0.2));
#12109 = VECTOR('',#12110,1.);
#12110 = DIRECTION('',(1.,0.));
#12111 = ( GEOMETRIC_REPRESENTATION_CONTEXT(2) 
PARAMETRIC_REPRESENTATION_CONTEXT() REPRESENTATION_CONTEXT('2D SPACE',''
  ) );
#12112 = PCURVE('',#11598,#12113);
#12113 = DEFINITIONAL_REPRESENTATION('',(#12114),#12118);
#12114 = LINE('',#12115,#12116);
#12115 = CARTESIAN_POINT('',(0.210353288689,0.11613675841));
#12116 = VECTOR('',#12117,1.);
#12117 = DIRECTION('',(-0.982002059977,0.188870204638));
#12118 = ( GEOMETRIC_REPRESENTATION_CONTEXT(2) 
PARAMETRIC_REPRESENTATION_CONTEXT() REPRESENTATION_CONTEXT('2D SPACE',''
  ) );
#12119 = ORIENTED_EDGE('',*,*,#11978,.F.);
#12120 = ADVANCED_FACE('',(#12121),#4398,.F.);
#12121 = FACE_BOUND('',#12122,.F.);
#12122 = EDGE_LOOP('',(#12123,#12124,#12125,#12148));
#12123 = ORIENTED_EDGE('',*,*,#4382,.T.);
#12124 = ORIENTED_EDGE('',*,*,#12051,.T.);
#12125 = ORIENTED_EDGE('',*,*,#12126,.T.);
#12126 = EDGE_CURVE('',#12029,#12127,#12129,.T.);
#12127 = VERTEX_POINT('',#12128);
#12128 = CARTESIAN_POINT('',(60.050531576264,39.95,108.92486200498));
#12129 = SURFACE_CURVE('',#12130,(#12134,#12141),.PCURVE_S1.);
#12130 = LINE('',#12131,#12132);
#12131 = CARTESIAN_POINT('',(60.017397190913,39.95,108.81890608069));
#12132 = VECTOR('',#12133,1.);
#12133 = DIRECTION('',(0.298465037346,0.,0.954420568451));
#12134 = PCURVE('',#4398,#12135);
#12135 = DEFINITIONAL_REPRESENTATION('',(#12136),#12140);
#12136 = LINE('',#12137,#12138);
#12137 = CARTESIAN_POINT('',(0.,-0.2));
#12138 = VECTOR('',#12139,1.);
#12139 = DIRECTION('',(1.,0.));
#12140 = ( GEOMETRIC_REPRESENTATION_CONTEXT(2) 
PARAMETRIC_REPRESENTATION_CONTEXT() REPRESENTATION_CONTEXT('2D SPACE',''
  ) );
#12141 = PCURVE('',#11598,#12142);
#12142 = DEFINITIONAL_REPRESENTATION('',(#12143),#12147);
#12143 = LINE('',#12144,#12145);
#12144 = CARTESIAN_POINT('',(0.539728594001,0.40352689266));
#12145 = VECTOR('',#12146,1.);
#12146 = DIRECTION('',(-0.298465037346,0.954420568451));
#12147 = ( GEOMETRIC_REPRESENTATION_CONTEXT(2) 
PARAMETRIC_REPRESENTATION_CONTEXT() REPRESENTATION_CONTEXT('2D SPACE',''
  ) );
#12148 = ORIENTED_EDGE('',*,*,#12149,.F.);
#12149 = EDGE_CURVE('',#4355,#12127,#12150,.T.);
#12150 = SURFACE_CURVE('',#12151,(#12155,#12162),.PCURVE_S1.);
#12151 = LINE('',#12152,#12153);
#12152 = CARTESIAN_POINT('',(60.050531576264,39.75,108.92486200498));
#12153 = VECTOR('',#12154,1.);
#12154 = DIRECTION('',(0.,1.,0.));
#12155 = PCURVE('',#4398,#12156);
#12156 = DEFINITIONAL_REPRESENTATION('',(#12157),#12161);
#12157 = LINE('',#12158,#12159);
#12158 = CARTESIAN_POINT('',(0.111015969053,0.));
#12159 = VECTOR('',#12160,1.);
#12160 = DIRECTION('',(0.,-1.));
#12161 = ( GEOMETRIC_REPRESENTATION_CONTEXT(2) 
PARAMETRIC_REPRESENTATION_CONTEXT() REPRESENTATION_CONTEXT('2D SPACE',''
  ) );
#12162 = PCURVE('',#4370,#12163);
#12163 = DEFINITIONAL_REPRESENTATION('',(#12164),#12168);
#12164 = LINE('',#12165,#12166);
#12165 = CARTESIAN_POINT('',(0.,0.));
#12166 = VECTOR('',#12167,1.);
#12167 = DIRECTION('',(0.,-1.));
#12168 = ( GEOMETRIC_REPRESENTATION_CONTEXT(2) 
PARAMETRIC_REPRESENTATION_CONTEXT() REPRESENTATION_CONTEXT('2D SPACE',''
  ) );
#12169 = ADVANCED_FACE('',(#12170),#3390,.F.);
#12170 = FACE_BOUND('',#12171,.F.);
#12171 = EDGE_LOOP('',(#12172,#12173,#12196,#12217));
#12172 = ORIENTED_EDGE('',*,*,#3374,.T.);
#12173 = ORIENTED_EDGE('',*,*,#12174,.T.);
#12174 = EDGE_CURVE('',#3375,#12175,#12177,.T.);
#12175 = VERTEX_POINT('',#12176);
#12176 = CARTESIAN_POINT('',(60.176870623555,39.95,108.47958678572));
#12177 = SURFACE_CURVE('',#12178,(#12182,#12189),.PCURVE_S1.);
#12178 = LINE('',#12179,#12180);
#12179 = CARTESIAN_POINT('',(60.176870623555,39.75,108.47958678572));
#12180 = VECTOR('',#12181,1.);
#12181 = DIRECTION('',(0.,1.,0.));
#12182 = PCURVE('',#3390,#12183);
#12183 = DEFINITIONAL_REPRESENTATION('',(#12184),#12188);
#12184 = LINE('',#12185,#12186);
#12185 = CARTESIAN_POINT('',(0.,0.));
#12186 = VECTOR('',#12187,1.);
#12187 = DIRECTION('',(0.,-1.));
#12188 = ( GEOMETRIC_REPRESENTATION_CONTEXT(2) 
PARAMETRIC_REPRESENTATION_CONTEXT() REPRESENTATION_CONTEXT('2D SPACE',''
  ) );
#12189 = PCURVE('',#3418,#12190);
#12190 = DEFINITIONAL_REPRESENTATION('',(#12191),#12195);
#12191 = LINE('',#12192,#12193);
#12192 = CARTESIAN_POINT('',(0.14059583189,0.));
#12193 = VECTOR('',#12194,1.);
#12194 = DIRECTION('',(0.,-1.));
#12195 = ( GEOMETRIC_REPRESENTATION_CONTEXT(2) 
PARAMETRIC_REPRESENTATION_CONTEXT() REPRESENTATION_CONTEXT('2D SPACE',''
  ) );
#12196 = ORIENTED_EDGE('',*,*,#12197,.T.);
#12197 = EDGE_CURVE('',#12175,#12077,#12198,.T.);
#12198 = SURFACE_CURVE('',#12199,(#12203,#12210),.PCURVE_S1.);
#12199 = LINE('',#12200,#12201);
#12200 = CARTESIAN_POINT('',(60.176870623555,39.95,108.47958678572));
#12201 = VECTOR('',#12202,1.);
#12202 = DIRECTION('',(0.956328445265,0.,0.292294209278));
#12203 = PCURVE('',#3390,#12204);
#12204 = DEFINITIONAL_REPRESENTATION('',(#12205),#12209);
#12205 = LINE('',#12206,#12207);
#12206 = CARTESIAN_POINT('',(0.,-0.2));
#12207 = VECTOR('',#12208,1.);
#12208 = DIRECTION('',(1.,0.));
#12209 = ( GEOMETRIC_REPRESENTATION_CONTEXT(2) 
PARAMETRIC_REPRESENTATION_CONTEXT() REPRESENTATION_CONTEXT('2D SPACE',''
  ) );
#12210 = PCURVE('',#11598,#12211);
#12211 = DEFINITIONAL_REPRESENTATION('',(#12212),#12216);
#12212 = LINE('',#12213,#12214);
#12213 = CARTESIAN_POINT('',(0.380255161359,6.420759769E-02));
#12214 = VECTOR('',#12215,1.);
#12215 = DIRECTION('',(-0.956328445265,0.292294209278));
#12216 = ( GEOMETRIC_REPRESENTATION_CONTEXT(2) 
PARAMETRIC_REPRESENTATION_CONTEXT() REPRESENTATION_CONTEXT('2D SPACE',''
  ) );
#12217 = ORIENTED_EDGE('',*,*,#12076,.F.);
#12218 = ADVANCED_FACE('',(#12219),#4370,.F.);
#12219 = FACE_BOUND('',#12220,.F.);
#12220 = EDGE_LOOP('',(#12221,#12222,#12223,#12246));
#12221 = ORIENTED_EDGE('',*,*,#4354,.T.);
#12222 = ORIENTED_EDGE('',*,*,#12149,.T.);
#12223 = ORIENTED_EDGE('',*,*,#12224,.T.);
#12224 = EDGE_CURVE('',#12127,#12225,#12227,.T.);
#12225 = VERTEX_POINT('',#12226);
#12226 = CARTESIAN_POINT('',(60.15035050708,39.95,109.05957583885));
#12227 = SURFACE_CURVE('',#12228,(#12232,#12239),.PCURVE_S1.);
#12228 = LINE('',#12229,#12230);
#12229 = CARTESIAN_POINT('',(60.050531576264,39.95,108.92486200498));
#12230 = VECTOR('',#12231,1.);
#12231 = DIRECTION('',(0.595346566735,0.,0.803469019612));
#12232 = PCURVE('',#4370,#12233);
#12233 = DEFINITIONAL_REPRESENTATION('',(#12234),#12238);
#12234 = LINE('',#12235,#12236);
#12235 = CARTESIAN_POINT('',(0.,-0.2));
#12236 = VECTOR('',#12237,1.);
#12237 = DIRECTION('',(1.,0.));
#12238 = ( GEOMETRIC_REPRESENTATION_CONTEXT(2) 
PARAMETRIC_REPRESENTATION_CONTEXT() REPRESENTATION_CONTEXT('2D SPACE',''
  ) );
#12239 = PCURVE('',#11598,#12240);
#12240 = DEFINITIONAL_REPRESENTATION('',(#12241),#12245);
#12241 = LINE('',#12242,#12243);
#12242 = CARTESIAN_POINT('',(0.50659420865,0.50948281695));
#12243 = VECTOR('',#12244,1.);
#12244 = DIRECTION('',(-0.595346566735,0.803469019612));
#12245 = ( GEOMETRIC_REPRESENTATION_CONTEXT(2) 
PARAMETRIC_REPRESENTATION_CONTEXT() REPRESENTATION_CONTEXT('2D SPACE',''
  ) );
#12246 = ORIENTED_EDGE('',*,*,#12247,.F.);
#12247 = EDGE_CURVE('',#4327,#12225,#12248,.T.);
#12248 = SURFACE_CURVE('',#12249,(#12253,#12260),.PCURVE_S1.);
#12249 = LINE('',#12250,#12251);
#12250 = CARTESIAN_POINT('',(60.15035050708,39.75,109.05957583885));
#12251 = VECTOR('',#12252,1.);
#12252 = DIRECTION('',(0.,1.,0.));
#12253 = PCURVE('',#4370,#12254);
#12254 = DEFINITIONAL_REPRESENTATION('',(#12255),#12259);
#12255 = LINE('',#12256,#12257);
#12256 = CARTESIAN_POINT('',(0.167665249784,0.));
#12257 = VECTOR('',#12258,1.);
#12258 = DIRECTION('',(0.,-1.));
#12259 = ( GEOMETRIC_REPRESENTATION_CONTEXT(2) 
PARAMETRIC_REPRESENTATION_CONTEXT() REPRESENTATION_CONTEXT('2D SPACE',''
  ) );
#12260 = PCURVE('',#4342,#12261);
#12261 = DEFINITIONAL_REPRESENTATION('',(#12262),#12266);
#12262 = LINE('',#12263,#12264);
#12263 = CARTESIAN_POINT('',(0.,0.));
#12264 = VECTOR('',#12265,1.);
#12265 = DIRECTION('',(0.,-1.));
#12266 = ( GEOMETRIC_REPRESENTATION_CONTEXT(2) 
PARAMETRIC_REPRESENTATION_CONTEXT() REPRESENTATION_CONTEXT('2D SPACE',''
  ) );
#12267 = ADVANCED_FACE('',(#12268),#3418,.F.);
#12268 = FACE_BOUND('',#12269,.F.);
#12269 = EDGE_LOOP('',(#12270,#12271,#12294,#12315));
#12270 = ORIENTED_EDGE('',*,*,#3402,.T.);
#12271 = ORIENTED_EDGE('',*,*,#12272,.T.);
#12272 = EDGE_CURVE('',#3403,#12273,#12275,.T.);
#12273 = VERTEX_POINT('',#12274);
#12274 = CARTESIAN_POINT('',(60.059147566915,39.95,108.40272021379));
#12275 = SURFACE_CURVE('',#12276,(#12280,#12287),.PCURVE_S1.);
#12276 = LINE('',#12277,#12278);
#12277 = CARTESIAN_POINT('',(60.059147566915,39.75,108.40272021379));
#12278 = VECTOR('',#12279,1.);
#12279 = DIRECTION('',(0.,1.,0.));
#12280 = PCURVE('',#3418,#12281);
#12281 = DEFINITIONAL_REPRESENTATION('',(#12282),#12286);
#12282 = LINE('',#12283,#12284);
#12283 = CARTESIAN_POINT('',(0.,0.));
#12284 = VECTOR('',#12285,1.);
#12285 = DIRECTION('',(0.,-1.));
#12286 = ( GEOMETRIC_REPRESENTATION_CONTEXT(2) 
PARAMETRIC_REPRESENTATION_CONTEXT() REPRESENTATION_CONTEXT('2D SPACE',''
  ) );
#12287 = PCURVE('',#3446,#12288);
#12288 = DEFINITIONAL_REPRESENTATION('',(#12289),#12293);
#12289 = LINE('',#12290,#12291);
#12290 = CARTESIAN_POINT('',(0.134070166619,0.));
#12291 = VECTOR('',#12292,1.);
#12292 = DIRECTION('',(0.,-1.));
#12293 = ( GEOMETRIC_REPRESENTATION_CONTEXT(2) 
PARAMETRIC_REPRESENTATION_CONTEXT() REPRESENTATION_CONTEXT('2D SPACE',''
  ) );
#12294 = ORIENTED_EDGE('',*,*,#12295,.T.);
#12295 = EDGE_CURVE('',#12273,#12175,#12296,.T.);
#12296 = SURFACE_CURVE('',#12297,(#12301,#12308),.PCURVE_S1.);
#12297 = LINE('',#12298,#12299);
#12298 = CARTESIAN_POINT('',(60.059147566915,39.95,108.40272021379));
#12299 = VECTOR('',#12300,1.);
#12300 = DIRECTION('',(0.83731541009,0.,0.546720133181));
#12301 = PCURVE('',#3418,#12302);
#12302 = DEFINITIONAL_REPRESENTATION('',(#12303),#12307);
#12303 = LINE('',#12304,#12305);
#12304 = CARTESIAN_POINT('',(0.,-0.2));
#12305 = VECTOR('',#12306,1.);
#12306 = DIRECTION('',(1.,0.));
#12307 = ( GEOMETRIC_REPRESENTATION_CONTEXT(2) 
PARAMETRIC_REPRESENTATION_CONTEXT() REPRESENTATION_CONTEXT('2D SPACE',''
  ) );
#12308 = PCURVE('',#11598,#12309);
#12309 = DEFINITIONAL_REPRESENTATION('',(#12310),#12314);
#12310 = LINE('',#12311,#12312);
#12311 = CARTESIAN_POINT('',(0.497978217999,-1.265897424E-02));
#12312 = VECTOR('',#12313,1.);
#12313 = DIRECTION('',(-0.83731541009,0.546720133181));
#12314 = ( GEOMETRIC_REPRESENTATION_CONTEXT(2) 
PARAMETRIC_REPRESENTATION_CONTEXT() REPRESENTATION_CONTEXT('2D SPACE',''
  ) );
#12315 = ORIENTED_EDGE('',*,*,#12174,.F.);
#12316 = ADVANCED_FACE('',(#12317),#4342,.F.);
#12317 = FACE_BOUND('',#12318,.F.);
#12318 = EDGE_LOOP('',(#12319,#12320,#12321,#12344));
#12319 = ORIENTED_EDGE('',*,*,#4326,.T.);
#12320 = ORIENTED_EDGE('',*,*,#12247,.T.);
#12321 = ORIENTED_EDGE('',*,*,#12322,.T.);
#12322 = EDGE_CURVE('',#12225,#12323,#12325,.T.);
#12323 = VERTEX_POINT('',#12324);
#12324 = CARTESIAN_POINT('',(60.286894484161,39.95,109.1372882425));
#12325 = SURFACE_CURVE('',#12326,(#12330,#12337),.PCURVE_S1.);
#12326 = LINE('',#12327,#12328);
#12327 = CARTESIAN_POINT('',(60.15035050708,39.95,109.05957583885));
#12328 = VECTOR('',#12329,1.);
#12329 = DIRECTION('',(0.869099289291,0.,0.494637670779));
#12330 = PCURVE('',#4342,#12331);
#12331 = DEFINITIONAL_REPRESENTATION('',(#12332),#12336);
#12332 = LINE('',#12333,#12334);
#12333 = CARTESIAN_POINT('',(0.,-0.2));
#12334 = VECTOR('',#12335,1.);
#12335 = DIRECTION('',(1.,0.));
#12336 = ( GEOMETRIC_REPRESENTATION_CONTEXT(2) 
PARAMETRIC_REPRESENTATION_CONTEXT() REPRESENTATION_CONTEXT('2D SPACE',''
  ) );
#12337 = PCURVE('',#11598,#12338);
#12338 = DEFINITIONAL_REPRESENTATION('',(#12339),#12343);
#12339 = LINE('',#12340,#12341);
#12340 = CARTESIAN_POINT('',(0.406775277834,0.64419665082));
#12341 = VECTOR('',#12342,1.);
#12342 = DIRECTION('',(-0.869099289291,0.494637670779));
#12343 = ( GEOMETRIC_REPRESENTATION_CONTEXT(2) 
PARAMETRIC_REPRESENTATION_CONTEXT() REPRESENTATION_CONTEXT('2D SPACE',''
  ) );
#12344 = ORIENTED_EDGE('',*,*,#12345,.F.);
#12345 = EDGE_CURVE('',#4299,#12323,#12346,.T.);
#12346 = SURFACE_CURVE('',#12347,(#12351,#12358),.PCURVE_S1.);
#12347 = LINE('',#12348,#12349);
#12348 = CARTESIAN_POINT('',(60.286894484161,39.75,109.1372882425));
#12349 = VECTOR('',#12350,1.);
#12350 = DIRECTION('',(0.,1.,0.));
#12351 = PCURVE('',#4342,#12352);
#12352 = DEFINITIONAL_REPRESENTATION('',(#12353),#12357);
#12353 = LINE('',#12354,#12355);
#12354 = CARTESIAN_POINT('',(0.15710975577,0.));
#12355 = VECTOR('',#12356,1.);
#12356 = DIRECTION('',(0.,-1.));
#12357 = ( GEOMETRIC_REPRESENTATION_CONTEXT(2) 
PARAMETRIC_REPRESENTATION_CONTEXT() REPRESENTATION_CONTEXT('2D SPACE',''
  ) );
#12358 = PCURVE('',#4314,#12359);
#12359 = DEFINITIONAL_REPRESENTATION('',(#12360),#12364);
#12360 = LINE('',#12361,#12362);
#12361 = CARTESIAN_POINT('',(0.,0.));
#12362 = VECTOR('',#12363,1.);
#12363 = DIRECTION('',(0.,-1.));
#12364 = ( GEOMETRIC_REPRESENTATION_CONTEXT(2) 
PARAMETRIC_REPRESENTATION_CONTEXT() REPRESENTATION_CONTEXT('2D SPACE',''
  ) );
#12365 = ADVANCED_FACE('',(#12366),#3446,.F.);
#12366 = FACE_BOUND('',#12367,.F.);
#12367 = EDGE_LOOP('',(#12368,#12369,#12392,#12413));
#12368 = ORIENTED_EDGE('',*,*,#3430,.T.);
#12369 = ORIENTED_EDGE('',*,*,#12370,.T.);
#12370 = EDGE_CURVE('',#3431,#12371,#12373,.T.);
#12371 = VERTEX_POINT('',#12372);
#12372 = CARTESIAN_POINT('',(59.985304200726,39.95,108.29081861931));
#12373 = SURFACE_CURVE('',#12374,(#12378,#12385),.PCURVE_S1.);
#12374 = LINE('',#12375,#12376);
#12375 = CARTESIAN_POINT('',(59.985304200726,39.75,108.29081861931));
#12376 = VECTOR('',#12377,1.);
#12377 = DIRECTION('',(0.,1.,0.));
#12378 = PCURVE('',#3446,#12379);
#12379 = DEFINITIONAL_REPRESENTATION('',(#12380),#12384);
#12380 = LINE('',#12381,#12382);
#12381 = CARTESIAN_POINT('',(0.,0.));
#12382 = VECTOR('',#12383,1.);
#12383 = DIRECTION('',(0.,-1.));
#12384 = ( GEOMETRIC_REPRESENTATION_CONTEXT(2) 
PARAMETRIC_REPRESENTATION_CONTEXT() REPRESENTATION_CONTEXT('2D SPACE',''
  ) );
#12385 = PCURVE('',#3474,#12386);
#12386 = DEFINITIONAL_REPRESENTATION('',(#12387),#12391);
#12387 = LINE('',#12388,#12389);
#12388 = CARTESIAN_POINT('',(0.155821237281,0.));
#12389 = VECTOR('',#12390,1.);
#12390 = DIRECTION('',(0.,-1.));
#12391 = ( GEOMETRIC_REPRESENTATION_CONTEXT(2) 
PARAMETRIC_REPRESENTATION_CONTEXT() REPRESENTATION_CONTEXT('2D SPACE',''
  ) );
#12392 = ORIENTED_EDGE('',*,*,#12393,.T.);
#12393 = EDGE_CURVE('',#12371,#12273,#12394,.T.);
#12394 = SURFACE_CURVE('',#12395,(#12399,#12406),.PCURVE_S1.);
#12395 = LINE('',#12396,#12397);
#12396 = CARTESIAN_POINT('',(59.985304200726,39.95,108.29081861931));
#12397 = VECTOR('',#12398,1.);
#12398 = DIRECTION('',(0.55078149042,0.,0.834649477212));
#12399 = PCURVE('',#3446,#12400);
#12400 = DEFINITIONAL_REPRESENTATION('',(#12401),#12405);
#12401 = LINE('',#12402,#12403);
#12402 = CARTESIAN_POINT('',(0.,-0.2));
#12403 = VECTOR('',#12404,1.);
#12404 = DIRECTION('',(1.,0.));
#12405 = ( GEOMETRIC_REPRESENTATION_CONTEXT(2) 
PARAMETRIC_REPRESENTATION_CONTEXT() REPRESENTATION_CONTEXT('2D SPACE',''
  ) );
#12406 = PCURVE('',#11598,#12407);
#12407 = DEFINITIONAL_REPRESENTATION('',(#12408),#12412);
#12408 = LINE('',#12409,#12410);
#12409 = CARTESIAN_POINT('',(0.571821584188,-0.12456056872));
#12410 = VECTOR('',#12411,1.);
#12411 = DIRECTION('',(-0.55078149042,0.834649477212));
#12412 = ( GEOMETRIC_REPRESENTATION_CONTEXT(2) 
PARAMETRIC_REPRESENTATION_CONTEXT() REPRESENTATION_CONTEXT('2D SPACE',''
  ) );
#12413 = ORIENTED_EDGE('',*,*,#12272,.F.);
#12414 = ADVANCED_FACE('',(#12415),#4314,.F.);
#12415 = FACE_BOUND('',#12416,.F.);
#12416 = EDGE_LOOP('',(#12417,#12418,#12419,#12442));
#12417 = ORIENTED_EDGE('',*,*,#4298,.T.);
#12418 = ORIENTED_EDGE('',*,*,#12345,.T.);
#12419 = ORIENTED_EDGE('',*,*,#12420,.T.);
#12420 = EDGE_CURVE('',#12323,#12421,#12423,.T.);
#12421 = VERTEX_POINT('',#12422);
#12422 = CARTESIAN_POINT('',(60.437896269337,39.95,109.17752305937));
#12423 = SURFACE_CURVE('',#12424,(#12428,#12435),.PCURVE_S1.);
#12424 = LINE('',#12425,#12426);
#12425 = CARTESIAN_POINT('',(60.286894484161,39.95,109.1372882425));
#12426 = VECTOR('',#12427,1.);
#12427 = DIRECTION('',(0.966286420371,0.,0.257469520152));
#12428 = PCURVE('',#4314,#12429);
#12429 = DEFINITIONAL_REPRESENTATION('',(#12430),#12434);
#12430 = LINE('',#12431,#12432);
#12431 = CARTESIAN_POINT('',(0.,-0.2));
#12432 = VECTOR('',#12433,1.);
#12433 = DIRECTION('',(1.,0.));
#12434 = ( GEOMETRIC_REPRESENTATION_CONTEXT(2) 
PARAMETRIC_REPRESENTATION_CONTEXT() REPRESENTATION_CONTEXT('2D SPACE',''
  ) );
#12435 = PCURVE('',#11598,#12436);
#12436 = DEFINITIONAL_REPRESENTATION('',(#12437),#12441);
#12437 = LINE('',#12438,#12439);
#12438 = CARTESIAN_POINT('',(0.270231300753,0.72190905447));
#12439 = VECTOR('',#12440,1.);
#12440 = DIRECTION('',(-0.966286420371,0.257469520152));
#12441 = ( GEOMETRIC_REPRESENTATION_CONTEXT(2) 
PARAMETRIC_REPRESENTATION_CONTEXT() REPRESENTATION_CONTEXT('2D SPACE',''
  ) );
#12442 = ORIENTED_EDGE('',*,*,#12443,.F.);
#12443 = EDGE_CURVE('',#4271,#12421,#12444,.T.);
#12444 = SURFACE_CURVE('',#12445,(#12449,#12456),.PCURVE_S1.);
#12445 = LINE('',#12446,#12447);
#12446 = CARTESIAN_POINT('',(60.437896269337,39.75,109.17752305937));
#12447 = VECTOR('',#12448,1.);
#12448 = DIRECTION('',(0.,1.,0.));
#12449 = PCURVE('',#4314,#12450);
#12450 = DEFINITIONAL_REPRESENTATION('',(#12451),#12455);
#12451 = LINE('',#12452,#12453);
#12452 = CARTESIAN_POINT('',(0.15627021346,0.));
#12453 = VECTOR('',#12454,1.);
#12454 = DIRECTION('',(0.,-1.));
#12455 = ( GEOMETRIC_REPRESENTATION_CONTEXT(2) 
PARAMETRIC_REPRESENTATION_CONTEXT() REPRESENTATION_CONTEXT('2D SPACE',''
  ) );
#12456 = PCURVE('',#4286,#12457);
#12457 = DEFINITIONAL_REPRESENTATION('',(#12458),#12462);
#12458 = LINE('',#12459,#12460);
#12459 = CARTESIAN_POINT('',(0.,0.));
#12460 = VECTOR('',#12461,1.);
#12461 = DIRECTION('',(0.,-1.));
#12462 = ( GEOMETRIC_REPRESENTATION_CONTEXT(2) 
PARAMETRIC_REPRESENTATION_CONTEXT() REPRESENTATION_CONTEXT('2D SPACE',''
  ) );
#12463 = ADVANCED_FACE('',(#12464),#3474,.F.);
#12464 = FACE_BOUND('',#12465,.F.);
#12465 = EDGE_LOOP('',(#12466,#12467,#12490,#12511));
#12466 = ORIENTED_EDGE('',*,*,#3458,.T.);
#12467 = ORIENTED_EDGE('',*,*,#12468,.T.);
#12468 = EDGE_CURVE('',#3459,#12469,#12471,.T.);
#12469 = VERTEX_POINT('',#12470);
#12470 = CARTESIAN_POINT('',(59.957646851434,39.95,108.13747153255));
#12471 = SURFACE_CURVE('',#12472,(#12476,#12483),.PCURVE_S1.);
#12472 = LINE('',#12473,#12474);
#12473 = CARTESIAN_POINT('',(59.957646851434,39.75,108.13747153255));
#12474 = VECTOR('',#12475,1.);
#12475 = DIRECTION('',(0.,1.,0.));
#12476 = PCURVE('',#3474,#12477);
#12477 = DEFINITIONAL_REPRESENTATION('',(#12478),#12482);
#12478 = LINE('',#12479,#12480);
#12479 = CARTESIAN_POINT('',(0.,0.));
#12480 = VECTOR('',#12481,1.);
#12481 = DIRECTION('',(0.,-1.));
#12482 = ( GEOMETRIC_REPRESENTATION_CONTEXT(2) 
PARAMETRIC_REPRESENTATION_CONTEXT() REPRESENTATION_CONTEXT('2D SPACE',''
  ) );
#12483 = PCURVE('',#3502,#12484);
#12484 = DEFINITIONAL_REPRESENTATION('',(#12485),#12489);
#12485 = LINE('',#12486,#12487);
#12486 = CARTESIAN_POINT('',(0.197826876595,0.));
#12487 = VECTOR('',#12488,1.);
#12488 = DIRECTION('',(0.,-1.));
#12489 = ( GEOMETRIC_REPRESENTATION_CONTEXT(2) 
PARAMETRIC_REPRESENTATION_CONTEXT() REPRESENTATION_CONTEXT('2D SPACE',''
  ) );
#12490 = ORIENTED_EDGE('',*,*,#12491,.T.);
#12491 = EDGE_CURVE('',#12469,#12371,#12492,.T.);
#12492 = SURFACE_CURVE('',#12493,(#12497,#12504),.PCURVE_S1.);
#12493 = LINE('',#12494,#12495);
#12494 = CARTESIAN_POINT('',(59.957646851434,39.95,108.13747153255));
#12495 = VECTOR('',#12496,1.);
#12496 = DIRECTION('',(0.177494093704,0.,0.984121865777));
#12497 = PCURVE('',#3474,#12498);
#12498 = DEFINITIONAL_REPRESENTATION('',(#12499),#12503);
#12499 = LINE('',#12500,#12501);
#12500 = CARTESIAN_POINT('',(0.,-0.2));
#12501 = VECTOR('',#12502,1.);
#12502 = DIRECTION('',(1.,0.));
#12503 = ( GEOMETRIC_REPRESENTATION_CONTEXT(2) 
PARAMETRIC_REPRESENTATION_CONTEXT() REPRESENTATION_CONTEXT('2D SPACE',''
  ) );
#12504 = PCURVE('',#11598,#12505);
#12505 = DEFINITIONAL_REPRESENTATION('',(#12506),#12510);
#12506 = LINE('',#12507,#12508);
#12507 = CARTESIAN_POINT('',(0.59947893348,-0.27790765548));
#12508 = VECTOR('',#12509,1.);
#12509 = DIRECTION('',(-0.177494093704,0.984121865777));
#12510 = ( GEOMETRIC_REPRESENTATION_CONTEXT(2) 
PARAMETRIC_REPRESENTATION_CONTEXT() REPRESENTATION_CONTEXT('2D SPACE',''
  ) );
#12511 = ORIENTED_EDGE('',*,*,#12370,.F.);
#12512 = ADVANCED_FACE('',(#12513),#4286,.F.);
#12513 = FACE_BOUND('',#12514,.F.);
#12514 = EDGE_LOOP('',(#12515,#12516,#12517,#12540));
#12515 = ORIENTED_EDGE('',*,*,#4270,.T.);
#12516 = ORIENTED_EDGE('',*,*,#12443,.T.);
#12517 = ORIENTED_EDGE('',*,*,#12518,.T.);
#12518 = EDGE_CURVE('',#12421,#12519,#12521,.T.);
#12519 = VERTEX_POINT('',#12520);
#12520 = CARTESIAN_POINT('',(60.587038140958,39.95,109.1866554435));
#12521 = SURFACE_CURVE('',#12522,(#12526,#12533),.PCURVE_S1.);
#12522 = LINE('',#12523,#12524);
#12523 = CARTESIAN_POINT('',(60.437896269337,39.95,109.17752305937));
#12524 = VECTOR('',#12525,1.);
#12525 = DIRECTION('',(0.998130523617,0.,6.111839186884E-02));
#12526 = PCURVE('',#4286,#12527);
#12527 = DEFINITIONAL_REPRESENTATION('',(#12528),#12532);
#12528 = LINE('',#12529,#12530);
#12529 = CARTESIAN_POINT('',(0.,-0.2));
#12530 = VECTOR('',#12531,1.);
#12531 = DIRECTION('',(1.,0.));
#12532 = ( GEOMETRIC_REPRESENTATION_CONTEXT(2) 
PARAMETRIC_REPRESENTATION_CONTEXT() REPRESENTATION_CONTEXT('2D SPACE',''
  ) );
#12533 = PCURVE('',#11598,#12534);
#12534 = DEFINITIONAL_REPRESENTATION('',(#12535),#12539);
#12535 = LINE('',#12536,#12537);
#12536 = CARTESIAN_POINT('',(0.119229515577,0.76214387134));
#12537 = VECTOR('',#12538,1.);
#12538 = DIRECTION('',(-0.998130523617,6.111839186884E-02));
#12539 = ( GEOMETRIC_REPRESENTATION_CONTEXT(2) 
PARAMETRIC_REPRESENTATION_CONTEXT() REPRESENTATION_CONTEXT('2D SPACE',''
  ) );
#12540 = ORIENTED_EDGE('',*,*,#12541,.F.);
#12541 = EDGE_CURVE('',#4243,#12519,#12542,.T.);
#12542 = SURFACE_CURVE('',#12543,(#12547,#12554),.PCURVE_S1.);
#12543 = LINE('',#12544,#12545);
#12544 = CARTESIAN_POINT('',(60.587038140958,39.75,109.1866554435));
#12545 = VECTOR('',#12546,1.);
#12546 = DIRECTION('',(0.,1.,0.));
#12547 = PCURVE('',#4286,#12548);
#12548 = DEFINITIONAL_REPRESENTATION('',(#12549),#12553);
#12549 = LINE('',#12550,#12551);
#12550 = CARTESIAN_POINT('',(0.149421211046,0.));
#12551 = VECTOR('',#12552,1.);
#12552 = DIRECTION('',(0.,-1.));
#12553 = ( GEOMETRIC_REPRESENTATION_CONTEXT(2) 
PARAMETRIC_REPRESENTATION_CONTEXT() REPRESENTATION_CONTEXT('2D SPACE',''
  ) );
#12554 = PCURVE('',#4258,#12555);
#12555 = DEFINITIONAL_REPRESENTATION('',(#12556),#12560);
#12556 = LINE('',#12557,#12558);
#12557 = CARTESIAN_POINT('',(0.,0.));
#12558 = VECTOR('',#12559,1.);
#12559 = DIRECTION('',(0.,-1.));
#12560 = ( GEOMETRIC_REPRESENTATION_CONTEXT(2) 
PARAMETRIC_REPRESENTATION_CONTEXT() REPRESENTATION_CONTEXT('2D SPACE',''
  ) );
#12561 = ADVANCED_FACE('',(#12562),#3502,.F.);
#12562 = FACE_BOUND('',#12563,.F.);
#12563 = EDGE_LOOP('',(#12564,#12565,#12588,#12609));
#12564 = ORIENTED_EDGE('',*,*,#3486,.T.);
#12565 = ORIENTED_EDGE('',*,*,#12566,.T.);
#12566 = EDGE_CURVE('',#3487,#12567,#12569,.T.);
#12567 = VERTEX_POINT('',#12568);
#12568 = CARTESIAN_POINT('',(59.992949479809,39.95,107.94282005546));
#12569 = SURFACE_CURVE('',#12570,(#12574,#12581),.PCURVE_S1.);
#12570 = LINE('',#12571,#12572);
#12571 = CARTESIAN_POINT('',(59.992949479809,39.75,107.94282005546));
#12572 = VECTOR('',#12573,1.);
#12573 = DIRECTION('',(0.,1.,0.));
#12574 = PCURVE('',#3502,#12575);
#12575 = DEFINITIONAL_REPRESENTATION('',(#12576),#12580);
#12576 = LINE('',#12577,#12578);
#12577 = CARTESIAN_POINT('',(0.,0.));
#12578 = VECTOR('',#12579,1.);
#12579 = DIRECTION('',(0.,-1.));
#12580 = ( GEOMETRIC_REPRESENTATION_CONTEXT(2) 
PARAMETRIC_REPRESENTATION_CONTEXT() REPRESENTATION_CONTEXT('2D SPACE',''
  ) );
#12581 = PCURVE('',#3530,#12582);
#12582 = DEFINITIONAL_REPRESENTATION('',(#12583),#12587);
#12583 = LINE('',#12584,#12585);
#12584 = CARTESIAN_POINT('',(0.191000398671,0.));
#12585 = VECTOR('',#12586,1.);
#12586 = DIRECTION('',(0.,-1.));
#12587 = ( GEOMETRIC_REPRESENTATION_CONTEXT(2) 
PARAMETRIC_REPRESENTATION_CONTEXT() REPRESENTATION_CONTEXT('2D SPACE',''
  ) );
#12588 = ORIENTED_EDGE('',*,*,#12589,.T.);
#12589 = EDGE_CURVE('',#12567,#12469,#12590,.T.);
#12590 = SURFACE_CURVE('',#12591,(#12595,#12602),.PCURVE_S1.);
#12591 = LINE('',#12592,#12593);
#12592 = CARTESIAN_POINT('',(59.992949479809,39.95,107.94282005546));
#12593 = VECTOR('',#12594,1.);
#12594 = DIRECTION('',(-0.178452134424,0.,0.983948594043));
#12595 = PCURVE('',#3502,#12596);
#12596 = DEFINITIONAL_REPRESENTATION('',(#12597),#12601);
#12597 = LINE('',#12598,#12599);
#12598 = CARTESIAN_POINT('',(0.,-0.2));
#12599 = VECTOR('',#12600,1.);
#12600 = DIRECTION('',(1.,0.));
#12601 = ( GEOMETRIC_REPRESENTATION_CONTEXT(2) 
PARAMETRIC_REPRESENTATION_CONTEXT() REPRESENTATION_CONTEXT('2D SPACE',''
  ) );
#12602 = PCURVE('',#11598,#12603);
#12603 = DEFINITIONAL_REPRESENTATION('',(#12604),#12608);
#12604 = LINE('',#12605,#12606);
#12605 = CARTESIAN_POINT('',(0.564176305105,-0.47255913257));
#12606 = VECTOR('',#12607,1.);
#12607 = DIRECTION('',(0.178452134424,0.983948594043));
#12608 = ( GEOMETRIC_REPRESENTATION_CONTEXT(2) 
PARAMETRIC_REPRESENTATION_CONTEXT() REPRESENTATION_CONTEXT('2D SPACE',''
  ) );
#12609 = ORIENTED_EDGE('',*,*,#12468,.F.);
#12610 = ADVANCED_FACE('',(#12611),#4258,.F.);
#12611 = FACE_BOUND('',#12612,.F.);
#12612 = EDGE_LOOP('',(#12613,#12614,#12615,#12638));
#12613 = ORIENTED_EDGE('',*,*,#4242,.T.);
#12614 = ORIENTED_EDGE('',*,*,#12541,.T.);
#12615 = ORIENTED_EDGE('',*,*,#12616,.T.);
#12616 = EDGE_CURVE('',#12519,#12617,#12619,.T.);
#12617 = VERTEX_POINT('',#12618);
#12618 = CARTESIAN_POINT('',(60.825346759997,39.95,109.15328022721));
#12619 = SURFACE_CURVE('',#12620,(#12624,#12631),.PCURVE_S1.);
#12620 = LINE('',#12621,#12622);
#12621 = CARTESIAN_POINT('',(60.587038140958,39.95,109.1866554435));
#12622 = VECTOR('',#12623,1.);
#12623 = DIRECTION('',(0.99033489263,0.,-0.138696793181));
#12624 = PCURVE('',#4258,#12625);
#12625 = DEFINITIONAL_REPRESENTATION('',(#12626),#12630);
#12626 = LINE('',#12627,#12628);
#12627 = CARTESIAN_POINT('',(0.,-0.2));
#12628 = VECTOR('',#12629,1.);
#12629 = DIRECTION('',(1.,0.));
#12630 = ( GEOMETRIC_REPRESENTATION_CONTEXT(2) 
PARAMETRIC_REPRESENTATION_CONTEXT() REPRESENTATION_CONTEXT('2D SPACE',''
  ) );
#12631 = PCURVE('',#11598,#12632);
#12632 = DEFINITIONAL_REPRESENTATION('',(#12633),#12637);
#12633 = LINE('',#12634,#12635);
#12634 = CARTESIAN_POINT('',(-2.9912356044E-02,0.77127625547));
#12635 = VECTOR('',#12636,1.);
#12636 = DIRECTION('',(-0.99033489263,-0.138696793181));
#12637 = ( GEOMETRIC_REPRESENTATION_CONTEXT(2) 
PARAMETRIC_REPRESENTATION_CONTEXT() REPRESENTATION_CONTEXT('2D SPACE',''
  ) );
#12638 = ORIENTED_EDGE('',*,*,#12639,.F.);
#12639 = EDGE_CURVE('',#4215,#12617,#12640,.T.);
#12640 = SURFACE_CURVE('',#12641,(#12645,#12652),.PCURVE_S1.);
#12641 = LINE('',#12642,#12643);
#12642 = CARTESIAN_POINT('',(60.825346759997,39.75,109.15328022721));
#12643 = VECTOR('',#12644,1.);
#12644 = DIRECTION('',(0.,1.,0.));
#12645 = PCURVE('',#4258,#12646);
#12646 = DEFINITIONAL_REPRESENTATION('',(#12647),#12651);
#12647 = LINE('',#12648,#12649);
#12648 = CARTESIAN_POINT('',(0.24063437612,0.));
#12649 = VECTOR('',#12650,1.);
#12650 = DIRECTION('',(0.,-1.));
#12651 = ( GEOMETRIC_REPRESENTATION_CONTEXT(2) 
PARAMETRIC_REPRESENTATION_CONTEXT() REPRESENTATION_CONTEXT('2D SPACE',''
  ) );
#12652 = PCURVE('',#4230,#12653);
#12653 = DEFINITIONAL_REPRESENTATION('',(#12654),#12658);
#12654 = LINE('',#12655,#12656);
#12655 = CARTESIAN_POINT('',(0.,0.));
#12656 = VECTOR('',#12657,1.);
#12657 = DIRECTION('',(0.,-1.));
#12658 = ( GEOMETRIC_REPRESENTATION_CONTEXT(2) 
PARAMETRIC_REPRESENTATION_CONTEXT() REPRESENTATION_CONTEXT('2D SPACE',''
  ) );
#12659 = ADVANCED_FACE('',(#12660),#3530,.F.);
#12660 = FACE_BOUND('',#12661,.F.);
#12661 = EDGE_LOOP('',(#12662,#12663,#12686,#12707));
#12662 = ORIENTED_EDGE('',*,*,#3514,.T.);
#12663 = ORIENTED_EDGE('',*,*,#12664,.T.);
#12664 = EDGE_CURVE('',#3515,#12665,#12667,.T.);
#12665 = VERTEX_POINT('',#12666);
#12666 = CARTESIAN_POINT('',(60.106560537716,39.95,107.78928282931));
#12667 = SURFACE_CURVE('',#12668,(#12672,#12679),.PCURVE_S1.);
#12668 = LINE('',#12669,#12670);
#12669 = CARTESIAN_POINT('',(60.106560537716,39.75,107.78928282931));
#12670 = VECTOR('',#12671,1.);
#12671 = DIRECTION('',(0.,1.,0.));
#12672 = PCURVE('',#3530,#12673);
#12673 = DEFINITIONAL_REPRESENTATION('',(#12674),#12678);
#12674 = LINE('',#12675,#12676);
#12675 = CARTESIAN_POINT('',(0.,0.));
#12676 = VECTOR('',#12677,1.);
#12677 = DIRECTION('',(0.,-1.));
#12678 = ( GEOMETRIC_REPRESENTATION_CONTEXT(2) 
PARAMETRIC_REPRESENTATION_CONTEXT() REPRESENTATION_CONTEXT('2D SPACE',''
  ) );
#12679 = PCURVE('',#3558,#12680);
#12680 = DEFINITIONAL_REPRESENTATION('',(#12681),#12685);
#12681 = LINE('',#12682,#12683);
#12682 = CARTESIAN_POINT('',(0.213607794029,0.));
#12683 = VECTOR('',#12684,1.);
#12684 = DIRECTION('',(0.,-1.));
#12685 = ( GEOMETRIC_REPRESENTATION_CONTEXT(2) 
PARAMETRIC_REPRESENTATION_CONTEXT() REPRESENTATION_CONTEXT('2D SPACE',''
  ) );
#12686 = ORIENTED_EDGE('',*,*,#12687,.T.);
#12687 = EDGE_CURVE('',#12665,#12567,#12688,.T.);
#12688 = SURFACE_CURVE('',#12689,(#12693,#12700),.PCURVE_S1.);
#12689 = LINE('',#12690,#12691);
#12690 = CARTESIAN_POINT('',(60.106560537716,39.95,107.78928282931));
#12691 = VECTOR('',#12692,1.);
#12692 = DIRECTION('',(-0.594821051142,0.,0.803858144898));
#12693 = PCURVE('',#3530,#12694);
#12694 = DEFINITIONAL_REPRESENTATION('',(#12695),#12699);
#12695 = LINE('',#12696,#12697);
#12696 = CARTESIAN_POINT('',(0.,-0.2));
#12697 = VECTOR('',#12698,1.);
#12698 = DIRECTION('',(1.,0.));
#12699 = ( GEOMETRIC_REPRESENTATION_CONTEXT(2) 
PARAMETRIC_REPRESENTATION_CONTEXT() REPRESENTATION_CONTEXT('2D SPACE',''
  ) );
#12700 = PCURVE('',#11598,#12701);
#12701 = DEFINITIONAL_REPRESENTATION('',(#12702),#12706);
#12702 = LINE('',#12703,#12704);
#12703 = CARTESIAN_POINT('',(0.450565247198,-0.62609635872));
#12704 = VECTOR('',#12705,1.);
#12705 = DIRECTION('',(0.594821051142,0.803858144898));
#12706 = ( GEOMETRIC_REPRESENTATION_CONTEXT(2) 
PARAMETRIC_REPRESENTATION_CONTEXT() REPRESENTATION_CONTEXT('2D SPACE',''
  ) );
#12707 = ORIENTED_EDGE('',*,*,#12566,.F.);
#12708 = ADVANCED_FACE('',(#12709),#4230,.F.);
#12709 = FACE_BOUND('',#12710,.F.);
#12710 = EDGE_LOOP('',(#12711,#12712,#12713,#12736));
#12711 = ORIENTED_EDGE('',*,*,#4214,.T.);
#12712 = ORIENTED_EDGE('',*,*,#12639,.T.);
#12713 = ORIENTED_EDGE('',*,*,#12714,.T.);
#12714 = EDGE_CURVE('',#12617,#12715,#12717,.T.);
#12715 = VERTEX_POINT('',#12716);
#12716 = CARTESIAN_POINT('',(60.999440196715,39.95,109.05911411791));
#12717 = SURFACE_CURVE('',#12718,(#12722,#12729),.PCURVE_S1.);
#12718 = LINE('',#12719,#12720);
#12719 = CARTESIAN_POINT('',(60.825346759997,39.95,109.15328022721));
#12720 = VECTOR('',#12721,1.);
#12721 = DIRECTION('',(0.879576399195,0.,-0.475757667284));
#12722 = PCURVE('',#4230,#12723);
#12723 = DEFINITIONAL_REPRESENTATION('',(#12724),#12728);
#12724 = LINE('',#12725,#12726);
#12725 = CARTESIAN_POINT('',(0.,-0.2));
#12726 = VECTOR('',#12727,1.);
#12727 = DIRECTION('',(1.,0.));
#12728 = ( GEOMETRIC_REPRESENTATION_CONTEXT(2) 
PARAMETRIC_REPRESENTATION_CONTEXT() REPRESENTATION_CONTEXT('2D SPACE',''
  ) );
#12729 = PCURVE('',#11598,#12730);
#12730 = DEFINITIONAL_REPRESENTATION('',(#12731),#12735);
#12731 = LINE('',#12732,#12733);
#12732 = CARTESIAN_POINT('',(-0.268220975083,0.73790103918));
#12733 = VECTOR('',#12734,1.);
#12734 = DIRECTION('',(-0.879576399195,-0.475757667284));
#12735 = ( GEOMETRIC_REPRESENTATION_CONTEXT(2) 
PARAMETRIC_REPRESENTATION_CONTEXT() REPRESENTATION_CONTEXT('2D SPACE',''
  ) );
#12736 = ORIENTED_EDGE('',*,*,#12737,.F.);
#12737 = EDGE_CURVE('',#4187,#12715,#12738,.T.);
#12738 = SURFACE_CURVE('',#12739,(#12743,#12750),.PCURVE_S1.);
#12739 = LINE('',#12740,#12741);
#12740 = CARTESIAN_POINT('',(60.999440196715,39.75,109.05911411791));
#12741 = VECTOR('',#12742,1.);
#12742 = DIRECTION('',(0.,1.,0.));
#12743 = PCURVE('',#4230,#12744);
#12744 = DEFINITIONAL_REPRESENTATION('',(#12745),#12749);
#12745 = LINE('',#12746,#12747);
#12746 = CARTESIAN_POINT('',(0.19792872669,0.));
#12747 = VECTOR('',#12748,1.);
#12748 = DIRECTION('',(0.,-1.));
#12749 = ( GEOMETRIC_REPRESENTATION_CONTEXT(2) 
PARAMETRIC_REPRESENTATION_CONTEXT() REPRESENTATION_CONTEXT('2D SPACE',''
  ) );
#12750 = PCURVE('',#4202,#12751);
#12751 = DEFINITIONAL_REPRESENTATION('',(#12752),#12756);
#12752 = LINE('',#12753,#12754);
#12753 = CARTESIAN_POINT('',(0.,0.));
#12754 = VECTOR('',#12755,1.);
#12755 = DIRECTION('',(0.,-1.));
#12756 = ( GEOMETRIC_REPRESENTATION_CONTEXT(2) 
PARAMETRIC_REPRESENTATION_CONTEXT() REPRESENTATION_CONTEXT('2D SPACE',''
  ) );
#12757 = ADVANCED_FACE('',(#12758),#3558,.F.);
#12758 = FACE_BOUND('',#12759,.F.);
#12759 = EDGE_LOOP('',(#12760,#12761,#12784,#12805));
#12760 = ORIENTED_EDGE('',*,*,#3542,.T.);
#12761 = ORIENTED_EDGE('',*,*,#12762,.T.);
#12762 = EDGE_CURVE('',#3543,#12763,#12765,.T.);
#12763 = VERTEX_POINT('',#12764);
#12764 = CARTESIAN_POINT('',(60.295305231708,39.95,107.68926418025));
#12765 = SURFACE_CURVE('',#12766,(#12770,#12777),.PCURVE_S1.);
#12766 = LINE('',#12767,#12768);
#12767 = CARTESIAN_POINT('',(60.295305231708,39.75,107.68926418025));
#12768 = VECTOR('',#12769,1.);
#12769 = DIRECTION('',(0.,1.,0.));
#12770 = PCURVE('',#3558,#12771);
#12771 = DEFINITIONAL_REPRESENTATION('',(#12772),#12776);
#12772 = LINE('',#12773,#12774);
#12773 = CARTESIAN_POINT('',(0.,0.));
#12774 = VECTOR('',#12775,1.);
#12775 = DIRECTION('',(0.,-1.));
#12776 = ( GEOMETRIC_REPRESENTATION_CONTEXT(2) 
PARAMETRIC_REPRESENTATION_CONTEXT() REPRESENTATION_CONTEXT('2D SPACE',''
  ) );
#12777 = PCURVE('',#3586,#12778);
#12778 = DEFINITIONAL_REPRESENTATION('',(#12779),#12783);
#12779 = LINE('',#12780,#12781);
#12780 = CARTESIAN_POINT('',(0.255973453374,0.));
#12781 = VECTOR('',#12782,1.);
#12782 = DIRECTION('',(0.,-1.));
#12783 = ( GEOMETRIC_REPRESENTATION_CONTEXT(2) 
PARAMETRIC_REPRESENTATION_CONTEXT() REPRESENTATION_CONTEXT('2D SPACE',''
  ) );
#12784 = ORIENTED_EDGE('',*,*,#12785,.T.);
#12785 = EDGE_CURVE('',#12763,#12665,#12786,.T.);
#12786 = SURFACE_CURVE('',#12787,(#12791,#12798),.PCURVE_S1.);
#12787 = LINE('',#12788,#12789);
#12788 = CARTESIAN_POINT('',(60.295305231708,39.95,107.68926418025));
#12789 = VECTOR('',#12790,1.);
#12790 = DIRECTION('',(-0.883603966089,0.,0.468235016965));
#12791 = PCURVE('',#3558,#12792);
#12792 = DEFINITIONAL_REPRESENTATION('',(#12793),#12797);
#12793 = LINE('',#12794,#12795);
#12794 = CARTESIAN_POINT('',(0.,-0.2));
#12795 = VECTOR('',#12796,1.);
#12796 = DIRECTION('',(1.,0.));
#12797 = ( GEOMETRIC_REPRESENTATION_CONTEXT(2) 
PARAMETRIC_REPRESENTATION_CONTEXT() REPRESENTATION_CONTEXT('2D SPACE',''
  ) );
#12798 = PCURVE('',#11598,#12799);
#12799 = DEFINITIONAL_REPRESENTATION('',(#12800),#12804);
#12800 = LINE('',#12801,#12802);
#12801 = CARTESIAN_POINT('',(0.261820553206,-0.72611500778));
#12802 = VECTOR('',#12803,1.);
#12803 = DIRECTION('',(0.883603966089,0.468235016965));
#12804 = ( GEOMETRIC_REPRESENTATION_CONTEXT(2) 
PARAMETRIC_REPRESENTATION_CONTEXT() REPRESENTATION_CONTEXT('2D SPACE',''
  ) );
#12805 = ORIENTED_EDGE('',*,*,#12664,.F.);
#12806 = ADVANCED_FACE('',(#12807),#4202,.F.);
#12807 = FACE_BOUND('',#12808,.F.);
#12808 = EDGE_LOOP('',(#12809,#12810,#12811,#12834));
#12809 = ORIENTED_EDGE('',*,*,#4186,.T.);
#12810 = ORIENTED_EDGE('',*,*,#12737,.T.);
#12811 = ORIENTED_EDGE('',*,*,#12812,.T.);
#12812 = EDGE_CURVE('',#12715,#12813,#12815,.T.);
#12813 = VERTEX_POINT('',#12814);
#12814 = CARTESIAN_POINT('',(61.102976511772,39.95,108.91420284898));
#12815 = SURFACE_CURVE('',#12816,(#12820,#12827),.PCURVE_S1.);
#12816 = LINE('',#12817,#12818);
#12817 = CARTESIAN_POINT('',(60.999440196715,39.95,109.05911411791));
#12818 = VECTOR('',#12819,1.);
#12819 = DIRECTION('',(0.581343279981,0.,-0.813658399343));
#12820 = PCURVE('',#4202,#12821);
#12821 = DEFINITIONAL_REPRESENTATION('',(#12822),#12826);
#12822 = LINE('',#12823,#12824);
#12823 = CARTESIAN_POINT('',(0.,-0.2));
#12824 = VECTOR('',#12825,1.);
#12825 = DIRECTION('',(1.,0.));
#12826 = ( GEOMETRIC_REPRESENTATION_CONTEXT(2) 
PARAMETRIC_REPRESENTATION_CONTEXT() REPRESENTATION_CONTEXT('2D SPACE',''
  ) );
#12827 = PCURVE('',#11598,#12828);
#12828 = DEFINITIONAL_REPRESENTATION('',(#12829),#12833);
#12829 = LINE('',#12830,#12831);
#12830 = CARTESIAN_POINT('',(-0.442314411801,0.64373492988));
#12831 = VECTOR('',#12832,1.);
#12832 = DIRECTION('',(-0.581343279981,-0.813658399343));
#12833 = ( GEOMETRIC_REPRESENTATION_CONTEXT(2) 
PARAMETRIC_REPRESENTATION_CONTEXT() REPRESENTATION_CONTEXT('2D SPACE',''
  ) );
#12834 = ORIENTED_EDGE('',*,*,#12835,.F.);
#12835 = EDGE_CURVE('',#4159,#12813,#12836,.T.);
#12836 = SURFACE_CURVE('',#12837,(#12841,#12848),.PCURVE_S1.);
#12837 = LINE('',#12838,#12839);
#12838 = CARTESIAN_POINT('',(61.102976511772,39.75,108.91420284898));
#12839 = VECTOR('',#12840,1.);
#12840 = DIRECTION('',(0.,1.,0.));
#12841 = PCURVE('',#4202,#12842);
#12842 = DEFINITIONAL_REPRESENTATION('',(#12843),#12847);
#12843 = LINE('',#12844,#12845);
#12844 = CARTESIAN_POINT('',(0.178098412117,0.));
#12845 = VECTOR('',#12846,1.);
#12846 = DIRECTION('',(0.,-1.));
#12847 = ( GEOMETRIC_REPRESENTATION_CONTEXT(2) 
PARAMETRIC_REPRESENTATION_CONTEXT() REPRESENTATION_CONTEXT('2D SPACE',''
  ) );
#12848 = PCURVE('',#4174,#12849);
#12849 = DEFINITIONAL_REPRESENTATION('',(#12850),#12854);
#12850 = LINE('',#12851,#12852);
#12851 = CARTESIAN_POINT('',(0.,0.));
#12852 = VECTOR('',#12853,1.);
#12853 = DIRECTION('',(0.,-1.));
#12854 = ( GEOMETRIC_REPRESENTATION_CONTEXT(2) 
PARAMETRIC_REPRESENTATION_CONTEXT() REPRESENTATION_CONTEXT('2D SPACE',''
  ) );
#12855 = ADVANCED_FACE('',(#12856),#3586,.F.);
#12856 = FACE_BOUND('',#12857,.F.);
#12857 = EDGE_LOOP('',(#12858,#12859,#12882,#12903));
#12858 = ORIENTED_EDGE('',*,*,#3570,.T.);
#12859 = ORIENTED_EDGE('',*,*,#12860,.T.);
#12860 = EDGE_CURVE('',#3571,#12861,#12863,.T.);
#12861 = VERTEX_POINT('',#12862);
#12862 = CARTESIAN_POINT('',(60.548877488149,39.95,107.65428533528));
#12863 = SURFACE_CURVE('',#12864,(#12868,#12875),.PCURVE_S1.);
#12864 = LINE('',#12865,#12866);
#12865 = CARTESIAN_POINT('',(60.548877488149,39.75,107.65428533528));
#12866 = VECTOR('',#12867,1.);
#12867 = DIRECTION('',(0.,1.,0.));
#12868 = PCURVE('',#3586,#12869);
#12869 = DEFINITIONAL_REPRESENTATION('',(#12870),#12874);
#12870 = LINE('',#12871,#12872);
#12871 = CARTESIAN_POINT('',(0.,0.));
#12872 = VECTOR('',#12873,1.);
#12873 = DIRECTION('',(0.,-1.));
#12874 = ( GEOMETRIC_REPRESENTATION_CONTEXT(2) 
PARAMETRIC_REPRESENTATION_CONTEXT() REPRESENTATION_CONTEXT('2D SPACE',''
  ) );
#12875 = PCURVE('',#3614,#12876);
#12876 = DEFINITIONAL_REPRESENTATION('',(#12877),#12881);
#12877 = LINE('',#12878,#12879);
#12878 = CARTESIAN_POINT('',(0.248669948768,0.));
#12879 = VECTOR('',#12880,1.);
#12880 = DIRECTION('',(0.,-1.));
#12881 = ( GEOMETRIC_REPRESENTATION_CONTEXT(2) 
PARAMETRIC_REPRESENTATION_CONTEXT() REPRESENTATION_CONTEXT('2D SPACE',''
  ) );
#12882 = ORIENTED_EDGE('',*,*,#12883,.T.);
#12883 = EDGE_CURVE('',#12861,#12763,#12884,.T.);
#12884 = SURFACE_CURVE('',#12885,(#12889,#12896),.PCURVE_S1.);
#12885 = LINE('',#12886,#12887);
#12886 = CARTESIAN_POINT('',(60.548877488149,39.95,107.65428533528));
#12887 = VECTOR('',#12888,1.);
#12888 = DIRECTION('',(-0.990619351732,0.,0.136650283475));
#12889 = PCURVE('',#3586,#12890);
#12890 = DEFINITIONAL_REPRESENTATION('',(#12891),#12895);
#12891 = LINE('',#12892,#12893);
#12892 = CARTESIAN_POINT('',(0.,-0.2));
#12893 = VECTOR('',#12894,1.);
#12894 = DIRECTION('',(1.,0.));
#12895 = ( GEOMETRIC_REPRESENTATION_CONTEXT(2) 
PARAMETRIC_REPRESENTATION_CONTEXT() REPRESENTATION_CONTEXT('2D SPACE',''
  ) );
#12896 = PCURVE('',#11598,#12897);
#12897 = DEFINITIONAL_REPRESENTATION('',(#12898),#12902);
#12898 = LINE('',#12899,#12900);
#12899 = CARTESIAN_POINT('',(8.248296764997E-03,-0.76109385275));
#12900 = VECTOR('',#12901,1.);
#12901 = DIRECTION('',(0.990619351732,0.136650283475));
#12902 = ( GEOMETRIC_REPRESENTATION_CONTEXT(2) 
PARAMETRIC_REPRESENTATION_CONTEXT() REPRESENTATION_CONTEXT('2D SPACE',''
  ) );
#12903 = ORIENTED_EDGE('',*,*,#12762,.F.);
#12904 = ADVANCED_FACE('',(#12905),#4174,.F.);
#12905 = FACE_BOUND('',#12906,.F.);
#12906 = EDGE_LOOP('',(#12907,#12908,#12909,#12932));
#12907 = ORIENTED_EDGE('',*,*,#4158,.T.);
#12908 = ORIENTED_EDGE('',*,*,#12835,.T.);
#12909 = ORIENTED_EDGE('',*,*,#12910,.T.);
#12910 = EDGE_CURVE('',#12813,#12911,#12913,.T.);
#12911 = VERTEX_POINT('',#12912);
#12912 = CARTESIAN_POINT('',(61.135090005228,39.95,108.72737582859));
#12913 = SURFACE_CURVE('',#12914,(#12918,#12925),.PCURVE_S1.);
#12914 = LINE('',#12915,#12916);
#12915 = CARTESIAN_POINT('',(61.102976511772,39.95,108.91420284898));
#12916 = VECTOR('',#12917,1.);
#12917 = DIRECTION('',(0.169404534066,0.,-0.985546601556));
#12918 = PCURVE('',#4174,#12919);
#12919 = DEFINITIONAL_REPRESENTATION('',(#12920),#12924);
#12920 = LINE('',#12921,#12922);
#12921 = CARTESIAN_POINT('',(0.,-0.2));
#12922 = VECTOR('',#12923,1.);
#12923 = DIRECTION('',(1.,0.));
#12924 = ( GEOMETRIC_REPRESENTATION_CONTEXT(2) 
PARAMETRIC_REPRESENTATION_CONTEXT() REPRESENTATION_CONTEXT('2D SPACE',''
  ) );
#12925 = PCURVE('',#11598,#12926);
#12926 = DEFINITIONAL_REPRESENTATION('',(#12927),#12931);
#12927 = LINE('',#12928,#12929);
#12928 = CARTESIAN_POINT('',(-0.545850726858,0.49882366095));
#12929 = VECTOR('',#12930,1.);
#12930 = DIRECTION('',(-0.169404534066,-0.985546601556));
#12931 = ( GEOMETRIC_REPRESENTATION_CONTEXT(2) 
PARAMETRIC_REPRESENTATION_CONTEXT() REPRESENTATION_CONTEXT('2D SPACE',''
  ) );
#12932 = ORIENTED_EDGE('',*,*,#12933,.F.);
#12933 = EDGE_CURVE('',#4131,#12911,#12934,.T.);
#12934 = SURFACE_CURVE('',#12935,(#12939,#12946),.PCURVE_S1.);
#12935 = LINE('',#12936,#12937);
#12936 = CARTESIAN_POINT('',(61.135090005228,39.75,108.72737582859));
#12937 = VECTOR('',#12938,1.);
#12938 = DIRECTION('',(0.,1.,0.));
#12939 = PCURVE('',#4174,#12940);
#12940 = DEFINITIONAL_REPRESENTATION('',(#12941),#12945);
#12941 = LINE('',#12942,#12943);
#12942 = CARTESIAN_POINT('',(0.18956690642,0.));
#12943 = VECTOR('',#12944,1.);
#12944 = DIRECTION('',(0.,-1.));
#12945 = ( GEOMETRIC_REPRESENTATION_CONTEXT(2) 
PARAMETRIC_REPRESENTATION_CONTEXT() REPRESENTATION_CONTEXT('2D SPACE',''
  ) );
#12946 = PCURVE('',#4146,#12947);
#12947 = DEFINITIONAL_REPRESENTATION('',(#12948),#12952);
#12948 = LINE('',#12949,#12950);
#12949 = CARTESIAN_POINT('',(0.,0.));
#12950 = VECTOR('',#12951,1.);
#12951 = DIRECTION('',(0.,-1.));
#12952 = ( GEOMETRIC_REPRESENTATION_CONTEXT(2) 
PARAMETRIC_REPRESENTATION_CONTEXT() REPRESENTATION_CONTEXT('2D SPACE',''
  ) );
#12953 = ADVANCED_FACE('',(#12954),#3614,.F.);
#12954 = FACE_BOUND('',#12955,.F.);
#12955 = EDGE_LOOP('',(#12956,#12957,#12980,#13001));
#12956 = ORIENTED_EDGE('',*,*,#3598,.T.);
#12957 = ORIENTED_EDGE('',*,*,#12958,.T.);
#12958 = EDGE_CURVE('',#3599,#12959,#12961,.T.);
#12959 = VERTEX_POINT('',#12960);
#12960 = CARTESIAN_POINT('',(60.795865208599,39.95,107.68316109271));
#12961 = SURFACE_CURVE('',#12962,(#12966,#12973),.PCURVE_S1.);
#12962 = LINE('',#12963,#12964);
#12963 = CARTESIAN_POINT('',(60.795865208599,39.75,107.68316109271));
#12964 = VECTOR('',#12965,1.);
#12965 = DIRECTION('',(0.,1.,0.));
#12966 = PCURVE('',#3614,#12967);
#12967 = DEFINITIONAL_REPRESENTATION('',(#12968),#12972);
#12968 = LINE('',#12969,#12970);
#12969 = CARTESIAN_POINT('',(0.,0.));
#12970 = VECTOR('',#12971,1.);
#12971 = DIRECTION('',(0.,-1.));
#12972 = ( GEOMETRIC_REPRESENTATION_CONTEXT(2) 
PARAMETRIC_REPRESENTATION_CONTEXT() REPRESENTATION_CONTEXT('2D SPACE',''
  ) );
#12973 = PCURVE('',#3642,#12974);
#12974 = DEFINITIONAL_REPRESENTATION('',(#12975),#12979);
#12975 = LINE('',#12976,#12977);
#12976 = CARTESIAN_POINT('',(0.205244303317,0.));
#12977 = VECTOR('',#12978,1.);
#12978 = DIRECTION('',(0.,-1.));
#12979 = ( GEOMETRIC_REPRESENTATION_CONTEXT(2) 
PARAMETRIC_REPRESENTATION_CONTEXT() REPRESENTATION_CONTEXT('2D SPACE',''
  ) );
#12980 = ORIENTED_EDGE('',*,*,#12981,.T.);
#12981 = EDGE_CURVE('',#12959,#12861,#12982,.T.);
#12982 = SURFACE_CURVE('',#12983,(#12987,#12994),.PCURVE_S1.);
#12983 = LINE('',#12984,#12985);
#12984 = CARTESIAN_POINT('',(60.795865208599,39.95,107.68316109271));
#12985 = VECTOR('',#12986,1.);
#12986 = DIRECTION('',(-0.993235096054,0.,-0.116120816247));
#12987 = PCURVE('',#3614,#12988);
#12988 = DEFINITIONAL_REPRESENTATION('',(#12989),#12993);
#12989 = LINE('',#12990,#12991);
#12990 = CARTESIAN_POINT('',(0.,-0.2));
#12991 = VECTOR('',#12992,1.);
#12992 = DIRECTION('',(1.,0.));
#12993 = ( GEOMETRIC_REPRESENTATION_CONTEXT(2) 
PARAMETRIC_REPRESENTATION_CONTEXT() REPRESENTATION_CONTEXT('2D SPACE',''
  ) );
#12994 = PCURVE('',#11598,#12995);
#12995 = DEFINITIONAL_REPRESENTATION('',(#12996),#13000);
#12996 = LINE('',#12997,#12998);
#12997 = CARTESIAN_POINT('',(-0.238739423685,-0.73221809532));
#12998 = VECTOR('',#12999,1.);
#12999 = DIRECTION('',(0.993235096054,-0.116120816247));
#13000 = ( GEOMETRIC_REPRESENTATION_CONTEXT(2) 
PARAMETRIC_REPRESENTATION_CONTEXT() REPRESENTATION_CONTEXT('2D SPACE',''
  ) );
#13001 = ORIENTED_EDGE('',*,*,#12860,.F.);
#13002 = ADVANCED_FACE('',(#13003),#4146,.F.);
#13003 = FACE_BOUND('',#13004,.F.);
#13004 = EDGE_LOOP('',(#13005,#13006,#13007,#13030));
#13005 = ORIENTED_EDGE('',*,*,#4130,.T.);
#13006 = ORIENTED_EDGE('',*,*,#12933,.T.);
#13007 = ORIENTED_EDGE('',*,*,#13008,.T.);
#13008 = EDGE_CURVE('',#12911,#13009,#13011,.T.);
#13009 = VERTEX_POINT('',#13010);
#13010 = CARTESIAN_POINT('',(61.106301901902,39.95,108.57647105232));
#13011 = SURFACE_CURVE('',#13012,(#13016,#13023),.PCURVE_S1.);
#13012 = LINE('',#13013,#13014);
#13013 = CARTESIAN_POINT('',(61.135090005228,39.95,108.72737582859));
#13014 = VECTOR('',#13015,1.);
#13015 = DIRECTION('',(-0.187390595571,0.,-0.982285480241));
#13016 = PCURVE('',#4146,#13017);
#13017 = DEFINITIONAL_REPRESENTATION('',(#13018),#13022);
#13018 = LINE('',#13019,#13020);
#13019 = CARTESIAN_POINT('',(0.,-0.2));
#13020 = VECTOR('',#13021,1.);
#13021 = DIRECTION('',(1.,0.));
#13022 = ( GEOMETRIC_REPRESENTATION_CONTEXT(2) 
PARAMETRIC_REPRESENTATION_CONTEXT() REPRESENTATION_CONTEXT('2D SPACE',''
  ) );
#13023 = PCURVE('',#11598,#13024);
#13024 = DEFINITIONAL_REPRESENTATION('',(#13025),#13029);
#13025 = LINE('',#13026,#13027);
#13026 = CARTESIAN_POINT('',(-0.577964220314,0.31199664056));
#13027 = VECTOR('',#13028,1.);
#13028 = DIRECTION('',(0.187390595571,-0.982285480241));
#13029 = ( GEOMETRIC_REPRESENTATION_CONTEXT(2) 
PARAMETRIC_REPRESENTATION_CONTEXT() REPRESENTATION_CONTEXT('2D SPACE',''
  ) );
#13030 = ORIENTED_EDGE('',*,*,#13031,.F.);
#13031 = EDGE_CURVE('',#4103,#13009,#13032,.T.);
#13032 = SURFACE_CURVE('',#13033,(#13037,#13044),.PCURVE_S1.);
#13033 = LINE('',#13034,#13035);
#13034 = CARTESIAN_POINT('',(61.106301901902,39.75,108.57647105232));
#13035 = VECTOR('',#13036,1.);
#13036 = DIRECTION('',(0.,1.,0.));
#13037 = PCURVE('',#4146,#13038);
#13038 = DEFINITIONAL_REPRESENTATION('',(#13039),#13043);
#13039 = LINE('',#13040,#13041);
#13040 = CARTESIAN_POINT('',(0.153626190457,0.));
#13041 = VECTOR('',#13042,1.);
#13042 = DIRECTION('',(0.,-1.));
#13043 = ( GEOMETRIC_REPRESENTATION_CONTEXT(2) 
PARAMETRIC_REPRESENTATION_CONTEXT() REPRESENTATION_CONTEXT('2D SPACE',''
  ) );
#13044 = PCURVE('',#4118,#13045);
#13045 = DEFINITIONAL_REPRESENTATION('',(#13046),#13050);
#13046 = LINE('',#13047,#13048);
#13047 = CARTESIAN_POINT('',(0.,0.));
#13048 = VECTOR('',#13049,1.);
#13049 = DIRECTION('',(0.,-1.));
#13050 = ( GEOMETRIC_REPRESENTATION_CONTEXT(2) 
PARAMETRIC_REPRESENTATION_CONTEXT() REPRESENTATION_CONTEXT('2D SPACE',''
  ) );
#13051 = ADVANCED_FACE('',(#13052),#3642,.F.);
#13052 = FACE_BOUND('',#13053,.F.);
#13053 = EDGE_LOOP('',(#13054,#13055,#13078,#13099));
#13054 = ORIENTED_EDGE('',*,*,#3626,.T.);
#13055 = ORIENTED_EDGE('',*,*,#13056,.T.);
#13056 = EDGE_CURVE('',#3627,#13057,#13059,.T.);
#13057 = VERTEX_POINT('',#13058);
#13058 = CARTESIAN_POINT('',(60.981054766261,39.95,107.7716486725));
#13059 = SURFACE_CURVE('',#13060,(#13064,#13071),.PCURVE_S1.);
#13060 = LINE('',#13061,#13062);
#13061 = CARTESIAN_POINT('',(60.981054766261,39.75,107.7716486725));
#13062 = VECTOR('',#13063,1.);
#13063 = DIRECTION('',(0.,1.,0.));
#13064 = PCURVE('',#3642,#13065);
#13065 = DEFINITIONAL_REPRESENTATION('',(#13066),#13070);
#13066 = LINE('',#13067,#13068);
#13067 = CARTESIAN_POINT('',(0.,0.));
#13068 = VECTOR('',#13069,1.);
#13069 = DIRECTION('',(0.,-1.));
#13070 = ( GEOMETRIC_REPRESENTATION_CONTEXT(2) 
PARAMETRIC_REPRESENTATION_CONTEXT() REPRESENTATION_CONTEXT('2D SPACE',''
  ) );
#13071 = PCURVE('',#3670,#13072);
#13072 = DEFINITIONAL_REPRESENTATION('',(#13073),#13077);
#13073 = LINE('',#13074,#13075);
#13074 = CARTESIAN_POINT('',(0.192916069413,0.));
#13075 = VECTOR('',#13076,1.);
#13076 = DIRECTION('',(0.,-1.));
#13077 = ( GEOMETRIC_REPRESENTATION_CONTEXT(2) 
PARAMETRIC_REPRESENTATION_CONTEXT() REPRESENTATION_CONTEXT('2D SPACE',''
  ) );
#13078 = ORIENTED_EDGE('',*,*,#13079,.T.);
#13079 = EDGE_CURVE('',#13057,#12959,#13080,.T.);
#13080 = SURFACE_CURVE('',#13081,(#13085,#13092),.PCURVE_S1.);
#13081 = LINE('',#13082,#13083);
#13082 = CARTESIAN_POINT('',(60.981054766261,39.95,107.7716486725));
#13083 = VECTOR('',#13084,1.);
#13084 = DIRECTION('',(-0.902288417597,0.,-0.43113293944));
#13085 = PCURVE('',#3642,#13086);
#13086 = DEFINITIONAL_REPRESENTATION('',(#13087),#13091);
#13087 = LINE('',#13088,#13089);
#13088 = CARTESIAN_POINT('',(0.,-0.2));
#13089 = VECTOR('',#13090,1.);
#13090 = DIRECTION('',(1.,0.));
#13091 = ( GEOMETRIC_REPRESENTATION_CONTEXT(2) 
PARAMETRIC_REPRESENTATION_CONTEXT() REPRESENTATION_CONTEXT('2D SPACE',''
  ) );
#13092 = PCURVE('',#11598,#13093);
#13093 = DEFINITIONAL_REPRESENTATION('',(#13094),#13098);
#13094 = LINE('',#13095,#13096);
#13095 = CARTESIAN_POINT('',(-0.423928981347,-0.64373051553));
#13096 = VECTOR('',#13097,1.);
#13097 = DIRECTION('',(0.902288417597,-0.43113293944));
#13098 = ( GEOMETRIC_REPRESENTATION_CONTEXT(2) 
PARAMETRIC_REPRESENTATION_CONTEXT() REPRESENTATION_CONTEXT('2D SPACE',''
  ) );
#13099 = ORIENTED_EDGE('',*,*,#12958,.F.);
#13100 = ADVANCED_FACE('',(#13101),#4118,.F.);
#13101 = FACE_BOUND('',#13102,.F.);
#13102 = EDGE_LOOP('',(#13103,#13104,#13105,#13128));
#13103 = ORIENTED_EDGE('',*,*,#4102,.T.);
#13104 = ORIENTED_EDGE('',*,*,#13031,.T.);
#13105 = ORIENTED_EDGE('',*,*,#13106,.T.);
#13106 = EDGE_CURVE('',#13009,#13107,#13109,.T.);
#13107 = VERTEX_POINT('',#13108);
#13108 = CARTESIAN_POINT('',(61.030745711751,39.95,108.46948752282));
#13109 = SURFACE_CURVE('',#13110,(#13114,#13121),.PCURVE_S1.);
#13110 = LINE('',#13111,#13112);
#13111 = CARTESIAN_POINT('',(61.106301901902,39.95,108.57647105232));
#13112 = VECTOR('',#13113,1.);
#13113 = DIRECTION('',(-0.576878888831,0.,-0.816829693156));
#13114 = PCURVE('',#4118,#13115);
#13115 = DEFINITIONAL_REPRESENTATION('',(#13116),#13120);
#13116 = LINE('',#13117,#13118);
#13117 = CARTESIAN_POINT('',(0.,-0.2));
#13118 = VECTOR('',#13119,1.);
#13119 = DIRECTION('',(1.,0.));
#13120 = ( GEOMETRIC_REPRESENTATION_CONTEXT(2) 
PARAMETRIC_REPRESENTATION_CONTEXT() REPRESENTATION_CONTEXT('2D SPACE',''
  ) );
#13121 = PCURVE('',#11598,#13122);
#13122 = DEFINITIONAL_REPRESENTATION('',(#13123),#13127);
#13123 = LINE('',#13124,#13125);
#13124 = CARTESIAN_POINT('',(-0.549176116988,0.16109186429));
#13125 = VECTOR('',#13126,1.);
#13126 = DIRECTION('',(0.576878888831,-0.816829693156));
#13127 = ( GEOMETRIC_REPRESENTATION_CONTEXT(2) 
PARAMETRIC_REPRESENTATION_CONTEXT() REPRESENTATION_CONTEXT('2D SPACE',''
  ) );
#13128 = ORIENTED_EDGE('',*,*,#13129,.F.);
#13129 = EDGE_CURVE('',#4075,#13107,#13130,.T.);
#13130 = SURFACE_CURVE('',#13131,(#13135,#13142),.PCURVE_S1.);
#13131 = LINE('',#13132,#13133);
#13132 = CARTESIAN_POINT('',(61.030745711751,39.75,108.46948752282));
#13133 = VECTOR('',#13134,1.);
#13134 = DIRECTION('',(0.,1.,0.));
#13135 = PCURVE('',#4118,#13136);
#13136 = DEFINITIONAL_REPRESENTATION('',(#13137),#13141);
#13137 = LINE('',#13138,#13139);
#13138 = CARTESIAN_POINT('',(0.130974094593,0.));
#13139 = VECTOR('',#13140,1.);
#13140 = DIRECTION('',(0.,-1.));
#13141 = ( GEOMETRIC_REPRESENTATION_CONTEXT(2) 
PARAMETRIC_REPRESENTATION_CONTEXT() REPRESENTATION_CONTEXT('2D SPACE',''
  ) );
#13142 = PCURVE('',#4090,#13143);
#13143 = DEFINITIONAL_REPRESENTATION('',(#13144),#13148);
#13144 = LINE('',#13145,#13146);
#13145 = CARTESIAN_POINT('',(0.,0.));
#13146 = VECTOR('',#13147,1.);
#13147 = DIRECTION('',(0.,-1.));
#13148 = ( GEOMETRIC_REPRESENTATION_CONTEXT(2) 
PARAMETRIC_REPRESENTATION_CONTEXT() REPRESENTATION_CONTEXT('2D SPACE',''
  ) );
#13149 = ADVANCED_FACE('',(#13150),#3670,.F.);
#13150 = FACE_BOUND('',#13151,.F.);
#13151 = EDGE_LOOP('',(#13152,#13153,#13176,#13197));
#13152 = ORIENTED_EDGE('',*,*,#3654,.T.);
#13153 = ORIENTED_EDGE('',*,*,#13154,.T.);
#13154 = EDGE_CURVE('',#3655,#13155,#13157,.T.);
#13155 = VERTEX_POINT('',#13156);
#13156 = CARTESIAN_POINT('',(61.105071199163,39.95,107.91942057175));
#13157 = SURFACE_CURVE('',#13158,(#13162,#13169),.PCURVE_S1.);
#13158 = LINE('',#13159,#13160);
#13159 = CARTESIAN_POINT('',(61.105071199163,39.75,107.91942057175));
#13160 = VECTOR('',#13161,1.);
#13161 = DIRECTION('',(0.,1.,0.));
#13162 = PCURVE('',#3670,#13163);
#13163 = DEFINITIONAL_REPRESENTATION('',(#13164),#13168);
#13164 = LINE('',#13165,#13166);
#13165 = CARTESIAN_POINT('',(0.,0.));
#13166 = VECTOR('',#13167,1.);
#13167 = DIRECTION('',(0.,-1.));
#13168 = ( GEOMETRIC_REPRESENTATION_CONTEXT(2) 
PARAMETRIC_REPRESENTATION_CONTEXT() REPRESENTATION_CONTEXT('2D SPACE',''
  ) );
#13169 = PCURVE('',#3698,#13170);
#13170 = DEFINITIONAL_REPRESENTATION('',(#13171),#13175);
#13171 = LINE('',#13172,#13173);
#13172 = CARTESIAN_POINT('',(0.165414541907,0.));
#13173 = VECTOR('',#13174,1.);
#13174 = DIRECTION('',(0.,-1.));
#13175 = ( GEOMETRIC_REPRESENTATION_CONTEXT(2) 
PARAMETRIC_REPRESENTATION_CONTEXT() REPRESENTATION_CONTEXT('2D SPACE',''
  ) );
#13176 = ORIENTED_EDGE('',*,*,#13177,.T.);
#13177 = EDGE_CURVE('',#13155,#13057,#13178,.T.);
#13178 = SURFACE_CURVE('',#13179,(#13183,#13190),.PCURVE_S1.);
#13179 = LINE('',#13180,#13181);
#13180 = CARTESIAN_POINT('',(61.105071199163,39.95,107.91942057175));
#13181 = VECTOR('',#13182,1.);
#13182 = DIRECTION('',(-0.642851750401,0.,-0.765990618093));
#13183 = PCURVE('',#3670,#13184);
#13184 = DEFINITIONAL_REPRESENTATION('',(#13185),#13189);
#13185 = LINE('',#13186,#13187);
#13186 = CARTESIAN_POINT('',(0.,-0.2));
#13187 = VECTOR('',#13188,1.);
#13188 = DIRECTION('',(1.,0.));
#13189 = ( GEOMETRIC_REPRESENTATION_CONTEXT(2) 
PARAMETRIC_REPRESENTATION_CONTEXT() REPRESENTATION_CONTEXT('2D SPACE',''
  ) );
#13190 = PCURVE('',#11598,#13191);
#13191 = DEFINITIONAL_REPRESENTATION('',(#13192),#13196);
#13192 = LINE('',#13193,#13194);
#13193 = CARTESIAN_POINT('',(-0.547945414249,-0.49595861628));
#13194 = VECTOR('',#13195,1.);
#13195 = DIRECTION('',(0.642851750401,-0.765990618093));
#13196 = ( GEOMETRIC_REPRESENTATION_CONTEXT(2) 
PARAMETRIC_REPRESENTATION_CONTEXT() REPRESENTATION_CONTEXT('2D SPACE',''
  ) );
#13197 = ORIENTED_EDGE('',*,*,#13056,.F.);
#13198 = ADVANCED_FACE('',(#13199),#4090,.F.);
#13199 = FACE_BOUND('',#13200,.F.);
#13200 = EDGE_LOOP('',(#13201,#13202,#13203,#13226));
#13201 = ORIENTED_EDGE('',*,*,#4074,.T.);
#13202 = ORIENTED_EDGE('',*,*,#13129,.T.);
#13203 = ORIENTED_EDGE('',*,*,#13204,.T.);
#13204 = EDGE_CURVE('',#13107,#13205,#13207,.T.);
#13205 = VERTEX_POINT('',#13206);
#13206 = CARTESIAN_POINT('',(60.907723873096,39.95,108.39597735923));
#13207 = SURFACE_CURVE('',#13208,(#13212,#13219),.PCURVE_S1.);
#13208 = LINE('',#13209,#13210);
#13209 = CARTESIAN_POINT('',(61.030745711751,39.95,108.46948752282));
#13210 = VECTOR('',#13211,1.);
#13211 = DIRECTION('',(-0.858424101291,0.,-0.512940603114));
#13212 = PCURVE('',#4090,#13213);
#13213 = DEFINITIONAL_REPRESENTATION('',(#13214),#13218);
#13214 = LINE('',#13215,#13216);
#13215 = CARTESIAN_POINT('',(0.,-0.2));
#13216 = VECTOR('',#13217,1.);
#13217 = DIRECTION('',(1.,0.));
#13218 = ( GEOMETRIC_REPRESENTATION_CONTEXT(2) 
PARAMETRIC_REPRESENTATION_CONTEXT() REPRESENTATION_CONTEXT('2D SPACE',''
  ) );
#13219 = PCURVE('',#11598,#13220);
#13220 = DEFINITIONAL_REPRESENTATION('',(#13221),#13225);
#13221 = LINE('',#13222,#13223);
#13222 = CARTESIAN_POINT('',(-0.473619926837,5.410833479E-02));
#13223 = VECTOR('',#13224,1.);
#13224 = DIRECTION('',(0.858424101291,-0.512940603114));
#13225 = ( GEOMETRIC_REPRESENTATION_CONTEXT(2) 
PARAMETRIC_REPRESENTATION_CONTEXT() REPRESENTATION_CONTEXT('2D SPACE',''
  ) );
#13226 = ORIENTED_EDGE('',*,*,#13227,.F.);
#13227 = EDGE_CURVE('',#4047,#13205,#13228,.T.);
#13228 = SURFACE_CURVE('',#13229,(#13233,#13240),.PCURVE_S1.);
#13229 = LINE('',#13230,#13231);
#13230 = CARTESIAN_POINT('',(60.907723873096,39.75,108.39597735923));
#13231 = VECTOR('',#13232,1.);
#13232 = DIRECTION('',(0.,1.,0.));
#13233 = PCURVE('',#4090,#13234);
#13234 = DEFINITIONAL_REPRESENTATION('',(#13235),#13239);
#13235 = LINE('',#13236,#13237);
#13236 = CARTESIAN_POINT('',(0.143311258933,0.));
#13237 = VECTOR('',#13238,1.);
#13238 = DIRECTION('',(0.,-1.));
#13239 = ( GEOMETRIC_REPRESENTATION_CONTEXT(2) 
PARAMETRIC_REPRESENTATION_CONTEXT() REPRESENTATION_CONTEXT('2D SPACE',''
  ) );
#13240 = PCURVE('',#4062,#13241);
#13241 = DEFINITIONAL_REPRESENTATION('',(#13242),#13246);
#13242 = LINE('',#13243,#13244);
#13243 = CARTESIAN_POINT('',(0.,0.));
#13244 = VECTOR('',#13245,1.);
#13245 = DIRECTION('',(0.,-1.));
#13246 = ( GEOMETRIC_REPRESENTATION_CONTEXT(2) 
PARAMETRIC_REPRESENTATION_CONTEXT() REPRESENTATION_CONTEXT('2D SPACE',''
  ) );
#13247 = ADVANCED_FACE('',(#13248),#3698,.F.);
#13248 = FACE_BOUND('',#13249,.F.);
#13249 = EDGE_LOOP('',(#13250,#13251,#13274,#13295));
#13250 = ORIENTED_EDGE('',*,*,#3682,.T.);
#13251 = ORIENTED_EDGE('',*,*,#13252,.T.);
#13252 = EDGE_CURVE('',#3683,#13253,#13255,.T.);
#13253 = VERTEX_POINT('',#13254);
#13254 = CARTESIAN_POINT('',(61.148848588509,39.95,108.07893706261));
#13255 = SURFACE_CURVE('',#13256,(#13260,#13267),.PCURVE_S1.);
#13256 = LINE('',#13257,#13258);
#13257 = CARTESIAN_POINT('',(61.148848588509,39.75,108.07893706261));
#13258 = VECTOR('',#13259,1.);
#13259 = DIRECTION('',(0.,1.,0.));
#13260 = PCURVE('',#3698,#13261);
#13261 = DEFINITIONAL_REPRESENTATION('',(#13262),#13266);
#13262 = LINE('',#13263,#13264);
#13263 = CARTESIAN_POINT('',(0.,0.));
#13264 = VECTOR('',#13265,1.);
#13265 = DIRECTION('',(0.,-1.));
#13266 = ( GEOMETRIC_REPRESENTATION_CONTEXT(2) 
PARAMETRIC_REPRESENTATION_CONTEXT() REPRESENTATION_CONTEXT('2D SPACE',''
  ) );
#13267 = PCURVE('',#3726,#13268);
#13268 = DEFINITIONAL_REPRESENTATION('',(#13269),#13273);
#13269 = LINE('',#13270,#13271);
#13270 = CARTESIAN_POINT('',(0.248515610244,0.));
#13271 = VECTOR('',#13272,1.);
#13272 = DIRECTION('',(0.,-1.));
#13273 = ( GEOMETRIC_REPRESENTATION_CONTEXT(2) 
PARAMETRIC_REPRESENTATION_CONTEXT() REPRESENTATION_CONTEXT('2D SPACE',''
  ) );
#13274 = ORIENTED_EDGE('',*,*,#13275,.T.);
#13275 = EDGE_CURVE('',#13253,#13155,#13276,.T.);
#13276 = SURFACE_CURVE('',#13277,(#13281,#13288),.PCURVE_S1.);
#13277 = LINE('',#13278,#13279);
#13278 = CARTESIAN_POINT('',(61.148848588509,39.95,108.07893706261));
#13279 = VECTOR('',#13280,1.);
#13280 = DIRECTION('',(-0.264652604555,0.,-0.964343817786));
#13281 = PCURVE('',#3698,#13282);
#13282 = DEFINITIONAL_REPRESENTATION('',(#13283),#13287);
#13283 = LINE('',#13284,#13285);
#13284 = CARTESIAN_POINT('',(0.,-0.2));
#13285 = VECTOR('',#13286,1.);
#13286 = DIRECTION('',(1.,0.));
#13287 = ( GEOMETRIC_REPRESENTATION_CONTEXT(2) 
PARAMETRIC_REPRESENTATION_CONTEXT() REPRESENTATION_CONTEXT('2D SPACE',''
  ) );
#13288 = PCURVE('',#11598,#13289);
#13289 = DEFINITIONAL_REPRESENTATION('',(#13290),#13294);
#13290 = LINE('',#13291,#13292);
#13291 = CARTESIAN_POINT('',(-0.591722803595,-0.33644212542));
#13292 = VECTOR('',#13293,1.);
#13293 = DIRECTION('',(0.264652604555,-0.964343817786));
#13294 = ( GEOMETRIC_REPRESENTATION_CONTEXT(2) 
PARAMETRIC_REPRESENTATION_CONTEXT() REPRESENTATION_CONTEXT('2D SPACE',''
  ) );
#13295 = ORIENTED_EDGE('',*,*,#13154,.F.);
#13296 = ADVANCED_FACE('',(#13297),#4062,.F.);
#13297 = FACE_BOUND('',#13298,.F.);
#13298 = EDGE_LOOP('',(#13299,#13300,#13301,#13324));
#13299 = ORIENTED_EDGE('',*,*,#4046,.T.);
#13300 = ORIENTED_EDGE('',*,*,#13227,.T.);
#13301 = ORIENTED_EDGE('',*,*,#13302,.T.);
#13302 = EDGE_CURVE('',#13205,#13303,#13305,.T.);
#13303 = VERTEX_POINT('',#13304);
#13304 = CARTESIAN_POINT('',(60.722594070736,39.95,108.34342347291));
#13305 = SURFACE_CURVE('',#13306,(#13310,#13317),.PCURVE_S1.);
#13306 = LINE('',#13307,#13308);
#13307 = CARTESIAN_POINT('',(60.907723873096,39.95,108.39597735923));
#13308 = VECTOR('',#13309,1.);
#13309 = DIRECTION('',(-0.961989714581,0.,-0.273085680766));
#13310 = PCURVE('',#4062,#13311);
#13311 = DEFINITIONAL_REPRESENTATION('',(#13312),#13316);
#13312 = LINE('',#13313,#13314);
#13313 = CARTESIAN_POINT('',(0.,-0.2));
#13314 = VECTOR('',#13315,1.);
#13315 = DIRECTION('',(1.,0.));
#13316 = ( GEOMETRIC_REPRESENTATION_CONTEXT(2) 
PARAMETRIC_REPRESENTATION_CONTEXT() REPRESENTATION_CONTEXT('2D SPACE',''
  ) );
#13317 = PCURVE('',#11598,#13318);
#13318 = DEFINITIONAL_REPRESENTATION('',(#13319),#13323);
#13319 = LINE('',#13320,#13321);
#13320 = CARTESIAN_POINT('',(-0.350598088182,-1.94018288E-02));
#13321 = VECTOR('',#13322,1.);
#13322 = DIRECTION('',(0.961989714581,-0.273085680766));
#13323 = ( GEOMETRIC_REPRESENTATION_CONTEXT(2) 
PARAMETRIC_REPRESENTATION_CONTEXT() REPRESENTATION_CONTEXT('2D SPACE',''
  ) );
#13324 = ORIENTED_EDGE('',*,*,#13325,.F.);
#13325 = EDGE_CURVE('',#4019,#13303,#13326,.T.);
#13326 = SURFACE_CURVE('',#13327,(#13331,#13338),.PCURVE_S1.);
#13327 = LINE('',#13328,#13329);
#13328 = CARTESIAN_POINT('',(60.722594070736,39.75,108.34342347291));
#13329 = VECTOR('',#13330,1.);
#13330 = DIRECTION('',(0.,1.,0.));
#13331 = PCURVE('',#4062,#13332);
#13332 = DEFINITIONAL_REPRESENTATION('',(#13333),#13337);
#13333 = LINE('',#13334,#13335);
#13334 = CARTESIAN_POINT('',(0.192444679555,0.));
#13335 = VECTOR('',#13336,1.);
#13336 = DIRECTION('',(0.,-1.));
#13337 = ( GEOMETRIC_REPRESENTATION_CONTEXT(2) 
PARAMETRIC_REPRESENTATION_CONTEXT() REPRESENTATION_CONTEXT('2D SPACE',''
  ) );
#13338 = PCURVE('',#4034,#13339);
#13339 = DEFINITIONAL_REPRESENTATION('',(#13340),#13344);
#13340 = LINE('',#13341,#13342);
#13341 = CARTESIAN_POINT('',(0.,0.));
#13342 = VECTOR('',#13343,1.);
#13343 = DIRECTION('',(0.,-1.));
#13344 = ( GEOMETRIC_REPRESENTATION_CONTEXT(2) 
PARAMETRIC_REPRESENTATION_CONTEXT() REPRESENTATION_CONTEXT('2D SPACE',''
  ) );
#13345 = ADVANCED_FACE('',(#13346),#3726,.F.);
#13346 = FACE_BOUND('',#13347,.F.);
#13347 = EDGE_LOOP('',(#13348,#13349,#13372,#13393));
#13348 = ORIENTED_EDGE('',*,*,#3710,.T.);
#13349 = ORIENTED_EDGE('',*,*,#13350,.T.);
#13350 = EDGE_CURVE('',#3711,#13351,#13353,.T.);
#13351 = VERTEX_POINT('',#13352);
#13352 = CARTESIAN_POINT('',(60.907247933565,39.95,108.1371533152));
#13353 = SURFACE_CURVE('',#13354,(#13358,#13365),.PCURVE_S1.);
#13354 = LINE('',#13355,#13356);
#13355 = CARTESIAN_POINT('',(60.907247933565,39.75,108.1371533152));
#13356 = VECTOR('',#13357,1.);
#13357 = DIRECTION('',(0.,1.,0.));
#13358 = PCURVE('',#3726,#13359);
#13359 = DEFINITIONAL_REPRESENTATION('',(#13360),#13364);
#13360 = LINE('',#13361,#13362);
#13361 = CARTESIAN_POINT('',(0.,0.));
#13362 = VECTOR('',#13363,1.);
#13363 = DIRECTION('',(0.,-1.));
#13364 = ( GEOMETRIC_REPRESENTATION_CONTEXT(2) 
PARAMETRIC_REPRESENTATION_CONTEXT() REPRESENTATION_CONTEXT('2D SPACE',''
  ) );
#13365 = PCURVE('',#3754,#13366);
#13366 = DEFINITIONAL_REPRESENTATION('',(#13367),#13371);
#13367 = LINE('',#13368,#13369);
#13368 = CARTESIAN_POINT('',(0.114025447825,0.));
#13369 = VECTOR('',#13370,1.);
#13370 = DIRECTION('',(0.,-1.));
#13371 = ( GEOMETRIC_REPRESENTATION_CONTEXT(2) 
PARAMETRIC_REPRESENTATION_CONTEXT() REPRESENTATION_CONTEXT('2D SPACE',''
  ) );
#13372 = ORIENTED_EDGE('',*,*,#13373,.T.);
#13373 = EDGE_CURVE('',#13351,#13253,#13374,.T.);
#13374 = SURFACE_CURVE('',#13375,(#13379,#13386),.PCURVE_S1.);
#13375 = LINE('',#13376,#13377);
#13376 = CARTESIAN_POINT('',(60.907247933565,39.95,108.1371533152));
#13377 = VECTOR('',#13378,1.);
#13378 = DIRECTION('',(0.972174966015,0.,-0.234255918715));
#13379 = PCURVE('',#3726,#13380);
#13380 = DEFINITIONAL_REPRESENTATION('',(#13381),#13385);
#13381 = LINE('',#13382,#13383);
#13382 = CARTESIAN_POINT('',(0.,-0.2));
#13383 = VECTOR('',#13384,1.);
#13384 = DIRECTION('',(1.,0.));
#13385 = ( GEOMETRIC_REPRESENTATION_CONTEXT(2) 
PARAMETRIC_REPRESENTATION_CONTEXT() REPRESENTATION_CONTEXT('2D SPACE',''
  ) );
#13386 = PCURVE('',#11598,#13387);
#13387 = DEFINITIONAL_REPRESENTATION('',(#13388),#13392);
#13388 = LINE('',#13389,#13390);
#13389 = CARTESIAN_POINT('',(-0.350122148651,-0.27822587283));
#13390 = VECTOR('',#13391,1.);
#13391 = DIRECTION('',(-0.972174966015,-0.234255918715));
#13392 = ( GEOMETRIC_REPRESENTATION_CONTEXT(2) 
PARAMETRIC_REPRESENTATION_CONTEXT() REPRESENTATION_CONTEXT('2D SPACE',''
  ) );
#13393 = ORIENTED_EDGE('',*,*,#13252,.F.);
#13394 = ADVANCED_FACE('',(#13395),#4034,.F.);
#13395 = FACE_BOUND('',#13396,.F.);
#13396 = EDGE_LOOP('',(#13397,#13398,#13399,#13422));
#13397 = ORIENTED_EDGE('',*,*,#4018,.T.);
#13398 = ORIENTED_EDGE('',*,*,#13325,.T.);
#13399 = ORIENTED_EDGE('',*,*,#13400,.T.);
#13400 = EDGE_CURVE('',#13303,#13401,#13403,.T.);
#13401 = VERTEX_POINT('',#13402);
#13402 = CARTESIAN_POINT('',(60.519074921028,39.95,108.3034614261));
#13403 = SURFACE_CURVE('',#13404,(#13408,#13415),.PCURVE_S1.);
#13404 = LINE('',#13405,#13406);
#13405 = CARTESIAN_POINT('',(60.722594070736,39.95,108.34342347291));
#13406 = VECTOR('',#13407,1.);
#13407 = DIRECTION('',(-0.98126243172,0.,-0.192675997712));
#13408 = PCURVE('',#4034,#13409);
#13409 = DEFINITIONAL_REPRESENTATION('',(#13410),#13414);
#13410 = LINE('',#13411,#13412);
#13411 = CARTESIAN_POINT('',(0.,-0.2));
#13412 = VECTOR('',#13413,1.);
#13413 = DIRECTION('',(1.,0.));
#13414 = ( GEOMETRIC_REPRESENTATION_CONTEXT(2) 
PARAMETRIC_REPRESENTATION_CONTEXT() REPRESENTATION_CONTEXT('2D SPACE',''
  ) );
#13415 = PCURVE('',#11598,#13416);
#13416 = DEFINITIONAL_REPRESENTATION('',(#13417),#13421);
#13417 = LINE('',#13418,#13419);
#13418 = CARTESIAN_POINT('',(-0.165468285822,-7.195571512E-02));
#13419 = VECTOR('',#13420,1.);
#13420 = DIRECTION('',(0.98126243172,-0.192675997712));
#13421 = ( GEOMETRIC_REPRESENTATION_CONTEXT(2) 
PARAMETRIC_REPRESENTATION_CONTEXT() REPRESENTATION_CONTEXT('2D SPACE',''
  ) );
#13422 = ORIENTED_EDGE('',*,*,#13423,.F.);
#13423 = EDGE_CURVE('',#3991,#13401,#13424,.T.);
#13424 = SURFACE_CURVE('',#13425,(#13429,#13436),.PCURVE_S1.);
#13425 = LINE('',#13426,#13427);
#13426 = CARTESIAN_POINT('',(60.519074921028,39.75,108.3034614261));
#13427 = VECTOR('',#13428,1.);
#13428 = DIRECTION('',(0.,1.,0.));
#13429 = PCURVE('',#4034,#13430);
#13430 = DEFINITIONAL_REPRESENTATION('',(#13431),#13435);
#13431 = LINE('',#13432,#13433);
#13432 = CARTESIAN_POINT('',(0.207405422984,0.));
#13433 = VECTOR('',#13434,1.);
#13434 = DIRECTION('',(0.,-1.));
#13435 = ( GEOMETRIC_REPRESENTATION_CONTEXT(2) 
PARAMETRIC_REPRESENTATION_CONTEXT() REPRESENTATION_CONTEXT('2D SPACE',''
  ) );
#13436 = PCURVE('',#4006,#13437);
#13437 = DEFINITIONAL_REPRESENTATION('',(#13438),#13442);
#13438 = LINE('',#13439,#13440);
#13439 = CARTESIAN_POINT('',(0.,0.));
#13440 = VECTOR('',#13441,1.);
#13441 = DIRECTION('',(0.,-1.));
#13442 = ( GEOMETRIC_REPRESENTATION_CONTEXT(2) 
PARAMETRIC_REPRESENTATION_CONTEXT() REPRESENTATION_CONTEXT('2D SPACE',''
  ) );
#13443 = ADVANCED_FACE('',(#13444),#3754,.F.);
#13444 = FACE_BOUND('',#13445,.F.);
#13445 = EDGE_LOOP('',(#13446,#13447,#13470,#13491));
#13446 = ORIENTED_EDGE('',*,*,#3738,.T.);
#13447 = ORIENTED_EDGE('',*,*,#13448,.T.);
#13448 = EDGE_CURVE('',#3739,#13449,#13451,.T.);
#13449 = VERTEX_POINT('',#13450);
#13450 = CARTESIAN_POINT('',(60.844813555989,39.95,108.0417397352));
#13451 = SURFACE_CURVE('',#13452,(#13456,#13463),.PCURVE_S1.);
#13452 = LINE('',#13453,#13454);
#13453 = CARTESIAN_POINT('',(60.844813555989,39.75,108.0417397352));
#13454 = VECTOR('',#13455,1.);
#13455 = DIRECTION('',(0.,1.,0.));
#13456 = PCURVE('',#3754,#13457);
#13457 = DEFINITIONAL_REPRESENTATION('',(#13458),#13462);
#13458 = LINE('',#13459,#13460);
#13459 = CARTESIAN_POINT('',(0.,0.));
#13460 = VECTOR('',#13461,1.);
#13461 = DIRECTION('',(0.,-1.));
#13462 = ( GEOMETRIC_REPRESENTATION_CONTEXT(2) 
PARAMETRIC_REPRESENTATION_CONTEXT() REPRESENTATION_CONTEXT('2D SPACE',''
  ) );
#13463 = PCURVE('',#3782,#13464);
#13464 = DEFINITIONAL_REPRESENTATION('',(#13465),#13469);
#13465 = LINE('',#13466,#13467);
#13466 = CARTESIAN_POINT('',(0.100093845222,0.));
#13467 = VECTOR('',#13468,1.);
#13468 = DIRECTION('',(0.,-1.));
#13469 = ( GEOMETRIC_REPRESENTATION_CONTEXT(2) 
PARAMETRIC_REPRESENTATION_CONTEXT() REPRESENTATION_CONTEXT('2D SPACE',''
  ) );
#13470 = ORIENTED_EDGE('',*,*,#13471,.T.);
#13471 = EDGE_CURVE('',#13449,#13351,#13472,.T.);
#13472 = SURFACE_CURVE('',#13473,(#13477,#13484),.PCURVE_S1.);
#13473 = LINE('',#13474,#13475);
#13474 = CARTESIAN_POINT('',(60.844813555989,39.95,108.0417397352));
#13475 = VECTOR('',#13476,1.);
#13476 = DIRECTION('',(0.547547751524,0.,0.836774437827));
#13477 = PCURVE('',#3754,#13478);
#13478 = DEFINITIONAL_REPRESENTATION('',(#13479),#13483);
#13479 = LINE('',#13480,#13481);
#13480 = CARTESIAN_POINT('',(0.,-0.2));
#13481 = VECTOR('',#13482,1.);
#13482 = DIRECTION('',(1.,0.));
#13483 = ( GEOMETRIC_REPRESENTATION_CONTEXT(2) 
PARAMETRIC_REPRESENTATION_CONTEXT() REPRESENTATION_CONTEXT('2D SPACE',''
  ) );
#13484 = PCURVE('',#11598,#13485);
#13485 = DEFINITIONAL_REPRESENTATION('',(#13486),#13490);
#13486 = LINE('',#13487,#13488);
#13487 = CARTESIAN_POINT('',(-0.287687771075,-0.37363945283));
#13488 = VECTOR('',#13489,1.);
#13489 = DIRECTION('',(-0.547547751524,0.836774437827));
#13490 = ( GEOMETRIC_REPRESENTATION_CONTEXT(2) 
PARAMETRIC_REPRESENTATION_CONTEXT() REPRESENTATION_CONTEXT('2D SPACE',''
  ) );
#13491 = ORIENTED_EDGE('',*,*,#13350,.F.);
#13492 = ADVANCED_FACE('',(#13493),#4006,.F.);
#13493 = FACE_BOUND('',#13494,.F.);
#13494 = EDGE_LOOP('',(#13495,#13496,#13497,#13520));
#13495 = ORIENTED_EDGE('',*,*,#3990,.T.);
#13496 = ORIENTED_EDGE('',*,*,#13423,.T.);
#13497 = ORIENTED_EDGE('',*,*,#13498,.T.);
#13498 = EDGE_CURVE('',#13401,#13499,#13501,.T.);
#13499 = VERTEX_POINT('',#13500);
#13500 = CARTESIAN_POINT('',(60.396048127893,39.95,108.2718409866));
#13501 = SURFACE_CURVE('',#13502,(#13506,#13513),.PCURVE_S1.);
#13502 = LINE('',#13503,#13504);
#13503 = CARTESIAN_POINT('',(60.519074921028,39.95,108.3034614261));
#13504 = VECTOR('',#13505,1.);
#13505 = DIRECTION('',(-0.968521449082,0.,-0.248930116034));
#13506 = PCURVE('',#4006,#13507);
#13507 = DEFINITIONAL_REPRESENTATION('',(#13508),#13512);
#13508 = LINE('',#13509,#13510);
#13509 = CARTESIAN_POINT('',(0.,-0.2));
#13510 = VECTOR('',#13511,1.);
#13511 = DIRECTION('',(1.,0.));
#13512 = ( GEOMETRIC_REPRESENTATION_CONTEXT(2) 
PARAMETRIC_REPRESENTATION_CONTEXT() REPRESENTATION_CONTEXT('2D SPACE',''
  ) );
#13513 = PCURVE('',#11598,#13514);
#13514 = DEFINITIONAL_REPRESENTATION('',(#13515),#13519);
#13515 = LINE('',#13516,#13517);
#13516 = CARTESIAN_POINT('',(3.8050863886E-02,-0.11191776193));
#13517 = VECTOR('',#13518,1.);
#13518 = DIRECTION('',(0.968521449082,-0.248930116034));
#13519 = ( GEOMETRIC_REPRESENTATION_CONTEXT(2) 
PARAMETRIC_REPRESENTATION_CONTEXT() REPRESENTATION_CONTEXT('2D SPACE',''
  ) );
#13520 = ORIENTED_EDGE('',*,*,#13521,.F.);
#13521 = EDGE_CURVE('',#3963,#13499,#13522,.T.);
#13522 = SURFACE_CURVE('',#13523,(#13527,#13534),.PCURVE_S1.);
#13523 = LINE('',#13524,#13525);
#13524 = CARTESIAN_POINT('',(60.396048127893,39.75,108.2718409866));
#13525 = VECTOR('',#13526,1.);
#13526 = DIRECTION('',(0.,1.,0.));
#13527 = PCURVE('',#4006,#13528);
#13528 = DEFINITIONAL_REPRESENTATION('',(#13529),#13533);
#13529 = LINE('',#13530,#13531);
#13530 = CARTESIAN_POINT('',(0.127025367637,0.));
#13531 = VECTOR('',#13532,1.);
#13532 = DIRECTION('',(0.,-1.));
#13533 = ( GEOMETRIC_REPRESENTATION_CONTEXT(2) 
PARAMETRIC_REPRESENTATION_CONTEXT() REPRESENTATION_CONTEXT('2D SPACE',''
  ) );
#13534 = PCURVE('',#3978,#13535);
#13535 = DEFINITIONAL_REPRESENTATION('',(#13536),#13540);
#13536 = LINE('',#13537,#13538);
#13537 = CARTESIAN_POINT('',(0.,0.));
#13538 = VECTOR('',#13539,1.);
#13539 = DIRECTION('',(0.,-1.));
#13540 = ( GEOMETRIC_REPRESENTATION_CONTEXT(2) 
PARAMETRIC_REPRESENTATION_CONTEXT() REPRESENTATION_CONTEXT('2D SPACE',''
  ) );
#13541 = ADVANCED_FACE('',(#13542),#3782,.F.);
#13542 = FACE_BOUND('',#13543,.F.);
#13543 = EDGE_LOOP('',(#13544,#13545,#13568,#13589));
#13544 = ORIENTED_EDGE('',*,*,#3766,.T.);
#13545 = ORIENTED_EDGE('',*,*,#13546,.T.);
#13546 = EDGE_CURVE('',#3767,#13547,#13549,.T.);
#13547 = VERTEX_POINT('',#13548);
#13548 = CARTESIAN_POINT('',(60.782866505123,39.95,107.96311823216));
#13549 = SURFACE_CURVE('',#13550,(#13554,#13561),.PCURVE_S1.);
#13550 = LINE('',#13551,#13552);
#13551 = CARTESIAN_POINT('',(60.782866505123,39.75,107.96311823216));
#13552 = VECTOR('',#13553,1.);
#13553 = DIRECTION('',(0.,1.,0.));
#13554 = PCURVE('',#3782,#13555);
#13555 = DEFINITIONAL_REPRESENTATION('',(#13556),#13560);
#13556 = LINE('',#13557,#13558);
#13557 = CARTESIAN_POINT('',(0.,0.));
#13558 = VECTOR('',#13559,1.);
#13559 = DIRECTION('',(0.,-1.));
#13560 = ( GEOMETRIC_REPRESENTATION_CONTEXT(2) 
PARAMETRIC_REPRESENTATION_CONTEXT() REPRESENTATION_CONTEXT('2D SPACE',''
  ) );
#13561 = PCURVE('',#3810,#13562);
#13562 = DEFINITIONAL_REPRESENTATION('',(#13563),#13567);
#13563 = LINE('',#13564,#13565);
#13564 = CARTESIAN_POINT('',(0.113264024263,0.));
#13565 = VECTOR('',#13566,1.);
#13566 = DIRECTION('',(0.,-1.));
#13567 = ( GEOMETRIC_REPRESENTATION_CONTEXT(2) 
PARAMETRIC_REPRESENTATION_CONTEXT() REPRESENTATION_CONTEXT('2D SPACE',''
  ) );
#13568 = ORIENTED_EDGE('',*,*,#13569,.T.);
#13569 = EDGE_CURVE('',#13547,#13449,#13570,.T.);
#13570 = SURFACE_CURVE('',#13571,(#13575,#13582),.PCURVE_S1.);
#13571 = LINE('',#13572,#13573);
#13572 = CARTESIAN_POINT('',(60.782866505123,39.95,107.96311823216));
#13573 = VECTOR('',#13574,1.);
#13574 = DIRECTION('',(0.61888971024,0.,0.785477896926));
#13575 = PCURVE('',#3782,#13576);
#13576 = DEFINITIONAL_REPRESENTATION('',(#13577),#13581);
#13577 = LINE('',#13578,#13579);
#13578 = CARTESIAN_POINT('',(0.,-0.2));
#13579 = VECTOR('',#13580,1.);
#13580 = DIRECTION('',(1.,0.));
#13581 = ( GEOMETRIC_REPRESENTATION_CONTEXT(2) 
PARAMETRIC_REPRESENTATION_CONTEXT() REPRESENTATION_CONTEXT('2D SPACE',''
  ) );
#13582 = PCURVE('',#11598,#13583);
#13583 = DEFINITIONAL_REPRESENTATION('',(#13584),#13588);
#13584 = LINE('',#13585,#13586);
#13585 = CARTESIAN_POINT('',(-0.225740720209,-0.45226095587));
#13586 = VECTOR('',#13587,1.);
#13587 = DIRECTION('',(-0.61888971024,0.785477896926));
#13588 = ( GEOMETRIC_REPRESENTATION_CONTEXT(2) 
PARAMETRIC_REPRESENTATION_CONTEXT() REPRESENTATION_CONTEXT('2D SPACE',''
  ) );
#13589 = ORIENTED_EDGE('',*,*,#13448,.F.);
#13590 = ADVANCED_FACE('',(#13591),#3978,.F.);
#13591 = FACE_BOUND('',#13592,.F.);
#13592 = EDGE_LOOP('',(#13593,#13594,#13595,#13618));
#13593 = ORIENTED_EDGE('',*,*,#3962,.T.);
#13594 = ORIENTED_EDGE('',*,*,#13521,.T.);
#13595 = ORIENTED_EDGE('',*,*,#13596,.T.);
#13596 = EDGE_CURVE('',#13499,#13597,#13599,.T.);
#13597 = VERTEX_POINT('',#13598);
#13598 = CARTESIAN_POINT('',(60.302151351202,39.95,108.22089492189));
#13599 = SURFACE_CURVE('',#13600,(#13604,#13611),.PCURVE_S1.);
#13600 = LINE('',#13601,#13602);
#13601 = CARTESIAN_POINT('',(60.396048127893,39.95,108.2718409866));
#13602 = VECTOR('',#13603,1.);
#13603 = DIRECTION('',(-0.878957309346,0.,-0.476900459579));
#13604 = PCURVE('',#3978,#13605);
#13605 = DEFINITIONAL_REPRESENTATION('',(#13606),#13610);
#13606 = LINE('',#13607,#13608);
#13607 = CARTESIAN_POINT('',(0.,-0.2));
#13608 = VECTOR('',#13609,1.);
#13609 = DIRECTION('',(1.,0.));
#13610 = ( GEOMETRIC_REPRESENTATION_CONTEXT(2) 
PARAMETRIC_REPRESENTATION_CONTEXT() REPRESENTATION_CONTEXT('2D SPACE',''
  ) );
#13611 = PCURVE('',#11598,#13612);
#13612 = DEFINITIONAL_REPRESENTATION('',(#13613),#13617);
#13613 = LINE('',#13614,#13615);
#13614 = CARTESIAN_POINT('',(0.161077657021,-0.14353820143));
#13615 = VECTOR('',#13616,1.);
#13616 = DIRECTION('',(0.878957309346,-0.476900459579));
#13617 = ( GEOMETRIC_REPRESENTATION_CONTEXT(2) 
PARAMETRIC_REPRESENTATION_CONTEXT() REPRESENTATION_CONTEXT('2D SPACE',''
  ) );
#13618 = ORIENTED_EDGE('',*,*,#13619,.F.);
#13619 = EDGE_CURVE('',#3935,#13597,#13620,.T.);
#13620 = SURFACE_CURVE('',#13621,(#13625,#13632),.PCURVE_S1.);
#13621 = LINE('',#13622,#13623);
#13622 = CARTESIAN_POINT('',(60.302151351202,39.75,108.22089492189));
#13623 = VECTOR('',#13624,1.);
#13624 = DIRECTION('',(0.,1.,0.));
#13625 = PCURVE('',#3978,#13626);
#13626 = DEFINITIONAL_REPRESENTATION('',(#13627),#13631);
#13627 = LINE('',#13628,#13629);
#13628 = CARTESIAN_POINT('',(0.106827459871,0.));
#13629 = VECTOR('',#13630,1.);
#13630 = DIRECTION('',(0.,-1.));
#13631 = ( GEOMETRIC_REPRESENTATION_CONTEXT(2) 
PARAMETRIC_REPRESENTATION_CONTEXT() REPRESENTATION_CONTEXT('2D SPACE',''
  ) );
#13632 = PCURVE('',#3950,#13633);
#13633 = DEFINITIONAL_REPRESENTATION('',(#13634),#13638);
#13634 = LINE('',#13635,#13636);
#13635 = CARTESIAN_POINT('',(0.,0.));
#13636 = VECTOR('',#13637,1.);
#13637 = DIRECTION('',(0.,-1.));
#13638 = ( GEOMETRIC_REPRESENTATION_CONTEXT(2) 
PARAMETRIC_REPRESENTATION_CONTEXT() REPRESENTATION_CONTEXT('2D SPACE',''
  ) );
#13639 = ADVANCED_FACE('',(#13640),#3810,.F.);
#13640 = FACE_BOUND('',#13641,.F.);
#13641 = EDGE_LOOP('',(#13642,#13643,#13666,#13687));
#13642 = ORIENTED_EDGE('',*,*,#3794,.T.);
#13643 = ORIENTED_EDGE('',*,*,#13644,.T.);
#13644 = EDGE_CURVE('',#3795,#13645,#13647,.T.);
#13645 = VERTEX_POINT('',#13646);
#13646 = CARTESIAN_POINT('',(60.681536614902,39.95,107.91251198215));
#13647 = SURFACE_CURVE('',#13648,(#13652,#13659),.PCURVE_S1.);
#13648 = LINE('',#13649,#13650);
#13649 = CARTESIAN_POINT('',(60.681536614902,39.75,107.91251198215));
#13650 = VECTOR('',#13651,1.);
#13651 = DIRECTION('',(0.,1.,0.));
#13652 = PCURVE('',#3810,#13653);
#13653 = DEFINITIONAL_REPRESENTATION('',(#13654),#13658);
#13654 = LINE('',#13655,#13656);
#13655 = CARTESIAN_POINT('',(0.,0.));
#13656 = VECTOR('',#13657,1.);
#13657 = DIRECTION('',(0.,-1.));
#13658 = ( GEOMETRIC_REPRESENTATION_CONTEXT(2) 
PARAMETRIC_REPRESENTATION_CONTEXT() REPRESENTATION_CONTEXT('2D SPACE',''
  ) );
#13659 = PCURVE('',#3838,#13660);
#13660 = DEFINITIONAL_REPRESENTATION('',(#13661),#13665);
#13661 = LINE('',#13662,#13663);
#13662 = CARTESIAN_POINT('',(0.138001998375,0.));
#13663 = VECTOR('',#13664,1.);
#13664 = DIRECTION('',(0.,-1.));
#13665 = ( GEOMETRIC_REPRESENTATION_CONTEXT(2) 
PARAMETRIC_REPRESENTATION_CONTEXT() REPRESENTATION_CONTEXT('2D SPACE',''
  ) );
#13666 = ORIENTED_EDGE('',*,*,#13667,.T.);
#13667 = EDGE_CURVE('',#13645,#13547,#13668,.T.);
#13668 = SURFACE_CURVE('',#13669,(#13673,#13680),.PCURVE_S1.);
#13669 = LINE('',#13670,#13671);
#13670 = CARTESIAN_POINT('',(60.681536614902,39.95,107.91251198215));
#13671 = VECTOR('',#13672,1.);
#13672 = DIRECTION('',(0.894634380879,0.,0.446798975547));
#13673 = PCURVE('',#3810,#13674);
#13674 = DEFINITIONAL_REPRESENTATION('',(#13675),#13679);
#13675 = LINE('',#13676,#13677);
#13676 = CARTESIAN_POINT('',(0.,-0.2));
#13677 = VECTOR('',#13678,1.);
#13678 = DIRECTION('',(1.,0.));
#13679 = ( GEOMETRIC_REPRESENTATION_CONTEXT(2) 
PARAMETRIC_REPRESENTATION_CONTEXT() REPRESENTATION_CONTEXT('2D SPACE',''
  ) );
#13680 = PCURVE('',#11598,#13681);
#13681 = DEFINITIONAL_REPRESENTATION('',(#13682),#13686);
#13682 = LINE('',#13683,#13684);
#13683 = CARTESIAN_POINT('',(-0.124410829988,-0.50286720588));
#13684 = VECTOR('',#13685,1.);
#13685 = DIRECTION('',(-0.894634380879,0.446798975547));
#13686 = ( GEOMETRIC_REPRESENTATION_CONTEXT(2) 
PARAMETRIC_REPRESENTATION_CONTEXT() REPRESENTATION_CONTEXT('2D SPACE',''
  ) );
#13687 = ORIENTED_EDGE('',*,*,#13546,.F.);
#13688 = ADVANCED_FACE('',(#13689),#3950,.F.);
#13689 = FACE_BOUND('',#13690,.F.);
#13690 = EDGE_LOOP('',(#13691,#13692,#13693,#13716));
#13691 = ORIENTED_EDGE('',*,*,#3934,.T.);
#13692 = ORIENTED_EDGE('',*,*,#13619,.T.);
#13693 = ORIENTED_EDGE('',*,*,#13694,.T.);
#13694 = EDGE_CURVE('',#13597,#13695,#13697,.T.);
#13695 = VERTEX_POINT('',#13696);
#13696 = CARTESIAN_POINT('',(60.24711122394,39.95,108.08247473242));
#13697 = SURFACE_CURVE('',#13698,(#13702,#13709),.PCURVE_S1.);
#13698 = LINE('',#13699,#13700);
#13699 = CARTESIAN_POINT('',(60.302151351202,39.95,108.22089492189));
#13700 = VECTOR('',#13701,1.);
#13701 = DIRECTION('',(-0.36949200055,0.,-0.929233911095));
#13702 = PCURVE('',#3950,#13703);
#13703 = DEFINITIONAL_REPRESENTATION('',(#13704),#13708);
#13704 = LINE('',#13705,#13706);
#13705 = CARTESIAN_POINT('',(0.,-0.2));
#13706 = VECTOR('',#13707,1.);
#13707 = DIRECTION('',(1.,0.));
#13708 = ( GEOMETRIC_REPRESENTATION_CONTEXT(2) 
PARAMETRIC_REPRESENTATION_CONTEXT() REPRESENTATION_CONTEXT('2D SPACE',''
  ) );
#13709 = PCURVE('',#11598,#13710);
#13710 = DEFINITIONAL_REPRESENTATION('',(#13711),#13715);
#13711 = LINE('',#13712,#13713);
#13712 = CARTESIAN_POINT('',(0.254974433712,-0.19448426614));
#13713 = VECTOR('',#13714,1.);
#13714 = DIRECTION('',(0.36949200055,-0.929233911095));
#13715 = ( GEOMETRIC_REPRESENTATION_CONTEXT(2) 
PARAMETRIC_REPRESENTATION_CONTEXT() REPRESENTATION_CONTEXT('2D SPACE',''
  ) );
#13716 = ORIENTED_EDGE('',*,*,#13717,.F.);
#13717 = EDGE_CURVE('',#3907,#13695,#13718,.T.);
#13718 = SURFACE_CURVE('',#13719,(#13723,#13730),.PCURVE_S1.);
#13719 = LINE('',#13720,#13721);
#13720 = CARTESIAN_POINT('',(60.24711122394,39.75,108.08247473242));
#13721 = VECTOR('',#13722,1.);
#13722 = DIRECTION('',(0.,1.,0.));
#13723 = PCURVE('',#3950,#13724);
#13724 = DEFINITIONAL_REPRESENTATION('',(#13725),#13729);
#13725 = LINE('',#13726,#13727);
#13726 = CARTESIAN_POINT('',(0.148961620768,0.));
#13727 = VECTOR('',#13728,1.);
#13728 = DIRECTION('',(0.,-1.));
#13729 = ( GEOMETRIC_REPRESENTATION_CONTEXT(2) 
PARAMETRIC_REPRESENTATION_CONTEXT() REPRESENTATION_CONTEXT('2D SPACE',''
  ) );
#13730 = PCURVE('',#3922,#13731);
#13731 = DEFINITIONAL_REPRESENTATION('',(#13732),#13736);
#13732 = LINE('',#13733,#13734);
#13733 = CARTESIAN_POINT('',(0.,0.));
#13734 = VECTOR('',#13735,1.);
#13735 = DIRECTION('',(0.,-1.));
#13736 = ( GEOMETRIC_REPRESENTATION_CONTEXT(2) 
PARAMETRIC_REPRESENTATION_CONTEXT() REPRESENTATION_CONTEXT('2D SPACE',''
  ) );
#13737 = ADVANCED_FACE('',(#13738),#3838,.F.);
#13738 = FACE_BOUND('',#13739,.F.);
#13739 = EDGE_LOOP('',(#13740,#13741,#13764,#13785));
#13740 = ORIENTED_EDGE('',*,*,#3822,.T.);
#13741 = ORIENTED_EDGE('',*,*,#13742,.T.);
#13742 = EDGE_CURVE('',#3823,#13743,#13745,.T.);
#13743 = VERTEX_POINT('',#13744);
#13744 = CARTESIAN_POINT('',(60.544673252185,39.95,107.89482098158));
#13745 = SURFACE_CURVE('',#13746,(#13750,#13757),.PCURVE_S1.);
#13746 = LINE('',#13747,#13748);
#13747 = CARTESIAN_POINT('',(60.544673252185,39.75,107.89482098158));
#13748 = VECTOR('',#13749,1.);
#13749 = DIRECTION('',(0.,1.,0.));
#13750 = PCURVE('',#3838,#13751);
#13751 = DEFINITIONAL_REPRESENTATION('',(#13752),#13756);
#13752 = LINE('',#13753,#13754);
#13753 = CARTESIAN_POINT('',(0.,0.));
#13754 = VECTOR('',#13755,1.);
#13755 = DIRECTION('',(0.,-1.));
#13756 = ( GEOMETRIC_REPRESENTATION_CONTEXT(2) 
PARAMETRIC_REPRESENTATION_CONTEXT() REPRESENTATION_CONTEXT('2D SPACE',''
  ) );
#13757 = PCURVE('',#3866,#13758);
#13758 = DEFINITIONAL_REPRESENTATION('',(#13759),#13763);
#13759 = LINE('',#13760,#13761);
#13760 = CARTESIAN_POINT('',(0.121394341883,0.));
#13761 = VECTOR('',#13762,1.);
#13762 = DIRECTION('',(0.,-1.));
#13763 = ( GEOMETRIC_REPRESENTATION_CONTEXT(2) 
PARAMETRIC_REPRESENTATION_CONTEXT() REPRESENTATION_CONTEXT('2D SPACE',''
  ) );
#13764 = ORIENTED_EDGE('',*,*,#13765,.T.);
#13765 = EDGE_CURVE('',#13743,#13645,#13766,.T.);
#13766 = SURFACE_CURVE('',#13767,(#13771,#13778),.PCURVE_S1.);
#13767 = LINE('',#13768,#13769);
#13768 = CARTESIAN_POINT('',(60.544673252185,39.95,107.89482098158));
#13769 = VECTOR('',#13770,1.);
#13770 = DIRECTION('',(0.991749136458,0.,0.128193799904));
#13771 = PCURVE('',#3838,#13772);
#13772 = DEFINITIONAL_REPRESENTATION('',(#13773),#13777);
#13773 = LINE('',#13774,#13775);
#13774 = CARTESIAN_POINT('',(0.,-0.2));
#13775 = VECTOR('',#13776,1.);
#13776 = DIRECTION('',(1.,0.));
#13777 = ( GEOMETRIC_REPRESENTATION_CONTEXT(2) 
PARAMETRIC_REPRESENTATION_CONTEXT() REPRESENTATION_CONTEXT('2D SPACE',''
  ) );
#13778 = PCURVE('',#11598,#13779);
#13779 = DEFINITIONAL_REPRESENTATION('',(#13780),#13784);
#13780 = LINE('',#13781,#13782);
#13781 = CARTESIAN_POINT('',(1.2452532729E-02,-0.52055820645));
#13782 = VECTOR('',#13783,1.);
#13783 = DIRECTION('',(-0.991749136458,0.128193799904));
#13784 = ( GEOMETRIC_REPRESENTATION_CONTEXT(2) 
PARAMETRIC_REPRESENTATION_CONTEXT() REPRESENTATION_CONTEXT('2D SPACE',''
  ) );
#13785 = ORIENTED_EDGE('',*,*,#13644,.F.);
#13786 = ADVANCED_FACE('',(#13787),#3922,.F.);
#13787 = FACE_BOUND('',#13788,.F.);
#13788 = EDGE_LOOP('',(#13789,#13790,#13791,#13814));
#13789 = ORIENTED_EDGE('',*,*,#3906,.T.);
#13790 = ORIENTED_EDGE('',*,*,#13717,.T.);
#13791 = ORIENTED_EDGE('',*,*,#13792,.T.);
#13792 = EDGE_CURVE('',#13695,#13793,#13795,.T.);
#13793 = VERTEX_POINT('',#13794);
#13794 = CARTESIAN_POINT('',(60.318631470093,39.95,107.95246526682));
#13795 = SURFACE_CURVE('',#13796,(#13800,#13807),.PCURVE_S1.);
#13796 = LINE('',#13797,#13798);
#13797 = CARTESIAN_POINT('',(60.24711122394,39.95,108.08247473242));
#13798 = VECTOR('',#13799,1.);
#13799 = DIRECTION('',(0.481996567133,0.,-0.876173104627));
#13800 = PCURVE('',#3922,#13801);
#13801 = DEFINITIONAL_REPRESENTATION('',(#13802),#13806);
#13802 = LINE('',#13803,#13804);
#13803 = CARTESIAN_POINT('',(0.,-0.2));
#13804 = VECTOR('',#13805,1.);
#13805 = DIRECTION('',(1.,0.));
#13806 = ( GEOMETRIC_REPRESENTATION_CONTEXT(2) 
PARAMETRIC_REPRESENTATION_CONTEXT() REPRESENTATION_CONTEXT('2D SPACE',''
  ) );
#13807 = PCURVE('',#11598,#13808);
#13808 = DEFINITIONAL_REPRESENTATION('',(#13809),#13813);
#13809 = LINE('',#13810,#13811);
#13810 = CARTESIAN_POINT('',(0.310014560974,-0.33290445561));
#13811 = VECTOR('',#13812,1.);
#13812 = DIRECTION('',(-0.481996567133,-0.876173104627));
#13813 = ( GEOMETRIC_REPRESENTATION_CONTEXT(2) 
PARAMETRIC_REPRESENTATION_CONTEXT() REPRESENTATION_CONTEXT('2D SPACE',''
  ) );
#13814 = ORIENTED_EDGE('',*,*,#13815,.F.);
#13815 = EDGE_CURVE('',#3879,#13793,#13816,.T.);
#13816 = SURFACE_CURVE('',#13817,(#13821,#13828),.PCURVE_S1.);
#13817 = LINE('',#13818,#13819);
#13818 = CARTESIAN_POINT('',(60.318631470093,39.75,107.95246526682));
#13819 = VECTOR('',#13820,1.);
#13820 = DIRECTION('',(0.,1.,0.));
#13821 = PCURVE('',#3922,#13822);
#13822 = DEFINITIONAL_REPRESENTATION('',(#13823),#13827);
#13823 = LINE('',#13824,#13825);
#13824 = CARTESIAN_POINT('',(0.148383310232,0.));
#13825 = VECTOR('',#13826,1.);
#13826 = DIRECTION('',(0.,-1.));
#13827 = ( GEOMETRIC_REPRESENTATION_CONTEXT(2) 
PARAMETRIC_REPRESENTATION_CONTEXT() REPRESENTATION_CONTEXT('2D SPACE',''
  ) );
#13828 = PCURVE('',#3894,#13829);
#13829 = DEFINITIONAL_REPRESENTATION('',(#13830),#13834);
#13830 = LINE('',#13831,#13832);
#13831 = CARTESIAN_POINT('',(0.,0.));
#13832 = VECTOR('',#13833,1.);
#13833 = DIRECTION('',(0.,-1.));
#13834 = ( GEOMETRIC_REPRESENTATION_CONTEXT(2) 
PARAMETRIC_REPRESENTATION_CONTEXT() REPRESENTATION_CONTEXT('2D SPACE',''
  ) );
#13835 = ADVANCED_FACE('',(#13836),#3866,.F.);
#13836 = FACE_BOUND('',#13837,.F.);
#13837 = EDGE_LOOP('',(#13838,#13839,#13862,#13883));
#13838 = ORIENTED_EDGE('',*,*,#3850,.T.);
#13839 = ORIENTED_EDGE('',*,*,#13840,.T.);
#13840 = EDGE_CURVE('',#3851,#13841,#13843,.T.);
#13841 = VERTEX_POINT('',#13842);
#13842 = CARTESIAN_POINT('',(60.423863555072,39.95,107.9067207011));
#13843 = SURFACE_CURVE('',#13844,(#13848,#13855),.PCURVE_S1.);
#13844 = LINE('',#13845,#13846);
#13845 = CARTESIAN_POINT('',(60.423863555072,39.75,107.9067207011));
#13846 = VECTOR('',#13847,1.);
#13847 = DIRECTION('',(0.,1.,0.));
#13848 = PCURVE('',#3866,#13849);
#13849 = DEFINITIONAL_REPRESENTATION('',(#13850),#13854);
#13850 = LINE('',#13851,#13852);
#13851 = CARTESIAN_POINT('',(0.,0.));
#13852 = VECTOR('',#13853,1.);
#13853 = DIRECTION('',(0.,-1.));
#13854 = ( GEOMETRIC_REPRESENTATION_CONTEXT(2) 
PARAMETRIC_REPRESENTATION_CONTEXT() REPRESENTATION_CONTEXT('2D SPACE',''
  ) );
#13855 = PCURVE('',#3894,#13856);
#13856 = DEFINITIONAL_REPRESENTATION('',(#13857),#13861);
#13857 = LINE('',#13858,#13859);
#13858 = CARTESIAN_POINT('',(0.114744747165,0.));
#13859 = VECTOR('',#13860,1.);
#13860 = DIRECTION('',(0.,-1.));
#13861 = ( GEOMETRIC_REPRESENTATION_CONTEXT(2) 
PARAMETRIC_REPRESENTATION_CONTEXT() REPRESENTATION_CONTEXT('2D SPACE',''
  ) );
#13862 = ORIENTED_EDGE('',*,*,#13863,.T.);
#13863 = EDGE_CURVE('',#13841,#13743,#13864,.T.);
#13864 = SURFACE_CURVE('',#13865,(#13869,#13876),.PCURVE_S1.);
#13865 = LINE('',#13866,#13867);
#13866 = CARTESIAN_POINT('',(60.423863555072,39.95,107.9067207011));
#13867 = VECTOR('',#13868,1.);
#13868 = DIRECTION('',(0.995183920759,0.,-9.802532256037E-02));
#13869 = PCURVE('',#3866,#13870);
#13870 = DEFINITIONAL_REPRESENTATION('',(#13871),#13875);
#13871 = LINE('',#13872,#13873);
#13872 = CARTESIAN_POINT('',(0.,-0.2));
#13873 = VECTOR('',#13874,1.);
#13874 = DIRECTION('',(1.,0.));
#13875 = ( GEOMETRIC_REPRESENTATION_CONTEXT(2) 
PARAMETRIC_REPRESENTATION_CONTEXT() REPRESENTATION_CONTEXT('2D SPACE',''
  ) );
#13876 = PCURVE('',#11598,#13877);
#13877 = DEFINITIONAL_REPRESENTATION('',(#13878),#13882);
#13878 = LINE('',#13879,#13880);
#13879 = CARTESIAN_POINT('',(0.133262229842,-0.50865848693));
#13880 = VECTOR('',#13881,1.);
#13881 = DIRECTION('',(-0.995183920759,-9.802532256037E-02));
#13882 = ( GEOMETRIC_REPRESENTATION_CONTEXT(2) 
PARAMETRIC_REPRESENTATION_CONTEXT() REPRESENTATION_CONTEXT('2D SPACE',''
  ) );
#13883 = ORIENTED_EDGE('',*,*,#13742,.F.);
#13884 = ADVANCED_FACE('',(#13885),#3894,.F.);
#13885 = FACE_BOUND('',#13886,.F.);
#13886 = EDGE_LOOP('',(#13887,#13888,#13889,#13910));
#13887 = ORIENTED_EDGE('',*,*,#3878,.T.);
#13888 = ORIENTED_EDGE('',*,*,#13815,.T.);
#13889 = ORIENTED_EDGE('',*,*,#13890,.T.);
#13890 = EDGE_CURVE('',#13793,#13841,#13891,.T.);
#13891 = SURFACE_CURVE('',#13892,(#13896,#13903),.PCURVE_S1.);
#13892 = LINE('',#13893,#13894);
#13893 = CARTESIAN_POINT('',(60.318631470093,39.95,107.95246526682));
#13894 = VECTOR('',#13895,1.);
#13895 = DIRECTION('',(0.917097188155,0.,-0.398663702234));
#13896 = PCURVE('',#3894,#13897);
#13897 = DEFINITIONAL_REPRESENTATION('',(#13898),#13902);
#13898 = LINE('',#13899,#13900);
#13899 = CARTESIAN_POINT('',(0.,-0.2));
#13900 = VECTOR('',#13901,1.);
#13901 = DIRECTION('',(1.,0.));
#13902 = ( GEOMETRIC_REPRESENTATION_CONTEXT(2) 
PARAMETRIC_REPRESENTATION_CONTEXT() REPRESENTATION_CONTEXT('2D SPACE',''
  ) );
#13903 = PCURVE('',#11598,#13904);
#13904 = DEFINITIONAL_REPRESENTATION('',(#13905),#13909);
#13905 = LINE('',#13906,#13907);
#13906 = CARTESIAN_POINT('',(0.238494314821,-0.46291392121));
#13907 = VECTOR('',#13908,1.);
#13908 = DIRECTION('',(-0.917097188155,-0.398663702234));
#13909 = ( GEOMETRIC_REPRESENTATION_CONTEXT(2) 
PARAMETRIC_REPRESENTATION_CONTEXT() REPRESENTATION_CONTEXT('2D SPACE',''
  ) );
#13910 = ORIENTED_EDGE('',*,*,#13840,.F.);
#13911 = ADVANCED_FACE('',(#13912),#4568,.F.);
#13912 = FACE_BOUND('',#13913,.F.);
#13913 = EDGE_LOOP('',(#13914,#13915,#13938,#13966));
#13914 = ORIENTED_EDGE('',*,*,#4550,.T.);
#13915 = ORIENTED_EDGE('',*,*,#13916,.T.);
#13916 = EDGE_CURVE('',#4553,#13917,#13919,.T.);
#13917 = VERTEX_POINT('',#13918);
#13918 = CARTESIAN_POINT('',(61.315220665133,39.95,108.37806107532));
#13919 = SURFACE_CURVE('',#13920,(#13924,#13931),.PCURVE_S1.);
#13920 = LINE('',#13921,#13922);
#13921 = CARTESIAN_POINT('',(61.315220665133,39.75,108.37806107532));
#13922 = VECTOR('',#13923,1.);
#13923 = DIRECTION('',(0.,1.,0.));
#13924 = PCURVE('',#4568,#13925);
#13925 = DEFINITIONAL_REPRESENTATION('',(#13926),#13930);
#13926 = LINE('',#13927,#13928);
#13927 = CARTESIAN_POINT('',(0.,0.));
#13928 = VECTOR('',#13929,1.);
#13929 = DIRECTION('',(0.,-1.));
#13930 = ( GEOMETRIC_REPRESENTATION_CONTEXT(2) 
PARAMETRIC_REPRESENTATION_CONTEXT() REPRESENTATION_CONTEXT('2D SPACE',''
  ) );
#13931 = PCURVE('',#4596,#13932);
#13932 = DEFINITIONAL_REPRESENTATION('',(#13933),#13937);
#13933 = LINE('',#13934,#13935);
#13934 = CARTESIAN_POINT('',(0.662637030071,0.));
#13935 = VECTOR('',#13936,1.);
#13936 = DIRECTION('',(0.,-1.));
#13937 = ( GEOMETRIC_REPRESENTATION_CONTEXT(2) 
PARAMETRIC_REPRESENTATION_CONTEXT() REPRESENTATION_CONTEXT('2D SPACE',''
  ) );
#13938 = ORIENTED_EDGE('',*,*,#13939,.T.);
#13939 = EDGE_CURVE('',#13917,#13940,#13942,.T.);
#13940 = VERTEX_POINT('',#13941);
#13941 = CARTESIAN_POINT('',(61.363177159828,39.95,108.58109809663));
#13942 = SURFACE_CURVE('',#13943,(#13947,#13954),.PCURVE_S1.);
#13943 = LINE('',#13944,#13945);
#13944 = CARTESIAN_POINT('',(61.315220665133,39.95,108.37806107532));
#13945 = VECTOR('',#13946,1.);
#13946 = DIRECTION('',(0.229870765524,0.,0.97322116251));
#13947 = PCURVE('',#4568,#13948);
#13948 = DEFINITIONAL_REPRESENTATION('',(#13949),#13953);
#13949 = LINE('',#13950,#13951);
#13950 = CARTESIAN_POINT('',(0.,-0.2));
#13951 = VECTOR('',#13952,1.);
#13952 = DIRECTION('',(1.,0.));
#13953 = ( GEOMETRIC_REPRESENTATION_CONTEXT(2) 
PARAMETRIC_REPRESENTATION_CONTEXT() REPRESENTATION_CONTEXT('2D SPACE',''
  ) );
#13954 = PCURVE('',#13955,#13960);
#13955 = PLANE('',#13956);
#13956 = AXIS2_PLACEMENT_3D('',#13957,#13958,#13959);
#13957 = CARTESIAN_POINT('',(61.805043439377,39.95,108.43743232986));
#13958 = DIRECTION('',(0.,1.,0.));
#13959 = DIRECTION('',(-1.,0.,6.123233995737E-17));
#13960 = DEFINITIONAL_REPRESENTATION('',(#13961),#13965);
#13961 = LINE('',#13962,#13963);
#13962 = CARTESIAN_POINT('',(0.489822774244,-5.937125454E-02));
#13963 = VECTOR('',#13964,1.);
#13964 = DIRECTION('',(-0.229870765524,0.97322116251));
#13965 = ( GEOMETRIC_REPRESENTATION_CONTEXT(2) 
PARAMETRIC_REPRESENTATION_CONTEXT() REPRESENTATION_CONTEXT('2D SPACE',''
  ) );
#13966 = ORIENTED_EDGE('',*,*,#13967,.F.);
#13967 = EDGE_CURVE('',#4551,#13940,#13968,.T.);
#13968 = SURFACE_CURVE('',#13969,(#13973,#13980),.PCURVE_S1.);
#13969 = LINE('',#13970,#13971);
#13970 = CARTESIAN_POINT('',(61.363177159828,39.75,108.58109809663));
#13971 = VECTOR('',#13972,1.);
#13972 = DIRECTION('',(0.,1.,0.));
#13973 = PCURVE('',#4568,#13974);
#13974 = DEFINITIONAL_REPRESENTATION('',(#13975),#13979);
#13975 = LINE('',#13976,#13977);
#13976 = CARTESIAN_POINT('',(0.208623722059,0.));
#13977 = VECTOR('',#13978,1.);
#13978 = DIRECTION('',(0.,-1.));
#13979 = ( GEOMETRIC_REPRESENTATION_CONTEXT(2) 
PARAMETRIC_REPRESENTATION_CONTEXT() REPRESENTATION_CONTEXT('2D SPACE',''
  ) );
#13980 = PCURVE('',#4874,#13981);
#13981 = DEFINITIONAL_REPRESENTATION('',(#13982),#13986);
#13982 = LINE('',#13983,#13984);
#13983 = CARTESIAN_POINT('',(0.,0.));
#13984 = VECTOR('',#13985,1.);
#13985 = DIRECTION('',(0.,-1.));
#13986 = ( GEOMETRIC_REPRESENTATION_CONTEXT(2) 
PARAMETRIC_REPRESENTATION_CONTEXT() REPRESENTATION_CONTEXT('2D SPACE',''
  ) );
#13987 = ADVANCED_FACE('',(#13988),#4874,.F.);
#13988 = FACE_BOUND('',#13989,.F.);
#13989 = EDGE_LOOP('',(#13990,#13991,#13992,#14015));
#13990 = ORIENTED_EDGE('',*,*,#4860,.T.);
#13991 = ORIENTED_EDGE('',*,*,#13967,.T.);
#13992 = ORIENTED_EDGE('',*,*,#13993,.T.);
#13993 = EDGE_CURVE('',#13940,#13994,#13996,.T.);
#13994 = VERTEX_POINT('',#13995);
#13995 = CARTESIAN_POINT('',(62.016120058565,39.95,108.62109809663));
#13996 = SURFACE_CURVE('',#13997,(#14001,#14008),.PCURVE_S1.);
#13997 = LINE('',#13998,#13999);
#13998 = CARTESIAN_POINT('',(61.363177159828,39.95,108.58109809663));
#13999 = VECTOR('',#14000,1.);
#14000 = DIRECTION('',(0.998128804029,0.,6.114646814966E-02));
#14001 = PCURVE('',#4874,#14002);
#14002 = DEFINITIONAL_REPRESENTATION('',(#14003),#14007);
#14003 = LINE('',#14004,#14005);
#14004 = CARTESIAN_POINT('',(0.,-0.2));
#14005 = VECTOR('',#14006,1.);
#14006 = DIRECTION('',(1.,0.));
#14007 = ( GEOMETRIC_REPRESENTATION_CONTEXT(2) 
PARAMETRIC_REPRESENTATION_CONTEXT() REPRESENTATION_CONTEXT('2D SPACE',''
  ) );
#14008 = PCURVE('',#13955,#14009);
#14009 = DEFINITIONAL_REPRESENTATION('',(#14010),#14014);
#14010 = LINE('',#14011,#14012);
#14011 = CARTESIAN_POINT('',(0.441866279549,0.14366576677));
#14012 = VECTOR('',#14013,1.);
#14013 = DIRECTION('',(-0.998128804029,6.114646814966E-02));
#14014 = ( GEOMETRIC_REPRESENTATION_CONTEXT(2) 
PARAMETRIC_REPRESENTATION_CONTEXT() REPRESENTATION_CONTEXT('2D SPACE',''
  ) );
#14015 = ORIENTED_EDGE('',*,*,#14016,.F.);
#14016 = EDGE_CURVE('',#4833,#13994,#14017,.T.);
#14017 = SURFACE_CURVE('',#14018,(#14022,#14029),.PCURVE_S1.);
#14018 = LINE('',#14019,#14020);
#14019 = CARTESIAN_POINT('',(62.016120058565,39.75,108.62109809663));
#14020 = VECTOR('',#14021,1.);
#14021 = DIRECTION('',(0.,1.,0.));
#14022 = PCURVE('',#4874,#14023);
#14023 = DEFINITIONAL_REPRESENTATION('',(#14024),#14028);
#14024 = LINE('',#14025,#14026);
#14025 = CARTESIAN_POINT('',(0.654166973342,0.));
#14026 = VECTOR('',#14027,1.);
#14027 = DIRECTION('',(0.,-1.));
#14028 = ( GEOMETRIC_REPRESENTATION_CONTEXT(2) 
PARAMETRIC_REPRESENTATION_CONTEXT() REPRESENTATION_CONTEXT('2D SPACE',''
  ) );
#14029 = PCURVE('',#4848,#14030);
#14030 = DEFINITIONAL_REPRESENTATION('',(#14031),#14035);
#14031 = LINE('',#14032,#14033);
#14032 = CARTESIAN_POINT('',(0.,0.));
#14033 = VECTOR('',#14034,1.);
#14034 = DIRECTION('',(0.,-1.));
#14035 = ( GEOMETRIC_REPRESENTATION_CONTEXT(2) 
PARAMETRIC_REPRESENTATION_CONTEXT() REPRESENTATION_CONTEXT('2D SPACE',''
  ) );
#14036 = ADVANCED_FACE('',(#14037),#4596,.F.);
#14037 = FACE_BOUND('',#14038,.F.);
#14038 = EDGE_LOOP('',(#14039,#14040,#14063,#14084));
#14039 = ORIENTED_EDGE('',*,*,#4580,.T.);
#14040 = ORIENTED_EDGE('',*,*,#14041,.T.);
#14041 = EDGE_CURVE('',#4581,#14042,#14044,.T.);
#14042 = VERTEX_POINT('',#14043);
#14043 = CARTESIAN_POINT('',(61.976120058565,39.95,108.33010458063));
#14044 = SURFACE_CURVE('',#14045,(#14049,#14056),.PCURVE_S1.);
#14045 = LINE('',#14046,#14047);
#14046 = CARTESIAN_POINT('',(61.976120058565,39.75,108.33010458063));
#14047 = VECTOR('',#14048,1.);
#14048 = DIRECTION('',(0.,1.,0.));
#14049 = PCURVE('',#4596,#14050);
#14050 = DEFINITIONAL_REPRESENTATION('',(#14051),#14055);
#14051 = LINE('',#14052,#14053);
#14052 = CARTESIAN_POINT('',(0.,0.));
#14053 = VECTOR('',#14054,1.);
#14054 = DIRECTION('',(0.,-1.));
#14055 = ( GEOMETRIC_REPRESENTATION_CONTEXT(2) 
PARAMETRIC_REPRESENTATION_CONTEXT() REPRESENTATION_CONTEXT('2D SPACE',''
  ) );
#14056 = PCURVE('',#4624,#14057);
#14057 = DEFINITIONAL_REPRESENTATION('',(#14058),#14062);
#14058 = LINE('',#14059,#14060);
#14059 = CARTESIAN_POINT('',(0.341975101168,0.));
#14060 = VECTOR('',#14061,1.);
#14061 = DIRECTION('',(0.,-1.));
#14062 = ( GEOMETRIC_REPRESENTATION_CONTEXT(2) 
PARAMETRIC_REPRESENTATION_CONTEXT() REPRESENTATION_CONTEXT('2D SPACE',''
  ) );
#14063 = ORIENTED_EDGE('',*,*,#14064,.T.);
#14064 = EDGE_CURVE('',#14042,#13917,#14065,.T.);
#14065 = SURFACE_CURVE('',#14066,(#14070,#14077),.PCURVE_S1.);
#14066 = LINE('',#14067,#14068);
#14067 = CARTESIAN_POINT('',(61.976120058565,39.95,108.33010458063));
#14068 = VECTOR('',#14069,1.);
#14069 = DIRECTION('',(-0.997377694634,0.,7.237219249575E-02));
#14070 = PCURVE('',#4596,#14071);
#14071 = DEFINITIONAL_REPRESENTATION('',(#14072),#14076);
#14072 = LINE('',#14073,#14074);
#14073 = CARTESIAN_POINT('',(0.,-0.2));
#14074 = VECTOR('',#14075,1.);
#14075 = DIRECTION('',(1.,0.));
#14076 = ( GEOMETRIC_REPRESENTATION_CONTEXT(2) 
PARAMETRIC_REPRESENTATION_CONTEXT() REPRESENTATION_CONTEXT('2D SPACE',''
  ) );
#14077 = PCURVE('',#13955,#14078);
#14078 = DEFINITIONAL_REPRESENTATION('',(#14079),#14083);
#14079 = LINE('',#14080,#14081);
#14080 = CARTESIAN_POINT('',(-0.171076619188,-0.10732774923));
#14081 = VECTOR('',#14082,1.);
#14082 = DIRECTION('',(0.997377694634,7.237219249575E-02));
#14083 = ( GEOMETRIC_REPRESENTATION_CONTEXT(2) 
PARAMETRIC_REPRESENTATION_CONTEXT() REPRESENTATION_CONTEXT('2D SPACE',''
  ) );
#14084 = ORIENTED_EDGE('',*,*,#13916,.F.);
#14085 = ADVANCED_FACE('',(#14086),#4848,.F.);
#14086 = FACE_BOUND('',#14087,.F.);
#14087 = EDGE_LOOP('',(#14088,#14089,#14090,#14113));
#14088 = ORIENTED_EDGE('',*,*,#4832,.T.);
#14089 = ORIENTED_EDGE('',*,*,#14016,.T.);
#14090 = ORIENTED_EDGE('',*,*,#14091,.T.);
#14091 = EDGE_CURVE('',#13994,#14092,#14094,.T.);
#14092 = VERTEX_POINT('',#14093);
#14093 = CARTESIAN_POINT('',(61.976120058565,39.95,108.91240953775));
#14094 = SURFACE_CURVE('',#14095,(#14099,#14106),.PCURVE_S1.);
#14095 = LINE('',#14096,#14097);
#14096 = CARTESIAN_POINT('',(62.016120058565,39.95,108.62109809663));
#14097 = VECTOR('',#14098,1.);
#14098 = DIRECTION('',(-0.136033683919,0.,0.990704212588));
#14099 = PCURVE('',#4848,#14100);
#14100 = DEFINITIONAL_REPRESENTATION('',(#14101),#14105);
#14101 = LINE('',#14102,#14103);
#14102 = CARTESIAN_POINT('',(0.,-0.2));
#14103 = VECTOR('',#14104,1.);
#14104 = DIRECTION('',(1.,0.));
#14105 = ( GEOMETRIC_REPRESENTATION_CONTEXT(2) 
PARAMETRIC_REPRESENTATION_CONTEXT() REPRESENTATION_CONTEXT('2D SPACE',''
  ) );
#14106 = PCURVE('',#13955,#14107);
#14107 = DEFINITIONAL_REPRESENTATION('',(#14108),#14112);
#14108 = LINE('',#14109,#14110);
#14109 = CARTESIAN_POINT('',(-0.211076619188,0.18366576677));
#14110 = VECTOR('',#14111,1.);
#14111 = DIRECTION('',(0.136033683919,0.990704212588));
#14112 = ( GEOMETRIC_REPRESENTATION_CONTEXT(2) 
PARAMETRIC_REPRESENTATION_CONTEXT() REPRESENTATION_CONTEXT('2D SPACE',''
  ) );
#14113 = ORIENTED_EDGE('',*,*,#14114,.F.);
#14114 = EDGE_CURVE('',#4805,#14092,#14115,.T.);
#14115 = SURFACE_CURVE('',#14116,(#14120,#14127),.PCURVE_S1.);
#14116 = LINE('',#14117,#14118);
#14117 = CARTESIAN_POINT('',(61.976120058565,39.75,108.91240953775));
#14118 = VECTOR('',#14119,1.);
#14119 = DIRECTION('',(0.,1.,0.));
#14120 = PCURVE('',#4848,#14121);
#14121 = DEFINITIONAL_REPRESENTATION('',(#14122),#14126);
#14122 = LINE('',#14123,#14124);
#14123 = CARTESIAN_POINT('',(0.294044819249,0.));
#14124 = VECTOR('',#14125,1.);
#14125 = DIRECTION('',(0.,-1.));
#14126 = ( GEOMETRIC_REPRESENTATION_CONTEXT(2) 
PARAMETRIC_REPRESENTATION_CONTEXT() REPRESENTATION_CONTEXT('2D SPACE',''
  ) );
#14127 = PCURVE('',#4820,#14128);
#14128 = DEFINITIONAL_REPRESENTATION('',(#14129),#14133);
#14129 = LINE('',#14130,#14131);
#14130 = CARTESIAN_POINT('',(0.,0.));
#14131 = VECTOR('',#14132,1.);
#14132 = DIRECTION('',(0.,-1.));
#14133 = ( GEOMETRIC_REPRESENTATION_CONTEXT(2) 
PARAMETRIC_REPRESENTATION_CONTEXT() REPRESENTATION_CONTEXT('2D SPACE',''
  ) );
#14134 = ADVANCED_FACE('',(#14135),#4624,.F.);
#14135 = FACE_BOUND('',#14136,.F.);
#14136 = EDGE_LOOP('',(#14137,#14138,#14161,#14182));
#14137 = ORIENTED_EDGE('',*,*,#4608,.T.);
#14138 = ORIENTED_EDGE('',*,*,#14139,.T.);
#14139 = EDGE_CURVE('',#4609,#14140,#14142,.T.);
#14140 = VERTEX_POINT('',#14141);
#14141 = CARTESIAN_POINT('',(62.016120058565,39.95,107.99047688768));
#14142 = SURFACE_CURVE('',#14143,(#14147,#14154),.PCURVE_S1.);
#14143 = LINE('',#14144,#14145);
#14144 = CARTESIAN_POINT('',(62.016120058565,39.75,107.99047688768));
#14145 = VECTOR('',#14146,1.);
#14146 = DIRECTION('',(0.,1.,0.));
#14147 = PCURVE('',#4624,#14148);
#14148 = DEFINITIONAL_REPRESENTATION('',(#14149),#14153);
#14149 = LINE('',#14150,#14151);
#14150 = CARTESIAN_POINT('',(0.,0.));
#14151 = VECTOR('',#14152,1.);
#14152 = DIRECTION('',(0.,-1.));
#14153 = ( GEOMETRIC_REPRESENTATION_CONTEXT(2) 
PARAMETRIC_REPRESENTATION_CONTEXT() REPRESENTATION_CONTEXT('2D SPACE',''
  ) );
#14154 = PCURVE('',#4652,#14155);
#14155 = DEFINITIONAL_REPRESENTATION('',(#14156),#14160);
#14156 = LINE('',#14157,#14158);
#14157 = CARTESIAN_POINT('',(0.746255805429,0.));
#14158 = VECTOR('',#14159,1.);
#14159 = DIRECTION('',(0.,-1.));
#14160 = ( GEOMETRIC_REPRESENTATION_CONTEXT(2) 
PARAMETRIC_REPRESENTATION_CONTEXT() REPRESENTATION_CONTEXT('2D SPACE',''
  ) );
#14161 = ORIENTED_EDGE('',*,*,#14162,.T.);
#14162 = EDGE_CURVE('',#14140,#14042,#14163,.T.);
#14163 = SURFACE_CURVE('',#14164,(#14168,#14175),.PCURVE_S1.);
#14164 = LINE('',#14165,#14166);
#14165 = CARTESIAN_POINT('',(62.016120058565,39.95,107.99047688768));
#14166 = VECTOR('',#14167,1.);
#14167 = DIRECTION('',(-0.116967579988,0.,0.993135733539));
#14168 = PCURVE('',#4624,#14169);
#14169 = DEFINITIONAL_REPRESENTATION('',(#14170),#14174);
#14170 = LINE('',#14171,#14172);
#14171 = CARTESIAN_POINT('',(0.,-0.2));
#14172 = VECTOR('',#14173,1.);
#14173 = DIRECTION('',(1.,0.));
#14174 = ( GEOMETRIC_REPRESENTATION_CONTEXT(2) 
PARAMETRIC_REPRESENTATION_CONTEXT() REPRESENTATION_CONTEXT('2D SPACE',''
  ) );
#14175 = PCURVE('',#13955,#14176);
#14176 = DEFINITIONAL_REPRESENTATION('',(#14177),#14181);
#14177 = LINE('',#14178,#14179);
#14178 = CARTESIAN_POINT('',(-0.211076619188,-0.44695544218));
#14179 = VECTOR('',#14180,1.);
#14180 = DIRECTION('',(0.116967579988,0.993135733539));
#14181 = ( GEOMETRIC_REPRESENTATION_CONTEXT(2) 
PARAMETRIC_REPRESENTATION_CONTEXT() REPRESENTATION_CONTEXT('2D SPACE',''
  ) );
#14182 = ORIENTED_EDGE('',*,*,#14041,.F.);
#14183 = ADVANCED_FACE('',(#14184),#4820,.F.);
#14184 = FACE_BOUND('',#14185,.F.);
#14185 = EDGE_LOOP('',(#14186,#14187,#14188,#14211));
#14186 = ORIENTED_EDGE('',*,*,#4804,.T.);
#14187 = ORIENTED_EDGE('',*,*,#14114,.T.);
#14188 = ORIENTED_EDGE('',*,*,#14189,.T.);
#14189 = EDGE_CURVE('',#14092,#14190,#14192,.T.);
#14190 = VERTEX_POINT('',#14191);
#14191 = CARTESIAN_POINT('',(61.259060865928,39.95,108.96036603244));
#14192 = SURFACE_CURVE('',#14193,(#14197,#14204),.PCURVE_S1.);
#14193 = LINE('',#14194,#14195);
#14194 = CARTESIAN_POINT('',(61.976120058565,39.95,108.91240953775));
#14195 = VECTOR('',#14196,1.);
#14196 = DIRECTION('',(-0.997771046914,0.,6.67303374807E-02));
#14197 = PCURVE('',#4820,#14198);
#14198 = DEFINITIONAL_REPRESENTATION('',(#14199),#14203);
#14199 = LINE('',#14200,#14201);
#14200 = CARTESIAN_POINT('',(0.,-0.2));
#14201 = VECTOR('',#14202,1.);
#14202 = DIRECTION('',(1.,0.));
#14203 = ( GEOMETRIC_REPRESENTATION_CONTEXT(2) 
PARAMETRIC_REPRESENTATION_CONTEXT() REPRESENTATION_CONTEXT('2D SPACE',''
  ) );
#14204 = PCURVE('',#13955,#14205);
#14205 = DEFINITIONAL_REPRESENTATION('',(#14206),#14210);
#14206 = LINE('',#14207,#14208);
#14207 = CARTESIAN_POINT('',(-0.171076619188,0.47497720789));
#14208 = VECTOR('',#14209,1.);
#14209 = DIRECTION('',(0.997771046914,6.67303374807E-02));
#14210 = ( GEOMETRIC_REPRESENTATION_CONTEXT(2) 
PARAMETRIC_REPRESENTATION_CONTEXT() REPRESENTATION_CONTEXT('2D SPACE',''
  ) );
#14211 = ORIENTED_EDGE('',*,*,#14212,.F.);
#14212 = EDGE_CURVE('',#4777,#14190,#14213,.T.);
#14213 = SURFACE_CURVE('',#14214,(#14218,#14225),.PCURVE_S1.);
#14214 = LINE('',#14215,#14216);
#14215 = CARTESIAN_POINT('',(61.259060865928,39.75,108.96036603244));
#14216 = VECTOR('',#14217,1.);
#14217 = DIRECTION('',(0.,1.,0.));
#14218 = PCURVE('',#4820,#14219);
#14219 = DEFINITIONAL_REPRESENTATION('',(#14220),#14224);
#14220 = LINE('',#14221,#14222);
#14221 = CARTESIAN_POINT('',(0.718661054412,0.));
#14222 = VECTOR('',#14223,1.);
#14223 = DIRECTION('',(0.,-1.));
#14224 = ( GEOMETRIC_REPRESENTATION_CONTEXT(2) 
PARAMETRIC_REPRESENTATION_CONTEXT() REPRESENTATION_CONTEXT('2D SPACE',''
  ) );
#14225 = PCURVE('',#4792,#14226);
#14226 = DEFINITIONAL_REPRESENTATION('',(#14227),#14231);
#14227 = LINE('',#14228,#14229);
#14228 = CARTESIAN_POINT('',(0.,0.));
#14229 = VECTOR('',#14230,1.);
#14230 = DIRECTION('',(0.,-1.));
#14231 = ( GEOMETRIC_REPRESENTATION_CONTEXT(2) 
PARAMETRIC_REPRESENTATION_CONTEXT() REPRESENTATION_CONTEXT('2D SPACE',''
  ) );
#14232 = ADVANCED_FACE('',(#14233),#4652,.F.);
#14233 = FACE_BOUND('',#14234,.F.);
#14234 = EDGE_LOOP('',(#14235,#14236,#14259,#14280));
#14235 = ORIENTED_EDGE('',*,*,#4636,.T.);
#14236 = ORIENTED_EDGE('',*,*,#14237,.T.);
#14237 = EDGE_CURVE('',#4637,#14238,#14240,.T.);
#14238 = VERTEX_POINT('',#14239);
#14239 = CARTESIAN_POINT('',(61.270937042698,39.95,107.95047688768));
#14240 = SURFACE_CURVE('',#14241,(#14245,#14252),.PCURVE_S1.);
#14241 = LINE('',#14242,#14243);
#14242 = CARTESIAN_POINT('',(61.270937042698,39.75,107.95047688768));
#14243 = VECTOR('',#14244,1.);
#14244 = DIRECTION('',(0.,1.,0.));
#14245 = PCURVE('',#4652,#14246);
#14246 = DEFINITIONAL_REPRESENTATION('',(#14247),#14251);
#14247 = LINE('',#14248,#14249);
#14248 = CARTESIAN_POINT('',(0.,0.));
#14249 = VECTOR('',#14250,1.);
#14250 = DIRECTION('',(0.,-1.));
#14251 = ( GEOMETRIC_REPRESENTATION_CONTEXT(2) 
PARAMETRIC_REPRESENTATION_CONTEXT() REPRESENTATION_CONTEXT('2D SPACE',''
  ) );
#14252 = PCURVE('',#4680,#14253);
#14253 = DEFINITIONAL_REPRESENTATION('',(#14254),#14258);
#14254 = LINE('',#14255,#14256);
#14255 = CARTESIAN_POINT('',(0.208623722059,0.));
#14256 = VECTOR('',#14257,1.);
#14257 = DIRECTION('',(0.,-1.));
#14258 = ( GEOMETRIC_REPRESENTATION_CONTEXT(2) 
PARAMETRIC_REPRESENTATION_CONTEXT() REPRESENTATION_CONTEXT('2D SPACE',''
  ) );
#14259 = ORIENTED_EDGE('',*,*,#14260,.T.);
#14260 = EDGE_CURVE('',#14238,#14140,#14261,.T.);
#14261 = SURFACE_CURVE('',#14262,(#14266,#14273),.PCURVE_S1.);
#14262 = LINE('',#14263,#14264);
#14263 = CARTESIAN_POINT('',(61.270937042698,39.95,107.95047688768));
#14264 = VECTOR('',#14265,1.);
#14265 = DIRECTION('',(0.998562437231,0.,5.360092304672E-02));
#14266 = PCURVE('',#4652,#14267);
#14267 = DEFINITIONAL_REPRESENTATION('',(#14268),#14272);
#14268 = LINE('',#14269,#14270);
#14269 = CARTESIAN_POINT('',(0.,-0.2));
#14270 = VECTOR('',#14271,1.);
#14271 = DIRECTION('',(1.,0.));
#14272 = ( GEOMETRIC_REPRESENTATION_CONTEXT(2) 
PARAMETRIC_REPRESENTATION_CONTEXT() REPRESENTATION_CONTEXT('2D SPACE',''
  ) );
#14273 = PCURVE('',#13955,#14274);
#14274 = DEFINITIONAL_REPRESENTATION('',(#14275),#14279);
#14275 = LINE('',#14276,#14277);
#14276 = CARTESIAN_POINT('',(0.534106396679,-0.48695544218));
#14277 = VECTOR('',#14278,1.);
#14278 = DIRECTION('',(-0.998562437231,5.360092304672E-02));
#14279 = ( GEOMETRIC_REPRESENTATION_CONTEXT(2) 
PARAMETRIC_REPRESENTATION_CONTEXT() REPRESENTATION_CONTEXT('2D SPACE',''
  ) );
#14280 = ORIENTED_EDGE('',*,*,#14139,.F.);
#14281 = ADVANCED_FACE('',(#14282),#4792,.F.);
#14282 = FACE_BOUND('',#14283,.F.);
#14283 = EDGE_LOOP('',(#14284,#14285,#14286,#14309));
#14284 = ORIENTED_EDGE('',*,*,#4776,.T.);
#14285 = ORIENTED_EDGE('',*,*,#14212,.T.);
#14286 = ORIENTED_EDGE('',*,*,#14287,.T.);
#14287 = EDGE_CURVE('',#14190,#14288,#14290,.T.);
#14288 = VERTEX_POINT('',#14289);
#14289 = CARTESIAN_POINT('',(61.307017360623,39.95,109.16340305375));
#14290 = SURFACE_CURVE('',#14291,(#14295,#14302),.PCURVE_S1.);
#14291 = LINE('',#14292,#14293);
#14292 = CARTESIAN_POINT('',(61.259060865928,39.95,108.96036603244));
#14293 = VECTOR('',#14294,1.);
#14294 = DIRECTION('',(0.229870765524,0.,0.97322116251));
#14295 = PCURVE('',#4792,#14296);
#14296 = DEFINITIONAL_REPRESENTATION('',(#14297),#14301);
#14297 = LINE('',#14298,#14299);
#14298 = CARTESIAN_POINT('',(0.,-0.2));
#14299 = VECTOR('',#14300,1.);
#14300 = DIRECTION('',(1.,0.));
#14301 = ( GEOMETRIC_REPRESENTATION_CONTEXT(2) 
PARAMETRIC_REPRESENTATION_CONTEXT() REPRESENTATION_CONTEXT('2D SPACE',''
  ) );
#14302 = PCURVE('',#13955,#14303);
#14303 = DEFINITIONAL_REPRESENTATION('',(#14304),#14308);
#14304 = LINE('',#14305,#14306);
#14305 = CARTESIAN_POINT('',(0.545982573449,0.52293370258));
#14306 = VECTOR('',#14307,1.);
#14307 = DIRECTION('',(-0.229870765524,0.97322116251));
#14308 = ( GEOMETRIC_REPRESENTATION_CONTEXT(2) 
PARAMETRIC_REPRESENTATION_CONTEXT() REPRESENTATION_CONTEXT('2D SPACE',''
  ) );
#14309 = ORIENTED_EDGE('',*,*,#14310,.F.);
#14310 = EDGE_CURVE('',#4749,#14288,#14311,.T.);
#14311 = SURFACE_CURVE('',#14312,(#14316,#14323),.PCURVE_S1.);
#14312 = LINE('',#14313,#14314);
#14313 = CARTESIAN_POINT('',(61.307017360623,39.75,109.16340305375));
#14314 = VECTOR('',#14315,1.);
#14315 = DIRECTION('',(0.,1.,0.));
#14316 = PCURVE('',#4792,#14317);
#14317 = DEFINITIONAL_REPRESENTATION('',(#14318),#14322);
#14318 = LINE('',#14319,#14320);
#14319 = CARTESIAN_POINT('',(0.208623722059,0.));
#14320 = VECTOR('',#14321,1.);
#14321 = DIRECTION('',(0.,-1.));
#14322 = ( GEOMETRIC_REPRESENTATION_CONTEXT(2) 
PARAMETRIC_REPRESENTATION_CONTEXT() REPRESENTATION_CONTEXT('2D SPACE',''
  ) );
#14323 = PCURVE('',#4764,#14324);
#14324 = DEFINITIONAL_REPRESENTATION('',(#14325),#14329);
#14325 = LINE('',#14326,#14327);
#14326 = CARTESIAN_POINT('',(0.,0.));
#14327 = VECTOR('',#14328,1.);
#14328 = DIRECTION('',(0.,-1.));
#14329 = ( GEOMETRIC_REPRESENTATION_CONTEXT(2) 
PARAMETRIC_REPRESENTATION_CONTEXT() REPRESENTATION_CONTEXT('2D SPACE',''
  ) );
#14330 = ADVANCED_FACE('',(#14331),#4680,.F.);
#14331 = FACE_BOUND('',#14332,.F.);
#14332 = EDGE_LOOP('',(#14333,#14334,#14357,#14378));
#14333 = ORIENTED_EDGE('',*,*,#4664,.T.);
#14334 = ORIENTED_EDGE('',*,*,#14335,.T.);
#14335 = EDGE_CURVE('',#4665,#14336,#14338,.T.);
#14336 = VERTEX_POINT('',#14337);
#14337 = CARTESIAN_POINT('',(61.222980548003,39.95,107.74743986637));
#14338 = SURFACE_CURVE('',#14339,(#14343,#14350),.PCURVE_S1.);
#14339 = LINE('',#14340,#14341);
#14340 = CARTESIAN_POINT('',(61.222980548003,39.75,107.74743986637));
#14341 = VECTOR('',#14342,1.);
#14342 = DIRECTION('',(0.,1.,0.));
#14343 = PCURVE('',#4680,#14344);
#14344 = DEFINITIONAL_REPRESENTATION('',(#14345),#14349);
#14345 = LINE('',#14346,#14347);
#14346 = CARTESIAN_POINT('',(0.,0.));
#14347 = VECTOR('',#14348,1.);
#14348 = DIRECTION('',(0.,-1.));
#14349 = ( GEOMETRIC_REPRESENTATION_CONTEXT(2) 
PARAMETRIC_REPRESENTATION_CONTEXT() REPRESENTATION_CONTEXT('2D SPACE',''
  ) );
#14350 = PCURVE('',#4708,#14351);
#14351 = DEFINITIONAL_REPRESENTATION('',(#14352),#14356);
#14352 = LINE('',#14353,#14354);
#14353 = CARTESIAN_POINT('',(1.047473607279,0.));
#14354 = VECTOR('',#14355,1.);
#14355 = DIRECTION('',(0.,-1.));
#14356 = ( GEOMETRIC_REPRESENTATION_CONTEXT(2) 
PARAMETRIC_REPRESENTATION_CONTEXT() REPRESENTATION_CONTEXT('2D SPACE',''
  ) );
#14357 = ORIENTED_EDGE('',*,*,#14358,.T.);
#14358 = EDGE_CURVE('',#14336,#14238,#14359,.T.);
#14359 = SURFACE_CURVE('',#14360,(#14364,#14371),.PCURVE_S1.);
#14360 = LINE('',#14361,#14362);
#14361 = CARTESIAN_POINT('',(61.222980548003,39.95,107.74743986637));
#14362 = VECTOR('',#14363,1.);
#14363 = DIRECTION('',(0.229870765524,0.,0.97322116251));
#14364 = PCURVE('',#4680,#14365);
#14365 = DEFINITIONAL_REPRESENTATION('',(#14366),#14370);
#14366 = LINE('',#14367,#14368);
#14367 = CARTESIAN_POINT('',(0.,-0.2));
#14368 = VECTOR('',#14369,1.);
#14369 = DIRECTION('',(1.,0.));
#14370 = ( GEOMETRIC_REPRESENTATION_CONTEXT(2) 
PARAMETRIC_REPRESENTATION_CONTEXT() REPRESENTATION_CONTEXT('2D SPACE',''
  ) );
#14371 = PCURVE('',#13955,#14372);
#14372 = DEFINITIONAL_REPRESENTATION('',(#14373),#14377);
#14373 = LINE('',#14374,#14375);
#14374 = CARTESIAN_POINT('',(0.582062891374,-0.68999246349));
#14375 = VECTOR('',#14376,1.);
#14376 = DIRECTION('',(-0.229870765524,0.97322116251));
#14377 = ( GEOMETRIC_REPRESENTATION_CONTEXT(2) 
PARAMETRIC_REPRESENTATION_CONTEXT() REPRESENTATION_CONTEXT('2D SPACE',''
  ) );
#14378 = ORIENTED_EDGE('',*,*,#14237,.F.);
#14379 = ADVANCED_FACE('',(#14380),#4764,.F.);
#14380 = FACE_BOUND('',#14381,.F.);
#14381 = EDGE_LOOP('',(#14382,#14383,#14384,#14407));
#14382 = ORIENTED_EDGE('',*,*,#4748,.T.);
#14383 = ORIENTED_EDGE('',*,*,#14310,.T.);
#14384 = ORIENTED_EDGE('',*,*,#14385,.T.);
#14385 = EDGE_CURVE('',#14288,#14386,#14388,.T.);
#14386 = VERTEX_POINT('',#14387);
#14387 = CARTESIAN_POINT('',(62.317312277766,39.95,109.11544655905));
#14388 = SURFACE_CURVE('',#14389,(#14393,#14400),.PCURVE_S1.);
#14389 = LINE('',#14390,#14391);
#14390 = CARTESIAN_POINT('',(61.307017360623,39.95,109.16340305375));
#14391 = VECTOR('',#14392,1.);
#14392 = DIRECTION('',(0.998875303416,0.,-4.741443055549E-02));
#14393 = PCURVE('',#4764,#14394);
#14394 = DEFINITIONAL_REPRESENTATION('',(#14395),#14399);
#14395 = LINE('',#14396,#14397);
#14396 = CARTESIAN_POINT('',(0.,-0.2));
#14397 = VECTOR('',#14398,1.);
#14398 = DIRECTION('',(1.,0.));
#14399 = ( GEOMETRIC_REPRESENTATION_CONTEXT(2) 
PARAMETRIC_REPRESENTATION_CONTEXT() REPRESENTATION_CONTEXT('2D SPACE',''
  ) );
#14400 = PCURVE('',#13955,#14401);
#14401 = DEFINITIONAL_REPRESENTATION('',(#14402),#14406);
#14402 = LINE('',#14403,#14404);
#14403 = CARTESIAN_POINT('',(0.498026078754,0.72597072389));
#14404 = VECTOR('',#14405,1.);
#14405 = DIRECTION('',(-0.998875303416,-4.741443055549E-02));
#14406 = ( GEOMETRIC_REPRESENTATION_CONTEXT(2) 
PARAMETRIC_REPRESENTATION_CONTEXT() REPRESENTATION_CONTEXT('2D SPACE',''
  ) );
#14407 = ORIENTED_EDGE('',*,*,#14408,.F.);
#14408 = EDGE_CURVE('',#4721,#14386,#14409,.T.);
#14409 = SURFACE_CURVE('',#14410,(#14414,#14421),.PCURVE_S1.);
#14410 = LINE('',#14411,#14412);
#14411 = CARTESIAN_POINT('',(62.317312277766,39.75,109.11544655905));
#14412 = VECTOR('',#14413,1.);
#14413 = DIRECTION('',(0.,1.,0.));
#14414 = PCURVE('',#4764,#14415);
#14415 = DEFINITIONAL_REPRESENTATION('',(#14416),#14420);
#14416 = LINE('',#14417,#14418);
#14417 = CARTESIAN_POINT('',(1.011432471789,0.));
#14418 = VECTOR('',#14419,1.);
#14419 = DIRECTION('',(0.,-1.));
#14420 = ( GEOMETRIC_REPRESENTATION_CONTEXT(2) 
PARAMETRIC_REPRESENTATION_CONTEXT() REPRESENTATION_CONTEXT('2D SPACE',''
  ) );
#14421 = PCURVE('',#4736,#14422);
#14422 = DEFINITIONAL_REPRESENTATION('',(#14423),#14427);
#14423 = LINE('',#14424,#14425);
#14424 = CARTESIAN_POINT('',(0.,0.));
#14425 = VECTOR('',#14426,1.);
#14426 = DIRECTION('',(0.,-1.));
#14427 = ( GEOMETRIC_REPRESENTATION_CONTEXT(2) 
PARAMETRIC_REPRESENTATION_CONTEXT() REPRESENTATION_CONTEXT('2D SPACE',''
  ) );
#14428 = ADVANCED_FACE('',(#14429),#4708,.F.);
#14429 = FACE_BOUND('',#14430,.F.);
#14430 = EDGE_LOOP('',(#14431,#14432,#14455,#14476));
#14431 = ORIENTED_EDGE('',*,*,#4692,.T.);
#14432 = ORIENTED_EDGE('',*,*,#14433,.T.);
#14433 = EDGE_CURVE('',#4693,#14434,#14436,.T.);
#14434 = VERTEX_POINT('',#14435);
#14435 = CARTESIAN_POINT('',(62.269355783071,39.95,107.69948337168));
#14436 = SURFACE_CURVE('',#14437,(#14441,#14448),.PCURVE_S1.);
#14437 = LINE('',#14438,#14439);
#14438 = CARTESIAN_POINT('',(62.269355783071,39.75,107.69948337168));
#14439 = VECTOR('',#14440,1.);
#14440 = DIRECTION('',(0.,1.,0.));
#14441 = PCURVE('',#4708,#14442);
#14442 = DEFINITIONAL_REPRESENTATION('',(#14443),#14447);
#14443 = LINE('',#14444,#14445);
#14444 = CARTESIAN_POINT('',(0.,0.));
#14445 = VECTOR('',#14446,1.);
#14446 = DIRECTION('',(0.,-1.));
#14447 = ( GEOMETRIC_REPRESENTATION_CONTEXT(2) 
PARAMETRIC_REPRESENTATION_CONTEXT() REPRESENTATION_CONTEXT('2D SPACE',''
  ) );
#14448 = PCURVE('',#4736,#14449);
#14449 = DEFINITIONAL_REPRESENTATION('',(#14450),#14454);
#14450 = LINE('',#14451,#14452);
#14451 = CARTESIAN_POINT('',(1.416775060964,0.));
#14452 = VECTOR('',#14453,1.);
#14453 = DIRECTION('',(0.,-1.));
#14454 = ( GEOMETRIC_REPRESENTATION_CONTEXT(2) 
PARAMETRIC_REPRESENTATION_CONTEXT() REPRESENTATION_CONTEXT('2D SPACE',''
  ) );
#14455 = ORIENTED_EDGE('',*,*,#14456,.T.);
#14456 = EDGE_CURVE('',#14434,#14336,#14457,.T.);
#14457 = SURFACE_CURVE('',#14458,(#14462,#14469),.PCURVE_S1.);
#14458 = LINE('',#14459,#14460);
#14459 = CARTESIAN_POINT('',(62.269355783071,39.95,107.69948337168));
#14460 = VECTOR('',#14461,1.);
#14461 = DIRECTION('',(-0.998951408223,0.,4.57830100557E-02));
#14462 = PCURVE('',#4708,#14463);
#14463 = DEFINITIONAL_REPRESENTATION('',(#14464),#14468);
#14464 = LINE('',#14465,#14466);
#14465 = CARTESIAN_POINT('',(0.,-0.2));
#14466 = VECTOR('',#14467,1.);
#14467 = DIRECTION('',(1.,0.));
#14468 = ( GEOMETRIC_REPRESENTATION_CONTEXT(2) 
PARAMETRIC_REPRESENTATION_CONTEXT() REPRESENTATION_CONTEXT('2D SPACE',''
  ) );
#14469 = PCURVE('',#13955,#14470);
#14470 = DEFINITIONAL_REPRESENTATION('',(#14471),#14475);
#14471 = LINE('',#14472,#14473);
#14472 = CARTESIAN_POINT('',(-0.464312343694,-0.73794895818));
#14473 = VECTOR('',#14474,1.);
#14474 = DIRECTION('',(0.998951408223,4.57830100557E-02));
#14475 = ( GEOMETRIC_REPRESENTATION_CONTEXT(2) 
PARAMETRIC_REPRESENTATION_CONTEXT() REPRESENTATION_CONTEXT('2D SPACE',''
  ) );
#14476 = ORIENTED_EDGE('',*,*,#14335,.F.);
#14477 = ADVANCED_FACE('',(#14478),#4736,.F.);
#14478 = FACE_BOUND('',#14479,.F.);
#14479 = EDGE_LOOP('',(#14480,#14481,#14482,#14503));
#14480 = ORIENTED_EDGE('',*,*,#4720,.T.);
#14481 = ORIENTED_EDGE('',*,*,#14408,.T.);
#14482 = ORIENTED_EDGE('',*,*,#14483,.T.);
#14483 = EDGE_CURVE('',#14386,#14434,#14484,.T.);
#14484 = SURFACE_CURVE('',#14485,(#14489,#14496),.PCURVE_S1.);
#14485 = LINE('',#14486,#14487);
#14486 = CARTESIAN_POINT('',(62.317312277766,39.95,109.11544655905));
#14487 = VECTOR('',#14488,1.);
#14488 = DIRECTION('',(-3.384905340034E-02,0.,-0.999426956603));
#14489 = PCURVE('',#4736,#14490);
#14490 = DEFINITIONAL_REPRESENTATION('',(#14491),#14495);
#14491 = LINE('',#14492,#14493);
#14492 = CARTESIAN_POINT('',(0.,-0.2));
#14493 = VECTOR('',#14494,1.);
#14494 = DIRECTION('',(1.,0.));
#14495 = ( GEOMETRIC_REPRESENTATION_CONTEXT(2) 
PARAMETRIC_REPRESENTATION_CONTEXT() REPRESENTATION_CONTEXT('2D SPACE',''
  ) );
#14496 = PCURVE('',#13955,#14497);
#14497 = DEFINITIONAL_REPRESENTATION('',(#14498),#14502);
#14498 = LINE('',#14499,#14500);
#14499 = CARTESIAN_POINT('',(-0.512268838389,0.67801422919));
#14500 = VECTOR('',#14501,1.);
#14501 = DIRECTION('',(3.384905340034E-02,-0.999426956603));
#14502 = ( GEOMETRIC_REPRESENTATION_CONTEXT(2) 
PARAMETRIC_REPRESENTATION_CONTEXT() REPRESENTATION_CONTEXT('2D SPACE',''
  ) );
#14503 = ORIENTED_EDGE('',*,*,#14433,.F.);
#14504 = ADVANCED_FACE('',(#14505),#4906,.F.);
#14505 = FACE_BOUND('',#14506,.F.);
#14506 = EDGE_LOOP('',(#14507,#14508,#14531,#14559));
#14507 = ORIENTED_EDGE('',*,*,#4888,.T.);
#14508 = ORIENTED_EDGE('',*,*,#14509,.T.);
#14509 = EDGE_CURVE('',#4891,#14510,#14512,.T.);
#14510 = VERTEX_POINT('',#14511);
#14511 = CARTESIAN_POINT('',(62.038203606338,39.95,109.27916514633));
#14512 = SURFACE_CURVE('',#14513,(#14517,#14524),.PCURVE_S1.);
#14513 = LINE('',#14514,#14515);
#14514 = CARTESIAN_POINT('',(62.038203606338,39.75,109.27916514633));
#14515 = VECTOR('',#14516,1.);
#14516 = DIRECTION('',(0.,1.,0.));
#14517 = PCURVE('',#4906,#14518);
#14518 = DEFINITIONAL_REPRESENTATION('',(#14519),#14523);
#14519 = LINE('',#14520,#14521);
#14520 = CARTESIAN_POINT('',(0.,0.));
#14521 = VECTOR('',#14522,1.);
#14522 = DIRECTION('',(0.,-1.));
#14523 = ( GEOMETRIC_REPRESENTATION_CONTEXT(2) 
PARAMETRIC_REPRESENTATION_CONTEXT() REPRESENTATION_CONTEXT('2D SPACE',''
  ) );
#14524 = PCURVE('',#4934,#14525);
#14525 = DEFINITIONAL_REPRESENTATION('',(#14526),#14530);
#14526 = LINE('',#14527,#14528);
#14527 = CARTESIAN_POINT('',(0.24788423792,0.));
#14528 = VECTOR('',#14529,1.);
#14529 = DIRECTION('',(0.,-1.));
#14530 = ( GEOMETRIC_REPRESENTATION_CONTEXT(2) 
PARAMETRIC_REPRESENTATION_CONTEXT() REPRESENTATION_CONTEXT('2D SPACE',''
  ) );
#14531 = ORIENTED_EDGE('',*,*,#14532,.T.);
#14532 = EDGE_CURVE('',#14510,#14533,#14535,.T.);
#14533 = VERTEX_POINT('',#14534);
#14534 = CARTESIAN_POINT('',(61.913326671177,39.95,109.27943891292));
#14535 = SURFACE_CURVE('',#14536,(#14540,#14547),.PCURVE_S1.);
#14536 = LINE('',#14537,#14538);
#14537 = CARTESIAN_POINT('',(62.038203606338,39.95,109.27916514633));
#14538 = VECTOR('',#14539,1.);
#14539 = DIRECTION('',(-0.999997596939,0.,2.192285804879E-03));
#14540 = PCURVE('',#4906,#14541);
#14541 = DEFINITIONAL_REPRESENTATION('',(#14542),#14546);
#14542 = LINE('',#14543,#14544);
#14543 = CARTESIAN_POINT('',(0.,-0.2));
#14544 = VECTOR('',#14545,1.);
#14545 = DIRECTION('',(1.,0.));
#14546 = ( GEOMETRIC_REPRESENTATION_CONTEXT(2) 
PARAMETRIC_REPRESENTATION_CONTEXT() REPRESENTATION_CONTEXT('2D SPACE',''
  ) );
#14547 = PCURVE('',#14548,#14553);
#14548 = PLANE('',#14549);
#14549 = AXIS2_PLACEMENT_3D('',#14550,#14551,#14552);
#14550 = CARTESIAN_POINT('',(61.784040241597,39.95,109.37371444001));
#14551 = DIRECTION('',(0.,1.,0.));
#14552 = DIRECTION('',(-1.,0.,6.123233995737E-17));
#14553 = DEFINITIONAL_REPRESENTATION('',(#14554),#14558);
#14554 = LINE('',#14555,#14556);
#14555 = CARTESIAN_POINT('',(-0.254163364741,-9.454929368E-02));
#14556 = VECTOR('',#14557,1.);
#14557 = DIRECTION('',(0.999997596939,2.192285804879E-03));
#14558 = ( GEOMETRIC_REPRESENTATION_CONTEXT(2) 
PARAMETRIC_REPRESENTATION_CONTEXT() REPRESENTATION_CONTEXT('2D SPACE',''
  ) );
#14559 = ORIENTED_EDGE('',*,*,#14560,.F.);
#14560 = EDGE_CURVE('',#4889,#14533,#14561,.T.);
#14561 = SURFACE_CURVE('',#14562,(#14566,#14573),.PCURVE_S1.);
#14562 = LINE('',#14563,#14564);
#14563 = CARTESIAN_POINT('',(61.913326671177,39.75,109.27943891292));
#14564 = VECTOR('',#14565,1.);
#14565 = DIRECTION('',(0.,1.,0.));
#14566 = PCURVE('',#4906,#14567);
#14567 = DEFINITIONAL_REPRESENTATION('',(#14568),#14572);
#14568 = LINE('',#14569,#14570);
#14569 = CARTESIAN_POINT('',(0.124877235249,0.));
#14570 = VECTOR('',#14571,1.);
#14571 = DIRECTION('',(0.,-1.));
#14572 = ( GEOMETRIC_REPRESENTATION_CONTEXT(2) 
PARAMETRIC_REPRESENTATION_CONTEXT() REPRESENTATION_CONTEXT('2D SPACE',''
  ) );
#14573 = PCURVE('',#5072,#14574);
#14574 = DEFINITIONAL_REPRESENTATION('',(#14575),#14579);
#14575 = LINE('',#14576,#14577);
#14576 = CARTESIAN_POINT('',(0.,0.));
#14577 = VECTOR('',#14578,1.);
#14578 = DIRECTION('',(0.,-1.));
#14579 = ( GEOMETRIC_REPRESENTATION_CONTEXT(2) 
PARAMETRIC_REPRESENTATION_CONTEXT() REPRESENTATION_CONTEXT('2D SPACE',''
  ) );
#14580 = ADVANCED_FACE('',(#14581),#5072,.F.);
#14581 = FACE_BOUND('',#14582,.F.);
#14582 = EDGE_LOOP('',(#14583,#14584,#14585,#14608));
#14583 = ORIENTED_EDGE('',*,*,#5058,.T.);
#14584 = ORIENTED_EDGE('',*,*,#14560,.T.);
#14585 = ORIENTED_EDGE('',*,*,#14586,.T.);
#14586 = EDGE_CURVE('',#14533,#14587,#14589,.T.);
#14587 = VERTEX_POINT('',#14588);
#14588 = CARTESIAN_POINT('',(61.759605206027,39.95,109.36483503989));
#14589 = SURFACE_CURVE('',#14590,(#14594,#14601),.PCURVE_S1.);
#14590 = LINE('',#14591,#14592);
#14591 = CARTESIAN_POINT('',(61.913326671177,39.95,109.27943891292));
#14592 = VECTOR('',#14593,1.);
#14593 = DIRECTION('',(-0.874168591086,0.,0.485622563683));
#14594 = PCURVE('',#5072,#14595);
#14595 = DEFINITIONAL_REPRESENTATION('',(#14596),#14600);
#14596 = LINE('',#14597,#14598);
#14597 = CARTESIAN_POINT('',(0.,-0.2));
#14598 = VECTOR('',#14599,1.);
#14599 = DIRECTION('',(1.,0.));
#14600 = ( GEOMETRIC_REPRESENTATION_CONTEXT(2) 
PARAMETRIC_REPRESENTATION_CONTEXT() REPRESENTATION_CONTEXT('2D SPACE',''
  ) );
#14601 = PCURVE('',#14548,#14602);
#14602 = DEFINITIONAL_REPRESENTATION('',(#14603),#14607);
#14603 = LINE('',#14604,#14605);
#14604 = CARTESIAN_POINT('',(-0.12928642958,-9.427552709001E-02));
#14605 = VECTOR('',#14606,1.);
#14606 = DIRECTION('',(0.874168591086,0.485622563683));
#14607 = ( GEOMETRIC_REPRESENTATION_CONTEXT(2) 
PARAMETRIC_REPRESENTATION_CONTEXT() REPRESENTATION_CONTEXT('2D SPACE',''
  ) );
#14608 = ORIENTED_EDGE('',*,*,#14609,.F.);
#14609 = EDGE_CURVE('',#5031,#14587,#14610,.T.);
#14610 = SURFACE_CURVE('',#14611,(#14615,#14622),.PCURVE_S1.);
#14611 = LINE('',#14612,#14613);
#14612 = CARTESIAN_POINT('',(61.759605206027,39.75,109.36483503989));
#14613 = VECTOR('',#14614,1.);
#14614 = DIRECTION('',(0.,1.,0.));
#14615 = PCURVE('',#5072,#14616);
#14616 = DEFINITIONAL_REPRESENTATION('',(#14617),#14621);
#14617 = LINE('',#14618,#14619);
#14618 = CARTESIAN_POINT('',(0.175848762718,0.));
#14619 = VECTOR('',#14620,1.);
#14620 = DIRECTION('',(0.,-1.));
#14621 = ( GEOMETRIC_REPRESENTATION_CONTEXT(2) 
PARAMETRIC_REPRESENTATION_CONTEXT() REPRESENTATION_CONTEXT('2D SPACE',''
  ) );
#14622 = PCURVE('',#5046,#14623);
#14623 = DEFINITIONAL_REPRESENTATION('',(#14624),#14628);
#14624 = LINE('',#14625,#14626);
#14625 = CARTESIAN_POINT('',(0.,0.));
#14626 = VECTOR('',#14627,1.);
#14627 = DIRECTION('',(0.,-1.));
#14628 = ( GEOMETRIC_REPRESENTATION_CONTEXT(2) 
PARAMETRIC_REPRESENTATION_CONTEXT() REPRESENTATION_CONTEXT('2D SPACE',''
  ) );
#14629 = ADVANCED_FACE('',(#14630),#4934,.F.);
#14630 = FACE_BOUND('',#14631,.F.);
#14631 = EDGE_LOOP('',(#14632,#14633,#14656,#14677));
#14632 = ORIENTED_EDGE('',*,*,#4918,.T.);
#14633 = ORIENTED_EDGE('',*,*,#14634,.T.);
#14634 = EDGE_CURVE('',#4919,#14635,#14637,.T.);
#14635 = VERTEX_POINT('',#14636);
#14636 = CARTESIAN_POINT('',(61.903210471706,39.95,109.48706764514));
#14637 = SURFACE_CURVE('',#14638,(#14642,#14649),.PCURVE_S1.);
#14638 = LINE('',#14639,#14640);
#14639 = CARTESIAN_POINT('',(61.903210471706,39.75,109.48706764514));
#14640 = VECTOR('',#14641,1.);
#14641 = DIRECTION('',(0.,1.,0.));
#14642 = PCURVE('',#4934,#14643);
#14643 = DEFINITIONAL_REPRESENTATION('',(#14644),#14648);
#14644 = LINE('',#14645,#14646);
#14645 = CARTESIAN_POINT('',(0.,0.));
#14646 = VECTOR('',#14647,1.);
#14647 = DIRECTION('',(0.,-1.));
#14648 = ( GEOMETRIC_REPRESENTATION_CONTEXT(2) 
PARAMETRIC_REPRESENTATION_CONTEXT() REPRESENTATION_CONTEXT('2D SPACE',''
  ) );
#14649 = PCURVE('',#4962,#14650);
#14650 = DEFINITIONAL_REPRESENTATION('',(#14651),#14655);
#14651 = LINE('',#14652,#14653);
#14652 = CARTESIAN_POINT('',(0.206313862416,0.));
#14653 = VECTOR('',#14654,1.);
#14654 = DIRECTION('',(0.,-1.));
#14655 = ( GEOMETRIC_REPRESENTATION_CONTEXT(2) 
PARAMETRIC_REPRESENTATION_CONTEXT() REPRESENTATION_CONTEXT('2D SPACE',''
  ) );
#14656 = ORIENTED_EDGE('',*,*,#14657,.T.);
#14657 = EDGE_CURVE('',#14635,#14510,#14658,.T.);
#14658 = SURFACE_CURVE('',#14659,(#14663,#14670),.PCURVE_S1.);
#14659 = LINE('',#14660,#14661);
#14660 = CARTESIAN_POINT('',(61.903210471706,39.95,109.48706764514));
#14661 = VECTOR('',#14662,1.);
#14662 = DIRECTION('',(0.544581356861,0.,-0.838708021757));
#14663 = PCURVE('',#4934,#14664);
#14664 = DEFINITIONAL_REPRESENTATION('',(#14665),#14669);
#14665 = LINE('',#14666,#14667);
#14666 = CARTESIAN_POINT('',(0.,-0.2));
#14667 = VECTOR('',#14668,1.);
#14668 = DIRECTION('',(1.,0.));
#14669 = ( GEOMETRIC_REPRESENTATION_CONTEXT(2) 
PARAMETRIC_REPRESENTATION_CONTEXT() REPRESENTATION_CONTEXT('2D SPACE',''
  ) );
#14670 = PCURVE('',#14548,#14671);
#14671 = DEFINITIONAL_REPRESENTATION('',(#14672),#14676);
#14672 = LINE('',#14673,#14674);
#14673 = CARTESIAN_POINT('',(-0.119170230109,0.11335320513));
#14674 = VECTOR('',#14675,1.);
#14675 = DIRECTION('',(-0.544581356861,-0.838708021757));
#14676 = ( GEOMETRIC_REPRESENTATION_CONTEXT(2) 
PARAMETRIC_REPRESENTATION_CONTEXT() REPRESENTATION_CONTEXT('2D SPACE',''
  ) );
#14677 = ORIENTED_EDGE('',*,*,#14509,.F.);
#14678 = ADVANCED_FACE('',(#14679),#5046,.F.);
#14679 = FACE_BOUND('',#14680,.F.);
#14680 = EDGE_LOOP('',(#14681,#14682,#14683,#14706));
#14681 = ORIENTED_EDGE('',*,*,#5030,.T.);
#14682 = ORIENTED_EDGE('',*,*,#14609,.T.);
#14683 = ORIENTED_EDGE('',*,*,#14684,.T.);
#14684 = EDGE_CURVE('',#14587,#14685,#14687,.T.);
#14685 = VERTEX_POINT('',#14686);
#14686 = CARTESIAN_POINT('',(61.61907794468,39.95,109.26568291152));
#14687 = SURFACE_CURVE('',#14688,(#14692,#14699),.PCURVE_S1.);
#14688 = LINE('',#14689,#14690);
#14689 = CARTESIAN_POINT('',(61.759605206027,39.95,109.36483503989));
#14690 = VECTOR('',#14691,1.);
#14691 = DIRECTION('',(-0.817087242467,0.,-0.576514039896));
#14692 = PCURVE('',#5046,#14693);
#14693 = DEFINITIONAL_REPRESENTATION('',(#14694),#14698);
#14694 = LINE('',#14695,#14696);
#14695 = CARTESIAN_POINT('',(0.,-0.2));
#14696 = VECTOR('',#14697,1.);
#14697 = DIRECTION('',(1.,0.));
#14698 = ( GEOMETRIC_REPRESENTATION_CONTEXT(2) 
PARAMETRIC_REPRESENTATION_CONTEXT() REPRESENTATION_CONTEXT('2D SPACE',''
  ) );
#14699 = PCURVE('',#14548,#14700);
#14700 = DEFINITIONAL_REPRESENTATION('',(#14701),#14705);
#14701 = LINE('',#14702,#14703);
#14702 = CARTESIAN_POINT('',(2.443503557E-02,-8.879400120009E-03));
#14703 = VECTOR('',#14704,1.);
#14704 = DIRECTION('',(0.817087242467,-0.576514039896));
#14705 = ( GEOMETRIC_REPRESENTATION_CONTEXT(2) 
PARAMETRIC_REPRESENTATION_CONTEXT() REPRESENTATION_CONTEXT('2D SPACE',''
  ) );
#14706 = ORIENTED_EDGE('',*,*,#14707,.F.);
#14707 = EDGE_CURVE('',#5003,#14685,#14708,.T.);
#14708 = SURFACE_CURVE('',#14709,(#14713,#14720),.PCURVE_S1.);
#14709 = LINE('',#14710,#14711);
#14710 = CARTESIAN_POINT('',(61.61907794468,39.75,109.26568291152));
#14711 = VECTOR('',#14712,1.);
#14712 = DIRECTION('',(0.,1.,0.));
#14713 = PCURVE('',#5046,#14714);
#14714 = DEFINITIONAL_REPRESENTATION('',(#14715),#14719);
#14715 = LINE('',#14716,#14717);
#14716 = CARTESIAN_POINT('',(0.171985626556,0.));
#14717 = VECTOR('',#14718,1.);
#14718 = DIRECTION('',(0.,-1.));
#14719 = ( GEOMETRIC_REPRESENTATION_CONTEXT(2) 
PARAMETRIC_REPRESENTATION_CONTEXT() REPRESENTATION_CONTEXT('2D SPACE',''
  ) );
#14720 = PCURVE('',#5018,#14721);
#14721 = DEFINITIONAL_REPRESENTATION('',(#14722),#14726);
#14722 = LINE('',#14723,#14724);
#14723 = CARTESIAN_POINT('',(0.,0.));
#14724 = VECTOR('',#14725,1.);
#14725 = DIRECTION('',(0.,-1.));
#14726 = ( GEOMETRIC_REPRESENTATION_CONTEXT(2) 
PARAMETRIC_REPRESENTATION_CONTEXT() REPRESENTATION_CONTEXT('2D SPACE',''
  ) );
#14727 = ADVANCED_FACE('',(#14728),#4962,.F.);
#14728 = FACE_BOUND('',#14729,.F.);
#14729 = EDGE_LOOP('',(#14730,#14731,#14754,#14775));
#14730 = ORIENTED_EDGE('',*,*,#4946,.T.);
#14731 = ORIENTED_EDGE('',*,*,#14732,.T.);
#14732 = EDGE_CURVE('',#4947,#14733,#14735,.T.);
#14733 = VERTEX_POINT('',#14734);
#14734 = CARTESIAN_POINT('',(61.697826776077,39.95,109.50663668688));
#14735 = SURFACE_CURVE('',#14736,(#14740,#14747),.PCURVE_S1.);
#14736 = LINE('',#14737,#14738);
#14737 = CARTESIAN_POINT('',(61.697826776077,39.75,109.50663668688));
#14738 = VECTOR('',#14739,1.);
#14739 = DIRECTION('',(0.,1.,0.));
#14740 = PCURVE('',#4962,#14741);
#14741 = DEFINITIONAL_REPRESENTATION('',(#14742),#14746);
#14742 = LINE('',#14743,#14744);
#14743 = CARTESIAN_POINT('',(0.,0.));
#14744 = VECTOR('',#14745,1.);
#14745 = DIRECTION('',(0.,-1.));
#14746 = ( GEOMETRIC_REPRESENTATION_CONTEXT(2) 
PARAMETRIC_REPRESENTATION_CONTEXT() REPRESENTATION_CONTEXT('2D SPACE',''
  ) );
#14747 = PCURVE('',#4990,#14748);
#14748 = DEFINITIONAL_REPRESENTATION('',(#14749),#14753);
#14749 = LINE('',#14750,#14751);
#14750 = CARTESIAN_POINT('',(0.24132944145,0.));
#14751 = VECTOR('',#14752,1.);
#14752 = DIRECTION('',(0.,-1.));
#14753 = ( GEOMETRIC_REPRESENTATION_CONTEXT(2) 
PARAMETRIC_REPRESENTATION_CONTEXT() REPRESENTATION_CONTEXT('2D SPACE',''
  ) );
#14754 = ORIENTED_EDGE('',*,*,#14755,.T.);
#14755 = EDGE_CURVE('',#14733,#14635,#14756,.T.);
#14756 = SURFACE_CURVE('',#14757,(#14761,#14768),.PCURVE_S1.);
#14757 = LINE('',#14758,#14759);
#14758 = CARTESIAN_POINT('',(61.697826776077,39.95,109.50663668688));
#14759 = VECTOR('',#14760,1.);
#14760 = DIRECTION('',(0.995491496423,0.,-9.485083314754E-02));
#14761 = PCURVE('',#4962,#14762);
#14762 = DEFINITIONAL_REPRESENTATION('',(#14763),#14767);
#14763 = LINE('',#14764,#14765);
#14764 = CARTESIAN_POINT('',(0.,-0.2));
#14765 = VECTOR('',#14766,1.);
#14766 = DIRECTION('',(1.,0.));
#14767 = ( GEOMETRIC_REPRESENTATION_CONTEXT(2) 
PARAMETRIC_REPRESENTATION_CONTEXT() REPRESENTATION_CONTEXT('2D SPACE',''
  ) );
#14768 = PCURVE('',#14548,#14769);
#14769 = DEFINITIONAL_REPRESENTATION('',(#14770),#14774);
#14770 = LINE('',#14771,#14772);
#14771 = CARTESIAN_POINT('',(8.621346552E-02,0.13292224687));
#14772 = VECTOR('',#14773,1.);
#14773 = DIRECTION('',(-0.995491496423,-9.485083314754E-02));
#14774 = ( GEOMETRIC_REPRESENTATION_CONTEXT(2) 
PARAMETRIC_REPRESENTATION_CONTEXT() REPRESENTATION_CONTEXT('2D SPACE',''
  ) );
#14775 = ORIENTED_EDGE('',*,*,#14634,.F.);
#14776 = ADVANCED_FACE('',(#14777),#5018,.F.);
#14777 = FACE_BOUND('',#14778,.F.);
#14778 = EDGE_LOOP('',(#14779,#14780,#14781,#14804));
#14779 = ORIENTED_EDGE('',*,*,#5002,.T.);
#14780 = ORIENTED_EDGE('',*,*,#14707,.T.);
#14781 = ORIENTED_EDGE('',*,*,#14782,.T.);
#14782 = EDGE_CURVE('',#14685,#14783,#14785,.T.);
#14783 = VERTEX_POINT('',#14784);
#14784 = CARTESIAN_POINT('',(61.525617700194,39.95,109.33756884992));
#14785 = SURFACE_CURVE('',#14786,(#14790,#14797),.PCURVE_S1.);
#14786 = LINE('',#14787,#14788);
#14787 = CARTESIAN_POINT('',(61.61907794468,39.95,109.26568291152));
#14788 = VECTOR('',#14789,1.);
#14789 = DIRECTION('',(-0.792650864975,0.,0.609675820625));
#14790 = PCURVE('',#5018,#14791);
#14791 = DEFINITIONAL_REPRESENTATION('',(#14792),#14796);
#14792 = LINE('',#14793,#14794);
#14793 = CARTESIAN_POINT('',(0.,-0.2));
#14794 = VECTOR('',#14795,1.);
#14795 = DIRECTION('',(1.,0.));
#14796 = ( GEOMETRIC_REPRESENTATION_CONTEXT(2) 
PARAMETRIC_REPRESENTATION_CONTEXT() REPRESENTATION_CONTEXT('2D SPACE',''
  ) );
#14797 = PCURVE('',#14548,#14798);
#14798 = DEFINITIONAL_REPRESENTATION('',(#14799),#14803);
#14799 = LINE('',#14800,#14801);
#14800 = CARTESIAN_POINT('',(0.164962296917,-0.10803152849));
#14801 = VECTOR('',#14802,1.);
#14802 = DIRECTION('',(0.792650864975,0.609675820625));
#14803 = ( GEOMETRIC_REPRESENTATION_CONTEXT(2) 
PARAMETRIC_REPRESENTATION_CONTEXT() REPRESENTATION_CONTEXT('2D SPACE',''
  ) );
#14804 = ORIENTED_EDGE('',*,*,#14805,.F.);
#14805 = EDGE_CURVE('',#4975,#14783,#14806,.T.);
#14806 = SURFACE_CURVE('',#14807,(#14811,#14818),.PCURVE_S1.);
#14807 = LINE('',#14808,#14809);
#14808 = CARTESIAN_POINT('',(61.525617700194,39.75,109.33756884992));
#14809 = VECTOR('',#14810,1.);
#14810 = DIRECTION('',(0.,1.,0.));
#14811 = PCURVE('',#5018,#14812);
#14812 = DEFINITIONAL_REPRESENTATION('',(#14813),#14817);
#14813 = LINE('',#14814,#14815);
#14814 = CARTESIAN_POINT('',(0.117908462118,0.));
#14815 = VECTOR('',#14816,1.);
#14816 = DIRECTION('',(0.,-1.));
#14817 = ( GEOMETRIC_REPRESENTATION_CONTEXT(2) 
PARAMETRIC_REPRESENTATION_CONTEXT() REPRESENTATION_CONTEXT('2D SPACE',''
  ) );
#14818 = PCURVE('',#4990,#14819);
#14819 = DEFINITIONAL_REPRESENTATION('',(#14820),#14824);
#14820 = LINE('',#14821,#14822);
#14821 = CARTESIAN_POINT('',(0.,0.));
#14822 = VECTOR('',#14823,1.);
#14823 = DIRECTION('',(0.,-1.));
#14824 = ( GEOMETRIC_REPRESENTATION_CONTEXT(2) 
PARAMETRIC_REPRESENTATION_CONTEXT() REPRESENTATION_CONTEXT('2D SPACE',''
  ) );
#14825 = ADVANCED_FACE('',(#14826),#4990,.F.);
#14826 = FACE_BOUND('',#14827,.F.);
#14827 = EDGE_LOOP('',(#14828,#14829,#14830,#14851));
#14828 = ORIENTED_EDGE('',*,*,#4974,.T.);
#14829 = ORIENTED_EDGE('',*,*,#14805,.T.);
#14830 = ORIENTED_EDGE('',*,*,#14831,.T.);
#14831 = EDGE_CURVE('',#14783,#14733,#14832,.T.);
#14832 = SURFACE_CURVE('',#14833,(#14837,#14844),.PCURVE_S1.);
#14833 = LINE('',#14834,#14835);
#14834 = CARTESIAN_POINT('',(61.525617700194,39.95,109.33756884992));
#14835 = VECTOR('',#14836,1.);
#14836 = DIRECTION('',(0.713585026541,0.,0.700568633252));
#14837 = PCURVE('',#4990,#14838);
#14838 = DEFINITIONAL_REPRESENTATION('',(#14839),#14843);
#14839 = LINE('',#14840,#14841);
#14840 = CARTESIAN_POINT('',(0.,-0.2));
#14841 = VECTOR('',#14842,1.);
#14842 = DIRECTION('',(1.,0.));
#14843 = ( GEOMETRIC_REPRESENTATION_CONTEXT(2) 
PARAMETRIC_REPRESENTATION_CONTEXT() REPRESENTATION_CONTEXT('2D SPACE',''
  ) );
#14844 = PCURVE('',#14548,#14845);
#14845 = DEFINITIONAL_REPRESENTATION('',(#14846),#14850);
#14846 = LINE('',#14847,#14848);
#14847 = CARTESIAN_POINT('',(0.258422541403,-3.614559009E-02));
#14848 = VECTOR('',#14849,1.);
#14849 = DIRECTION('',(-0.713585026541,0.700568633252));
#14850 = ( GEOMETRIC_REPRESENTATION_CONTEXT(2) 
PARAMETRIC_REPRESENTATION_CONTEXT() REPRESENTATION_CONTEXT('2D SPACE',''
  ) );
#14851 = ORIENTED_EDGE('',*,*,#14732,.F.);
#14852 = ADVANCED_FACE('',(#14853),#5214,.T.);
#14853 = FACE_BOUND('',#14854,.T.);
#14854 = EDGE_LOOP('',(#14855,#14856,#14857,#14877));
#14855 = ORIENTED_EDGE('',*,*,#6403,.F.);
#14856 = ORIENTED_EDGE('',*,*,#5197,.T.);
#14857 = ORIENTED_EDGE('',*,*,#14858,.T.);
#14858 = EDGE_CURVE('',#5170,#6454,#14859,.T.);
#14859 = SURFACE_CURVE('',#14860,(#14865,#14871),.PCURVE_S1.);
#14860 = CIRCLE('',#14861,0.3);
#14861 = AXIS2_PLACEMENT_3D('',#14862,#14863,#14864);
#14862 = CARTESIAN_POINT('',(59.700618279899,39.55,111.63));
#14863 = DIRECTION('',(2.425166447084E-15,0.,-1.));
#14864 = DIRECTION('',(-1.,0.,-2.425166447084E-15));
#14865 = PCURVE('',#5214,#14866);
#14866 = DEFINITIONAL_REPRESENTATION('',(#14867),#14870);
#14867 = B_SPLINE_CURVE_WITH_KNOTS('',1,(#14868,#14869),.UNSPECIFIED.,
  .F.,.F.,(2,2),(1.570796326795,3.11541271481),
  .PIECEWISE_BEZIER_KNOTS.);
#14868 = CARTESIAN_POINT('',(1.570796326795,1.570796326795));
#14869 = CARTESIAN_POINT('',(1.570796326795,3.11541271481));
#14870 = ( GEOMETRIC_REPRESENTATION_CONTEXT(2) 
PARAMETRIC_REPRESENTATION_CONTEXT() REPRESENTATION_CONTEXT('2D SPACE',''
  ) );
#14871 = PCURVE('',#5185,#14872);
#14872 = DEFINITIONAL_REPRESENTATION('',(#14873),#14876);
#14873 = B_SPLINE_CURVE_WITH_KNOTS('',1,(#14874,#14875),.UNSPECIFIED.,
  .F.,.F.,(2,2),(1.570796326795,3.11541271481),
  .PIECEWISE_BEZIER_KNOTS.);
#14874 = CARTESIAN_POINT('',(6.28318530718,0.));
#14875 = CARTESIAN_POINT('',(4.738568919165,0.));
#14876 = ( GEOMETRIC_REPRESENTATION_CONTEXT(2) 
PARAMETRIC_REPRESENTATION_CONTEXT() REPRESENTATION_CONTEXT('2D SPACE',''
  ) );
#14877 = ORIENTED_EDGE('',*,*,#6480,.F.);
#14878 = ADVANCED_FACE('',(#14879),#5128,.T.);
#14879 = FACE_BOUND('',#14880,.T.);
#14880 = EDGE_LOOP('',(#14881,#14882,#14883,#14884));
#14881 = ORIENTED_EDGE('',*,*,#5112,.T.);
#14882 = ORIENTED_EDGE('',*,*,#6531,.T.);
#14883 = ORIENTED_EDGE('',*,*,#6608,.F.);
#14884 = ORIENTED_EDGE('',*,*,#14885,.F.);
#14885 = EDGE_CURVE('',#5113,#6582,#14886,.T.);
#14886 = SURFACE_CURVE('',#14887,(#14892,#14898),.PCURVE_S1.);
#14887 = CIRCLE('',#14888,0.3);
#14888 = AXIS2_PLACEMENT_3D('',#14889,#14890,#14891);
#14889 = CARTESIAN_POINT('',(60.74,39.55,114.3693817201));
#14890 = DIRECTION('',(-1.,0.,2.603302919143E-15));
#14891 = DIRECTION('',(2.603302919143E-15,0.,1.));
#14892 = PCURVE('',#5128,#14893);
#14893 = DEFINITIONAL_REPRESENTATION('',(#14894),#14897);
#14894 = B_SPLINE_CURVE_WITH_KNOTS('',1,(#14895,#14896),.UNSPECIFIED.,
  .F.,.F.,(2,2),(1.570796326795,3.11541271481),
  .PIECEWISE_BEZIER_KNOTS.);
#14895 = CARTESIAN_POINT('',(6.28318530718,0.));
#14896 = CARTESIAN_POINT('',(4.738568919165,0.));
#14897 = ( GEOMETRIC_REPRESENTATION_CONTEXT(2) 
PARAMETRIC_REPRESENTATION_CONTEXT() REPRESENTATION_CONTEXT('2D SPACE',''
  ) );
#14898 = PCURVE('',#5157,#14899);
#14899 = DEFINITIONAL_REPRESENTATION('',(#14900),#14903);
#14900 = B_SPLINE_CURVE_WITH_KNOTS('',1,(#14901,#14902),.UNSPECIFIED.,
  .F.,.F.,(2,2),(1.570796326795,3.11541271481),
  .PIECEWISE_BEZIER_KNOTS.);
#14901 = CARTESIAN_POINT('',(1.570796326795,1.570796326795));
#14902 = CARTESIAN_POINT('',(1.570796326795,3.11541271481));
#14903 = ( GEOMETRIC_REPRESENTATION_CONTEXT(2) 
PARAMETRIC_REPRESENTATION_CONTEXT() REPRESENTATION_CONTEXT('2D SPACE',''
  ) );
#14904 = ADVANCED_FACE('',(#14905),#5185,.T.);
#14905 = FACE_BOUND('',#14906,.T.);
#14906 = EDGE_LOOP('',(#14907,#14908,#14930,#14951));
#14907 = ORIENTED_EDGE('',*,*,#5169,.T.);
#14908 = ORIENTED_EDGE('',*,*,#14909,.T.);
#14909 = EDGE_CURVE('',#5141,#14910,#14912,.T.);
#14910 = VERTEX_POINT('',#14911);
#14911 = CARTESIAN_POINT('',(60.000515477392,39.557853084492,113.33));
#14912 = SURFACE_CURVE('',#14913,(#14918,#14924),.PCURVE_S1.);
#14913 = CIRCLE('',#14914,0.3);
#14914 = AXIS2_PLACEMENT_3D('',#14915,#14916,#14917);
#14915 = CARTESIAN_POINT('',(59.700618279899,39.55,113.33));
#14916 = DIRECTION('',(3.828568698927E-16,0.,-1.));
#14917 = DIRECTION('',(0.,1.,0.));
#14918 = PCURVE('',#5185,#14919);
#14919 = DEFINITIONAL_REPRESENTATION('',(#14920),#14923);
#14920 = B_SPLINE_CURVE_WITH_KNOTS('',1,(#14921,#14922),.UNSPECIFIED.,
  .F.,.F.,(2,2),(0.,1.544616388015),.PIECEWISE_BEZIER_KNOTS.);
#14921 = CARTESIAN_POINT('',(6.28318530718,1.7));
#14922 = CARTESIAN_POINT('',(4.738568919165,1.7));
#14923 = ( GEOMETRIC_REPRESENTATION_CONTEXT(2) 
PARAMETRIC_REPRESENTATION_CONTEXT() REPRESENTATION_CONTEXT('2D SPACE',''
  ) );
#14924 = PCURVE('',#5157,#14925);
#14925 = DEFINITIONAL_REPRESENTATION('',(#14926),#14929);
#14926 = B_SPLINE_CURVE_WITH_KNOTS('',1,(#14927,#14928),.UNSPECIFIED.,
  .F.,.F.,(2,2),(0.,1.544616388015),.PIECEWISE_BEZIER_KNOTS.);
#14927 = CARTESIAN_POINT('',(0.,1.570796326795));
#14928 = CARTESIAN_POINT('',(0.,3.11541271481));
#14929 = ( GEOMETRIC_REPRESENTATION_CONTEXT(2) 
PARAMETRIC_REPRESENTATION_CONTEXT() REPRESENTATION_CONTEXT('2D SPACE',''
  ) );
#14930 = ORIENTED_EDGE('',*,*,#14931,.F.);
#14931 = EDGE_CURVE('',#6454,#14910,#14932,.T.);
#14932 = SURFACE_CURVE('',#14933,(#14937,#14944),.PCURVE_S1.);
#14933 = LINE('',#14934,#14935);
#14934 = CARTESIAN_POINT('',(60.000515477392,39.557853084492,111.63));
#14935 = VECTOR('',#14936,1.);
#14936 = DIRECTION('',(-3.828568698927E-16,-0.,1.));
#14937 = PCURVE('',#5185,#14938);
#14938 = DEFINITIONAL_REPRESENTATION('',(#14939),#14943);
#14939 = LINE('',#14940,#14941);
#14940 = CARTESIAN_POINT('',(4.738568919165,0.));
#14941 = VECTOR('',#14942,1.);
#14942 = DIRECTION('',(-0.,1.));
#14943 = ( GEOMETRIC_REPRESENTATION_CONTEXT(2) 
PARAMETRIC_REPRESENTATION_CONTEXT() REPRESENTATION_CONTEXT('2D SPACE',''
  ) );
#14944 = PCURVE('',#6468,#14945);
#14945 = DEFINITIONAL_REPRESENTATION('',(#14946),#14950);
#14946 = LINE('',#14947,#14948);
#14947 = CARTESIAN_POINT('',(1.508369965207,-1.7));
#14948 = VECTOR('',#14949,1.);
#14949 = DIRECTION('',(4.573386923939E-18,1.));
#14950 = ( GEOMETRIC_REPRESENTATION_CONTEXT(2) 
PARAMETRIC_REPRESENTATION_CONTEXT() REPRESENTATION_CONTEXT('2D SPACE',''
  ) );
#14951 = ORIENTED_EDGE('',*,*,#14858,.F.);
#14952 = ADVANCED_FACE('',(#14953),#5157,.T.);
#14953 = FACE_BOUND('',#14954,.T.);
#14954 = EDGE_LOOP('',(#14955,#14956,#14957,#14958));
#14955 = ORIENTED_EDGE('',*,*,#14909,.F.);
#14956 = ORIENTED_EDGE('',*,*,#5140,.T.);
#14957 = ORIENTED_EDGE('',*,*,#14885,.T.);
#14958 = ORIENTED_EDGE('',*,*,#14959,.F.);
#14959 = EDGE_CURVE('',#14910,#6582,#14960,.T.);
#14960 = SURFACE_CURVE('',#14961,(#14966,#14973),.PCURVE_S1.);
#14961 = CIRCLE('',#14962,0.739484522608);
#14962 = AXIS2_PLACEMENT_3D('',#14963,#14964,#14965);
#14963 = CARTESIAN_POINT('',(60.74,39.557853084492,113.33));
#14964 = DIRECTION('',(0.,1.,0.));
#14965 = DIRECTION('',(-1.,0.,0.));
#14966 = PCURVE('',#5157,#14967);
#14967 = DEFINITIONAL_REPRESENTATION('',(#14968),#14972);
#14968 = LINE('',#14969,#14970);
#14969 = CARTESIAN_POINT('',(0.,3.11541271481));
#14970 = VECTOR('',#14971,1.);
#14971 = DIRECTION('',(1.,0.));
#14972 = ( GEOMETRIC_REPRESENTATION_CONTEXT(2) 
PARAMETRIC_REPRESENTATION_CONTEXT() REPRESENTATION_CONTEXT('2D SPACE',''
  ) );
#14973 = PCURVE('',#6597,#14974);
#14974 = DEFINITIONAL_REPRESENTATION('',(#14975),#14979);
#14975 = LINE('',#14976,#14977);
#14976 = CARTESIAN_POINT('',(4.712388980385,1.507853084492));
#14977 = VECTOR('',#14978,1.);
#14978 = DIRECTION('',(1.,0.));
#14979 = ( GEOMETRIC_REPRESENTATION_CONTEXT(2) 
PARAMETRIC_REPRESENTATION_CONTEXT() REPRESENTATION_CONTEXT('2D SPACE',''
  ) );
#14980 = ADVANCED_FACE('',(#14981),#5267,.F.);
#14981 = FACE_BOUND('',#14982,.F.);
#14982 = EDGE_LOOP('',(#14983,#14984,#15007,#15035));
#14983 = ORIENTED_EDGE('',*,*,#5249,.T.);
#14984 = ORIENTED_EDGE('',*,*,#14985,.T.);
#14985 = EDGE_CURVE('',#5252,#14986,#14988,.T.);
#14986 = VERTEX_POINT('',#14987);
#14987 = CARTESIAN_POINT('',(64.7914,39.95,103.60505));
#14988 = SURFACE_CURVE('',#14989,(#14993,#15000),.PCURVE_S1.);
#14989 = LINE('',#14990,#14991);
#14990 = CARTESIAN_POINT('',(64.7914,39.75,103.60505));
#14991 = VECTOR('',#14992,1.);
#14992 = DIRECTION('',(0.,1.,0.));
#14993 = PCURVE('',#5267,#14994);
#14994 = DEFINITIONAL_REPRESENTATION('',(#14995),#14999);
#14995 = LINE('',#14996,#14997);
#14996 = CARTESIAN_POINT('',(0.,0.));
#14997 = VECTOR('',#14998,1.);
#14998 = DIRECTION('',(0.,-1.));
#14999 = ( GEOMETRIC_REPRESENTATION_CONTEXT(2) 
PARAMETRIC_REPRESENTATION_CONTEXT() REPRESENTATION_CONTEXT('2D SPACE',''
  ) );
#15000 = PCURVE('',#5295,#15001);
#15001 = DEFINITIONAL_REPRESENTATION('',(#15002),#15006);
#15002 = LINE('',#15003,#15004);
#15003 = CARTESIAN_POINT('',(0.141891311926,0.));
#15004 = VECTOR('',#15005,1.);
#15005 = DIRECTION('',(0.,-1.));
#15006 = ( GEOMETRIC_REPRESENTATION_CONTEXT(2) 
PARAMETRIC_REPRESENTATION_CONTEXT() REPRESENTATION_CONTEXT('2D SPACE',''
  ) );
#15007 = ORIENTED_EDGE('',*,*,#15008,.T.);
#15008 = EDGE_CURVE('',#14986,#15009,#15011,.T.);
#15009 = VERTEX_POINT('',#15010);
#15010 = CARTESIAN_POINT('',(65.1955,39.95,102.44422));
#15011 = SURFACE_CURVE('',#15012,(#15016,#15023),.PCURVE_S1.);
#15012 = LINE('',#15013,#15014);
#15013 = CARTESIAN_POINT('',(64.7914,39.95,103.60505));
#15014 = VECTOR('',#15015,1.);
#15015 = DIRECTION('',(0.328762324454,0.,-0.94441269264));
#15016 = PCURVE('',#5267,#15017);
#15017 = DEFINITIONAL_REPRESENTATION('',(#15018),#15022);
#15018 = LINE('',#15019,#15020);
#15019 = CARTESIAN_POINT('',(0.,-0.2));
#15020 = VECTOR('',#15021,1.);
#15021 = DIRECTION('',(1.,0.));
#15022 = ( GEOMETRIC_REPRESENTATION_CONTEXT(2) 
PARAMETRIC_REPRESENTATION_CONTEXT() REPRESENTATION_CONTEXT('2D SPACE',''
  ) );
#15023 = PCURVE('',#15024,#15029);
#15024 = PLANE('',#15025);
#15025 = AXIS2_PLACEMENT_3D('',#15026,#15027,#15028);
#15026 = CARTESIAN_POINT('',(64.009894281447,39.95,101.35701032802));
#15027 = DIRECTION('',(0.,1.,0.));
#15028 = DIRECTION('',(1.,0.,0.));
#15029 = DEFINITIONAL_REPRESENTATION('',(#15030),#15034);
#15030 = LINE('',#15031,#15032);
#15031 = CARTESIAN_POINT('',(0.781505718553,-2.24803967198));
#15032 = VECTOR('',#15033,1.);
#15033 = DIRECTION('',(0.328762324454,0.94441269264));
#15034 = ( GEOMETRIC_REPRESENTATION_CONTEXT(2) 
PARAMETRIC_REPRESENTATION_CONTEXT() REPRESENTATION_CONTEXT('2D SPACE',''
  ) );
#15035 = ORIENTED_EDGE('',*,*,#15036,.F.);
#15036 = EDGE_CURVE('',#5250,#15009,#15037,.T.);
#15037 = SURFACE_CURVE('',#15038,(#15042,#15049),.PCURVE_S1.);
#15038 = LINE('',#15039,#15040);
#15039 = CARTESIAN_POINT('',(65.1955,39.75,102.44422));
#15040 = VECTOR('',#15041,1.);
#15041 = DIRECTION('',(0.,1.,0.));
#15042 = PCURVE('',#5267,#15043);
#15043 = DEFINITIONAL_REPRESENTATION('',(#15044),#15048);
#15044 = LINE('',#15045,#15046);
#15045 = CARTESIAN_POINT('',(1.229155441309,0.));
#15046 = VECTOR('',#15047,1.);
#15047 = DIRECTION('',(0.,-1.));
#15048 = ( GEOMETRIC_REPRESENTATION_CONTEXT(2) 
PARAMETRIC_REPRESENTATION_CONTEXT() REPRESENTATION_CONTEXT('2D SPACE',''
  ) );
#15049 = PCURVE('',#6021,#15050);
#15050 = DEFINITIONAL_REPRESENTATION('',(#15051),#15055);
#15051 = LINE('',#15052,#15053);
#15052 = CARTESIAN_POINT('',(0.,0.));
#15053 = VECTOR('',#15054,1.);
#15054 = DIRECTION('',(0.,-1.));
#15055 = ( GEOMETRIC_REPRESENTATION_CONTEXT(2) 
PARAMETRIC_REPRESENTATION_CONTEXT() REPRESENTATION_CONTEXT('2D SPACE',''
  ) );
#15056 = ADVANCED_FACE('',(#15057),#6021,.F.);
#15057 = FACE_BOUND('',#15058,.F.);
#15058 = EDGE_LOOP('',(#15059,#15060,#15061,#15084));
#15059 = ORIENTED_EDGE('',*,*,#6007,.T.);
#15060 = ORIENTED_EDGE('',*,*,#15036,.T.);
#15061 = ORIENTED_EDGE('',*,*,#15062,.T.);
#15062 = EDGE_CURVE('',#15009,#15063,#15065,.T.);
#15063 = VERTEX_POINT('',#15064);
#15064 = CARTESIAN_POINT('',(65.22473,39.95,102.33823));
#15065 = SURFACE_CURVE('',#15066,(#15070,#15077),.PCURVE_S1.);
#15066 = LINE('',#15067,#15068);
#15067 = CARTESIAN_POINT('',(65.1955,39.95,102.44422));
#15068 = VECTOR('',#15069,1.);
#15069 = DIRECTION('',(0.265856134324,0.,-0.964012715602));
#15070 = PCURVE('',#6021,#15071);
#15071 = DEFINITIONAL_REPRESENTATION('',(#15072),#15076);
#15072 = LINE('',#15073,#15074);
#15073 = CARTESIAN_POINT('',(0.,-0.2));
#15074 = VECTOR('',#15075,1.);
#15075 = DIRECTION('',(1.,0.));
#15076 = ( GEOMETRIC_REPRESENTATION_CONTEXT(2) 
PARAMETRIC_REPRESENTATION_CONTEXT() REPRESENTATION_CONTEXT('2D SPACE',''
  ) );
#15077 = PCURVE('',#15024,#15078);
#15078 = DEFINITIONAL_REPRESENTATION('',(#15079),#15083);
#15079 = LINE('',#15080,#15081);
#15080 = CARTESIAN_POINT('',(1.185605718553,-1.08720967198));
#15081 = VECTOR('',#15082,1.);
#15082 = DIRECTION('',(0.265856134324,0.964012715602));
#15083 = ( GEOMETRIC_REPRESENTATION_CONTEXT(2) 
PARAMETRIC_REPRESENTATION_CONTEXT() REPRESENTATION_CONTEXT('2D SPACE',''
  ) );
#15084 = ORIENTED_EDGE('',*,*,#15085,.F.);
#15085 = EDGE_CURVE('',#5980,#15063,#15086,.T.);
#15086 = SURFACE_CURVE('',#15087,(#15091,#15098),.PCURVE_S1.);
#15087 = LINE('',#15088,#15089);
#15088 = CARTESIAN_POINT('',(65.22473,39.75,102.33823));
#15089 = VECTOR('',#15090,1.);
#15090 = DIRECTION('',(0.,1.,0.));
#15091 = PCURVE('',#6021,#15092);
#15092 = DEFINITIONAL_REPRESENTATION('',(#15093),#15097);
#15093 = LINE('',#15094,#15095);
#15094 = CARTESIAN_POINT('',(0.109946682533,0.));
#15095 = VECTOR('',#15096,1.);
#15096 = DIRECTION('',(0.,-1.));
#15097 = ( GEOMETRIC_REPRESENTATION_CONTEXT(2) 
PARAMETRIC_REPRESENTATION_CONTEXT() REPRESENTATION_CONTEXT('2D SPACE',''
  ) );
#15098 = PCURVE('',#5995,#15099);
#15099 = DEFINITIONAL_REPRESENTATION('',(#15100),#15104);
#15100 = LINE('',#15101,#15102);
#15101 = CARTESIAN_POINT('',(0.,0.));
#15102 = VECTOR('',#15103,1.);
#15103 = DIRECTION('',(0.,-1.));
#15104 = ( GEOMETRIC_REPRESENTATION_CONTEXT(2) 
PARAMETRIC_REPRESENTATION_CONTEXT() REPRESENTATION_CONTEXT('2D SPACE',''
  ) );
#15105 = ADVANCED_FACE('',(#15106),#5995,.F.);
#15106 = FACE_BOUND('',#15107,.F.);
#15107 = EDGE_LOOP('',(#15108,#15109,#15110,#15133));
#15108 = ORIENTED_EDGE('',*,*,#5979,.T.);
#15109 = ORIENTED_EDGE('',*,*,#15085,.T.);
#15110 = ORIENTED_EDGE('',*,*,#15111,.T.);
#15111 = EDGE_CURVE('',#15063,#15112,#15114,.T.);
#15112 = VERTEX_POINT('',#15113);
#15113 = CARTESIAN_POINT('',(65.2451,39.95,102.22954));
#15114 = SURFACE_CURVE('',#15115,(#15119,#15126),.PCURVE_S1.);
#15115 = LINE('',#15116,#15117);
#15116 = CARTESIAN_POINT('',(65.22473,39.95,102.33823));
#15117 = VECTOR('',#15118,1.);
#15118 = DIRECTION('',(0.18420663522,0.,-0.98288753962));
#15119 = PCURVE('',#5995,#15120);
#15120 = DEFINITIONAL_REPRESENTATION('',(#15121),#15125);
#15121 = LINE('',#15122,#15123);
#15122 = CARTESIAN_POINT('',(0.,-0.2));
#15123 = VECTOR('',#15124,1.);
#15124 = DIRECTION('',(1.,0.));
#15125 = ( GEOMETRIC_REPRESENTATION_CONTEXT(2) 
PARAMETRIC_REPRESENTATION_CONTEXT() REPRESENTATION_CONTEXT('2D SPACE',''
  ) );
#15126 = PCURVE('',#15024,#15127);
#15127 = DEFINITIONAL_REPRESENTATION('',(#15128),#15132);
#15128 = LINE('',#15129,#15130);
#15129 = CARTESIAN_POINT('',(1.214835718553,-0.98121967198));
#15130 = VECTOR('',#15131,1.);
#15131 = DIRECTION('',(0.18420663522,0.98288753962));
#15132 = ( GEOMETRIC_REPRESENTATION_CONTEXT(2) 
PARAMETRIC_REPRESENTATION_CONTEXT() REPRESENTATION_CONTEXT('2D SPACE',''
  ) );
#15133 = ORIENTED_EDGE('',*,*,#15134,.F.);
#15134 = EDGE_CURVE('',#5952,#15112,#15135,.T.);
#15135 = SURFACE_CURVE('',#15136,(#15140,#15147),.PCURVE_S1.);
#15136 = LINE('',#15137,#15138);
#15137 = CARTESIAN_POINT('',(65.2451,39.75,102.22954));
#15138 = VECTOR('',#15139,1.);
#15139 = DIRECTION('',(0.,1.,0.));
#15140 = PCURVE('',#5995,#15141);
#15141 = DEFINITIONAL_REPRESENTATION('',(#15142),#15146);
#15142 = LINE('',#15143,#15144);
#15143 = CARTESIAN_POINT('',(0.110582335841,0.));
#15144 = VECTOR('',#15145,1.);
#15145 = DIRECTION('',(0.,-1.));
#15146 = ( GEOMETRIC_REPRESENTATION_CONTEXT(2) 
PARAMETRIC_REPRESENTATION_CONTEXT() REPRESENTATION_CONTEXT('2D SPACE',''
  ) );
#15147 = PCURVE('',#5967,#15148);
#15148 = DEFINITIONAL_REPRESENTATION('',(#15149),#15153);
#15149 = LINE('',#15150,#15151);
#15150 = CARTESIAN_POINT('',(0.,0.));
#15151 = VECTOR('',#15152,1.);
#15152 = DIRECTION('',(0.,-1.));
#15153 = ( GEOMETRIC_REPRESENTATION_CONTEXT(2) 
PARAMETRIC_REPRESENTATION_CONTEXT() REPRESENTATION_CONTEXT('2D SPACE',''
  ) );
#15154 = ADVANCED_FACE('',(#15155),#5967,.F.);
#15155 = FACE_BOUND('',#15156,.F.);
#15156 = EDGE_LOOP('',(#15157,#15158,#15159,#15182));
#15157 = ORIENTED_EDGE('',*,*,#5951,.T.);
#15158 = ORIENTED_EDGE('',*,*,#15134,.T.);
#15159 = ORIENTED_EDGE('',*,*,#15160,.T.);
#15160 = EDGE_CURVE('',#15112,#15161,#15163,.T.);
#15161 = VERTEX_POINT('',#15162);
#15162 = CARTESIAN_POINT('',(65.25617,39.95,102.12023));
#15163 = SURFACE_CURVE('',#15164,(#15168,#15175),.PCURVE_S1.);
#15164 = LINE('',#15165,#15166);
#15165 = CARTESIAN_POINT('',(65.2451,39.95,102.22954));
#15166 = VECTOR('',#15167,1.);
#15167 = DIRECTION('',(0.100756255806,0.,-0.994911140211));
#15168 = PCURVE('',#5967,#15169);
#15169 = DEFINITIONAL_REPRESENTATION('',(#15170),#15174);
#15170 = LINE('',#15171,#15172);
#15171 = CARTESIAN_POINT('',(0.,-0.2));
#15172 = VECTOR('',#15173,1.);
#15173 = DIRECTION('',(1.,0.));
#15174 = ( GEOMETRIC_REPRESENTATION_CONTEXT(2) 
PARAMETRIC_REPRESENTATION_CONTEXT() REPRESENTATION_CONTEXT('2D SPACE',''
  ) );
#15175 = PCURVE('',#15024,#15176);
#15176 = DEFINITIONAL_REPRESENTATION('',(#15177),#15181);
#15177 = LINE('',#15178,#15179);
#15178 = CARTESIAN_POINT('',(1.235205718553,-0.87252967198));
#15179 = VECTOR('',#15180,1.);
#15180 = DIRECTION('',(0.100756255806,0.994911140211));
#15181 = ( GEOMETRIC_REPRESENTATION_CONTEXT(2) 
PARAMETRIC_REPRESENTATION_CONTEXT() REPRESENTATION_CONTEXT('2D SPACE',''
  ) );
#15182 = ORIENTED_EDGE('',*,*,#15183,.F.);
#15183 = EDGE_CURVE('',#5924,#15161,#15184,.T.);
#15184 = SURFACE_CURVE('',#15185,(#15189,#15196),.PCURVE_S1.);
#15185 = LINE('',#15186,#15187);
#15186 = CARTESIAN_POINT('',(65.25617,39.75,102.12023));
#15187 = VECTOR('',#15188,1.);
#15188 = DIRECTION('',(0.,1.,0.));
#15189 = PCURVE('',#5967,#15190);
#15190 = DEFINITIONAL_REPRESENTATION('',(#15191),#15195);
#15191 = LINE('',#15192,#15193);
#15192 = CARTESIAN_POINT('',(0.109869108488,0.));
#15193 = VECTOR('',#15194,1.);
#15194 = DIRECTION('',(0.,-1.));
#15195 = ( GEOMETRIC_REPRESENTATION_CONTEXT(2) 
PARAMETRIC_REPRESENTATION_CONTEXT() REPRESENTATION_CONTEXT('2D SPACE',''
  ) );
#15196 = PCURVE('',#5939,#15197);
#15197 = DEFINITIONAL_REPRESENTATION('',(#15198),#15202);
#15198 = LINE('',#15199,#15200);
#15199 = CARTESIAN_POINT('',(0.,0.));
#15200 = VECTOR('',#15201,1.);
#15201 = DIRECTION('',(0.,-1.));
#15202 = ( GEOMETRIC_REPRESENTATION_CONTEXT(2) 
PARAMETRIC_REPRESENTATION_CONTEXT() REPRESENTATION_CONTEXT('2D SPACE',''
  ) );
#15203 = ADVANCED_FACE('',(#15204),#5939,.F.);
#15204 = FACE_BOUND('',#15205,.F.);
#15205 = EDGE_LOOP('',(#15206,#15207,#15208,#15231));
#15206 = ORIENTED_EDGE('',*,*,#5923,.T.);
#15207 = ORIENTED_EDGE('',*,*,#15183,.T.);
#15208 = ORIENTED_EDGE('',*,*,#15209,.T.);
#15209 = EDGE_CURVE('',#15161,#15210,#15212,.T.);
#15210 = VERTEX_POINT('',#15211);
#15211 = CARTESIAN_POINT('',(65.25802,39.95,102.01089));
#15212 = SURFACE_CURVE('',#15213,(#15217,#15224),.PCURVE_S1.);
#15213 = LINE('',#15214,#15215);
#15214 = CARTESIAN_POINT('',(65.25617,39.95,102.12023));
#15215 = VECTOR('',#15216,1.);
#15216 = DIRECTION('',(1.691727868403E-02,0.,-0.999856892601));
#15217 = PCURVE('',#5939,#15218);
#15218 = DEFINITIONAL_REPRESENTATION('',(#15219),#15223);
#15219 = LINE('',#15220,#15221);
#15220 = CARTESIAN_POINT('',(0.,-0.2));
#15221 = VECTOR('',#15222,1.);
#15222 = DIRECTION('',(1.,0.));
#15223 = ( GEOMETRIC_REPRESENTATION_CONTEXT(2) 
PARAMETRIC_REPRESENTATION_CONTEXT() REPRESENTATION_CONTEXT('2D SPACE',''
  ) );
#15224 = PCURVE('',#15024,#15225);
#15225 = DEFINITIONAL_REPRESENTATION('',(#15226),#15230);
#15226 = LINE('',#15227,#15228);
#15227 = CARTESIAN_POINT('',(1.246275718553,-0.76321967198));
#15228 = VECTOR('',#15229,1.);
#15229 = DIRECTION('',(1.691727868403E-02,0.999856892601));
#15230 = ( GEOMETRIC_REPRESENTATION_CONTEXT(2) 
PARAMETRIC_REPRESENTATION_CONTEXT() REPRESENTATION_CONTEXT('2D SPACE',''
  ) );
#15231 = ORIENTED_EDGE('',*,*,#15232,.F.);
#15232 = EDGE_CURVE('',#5896,#15210,#15233,.T.);
#15233 = SURFACE_CURVE('',#15234,(#15238,#15245),.PCURVE_S1.);
#15234 = LINE('',#15235,#15236);
#15235 = CARTESIAN_POINT('',(65.25802,39.75,102.01089));
#15236 = VECTOR('',#15237,1.);
#15237 = DIRECTION('',(0.,1.,0.));
#15238 = PCURVE('',#5939,#15239);
#15239 = DEFINITIONAL_REPRESENTATION('',(#15240),#15244);
#15240 = LINE('',#15241,#15242);
#15241 = CARTESIAN_POINT('',(0.109355649603,0.));
#15242 = VECTOR('',#15243,1.);
#15243 = DIRECTION('',(0.,-1.));
#15244 = ( GEOMETRIC_REPRESENTATION_CONTEXT(2) 
PARAMETRIC_REPRESENTATION_CONTEXT() REPRESENTATION_CONTEXT('2D SPACE',''
  ) );
#15245 = PCURVE('',#5911,#15246);
#15246 = DEFINITIONAL_REPRESENTATION('',(#15247),#15251);
#15247 = LINE('',#15248,#15249);
#15248 = CARTESIAN_POINT('',(0.,0.));
#15249 = VECTOR('',#15250,1.);
#15250 = DIRECTION('',(0.,-1.));
#15251 = ( GEOMETRIC_REPRESENTATION_CONTEXT(2) 
PARAMETRIC_REPRESENTATION_CONTEXT() REPRESENTATION_CONTEXT('2D SPACE',''
  ) );
#15252 = ADVANCED_FACE('',(#15253),#5911,.F.);
#15253 = FACE_BOUND('',#15254,.F.);
#15254 = EDGE_LOOP('',(#15255,#15256,#15257,#15280));
#15255 = ORIENTED_EDGE('',*,*,#5895,.T.);
#15256 = ORIENTED_EDGE('',*,*,#15232,.T.);
#15257 = ORIENTED_EDGE('',*,*,#15258,.T.);
#15258 = EDGE_CURVE('',#15210,#15259,#15261,.T.);
#15259 = VERTEX_POINT('',#15260);
#15260 = CARTESIAN_POINT('',(65.25075,39.95,101.90209));
#15261 = SURFACE_CURVE('',#15262,(#15266,#15273),.PCURVE_S1.);
#15262 = LINE('',#15263,#15264);
#15263 = CARTESIAN_POINT('',(65.25802,39.95,102.01089));
#15264 = VECTOR('',#15265,1.);
#15265 = DIRECTION('',(-6.667117887826E-02,0.,-0.997775001645));
#15266 = PCURVE('',#5911,#15267);
#15267 = DEFINITIONAL_REPRESENTATION('',(#15268),#15272);
#15268 = LINE('',#15269,#15270);
#15269 = CARTESIAN_POINT('',(0.,-0.2));
#15270 = VECTOR('',#15271,1.);
#15271 = DIRECTION('',(1.,0.));
#15272 = ( GEOMETRIC_REPRESENTATION_CONTEXT(2) 
PARAMETRIC_REPRESENTATION_CONTEXT() REPRESENTATION_CONTEXT('2D SPACE',''
  ) );
#15273 = PCURVE('',#15024,#15274);
#15274 = DEFINITIONAL_REPRESENTATION('',(#15275),#15279);
#15275 = LINE('',#15276,#15277);
#15276 = CARTESIAN_POINT('',(1.248125718553,-0.65387967198));
#15277 = VECTOR('',#15278,1.);
#15278 = DIRECTION('',(-6.667117887826E-02,0.997775001645));
#15279 = ( GEOMETRIC_REPRESENTATION_CONTEXT(2) 
PARAMETRIC_REPRESENTATION_CONTEXT() REPRESENTATION_CONTEXT('2D SPACE',''
  ) );
#15280 = ORIENTED_EDGE('',*,*,#15281,.F.);
#15281 = EDGE_CURVE('',#5868,#15259,#15282,.T.);
#15282 = SURFACE_CURVE('',#15283,(#15287,#15294),.PCURVE_S1.);
#15283 = LINE('',#15284,#15285);
#15284 = CARTESIAN_POINT('',(65.25075,39.75,101.90209));
#15285 = VECTOR('',#15286,1.);
#15286 = DIRECTION('',(0.,1.,0.));
#15287 = PCURVE('',#5911,#15288);
#15288 = DEFINITIONAL_REPRESENTATION('',(#15289),#15293);
#15289 = LINE('',#15290,#15291);
#15290 = CARTESIAN_POINT('',(0.109042619649,0.));
#15291 = VECTOR('',#15292,1.);
#15292 = DIRECTION('',(0.,-1.));
#15293 = ( GEOMETRIC_REPRESENTATION_CONTEXT(2) 
PARAMETRIC_REPRESENTATION_CONTEXT() REPRESENTATION_CONTEXT('2D SPACE',''
  ) );
#15294 = PCURVE('',#5883,#15295);
#15295 = DEFINITIONAL_REPRESENTATION('',(#15296),#15300);
#15296 = LINE('',#15297,#15298);
#15297 = CARTESIAN_POINT('',(0.,0.));
#15298 = VECTOR('',#15299,1.);
#15299 = DIRECTION('',(0.,-1.));
#15300 = ( GEOMETRIC_REPRESENTATION_CONTEXT(2) 
PARAMETRIC_REPRESENTATION_CONTEXT() REPRESENTATION_CONTEXT('2D SPACE',''
  ) );
#15301 = ADVANCED_FACE('',(#15302),#5883,.F.);
#15302 = FACE_BOUND('',#15303,.F.);
#15303 = EDGE_LOOP('',(#15304,#15305,#15306,#15329));
#15304 = ORIENTED_EDGE('',*,*,#5867,.T.);
#15305 = ORIENTED_EDGE('',*,*,#15281,.T.);
#15306 = ORIENTED_EDGE('',*,*,#15307,.T.);
#15307 = EDGE_CURVE('',#15259,#15308,#15310,.T.);
#15308 = VERTEX_POINT('',#15309);
#15309 = CARTESIAN_POINT('',(65.23447,39.95,101.79441));
#15310 = SURFACE_CURVE('',#15311,(#15315,#15322),.PCURVE_S1.);
#15311 = LINE('',#15312,#15313);
#15312 = CARTESIAN_POINT('',(65.25075,39.95,101.90209));
#15313 = VECTOR('',#15314,1.);
#15314 = DIRECTION('',(-0.149489839362,0.,-0.988763261821));
#15315 = PCURVE('',#5883,#15316);
#15316 = DEFINITIONAL_REPRESENTATION('',(#15317),#15321);
#15317 = LINE('',#15318,#15319);
#15318 = CARTESIAN_POINT('',(0.,-0.2));
#15319 = VECTOR('',#15320,1.);
#15320 = DIRECTION('',(1.,0.));
#15321 = ( GEOMETRIC_REPRESENTATION_CONTEXT(2) 
PARAMETRIC_REPRESENTATION_CONTEXT() REPRESENTATION_CONTEXT('2D SPACE',''
  ) );
#15322 = PCURVE('',#15024,#15323);
#15323 = DEFINITIONAL_REPRESENTATION('',(#15324),#15328);
#15324 = LINE('',#15325,#15326);
#15325 = CARTESIAN_POINT('',(1.240855718553,-0.54507967198));
#15326 = VECTOR('',#15327,1.);
#15327 = DIRECTION('',(-0.149489839362,0.988763261821));
#15328 = ( GEOMETRIC_REPRESENTATION_CONTEXT(2) 
PARAMETRIC_REPRESENTATION_CONTEXT() REPRESENTATION_CONTEXT('2D SPACE',''
  ) );
#15329 = ORIENTED_EDGE('',*,*,#15330,.F.);
#15330 = EDGE_CURVE('',#5840,#15308,#15331,.T.);
#15331 = SURFACE_CURVE('',#15332,(#15336,#15343),.PCURVE_S1.);
#15332 = LINE('',#15333,#15334);
#15333 = CARTESIAN_POINT('',(65.23447,39.75,101.79441));
#15334 = VECTOR('',#15335,1.);
#15335 = DIRECTION('',(0.,1.,0.));
#15336 = PCURVE('',#5883,#15337);
#15337 = DEFINITIONAL_REPRESENTATION('',(#15338),#15342);
#15338 = LINE('',#15339,#15340);
#15339 = CARTESIAN_POINT('',(0.108903722618,0.));
#15340 = VECTOR('',#15341,1.);
#15341 = DIRECTION('',(0.,-1.));
#15342 = ( GEOMETRIC_REPRESENTATION_CONTEXT(2) 
PARAMETRIC_REPRESENTATION_CONTEXT() REPRESENTATION_CONTEXT('2D SPACE',''
  ) );
#15343 = PCURVE('',#5855,#15344);
#15344 = DEFINITIONAL_REPRESENTATION('',(#15345),#15349);
#15345 = LINE('',#15346,#15347);
#15346 = CARTESIAN_POINT('',(0.,0.));
#15347 = VECTOR('',#15348,1.);
#15348 = DIRECTION('',(0.,-1.));
#15349 = ( GEOMETRIC_REPRESENTATION_CONTEXT(2) 
PARAMETRIC_REPRESENTATION_CONTEXT() REPRESENTATION_CONTEXT('2D SPACE',''
  ) );
#15350 = ADVANCED_FACE('',(#15351),#5855,.F.);
#15351 = FACE_BOUND('',#15352,.F.);
#15352 = EDGE_LOOP('',(#15353,#15354,#15355,#15378));
#15353 = ORIENTED_EDGE('',*,*,#5839,.T.);
#15354 = ORIENTED_EDGE('',*,*,#15330,.T.);
#15355 = ORIENTED_EDGE('',*,*,#15356,.T.);
#15356 = EDGE_CURVE('',#15308,#15357,#15359,.T.);
#15357 = VERTEX_POINT('',#15358);
#15358 = CARTESIAN_POINT('',(65.20929,39.95,101.68841));
#15359 = SURFACE_CURVE('',#15360,(#15364,#15371),.PCURVE_S1.);
#15360 = LINE('',#15361,#15362);
#15361 = CARTESIAN_POINT('',(65.23447,39.95,101.79441));
#15362 = VECTOR('',#15363,1.);
#15363 = DIRECTION('',(-0.231115872894,0.,-0.972926232197));
#15364 = PCURVE('',#5855,#15365);
#15365 = DEFINITIONAL_REPRESENTATION('',(#15366),#15370);
#15366 = LINE('',#15367,#15368);
#15367 = CARTESIAN_POINT('',(0.,-0.2));
#15368 = VECTOR('',#15369,1.);
#15369 = DIRECTION('',(1.,0.));
#15370 = ( GEOMETRIC_REPRESENTATION_CONTEXT(2) 
PARAMETRIC_REPRESENTATION_CONTEXT() REPRESENTATION_CONTEXT('2D SPACE',''
  ) );
#15371 = PCURVE('',#15024,#15372);
#15372 = DEFINITIONAL_REPRESENTATION('',(#15373),#15377);
#15373 = LINE('',#15374,#15375);
#15374 = CARTESIAN_POINT('',(1.224575718553,-0.43739967198));
#15375 = VECTOR('',#15376,1.);
#15376 = DIRECTION('',(-0.231115872894,0.972926232197));
#15377 = ( GEOMETRIC_REPRESENTATION_CONTEXT(2) 
PARAMETRIC_REPRESENTATION_CONTEXT() REPRESENTATION_CONTEXT('2D SPACE',''
  ) );
#15378 = ORIENTED_EDGE('',*,*,#15379,.F.);
#15379 = EDGE_CURVE('',#5812,#15357,#15380,.T.);
#15380 = SURFACE_CURVE('',#15381,(#15385,#15392),.PCURVE_S1.);
#15381 = LINE('',#15382,#15383);
#15382 = CARTESIAN_POINT('',(65.20929,39.75,101.68841));
#15383 = VECTOR('',#15384,1.);
#15384 = DIRECTION('',(0.,1.,0.));
#15385 = PCURVE('',#5855,#15386);
#15386 = DEFINITIONAL_REPRESENTATION('',(#15387),#15391);
#15387 = LINE('',#15388,#15389);
#15388 = CARTESIAN_POINT('',(0.108949678292,0.));
#15389 = VECTOR('',#15390,1.);
#15390 = DIRECTION('',(0.,-1.));
#15391 = ( GEOMETRIC_REPRESENTATION_CONTEXT(2) 
PARAMETRIC_REPRESENTATION_CONTEXT() REPRESENTATION_CONTEXT('2D SPACE',''
  ) );
#15392 = PCURVE('',#5827,#15393);
#15393 = DEFINITIONAL_REPRESENTATION('',(#15394),#15398);
#15394 = LINE('',#15395,#15396);
#15395 = CARTESIAN_POINT('',(0.,0.));
#15396 = VECTOR('',#15397,1.);
#15397 = DIRECTION('',(0.,-1.));
#15398 = ( GEOMETRIC_REPRESENTATION_CONTEXT(2) 
PARAMETRIC_REPRESENTATION_CONTEXT() REPRESENTATION_CONTEXT('2D SPACE',''
  ) );
#15399 = ADVANCED_FACE('',(#15400),#5827,.F.);
#15400 = FACE_BOUND('',#15401,.F.);
#15401 = EDGE_LOOP('',(#15402,#15403,#15404,#15427));
#15402 = ORIENTED_EDGE('',*,*,#5811,.T.);
#15403 = ORIENTED_EDGE('',*,*,#15379,.T.);
#15404 = ORIENTED_EDGE('',*,*,#15405,.T.);
#15405 = EDGE_CURVE('',#15357,#15406,#15408,.T.);
#15406 = VERTEX_POINT('',#15407);
#15407 = CARTESIAN_POINT('',(65.17529,39.95,101.58468));
#15408 = SURFACE_CURVE('',#15409,(#15413,#15420),.PCURVE_S1.);
#15409 = LINE('',#15410,#15411);
#15410 = CARTESIAN_POINT('',(65.20929,39.95,101.68841));
#15411 = VECTOR('',#15412,1.);
#15412 = DIRECTION('',(-0.311469307304,0.,-0.950256213138));
#15413 = PCURVE('',#5827,#15414);
#15414 = DEFINITIONAL_REPRESENTATION('',(#15415),#15419);
#15415 = LINE('',#15416,#15417);
#15416 = CARTESIAN_POINT('',(0.,-0.2));
#15417 = VECTOR('',#15418,1.);
#15418 = DIRECTION('',(1.,0.));
#15419 = ( GEOMETRIC_REPRESENTATION_CONTEXT(2) 
PARAMETRIC_REPRESENTATION_CONTEXT() REPRESENTATION_CONTEXT('2D SPACE',''
  ) );
#15420 = PCURVE('',#15024,#15421);
#15421 = DEFINITIONAL_REPRESENTATION('',(#15422),#15426);
#15422 = LINE('',#15423,#15424);
#15423 = CARTESIAN_POINT('',(1.199395718553,-0.33139967198));
#15424 = VECTOR('',#15425,1.);
#15425 = DIRECTION('',(-0.311469307304,0.950256213138));
#15426 = ( GEOMETRIC_REPRESENTATION_CONTEXT(2) 
PARAMETRIC_REPRESENTATION_CONTEXT() REPRESENTATION_CONTEXT('2D SPACE',''
  ) );
#15427 = ORIENTED_EDGE('',*,*,#15428,.F.);
#15428 = EDGE_CURVE('',#5784,#15406,#15429,.T.);
#15429 = SURFACE_CURVE('',#15430,(#15434,#15441),.PCURVE_S1.);
#15430 = LINE('',#15431,#15432);
#15431 = CARTESIAN_POINT('',(65.17529,39.75,101.58468));
#15432 = VECTOR('',#15433,1.);
#15433 = DIRECTION('',(0.,1.,0.));
#15434 = PCURVE('',#5827,#15435);
#15435 = DEFINITIONAL_REPRESENTATION('',(#15436),#15440);
#15436 = LINE('',#15437,#15438);
#15437 = CARTESIAN_POINT('',(0.109160033437,0.));
#15438 = VECTOR('',#15439,1.);
#15439 = DIRECTION('',(0.,-1.));
#15440 = ( GEOMETRIC_REPRESENTATION_CONTEXT(2) 
PARAMETRIC_REPRESENTATION_CONTEXT() REPRESENTATION_CONTEXT('2D SPACE',''
  ) );
#15441 = PCURVE('',#5799,#15442);
#15442 = DEFINITIONAL_REPRESENTATION('',(#15443),#15447);
#15443 = LINE('',#15444,#15445);
#15444 = CARTESIAN_POINT('',(0.,0.));
#15445 = VECTOR('',#15446,1.);
#15446 = DIRECTION('',(0.,-1.));
#15447 = ( GEOMETRIC_REPRESENTATION_CONTEXT(2) 
PARAMETRIC_REPRESENTATION_CONTEXT() REPRESENTATION_CONTEXT('2D SPACE',''
  ) );
#15448 = ADVANCED_FACE('',(#15449),#5799,.F.);
#15449 = FACE_BOUND('',#15450,.F.);
#15450 = EDGE_LOOP('',(#15451,#15452,#15453,#15476));
#15451 = ORIENTED_EDGE('',*,*,#5783,.T.);
#15452 = ORIENTED_EDGE('',*,*,#15428,.T.);
#15453 = ORIENTED_EDGE('',*,*,#15454,.T.);
#15454 = EDGE_CURVE('',#15406,#15455,#15457,.T.);
#15455 = VERTEX_POINT('',#15456);
#15456 = CARTESIAN_POINT('',(65.13258,39.95,101.48378));
#15457 = SURFACE_CURVE('',#15458,(#15462,#15469),.PCURVE_S1.);
#15458 = LINE('',#15459,#15460);
#15459 = CARTESIAN_POINT('',(65.17529,39.95,101.58468));
#15460 = VECTOR('',#15461,1.);
#15461 = DIRECTION('',(-0.389806717926,0.,-0.92089669489));
#15462 = PCURVE('',#5799,#15463);
#15463 = DEFINITIONAL_REPRESENTATION('',(#15464),#15468);
#15464 = LINE('',#15465,#15466);
#15465 = CARTESIAN_POINT('',(0.,-0.2));
#15466 = VECTOR('',#15467,1.);
#15467 = DIRECTION('',(1.,0.));
#15468 = ( GEOMETRIC_REPRESENTATION_CONTEXT(2) 
PARAMETRIC_REPRESENTATION_CONTEXT() REPRESENTATION_CONTEXT('2D SPACE',''
  ) );
#15469 = PCURVE('',#15024,#15470);
#15470 = DEFINITIONAL_REPRESENTATION('',(#15471),#15475);
#15471 = LINE('',#15472,#15473);
#15472 = CARTESIAN_POINT('',(1.165395718553,-0.22766967198));
#15473 = VECTOR('',#15474,1.);
#15474 = DIRECTION('',(-0.389806717926,0.92089669489));
#15475 = ( GEOMETRIC_REPRESENTATION_CONTEXT(2) 
PARAMETRIC_REPRESENTATION_CONTEXT() REPRESENTATION_CONTEXT('2D SPACE',''
  ) );
#15476 = ORIENTED_EDGE('',*,*,#15477,.F.);
#15477 = EDGE_CURVE('',#5756,#15455,#15478,.T.);
#15478 = SURFACE_CURVE('',#15479,(#15483,#15490),.PCURVE_S1.);
#15479 = LINE('',#15480,#15481);
#15480 = CARTESIAN_POINT('',(65.13258,39.75,101.48378));
#15481 = VECTOR('',#15482,1.);
#15482 = DIRECTION('',(0.,1.,0.));
#15483 = PCURVE('',#5799,#15484);
#15484 = DEFINITIONAL_REPRESENTATION('',(#15485),#15489);
#15485 = LINE('',#15486,#15487);
#15486 = CARTESIAN_POINT('',(0.109567121437,0.));
#15487 = VECTOR('',#15488,1.);
#15488 = DIRECTION('',(0.,-1.));
#15489 = ( GEOMETRIC_REPRESENTATION_CONTEXT(2) 
PARAMETRIC_REPRESENTATION_CONTEXT() REPRESENTATION_CONTEXT('2D SPACE',''
  ) );
#15490 = PCURVE('',#5771,#15491);
#15491 = DEFINITIONAL_REPRESENTATION('',(#15492),#15496);
#15492 = LINE('',#15493,#15494);
#15493 = CARTESIAN_POINT('',(0.,0.));
#15494 = VECTOR('',#15495,1.);
#15495 = DIRECTION('',(0.,-1.));
#15496 = ( GEOMETRIC_REPRESENTATION_CONTEXT(2) 
PARAMETRIC_REPRESENTATION_CONTEXT() REPRESENTATION_CONTEXT('2D SPACE',''
  ) );
#15497 = ADVANCED_FACE('',(#15498),#5771,.F.);
#15498 = FACE_BOUND('',#15499,.F.);
#15499 = EDGE_LOOP('',(#15500,#15501,#15502,#15525));
#15500 = ORIENTED_EDGE('',*,*,#5755,.T.);
#15501 = ORIENTED_EDGE('',*,*,#15477,.T.);
#15502 = ORIENTED_EDGE('',*,*,#15503,.T.);
#15503 = EDGE_CURVE('',#15455,#15504,#15506,.T.);
#15504 = VERTEX_POINT('',#15505);
#15505 = CARTESIAN_POINT('',(65.08125,39.95,101.3863));
#15506 = SURFACE_CURVE('',#15507,(#15511,#15518),.PCURVE_S1.);
#15507 = LINE('',#15508,#15509);
#15508 = CARTESIAN_POINT('',(65.13258,39.95,101.48378));
#15509 = VECTOR('',#15510,1.);
#15510 = DIRECTION('',(-0.465922253536,0.,-0.884825662862));
#15511 = PCURVE('',#5771,#15512);
#15512 = DEFINITIONAL_REPRESENTATION('',(#15513),#15517);
#15513 = LINE('',#15514,#15515);
#15514 = CARTESIAN_POINT('',(0.,-0.2));
#15515 = VECTOR('',#15516,1.);
#15516 = DIRECTION('',(1.,0.));
#15517 = ( GEOMETRIC_REPRESENTATION_CONTEXT(2) 
PARAMETRIC_REPRESENTATION_CONTEXT() REPRESENTATION_CONTEXT('2D SPACE',''
  ) );
#15518 = PCURVE('',#15024,#15519);
#15519 = DEFINITIONAL_REPRESENTATION('',(#15520),#15524);
#15520 = LINE('',#15521,#15522);
#15521 = CARTESIAN_POINT('',(1.122685718553,-0.12676967198));
#15522 = VECTOR('',#15523,1.);
#15523 = DIRECTION('',(-0.465922253536,0.884825662862));
#15524 = ( GEOMETRIC_REPRESENTATION_CONTEXT(2) 
PARAMETRIC_REPRESENTATION_CONTEXT() REPRESENTATION_CONTEXT('2D SPACE',''
  ) );
#15525 = ORIENTED_EDGE('',*,*,#15526,.F.);
#15526 = EDGE_CURVE('',#5728,#15504,#15527,.T.);
#15527 = SURFACE_CURVE('',#15528,(#15532,#15539),.PCURVE_S1.);
#15528 = LINE('',#15529,#15530);
#15529 = CARTESIAN_POINT('',(65.08125,39.75,101.3863));
#15530 = VECTOR('',#15531,1.);
#15531 = DIRECTION('',(0.,1.,0.));
#15532 = PCURVE('',#5771,#15533);
#15533 = DEFINITIONAL_REPRESENTATION('',(#15534),#15538);
#15534 = LINE('',#15535,#15536);
#15535 = CARTESIAN_POINT('',(0.11016859489,0.));
#15536 = VECTOR('',#15537,1.);
#15537 = DIRECTION('',(0.,-1.));
#15538 = ( GEOMETRIC_REPRESENTATION_CONTEXT(2) 
PARAMETRIC_REPRESENTATION_CONTEXT() REPRESENTATION_CONTEXT('2D SPACE',''
  ) );
#15539 = PCURVE('',#5743,#15540);
#15540 = DEFINITIONAL_REPRESENTATION('',(#15541),#15545);
#15541 = LINE('',#15542,#15543);
#15542 = CARTESIAN_POINT('',(0.,0.));
#15543 = VECTOR('',#15544,1.);
#15544 = DIRECTION('',(0.,-1.));
#15545 = ( GEOMETRIC_REPRESENTATION_CONTEXT(2) 
PARAMETRIC_REPRESENTATION_CONTEXT() REPRESENTATION_CONTEXT('2D SPACE',''
  ) );
#15546 = ADVANCED_FACE('',(#15547),#5743,.F.);
#15547 = FACE_BOUND('',#15548,.F.);
#15548 = EDGE_LOOP('',(#15549,#15550,#15551,#15574));
#15549 = ORIENTED_EDGE('',*,*,#5727,.T.);
#15550 = ORIENTED_EDGE('',*,*,#15526,.T.);
#15551 = ORIENTED_EDGE('',*,*,#15552,.T.);
#15552 = EDGE_CURVE('',#15504,#15553,#15555,.T.);
#15553 = VERTEX_POINT('',#15554);
#15554 = CARTESIAN_POINT('',(65.02142,39.95,101.29279));
#15555 = SURFACE_CURVE('',#15556,(#15560,#15567),.PCURVE_S1.);
#15556 = LINE('',#15557,#15558);
#15557 = CARTESIAN_POINT('',(65.08125,39.95,101.3863));
#15558 = VECTOR('',#15559,1.);
#15559 = DIRECTION('',(-0.53894888857,0.,-0.842338468497));
#15560 = PCURVE('',#5743,#15561);
#15561 = DEFINITIONAL_REPRESENTATION('',(#15562),#15566);
#15562 = LINE('',#15563,#15564);
#15563 = CARTESIAN_POINT('',(0.,-0.2));
#15564 = VECTOR('',#15565,1.);
#15565 = DIRECTION('',(1.,0.));
#15566 = ( GEOMETRIC_REPRESENTATION_CONTEXT(2) 
PARAMETRIC_REPRESENTATION_CONTEXT() REPRESENTATION_CONTEXT('2D SPACE',''
  ) );
#15567 = PCURVE('',#15024,#15568);
#15568 = DEFINITIONAL_REPRESENTATION('',(#15569),#15573);
#15569 = LINE('',#15570,#15571);
#15570 = CARTESIAN_POINT('',(1.071355718553,-2.928967198001E-02));
#15571 = VECTOR('',#15572,1.);
#15572 = DIRECTION('',(-0.53894888857,0.842338468497));
#15573 = ( GEOMETRIC_REPRESENTATION_CONTEXT(2) 
PARAMETRIC_REPRESENTATION_CONTEXT() REPRESENTATION_CONTEXT('2D SPACE',''
  ) );
#15574 = ORIENTED_EDGE('',*,*,#15575,.F.);
#15575 = EDGE_CURVE('',#5700,#15553,#15576,.T.);
#15576 = SURFACE_CURVE('',#15577,(#15581,#15588),.PCURVE_S1.);
#15577 = LINE('',#15578,#15579);
#15578 = CARTESIAN_POINT('',(65.02142,39.75,101.29279));
#15579 = VECTOR('',#15580,1.);
#15580 = DIRECTION('',(0.,1.,0.));
#15581 = PCURVE('',#5743,#15582);
#15582 = DEFINITIONAL_REPRESENTATION('',(#15583),#15587);
#15583 = LINE('',#15584,#15585);
#15584 = CARTESIAN_POINT('',(0.111012382192,0.));
#15585 = VECTOR('',#15586,1.);
#15586 = DIRECTION('',(0.,-1.));
#15587 = ( GEOMETRIC_REPRESENTATION_CONTEXT(2) 
PARAMETRIC_REPRESENTATION_CONTEXT() REPRESENTATION_CONTEXT('2D SPACE',''
  ) );
#15588 = PCURVE('',#5715,#15589);
#15589 = DEFINITIONAL_REPRESENTATION('',(#15590),#15594);
#15590 = LINE('',#15591,#15592);
#15591 = CARTESIAN_POINT('',(0.,0.));
#15592 = VECTOR('',#15593,1.);
#15593 = DIRECTION('',(0.,-1.));
#15594 = ( GEOMETRIC_REPRESENTATION_CONTEXT(2) 
PARAMETRIC_REPRESENTATION_CONTEXT() REPRESENTATION_CONTEXT('2D SPACE',''
  ) );
#15595 = ADVANCED_FACE('',(#15596),#5715,.F.);
#15596 = FACE_BOUND('',#15597,.F.);
#15597 = EDGE_LOOP('',(#15598,#15599,#15600,#15623));
#15598 = ORIENTED_EDGE('',*,*,#5699,.T.);
#15599 = ORIENTED_EDGE('',*,*,#15575,.T.);
#15600 = ORIENTED_EDGE('',*,*,#15601,.T.);
#15601 = EDGE_CURVE('',#15553,#15602,#15604,.T.);
#15602 = VERTEX_POINT('',#15603);
#15603 = CARTESIAN_POINT('',(63.36629,39.95,99.14247));
#15604 = SURFACE_CURVE('',#15605,(#15609,#15616),.PCURVE_S1.);
#15605 = LINE('',#15606,#15607);
#15606 = CARTESIAN_POINT('',(65.02142,39.95,101.29279));
#15607 = VECTOR('',#15608,1.);
#15608 = DIRECTION('',(-0.609950984197,0.,-0.792439143958));
#15609 = PCURVE('',#5715,#15610);
#15610 = DEFINITIONAL_REPRESENTATION('',(#15611),#15615);
#15611 = LINE('',#15612,#15613);
#15612 = CARTESIAN_POINT('',(0.,-0.2));
#15613 = VECTOR('',#15614,1.);
#15614 = DIRECTION('',(1.,0.));
#15615 = ( GEOMETRIC_REPRESENTATION_CONTEXT(2) 
PARAMETRIC_REPRESENTATION_CONTEXT() REPRESENTATION_CONTEXT('2D SPACE',''
  ) );
#15616 = PCURVE('',#15024,#15617);
#15617 = DEFINITIONAL_REPRESENTATION('',(#15618),#15622);
#15618 = LINE('',#15619,#15620);
#15619 = CARTESIAN_POINT('',(1.011525718553,6.422032802E-02));
#15620 = VECTOR('',#15621,1.);
#15621 = DIRECTION('',(-0.609950984197,0.792439143958));
#15622 = ( GEOMETRIC_REPRESENTATION_CONTEXT(2) 
PARAMETRIC_REPRESENTATION_CONTEXT() REPRESENTATION_CONTEXT('2D SPACE',''
  ) );
#15623 = ORIENTED_EDGE('',*,*,#15624,.F.);
#15624 = EDGE_CURVE('',#5672,#15602,#15625,.T.);
#15625 = SURFACE_CURVE('',#15626,(#15630,#15637),.PCURVE_S1.);
#15626 = LINE('',#15627,#15628);
#15627 = CARTESIAN_POINT('',(63.36629,39.75,99.14247));
#15628 = VECTOR('',#15629,1.);
#15629 = DIRECTION('',(0.,1.,0.));
#15630 = PCURVE('',#5715,#15631);
#15631 = DEFINITIONAL_REPRESENTATION('',(#15632),#15636);
#15632 = LINE('',#15633,#15634);
#15633 = CARTESIAN_POINT('',(2.71354591251,0.));
#15634 = VECTOR('',#15635,1.);
#15635 = DIRECTION('',(0.,-1.));
#15636 = ( GEOMETRIC_REPRESENTATION_CONTEXT(2) 
PARAMETRIC_REPRESENTATION_CONTEXT() REPRESENTATION_CONTEXT('2D SPACE',''
  ) );
#15637 = PCURVE('',#5687,#15638);
#15638 = DEFINITIONAL_REPRESENTATION('',(#15639),#15643);
#15639 = LINE('',#15640,#15641);
#15640 = CARTESIAN_POINT('',(0.,0.));
#15641 = VECTOR('',#15642,1.);
#15642 = DIRECTION('',(0.,-1.));
#15643 = ( GEOMETRIC_REPRESENTATION_CONTEXT(2) 
PARAMETRIC_REPRESENTATION_CONTEXT() REPRESENTATION_CONTEXT('2D SPACE',''
  ) );
#15644 = ADVANCED_FACE('',(#15645),#5687,.F.);
#15645 = FACE_BOUND('',#15646,.F.);
#15646 = EDGE_LOOP('',(#15647,#15648,#15649,#15672));
#15647 = ORIENTED_EDGE('',*,*,#5671,.T.);
#15648 = ORIENTED_EDGE('',*,*,#15624,.T.);
#15649 = ORIENTED_EDGE('',*,*,#15650,.T.);
#15650 = EDGE_CURVE('',#15602,#15651,#15653,.T.);
#15651 = VERTEX_POINT('',#15652);
#15652 = CARTESIAN_POINT('',(63.2284,39.95,99.10896));
#15653 = SURFACE_CURVE('',#15654,(#15658,#15665),.PCURVE_S1.);
#15654 = LINE('',#15655,#15656);
#15655 = CARTESIAN_POINT('',(63.36629,39.95,99.14247));
#15656 = VECTOR('',#15657,1.);
#15657 = DIRECTION('',(-0.971717445477,0.,-0.236146577692));
#15658 = PCURVE('',#5687,#15659);
#15659 = DEFINITIONAL_REPRESENTATION('',(#15660),#15664);
#15660 = LINE('',#15661,#15662);
#15661 = CARTESIAN_POINT('',(0.,-0.2));
#15662 = VECTOR('',#15663,1.);
#15663 = DIRECTION('',(1.,0.));
#15664 = ( GEOMETRIC_REPRESENTATION_CONTEXT(2) 
PARAMETRIC_REPRESENTATION_CONTEXT() REPRESENTATION_CONTEXT('2D SPACE',''
  ) );
#15665 = PCURVE('',#15024,#15666);
#15666 = DEFINITIONAL_REPRESENTATION('',(#15667),#15671);
#15667 = LINE('',#15668,#15669);
#15668 = CARTESIAN_POINT('',(-0.643604281447,2.21454032802));
#15669 = VECTOR('',#15670,1.);
#15670 = DIRECTION('',(-0.971717445477,0.236146577692));
#15671 = ( GEOMETRIC_REPRESENTATION_CONTEXT(2) 
PARAMETRIC_REPRESENTATION_CONTEXT() REPRESENTATION_CONTEXT('2D SPACE',''
  ) );
#15672 = ORIENTED_EDGE('',*,*,#15673,.F.);
#15673 = EDGE_CURVE('',#5644,#15651,#15674,.T.);
#15674 = SURFACE_CURVE('',#15675,(#15679,#15686),.PCURVE_S1.);
#15675 = LINE('',#15676,#15677);
#15676 = CARTESIAN_POINT('',(63.2284,39.75,99.10896));
#15677 = VECTOR('',#15678,1.);
#15678 = DIRECTION('',(0.,1.,0.));
#15679 = PCURVE('',#5687,#15680);
#15680 = DEFINITIONAL_REPRESENTATION('',(#15681),#15685);
#15681 = LINE('',#15682,#15683);
#15682 = CARTESIAN_POINT('',(0.141903390375,0.));
#15683 = VECTOR('',#15684,1.);
#15684 = DIRECTION('',(0.,-1.));
#15685 = ( GEOMETRIC_REPRESENTATION_CONTEXT(2) 
PARAMETRIC_REPRESENTATION_CONTEXT() REPRESENTATION_CONTEXT('2D SPACE',''
  ) );
#15686 = PCURVE('',#5659,#15687);
#15687 = DEFINITIONAL_REPRESENTATION('',(#15688),#15692);
#15688 = LINE('',#15689,#15690);
#15689 = CARTESIAN_POINT('',(0.,0.));
#15690 = VECTOR('',#15691,1.);
#15691 = DIRECTION('',(0.,-1.));
#15692 = ( GEOMETRIC_REPRESENTATION_CONTEXT(2) 
PARAMETRIC_REPRESENTATION_CONTEXT() REPRESENTATION_CONTEXT('2D SPACE',''
  ) );
#15693 = ADVANCED_FACE('',(#15694),#5659,.F.);
#15694 = FACE_BOUND('',#15695,.F.);
#15695 = EDGE_LOOP('',(#15696,#15697,#15698,#15721));
#15696 = ORIENTED_EDGE('',*,*,#5643,.T.);
#15697 = ORIENTED_EDGE('',*,*,#15673,.T.);
#15698 = ORIENTED_EDGE('',*,*,#15699,.T.);
#15699 = EDGE_CURVE('',#15651,#15700,#15702,.T.);
#15700 = VERTEX_POINT('',#15701);
#15701 = CARTESIAN_POINT('',(62.8243,39.95,100.26961));
#15702 = SURFACE_CURVE('',#15703,(#15707,#15714),.PCURVE_S1.);
#15703 = LINE('',#15704,#15705);
#15704 = CARTESIAN_POINT('',(63.2284,39.95,99.10896));
#15705 = VECTOR('',#15706,1.);
#15706 = DIRECTION('',(-0.32880779875,0.,0.94439686122));
#15707 = PCURVE('',#5659,#15708);
#15708 = DEFINITIONAL_REPRESENTATION('',(#15709),#15713);
#15709 = LINE('',#15710,#15711);
#15710 = CARTESIAN_POINT('',(0.,-0.2));
#15711 = VECTOR('',#15712,1.);
#15712 = DIRECTION('',(1.,0.));
#15713 = ( GEOMETRIC_REPRESENTATION_CONTEXT(2) 
PARAMETRIC_REPRESENTATION_CONTEXT() REPRESENTATION_CONTEXT('2D SPACE',''
  ) );
#15714 = PCURVE('',#15024,#15715);
#15715 = DEFINITIONAL_REPRESENTATION('',(#15716),#15720);
#15716 = LINE('',#15717,#15718);
#15717 = CARTESIAN_POINT('',(-0.781494281447,2.24805032802));
#15718 = VECTOR('',#15719,1.);
#15719 = DIRECTION('',(-0.32880779875,-0.94439686122));
#15720 = ( GEOMETRIC_REPRESENTATION_CONTEXT(2) 
PARAMETRIC_REPRESENTATION_CONTEXT() REPRESENTATION_CONTEXT('2D SPACE',''
  ) );
#15721 = ORIENTED_EDGE('',*,*,#15722,.F.);
#15722 = EDGE_CURVE('',#5616,#15700,#15723,.T.);
#15723 = SURFACE_CURVE('',#15724,(#15728,#15735),.PCURVE_S1.);
#15724 = LINE('',#15725,#15726);
#15725 = CARTESIAN_POINT('',(62.8243,39.75,100.26961));
#15726 = VECTOR('',#15727,1.);
#15727 = DIRECTION('',(0.,1.,0.));
#15728 = PCURVE('',#5659,#15729);
#15729 = DEFINITIONAL_REPRESENTATION('',(#15730),#15734);
#15730 = LINE('',#15731,#15732);
#15731 = CARTESIAN_POINT('',(1.228985448449,0.));
#15732 = VECTOR('',#15733,1.);
#15733 = DIRECTION('',(0.,-1.));
#15734 = ( GEOMETRIC_REPRESENTATION_CONTEXT(2) 
PARAMETRIC_REPRESENTATION_CONTEXT() REPRESENTATION_CONTEXT('2D SPACE',''
  ) );
#15735 = PCURVE('',#5631,#15736);
#15736 = DEFINITIONAL_REPRESENTATION('',(#15737),#15741);
#15737 = LINE('',#15738,#15739);
#15738 = CARTESIAN_POINT('',(0.,0.));
#15739 = VECTOR('',#15740,1.);
#15740 = DIRECTION('',(0.,-1.));
#15741 = ( GEOMETRIC_REPRESENTATION_CONTEXT(2) 
PARAMETRIC_REPRESENTATION_CONTEXT() REPRESENTATION_CONTEXT('2D SPACE',''
  ) );
#15742 = ADVANCED_FACE('',(#15743),#5631,.F.);
#15743 = FACE_BOUND('',#15744,.F.);
#15744 = EDGE_LOOP('',(#15745,#15746,#15747,#15770));
#15745 = ORIENTED_EDGE('',*,*,#5615,.T.);
#15746 = ORIENTED_EDGE('',*,*,#15722,.T.);
#15747 = ORIENTED_EDGE('',*,*,#15748,.T.);
#15748 = EDGE_CURVE('',#15700,#15749,#15751,.T.);
#15749 = VERTEX_POINT('',#15750);
#15750 = CARTESIAN_POINT('',(62.7951,39.95,100.37565));
#15751 = SURFACE_CURVE('',#15752,(#15756,#15763),.PCURVE_S1.);
#15752 = LINE('',#15753,#15754);
#15753 = CARTESIAN_POINT('',(62.8243,39.95,100.26961));
#15754 = VECTOR('',#15755,1.);
#15755 = DIRECTION('',(-0.265486124823,0.,0.964114680692));
#15756 = PCURVE('',#5631,#15757);
#15757 = DEFINITIONAL_REPRESENTATION('',(#15758),#15762);
#15758 = LINE('',#15759,#15760);
#15759 = CARTESIAN_POINT('',(0.,-0.2));
#15760 = VECTOR('',#15761,1.);
#15761 = DIRECTION('',(1.,0.));
#15762 = ( GEOMETRIC_REPRESENTATION_CONTEXT(2) 
PARAMETRIC_REPRESENTATION_CONTEXT() REPRESENTATION_CONTEXT('2D SPACE',''
  ) );
#15763 = PCURVE('',#15024,#15764);
#15764 = DEFINITIONAL_REPRESENTATION('',(#15765),#15769);
#15765 = LINE('',#15766,#15767);
#15766 = CARTESIAN_POINT('',(-1.185594281447,1.08740032802));
#15767 = VECTOR('',#15768,1.);
#15768 = DIRECTION('',(-0.265486124823,-0.964114680692));
#15769 = ( GEOMETRIC_REPRESENTATION_CONTEXT(2) 
PARAMETRIC_REPRESENTATION_CONTEXT() REPRESENTATION_CONTEXT('2D SPACE',''
  ) );
#15770 = ORIENTED_EDGE('',*,*,#15771,.F.);
#15771 = EDGE_CURVE('',#5588,#15749,#15772,.T.);
#15772 = SURFACE_CURVE('',#15773,(#15777,#15784),.PCURVE_S1.);
#15773 = LINE('',#15774,#15775);
#15774 = CARTESIAN_POINT('',(62.7951,39.75,100.37565));
#15775 = VECTOR('',#15776,1.);
#15776 = DIRECTION('',(0.,1.,0.));
#15777 = PCURVE('',#5631,#15778);
#15778 = DEFINITIONAL_REPRESENTATION('',(#15779),#15783);
#15779 = LINE('',#15780,#15781);
#15780 = CARTESIAN_POINT('',(0.109986915585,0.));
#15781 = VECTOR('',#15782,1.);
#15782 = DIRECTION('',(0.,-1.));
#15783 = ( GEOMETRIC_REPRESENTATION_CONTEXT(2) 
PARAMETRIC_REPRESENTATION_CONTEXT() REPRESENTATION_CONTEXT('2D SPACE',''
  ) );
#15784 = PCURVE('',#5603,#15785);
#15785 = DEFINITIONAL_REPRESENTATION('',(#15786),#15790);
#15786 = LINE('',#15787,#15788);
#15787 = CARTESIAN_POINT('',(0.,0.));
#15788 = VECTOR('',#15789,1.);
#15789 = DIRECTION('',(0.,-1.));
#15790 = ( GEOMETRIC_REPRESENTATION_CONTEXT(2) 
PARAMETRIC_REPRESENTATION_CONTEXT() REPRESENTATION_CONTEXT('2D SPACE',''
  ) );
#15791 = ADVANCED_FACE('',(#15792),#5603,.F.);
#15792 = FACE_BOUND('',#15793,.F.);
#15793 = EDGE_LOOP('',(#15794,#15795,#15796,#15819));
#15794 = ORIENTED_EDGE('',*,*,#5587,.T.);
#15795 = ORIENTED_EDGE('',*,*,#15771,.T.);
#15796 = ORIENTED_EDGE('',*,*,#15797,.T.);
#15797 = EDGE_CURVE('',#15749,#15798,#15800,.T.);
#15798 = VERTEX_POINT('',#15799);
#15799 = CARTESIAN_POINT('',(62.77474,39.95,100.48437));
#15800 = SURFACE_CURVE('',#15801,(#15805,#15812),.PCURVE_S1.);
#15801 = LINE('',#15802,#15803);
#15802 = CARTESIAN_POINT('',(62.7951,39.95,100.37565));
#15803 = VECTOR('',#15804,1.);
#15804 = DIRECTION('',(-0.184070187248,0.,0.982913102042));
#15805 = PCURVE('',#5603,#15806);
#15806 = DEFINITIONAL_REPRESENTATION('',(#15807),#15811);
#15807 = LINE('',#15808,#15809);
#15808 = CARTESIAN_POINT('',(0.,-0.2));
#15809 = VECTOR('',#15810,1.);
#15810 = DIRECTION('',(1.,0.));
#15811 = ( GEOMETRIC_REPRESENTATION_CONTEXT(2) 
PARAMETRIC_REPRESENTATION_CONTEXT() REPRESENTATION_CONTEXT('2D SPACE',''
  ) );
#15812 = PCURVE('',#15024,#15813);
#15813 = DEFINITIONAL_REPRESENTATION('',(#15814),#15818);
#15814 = LINE('',#15815,#15816);
#15815 = CARTESIAN_POINT('',(-1.214794281447,0.98136032802));
#15816 = VECTOR('',#15817,1.);
#15817 = DIRECTION('',(-0.184070187248,-0.982913102042));
#15818 = ( GEOMETRIC_REPRESENTATION_CONTEXT(2) 
PARAMETRIC_REPRESENTATION_CONTEXT() REPRESENTATION_CONTEXT('2D SPACE',''
  ) );
#15819 = ORIENTED_EDGE('',*,*,#15820,.F.);
#15820 = EDGE_CURVE('',#5560,#15798,#15821,.T.);
#15821 = SURFACE_CURVE('',#15822,(#15826,#15833),.PCURVE_S1.);
#15822 = LINE('',#15823,#15824);
#15823 = CARTESIAN_POINT('',(62.77474,39.75,100.48437));
#15824 = VECTOR('',#15825,1.);
#15825 = DIRECTION('',(0.,1.,0.));
#15826 = PCURVE('',#5603,#15827);
#15827 = DEFINITIONAL_REPRESENTATION('',(#15828),#15832);
#15828 = LINE('',#15829,#15830);
#15829 = CARTESIAN_POINT('',(0.110609981466,0.));
#15830 = VECTOR('',#15831,1.);
#15831 = DIRECTION('',(0.,-1.));
#15832 = ( GEOMETRIC_REPRESENTATION_CONTEXT(2) 
PARAMETRIC_REPRESENTATION_CONTEXT() REPRESENTATION_CONTEXT('2D SPACE',''
  ) );
#15833 = PCURVE('',#5575,#15834);
#15834 = DEFINITIONAL_REPRESENTATION('',(#15835),#15839);
#15835 = LINE('',#15836,#15837);
#15836 = CARTESIAN_POINT('',(0.,0.));
#15837 = VECTOR('',#15838,1.);
#15838 = DIRECTION('',(0.,-1.));
#15839 = ( GEOMETRIC_REPRESENTATION_CONTEXT(2) 
PARAMETRIC_REPRESENTATION_CONTEXT() REPRESENTATION_CONTEXT('2D SPACE',''
  ) );
#15840 = ADVANCED_FACE('',(#15841),#5575,.F.);
#15841 = FACE_BOUND('',#15842,.F.);
#15842 = EDGE_LOOP('',(#15843,#15844,#15845,#15868));
#15843 = ORIENTED_EDGE('',*,*,#5559,.T.);
#15844 = ORIENTED_EDGE('',*,*,#15820,.T.);
#15845 = ORIENTED_EDGE('',*,*,#15846,.T.);
#15846 = EDGE_CURVE('',#15798,#15847,#15849,.T.);
#15847 = VERTEX_POINT('',#15848);
#15848 = CARTESIAN_POINT('',(62.76369,39.95,100.59369));
#15849 = SURFACE_CURVE('',#15850,(#15854,#15861),.PCURVE_S1.);
#15850 = LINE('',#15851,#15852);
#15851 = CARTESIAN_POINT('',(62.77474,39.95,100.48437));
#15852 = VECTOR('',#15853,1.);
#15853 = DIRECTION('',(-0.100566956947,0.,0.994930292619));
#15854 = PCURVE('',#5575,#15855);
#15855 = DEFINITIONAL_REPRESENTATION('',(#15856),#15860);
#15856 = LINE('',#15857,#15858);
#15857 = CARTESIAN_POINT('',(0.,-0.2));
#15858 = VECTOR('',#15859,1.);
#15859 = DIRECTION('',(1.,0.));
#15860 = ( GEOMETRIC_REPRESENTATION_CONTEXT(2) 
PARAMETRIC_REPRESENTATION_CONTEXT() REPRESENTATION_CONTEXT('2D SPACE',''
  ) );
#15861 = PCURVE('',#15024,#15862);
#15862 = DEFINITIONAL_REPRESENTATION('',(#15863),#15867);
#15863 = LINE('',#15864,#15865);
#15864 = CARTESIAN_POINT('',(-1.235154281447,0.87264032802));
#15865 = VECTOR('',#15866,1.);
#15866 = DIRECTION('',(-0.100566956947,-0.994930292619));
#15867 = ( GEOMETRIC_REPRESENTATION_CONTEXT(2) 
PARAMETRIC_REPRESENTATION_CONTEXT() REPRESENTATION_CONTEXT('2D SPACE',''
  ) );
#15868 = ORIENTED_EDGE('',*,*,#15869,.F.);
#15869 = EDGE_CURVE('',#5532,#15847,#15870,.T.);
#15870 = SURFACE_CURVE('',#15871,(#15875,#15882),.PCURVE_S1.);
#15871 = LINE('',#15872,#15873);
#15872 = CARTESIAN_POINT('',(62.76369,39.75,100.59369));
#15873 = VECTOR('',#15874,1.);
#15874 = DIRECTION('',(0.,1.,0.));
#15875 = PCURVE('',#5575,#15876);
#15876 = DEFINITIONAL_REPRESENTATION('',(#15877),#15881);
#15877 = LINE('',#15878,#15879);
#15878 = CARTESIAN_POINT('',(0.109877044463,0.));
#15879 = VECTOR('',#15880,1.);
#15880 = DIRECTION('',(0.,-1.));
#15881 = ( GEOMETRIC_REPRESENTATION_CONTEXT(2) 
PARAMETRIC_REPRESENTATION_CONTEXT() REPRESENTATION_CONTEXT('2D SPACE',''
  ) );
#15882 = PCURVE('',#5547,#15883);
#15883 = DEFINITIONAL_REPRESENTATION('',(#15884),#15888);
#15884 = LINE('',#15885,#15886);
#15885 = CARTESIAN_POINT('',(0.,0.));
#15886 = VECTOR('',#15887,1.);
#15887 = DIRECTION('',(0.,-1.));
#15888 = ( GEOMETRIC_REPRESENTATION_CONTEXT(2) 
PARAMETRIC_REPRESENTATION_CONTEXT() REPRESENTATION_CONTEXT('2D SPACE',''
  ) );
#15889 = ADVANCED_FACE('',(#15890),#5547,.F.);
#15890 = FACE_BOUND('',#15891,.F.);
#15891 = EDGE_LOOP('',(#15892,#15893,#15894,#15917));
#15892 = ORIENTED_EDGE('',*,*,#5531,.T.);
#15893 = ORIENTED_EDGE('',*,*,#15869,.T.);
#15894 = ORIENTED_EDGE('',*,*,#15895,.T.);
#15895 = EDGE_CURVE('',#15847,#15896,#15898,.T.);
#15896 = VERTEX_POINT('',#15897);
#15897 = CARTESIAN_POINT('',(62.76185,39.95,100.70305));
#15898 = SURFACE_CURVE('',#15899,(#15903,#15910),.PCURVE_S1.);
#15899 = LINE('',#15900,#15901);
#15900 = CARTESIAN_POINT('',(62.76369,39.95,100.59369));
#15901 = VECTOR('',#15902,1.);
#15902 = DIRECTION('',(-1.682278361386E-02,0.,0.999858486963));
#15903 = PCURVE('',#5547,#15904);
#15904 = DEFINITIONAL_REPRESENTATION('',(#15905),#15909);
#15905 = LINE('',#15906,#15907);
#15906 = CARTESIAN_POINT('',(0.,-0.2));
#15907 = VECTOR('',#15908,1.);
#15908 = DIRECTION('',(1.,0.));
#15909 = ( GEOMETRIC_REPRESENTATION_CONTEXT(2) 
PARAMETRIC_REPRESENTATION_CONTEXT() REPRESENTATION_CONTEXT('2D SPACE',''
  ) );
#15910 = PCURVE('',#15024,#15911);
#15911 = DEFINITIONAL_REPRESENTATION('',(#15912),#15916);
#15912 = LINE('',#15913,#15914);
#15913 = CARTESIAN_POINT('',(-1.246204281447,0.76332032802));
#15914 = VECTOR('',#15915,1.);
#15915 = DIRECTION('',(-1.682278361386E-02,-0.999858486963));
#15916 = ( GEOMETRIC_REPRESENTATION_CONTEXT(2) 
PARAMETRIC_REPRESENTATION_CONTEXT() REPRESENTATION_CONTEXT('2D SPACE',''
  ) );
#15917 = ORIENTED_EDGE('',*,*,#15918,.F.);
#15918 = EDGE_CURVE('',#5504,#15896,#15919,.T.);
#15919 = SURFACE_CURVE('',#15920,(#15924,#15931),.PCURVE_S1.);
#15920 = LINE('',#15921,#15922);
#15921 = CARTESIAN_POINT('',(62.76185,39.75,100.70305));
#15922 = VECTOR('',#15923,1.);
#15923 = DIRECTION('',(0.,1.,0.));
#15924 = PCURVE('',#5547,#15925);
#15925 = DEFINITIONAL_REPRESENTATION('',(#15926),#15930);
#15926 = LINE('',#15927,#15928);
#15927 = CARTESIAN_POINT('',(0.109375478056,0.));
#15928 = VECTOR('',#15929,1.);
#15929 = DIRECTION('',(0.,-1.));
#15930 = ( GEOMETRIC_REPRESENTATION_CONTEXT(2) 
PARAMETRIC_REPRESENTATION_CONTEXT() REPRESENTATION_CONTEXT('2D SPACE',''
  ) );
#15931 = PCURVE('',#5519,#15932);
#15932 = DEFINITIONAL_REPRESENTATION('',(#15933),#15937);
#15933 = LINE('',#15934,#15935);
#15934 = CARTESIAN_POINT('',(0.,0.));
#15935 = VECTOR('',#15936,1.);
#15936 = DIRECTION('',(0.,-1.));
#15937 = ( GEOMETRIC_REPRESENTATION_CONTEXT(2) 
PARAMETRIC_REPRESENTATION_CONTEXT() REPRESENTATION_CONTEXT('2D SPACE',''
  ) );
#15938 = ADVANCED_FACE('',(#15939),#5519,.F.);
#15939 = FACE_BOUND('',#15940,.F.);
#15940 = EDGE_LOOP('',(#15941,#15942,#15943,#15966));
#15941 = ORIENTED_EDGE('',*,*,#5503,.T.);
#15942 = ORIENTED_EDGE('',*,*,#15918,.T.);
#15943 = ORIENTED_EDGE('',*,*,#15944,.T.);
#15944 = EDGE_CURVE('',#15896,#15945,#15947,.T.);
#15945 = VERTEX_POINT('',#15946);
#15946 = CARTESIAN_POINT('',(62.7691,39.95,100.81186));
#15947 = SURFACE_CURVE('',#15948,(#15952,#15959),.PCURVE_S1.);
#15948 = LINE('',#15949,#15950);
#15949 = CARTESIAN_POINT('',(62.76185,39.95,100.70305));
#15950 = VECTOR('',#15951,1.);
#15951 = DIRECTION('',(6.648249278409E-02,0.,0.997787591701));
#15952 = PCURVE('',#5519,#15953);
#15953 = DEFINITIONAL_REPRESENTATION('',(#15954),#15958);
#15954 = LINE('',#15955,#15956);
#15955 = CARTESIAN_POINT('',(0.,-0.2));
#15956 = VECTOR('',#15957,1.);
#15957 = DIRECTION('',(1.,0.));
#15958 = ( GEOMETRIC_REPRESENTATION_CONTEXT(2) 
PARAMETRIC_REPRESENTATION_CONTEXT() REPRESENTATION_CONTEXT('2D SPACE',''
  ) );
#15959 = PCURVE('',#15024,#15960);
#15960 = DEFINITIONAL_REPRESENTATION('',(#15961),#15965);
#15961 = LINE('',#15962,#15963);
#15962 = CARTESIAN_POINT('',(-1.248044281447,0.65396032802));
#15963 = VECTOR('',#15964,1.);
#15964 = DIRECTION('',(6.648249278409E-02,-0.997787591701));
#15965 = ( GEOMETRIC_REPRESENTATION_CONTEXT(2) 
PARAMETRIC_REPRESENTATION_CONTEXT() REPRESENTATION_CONTEXT('2D SPACE',''
  ) );
#15966 = ORIENTED_EDGE('',*,*,#15967,.F.);
#15967 = EDGE_CURVE('',#5476,#15945,#15968,.T.);
#15968 = SURFACE_CURVE('',#15969,(#15973,#15980),.PCURVE_S1.);
#15969 = LINE('',#15970,#15971);
#15970 = CARTESIAN_POINT('',(62.7691,39.75,100.81186));
#15971 = VECTOR('',#15972,1.);
#15972 = DIRECTION('',(0.,1.,0.));
#15973 = PCURVE('',#5519,#15974);
#15974 = DEFINITIONAL_REPRESENTATION('',(#15975),#15979);
#15975 = LINE('',#15976,#15977);
#15976 = CARTESIAN_POINT('',(0.109051265926,0.));
#15977 = VECTOR('',#15978,1.);
#15978 = DIRECTION('',(0.,-1.));
#15979 = ( GEOMETRIC_REPRESENTATION_CONTEXT(2) 
PARAMETRIC_REPRESENTATION_CONTEXT() REPRESENTATION_CONTEXT('2D SPACE',''
  ) );
#15980 = PCURVE('',#5491,#15981);
#15981 = DEFINITIONAL_REPRESENTATION('',(#15982),#15986);
#15982 = LINE('',#15983,#15984);
#15983 = CARTESIAN_POINT('',(0.,0.));
#15984 = VECTOR('',#15985,1.);
#15985 = DIRECTION('',(0.,-1.));
#15986 = ( GEOMETRIC_REPRESENTATION_CONTEXT(2) 
PARAMETRIC_REPRESENTATION_CONTEXT() REPRESENTATION_CONTEXT('2D SPACE',''
  ) );
#15987 = ADVANCED_FACE('',(#15988),#5491,.F.);
#15988 = FACE_BOUND('',#15989,.F.);
#15989 = EDGE_LOOP('',(#15990,#15991,#15992,#16015));
#15990 = ORIENTED_EDGE('',*,*,#5475,.T.);
#15991 = ORIENTED_EDGE('',*,*,#15967,.T.);
#15992 = ORIENTED_EDGE('',*,*,#15993,.T.);
#15993 = EDGE_CURVE('',#15945,#15994,#15996,.T.);
#15994 = VERTEX_POINT('',#15995);
#15995 = CARTESIAN_POINT('',(62.78537,39.95,100.91956));
#15996 = SURFACE_CURVE('',#15997,(#16001,#16008),.PCURVE_S1.);
#15997 = LINE('',#15998,#15999);
#15998 = CARTESIAN_POINT('',(62.7691,39.95,100.81186));
#15999 = VECTOR('',#16000,1.);
#16000 = DIRECTION('',(0.149372940641,0.,0.98878092852));
#16001 = PCURVE('',#5491,#16002);
#16002 = DEFINITIONAL_REPRESENTATION('',(#16003),#16007);
#16003 = LINE('',#16004,#16005);
#16004 = CARTESIAN_POINT('',(0.,-0.2));
#16005 = VECTOR('',#16006,1.);
#16006 = DIRECTION('',(1.,0.));
#16007 = ( GEOMETRIC_REPRESENTATION_CONTEXT(2) 
PARAMETRIC_REPRESENTATION_CONTEXT() REPRESENTATION_CONTEXT('2D SPACE',''
  ) );
#16008 = PCURVE('',#15024,#16009);
#16009 = DEFINITIONAL_REPRESENTATION('',(#16010),#16014);
#16010 = LINE('',#16011,#16012);
#16011 = CARTESIAN_POINT('',(-1.240794281447,0.54515032802));
#16012 = VECTOR('',#16013,1.);
#16013 = DIRECTION('',(0.149372940641,-0.98878092852));
#16014 = ( GEOMETRIC_REPRESENTATION_CONTEXT(2) 
PARAMETRIC_REPRESENTATION_CONTEXT() REPRESENTATION_CONTEXT('2D SPACE',''
  ) );
#16015 = ORIENTED_EDGE('',*,*,#16016,.F.);
#16016 = EDGE_CURVE('',#5448,#15994,#16017,.T.);
#16017 = SURFACE_CURVE('',#16018,(#16022,#16029),.PCURVE_S1.);
#16018 = LINE('',#16019,#16020);
#16019 = CARTESIAN_POINT('',(62.78537,39.75,100.91956));
#16020 = VECTOR('',#16021,1.);
#16021 = DIRECTION('',(0.,1.,0.));
#16022 = PCURVE('',#5491,#16023);
#16023 = DEFINITIONAL_REPRESENTATION('',(#16024),#16028);
#16024 = LINE('',#16025,#16026);
#16025 = CARTESIAN_POINT('',(0.108922003746,0.));
#16026 = VECTOR('',#16027,1.);
#16027 = DIRECTION('',(0.,-1.));
#16028 = ( GEOMETRIC_REPRESENTATION_CONTEXT(2) 
PARAMETRIC_REPRESENTATION_CONTEXT() REPRESENTATION_CONTEXT('2D SPACE',''
  ) );
#16029 = PCURVE('',#5463,#16030);
#16030 = DEFINITIONAL_REPRESENTATION('',(#16031),#16035);
#16031 = LINE('',#16032,#16033);
#16032 = CARTESIAN_POINT('',(0.,0.));
#16033 = VECTOR('',#16034,1.);
#16034 = DIRECTION('',(0.,-1.));
#16035 = ( GEOMETRIC_REPRESENTATION_CONTEXT(2) 
PARAMETRIC_REPRESENTATION_CONTEXT() REPRESENTATION_CONTEXT('2D SPACE',''
  ) );
#16036 = ADVANCED_FACE('',(#16037),#5463,.F.);
#16037 = FACE_BOUND('',#16038,.F.);
#16038 = EDGE_LOOP('',(#16039,#16040,#16041,#16064));
#16039 = ORIENTED_EDGE('',*,*,#5447,.T.);
#16040 = ORIENTED_EDGE('',*,*,#16016,.T.);
#16041 = ORIENTED_EDGE('',*,*,#16042,.T.);
#16042 = EDGE_CURVE('',#15994,#16043,#16045,.T.);
#16043 = VERTEX_POINT('',#16044);
#16044 = CARTESIAN_POINT('',(62.81054,39.95,101.02556));
#16045 = SURFACE_CURVE('',#16046,(#16050,#16057),.PCURVE_S1.);
#16046 = LINE('',#16047,#16048);
#16047 = CARTESIAN_POINT('',(62.78537,39.95,100.91956));
#16048 = VECTOR('',#16049,1.);
#16049 = DIRECTION('',(0.231028987316,0.,0.972946867521));
#16050 = PCURVE('',#5463,#16051);
#16051 = DEFINITIONAL_REPRESENTATION('',(#16052),#16056);
#16052 = LINE('',#16053,#16054);
#16053 = CARTESIAN_POINT('',(0.,-0.2));
#16054 = VECTOR('',#16055,1.);
#16055 = DIRECTION('',(1.,0.));
#16056 = ( GEOMETRIC_REPRESENTATION_CONTEXT(2) 
PARAMETRIC_REPRESENTATION_CONTEXT() REPRESENTATION_CONTEXT('2D SPACE',''
  ) );
#16057 = PCURVE('',#15024,#16058);
#16058 = DEFINITIONAL_REPRESENTATION('',(#16059),#16063);
#16059 = LINE('',#16060,#16061);
#16060 = CARTESIAN_POINT('',(-1.224524281447,0.43745032802));
#16061 = VECTOR('',#16062,1.);
#16062 = DIRECTION('',(0.231028987316,-0.972946867521));
#16063 = ( GEOMETRIC_REPRESENTATION_CONTEXT(2) 
PARAMETRIC_REPRESENTATION_CONTEXT() REPRESENTATION_CONTEXT('2D SPACE',''
  ) );
#16064 = ORIENTED_EDGE('',*,*,#16065,.F.);
#16065 = EDGE_CURVE('',#5420,#16043,#16066,.T.);
#16066 = SURFACE_CURVE('',#16067,(#16071,#16078),.PCURVE_S1.);
#16067 = LINE('',#16068,#16069);
#16068 = CARTESIAN_POINT('',(62.81054,39.75,101.02556));
#16069 = VECTOR('',#16070,1.);
#16070 = DIRECTION('',(0.,1.,0.));
#16071 = PCURVE('',#5463,#16072);
#16072 = DEFINITIONAL_REPRESENTATION('',(#16073),#16077);
#16073 = LINE('',#16074,#16075);
#16074 = CARTESIAN_POINT('',(0.108947367568,0.));
#16075 = VECTOR('',#16076,1.);
#16076 = DIRECTION('',(0.,-1.));
#16077 = ( GEOMETRIC_REPRESENTATION_CONTEXT(2) 
PARAMETRIC_REPRESENTATION_CONTEXT() REPRESENTATION_CONTEXT('2D SPACE',''
  ) );
#16078 = PCURVE('',#5435,#16079);
#16079 = DEFINITIONAL_REPRESENTATION('',(#16080),#16084);
#16080 = LINE('',#16081,#16082);
#16081 = CARTESIAN_POINT('',(0.,0.));
#16082 = VECTOR('',#16083,1.);
#16083 = DIRECTION('',(0.,-1.));
#16084 = ( GEOMETRIC_REPRESENTATION_CONTEXT(2) 
PARAMETRIC_REPRESENTATION_CONTEXT() REPRESENTATION_CONTEXT('2D SPACE',''
  ) );
#16085 = ADVANCED_FACE('',(#16086),#5435,.F.);
#16086 = FACE_BOUND('',#16087,.F.);
#16087 = EDGE_LOOP('',(#16088,#16089,#16090,#16113));
#16088 = ORIENTED_EDGE('',*,*,#5419,.T.);
#16089 = ORIENTED_EDGE('',*,*,#16065,.T.);
#16090 = ORIENTED_EDGE('',*,*,#16091,.T.);
#16091 = EDGE_CURVE('',#16043,#16092,#16094,.T.);
#16092 = VERTEX_POINT('',#16093);
#16093 = CARTESIAN_POINT('',(62.84451,39.95,101.1293));
#16094 = SURFACE_CURVE('',#16095,(#16099,#16106),.PCURVE_S1.);
#16095 = LINE('',#16096,#16097);
#16096 = CARTESIAN_POINT('',(62.81054,39.95,101.02556));
#16097 = VECTOR('',#16098,1.);
#16098 = DIRECTION('',(0.311194016584,0.,0.950346402131));
#16099 = PCURVE('',#5435,#16100);
#16100 = DEFINITIONAL_REPRESENTATION('',(#16101),#16105);
#16101 = LINE('',#16102,#16103);
#16102 = CARTESIAN_POINT('',(0.,-0.2));
#16103 = VECTOR('',#16104,1.);
#16104 = DIRECTION('',(1.,0.));
#16105 = ( GEOMETRIC_REPRESENTATION_CONTEXT(2) 
PARAMETRIC_REPRESENTATION_CONTEXT() REPRESENTATION_CONTEXT('2D SPACE',''
  ) );
#16106 = PCURVE('',#15024,#16107);
#16107 = DEFINITIONAL_REPRESENTATION('',(#16108),#16112);
#16108 = LINE('',#16109,#16110);
#16109 = CARTESIAN_POINT('',(-1.199354281447,0.33145032802));
#16110 = VECTOR('',#16111,1.);
#16111 = DIRECTION('',(0.311194016584,-0.950346402131));
#16112 = ( GEOMETRIC_REPRESENTATION_CONTEXT(2) 
PARAMETRIC_REPRESENTATION_CONTEXT() REPRESENTATION_CONTEXT('2D SPACE',''
  ) );
#16113 = ORIENTED_EDGE('',*,*,#16114,.F.);
#16114 = EDGE_CURVE('',#5392,#16092,#16115,.T.);
#16115 = SURFACE_CURVE('',#16116,(#16120,#16127),.PCURVE_S1.);
#16116 = LINE('',#16117,#16118);
#16117 = CARTESIAN_POINT('',(62.84451,39.75,101.1293));
#16118 = VECTOR('',#16119,1.);
#16119 = DIRECTION('',(0.,1.,0.));
#16120 = PCURVE('',#5435,#16121);
#16121 = DEFINITIONAL_REPRESENTATION('',(#16122),#16126);
#16122 = LINE('',#16123,#16124);
#16123 = CARTESIAN_POINT('',(0.1091601965,0.));
#16124 = VECTOR('',#16125,1.);
#16125 = DIRECTION('',(0.,-1.));
#16126 = ( GEOMETRIC_REPRESENTATION_CONTEXT(2) 
PARAMETRIC_REPRESENTATION_CONTEXT() REPRESENTATION_CONTEXT('2D SPACE',''
  ) );
#16127 = PCURVE('',#5407,#16128);
#16128 = DEFINITIONAL_REPRESENTATION('',(#16129),#16133);
#16129 = LINE('',#16130,#16131);
#16130 = CARTESIAN_POINT('',(0.,0.));
#16131 = VECTOR('',#16132,1.);
#16132 = DIRECTION('',(0.,-1.));
#16133 = ( GEOMETRIC_REPRESENTATION_CONTEXT(2) 
PARAMETRIC_REPRESENTATION_CONTEXT() REPRESENTATION_CONTEXT('2D SPACE',''
  ) );
#16134 = ADVANCED_FACE('',(#16135),#5407,.F.);
#16135 = FACE_BOUND('',#16136,.F.);
#16136 = EDGE_LOOP('',(#16137,#16138,#16139,#16162));
#16137 = ORIENTED_EDGE('',*,*,#5391,.T.);
#16138 = ORIENTED_EDGE('',*,*,#16114,.T.);
#16139 = ORIENTED_EDGE('',*,*,#16140,.T.);
#16140 = EDGE_CURVE('',#16092,#16141,#16143,.T.);
#16141 = VERTEX_POINT('',#16142);
#16142 = CARTESIAN_POINT('',(62.8872,39.95,101.2302));
#16143 = SURFACE_CURVE('',#16144,(#16148,#16155),.PCURVE_S1.);
#16144 = LINE('',#16145,#16146);
#16145 = CARTESIAN_POINT('',(62.84451,39.95,101.1293));
#16146 = VECTOR('',#16147,1.);
#16147 = DIRECTION('',(0.389651901185,0.,0.920962211984));
#16148 = PCURVE('',#5407,#16149);
#16149 = DEFINITIONAL_REPRESENTATION('',(#16150),#16154);
#16150 = LINE('',#16151,#16152);
#16151 = CARTESIAN_POINT('',(0.,-0.2));
#16152 = VECTOR('',#16153,1.);
#16153 = DIRECTION('',(1.,0.));
#16154 = ( GEOMETRIC_REPRESENTATION_CONTEXT(2) 
PARAMETRIC_REPRESENTATION_CONTEXT() REPRESENTATION_CONTEXT('2D SPACE',''
  ) );
#16155 = PCURVE('',#15024,#16156);
#16156 = DEFINITIONAL_REPRESENTATION('',(#16157),#16161);
#16157 = LINE('',#16158,#16159);
#16158 = CARTESIAN_POINT('',(-1.165384281447,0.22771032802));
#16159 = VECTOR('',#16160,1.);
#16160 = DIRECTION('',(0.389651901185,-0.920962211984));
#16161 = ( GEOMETRIC_REPRESENTATION_CONTEXT(2) 
PARAMETRIC_REPRESENTATION_CONTEXT() REPRESENTATION_CONTEXT('2D SPACE',''
  ) );
#16162 = ORIENTED_EDGE('',*,*,#16163,.F.);
#16163 = EDGE_CURVE('',#5364,#16141,#16164,.T.);
#16164 = SURFACE_CURVE('',#16165,(#16169,#16176),.PCURVE_S1.);
#16165 = LINE('',#16166,#16167);
#16166 = CARTESIAN_POINT('',(62.8872,39.75,101.2302));
#16167 = VECTOR('',#16168,1.);
#16168 = DIRECTION('',(0.,1.,0.));
#16169 = PCURVE('',#5407,#16170);
#16170 = DEFINITIONAL_REPRESENTATION('',(#16171),#16175);
#16171 = LINE('',#16172,#16173);
#16172 = CARTESIAN_POINT('',(0.109559326851,0.));
#16173 = VECTOR('',#16174,1.);
#16174 = DIRECTION('',(0.,-1.));
#16175 = ( GEOMETRIC_REPRESENTATION_CONTEXT(2) 
PARAMETRIC_REPRESENTATION_CONTEXT() REPRESENTATION_CONTEXT('2D SPACE',''
  ) );
#16176 = PCURVE('',#5379,#16177);
#16177 = DEFINITIONAL_REPRESENTATION('',(#16178),#16182);
#16178 = LINE('',#16179,#16180);
#16179 = CARTESIAN_POINT('',(0.,0.));
#16180 = VECTOR('',#16181,1.);
#16181 = DIRECTION('',(0.,-1.));
#16182 = ( GEOMETRIC_REPRESENTATION_CONTEXT(2) 
PARAMETRIC_REPRESENTATION_CONTEXT() REPRESENTATION_CONTEXT('2D SPACE',''
  ) );
#16183 = ADVANCED_FACE('',(#16184),#5379,.F.);
#16184 = FACE_BOUND('',#16185,.F.);
#16185 = EDGE_LOOP('',(#16186,#16187,#16188,#16211));
#16186 = ORIENTED_EDGE('',*,*,#5363,.T.);
#16187 = ORIENTED_EDGE('',*,*,#16163,.T.);
#16188 = ORIENTED_EDGE('',*,*,#16189,.T.);
#16189 = EDGE_CURVE('',#16141,#16190,#16192,.T.);
#16190 = VERTEX_POINT('',#16191);
#16191 = CARTESIAN_POINT('',(62.93849,39.95,101.3277));
#16192 = SURFACE_CURVE('',#16193,(#16197,#16204),.PCURVE_S1.);
#16193 = LINE('',#16194,#16195);
#16194 = CARTESIAN_POINT('',(62.8872,39.95,101.2302));
#16195 = VECTOR('',#16196,1.);
#16196 = DIRECTION('',(0.465563109269,0.,0.885014684222));
#16197 = PCURVE('',#5379,#16198);
#16198 = DEFINITIONAL_REPRESENTATION('',(#16199),#16203);
#16199 = LINE('',#16200,#16201);
#16200 = CARTESIAN_POINT('',(0.,-0.2));
#16201 = VECTOR('',#16202,1.);
#16202 = DIRECTION('',(1.,0.));
#16203 = ( GEOMETRIC_REPRESENTATION_CONTEXT(2) 
PARAMETRIC_REPRESENTATION_CONTEXT() REPRESENTATION_CONTEXT('2D SPACE',''
  ) );
#16204 = PCURVE('',#15024,#16205);
#16205 = DEFINITIONAL_REPRESENTATION('',(#16206),#16210);
#16206 = LINE('',#16207,#16208);
#16207 = CARTESIAN_POINT('',(-1.122694281447,0.12681032802));
#16208 = VECTOR('',#16209,1.);
#16209 = DIRECTION('',(0.465563109269,-0.885014684222));
#16210 = ( GEOMETRIC_REPRESENTATION_CONTEXT(2) 
PARAMETRIC_REPRESENTATION_CONTEXT() REPRESENTATION_CONTEXT('2D SPACE',''
  ) );
#16211 = ORIENTED_EDGE('',*,*,#16212,.F.);
#16212 = EDGE_CURVE('',#5336,#16190,#16213,.T.);
#16213 = SURFACE_CURVE('',#16214,(#16218,#16225),.PCURVE_S1.);
#16214 = LINE('',#16215,#16216);
#16215 = CARTESIAN_POINT('',(62.93849,39.75,101.3277));
#16216 = VECTOR('',#16217,1.);
#16217 = DIRECTION('',(0.,1.,0.));
#16218 = PCURVE('',#5379,#16219);
#16219 = DEFINITIONAL_REPRESENTATION('',(#16220),#16224);
#16220 = LINE('',#16221,#16222);
#16221 = CARTESIAN_POINT('',(0.110167663586,0.));
#16222 = VECTOR('',#16223,1.);
#16223 = DIRECTION('',(0.,-1.));
#16224 = ( GEOMETRIC_REPRESENTATION_CONTEXT(2) 
PARAMETRIC_REPRESENTATION_CONTEXT() REPRESENTATION_CONTEXT('2D SPACE',''
  ) );
#16225 = PCURVE('',#5351,#16226);
#16226 = DEFINITIONAL_REPRESENTATION('',(#16227),#16231);
#16227 = LINE('',#16228,#16229);
#16228 = CARTESIAN_POINT('',(0.,0.));
#16229 = VECTOR('',#16230,1.);
#16230 = DIRECTION('',(0.,-1.));
#16231 = ( GEOMETRIC_REPRESENTATION_CONTEXT(2) 
PARAMETRIC_REPRESENTATION_CONTEXT() REPRESENTATION_CONTEXT('2D SPACE',''
  ) );
#16232 = ADVANCED_FACE('',(#16233),#5351,.F.);
#16233 = FACE_BOUND('',#16234,.F.);
#16234 = EDGE_LOOP('',(#16235,#16236,#16237,#16260));
#16235 = ORIENTED_EDGE('',*,*,#5335,.T.);
#16236 = ORIENTED_EDGE('',*,*,#16212,.T.);
#16237 = ORIENTED_EDGE('',*,*,#16238,.T.);
#16238 = EDGE_CURVE('',#16190,#16239,#16241,.T.);
#16239 = VERTEX_POINT('',#16240);
#16240 = CARTESIAN_POINT('',(62.9983,39.95,101.42122));
#16241 = SURFACE_CURVE('',#16242,(#16246,#16253),.PCURVE_S1.);
#16242 = LINE('',#16243,#16244);
#16243 = CARTESIAN_POINT('',(62.93849,39.95,101.3277));
#16244 = VECTOR('',#16245,1.);
#16245 = DIRECTION('',(0.538780150158,0.,0.84244640767));
#16246 = PCURVE('',#5351,#16247);
#16247 = DEFINITIONAL_REPRESENTATION('',(#16248),#16252);
#16248 = LINE('',#16249,#16250);
#16249 = CARTESIAN_POINT('',(0.,-0.2));
#16250 = VECTOR('',#16251,1.);
#16251 = DIRECTION('',(1.,0.));
#16252 = ( GEOMETRIC_REPRESENTATION_CONTEXT(2) 
PARAMETRIC_REPRESENTATION_CONTEXT() REPRESENTATION_CONTEXT('2D SPACE',''
  ) );
#16253 = PCURVE('',#15024,#16254);
#16254 = DEFINITIONAL_REPRESENTATION('',(#16255),#16259);
#16255 = LINE('',#16256,#16257);
#16256 = CARTESIAN_POINT('',(-1.071404281447,2.931032802E-02));
#16257 = VECTOR('',#16258,1.);
#16258 = DIRECTION('',(0.538780150158,-0.84244640767));
#16259 = ( GEOMETRIC_REPRESENTATION_CONTEXT(2) 
PARAMETRIC_REPRESENTATION_CONTEXT() REPRESENTATION_CONTEXT('2D SPACE',''
  ) );
#16260 = ORIENTED_EDGE('',*,*,#16261,.F.);
#16261 = EDGE_CURVE('',#5308,#16239,#16262,.T.);
#16262 = SURFACE_CURVE('',#16263,(#16267,#16274),.PCURVE_S1.);
#16263 = LINE('',#16264,#16265);
#16264 = CARTESIAN_POINT('',(62.9983,39.75,101.42122));
#16265 = VECTOR('',#16266,1.);
#16266 = DIRECTION('',(0.,1.,0.));
#16267 = PCURVE('',#5351,#16268);
#16268 = DEFINITIONAL_REPRESENTATION('',(#16269),#16273);
#16269 = LINE('',#16270,#16271);
#16270 = CARTESIAN_POINT('',(0.111010028826,0.));
#16271 = VECTOR('',#16272,1.);
#16272 = DIRECTION('',(0.,-1.));
#16273 = ( GEOMETRIC_REPRESENTATION_CONTEXT(2) 
PARAMETRIC_REPRESENTATION_CONTEXT() REPRESENTATION_CONTEXT('2D SPACE',''
  ) );
#16274 = PCURVE('',#5323,#16275);
#16275 = DEFINITIONAL_REPRESENTATION('',(#16276),#16280);
#16276 = LINE('',#16277,#16278);
#16277 = CARTESIAN_POINT('',(0.,0.));
#16278 = VECTOR('',#16279,1.);
#16279 = DIRECTION('',(0.,-1.));
#16280 = ( GEOMETRIC_REPRESENTATION_CONTEXT(2) 
PARAMETRIC_REPRESENTATION_CONTEXT() REPRESENTATION_CONTEXT('2D SPACE',''
  ) );
#16281 = ADVANCED_FACE('',(#16282),#5323,.F.);
#16282 = FACE_BOUND('',#16283,.F.);
#16283 = EDGE_LOOP('',(#16284,#16285,#16286,#16309));
#16284 = ORIENTED_EDGE('',*,*,#5307,.T.);
#16285 = ORIENTED_EDGE('',*,*,#16261,.T.);
#16286 = ORIENTED_EDGE('',*,*,#16287,.T.);
#16287 = EDGE_CURVE('',#16239,#16288,#16290,.T.);
#16288 = VERTEX_POINT('',#16289);
#16289 = CARTESIAN_POINT('',(64.65352,39.95,103.57155));
#16290 = SURFACE_CURVE('',#16291,(#16295,#16302),.PCURVE_S1.);
#16291 = LINE('',#16292,#16293);
#16292 = CARTESIAN_POINT('',(62.9983,39.95,101.42122));
#16293 = VECTOR('',#16294,1.);
#16294 = DIRECTION('',(0.609970029837,0.,0.792424483911));
#16295 = PCURVE('',#5323,#16296);
#16296 = DEFINITIONAL_REPRESENTATION('',(#16297),#16301);
#16297 = LINE('',#16298,#16299);
#16298 = CARTESIAN_POINT('',(0.,-0.2));
#16299 = VECTOR('',#16300,1.);
#16300 = DIRECTION('',(1.,0.));
#16301 = ( GEOMETRIC_REPRESENTATION_CONTEXT(2) 
PARAMETRIC_REPRESENTATION_CONTEXT() REPRESENTATION_CONTEXT('2D SPACE',''
  ) );
#16302 = PCURVE('',#15024,#16303);
#16303 = DEFINITIONAL_REPRESENTATION('',(#16304),#16308);
#16304 = LINE('',#16305,#16306);
#16305 = CARTESIAN_POINT('',(-1.011594281447,-6.420967198001E-02));
#16306 = VECTOR('',#16307,1.);
#16307 = DIRECTION('',(0.609970029837,-0.792424483911));
#16308 = ( GEOMETRIC_REPRESENTATION_CONTEXT(2) 
PARAMETRIC_REPRESENTATION_CONTEXT() REPRESENTATION_CONTEXT('2D SPACE',''
  ) );
#16309 = ORIENTED_EDGE('',*,*,#16310,.F.);
#16310 = EDGE_CURVE('',#5280,#16288,#16311,.T.);
#16311 = SURFACE_CURVE('',#16312,(#16316,#16323),.PCURVE_S1.);
#16312 = LINE('',#16313,#16314);
#16313 = CARTESIAN_POINT('',(64.65352,39.75,103.57155));
#16314 = VECTOR('',#16315,1.);
#16315 = DIRECTION('',(0.,1.,0.));
#16316 = PCURVE('',#5323,#16317);
#16317 = DEFINITIONAL_REPRESENTATION('',(#16318),#16322);
#16318 = LINE('',#16319,#16320);
#16319 = CARTESIAN_POINT('',(2.713608733274,0.));
#16320 = VECTOR('',#16321,1.);
#16321 = DIRECTION('',(0.,-1.));
#16322 = ( GEOMETRIC_REPRESENTATION_CONTEXT(2) 
PARAMETRIC_REPRESENTATION_CONTEXT() REPRESENTATION_CONTEXT('2D SPACE',''
  ) );
#16323 = PCURVE('',#5295,#16324);
#16324 = DEFINITIONAL_REPRESENTATION('',(#16325),#16329);
#16325 = LINE('',#16326,#16327);
#16326 = CARTESIAN_POINT('',(0.,0.));
#16327 = VECTOR('',#16328,1.);
#16328 = DIRECTION('',(0.,-1.));
#16329 = ( GEOMETRIC_REPRESENTATION_CONTEXT(2) 
PARAMETRIC_REPRESENTATION_CONTEXT() REPRESENTATION_CONTEXT('2D SPACE',''
  ) );
#16330 = ADVANCED_FACE('',(#16331),#5295,.F.);
#16331 = FACE_BOUND('',#16332,.F.);
#16332 = EDGE_LOOP('',(#16333,#16334,#16335,#16356));
#16333 = ORIENTED_EDGE('',*,*,#5279,.T.);
#16334 = ORIENTED_EDGE('',*,*,#16310,.T.);
#16335 = ORIENTED_EDGE('',*,*,#16336,.T.);
#16336 = EDGE_CURVE('',#16288,#14986,#16337,.T.);
#16337 = SURFACE_CURVE('',#16338,(#16342,#16349),.PCURVE_S1.);
#16338 = LINE('',#16339,#16340);
#16339 = CARTESIAN_POINT('',(64.65352,39.95,103.57155));
#16340 = VECTOR('',#16341,1.);
#16341 = DIRECTION('',(0.971729686115,0.,0.23609620311));
#16342 = PCURVE('',#5295,#16343);
#16343 = DEFINITIONAL_REPRESENTATION('',(#16344),#16348);
#16344 = LINE('',#16345,#16346);
#16345 = CARTESIAN_POINT('',(0.,-0.2));
#16346 = VECTOR('',#16347,1.);
#16347 = DIRECTION('',(1.,0.));
#16348 = ( GEOMETRIC_REPRESENTATION_CONTEXT(2) 
PARAMETRIC_REPRESENTATION_CONTEXT() REPRESENTATION_CONTEXT('2D SPACE',''
  ) );
#16349 = PCURVE('',#15024,#16350);
#16350 = DEFINITIONAL_REPRESENTATION('',(#16351),#16355);
#16351 = LINE('',#16352,#16353);
#16352 = CARTESIAN_POINT('',(0.643625718553,-2.21453967198));
#16353 = VECTOR('',#16354,1.);
#16354 = DIRECTION('',(0.971729686115,-0.23609620311));
#16355 = ( GEOMETRIC_REPRESENTATION_CONTEXT(2) 
PARAMETRIC_REPRESENTATION_CONTEXT() REPRESENTATION_CONTEXT('2D SPACE',''
  ) );
#16356 = ORIENTED_EDGE('',*,*,#14985,.F.);
#16357 = ADVANCED_FACE('',(#16358),#6053,.F.);
#16358 = FACE_BOUND('',#16359,.F.);
#16359 = EDGE_LOOP('',(#16360,#16361,#16384,#16412));
#16360 = ORIENTED_EDGE('',*,*,#6035,.T.);
#16361 = ORIENTED_EDGE('',*,*,#16362,.T.);
#16362 = EDGE_CURVE('',#6038,#16363,#16365,.T.);
#16363 = VERTEX_POINT('',#16364);
#16364 = CARTESIAN_POINT('',(63.381188505823,39.95,107.69948337168));
#16365 = SURFACE_CURVE('',#16366,(#16370,#16377),.PCURVE_S1.);
#16366 = LINE('',#16367,#16368);
#16367 = CARTESIAN_POINT('',(63.381188505823,39.75,107.69948337168));
#16368 = VECTOR('',#16369,1.);
#16369 = DIRECTION('',(0.,1.,0.));
#16370 = PCURVE('',#6053,#16371);
#16371 = DEFINITIONAL_REPRESENTATION('',(#16372),#16376);
#16372 = LINE('',#16373,#16374);
#16373 = CARTESIAN_POINT('',(0.,0.));
#16374 = VECTOR('',#16375,1.);
#16375 = DIRECTION('',(0.,-1.));
#16376 = ( GEOMETRIC_REPRESENTATION_CONTEXT(2) 
PARAMETRIC_REPRESENTATION_CONTEXT() REPRESENTATION_CONTEXT('2D SPACE',''
  ) );
#16377 = PCURVE('',#6081,#16378);
#16378 = DEFINITIONAL_REPRESENTATION('',(#16379),#16383);
#16379 = LINE('',#16380,#16381);
#16380 = CARTESIAN_POINT('',(0.828326693885,0.));
#16381 = VECTOR('',#16382,1.);
#16382 = DIRECTION('',(0.,-1.));
#16383 = ( GEOMETRIC_REPRESENTATION_CONTEXT(2) 
PARAMETRIC_REPRESENTATION_CONTEXT() REPRESENTATION_CONTEXT('2D SPACE',''
  ) );
#16384 = ORIENTED_EDGE('',*,*,#16385,.T.);
#16385 = EDGE_CURVE('',#16363,#16386,#16388,.T.);
#16386 = VERTEX_POINT('',#16387);
#16387 = CARTESIAN_POINT('',(63.110026703769,39.95,107.7372520507));
#16388 = SURFACE_CURVE('',#16389,(#16393,#16400),.PCURVE_S1.);
#16389 = LINE('',#16390,#16391);
#16390 = CARTESIAN_POINT('',(63.381188505823,39.95,107.69948337168));
#16391 = VECTOR('',#16392,1.);
#16392 = DIRECTION('',(-0.990438786395,0.,0.137952928221));
#16393 = PCURVE('',#6053,#16394);
#16394 = DEFINITIONAL_REPRESENTATION('',(#16395),#16399);
#16395 = LINE('',#16396,#16397);
#16396 = CARTESIAN_POINT('',(0.,-0.2));
#16397 = VECTOR('',#16398,1.);
#16398 = DIRECTION('',(1.,0.));
#16399 = ( GEOMETRIC_REPRESENTATION_CONTEXT(2) 
PARAMETRIC_REPRESENTATION_CONTEXT() REPRESENTATION_CONTEXT('2D SPACE',''
  ) );
#16400 = PCURVE('',#16401,#16406);
#16401 = PLANE('',#16402);
#16402 = AXIS2_PLACEMENT_3D('',#16403,#16404,#16405);
#16403 = CARTESIAN_POINT('',(63.267416895942,39.95,108.37535068418));
#16404 = DIRECTION('',(0.,1.,0.));
#16405 = DIRECTION('',(-1.,0.,6.123233995737E-17));
#16406 = DEFINITIONAL_REPRESENTATION('',(#16407),#16411);
#16407 = LINE('',#16408,#16409);
#16408 = CARTESIAN_POINT('',(-0.113771609881,-0.6758673125));
#16409 = VECTOR('',#16410,1.);
#16410 = DIRECTION('',(0.990438786395,0.137952928221));
#16411 = ( GEOMETRIC_REPRESENTATION_CONTEXT(2) 
PARAMETRIC_REPRESENTATION_CONTEXT() REPRESENTATION_CONTEXT('2D SPACE',''
  ) );
#16412 = ORIENTED_EDGE('',*,*,#16413,.F.);
#16413 = EDGE_CURVE('',#6036,#16386,#16414,.T.);
#16414 = SURFACE_CURVE('',#16415,(#16419,#16426),.PCURVE_S1.);
#16415 = LINE('',#16416,#16417);
#16416 = CARTESIAN_POINT('',(63.110026703769,39.75,107.7372520507));
#16417 = VECTOR('',#16418,1.);
#16418 = DIRECTION('',(0.,1.,0.));
#16419 = PCURVE('',#6053,#16420);
#16420 = DEFINITIONAL_REPRESENTATION('',(#16421),#16425);
#16421 = LINE('',#16422,#16423);
#16422 = CARTESIAN_POINT('',(0.273779466009,0.));
#16423 = VECTOR('',#16424,1.);
#16424 = DIRECTION('',(0.,-1.));
#16425 = ( GEOMETRIC_REPRESENTATION_CONTEXT(2) 
PARAMETRIC_REPRESENTATION_CONTEXT() REPRESENTATION_CONTEXT('2D SPACE',''
  ) );
#16426 = PCURVE('',#6387,#16427);
#16427 = DEFINITIONAL_REPRESENTATION('',(#16428),#16432);
#16428 = LINE('',#16429,#16430);
#16429 = CARTESIAN_POINT('',(0.,0.));
#16430 = VECTOR('',#16431,1.);
#16431 = DIRECTION('',(0.,-1.));
#16432 = ( GEOMETRIC_REPRESENTATION_CONTEXT(2) 
PARAMETRIC_REPRESENTATION_CONTEXT() REPRESENTATION_CONTEXT('2D SPACE',''
  ) );
#16433 = ADVANCED_FACE('',(#16434),#6387,.F.);
#16434 = FACE_BOUND('',#16435,.F.);
#16435 = EDGE_LOOP('',(#16436,#16437,#16438,#16461));
#16436 = ORIENTED_EDGE('',*,*,#6373,.T.);
#16437 = ORIENTED_EDGE('',*,*,#16413,.T.);
#16438 = ORIENTED_EDGE('',*,*,#16439,.T.);
#16439 = EDGE_CURVE('',#16386,#16440,#16442,.T.);
#16440 = VERTEX_POINT('',#16441);
#16441 = CARTESIAN_POINT('',(62.859458272328,39.95,108.48338954428));
#16442 = SURFACE_CURVE('',#16443,(#16447,#16454),.PCURVE_S1.);
#16443 = LINE('',#16444,#16445);
#16444 = CARTESIAN_POINT('',(63.110026703769,39.95,107.7372520507));
#16445 = VECTOR('',#16446,1.);
#16446 = DIRECTION('',(-0.318349155144,0.,0.94797353097));
#16447 = PCURVE('',#6387,#16448);
#16448 = DEFINITIONAL_REPRESENTATION('',(#16449),#16453);
#16449 = LINE('',#16450,#16451);
#16450 = CARTESIAN_POINT('',(0.,-0.2));
#16451 = VECTOR('',#16452,1.);
#16452 = DIRECTION('',(1.,0.));
#16453 = ( GEOMETRIC_REPRESENTATION_CONTEXT(2) 
PARAMETRIC_REPRESENTATION_CONTEXT() REPRESENTATION_CONTEXT('2D SPACE',''
  ) );
#16454 = PCURVE('',#16401,#16455);
#16455 = DEFINITIONAL_REPRESENTATION('',(#16456),#16460);
#16456 = LINE('',#16457,#16458);
#16457 = CARTESIAN_POINT('',(0.157390192173,-0.63809863348));
#16458 = VECTOR('',#16459,1.);
#16459 = DIRECTION('',(0.318349155144,0.94797353097));
#16460 = ( GEOMETRIC_REPRESENTATION_CONTEXT(2) 
PARAMETRIC_REPRESENTATION_CONTEXT() REPRESENTATION_CONTEXT('2D SPACE',''
  ) );
#16461 = ORIENTED_EDGE('',*,*,#16462,.F.);
#16462 = EDGE_CURVE('',#6346,#16440,#16463,.T.);
#16463 = SURFACE_CURVE('',#16464,(#16468,#16475),.PCURVE_S1.);
#16464 = LINE('',#16465,#16466);
#16465 = CARTESIAN_POINT('',(62.859458272328,39.75,108.48338954428));
#16466 = VECTOR('',#16467,1.);
#16467 = DIRECTION('',(0.,1.,0.));
#16468 = PCURVE('',#6387,#16469);
#16469 = DEFINITIONAL_REPRESENTATION('',(#16470),#16474);
#16470 = LINE('',#16471,#16472);
#16471 = CARTESIAN_POINT('',(0.787086842833,0.));
#16472 = VECTOR('',#16473,1.);
#16473 = DIRECTION('',(0.,-1.));
#16474 = ( GEOMETRIC_REPRESENTATION_CONTEXT(2) 
PARAMETRIC_REPRESENTATION_CONTEXT() REPRESENTATION_CONTEXT('2D SPACE',''
  ) );
#16475 = PCURVE('',#6361,#16476);
#16476 = DEFINITIONAL_REPRESENTATION('',(#16477),#16481);
#16477 = LINE('',#16478,#16479);
#16478 = CARTESIAN_POINT('',(0.,0.));
#16479 = VECTOR('',#16480,1.);
#16480 = DIRECTION('',(0.,-1.));
#16481 = ( GEOMETRIC_REPRESENTATION_CONTEXT(2) 
PARAMETRIC_REPRESENTATION_CONTEXT() REPRESENTATION_CONTEXT('2D SPACE',''
  ) );
#16482 = ADVANCED_FACE('',(#16483),#6081,.F.);
#16483 = FACE_BOUND('',#16484,.F.);
#16484 = EDGE_LOOP('',(#16485,#16486,#16509,#16530));
#16485 = ORIENTED_EDGE('',*,*,#6065,.T.);
#16486 = ORIENTED_EDGE('',*,*,#16487,.T.);
#16487 = EDGE_CURVE('',#6066,#16488,#16490,.T.);
#16488 = VERTEX_POINT('',#16489);
#16489 = CARTESIAN_POINT('',(63.603739369987,39.95,108.49735317601));
#16490 = SURFACE_CURVE('',#16491,(#16495,#16502),.PCURVE_S1.);
#16491 = LINE('',#16492,#16493);
#16492 = CARTESIAN_POINT('',(63.603739369987,39.75,108.49735317601));
#16493 = VECTOR('',#16494,1.);
#16494 = DIRECTION('',(0.,1.,0.));
#16495 = PCURVE('',#6081,#16496);
#16496 = DEFINITIONAL_REPRESENTATION('',(#16497),#16501);
#16497 = LINE('',#16498,#16499);
#16498 = CARTESIAN_POINT('',(0.,0.));
#16499 = VECTOR('',#16500,1.);
#16500 = DIRECTION('',(0.,-1.));
#16501 = ( GEOMETRIC_REPRESENTATION_CONTEXT(2) 
PARAMETRIC_REPRESENTATION_CONTEXT() REPRESENTATION_CONTEXT('2D SPACE',''
  ) );
#16502 = PCURVE('',#6109,#16503);
#16503 = DEFINITIONAL_REPRESENTATION('',(#16504),#16508);
#16504 = LINE('',#16505,#16506);
#16505 = CARTESIAN_POINT('',(0.754060633356,0.));
#16506 = VECTOR('',#16507,1.);
#16507 = DIRECTION('',(0.,-1.));
#16508 = ( GEOMETRIC_REPRESENTATION_CONTEXT(2) 
PARAMETRIC_REPRESENTATION_CONTEXT() REPRESENTATION_CONTEXT('2D SPACE',''
  ) );
#16509 = ORIENTED_EDGE('',*,*,#16510,.T.);
#16510 = EDGE_CURVE('',#16488,#16363,#16511,.T.);
#16511 = SURFACE_CURVE('',#16512,(#16516,#16523),.PCURVE_S1.);
#16512 = LINE('',#16513,#16514);
#16513 = CARTESIAN_POINT('',(63.603739369987,39.95,108.49735317601));
#16514 = VECTOR('',#16515,1.);
#16515 = DIRECTION('',(-0.268675228994,0.,-0.96323082453));
#16516 = PCURVE('',#6081,#16517);
#16517 = DEFINITIONAL_REPRESENTATION('',(#16518),#16522);
#16518 = LINE('',#16519,#16520);
#16519 = CARTESIAN_POINT('',(0.,-0.2));
#16520 = VECTOR('',#16521,1.);
#16521 = DIRECTION('',(1.,0.));
#16522 = ( GEOMETRIC_REPRESENTATION_CONTEXT(2) 
PARAMETRIC_REPRESENTATION_CONTEXT() REPRESENTATION_CONTEXT('2D SPACE',''
  ) );
#16523 = PCURVE('',#16401,#16524);
#16524 = DEFINITIONAL_REPRESENTATION('',(#16525),#16529);
#16525 = LINE('',#16526,#16527);
#16526 = CARTESIAN_POINT('',(-0.336322474045,0.12200249183));
#16527 = VECTOR('',#16528,1.);
#16528 = DIRECTION('',(0.268675228994,-0.96323082453));
#16529 = ( GEOMETRIC_REPRESENTATION_CONTEXT(2) 
PARAMETRIC_REPRESENTATION_CONTEXT() REPRESENTATION_CONTEXT('2D SPACE',''
  ) );
#16530 = ORIENTED_EDGE('',*,*,#16362,.F.);
#16531 = ADVANCED_FACE('',(#16532),#6361,.F.);
#16532 = FACE_BOUND('',#16533,.F.);
#16533 = EDGE_LOOP('',(#16534,#16535,#16536,#16559));
#16534 = ORIENTED_EDGE('',*,*,#6345,.T.);
#16535 = ORIENTED_EDGE('',*,*,#16462,.T.);
#16536 = ORIENTED_EDGE('',*,*,#16537,.T.);
#16537 = EDGE_CURVE('',#16440,#16538,#16540,.T.);
#16538 = VERTEX_POINT('',#16539);
#16539 = CARTESIAN_POINT('',(62.811501777633,39.95,107.69948337168));
#16540 = SURFACE_CURVE('',#16541,(#16545,#16552),.PCURVE_S1.);
#16541 = LINE('',#16542,#16543);
#16542 = CARTESIAN_POINT('',(62.859458272328,39.95,108.48338954428));
#16543 = VECTOR('',#16544,1.);
#16544 = DIRECTION('',(-6.106216263568E-02,0.,-0.998133965104));
#16545 = PCURVE('',#6361,#16546);
#16546 = DEFINITIONAL_REPRESENTATION('',(#16547),#16551);
#16547 = LINE('',#16548,#16549);
#16548 = CARTESIAN_POINT('',(0.,-0.2));
#16549 = VECTOR('',#16550,1.);
#16550 = DIRECTION('',(1.,0.));
#16551 = ( GEOMETRIC_REPRESENTATION_CONTEXT(2) 
PARAMETRIC_REPRESENTATION_CONTEXT() REPRESENTATION_CONTEXT('2D SPACE',''
  ) );
#16552 = PCURVE('',#16401,#16553);
#16553 = DEFINITIONAL_REPRESENTATION('',(#16554),#16558);
#16554 = LINE('',#16555,#16556);
#16555 = CARTESIAN_POINT('',(0.407958623614,0.1080388601));
#16556 = VECTOR('',#16557,1.);
#16557 = DIRECTION('',(6.106216263568E-02,-0.998133965104));
#16558 = ( GEOMETRIC_REPRESENTATION_CONTEXT(2) 
PARAMETRIC_REPRESENTATION_CONTEXT() REPRESENTATION_CONTEXT('2D SPACE',''
  ) );
#16559 = ORIENTED_EDGE('',*,*,#16560,.F.);
#16560 = EDGE_CURVE('',#6318,#16538,#16561,.T.);
#16561 = SURFACE_CURVE('',#16562,(#16566,#16573),.PCURVE_S1.);
#16562 = LINE('',#16563,#16564);
#16563 = CARTESIAN_POINT('',(62.811501777633,39.75,107.69948337168));
#16564 = VECTOR('',#16565,1.);
#16565 = DIRECTION('',(0.,1.,0.));
#16566 = PCURVE('',#6361,#16567);
#16567 = DEFINITIONAL_REPRESENTATION('',(#16568),#16572);
#16568 = LINE('',#16569,#16570);
#16569 = CARTESIAN_POINT('',(0.785371703605,0.));
#16570 = VECTOR('',#16571,1.);
#16571 = DIRECTION('',(0.,-1.));
#16572 = ( GEOMETRIC_REPRESENTATION_CONTEXT(2) 
PARAMETRIC_REPRESENTATION_CONTEXT() REPRESENTATION_CONTEXT('2D SPACE',''
  ) );
#16573 = PCURVE('',#6333,#16574);
#16574 = DEFINITIONAL_REPRESENTATION('',(#16575),#16579);
#16575 = LINE('',#16576,#16577);
#16576 = CARTESIAN_POINT('',(0.,0.));
#16577 = VECTOR('',#16578,1.);
#16578 = DIRECTION('',(0.,-1.));
#16579 = ( GEOMETRIC_REPRESENTATION_CONTEXT(2) 
PARAMETRIC_REPRESENTATION_CONTEXT() REPRESENTATION_CONTEXT('2D SPACE',''
  ) );
#16580 = ADVANCED_FACE('',(#16581),#6109,.F.);
#16581 = FACE_BOUND('',#16582,.F.);
#16582 = EDGE_LOOP('',(#16583,#16584,#16607,#16628));
#16583 = ORIENTED_EDGE('',*,*,#6093,.T.);
#16584 = ORIENTED_EDGE('',*,*,#16585,.T.);
#16585 = EDGE_CURVE('',#6094,#16586,#16588,.T.);
#16586 = VERTEX_POINT('',#16587);
#16587 = CARTESIAN_POINT('',(63.682717004811,39.95,107.74743986637));
#16588 = SURFACE_CURVE('',#16589,(#16593,#16600),.PCURVE_S1.);
#16589 = LINE('',#16590,#16591);
#16590 = CARTESIAN_POINT('',(63.682717004811,39.75,107.74743986637));
#16591 = VECTOR('',#16592,1.);
#16592 = DIRECTION('',(0.,1.,0.));
#16593 = PCURVE('',#6109,#16594);
#16594 = DEFINITIONAL_REPRESENTATION('',(#16595),#16599);
#16595 = LINE('',#16596,#16597);
#16596 = CARTESIAN_POINT('',(0.,0.));
#16597 = VECTOR('',#16598,1.);
#16598 = DIRECTION('',(0.,-1.));
#16599 = ( GEOMETRIC_REPRESENTATION_CONTEXT(2) 
PARAMETRIC_REPRESENTATION_CONTEXT() REPRESENTATION_CONTEXT('2D SPACE',''
  ) );
#16600 = PCURVE('',#6137,#16601);
#16601 = DEFINITIONAL_REPRESENTATION('',(#16602),#16606);
#16602 = LINE('',#16603,#16604);
#16603 = CARTESIAN_POINT('',(0.257736604985,0.));
#16604 = VECTOR('',#16605,1.);
#16605 = DIRECTION('',(0.,-1.));
#16606 = ( GEOMETRIC_REPRESENTATION_CONTEXT(2) 
PARAMETRIC_REPRESENTATION_CONTEXT() REPRESENTATION_CONTEXT('2D SPACE',''
  ) );
#16607 = ORIENTED_EDGE('',*,*,#16608,.T.);
#16608 = EDGE_CURVE('',#16586,#16488,#16609,.T.);
#16609 = SURFACE_CURVE('',#16610,(#16614,#16621),.PCURVE_S1.);
#16610 = LINE('',#16611,#16612);
#16611 = CARTESIAN_POINT('',(63.682717004811,39.95,107.74743986637));
#16612 = VECTOR('',#16613,1.);
#16613 = DIRECTION('',(-0.104736451327,0.,0.994500012953));
#16614 = PCURVE('',#6109,#16615);
#16615 = DEFINITIONAL_REPRESENTATION('',(#16616),#16620);
#16616 = LINE('',#16617,#16618);
#16617 = CARTESIAN_POINT('',(0.,-0.2));
#16618 = VECTOR('',#16619,1.);
#16619 = DIRECTION('',(1.,0.));
#16620 = ( GEOMETRIC_REPRESENTATION_CONTEXT(2) 
PARAMETRIC_REPRESENTATION_CONTEXT() REPRESENTATION_CONTEXT('2D SPACE',''
  ) );
#16621 = PCURVE('',#16401,#16622);
#16622 = DEFINITIONAL_REPRESENTATION('',(#16623),#16627);
#16623 = LINE('',#16624,#16625);
#16624 = CARTESIAN_POINT('',(-0.415300108869,-0.62791081781));
#16625 = VECTOR('',#16626,1.);
#16626 = DIRECTION('',(0.104736451327,0.994500012953));
#16627 = ( GEOMETRIC_REPRESENTATION_CONTEXT(2) 
PARAMETRIC_REPRESENTATION_CONTEXT() REPRESENTATION_CONTEXT('2D SPACE',''
  ) );
#16628 = ORIENTED_EDGE('',*,*,#16487,.F.);
#16629 = ADVANCED_FACE('',(#16630),#6333,.F.);
#16630 = FACE_BOUND('',#16631,.F.);
#16631 = EDGE_LOOP('',(#16632,#16633,#16634,#16657));
#16632 = ORIENTED_EDGE('',*,*,#6317,.T.);
#16633 = ORIENTED_EDGE('',*,*,#16560,.T.);
#16634 = ORIENTED_EDGE('',*,*,#16635,.T.);
#16635 = EDGE_CURVE('',#16538,#16636,#16638,.T.);
#16636 = VERTEX_POINT('',#16637);
#16637 = CARTESIAN_POINT('',(62.558266053127,39.95,107.74743986637));
#16638 = SURFACE_CURVE('',#16639,(#16643,#16650),.PCURVE_S1.);
#16639 = LINE('',#16640,#16641);
#16640 = CARTESIAN_POINT('',(62.811501777633,39.95,107.69948337168));
#16641 = VECTOR('',#16642,1.);
#16642 = DIRECTION('',(-0.982536898552,0.,0.186067845108));
#16643 = PCURVE('',#6333,#16644);
#16644 = DEFINITIONAL_REPRESENTATION('',(#16645),#16649);
#16645 = LINE('',#16646,#16647);
#16646 = CARTESIAN_POINT('',(0.,-0.2));
#16647 = VECTOR('',#16648,1.);
#16648 = DIRECTION('',(1.,0.));
#16649 = ( GEOMETRIC_REPRESENTATION_CONTEXT(2) 
PARAMETRIC_REPRESENTATION_CONTEXT() REPRESENTATION_CONTEXT('2D SPACE',''
  ) );
#16650 = PCURVE('',#16401,#16651);
#16651 = DEFINITIONAL_REPRESENTATION('',(#16652),#16656);
#16652 = LINE('',#16653,#16654);
#16653 = CARTESIAN_POINT('',(0.455915118309,-0.6758673125));
#16654 = VECTOR('',#16655,1.);
#16655 = DIRECTION('',(0.982536898552,0.186067845108));
#16656 = ( GEOMETRIC_REPRESENTATION_CONTEXT(2) 
PARAMETRIC_REPRESENTATION_CONTEXT() REPRESENTATION_CONTEXT('2D SPACE',''
  ) );
#16657 = ORIENTED_EDGE('',*,*,#16658,.F.);
#16658 = EDGE_CURVE('',#6290,#16636,#16659,.T.);
#16659 = SURFACE_CURVE('',#16660,(#16664,#16671),.PCURVE_S1.);
#16660 = LINE('',#16661,#16662);
#16661 = CARTESIAN_POINT('',(62.558266053127,39.75,107.74743986637));
#16662 = VECTOR('',#16663,1.);
#16663 = DIRECTION('',(0.,1.,0.));
#16664 = PCURVE('',#6333,#16665);
#16665 = DEFINITIONAL_REPRESENTATION('',(#16666),#16670);
#16666 = LINE('',#16667,#16668);
#16667 = CARTESIAN_POINT('',(0.257736604985,0.));
#16668 = VECTOR('',#16669,1.);
#16669 = DIRECTION('',(0.,-1.));
#16670 = ( GEOMETRIC_REPRESENTATION_CONTEXT(2) 
PARAMETRIC_REPRESENTATION_CONTEXT() REPRESENTATION_CONTEXT('2D SPACE',''
  ) );
#16671 = PCURVE('',#6305,#16672);
#16672 = DEFINITIONAL_REPRESENTATION('',(#16673),#16677);
#16673 = LINE('',#16674,#16675);
#16674 = CARTESIAN_POINT('',(0.,0.));
#16675 = VECTOR('',#16676,1.);
#16676 = DIRECTION('',(0.,-1.));
#16677 = ( GEOMETRIC_REPRESENTATION_CONTEXT(2) 
PARAMETRIC_REPRESENTATION_CONTEXT() REPRESENTATION_CONTEXT('2D SPACE',''
  ) );
#16678 = ADVANCED_FACE('',(#16679),#6137,.F.);
#16679 = FACE_BOUND('',#16680,.F.);
#16680 = EDGE_LOOP('',(#16681,#16682,#16705,#16726));
#16681 = ORIENTED_EDGE('',*,*,#6121,.T.);
#16682 = ORIENTED_EDGE('',*,*,#16683,.T.);
#16683 = EDGE_CURVE('',#6122,#16684,#16686,.T.);
#16684 = VERTEX_POINT('',#16685);
#16685 = CARTESIAN_POINT('',(63.935952729317,39.95,107.69948337168));
#16686 = SURFACE_CURVE('',#16687,(#16691,#16698),.PCURVE_S1.);
#16687 = LINE('',#16688,#16689);
#16688 = CARTESIAN_POINT('',(63.935952729317,39.75,107.69948337168));
#16689 = VECTOR('',#16690,1.);
#16690 = DIRECTION('',(0.,1.,0.));
#16691 = PCURVE('',#6137,#16692);
#16692 = DEFINITIONAL_REPRESENTATION('',(#16693),#16697);
#16693 = LINE('',#16694,#16695);
#16694 = CARTESIAN_POINT('',(0.,0.));
#16695 = VECTOR('',#16696,1.);
#16696 = DIRECTION('',(0.,-1.));
#16697 = ( GEOMETRIC_REPRESENTATION_CONTEXT(2) 
PARAMETRIC_REPRESENTATION_CONTEXT() REPRESENTATION_CONTEXT('2D SPACE',''
  ) );
#16698 = PCURVE('',#6165,#16699);
#16699 = DEFINITIONAL_REPRESENTATION('',(#16700),#16704);
#16700 = LINE('',#16701,#16702);
#16701 = CARTESIAN_POINT('',(1.416775060964,0.));
#16702 = VECTOR('',#16703,1.);
#16703 = DIRECTION('',(0.,-1.));
#16704 = ( GEOMETRIC_REPRESENTATION_CONTEXT(2) 
PARAMETRIC_REPRESENTATION_CONTEXT() REPRESENTATION_CONTEXT('2D SPACE',''
  ) );
#16705 = ORIENTED_EDGE('',*,*,#16706,.T.);
#16706 = EDGE_CURVE('',#16684,#16586,#16707,.T.);
#16707 = SURFACE_CURVE('',#16708,(#16712,#16719),.PCURVE_S1.);
#16708 = LINE('',#16709,#16710);
#16709 = CARTESIAN_POINT('',(63.935952729317,39.95,107.69948337168));
#16710 = VECTOR('',#16711,1.);
#16711 = DIRECTION('',(-0.982536898552,0.,0.186067845108));
#16712 = PCURVE('',#6137,#16713);
#16713 = DEFINITIONAL_REPRESENTATION('',(#16714),#16718);
#16714 = LINE('',#16715,#16716);
#16715 = CARTESIAN_POINT('',(0.,-0.2));
#16716 = VECTOR('',#16717,1.);
#16717 = DIRECTION('',(1.,0.));
#16718 = ( GEOMETRIC_REPRESENTATION_CONTEXT(2) 
PARAMETRIC_REPRESENTATION_CONTEXT() REPRESENTATION_CONTEXT('2D SPACE',''
  ) );
#16719 = PCURVE('',#16401,#16720);
#16720 = DEFINITIONAL_REPRESENTATION('',(#16721),#16725);
#16721 = LINE('',#16722,#16723);
#16722 = CARTESIAN_POINT('',(-0.668535833375,-0.6758673125));
#16723 = VECTOR('',#16724,1.);
#16724 = DIRECTION('',(0.982536898552,0.186067845108));
#16725 = ( GEOMETRIC_REPRESENTATION_CONTEXT(2) 
PARAMETRIC_REPRESENTATION_CONTEXT() REPRESENTATION_CONTEXT('2D SPACE',''
  ) );
#16726 = ORIENTED_EDGE('',*,*,#16585,.F.);
#16727 = ADVANCED_FACE('',(#16728),#6305,.F.);
#16728 = FACE_BOUND('',#16729,.F.);
#16729 = EDGE_LOOP('',(#16730,#16731,#16732,#16755));
#16730 = ORIENTED_EDGE('',*,*,#6289,.T.);
#16731 = ORIENTED_EDGE('',*,*,#16658,.T.);
#16732 = ORIENTED_EDGE('',*,*,#16733,.T.);
#16733 = EDGE_CURVE('',#16636,#16734,#16736,.T.);
#16734 = VERTEX_POINT('',#16735);
#16735 = CARTESIAN_POINT('',(62.606222547822,39.95,109.16340305375));
#16736 = SURFACE_CURVE('',#16737,(#16741,#16748),.PCURVE_S1.);
#16737 = LINE('',#16738,#16739);
#16738 = CARTESIAN_POINT('',(62.558266053127,39.95,107.74743986637));
#16739 = VECTOR('',#16740,1.);
#16740 = DIRECTION('',(3.384905340033E-02,0.,0.999426956603));
#16741 = PCURVE('',#6305,#16742);
#16742 = DEFINITIONAL_REPRESENTATION('',(#16743),#16747);
#16743 = LINE('',#16744,#16745);
#16744 = CARTESIAN_POINT('',(0.,-0.2));
#16745 = VECTOR('',#16746,1.);
#16746 = DIRECTION('',(1.,0.));
#16747 = ( GEOMETRIC_REPRESENTATION_CONTEXT(2) 
PARAMETRIC_REPRESENTATION_CONTEXT() REPRESENTATION_CONTEXT('2D SPACE',''
  ) );
#16748 = PCURVE('',#16401,#16749);
#16749 = DEFINITIONAL_REPRESENTATION('',(#16750),#16754);
#16750 = LINE('',#16751,#16752);
#16751 = CARTESIAN_POINT('',(0.709150842815,-0.62791081781));
#16752 = VECTOR('',#16753,1.);
#16753 = DIRECTION('',(-3.384905340033E-02,0.999426956603));
#16754 = ( GEOMETRIC_REPRESENTATION_CONTEXT(2) 
PARAMETRIC_REPRESENTATION_CONTEXT() REPRESENTATION_CONTEXT('2D SPACE',''
  ) );
#16755 = ORIENTED_EDGE('',*,*,#16756,.F.);
#16756 = EDGE_CURVE('',#6262,#16734,#16757,.T.);
#16757 = SURFACE_CURVE('',#16758,(#16762,#16769),.PCURVE_S1.);
#16758 = LINE('',#16759,#16760);
#16759 = CARTESIAN_POINT('',(62.606222547822,39.75,109.16340305375));
#16760 = VECTOR('',#16761,1.);
#16761 = DIRECTION('',(0.,1.,0.));
#16762 = PCURVE('',#6305,#16763);
#16763 = DEFINITIONAL_REPRESENTATION('',(#16764),#16768);
#16764 = LINE('',#16765,#16766);
#16765 = CARTESIAN_POINT('',(1.416775060974,0.));
#16766 = VECTOR('',#16767,1.);
#16767 = DIRECTION('',(0.,-1.));
#16768 = ( GEOMETRIC_REPRESENTATION_CONTEXT(2) 
PARAMETRIC_REPRESENTATION_CONTEXT() REPRESENTATION_CONTEXT('2D SPACE',''
  ) );
#16769 = PCURVE('',#6277,#16770);
#16770 = DEFINITIONAL_REPRESENTATION('',(#16771),#16775);
#16771 = LINE('',#16772,#16773);
#16772 = CARTESIAN_POINT('',(0.,0.));
#16773 = VECTOR('',#16774,1.);
#16774 = DIRECTION('',(0.,-1.));
#16775 = ( GEOMETRIC_REPRESENTATION_CONTEXT(2) 
PARAMETRIC_REPRESENTATION_CONTEXT() REPRESENTATION_CONTEXT('2D SPACE',''
  ) );
#16776 = ADVANCED_FACE('',(#16777),#6165,.F.);
#16777 = FACE_BOUND('',#16778,.F.);
#16778 = EDGE_LOOP('',(#16779,#16780,#16803,#16824));
#16779 = ORIENTED_EDGE('',*,*,#6149,.T.);
#16780 = ORIENTED_EDGE('',*,*,#16781,.T.);
#16781 = EDGE_CURVE('',#6150,#16782,#16784,.T.);
#16782 = VERTEX_POINT('',#16783);
#16783 = CARTESIAN_POINT('',(63.983909224012,39.95,109.11544655905));
#16784 = SURFACE_CURVE('',#16785,(#16789,#16796),.PCURVE_S1.);
#16785 = LINE('',#16786,#16787);
#16786 = CARTESIAN_POINT('',(63.983909224012,39.75,109.11544655905));
#16787 = VECTOR('',#16788,1.);
#16788 = DIRECTION('',(0.,1.,0.));
#16789 = PCURVE('',#6165,#16790);
#16790 = DEFINITIONAL_REPRESENTATION('',(#16791),#16795);
#16791 = LINE('',#16792,#16793);
#16792 = CARTESIAN_POINT('',(0.,0.));
#16793 = VECTOR('',#16794,1.);
#16794 = DIRECTION('',(0.,-1.));
#16795 = ( GEOMETRIC_REPRESENTATION_CONTEXT(2) 
PARAMETRIC_REPRESENTATION_CONTEXT() REPRESENTATION_CONTEXT('2D SPACE',''
  ) );
#16796 = PCURVE('',#6193,#16797);
#16797 = DEFINITIONAL_REPRESENTATION('',(#16798),#16802);
#16798 = LINE('',#16799,#16800);
#16799 = CARTESIAN_POINT('',(0.413966418095,0.));
#16800 = VECTOR('',#16801,1.);
#16801 = DIRECTION('',(0.,-1.));
#16802 = ( GEOMETRIC_REPRESENTATION_CONTEXT(2) 
PARAMETRIC_REPRESENTATION_CONTEXT() REPRESENTATION_CONTEXT('2D SPACE',''
  ) );
#16803 = ORIENTED_EDGE('',*,*,#16804,.T.);
#16804 = EDGE_CURVE('',#16782,#16684,#16805,.T.);
#16805 = SURFACE_CURVE('',#16806,(#16810,#16817),.PCURVE_S1.);
#16806 = LINE('',#16807,#16808);
#16807 = CARTESIAN_POINT('',(63.983909224012,39.95,109.11544655905));
#16808 = VECTOR('',#16809,1.);
#16809 = DIRECTION('',(-3.384905340034E-02,0.,-0.999426956603));
#16810 = PCURVE('',#6165,#16811);
#16811 = DEFINITIONAL_REPRESENTATION('',(#16812),#16816);
#16812 = LINE('',#16813,#16814);
#16813 = CARTESIAN_POINT('',(0.,-0.2));
#16814 = VECTOR('',#16815,1.);
#16815 = DIRECTION('',(1.,0.));
#16816 = ( GEOMETRIC_REPRESENTATION_CONTEXT(2) 
PARAMETRIC_REPRESENTATION_CONTEXT() REPRESENTATION_CONTEXT('2D SPACE',''
  ) );
#16817 = PCURVE('',#16401,#16818);
#16818 = DEFINITIONAL_REPRESENTATION('',(#16819),#16823);
#16819 = LINE('',#16820,#16821);
#16820 = CARTESIAN_POINT('',(-0.71649232807,0.74009587487));
#16821 = VECTOR('',#16822,1.);
#16822 = DIRECTION('',(3.384905340034E-02,-0.999426956603));
#16823 = ( GEOMETRIC_REPRESENTATION_CONTEXT(2) 
PARAMETRIC_REPRESENTATION_CONTEXT() REPRESENTATION_CONTEXT('2D SPACE',''
  ) );
#16824 = ORIENTED_EDGE('',*,*,#16683,.F.);
#16825 = ADVANCED_FACE('',(#16826),#6277,.F.);
#16826 = FACE_BOUND('',#16827,.F.);
#16827 = EDGE_LOOP('',(#16828,#16829,#16830,#16853));
#16828 = ORIENTED_EDGE('',*,*,#6261,.T.);
#16829 = ORIENTED_EDGE('',*,*,#16756,.T.);
#16830 = ORIENTED_EDGE('',*,*,#16831,.T.);
#16831 = EDGE_CURVE('',#16734,#16832,#16834,.T.);
#16832 = VERTEX_POINT('',#16833);
#16833 = CARTESIAN_POINT('',(63.02034076999,39.95,109.12535986717));
#16834 = SURFACE_CURVE('',#16835,(#16839,#16846),.PCURVE_S1.);
#16835 = LINE('',#16836,#16837);
#16836 = CARTESIAN_POINT('',(62.606222547822,39.95,109.16340305375));
#16837 = VECTOR('',#16838,1.);
#16838 = DIRECTION('',(0.9958068845,0.,-9.148031909809E-02));
#16839 = PCURVE('',#6277,#16840);
#16840 = DEFINITIONAL_REPRESENTATION('',(#16841),#16845);
#16841 = LINE('',#16842,#16843);
#16842 = CARTESIAN_POINT('',(0.,-0.2));
#16843 = VECTOR('',#16844,1.);
#16844 = DIRECTION('',(1.,0.));
#16845 = ( GEOMETRIC_REPRESENTATION_CONTEXT(2) 
PARAMETRIC_REPRESENTATION_CONTEXT() REPRESENTATION_CONTEXT('2D SPACE',''
  ) );
#16846 = PCURVE('',#16401,#16847);
#16847 = DEFINITIONAL_REPRESENTATION('',(#16848),#16852);
#16848 = LINE('',#16849,#16850);
#16849 = CARTESIAN_POINT('',(0.66119434812,0.78805236957));
#16850 = VECTOR('',#16851,1.);
#16851 = DIRECTION('',(-0.9958068845,-9.148031909809E-02));
#16852 = ( GEOMETRIC_REPRESENTATION_CONTEXT(2) 
PARAMETRIC_REPRESENTATION_CONTEXT() REPRESENTATION_CONTEXT('2D SPACE',''
  ) );
#16853 = ORIENTED_EDGE('',*,*,#16854,.F.);
#16854 = EDGE_CURVE('',#6234,#16832,#16855,.T.);
#16855 = SURFACE_CURVE('',#16856,(#16860,#16867),.PCURVE_S1.);
#16856 = LINE('',#16857,#16858);
#16857 = CARTESIAN_POINT('',(63.02034076999,39.75,109.12535986717));
#16858 = VECTOR('',#16859,1.);
#16859 = DIRECTION('',(0.,1.,0.));
#16860 = PCURVE('',#6277,#16861);
#16861 = DEFINITIONAL_REPRESENTATION('',(#16862),#16866);
#16862 = LINE('',#16863,#16864);
#16863 = CARTESIAN_POINT('',(0.41586197948,0.));
#16864 = VECTOR('',#16865,1.);
#16865 = DIRECTION('',(0.,-1.));
#16866 = ( GEOMETRIC_REPRESENTATION_CONTEXT(2) 
PARAMETRIC_REPRESENTATION_CONTEXT() REPRESENTATION_CONTEXT('2D SPACE',''
  ) );
#16867 = PCURVE('',#6249,#16868);
#16868 = DEFINITIONAL_REPRESENTATION('',(#16869),#16873);
#16869 = LINE('',#16870,#16871);
#16870 = CARTESIAN_POINT('',(0.,0.));
#16871 = VECTOR('',#16872,1.);
#16872 = DIRECTION('',(0.,-1.));
#16873 = ( GEOMETRIC_REPRESENTATION_CONTEXT(2) 
PARAMETRIC_REPRESENTATION_CONTEXT() REPRESENTATION_CONTEXT('2D SPACE',''
  ) );
#16874 = ADVANCED_FACE('',(#16875),#6193,.F.);
#16875 = FACE_BOUND('',#16876,.F.);
#16876 = EDGE_LOOP('',(#16877,#16878,#16901,#16922));
#16877 = ORIENTED_EDGE('',*,*,#6177,.T.);
#16878 = ORIENTED_EDGE('',*,*,#16879,.T.);
#16879 = EDGE_CURVE('',#6178,#16880,#16882,.T.);
#16880 = VERTEX_POINT('',#16881);
#16881 = CARTESIAN_POINT('',(63.572729980948,39.95,109.16340305375));
#16882 = SURFACE_CURVE('',#16883,(#16887,#16894),.PCURVE_S1.);
#16883 = LINE('',#16884,#16885);
#16884 = CARTESIAN_POINT('',(63.572729980948,39.75,109.16340305375));
#16885 = VECTOR('',#16886,1.);
#16886 = DIRECTION('',(0.,1.,0.));
#16887 = PCURVE('',#6193,#16888);
#16888 = DEFINITIONAL_REPRESENTATION('',(#16889),#16893);
#16889 = LINE('',#16890,#16891);
#16890 = CARTESIAN_POINT('',(0.,0.));
#16891 = VECTOR('',#16892,1.);
#16892 = DIRECTION('',(0.,-1.));
#16893 = ( GEOMETRIC_REPRESENTATION_CONTEXT(2) 
PARAMETRIC_REPRESENTATION_CONTEXT() REPRESENTATION_CONTEXT('2D SPACE',''
  ) );
#16894 = PCURVE('',#6221,#16895);
#16895 = DEFINITIONAL_REPRESENTATION('',(#16896),#16900);
#16896 = LINE('',#16897,#16898);
#16897 = CARTESIAN_POINT('',(1.02515285662,0.));
#16898 = VECTOR('',#16899,1.);
#16899 = DIRECTION('',(0.,-1.));
#16900 = ( GEOMETRIC_REPRESENTATION_CONTEXT(2) 
PARAMETRIC_REPRESENTATION_CONTEXT() REPRESENTATION_CONTEXT('2D SPACE',''
  ) );
#16901 = ORIENTED_EDGE('',*,*,#16902,.T.);
#16902 = EDGE_CURVE('',#16880,#16782,#16903,.T.);
#16903 = SURFACE_CURVE('',#16904,(#16908,#16915),.PCURVE_S1.);
#16904 = LINE('',#16905,#16906);
#16905 = CARTESIAN_POINT('',(63.572729980948,39.95,109.16340305375));
#16906 = VECTOR('',#16907,1.);
#16907 = DIRECTION('',(0.993267147022,0.,-0.115846340667));
#16908 = PCURVE('',#6193,#16909);
#16909 = DEFINITIONAL_REPRESENTATION('',(#16910),#16914);
#16910 = LINE('',#16911,#16912);
#16911 = CARTESIAN_POINT('',(0.,-0.2));
#16912 = VECTOR('',#16913,1.);
#16913 = DIRECTION('',(1.,0.));
#16914 = ( GEOMETRIC_REPRESENTATION_CONTEXT(2) 
PARAMETRIC_REPRESENTATION_CONTEXT() REPRESENTATION_CONTEXT('2D SPACE',''
  ) );
#16915 = PCURVE('',#16401,#16916);
#16916 = DEFINITIONAL_REPRESENTATION('',(#16917),#16921);
#16917 = LINE('',#16918,#16919);
#16918 = CARTESIAN_POINT('',(-0.305313085006,0.78805236957));
#16919 = VECTOR('',#16920,1.);
#16920 = DIRECTION('',(-0.993267147022,-0.115846340667));
#16921 = ( GEOMETRIC_REPRESENTATION_CONTEXT(2) 
PARAMETRIC_REPRESENTATION_CONTEXT() REPRESENTATION_CONTEXT('2D SPACE',''
  ) );
#16922 = ORIENTED_EDGE('',*,*,#16781,.F.);
#16923 = ADVANCED_FACE('',(#16924),#6249,.F.);
#16924 = FACE_BOUND('',#16925,.F.);
#16925 = EDGE_LOOP('',(#16926,#16927,#16928,#16951));
#16926 = ORIENTED_EDGE('',*,*,#6233,.T.);
#16927 = ORIENTED_EDGE('',*,*,#16854,.T.);
#16928 = ORIENTED_EDGE('',*,*,#16929,.T.);
#16929 = EDGE_CURVE('',#16832,#16930,#16932,.T.);
#16930 = VERTEX_POINT('',#16931);
#16931 = CARTESIAN_POINT('',(63.308772633971,39.95,108.17281489593));
#16932 = SURFACE_CURVE('',#16933,(#16937,#16944),.PCURVE_S1.);
#16933 = LINE('',#16934,#16935);
#16934 = CARTESIAN_POINT('',(63.02034076999,39.95,109.12535986717));
#16935 = VECTOR('',#16936,1.);
#16936 = DIRECTION('',(0.289806654795,0.,-0.957085211899));
#16937 = PCURVE('',#6249,#16938);
#16938 = DEFINITIONAL_REPRESENTATION('',(#16939),#16943);
#16939 = LINE('',#16940,#16941);
#16940 = CARTESIAN_POINT('',(0.,-0.2));
#16941 = VECTOR('',#16942,1.);
#16942 = DIRECTION('',(1.,0.));
#16943 = ( GEOMETRIC_REPRESENTATION_CONTEXT(2) 
PARAMETRIC_REPRESENTATION_CONTEXT() REPRESENTATION_CONTEXT('2D SPACE',''
  ) );
#16944 = PCURVE('',#16401,#16945);
#16945 = DEFINITIONAL_REPRESENTATION('',(#16946),#16950);
#16946 = LINE('',#16947,#16948);
#16947 = CARTESIAN_POINT('',(0.247076125952,0.75000918299));
#16948 = VECTOR('',#16949,1.);
#16949 = DIRECTION('',(-0.289806654795,-0.957085211899));
#16950 = ( GEOMETRIC_REPRESENTATION_CONTEXT(2) 
PARAMETRIC_REPRESENTATION_CONTEXT() REPRESENTATION_CONTEXT('2D SPACE',''
  ) );
#16951 = ORIENTED_EDGE('',*,*,#16952,.F.);
#16952 = EDGE_CURVE('',#6206,#16930,#16953,.T.);
#16953 = SURFACE_CURVE('',#16954,(#16958,#16965),.PCURVE_S1.);
#16954 = LINE('',#16955,#16956);
#16955 = CARTESIAN_POINT('',(63.308772633971,39.75,108.17281489593));
#16956 = VECTOR('',#16957,1.);
#16957 = DIRECTION('',(0.,1.,0.));
#16958 = PCURVE('',#6249,#16959);
#16959 = DEFINITIONAL_REPRESENTATION('',(#16960),#16964);
#16960 = LINE('',#16961,#16962);
#16961 = CARTESIAN_POINT('',(0.99525617928,0.));
#16962 = VECTOR('',#16963,1.);
#16963 = DIRECTION('',(0.,-1.));
#16964 = ( GEOMETRIC_REPRESENTATION_CONTEXT(2) 
PARAMETRIC_REPRESENTATION_CONTEXT() REPRESENTATION_CONTEXT('2D SPACE',''
  ) );
#16965 = PCURVE('',#6221,#16966);
#16966 = DEFINITIONAL_REPRESENTATION('',(#16967),#16971);
#16967 = LINE('',#16968,#16969);
#16968 = CARTESIAN_POINT('',(0.,0.));
#16969 = VECTOR('',#16970,1.);
#16970 = DIRECTION('',(0.,-1.));
#16971 = ( GEOMETRIC_REPRESENTATION_CONTEXT(2) 
PARAMETRIC_REPRESENTATION_CONTEXT() REPRESENTATION_CONTEXT('2D SPACE',''
  ) );
#16972 = ADVANCED_FACE('',(#16973),#6221,.F.);
#16973 = FACE_BOUND('',#16974,.F.);
#16974 = EDGE_LOOP('',(#16975,#16976,#16977,#16998));
#16975 = ORIENTED_EDGE('',*,*,#6205,.T.);
#16976 = ORIENTED_EDGE('',*,*,#16952,.T.);
#16977 = ORIENTED_EDGE('',*,*,#16978,.T.);
#16978 = EDGE_CURVE('',#16930,#16880,#16979,.T.);
#16979 = SURFACE_CURVE('',#16980,(#16984,#16991),.PCURVE_S1.);
#16980 = LINE('',#16981,#16982);
#16981 = CARTESIAN_POINT('',(63.308772633971,39.95,108.17281489593));
#16982 = VECTOR('',#16983,1.);
#16983 = DIRECTION('',(0.257480965176,0.,0.966283370742));
#16984 = PCURVE('',#6221,#16985);
#16985 = DEFINITIONAL_REPRESENTATION('',(#16986),#16990);
#16986 = LINE('',#16987,#16988);
#16987 = CARTESIAN_POINT('',(0.,-0.2));
#16988 = VECTOR('',#16989,1.);
#16989 = DIRECTION('',(1.,0.));
#16990 = ( GEOMETRIC_REPRESENTATION_CONTEXT(2) 
PARAMETRIC_REPRESENTATION_CONTEXT() REPRESENTATION_CONTEXT('2D SPACE',''
  ) );
#16991 = PCURVE('',#16401,#16992);
#16992 = DEFINITIONAL_REPRESENTATION('',(#16993),#16997);
#16993 = LINE('',#16994,#16995);
#16994 = CARTESIAN_POINT('',(-4.1355738029E-02,-0.20253578825));
#16995 = VECTOR('',#16996,1.);
#16996 = DIRECTION('',(-0.257480965176,0.966283370742));
#16997 = ( GEOMETRIC_REPRESENTATION_CONTEXT(2) 
PARAMETRIC_REPRESENTATION_CONTEXT() REPRESENTATION_CONTEXT('2D SPACE',''
  ) );
#16998 = ORIENTED_EDGE('',*,*,#16879,.F.);
#16999 = ADVANCED_FACE('',(#17000),#6468,.T.);
#17000 = FACE_BOUND('',#17001,.T.);
#17001 = EDGE_LOOP('',(#17002,#17022,#17023,#17024));
#17002 = ORIENTED_EDGE('',*,*,#17003,.F.);
#17003 = EDGE_CURVE('',#6685,#14910,#17004,.T.);
#17004 = SURFACE_CURVE('',#17005,(#17009,#17016),.PCURVE_S1.);
#17005 = LINE('',#17006,#17007);
#17006 = CARTESIAN_POINT('',(60.04,38.05,113.33));
#17007 = VECTOR('',#17008,1.);
#17008 = DIRECTION('',(-2.617694830786E-02,0.999657324976,
    -5.448637568551E-18));
#17009 = PCURVE('',#6468,#17010);
#17010 = DEFINITIONAL_REPRESENTATION('',(#17011),#17015);
#17011 = LINE('',#17012,#17013);
#17012 = CARTESIAN_POINT('',(0.,0.));
#17013 = VECTOR('',#17014,1.);
#17014 = DIRECTION('',(1.,2.311115933265E-33));
#17015 = ( GEOMETRIC_REPRESENTATION_CONTEXT(2) 
PARAMETRIC_REPRESENTATION_CONTEXT() REPRESENTATION_CONTEXT('2D SPACE',''
  ) );
#17016 = PCURVE('',#6597,#17017);
#17017 = DEFINITIONAL_REPRESENTATION('',(#17018),#17021);
#17018 = B_SPLINE_CURVE_WITH_KNOTS('',1,(#17019,#17020),.UNSPECIFIED.,
  .F.,.F.,(2,2),(0.,2.100719864231),.PIECEWISE_BEZIER_KNOTS.);
#17019 = CARTESIAN_POINT('',(4.712388980385,0.));
#17020 = CARTESIAN_POINT('',(4.712388980385,2.1));
#17021 = ( GEOMETRIC_REPRESENTATION_CONTEXT(2) 
PARAMETRIC_REPRESENTATION_CONTEXT() REPRESENTATION_CONTEXT('2D SPACE',''
  ) );
#17022 = ORIENTED_EDGE('',*,*,#6684,.F.);
#17023 = ORIENTED_EDGE('',*,*,#6453,.T.);
#17024 = ORIENTED_EDGE('',*,*,#14931,.T.);
#17025 = ADVANCED_FACE('',(#17026),#6597,.F.);
#17026 = FACE_BOUND('',#17027,.F.);
#17027 = EDGE_LOOP('',(#17028,#17029,#17030,#17031));
#17028 = ORIENTED_EDGE('',*,*,#17003,.F.);
#17029 = ORIENTED_EDGE('',*,*,#6733,.T.);
#17030 = ORIENTED_EDGE('',*,*,#6581,.T.);
#17031 = ORIENTED_EDGE('',*,*,#14959,.F.);
#17032 = ADVANCED_FACE('',(#17033),#6825,.F.);
#17033 = FACE_BOUND('',#17034,.F.);
#17034 = EDGE_LOOP('',(#17035,#17055,#17056,#17076));
#17035 = ORIENTED_EDGE('',*,*,#17036,.F.);
#17036 = EDGE_CURVE('',#6790,#8571,#17037,.T.);
#17037 = SURFACE_CURVE('',#17038,(#17042,#17049),.PCURVE_S1.);
#17038 = LINE('',#17039,#17040);
#17039 = CARTESIAN_POINT('',(60.902040292548,38.35,117.57723127035));
#17040 = VECTOR('',#17041,1.);
#17041 = DIRECTION('',(2.329660504739E-02,0.999657324976,
    -1.193737056384E-02));
#17042 = PCURVE('',#6825,#17043);
#17043 = DEFINITIONAL_REPRESENTATION('',(#17044),#17048);
#17044 = LINE('',#17045,#17046);
#17045 = CARTESIAN_POINT('',(1.241229341531E-13,13.660984591158));
#17046 = VECTOR('',#17047,1.);
#17047 = DIRECTION('',(1.,5.20417042793E-18));
#17048 = ( GEOMETRIC_REPRESENTATION_CONTEXT(2) 
PARAMETRIC_REPRESENTATION_CONTEXT() REPRESENTATION_CONTEXT('2D SPACE',''
  ) );
#17049 = PCURVE('',#6878,#17050);
#17050 = DEFINITIONAL_REPRESENTATION('',(#17051),#17054);
#17051 = B_SPLINE_CURVE_WITH_KNOTS('',1,(#17052,#17053),.UNSPECIFIED.,
  .F.,.F.,(2,2),(-1.142798056463E-17,1.500514188736),
  .PIECEWISE_BEZIER_KNOTS.);
#17052 = CARTESIAN_POINT('',(6.28318530718,0.));
#17053 = CARTESIAN_POINT('',(6.28318530718,-1.5));
#17054 = ( GEOMETRIC_REPRESENTATION_CONTEXT(2) 
PARAMETRIC_REPRESENTATION_CONTEXT() REPRESENTATION_CONTEXT('2D SPACE',''
  ) );
#17055 = ORIENTED_EDGE('',*,*,#6811,.F.);
#17056 = ORIENTED_EDGE('',*,*,#17057,.T.);
#17057 = EDGE_CURVE('',#6761,#8569,#17058,.T.);
#17058 = SURFACE_CURVE('',#17059,(#17063,#17070),.PCURVE_S1.);
#17059 = LINE('',#17060,#17061);
#17060 = CARTESIAN_POINT('',(54.672275332408,38.35,105.41941368078));
#17061 = VECTOR('',#17062,1.);
#17062 = DIRECTION('',(2.329660504739E-02,0.999657324976,
    -1.193737056384E-02));
#17063 = PCURVE('',#6825,#17064);
#17064 = DEFINITIONAL_REPRESENTATION('',(#17065),#17069);
#17065 = LINE('',#17066,#17067);
#17066 = CARTESIAN_POINT('',(0.,0.));
#17067 = VECTOR('',#17068,1.);
#17068 = DIRECTION('',(1.,5.20417042793E-18));
#17069 = ( GEOMETRIC_REPRESENTATION_CONTEXT(2) 
PARAMETRIC_REPRESENTATION_CONTEXT() REPRESENTATION_CONTEXT('2D SPACE',''
  ) );
#17070 = PCURVE('',#6979,#17071);
#17071 = DEFINITIONAL_REPRESENTATION('',(#17072),#17075);
#17072 = B_SPLINE_CURVE_WITH_KNOTS('',1,(#17073,#17074),.UNSPECIFIED.,
  .F.,.F.,(2,2),(0.,1.500514188736),.PIECEWISE_BEZIER_KNOTS.);
#17073 = CARTESIAN_POINT('',(2.194543068797,0.));
#17074 = CARTESIAN_POINT('',(2.194543068797,-1.5));
#17075 = ( GEOMETRIC_REPRESENTATION_CONTEXT(2) 
PARAMETRIC_REPRESENTATION_CONTEXT() REPRESENTATION_CONTEXT('2D SPACE',''
  ) );
#17076 = ORIENTED_EDGE('',*,*,#8568,.T.);
#17077 = ADVANCED_FACE('',(#17078),#6878,.T.);
#17078 = FACE_BOUND('',#17079,.T.);
#17079 = EDGE_LOOP('',(#17080,#17081,#17082,#17102));
#17080 = ORIENTED_EDGE('',*,*,#17036,.F.);
#17081 = ORIENTED_EDGE('',*,*,#6863,.T.);
#17082 = ORIENTED_EDGE('',*,*,#17083,.T.);
#17083 = EDGE_CURVE('',#6842,#8730,#17084,.T.);
#17084 = SURFACE_CURVE('',#17085,(#17089,#17095),.PCURVE_S1.);
#17085 = LINE('',#17086,#17087);
#17086 = CARTESIAN_POINT('',(63.037959707453,38.35,117.57723127035));
#17087 = VECTOR('',#17088,1.);
#17088 = DIRECTION('',(-2.329660504739E-02,0.999657324976,
    -1.193737056384E-02));
#17089 = PCURVE('',#6878,#17090);
#17090 = DEFINITIONAL_REPRESENTATION('',(#17091),#17094);
#17091 = B_SPLINE_CURVE_WITH_KNOTS('',1,(#17092,#17093),.UNSPECIFIED.,
  .F.,.F.,(2,2),(0.,1.500514188736),.PIECEWISE_BEZIER_KNOTS.);
#17092 = CARTESIAN_POINT('',(4.088642238384,0.));
#17093 = CARTESIAN_POINT('',(4.088642238384,-1.5));
#17094 = ( GEOMETRIC_REPRESENTATION_CONTEXT(2) 
PARAMETRIC_REPRESENTATION_CONTEXT() REPRESENTATION_CONTEXT('2D SPACE',''
  ) );
#17095 = PCURVE('',#6938,#17096);
#17096 = DEFINITIONAL_REPRESENTATION('',(#17097),#17101);
#17097 = LINE('',#17098,#17099);
#17098 = CARTESIAN_POINT('',(0.,0.));
#17099 = VECTOR('',#17100,1.);
#17100 = DIRECTION('',(1.,-5.20417042793E-18));
#17101 = ( GEOMETRIC_REPRESENTATION_CONTEXT(2) 
PARAMETRIC_REPRESENTATION_CONTEXT() REPRESENTATION_CONTEXT('2D SPACE',''
  ) );
#17102 = ORIENTED_EDGE('',*,*,#8729,.F.);
#17103 = ADVANCED_FACE('',(#17104),#6938,.F.);
#17104 = FACE_BOUND('',#17105,.F.);
#17105 = EDGE_LOOP('',(#17106,#17107,#17108,#17128));
#17106 = ORIENTED_EDGE('',*,*,#17083,.T.);
#17107 = ORIENTED_EDGE('',*,*,#8777,.T.);
#17108 = ORIENTED_EDGE('',*,*,#17109,.F.);
#17109 = EDGE_CURVE('',#6897,#8644,#17110,.T.);
#17110 = SURFACE_CURVE('',#17111,(#17115,#17122),.PCURVE_S1.);
#17111 = LINE('',#17112,#17113);
#17112 = CARTESIAN_POINT('',(69.267724667592,38.35,105.41941368078));
#17113 = VECTOR('',#17114,1.);
#17114 = DIRECTION('',(-2.329660504739E-02,0.999657324976,
    -1.193737056384E-02));
#17115 = PCURVE('',#6938,#17116);
#17116 = DEFINITIONAL_REPRESENTATION('',(#17117),#17121);
#17117 = LINE('',#17118,#17119);
#17118 = CARTESIAN_POINT('',(-9.581224702515E-14,13.660984591157));
#17119 = VECTOR('',#17120,1.);
#17120 = DIRECTION('',(1.,-5.20417042793E-18));
#17121 = ( GEOMETRIC_REPRESENTATION_CONTEXT(2) 
PARAMETRIC_REPRESENTATION_CONTEXT() REPRESENTATION_CONTEXT('2D SPACE',''
  ) );
#17122 = PCURVE('',#6979,#17123);
#17123 = DEFINITIONAL_REPRESENTATION('',(#17124),#17127);
#17124 = B_SPLINE_CURVE_WITH_KNOTS('',1,(#17125,#17126),.UNSPECIFIED.,
  .F.,.F.,(2,2),(-2.372238449762E-17,1.500514188736),
  .PIECEWISE_BEZIER_KNOTS.);
#17125 = CARTESIAN_POINT('',(6.28318530718,0.));
#17126 = CARTESIAN_POINT('',(6.28318530718,-1.5));
#17127 = ( GEOMETRIC_REPRESENTATION_CONTEXT(2) 
PARAMETRIC_REPRESENTATION_CONTEXT() REPRESENTATION_CONTEXT('2D SPACE',''
  ) );
#17128 = ORIENTED_EDGE('',*,*,#6924,.F.);
#17129 = ADVANCED_FACE('',(#17130),#6979,.T.);
#17130 = FACE_BOUND('',#17131,.T.);
#17131 = EDGE_LOOP('',(#17132,#17133,#17134,#17135));
#17132 = ORIENTED_EDGE('',*,*,#17109,.F.);
#17133 = ORIENTED_EDGE('',*,*,#6956,.T.);
#17134 = ORIENTED_EDGE('',*,*,#17057,.T.);
#17135 = ORIENTED_EDGE('',*,*,#8673,.F.);
#17136 = ADVANCED_FACE('',(#17137),#7035,.T.);
#17137 = FACE_BOUND('',#17138,.F.);
#17138 = EDGE_LOOP('',(#17139,#17140,#17141,#17142));
#17139 = ORIENTED_EDGE('',*,*,#7130,.F.);
#17140 = ORIENTED_EDGE('',*,*,#7016,.T.);
#17141 = ORIENTED_EDGE('',*,*,#7379,.F.);
#17142 = ORIENTED_EDGE('',*,*,#17143,.F.);
#17143 = EDGE_CURVE('',#7131,#7353,#17144,.T.);
#17144 = SURFACE_CURVE('',#17145,(#17150,#17157),.PCURVE_S1.);
#17145 = CIRCLE('',#17146,3.4);
#17146 = AXIS2_PLACEMENT_3D('',#17147,#17148,#17149);
#17147 = CARTESIAN_POINT('',(61.97,35.4,102.68));
#17148 = DIRECTION('',(0.,1.,0.));
#17149 = DIRECTION('',(0.769757614668,-0.,0.638336286498));
#17150 = PCURVE('',#7035,#17151);
#17151 = DEFINITIONAL_REPRESENTATION('',(#17152),#17156);
#17152 = CIRCLE('',#17153,3.4);
#17153 = AXIS2_PLACEMENT_2D('',#17154,#17155);
#17154 = CARTESIAN_POINT('',(0.,0.));
#17155 = DIRECTION('',(0.769757614668,-0.638336286498));
#17156 = ( GEOMETRIC_REPRESENTATION_CONTEXT(2) 
PARAMETRIC_REPRESENTATION_CONTEXT() REPRESENTATION_CONTEXT('2D SPACE',''
  ) );
#17157 = PCURVE('',#7170,#17158);
#17158 = DEFINITIONAL_REPRESENTATION('',(#17159),#17163);
#17159 = LINE('',#17160,#17161);
#17160 = CARTESIAN_POINT('',(5.590850330902,-0.));
#17161 = VECTOR('',#17162,1.);
#17162 = DIRECTION('',(1.,-0.));
#17163 = ( GEOMETRIC_REPRESENTATION_CONTEXT(2) 
PARAMETRIC_REPRESENTATION_CONTEXT() REPRESENTATION_CONTEXT('2D SPACE',''
  ) );
#17164 = ADVANCED_FACE('',(#17165),#7228,.F.);
#17165 = FACE_BOUND('',#17166,.F.);
#17166 = EDGE_LOOP('',(#17167,#17168,#17169,#17191));
#17167 = ORIENTED_EDGE('',*,*,#7248,.F.);
#17168 = ORIENTED_EDGE('',*,*,#7213,.F.);
#17169 = ORIENTED_EDGE('',*,*,#17170,.T.);
#17170 = EDGE_CURVE('',#7186,#7303,#17171,.T.);
#17171 = SURFACE_CURVE('',#17172,(#17177,#17184),.PCURVE_S1.);
#17172 = CIRCLE('',#17173,2.35);
#17173 = AXIS2_PLACEMENT_3D('',#17174,#17175,#17176);
#17174 = CARTESIAN_POINT('',(61.97,34.3,102.68));
#17175 = DIRECTION('',(0.,1.,0.));
#17176 = DIRECTION('',(0.803193744538,-0.,0.595717893583));
#17177 = PCURVE('',#7228,#17178);
#17178 = DEFINITIONAL_REPRESENTATION('',(#17179),#17183);
#17179 = LINE('',#17180,#17181);
#17180 = CARTESIAN_POINT('',(6.921344458709,0.));
#17181 = VECTOR('',#17182,1.);
#17182 = DIRECTION('',(-1.,-0.));
#17183 = ( GEOMETRIC_REPRESENTATION_CONTEXT(2) 
PARAMETRIC_REPRESENTATION_CONTEXT() REPRESENTATION_CONTEXT('2D SPACE',''
  ) );
#17184 = PCURVE('',#7201,#17185);
#17185 = DEFINITIONAL_REPRESENTATION('',(#17186),#17190);
#17186 = CIRCLE('',#17187,2.35);
#17187 = AXIS2_PLACEMENT_2D('',#17188,#17189);
#17188 = CARTESIAN_POINT('',(0.,0.));
#17189 = DIRECTION('',(0.803193744538,-0.595717893583));
#17190 = ( GEOMETRIC_REPRESENTATION_CONTEXT(2) 
PARAMETRIC_REPRESENTATION_CONTEXT() REPRESENTATION_CONTEXT('2D SPACE',''
  ) );
#17191 = ORIENTED_EDGE('',*,*,#7302,.F.);
#17192 = ADVANCED_FACE('',(#17193),#7201,.F.);
#17193 = FACE_BOUND('',#17194,.F.);
#17194 = EDGE_LOOP('',(#17195,#17196,#17218,#17219));
#17195 = ORIENTED_EDGE('',*,*,#7185,.F.);
#17196 = ORIENTED_EDGE('',*,*,#17197,.T.);
#17197 = EDGE_CURVE('',#7154,#7330,#17198,.T.);
#17198 = SURFACE_CURVE('',#17199,(#17204,#17211),.PCURVE_S1.);
#17199 = CIRCLE('',#17200,2.764914703891);
#17200 = AXIS2_PLACEMENT_3D('',#17201,#17202,#17203);
#17201 = CARTESIAN_POINT('',(61.97,34.3,102.68));
#17202 = DIRECTION('',(0.,1.,0.));
#17203 = DIRECTION('',(0.789758739232,-0.,0.613417585178));
#17204 = PCURVE('',#7201,#17205);
#17205 = DEFINITIONAL_REPRESENTATION('',(#17206),#17210);
#17206 = CIRCLE('',#17207,2.764914703891);
#17207 = AXIS2_PLACEMENT_2D('',#17208,#17209);
#17208 = CARTESIAN_POINT('',(0.,0.));
#17209 = DIRECTION('',(0.789758739232,-0.613417585178));
#17210 = ( GEOMETRIC_REPRESENTATION_CONTEXT(2) 
PARAMETRIC_REPRESENTATION_CONTEXT() REPRESENTATION_CONTEXT('2D SPACE',''
  ) );
#17211 = PCURVE('',#7170,#17212);
#17212 = DEFINITIONAL_REPRESENTATION('',(#17213),#17217);
#17213 = LINE('',#17214,#17215);
#17214 = CARTESIAN_POINT('',(5.622804572232,-1.1));
#17215 = VECTOR('',#17216,1.);
#17216 = DIRECTION('',(1.,-0.));
#17217 = ( GEOMETRIC_REPRESENTATION_CONTEXT(2) 
PARAMETRIC_REPRESENTATION_CONTEXT() REPRESENTATION_CONTEXT('2D SPACE',''
  ) );
#17218 = ORIENTED_EDGE('',*,*,#7329,.F.);
#17219 = ORIENTED_EDGE('',*,*,#17170,.F.);
#17220 = ADVANCED_FACE('',(#17221),#7170,.T.);
#17221 = FACE_BOUND('',#17222,.F.);
#17222 = EDGE_LOOP('',(#17223,#17224,#17225,#17226));
#17223 = ORIENTED_EDGE('',*,*,#17143,.T.);
#17224 = ORIENTED_EDGE('',*,*,#7352,.T.);
#17225 = ORIENTED_EDGE('',*,*,#17197,.F.);
#17226 = ORIENTED_EDGE('',*,*,#7153,.T.);
#17227 = ADVANCED_FACE('',(#17228),#7474,.T.);
#17228 = FACE_BOUND('',#17229,.F.);
#17229 = EDGE_LOOP('',(#17230,#17231,#17232,#17233));
#17230 = ORIENTED_EDGE('',*,*,#7518,.F.);
#17231 = ORIENTED_EDGE('',*,*,#7459,.T.);
#17232 = ORIENTED_EDGE('',*,*,#7767,.F.);
#17233 = ORIENTED_EDGE('',*,*,#17234,.F.);
#17234 = EDGE_CURVE('',#7519,#7741,#17235,.T.);
#17235 = SURFACE_CURVE('',#17236,(#17241,#17248),.PCURVE_S1.);
#17236 = CIRCLE('',#17237,3.4);
#17237 = AXIS2_PLACEMENT_3D('',#17238,#17239,#17240);
#17238 = CARTESIAN_POINT('',(61.97,35.4,102.68));
#17239 = DIRECTION('',(-0.,1.,0.));
#17240 = DIRECTION('',(1.,0.,0.));
#17241 = PCURVE('',#7474,#17242);
#17242 = DEFINITIONAL_REPRESENTATION('',(#17243),#17247);
#17243 = CIRCLE('',#17244,3.4);
#17244 = AXIS2_PLACEMENT_2D('',#17245,#17246);
#17245 = CARTESIAN_POINT('',(0.,0.));
#17246 = DIRECTION('',(1.,0.));
#17247 = ( GEOMETRIC_REPRESENTATION_CONTEXT(2) 
PARAMETRIC_REPRESENTATION_CONTEXT() REPRESENTATION_CONTEXT('2D SPACE',''
  ) );
#17248 = PCURVE('',#7558,#17249);
#17249 = DEFINITIONAL_REPRESENTATION('',(#17250),#17254);
#17250 = LINE('',#17251,#17252);
#17251 = CARTESIAN_POINT('',(0.,-0.));
#17252 = VECTOR('',#17253,1.);
#17253 = DIRECTION('',(1.,-0.));
#17254 = ( GEOMETRIC_REPRESENTATION_CONTEXT(2) 
PARAMETRIC_REPRESENTATION_CONTEXT() REPRESENTATION_CONTEXT('2D SPACE',''
  ) );
#17255 = ADVANCED_FACE('',(#17256),#7616,.F.);
#17256 = FACE_BOUND('',#17257,.F.);
#17257 = EDGE_LOOP('',(#17258,#17259,#17281,#17282));
#17258 = ORIENTED_EDGE('',*,*,#7601,.F.);
#17259 = ORIENTED_EDGE('',*,*,#17260,.T.);
#17260 = EDGE_CURVE('',#7574,#7691,#17261,.T.);
#17261 = SURFACE_CURVE('',#17262,(#17267,#17274),.PCURVE_S1.);
#17262 = CIRCLE('',#17263,2.35);
#17263 = AXIS2_PLACEMENT_3D('',#17264,#17265,#17266);
#17264 = CARTESIAN_POINT('',(61.97,34.3,102.68));
#17265 = DIRECTION('',(-0.,1.,0.));
#17266 = DIRECTION('',(1.,0.,0.));
#17267 = PCURVE('',#7616,#17268);
#17268 = DEFINITIONAL_REPRESENTATION('',(#17269),#17273);
#17269 = LINE('',#17270,#17271);
#17270 = CARTESIAN_POINT('',(6.28318530718,0.));
#17271 = VECTOR('',#17272,1.);
#17272 = DIRECTION('',(-1.,-0.));
#17273 = ( GEOMETRIC_REPRESENTATION_CONTEXT(2) 
PARAMETRIC_REPRESENTATION_CONTEXT() REPRESENTATION_CONTEXT('2D SPACE',''
  ) );
#17274 = PCURVE('',#7589,#17275);
#17275 = DEFINITIONAL_REPRESENTATION('',(#17276),#17280);
#17276 = CIRCLE('',#17277,2.35);
#17277 = AXIS2_PLACEMENT_2D('',#17278,#17279);
#17278 = CARTESIAN_POINT('',(0.,0.));
#17279 = DIRECTION('',(1.,0.));
#17280 = ( GEOMETRIC_REPRESENTATION_CONTEXT(2) 
PARAMETRIC_REPRESENTATION_CONTEXT() REPRESENTATION_CONTEXT('2D SPACE',''
  ) );
#17281 = ORIENTED_EDGE('',*,*,#7690,.F.);
#17282 = ORIENTED_EDGE('',*,*,#7635,.F.);
#17283 = ADVANCED_FACE('',(#17284),#7589,.F.);
#17284 = FACE_BOUND('',#17285,.F.);
#17285 = EDGE_LOOP('',(#17286,#17287,#17309,#17310));
#17286 = ORIENTED_EDGE('',*,*,#7573,.F.);
#17287 = ORIENTED_EDGE('',*,*,#17288,.T.);
#17288 = EDGE_CURVE('',#7542,#7718,#17289,.T.);
#17289 = SURFACE_CURVE('',#17290,(#17295,#17302),.PCURVE_S1.);
#17290 = CIRCLE('',#17291,2.764914703891);
#17291 = AXIS2_PLACEMENT_3D('',#17292,#17293,#17294);
#17292 = CARTESIAN_POINT('',(61.97,34.3,102.68));
#17293 = DIRECTION('',(-0.,1.,0.));
#17294 = DIRECTION('',(1.,0.,0.));
#17295 = PCURVE('',#7589,#17296);
#17296 = DEFINITIONAL_REPRESENTATION('',(#17297),#17301);
#17297 = CIRCLE('',#17298,2.764914703891);
#17298 = AXIS2_PLACEMENT_2D('',#17299,#17300);
#17299 = CARTESIAN_POINT('',(0.,0.));
#17300 = DIRECTION('',(1.,0.));
#17301 = ( GEOMETRIC_REPRESENTATION_CONTEXT(2) 
PARAMETRIC_REPRESENTATION_CONTEXT() REPRESENTATION_CONTEXT('2D SPACE',''
  ) );
#17302 = PCURVE('',#7558,#17303);
#17303 = DEFINITIONAL_REPRESENTATION('',(#17304),#17308);
#17304 = LINE('',#17305,#17306);
#17305 = CARTESIAN_POINT('',(0.,-1.1));
#17306 = VECTOR('',#17307,1.);
#17307 = DIRECTION('',(1.,-0.));
#17308 = ( GEOMETRIC_REPRESENTATION_CONTEXT(2) 
PARAMETRIC_REPRESENTATION_CONTEXT() REPRESENTATION_CONTEXT('2D SPACE',''
  ) );
#17309 = ORIENTED_EDGE('',*,*,#7717,.F.);
#17310 = ORIENTED_EDGE('',*,*,#17260,.F.);
#17311 = ADVANCED_FACE('',(#17312),#7558,.T.);
#17312 = FACE_BOUND('',#17313,.F.);
#17313 = EDGE_LOOP('',(#17314,#17315,#17316,#17317));
#17314 = ORIENTED_EDGE('',*,*,#7541,.T.);
#17315 = ORIENTED_EDGE('',*,*,#17234,.T.);
#17316 = ORIENTED_EDGE('',*,*,#7740,.T.);
#17317 = ORIENTED_EDGE('',*,*,#17288,.F.);
#17318 = ADVANCED_FACE('',(#17319),#7862,.T.);
#17319 = FACE_BOUND('',#17320,.F.);
#17320 = EDGE_LOOP('',(#17321,#17322,#17323,#17324));
#17321 = ORIENTED_EDGE('',*,*,#7906,.F.);
#17322 = ORIENTED_EDGE('',*,*,#7847,.T.);
#17323 = ORIENTED_EDGE('',*,*,#8155,.F.);
#17324 = ORIENTED_EDGE('',*,*,#17325,.F.);
#17325 = EDGE_CURVE('',#7907,#8129,#17326,.T.);
#17326 = SURFACE_CURVE('',#17327,(#17332,#17339),.PCURVE_S1.);
#17327 = CIRCLE('',#17328,3.4);
#17328 = AXIS2_PLACEMENT_3D('',#17329,#17330,#17331);
#17329 = CARTESIAN_POINT('',(61.97,35.4,102.68));
#17330 = DIRECTION('',(-0.,1.,0.));
#17331 = DIRECTION('',(1.,0.,0.));
#17332 = PCURVE('',#7862,#17333);
#17333 = DEFINITIONAL_REPRESENTATION('',(#17334),#17338);
#17334 = CIRCLE('',#17335,3.4);
#17335 = AXIS2_PLACEMENT_2D('',#17336,#17337);
#17336 = CARTESIAN_POINT('',(0.,0.));
#17337 = DIRECTION('',(1.,0.));
#17338 = ( GEOMETRIC_REPRESENTATION_CONTEXT(2) 
PARAMETRIC_REPRESENTATION_CONTEXT() REPRESENTATION_CONTEXT('2D SPACE',''
  ) );
#17339 = PCURVE('',#7946,#17340);
#17340 = DEFINITIONAL_REPRESENTATION('',(#17341),#17345);
#17341 = LINE('',#17342,#17343);
#17342 = CARTESIAN_POINT('',(0.,-0.));
#17343 = VECTOR('',#17344,1.);
#17344 = DIRECTION('',(1.,-0.));
#17345 = ( GEOMETRIC_REPRESENTATION_CONTEXT(2) 
PARAMETRIC_REPRESENTATION_CONTEXT() REPRESENTATION_CONTEXT('2D SPACE',''
  ) );
#17346 = ADVANCED_FACE('',(#17347),#8004,.F.);
#17347 = FACE_BOUND('',#17348,.F.);
#17348 = EDGE_LOOP('',(#17349,#17350,#17372,#17373));
#17349 = ORIENTED_EDGE('',*,*,#7989,.F.);
#17350 = ORIENTED_EDGE('',*,*,#17351,.T.);
#17351 = EDGE_CURVE('',#7962,#8079,#17352,.T.);
#17352 = SURFACE_CURVE('',#17353,(#17358,#17365),.PCURVE_S1.);
#17353 = CIRCLE('',#17354,2.35);
#17354 = AXIS2_PLACEMENT_3D('',#17355,#17356,#17357);
#17355 = CARTESIAN_POINT('',(61.97,34.3,102.68));
#17356 = DIRECTION('',(-0.,1.,0.));
#17357 = DIRECTION('',(1.,0.,0.));
#17358 = PCURVE('',#8004,#17359);
#17359 = DEFINITIONAL_REPRESENTATION('',(#17360),#17364);
#17360 = LINE('',#17361,#17362);
#17361 = CARTESIAN_POINT('',(6.28318530718,0.));
#17362 = VECTOR('',#17363,1.);
#17363 = DIRECTION('',(-1.,-0.));
#17364 = ( GEOMETRIC_REPRESENTATION_CONTEXT(2) 
PARAMETRIC_REPRESENTATION_CONTEXT() REPRESENTATION_CONTEXT('2D SPACE',''
  ) );
#17365 = PCURVE('',#7977,#17366);
#17366 = DEFINITIONAL_REPRESENTATION('',(#17367),#17371);
#17367 = CIRCLE('',#17368,2.35);
#17368 = AXIS2_PLACEMENT_2D('',#17369,#17370);
#17369 = CARTESIAN_POINT('',(0.,0.));
#17370 = DIRECTION('',(1.,0.));
#17371 = ( GEOMETRIC_REPRESENTATION_CONTEXT(2) 
PARAMETRIC_REPRESENTATION_CONTEXT() REPRESENTATION_CONTEXT('2D SPACE',''
  ) );
#17372 = ORIENTED_EDGE('',*,*,#8078,.F.);
#17373 = ORIENTED_EDGE('',*,*,#8023,.F.);
#17374 = ADVANCED_FACE('',(#17375),#7977,.F.);
#17375 = FACE_BOUND('',#17376,.F.);
#17376 = EDGE_LOOP('',(#17377,#17378,#17400,#17401));
#17377 = ORIENTED_EDGE('',*,*,#7961,.F.);
#17378 = ORIENTED_EDGE('',*,*,#17379,.T.);
#17379 = EDGE_CURVE('',#7930,#8106,#17380,.T.);
#17380 = SURFACE_CURVE('',#17381,(#17386,#17393),.PCURVE_S1.);
#17381 = CIRCLE('',#17382,2.764914703891);
#17382 = AXIS2_PLACEMENT_3D('',#17383,#17384,#17385);
#17383 = CARTESIAN_POINT('',(61.97,34.3,102.68));
#17384 = DIRECTION('',(-0.,1.,0.));
#17385 = DIRECTION('',(1.,0.,0.));
#17386 = PCURVE('',#7977,#17387);
#17387 = DEFINITIONAL_REPRESENTATION('',(#17388),#17392);
#17388 = CIRCLE('',#17389,2.764914703891);
#17389 = AXIS2_PLACEMENT_2D('',#17390,#17391);
#17390 = CARTESIAN_POINT('',(0.,0.));
#17391 = DIRECTION('',(1.,0.));
#17392 = ( GEOMETRIC_REPRESENTATION_CONTEXT(2) 
PARAMETRIC_REPRESENTATION_CONTEXT() REPRESENTATION_CONTEXT('2D SPACE',''
  ) );
#17393 = PCURVE('',#7946,#17394);
#17394 = DEFINITIONAL_REPRESENTATION('',(#17395),#17399);
#17395 = LINE('',#17396,#17397);
#17396 = CARTESIAN_POINT('',(0.,-1.1));
#17397 = VECTOR('',#17398,1.);
#17398 = DIRECTION('',(1.,-0.));
#17399 = ( GEOMETRIC_REPRESENTATION_CONTEXT(2) 
PARAMETRIC_REPRESENTATION_CONTEXT() REPRESENTATION_CONTEXT('2D SPACE',''
  ) );
#17400 = ORIENTED_EDGE('',*,*,#8105,.F.);
#17401 = ORIENTED_EDGE('',*,*,#17351,.F.);
#17402 = ADVANCED_FACE('',(#17403),#7946,.T.);
#17403 = FACE_BOUND('',#17404,.F.);
#17404 = EDGE_LOOP('',(#17405,#17406,#17407,#17408));
#17405 = ORIENTED_EDGE('',*,*,#7929,.T.);
#17406 = ORIENTED_EDGE('',*,*,#17325,.T.);
#17407 = ORIENTED_EDGE('',*,*,#8128,.T.);
#17408 = ORIENTED_EDGE('',*,*,#17379,.F.);
#17409 = ADVANCED_FACE('',(#17410),#8250,.T.);
#17410 = FACE_BOUND('',#17411,.F.);
#17411 = EDGE_LOOP('',(#17412,#17413,#17414,#17415));
#17412 = ORIENTED_EDGE('',*,*,#8294,.F.);
#17413 = ORIENTED_EDGE('',*,*,#8235,.T.);
#17414 = ORIENTED_EDGE('',*,*,#8543,.F.);
#17415 = ORIENTED_EDGE('',*,*,#17416,.F.);
#17416 = EDGE_CURVE('',#8295,#8517,#17417,.T.);
#17417 = SURFACE_CURVE('',#17418,(#17423,#17430),.PCURVE_S1.);
#17418 = CIRCLE('',#17419,3.4);
#17419 = AXIS2_PLACEMENT_3D('',#17420,#17421,#17422);
#17420 = CARTESIAN_POINT('',(61.97,35.4,102.68));
#17421 = DIRECTION('',(-0.,1.,0.));
#17422 = DIRECTION('',(1.,0.,0.));
#17423 = PCURVE('',#8250,#17424);
#17424 = DEFINITIONAL_REPRESENTATION('',(#17425),#17429);
#17425 = CIRCLE('',#17426,3.4);
#17426 = AXIS2_PLACEMENT_2D('',#17427,#17428);
#17427 = CARTESIAN_POINT('',(0.,0.));
#17428 = DIRECTION('',(1.,0.));
#17429 = ( GEOMETRIC_REPRESENTATION_CONTEXT(2) 
PARAMETRIC_REPRESENTATION_CONTEXT() REPRESENTATION_CONTEXT('2D SPACE',''
  ) );
#17430 = PCURVE('',#8334,#17431);
#17431 = DEFINITIONAL_REPRESENTATION('',(#17432),#17436);
#17432 = LINE('',#17433,#17434);
#17433 = CARTESIAN_POINT('',(0.,-0.));
#17434 = VECTOR('',#17435,1.);
#17435 = DIRECTION('',(1.,-0.));
#17436 = ( GEOMETRIC_REPRESENTATION_CONTEXT(2) 
PARAMETRIC_REPRESENTATION_CONTEXT() REPRESENTATION_CONTEXT('2D SPACE',''
  ) );
#17437 = ADVANCED_FACE('',(#17438),#8392,.F.);
#17438 = FACE_BOUND('',#17439,.F.);
#17439 = EDGE_LOOP('',(#17440,#17441,#17463,#17464));
#17440 = ORIENTED_EDGE('',*,*,#8377,.F.);
#17441 = ORIENTED_EDGE('',*,*,#17442,.T.);
#17442 = EDGE_CURVE('',#8350,#8467,#17443,.T.);
#17443 = SURFACE_CURVE('',#17444,(#17449,#17456),.PCURVE_S1.);
#17444 = CIRCLE('',#17445,2.35);
#17445 = AXIS2_PLACEMENT_3D('',#17446,#17447,#17448);
#17446 = CARTESIAN_POINT('',(61.97,34.3,102.68));
#17447 = DIRECTION('',(-0.,1.,0.));
#17448 = DIRECTION('',(1.,0.,0.));
#17449 = PCURVE('',#8392,#17450);
#17450 = DEFINITIONAL_REPRESENTATION('',(#17451),#17455);
#17451 = LINE('',#17452,#17453);
#17452 = CARTESIAN_POINT('',(6.28318530718,0.));
#17453 = VECTOR('',#17454,1.);
#17454 = DIRECTION('',(-1.,-0.));
#17455 = ( GEOMETRIC_REPRESENTATION_CONTEXT(2) 
PARAMETRIC_REPRESENTATION_CONTEXT() REPRESENTATION_CONTEXT('2D SPACE',''
  ) );
#17456 = PCURVE('',#8365,#17457);
#17457 = DEFINITIONAL_REPRESENTATION('',(#17458),#17462);
#17458 = CIRCLE('',#17459,2.35);
#17459 = AXIS2_PLACEMENT_2D('',#17460,#17461);
#17460 = CARTESIAN_POINT('',(0.,0.));
#17461 = DIRECTION('',(1.,0.));
#17462 = ( GEOMETRIC_REPRESENTATION_CONTEXT(2) 
PARAMETRIC_REPRESENTATION_CONTEXT() REPRESENTATION_CONTEXT('2D SPACE',''
  ) );
#17463 = ORIENTED_EDGE('',*,*,#8466,.F.);
#17464 = ORIENTED_EDGE('',*,*,#8411,.F.);
#17465 = ADVANCED_FACE('',(#17466),#8365,.F.);
#17466 = FACE_BOUND('',#17467,.F.);
#17467 = EDGE_LOOP('',(#17468,#17469,#17491,#17492));
#17468 = ORIENTED_EDGE('',*,*,#8349,.F.);
#17469 = ORIENTED_EDGE('',*,*,#17470,.T.);
#17470 = EDGE_CURVE('',#8318,#8494,#17471,.T.);
#17471 = SURFACE_CURVE('',#17472,(#17477,#17484),.PCURVE_S1.);
#17472 = CIRCLE('',#17473,2.764914703891);
#17473 = AXIS2_PLACEMENT_3D('',#17474,#17475,#17476);
#17474 = CARTESIAN_POINT('',(61.97,34.3,102.68));
#17475 = DIRECTION('',(-0.,1.,0.));
#17476 = DIRECTION('',(1.,0.,0.));
#17477 = PCURVE('',#8365,#17478);
#17478 = DEFINITIONAL_REPRESENTATION('',(#17479),#17483);
#17479 = CIRCLE('',#17480,2.764914703891);
#17480 = AXIS2_PLACEMENT_2D('',#17481,#17482);
#17481 = CARTESIAN_POINT('',(0.,0.));
#17482 = DIRECTION('',(1.,0.));
#17483 = ( GEOMETRIC_REPRESENTATION_CONTEXT(2) 
PARAMETRIC_REPRESENTATION_CONTEXT() REPRESENTATION_CONTEXT('2D SPACE',''
  ) );
#17484 = PCURVE('',#8334,#17485);
#17485 = DEFINITIONAL_REPRESENTATION('',(#17486),#17490);
#17486 = LINE('',#17487,#17488);
#17487 = CARTESIAN_POINT('',(0.,-1.1));
#17488 = VECTOR('',#17489,1.);
#17489 = DIRECTION('',(1.,-0.));
#17490 = ( GEOMETRIC_REPRESENTATION_CONTEXT(2) 
PARAMETRIC_REPRESENTATION_CONTEXT() REPRESENTATION_CONTEXT('2D SPACE',''
  ) );
#17491 = ORIENTED_EDGE('',*,*,#8493,.F.);
#17492 = ORIENTED_EDGE('',*,*,#17442,.F.);
#17493 = ADVANCED_FACE('',(#17494),#8334,.T.);
#17494 = FACE_BOUND('',#17495,.F.);
#17495 = EDGE_LOOP('',(#17496,#17497,#17498,#17499));
#17496 = ORIENTED_EDGE('',*,*,#8317,.T.);
#17497 = ORIENTED_EDGE('',*,*,#17416,.T.);
#17498 = ORIENTED_EDGE('',*,*,#8516,.T.);
#17499 = ORIENTED_EDGE('',*,*,#17470,.F.);
#17500 = ADVANCED_FACE('',(#17501),#8844,.T.);
#17501 = FACE_BOUND('',#17502,.T.);
#17502 = EDGE_LOOP('',(#17503,#17504,#17505,#17506,#17507,#17508,#17509,
    #17510,#17511,#17512,#17513,#17514,#17515,#17516,#17517,#17518,
    #17519,#17520,#17521,#17522,#17523,#17524,#17525,#17526,#17527,
    #17528,#17529,#17530));
#17503 = ORIENTED_EDGE('',*,*,#8953,.T.);
#17504 = ORIENTED_EDGE('',*,*,#8828,.T.);
#17505 = ORIENTED_EDGE('',*,*,#8882,.T.);
#17506 = ORIENTED_EDGE('',*,*,#8980,.T.);
#17507 = ORIENTED_EDGE('',*,*,#9078,.T.);
#17508 = ORIENTED_EDGE('',*,*,#9176,.T.);
#17509 = ORIENTED_EDGE('',*,*,#9274,.T.);
#17510 = ORIENTED_EDGE('',*,*,#9372,.T.);
#17511 = ORIENTED_EDGE('',*,*,#9470,.T.);
#17512 = ORIENTED_EDGE('',*,*,#9568,.T.);
#17513 = ORIENTED_EDGE('',*,*,#9666,.T.);
#17514 = ORIENTED_EDGE('',*,*,#9764,.T.);
#17515 = ORIENTED_EDGE('',*,*,#9862,.T.);
#17516 = ORIENTED_EDGE('',*,*,#9960,.T.);
#17517 = ORIENTED_EDGE('',*,*,#10058,.T.);
#17518 = ORIENTED_EDGE('',*,*,#10156,.T.);
#17519 = ORIENTED_EDGE('',*,*,#10129,.T.);
#17520 = ORIENTED_EDGE('',*,*,#10031,.T.);
#17521 = ORIENTED_EDGE('',*,*,#9933,.T.);
#17522 = ORIENTED_EDGE('',*,*,#9835,.T.);
#17523 = ORIENTED_EDGE('',*,*,#9737,.T.);
#17524 = ORIENTED_EDGE('',*,*,#9639,.T.);
#17525 = ORIENTED_EDGE('',*,*,#9541,.T.);
#17526 = ORIENTED_EDGE('',*,*,#9443,.T.);
#17527 = ORIENTED_EDGE('',*,*,#9345,.T.);
#17528 = ORIENTED_EDGE('',*,*,#9247,.T.);
#17529 = ORIENTED_EDGE('',*,*,#9149,.T.);
#17530 = ORIENTED_EDGE('',*,*,#9051,.T.);
#17531 = ADVANCED_FACE('',(#17532),#10221,.T.);
#17532 = FACE_BOUND('',#17533,.T.);
#17533 = EDGE_LOOP('',(#17534,#17535,#17536,#17537,#17538,#17539,#17540,
    #17541,#17542,#17543,#17544,#17545,#17546,#17547,#17548,#17549,
    #17550,#17551,#17552,#17553,#17554,#17555,#17556,#17557,#17558,
    #17559,#17560,#17561));
#17534 = ORIENTED_EDGE('',*,*,#10330,.T.);
#17535 = ORIENTED_EDGE('',*,*,#10205,.T.);
#17536 = ORIENTED_EDGE('',*,*,#10259,.T.);
#17537 = ORIENTED_EDGE('',*,*,#10357,.T.);
#17538 = ORIENTED_EDGE('',*,*,#10455,.T.);
#17539 = ORIENTED_EDGE('',*,*,#10553,.T.);
#17540 = ORIENTED_EDGE('',*,*,#10651,.T.);
#17541 = ORIENTED_EDGE('',*,*,#10749,.T.);
#17542 = ORIENTED_EDGE('',*,*,#10847,.T.);
#17543 = ORIENTED_EDGE('',*,*,#10945,.T.);
#17544 = ORIENTED_EDGE('',*,*,#11043,.T.);
#17545 = ORIENTED_EDGE('',*,*,#11141,.T.);
#17546 = ORIENTED_EDGE('',*,*,#11239,.T.);
#17547 = ORIENTED_EDGE('',*,*,#11337,.T.);
#17548 = ORIENTED_EDGE('',*,*,#11435,.T.);
#17549 = ORIENTED_EDGE('',*,*,#11533,.T.);
#17550 = ORIENTED_EDGE('',*,*,#11506,.T.);
#17551 = ORIENTED_EDGE('',*,*,#11408,.T.);
#17552 = ORIENTED_EDGE('',*,*,#11310,.T.);
#17553 = ORIENTED_EDGE('',*,*,#11212,.T.);
#17554 = ORIENTED_EDGE('',*,*,#11114,.T.);
#17555 = ORIENTED_EDGE('',*,*,#11016,.T.);
#17556 = ORIENTED_EDGE('',*,*,#10918,.T.);
#17557 = ORIENTED_EDGE('',*,*,#10820,.T.);
#17558 = ORIENTED_EDGE('',*,*,#10722,.T.);
#17559 = ORIENTED_EDGE('',*,*,#10624,.T.);
#17560 = ORIENTED_EDGE('',*,*,#10526,.T.);
#17561 = ORIENTED_EDGE('',*,*,#10428,.T.);
#17562 = ADVANCED_FACE('',(#17563),#11598,.T.);
#17563 = FACE_BOUND('',#17564,.T.);
#17564 = EDGE_LOOP('',(#17565,#17566,#17567,#17568,#17569,#17570,#17571,
    #17572,#17573,#17574,#17575,#17576,#17577,#17578,#17579,#17580,
    #17581,#17582,#17583,#17584,#17585,#17586,#17587,#17588,#17589,
    #17590,#17591,#17592,#17593,#17594,#17595,#17596,#17597,#17598,
    #17599,#17600,#17601,#17602,#17603,#17604,#17605,#17606,#17607,
    #17608,#17609,#17610,#17611,#17612));
#17565 = ORIENTED_EDGE('',*,*,#11707,.T.);
#17566 = ORIENTED_EDGE('',*,*,#11582,.T.);
#17567 = ORIENTED_EDGE('',*,*,#11636,.T.);
#17568 = ORIENTED_EDGE('',*,*,#11734,.T.);
#17569 = ORIENTED_EDGE('',*,*,#11832,.T.);
#17570 = ORIENTED_EDGE('',*,*,#11930,.T.);
#17571 = ORIENTED_EDGE('',*,*,#12028,.T.);
#17572 = ORIENTED_EDGE('',*,*,#12126,.T.);
#17573 = ORIENTED_EDGE('',*,*,#12224,.T.);
#17574 = ORIENTED_EDGE('',*,*,#12322,.T.);
#17575 = ORIENTED_EDGE('',*,*,#12420,.T.);
#17576 = ORIENTED_EDGE('',*,*,#12518,.T.);
#17577 = ORIENTED_EDGE('',*,*,#12616,.T.);
#17578 = ORIENTED_EDGE('',*,*,#12714,.T.);
#17579 = ORIENTED_EDGE('',*,*,#12812,.T.);
#17580 = ORIENTED_EDGE('',*,*,#12910,.T.);
#17581 = ORIENTED_EDGE('',*,*,#13008,.T.);
#17582 = ORIENTED_EDGE('',*,*,#13106,.T.);
#17583 = ORIENTED_EDGE('',*,*,#13204,.T.);
#17584 = ORIENTED_EDGE('',*,*,#13302,.T.);
#17585 = ORIENTED_EDGE('',*,*,#13400,.T.);
#17586 = ORIENTED_EDGE('',*,*,#13498,.T.);
#17587 = ORIENTED_EDGE('',*,*,#13596,.T.);
#17588 = ORIENTED_EDGE('',*,*,#13694,.T.);
#17589 = ORIENTED_EDGE('',*,*,#13792,.T.);
#17590 = ORIENTED_EDGE('',*,*,#13890,.T.);
#17591 = ORIENTED_EDGE('',*,*,#13863,.T.);
#17592 = ORIENTED_EDGE('',*,*,#13765,.T.);
#17593 = ORIENTED_EDGE('',*,*,#13667,.T.);
#17594 = ORIENTED_EDGE('',*,*,#13569,.T.);
#17595 = ORIENTED_EDGE('',*,*,#13471,.T.);
#17596 = ORIENTED_EDGE('',*,*,#13373,.T.);
#17597 = ORIENTED_EDGE('',*,*,#13275,.T.);
#17598 = ORIENTED_EDGE('',*,*,#13177,.T.);
#17599 = ORIENTED_EDGE('',*,*,#13079,.T.);
#17600 = ORIENTED_EDGE('',*,*,#12981,.T.);
#17601 = ORIENTED_EDGE('',*,*,#12883,.T.);
#17602 = ORIENTED_EDGE('',*,*,#12785,.T.);
#17603 = ORIENTED_EDGE('',*,*,#12687,.T.);
#17604 = ORIENTED_EDGE('',*,*,#12589,.T.);
#17605 = ORIENTED_EDGE('',*,*,#12491,.T.);
#17606 = ORIENTED_EDGE('',*,*,#12393,.T.);
#17607 = ORIENTED_EDGE('',*,*,#12295,.T.);
#17608 = ORIENTED_EDGE('',*,*,#12197,.T.);
#17609 = ORIENTED_EDGE('',*,*,#12099,.T.);
#17610 = ORIENTED_EDGE('',*,*,#12001,.T.);
#17611 = ORIENTED_EDGE('',*,*,#11903,.T.);
#17612 = ORIENTED_EDGE('',*,*,#11805,.T.);
#17613 = ADVANCED_FACE('',(#17614),#13955,.T.);
#17614 = FACE_BOUND('',#17615,.T.);
#17615 = EDGE_LOOP('',(#17616,#17617,#17618,#17619,#17620,#17621,#17622,
    #17623,#17624,#17625,#17626,#17627));
#17616 = ORIENTED_EDGE('',*,*,#14064,.T.);
#17617 = ORIENTED_EDGE('',*,*,#13939,.T.);
#17618 = ORIENTED_EDGE('',*,*,#13993,.T.);
#17619 = ORIENTED_EDGE('',*,*,#14091,.T.);
#17620 = ORIENTED_EDGE('',*,*,#14189,.T.);
#17621 = ORIENTED_EDGE('',*,*,#14287,.T.);
#17622 = ORIENTED_EDGE('',*,*,#14385,.T.);
#17623 = ORIENTED_EDGE('',*,*,#14483,.T.);
#17624 = ORIENTED_EDGE('',*,*,#14456,.T.);
#17625 = ORIENTED_EDGE('',*,*,#14358,.T.);
#17626 = ORIENTED_EDGE('',*,*,#14260,.T.);
#17627 = ORIENTED_EDGE('',*,*,#14162,.T.);
#17628 = ADVANCED_FACE('',(#17629),#14548,.T.);
#17629 = FACE_BOUND('',#17630,.T.);
#17630 = EDGE_LOOP('',(#17631,#17632,#17633,#17634,#17635,#17636,#17637)
  );
#17631 = ORIENTED_EDGE('',*,*,#14657,.T.);
#17632 = ORIENTED_EDGE('',*,*,#14532,.T.);
#17633 = ORIENTED_EDGE('',*,*,#14586,.T.);
#17634 = ORIENTED_EDGE('',*,*,#14684,.T.);
#17635 = ORIENTED_EDGE('',*,*,#14782,.T.);
#17636 = ORIENTED_EDGE('',*,*,#14831,.T.);
#17637 = ORIENTED_EDGE('',*,*,#14755,.T.);
#17638 = ADVANCED_FACE('',(#17639),#15024,.T.);
#17639 = FACE_BOUND('',#17640,.T.);
#17640 = EDGE_LOOP('',(#17641,#17642,#17643,#17644,#17645,#17646,#17647,
    #17648,#17649,#17650,#17651,#17652,#17653,#17654,#17655,#17656,
    #17657,#17658,#17659,#17660,#17661,#17662,#17663,#17664,#17665,
    #17666,#17667,#17668));
#17641 = ORIENTED_EDGE('',*,*,#16336,.T.);
#17642 = ORIENTED_EDGE('',*,*,#15008,.T.);
#17643 = ORIENTED_EDGE('',*,*,#15062,.T.);
#17644 = ORIENTED_EDGE('',*,*,#15111,.T.);
#17645 = ORIENTED_EDGE('',*,*,#15160,.T.);
#17646 = ORIENTED_EDGE('',*,*,#15209,.T.);
#17647 = ORIENTED_EDGE('',*,*,#15258,.T.);
#17648 = ORIENTED_EDGE('',*,*,#15307,.T.);
#17649 = ORIENTED_EDGE('',*,*,#15356,.T.);
#17650 = ORIENTED_EDGE('',*,*,#15405,.T.);
#17651 = ORIENTED_EDGE('',*,*,#15454,.T.);
#17652 = ORIENTED_EDGE('',*,*,#15503,.T.);
#17653 = ORIENTED_EDGE('',*,*,#15552,.T.);
#17654 = ORIENTED_EDGE('',*,*,#15601,.T.);
#17655 = ORIENTED_EDGE('',*,*,#15650,.T.);
#17656 = ORIENTED_EDGE('',*,*,#15699,.T.);
#17657 = ORIENTED_EDGE('',*,*,#15748,.T.);
#17658 = ORIENTED_EDGE('',*,*,#15797,.T.);
#17659 = ORIENTED_EDGE('',*,*,#15846,.T.);
#17660 = ORIENTED_EDGE('',*,*,#15895,.T.);
#17661 = ORIENTED_EDGE('',*,*,#15944,.T.);
#17662 = ORIENTED_EDGE('',*,*,#15993,.T.);
#17663 = ORIENTED_EDGE('',*,*,#16042,.T.);
#17664 = ORIENTED_EDGE('',*,*,#16091,.T.);
#17665 = ORIENTED_EDGE('',*,*,#16140,.T.);
#17666 = ORIENTED_EDGE('',*,*,#16189,.T.);
#17667 = ORIENTED_EDGE('',*,*,#16238,.T.);
#17668 = ORIENTED_EDGE('',*,*,#16287,.T.);
#17669 = ADVANCED_FACE('',(#17670),#16401,.T.);
#17670 = FACE_BOUND('',#17671,.T.);
#17671 = EDGE_LOOP('',(#17672,#17673,#17674,#17675,#17676,#17677,#17678,
    #17679,#17680,#17681,#17682,#17683,#17684));
#17672 = ORIENTED_EDGE('',*,*,#16510,.T.);
#17673 = ORIENTED_EDGE('',*,*,#16385,.T.);
#17674 = ORIENTED_EDGE('',*,*,#16439,.T.);
#17675 = ORIENTED_EDGE('',*,*,#16537,.T.);
#17676 = ORIENTED_EDGE('',*,*,#16635,.T.);
#17677 = ORIENTED_EDGE('',*,*,#16733,.T.);
#17678 = ORIENTED_EDGE('',*,*,#16831,.T.);
#17679 = ORIENTED_EDGE('',*,*,#16929,.T.);
#17680 = ORIENTED_EDGE('',*,*,#16978,.T.);
#17681 = ORIENTED_EDGE('',*,*,#16902,.T.);
#17682 = ORIENTED_EDGE('',*,*,#16804,.T.);
#17683 = ORIENTED_EDGE('',*,*,#16706,.T.);
#17684 = ORIENTED_EDGE('',*,*,#16608,.T.);
#17685 = ( GEOMETRIC_REPRESENTATION_CONTEXT(3) 
GLOBAL_UNCERTAINTY_ASSIGNED_CONTEXT((#17689)) 
GLOBAL_UNIT_ASSIGNED_CONTEXT((#17686,#17687,#17688)) 
REPRESENTATION_CONTEXT('Context #1',
  '3D Context with UNIT and UNCERTAINTY') );
#17686 = ( LENGTH_UNIT() NAMED_UNIT(*) SI_UNIT(.MILLI.,.METRE.) );
#17687 = ( NAMED_UNIT(*) PLANE_ANGLE_UNIT() SI_UNIT($,.RADIAN.) );
#17688 = ( NAMED_UNIT(*) SI_UNIT($,.STERADIAN.) SOLID_ANGLE_UNIT() );
#17689 = UNCERTAINTY_MEASURE_WITH_UNIT(LENGTH_MEASURE(1.E-07),#17686,
  'distance_accuracy_value','confusion accuracy');
#17690 = PRODUCT_RELATED_PRODUCT_CATEGORY('part',$,(#7));
ENDSEC;
END-ISO-10303-21;
